"nu","vertical_value","region","hegemon_type","polygon_id","record_type"
0,4e-05,"No comparison: no PBE in pure ballot strategies","Low type","none_low_type","region_polygon"
0,0.00803984,"No comparison: no PBE in pure ballot strategies","Low type","none_low_type","region_polygon"
0,0.01603968,"No comparison: no PBE in pure ballot strategies","Low type","none_low_type","region_polygon"
0,0.02403952,"No comparison: no PBE in pure ballot strategies","Low type","none_low_type","region_polygon"
0,0.03203936,"No comparison: no PBE in pure ballot strategies","Low type","none_low_type","region_polygon"
0,0.0400392,"No comparison: no PBE in pure ballot strategies","Low type","none_low_type","region_polygon"
0,0.04803904,"No comparison: no PBE in pure ballot strategies","Low type","none_low_type","region_polygon"
0,0.05603888,"No comparison: no PBE in pure ballot strategies","Low type","none_low_type","region_polygon"
0,0.06403872,"No comparison: no PBE in pure ballot strategies","Low type","none_low_type","region_polygon"
0,0.07203856,"No comparison: no PBE in pure ballot strategies","Low type","none_low_type","region_polygon"
0,0.0800384,"No comparison: no PBE in pure ballot strategies","Low type","none_low_type","region_polygon"
0,0.08803824,"No comparison: no PBE in pure ballot strategies","Low type","none_low_type","region_polygon"
0,0.09603808,"No comparison: no PBE in pure ballot strategies","Low type","none_low_type","region_polygon"
0,0.10403792,"No comparison: no PBE in pure ballot strategies","Low type","none_low_type","region_polygon"
0,0.11203776,"No comparison: no PBE in pure ballot strategies","Low type","none_low_type","region_polygon"
0,0.1200376,"No comparison: no PBE in pure ballot strategies","Low type","none_low_type","region_polygon"
0,0.12803744,"No comparison: no PBE in pure ballot strategies","Low type","none_low_type","region_polygon"
0,0.13603728,"No comparison: no PBE in pure ballot strategies","Low type","none_low_type","region_polygon"
0,0.14403712,"No comparison: no PBE in pure ballot strategies","Low type","none_low_type","region_polygon"
0,0.15203696,"No comparison: no PBE in pure ballot strategies","Low type","none_low_type","region_polygon"
0,0.1600368,"No comparison: no PBE in pure ballot strategies","Low type","none_low_type","region_polygon"
0,0.16803664,"No comparison: no PBE in pure ballot strategies","Low type","none_low_type","region_polygon"
0,0.17603648,"No comparison: no PBE in pure ballot strategies","Low type","none_low_type","region_polygon"
0,0.18403632,"No comparison: no PBE in pure ballot strategies","Low type","none_low_type","region_polygon"
0,0.19203616,"No comparison: no PBE in pure ballot strategies","Low type","none_low_type","region_polygon"
0,0.200036,"No comparison: no PBE in pure ballot strategies","Low type","none_low_type","region_polygon"
0,0.20803584,"No comparison: no PBE in pure ballot strategies","Low type","none_low_type","region_polygon"
0,0.21603568,"No comparison: no PBE in pure ballot strategies","Low type","none_low_type","region_polygon"
0,0.22403552,"No comparison: no PBE in pure ballot strategies","Low type","none_low_type","region_polygon"
0,0.23203536,"No comparison: no PBE in pure ballot strategies","Low type","none_low_type","region_polygon"
0,0.2400352,"No comparison: no PBE in pure ballot strategies","Low type","none_low_type","region_polygon"
0,0.24803504,"No comparison: no PBE in pure ballot strategies","Low type","none_low_type","region_polygon"
0,0.25603488,"No comparison: no PBE in pure ballot strategies","Low type","none_low_type","region_polygon"
0,0.26403472,"No comparison: no PBE in pure ballot strategies","Low type","none_low_type","region_polygon"
0,0.27203456,"No comparison: no PBE in pure ballot strategies","Low type","none_low_type","region_polygon"
0,0.2800344,"No comparison: no PBE in pure ballot strategies","Low type","none_low_type","region_polygon"
0,0.28803424,"No comparison: no PBE in pure ballot strategies","Low type","none_low_type","region_polygon"
0,0.29603408,"No comparison: no PBE in pure ballot strategies","Low type","none_low_type","region_polygon"
0,0.30403392,"No comparison: no PBE in pure ballot strategies","Low type","none_low_type","region_polygon"
0,0.31203376,"No comparison: no PBE in pure ballot strategies","Low type","none_low_type","region_polygon"
0,0.3200336,"No comparison: no PBE in pure ballot strategies","Low type","none_low_type","region_polygon"
0,0.32803344,"No comparison: no PBE in pure ballot strategies","Low type","none_low_type","region_polygon"
0,0.33603328,"No comparison: no PBE in pure ballot strategies","Low type","none_low_type","region_polygon"
0,0.34403312,"No comparison: no PBE in pure ballot strategies","Low type","none_low_type","region_polygon"
0,0.35203296,"No comparison: no PBE in pure ballot strategies","Low type","none_low_type","region_polygon"
0,0.3600328,"No comparison: no PBE in pure ballot strategies","Low type","none_low_type","region_polygon"
0,0.36803264,"No comparison: no PBE in pure ballot strategies","Low type","none_low_type","region_polygon"
0,0.37603248,"No comparison: no PBE in pure ballot strategies","Low type","none_low_type","region_polygon"
0,0.38403232,"No comparison: no PBE in pure ballot strategies","Low type","none_low_type","region_polygon"
0,0.39203216,"No comparison: no PBE in pure ballot strategies","Low type","none_low_type","region_polygon"
0,0.400032,"No comparison: no PBE in pure ballot strategies","Low type","none_low_type","region_polygon"
0,0.40803184,"No comparison: no PBE in pure ballot strategies","Low type","none_low_type","region_polygon"
0,0.41603168,"No comparison: no PBE in pure ballot strategies","Low type","none_low_type","region_polygon"
0,0.42403152,"No comparison: no PBE in pure ballot strategies","Low type","none_low_type","region_polygon"
0,0.43203136,"No comparison: no PBE in pure ballot strategies","Low type","none_low_type","region_polygon"
0,0.4400312,"No comparison: no PBE in pure ballot strategies","Low type","none_low_type","region_polygon"
0,0.44803104,"No comparison: no PBE in pure ballot strategies","Low type","none_low_type","region_polygon"
0,0.45603088,"No comparison: no PBE in pure ballot strategies","Low type","none_low_type","region_polygon"
0,0.46403072,"No comparison: no PBE in pure ballot strategies","Low type","none_low_type","region_polygon"
0,0.47203056,"No comparison: no PBE in pure ballot strategies","Low type","none_low_type","region_polygon"
0,0.4800304,"No comparison: no PBE in pure ballot strategies","Low type","none_low_type","region_polygon"
0,0.48803024,"No comparison: no PBE in pure ballot strategies","Low type","none_low_type","region_polygon"
0,0.49603008,"No comparison: no PBE in pure ballot strategies","Low type","none_low_type","region_polygon"
0,0.50402992,"No comparison: no PBE in pure ballot strategies","Low type","none_low_type","region_polygon"
0,0.51202976,"No comparison: no PBE in pure ballot strategies","Low type","none_low_type","region_polygon"
0,0.5200296,"No comparison: no PBE in pure ballot strategies","Low type","none_low_type","region_polygon"
0,0.52802944,"No comparison: no PBE in pure ballot strategies","Low type","none_low_type","region_polygon"
0,0.53602928,"No comparison: no PBE in pure ballot strategies","Low type","none_low_type","region_polygon"
0,0.54402912,"No comparison: no PBE in pure ballot strategies","Low type","none_low_type","region_polygon"
0,0.55202896,"No comparison: no PBE in pure ballot strategies","Low type","none_low_type","region_polygon"
0,0.5600288,"No comparison: no PBE in pure ballot strategies","Low type","none_low_type","region_polygon"
0,0.56802864,"No comparison: no PBE in pure ballot strategies","Low type","none_low_type","region_polygon"
0,0.57602848,"No comparison: no PBE in pure ballot strategies","Low type","none_low_type","region_polygon"
0,0.58402832,"No comparison: no PBE in pure ballot strategies","Low type","none_low_type","region_polygon"
0,0.59202816,"No comparison: no PBE in pure ballot strategies","Low type","none_low_type","region_polygon"
0,0.600028,"No comparison: no PBE in pure ballot strategies","Low type","none_low_type","region_polygon"
0,0.60802784,"No comparison: no PBE in pure ballot strategies","Low type","none_low_type","region_polygon"
0,0.61602768,"No comparison: no PBE in pure ballot strategies","Low type","none_low_type","region_polygon"
0,0.62402752,"No comparison: no PBE in pure ballot strategies","Low type","none_low_type","region_polygon"
0,0.63202736,"No comparison: no PBE in pure ballot strategies","Low type","none_low_type","region_polygon"
0,0.6400272,"No comparison: no PBE in pure ballot strategies","Low type","none_low_type","region_polygon"
0,0.64802704,"No comparison: no PBE in pure ballot strategies","Low type","none_low_type","region_polygon"
0,0.65602688,"No comparison: no PBE in pure ballot strategies","Low type","none_low_type","region_polygon"
0,0.66402672,"No comparison: no PBE in pure ballot strategies","Low type","none_low_type","region_polygon"
0,0.67202656,"No comparison: no PBE in pure ballot strategies","Low type","none_low_type","region_polygon"
0,0.6800264,"No comparison: no PBE in pure ballot strategies","Low type","none_low_type","region_polygon"
0,0.68802624,"No comparison: no PBE in pure ballot strategies","Low type","none_low_type","region_polygon"
0,0.69602608,"No comparison: no PBE in pure ballot strategies","Low type","none_low_type","region_polygon"
0,0.70402592,"No comparison: no PBE in pure ballot strategies","Low type","none_low_type","region_polygon"
0,0.71202576,"No comparison: no PBE in pure ballot strategies","Low type","none_low_type","region_polygon"
0,0.7200256,"No comparison: no PBE in pure ballot strategies","Low type","none_low_type","region_polygon"
0,0.72802544,"No comparison: no PBE in pure ballot strategies","Low type","none_low_type","region_polygon"
0,0.73602528,"No comparison: no PBE in pure ballot strategies","Low type","none_low_type","region_polygon"
0,0.74402512,"No comparison: no PBE in pure ballot strategies","Low type","none_low_type","region_polygon"
0,0.75202496,"No comparison: no PBE in pure ballot strategies","Low type","none_low_type","region_polygon"
0,0.7600248,"No comparison: no PBE in pure ballot strategies","Low type","none_low_type","region_polygon"
0,0.76802464,"No comparison: no PBE in pure ballot strategies","Low type","none_low_type","region_polygon"
0,0.77602448,"No comparison: no PBE in pure ballot strategies","Low type","none_low_type","region_polygon"
0,0.78402432,"No comparison: no PBE in pure ballot strategies","Low type","none_low_type","region_polygon"
0,0.79202416,"No comparison: no PBE in pure ballot strategies","Low type","none_low_type","region_polygon"
0,0.800024,"No comparison: no PBE in pure ballot strategies","Low type","none_low_type","region_polygon"
0,0.80802384,"No comparison: no PBE in pure ballot strategies","Low type","none_low_type","region_polygon"
0,0.81602368,"No comparison: no PBE in pure ballot strategies","Low type","none_low_type","region_polygon"
0,0.82402352,"No comparison: no PBE in pure ballot strategies","Low type","none_low_type","region_polygon"
0,0.83202336,"No comparison: no PBE in pure ballot strategies","Low type","none_low_type","region_polygon"
0,0.8400232,"No comparison: no PBE in pure ballot strategies","Low type","none_low_type","region_polygon"
0,0.84802304,"No comparison: no PBE in pure ballot strategies","Low type","none_low_type","region_polygon"
0,0.85602288,"No comparison: no PBE in pure ballot strategies","Low type","none_low_type","region_polygon"
0,0.86402272,"No comparison: no PBE in pure ballot strategies","Low type","none_low_type","region_polygon"
0,0.87202256,"No comparison: no PBE in pure ballot strategies","Low type","none_low_type","region_polygon"
0,0.8800224,"No comparison: no PBE in pure ballot strategies","Low type","none_low_type","region_polygon"
0,0.88802224,"No comparison: no PBE in pure ballot strategies","Low type","none_low_type","region_polygon"
0,0.89602208,"No comparison: no PBE in pure ballot strategies","Low type","none_low_type","region_polygon"
0,0.90402192,"No comparison: no PBE in pure ballot strategies","Low type","none_low_type","region_polygon"
0,0.91202176,"No comparison: no PBE in pure ballot strategies","Low type","none_low_type","region_polygon"
0,0.9200216,"No comparison: no PBE in pure ballot strategies","Low type","none_low_type","region_polygon"
0,0.92802144,"No comparison: no PBE in pure ballot strategies","Low type","none_low_type","region_polygon"
0,0.93602128,"No comparison: no PBE in pure ballot strategies","Low type","none_low_type","region_polygon"
0,0.94402112,"No comparison: no PBE in pure ballot strategies","Low type","none_low_type","region_polygon"
0,0.95202096,"No comparison: no PBE in pure ballot strategies","Low type","none_low_type","region_polygon"
0,0.9600208,"No comparison: no PBE in pure ballot strategies","Low type","none_low_type","region_polygon"
0,0.96802064,"No comparison: no PBE in pure ballot strategies","Low type","none_low_type","region_polygon"
0,0.97602048,"No comparison: no PBE in pure ballot strategies","Low type","none_low_type","region_polygon"
0,0.98402032,"No comparison: no PBE in pure ballot strategies","Low type","none_low_type","region_polygon"
0,0.99202016,"No comparison: no PBE in pure ballot strategies","Low type","none_low_type","region_polygon"
0,1.00002,"No comparison: no PBE in pure ballot strategies","Low type","none_low_type","region_polygon"
0,1.00801984,"No comparison: no PBE in pure ballot strategies","Low type","none_low_type","region_polygon"
0,1.01601968,"No comparison: no PBE in pure ballot strategies","Low type","none_low_type","region_polygon"
0,1.02401952,"No comparison: no PBE in pure ballot strategies","Low type","none_low_type","region_polygon"
0,1.03201936,"No comparison: no PBE in pure ballot strategies","Low type","none_low_type","region_polygon"
0,1.0400192,"No comparison: no PBE in pure ballot strategies","Low type","none_low_type","region_polygon"
0,1.04801904,"No comparison: no PBE in pure ballot strategies","Low type","none_low_type","region_polygon"
0,1.05601888,"No comparison: no PBE in pure ballot strategies","Low type","none_low_type","region_polygon"
0,1.06401872,"No comparison: no PBE in pure ballot strategies","Low type","none_low_type","region_polygon"
0,1.07201856,"No comparison: no PBE in pure ballot strategies","Low type","none_low_type","region_polygon"
0,1.0800184,"No comparison: no PBE in pure ballot strategies","Low type","none_low_type","region_polygon"
0,1.08801824,"No comparison: no PBE in pure ballot strategies","Low type","none_low_type","region_polygon"
0,1.09601808,"No comparison: no PBE in pure ballot strategies","Low type","none_low_type","region_polygon"
0,1.10401792,"No comparison: no PBE in pure ballot strategies","Low type","none_low_type","region_polygon"
0,1.11201776,"No comparison: no PBE in pure ballot strategies","Low type","none_low_type","region_polygon"
0,1.1200176,"No comparison: no PBE in pure ballot strategies","Low type","none_low_type","region_polygon"
0,1.12801744,"No comparison: no PBE in pure ballot strategies","Low type","none_low_type","region_polygon"
0,1.13601728,"No comparison: no PBE in pure ballot strategies","Low type","none_low_type","region_polygon"
0,1.14401712,"No comparison: no PBE in pure ballot strategies","Low type","none_low_type","region_polygon"
0,1.15201696,"No comparison: no PBE in pure ballot strategies","Low type","none_low_type","region_polygon"
0,1.1600168,"No comparison: no PBE in pure ballot strategies","Low type","none_low_type","region_polygon"
0,1.16801664,"No comparison: no PBE in pure ballot strategies","Low type","none_low_type","region_polygon"
0,1.17601648,"No comparison: no PBE in pure ballot strategies","Low type","none_low_type","region_polygon"
0,1.18401632,"No comparison: no PBE in pure ballot strategies","Low type","none_low_type","region_polygon"
0,1.19201616,"No comparison: no PBE in pure ballot strategies","Low type","none_low_type","region_polygon"
0,1.200016,"No comparison: no PBE in pure ballot strategies","Low type","none_low_type","region_polygon"
0,1.20801584,"No comparison: no PBE in pure ballot strategies","Low type","none_low_type","region_polygon"
0,1.21601568,"No comparison: no PBE in pure ballot strategies","Low type","none_low_type","region_polygon"
0,1.22401552,"No comparison: no PBE in pure ballot strategies","Low type","none_low_type","region_polygon"
0,1.23201536,"No comparison: no PBE in pure ballot strategies","Low type","none_low_type","region_polygon"
0,1.2400152,"No comparison: no PBE in pure ballot strategies","Low type","none_low_type","region_polygon"
0,1.24801504,"No comparison: no PBE in pure ballot strategies","Low type","none_low_type","region_polygon"
0,1.25601488,"No comparison: no PBE in pure ballot strategies","Low type","none_low_type","region_polygon"
0,1.26401472,"No comparison: no PBE in pure ballot strategies","Low type","none_low_type","region_polygon"
0,1.27201456,"No comparison: no PBE in pure ballot strategies","Low type","none_low_type","region_polygon"
0,1.2800144,"No comparison: no PBE in pure ballot strategies","Low type","none_low_type","region_polygon"
0,1.28801424,"No comparison: no PBE in pure ballot strategies","Low type","none_low_type","region_polygon"
0,1.29601408,"No comparison: no PBE in pure ballot strategies","Low type","none_low_type","region_polygon"
0,1.30401392,"No comparison: no PBE in pure ballot strategies","Low type","none_low_type","region_polygon"
0,1.31201376,"No comparison: no PBE in pure ballot strategies","Low type","none_low_type","region_polygon"
0,1.3200136,"No comparison: no PBE in pure ballot strategies","Low type","none_low_type","region_polygon"
0,1.32801344,"No comparison: no PBE in pure ballot strategies","Low type","none_low_type","region_polygon"
0,1.33601328,"No comparison: no PBE in pure ballot strategies","Low type","none_low_type","region_polygon"
0,1.34401312,"No comparison: no PBE in pure ballot strategies","Low type","none_low_type","region_polygon"
0,1.35201296,"No comparison: no PBE in pure ballot strategies","Low type","none_low_type","region_polygon"
0,1.3600128,"No comparison: no PBE in pure ballot strategies","Low type","none_low_type","region_polygon"
0,1.36801264,"No comparison: no PBE in pure ballot strategies","Low type","none_low_type","region_polygon"
0,1.37601248,"No comparison: no PBE in pure ballot strategies","Low type","none_low_type","region_polygon"
0,1.38401232,"No comparison: no PBE in pure ballot strategies","Low type","none_low_type","region_polygon"
0,1.39201216,"No comparison: no PBE in pure ballot strategies","Low type","none_low_type","region_polygon"
0,1.400012,"No comparison: no PBE in pure ballot strategies","Low type","none_low_type","region_polygon"
0,1.40801184,"No comparison: no PBE in pure ballot strategies","Low type","none_low_type","region_polygon"
0,1.41601168,"No comparison: no PBE in pure ballot strategies","Low type","none_low_type","region_polygon"
0,1.42401152,"No comparison: no PBE in pure ballot strategies","Low type","none_low_type","region_polygon"
0,1.43201136,"No comparison: no PBE in pure ballot strategies","Low type","none_low_type","region_polygon"
0,1.4400112,"No comparison: no PBE in pure ballot strategies","Low type","none_low_type","region_polygon"
0,1.44801104,"No comparison: no PBE in pure ballot strategies","Low type","none_low_type","region_polygon"
0,1.45601088,"No comparison: no PBE in pure ballot strategies","Low type","none_low_type","region_polygon"
0,1.46401072,"No comparison: no PBE in pure ballot strategies","Low type","none_low_type","region_polygon"
0,1.47201056,"No comparison: no PBE in pure ballot strategies","Low type","none_low_type","region_polygon"
0,1.4800104,"No comparison: no PBE in pure ballot strategies","Low type","none_low_type","region_polygon"
0,1.48801024,"No comparison: no PBE in pure ballot strategies","Low type","none_low_type","region_polygon"
0,1.49601008,"No comparison: no PBE in pure ballot strategies","Low type","none_low_type","region_polygon"
0,1.50400992,"No comparison: no PBE in pure ballot strategies","Low type","none_low_type","region_polygon"
0,1.51200976,"No comparison: no PBE in pure ballot strategies","Low type","none_low_type","region_polygon"
0,1.5200096,"No comparison: no PBE in pure ballot strategies","Low type","none_low_type","region_polygon"
0,1.52800944,"No comparison: no PBE in pure ballot strategies","Low type","none_low_type","region_polygon"
0,1.53600928,"No comparison: no PBE in pure ballot strategies","Low type","none_low_type","region_polygon"
0,1.54400912,"No comparison: no PBE in pure ballot strategies","Low type","none_low_type","region_polygon"
0,1.55200896,"No comparison: no PBE in pure ballot strategies","Low type","none_low_type","region_polygon"
0,1.5600088,"No comparison: no PBE in pure ballot strategies","Low type","none_low_type","region_polygon"
0,1.56800864,"No comparison: no PBE in pure ballot strategies","Low type","none_low_type","region_polygon"
0,1.57600848,"No comparison: no PBE in pure ballot strategies","Low type","none_low_type","region_polygon"
0,1.58400832,"No comparison: no PBE in pure ballot strategies","Low type","none_low_type","region_polygon"
0,1.59200816,"No comparison: no PBE in pure ballot strategies","Low type","none_low_type","region_polygon"
0,1.600008,"No comparison: no PBE in pure ballot strategies","Low type","none_low_type","region_polygon"
0,1.60800784,"No comparison: no PBE in pure ballot strategies","Low type","none_low_type","region_polygon"
0,1.61600768,"No comparison: no PBE in pure ballot strategies","Low type","none_low_type","region_polygon"
0,1.62400752,"No comparison: no PBE in pure ballot strategies","Low type","none_low_type","region_polygon"
0,1.63200736,"No comparison: no PBE in pure ballot strategies","Low type","none_low_type","region_polygon"
0,1.6400072,"No comparison: no PBE in pure ballot strategies","Low type","none_low_type","region_polygon"
0,1.64800704,"No comparison: no PBE in pure ballot strategies","Low type","none_low_type","region_polygon"
0,1.65600688,"No comparison: no PBE in pure ballot strategies","Low type","none_low_type","region_polygon"
0,1.66400672,"No comparison: no PBE in pure ballot strategies","Low type","none_low_type","region_polygon"
0,1.67200656,"No comparison: no PBE in pure ballot strategies","Low type","none_low_type","region_polygon"
0,1.6800064,"No comparison: no PBE in pure ballot strategies","Low type","none_low_type","region_polygon"
0,1.68800624,"No comparison: no PBE in pure ballot strategies","Low type","none_low_type","region_polygon"
0,1.69600608,"No comparison: no PBE in pure ballot strategies","Low type","none_low_type","region_polygon"
0,1.70400592,"No comparison: no PBE in pure ballot strategies","Low type","none_low_type","region_polygon"
0,1.71200576,"No comparison: no PBE in pure ballot strategies","Low type","none_low_type","region_polygon"
0,1.7200056,"No comparison: no PBE in pure ballot strategies","Low type","none_low_type","region_polygon"
0,1.72800544,"No comparison: no PBE in pure ballot strategies","Low type","none_low_type","region_polygon"
0,1.73600528,"No comparison: no PBE in pure ballot strategies","Low type","none_low_type","region_polygon"
0,1.74400512,"No comparison: no PBE in pure ballot strategies","Low type","none_low_type","region_polygon"
0,1.75200496,"No comparison: no PBE in pure ballot strategies","Low type","none_low_type","region_polygon"
0,1.7600048,"No comparison: no PBE in pure ballot strategies","Low type","none_low_type","region_polygon"
0,1.76800464,"No comparison: no PBE in pure ballot strategies","Low type","none_low_type","region_polygon"
0,1.77600448,"No comparison: no PBE in pure ballot strategies","Low type","none_low_type","region_polygon"
0,1.78400432,"No comparison: no PBE in pure ballot strategies","Low type","none_low_type","region_polygon"
0,1.79200416,"No comparison: no PBE in pure ballot strategies","Low type","none_low_type","region_polygon"
0,1.800004,"No comparison: no PBE in pure ballot strategies","Low type","none_low_type","region_polygon"
0,1.80800384,"No comparison: no PBE in pure ballot strategies","Low type","none_low_type","region_polygon"
0,1.81600368,"No comparison: no PBE in pure ballot strategies","Low type","none_low_type","region_polygon"
0,1.82400352,"No comparison: no PBE in pure ballot strategies","Low type","none_low_type","region_polygon"
0,1.83200336,"No comparison: no PBE in pure ballot strategies","Low type","none_low_type","region_polygon"
0,1.8400032,"No comparison: no PBE in pure ballot strategies","Low type","none_low_type","region_polygon"
0,1.84800304,"No comparison: no PBE in pure ballot strategies","Low type","none_low_type","region_polygon"
0,1.85600288,"No comparison: no PBE in pure ballot strategies","Low type","none_low_type","region_polygon"
0,1.86400272,"No comparison: no PBE in pure ballot strategies","Low type","none_low_type","region_polygon"
0,1.87200256,"No comparison: no PBE in pure ballot strategies","Low type","none_low_type","region_polygon"
0,1.8800024,"No comparison: no PBE in pure ballot strategies","Low type","none_low_type","region_polygon"
0,1.88800224,"No comparison: no PBE in pure ballot strategies","Low type","none_low_type","region_polygon"
0,1.89600208,"No comparison: no PBE in pure ballot strategies","Low type","none_low_type","region_polygon"
0,1.90400192,"No comparison: no PBE in pure ballot strategies","Low type","none_low_type","region_polygon"
0,1.91200176,"No comparison: no PBE in pure ballot strategies","Low type","none_low_type","region_polygon"
0,1.9200016,"No comparison: no PBE in pure ballot strategies","Low type","none_low_type","region_polygon"
0,1.92800144,"No comparison: no PBE in pure ballot strategies","Low type","none_low_type","region_polygon"
0,1.93600128,"No comparison: no PBE in pure ballot strategies","Low type","none_low_type","region_polygon"
0,1.94400112,"No comparison: no PBE in pure ballot strategies","Low type","none_low_type","region_polygon"
0,1.95200096,"No comparison: no PBE in pure ballot strategies","Low type","none_low_type","region_polygon"
0,1.9600008,"No comparison: no PBE in pure ballot strategies","Low type","none_low_type","region_polygon"
0,1.96800064,"No comparison: no PBE in pure ballot strategies","Low type","none_low_type","region_polygon"
0,1.97600048,"No comparison: no PBE in pure ballot strategies","Low type","none_low_type","region_polygon"
0,1.98400032,"No comparison: no PBE in pure ballot strategies","Low type","none_low_type","region_polygon"
0,1.99200016,"No comparison: no PBE in pure ballot strategies","Low type","none_low_type","region_polygon"
0,2,"No comparison: no PBE in pure ballot strategies","Low type","none_low_type","region_polygon"
0,2.00799984,"No comparison: no PBE in pure ballot strategies","Low type","none_low_type","region_polygon"
0,2.01599968,"No comparison: no PBE in pure ballot strategies","Low type","none_low_type","region_polygon"
0,2.02399952,"No comparison: no PBE in pure ballot strategies","Low type","none_low_type","region_polygon"
0,2.03199936,"No comparison: no PBE in pure ballot strategies","Low type","none_low_type","region_polygon"
0,2.0399992,"No comparison: no PBE in pure ballot strategies","Low type","none_low_type","region_polygon"
0,2.04799904,"No comparison: no PBE in pure ballot strategies","Low type","none_low_type","region_polygon"
0,2.05599888,"No comparison: no PBE in pure ballot strategies","Low type","none_low_type","region_polygon"
0,2.06399872,"No comparison: no PBE in pure ballot strategies","Low type","none_low_type","region_polygon"
0,2.07199856,"No comparison: no PBE in pure ballot strategies","Low type","none_low_type","region_polygon"
0,2.0799984,"No comparison: no PBE in pure ballot strategies","Low type","none_low_type","region_polygon"
0,2.08799824,"No comparison: no PBE in pure ballot strategies","Low type","none_low_type","region_polygon"
0,2.09599808,"No comparison: no PBE in pure ballot strategies","Low type","none_low_type","region_polygon"
0,2.10399792,"No comparison: no PBE in pure ballot strategies","Low type","none_low_type","region_polygon"
0,2.11199776,"No comparison: no PBE in pure ballot strategies","Low type","none_low_type","region_polygon"
0,2.1199976,"No comparison: no PBE in pure ballot strategies","Low type","none_low_type","region_polygon"
0,2.12799744,"No comparison: no PBE in pure ballot strategies","Low type","none_low_type","region_polygon"
0,2.13599728,"No comparison: no PBE in pure ballot strategies","Low type","none_low_type","region_polygon"
0,2.14399712,"No comparison: no PBE in pure ballot strategies","Low type","none_low_type","region_polygon"
0,2.15199696,"No comparison: no PBE in pure ballot strategies","Low type","none_low_type","region_polygon"
0,2.1599968,"No comparison: no PBE in pure ballot strategies","Low type","none_low_type","region_polygon"
0,2.16799664,"No comparison: no PBE in pure ballot strategies","Low type","none_low_type","region_polygon"
0,2.17599648,"No comparison: no PBE in pure ballot strategies","Low type","none_low_type","region_polygon"
0,2.18399632,"No comparison: no PBE in pure ballot strategies","Low type","none_low_type","region_polygon"
0,2.19199616,"No comparison: no PBE in pure ballot strategies","Low type","none_low_type","region_polygon"
0,2.199996,"No comparison: no PBE in pure ballot strategies","Low type","none_low_type","region_polygon"
0,2.20799584,"No comparison: no PBE in pure ballot strategies","Low type","none_low_type","region_polygon"
0,2.21599568,"No comparison: no PBE in pure ballot strategies","Low type","none_low_type","region_polygon"
0,2.22399552,"No comparison: no PBE in pure ballot strategies","Low type","none_low_type","region_polygon"
0,2.23199536,"No comparison: no PBE in pure ballot strategies","Low type","none_low_type","region_polygon"
0,2.2399952,"No comparison: no PBE in pure ballot strategies","Low type","none_low_type","region_polygon"
0,2.24799504,"No comparison: no PBE in pure ballot strategies","Low type","none_low_type","region_polygon"
0,2.25599488,"No comparison: no PBE in pure ballot strategies","Low type","none_low_type","region_polygon"
0,2.26399472,"No comparison: no PBE in pure ballot strategies","Low type","none_low_type","region_polygon"
0,2.27199456,"No comparison: no PBE in pure ballot strategies","Low type","none_low_type","region_polygon"
0,2.2799944,"No comparison: no PBE in pure ballot strategies","Low type","none_low_type","region_polygon"
0,2.28799424,"No comparison: no PBE in pure ballot strategies","Low type","none_low_type","region_polygon"
0,2.29599408,"No comparison: no PBE in pure ballot strategies","Low type","none_low_type","region_polygon"
0,2.30399392,"No comparison: no PBE in pure ballot strategies","Low type","none_low_type","region_polygon"
0,2.31199376,"No comparison: no PBE in pure ballot strategies","Low type","none_low_type","region_polygon"
0,2.3199936,"No comparison: no PBE in pure ballot strategies","Low type","none_low_type","region_polygon"
0,2.32799344,"No comparison: no PBE in pure ballot strategies","Low type","none_low_type","region_polygon"
0,2.33599328,"No comparison: no PBE in pure ballot strategies","Low type","none_low_type","region_polygon"
0,2.34399312,"No comparison: no PBE in pure ballot strategies","Low type","none_low_type","region_polygon"
0,2.35199296,"No comparison: no PBE in pure ballot strategies","Low type","none_low_type","region_polygon"
0,2.3599928,"No comparison: no PBE in pure ballot strategies","Low type","none_low_type","region_polygon"
0,2.36799264,"No comparison: no PBE in pure ballot strategies","Low type","none_low_type","region_polygon"
0,2.37599248,"No comparison: no PBE in pure ballot strategies","Low type","none_low_type","region_polygon"
0,2.38399232,"No comparison: no PBE in pure ballot strategies","Low type","none_low_type","region_polygon"
0,2.39199216,"No comparison: no PBE in pure ballot strategies","Low type","none_low_type","region_polygon"
0,2.399992,"No comparison: no PBE in pure ballot strategies","Low type","none_low_type","region_polygon"
0,2.40799184,"No comparison: no PBE in pure ballot strategies","Low type","none_low_type","region_polygon"
0,2.41599168,"No comparison: no PBE in pure ballot strategies","Low type","none_low_type","region_polygon"
0,2.42399152,"No comparison: no PBE in pure ballot strategies","Low type","none_low_type","region_polygon"
0,2.43199136,"No comparison: no PBE in pure ballot strategies","Low type","none_low_type","region_polygon"
0,2.4399912,"No comparison: no PBE in pure ballot strategies","Low type","none_low_type","region_polygon"
0,2.44799104,"No comparison: no PBE in pure ballot strategies","Low type","none_low_type","region_polygon"
0,2.45599088,"No comparison: no PBE in pure ballot strategies","Low type","none_low_type","region_polygon"
0,2.46399072,"No comparison: no PBE in pure ballot strategies","Low type","none_low_type","region_polygon"
0,2.47199056,"No comparison: no PBE in pure ballot strategies","Low type","none_low_type","region_polygon"
0,2.4799904,"No comparison: no PBE in pure ballot strategies","Low type","none_low_type","region_polygon"
0,2.48799024,"No comparison: no PBE in pure ballot strategies","Low type","none_low_type","region_polygon"
0,2.49599008,"No comparison: no PBE in pure ballot strategies","Low type","none_low_type","region_polygon"
0,2.50398992,"No comparison: no PBE in pure ballot strategies","Low type","none_low_type","region_polygon"
0,2.51198976,"No comparison: no PBE in pure ballot strategies","Low type","none_low_type","region_polygon"
0,2.5199896,"No comparison: no PBE in pure ballot strategies","Low type","none_low_type","region_polygon"
0,2.52798944,"No comparison: no PBE in pure ballot strategies","Low type","none_low_type","region_polygon"
0,2.53598928,"No comparison: no PBE in pure ballot strategies","Low type","none_low_type","region_polygon"
0,2.54398912,"No comparison: no PBE in pure ballot strategies","Low type","none_low_type","region_polygon"
0,2.55198896,"No comparison: no PBE in pure ballot strategies","Low type","none_low_type","region_polygon"
0,2.5599888,"No comparison: no PBE in pure ballot strategies","Low type","none_low_type","region_polygon"
0,2.56798864,"No comparison: no PBE in pure ballot strategies","Low type","none_low_type","region_polygon"
0,2.57598848,"No comparison: no PBE in pure ballot strategies","Low type","none_low_type","region_polygon"
0,2.58398832,"No comparison: no PBE in pure ballot strategies","Low type","none_low_type","region_polygon"
0,2.59198816,"No comparison: no PBE in pure ballot strategies","Low type","none_low_type","region_polygon"
0,2.599988,"No comparison: no PBE in pure ballot strategies","Low type","none_low_type","region_polygon"
0,2.60798784,"No comparison: no PBE in pure ballot strategies","Low type","none_low_type","region_polygon"
0,2.61598768,"No comparison: no PBE in pure ballot strategies","Low type","none_low_type","region_polygon"
0,2.62398752,"No comparison: no PBE in pure ballot strategies","Low type","none_low_type","region_polygon"
0,2.63198736,"No comparison: no PBE in pure ballot strategies","Low type","none_low_type","region_polygon"
0,2.6399872,"No comparison: no PBE in pure ballot strategies","Low type","none_low_type","region_polygon"
0,2.64798704,"No comparison: no PBE in pure ballot strategies","Low type","none_low_type","region_polygon"
0,2.65598688,"No comparison: no PBE in pure ballot strategies","Low type","none_low_type","region_polygon"
0,2.66398672,"No comparison: no PBE in pure ballot strategies","Low type","none_low_type","region_polygon"
0,2.67198656,"No comparison: no PBE in pure ballot strategies","Low type","none_low_type","region_polygon"
0,2.6799864,"No comparison: no PBE in pure ballot strategies","Low type","none_low_type","region_polygon"
0,2.68798624,"No comparison: no PBE in pure ballot strategies","Low type","none_low_type","region_polygon"
0,2.69598608,"No comparison: no PBE in pure ballot strategies","Low type","none_low_type","region_polygon"
0,2.70398592,"No comparison: no PBE in pure ballot strategies","Low type","none_low_type","region_polygon"
0,2.71198576,"No comparison: no PBE in pure ballot strategies","Low type","none_low_type","region_polygon"
0,2.7199856,"No comparison: no PBE in pure ballot strategies","Low type","none_low_type","region_polygon"
0,2.72798544,"No comparison: no PBE in pure ballot strategies","Low type","none_low_type","region_polygon"
0,2.73598528,"No comparison: no PBE in pure ballot strategies","Low type","none_low_type","region_polygon"
0,2.74398512,"No comparison: no PBE in pure ballot strategies","Low type","none_low_type","region_polygon"
0,2.75198496,"No comparison: no PBE in pure ballot strategies","Low type","none_low_type","region_polygon"
0,2.7599848,"No comparison: no PBE in pure ballot strategies","Low type","none_low_type","region_polygon"
0,2.76798464,"No comparison: no PBE in pure ballot strategies","Low type","none_low_type","region_polygon"
0,2.77598448,"No comparison: no PBE in pure ballot strategies","Low type","none_low_type","region_polygon"
0,2.78398432,"No comparison: no PBE in pure ballot strategies","Low type","none_low_type","region_polygon"
0,2.79198416,"No comparison: no PBE in pure ballot strategies","Low type","none_low_type","region_polygon"
0,2.799984,"No comparison: no PBE in pure ballot strategies","Low type","none_low_type","region_polygon"
0,2.80798384,"No comparison: no PBE in pure ballot strategies","Low type","none_low_type","region_polygon"
0,2.81598368,"No comparison: no PBE in pure ballot strategies","Low type","none_low_type","region_polygon"
0,2.82398352,"No comparison: no PBE in pure ballot strategies","Low type","none_low_type","region_polygon"
0,2.83198336,"No comparison: no PBE in pure ballot strategies","Low type","none_low_type","region_polygon"
0,2.8399832,"No comparison: no PBE in pure ballot strategies","Low type","none_low_type","region_polygon"
0,2.84798304,"No comparison: no PBE in pure ballot strategies","Low type","none_low_type","region_polygon"
0,2.85598288,"No comparison: no PBE in pure ballot strategies","Low type","none_low_type","region_polygon"
0,2.86398272,"No comparison: no PBE in pure ballot strategies","Low type","none_low_type","region_polygon"
0,2.87198256,"No comparison: no PBE in pure ballot strategies","Low type","none_low_type","region_polygon"
0,2.8799824,"No comparison: no PBE in pure ballot strategies","Low type","none_low_type","region_polygon"
0,2.88798224,"No comparison: no PBE in pure ballot strategies","Low type","none_low_type","region_polygon"
0,2.89598208,"No comparison: no PBE in pure ballot strategies","Low type","none_low_type","region_polygon"
0,2.90398192,"No comparison: no PBE in pure ballot strategies","Low type","none_low_type","region_polygon"
0,2.91198176,"No comparison: no PBE in pure ballot strategies","Low type","none_low_type","region_polygon"
0,2.9199816,"No comparison: no PBE in pure ballot strategies","Low type","none_low_type","region_polygon"
0,2.92798144,"No comparison: no PBE in pure ballot strategies","Low type","none_low_type","region_polygon"
0,2.93598128,"No comparison: no PBE in pure ballot strategies","Low type","none_low_type","region_polygon"
0,2.94398112,"No comparison: no PBE in pure ballot strategies","Low type","none_low_type","region_polygon"
0,2.95198096,"No comparison: no PBE in pure ballot strategies","Low type","none_low_type","region_polygon"
0,2.9599808,"No comparison: no PBE in pure ballot strategies","Low type","none_low_type","region_polygon"
0,2.96798064,"No comparison: no PBE in pure ballot strategies","Low type","none_low_type","region_polygon"
0,2.97598048,"No comparison: no PBE in pure ballot strategies","Low type","none_low_type","region_polygon"
0,2.98398032,"No comparison: no PBE in pure ballot strategies","Low type","none_low_type","region_polygon"
0,2.99198016,"No comparison: no PBE in pure ballot strategies","Low type","none_low_type","region_polygon"
0,2.99998,"No comparison: no PBE in pure ballot strategies","Low type","none_low_type","region_polygon"
0,3.00797984,"No comparison: no PBE in pure ballot strategies","Low type","none_low_type","region_polygon"
0,3.01597968,"No comparison: no PBE in pure ballot strategies","Low type","none_low_type","region_polygon"
0,3.02397952,"No comparison: no PBE in pure ballot strategies","Low type","none_low_type","region_polygon"
0,3.03197936,"No comparison: no PBE in pure ballot strategies","Low type","none_low_type","region_polygon"
0,3.0399792,"No comparison: no PBE in pure ballot strategies","Low type","none_low_type","region_polygon"
0,3.04797904,"No comparison: no PBE in pure ballot strategies","Low type","none_low_type","region_polygon"
0,3.05597888,"No comparison: no PBE in pure ballot strategies","Low type","none_low_type","region_polygon"
0,3.06397872,"No comparison: no PBE in pure ballot strategies","Low type","none_low_type","region_polygon"
0,3.07197856,"No comparison: no PBE in pure ballot strategies","Low type","none_low_type","region_polygon"
0,3.0799784,"No comparison: no PBE in pure ballot strategies","Low type","none_low_type","region_polygon"
0,3.08797824,"No comparison: no PBE in pure ballot strategies","Low type","none_low_type","region_polygon"
0,3.09597808,"No comparison: no PBE in pure ballot strategies","Low type","none_low_type","region_polygon"
0,3.10397792,"No comparison: no PBE in pure ballot strategies","Low type","none_low_type","region_polygon"
0,3.11197776,"No comparison: no PBE in pure ballot strategies","Low type","none_low_type","region_polygon"
0,3.1199776,"No comparison: no PBE in pure ballot strategies","Low type","none_low_type","region_polygon"
0,3.12797744,"No comparison: no PBE in pure ballot strategies","Low type","none_low_type","region_polygon"
0,3.13597728,"No comparison: no PBE in pure ballot strategies","Low type","none_low_type","region_polygon"
0,3.14397712,"No comparison: no PBE in pure ballot strategies","Low type","none_low_type","region_polygon"
0,3.15197696,"No comparison: no PBE in pure ballot strategies","Low type","none_low_type","region_polygon"
0,3.1599768,"No comparison: no PBE in pure ballot strategies","Low type","none_low_type","region_polygon"
0,3.16797664,"No comparison: no PBE in pure ballot strategies","Low type","none_low_type","region_polygon"
0,3.17597648,"No comparison: no PBE in pure ballot strategies","Low type","none_low_type","region_polygon"
0,3.18397632,"No comparison: no PBE in pure ballot strategies","Low type","none_low_type","region_polygon"
0,3.19197616,"No comparison: no PBE in pure ballot strategies","Low type","none_low_type","region_polygon"
0,3.199976,"No comparison: no PBE in pure ballot strategies","Low type","none_low_type","region_polygon"
0,3.20797584,"No comparison: no PBE in pure ballot strategies","Low type","none_low_type","region_polygon"
0,3.21597568,"No comparison: no PBE in pure ballot strategies","Low type","none_low_type","region_polygon"
0,3.22397552,"No comparison: no PBE in pure ballot strategies","Low type","none_low_type","region_polygon"
0,3.23197536,"No comparison: no PBE in pure ballot strategies","Low type","none_low_type","region_polygon"
0,3.2399752,"No comparison: no PBE in pure ballot strategies","Low type","none_low_type","region_polygon"
0,3.24797504,"No comparison: no PBE in pure ballot strategies","Low type","none_low_type","region_polygon"
0,3.25597488,"No comparison: no PBE in pure ballot strategies","Low type","none_low_type","region_polygon"
0,3.26397472,"No comparison: no PBE in pure ballot strategies","Low type","none_low_type","region_polygon"
0,3.27197456,"No comparison: no PBE in pure ballot strategies","Low type","none_low_type","region_polygon"
0,3.2799744,"No comparison: no PBE in pure ballot strategies","Low type","none_low_type","region_polygon"
0,3.28797424,"No comparison: no PBE in pure ballot strategies","Low type","none_low_type","region_polygon"
0,3.29597408,"No comparison: no PBE in pure ballot strategies","Low type","none_low_type","region_polygon"
0,3.30397392,"No comparison: no PBE in pure ballot strategies","Low type","none_low_type","region_polygon"
0,3.31197376,"No comparison: no PBE in pure ballot strategies","Low type","none_low_type","region_polygon"
0,3.3199736,"No comparison: no PBE in pure ballot strategies","Low type","none_low_type","region_polygon"
0,3.32797344,"No comparison: no PBE in pure ballot strategies","Low type","none_low_type","region_polygon"
0,3.33597328,"No comparison: no PBE in pure ballot strategies","Low type","none_low_type","region_polygon"
0,3.34397312,"No comparison: no PBE in pure ballot strategies","Low type","none_low_type","region_polygon"
0,3.35197296,"No comparison: no PBE in pure ballot strategies","Low type","none_low_type","region_polygon"
0,3.3599728,"No comparison: no PBE in pure ballot strategies","Low type","none_low_type","region_polygon"
0,3.36797264,"No comparison: no PBE in pure ballot strategies","Low type","none_low_type","region_polygon"
0,3.37597248,"No comparison: no PBE in pure ballot strategies","Low type","none_low_type","region_polygon"
0,3.38397232,"No comparison: no PBE in pure ballot strategies","Low type","none_low_type","region_polygon"
0,3.39197216,"No comparison: no PBE in pure ballot strategies","Low type","none_low_type","region_polygon"
0,3.399972,"No comparison: no PBE in pure ballot strategies","Low type","none_low_type","region_polygon"
0,3.40797184,"No comparison: no PBE in pure ballot strategies","Low type","none_low_type","region_polygon"
0,3.41597168,"No comparison: no PBE in pure ballot strategies","Low type","none_low_type","region_polygon"
0,3.42397152,"No comparison: no PBE in pure ballot strategies","Low type","none_low_type","region_polygon"
0,3.43197136,"No comparison: no PBE in pure ballot strategies","Low type","none_low_type","region_polygon"
0,3.4399712,"No comparison: no PBE in pure ballot strategies","Low type","none_low_type","region_polygon"
0,3.44797104,"No comparison: no PBE in pure ballot strategies","Low type","none_low_type","region_polygon"
0,3.45597088,"No comparison: no PBE in pure ballot strategies","Low type","none_low_type","region_polygon"
0,3.46397072,"No comparison: no PBE in pure ballot strategies","Low type","none_low_type","region_polygon"
0,3.47197056,"No comparison: no PBE in pure ballot strategies","Low type","none_low_type","region_polygon"
0,3.4799704,"No comparison: no PBE in pure ballot strategies","Low type","none_low_type","region_polygon"
0,3.48797024,"No comparison: no PBE in pure ballot strategies","Low type","none_low_type","region_polygon"
0,3.49597008,"No comparison: no PBE in pure ballot strategies","Low type","none_low_type","region_polygon"
0,3.50396992,"No comparison: no PBE in pure ballot strategies","Low type","none_low_type","region_polygon"
0,3.51196976,"No comparison: no PBE in pure ballot strategies","Low type","none_low_type","region_polygon"
0,3.5199696,"No comparison: no PBE in pure ballot strategies","Low type","none_low_type","region_polygon"
0,3.52796944,"No comparison: no PBE in pure ballot strategies","Low type","none_low_type","region_polygon"
0,3.53596928,"No comparison: no PBE in pure ballot strategies","Low type","none_low_type","region_polygon"
0,3.54396912,"No comparison: no PBE in pure ballot strategies","Low type","none_low_type","region_polygon"
0,3.55196896,"No comparison: no PBE in pure ballot strategies","Low type","none_low_type","region_polygon"
0,3.5599688,"No comparison: no PBE in pure ballot strategies","Low type","none_low_type","region_polygon"
0,3.56796864,"No comparison: no PBE in pure ballot strategies","Low type","none_low_type","region_polygon"
0,3.57596848,"No comparison: no PBE in pure ballot strategies","Low type","none_low_type","region_polygon"
0,3.58396832,"No comparison: no PBE in pure ballot strategies","Low type","none_low_type","region_polygon"
0,3.59196816,"No comparison: no PBE in pure ballot strategies","Low type","none_low_type","region_polygon"
0,3.599968,"No comparison: no PBE in pure ballot strategies","Low type","none_low_type","region_polygon"
0,3.60796784,"No comparison: no PBE in pure ballot strategies","Low type","none_low_type","region_polygon"
0,3.61596768,"No comparison: no PBE in pure ballot strategies","Low type","none_low_type","region_polygon"
0,3.62396752,"No comparison: no PBE in pure ballot strategies","Low type","none_low_type","region_polygon"
0,3.63196736,"No comparison: no PBE in pure ballot strategies","Low type","none_low_type","region_polygon"
0,3.6399672,"No comparison: no PBE in pure ballot strategies","Low type","none_low_type","region_polygon"
0,3.64796704,"No comparison: no PBE in pure ballot strategies","Low type","none_low_type","region_polygon"
0,3.65596688,"No comparison: no PBE in pure ballot strategies","Low type","none_low_type","region_polygon"
0,3.66396672,"No comparison: no PBE in pure ballot strategies","Low type","none_low_type","region_polygon"
0,3.67196656,"No comparison: no PBE in pure ballot strategies","Low type","none_low_type","region_polygon"
0,3.6799664,"No comparison: no PBE in pure ballot strategies","Low type","none_low_type","region_polygon"
0,3.68796624,"No comparison: no PBE in pure ballot strategies","Low type","none_low_type","region_polygon"
0,3.69596608,"No comparison: no PBE in pure ballot strategies","Low type","none_low_type","region_polygon"
0,3.70396592,"No comparison: no PBE in pure ballot strategies","Low type","none_low_type","region_polygon"
0,3.71196576,"No comparison: no PBE in pure ballot strategies","Low type","none_low_type","region_polygon"
0,3.7199656,"No comparison: no PBE in pure ballot strategies","Low type","none_low_type","region_polygon"
0,3.72796544,"No comparison: no PBE in pure ballot strategies","Low type","none_low_type","region_polygon"
0,3.73596528,"No comparison: no PBE in pure ballot strategies","Low type","none_low_type","region_polygon"
0,3.74396512,"No comparison: no PBE in pure ballot strategies","Low type","none_low_type","region_polygon"
0,3.75196496,"No comparison: no PBE in pure ballot strategies","Low type","none_low_type","region_polygon"
0,3.7599648,"No comparison: no PBE in pure ballot strategies","Low type","none_low_type","region_polygon"
0,3.76796464,"No comparison: no PBE in pure ballot strategies","Low type","none_low_type","region_polygon"
0,3.77596448,"No comparison: no PBE in pure ballot strategies","Low type","none_low_type","region_polygon"
0,3.78396432,"No comparison: no PBE in pure ballot strategies","Low type","none_low_type","region_polygon"
0,3.79196416,"No comparison: no PBE in pure ballot strategies","Low type","none_low_type","region_polygon"
0,3.799964,"No comparison: no PBE in pure ballot strategies","Low type","none_low_type","region_polygon"
0,3.80796384,"No comparison: no PBE in pure ballot strategies","Low type","none_low_type","region_polygon"
0,3.81596368,"No comparison: no PBE in pure ballot strategies","Low type","none_low_type","region_polygon"
0,3.82396352,"No comparison: no PBE in pure ballot strategies","Low type","none_low_type","region_polygon"
0,3.83196336,"No comparison: no PBE in pure ballot strategies","Low type","none_low_type","region_polygon"
0,3.8399632,"No comparison: no PBE in pure ballot strategies","Low type","none_low_type","region_polygon"
0,3.84796304,"No comparison: no PBE in pure ballot strategies","Low type","none_low_type","region_polygon"
0,3.85596288,"No comparison: no PBE in pure ballot strategies","Low type","none_low_type","region_polygon"
0,3.86396272,"No comparison: no PBE in pure ballot strategies","Low type","none_low_type","region_polygon"
0,3.87196256,"No comparison: no PBE in pure ballot strategies","Low type","none_low_type","region_polygon"
0,3.8799624,"No comparison: no PBE in pure ballot strategies","Low type","none_low_type","region_polygon"
0,3.88796224,"No comparison: no PBE in pure ballot strategies","Low type","none_low_type","region_polygon"
0,3.89596208,"No comparison: no PBE in pure ballot strategies","Low type","none_low_type","region_polygon"
0,3.90396192,"No comparison: no PBE in pure ballot strategies","Low type","none_low_type","region_polygon"
0,3.91196176,"No comparison: no PBE in pure ballot strategies","Low type","none_low_type","region_polygon"
0,3.9199616,"No comparison: no PBE in pure ballot strategies","Low type","none_low_type","region_polygon"
0,3.92796144,"No comparison: no PBE in pure ballot strategies","Low type","none_low_type","region_polygon"
0,3.93596128,"No comparison: no PBE in pure ballot strategies","Low type","none_low_type","region_polygon"
0,3.94396112,"No comparison: no PBE in pure ballot strategies","Low type","none_low_type","region_polygon"
0,3.95196096,"No comparison: no PBE in pure ballot strategies","Low type","none_low_type","region_polygon"
0,3.9599608,"No comparison: no PBE in pure ballot strategies","Low type","none_low_type","region_polygon"
0,3.96796064,"No comparison: no PBE in pure ballot strategies","Low type","none_low_type","region_polygon"
0,3.97596048,"No comparison: no PBE in pure ballot strategies","Low type","none_low_type","region_polygon"
0,3.98396032,"No comparison: no PBE in pure ballot strategies","Low type","none_low_type","region_polygon"
0,3.99196016,"No comparison: no PBE in pure ballot strategies","Low type","none_low_type","region_polygon"
0,3.99996,"No comparison: no PBE in pure ballot strategies","Low type","none_low_type","region_polygon"
0.999980000199998,3.99996,"No comparison: no PBE in pure ballot strategies","Low type","none_low_type","region_polygon"
0.995988143670748,3.99196016,"No comparison: no PBE in pure ballot strategies","Low type","none_low_type","region_polygon"
0.992012190477162,3.98396032,"No comparison: no PBE in pure ballot strategies","Low type","none_low_type","region_polygon"
0.988052045771161,3.97596048,"No comparison: no PBE in pure ballot strategies","Low type","none_low_type","region_polygon"
0.984107615457405,3.96796064,"No comparison: no PBE in pure ballot strategies","Low type","none_low_type","region_polygon"
0.980178806185841,3.9599608,"No comparison: no PBE in pure ballot strategies","Low type","none_low_type","region_polygon"
0.976265525344341,3.95196096,"No comparison: no PBE in pure ballot strategies","Low type","none_low_type","region_polygon"
0.972367681051421,3.94396112,"No comparison: no PBE in pure ballot strategies","Low type","none_low_type","region_polygon"
0.968485182149052,3.93596128,"No comparison: no PBE in pure ballot strategies","Low type","none_low_type","region_polygon"
0.964617938195556,3.92796144,"No comparison: no PBE in pure ballot strategies","Low type","none_low_type","region_polygon"
0.960765859458578,3.9199616,"No comparison: no PBE in pure ballot strategies","Low type","none_low_type","region_polygon"
0.956928856908149,3.91196176,"No comparison: no PBE in pure ballot strategies","Low type","none_low_type","region_polygon"
0.953106842209827,3.90396192,"No comparison: no PBE in pure ballot strategies","Low type","none_low_type","region_polygon"
0.949299727717916,3.89596208,"No comparison: no PBE in pure ballot strategies","Low type","none_low_type","region_polygon"
0.945507426468769,3.88796224,"No comparison: no PBE in pure ballot strategies","Low type","none_low_type","region_polygon"
0.941729852174165,3.8799624,"No comparison: no PBE in pure ballot strategies","Low type","none_low_type","region_polygon"
0.937966919214764,3.87196256,"No comparison: no PBE in pure ballot strategies","Low type","none_low_type","region_polygon"
0.934218542633639,3.86396272,"No comparison: no PBE in pure ballot strategies","Low type","none_low_type","region_polygon"
0.930484638129882,3.85596288,"No comparison: no PBE in pure ballot strategies","Low type","none_low_type","region_polygon"
0.926765122052285,3.84796304,"No comparison: no PBE in pure ballot strategies","Low type","none_low_type","region_polygon"
0.923059911393092,3.8399632,"No comparison: no PBE in pure ballot strategies","Low type","none_low_type","region_polygon"
0.919368923781822,3.83196336,"No comparison: no PBE in pure ballot strategies","Low type","none_low_type","region_polygon"
0.91569207747917,3.82396352,"No comparison: no PBE in pure ballot strategies","Low type","none_low_type","region_polygon"
0.91202929137097,3.81596368,"No comparison: no PBE in pure ballot strategies","Low type","none_low_type","region_polygon"
0.908380484962229,3.80796384,"No comparison: no PBE in pure ballot strategies","Low type","none_low_type","region_polygon"
0.904745578371233,3.799964,"No comparison: no PBE in pure ballot strategies","Low type","none_low_type","region_polygon"
0.901124492323716,3.79196416,"No comparison: no PBE in pure ballot strategies","Low type","none_low_type","region_polygon"
0.897517148147096,3.78396432,"No comparison: no PBE in pure ballot strategies","Low type","none_low_type","region_polygon"
0.893923467764779,3.77596448,"No comparison: no PBE in pure ballot strategies","Low type","none_low_type","region_polygon"
0.890343373690526,3.76796464,"No comparison: no PBE in pure ballot strategies","Low type","none_low_type","region_polygon"
0.886776789022884,3.7599648,"No comparison: no PBE in pure ballot strategies","Low type","none_low_type","region_polygon"
0.883223637439676,3.75196496,"No comparison: no PBE in pure ballot strategies","Low type","none_low_type","region_polygon"
0.879683843192563,3.74396512,"No comparison: no PBE in pure ballot strategies","Low type","none_low_type","region_polygon"
0.876157331101657,3.73596528,"No comparison: no PBE in pure ballot strategies","Low type","none_low_type","region_polygon"
0.872644026550197,3.72796544,"No comparison: no PBE in pure ballot strategies","Low type","none_low_type","region_polygon"
0.869143855479293,3.7199656,"No comparison: no PBE in pure ballot strategies","Low type","none_low_type","region_polygon"
0.865656744382713,3.71196576,"No comparison: no PBE in pure ballot strategies","Low type","none_low_type","region_polygon"
0.862182620301746,3.70396592,"No comparison: no PBE in pure ballot strategies","Low type","none_low_type","region_polygon"
0.858721410820108,3.69596608,"No comparison: no PBE in pure ballot strategies","Low type","none_low_type","region_polygon"
0.855273044058913,3.68796624,"No comparison: no PBE in pure ballot strategies","Low type","none_low_type","region_polygon"
0.851837448671696,3.6799664,"No comparison: no PBE in pure ballot strategies","Low type","none_low_type","region_polygon"
0.848414553839492,3.67196656,"No comparison: no PBE in pure ballot strategies","Low type","none_low_type","region_polygon"
0.845004289265972,3.66396672,"No comparison: no PBE in pure ballot strategies","Low type","none_low_type","region_polygon"
0.841606585172629,3.65596688,"No comparison: no PBE in pure ballot strategies","Low type","none_low_type","region_polygon"
0.838221372294019,3.64796704,"No comparison: no PBE in pure ballot strategies","Low type","none_low_type","region_polygon"
0.834848581873054,3.6399672,"No comparison: no PBE in pure ballot strategies","Low type","none_low_type","region_polygon"
0.831488145656348,3.63196736,"No comparison: no PBE in pure ballot strategies","Low type","none_low_type","region_polygon"
0.82813999588961,3.62396752,"No comparison: no PBE in pure ballot strategies","Low type","none_low_type","region_polygon"
0.824804065313095,3.61596768,"No comparison: no PBE in pure ballot strategies","Low type","none_low_type","region_polygon"
0.821480287157096,3.60796784,"No comparison: no PBE in pure ballot strategies","Low type","none_low_type","region_polygon"
0.81816859513749,3.599968,"No comparison: no PBE in pure ballot strategies","Low type","none_low_type","region_polygon"
0.814868923451334,3.59196816,"No comparison: no PBE in pure ballot strategies","Low type","none_low_type","region_polygon"
0.811581206772502,3.58396832,"No comparison: no PBE in pure ballot strategies","Low type","none_low_type","region_polygon"
0.808305380247381,3.57596848,"No comparison: no PBE in pure ballot strategies","Low type","none_low_type","region_polygon"
0.8050413794906,3.56796864,"No comparison: no PBE in pure ballot strategies","Low type","none_low_type","region_polygon"
0.801789140580814,3.5599688,"No comparison: no PBE in pure ballot strategies","Low type","none_low_type","region_polygon"
0.798548600056532,3.55196896,"No comparison: no PBE in pure ballot strategies","Low type","none_low_type","region_polygon"
0.795319694911989,3.54396912,"No comparison: no PBE in pure ballot strategies","Low type","none_low_type","region_polygon"
0.79210236259306,3.53596928,"No comparison: no PBE in pure ballot strategies","Low type","none_low_type","region_polygon"
0.788896540993226,3.52796944,"No comparison: no PBE in pure ballot strategies","Low type","none_low_type","region_polygon"
0.785702168449571,3.5199696,"No comparison: no PBE in pure ballot strategies","Low type","none_low_type","region_polygon"
0.782519183738833,3.51196976,"No comparison: no PBE in pure ballot strategies","Low type","none_low_type","region_polygon"
0.779347526073491,3.50396992,"No comparison: no PBE in pure ballot strategies","Low type","none_low_type","region_polygon"
0.776187135097895,3.49597008,"No comparison: no PBE in pure ballot strategies","Low type","none_low_type","region_polygon"
0.773037950884437,3.48797024,"No comparison: no PBE in pure ballot strategies","Low type","none_low_type","region_polygon"
0.769899913929767,3.4799704,"No comparison: no PBE in pure ballot strategies","Low type","none_low_type","region_polygon"
0.76677296515104,3.47197056,"No comparison: no PBE in pure ballot strategies","Low type","none_low_type","region_polygon"
0.763657045882208,3.46397072,"No comparison: no PBE in pure ballot strategies","Low type","none_low_type","region_polygon"
0.760552097870359,3.45597088,"No comparison: no PBE in pure ballot strategies","Low type","none_low_type","region_polygon"
0.757458063272076,3.44797104,"No comparison: no PBE in pure ballot strategies","Low type","none_low_type","region_polygon"
0.754374884649851,3.4399712,"No comparison: no PBE in pure ballot strategies","Low type","none_low_type","region_polygon"
0.751302504968533,3.43197136,"No comparison: no PBE in pure ballot strategies","Low type","none_low_type","region_polygon"
0.748240867591803,3.42397152,"No comparison: no PBE in pure ballot strategies","Low type","none_low_type","region_polygon"
0.745189916278702,3.41597168,"No comparison: no PBE in pure ballot strategies","Low type","none_low_type","region_polygon"
0.742149595180183,3.40797184,"No comparison: no PBE in pure ballot strategies","Low type","none_low_type","region_polygon"
0.739119848835703,3.399972,"No comparison: no PBE in pure ballot strategies","Low type","none_low_type","region_polygon"
0.736100622169852,3.39197216,"No comparison: no PBE in pure ballot strategies","Low type","none_low_type","region_polygon"
0.733091860489017,3.38397232,"No comparison: no PBE in pure ballot strategies","Low type","none_low_type","region_polygon"
0.730093509478075,3.37597248,"No comparison: no PBE in pure ballot strategies","Low type","none_low_type","region_polygon"
0.72710551519713,3.36797264,"No comparison: no PBE in pure ballot strategies","Low type","none_low_type","region_polygon"
0.724127824078273,3.3599728,"No comparison: no PBE in pure ballot strategies","Low type","none_low_type","region_polygon"
0.721160382922385,3.35197296,"No comparison: no PBE in pure ballot strategies","Low type","none_low_type","region_polygon"
0.718203138895968,3.34397312,"No comparison: no PBE in pure ballot strategies","Low type","none_low_type","region_polygon"
0.715256039528007,3.33597328,"No comparison: no PBE in pure ballot strategies","Low type","none_low_type","region_polygon"
0.712319032706869,3.32797344,"No comparison: no PBE in pure ballot strategies","Low type","none_low_type","region_polygon"
0.709392066677231,3.3199736,"No comparison: no PBE in pure ballot strategies","Low type","none_low_type","region_polygon"
0.706475090037039,3.31197376,"No comparison: no PBE in pure ballot strategies","Low type","none_low_type","region_polygon"
0.7035680517345,3.30397392,"No comparison: no PBE in pure ballot strategies","Low type","none_low_type","region_polygon"
0.700670901065103,3.29597408,"No comparison: no PBE in pure ballot strategies","Low type","none_low_type","region_polygon"
0.697783587668672,3.28797424,"No comparison: no PBE in pure ballot strategies","Low type","none_low_type","region_polygon"
0.694906061526446,3.2799744,"No comparison: no PBE in pure ballot strategies","Low type","none_low_type","region_polygon"
0.692038272958193,3.27197456,"No comparison: no PBE in pure ballot strategies","Low type","none_low_type","region_polygon"
0.689180172619349,3.26397472,"No comparison: no PBE in pure ballot strategies","Low type","none_low_type","region_polygon"
0.686331711498189,3.25597488,"No comparison: no PBE in pure ballot strategies","Low type","none_low_type","region_polygon"
0.683492840913024,3.24797504,"No comparison: no PBE in pure ballot strategies","Low type","none_low_type","region_polygon"
0.680663512509431,3.2399752,"No comparison: no PBE in pure ballot strategies","Low type","none_low_type","region_polygon"
0.677843678257502,3.23197536,"No comparison: no PBE in pure ballot strategies","Low type","none_low_type","region_polygon"
0.675033290449131,3.22397552,"No comparison: no PBE in pure ballot strategies","Low type","none_low_type","region_polygon"
0.672232301695322,3.21597568,"No comparison: no PBE in pure ballot strategies","Low type","none_low_type","region_polygon"
0.669440664923526,3.20797584,"No comparison: no PBE in pure ballot strategies","Low type","none_low_type","region_polygon"
0.666658333375,3.199976,"No comparison: no PBE in pure ballot strategies","Low type","none_low_type","region_polygon"
0.663885260602202,3.19197616,"No comparison: no PBE in pure ballot strategies","Low type","none_low_type","region_polygon"
0.661121400466204,3.18397632,"No comparison: no PBE in pure ballot strategies","Low type","none_low_type","region_polygon"
0.658366707134131,3.17597648,"No comparison: no PBE in pure ballot strategies","Low type","none_low_type","region_polygon"
0.655621135076632,3.16797664,"No comparison: no PBE in pure ballot strategies","Low type","none_low_type","region_polygon"
0.652884639065367,3.1599768,"No comparison: no PBE in pure ballot strategies","Low type","none_low_type","region_polygon"
0.650157174170526,3.15197696,"No comparison: no PBE in pure ballot strategies","Low type","none_low_type","region_polygon"
0.647438695758369,3.14397712,"No comparison: no PBE in pure ballot strategies","Low type","none_low_type","region_polygon"
0.644729159488795,3.13597728,"No comparison: no PBE in pure ballot strategies","Low type","none_low_type","region_polygon"
0.642028521312923,3.12797744,"No comparison: no PBE in pure ballot strategies","Low type","none_low_type","region_polygon"
0.639336737470713,3.1199776,"No comparison: no PBE in pure ballot strategies","Low type","none_low_type","region_polygon"
0.6366537644886,3.11197776,"No comparison: no PBE in pure ballot strategies","Low type","none_low_type","region_polygon"
0.633979559177151,3.10397792,"No comparison: no PBE in pure ballot strategies","Low type","none_low_type","region_polygon"
0.631314078628751,3.09597808,"No comparison: no PBE in pure ballot strategies","Low type","none_low_type","region_polygon"
0.628657280215306,3.08797824,"No comparison: no PBE in pure ballot strategies","Low type","none_low_type","region_polygon"
0.62600912158597,3.0799784,"No comparison: no PBE in pure ballot strategies","Low type","none_low_type","region_polygon"
0.623369560664898,3.07197856,"No comparison: no PBE in pure ballot strategies","Low type","none_low_type","region_polygon"
0.620738555649015,3.06397872,"No comparison: no PBE in pure ballot strategies","Low type","none_low_type","region_polygon"
0.618116065005806,3.05597888,"No comparison: no PBE in pure ballot strategies","Low type","none_low_type","region_polygon"
0.61550204747114,3.04797904,"No comparison: no PBE in pure ballot strategies","Low type","none_low_type","region_polygon"
0.612896462047095,3.0399792,"No comparison: no PBE in pure ballot strategies","Low type","none_low_type","region_polygon"
0.610299267999821,3.03197936,"No comparison: no PBE in pure ballot strategies","Low type","none_low_type","region_polygon"
0.607710424857415,3.02397952,"No comparison: no PBE in pure ballot strategies","Low type","none_low_type","region_polygon"
0.605129892407822,3.01597968,"No comparison: no PBE in pure ballot strategies","Low type","none_low_type","region_polygon"
0.602557630696748,3.00797984,"No comparison: no PBE in pure ballot strategies","Low type","none_low_type","region_polygon"
0.5999936000256,2.99998,"No comparison: no PBE in pure ballot strategies","Low type","none_low_type","region_polygon"
0.597437760949446,2.99198016,"No comparison: no PBE in pure ballot strategies","Low type","none_low_type","region_polygon"
0.594890074274988,2.98398032,"No comparison: no PBE in pure ballot strategies","Low type","none_low_type","region_polygon"
0.592350501058563,2.97598048,"No comparison: no PBE in pure ballot strategies","Low type","none_low_type","region_polygon"
0.589819002604155,2.96798064,"No comparison: no PBE in pure ballot strategies","Low type","none_low_type","region_polygon"
0.587295540461433,2.9599808,"No comparison: no PBE in pure ballot strategies","Low type","none_low_type","region_polygon"
0.584780076423801,2.95198096,"No comparison: no PBE in pure ballot strategies","Low type","none_low_type","region_polygon"
0.58227257252647,2.94398112,"No comparison: no PBE in pure ballot strategies","Low type","none_low_type","region_polygon"
0.579772991044551,2.93598128,"No comparison: no PBE in pure ballot strategies","Low type","none_low_type","region_polygon"
0.577281294491162,2.92798144,"No comparison: no PBE in pure ballot strategies","Low type","none_low_type","region_polygon"
0.574797445615551,2.9199816,"No comparison: no PBE in pure ballot strategies","Low type","none_low_type","region_polygon"
0.572321407401244,2.91198176,"No comparison: no PBE in pure ballot strategies","Low type","none_low_type","region_polygon"
0.569853143064202,2.90398192,"No comparison: no PBE in pure ballot strategies","Low type","none_low_type","region_polygon"
0.567392616051003,2.89598208,"No comparison: no PBE in pure ballot strategies","Low type","none_low_type","region_polygon"
0.564939790037036,2.88798224,"No comparison: no PBE in pure ballot strategies","Low type","none_low_type","region_polygon"
0.562494628924713,2.8799824,"No comparison: no PBE in pure ballot strategies","Low type","none_low_type","region_polygon"
0.560057096841699,2.87198256,"No comparison: no PBE in pure ballot strategies","Low type","none_low_type","region_polygon"
0.557627158139156,2.86398272,"No comparison: no PBE in pure ballot strategies","Low type","none_low_type","region_polygon"
0.55520477739001,2.85598288,"No comparison: no PBE in pure ballot strategies","Low type","none_low_type","region_polygon"
0.552789919387222,2.84798304,"No comparison: no PBE in pure ballot strategies","Low type","none_low_type","region_polygon"
0.550382549142088,2.8399832,"No comparison: no PBE in pure ballot strategies","Low type","none_low_type","region_polygon"
0.547982631882548,2.83198336,"No comparison: no PBE in pure ballot strategies","Low type","none_low_type","region_polygon"
0.545590133051508,2.82398352,"No comparison: no PBE in pure ballot strategies","Low type","none_low_type","region_polygon"
0.543205018305189,2.81598368,"No comparison: no PBE in pure ballot strategies","Low type","none_low_type","region_polygon"
0.540827253511476,2.80798384,"No comparison: no PBE in pure ballot strategies","Low type","none_low_type","region_polygon"
0.538456804748293,2.799984,"No comparison: no PBE in pure ballot strategies","Low type","none_low_type","region_polygon"
0.536093638301991,2.79198416,"No comparison: no PBE in pure ballot strategies","Low type","none_low_type","region_polygon"
0.533737720665748,2.78398432,"No comparison: no PBE in pure ballot strategies","Low type","none_low_type","region_polygon"
0.531389018537985,2.77598448,"No comparison: no PBE in pure ballot strategies","Low type","none_low_type","region_polygon"
0.529047498820799,2.76798464,"No comparison: no PBE in pure ballot strategies","Low type","none_low_type","region_polygon"
0.526713128618406,2.7599848,"No comparison: no PBE in pure ballot strategies","Low type","none_low_type","region_polygon"
0.524385875235601,2.75198496,"No comparison: no PBE in pure ballot strategies","Low type","none_low_type","region_polygon"
0.522065706176235,2.74398512,"No comparison: no PBE in pure ballot strategies","Low type","none_low_type","region_polygon"
0.519752589141696,2.73598528,"No comparison: no PBE in pure ballot strategies","Low type","none_low_type","region_polygon"
0.517446492029415,2.72798544,"No comparison: no PBE in pure ballot strategies","Low type","none_low_type","region_polygon"
0.51514738293138,2.7199856,"No comparison: no PBE in pure ballot strategies","Low type","none_low_type","region_polygon"
0.512855230132663,2.71198576,"No comparison: no PBE in pure ballot strategies","Low type","none_low_type","region_polygon"
0.510570002109964,2.70398592,"No comparison: no PBE in pure ballot strategies","Low type","none_low_type","region_polygon"
0.508291667530164,2.69598608,"No comparison: no PBE in pure ballot strategies","Low type","none_low_type","region_polygon"
0.506020195248892,2.68798624,"No comparison: no PBE in pure ballot strategies","Low type","none_low_type","region_polygon"
0.503755554309109,2.6799864,"No comparison: no PBE in pure ballot strategies","Low type","none_low_type","region_polygon"
0.501497713939701,2.67198656,"No comparison: no PBE in pure ballot strategies","Low type","none_low_type","region_polygon"
0.499246643554081,2.66398672,"No comparison: no PBE in pure ballot strategies","Low type","none_low_type","region_polygon"
0.497002312748813,2.65598688,"No comparison: no PBE in pure ballot strategies","Low type","none_low_type","region_polygon"
0.494764691302242,2.64798704,"No comparison: no PBE in pure ballot strategies","Low type","none_low_type","region_polygon"
0.492533749173136,2.6399872,"No comparison: no PBE in pure ballot strategies","Low type","none_low_type","region_polygon"
0.490309456499342,2.63198736,"No comparison: no PBE in pure ballot strategies","Low type","none_low_type","region_polygon"
0.488091783596455,2.62398752,"No comparison: no PBE in pure ballot strategies","Low type","none_low_type","region_polygon"
0.485880700956494,2.61598768,"No comparison: no PBE in pure ballot strategies","Low type","none_low_type","region_polygon"
0.483676179246599,2.60798784,"No comparison: no PBE in pure ballot strategies","Low type","none_low_type","region_polygon"
0.481478189307727,2.599988,"No comparison: no PBE in pure ballot strategies","Low type","none_low_type","region_polygon"
0.479286702153374,2.59198816,"No comparison: no PBE in pure ballot strategies","Low type","none_low_type","region_polygon"
0.477101688968293,2.58398832,"No comparison: no PBE in pure ballot strategies","Low type","none_low_type","region_polygon"
0.474923121107236,2.57598848,"No comparison: no PBE in pure ballot strategies","Low type","none_low_type","region_polygon"
0.4727509700937,2.56798864,"No comparison: no PBE in pure ballot strategies","Low type","none_low_type","region_polygon"
0.47058520761869,2.5599888,"No comparison: no PBE in pure ballot strategies","Low type","none_low_type","region_polygon"
0.468425805539484,2.55198896,"No comparison: no PBE in pure ballot strategies","Low type","none_low_type","region_polygon"
0.466272735878415,2.54398912,"No comparison: no PBE in pure ballot strategies","Low type","none_low_type","region_polygon"
0.464125970821668,2.53598928,"No comparison: no PBE in pure ballot strategies","Low type","none_low_type","region_polygon"
0.461985482718074,2.52798944,"No comparison: no PBE in pure ballot strategies","Low type","none_low_type","region_polygon"
0.459851244077931,2.5199896,"No comparison: no PBE in pure ballot strategies","Low type","none_low_type","region_polygon"
0.45772322757182,2.51198976,"No comparison: no PBE in pure ballot strategies","Low type","none_low_type","region_polygon"
0.455601406029445,2.50398992,"No comparison: no PBE in pure ballot strategies","Low type","none_low_type","region_polygon"
0.45348575243847,2.49599008,"No comparison: no PBE in pure ballot strategies","Low type","none_low_type","region_polygon"
0.451376239943378,2.48799024,"No comparison: no PBE in pure ballot strategies","Low type","none_low_type","region_polygon"
0.449272841844333,2.4799904,"No comparison: no PBE in pure ballot strategies","Low type","none_low_type","region_polygon"
0.447175531596053,2.47199056,"No comparison: no PBE in pure ballot strategies","Low type","none_low_type","region_polygon"
0.445084282806694,2.46399072,"No comparison: no PBE in pure ballot strategies","Low type","none_low_type","region_polygon"
0.44299906923674,2.45599088,"No comparison: no PBE in pure ballot strategies","Low type","none_low_type","region_polygon"
0.440919864797913,2.44799104,"No comparison: no PBE in pure ballot strategies","Low type","none_low_type","region_polygon"
0.438846643552075,2.4399912,"No comparison: no PBE in pure ballot strategies","Low type","none_low_type","region_polygon"
0.436779379710158,2.43199136,"No comparison: no PBE in pure ballot strategies","Low type","none_low_type","region_polygon"
0.43471804763109,2.42399152,"No comparison: no PBE in pure ballot strategies","Low type","none_low_type","region_polygon"
0.432662621820735,2.41599168,"No comparison: no PBE in pure ballot strategies","Low type","none_low_type","region_polygon"
0.430613076930846,2.40799184,"No comparison: no PBE in pure ballot strategies","Low type","none_low_type","region_polygon"
0.428569387758018,2.399992,"No comparison: no PBE in pure ballot strategies","Low type","none_low_type","region_polygon"
0.426531529242655,2.39199216,"No comparison: no PBE in pure ballot strategies","Low type","none_low_type","region_polygon"
0.424499476467952,2.38399232,"No comparison: no PBE in pure ballot strategies","Low type","none_low_type","region_polygon"
0.422473204658873,2.37599248,"No comparison: no PBE in pure ballot strategies","Low type","none_low_type","region_polygon"
0.420452689181145,2.36799264,"No comparison: no PBE in pure ballot strategies","Low type","none_low_type","region_polygon"
0.418437905540263,2.3599928,"No comparison: no PBE in pure ballot strategies","Low type","none_low_type","region_polygon"
0.416428829380496,2.35199296,"No comparison: no PBE in pure ballot strategies","Low type","none_low_type","region_polygon"
0.41442543648391,2.34399312,"No comparison: no PBE in pure ballot strategies","Low type","none_low_type","region_polygon"
0.412427702769392,2.33599328,"No comparison: no PBE in pure ballot strategies","Low type","none_low_type","region_polygon"
0.410435604291685,2.32799344,"No comparison: no PBE in pure ballot strategies","Low type","none_low_type","region_polygon"
0.408449117240431,2.3199936,"No comparison: no PBE in pure ballot strategies","Low type","none_low_type","region_polygon"
0.406468217939226,2.31199376,"No comparison: no PBE in pure ballot strategies","Low type","none_low_type","region_polygon"
0.404492882844676,2.30399392,"No comparison: no PBE in pure ballot strategies","Low type","none_low_type","region_polygon"
0.402523088545462,2.29599408,"No comparison: no PBE in pure ballot strategies","Low type","none_low_type","region_polygon"
0.400558811761422,2.28799424,"No comparison: no PBE in pure ballot strategies","Low type","none_low_type","region_polygon"
0.398600029342629,2.2799944,"No comparison: no PBE in pure ballot strategies","Low type","none_low_type","region_polygon"
0.39664671826848,2.27199456,"No comparison: no PBE in pure ballot strategies","Low type","none_low_type","region_polygon"
0.3946988556468,2.26399472,"No comparison: no PBE in pure ballot strategies","Low type","none_low_type","region_polygon"
0.392756418712942,2.25599488,"No comparison: no PBE in pure ballot strategies","Low type","none_low_type","region_polygon"
0.390819384828903,2.24799504,"No comparison: no PBE in pure ballot strategies","Low type","none_low_type","region_polygon"
0.388887731482446,2.2399952,"No comparison: no PBE in pure ballot strategies","Low type","none_low_type","region_polygon"
0.386961436286223,2.23199536,"No comparison: no PBE in pure ballot strategies","Low type","none_low_type","region_polygon"
0.385040476976915,2.22399552,"No comparison: no PBE in pure ballot strategies","Low type","none_low_type","region_polygon"
0.383124831414372,2.21599568,"No comparison: no PBE in pure ballot strategies","Low type","none_low_type","region_polygon"
0.381214477580762,2.20799584,"No comparison: no PBE in pure ballot strategies","Low type","none_low_type","region_polygon"
0.379309393579729,2.199996,"No comparison: no PBE in pure ballot strategies","Low type","none_low_type","region_polygon"
0.377409557635554,2.19199616,"No comparison: no PBE in pure ballot strategies","Low type","none_low_type","region_polygon"
0.37551494809233,2.18399632,"No comparison: no PBE in pure ballot strategies","Low type","none_low_type","region_polygon"
0.373625543413133,2.17599648,"No comparison: no PBE in pure ballot strategies","Low type","none_low_type","region_polygon"
0.371741322179211,2.16799664,"No comparison: no PBE in pure ballot strategies","Low type","none_low_type","region_polygon"
0.369862263089171,2.1599968,"No comparison: no PBE in pure ballot strategies","Low type","none_low_type","region_polygon"
0.367988344958179,2.15199696,"No comparison: no PBE in pure ballot strategies","Low type","none_low_type","region_polygon"
0.366119546717163,2.14399712,"No comparison: no PBE in pure ballot strategies","Low type","none_low_type","region_polygon"
0.364255847412022,2.13599728,"No comparison: no PBE in pure ballot strategies","Low type","none_low_type","region_polygon"
0.362397226202844,2.12799744,"No comparison: no PBE in pure ballot strategies","Low type","none_low_type","region_polygon"
0.360543662363131,2.1199976,"No comparison: no PBE in pure ballot strategies","Low type","none_low_type","region_polygon"
0.358695135279025,2.11199776,"No comparison: no PBE in pure ballot strategies","Low type","none_low_type","region_polygon"
0.356851624448545,2.10399792,"No comparison: no PBE in pure ballot strategies","Low type","none_low_type","region_polygon"
0.355013109480832,2.09599808,"No comparison: no PBE in pure ballot strategies","Low type","none_low_type","region_polygon"
0.353179570095392,2.08799824,"No comparison: no PBE in pure ballot strategies","Low type","none_low_type","region_polygon"
0.351350986121355,2.0799984,"No comparison: no PBE in pure ballot strategies","Low type","none_low_type","region_polygon"
0.349527337496733,2.07199856,"No comparison: no PBE in pure ballot strategies","Low type","none_low_type","region_polygon"
0.347708604267687,2.06399872,"No comparison: no PBE in pure ballot strategies","Low type","none_low_type","region_polygon"
0.345894766587796,2.05599888,"No comparison: no PBE in pure ballot strategies","Low type","none_low_type","region_polygon"
0.344085804717343,2.04799904,"No comparison: no PBE in pure ballot strategies","Low type","none_low_type","region_polygon"
0.342281699022591,2.0399992,"No comparison: no PBE in pure ballot strategies","Low type","none_low_type","region_polygon"
0.340482429975075,2.03199936,"No comparison: no PBE in pure ballot strategies","Low type","none_low_type","region_polygon"
0.338687978150899,2.02399952,"No comparison: no PBE in pure ballot strategies","Low type","none_low_type","region_polygon"
0.336898324230036,2.01599968,"No comparison: no PBE in pure ballot strategies","Low type","none_low_type","region_polygon"
0.335113448995636,2.00799984,"No comparison: no PBE in pure ballot strategies","Low type","none_low_type","region_polygon"
0.333333333333333,2,"No comparison: no PBE in pure ballot strategies","Low type","none_low_type","region_polygon"
0.331557958230571,1.99200016,"No comparison: no PBE in pure ballot strategies","Low type","none_low_type","region_polygon"
0.32978730477592,1.98400032,"No comparison: no PBE in pure ballot strategies","Low type","none_low_type","region_polygon"
0.328021354158408,1.97600048,"No comparison: no PBE in pure ballot strategies","Low type","none_low_type","region_polygon"
0.326260087666853,1.96800064,"No comparison: no PBE in pure ballot strategies","Low type","none_low_type","region_polygon"
0.324503486689204,1.9600008,"No comparison: no PBE in pure ballot strategies","Low type","none_low_type","region_polygon"
0.322751532711884,1.95200096,"No comparison: no PBE in pure ballot strategies","Low type","none_low_type","region_polygon"
0.32100420731914,1.94400112,"No comparison: no PBE in pure ballot strategies","Low type","none_low_type","region_polygon"
0.319261492192399,1.93600128,"No comparison: no PBE in pure ballot strategies","Low type","none_low_type","region_polygon"
0.317523369109626,1.92800144,"No comparison: no PBE in pure ballot strategies","Low type","none_low_type","region_polygon"
0.315789819944689,1.9200016,"No comparison: no PBE in pure ballot strategies","Low type","none_low_type","region_polygon"
0.31406082666673,1.91200176,"No comparison: no PBE in pure ballot strategies","Low type","none_low_type","region_polygon"
0.31233637133954,1.90400192,"No comparison: no PBE in pure ballot strategies","Low type","none_low_type","region_polygon"
0.310616436120935,1.89600208,"No comparison: no PBE in pure ballot strategies","Low type","none_low_type","region_polygon"
0.308901003262148,1.88800224,"No comparison: no PBE in pure ballot strategies","Low type","none_low_type","region_polygon"
0.307190055107211,1.8800024,"No comparison: no PBE in pure ballot strategies","Low type","none_low_type","region_polygon"
0.305483574092355,1.87200256,"No comparison: no PBE in pure ballot strategies","Low type","none_low_type","region_polygon"
0.303781542745404,1.86400272,"No comparison: no PBE in pure ballot strategies","Low type","none_low_type","region_polygon"
0.302083943685182,1.85600288,"No comparison: no PBE in pure ballot strategies","Low type","none_low_type","region_polygon"
0.300390759620922,1.84800304,"No comparison: no PBE in pure ballot strategies","Low type","none_low_type","region_polygon"
0.298701973351675,1.8400032,"No comparison: no PBE in pure ballot strategies","Low type","none_low_type","region_polygon"
0.297017567765731,1.83200336,"No comparison: no PBE in pure ballot strategies","Low type","none_low_type","region_polygon"
0.295337525840041,1.82400352,"No comparison: no PBE in pure ballot strategies","Low type","none_low_type","region_polygon"
0.293661830639641,1.81600368,"No comparison: no PBE in pure ballot strategies","Low type","none_low_type","region_polygon"
0.291990465317085,1.80800384,"No comparison: no PBE in pure ballot strategies","Low type","none_low_type","region_polygon"
0.29032341311188,1.800004,"No comparison: no PBE in pure ballot strategies","Low type","none_low_type","region_polygon"
0.288660657349925,1.79200416,"No comparison: no PBE in pure ballot strategies","Low type","none_low_type","region_polygon"
0.287002181442958,1.78400432,"No comparison: no PBE in pure ballot strategies","Low type","none_low_type","region_polygon"
0.285347968887998,1.77600448,"No comparison: no PBE in pure ballot strategies","Low type","none_low_type","region_polygon"
0.283698003266806,1.76800464,"No comparison: no PBE in pure ballot strategies","Low type","none_low_type","region_polygon"
0.282052268245335,1.7600048,"No comparison: no PBE in pure ballot strategies","Low type","none_low_type","region_polygon"
0.280410747573193,1.75200496,"No comparison: no PBE in pure ballot strategies","Low type","none_low_type","region_polygon"
0.27877342508311,1.74400512,"No comparison: no PBE in pure ballot strategies","Low type","none_low_type","region_polygon"
0.277140284690406,1.73600528,"No comparison: no PBE in pure ballot strategies","Low type","none_low_type","region_polygon"
0.275511310392463,1.72800544,"No comparison: no PBE in pure ballot strategies","Low type","none_low_type","region_polygon"
0.273886486268204,1.7200056,"No comparison: no PBE in pure ballot strategies","Low type","none_low_type","region_polygon"
0.272265796477574,1.71200576,"No comparison: no PBE in pure ballot strategies","Low type","none_low_type","region_polygon"
0.270649225261025,1.70400592,"No comparison: no PBE in pure ballot strategies","Low type","none_low_type","region_polygon"
0.269036756939004,1.69600608,"No comparison: no PBE in pure ballot strategies","Low type","none_low_type","region_polygon"
0.267428375911449,1.68800624,"No comparison: no PBE in pure ballot strategies","Low type","none_low_type","region_polygon"
0.265824066657283,1.6800064,"No comparison: no PBE in pure ballot strategies","Low type","none_low_type","region_polygon"
0.264223813733916,1.67200656,"No comparison: no PBE in pure ballot strategies","Low type","none_low_type","region_polygon"
0.262627601776749,1.66400672,"No comparison: no PBE in pure ballot strategies","Low type","none_low_type","region_polygon"
0.261035415498685,1.65600688,"No comparison: no PBE in pure ballot strategies","Low type","none_low_type","region_polygon"
0.259447239689636,1.64800704,"No comparison: no PBE in pure ballot strategies","Low type","none_low_type","region_polygon"
0.257863059216042,1.6400072,"No comparison: no PBE in pure ballot strategies","Low type","none_low_type","region_polygon"
0.25628285902039,1.63200736,"No comparison: no PBE in pure ballot strategies","Low type","none_low_type","region_polygon"
0.254706624120736,1.62400752,"No comparison: no PBE in pure ballot strategies","Low type","none_low_type","region_polygon"
0.253134339610233,1.61600768,"No comparison: no PBE in pure ballot strategies","Low type","none_low_type","region_polygon"
0.251565990656659,1.60800784,"No comparison: no PBE in pure ballot strategies","Low type","none_low_type","region_polygon"
0.250001562501953,1.600008,"No comparison: no PBE in pure ballot strategies","Low type","none_low_type","region_polygon"
0.248441040461749,1.59200816,"No comparison: no PBE in pure ballot strategies","Low type","none_low_type","region_polygon"
0.246884409924921,1.58400832,"No comparison: no PBE in pure ballot strategies","Low type","none_low_type","region_polygon"
0.24533165635312,1.57600848,"No comparison: no PBE in pure ballot strategies","Low type","none_low_type","region_polygon"
0.243782765280332,1.56800864,"No comparison: no PBE in pure ballot strategies","Low type","none_low_type","region_polygon"
0.242237722312416,1.5600088,"No comparison: no PBE in pure ballot strategies","Low type","none_low_type","region_polygon"
0.240696513126668,1.55200896,"No comparison: no PBE in pure ballot strategies","Low type","none_low_type","region_polygon"
0.239159123471376,1.54400912,"No comparison: no PBE in pure ballot strategies","Low type","none_low_type","region_polygon"
0.237625539165378,1.53600928,"No comparison: no PBE in pure ballot strategies","Low type","none_low_type","region_polygon"
0.236095746097627,1.52800944,"No comparison: no PBE in pure ballot strategies","Low type","none_low_type","region_polygon"
0.234569730226761,1.5200096,"No comparison: no PBE in pure ballot strategies","Low type","none_low_type","region_polygon"
0.233047477580669,1.51200976,"No comparison: no PBE in pure ballot strategies","Low type","none_low_type","region_polygon"
0.231528974256069,1.50400992,"No comparison: no PBE in pure ballot strategies","Low type","none_low_type","region_polygon"
0.230014206418081,1.49601008,"No comparison: no PBE in pure ballot strategies","Low type","none_low_type","region_polygon"
0.22850316029981,1.48801024,"No comparison: no PBE in pure ballot strategies","Low type","none_low_type","region_polygon"
0.226995822201925,1.4800104,"No comparison: no PBE in pure ballot strategies","Low type","none_low_type","region_polygon"
0.22549217849225,1.47201056,"No comparison: no PBE in pure ballot strategies","Low type","none_low_type","region_polygon"
0.223992215605348,1.46401072,"No comparison: no PBE in pure ballot strategies","Low type","none_low_type","region_polygon"
0.222495920042116,1.45601088,"No comparison: no PBE in pure ballot strategies","Low type","none_low_type","region_polygon"
0.221003278369382,1.44801104,"No comparison: no PBE in pure ballot strategies","Low type","none_low_type","region_polygon"
0.219514277219498,1.4400112,"No comparison: no PBE in pure ballot strategies","Low type","none_low_type","region_polygon"
0.218028903289942,1.43201136,"No comparison: no PBE in pure ballot strategies","Low type","none_low_type","region_polygon"
0.216547143342928,1.42401152,"No comparison: no PBE in pure ballot strategies","Low type","none_low_type","region_polygon"
0.215068984205002,1.41601168,"No comparison: no PBE in pure ballot strategies","Low type","none_low_type","region_polygon"
0.213594412766664,1.40801184,"No comparison: no PBE in pure ballot strategies","Low type","none_low_type","region_polygon"
0.212123415981968,1.400012,"No comparison: no PBE in pure ballot strategies","Low type","none_low_type","region_polygon"
0.210655980868149,1.39201216,"No comparison: no PBE in pure ballot strategies","Low type","none_low_type","region_polygon"
0.20919209450523,1.38401232,"No comparison: no PBE in pure ballot strategies","Low type","none_low_type","region_polygon"
0.207731744035653,1.37601248,"No comparison: no PBE in pure ballot strategies","Low type","none_low_type","region_polygon"
0.206274916663894,1.36801264,"No comparison: no PBE in pure ballot strategies","Low type","none_low_type","region_polygon"
0.204821599656096,1.3600128,"No comparison: no PBE in pure ballot strategies","Low type","none_low_type","region_polygon"
0.203371780339692,1.35201296,"No comparison: no PBE in pure ballot strategies","Low type","none_low_type","region_polygon"
0.201925446103043,1.34401312,"No comparison: no PBE in pure ballot strategies","Low type","none_low_type","region_polygon"
0.200482584395066,1.33601328,"No comparison: no PBE in pure ballot strategies","Low type","none_low_type","region_polygon"
0.199043182724877,1.32801344,"No comparison: no PBE in pure ballot strategies","Low type","none_low_type","region_polygon"
0.197607228661424,1.3200136,"No comparison: no PBE in pure ballot strategies","Low type","none_low_type","region_polygon"
0.196174709833135,1.31201376,"No comparison: no PBE in pure ballot strategies","Low type","none_low_type","region_polygon"
0.194745613927561,1.30401392,"No comparison: no PBE in pure ballot strategies","Low type","none_low_type","region_polygon"
0.19331992869102,1.29601408,"No comparison: no PBE in pure ballot strategies","Low type","none_low_type","region_polygon"
0.191897641928251,1.28801424,"No comparison: no PBE in pure ballot strategies","Low type","none_low_type","region_polygon"
0.190478741502065,1.2800144,"No comparison: no PBE in pure ballot strategies","Low type","none_low_type","region_polygon"
0.189063215332999,1.27201456,"No comparison: no PBE in pure ballot strategies","Low type","none_low_type","region_polygon"
0.187651051398972,1.26401472,"No comparison: no PBE in pure ballot strategies","Low type","none_low_type","region_polygon"
0.186242237734949,1.25601488,"No comparison: no PBE in pure ballot strategies","Low type","none_low_type","region_polygon"
0.184836762432599,1.24801504,"No comparison: no PBE in pure ballot strategies","Low type","none_low_type","region_polygon"
0.18343461363996,1.2400152,"No comparison: no PBE in pure ballot strategies","Low type","none_low_type","region_polygon"
0.182035779561107,1.23201536,"No comparison: no PBE in pure ballot strategies","Low type","none_low_type","region_polygon"
0.180640248455823,1.22401552,"No comparison: no PBE in pure ballot strategies","Low type","none_low_type","region_polygon"
0.179248008639265,1.21601568,"No comparison: no PBE in pure ballot strategies","Low type","none_low_type","region_polygon"
0.177859048481644,1.20801584,"No comparison: no PBE in pure ballot strategies","Low type","none_low_type","region_polygon"
0.176473356407897,1.200016,"No comparison: no PBE in pure ballot strategies","Low type","none_low_type","region_polygon"
0.175090920897368,1.19201616,"No comparison: no PBE in pure ballot strategies","Low type","none_low_type","region_polygon"
0.173711730483486,1.18401632,"No comparison: no PBE in pure ballot strategies","Low type","none_low_type","region_polygon"
0.172335773753451,1.17601648,"No comparison: no PBE in pure ballot strategies","Low type","none_low_type","region_polygon"
0.170963039347918,1.16801664,"No comparison: no PBE in pure ballot strategies","Low type","none_low_type","region_polygon"
0.169593515960683,1.1600168,"No comparison: no PBE in pure ballot strategies","Low type","none_low_type","region_polygon"
0.168227192338374,1.15201696,"No comparison: no PBE in pure ballot strategies","Low type","none_low_type","region_polygon"
0.166864057280143,1.14401712,"No comparison: no PBE in pure ballot strategies","Low type","none_low_type","region_polygon"
0.16550409963736,1.13601728,"No comparison: no PBE in pure ballot strategies","Low type","none_low_type","region_polygon"
0.164147308313309,1.12801744,"No comparison: no PBE in pure ballot strategies","Low type","none_low_type","region_polygon"
0.162793672262883,1.1200176,"No comparison: no PBE in pure ballot strategies","Low type","none_low_type","region_polygon"
0.161443180492289,1.11201776,"No comparison: no PBE in pure ballot strategies","Low type","none_low_type","region_polygon"
0.160095822058749,1.10401792,"No comparison: no PBE in pure ballot strategies","Low type","none_low_type","region_polygon"
0.158751586070202,1.09601808,"No comparison: no PBE in pure ballot strategies","Low type","none_low_type","region_polygon"
0.157410461685015,1.08801824,"No comparison: no PBE in pure ballot strategies","Low type","none_low_type","region_polygon"
0.156072438111685,1.0800184,"No comparison: no PBE in pure ballot strategies","Low type","none_low_type","region_polygon"
0.154737504608557,1.07201856,"No comparison: no PBE in pure ballot strategies","Low type","none_low_type","region_polygon"
0.153405650483532,1.06401872,"No comparison: no PBE in pure ballot strategies","Low type","none_low_type","region_polygon"
0.152076865093781,1.05601888,"No comparison: no PBE in pure ballot strategies","Low type","none_low_type","region_polygon"
0.150751137845464,1.04801904,"No comparison: no PBE in pure ballot strategies","Low type","none_low_type","region_polygon"
0.149428458193448,1.0400192,"No comparison: no PBE in pure ballot strategies","Low type","none_low_type","region_polygon"
0.148108815641026,1.03201936,"No comparison: no PBE in pure ballot strategies","Low type","none_low_type","region_polygon"
0.146792199739641,1.02401952,"No comparison: no PBE in pure ballot strategies","Low type","none_low_type","region_polygon"
0.14547860008861,1.01601968,"No comparison: no PBE in pure ballot strategies","Low type","none_low_type","region_polygon"
0.144168006334846,1.00801984,"No comparison: no PBE in pure ballot strategies","Low type","none_low_type","region_polygon"
0.142860408172595,1.00002,"No comparison: no PBE in pure ballot strategies","Low type","none_low_type","region_polygon"
0.141555795343156,0.99202016,"No comparison: no PBE in pure ballot strategies","Low type","none_low_type","region_polygon"
0.140254157634618,0.98402032,"No comparison: no PBE in pure ballot strategies","Low type","none_low_type","region_polygon"
0.138955484881596,0.97602048,"No comparison: no PBE in pure ballot strategies","Low type","none_low_type","region_polygon"
0.137659766964959,0.96802064,"No comparison: no PBE in pure ballot strategies","Low type","none_low_type","region_polygon"
0.136366993811573,0.9600208,"No comparison: no PBE in pure ballot strategies","Low type","none_low_type","region_polygon"
0.135077155394038,0.95202096,"No comparison: no PBE in pure ballot strategies","Low type","none_low_type","region_polygon"
0.133790241730429,0.94402112,"No comparison: no PBE in pure ballot strategies","Low type","none_low_type","region_polygon"
0.132506242884039,0.93602128,"No comparison: no PBE in pure ballot strategies","Low type","none_low_type","region_polygon"
0.131225148963121,0.92802144,"No comparison: no PBE in pure ballot strategies","Low type","none_low_type","region_polygon"
0.129946950120639,0.9200216,"No comparison: no PBE in pure ballot strategies","Low type","none_low_type","region_polygon"
0.128671636554008,0.91202176,"No comparison: no PBE in pure ballot strategies","Low type","none_low_type","region_polygon"
0.127399198504852,0.90402192,"No comparison: no PBE in pure ballot strategies","Low type","none_low_type","region_polygon"
0.126129626258748,0.89602208,"No comparison: no PBE in pure ballot strategies","Low type","none_low_type","region_polygon"
0.124862910144983,0.88802224,"No comparison: no PBE in pure ballot strategies","Low type","none_low_type","region_polygon"
0.123599040536307,0.8800224,"No comparison: no PBE in pure ballot strategies","Low type","none_low_type","region_polygon"
0.122338007848689,0.87202256,"No comparison: no PBE in pure ballot strategies","Low type","none_low_type","region_polygon"
0.121079802541075,0.86402272,"No comparison: no PBE in pure ballot strategies","Low type","none_low_type","region_polygon"
0.119824415115148,0.85602288,"No comparison: no PBE in pure ballot strategies","Low type","none_low_type","region_polygon"
0.118571836115087,0.84802304,"No comparison: no PBE in pure ballot strategies","Low type","none_low_type","region_polygon"
0.117322056127333,0.8400232,"No comparison: no PBE in pure ballot strategies","Low type","none_low_type","region_polygon"
0.116075065780348,0.83202336,"No comparison: no PBE in pure ballot strategies","Low type","none_low_type","region_polygon"
0.114830855744388,0.82402352,"No comparison: no PBE in pure ballot strategies","Low type","none_low_type","region_polygon"
0.113589416731262,0.81602368,"No comparison: no PBE in pure ballot strategies","Low type","none_low_type","region_polygon"
0.112350739494109,0.80802384,"No comparison: no PBE in pure ballot strategies","Low type","none_low_type","region_polygon"
0.111114814827161,0.800024,"No comparison: no PBE in pure ballot strategies","Low type","none_low_type","region_polygon"
0.10988163356552,0.79202416,"No comparison: no PBE in pure ballot strategies","Low type","none_low_type","region_polygon"
0.10865118658493,0.78402432,"No comparison: no PBE in pure ballot strategies","Low type","none_low_type","region_polygon"
0.107423464801553,0.77602448,"No comparison: no PBE in pure ballot strategies","Low type","none_low_type","region_polygon"
0.106198459171741,0.76802464,"No comparison: no PBE in pure ballot strategies","Low type","none_low_type","region_polygon"
0.104976160691821,0.7600248,"No comparison: no PBE in pure ballot strategies","Low type","none_low_type","region_polygon"
0.103756560397868,0.75202496,"No comparison: no PBE in pure ballot strategies","Low type","none_low_type","region_polygon"
0.10253964936549,0.74402512,"No comparison: no PBE in pure ballot strategies","Low type","none_low_type","region_polygon"
0.101325418709607,0.73602528,"No comparison: no PBE in pure ballot strategies","Low type","none_low_type","region_polygon"
0.100113859584239,0.72802544,"No comparison: no PBE in pure ballot strategies","Low type","none_low_type","region_polygon"
0.0989049631822881,0.7200256,"No comparison: no PBE in pure ballot strategies","Low type","none_low_type","region_polygon"
0.0976987207353247,0.71202576,"No comparison: no PBE in pure ballot strategies","Low type","none_low_type","region_polygon"
0.0964951235133774,0.70402592,"No comparison: no PBE in pure ballot strategies","Low type","none_low_type","region_polygon"
0.0952941628247216,0.69602608,"No comparison: no PBE in pure ballot strategies","Low type","none_low_type","region_polygon"
0.0940958300156701,0.68802624,"No comparison: no PBE in pure ballot strategies","Low type","none_low_type","region_polygon"
0.0929001164703654,0.6800264,"No comparison: no PBE in pure ballot strategies","Low type","none_low_type","region_polygon"
0.0917070136105734,0.67202656,"No comparison: no PBE in pure ballot strategies","Low type","none_low_type","region_polygon"
0.0905165128954777,0.66402672,"No comparison: no PBE in pure ballot strategies","Low type","none_low_type","region_polygon"
0.0893286058214767,0.65602688,"No comparison: no PBE in pure ballot strategies","Low type","none_low_type","region_polygon"
0.0881432839219801,0.64802704,"No comparison: no PBE in pure ballot strategies","Low type","none_low_type","region_polygon"
0.0869605387672085,0.6400272,"No comparison: no PBE in pure ballot strategies","Low type","none_low_type","region_polygon"
0.0857803619639934,0.63202736,"No comparison: no PBE in pure ballot strategies","Low type","none_low_type","region_polygon"
0.0846027451555785,0.62402752,"No comparison: no PBE in pure ballot strategies","Low type","none_low_type","region_polygon"
0.0834276800214224,0.61602768,"No comparison: no PBE in pure ballot strategies","Low type","none_low_type","region_polygon"
0.082255158277003,0.60802784,"No comparison: no PBE in pure ballot strategies","Low type","none_low_type","region_polygon"
0.0810851716736226,0.600028,"No comparison: no PBE in pure ballot strategies","Low type","none_low_type","region_polygon"
0.0799177119982141,0.59202816,"No comparison: no PBE in pure ballot strategies","Low type","none_low_type","region_polygon"
0.0787527710731495,0.58402832,"No comparison: no PBE in pure ballot strategies","Low type","none_low_type","region_polygon"
0.0775903407560486,0.57602848,"No comparison: no PBE in pure ballot strategies","Low type","none_low_type","region_polygon"
0.0764304129395892,0.56802864,"No comparison: no PBE in pure ballot strategies","Low type","none_low_type","region_polygon"
0.0752729795513187,0.5600288,"No comparison: no PBE in pure ballot strategies","Low type","none_low_type","region_polygon"
0.0741180325534671,0.55202896,"No comparison: no PBE in pure ballot strategies","Low type","none_low_type","region_polygon"
0.0729655639427605,0.54402912,"No comparison: no PBE in pure ballot strategies","Low type","none_low_type","region_polygon"
0.0718155657502365,0.53602928,"No comparison: no PBE in pure ballot strategies","Low type","none_low_type","region_polygon"
0.0706680300410606,0.52802944,"No comparison: no PBE in pure ballot strategies","Low type","none_low_type","region_polygon"
0.0695229489143433,0.5200296,"No comparison: no PBE in pure ballot strategies","Low type","none_low_type","region_polygon"
0.0683803145029594,0.51202976,"No comparison: no PBE in pure ballot strategies","Low type","none_low_type","region_polygon"
0.0672401189733671,0.50402992,"No comparison: no PBE in pure ballot strategies","Low type","none_low_type","region_polygon"
0.0661023545254297,0.49603008,"No comparison: no PBE in pure ballot strategies","Low type","none_low_type","region_polygon"
0.0649670133922371,0.48803024,"No comparison: no PBE in pure ballot strategies","Low type","none_low_type","region_polygon"
0.0638340878399296,0.4800304,"No comparison: no PBE in pure ballot strategies","Low type","none_low_type","region_polygon"
0.0627035701675218,0.47203056,"No comparison: no PBE in pure ballot strategies","Low type","none_low_type","region_polygon"
0.0615754527067287,0.46403072,"No comparison: no PBE in pure ballot strategies","Low type","none_low_type","region_polygon"
0.0604497278217915,0.45603088,"No comparison: no PBE in pure ballot strategies","Low type","none_low_type","region_polygon"
0.0593263879093062,0.44803104,"No comparison: no PBE in pure ballot strategies","Low type","none_low_type","region_polygon"
0.0582054253980519,0.4400312,"No comparison: no PBE in pure ballot strategies","Low type","none_low_type","region_polygon"
0.0570868327488207,0.43203136,"No comparison: no PBE in pure ballot strategies","Low type","none_low_type","region_polygon"
0.0559706024542489,0.42403152,"No comparison: no PBE in pure ballot strategies","Low type","none_low_type","region_polygon"
0.0548567270386488,0.41603168,"No comparison: no PBE in pure ballot strategies","Low type","none_low_type","region_polygon"
0.0537451990578422,0.40803184,"No comparison: no PBE in pure ballot strategies","Low type","none_low_type","region_polygon"
0.0526360110989941,0.400032,"No comparison: no PBE in pure ballot strategies","Low type","none_low_type","region_polygon"
0.0515291557804482,0.39203216,"No comparison: no PBE in pure ballot strategies","Low type","none_low_type","region_polygon"
0.0504246257515631,0.38403232,"No comparison: no PBE in pure ballot strategies","Low type","none_low_type","region_polygon"
0.0493224136925494,0.37603248,"No comparison: no PBE in pure ballot strategies","Low type","none_low_type","region_polygon"
0.0482225123143084,0.36803264,"No comparison: no PBE in pure ballot strategies","Low type","none_low_type","region_polygon"
0.0471249143582711,0.3600328,"No comparison: no PBE in pure ballot strategies","Low type","none_low_type","region_polygon"
0.0460296125962384,0.35203296,"No comparison: no PBE in pure ballot strategies","Low type","none_low_type","region_polygon"
0.0449365998302229,0.34403312,"No comparison: no PBE in pure ballot strategies","Low type","none_low_type","region_polygon"
0.0438458688922908,0.33603328,"No comparison: no PBE in pure ballot strategies","Low type","none_low_type","region_polygon"
0.0427574126444055,0.32803344,"No comparison: no PBE in pure ballot strategies","Low type","none_low_type","region_polygon"
0.0416712239782716,0.3200336,"No comparison: no PBE in pure ballot strategies","Low type","none_low_type","region_polygon"
0.0405872958151804,0.31203376,"No comparison: no PBE in pure ballot strategies","Low type","none_low_type","region_polygon"
0.039505621105856,0.30403392,"No comparison: no PBE in pure ballot strategies","Low type","none_low_type","region_polygon"
0.0384261928303027,0.29603408,"No comparison: no PBE in pure ballot strategies","Low type","none_low_type","region_polygon"
0.0373490039976526,0.28803424,"No comparison: no PBE in pure ballot strategies","Low type","none_low_type","region_polygon"
0.0362740476460154,0.2800344,"No comparison: no PBE in pure ballot strategies","Low type","none_low_type","region_polygon"
0.0352013168423279,0.27203456,"No comparison: no PBE in pure ballot strategies","Low type","none_low_type","region_polygon"
0.0341308046822051,0.26403472,"No comparison: no PBE in pure ballot strategies","Low type","none_low_type","region_polygon"
0.033062504289792,0.25603488,"No comparison: no PBE in pure ballot strategies","Low type","none_low_type","region_polygon"
0.0319964088176167,0.24803504,"No comparison: no PBE in pure ballot strategies","Low type","none_low_type","region_polygon"
0.0309325114464437,0.2400352,"No comparison: no PBE in pure ballot strategies","Low type","none_low_type","region_polygon"
0.0298708053851285,0.23203536,"No comparison: no PBE in pure ballot strategies","Low type","none_low_type","region_polygon"
0.0288112838704737,0.22403552,"No comparison: no PBE in pure ballot strategies","Low type","none_low_type","region_polygon"
0.0277539401670844,0.21603568,"No comparison: no PBE in pure ballot strategies","Low type","none_low_type","region_polygon"
0.0266987675672266,0.20803584,"No comparison: no PBE in pure ballot strategies","Low type","none_low_type","region_polygon"
0.0256457593906844,0.200036,"No comparison: no PBE in pure ballot strategies","Low type","none_low_type","region_polygon"
0.0245949089846195,0.19203616,"No comparison: no PBE in pure ballot strategies","Low type","none_low_type","region_polygon"
0.0235462097234311,0.18403632,"No comparison: no PBE in pure ballot strategies","Low type","none_low_type","region_polygon"
0.0224996550086164,0.17603648,"No comparison: no PBE in pure ballot strategies","Low type","none_low_type","region_polygon"
0.0214552382686326,0.16803664,"No comparison: no PBE in pure ballot strategies","Low type","none_low_type","region_polygon"
0.0204129529587588,0.1600368,"No comparison: no PBE in pure ballot strategies","Low type","none_low_type","region_polygon"
0.0193727925609599,0.15203696,"No comparison: no PBE in pure ballot strategies","Low type","none_low_type","region_polygon"
0.0183347505837502,0.14403712,"No comparison: no PBE in pure ballot strategies","Low type","none_low_type","region_polygon"
0.0172988205620588,0.13603728,"No comparison: no PBE in pure ballot strategies","Low type","none_low_type","region_polygon"
0.0162649960570951,0.12803744,"No comparison: no PBE in pure ballot strategies","Low type","none_low_type","region_polygon"
0.0152332706562153,0.1200376,"No comparison: no PBE in pure ballot strategies","Low type","none_low_type","region_polygon"
0.0142036379727903,0.11203776,"No comparison: no PBE in pure ballot strategies","Low type","none_low_type","region_polygon"
0.0131760916460734,0.10403792,"No comparison: no PBE in pure ballot strategies","Low type","none_low_type","region_polygon"
0.0121506253410695,0.09603808,"No comparison: no PBE in pure ballot strategies","Low type","none_low_type","region_polygon"
0.011127232748405,0.08803824,"No comparison: no PBE in pure ballot strategies","Low type","none_low_type","region_polygon"
0.0101059075841984,0.0800384,"No comparison: no PBE in pure ballot strategies","Low type","none_low_type","region_polygon"
0.00908664358993149,0.07203856,"No comparison: no PBE in pure ballot strategies","Low type","none_low_type","region_polygon"
0.00806943453232171,0.06403872,"No comparison: no PBE in pure ballot strategies","Low type","none_low_type","region_polygon"
0.00705427420319499,0.05603888,"No comparison: no PBE in pure ballot strategies","Low type","none_low_type","region_polygon"
0.00604115641935948,0.04803904,"No comparison: no PBE in pure ballot strategies","Low type","none_low_type","region_polygon"
0.00503007502248001,0.0400392,"No comparison: no PBE in pure ballot strategies","Low type","none_low_type","region_polygon"
0.0040210238789533,0.03203936,"No comparison: no PBE in pure ballot strategies","Low type","none_low_type","region_polygon"
0.00301399687978394,0.02403952,"No comparison: no PBE in pure ballot strategies","Low type","none_low_type","region_polygon"
0.00200898794046111,0.01603968,"No comparison: no PBE in pure ballot strategies","Low type","none_low_type","region_polygon"
0.00100599100083602,0.00803984,"No comparison: no PBE in pure ballot strategies","Low type","none_low_type","region_polygon"
5.000025000125e-06,4e-05,"No comparison: no PBE in pure ballot strategies","Low type","none_low_type","region_polygon"
0,4e-05,"No comparison: no PBE in pure ballot strategies","High type","none_high_type","region_polygon"
0,0.00803984,"No comparison: no PBE in pure ballot strategies","High type","none_high_type","region_polygon"
0,0.01603968,"No comparison: no PBE in pure ballot strategies","High type","none_high_type","region_polygon"
0,0.02403952,"No comparison: no PBE in pure ballot strategies","High type","none_high_type","region_polygon"
0,0.03203936,"No comparison: no PBE in pure ballot strategies","High type","none_high_type","region_polygon"
0,0.0400392,"No comparison: no PBE in pure ballot strategies","High type","none_high_type","region_polygon"
0,0.04803904,"No comparison: no PBE in pure ballot strategies","High type","none_high_type","region_polygon"
0,0.05603888,"No comparison: no PBE in pure ballot strategies","High type","none_high_type","region_polygon"
0,0.06403872,"No comparison: no PBE in pure ballot strategies","High type","none_high_type","region_polygon"
0,0.07203856,"No comparison: no PBE in pure ballot strategies","High type","none_high_type","region_polygon"
0,0.0800384,"No comparison: no PBE in pure ballot strategies","High type","none_high_type","region_polygon"
0,0.08803824,"No comparison: no PBE in pure ballot strategies","High type","none_high_type","region_polygon"
0,0.09603808,"No comparison: no PBE in pure ballot strategies","High type","none_high_type","region_polygon"
0,0.10403792,"No comparison: no PBE in pure ballot strategies","High type","none_high_type","region_polygon"
0,0.11203776,"No comparison: no PBE in pure ballot strategies","High type","none_high_type","region_polygon"
0,0.1200376,"No comparison: no PBE in pure ballot strategies","High type","none_high_type","region_polygon"
0,0.12803744,"No comparison: no PBE in pure ballot strategies","High type","none_high_type","region_polygon"
0,0.13603728,"No comparison: no PBE in pure ballot strategies","High type","none_high_type","region_polygon"
0,0.14403712,"No comparison: no PBE in pure ballot strategies","High type","none_high_type","region_polygon"
0,0.15203696,"No comparison: no PBE in pure ballot strategies","High type","none_high_type","region_polygon"
0,0.1600368,"No comparison: no PBE in pure ballot strategies","High type","none_high_type","region_polygon"
0,0.16803664,"No comparison: no PBE in pure ballot strategies","High type","none_high_type","region_polygon"
0,0.17603648,"No comparison: no PBE in pure ballot strategies","High type","none_high_type","region_polygon"
0,0.18403632,"No comparison: no PBE in pure ballot strategies","High type","none_high_type","region_polygon"
0,0.19203616,"No comparison: no PBE in pure ballot strategies","High type","none_high_type","region_polygon"
0,0.200036,"No comparison: no PBE in pure ballot strategies","High type","none_high_type","region_polygon"
0,0.20803584,"No comparison: no PBE in pure ballot strategies","High type","none_high_type","region_polygon"
0,0.21603568,"No comparison: no PBE in pure ballot strategies","High type","none_high_type","region_polygon"
0,0.22403552,"No comparison: no PBE in pure ballot strategies","High type","none_high_type","region_polygon"
0,0.23203536,"No comparison: no PBE in pure ballot strategies","High type","none_high_type","region_polygon"
0,0.2400352,"No comparison: no PBE in pure ballot strategies","High type","none_high_type","region_polygon"
0,0.24803504,"No comparison: no PBE in pure ballot strategies","High type","none_high_type","region_polygon"
0,0.25603488,"No comparison: no PBE in pure ballot strategies","High type","none_high_type","region_polygon"
0,0.26403472,"No comparison: no PBE in pure ballot strategies","High type","none_high_type","region_polygon"
0,0.27203456,"No comparison: no PBE in pure ballot strategies","High type","none_high_type","region_polygon"
0,0.2800344,"No comparison: no PBE in pure ballot strategies","High type","none_high_type","region_polygon"
0,0.28803424,"No comparison: no PBE in pure ballot strategies","High type","none_high_type","region_polygon"
0,0.29603408,"No comparison: no PBE in pure ballot strategies","High type","none_high_type","region_polygon"
0,0.30403392,"No comparison: no PBE in pure ballot strategies","High type","none_high_type","region_polygon"
0,0.31203376,"No comparison: no PBE in pure ballot strategies","High type","none_high_type","region_polygon"
0,0.3200336,"No comparison: no PBE in pure ballot strategies","High type","none_high_type","region_polygon"
0,0.32803344,"No comparison: no PBE in pure ballot strategies","High type","none_high_type","region_polygon"
0,0.33603328,"No comparison: no PBE in pure ballot strategies","High type","none_high_type","region_polygon"
0,0.34403312,"No comparison: no PBE in pure ballot strategies","High type","none_high_type","region_polygon"
0,0.35203296,"No comparison: no PBE in pure ballot strategies","High type","none_high_type","region_polygon"
0,0.3600328,"No comparison: no PBE in pure ballot strategies","High type","none_high_type","region_polygon"
0,0.36803264,"No comparison: no PBE in pure ballot strategies","High type","none_high_type","region_polygon"
0,0.37603248,"No comparison: no PBE in pure ballot strategies","High type","none_high_type","region_polygon"
0,0.38403232,"No comparison: no PBE in pure ballot strategies","High type","none_high_type","region_polygon"
0,0.39203216,"No comparison: no PBE in pure ballot strategies","High type","none_high_type","region_polygon"
0,0.400032,"No comparison: no PBE in pure ballot strategies","High type","none_high_type","region_polygon"
0,0.40803184,"No comparison: no PBE in pure ballot strategies","High type","none_high_type","region_polygon"
0,0.41603168,"No comparison: no PBE in pure ballot strategies","High type","none_high_type","region_polygon"
0,0.42403152,"No comparison: no PBE in pure ballot strategies","High type","none_high_type","region_polygon"
0,0.43203136,"No comparison: no PBE in pure ballot strategies","High type","none_high_type","region_polygon"
0,0.4400312,"No comparison: no PBE in pure ballot strategies","High type","none_high_type","region_polygon"
0,0.44803104,"No comparison: no PBE in pure ballot strategies","High type","none_high_type","region_polygon"
0,0.45603088,"No comparison: no PBE in pure ballot strategies","High type","none_high_type","region_polygon"
0,0.46403072,"No comparison: no PBE in pure ballot strategies","High type","none_high_type","region_polygon"
0,0.47203056,"No comparison: no PBE in pure ballot strategies","High type","none_high_type","region_polygon"
0,0.4800304,"No comparison: no PBE in pure ballot strategies","High type","none_high_type","region_polygon"
0,0.48803024,"No comparison: no PBE in pure ballot strategies","High type","none_high_type","region_polygon"
0,0.49603008,"No comparison: no PBE in pure ballot strategies","High type","none_high_type","region_polygon"
0,0.50402992,"No comparison: no PBE in pure ballot strategies","High type","none_high_type","region_polygon"
0,0.51202976,"No comparison: no PBE in pure ballot strategies","High type","none_high_type","region_polygon"
0,0.5200296,"No comparison: no PBE in pure ballot strategies","High type","none_high_type","region_polygon"
0,0.52802944,"No comparison: no PBE in pure ballot strategies","High type","none_high_type","region_polygon"
0,0.53602928,"No comparison: no PBE in pure ballot strategies","High type","none_high_type","region_polygon"
0,0.54402912,"No comparison: no PBE in pure ballot strategies","High type","none_high_type","region_polygon"
0,0.55202896,"No comparison: no PBE in pure ballot strategies","High type","none_high_type","region_polygon"
0,0.5600288,"No comparison: no PBE in pure ballot strategies","High type","none_high_type","region_polygon"
0,0.56802864,"No comparison: no PBE in pure ballot strategies","High type","none_high_type","region_polygon"
0,0.57602848,"No comparison: no PBE in pure ballot strategies","High type","none_high_type","region_polygon"
0,0.58402832,"No comparison: no PBE in pure ballot strategies","High type","none_high_type","region_polygon"
0,0.59202816,"No comparison: no PBE in pure ballot strategies","High type","none_high_type","region_polygon"
0,0.600028,"No comparison: no PBE in pure ballot strategies","High type","none_high_type","region_polygon"
0,0.60802784,"No comparison: no PBE in pure ballot strategies","High type","none_high_type","region_polygon"
0,0.61602768,"No comparison: no PBE in pure ballot strategies","High type","none_high_type","region_polygon"
0,0.62402752,"No comparison: no PBE in pure ballot strategies","High type","none_high_type","region_polygon"
0,0.63202736,"No comparison: no PBE in pure ballot strategies","High type","none_high_type","region_polygon"
0,0.6400272,"No comparison: no PBE in pure ballot strategies","High type","none_high_type","region_polygon"
0,0.64802704,"No comparison: no PBE in pure ballot strategies","High type","none_high_type","region_polygon"
0,0.65602688,"No comparison: no PBE in pure ballot strategies","High type","none_high_type","region_polygon"
0,0.66402672,"No comparison: no PBE in pure ballot strategies","High type","none_high_type","region_polygon"
0,0.67202656,"No comparison: no PBE in pure ballot strategies","High type","none_high_type","region_polygon"
0,0.6800264,"No comparison: no PBE in pure ballot strategies","High type","none_high_type","region_polygon"
0,0.68802624,"No comparison: no PBE in pure ballot strategies","High type","none_high_type","region_polygon"
0,0.69602608,"No comparison: no PBE in pure ballot strategies","High type","none_high_type","region_polygon"
0,0.70402592,"No comparison: no PBE in pure ballot strategies","High type","none_high_type","region_polygon"
0,0.71202576,"No comparison: no PBE in pure ballot strategies","High type","none_high_type","region_polygon"
0,0.7200256,"No comparison: no PBE in pure ballot strategies","High type","none_high_type","region_polygon"
0,0.72802544,"No comparison: no PBE in pure ballot strategies","High type","none_high_type","region_polygon"
0,0.73602528,"No comparison: no PBE in pure ballot strategies","High type","none_high_type","region_polygon"
0,0.74402512,"No comparison: no PBE in pure ballot strategies","High type","none_high_type","region_polygon"
0,0.75202496,"No comparison: no PBE in pure ballot strategies","High type","none_high_type","region_polygon"
0,0.7600248,"No comparison: no PBE in pure ballot strategies","High type","none_high_type","region_polygon"
0,0.76802464,"No comparison: no PBE in pure ballot strategies","High type","none_high_type","region_polygon"
0,0.77602448,"No comparison: no PBE in pure ballot strategies","High type","none_high_type","region_polygon"
0,0.78402432,"No comparison: no PBE in pure ballot strategies","High type","none_high_type","region_polygon"
0,0.79202416,"No comparison: no PBE in pure ballot strategies","High type","none_high_type","region_polygon"
0,0.800024,"No comparison: no PBE in pure ballot strategies","High type","none_high_type","region_polygon"
0,0.80802384,"No comparison: no PBE in pure ballot strategies","High type","none_high_type","region_polygon"
0,0.81602368,"No comparison: no PBE in pure ballot strategies","High type","none_high_type","region_polygon"
0,0.82402352,"No comparison: no PBE in pure ballot strategies","High type","none_high_type","region_polygon"
0,0.83202336,"No comparison: no PBE in pure ballot strategies","High type","none_high_type","region_polygon"
0,0.8400232,"No comparison: no PBE in pure ballot strategies","High type","none_high_type","region_polygon"
0,0.84802304,"No comparison: no PBE in pure ballot strategies","High type","none_high_type","region_polygon"
0,0.85602288,"No comparison: no PBE in pure ballot strategies","High type","none_high_type","region_polygon"
0,0.86402272,"No comparison: no PBE in pure ballot strategies","High type","none_high_type","region_polygon"
0,0.87202256,"No comparison: no PBE in pure ballot strategies","High type","none_high_type","region_polygon"
0,0.8800224,"No comparison: no PBE in pure ballot strategies","High type","none_high_type","region_polygon"
0,0.88802224,"No comparison: no PBE in pure ballot strategies","High type","none_high_type","region_polygon"
0,0.89602208,"No comparison: no PBE in pure ballot strategies","High type","none_high_type","region_polygon"
0,0.90402192,"No comparison: no PBE in pure ballot strategies","High type","none_high_type","region_polygon"
0,0.91202176,"No comparison: no PBE in pure ballot strategies","High type","none_high_type","region_polygon"
0,0.9200216,"No comparison: no PBE in pure ballot strategies","High type","none_high_type","region_polygon"
0,0.92802144,"No comparison: no PBE in pure ballot strategies","High type","none_high_type","region_polygon"
0,0.93602128,"No comparison: no PBE in pure ballot strategies","High type","none_high_type","region_polygon"
0,0.94402112,"No comparison: no PBE in pure ballot strategies","High type","none_high_type","region_polygon"
0,0.95202096,"No comparison: no PBE in pure ballot strategies","High type","none_high_type","region_polygon"
0,0.9600208,"No comparison: no PBE in pure ballot strategies","High type","none_high_type","region_polygon"
0,0.96802064,"No comparison: no PBE in pure ballot strategies","High type","none_high_type","region_polygon"
0,0.97602048,"No comparison: no PBE in pure ballot strategies","High type","none_high_type","region_polygon"
0,0.98402032,"No comparison: no PBE in pure ballot strategies","High type","none_high_type","region_polygon"
0,0.99202016,"No comparison: no PBE in pure ballot strategies","High type","none_high_type","region_polygon"
0,1.00002,"No comparison: no PBE in pure ballot strategies","High type","none_high_type","region_polygon"
0,1.00801984,"No comparison: no PBE in pure ballot strategies","High type","none_high_type","region_polygon"
0,1.01601968,"No comparison: no PBE in pure ballot strategies","High type","none_high_type","region_polygon"
0,1.02401952,"No comparison: no PBE in pure ballot strategies","High type","none_high_type","region_polygon"
0,1.03201936,"No comparison: no PBE in pure ballot strategies","High type","none_high_type","region_polygon"
0,1.0400192,"No comparison: no PBE in pure ballot strategies","High type","none_high_type","region_polygon"
0,1.04801904,"No comparison: no PBE in pure ballot strategies","High type","none_high_type","region_polygon"
0,1.05601888,"No comparison: no PBE in pure ballot strategies","High type","none_high_type","region_polygon"
0,1.06401872,"No comparison: no PBE in pure ballot strategies","High type","none_high_type","region_polygon"
0,1.07201856,"No comparison: no PBE in pure ballot strategies","High type","none_high_type","region_polygon"
0,1.0800184,"No comparison: no PBE in pure ballot strategies","High type","none_high_type","region_polygon"
0,1.08801824,"No comparison: no PBE in pure ballot strategies","High type","none_high_type","region_polygon"
0,1.09601808,"No comparison: no PBE in pure ballot strategies","High type","none_high_type","region_polygon"
0,1.10401792,"No comparison: no PBE in pure ballot strategies","High type","none_high_type","region_polygon"
0,1.11201776,"No comparison: no PBE in pure ballot strategies","High type","none_high_type","region_polygon"
0,1.1200176,"No comparison: no PBE in pure ballot strategies","High type","none_high_type","region_polygon"
0,1.12801744,"No comparison: no PBE in pure ballot strategies","High type","none_high_type","region_polygon"
0,1.13601728,"No comparison: no PBE in pure ballot strategies","High type","none_high_type","region_polygon"
0,1.14401712,"No comparison: no PBE in pure ballot strategies","High type","none_high_type","region_polygon"
0,1.15201696,"No comparison: no PBE in pure ballot strategies","High type","none_high_type","region_polygon"
0,1.1600168,"No comparison: no PBE in pure ballot strategies","High type","none_high_type","region_polygon"
0,1.16801664,"No comparison: no PBE in pure ballot strategies","High type","none_high_type","region_polygon"
0,1.17601648,"No comparison: no PBE in pure ballot strategies","High type","none_high_type","region_polygon"
0,1.18401632,"No comparison: no PBE in pure ballot strategies","High type","none_high_type","region_polygon"
0,1.19201616,"No comparison: no PBE in pure ballot strategies","High type","none_high_type","region_polygon"
0,1.200016,"No comparison: no PBE in pure ballot strategies","High type","none_high_type","region_polygon"
0,1.20801584,"No comparison: no PBE in pure ballot strategies","High type","none_high_type","region_polygon"
0,1.21601568,"No comparison: no PBE in pure ballot strategies","High type","none_high_type","region_polygon"
0,1.22401552,"No comparison: no PBE in pure ballot strategies","High type","none_high_type","region_polygon"
0,1.23201536,"No comparison: no PBE in pure ballot strategies","High type","none_high_type","region_polygon"
0,1.2400152,"No comparison: no PBE in pure ballot strategies","High type","none_high_type","region_polygon"
0,1.24801504,"No comparison: no PBE in pure ballot strategies","High type","none_high_type","region_polygon"
0,1.25601488,"No comparison: no PBE in pure ballot strategies","High type","none_high_type","region_polygon"
0,1.26401472,"No comparison: no PBE in pure ballot strategies","High type","none_high_type","region_polygon"
0,1.27201456,"No comparison: no PBE in pure ballot strategies","High type","none_high_type","region_polygon"
0,1.2800144,"No comparison: no PBE in pure ballot strategies","High type","none_high_type","region_polygon"
0,1.28801424,"No comparison: no PBE in pure ballot strategies","High type","none_high_type","region_polygon"
0,1.29601408,"No comparison: no PBE in pure ballot strategies","High type","none_high_type","region_polygon"
0,1.30401392,"No comparison: no PBE in pure ballot strategies","High type","none_high_type","region_polygon"
0,1.31201376,"No comparison: no PBE in pure ballot strategies","High type","none_high_type","region_polygon"
0,1.3200136,"No comparison: no PBE in pure ballot strategies","High type","none_high_type","region_polygon"
0,1.32801344,"No comparison: no PBE in pure ballot strategies","High type","none_high_type","region_polygon"
0,1.33601328,"No comparison: no PBE in pure ballot strategies","High type","none_high_type","region_polygon"
0,1.34401312,"No comparison: no PBE in pure ballot strategies","High type","none_high_type","region_polygon"
0,1.35201296,"No comparison: no PBE in pure ballot strategies","High type","none_high_type","region_polygon"
0,1.3600128,"No comparison: no PBE in pure ballot strategies","High type","none_high_type","region_polygon"
0,1.36801264,"No comparison: no PBE in pure ballot strategies","High type","none_high_type","region_polygon"
0,1.37601248,"No comparison: no PBE in pure ballot strategies","High type","none_high_type","region_polygon"
0,1.38401232,"No comparison: no PBE in pure ballot strategies","High type","none_high_type","region_polygon"
0,1.39201216,"No comparison: no PBE in pure ballot strategies","High type","none_high_type","region_polygon"
0,1.400012,"No comparison: no PBE in pure ballot strategies","High type","none_high_type","region_polygon"
0,1.40801184,"No comparison: no PBE in pure ballot strategies","High type","none_high_type","region_polygon"
0,1.41601168,"No comparison: no PBE in pure ballot strategies","High type","none_high_type","region_polygon"
0,1.42401152,"No comparison: no PBE in pure ballot strategies","High type","none_high_type","region_polygon"
0,1.43201136,"No comparison: no PBE in pure ballot strategies","High type","none_high_type","region_polygon"
0,1.4400112,"No comparison: no PBE in pure ballot strategies","High type","none_high_type","region_polygon"
0,1.44801104,"No comparison: no PBE in pure ballot strategies","High type","none_high_type","region_polygon"
0,1.45601088,"No comparison: no PBE in pure ballot strategies","High type","none_high_type","region_polygon"
0,1.46401072,"No comparison: no PBE in pure ballot strategies","High type","none_high_type","region_polygon"
0,1.47201056,"No comparison: no PBE in pure ballot strategies","High type","none_high_type","region_polygon"
0,1.4800104,"No comparison: no PBE in pure ballot strategies","High type","none_high_type","region_polygon"
0,1.48801024,"No comparison: no PBE in pure ballot strategies","High type","none_high_type","region_polygon"
0,1.49601008,"No comparison: no PBE in pure ballot strategies","High type","none_high_type","region_polygon"
0,1.50400992,"No comparison: no PBE in pure ballot strategies","High type","none_high_type","region_polygon"
0,1.51200976,"No comparison: no PBE in pure ballot strategies","High type","none_high_type","region_polygon"
0,1.5200096,"No comparison: no PBE in pure ballot strategies","High type","none_high_type","region_polygon"
0,1.52800944,"No comparison: no PBE in pure ballot strategies","High type","none_high_type","region_polygon"
0,1.53600928,"No comparison: no PBE in pure ballot strategies","High type","none_high_type","region_polygon"
0,1.54400912,"No comparison: no PBE in pure ballot strategies","High type","none_high_type","region_polygon"
0,1.55200896,"No comparison: no PBE in pure ballot strategies","High type","none_high_type","region_polygon"
0,1.5600088,"No comparison: no PBE in pure ballot strategies","High type","none_high_type","region_polygon"
0,1.56800864,"No comparison: no PBE in pure ballot strategies","High type","none_high_type","region_polygon"
0,1.57600848,"No comparison: no PBE in pure ballot strategies","High type","none_high_type","region_polygon"
0,1.58400832,"No comparison: no PBE in pure ballot strategies","High type","none_high_type","region_polygon"
0,1.59200816,"No comparison: no PBE in pure ballot strategies","High type","none_high_type","region_polygon"
0,1.600008,"No comparison: no PBE in pure ballot strategies","High type","none_high_type","region_polygon"
0,1.60800784,"No comparison: no PBE in pure ballot strategies","High type","none_high_type","region_polygon"
0,1.61600768,"No comparison: no PBE in pure ballot strategies","High type","none_high_type","region_polygon"
0,1.62400752,"No comparison: no PBE in pure ballot strategies","High type","none_high_type","region_polygon"
0,1.63200736,"No comparison: no PBE in pure ballot strategies","High type","none_high_type","region_polygon"
0,1.6400072,"No comparison: no PBE in pure ballot strategies","High type","none_high_type","region_polygon"
0,1.64800704,"No comparison: no PBE in pure ballot strategies","High type","none_high_type","region_polygon"
0,1.65600688,"No comparison: no PBE in pure ballot strategies","High type","none_high_type","region_polygon"
0,1.66400672,"No comparison: no PBE in pure ballot strategies","High type","none_high_type","region_polygon"
0,1.67200656,"No comparison: no PBE in pure ballot strategies","High type","none_high_type","region_polygon"
0,1.6800064,"No comparison: no PBE in pure ballot strategies","High type","none_high_type","region_polygon"
0,1.68800624,"No comparison: no PBE in pure ballot strategies","High type","none_high_type","region_polygon"
0,1.69600608,"No comparison: no PBE in pure ballot strategies","High type","none_high_type","region_polygon"
0,1.70400592,"No comparison: no PBE in pure ballot strategies","High type","none_high_type","region_polygon"
0,1.71200576,"No comparison: no PBE in pure ballot strategies","High type","none_high_type","region_polygon"
0,1.7200056,"No comparison: no PBE in pure ballot strategies","High type","none_high_type","region_polygon"
0,1.72800544,"No comparison: no PBE in pure ballot strategies","High type","none_high_type","region_polygon"
0,1.73600528,"No comparison: no PBE in pure ballot strategies","High type","none_high_type","region_polygon"
0,1.74400512,"No comparison: no PBE in pure ballot strategies","High type","none_high_type","region_polygon"
0,1.75200496,"No comparison: no PBE in pure ballot strategies","High type","none_high_type","region_polygon"
0,1.7600048,"No comparison: no PBE in pure ballot strategies","High type","none_high_type","region_polygon"
0,1.76800464,"No comparison: no PBE in pure ballot strategies","High type","none_high_type","region_polygon"
0,1.77600448,"No comparison: no PBE in pure ballot strategies","High type","none_high_type","region_polygon"
0,1.78400432,"No comparison: no PBE in pure ballot strategies","High type","none_high_type","region_polygon"
0,1.79200416,"No comparison: no PBE in pure ballot strategies","High type","none_high_type","region_polygon"
0,1.800004,"No comparison: no PBE in pure ballot strategies","High type","none_high_type","region_polygon"
0,1.80800384,"No comparison: no PBE in pure ballot strategies","High type","none_high_type","region_polygon"
0,1.81600368,"No comparison: no PBE in pure ballot strategies","High type","none_high_type","region_polygon"
0,1.82400352,"No comparison: no PBE in pure ballot strategies","High type","none_high_type","region_polygon"
0,1.83200336,"No comparison: no PBE in pure ballot strategies","High type","none_high_type","region_polygon"
0,1.8400032,"No comparison: no PBE in pure ballot strategies","High type","none_high_type","region_polygon"
0,1.84800304,"No comparison: no PBE in pure ballot strategies","High type","none_high_type","region_polygon"
0,1.85600288,"No comparison: no PBE in pure ballot strategies","High type","none_high_type","region_polygon"
0,1.86400272,"No comparison: no PBE in pure ballot strategies","High type","none_high_type","region_polygon"
0,1.87200256,"No comparison: no PBE in pure ballot strategies","High type","none_high_type","region_polygon"
0,1.8800024,"No comparison: no PBE in pure ballot strategies","High type","none_high_type","region_polygon"
0,1.88800224,"No comparison: no PBE in pure ballot strategies","High type","none_high_type","region_polygon"
0,1.89600208,"No comparison: no PBE in pure ballot strategies","High type","none_high_type","region_polygon"
0,1.90400192,"No comparison: no PBE in pure ballot strategies","High type","none_high_type","region_polygon"
0,1.91200176,"No comparison: no PBE in pure ballot strategies","High type","none_high_type","region_polygon"
0,1.9200016,"No comparison: no PBE in pure ballot strategies","High type","none_high_type","region_polygon"
0,1.92800144,"No comparison: no PBE in pure ballot strategies","High type","none_high_type","region_polygon"
0,1.93600128,"No comparison: no PBE in pure ballot strategies","High type","none_high_type","region_polygon"
0,1.94400112,"No comparison: no PBE in pure ballot strategies","High type","none_high_type","region_polygon"
0,1.95200096,"No comparison: no PBE in pure ballot strategies","High type","none_high_type","region_polygon"
0,1.9600008,"No comparison: no PBE in pure ballot strategies","High type","none_high_type","region_polygon"
0,1.96800064,"No comparison: no PBE in pure ballot strategies","High type","none_high_type","region_polygon"
0,1.97600048,"No comparison: no PBE in pure ballot strategies","High type","none_high_type","region_polygon"
0,1.98400032,"No comparison: no PBE in pure ballot strategies","High type","none_high_type","region_polygon"
0,1.99200016,"No comparison: no PBE in pure ballot strategies","High type","none_high_type","region_polygon"
0,2,"No comparison: no PBE in pure ballot strategies","High type","none_high_type","region_polygon"
0,2.00799984,"No comparison: no PBE in pure ballot strategies","High type","none_high_type","region_polygon"
0,2.01599968,"No comparison: no PBE in pure ballot strategies","High type","none_high_type","region_polygon"
0,2.02399952,"No comparison: no PBE in pure ballot strategies","High type","none_high_type","region_polygon"
0,2.03199936,"No comparison: no PBE in pure ballot strategies","High type","none_high_type","region_polygon"
0,2.0399992,"No comparison: no PBE in pure ballot strategies","High type","none_high_type","region_polygon"
0,2.04799904,"No comparison: no PBE in pure ballot strategies","High type","none_high_type","region_polygon"
0,2.05599888,"No comparison: no PBE in pure ballot strategies","High type","none_high_type","region_polygon"
0,2.06399872,"No comparison: no PBE in pure ballot strategies","High type","none_high_type","region_polygon"
0,2.07199856,"No comparison: no PBE in pure ballot strategies","High type","none_high_type","region_polygon"
0,2.0799984,"No comparison: no PBE in pure ballot strategies","High type","none_high_type","region_polygon"
0,2.08799824,"No comparison: no PBE in pure ballot strategies","High type","none_high_type","region_polygon"
0,2.09599808,"No comparison: no PBE in pure ballot strategies","High type","none_high_type","region_polygon"
0,2.10399792,"No comparison: no PBE in pure ballot strategies","High type","none_high_type","region_polygon"
0,2.11199776,"No comparison: no PBE in pure ballot strategies","High type","none_high_type","region_polygon"
0,2.1199976,"No comparison: no PBE in pure ballot strategies","High type","none_high_type","region_polygon"
0,2.12799744,"No comparison: no PBE in pure ballot strategies","High type","none_high_type","region_polygon"
0,2.13599728,"No comparison: no PBE in pure ballot strategies","High type","none_high_type","region_polygon"
0,2.14399712,"No comparison: no PBE in pure ballot strategies","High type","none_high_type","region_polygon"
0,2.15199696,"No comparison: no PBE in pure ballot strategies","High type","none_high_type","region_polygon"
0,2.1599968,"No comparison: no PBE in pure ballot strategies","High type","none_high_type","region_polygon"
0,2.16799664,"No comparison: no PBE in pure ballot strategies","High type","none_high_type","region_polygon"
0,2.17599648,"No comparison: no PBE in pure ballot strategies","High type","none_high_type","region_polygon"
0,2.18399632,"No comparison: no PBE in pure ballot strategies","High type","none_high_type","region_polygon"
0,2.19199616,"No comparison: no PBE in pure ballot strategies","High type","none_high_type","region_polygon"
0,2.199996,"No comparison: no PBE in pure ballot strategies","High type","none_high_type","region_polygon"
0,2.20799584,"No comparison: no PBE in pure ballot strategies","High type","none_high_type","region_polygon"
0,2.21599568,"No comparison: no PBE in pure ballot strategies","High type","none_high_type","region_polygon"
0,2.22399552,"No comparison: no PBE in pure ballot strategies","High type","none_high_type","region_polygon"
0,2.23199536,"No comparison: no PBE in pure ballot strategies","High type","none_high_type","region_polygon"
0,2.2399952,"No comparison: no PBE in pure ballot strategies","High type","none_high_type","region_polygon"
0,2.24799504,"No comparison: no PBE in pure ballot strategies","High type","none_high_type","region_polygon"
0,2.25599488,"No comparison: no PBE in pure ballot strategies","High type","none_high_type","region_polygon"
0,2.26399472,"No comparison: no PBE in pure ballot strategies","High type","none_high_type","region_polygon"
0,2.27199456,"No comparison: no PBE in pure ballot strategies","High type","none_high_type","region_polygon"
0,2.2799944,"No comparison: no PBE in pure ballot strategies","High type","none_high_type","region_polygon"
0,2.28799424,"No comparison: no PBE in pure ballot strategies","High type","none_high_type","region_polygon"
0,2.29599408,"No comparison: no PBE in pure ballot strategies","High type","none_high_type","region_polygon"
0,2.30399392,"No comparison: no PBE in pure ballot strategies","High type","none_high_type","region_polygon"
0,2.31199376,"No comparison: no PBE in pure ballot strategies","High type","none_high_type","region_polygon"
0,2.3199936,"No comparison: no PBE in pure ballot strategies","High type","none_high_type","region_polygon"
0,2.32799344,"No comparison: no PBE in pure ballot strategies","High type","none_high_type","region_polygon"
0,2.33599328,"No comparison: no PBE in pure ballot strategies","High type","none_high_type","region_polygon"
0,2.34399312,"No comparison: no PBE in pure ballot strategies","High type","none_high_type","region_polygon"
0,2.35199296,"No comparison: no PBE in pure ballot strategies","High type","none_high_type","region_polygon"
0,2.3599928,"No comparison: no PBE in pure ballot strategies","High type","none_high_type","region_polygon"
0,2.36799264,"No comparison: no PBE in pure ballot strategies","High type","none_high_type","region_polygon"
0,2.37599248,"No comparison: no PBE in pure ballot strategies","High type","none_high_type","region_polygon"
0,2.38399232,"No comparison: no PBE in pure ballot strategies","High type","none_high_type","region_polygon"
0,2.39199216,"No comparison: no PBE in pure ballot strategies","High type","none_high_type","region_polygon"
0,2.399992,"No comparison: no PBE in pure ballot strategies","High type","none_high_type","region_polygon"
0,2.40799184,"No comparison: no PBE in pure ballot strategies","High type","none_high_type","region_polygon"
0,2.41599168,"No comparison: no PBE in pure ballot strategies","High type","none_high_type","region_polygon"
0,2.42399152,"No comparison: no PBE in pure ballot strategies","High type","none_high_type","region_polygon"
0,2.43199136,"No comparison: no PBE in pure ballot strategies","High type","none_high_type","region_polygon"
0,2.4399912,"No comparison: no PBE in pure ballot strategies","High type","none_high_type","region_polygon"
0,2.44799104,"No comparison: no PBE in pure ballot strategies","High type","none_high_type","region_polygon"
0,2.45599088,"No comparison: no PBE in pure ballot strategies","High type","none_high_type","region_polygon"
0,2.46399072,"No comparison: no PBE in pure ballot strategies","High type","none_high_type","region_polygon"
0,2.47199056,"No comparison: no PBE in pure ballot strategies","High type","none_high_type","region_polygon"
0,2.4799904,"No comparison: no PBE in pure ballot strategies","High type","none_high_type","region_polygon"
0,2.48799024,"No comparison: no PBE in pure ballot strategies","High type","none_high_type","region_polygon"
0,2.49599008,"No comparison: no PBE in pure ballot strategies","High type","none_high_type","region_polygon"
0,2.50398992,"No comparison: no PBE in pure ballot strategies","High type","none_high_type","region_polygon"
0,2.51198976,"No comparison: no PBE in pure ballot strategies","High type","none_high_type","region_polygon"
0,2.5199896,"No comparison: no PBE in pure ballot strategies","High type","none_high_type","region_polygon"
0,2.52798944,"No comparison: no PBE in pure ballot strategies","High type","none_high_type","region_polygon"
0,2.53598928,"No comparison: no PBE in pure ballot strategies","High type","none_high_type","region_polygon"
0,2.54398912,"No comparison: no PBE in pure ballot strategies","High type","none_high_type","region_polygon"
0,2.55198896,"No comparison: no PBE in pure ballot strategies","High type","none_high_type","region_polygon"
0,2.5599888,"No comparison: no PBE in pure ballot strategies","High type","none_high_type","region_polygon"
0,2.56798864,"No comparison: no PBE in pure ballot strategies","High type","none_high_type","region_polygon"
0,2.57598848,"No comparison: no PBE in pure ballot strategies","High type","none_high_type","region_polygon"
0,2.58398832,"No comparison: no PBE in pure ballot strategies","High type","none_high_type","region_polygon"
0,2.59198816,"No comparison: no PBE in pure ballot strategies","High type","none_high_type","region_polygon"
0,2.599988,"No comparison: no PBE in pure ballot strategies","High type","none_high_type","region_polygon"
0,2.60798784,"No comparison: no PBE in pure ballot strategies","High type","none_high_type","region_polygon"
0,2.61598768,"No comparison: no PBE in pure ballot strategies","High type","none_high_type","region_polygon"
0,2.62398752,"No comparison: no PBE in pure ballot strategies","High type","none_high_type","region_polygon"
0,2.63198736,"No comparison: no PBE in pure ballot strategies","High type","none_high_type","region_polygon"
0,2.6399872,"No comparison: no PBE in pure ballot strategies","High type","none_high_type","region_polygon"
0,2.64798704,"No comparison: no PBE in pure ballot strategies","High type","none_high_type","region_polygon"
0,2.65598688,"No comparison: no PBE in pure ballot strategies","High type","none_high_type","region_polygon"
0,2.66398672,"No comparison: no PBE in pure ballot strategies","High type","none_high_type","region_polygon"
0,2.67198656,"No comparison: no PBE in pure ballot strategies","High type","none_high_type","region_polygon"
0,2.6799864,"No comparison: no PBE in pure ballot strategies","High type","none_high_type","region_polygon"
0,2.68798624,"No comparison: no PBE in pure ballot strategies","High type","none_high_type","region_polygon"
0,2.69598608,"No comparison: no PBE in pure ballot strategies","High type","none_high_type","region_polygon"
0,2.70398592,"No comparison: no PBE in pure ballot strategies","High type","none_high_type","region_polygon"
0,2.71198576,"No comparison: no PBE in pure ballot strategies","High type","none_high_type","region_polygon"
0,2.7199856,"No comparison: no PBE in pure ballot strategies","High type","none_high_type","region_polygon"
0,2.72798544,"No comparison: no PBE in pure ballot strategies","High type","none_high_type","region_polygon"
0,2.73598528,"No comparison: no PBE in pure ballot strategies","High type","none_high_type","region_polygon"
0,2.74398512,"No comparison: no PBE in pure ballot strategies","High type","none_high_type","region_polygon"
0,2.75198496,"No comparison: no PBE in pure ballot strategies","High type","none_high_type","region_polygon"
0,2.7599848,"No comparison: no PBE in pure ballot strategies","High type","none_high_type","region_polygon"
0,2.76798464,"No comparison: no PBE in pure ballot strategies","High type","none_high_type","region_polygon"
0,2.77598448,"No comparison: no PBE in pure ballot strategies","High type","none_high_type","region_polygon"
0,2.78398432,"No comparison: no PBE in pure ballot strategies","High type","none_high_type","region_polygon"
0,2.79198416,"No comparison: no PBE in pure ballot strategies","High type","none_high_type","region_polygon"
0,2.799984,"No comparison: no PBE in pure ballot strategies","High type","none_high_type","region_polygon"
0,2.80798384,"No comparison: no PBE in pure ballot strategies","High type","none_high_type","region_polygon"
0,2.81598368,"No comparison: no PBE in pure ballot strategies","High type","none_high_type","region_polygon"
0,2.82398352,"No comparison: no PBE in pure ballot strategies","High type","none_high_type","region_polygon"
0,2.83198336,"No comparison: no PBE in pure ballot strategies","High type","none_high_type","region_polygon"
0,2.8399832,"No comparison: no PBE in pure ballot strategies","High type","none_high_type","region_polygon"
0,2.84798304,"No comparison: no PBE in pure ballot strategies","High type","none_high_type","region_polygon"
0,2.85598288,"No comparison: no PBE in pure ballot strategies","High type","none_high_type","region_polygon"
0,2.86398272,"No comparison: no PBE in pure ballot strategies","High type","none_high_type","region_polygon"
0,2.87198256,"No comparison: no PBE in pure ballot strategies","High type","none_high_type","region_polygon"
0,2.8799824,"No comparison: no PBE in pure ballot strategies","High type","none_high_type","region_polygon"
0,2.88798224,"No comparison: no PBE in pure ballot strategies","High type","none_high_type","region_polygon"
0,2.89598208,"No comparison: no PBE in pure ballot strategies","High type","none_high_type","region_polygon"
0,2.90398192,"No comparison: no PBE in pure ballot strategies","High type","none_high_type","region_polygon"
0,2.91198176,"No comparison: no PBE in pure ballot strategies","High type","none_high_type","region_polygon"
0,2.9199816,"No comparison: no PBE in pure ballot strategies","High type","none_high_type","region_polygon"
0,2.92798144,"No comparison: no PBE in pure ballot strategies","High type","none_high_type","region_polygon"
0,2.93598128,"No comparison: no PBE in pure ballot strategies","High type","none_high_type","region_polygon"
0,2.94398112,"No comparison: no PBE in pure ballot strategies","High type","none_high_type","region_polygon"
0,2.95198096,"No comparison: no PBE in pure ballot strategies","High type","none_high_type","region_polygon"
0,2.9599808,"No comparison: no PBE in pure ballot strategies","High type","none_high_type","region_polygon"
0,2.96798064,"No comparison: no PBE in pure ballot strategies","High type","none_high_type","region_polygon"
0,2.97598048,"No comparison: no PBE in pure ballot strategies","High type","none_high_type","region_polygon"
0,2.98398032,"No comparison: no PBE in pure ballot strategies","High type","none_high_type","region_polygon"
0,2.99198016,"No comparison: no PBE in pure ballot strategies","High type","none_high_type","region_polygon"
0,2.99998,"No comparison: no PBE in pure ballot strategies","High type","none_high_type","region_polygon"
0,3.00797984,"No comparison: no PBE in pure ballot strategies","High type","none_high_type","region_polygon"
0,3.01597968,"No comparison: no PBE in pure ballot strategies","High type","none_high_type","region_polygon"
0,3.02397952,"No comparison: no PBE in pure ballot strategies","High type","none_high_type","region_polygon"
0,3.03197936,"No comparison: no PBE in pure ballot strategies","High type","none_high_type","region_polygon"
0,3.0399792,"No comparison: no PBE in pure ballot strategies","High type","none_high_type","region_polygon"
0,3.04797904,"No comparison: no PBE in pure ballot strategies","High type","none_high_type","region_polygon"
0,3.05597888,"No comparison: no PBE in pure ballot strategies","High type","none_high_type","region_polygon"
0,3.06397872,"No comparison: no PBE in pure ballot strategies","High type","none_high_type","region_polygon"
0,3.07197856,"No comparison: no PBE in pure ballot strategies","High type","none_high_type","region_polygon"
0,3.0799784,"No comparison: no PBE in pure ballot strategies","High type","none_high_type","region_polygon"
0,3.08797824,"No comparison: no PBE in pure ballot strategies","High type","none_high_type","region_polygon"
0,3.09597808,"No comparison: no PBE in pure ballot strategies","High type","none_high_type","region_polygon"
0,3.10397792,"No comparison: no PBE in pure ballot strategies","High type","none_high_type","region_polygon"
0,3.11197776,"No comparison: no PBE in pure ballot strategies","High type","none_high_type","region_polygon"
0,3.1199776,"No comparison: no PBE in pure ballot strategies","High type","none_high_type","region_polygon"
0,3.12797744,"No comparison: no PBE in pure ballot strategies","High type","none_high_type","region_polygon"
0,3.13597728,"No comparison: no PBE in pure ballot strategies","High type","none_high_type","region_polygon"
0,3.14397712,"No comparison: no PBE in pure ballot strategies","High type","none_high_type","region_polygon"
0,3.15197696,"No comparison: no PBE in pure ballot strategies","High type","none_high_type","region_polygon"
0,3.1599768,"No comparison: no PBE in pure ballot strategies","High type","none_high_type","region_polygon"
0,3.16797664,"No comparison: no PBE in pure ballot strategies","High type","none_high_type","region_polygon"
0,3.17597648,"No comparison: no PBE in pure ballot strategies","High type","none_high_type","region_polygon"
0,3.18397632,"No comparison: no PBE in pure ballot strategies","High type","none_high_type","region_polygon"
0,3.19197616,"No comparison: no PBE in pure ballot strategies","High type","none_high_type","region_polygon"
0,3.199976,"No comparison: no PBE in pure ballot strategies","High type","none_high_type","region_polygon"
0,3.20797584,"No comparison: no PBE in pure ballot strategies","High type","none_high_type","region_polygon"
0,3.21597568,"No comparison: no PBE in pure ballot strategies","High type","none_high_type","region_polygon"
0,3.22397552,"No comparison: no PBE in pure ballot strategies","High type","none_high_type","region_polygon"
0,3.23197536,"No comparison: no PBE in pure ballot strategies","High type","none_high_type","region_polygon"
0,3.2399752,"No comparison: no PBE in pure ballot strategies","High type","none_high_type","region_polygon"
0,3.24797504,"No comparison: no PBE in pure ballot strategies","High type","none_high_type","region_polygon"
0,3.25597488,"No comparison: no PBE in pure ballot strategies","High type","none_high_type","region_polygon"
0,3.26397472,"No comparison: no PBE in pure ballot strategies","High type","none_high_type","region_polygon"
0,3.27197456,"No comparison: no PBE in pure ballot strategies","High type","none_high_type","region_polygon"
0,3.2799744,"No comparison: no PBE in pure ballot strategies","High type","none_high_type","region_polygon"
0,3.28797424,"No comparison: no PBE in pure ballot strategies","High type","none_high_type","region_polygon"
0,3.29597408,"No comparison: no PBE in pure ballot strategies","High type","none_high_type","region_polygon"
0,3.30397392,"No comparison: no PBE in pure ballot strategies","High type","none_high_type","region_polygon"
0,3.31197376,"No comparison: no PBE in pure ballot strategies","High type","none_high_type","region_polygon"
0,3.3199736,"No comparison: no PBE in pure ballot strategies","High type","none_high_type","region_polygon"
0,3.32797344,"No comparison: no PBE in pure ballot strategies","High type","none_high_type","region_polygon"
0,3.33597328,"No comparison: no PBE in pure ballot strategies","High type","none_high_type","region_polygon"
0,3.34397312,"No comparison: no PBE in pure ballot strategies","High type","none_high_type","region_polygon"
0,3.35197296,"No comparison: no PBE in pure ballot strategies","High type","none_high_type","region_polygon"
0,3.3599728,"No comparison: no PBE in pure ballot strategies","High type","none_high_type","region_polygon"
0,3.36797264,"No comparison: no PBE in pure ballot strategies","High type","none_high_type","region_polygon"
0,3.37597248,"No comparison: no PBE in pure ballot strategies","High type","none_high_type","region_polygon"
0,3.38397232,"No comparison: no PBE in pure ballot strategies","High type","none_high_type","region_polygon"
0,3.39197216,"No comparison: no PBE in pure ballot strategies","High type","none_high_type","region_polygon"
0,3.399972,"No comparison: no PBE in pure ballot strategies","High type","none_high_type","region_polygon"
0,3.40797184,"No comparison: no PBE in pure ballot strategies","High type","none_high_type","region_polygon"
0,3.41597168,"No comparison: no PBE in pure ballot strategies","High type","none_high_type","region_polygon"
0,3.42397152,"No comparison: no PBE in pure ballot strategies","High type","none_high_type","region_polygon"
0,3.43197136,"No comparison: no PBE in pure ballot strategies","High type","none_high_type","region_polygon"
0,3.4399712,"No comparison: no PBE in pure ballot strategies","High type","none_high_type","region_polygon"
0,3.44797104,"No comparison: no PBE in pure ballot strategies","High type","none_high_type","region_polygon"
0,3.45597088,"No comparison: no PBE in pure ballot strategies","High type","none_high_type","region_polygon"
0,3.46397072,"No comparison: no PBE in pure ballot strategies","High type","none_high_type","region_polygon"
0,3.47197056,"No comparison: no PBE in pure ballot strategies","High type","none_high_type","region_polygon"
0,3.4799704,"No comparison: no PBE in pure ballot strategies","High type","none_high_type","region_polygon"
0,3.48797024,"No comparison: no PBE in pure ballot strategies","High type","none_high_type","region_polygon"
0,3.49597008,"No comparison: no PBE in pure ballot strategies","High type","none_high_type","region_polygon"
0,3.50396992,"No comparison: no PBE in pure ballot strategies","High type","none_high_type","region_polygon"
0,3.51196976,"No comparison: no PBE in pure ballot strategies","High type","none_high_type","region_polygon"
0,3.5199696,"No comparison: no PBE in pure ballot strategies","High type","none_high_type","region_polygon"
0,3.52796944,"No comparison: no PBE in pure ballot strategies","High type","none_high_type","region_polygon"
0,3.53596928,"No comparison: no PBE in pure ballot strategies","High type","none_high_type","region_polygon"
0,3.54396912,"No comparison: no PBE in pure ballot strategies","High type","none_high_type","region_polygon"
0,3.55196896,"No comparison: no PBE in pure ballot strategies","High type","none_high_type","region_polygon"
0,3.5599688,"No comparison: no PBE in pure ballot strategies","High type","none_high_type","region_polygon"
0,3.56796864,"No comparison: no PBE in pure ballot strategies","High type","none_high_type","region_polygon"
0,3.57596848,"No comparison: no PBE in pure ballot strategies","High type","none_high_type","region_polygon"
0,3.58396832,"No comparison: no PBE in pure ballot strategies","High type","none_high_type","region_polygon"
0,3.59196816,"No comparison: no PBE in pure ballot strategies","High type","none_high_type","region_polygon"
0,3.599968,"No comparison: no PBE in pure ballot strategies","High type","none_high_type","region_polygon"
0,3.60796784,"No comparison: no PBE in pure ballot strategies","High type","none_high_type","region_polygon"
0,3.61596768,"No comparison: no PBE in pure ballot strategies","High type","none_high_type","region_polygon"
0,3.62396752,"No comparison: no PBE in pure ballot strategies","High type","none_high_type","region_polygon"
0,3.63196736,"No comparison: no PBE in pure ballot strategies","High type","none_high_type","region_polygon"
0,3.6399672,"No comparison: no PBE in pure ballot strategies","High type","none_high_type","region_polygon"
0,3.64796704,"No comparison: no PBE in pure ballot strategies","High type","none_high_type","region_polygon"
0,3.65596688,"No comparison: no PBE in pure ballot strategies","High type","none_high_type","region_polygon"
0,3.66396672,"No comparison: no PBE in pure ballot strategies","High type","none_high_type","region_polygon"
0,3.67196656,"No comparison: no PBE in pure ballot strategies","High type","none_high_type","region_polygon"
0,3.6799664,"No comparison: no PBE in pure ballot strategies","High type","none_high_type","region_polygon"
0,3.68796624,"No comparison: no PBE in pure ballot strategies","High type","none_high_type","region_polygon"
0,3.69596608,"No comparison: no PBE in pure ballot strategies","High type","none_high_type","region_polygon"
0,3.70396592,"No comparison: no PBE in pure ballot strategies","High type","none_high_type","region_polygon"
0,3.71196576,"No comparison: no PBE in pure ballot strategies","High type","none_high_type","region_polygon"
0,3.7199656,"No comparison: no PBE in pure ballot strategies","High type","none_high_type","region_polygon"
0,3.72796544,"No comparison: no PBE in pure ballot strategies","High type","none_high_type","region_polygon"
0,3.73596528,"No comparison: no PBE in pure ballot strategies","High type","none_high_type","region_polygon"
0,3.74396512,"No comparison: no PBE in pure ballot strategies","High type","none_high_type","region_polygon"
0,3.75196496,"No comparison: no PBE in pure ballot strategies","High type","none_high_type","region_polygon"
0,3.7599648,"No comparison: no PBE in pure ballot strategies","High type","none_high_type","region_polygon"
0,3.76796464,"No comparison: no PBE in pure ballot strategies","High type","none_high_type","region_polygon"
0,3.77596448,"No comparison: no PBE in pure ballot strategies","High type","none_high_type","region_polygon"
0,3.78396432,"No comparison: no PBE in pure ballot strategies","High type","none_high_type","region_polygon"
0,3.79196416,"No comparison: no PBE in pure ballot strategies","High type","none_high_type","region_polygon"
0,3.799964,"No comparison: no PBE in pure ballot strategies","High type","none_high_type","region_polygon"
0,3.80796384,"No comparison: no PBE in pure ballot strategies","High type","none_high_type","region_polygon"
0,3.81596368,"No comparison: no PBE in pure ballot strategies","High type","none_high_type","region_polygon"
0,3.82396352,"No comparison: no PBE in pure ballot strategies","High type","none_high_type","region_polygon"
0,3.83196336,"No comparison: no PBE in pure ballot strategies","High type","none_high_type","region_polygon"
0,3.8399632,"No comparison: no PBE in pure ballot strategies","High type","none_high_type","region_polygon"
0,3.84796304,"No comparison: no PBE in pure ballot strategies","High type","none_high_type","region_polygon"
0,3.85596288,"No comparison: no PBE in pure ballot strategies","High type","none_high_type","region_polygon"
0,3.86396272,"No comparison: no PBE in pure ballot strategies","High type","none_high_type","region_polygon"
0,3.87196256,"No comparison: no PBE in pure ballot strategies","High type","none_high_type","region_polygon"
0,3.8799624,"No comparison: no PBE in pure ballot strategies","High type","none_high_type","region_polygon"
0,3.88796224,"No comparison: no PBE in pure ballot strategies","High type","none_high_type","region_polygon"
0,3.89596208,"No comparison: no PBE in pure ballot strategies","High type","none_high_type","region_polygon"
0,3.90396192,"No comparison: no PBE in pure ballot strategies","High type","none_high_type","region_polygon"
0,3.91196176,"No comparison: no PBE in pure ballot strategies","High type","none_high_type","region_polygon"
0,3.9199616,"No comparison: no PBE in pure ballot strategies","High type","none_high_type","region_polygon"
0,3.92796144,"No comparison: no PBE in pure ballot strategies","High type","none_high_type","region_polygon"
0,3.93596128,"No comparison: no PBE in pure ballot strategies","High type","none_high_type","region_polygon"
0,3.94396112,"No comparison: no PBE in pure ballot strategies","High type","none_high_type","region_polygon"
0,3.95196096,"No comparison: no PBE in pure ballot strategies","High type","none_high_type","region_polygon"
0,3.9599608,"No comparison: no PBE in pure ballot strategies","High type","none_high_type","region_polygon"
0,3.96796064,"No comparison: no PBE in pure ballot strategies","High type","none_high_type","region_polygon"
0,3.97596048,"No comparison: no PBE in pure ballot strategies","High type","none_high_type","region_polygon"
0,3.98396032,"No comparison: no PBE in pure ballot strategies","High type","none_high_type","region_polygon"
0,3.99196016,"No comparison: no PBE in pure ballot strategies","High type","none_high_type","region_polygon"
0,3.99996,"No comparison: no PBE in pure ballot strategies","High type","none_high_type","region_polygon"
0.999980000199998,3.99996,"No comparison: no PBE in pure ballot strategies","High type","none_high_type","region_polygon"
0.995988143670748,3.99196016,"No comparison: no PBE in pure ballot strategies","High type","none_high_type","region_polygon"
0.992012190477162,3.98396032,"No comparison: no PBE in pure ballot strategies","High type","none_high_type","region_polygon"
0.988052045771161,3.97596048,"No comparison: no PBE in pure ballot strategies","High type","none_high_type","region_polygon"
0.984107615457405,3.96796064,"No comparison: no PBE in pure ballot strategies","High type","none_high_type","region_polygon"
0.980178806185841,3.9599608,"No comparison: no PBE in pure ballot strategies","High type","none_high_type","region_polygon"
0.976265525344341,3.95196096,"No comparison: no PBE in pure ballot strategies","High type","none_high_type","region_polygon"
0.972367681051421,3.94396112,"No comparison: no PBE in pure ballot strategies","High type","none_high_type","region_polygon"
0.968485182149052,3.93596128,"No comparison: no PBE in pure ballot strategies","High type","none_high_type","region_polygon"
0.964617938195556,3.92796144,"No comparison: no PBE in pure ballot strategies","High type","none_high_type","region_polygon"
0.960765859458578,3.9199616,"No comparison: no PBE in pure ballot strategies","High type","none_high_type","region_polygon"
0.956928856908149,3.91196176,"No comparison: no PBE in pure ballot strategies","High type","none_high_type","region_polygon"
0.953106842209827,3.90396192,"No comparison: no PBE in pure ballot strategies","High type","none_high_type","region_polygon"
0.949299727717916,3.89596208,"No comparison: no PBE in pure ballot strategies","High type","none_high_type","region_polygon"
0.945507426468769,3.88796224,"No comparison: no PBE in pure ballot strategies","High type","none_high_type","region_polygon"
0.941729852174165,3.8799624,"No comparison: no PBE in pure ballot strategies","High type","none_high_type","region_polygon"
0.937966919214764,3.87196256,"No comparison: no PBE in pure ballot strategies","High type","none_high_type","region_polygon"
0.934218542633639,3.86396272,"No comparison: no PBE in pure ballot strategies","High type","none_high_type","region_polygon"
0.930484638129882,3.85596288,"No comparison: no PBE in pure ballot strategies","High type","none_high_type","region_polygon"
0.926765122052285,3.84796304,"No comparison: no PBE in pure ballot strategies","High type","none_high_type","region_polygon"
0.923059911393092,3.8399632,"No comparison: no PBE in pure ballot strategies","High type","none_high_type","region_polygon"
0.919368923781822,3.83196336,"No comparison: no PBE in pure ballot strategies","High type","none_high_type","region_polygon"
0.91569207747917,3.82396352,"No comparison: no PBE in pure ballot strategies","High type","none_high_type","region_polygon"
0.91202929137097,3.81596368,"No comparison: no PBE in pure ballot strategies","High type","none_high_type","region_polygon"
0.908380484962229,3.80796384,"No comparison: no PBE in pure ballot strategies","High type","none_high_type","region_polygon"
0.904745578371233,3.799964,"No comparison: no PBE in pure ballot strategies","High type","none_high_type","region_polygon"
0.901124492323716,3.79196416,"No comparison: no PBE in pure ballot strategies","High type","none_high_type","region_polygon"
0.897517148147096,3.78396432,"No comparison: no PBE in pure ballot strategies","High type","none_high_type","region_polygon"
0.893923467764779,3.77596448,"No comparison: no PBE in pure ballot strategies","High type","none_high_type","region_polygon"
0.890343373690526,3.76796464,"No comparison: no PBE in pure ballot strategies","High type","none_high_type","region_polygon"
0.886776789022884,3.7599648,"No comparison: no PBE in pure ballot strategies","High type","none_high_type","region_polygon"
0.883223637439676,3.75196496,"No comparison: no PBE in pure ballot strategies","High type","none_high_type","region_polygon"
0.879683843192563,3.74396512,"No comparison: no PBE in pure ballot strategies","High type","none_high_type","region_polygon"
0.876157331101657,3.73596528,"No comparison: no PBE in pure ballot strategies","High type","none_high_type","region_polygon"
0.872644026550197,3.72796544,"No comparison: no PBE in pure ballot strategies","High type","none_high_type","region_polygon"
0.869143855479293,3.7199656,"No comparison: no PBE in pure ballot strategies","High type","none_high_type","region_polygon"
0.865656744382713,3.71196576,"No comparison: no PBE in pure ballot strategies","High type","none_high_type","region_polygon"
0.862182620301746,3.70396592,"No comparison: no PBE in pure ballot strategies","High type","none_high_type","region_polygon"
0.858721410820108,3.69596608,"No comparison: no PBE in pure ballot strategies","High type","none_high_type","region_polygon"
0.855273044058913,3.68796624,"No comparison: no PBE in pure ballot strategies","High type","none_high_type","region_polygon"
0.851837448671696,3.6799664,"No comparison: no PBE in pure ballot strategies","High type","none_high_type","region_polygon"
0.848414553839492,3.67196656,"No comparison: no PBE in pure ballot strategies","High type","none_high_type","region_polygon"
0.845004289265972,3.66396672,"No comparison: no PBE in pure ballot strategies","High type","none_high_type","region_polygon"
0.841606585172629,3.65596688,"No comparison: no PBE in pure ballot strategies","High type","none_high_type","region_polygon"
0.838221372294019,3.64796704,"No comparison: no PBE in pure ballot strategies","High type","none_high_type","region_polygon"
0.834848581873054,3.6399672,"No comparison: no PBE in pure ballot strategies","High type","none_high_type","region_polygon"
0.831488145656348,3.63196736,"No comparison: no PBE in pure ballot strategies","High type","none_high_type","region_polygon"
0.82813999588961,3.62396752,"No comparison: no PBE in pure ballot strategies","High type","none_high_type","region_polygon"
0.824804065313095,3.61596768,"No comparison: no PBE in pure ballot strategies","High type","none_high_type","region_polygon"
0.821480287157096,3.60796784,"No comparison: no PBE in pure ballot strategies","High type","none_high_type","region_polygon"
0.81816859513749,3.599968,"No comparison: no PBE in pure ballot strategies","High type","none_high_type","region_polygon"
0.814868923451334,3.59196816,"No comparison: no PBE in pure ballot strategies","High type","none_high_type","region_polygon"
0.811581206772502,3.58396832,"No comparison: no PBE in pure ballot strategies","High type","none_high_type","region_polygon"
0.808305380247381,3.57596848,"No comparison: no PBE in pure ballot strategies","High type","none_high_type","region_polygon"
0.8050413794906,3.56796864,"No comparison: no PBE in pure ballot strategies","High type","none_high_type","region_polygon"
0.801789140580814,3.5599688,"No comparison: no PBE in pure ballot strategies","High type","none_high_type","region_polygon"
0.798548600056532,3.55196896,"No comparison: no PBE in pure ballot strategies","High type","none_high_type","region_polygon"
0.795319694911989,3.54396912,"No comparison: no PBE in pure ballot strategies","High type","none_high_type","region_polygon"
0.79210236259306,3.53596928,"No comparison: no PBE in pure ballot strategies","High type","none_high_type","region_polygon"
0.788896540993226,3.52796944,"No comparison: no PBE in pure ballot strategies","High type","none_high_type","region_polygon"
0.785702168449571,3.5199696,"No comparison: no PBE in pure ballot strategies","High type","none_high_type","region_polygon"
0.782519183738833,3.51196976,"No comparison: no PBE in pure ballot strategies","High type","none_high_type","region_polygon"
0.779347526073491,3.50396992,"No comparison: no PBE in pure ballot strategies","High type","none_high_type","region_polygon"
0.776187135097895,3.49597008,"No comparison: no PBE in pure ballot strategies","High type","none_high_type","region_polygon"
0.773037950884437,3.48797024,"No comparison: no PBE in pure ballot strategies","High type","none_high_type","region_polygon"
0.769899913929767,3.4799704,"No comparison: no PBE in pure ballot strategies","High type","none_high_type","region_polygon"
0.76677296515104,3.47197056,"No comparison: no PBE in pure ballot strategies","High type","none_high_type","region_polygon"
0.763657045882208,3.46397072,"No comparison: no PBE in pure ballot strategies","High type","none_high_type","region_polygon"
0.760552097870359,3.45597088,"No comparison: no PBE in pure ballot strategies","High type","none_high_type","region_polygon"
0.757458063272076,3.44797104,"No comparison: no PBE in pure ballot strategies","High type","none_high_type","region_polygon"
0.754374884649851,3.4399712,"No comparison: no PBE in pure ballot strategies","High type","none_high_type","region_polygon"
0.751302504968533,3.43197136,"No comparison: no PBE in pure ballot strategies","High type","none_high_type","region_polygon"
0.748240867591803,3.42397152,"No comparison: no PBE in pure ballot strategies","High type","none_high_type","region_polygon"
0.745189916278702,3.41597168,"No comparison: no PBE in pure ballot strategies","High type","none_high_type","region_polygon"
0.742149595180183,3.40797184,"No comparison: no PBE in pure ballot strategies","High type","none_high_type","region_polygon"
0.739119848835703,3.399972,"No comparison: no PBE in pure ballot strategies","High type","none_high_type","region_polygon"
0.736100622169852,3.39197216,"No comparison: no PBE in pure ballot strategies","High type","none_high_type","region_polygon"
0.733091860489017,3.38397232,"No comparison: no PBE in pure ballot strategies","High type","none_high_type","region_polygon"
0.730093509478075,3.37597248,"No comparison: no PBE in pure ballot strategies","High type","none_high_type","region_polygon"
0.72710551519713,3.36797264,"No comparison: no PBE in pure ballot strategies","High type","none_high_type","region_polygon"
0.724127824078273,3.3599728,"No comparison: no PBE in pure ballot strategies","High type","none_high_type","region_polygon"
0.721160382922385,3.35197296,"No comparison: no PBE in pure ballot strategies","High type","none_high_type","region_polygon"
0.718203138895968,3.34397312,"No comparison: no PBE in pure ballot strategies","High type","none_high_type","region_polygon"
0.715256039528007,3.33597328,"No comparison: no PBE in pure ballot strategies","High type","none_high_type","region_polygon"
0.712319032706869,3.32797344,"No comparison: no PBE in pure ballot strategies","High type","none_high_type","region_polygon"
0.709392066677231,3.3199736,"No comparison: no PBE in pure ballot strategies","High type","none_high_type","region_polygon"
0.706475090037039,3.31197376,"No comparison: no PBE in pure ballot strategies","High type","none_high_type","region_polygon"
0.7035680517345,3.30397392,"No comparison: no PBE in pure ballot strategies","High type","none_high_type","region_polygon"
0.700670901065103,3.29597408,"No comparison: no PBE in pure ballot strategies","High type","none_high_type","region_polygon"
0.697783587668672,3.28797424,"No comparison: no PBE in pure ballot strategies","High type","none_high_type","region_polygon"
0.694906061526446,3.2799744,"No comparison: no PBE in pure ballot strategies","High type","none_high_type","region_polygon"
0.692038272958193,3.27197456,"No comparison: no PBE in pure ballot strategies","High type","none_high_type","region_polygon"
0.689180172619349,3.26397472,"No comparison: no PBE in pure ballot strategies","High type","none_high_type","region_polygon"
0.686331711498189,3.25597488,"No comparison: no PBE in pure ballot strategies","High type","none_high_type","region_polygon"
0.683492840913024,3.24797504,"No comparison: no PBE in pure ballot strategies","High type","none_high_type","region_polygon"
0.680663512509431,3.2399752,"No comparison: no PBE in pure ballot strategies","High type","none_high_type","region_polygon"
0.677843678257502,3.23197536,"No comparison: no PBE in pure ballot strategies","High type","none_high_type","region_polygon"
0.675033290449131,3.22397552,"No comparison: no PBE in pure ballot strategies","High type","none_high_type","region_polygon"
0.672232301695322,3.21597568,"No comparison: no PBE in pure ballot strategies","High type","none_high_type","region_polygon"
0.669440664923526,3.20797584,"No comparison: no PBE in pure ballot strategies","High type","none_high_type","region_polygon"
0.666658333375,3.199976,"No comparison: no PBE in pure ballot strategies","High type","none_high_type","region_polygon"
0.663885260602202,3.19197616,"No comparison: no PBE in pure ballot strategies","High type","none_high_type","region_polygon"
0.661121400466204,3.18397632,"No comparison: no PBE in pure ballot strategies","High type","none_high_type","region_polygon"
0.658366707134131,3.17597648,"No comparison: no PBE in pure ballot strategies","High type","none_high_type","region_polygon"
0.655621135076632,3.16797664,"No comparison: no PBE in pure ballot strategies","High type","none_high_type","region_polygon"
0.652884639065367,3.1599768,"No comparison: no PBE in pure ballot strategies","High type","none_high_type","region_polygon"
0.650157174170526,3.15197696,"No comparison: no PBE in pure ballot strategies","High type","none_high_type","region_polygon"
0.647438695758369,3.14397712,"No comparison: no PBE in pure ballot strategies","High type","none_high_type","region_polygon"
0.644729159488795,3.13597728,"No comparison: no PBE in pure ballot strategies","High type","none_high_type","region_polygon"
0.642028521312923,3.12797744,"No comparison: no PBE in pure ballot strategies","High type","none_high_type","region_polygon"
0.639336737470713,3.1199776,"No comparison: no PBE in pure ballot strategies","High type","none_high_type","region_polygon"
0.6366537644886,3.11197776,"No comparison: no PBE in pure ballot strategies","High type","none_high_type","region_polygon"
0.633979559177151,3.10397792,"No comparison: no PBE in pure ballot strategies","High type","none_high_type","region_polygon"
0.631314078628751,3.09597808,"No comparison: no PBE in pure ballot strategies","High type","none_high_type","region_polygon"
0.628657280215306,3.08797824,"No comparison: no PBE in pure ballot strategies","High type","none_high_type","region_polygon"
0.62600912158597,3.0799784,"No comparison: no PBE in pure ballot strategies","High type","none_high_type","region_polygon"
0.623369560664898,3.07197856,"No comparison: no PBE in pure ballot strategies","High type","none_high_type","region_polygon"
0.620738555649015,3.06397872,"No comparison: no PBE in pure ballot strategies","High type","none_high_type","region_polygon"
0.618116065005806,3.05597888,"No comparison: no PBE in pure ballot strategies","High type","none_high_type","region_polygon"
0.61550204747114,3.04797904,"No comparison: no PBE in pure ballot strategies","High type","none_high_type","region_polygon"
0.612896462047095,3.0399792,"No comparison: no PBE in pure ballot strategies","High type","none_high_type","region_polygon"
0.610299267999821,3.03197936,"No comparison: no PBE in pure ballot strategies","High type","none_high_type","region_polygon"
0.607710424857415,3.02397952,"No comparison: no PBE in pure ballot strategies","High type","none_high_type","region_polygon"
0.605129892407822,3.01597968,"No comparison: no PBE in pure ballot strategies","High type","none_high_type","region_polygon"
0.602557630696748,3.00797984,"No comparison: no PBE in pure ballot strategies","High type","none_high_type","region_polygon"
0.5999936000256,2.99998,"No comparison: no PBE in pure ballot strategies","High type","none_high_type","region_polygon"
0.597437760949446,2.99198016,"No comparison: no PBE in pure ballot strategies","High type","none_high_type","region_polygon"
0.594890074274988,2.98398032,"No comparison: no PBE in pure ballot strategies","High type","none_high_type","region_polygon"
0.592350501058563,2.97598048,"No comparison: no PBE in pure ballot strategies","High type","none_high_type","region_polygon"
0.589819002604155,2.96798064,"No comparison: no PBE in pure ballot strategies","High type","none_high_type","region_polygon"
0.587295540461433,2.9599808,"No comparison: no PBE in pure ballot strategies","High type","none_high_type","region_polygon"
0.584780076423801,2.95198096,"No comparison: no PBE in pure ballot strategies","High type","none_high_type","region_polygon"
0.58227257252647,2.94398112,"No comparison: no PBE in pure ballot strategies","High type","none_high_type","region_polygon"
0.579772991044551,2.93598128,"No comparison: no PBE in pure ballot strategies","High type","none_high_type","region_polygon"
0.577281294491162,2.92798144,"No comparison: no PBE in pure ballot strategies","High type","none_high_type","region_polygon"
0.574797445615551,2.9199816,"No comparison: no PBE in pure ballot strategies","High type","none_high_type","region_polygon"
0.572321407401244,2.91198176,"No comparison: no PBE in pure ballot strategies","High type","none_high_type","region_polygon"
0.569853143064202,2.90398192,"No comparison: no PBE in pure ballot strategies","High type","none_high_type","region_polygon"
0.567392616051003,2.89598208,"No comparison: no PBE in pure ballot strategies","High type","none_high_type","region_polygon"
0.564939790037036,2.88798224,"No comparison: no PBE in pure ballot strategies","High type","none_high_type","region_polygon"
0.562494628924713,2.8799824,"No comparison: no PBE in pure ballot strategies","High type","none_high_type","region_polygon"
0.560057096841699,2.87198256,"No comparison: no PBE in pure ballot strategies","High type","none_high_type","region_polygon"
0.557627158139156,2.86398272,"No comparison: no PBE in pure ballot strategies","High type","none_high_type","region_polygon"
0.55520477739001,2.85598288,"No comparison: no PBE in pure ballot strategies","High type","none_high_type","region_polygon"
0.552789919387222,2.84798304,"No comparison: no PBE in pure ballot strategies","High type","none_high_type","region_polygon"
0.550382549142088,2.8399832,"No comparison: no PBE in pure ballot strategies","High type","none_high_type","region_polygon"
0.547982631882548,2.83198336,"No comparison: no PBE in pure ballot strategies","High type","none_high_type","region_polygon"
0.545590133051508,2.82398352,"No comparison: no PBE in pure ballot strategies","High type","none_high_type","region_polygon"
0.543205018305189,2.81598368,"No comparison: no PBE in pure ballot strategies","High type","none_high_type","region_polygon"
0.540827253511476,2.80798384,"No comparison: no PBE in pure ballot strategies","High type","none_high_type","region_polygon"
0.538456804748293,2.799984,"No comparison: no PBE in pure ballot strategies","High type","none_high_type","region_polygon"
0.536093638301991,2.79198416,"No comparison: no PBE in pure ballot strategies","High type","none_high_type","region_polygon"
0.533737720665748,2.78398432,"No comparison: no PBE in pure ballot strategies","High type","none_high_type","region_polygon"
0.531389018537985,2.77598448,"No comparison: no PBE in pure ballot strategies","High type","none_high_type","region_polygon"
0.529047498820799,2.76798464,"No comparison: no PBE in pure ballot strategies","High type","none_high_type","region_polygon"
0.526713128618406,2.7599848,"No comparison: no PBE in pure ballot strategies","High type","none_high_type","region_polygon"
0.524385875235601,2.75198496,"No comparison: no PBE in pure ballot strategies","High type","none_high_type","region_polygon"
0.522065706176235,2.74398512,"No comparison: no PBE in pure ballot strategies","High type","none_high_type","region_polygon"
0.519752589141696,2.73598528,"No comparison: no PBE in pure ballot strategies","High type","none_high_type","region_polygon"
0.517446492029415,2.72798544,"No comparison: no PBE in pure ballot strategies","High type","none_high_type","region_polygon"
0.51514738293138,2.7199856,"No comparison: no PBE in pure ballot strategies","High type","none_high_type","region_polygon"
0.512855230132663,2.71198576,"No comparison: no PBE in pure ballot strategies","High type","none_high_type","region_polygon"
0.510570002109964,2.70398592,"No comparison: no PBE in pure ballot strategies","High type","none_high_type","region_polygon"
0.508291667530164,2.69598608,"No comparison: no PBE in pure ballot strategies","High type","none_high_type","region_polygon"
0.506020195248892,2.68798624,"No comparison: no PBE in pure ballot strategies","High type","none_high_type","region_polygon"
0.503755554309109,2.6799864,"No comparison: no PBE in pure ballot strategies","High type","none_high_type","region_polygon"
0.501497713939701,2.67198656,"No comparison: no PBE in pure ballot strategies","High type","none_high_type","region_polygon"
0.499246643554081,2.66398672,"No comparison: no PBE in pure ballot strategies","High type","none_high_type","region_polygon"
0.497002312748813,2.65598688,"No comparison: no PBE in pure ballot strategies","High type","none_high_type","region_polygon"
0.494764691302242,2.64798704,"No comparison: no PBE in pure ballot strategies","High type","none_high_type","region_polygon"
0.492533749173136,2.6399872,"No comparison: no PBE in pure ballot strategies","High type","none_high_type","region_polygon"
0.490309456499342,2.63198736,"No comparison: no PBE in pure ballot strategies","High type","none_high_type","region_polygon"
0.488091783596455,2.62398752,"No comparison: no PBE in pure ballot strategies","High type","none_high_type","region_polygon"
0.485880700956494,2.61598768,"No comparison: no PBE in pure ballot strategies","High type","none_high_type","region_polygon"
0.483676179246599,2.60798784,"No comparison: no PBE in pure ballot strategies","High type","none_high_type","region_polygon"
0.481478189307727,2.599988,"No comparison: no PBE in pure ballot strategies","High type","none_high_type","region_polygon"
0.479286702153374,2.59198816,"No comparison: no PBE in pure ballot strategies","High type","none_high_type","region_polygon"
0.477101688968293,2.58398832,"No comparison: no PBE in pure ballot strategies","High type","none_high_type","region_polygon"
0.474923121107236,2.57598848,"No comparison: no PBE in pure ballot strategies","High type","none_high_type","region_polygon"
0.4727509700937,2.56798864,"No comparison: no PBE in pure ballot strategies","High type","none_high_type","region_polygon"
0.47058520761869,2.5599888,"No comparison: no PBE in pure ballot strategies","High type","none_high_type","region_polygon"
0.468425805539484,2.55198896,"No comparison: no PBE in pure ballot strategies","High type","none_high_type","region_polygon"
0.466272735878415,2.54398912,"No comparison: no PBE in pure ballot strategies","High type","none_high_type","region_polygon"
0.464125970821668,2.53598928,"No comparison: no PBE in pure ballot strategies","High type","none_high_type","region_polygon"
0.461985482718074,2.52798944,"No comparison: no PBE in pure ballot strategies","High type","none_high_type","region_polygon"
0.459851244077931,2.5199896,"No comparison: no PBE in pure ballot strategies","High type","none_high_type","region_polygon"
0.45772322757182,2.51198976,"No comparison: no PBE in pure ballot strategies","High type","none_high_type","region_polygon"
0.455601406029445,2.50398992,"No comparison: no PBE in pure ballot strategies","High type","none_high_type","region_polygon"
0.45348575243847,2.49599008,"No comparison: no PBE in pure ballot strategies","High type","none_high_type","region_polygon"
0.451376239943378,2.48799024,"No comparison: no PBE in pure ballot strategies","High type","none_high_type","region_polygon"
0.449272841844333,2.4799904,"No comparison: no PBE in pure ballot strategies","High type","none_high_type","region_polygon"
0.447175531596053,2.47199056,"No comparison: no PBE in pure ballot strategies","High type","none_high_type","region_polygon"
0.445084282806694,2.46399072,"No comparison: no PBE in pure ballot strategies","High type","none_high_type","region_polygon"
0.44299906923674,2.45599088,"No comparison: no PBE in pure ballot strategies","High type","none_high_type","region_polygon"
0.440919864797913,2.44799104,"No comparison: no PBE in pure ballot strategies","High type","none_high_type","region_polygon"
0.438846643552075,2.4399912,"No comparison: no PBE in pure ballot strategies","High type","none_high_type","region_polygon"
0.436779379710158,2.43199136,"No comparison: no PBE in pure ballot strategies","High type","none_high_type","region_polygon"
0.43471804763109,2.42399152,"No comparison: no PBE in pure ballot strategies","High type","none_high_type","region_polygon"
0.432662621820735,2.41599168,"No comparison: no PBE in pure ballot strategies","High type","none_high_type","region_polygon"
0.430613076930846,2.40799184,"No comparison: no PBE in pure ballot strategies","High type","none_high_type","region_polygon"
0.428569387758018,2.399992,"No comparison: no PBE in pure ballot strategies","High type","none_high_type","region_polygon"
0.426531529242655,2.39199216,"No comparison: no PBE in pure ballot strategies","High type","none_high_type","region_polygon"
0.424499476467952,2.38399232,"No comparison: no PBE in pure ballot strategies","High type","none_high_type","region_polygon"
0.422473204658873,2.37599248,"No comparison: no PBE in pure ballot strategies","High type","none_high_type","region_polygon"
0.420452689181145,2.36799264,"No comparison: no PBE in pure ballot strategies","High type","none_high_type","region_polygon"
0.418437905540263,2.3599928,"No comparison: no PBE in pure ballot strategies","High type","none_high_type","region_polygon"
0.416428829380496,2.35199296,"No comparison: no PBE in pure ballot strategies","High type","none_high_type","region_polygon"
0.41442543648391,2.34399312,"No comparison: no PBE in pure ballot strategies","High type","none_high_type","region_polygon"
0.412427702769392,2.33599328,"No comparison: no PBE in pure ballot strategies","High type","none_high_type","region_polygon"
0.410435604291685,2.32799344,"No comparison: no PBE in pure ballot strategies","High type","none_high_type","region_polygon"
0.408449117240431,2.3199936,"No comparison: no PBE in pure ballot strategies","High type","none_high_type","region_polygon"
0.406468217939226,2.31199376,"No comparison: no PBE in pure ballot strategies","High type","none_high_type","region_polygon"
0.404492882844676,2.30399392,"No comparison: no PBE in pure ballot strategies","High type","none_high_type","region_polygon"
0.402523088545462,2.29599408,"No comparison: no PBE in pure ballot strategies","High type","none_high_type","region_polygon"
0.400558811761422,2.28799424,"No comparison: no PBE in pure ballot strategies","High type","none_high_type","region_polygon"
0.398600029342629,2.2799944,"No comparison: no PBE in pure ballot strategies","High type","none_high_type","region_polygon"
0.39664671826848,2.27199456,"No comparison: no PBE in pure ballot strategies","High type","none_high_type","region_polygon"
0.3946988556468,2.26399472,"No comparison: no PBE in pure ballot strategies","High type","none_high_type","region_polygon"
0.392756418712942,2.25599488,"No comparison: no PBE in pure ballot strategies","High type","none_high_type","region_polygon"
0.390819384828903,2.24799504,"No comparison: no PBE in pure ballot strategies","High type","none_high_type","region_polygon"
0.388887731482446,2.2399952,"No comparison: no PBE in pure ballot strategies","High type","none_high_type","region_polygon"
0.386961436286223,2.23199536,"No comparison: no PBE in pure ballot strategies","High type","none_high_type","region_polygon"
0.385040476976915,2.22399552,"No comparison: no PBE in pure ballot strategies","High type","none_high_type","region_polygon"
0.383124831414372,2.21599568,"No comparison: no PBE in pure ballot strategies","High type","none_high_type","region_polygon"
0.381214477580762,2.20799584,"No comparison: no PBE in pure ballot strategies","High type","none_high_type","region_polygon"
0.379309393579729,2.199996,"No comparison: no PBE in pure ballot strategies","High type","none_high_type","region_polygon"
0.377409557635554,2.19199616,"No comparison: no PBE in pure ballot strategies","High type","none_high_type","region_polygon"
0.37551494809233,2.18399632,"No comparison: no PBE in pure ballot strategies","High type","none_high_type","region_polygon"
0.373625543413133,2.17599648,"No comparison: no PBE in pure ballot strategies","High type","none_high_type","region_polygon"
0.371741322179211,2.16799664,"No comparison: no PBE in pure ballot strategies","High type","none_high_type","region_polygon"
0.369862263089171,2.1599968,"No comparison: no PBE in pure ballot strategies","High type","none_high_type","region_polygon"
0.367988344958179,2.15199696,"No comparison: no PBE in pure ballot strategies","High type","none_high_type","region_polygon"
0.366119546717163,2.14399712,"No comparison: no PBE in pure ballot strategies","High type","none_high_type","region_polygon"
0.364255847412022,2.13599728,"No comparison: no PBE in pure ballot strategies","High type","none_high_type","region_polygon"
0.362397226202844,2.12799744,"No comparison: no PBE in pure ballot strategies","High type","none_high_type","region_polygon"
0.360543662363131,2.1199976,"No comparison: no PBE in pure ballot strategies","High type","none_high_type","region_polygon"
0.358695135279025,2.11199776,"No comparison: no PBE in pure ballot strategies","High type","none_high_type","region_polygon"
0.356851624448545,2.10399792,"No comparison: no PBE in pure ballot strategies","High type","none_high_type","region_polygon"
0.355013109480832,2.09599808,"No comparison: no PBE in pure ballot strategies","High type","none_high_type","region_polygon"
0.353179570095392,2.08799824,"No comparison: no PBE in pure ballot strategies","High type","none_high_type","region_polygon"
0.351350986121355,2.0799984,"No comparison: no PBE in pure ballot strategies","High type","none_high_type","region_polygon"
0.349527337496733,2.07199856,"No comparison: no PBE in pure ballot strategies","High type","none_high_type","region_polygon"
0.347708604267687,2.06399872,"No comparison: no PBE in pure ballot strategies","High type","none_high_type","region_polygon"
0.345894766587796,2.05599888,"No comparison: no PBE in pure ballot strategies","High type","none_high_type","region_polygon"
0.344085804717343,2.04799904,"No comparison: no PBE in pure ballot strategies","High type","none_high_type","region_polygon"
0.342281699022591,2.0399992,"No comparison: no PBE in pure ballot strategies","High type","none_high_type","region_polygon"
0.340482429975075,2.03199936,"No comparison: no PBE in pure ballot strategies","High type","none_high_type","region_polygon"
0.338687978150899,2.02399952,"No comparison: no PBE in pure ballot strategies","High type","none_high_type","region_polygon"
0.336898324230036,2.01599968,"No comparison: no PBE in pure ballot strategies","High type","none_high_type","region_polygon"
0.335113448995636,2.00799984,"No comparison: no PBE in pure ballot strategies","High type","none_high_type","region_polygon"
0.333333333333333,2,"No comparison: no PBE in pure ballot strategies","High type","none_high_type","region_polygon"
0.331557958230571,1.99200016,"No comparison: no PBE in pure ballot strategies","High type","none_high_type","region_polygon"
0.32978730477592,1.98400032,"No comparison: no PBE in pure ballot strategies","High type","none_high_type","region_polygon"
0.328021354158408,1.97600048,"No comparison: no PBE in pure ballot strategies","High type","none_high_type","region_polygon"
0.326260087666853,1.96800064,"No comparison: no PBE in pure ballot strategies","High type","none_high_type","region_polygon"
0.324503486689204,1.9600008,"No comparison: no PBE in pure ballot strategies","High type","none_high_type","region_polygon"
0.322751532711884,1.95200096,"No comparison: no PBE in pure ballot strategies","High type","none_high_type","region_polygon"
0.32100420731914,1.94400112,"No comparison: no PBE in pure ballot strategies","High type","none_high_type","region_polygon"
0.319261492192399,1.93600128,"No comparison: no PBE in pure ballot strategies","High type","none_high_type","region_polygon"
0.317523369109626,1.92800144,"No comparison: no PBE in pure ballot strategies","High type","none_high_type","region_polygon"
0.315789819944689,1.9200016,"No comparison: no PBE in pure ballot strategies","High type","none_high_type","region_polygon"
0.31406082666673,1.91200176,"No comparison: no PBE in pure ballot strategies","High type","none_high_type","region_polygon"
0.31233637133954,1.90400192,"No comparison: no PBE in pure ballot strategies","High type","none_high_type","region_polygon"
0.310616436120935,1.89600208,"No comparison: no PBE in pure ballot strategies","High type","none_high_type","region_polygon"
0.308901003262148,1.88800224,"No comparison: no PBE in pure ballot strategies","High type","none_high_type","region_polygon"
0.307190055107211,1.8800024,"No comparison: no PBE in pure ballot strategies","High type","none_high_type","region_polygon"
0.305483574092355,1.87200256,"No comparison: no PBE in pure ballot strategies","High type","none_high_type","region_polygon"
0.303781542745404,1.86400272,"No comparison: no PBE in pure ballot strategies","High type","none_high_type","region_polygon"
0.302083943685182,1.85600288,"No comparison: no PBE in pure ballot strategies","High type","none_high_type","region_polygon"
0.300390759620922,1.84800304,"No comparison: no PBE in pure ballot strategies","High type","none_high_type","region_polygon"
0.298701973351675,1.8400032,"No comparison: no PBE in pure ballot strategies","High type","none_high_type","region_polygon"
0.297017567765731,1.83200336,"No comparison: no PBE in pure ballot strategies","High type","none_high_type","region_polygon"
0.295337525840041,1.82400352,"No comparison: no PBE in pure ballot strategies","High type","none_high_type","region_polygon"
0.293661830639641,1.81600368,"No comparison: no PBE in pure ballot strategies","High type","none_high_type","region_polygon"
0.291990465317085,1.80800384,"No comparison: no PBE in pure ballot strategies","High type","none_high_type","region_polygon"
0.29032341311188,1.800004,"No comparison: no PBE in pure ballot strategies","High type","none_high_type","region_polygon"
0.288660657349925,1.79200416,"No comparison: no PBE in pure ballot strategies","High type","none_high_type","region_polygon"
0.287002181442958,1.78400432,"No comparison: no PBE in pure ballot strategies","High type","none_high_type","region_polygon"
0.285347968887998,1.77600448,"No comparison: no PBE in pure ballot strategies","High type","none_high_type","region_polygon"
0.283698003266806,1.76800464,"No comparison: no PBE in pure ballot strategies","High type","none_high_type","region_polygon"
0.282052268245335,1.7600048,"No comparison: no PBE in pure ballot strategies","High type","none_high_type","region_polygon"
0.280410747573193,1.75200496,"No comparison: no PBE in pure ballot strategies","High type","none_high_type","region_polygon"
0.27877342508311,1.74400512,"No comparison: no PBE in pure ballot strategies","High type","none_high_type","region_polygon"
0.277140284690406,1.73600528,"No comparison: no PBE in pure ballot strategies","High type","none_high_type","region_polygon"
0.275511310392463,1.72800544,"No comparison: no PBE in pure ballot strategies","High type","none_high_type","region_polygon"
0.273886486268204,1.7200056,"No comparison: no PBE in pure ballot strategies","High type","none_high_type","region_polygon"
0.272265796477574,1.71200576,"No comparison: no PBE in pure ballot strategies","High type","none_high_type","region_polygon"
0.270649225261025,1.70400592,"No comparison: no PBE in pure ballot strategies","High type","none_high_type","region_polygon"
0.269036756939004,1.69600608,"No comparison: no PBE in pure ballot strategies","High type","none_high_type","region_polygon"
0.267428375911449,1.68800624,"No comparison: no PBE in pure ballot strategies","High type","none_high_type","region_polygon"
0.265824066657283,1.6800064,"No comparison: no PBE in pure ballot strategies","High type","none_high_type","region_polygon"
0.264223813733916,1.67200656,"No comparison: no PBE in pure ballot strategies","High type","none_high_type","region_polygon"
0.262627601776749,1.66400672,"No comparison: no PBE in pure ballot strategies","High type","none_high_type","region_polygon"
0.261035415498685,1.65600688,"No comparison: no PBE in pure ballot strategies","High type","none_high_type","region_polygon"
0.259447239689636,1.64800704,"No comparison: no PBE in pure ballot strategies","High type","none_high_type","region_polygon"
0.257863059216042,1.6400072,"No comparison: no PBE in pure ballot strategies","High type","none_high_type","region_polygon"
0.25628285902039,1.63200736,"No comparison: no PBE in pure ballot strategies","High type","none_high_type","region_polygon"
0.254706624120736,1.62400752,"No comparison: no PBE in pure ballot strategies","High type","none_high_type","region_polygon"
0.253134339610233,1.61600768,"No comparison: no PBE in pure ballot strategies","High type","none_high_type","region_polygon"
0.251565990656659,1.60800784,"No comparison: no PBE in pure ballot strategies","High type","none_high_type","region_polygon"
0.250001562501953,1.600008,"No comparison: no PBE in pure ballot strategies","High type","none_high_type","region_polygon"
0.248441040461749,1.59200816,"No comparison: no PBE in pure ballot strategies","High type","none_high_type","region_polygon"
0.246884409924921,1.58400832,"No comparison: no PBE in pure ballot strategies","High type","none_high_type","region_polygon"
0.24533165635312,1.57600848,"No comparison: no PBE in pure ballot strategies","High type","none_high_type","region_polygon"
0.243782765280332,1.56800864,"No comparison: no PBE in pure ballot strategies","High type","none_high_type","region_polygon"
0.242237722312416,1.5600088,"No comparison: no PBE in pure ballot strategies","High type","none_high_type","region_polygon"
0.240696513126668,1.55200896,"No comparison: no PBE in pure ballot strategies","High type","none_high_type","region_polygon"
0.239159123471376,1.54400912,"No comparison: no PBE in pure ballot strategies","High type","none_high_type","region_polygon"
0.237625539165378,1.53600928,"No comparison: no PBE in pure ballot strategies","High type","none_high_type","region_polygon"
0.236095746097627,1.52800944,"No comparison: no PBE in pure ballot strategies","High type","none_high_type","region_polygon"
0.234569730226761,1.5200096,"No comparison: no PBE in pure ballot strategies","High type","none_high_type","region_polygon"
0.233047477580669,1.51200976,"No comparison: no PBE in pure ballot strategies","High type","none_high_type","region_polygon"
0.231528974256069,1.50400992,"No comparison: no PBE in pure ballot strategies","High type","none_high_type","region_polygon"
0.230014206418081,1.49601008,"No comparison: no PBE in pure ballot strategies","High type","none_high_type","region_polygon"
0.22850316029981,1.48801024,"No comparison: no PBE in pure ballot strategies","High type","none_high_type","region_polygon"
0.226995822201925,1.4800104,"No comparison: no PBE in pure ballot strategies","High type","none_high_type","region_polygon"
0.22549217849225,1.47201056,"No comparison: no PBE in pure ballot strategies","High type","none_high_type","region_polygon"
0.223992215605348,1.46401072,"No comparison: no PBE in pure ballot strategies","High type","none_high_type","region_polygon"
0.222495920042116,1.45601088,"No comparison: no PBE in pure ballot strategies","High type","none_high_type","region_polygon"
0.221003278369382,1.44801104,"No comparison: no PBE in pure ballot strategies","High type","none_high_type","region_polygon"
0.219514277219498,1.4400112,"No comparison: no PBE in pure ballot strategies","High type","none_high_type","region_polygon"
0.218028903289942,1.43201136,"No comparison: no PBE in pure ballot strategies","High type","none_high_type","region_polygon"
0.216547143342928,1.42401152,"No comparison: no PBE in pure ballot strategies","High type","none_high_type","region_polygon"
0.215068984205002,1.41601168,"No comparison: no PBE in pure ballot strategies","High type","none_high_type","region_polygon"
0.213594412766664,1.40801184,"No comparison: no PBE in pure ballot strategies","High type","none_high_type","region_polygon"
0.212123415981968,1.400012,"No comparison: no PBE in pure ballot strategies","High type","none_high_type","region_polygon"
0.210655980868149,1.39201216,"No comparison: no PBE in pure ballot strategies","High type","none_high_type","region_polygon"
0.20919209450523,1.38401232,"No comparison: no PBE in pure ballot strategies","High type","none_high_type","region_polygon"
0.207731744035653,1.37601248,"No comparison: no PBE in pure ballot strategies","High type","none_high_type","region_polygon"
0.206274916663894,1.36801264,"No comparison: no PBE in pure ballot strategies","High type","none_high_type","region_polygon"
0.204821599656096,1.3600128,"No comparison: no PBE in pure ballot strategies","High type","none_high_type","region_polygon"
0.203371780339692,1.35201296,"No comparison: no PBE in pure ballot strategies","High type","none_high_type","region_polygon"
0.201925446103043,1.34401312,"No comparison: no PBE in pure ballot strategies","High type","none_high_type","region_polygon"
0.200482584395066,1.33601328,"No comparison: no PBE in pure ballot strategies","High type","none_high_type","region_polygon"
0.199043182724877,1.32801344,"No comparison: no PBE in pure ballot strategies","High type","none_high_type","region_polygon"
0.197607228661424,1.3200136,"No comparison: no PBE in pure ballot strategies","High type","none_high_type","region_polygon"
0.196174709833135,1.31201376,"No comparison: no PBE in pure ballot strategies","High type","none_high_type","region_polygon"
0.194745613927561,1.30401392,"No comparison: no PBE in pure ballot strategies","High type","none_high_type","region_polygon"
0.19331992869102,1.29601408,"No comparison: no PBE in pure ballot strategies","High type","none_high_type","region_polygon"
0.191897641928251,1.28801424,"No comparison: no PBE in pure ballot strategies","High type","none_high_type","region_polygon"
0.190478741502065,1.2800144,"No comparison: no PBE in pure ballot strategies","High type","none_high_type","region_polygon"
0.189063215332999,1.27201456,"No comparison: no PBE in pure ballot strategies","High type","none_high_type","region_polygon"
0.187651051398972,1.26401472,"No comparison: no PBE in pure ballot strategies","High type","none_high_type","region_polygon"
0.186242237734949,1.25601488,"No comparison: no PBE in pure ballot strategies","High type","none_high_type","region_polygon"
0.184836762432599,1.24801504,"No comparison: no PBE in pure ballot strategies","High type","none_high_type","region_polygon"
0.18343461363996,1.2400152,"No comparison: no PBE in pure ballot strategies","High type","none_high_type","region_polygon"
0.182035779561107,1.23201536,"No comparison: no PBE in pure ballot strategies","High type","none_high_type","region_polygon"
0.180640248455823,1.22401552,"No comparison: no PBE in pure ballot strategies","High type","none_high_type","region_polygon"
0.179248008639265,1.21601568,"No comparison: no PBE in pure ballot strategies","High type","none_high_type","region_polygon"
0.177859048481644,1.20801584,"No comparison: no PBE in pure ballot strategies","High type","none_high_type","region_polygon"
0.176473356407897,1.200016,"No comparison: no PBE in pure ballot strategies","High type","none_high_type","region_polygon"
0.175090920897368,1.19201616,"No comparison: no PBE in pure ballot strategies","High type","none_high_type","region_polygon"
0.173711730483486,1.18401632,"No comparison: no PBE in pure ballot strategies","High type","none_high_type","region_polygon"
0.172335773753451,1.17601648,"No comparison: no PBE in pure ballot strategies","High type","none_high_type","region_polygon"
0.170963039347918,1.16801664,"No comparison: no PBE in pure ballot strategies","High type","none_high_type","region_polygon"
0.169593515960683,1.1600168,"No comparison: no PBE in pure ballot strategies","High type","none_high_type","region_polygon"
0.168227192338374,1.15201696,"No comparison: no PBE in pure ballot strategies","High type","none_high_type","region_polygon"
0.166864057280143,1.14401712,"No comparison: no PBE in pure ballot strategies","High type","none_high_type","region_polygon"
0.16550409963736,1.13601728,"No comparison: no PBE in pure ballot strategies","High type","none_high_type","region_polygon"
0.164147308313309,1.12801744,"No comparison: no PBE in pure ballot strategies","High type","none_high_type","region_polygon"
0.162793672262883,1.1200176,"No comparison: no PBE in pure ballot strategies","High type","none_high_type","region_polygon"
0.161443180492289,1.11201776,"No comparison: no PBE in pure ballot strategies","High type","none_high_type","region_polygon"
0.160095822058749,1.10401792,"No comparison: no PBE in pure ballot strategies","High type","none_high_type","region_polygon"
0.158751586070202,1.09601808,"No comparison: no PBE in pure ballot strategies","High type","none_high_type","region_polygon"
0.157410461685015,1.08801824,"No comparison: no PBE in pure ballot strategies","High type","none_high_type","region_polygon"
0.156072438111685,1.0800184,"No comparison: no PBE in pure ballot strategies","High type","none_high_type","region_polygon"
0.154737504608557,1.07201856,"No comparison: no PBE in pure ballot strategies","High type","none_high_type","region_polygon"
0.153405650483532,1.06401872,"No comparison: no PBE in pure ballot strategies","High type","none_high_type","region_polygon"
0.152076865093781,1.05601888,"No comparison: no PBE in pure ballot strategies","High type","none_high_type","region_polygon"
0.150751137845464,1.04801904,"No comparison: no PBE in pure ballot strategies","High type","none_high_type","region_polygon"
0.149428458193448,1.0400192,"No comparison: no PBE in pure ballot strategies","High type","none_high_type","region_polygon"
0.148108815641026,1.03201936,"No comparison: no PBE in pure ballot strategies","High type","none_high_type","region_polygon"
0.146792199739641,1.02401952,"No comparison: no PBE in pure ballot strategies","High type","none_high_type","region_polygon"
0.14547860008861,1.01601968,"No comparison: no PBE in pure ballot strategies","High type","none_high_type","region_polygon"
0.144168006334846,1.00801984,"No comparison: no PBE in pure ballot strategies","High type","none_high_type","region_polygon"
0.142860408172595,1.00002,"No comparison: no PBE in pure ballot strategies","High type","none_high_type","region_polygon"
0.141555795343156,0.99202016,"No comparison: no PBE in pure ballot strategies","High type","none_high_type","region_polygon"
0.140254157634618,0.98402032,"No comparison: no PBE in pure ballot strategies","High type","none_high_type","region_polygon"
0.138955484881596,0.97602048,"No comparison: no PBE in pure ballot strategies","High type","none_high_type","region_polygon"
0.137659766964959,0.96802064,"No comparison: no PBE in pure ballot strategies","High type","none_high_type","region_polygon"
0.136366993811573,0.9600208,"No comparison: no PBE in pure ballot strategies","High type","none_high_type","region_polygon"
0.135077155394038,0.95202096,"No comparison: no PBE in pure ballot strategies","High type","none_high_type","region_polygon"
0.133790241730429,0.94402112,"No comparison: no PBE in pure ballot strategies","High type","none_high_type","region_polygon"
0.132506242884039,0.93602128,"No comparison: no PBE in pure ballot strategies","High type","none_high_type","region_polygon"
0.131225148963121,0.92802144,"No comparison: no PBE in pure ballot strategies","High type","none_high_type","region_polygon"
0.129946950120639,0.9200216,"No comparison: no PBE in pure ballot strategies","High type","none_high_type","region_polygon"
0.128671636554008,0.91202176,"No comparison: no PBE in pure ballot strategies","High type","none_high_type","region_polygon"
0.127399198504852,0.90402192,"No comparison: no PBE in pure ballot strategies","High type","none_high_type","region_polygon"
0.126129626258748,0.89602208,"No comparison: no PBE in pure ballot strategies","High type","none_high_type","region_polygon"
0.124862910144983,0.88802224,"No comparison: no PBE in pure ballot strategies","High type","none_high_type","region_polygon"
0.123599040536307,0.8800224,"No comparison: no PBE in pure ballot strategies","High type","none_high_type","region_polygon"
0.122338007848689,0.87202256,"No comparison: no PBE in pure ballot strategies","High type","none_high_type","region_polygon"
0.121079802541075,0.86402272,"No comparison: no PBE in pure ballot strategies","High type","none_high_type","region_polygon"
0.119824415115148,0.85602288,"No comparison: no PBE in pure ballot strategies","High type","none_high_type","region_polygon"
0.118571836115087,0.84802304,"No comparison: no PBE in pure ballot strategies","High type","none_high_type","region_polygon"
0.117322056127333,0.8400232,"No comparison: no PBE in pure ballot strategies","High type","none_high_type","region_polygon"
0.116075065780348,0.83202336,"No comparison: no PBE in pure ballot strategies","High type","none_high_type","region_polygon"
0.114830855744388,0.82402352,"No comparison: no PBE in pure ballot strategies","High type","none_high_type","region_polygon"
0.113589416731262,0.81602368,"No comparison: no PBE in pure ballot strategies","High type","none_high_type","region_polygon"
0.112350739494109,0.80802384,"No comparison: no PBE in pure ballot strategies","High type","none_high_type","region_polygon"
0.111114814827161,0.800024,"No comparison: no PBE in pure ballot strategies","High type","none_high_type","region_polygon"
0.10988163356552,0.79202416,"No comparison: no PBE in pure ballot strategies","High type","none_high_type","region_polygon"
0.10865118658493,0.78402432,"No comparison: no PBE in pure ballot strategies","High type","none_high_type","region_polygon"
0.107423464801553,0.77602448,"No comparison: no PBE in pure ballot strategies","High type","none_high_type","region_polygon"
0.106198459171741,0.76802464,"No comparison: no PBE in pure ballot strategies","High type","none_high_type","region_polygon"
0.104976160691821,0.7600248,"No comparison: no PBE in pure ballot strategies","High type","none_high_type","region_polygon"
0.103756560397868,0.75202496,"No comparison: no PBE in pure ballot strategies","High type","none_high_type","region_polygon"
0.10253964936549,0.74402512,"No comparison: no PBE in pure ballot strategies","High type","none_high_type","region_polygon"
0.101325418709607,0.73602528,"No comparison: no PBE in pure ballot strategies","High type","none_high_type","region_polygon"
0.100113859584239,0.72802544,"No comparison: no PBE in pure ballot strategies","High type","none_high_type","region_polygon"
0.0989049631822881,0.7200256,"No comparison: no PBE in pure ballot strategies","High type","none_high_type","region_polygon"
0.0976987207353247,0.71202576,"No comparison: no PBE in pure ballot strategies","High type","none_high_type","region_polygon"
0.0964951235133774,0.70402592,"No comparison: no PBE in pure ballot strategies","High type","none_high_type","region_polygon"
0.0952941628247216,0.69602608,"No comparison: no PBE in pure ballot strategies","High type","none_high_type","region_polygon"
0.0940958300156701,0.68802624,"No comparison: no PBE in pure ballot strategies","High type","none_high_type","region_polygon"
0.0929001164703654,0.6800264,"No comparison: no PBE in pure ballot strategies","High type","none_high_type","region_polygon"
0.0917070136105734,0.67202656,"No comparison: no PBE in pure ballot strategies","High type","none_high_type","region_polygon"
0.0905165128954777,0.66402672,"No comparison: no PBE in pure ballot strategies","High type","none_high_type","region_polygon"
0.0893286058214767,0.65602688,"No comparison: no PBE in pure ballot strategies","High type","none_high_type","region_polygon"
0.0881432839219801,0.64802704,"No comparison: no PBE in pure ballot strategies","High type","none_high_type","region_polygon"
0.0869605387672085,0.6400272,"No comparison: no PBE in pure ballot strategies","High type","none_high_type","region_polygon"
0.0857803619639934,0.63202736,"No comparison: no PBE in pure ballot strategies","High type","none_high_type","region_polygon"
0.0846027451555785,0.62402752,"No comparison: no PBE in pure ballot strategies","High type","none_high_type","region_polygon"
0.0834276800214224,0.61602768,"No comparison: no PBE in pure ballot strategies","High type","none_high_type","region_polygon"
0.082255158277003,0.60802784,"No comparison: no PBE in pure ballot strategies","High type","none_high_type","region_polygon"
0.0810851716736226,0.600028,"No comparison: no PBE in pure ballot strategies","High type","none_high_type","region_polygon"
0.0799177119982141,0.59202816,"No comparison: no PBE in pure ballot strategies","High type","none_high_type","region_polygon"
0.0787527710731495,0.58402832,"No comparison: no PBE in pure ballot strategies","High type","none_high_type","region_polygon"
0.0775903407560486,0.57602848,"No comparison: no PBE in pure ballot strategies","High type","none_high_type","region_polygon"
0.0764304129395892,0.56802864,"No comparison: no PBE in pure ballot strategies","High type","none_high_type","region_polygon"
0.0752729795513187,0.5600288,"No comparison: no PBE in pure ballot strategies","High type","none_high_type","region_polygon"
0.0741180325534671,0.55202896,"No comparison: no PBE in pure ballot strategies","High type","none_high_type","region_polygon"
0.0729655639427605,0.54402912,"No comparison: no PBE in pure ballot strategies","High type","none_high_type","region_polygon"
0.0718155657502365,0.53602928,"No comparison: no PBE in pure ballot strategies","High type","none_high_type","region_polygon"
0.0706680300410606,0.52802944,"No comparison: no PBE in pure ballot strategies","High type","none_high_type","region_polygon"
0.0695229489143433,0.5200296,"No comparison: no PBE in pure ballot strategies","High type","none_high_type","region_polygon"
0.0683803145029594,0.51202976,"No comparison: no PBE in pure ballot strategies","High type","none_high_type","region_polygon"
0.0672401189733671,0.50402992,"No comparison: no PBE in pure ballot strategies","High type","none_high_type","region_polygon"
0.0661023545254297,0.49603008,"No comparison: no PBE in pure ballot strategies","High type","none_high_type","region_polygon"
0.0649670133922371,0.48803024,"No comparison: no PBE in pure ballot strategies","High type","none_high_type","region_polygon"
0.0638340878399296,0.4800304,"No comparison: no PBE in pure ballot strategies","High type","none_high_type","region_polygon"
0.0627035701675218,0.47203056,"No comparison: no PBE in pure ballot strategies","High type","none_high_type","region_polygon"
0.0615754527067287,0.46403072,"No comparison: no PBE in pure ballot strategies","High type","none_high_type","region_polygon"
0.0604497278217915,0.45603088,"No comparison: no PBE in pure ballot strategies","High type","none_high_type","region_polygon"
0.0593263879093062,0.44803104,"No comparison: no PBE in pure ballot strategies","High type","none_high_type","region_polygon"
0.0582054253980519,0.4400312,"No comparison: no PBE in pure ballot strategies","High type","none_high_type","region_polygon"
0.0570868327488207,0.43203136,"No comparison: no PBE in pure ballot strategies","High type","none_high_type","region_polygon"
0.0559706024542489,0.42403152,"No comparison: no PBE in pure ballot strategies","High type","none_high_type","region_polygon"
0.0548567270386488,0.41603168,"No comparison: no PBE in pure ballot strategies","High type","none_high_type","region_polygon"
0.0537451990578422,0.40803184,"No comparison: no PBE in pure ballot strategies","High type","none_high_type","region_polygon"
0.0526360110989941,0.400032,"No comparison: no PBE in pure ballot strategies","High type","none_high_type","region_polygon"
0.0515291557804482,0.39203216,"No comparison: no PBE in pure ballot strategies","High type","none_high_type","region_polygon"
0.0504246257515631,0.38403232,"No comparison: no PBE in pure ballot strategies","High type","none_high_type","region_polygon"
0.0493224136925494,0.37603248,"No comparison: no PBE in pure ballot strategies","High type","none_high_type","region_polygon"
0.0482225123143084,0.36803264,"No comparison: no PBE in pure ballot strategies","High type","none_high_type","region_polygon"
0.0471249143582711,0.3600328,"No comparison: no PBE in pure ballot strategies","High type","none_high_type","region_polygon"
0.0460296125962384,0.35203296,"No comparison: no PBE in pure ballot strategies","High type","none_high_type","region_polygon"
0.0449365998302229,0.34403312,"No comparison: no PBE in pure ballot strategies","High type","none_high_type","region_polygon"
0.0438458688922908,0.33603328,"No comparison: no PBE in pure ballot strategies","High type","none_high_type","region_polygon"
0.0427574126444055,0.32803344,"No comparison: no PBE in pure ballot strategies","High type","none_high_type","region_polygon"
0.0416712239782716,0.3200336,"No comparison: no PBE in pure ballot strategies","High type","none_high_type","region_polygon"
0.0405872958151804,0.31203376,"No comparison: no PBE in pure ballot strategies","High type","none_high_type","region_polygon"
0.039505621105856,0.30403392,"No comparison: no PBE in pure ballot strategies","High type","none_high_type","region_polygon"
0.0384261928303027,0.29603408,"No comparison: no PBE in pure ballot strategies","High type","none_high_type","region_polygon"
0.0373490039976526,0.28803424,"No comparison: no PBE in pure ballot strategies","High type","none_high_type","region_polygon"
0.0362740476460154,0.2800344,"No comparison: no PBE in pure ballot strategies","High type","none_high_type","region_polygon"
0.0352013168423279,0.27203456,"No comparison: no PBE in pure ballot strategies","High type","none_high_type","region_polygon"
0.0341308046822051,0.26403472,"No comparison: no PBE in pure ballot strategies","High type","none_high_type","region_polygon"
0.033062504289792,0.25603488,"No comparison: no PBE in pure ballot strategies","High type","none_high_type","region_polygon"
0.0319964088176167,0.24803504,"No comparison: no PBE in pure ballot strategies","High type","none_high_type","region_polygon"
0.0309325114464437,0.2400352,"No comparison: no PBE in pure ballot strategies","High type","none_high_type","region_polygon"
0.0298708053851285,0.23203536,"No comparison: no PBE in pure ballot strategies","High type","none_high_type","region_polygon"
0.0288112838704737,0.22403552,"No comparison: no PBE in pure ballot strategies","High type","none_high_type","region_polygon"
0.0277539401670844,0.21603568,"No comparison: no PBE in pure ballot strategies","High type","none_high_type","region_polygon"
0.0266987675672266,0.20803584,"No comparison: no PBE in pure ballot strategies","High type","none_high_type","region_polygon"
0.0256457593906844,0.200036,"No comparison: no PBE in pure ballot strategies","High type","none_high_type","region_polygon"
0.0245949089846195,0.19203616,"No comparison: no PBE in pure ballot strategies","High type","none_high_type","region_polygon"
0.0235462097234311,0.18403632,"No comparison: no PBE in pure ballot strategies","High type","none_high_type","region_polygon"
0.0224996550086164,0.17603648,"No comparison: no PBE in pure ballot strategies","High type","none_high_type","region_polygon"
0.0214552382686326,0.16803664,"No comparison: no PBE in pure ballot strategies","High type","none_high_type","region_polygon"
0.0204129529587588,0.1600368,"No comparison: no PBE in pure ballot strategies","High type","none_high_type","region_polygon"
0.0193727925609599,0.15203696,"No comparison: no PBE in pure ballot strategies","High type","none_high_type","region_polygon"
0.0183347505837502,0.14403712,"No comparison: no PBE in pure ballot strategies","High type","none_high_type","region_polygon"
0.0172988205620588,0.13603728,"No comparison: no PBE in pure ballot strategies","High type","none_high_type","region_polygon"
0.0162649960570951,0.12803744,"No comparison: no PBE in pure ballot strategies","High type","none_high_type","region_polygon"
0.0152332706562153,0.1200376,"No comparison: no PBE in pure ballot strategies","High type","none_high_type","region_polygon"
0.0142036379727903,0.11203776,"No comparison: no PBE in pure ballot strategies","High type","none_high_type","region_polygon"
0.0131760916460734,0.10403792,"No comparison: no PBE in pure ballot strategies","High type","none_high_type","region_polygon"
0.0121506253410695,0.09603808,"No comparison: no PBE in pure ballot strategies","High type","none_high_type","region_polygon"
0.011127232748405,0.08803824,"No comparison: no PBE in pure ballot strategies","High type","none_high_type","region_polygon"
0.0101059075841984,0.0800384,"No comparison: no PBE in pure ballot strategies","High type","none_high_type","region_polygon"
0.00908664358993149,0.07203856,"No comparison: no PBE in pure ballot strategies","High type","none_high_type","region_polygon"
0.00806943453232171,0.06403872,"No comparison: no PBE in pure ballot strategies","High type","none_high_type","region_polygon"
0.00705427420319499,0.05603888,"No comparison: no PBE in pure ballot strategies","High type","none_high_type","region_polygon"
0.00604115641935948,0.04803904,"No comparison: no PBE in pure ballot strategies","High type","none_high_type","region_polygon"
0.00503007502248001,0.0400392,"No comparison: no PBE in pure ballot strategies","High type","none_high_type","region_polygon"
0.0040210238789533,0.03203936,"No comparison: no PBE in pure ballot strategies","High type","none_high_type","region_polygon"
0.00301399687978394,0.02403952,"No comparison: no PBE in pure ballot strategies","High type","none_high_type","region_polygon"
0.00200898794046111,0.01603968,"No comparison: no PBE in pure ballot strategies","High type","none_high_type","region_polygon"
0.00100599100083602,0.00803984,"No comparison: no PBE in pure ballot strategies","High type","none_high_type","region_polygon"
5.000025000125e-06,4e-05,"No comparison: no PBE in pure ballot strategies","High type","none_high_type","region_polygon"
5.000025000125e-06,4e-05,"H prefers unanimity","Low type","low_u_below","region_polygon"
0.000255055036483753,0.00203992,"H prefers unanimity","Low type","low_u_below","region_polygon"
0.000505235133637784,0.00403984,"H prefers unanimity","Low type","low_u_below","region_polygon"
0.000755540410343597,0.00603976,"H prefers unanimity","Low type","low_u_below","region_polygon"
0.00100597096057654,0.00803968,"H prefers unanimity","Low type","low_u_below","region_polygon"
0.00125652687840606,0.0100396,"H prefers unanimity","Low type","low_u_below","region_polygon"
0.00150720825799579,0.01203952,"H prefers unanimity","Low type","low_u_below","region_polygon"
0.00175801519360371,0.01403944,"H prefers unanimity","Low type","low_u_below","region_polygon"
0.00200894777958224,0.01603936,"H prefers unanimity","Low type","low_u_below","region_polygon"
0.00226000611037835,0.01803928,"H prefers unanimity","Low type","low_u_below","region_polygon"
0.00251119028053371,0.0200392,"H prefers unanimity","Low type","low_u_below","region_polygon"
0.00276250038468476,0.02203912,"H prefers unanimity","Low type","low_u_below","region_polygon"
0.00301393651756289,0.02403904,"H prefers unanimity","Low type","low_u_below","region_polygon"
0.00326549877399451,0.02603896,"H prefers unanimity","Low type","low_u_below","region_polygon"
0.00351718724890118,0.02803888,"H prefers unanimity","Low type","low_u_below","region_polygon"
0.00376900203729975,0.0300388,"H prefers unanimity","Low type","low_u_below","region_polygon"
0.00402094323430246,0.03203872,"H prefers unanimity","Low type","low_u_below","region_polygon"
0.00427301093511706,0.03403864,"H prefers unanimity","Low type","low_u_below","region_polygon"
0.00452520523504694,0.03603856,"H prefers unanimity","Low type","low_u_below","region_polygon"
0.00477752622949125,0.03803848,"H prefers unanimity","Low type","low_u_below","region_polygon"
0.00502997401394499,0.0400384,"H prefers unanimity","Low type","low_u_below","region_polygon"
0.00528254868399919,0.04203832,"H prefers unanimity","Low type","low_u_below","region_polygon"
0.00553525033534098,0.04403824,"H prefers unanimity","Low type","low_u_below","region_polygon"
0.00578807906375372,0.04603816,"H prefers unanimity","Low type","low_u_below","region_polygon"
0.00604103496511714,0.04803808,"H prefers unanimity","Low type","low_u_below","region_polygon"
0.00629411813540744,0.050038,"H prefers unanimity","Low type","low_u_below","region_polygon"
0.00654732867069743,0.05203792,"H prefers unanimity","Low type","low_u_below","region_polygon"
0.00680066666715664,0.05403784,"H prefers unanimity","Low type","low_u_below","region_polygon"
0.00705413222105144,0.05603776,"H prefers unanimity","Low type","low_u_below","region_polygon"
0.00730772542874517,0.05803768,"H prefers unanimity","Low type","low_u_below","region_polygon"
0.00756144638669826,0.0600376,"H prefers unanimity","Low type","low_u_below","region_polygon"
0.00781529519146833,0.06203752,"H prefers unanimity","Low type","low_u_below","region_polygon"
0.00806927193971036,0.06403744,"H prefers unanimity","Low type","low_u_below","region_polygon"
0.00832337672817678,0.06603736,"H prefers unanimity","Low type","low_u_below","region_polygon"
0.00857760965371759,0.06803728,"H prefers unanimity","Low type","low_u_below","region_polygon"
0.00883197081328049,0.0700372,"H prefers unanimity","Low type","low_u_below","region_polygon"
0.00908646030391101,0.07203712,"H prefers unanimity","Low type","low_u_below","region_polygon"
0.00934107822275263,0.07403704,"H prefers unanimity","Low type","low_u_below","region_polygon"
0.00959582466704691,0.07603696,"H prefers unanimity","Low type","low_u_below","region_polygon"
0.00985069973413358,0.07803688,"H prefers unanimity","Low type","low_u_below","region_polygon"
0.0101057035214507,0.0800368,"H prefers unanimity","Low type","low_u_below","region_polygon"
0.0103608361265348,0.08203672,"H prefers unanimity","Low type","low_u_below","region_polygon"
0.0106160976470209,0.08403664,"H prefers unanimity","Low type","low_u_below","region_polygon"
0.0108714881806429,0.08603656,"H prefers unanimity","Low type","low_u_below","region_polygon"
0.0111270078252332,0.08803648,"H prefers unanimity","Low type","low_u_below","region_polygon"
0.0113826566787235,0.0900364,"H prefers unanimity","Low type","low_u_below","region_polygon"
0.0116384348391443,0.09203632,"H prefers unanimity","Low type","low_u_below","region_polygon"
0.0118943424046254,0.09403624,"H prefers unanimity","Low type","low_u_below","region_polygon"
0.012150379473396,0.09603616,"H prefers unanimity","Low type","low_u_below","region_polygon"
0.0124065461437845,0.09803608,"H prefers unanimity","Low type","low_u_below","region_polygon"
0.0126628425142191,0.100036,"H prefers unanimity","Low type","low_u_below","region_polygon"
0.0129192686832275,0.10203592,"H prefers unanimity","Low type","low_u_below","region_polygon"
0.0131758247494376,0.10403584,"H prefers unanimity","Low type","low_u_below","region_polygon"
0.0134325108115767,0.10603576,"H prefers unanimity","Low type","low_u_below","region_polygon"
0.0136893269684727,0.10803568,"H prefers unanimity","Low type","low_u_below","region_polygon"
0.0139462733190533,0.1100356,"H prefers unanimity","Low type","low_u_below","region_polygon"
0.0142033499623467,0.11203552,"H prefers unanimity","Low type","low_u_below","region_polygon"
0.0144605569974816,0.11403544,"H prefers unanimity","Low type","low_u_below","region_polygon"
0.0147178945236873,0.11603536,"H prefers unanimity","Low type","low_u_below","region_polygon"
0.0149753626402936,0.11803528,"H prefers unanimity","Low type","low_u_below","region_polygon"
0.0152329614467313,0.1200352,"H prefers unanimity","Low type","low_u_below","region_polygon"
0.0154906910425323,0.12203512,"H prefers unanimity","Low type","low_u_below","region_polygon"
0.0157485515273293,0.12403504,"H prefers unanimity","Low type","low_u_below","region_polygon"
0.0160065430008564,0.12603496,"H prefers unanimity","Low type","low_u_below","region_polygon"
0.016264665562949,0.12803488,"H prefers unanimity","Low type","low_u_below","region_polygon"
0.0165229193135441,0.1300348,"H prefers unanimity","Low type","low_u_below","region_polygon"
0.0167813043526801,0.13203472,"H prefers unanimity","Low type","low_u_below","region_polygon"
0.0170398207804973,0.13403464,"H prefers unanimity","Low type","low_u_below","region_polygon"
0.0172984686972378,0.13603456,"H prefers unanimity","Low type","low_u_below","region_polygon"
0.0175572482032457,0.13803448,"H prefers unanimity","Low type","low_u_below","region_polygon"
0.0178161593989673,0.1400344,"H prefers unanimity","Low type","low_u_below","region_polygon"
0.0180752023849511,0.14203432,"H prefers unanimity","Low type","low_u_below","region_polygon"
0.0183343772618479,0.14403424,"H prefers unanimity","Low type","low_u_below","region_polygon"
0.0185936841304112,0.14603416,"H prefers unanimity","Low type","low_u_below","region_polygon"
0.0188531230914971,0.14803408,"H prefers unanimity","Low type","low_u_below","region_polygon"
0.0191126942460643,0.150034,"H prefers unanimity","Low type","low_u_below","region_polygon"
0.0193723976951745,0.15203392,"H prefers unanimity","Low type","low_u_below","region_polygon"
0.0196322335399927,0.15403384,"H prefers unanimity","Low type","low_u_below","region_polygon"
0.0198922018817868,0.15603376,"H prefers unanimity","Low type","low_u_below","region_polygon"
0.020152302821928,0.15803368,"H prefers unanimity","Low type","low_u_below","region_polygon"
0.020412536461891,0.1600336,"H prefers unanimity","Low type","low_u_below","region_polygon"
0.0206729029032541,0.16203352,"H prefers unanimity","Low type","low_u_below","region_polygon"
0.0209334022476992,0.16403344,"H prefers unanimity","Low type","low_u_below","region_polygon"
0.0211940345970123,0.16603336,"H prefers unanimity","Low type","low_u_below","region_polygon"
0.021454800053083,0.16803328,"H prefers unanimity","Low type","low_u_below","region_polygon"
0.0217156987179052,0.1700332,"H prefers unanimity","Low type","low_u_below","region_polygon"
0.021976730693577,0.17203312,"H prefers unanimity","Low type","low_u_below","region_polygon"
0.0222378960823009,0.17403304,"H prefers unanimity","Low type","low_u_below","region_polygon"
0.0224991949863838,0.17603296,"H prefers unanimity","Low type","low_u_below","region_polygon"
0.0227606275082373,0.17803288,"H prefers unanimity","Low type","low_u_below","region_polygon"
0.0230221937503779,0.1800328,"H prefers unanimity","Low type","low_u_below","region_polygon"
0.0232838938154267,0.18203272,"H prefers unanimity","Low type","low_u_below","region_polygon"
0.02354572780611,0.18403264,"H prefers unanimity","Low type","low_u_below","region_polygon"
0.0238076958252593,0.18603256,"H prefers unanimity","Low type","low_u_below","region_polygon"
0.0240697979758114,0.18803248,"H prefers unanimity","Low type","low_u_below","region_polygon"
0.0243320343608084,0.1900324,"H prefers unanimity","Low type","low_u_below","region_polygon"
0.0245944050833981,0.19203232,"H prefers unanimity","Low type","low_u_below","region_polygon"
0.024856910246834,0.19403224,"H prefers unanimity","Low type","low_u_below","region_polygon"
0.0251195499544755,0.19603216,"H prefers unanimity","Low type","low_u_below","region_polygon"
0.0253823243097877,0.19803208,"H prefers unanimity","Low type","low_u_below","region_polygon"
0.0256452334163422,0.200032,"H prefers unanimity","Low type","low_u_below","region_polygon"
0.0259082773778166,0.20203192,"H prefers unanimity","Low type","low_u_below","region_polygon"
0.0261714562979949,0.20403184,"H prefers unanimity","Low type","low_u_below","region_polygon"
0.0264347702807678,0.20603176,"H prefers unanimity","Low type","low_u_below","region_polygon"
0.0266982194301324,0.20803168,"H prefers unanimity","Low type","low_u_below","region_polygon"
0.0269618038501928,0.2100316,"H prefers unanimity","Low type","low_u_below","region_polygon"
0.0272255236451599,0.21203152,"H prefers unanimity","Low type","low_u_below","region_polygon"
0.0274893789193518,0.21403144,"H prefers unanimity","Low type","low_u_below","region_polygon"
0.0277533697771938,0.21603136,"H prefers unanimity","Low type","low_u_below","region_polygon"
0.0280174963232183,0.21803128,"H prefers unanimity","Low type","low_u_below","region_polygon"
0.0282817586620656,0.2200312,"H prefers unanimity","Low type","low_u_below","region_polygon"
0.0285461568984832,0.22203112,"H prefers unanimity","Low type","low_u_below","region_polygon"
0.0288106911373268,0.22403104,"H prefers unanimity","Low type","low_u_below","region_polygon"
0.0290753614835595,0.22603096,"H prefers unanimity","Low type","low_u_below","region_polygon"
0.0293401680422529,0.22803088,"H prefers unanimity","Low type","low_u_below","region_polygon"
0.0296051109185864,0.2300308,"H prefers unanimity","Low type","low_u_below","region_polygon"
0.029870190217848,0.23203072,"H prefers unanimity","Low type","low_u_below","region_polygon"
0.0301354060454341,0.23403064,"H prefers unanimity","Low type","low_u_below","region_polygon"
0.0304007585068496,0.23603056,"H prefers unanimity","Low type","low_u_below","region_polygon"
0.0306662477077081,0.23803048,"H prefers unanimity","Low type","low_u_below","region_polygon"
0.0309318737537322,0.2400304,"H prefers unanimity","Low type","low_u_below","region_polygon"
0.0311976367507536,0.24203032,"H prefers unanimity","Low type","low_u_below","region_polygon"
0.0314635368047129,0.24403024,"H prefers unanimity","Low type","low_u_below","region_polygon"
0.0317295740216601,0.24603016,"H prefers unanimity","Low type","low_u_below","region_polygon"
0.0319957485077548,0.24803008,"H prefers unanimity","Low type","low_u_below","region_polygon"
0.0322620603692659,0.25003,"H prefers unanimity","Low type","low_u_below","region_polygon"
0.0325285097125724,0.25202992,"H prefers unanimity","Low type","low_u_below","region_polygon"
0.0327950966441626,0.25402984,"H prefers unanimity","Low type","low_u_below","region_polygon"
0.0330618212706355,0.25602976,"H prefers unanimity","Low type","low_u_below","region_polygon"
0.0333286836986996,0.25802968,"H prefers unanimity","Low type","low_u_below","region_polygon"
0.0335956840351741,0.2600296,"H prefers unanimity","Low type","low_u_below","region_polygon"
0.0338628223869885,0.26202952,"H prefers unanimity","Low type","low_u_below","region_polygon"
0.0341300988611828,0.26402944,"H prefers unanimity","Low type","low_u_below","region_polygon"
0.034397513564908,0.26602936,"H prefers unanimity","Low type","low_u_below","region_polygon"
0.0346650666054255,0.26802928,"H prefers unanimity","Low type","low_u_below","region_polygon"
0.0349327580901082,0.2700292,"H prefers unanimity","Low type","low_u_below","region_polygon"
0.0352005881264397,0.27202912,"H prefers unanimity","Low type","low_u_below","region_polygon"
0.0354685568220153,0.27402904,"H prefers unanimity","Low type","low_u_below","region_polygon"
0.0357366642845414,0.27602896,"H prefers unanimity","Low type","low_u_below","region_polygon"
0.0360049106218361,0.27802888,"H prefers unanimity","Low type","low_u_below","region_polygon"
0.0362732959418294,0.2800288,"H prefers unanimity","Low type","low_u_below","region_polygon"
0.0365418203525629,0.28202872,"H prefers unanimity","Low type","low_u_below","region_polygon"
0.0368104839621903,0.28402864,"H prefers unanimity","Low type","low_u_below","region_polygon"
0.0370792868789776,0.28602856,"H prefers unanimity","Low type","low_u_below","region_polygon"
0.0373482292113029,0.28802848,"H prefers unanimity","Low type","low_u_below","region_polygon"
0.0376173110676569,0.2900284,"H prefers unanimity","Low type","low_u_below","region_polygon"
0.0378865325566427,0.29202832,"H prefers unanimity","Low type","low_u_below","region_polygon"
0.0381558937869765,0.29402824,"H prefers unanimity","Low type","low_u_below","region_polygon"
0.0384253948674869,0.29602816,"H prefers unanimity","Low type","low_u_below","region_polygon"
0.0386950359071161,0.29802808,"H prefers unanimity","Low type","low_u_below","region_polygon"
0.038964817014919,0.300028,"H prefers unanimity","Low type","low_u_below","region_polygon"
0.0392347383000641,0.30202792,"H prefers unanimity","Low type","low_u_below","region_polygon"
0.0395047998718332,0.30402784,"H prefers unanimity","Low type","low_u_below","region_polygon"
0.0397750018396219,0.30602776,"H prefers unanimity","Low type","low_u_below","region_polygon"
0.0400453443129395,0.30802768,"H prefers unanimity","Low type","low_u_below","region_polygon"
0.0403158274014091,0.3100276,"H prefers unanimity","Low type","low_u_below","region_polygon"
0.0405864512147681,0.31202752,"H prefers unanimity","Low type","low_u_below","region_polygon"
0.040857215862868,0.31402744,"H prefers unanimity","Low type","low_u_below","region_polygon"
0.0411281214556745,0.31602736,"H prefers unanimity","Low type","low_u_below","region_polygon"
0.0413991681032681,0.31802728,"H prefers unanimity","Low type","low_u_below","region_polygon"
0.0416703559158439,0.3200272,"H prefers unanimity","Low type","low_u_below","region_polygon"
0.0419416850037116,0.32202712,"H prefers unanimity","Low type","low_u_below","region_polygon"
0.042213155477296,0.32402704,"H prefers unanimity","Low type","low_u_below","region_polygon"
0.0424847674471371,0.32602696,"H prefers unanimity","Low type","low_u_below","region_polygon"
0.0427565210238901,0.32802688,"H prefers unanimity","Low type","low_u_below","region_polygon"
0.0430284163183256,0.3300268,"H prefers unanimity","Low type","low_u_below","region_polygon"
0.0433004534413297,0.33202672,"H prefers unanimity","Low type","low_u_below","region_polygon"
0.0435726325039042,0.33402664,"H prefers unanimity","Low type","low_u_below","region_polygon"
0.043844953617167,0.33602656,"H prefers unanimity","Low type","low_u_below","region_polygon"
0.0441174168923518,0.33802648,"H prefers unanimity","Low type","low_u_below","region_polygon"
0.0443900224408084,0.3400264,"H prefers unanimity","Low type","low_u_below","region_polygon"
0.0446627703740032,0.34202632,"H prefers unanimity","Low type","low_u_below","region_polygon"
0.0449356608035187,0.34402624,"H prefers unanimity","Low type","low_u_below","region_polygon"
0.0452086938410545,0.34602616,"H prefers unanimity","Low type","low_u_below","region_polygon"
0.0454818695984264,0.34802608,"H prefers unanimity","Low type","low_u_below","region_polygon"
0.0457551881875677,0.350026,"H prefers unanimity","Low type","low_u_below","region_polygon"
0.0460286497205283,0.35202592,"H prefers unanimity","Low type","low_u_below","region_polygon"
0.0463022543094757,0.35402584,"H prefers unanimity","Low type","low_u_below","region_polygon"
0.0465760020666946,0.35602576,"H prefers unanimity","Low type","low_u_below","region_polygon"
0.0468498931045871,0.35802568,"H prefers unanimity","Low type","low_u_below","region_polygon"
0.0471239275356734,0.3600256,"H prefers unanimity","Low type","low_u_below","region_polygon"
0.0473981054725912,0.36202552,"H prefers unanimity","Low type","low_u_below","region_polygon"
0.0476724270280963,0.36402544,"H prefers unanimity","Low type","low_u_below","region_polygon"
0.0479468923150628,0.36602536,"H prefers unanimity","Low type","low_u_below","region_polygon"
0.0482215014464828,0.36802528,"H prefers unanimity","Low type","low_u_below","region_polygon"
0.0484962545354671,0.3700252,"H prefers unanimity","Low type","low_u_below","region_polygon"
0.0487711516952452,0.37202512,"H prefers unanimity","Low type","low_u_below","region_polygon"
0.0490461930391652,0.37402504,"H prefers unanimity","Low type","low_u_below","region_polygon"
0.0493213786806941,0.37602496,"H prefers unanimity","Low type","low_u_below","region_polygon"
0.0495967087334182,0.37802488,"H prefers unanimity","Low type","low_u_below","region_polygon"
0.0498721833110428,0.3800248,"H prefers unanimity","Low type","low_u_below","region_polygon"
0.0501478025273928,0.38202472,"H prefers unanimity","Low type","low_u_below","region_polygon"
0.0504235664964126,0.38402464,"H prefers unanimity","Low type","low_u_below","region_polygon"
0.0506994753321663,0.38602456,"H prefers unanimity","Low type","low_u_below","region_polygon"
0.0509755291488378,0.38802448,"H prefers unanimity","Low type","low_u_below","region_polygon"
0.0512517280607312,0.3900244,"H prefers unanimity","Low type","low_u_below","region_polygon"
0.0515280721822707,0.39202432,"H prefers unanimity","Low type","low_u_below","region_polygon"
0.0518045616280008,0.39402424,"H prefers unanimity","Low type","low_u_below","region_polygon"
0.0520811965125865,0.39602416,"H prefers unanimity","Low type","low_u_below","region_polygon"
0.0523579769508136,0.39802408,"H prefers unanimity","Low type","low_u_below","region_polygon"
0.0526349030575886,0.400024,"H prefers unanimity","Low type","low_u_below","region_polygon"
0.052911974947939,0.40202392,"H prefers unanimity","Low type","low_u_below","region_polygon"
0.0531891927370135,0.40402384,"H prefers unanimity","Low type","low_u_below","region_polygon"
0.0534665565400821,0.40602376,"H prefers unanimity","Low type","low_u_below","region_polygon"
0.0537440664725361,0.40802368,"H prefers unanimity","Low type","low_u_below","region_polygon"
0.0540217226498886,0.4100236,"H prefers unanimity","Low type","low_u_below","region_polygon"
0.0542995251877744,0.41202352,"H prefers unanimity","Low type","low_u_below","region_polygon"
0.0545774742019503,0.41402344,"H prefers unanimity","Low type","low_u_below","region_polygon"
0.0548555698082952,0.41602336,"H prefers unanimity","Low type","low_u_below","region_polygon"
0.0551338121228101,0.41802328,"H prefers unanimity","Low type","low_u_below","region_polygon"
0.0554122012616186,0.4200232,"H prefers unanimity","Low type","low_u_below","region_polygon"
0.0556907373409669,0.42202312,"H prefers unanimity","Low type","low_u_below","region_polygon"
0.0559694204772238,0.42402304,"H prefers unanimity","Low type","low_u_below","region_polygon"
0.0562482507868812,0.42602296,"H prefers unanimity","Low type","low_u_below","region_polygon"
0.0565272283865538,0.42802288,"H prefers unanimity","Low type","low_u_below","region_polygon"
0.0568063533929798,0.4300228,"H prefers unanimity","Low type","low_u_below","region_polygon"
0.0570856259230207,0.43202272,"H prefers unanimity","Low type","low_u_below","region_polygon"
0.0573650460936616,0.43402264,"H prefers unanimity","Low type","low_u_below","region_polygon"
0.0576446140220111,0.43602256,"H prefers unanimity","Low type","low_u_below","region_polygon"
0.0579243298253021,0.43802248,"H prefers unanimity","Low type","low_u_below","region_polygon"
0.0582041936208912,0.4400224,"H prefers unanimity","Low type","low_u_below","region_polygon"
0.0584842055262592,0.44202232,"H prefers unanimity","Low type","low_u_below","region_polygon"
0.0587643656590117,0.44402224,"H prefers unanimity","Low type","low_u_below","region_polygon"
0.0590446741368783,0.44602216,"H prefers unanimity","Low type","low_u_below","region_polygon"
0.0593251310777137,0.44802208,"H prefers unanimity","Low type","low_u_below","region_polygon"
0.0596057365994974,0.450022,"H prefers unanimity","Low type","low_u_below","region_polygon"
0.0598864908203337,0.45202192,"H prefers unanimity","Low type","low_u_below","region_polygon"
0.0601673938584524,0.45402184,"H prefers unanimity","Low type","low_u_below","region_polygon"
0.0604484458322085,0.45602176,"H prefers unanimity","Low type","low_u_below","region_polygon"
0.0607296468600827,0.45802168,"H prefers unanimity","Low type","low_u_below","region_polygon"
0.0610109970606812,0.4600216,"H prefers unanimity","Low type","low_u_below","region_polygon"
0.0612924965527362,0.46202152,"H prefers unanimity","Low type","low_u_below","region_polygon"
0.061574145455106,0.46402144,"H prefers unanimity","Low type","low_u_below","region_polygon"
0.0618559438867748,0.46602136,"H prefers unanimity","Low type","low_u_below","region_polygon"
0.0621378919668536,0.46802128,"H prefers unanimity","Low type","low_u_below","region_polygon"
0.0624199898145796,0.4700212,"H prefers unanimity","Low type","low_u_below","region_polygon"
0.0627022375493168,0.47202112,"H prefers unanimity","Low type","low_u_below","region_polygon"
0.0629846352905563,0.47402104,"H prefers unanimity","Low type","low_u_below","region_polygon"
0.0632671831579159,0.47602096,"H prefers unanimity","Low type","low_u_below","region_polygon"
0.0635498812711408,0.47802088,"H prefers unanimity","Low type","low_u_below","region_polygon"
0.0638327297501036,0.4800208,"H prefers unanimity","Low type","low_u_below","region_polygon"
0.0641157287148043,0.48202072,"H prefers unanimity","Low type","low_u_below","region_polygon"
0.0643988782853709,0.48402064,"H prefers unanimity","Low type","low_u_below","region_polygon"
0.064682178582059,0.48602056,"H prefers unanimity","Low type","low_u_below","region_polygon"
0.0649656297252525,0.48802048,"H prefers unanimity","Low type","low_u_below","region_polygon"
0.0652492318354633,0.4900204,"H prefers unanimity","Low type","low_u_below","region_polygon"
0.0655329850333319,0.49202032,"H prefers unanimity","Low type","low_u_below","region_polygon"
0.0658168894396273,0.49402024,"H prefers unanimity","Low type","low_u_below","region_polygon"
0.0661009451752472,0.49602016,"H prefers unanimity","Low type","low_u_below","region_polygon"
0.0663851523612183,0.49802008,"H prefers unanimity","Low type","low_u_below","region_polygon"
0.0666695111186963,0.50002,"H prefers unanimity","Low type","low_u_below","region_polygon"
0.0669540215689664,0.50201992,"H prefers unanimity","Low type","low_u_below","region_polygon"
0.0672386838334428,0.50401984,"H prefers unanimity","Low type","low_u_below","region_polygon"
0.0675234980336698,0.50601976,"H prefers unanimity","Low type","low_u_below","region_polygon"
0.0678084642913211,0.50801968,"H prefers unanimity","Low type","low_u_below","region_polygon"
0.0680935827282005,0.5100196,"H prefers unanimity","Low type","low_u_below","region_polygon"
0.068378853466242,0.51201952,"H prefers unanimity","Low type","low_u_below","region_polygon"
0.0686642766275097,0.51401944,"H prefers unanimity","Low type","low_u_below","region_polygon"
0.0689498523341985,0.51601936,"H prefers unanimity","Low type","low_u_below","region_polygon"
0.0692355807086335,0.51801928,"H prefers unanimity","Low type","low_u_below","region_polygon"
0.0695214618732711,0.5200192,"H prefers unanimity","Low type","low_u_below","region_polygon"
0.0698074959506984,0.52201912,"H prefers unanimity","Low type","low_u_below","region_polygon"
0.0700936830636337,0.52401904,"H prefers unanimity","Low type","low_u_below","region_polygon"
0.0703800233349267,0.52601896,"H prefers unanimity","Low type","low_u_below","region_polygon"
0.0706665168875587,0.52801888,"H prefers unanimity","Low type","low_u_below","region_polygon"
0.0709531638446426,0.5300188,"H prefers unanimity","Low type","low_u_below","region_polygon"
0.0712399643294232,0.53201872,"H prefers unanimity","Low type","low_u_below","region_polygon"
0.0715269184652773,0.53401864,"H prefers unanimity","Low type","low_u_below","region_polygon"
0.071814026375714,0.53601856,"H prefers unanimity","Low type","low_u_below","region_polygon"
0.0721012881843749,0.53801848,"H prefers unanimity","Low type","low_u_below","region_polygon"
0.072388704015034,0.5400184,"H prefers unanimity","Low type","low_u_below","region_polygon"
0.0726762739915982,0.54201832,"H prefers unanimity","Low type","low_u_below","region_polygon"
0.0729639982381073,0.54401824,"H prefers unanimity","Low type","low_u_below","region_polygon"
0.0732518768787341,0.54601816,"H prefers unanimity","Low type","low_u_below","region_polygon"
0.073539910037785,0.54801808,"H prefers unanimity","Low type","low_u_below","region_polygon"
0.0738280978396995,0.550018,"H prefers unanimity","Low type","low_u_below","region_polygon"
0.074116440409051,0.55201792,"H prefers unanimity","Low type","low_u_below","region_polygon"
0.0744049378705468,0.55401784,"H prefers unanimity","Low type","low_u_below","region_polygon"
0.074693590349028,0.55601776,"H prefers unanimity","Low type","low_u_below","region_polygon"
0.07498239796947,0.55801768,"H prefers unanimity","Low type","low_u_below","region_polygon"
0.0752713608569827,0.5600176,"H prefers unanimity","Low type","low_u_below","region_polygon"
0.0755604791368102,0.56201752,"H prefers unanimity","Low type","low_u_below","region_polygon"
0.0758497529343318,0.56401744,"H prefers unanimity","Low type","low_u_below","region_polygon"
0.0761391823750613,0.56601736,"H prefers unanimity","Low type","low_u_below","region_polygon"
0.076428767584648,0.56801728,"H prefers unanimity","Low type","low_u_below","region_polygon"
0.0767185086888761,0.5700172,"H prefers unanimity","Low type","low_u_below","region_polygon"
0.0770084058136655,0.57201712,"H prefers unanimity","Low type","low_u_below","region_polygon"
0.0772984590850718,0.57401704,"H prefers unanimity","Low type","low_u_below","region_polygon"
0.0775886686292861,0.57601696,"H prefers unanimity","Low type","low_u_below","region_polygon"
0.0778790345726359,0.57801688,"H prefers unanimity","Low type","low_u_below","region_polygon"
0.0781695570415847,0.5800168,"H prefers unanimity","Low type","low_u_below","region_polygon"
0.0784602361627324,0.58201672,"H prefers unanimity","Low type","low_u_below","region_polygon"
0.0787510720628154,0.58401664,"H prefers unanimity","Low type","low_u_below","region_polygon"
0.0790420648687071,0.58601656,"H prefers unanimity","Low type","low_u_below","region_polygon"
0.0793332147074175,0.58801648,"H prefers unanimity","Low type","low_u_below","region_polygon"
0.0796245217060939,0.5900164,"H prefers unanimity","Low type","low_u_below","region_polygon"
0.079915985992021,0.59201632,"H prefers unanimity","Low type","low_u_below","region_polygon"
0.0802076076926207,0.59401624,"H prefers unanimity","Low type","low_u_below","region_polygon"
0.0804993869354528,0.59601616,"H prefers unanimity","Low type","low_u_below","region_polygon"
0.080791323848215,0.59801608,"H prefers unanimity","Low type","low_u_below","region_polygon"
0.0810834185587428,0.600016,"H prefers unanimity","Low type","low_u_below","region_polygon"
0.0813756711950102,0.60201592,"H prefers unanimity","Low type","low_u_below","region_polygon"
0.0816680818851294,0.60401584,"H prefers unanimity","Low type","low_u_below","region_polygon"
0.0819606507573514,0.60601576,"H prefers unanimity","Low type","low_u_below","region_polygon"
0.0822533779400658,0.60801568,"H prefers unanimity","Low type","low_u_below","region_polygon"
0.0825462635618013,0.6100156,"H prefers unanimity","Low type","low_u_below","region_polygon"
0.0828393077512258,0.61201552,"H prefers unanimity","Low type","low_u_below","region_polygon"
0.0831325106371465,0.61401544,"H prefers unanimity","Low type","low_u_below","region_polygon"
0.0834258723485102,0.61601536,"H prefers unanimity","Low type","low_u_below","region_polygon"
0.0837193930144033,0.61801528,"H prefers unanimity","Low type","low_u_below","region_polygon"
0.0840130727640523,0.6200152,"H prefers unanimity","Low type","low_u_below","region_polygon"
0.0843069117268237,0.62201512,"H prefers unanimity","Low type","low_u_below","region_polygon"
0.0846009100322244,0.62401504,"H prefers unanimity","Low type","low_u_below","region_polygon"
0.0848950678099016,0.62601496,"H prefers unanimity","Low type","low_u_below","region_polygon"
0.0851893851896435,0.62801488,"H prefers unanimity","Low type","low_u_below","region_polygon"
0.0854838623013788,0.6300148,"H prefers unanimity","Low type","low_u_below","region_polygon"
0.0857784992751777,0.63201472,"H prefers unanimity","Low type","low_u_below","region_polygon"
0.0860732962412513,0.63401464,"H prefers unanimity","Low type","low_u_below","region_polygon"
0.0863682533299523,0.63601456,"H prefers unanimity","Low type","low_u_below","region_polygon"
0.086663370671775,0.63801448,"H prefers unanimity","Low type","low_u_below","region_polygon"
0.0869586483973556,0.6400144,"H prefers unanimity","Low type","low_u_below","region_polygon"
0.0872540866374722,0.64201432,"H prefers unanimity","Low type","low_u_below","region_polygon"
0.0875496855230454,0.64401424,"H prefers unanimity","Low type","low_u_below","region_polygon"
0.0878454451851379,0.64601416,"H prefers unanimity","Low type","low_u_below","region_polygon"
0.0881413657549551,0.64801408,"H prefers unanimity","Low type","low_u_below","region_polygon"
0.0884374473638453,0.650014,"H prefers unanimity","Low type","low_u_below","region_polygon"
0.0887336901432998,0.65201392,"H prefers unanimity","Low type","low_u_below","region_polygon"
0.0890300942249529,0.65401384,"H prefers unanimity","Low type","low_u_below","region_polygon"
0.0893266597405825,0.65601376,"H prefers unanimity","Low type","low_u_below","region_polygon"
0.08962338682211,0.65801368,"H prefers unanimity","Low type","low_u_below","region_polygon"
0.0899202756016006,0.6600136,"H prefers unanimity","Low type","low_u_below","region_polygon"
0.0902173262112633,0.66201352,"H prefers unanimity","Low type","low_u_below","region_polygon"
0.0905145387834516,0.66401344,"H prefers unanimity","Low type","low_u_below","region_polygon"
0.0908119134506632,0.66601336,"H prefers unanimity","Low type","low_u_below","region_polygon"
0.0911094503455402,0.66801328,"H prefers unanimity","Low type","low_u_below","region_polygon"
0.0914071496008697,0.6700132,"H prefers unanimity","Low type","low_u_below","region_polygon"
0.0917050113495836,0.67201312,"H prefers unanimity","Low type","low_u_below","region_polygon"
0.0920030357247592,0.67401304,"H prefers unanimity","Low type","low_u_below","region_polygon"
0.0923012228596188,0.67601296,"H prefers unanimity","Low type","low_u_below","region_polygon"
0.0925995728875306,0.67801288,"H prefers unanimity","Low type","low_u_below","region_polygon"
0.0928980859420082,0.6800128,"H prefers unanimity","Low type","low_u_below","region_polygon"
0.0931967621567115,0.68201272,"H prefers unanimity","Low type","low_u_below","region_polygon"
0.0934956016654463,0.68401264,"H prefers unanimity","Low type","low_u_below","region_polygon"
0.0937946046021649,0.68601256,"H prefers unanimity","Low type","low_u_below","region_polygon"
0.094093771100966,0.68801248,"H prefers unanimity","Low type","low_u_below","region_polygon"
0.0943931012960952,0.6900124,"H prefers unanimity","Low type","low_u_below","region_polygon"
0.094692595321945,0.69201232,"H prefers unanimity","Low type","low_u_below","region_polygon"
0.0949922533130551,0.69401224,"H prefers unanimity","Low type","low_u_below","region_polygon"
0.0952920754041124,0.69601216,"H prefers unanimity","Low type","low_u_below","region_polygon"
0.0955920617299515,0.69801208,"H prefers unanimity","Low type","low_u_below","region_polygon"
0.0958922124255547,0.700012,"H prefers unanimity","Low type","low_u_below","region_polygon"
0.0961925276260523,0.70201192,"H prefers unanimity","Low type","low_u_below","region_polygon"
0.0964930074667227,0.70401184,"H prefers unanimity","Low type","low_u_below","region_polygon"
0.0967936520829927,0.70601176,"H prefers unanimity","Low type","low_u_below","region_polygon"
0.0970944616104377,0.70801168,"H prefers unanimity","Low type","low_u_below","region_polygon"
0.0973954361847819,0.7100116,"H prefers unanimity","Low type","low_u_below","region_polygon"
0.0976965759418983,0.71201152,"H prefers unanimity","Low type","low_u_below","region_polygon"
0.0979978810178093,0.71401144,"H prefers unanimity","Low type","low_u_below","region_polygon"
0.0982993515486867,0.71601136,"H prefers unanimity","Low type","low_u_below","region_polygon"
0.0986009876708515,0.71801128,"H prefers unanimity","Low type","low_u_below","region_polygon"
0.0989027895207751,0.7200112,"H prefers unanimity","Low type","low_u_below","region_polygon"
0.0992047572350784,0.72201112,"H prefers unanimity","Low type","low_u_below","region_polygon"
0.0995068909505327,0.72401104,"H prefers unanimity","Low type","low_u_below","region_polygon"
0.0998091908040598,0.72601096,"H prefers unanimity","Low type","low_u_below","region_polygon"
0.100111656932732,0.72801088,"H prefers unanimity","Low type","low_u_below","region_polygon"
0.100414289473773,0.7300108,"H prefers unanimity","Low type","low_u_below","region_polygon"
0.100717088564556,0.73201072,"H prefers unanimity","Low type","low_u_below","region_polygon"
0.101020054342606,0.73401064,"H prefers unanimity","Low type","low_u_below","region_polygon"
0.101323186945602,0.73601056,"H prefers unanimity","Low type","low_u_below","region_polygon"
0.101626486511371,0.73801048,"H prefers unanimity","Low type","low_u_below","region_polygon"
0.101929953177894,0.7400104,"H prefers unanimity","Low type","low_u_below","region_polygon"
0.102233587083304,0.74201032,"H prefers unanimity","Low type","low_u_below","region_polygon"
0.102537388365884,0.74401024,"H prefers unanimity","Low type","low_u_below","region_polygon"
0.102841357164073,0.74601016,"H prefers unanimity","Low type","low_u_below","region_polygon"
0.103145493616461,0.74801008,"H prefers unanimity","Low type","low_u_below","region_polygon"
0.10344979786179,0.75001,"H prefers unanimity","Low type","low_u_below","region_polygon"
0.103754270038957,0.75200992,"H prefers unanimity","Low type","low_u_below","region_polygon"
0.10405891028701,0.75400984,"H prefers unanimity","Low type","low_u_below","region_polygon"
0.104363718745154,0.75600976,"H prefers unanimity","Low type","low_u_below","region_polygon"
0.104668695552744,0.75800968,"H prefers unanimity","Low type","low_u_below","region_polygon"
0.104973840849292,0.7600096,"H prefers unanimity","Low type","low_u_below","region_polygon"
0.105279154774462,0.76200952,"H prefers unanimity","Low type","low_u_below","region_polygon"
0.105584637468073,0.76400944,"H prefers unanimity","Low type","low_u_below","region_polygon"
0.1058902890701,0.76600936,"H prefers unanimity","Low type","low_u_below","region_polygon"
0.106196109720672,0.76800928,"H prefers unanimity","Low type","low_u_below","region_polygon"
0.106502099560071,0.7700092,"H prefers unanimity","Low type","low_u_below","region_polygon"
0.106808258728738,0.77200912,"H prefers unanimity","Low type","low_u_below","region_polygon"
0.107114587367267,0.77400904,"H prefers unanimity","Low type","low_u_below","region_polygon"
0.107421085616407,0.77600896,"H prefers unanimity","Low type","low_u_below","region_polygon"
0.107727753617066,0.77800888,"H prefers unanimity","Low type","low_u_below","region_polygon"
0.108034591510305,0.7800088,"H prefers unanimity","Low type","low_u_below","region_polygon"
0.108341599437344,0.78200872,"H prefers unanimity","Low type","low_u_below","region_polygon"
0.108648777539556,0.78400864,"H prefers unanimity","Low type","low_u_below","region_polygon"
0.108956125958475,0.78600856,"H prefers unanimity","Low type","low_u_below","region_polygon"
0.109263644835789,0.78800848,"H prefers unanimity","Low type","low_u_below","region_polygon"
0.109571334313344,0.7900084,"H prefers unanimity","Low type","low_u_below","region_polygon"
0.109879194533144,0.79200832,"H prefers unanimity","Low type","low_u_below","region_polygon"
0.110187225637349,0.79400824,"H prefers unanimity","Low type","low_u_below","region_polygon"
0.11049542776828,0.79600816,"H prefers unanimity","Low type","low_u_below","region_polygon"
0.110803801068413,0.79800808,"H prefers unanimity","Low type","low_u_below","region_polygon"
0.111112345680384,0.800008,"H prefers unanimity","Low type","low_u_below","region_polygon"
0.111421061746987,0.80200792,"H prefers unanimity","Low type","low_u_below","region_polygon"
0.111729949411173,0.80400784,"H prefers unanimity","Low type","low_u_below","region_polygon"
0.112039008816056,0.80600776,"H prefers unanimity","Low type","low_u_below","region_polygon"
0.112348240104906,0.80800768,"H prefers unanimity","Low type","low_u_below","region_polygon"
0.112657643421153,0.8100076,"H prefers unanimity","Low type","low_u_below","region_polygon"
0.112967218908387,0.81200752,"H prefers unanimity","Low type","low_u_below","region_polygon"
0.113276966710358,0.81400744,"H prefers unanimity","Low type","low_u_below","region_polygon"
0.113586886970976,0.81600736,"H prefers unanimity","Low type","low_u_below","region_polygon"
0.11389697983431,0.81800728,"H prefers unanimity","Low type","low_u_below","region_polygon"
0.114207245444592,0.8200072,"H prefers unanimity","Low type","low_u_below","region_polygon"
0.114517683946212,0.82200712,"H prefers unanimity","Low type","low_u_below","region_polygon"
0.114828295483724,0.82400704,"H prefers unanimity","Low type","low_u_below","region_polygon"
0.11513908020184,0.82600696,"H prefers unanimity","Low type","low_u_below","region_polygon"
0.115450038245435,0.82800688,"H prefers unanimity","Low type","low_u_below","region_polygon"
0.115761169759547,0.8300068,"H prefers unanimity","Low type","low_u_below","region_polygon"
0.116072474889374,0.83200672,"H prefers unanimity","Low type","low_u_below","region_polygon"
0.116383953780275,0.83400664,"H prefers unanimity","Low type","low_u_below","region_polygon"
0.116695606577775,0.83600656,"H prefers unanimity","Low type","low_u_below","region_polygon"
0.117007433427558,0.83800648,"H prefers unanimity","Low type","low_u_below","region_polygon"
0.117319434475472,0.8400064,"H prefers unanimity","Low type","low_u_below","region_polygon"
0.117631609867529,0.84200632,"H prefers unanimity","Low type","low_u_below","region_polygon"
0.117943959749903,0.84400624,"H prefers unanimity","Low type","low_u_below","region_polygon"
0.118256484268933,0.84600616,"H prefers unanimity","Low type","low_u_below","region_polygon"
0.118569183571118,0.84800608,"H prefers unanimity","Low type","low_u_below","region_polygon"
0.118882057803125,0.850006,"H prefers unanimity","Low type","low_u_below","region_polygon"
0.119195107111784,0.85200592,"H prefers unanimity","Low type","low_u_below","region_polygon"
0.119508331644089,0.85400584,"H prefers unanimity","Low type","low_u_below","region_polygon"
0.119821731547197,0.85600576,"H prefers unanimity","Low type","low_u_below","region_polygon"
0.120135306968432,0.85800568,"H prefers unanimity","Low type","low_u_below","region_polygon"
0.120449058055284,0.8600056,"H prefers unanimity","Low type","low_u_below","region_polygon"
0.120762984955404,0.86200552,"H prefers unanimity","Low type","low_u_below","region_polygon"
0.121077087816614,0.86400544,"H prefers unanimity","Low type","low_u_below","region_polygon"
0.121391366786897,0.86600536,"H prefers unanimity","Low type","low_u_below","region_polygon"
0.121705822014406,0.86800528,"H prefers unanimity","Low type","low_u_below","region_polygon"
0.122020453647456,0.8700052,"H prefers unanimity","Low type","low_u_below","region_polygon"
0.122335261834532,0.87200512,"H prefers unanimity","Low type","low_u_below","region_polygon"
0.122650246724283,0.87400504,"H prefers unanimity","Low type","low_u_below","region_polygon"
0.122965408465529,0.87600496,"H prefers unanimity","Low type","low_u_below","region_polygon"
0.123280747207252,0.87800488,"H prefers unanimity","Low type","low_u_below","region_polygon"
0.123596263098604,0.8800048,"H prefers unanimity","Low type","low_u_below","region_polygon"
0.123911956288906,0.88200472,"H prefers unanimity","Low type","low_u_below","region_polygon"
0.124227826927644,0.88400464,"H prefers unanimity","Low type","low_u_below","region_polygon"
0.124543875164474,0.88600456,"H prefers unanimity","Low type","low_u_below","region_polygon"
0.12486010114922,0.88800448,"H prefers unanimity","Low type","low_u_below","region_polygon"
0.125176505031874,0.8900044,"H prefers unanimity","Low type","low_u_below","region_polygon"
0.125493086962596,0.89200432,"H prefers unanimity","Low type","low_u_below","region_polygon"
0.125809847091719,0.89400424,"H prefers unanimity","Low type","low_u_below","region_polygon"
0.126126785569739,0.89600416,"H prefers unanimity","Low type","low_u_below","region_polygon"
0.126443902547328,0.89800408,"H prefers unanimity","Low type","low_u_below","region_polygon"
0.126761198175323,0.900004,"H prefers unanimity","Low type","low_u_below","region_polygon"
0.127078672604733,0.90200392,"H prefers unanimity","Low type","low_u_below","region_polygon"
0.127396325986738,0.90400384,"H prefers unanimity","Low type","low_u_below","region_polygon"
0.127714158472686,0.90600376,"H prefers unanimity","Low type","low_u_below","region_polygon"
0.128032170214098,0.90800368,"H prefers unanimity","Low type","low_u_below","region_polygon"
0.128350361362666,0.9100036,"H prefers unanimity","Low type","low_u_below","region_polygon"
0.128668732070251,0.91200352,"H prefers unanimity","Low type","low_u_below","region_polygon"
0.128987282488887,0.91400344,"H prefers unanimity","Low type","low_u_below","region_polygon"
0.12930601277078,0.91600336,"H prefers unanimity","Low type","low_u_below","region_polygon"
0.129624923068307,0.91800328,"H prefers unanimity","Low type","low_u_below","region_polygon"
0.129944013534017,0.9200032,"H prefers unanimity","Low type","low_u_below","region_polygon"
0.130263284320634,0.92200312,"H prefers unanimity","Low type","low_u_below","region_polygon"
0.130582735581051,0.92400304,"H prefers unanimity","Low type","low_u_below","region_polygon"
0.130902367468336,0.92600296,"H prefers unanimity","Low type","low_u_below","region_polygon"
0.131222180135729,0.92800288,"H prefers unanimity","Low type","low_u_below","region_polygon"
0.131542173736646,0.9300028,"H prefers unanimity","Low type","low_u_below","region_polygon"
0.131862348424673,0.93200272,"H prefers unanimity","Low type","low_u_below","region_polygon"
0.132182704353572,0.93400264,"H prefers unanimity","Low type","low_u_below","region_polygon"
0.132503241677279,0.93600256,"H prefers unanimity","Low type","low_u_below","region_polygon"
0.132823960549904,0.93800248,"H prefers unanimity","Low type","low_u_below","region_polygon"
0.133144861125732,0.9400024,"H prefers unanimity","Low type","low_u_below","region_polygon"
0.133465943559222,0.94200232,"H prefers unanimity","Low type","low_u_below","region_polygon"
0.133787208005009,0.94400224,"H prefers unanimity","Low type","low_u_below","region_polygon"
0.134108654617904,0.94600216,"H prefers unanimity","Low type","low_u_below","region_polygon"
0.134430283552891,0.94800208,"H prefers unanimity","Low type","low_u_below","region_polygon"
0.134752094965133,0.950002,"H prefers unanimity","Low type","low_u_below","region_polygon"
0.135074089009968,0.95200192,"H prefers unanimity","Low type","low_u_below","region_polygon"
0.135396265842908,0.95400184,"H prefers unanimity","Low type","low_u_below","region_polygon"
0.135718625619645,0.95600176,"H prefers unanimity","Low type","low_u_below","region_polygon"
0.136041168496047,0.95800168,"H prefers unanimity","Low type","low_u_below","region_polygon"
0.136363894628158,0.9600016,"H prefers unanimity","Low type","low_u_below","region_polygon"
0.1366868041722,0.96200152,"H prefers unanimity","Low type","low_u_below","region_polygon"
0.137009897284573,0.96400144,"H prefers unanimity","Low type","low_u_below","region_polygon"
0.137333174121853,0.96600136,"H prefers unanimity","Low type","low_u_below","region_polygon"
0.137656634840798,0.96800128,"H prefers unanimity","Low type","low_u_below","region_polygon"
0.137980279598341,0.9700012,"H prefers unanimity","Low type","low_u_below","region_polygon"
0.138304108551594,0.97200112,"H prefers unanimity","Low type","low_u_below","region_polygon"
0.138628121857849,0.97400104,"H prefers unanimity","Low type","low_u_below","region_polygon"
0.138952319674577,0.97600096,"H prefers unanimity","Low type","low_u_below","region_polygon"
0.139276702159427,0.97800088,"H prefers unanimity","Low type","low_u_below","region_polygon"
0.13960126947023,0.9800008,"H prefers unanimity","Low type","low_u_below","region_polygon"
0.139926021764995,0.98200072,"H prefers unanimity","Low type","low_u_below","region_polygon"
0.140250959201912,0.98400064,"H prefers unanimity","Low type","low_u_below","region_polygon"
0.140576081939351,0.98600056,"H prefers unanimity","Low type","low_u_below","region_polygon"
0.140901390135862,0.98800048,"H prefers unanimity","Low type","low_u_below","region_polygon"
0.141226883950179,0.9900004,"H prefers unanimity","Low type","low_u_below","region_polygon"
0.141552563541213,0.99200032,"H prefers unanimity","Low type","low_u_below","region_polygon"
0.141878429068059,0.99400024,"H prefers unanimity","Low type","low_u_below","region_polygon"
0.142204480689994,0.99600016,"H prefers unanimity","Low type","low_u_below","region_polygon"
0.142530718566475,0.99800008,"H prefers unanimity","Low type","low_u_below","region_polygon"
0.142857142857143,1,"H prefers unanimity","Low type","low_u_below","region_polygon"
0.257142857142857,1,"H prefers unanimity","Low type","low_u_below","region_polygon"
0.256496684695803,0.99800008,"H prefers unanimity","Low type","low_u_below","region_polygon"
0.255851176173813,0.99600016,"H prefers unanimity","Low type","low_u_below","region_polygon"
0.255206330554164,0.99400024,"H prefers unanimity","Low type","low_u_below","region_polygon"
0.254562146816235,0.99200032,"H prefers unanimity","Low type","low_u_below","region_polygon"
0.253918623941495,0.9900004,"H prefers unanimity","Low type","low_u_below","region_polygon"
0.253275760913504,0.98800048,"H prefers unanimity","Low type","low_u_below","region_polygon"
0.252633556717905,0.98600056,"H prefers unanimity","Low type","low_u_below","region_polygon"
0.251992010342419,0.98400064,"H prefers unanimity","Low type","low_u_below","region_polygon"
0.25135112077684,0.98200072,"H prefers unanimity","Low type","low_u_below","region_polygon"
0.25071088701303,0.9800008,"H prefers unanimity","Low type","low_u_below","region_polygon"
0.250071308044911,0.97800088,"H prefers unanimity","Low type","low_u_below","region_polygon"
0.249432382868463,0.97600096,"H prefers unanimity","Low type","low_u_below","region_polygon"
0.248794110481719,0.97400104,"H prefers unanimity","Low type","low_u_below","region_polygon"
0.248156489884756,0.97200112,"H prefers unanimity","Low type","low_u_below","region_polygon"
0.247519520079694,0.9700012,"H prefers unanimity","Low type","low_u_below","region_polygon"
0.246883200070689,0.96800128,"H prefers unanimity","Low type","low_u_below","region_polygon"
0.246247528863926,0.96600136,"H prefers unanimity","Low type","low_u_below","region_polygon"
0.245612505467616,0.96400144,"H prefers unanimity","Low type","low_u_below","region_polygon"
0.244978128891993,0.96200152,"H prefers unanimity","Low type","low_u_below","region_polygon"
0.244344398149302,0.9600016,"H prefers unanimity","Low type","low_u_below","region_polygon"
0.243711312253803,0.95800168,"H prefers unanimity","Low type","low_u_below","region_polygon"
0.243078870221757,0.95600176,"H prefers unanimity","Low type","low_u_below","region_polygon"
0.242447071071427,0.95400184,"H prefers unanimity","Low type","low_u_below","region_polygon"
0.241815913823069,0.95200192,"H prefers unanimity","Low type","low_u_below","region_polygon"
0.241185397498933,0.950002,"H prefers unanimity","Low type","low_u_below","region_polygon"
0.240555521123248,0.94800208,"H prefers unanimity","Low type","low_u_below","region_polygon"
0.239926283722227,0.94600216,"H prefers unanimity","Low type","low_u_below","region_polygon"
0.239297684324057,0.94400224,"H prefers unanimity","Low type","low_u_below","region_polygon"
0.238669721958893,0.94200232,"H prefers unanimity","Low type","low_u_below","region_polygon"
0.238042395658856,0.9400024,"H prefers unanimity","Low type","low_u_below","region_polygon"
0.237415704458027,0.93800248,"H prefers unanimity","Low type","low_u_below","region_polygon"
0.236789647392441,0.93600256,"H prefers unanimity","Low type","low_u_below","region_polygon"
0.236164223500083,0.93400264,"H prefers unanimity","Low type","low_u_below","region_polygon"
0.235539431820883,0.93200272,"H prefers unanimity","Low type","low_u_below","region_polygon"
0.234915271396712,0.9300028,"H prefers unanimity","Low type","low_u_below","region_polygon"
0.234291741271374,0.92800288,"H prefers unanimity","Low type","low_u_below","region_polygon"
0.233668840490605,0.92600296,"H prefers unanimity","Low type","low_u_below","region_polygon"
0.233046568102065,0.92400304,"H prefers unanimity","Low type","low_u_below","region_polygon"
0.232424923155337,0.92200312,"H prefers unanimity","Low type","low_u_below","region_polygon"
0.231803904701916,0.9200032,"H prefers unanimity","Low type","low_u_below","region_polygon"
0.231183511795212,0.91800328,"H prefers unanimity","Low type","low_u_below","region_polygon"
0.230563743490536,0.91600336,"H prefers unanimity","Low type","low_u_below","region_polygon"
0.229944598845105,0.91400344,"H prefers unanimity","Low type","low_u_below","region_polygon"
0.22932607691803,0.91200352,"H prefers unanimity","Low type","low_u_below","region_polygon"
0.228708176770314,0.9100036,"H prefers unanimity","Low type","low_u_below","region_polygon"
0.228090897464847,0.90800368,"H prefers unanimity","Low type","low_u_below","region_polygon"
0.227474238066401,0.90600376,"H prefers unanimity","Low type","low_u_below","region_polygon"
0.226858197641627,0.90400384,"H prefers unanimity","Low type","low_u_below","region_polygon"
0.226242775259047,0.90200392,"H prefers unanimity","Low type","low_u_below","region_polygon"
0.225627969989051,0.900004,"H prefers unanimity","Low type","low_u_below","region_polygon"
0.225013780903893,0.89800408,"H prefers unanimity","Low type","low_u_below","region_polygon"
0.224400207077687,0.89600416,"H prefers unanimity","Low type","low_u_below","region_polygon"
0.223787247586398,0.89400424,"H prefers unanimity","Low type","low_u_below","region_polygon"
0.223174901507844,0.89200432,"H prefers unanimity","Low type","low_u_below","region_polygon"
0.222563167921685,0.8900044,"H prefers unanimity","Low type","low_u_below","region_polygon"
0.221952045909423,0.88800448,"H prefers unanimity","Low type","low_u_below","region_polygon"
0.221341534554393,0.88600456,"H prefers unanimity","Low type","low_u_below","region_polygon"
0.220731632941765,0.88400464,"H prefers unanimity","Low type","low_u_below","region_polygon"
0.220122340158533,0.88200472,"H prefers unanimity","Low type","low_u_below","region_polygon"
0.219513655293512,0.8800048,"H prefers unanimity","Low type","low_u_below","region_polygon"
0.218905577437336,0.87800488,"H prefers unanimity","Low type","low_u_below","region_polygon"
0.218298105682452,0.87600496,"H prefers unanimity","Low type","low_u_below","region_polygon"
0.217691239123114,0.87400504,"H prefers unanimity","Low type","low_u_below","region_polygon"
0.217084976855381,0.87200512,"H prefers unanimity","Low type","low_u_below","region_polygon"
0.21647931797711,0.8700052,"H prefers unanimity","Low type","low_u_below","region_polygon"
0.215874261587955,0.86800528,"H prefers unanimity","Low type","low_u_below","region_polygon"
0.215269806789358,0.86600536,"H prefers unanimity","Low type","low_u_below","region_polygon"
0.214665952684547,0.86400544,"H prefers unanimity","Low type","low_u_below","region_polygon"
0.214062698378535,0.86200552,"H prefers unanimity","Low type","low_u_below","region_polygon"
0.213460042978107,0.8600056,"H prefers unanimity","Low type","low_u_below","region_polygon"
0.212857985591825,0.85800568,"H prefers unanimity","Low type","low_u_below","region_polygon"
0.212256525330016,0.85600576,"H prefers unanimity","Low type","low_u_below","region_polygon"
0.211655661304774,0.85400584,"H prefers unanimity","Low type","low_u_below","region_polygon"
0.211055392629949,0.85200592,"H prefers unanimity","Low type","low_u_below","region_polygon"
0.21045571842115,0.850006,"H prefers unanimity","Low type","low_u_below","region_polygon"
0.209856637795733,0.84800608,"H prefers unanimity","Low type","low_u_below","region_polygon"
0.209258149872804,0.84600616,"H prefers unanimity","Low type","low_u_below","region_polygon"
0.208660253773208,0.84400624,"H prefers unanimity","Low type","low_u_below","region_polygon"
0.20806294861953,0.84200632,"H prefers unanimity","Low type","low_u_below","region_polygon"
0.207466233536088,0.8400064,"H prefers unanimity","Low type","low_u_below","region_polygon"
0.20687010764893,0.83800648,"H prefers unanimity","Low type","low_u_below","region_polygon"
0.206274570085827,0.83600656,"H prefers unanimity","Low type","low_u_below","region_polygon"
0.205679619976273,0.83400664,"H prefers unanimity","Low type","low_u_below","region_polygon"
0.205085256451477,0.83200672,"H prefers unanimity","Low type","low_u_below","region_polygon"
0.204491478644361,0.8300068,"H prefers unanimity","Low type","low_u_below","region_polygon"
0.203898285689555,0.82800688,"H prefers unanimity","Low type","low_u_below","region_polygon"
0.203305676723393,0.82600696,"H prefers unanimity","Low type","low_u_below","region_polygon"
0.202713650883909,0.82400704,"H prefers unanimity","Low type","low_u_below","region_polygon"
0.202122207310831,0.82200712,"H prefers unanimity","Low type","low_u_below","region_polygon"
0.201531345145581,0.8200072,"H prefers unanimity","Low type","low_u_below","region_polygon"
0.200941063531265,0.81800728,"H prefers unanimity","Low type","low_u_below","region_polygon"
0.200351361612674,0.81600736,"H prefers unanimity","Low type","low_u_below","region_polygon"
0.199762238536279,0.81400744,"H prefers unanimity","Low type","low_u_below","region_polygon"
0.199173693450223,0.81200752,"H prefers unanimity","Low type","low_u_below","region_polygon"
0.198585725504321,0.8100076,"H prefers unanimity","Low type","low_u_below","region_polygon"
0.197998333850055,0.80800768,"H prefers unanimity","Low type","low_u_below","region_polygon"
0.19741151764057,0.80600776,"H prefers unanimity","Low type","low_u_below","region_polygon"
0.196825276030668,0.80400784,"H prefers unanimity","Low type","low_u_below","region_polygon"
0.196239608176806,0.80200792,"H prefers unanimity","Low type","low_u_below","region_polygon"
0.195654513237091,0.800008,"H prefers unanimity","Low type","low_u_below","region_polygon"
0.195069990371278,0.79800808,"H prefers unanimity","Low type","low_u_below","region_polygon"
0.194486038740761,0.79600816,"H prefers unanimity","Low type","low_u_below","region_polygon"
0.193902657508577,0.79400824,"H prefers unanimity","Low type","low_u_below","region_polygon"
0.193319845839392,0.79200832,"H prefers unanimity","Low type","low_u_below","region_polygon"
0.192737602899506,0.7900084,"H prefers unanimity","Low type","low_u_below","region_polygon"
0.192155927856844,0.78800848,"H prefers unanimity","Low type","low_u_below","region_polygon"
0.191574819880954,0.78600856,"H prefers unanimity","Low type","low_u_below","region_polygon"
0.190994278143002,0.78400864,"H prefers unanimity","Low type","low_u_below","region_polygon"
0.190414301815768,0.78200872,"H prefers unanimity","Low type","low_u_below","region_polygon"
0.189834890073642,0.7800088,"H prefers unanimity","Low type","low_u_below","region_polygon"
0.189256042092624,0.77800888,"H prefers unanimity","Low type","low_u_below","region_polygon"
0.188677757050312,0.77600896,"H prefers unanimity","Low type","low_u_below","region_polygon"
0.188100034125905,0.77400904,"H prefers unanimity","Low type","low_u_below","region_polygon"
0.187522872500199,0.77200912,"H prefers unanimity","Low type","low_u_below","region_polygon"
0.186946271355578,0.7700092,"H prefers unanimity","Low type","low_u_below","region_polygon"
0.186370229876014,0.76800928,"H prefers unanimity","Low type","low_u_below","region_polygon"
0.185794747247063,0.76600936,"H prefers unanimity","Low type","low_u_below","region_polygon"
0.18521982265586,0.76400944,"H prefers unanimity","Low type","low_u_below","region_polygon"
0.184645455291116,0.76200952,"H prefers unanimity","Low type","low_u_below","region_polygon"
0.184071644343113,0.7600096,"H prefers unanimity","Low type","low_u_below","region_polygon"
0.183498389003702,0.75800968,"H prefers unanimity","Low type","low_u_below","region_polygon"
0.182925688466299,0.75600976,"H prefers unanimity","Low type","low_u_below","region_polygon"
0.182353541925879,0.75400984,"H prefers unanimity","Low type","low_u_below","region_polygon"
0.181781948578974,0.75200992,"H prefers unanimity","Low type","low_u_below","region_polygon"
0.181210907623669,0.75001,"H prefers unanimity","Low type","low_u_below","region_polygon"
0.180640418259599,0.74801008,"H prefers unanimity","Low type","low_u_below","region_polygon"
0.180070479687944,0.74601016,"H prefers unanimity","Low type","low_u_below","region_polygon"
0.179501091111424,0.74401024,"H prefers unanimity","Low type","low_u_below","region_polygon"
0.1789322517343,0.74201032,"H prefers unanimity","Low type","low_u_below","region_polygon"
0.178363960762366,0.7400104,"H prefers unanimity","Low type","low_u_below","region_polygon"
0.177796217402945,0.73801048,"H prefers unanimity","Low type","low_u_below","region_polygon"
0.17722902086489,0.73601056,"H prefers unanimity","Low type","low_u_below","region_polygon"
0.176662370358576,0.73401064,"H prefers unanimity","Low type","low_u_below","region_polygon"
0.176096265095896,0.73201072,"H prefers unanimity","Low type","low_u_below","region_polygon"
0.175530704290261,0.7300108,"H prefers unanimity","Low type","low_u_below","region_polygon"
0.174965687156593,0.72801088,"H prefers unanimity","Low type","low_u_below","region_polygon"
0.174401212911323,0.72601096,"H prefers unanimity","Low type","low_u_below","region_polygon"
0.173837280772389,0.72401104,"H prefers unanimity","Low type","low_u_below","region_polygon"
0.173273889959226,0.72201112,"H prefers unanimity","Low type","low_u_below","region_polygon"
0.172711039692772,0.7200112,"H prefers unanimity","Low type","low_u_below","region_polygon"
0.172148729195455,0.71801128,"H prefers unanimity","Low type","low_u_below","region_polygon"
0.171586957691196,0.71601136,"H prefers unanimity","Low type","low_u_below","region_polygon"
0.171025724405402,0.71401144,"H prefers unanimity","Low type","low_u_below","region_polygon"
0.170465028564965,0.71201152,"H prefers unanimity","Low type","low_u_below","region_polygon"
0.169904869398255,0.7100116,"H prefers unanimity","Low type","low_u_below","region_polygon"
0.169345246135119,0.70801168,"H prefers unanimity","Low type","low_u_below","region_polygon"
0.168786158006879,0.70601176,"H prefers unanimity","Low type","low_u_below","region_polygon"
0.168227604246323,0.70401184,"H prefers unanimity","Low type","low_u_below","region_polygon"
0.167669584087707,0.70201192,"H prefers unanimity","Low type","low_u_below","region_polygon"
0.167112096766749,0.700012,"H prefers unanimity","Low type","low_u_below","region_polygon"
0.166555141520626,0.69801208,"H prefers unanimity","Low type","low_u_below","region_polygon"
0.16599871758797,0.69601216,"H prefers unanimity","Low type","low_u_below","region_polygon"
0.165442824208866,0.69401224,"H prefers unanimity","Low type","low_u_below","region_polygon"
0.164887460624845,0.69201232,"H prefers unanimity","Low type","low_u_below","region_polygon"
0.164332626078885,0.6900124,"H prefers unanimity","Low type","low_u_below","region_polygon"
0.163778319815406,0.68801248,"H prefers unanimity","Low type","low_u_below","region_polygon"
0.163224541080266,0.68601256,"H prefers unanimity","Low type","low_u_below","region_polygon"
0.162671289120755,0.68401264,"H prefers unanimity","Low type","low_u_below","region_polygon"
0.162118563185598,0.68201272,"H prefers unanimity","Low type","low_u_below","region_polygon"
0.161566362524946,0.6800128,"H prefers unanimity","Low type","low_u_below","region_polygon"
0.161014686390375,0.67801288,"H prefers unanimity","Low type","low_u_below","region_polygon"
0.160463534034883,0.67601296,"H prefers unanimity","Low type","low_u_below","region_polygon"
0.159912904712883,0.67401304,"H prefers unanimity","Low type","low_u_below","region_polygon"
0.159362797680205,0.67201312,"H prefers unanimity","Low type","low_u_below","region_polygon"
0.15881321219409,0.6700132,"H prefers unanimity","Low type","low_u_below","region_polygon"
0.158264147513186,0.66801328,"H prefers unanimity","Low type","low_u_below","region_polygon"
0.157715602897545,0.66601336,"H prefers unanimity","Low type","low_u_below","region_polygon"
0.157167577608621,0.66401344,"H prefers unanimity","Low type","low_u_below","region_polygon"
0.156620070909264,0.66201352,"H prefers unanimity","Low type","low_u_below","region_polygon"
0.156073082063722,0.6600136,"H prefers unanimity","Low type","low_u_below","region_polygon"
0.15552661033763,0.65801368,"H prefers unanimity","Low type","low_u_below","region_polygon"
0.154980654998013,0.65601376,"H prefers unanimity","Low type","low_u_below","region_polygon"
0.154435215313282,0.65401384,"H prefers unanimity","Low type","low_u_below","region_polygon"
0.153890290553226,0.65201392,"H prefers unanimity","Low type","low_u_below","region_polygon"
0.153345879989014,0.650014,"H prefers unanimity","Low type","low_u_below","region_polygon"
0.15280198289319,0.64801408,"H prefers unanimity","Low type","low_u_below","region_polygon"
0.152258598539669,0.64601416,"H prefers unanimity","Low type","low_u_below","region_polygon"
0.151715726203734,0.64401424,"H prefers unanimity","Low type","low_u_below","region_polygon"
0.151173365162035,0.64201432,"H prefers unanimity","Low type","low_u_below","region_polygon"
0.150631514692581,0.6400144,"H prefers unanimity","Low type","low_u_below","region_polygon"
0.150090174074742,0.63801448,"H prefers unanimity","Low type","low_u_below","region_polygon"
0.149549342589243,0.63601456,"H prefers unanimity","Low type","low_u_below","region_polygon"
0.14900901951816,0.63401464,"H prefers unanimity","Low type","low_u_below","region_polygon"
0.14846920414492,0.63201472,"H prefers unanimity","Low type","low_u_below","region_polygon"
0.147929895754295,0.6300148,"H prefers unanimity","Low type","low_u_below","region_polygon"
0.1473910936324,0.62801488,"H prefers unanimity","Low type","low_u_below","region_polygon"
0.146852797066689,0.62601496,"H prefers unanimity","Low type","low_u_below","region_polygon"
0.146315005345955,0.62401504,"H prefers unanimity","Low type","low_u_below","region_polygon"
0.145777717760321,0.62201512,"H prefers unanimity","Low type","low_u_below","region_polygon"
0.145240933601242,0.6200152,"H prefers unanimity","Low type","low_u_below","region_polygon"
0.144704652161501,0.61801528,"H prefers unanimity","Low type","low_u_below","region_polygon"
0.144168872735203,0.61601536,"H prefers unanimity","Low type","low_u_below","region_polygon"
0.143633594617776,0.61401544,"H prefers unanimity","Low type","low_u_below","region_polygon"
0.143098817105964,0.61201552,"H prefers unanimity","Low type","low_u_below","region_polygon"
0.142564539497828,0.6100156,"H prefers unanimity","Low type","low_u_below","region_polygon"
0.142030761092738,0.60801568,"H prefers unanimity","Low type","low_u_below","region_polygon"
0.141497481191375,0.60601576,"H prefers unanimity","Low type","low_u_below","region_polygon"
0.140964699095724,0.60401584,"H prefers unanimity","Low type","low_u_below","region_polygon"
0.140432414109074,0.60201592,"H prefers unanimity","Low type","low_u_below","region_polygon"
0.139900625536012,0.600016,"H prefers unanimity","Low type","low_u_below","region_polygon"
0.139369332682423,0.59801608,"H prefers unanimity","Low type","low_u_below","region_polygon"
0.138838534855485,0.59601616,"H prefers unanimity","Low type","low_u_below","region_polygon"
0.138308231363665,0.59401624,"H prefers unanimity","Low type","low_u_below","region_polygon"
0.137778421516719,0.59201632,"H prefers unanimity","Low type","low_u_below","region_polygon"
0.137249104625687,0.5900164,"H prefers unanimity","Low type","low_u_below","region_polygon"
0.136720280002892,0.58801648,"H prefers unanimity","Low type","low_u_below","region_polygon"
0.136191946961932,0.58601656,"H prefers unanimity","Low type","low_u_below","region_polygon"
0.135664104817684,0.58401664,"H prefers unanimity","Low type","low_u_below","region_polygon"
0.135136752886295,0.58201672,"H prefers unanimity","Low type","low_u_below","region_polygon"
0.134609890485184,0.5800168,"H prefers unanimity","Low type","low_u_below","region_polygon"
0.134083516933035,0.57801688,"H prefers unanimity","Low type","low_u_below","region_polygon"
0.133557631549796,0.57601696,"H prefers unanimity","Low type","low_u_below","region_polygon"
0.133032233656676,0.57401704,"H prefers unanimity","Low type","low_u_below","region_polygon"
0.132507322576142,0.57201712,"H prefers unanimity","Low type","low_u_below","region_polygon"
0.131982897631915,0.5700172,"H prefers unanimity","Low type","low_u_below","region_polygon"
0.131458958148971,0.56801728,"H prefers unanimity","Low type","low_u_below","region_polygon"
0.130935503453531,0.56601736,"H prefers unanimity","Low type","low_u_below","region_polygon"
0.130412532873064,0.56401744,"H prefers unanimity","Low type","low_u_below","region_polygon"
0.129890045736285,0.56201752,"H prefers unanimity","Low type","low_u_below","region_polygon"
0.129368041373146,0.5600176,"H prefers unanimity","Low type","low_u_below","region_polygon"
0.128846519114837,0.55801768,"H prefers unanimity","Low type","low_u_below","region_polygon"
0.128325478293785,0.55601776,"H prefers unanimity","Low type","low_u_below","region_polygon"
0.127804918243648,0.55401784,"H prefers unanimity","Low type","low_u_below","region_polygon"
0.127284838299311,0.55201792,"H prefers unanimity","Low type","low_u_below","region_polygon"
0.126765237796889,0.550018,"H prefers unanimity","Low type","low_u_below","region_polygon"
0.126246116073718,0.54801808,"H prefers unanimity","Low type","low_u_below","region_polygon"
0.125727472468354,0.54601816,"H prefers unanimity","Low type","low_u_below","region_polygon"
0.125209306320574,0.54401824,"H prefers unanimity","Low type","low_u_below","region_polygon"
0.124691616971367,0.54201832,"H prefers unanimity","Low type","low_u_below","region_polygon"
0.124174403762935,0.5400184,"H prefers unanimity","Low type","low_u_below","region_polygon"
0.12365766603869,0.53801848,"H prefers unanimity","Low type","low_u_below","region_polygon"
0.12314140314325,0.53601856,"H prefers unanimity","Low type","low_u_below","region_polygon"
0.122625614422439,0.53401864,"H prefers unanimity","Low type","low_u_below","region_polygon"
0.122110299223279,0.53201872,"H prefers unanimity","Low type","low_u_below","region_polygon"
0.121595456893992,0.5300188,"H prefers unanimity","Low type","low_u_below","region_polygon"
0.121081086783996,0.52801888,"H prefers unanimity","Low type","low_u_below","region_polygon"
0.120567188243901,0.52601896,"H prefers unanimity","Low type","low_u_below","region_polygon"
0.120053760625507,0.52401904,"H prefers unanimity","Low type","low_u_below","region_polygon"
0.119540803281803,0.52201912,"H prefers unanimity","Low type","low_u_below","region_polygon"
0.119028315566962,0.5200192,"H prefers unanimity","Low type","low_u_below","region_polygon"
0.118516296836337,0.51801928,"H prefers unanimity","Low type","low_u_below","region_polygon"
0.118004746446464,0.51601936,"H prefers unanimity","Low type","low_u_below","region_polygon"
0.117493663755052,0.51401944,"H prefers unanimity","Low type","low_u_below","region_polygon"
0.116983048120986,0.51201952,"H prefers unanimity","Low type","low_u_below","region_polygon"
0.116472898904323,0.5100196,"H prefers unanimity","Low type","low_u_below","region_polygon"
0.115963215466286,0.50801968,"H prefers unanimity","Low type","low_u_below","region_polygon"
0.115453997169266,0.50601976,"H prefers unanimity","Low type","low_u_below","region_polygon"
0.114945243376816,0.50401984,"H prefers unanimity","Low type","low_u_below","region_polygon"
0.11443695345365,0.50201992,"H prefers unanimity","Low type","low_u_below","region_polygon"
0.113929126765641,0.50002,"H prefers unanimity","Low type","low_u_below","region_polygon"
0.113421762679816,0.49802008,"H prefers unanimity","Low type","low_u_below","region_polygon"
0.112914860564354,0.49602016,"H prefers unanimity","Low type","low_u_below","region_polygon"
0.112408419788586,0.49402024,"H prefers unanimity","Low type","low_u_below","region_polygon"
0.11190243972299,0.49202032,"H prefers unanimity","Low type","low_u_below","region_polygon"
0.111396919739188,0.4900204,"H prefers unanimity","Low type","low_u_below","region_polygon"
0.110891859209945,0.48802048,"H prefers unanimity","Low type","low_u_below","region_polygon"
0.110387257509164,0.48602056,"H prefers unanimity","Low type","low_u_below","region_polygon"
0.109883114011887,0.48402064,"H prefers unanimity","Low type","low_u_below","region_polygon"
0.109379428094291,0.48202072,"H prefers unanimity","Low type","low_u_below","region_polygon"
0.108876199133681,0.4800208,"H prefers unanimity","Low type","low_u_below","region_polygon"
0.108373426508497,0.47802088,"H prefers unanimity","Low type","low_u_below","region_polygon"
0.107871109598301,0.47602096,"H prefers unanimity","Low type","low_u_below","region_polygon"
0.107369247783781,0.47402104,"H prefers unanimity","Low type","low_u_below","region_polygon"
0.106867840446748,0.47202112,"H prefers unanimity","Low type","low_u_below","region_polygon"
0.106366886970129,0.4700212,"H prefers unanimity","Low type","low_u_below","region_polygon"
0.105866386737971,0.46802128,"H prefers unanimity","Low type","low_u_below","region_polygon"
0.105366339135433,0.46602136,"H prefers unanimity","Low type","low_u_below","region_polygon"
0.104866743548786,0.46402144,"H prefers unanimity","Low type","low_u_below","region_polygon"
0.10436759936541,0.46202152,"H prefers unanimity","Low type","low_u_below","region_polygon"
0.103868905973791,0.4600216,"H prefers unanimity","Low type","low_u_below","region_polygon"
0.103370662763522,0.45802168,"H prefers unanimity","Low type","low_u_below","region_polygon"
0.102872869125293,0.45602176,"H prefers unanimity","Low type","low_u_below","region_polygon"
0.102375524450897,0.45402184,"H prefers unanimity","Low type","low_u_below","region_polygon"
0.10187862813322,0.45202192,"H prefers unanimity","Low type","low_u_below","region_polygon"
0.101382179566247,0.450022,"H prefers unanimity","Low type","low_u_below","region_polygon"
0.100886178145049,0.44802208,"H prefers unanimity","Low type","low_u_below","region_polygon"
0.100390623265791,0.44602216,"H prefers unanimity","Low type","low_u_below","region_polygon"
0.0998955143257211,0.44402224,"H prefers unanimity","Low type","low_u_below","region_polygon"
0.0994008507231746,0.44202232,"H prefers unanimity","Low type","low_u_below","region_polygon"
0.098906631857567,0.4400224,"H prefers unanimity","Low type","low_u_below","region_polygon"
0.0984128571293937,0.43802248,"H prefers unanimity","Low type","low_u_below","region_polygon"
0.0979195259402272,0.43602256,"H prefers unanimity","Low type","low_u_below","region_polygon"
0.0974266376927146,0.43402264,"H prefers unanimity","Low type","low_u_below","region_polygon"
0.0969341917905748,0.43202272,"H prefers unanimity","Low type","low_u_below","region_polygon"
0.0964421876385971,0.4300228,"H prefers unanimity","Low type","low_u_below","region_polygon"
0.0959506246426379,0.42802288,"H prefers unanimity","Low type","low_u_below","region_polygon"
0.0954595022096185,0.42602296,"H prefers unanimity","Low type","low_u_below","region_polygon"
0.094968819747523,0.42402304,"H prefers unanimity","Low type","low_u_below","region_polygon"
0.0944785766653956,0.42202312,"H prefers unanimity","Low type","low_u_below","region_polygon"
0.0939887723733384,0.4200232,"H prefers unanimity","Low type","low_u_below","region_polygon"
0.0934994062825092,0.41802328,"H prefers unanimity","Low type","low_u_below","region_polygon"
0.0930104778051186,0.41602336,"H prefers unanimity","Low type","low_u_below","region_polygon"
0.0925219863544282,0.41402344,"H prefers unanimity","Low type","low_u_below","region_polygon"
0.092033931344748,0.41202352,"H prefers unanimity","Low type","low_u_below","region_polygon"
0.0915463121914341,0.4100236,"H prefers unanimity","Low type","low_u_below","region_polygon"
0.0910591283108864,0.40802368,"H prefers unanimity","Low type","low_u_below","region_polygon"
0.0905723791205461,0.40602376,"H prefers unanimity","Low type","low_u_below","region_polygon"
0.0900860640388936,0.40402384,"H prefers unanimity","Low type","low_u_below","region_polygon"
0.0896001824854461,0.40202392,"H prefers unanimity","Low type","low_u_below","region_polygon"
0.0891147338807554,0.400024,"H prefers unanimity","Low type","low_u_below","region_polygon"
0.0886297176464053,0.39802408,"H prefers unanimity","Low type","low_u_below","region_polygon"
0.0881451332050095,0.39602416,"H prefers unanimity","Low type","low_u_below","region_polygon"
0.0876609799802094,0.39402424,"H prefers unanimity","Low type","low_u_below","region_polygon"
0.0871772573966718,0.39202432,"H prefers unanimity","Low type","low_u_below","region_polygon"
0.0866939648800861,0.3900244,"H prefers unanimity","Low type","low_u_below","region_polygon"
0.0862111018571631,0.38802448,"H prefers unanimity","Low type","low_u_below","region_polygon"
0.0857286677556315,0.38602456,"H prefers unanimity","Low type","low_u_below","region_polygon"
0.0852466620042365,0.38402464,"H prefers unanimity","Low type","low_u_below","region_polygon"
0.0847650840327374,0.38202472,"H prefers unanimity","Low type","low_u_below","region_polygon"
0.084283933271905,0.3800248,"H prefers unanimity","Low type","low_u_below","region_polygon"
0.0838032091535197,0.37802488,"H prefers unanimity","Low type","low_u_below","region_polygon"
0.0833229111103691,0.37602496,"H prefers unanimity","Low type","low_u_below","region_polygon"
0.0828430385762458,0.37402504,"H prefers unanimity","Low type","low_u_below","region_polygon"
0.0823635909859453,0.37202512,"H prefers unanimity","Low type","low_u_below","region_polygon"
0.0818845677752636,0.3700252,"H prefers unanimity","Low type","low_u_below","region_polygon"
0.081405968380995,0.36802528,"H prefers unanimity","Low type","low_u_below","region_polygon"
0.0809277922409301,0.36602536,"H prefers unanimity","Low type","low_u_below","region_polygon"
0.0804500387938533,0.36402544,"H prefers unanimity","Low type","low_u_below","region_polygon"
0.0799727074795409,0.36202552,"H prefers unanimity","Low type","low_u_below","region_polygon"
0.0794957977387586,0.3600256,"H prefers unanimity","Low type","low_u_below","region_polygon"
0.0790193090132596,0.35802568,"H prefers unanimity","Low type","low_u_below","region_polygon"
0.0785432407457823,0.35602576,"H prefers unanimity","Low type","low_u_below","region_polygon"
0.0780675923800481,0.35402584,"H prefers unanimity","Low type","low_u_below","region_polygon"
0.0775923633607593,0.35202592,"H prefers unanimity","Low type","low_u_below","region_polygon"
0.0771175531335969,0.350026,"H prefers unanimity","Low type","low_u_below","region_polygon"
0.0766431611452184,0.34802608,"H prefers unanimity","Low type","low_u_below","region_polygon"
0.0761691868432556,0.34602616,"H prefers unanimity","Low type","low_u_below","region_polygon"
0.0756956296763129,0.34402624,"H prefers unanimity","Low type","low_u_below","region_polygon"
0.0752224890939645,0.34202632,"H prefers unanimity","Low type","low_u_below","region_polygon"
0.0747497645467527,0.3400264,"H prefers unanimity","Low type","low_u_below","region_polygon"
0.0742774554861856,0.33802648,"H prefers unanimity","Low type","low_u_below","region_polygon"
0.0738055613647352,0.33602656,"H prefers unanimity","Low type","low_u_below","region_polygon"
0.0733340816358348,0.33402664,"H prefers unanimity","Low type","low_u_below","region_polygon"
0.0728630157538776,0.33202672,"H prefers unanimity","Low type","low_u_below","region_polygon"
0.0723923631742139,0.3300268,"H prefers unanimity","Low type","low_u_below","region_polygon"
0.0719221233531495,0.32802688,"H prefers unanimity","Low type","low_u_below","region_polygon"
0.0714522957479433,0.32602696,"H prefers unanimity","Low type","low_u_below","region_polygon"
0.0709828798168054,0.32402704,"H prefers unanimity","Low type","low_u_below","region_polygon"
0.0705138750188948,0.32202712,"H prefers unanimity","Low type","low_u_below","region_polygon"
0.0700452808143177,0.3200272,"H prefers unanimity","Low type","low_u_below","region_polygon"
0.069577096664125,0.31802728,"H prefers unanimity","Low type","low_u_below","region_polygon"
0.0691093220303104,0.31602736,"H prefers unanimity","Low type","low_u_below","region_polygon"
0.0686419563758087,0.31402744,"H prefers unanimity","Low type","low_u_below","region_polygon"
0.0681749991644929,0.31202752,"H prefers unanimity","Low type","low_u_below","region_polygon"
0.0677084498611731,0.3100276,"H prefers unanimity","Low type","low_u_below","region_polygon"
0.0672423079315939,0.30802768,"H prefers unanimity","Low type","low_u_below","region_polygon"
0.0667765728424322,0.30602776,"H prefers unanimity","Low type","low_u_below","region_polygon"
0.0663112440612958,0.30402784,"H prefers unanimity","Low type","low_u_below","region_polygon"
0.065846321056721,0.30202792,"H prefers unanimity","Low type","low_u_below","region_polygon"
0.0653818032981703,0.300028,"H prefers unanimity","Low type","low_u_below","region_polygon"
0.0649176902560308,0.29802808,"H prefers unanimity","Low type","low_u_below","region_polygon"
0.0644539814016123,0.29602816,"H prefers unanimity","Low type","low_u_below","region_polygon"
0.0639906762071448,0.29402824,"H prefers unanimity","Low type","low_u_below","region_polygon"
0.0635277741457767,0.29202832,"H prefers unanimity","Low type","low_u_below","region_polygon"
0.0630652746915731,0.2900284,"H prefers unanimity","Low type","low_u_below","region_polygon"
0.0626031773195134,0.28802848,"H prefers unanimity","Low type","low_u_below","region_polygon"
0.0621414815054895,0.28602856,"H prefers unanimity","Low type","low_u_below","region_polygon"
0.0616801867263037,0.28402864,"H prefers unanimity","Low type","low_u_below","region_polygon"
0.061219292459667,0.28202872,"H prefers unanimity","Low type","low_u_below","region_polygon"
0.060758798184197,0.2800288,"H prefers unanimity","Low type","low_u_below","region_polygon"
0.0602987033794155,0.27802888,"H prefers unanimity","Low type","low_u_below","region_polygon"
0.0598390075257472,0.27602896,"H prefers unanimity","Low type","low_u_below","region_polygon"
0.0593797101045176,0.27402904,"H prefers unanimity","Low type","low_u_below","region_polygon"
0.0589208105979506,0.27202912,"H prefers unanimity","Low type","low_u_below","region_polygon"
0.058462308489167,0.2700292,"H prefers unanimity","Low type","low_u_below","region_polygon"
0.0580042032621824,0.26802928,"H prefers unanimity","Low type","low_u_below","region_polygon"
0.0575464944019055,0.26602936,"H prefers unanimity","Low type","low_u_below","region_polygon"
0.0570891813941357,0.26402944,"H prefers unanimity","Low type","low_u_below","region_polygon"
0.0566322637255614,0.26202952,"H prefers unanimity","Low type","low_u_below","region_polygon"
0.0561757408837583,0.2600296,"H prefers unanimity","Low type","low_u_below","region_polygon"
0.0557196123571873,0.25802968,"H prefers unanimity","Low type","low_u_below","region_polygon"
0.0552638776351925,0.25602976,"H prefers unanimity","Low type","low_u_below","region_polygon"
0.0548085362079993,0.25402984,"H prefers unanimity","Low type","low_u_below","region_polygon"
0.0543535875667128,0.25202992,"H prefers unanimity","Low type","low_u_below","region_polygon"
0.0538990312033156,0.25003,"H prefers unanimity","Low type","low_u_below","region_polygon"
0.0534448666106658,0.24803008,"H prefers unanimity","Low type","low_u_below","region_polygon"
0.0529910932824956,0.24603016,"H prefers unanimity","Low type","low_u_below","region_polygon"
0.052537710713409,0.24403024,"H prefers unanimity","Low type","low_u_below","region_polygon"
0.0520847183988799,0.24203032,"H prefers unanimity","Low type","low_u_below","region_polygon"
0.0516321158352508,0.2400304,"H prefers unanimity","Low type","low_u_below","region_polygon"
0.05117990251973,0.23803048,"H prefers unanimity","Low type","low_u_below","region_polygon"
0.0507280779503907,0.23603056,"H prefers unanimity","Low type","low_u_below","region_polygon"
0.0502766416261683,0.23403064,"H prefers unanimity","Low type","low_u_below","region_polygon"
0.0498255930468593,0.23203072,"H prefers unanimity","Low type","low_u_below","region_polygon"
0.0493749317131188,0.2300308,"H prefers unanimity","Low type","low_u_below","region_polygon"
0.0489246571264592,0.22803088,"H prefers unanimity","Low type","low_u_below","region_polygon"
0.0484747687892479,0.22603096,"H prefers unanimity","Low type","low_u_below","region_polygon"
0.0480252662047058,0.22403104,"H prefers unanimity","Low type","low_u_below","region_polygon"
0.0475761488769053,0.22203112,"H prefers unanimity","Low type","low_u_below","region_polygon"
0.0471274163107687,0.2200312,"H prefers unanimity","Low type","low_u_below","region_polygon"
0.0466790680120659,0.21803128,"H prefers unanimity","Low type","low_u_below","region_polygon"
0.0462311034874132,0.21603136,"H prefers unanimity","Low type","low_u_below","region_polygon"
0.0457835222442709,0.21403144,"H prefers unanimity","Low type","low_u_below","region_polygon"
0.0453363237909421,0.21203152,"H prefers unanimity","Low type","low_u_below","region_polygon"
0.0448895076365702,0.2100316,"H prefers unanimity","Low type","low_u_below","region_polygon"
0.0444430732911379,0.20803168,"H prefers unanimity","Low type","low_u_below","region_polygon"
0.0439970202654646,0.20603176,"H prefers unanimity","Low type","low_u_below","region_polygon"
0.0435513480712054,0.20403184,"H prefers unanimity","Low type","low_u_below","region_polygon"
0.0431060562208485,0.20203192,"H prefers unanimity","Low type","low_u_below","region_polygon"
0.0426611442277142,0.200032,"H prefers unanimity","Low type","low_u_below","region_polygon"
0.0422166116059525,0.19803208,"H prefers unanimity","Low type","low_u_below","region_polygon"
0.0417724578705419,0.19603216,"H prefers unanimity","Low type","low_u_below","region_polygon"
0.041328682537287,0.19403224,"H prefers unanimity","Low type","low_u_below","region_polygon"
0.0408852851228174,0.19203232,"H prefers unanimity","Low type","low_u_below","region_polygon"
0.0404422651445854,0.1900324,"H prefers unanimity","Low type","low_u_below","region_polygon"
0.0399996221208646,0.18803248,"H prefers unanimity","Low type","low_u_below","region_polygon"
0.0395573555707479,0.18603256,"H prefers unanimity","Low type","low_u_below","region_polygon"
0.0391154650141461,0.18403264,"H prefers unanimity","Low type","low_u_below","region_polygon"
0.0386739499717858,0.18203272,"H prefers unanimity","Low type","low_u_below","region_polygon"
0.0382328099652077,0.1800328,"H prefers unanimity","Low type","low_u_below","region_polygon"
0.0377920445167653,0.17803288,"H prefers unanimity","Low type","low_u_below","region_polygon"
0.0373516531496226,0.17603296,"H prefers unanimity","Low type","low_u_below","region_polygon"
0.0369116353877527,0.17403304,"H prefers unanimity","Low type","low_u_below","region_polygon"
0.0364719907559362,0.17203312,"H prefers unanimity","Low type","low_u_below","region_polygon"
0.0360327187797592,0.1700332,"H prefers unanimity","Low type","low_u_below","region_polygon"
0.0355938189856115,0.16803328,"H prefers unanimity","Low type","low_u_below","region_polygon"
0.0351552909006856,0.16603336,"H prefers unanimity","Low type","low_u_below","region_polygon"
0.034717134052974,0.16403344,"H prefers unanimity","Low type","low_u_below","region_polygon"
0.0342793479712683,0.16203352,"H prefers unanimity","Low type","low_u_below","region_polygon"
0.0338419321851573,0.1600336,"H prefers unanimity","Low type","low_u_below","region_polygon"
0.033404886225025,0.15803368,"H prefers unanimity","Low type","low_u_below","region_polygon"
0.0329682096220493,0.15603376,"H prefers unanimity","Low type","low_u_below","region_polygon"
0.0325319019082002,0.15403384,"H prefers unanimity","Low type","low_u_below","region_polygon"
0.0320959626162382,0.15203392,"H prefers unanimity","Low type","low_u_below","region_polygon"
0.0316603912797124,0.150034,"H prefers unanimity","Low type","low_u_below","region_polygon"
0.0312251874329589,0.14803408,"H prefers unanimity","Low type","low_u_below","region_polygon"
0.0307903506110995,0.14603416,"H prefers unanimity","Low type","low_u_below","region_polygon"
0.0303558803500395,0.14403424,"H prefers unanimity","Low type","low_u_below","region_polygon"
0.0299217761864667,0.14203432,"H prefers unanimity","Low type","low_u_below","region_polygon"
0.0294880376578488,0.1400344,"H prefers unanimity","Low type","low_u_below","region_polygon"
0.0290546643024329,0.13803448,"H prefers unanimity","Low type","low_u_below","region_polygon"
0.028621655659243,0.13603456,"H prefers unanimity","Low type","low_u_below","region_polygon"
0.0281890112680785,0.13403464,"H prefers unanimity","Low type","low_u_below","region_polygon"
0.0277567306695132,0.13203472,"H prefers unanimity","Low type","low_u_below","region_polygon"
0.0273248134048928,0.1300348,"H prefers unanimity","Low type","low_u_below","region_polygon"
0.0268932590163338,0.12803488,"H prefers unanimity","Low type","low_u_below","region_polygon"
0.0264620670467218,0.12603496,"H prefers unanimity","Low type","low_u_below","region_polygon"
0.0260312370397098,0.12403504,"H prefers unanimity","Low type","low_u_below","region_polygon"
0.0256007685397166,0.12203512,"H prefers unanimity","Low type","low_u_below","region_polygon"
0.0251706610919253,0.1200352,"H prefers unanimity","Low type","low_u_below","region_polygon"
0.0247409142422817,0.11803528,"H prefers unanimity","Low type","low_u_below","region_polygon"
0.0243115275374924,0.11603536,"H prefers unanimity","Low type","low_u_below","region_polygon"
0.0238825005250237,0.11403544,"H prefers unanimity","Low type","low_u_below","region_polygon"
0.0234538327530995,0.11203552,"H prefers unanimity","Low type","low_u_below","region_polygon"
0.0230255237707002,0.1100356,"H prefers unanimity","Low type","low_u_below","region_polygon"
0.0225975731275607,0.10803568,"H prefers unanimity","Low type","low_u_below","region_polygon"
0.0221699803741691,0.10603576,"H prefers unanimity","Low type","low_u_below","region_polygon"
0.021742745061765,0.10403584,"H prefers unanimity","Low type","low_u_below","region_polygon"
0.0213158667423379,0.10203592,"H prefers unanimity","Low type","low_u_below","region_polygon"
0.0208893449686257,0.100036,"H prefers unanimity","Low type","low_u_below","region_polygon"
0.0204631792941134,0.09803608,"H prefers unanimity","Low type","low_u_below","region_polygon"
0.0200373692730308,0.09603616,"H prefers unanimity","Low type","low_u_below","region_polygon"
0.0196119144603518,0.09403624,"H prefers unanimity","Low type","low_u_below","region_polygon"
0.0191868144117922,0.09203632,"H prefers unanimity","Low type","low_u_below","region_polygon"
0.0187620686838088,0.0900364,"H prefers unanimity","Low type","low_u_below","region_polygon"
0.018337676833597,0.08803648,"H prefers unanimity","Low type","low_u_below","region_polygon"
0.01791363841909,0.08603656,"H prefers unanimity","Low type","low_u_below","region_polygon"
0.0174899529989571,0.08403664,"H prefers unanimity","Low type","low_u_below","region_polygon"
0.0170666201326019,0.08203672,"H prefers unanimity","Low type","low_u_below","region_polygon"
0.0166436393801609,0.0800368,"H prefers unanimity","Low type","low_u_below","region_polygon"
0.0162210103025022,0.07803688,"H prefers unanimity","Low type","low_u_below","region_polygon"
0.0157987324612237,0.07603696,"H prefers unanimity","Low type","low_u_below","region_polygon"
0.0153768054186517,0.07403704,"H prefers unanimity","Low type","low_u_below","region_polygon"
0.0149552287378395,0.07203712,"H prefers unanimity","Low type","low_u_below","region_polygon"
0.0145340019825655,0.0700372,"H prefers unanimity","Low type","low_u_below","region_polygon"
0.0141131247173321,0.06803728,"H prefers unanimity","Low type","low_u_below","region_polygon"
0.0136925965073642,0.06603736,"H prefers unanimity","Low type","low_u_below","region_polygon"
0.0132724169186073,0.06403744,"H prefers unanimity","Low type","low_u_below","region_polygon"
0.0128525855177266,0.06203752,"H prefers unanimity","Low type","low_u_below","region_polygon"
0.0124331018721048,0.0600376,"H prefers unanimity","Low type","low_u_below","region_polygon"
0.0120139655498412,0.05803768,"H prefers unanimity","Low type","low_u_below","region_polygon"
0.0115951761197501,0.05603776,"H prefers unanimity","Low type","low_u_below","region_polygon"
0.0111767331513592,0.05403784,"H prefers unanimity","Low type","low_u_below","region_polygon"
0.0107586362149078,0.05203792,"H prefers unanimity","Low type","low_u_below","region_polygon"
0.0103408848813463,0.050038,"H prefers unanimity","Low type","low_u_below","region_polygon"
0.00992347872233354,0.04803808,"H prefers unanimity","Low type","low_u_below","region_polygon"
0.00950641731023634,0.04603816,"H prefers unanimity","Low type","low_u_below","region_polygon"
0.0090897002181274,0.04403824,"H prefers unanimity","Low type","low_u_below","region_polygon"
0.00867332701978411,0.04203832,"H prefers unanimity","Low type","low_u_below","region_polygon"
0.00825729728968706,0.0400384,"H prefers unanimity","Low type","low_u_below","region_polygon"
0.00784161060301855,0.03803848,"H prefers unanimity","Low type","low_u_below","region_polygon"
0.0074262665356612,0.03603856,"H prefers unanimity","Low type","low_u_below","region_polygon"
0.00701126466419645,0.03403864,"H prefers unanimity","Low type","low_u_below","region_polygon"
0.00659660456590317,0.03203872,"H prefers unanimity","Low type","low_u_below","region_polygon"
0.00618228581875618,0.0300388,"H prefers unanimity","Low type","low_u_below","region_polygon"
0.00576830800142488,0.02803888,"H prefers unanimity","Low type","low_u_below","region_polygon"
0.00535467069327176,0.02603896,"H prefers unanimity","Low type","low_u_below","region_polygon"
0.004941373474351,0.02403904,"H prefers unanimity","Low type","low_u_below","region_polygon"
0.00452841592540704,0.02203912,"H prefers unanimity","Low type","low_u_below","region_polygon"
0.00411579762787319,0.0200392,"H prefers unanimity","Low type","low_u_below","region_polygon"
0.00370351816387019,0.01803928,"H prefers unanimity","Low type","low_u_below","region_polygon"
0.0032915771162048,0.01603936,"H prefers unanimity","Low type","low_u_below","region_polygon"
0.0028799740683684,0.01403944,"H prefers unanimity","Low type","low_u_below","region_polygon"
0.0024687086045356,0.01203952,"H prefers unanimity","Low type","low_u_below","region_polygon"
0.0020577803095628,0.0100396,"H prefers unanimity","Low type","low_u_below","region_polygon"
0.00164718876898682,0.00803968,"H prefers unanimity","Low type","low_u_below","region_polygon"
0.00123693356902354,0.00603976,"H prefers unanimity","Low type","low_u_below","region_polygon"
0.000827014296566422,0.00403984,"H prefers unanimity","Low type","low_u_below","region_polygon"
0.000417430539185215,0.00203992,"H prefers unanimity","Low type","low_u_below","region_polygon"
8.18188512451465e-06,4e-05,"H prefers unanimity","Low type","low_u_below","region_polygon"
8.18188512451465e-06,4e-05,"H indifferent","Low type","low_i_below","region_polygon"
0.000417430539185215,0.00203992,"H indifferent","Low type","low_i_below","region_polygon"
0.000827014296566422,0.00403984,"H indifferent","Low type","low_i_below","region_polygon"
0.00123693356902354,0.00603976,"H indifferent","Low type","low_i_below","region_polygon"
0.00164718876898682,0.00803968,"H indifferent","Low type","low_i_below","region_polygon"
0.0020577803095628,0.0100396,"H indifferent","Low type","low_i_below","region_polygon"
0.0024687086045356,0.01203952,"H indifferent","Low type","low_i_below","region_polygon"
0.0028799740683684,0.01403944,"H indifferent","Low type","low_i_below","region_polygon"
0.0032915771162048,0.01603936,"H indifferent","Low type","low_i_below","region_polygon"
0.00370351816387019,0.01803928,"H indifferent","Low type","low_i_below","region_polygon"
0.00411579762787319,0.0200392,"H indifferent","Low type","low_i_below","region_polygon"
0.00452841592540704,0.02203912,"H indifferent","Low type","low_i_below","region_polygon"
0.004941373474351,0.02403904,"H indifferent","Low type","low_i_below","region_polygon"
0.00535467069327176,0.02603896,"H indifferent","Low type","low_i_below","region_polygon"
0.00576830800142488,0.02803888,"H indifferent","Low type","low_i_below","region_polygon"
0.00618228581875618,0.0300388,"H indifferent","Low type","low_i_below","region_polygon"
0.00659660456590317,0.03203872,"H indifferent","Low type","low_i_below","region_polygon"
0.00701126466419645,0.03403864,"H indifferent","Low type","low_i_below","region_polygon"
0.0074262665356612,0.03603856,"H indifferent","Low type","low_i_below","region_polygon"
0.00784161060301855,0.03803848,"H indifferent","Low type","low_i_below","region_polygon"
0.00825729728968706,0.0400384,"H indifferent","Low type","low_i_below","region_polygon"
0.00867332701978411,0.04203832,"H indifferent","Low type","low_i_below","region_polygon"
0.0090897002181274,0.04403824,"H indifferent","Low type","low_i_below","region_polygon"
0.00950641731023634,0.04603816,"H indifferent","Low type","low_i_below","region_polygon"
0.00992347872233354,0.04803808,"H indifferent","Low type","low_i_below","region_polygon"
0.0103408848813463,0.050038,"H indifferent","Low type","low_i_below","region_polygon"
0.0107586362149078,0.05203792,"H indifferent","Low type","low_i_below","region_polygon"
0.0111767331513592,0.05403784,"H indifferent","Low type","low_i_below","region_polygon"
0.0115951761197501,0.05603776,"H indifferent","Low type","low_i_below","region_polygon"
0.0120139655498412,0.05803768,"H indifferent","Low type","low_i_below","region_polygon"
0.0124331018721048,0.0600376,"H indifferent","Low type","low_i_below","region_polygon"
0.0128525855177266,0.06203752,"H indifferent","Low type","low_i_below","region_polygon"
0.0132724169186073,0.06403744,"H indifferent","Low type","low_i_below","region_polygon"
0.0136925965073642,0.06603736,"H indifferent","Low type","low_i_below","region_polygon"
0.0141131247173321,0.06803728,"H indifferent","Low type","low_i_below","region_polygon"
0.0145340019825655,0.0700372,"H indifferent","Low type","low_i_below","region_polygon"
0.0149552287378395,0.07203712,"H indifferent","Low type","low_i_below","region_polygon"
0.0153768054186517,0.07403704,"H indifferent","Low type","low_i_below","region_polygon"
0.0157987324612237,0.07603696,"H indifferent","Low type","low_i_below","region_polygon"
0.0162210103025022,0.07803688,"H indifferent","Low type","low_i_below","region_polygon"
0.0166436393801609,0.0800368,"H indifferent","Low type","low_i_below","region_polygon"
0.0170666201326019,0.08203672,"H indifferent","Low type","low_i_below","region_polygon"
0.0174899529989571,0.08403664,"H indifferent","Low type","low_i_below","region_polygon"
0.01791363841909,0.08603656,"H indifferent","Low type","low_i_below","region_polygon"
0.018337676833597,0.08803648,"H indifferent","Low type","low_i_below","region_polygon"
0.0187620686838088,0.0900364,"H indifferent","Low type","low_i_below","region_polygon"
0.0191868144117922,0.09203632,"H indifferent","Low type","low_i_below","region_polygon"
0.0196119144603518,0.09403624,"H indifferent","Low type","low_i_below","region_polygon"
0.0200373692730308,0.09603616,"H indifferent","Low type","low_i_below","region_polygon"
0.0204631792941134,0.09803608,"H indifferent","Low type","low_i_below","region_polygon"
0.0208893449686257,0.100036,"H indifferent","Low type","low_i_below","region_polygon"
0.0213158667423379,0.10203592,"H indifferent","Low type","low_i_below","region_polygon"
0.021742745061765,0.10403584,"H indifferent","Low type","low_i_below","region_polygon"
0.0221699803741691,0.10603576,"H indifferent","Low type","low_i_below","region_polygon"
0.0225975731275607,0.10803568,"H indifferent","Low type","low_i_below","region_polygon"
0.0230255237707002,0.1100356,"H indifferent","Low type","low_i_below","region_polygon"
0.0234538327530995,0.11203552,"H indifferent","Low type","low_i_below","region_polygon"
0.0238825005250237,0.11403544,"H indifferent","Low type","low_i_below","region_polygon"
0.0243115275374924,0.11603536,"H indifferent","Low type","low_i_below","region_polygon"
0.0247409142422817,0.11803528,"H indifferent","Low type","low_i_below","region_polygon"
0.0251706610919253,0.1200352,"H indifferent","Low type","low_i_below","region_polygon"
0.0256007685397166,0.12203512,"H indifferent","Low type","low_i_below","region_polygon"
0.0260312370397098,0.12403504,"H indifferent","Low type","low_i_below","region_polygon"
0.0264620670467218,0.12603496,"H indifferent","Low type","low_i_below","region_polygon"
0.0268932590163338,0.12803488,"H indifferent","Low type","low_i_below","region_polygon"
0.0273248134048928,0.1300348,"H indifferent","Low type","low_i_below","region_polygon"
0.0277567306695132,0.13203472,"H indifferent","Low type","low_i_below","region_polygon"
0.0281890112680785,0.13403464,"H indifferent","Low type","low_i_below","region_polygon"
0.028621655659243,0.13603456,"H indifferent","Low type","low_i_below","region_polygon"
0.0290546643024329,0.13803448,"H indifferent","Low type","low_i_below","region_polygon"
0.0294880376578488,0.1400344,"H indifferent","Low type","low_i_below","region_polygon"
0.0299217761864667,0.14203432,"H indifferent","Low type","low_i_below","region_polygon"
0.0303558803500395,0.14403424,"H indifferent","Low type","low_i_below","region_polygon"
0.0307903506110995,0.14603416,"H indifferent","Low type","low_i_below","region_polygon"
0.0312251874329589,0.14803408,"H indifferent","Low type","low_i_below","region_polygon"
0.0316603912797124,0.150034,"H indifferent","Low type","low_i_below","region_polygon"
0.0320959626162382,0.15203392,"H indifferent","Low type","low_i_below","region_polygon"
0.0325319019082002,0.15403384,"H indifferent","Low type","low_i_below","region_polygon"
0.0329682096220493,0.15603376,"H indifferent","Low type","low_i_below","region_polygon"
0.033404886225025,0.15803368,"H indifferent","Low type","low_i_below","region_polygon"
0.0338419321851573,0.1600336,"H indifferent","Low type","low_i_below","region_polygon"
0.0342793479712683,0.16203352,"H indifferent","Low type","low_i_below","region_polygon"
0.034717134052974,0.16403344,"H indifferent","Low type","low_i_below","region_polygon"
0.0351552909006856,0.16603336,"H indifferent","Low type","low_i_below","region_polygon"
0.0355938189856115,0.16803328,"H indifferent","Low type","low_i_below","region_polygon"
0.0360327187797592,0.1700332,"H indifferent","Low type","low_i_below","region_polygon"
0.0364719907559362,0.17203312,"H indifferent","Low type","low_i_below","region_polygon"
0.0369116353877527,0.17403304,"H indifferent","Low type","low_i_below","region_polygon"
0.0373516531496226,0.17603296,"H indifferent","Low type","low_i_below","region_polygon"
0.0377920445167653,0.17803288,"H indifferent","Low type","low_i_below","region_polygon"
0.0382328099652077,0.1800328,"H indifferent","Low type","low_i_below","region_polygon"
0.0386739499717858,0.18203272,"H indifferent","Low type","low_i_below","region_polygon"
0.0391154650141461,0.18403264,"H indifferent","Low type","low_i_below","region_polygon"
0.0395573555707479,0.18603256,"H indifferent","Low type","low_i_below","region_polygon"
0.0399996221208646,0.18803248,"H indifferent","Low type","low_i_below","region_polygon"
0.0404422651445854,0.1900324,"H indifferent","Low type","low_i_below","region_polygon"
0.0408852851228174,0.19203232,"H indifferent","Low type","low_i_below","region_polygon"
0.041328682537287,0.19403224,"H indifferent","Low type","low_i_below","region_polygon"
0.0417724578705419,0.19603216,"H indifferent","Low type","low_i_below","region_polygon"
0.0422166116059525,0.19803208,"H indifferent","Low type","low_i_below","region_polygon"
0.0426611442277142,0.200032,"H indifferent","Low type","low_i_below","region_polygon"
0.0431060562208485,0.20203192,"H indifferent","Low type","low_i_below","region_polygon"
0.0435513480712054,0.20403184,"H indifferent","Low type","low_i_below","region_polygon"
0.0439970202654646,0.20603176,"H indifferent","Low type","low_i_below","region_polygon"
0.0444430732911379,0.20803168,"H indifferent","Low type","low_i_below","region_polygon"
0.0448895076365702,0.2100316,"H indifferent","Low type","low_i_below","region_polygon"
0.0453363237909421,0.21203152,"H indifferent","Low type","low_i_below","region_polygon"
0.0457835222442709,0.21403144,"H indifferent","Low type","low_i_below","region_polygon"
0.0462311034874132,0.21603136,"H indifferent","Low type","low_i_below","region_polygon"
0.0466790680120659,0.21803128,"H indifferent","Low type","low_i_below","region_polygon"
0.0471274163107687,0.2200312,"H indifferent","Low type","low_i_below","region_polygon"
0.0475761488769053,0.22203112,"H indifferent","Low type","low_i_below","region_polygon"
0.0480252662047058,0.22403104,"H indifferent","Low type","low_i_below","region_polygon"
0.0484747687892479,0.22603096,"H indifferent","Low type","low_i_below","region_polygon"
0.0489246571264592,0.22803088,"H indifferent","Low type","low_i_below","region_polygon"
0.0493749317131188,0.2300308,"H indifferent","Low type","low_i_below","region_polygon"
0.0498255930468593,0.23203072,"H indifferent","Low type","low_i_below","region_polygon"
0.0502766416261683,0.23403064,"H indifferent","Low type","low_i_below","region_polygon"
0.0507280779503907,0.23603056,"H indifferent","Low type","low_i_below","region_polygon"
0.05117990251973,0.23803048,"H indifferent","Low type","low_i_below","region_polygon"
0.0516321158352508,0.2400304,"H indifferent","Low type","low_i_below","region_polygon"
0.0520847183988799,0.24203032,"H indifferent","Low type","low_i_below","region_polygon"
0.052537710713409,0.24403024,"H indifferent","Low type","low_i_below","region_polygon"
0.0529910932824956,0.24603016,"H indifferent","Low type","low_i_below","region_polygon"
0.0534448666106658,0.24803008,"H indifferent","Low type","low_i_below","region_polygon"
0.0538990312033156,0.25003,"H indifferent","Low type","low_i_below","region_polygon"
0.0543535875667128,0.25202992,"H indifferent","Low type","low_i_below","region_polygon"
0.0548085362079993,0.25402984,"H indifferent","Low type","low_i_below","region_polygon"
0.0552638776351925,0.25602976,"H indifferent","Low type","low_i_below","region_polygon"
0.0557196123571873,0.25802968,"H indifferent","Low type","low_i_below","region_polygon"
0.0561757408837583,0.2600296,"H indifferent","Low type","low_i_below","region_polygon"
0.0566322637255614,0.26202952,"H indifferent","Low type","low_i_below","region_polygon"
0.0570891813941357,0.26402944,"H indifferent","Low type","low_i_below","region_polygon"
0.0575464944019055,0.26602936,"H indifferent","Low type","low_i_below","region_polygon"
0.0580042032621824,0.26802928,"H indifferent","Low type","low_i_below","region_polygon"
0.058462308489167,0.2700292,"H indifferent","Low type","low_i_below","region_polygon"
0.0589208105979506,0.27202912,"H indifferent","Low type","low_i_below","region_polygon"
0.0593797101045176,0.27402904,"H indifferent","Low type","low_i_below","region_polygon"
0.0598390075257472,0.27602896,"H indifferent","Low type","low_i_below","region_polygon"
0.0602987033794155,0.27802888,"H indifferent","Low type","low_i_below","region_polygon"
0.060758798184197,0.2800288,"H indifferent","Low type","low_i_below","region_polygon"
0.061219292459667,0.28202872,"H indifferent","Low type","low_i_below","region_polygon"
0.0616801867263037,0.28402864,"H indifferent","Low type","low_i_below","region_polygon"
0.0621414815054895,0.28602856,"H indifferent","Low type","low_i_below","region_polygon"
0.0626031773195134,0.28802848,"H indifferent","Low type","low_i_below","region_polygon"
0.0630652746915731,0.2900284,"H indifferent","Low type","low_i_below","region_polygon"
0.0635277741457767,0.29202832,"H indifferent","Low type","low_i_below","region_polygon"
0.0639906762071448,0.29402824,"H indifferent","Low type","low_i_below","region_polygon"
0.0644539814016123,0.29602816,"H indifferent","Low type","low_i_below","region_polygon"
0.0649176902560308,0.29802808,"H indifferent","Low type","low_i_below","region_polygon"
0.0653818032981703,0.300028,"H indifferent","Low type","low_i_below","region_polygon"
0.065846321056721,0.30202792,"H indifferent","Low type","low_i_below","region_polygon"
0.0663112440612958,0.30402784,"H indifferent","Low type","low_i_below","region_polygon"
0.0667765728424322,0.30602776,"H indifferent","Low type","low_i_below","region_polygon"
0.0672423079315939,0.30802768,"H indifferent","Low type","low_i_below","region_polygon"
0.0677084498611731,0.3100276,"H indifferent","Low type","low_i_below","region_polygon"
0.0681749991644929,0.31202752,"H indifferent","Low type","low_i_below","region_polygon"
0.0686419563758087,0.31402744,"H indifferent","Low type","low_i_below","region_polygon"
0.0691093220303104,0.31602736,"H indifferent","Low type","low_i_below","region_polygon"
0.069577096664125,0.31802728,"H indifferent","Low type","low_i_below","region_polygon"
0.0700452808143177,0.3200272,"H indifferent","Low type","low_i_below","region_polygon"
0.0705138750188948,0.32202712,"H indifferent","Low type","low_i_below","region_polygon"
0.0709828798168054,0.32402704,"H indifferent","Low type","low_i_below","region_polygon"
0.0714522957479433,0.32602696,"H indifferent","Low type","low_i_below","region_polygon"
0.0719221233531495,0.32802688,"H indifferent","Low type","low_i_below","region_polygon"
0.0723923631742139,0.3300268,"H indifferent","Low type","low_i_below","region_polygon"
0.0728630157538776,0.33202672,"H indifferent","Low type","low_i_below","region_polygon"
0.0733340816358348,0.33402664,"H indifferent","Low type","low_i_below","region_polygon"
0.0738055613647352,0.33602656,"H indifferent","Low type","low_i_below","region_polygon"
0.0742774554861856,0.33802648,"H indifferent","Low type","low_i_below","region_polygon"
0.0747497645467527,0.3400264,"H indifferent","Low type","low_i_below","region_polygon"
0.0752224890939645,0.34202632,"H indifferent","Low type","low_i_below","region_polygon"
0.0756956296763129,0.34402624,"H indifferent","Low type","low_i_below","region_polygon"
0.0761691868432556,0.34602616,"H indifferent","Low type","low_i_below","region_polygon"
0.0766431611452184,0.34802608,"H indifferent","Low type","low_i_below","region_polygon"
0.0771175531335969,0.350026,"H indifferent","Low type","low_i_below","region_polygon"
0.0775923633607593,0.35202592,"H indifferent","Low type","low_i_below","region_polygon"
0.0780675923800481,0.35402584,"H indifferent","Low type","low_i_below","region_polygon"
0.0785432407457823,0.35602576,"H indifferent","Low type","low_i_below","region_polygon"
0.0790193090132596,0.35802568,"H indifferent","Low type","low_i_below","region_polygon"
0.0794957977387586,0.3600256,"H indifferent","Low type","low_i_below","region_polygon"
0.0799727074795409,0.36202552,"H indifferent","Low type","low_i_below","region_polygon"
0.0804500387938533,0.36402544,"H indifferent","Low type","low_i_below","region_polygon"
0.0809277922409301,0.36602536,"H indifferent","Low type","low_i_below","region_polygon"
0.081405968380995,0.36802528,"H indifferent","Low type","low_i_below","region_polygon"
0.0818845677752636,0.3700252,"H indifferent","Low type","low_i_below","region_polygon"
0.0823635909859453,0.37202512,"H indifferent","Low type","low_i_below","region_polygon"
0.0828430385762458,0.37402504,"H indifferent","Low type","low_i_below","region_polygon"
0.0833229111103691,0.37602496,"H indifferent","Low type","low_i_below","region_polygon"
0.0838032091535197,0.37802488,"H indifferent","Low type","low_i_below","region_polygon"
0.084283933271905,0.3800248,"H indifferent","Low type","low_i_below","region_polygon"
0.0847650840327374,0.38202472,"H indifferent","Low type","low_i_below","region_polygon"
0.0852466620042365,0.38402464,"H indifferent","Low type","low_i_below","region_polygon"
0.0857286677556315,0.38602456,"H indifferent","Low type","low_i_below","region_polygon"
0.0862111018571631,0.38802448,"H indifferent","Low type","low_i_below","region_polygon"
0.0866939648800861,0.3900244,"H indifferent","Low type","low_i_below","region_polygon"
0.0871772573966718,0.39202432,"H indifferent","Low type","low_i_below","region_polygon"
0.0876609799802094,0.39402424,"H indifferent","Low type","low_i_below","region_polygon"
0.0881451332050095,0.39602416,"H indifferent","Low type","low_i_below","region_polygon"
0.0886297176464053,0.39802408,"H indifferent","Low type","low_i_below","region_polygon"
0.0891147338807554,0.400024,"H indifferent","Low type","low_i_below","region_polygon"
0.0896001824854461,0.40202392,"H indifferent","Low type","low_i_below","region_polygon"
0.0900860640388936,0.40402384,"H indifferent","Low type","low_i_below","region_polygon"
0.0905723791205461,0.40602376,"H indifferent","Low type","low_i_below","region_polygon"
0.0910591283108864,0.40802368,"H indifferent","Low type","low_i_below","region_polygon"
0.0915463121914341,0.4100236,"H indifferent","Low type","low_i_below","region_polygon"
0.092033931344748,0.41202352,"H indifferent","Low type","low_i_below","region_polygon"
0.0925219863544282,0.41402344,"H indifferent","Low type","low_i_below","region_polygon"
0.0930104778051186,0.41602336,"H indifferent","Low type","low_i_below","region_polygon"
0.0934994062825092,0.41802328,"H indifferent","Low type","low_i_below","region_polygon"
0.0939887723733384,0.4200232,"H indifferent","Low type","low_i_below","region_polygon"
0.0944785766653956,0.42202312,"H indifferent","Low type","low_i_below","region_polygon"
0.094968819747523,0.42402304,"H indifferent","Low type","low_i_below","region_polygon"
0.0954595022096185,0.42602296,"H indifferent","Low type","low_i_below","region_polygon"
0.0959506246426379,0.42802288,"H indifferent","Low type","low_i_below","region_polygon"
0.0964421876385971,0.4300228,"H indifferent","Low type","low_i_below","region_polygon"
0.0969341917905748,0.43202272,"H indifferent","Low type","low_i_below","region_polygon"
0.0974266376927146,0.43402264,"H indifferent","Low type","low_i_below","region_polygon"
0.0979195259402272,0.43602256,"H indifferent","Low type","low_i_below","region_polygon"
0.0984128571293937,0.43802248,"H indifferent","Low type","low_i_below","region_polygon"
0.098906631857567,0.4400224,"H indifferent","Low type","low_i_below","region_polygon"
0.0994008507231746,0.44202232,"H indifferent","Low type","low_i_below","region_polygon"
0.0998955143257211,0.44402224,"H indifferent","Low type","low_i_below","region_polygon"
0.100390623265791,0.44602216,"H indifferent","Low type","low_i_below","region_polygon"
0.100886178145049,0.44802208,"H indifferent","Low type","low_i_below","region_polygon"
0.101382179566247,0.450022,"H indifferent","Low type","low_i_below","region_polygon"
0.10187862813322,0.45202192,"H indifferent","Low type","low_i_below","region_polygon"
0.102375524450897,0.45402184,"H indifferent","Low type","low_i_below","region_polygon"
0.102872869125293,0.45602176,"H indifferent","Low type","low_i_below","region_polygon"
0.103370662763522,0.45802168,"H indifferent","Low type","low_i_below","region_polygon"
0.103868905973791,0.4600216,"H indifferent","Low type","low_i_below","region_polygon"
0.10436759936541,0.46202152,"H indifferent","Low type","low_i_below","region_polygon"
0.104866743548786,0.46402144,"H indifferent","Low type","low_i_below","region_polygon"
0.105366339135433,0.46602136,"H indifferent","Low type","low_i_below","region_polygon"
0.105866386737971,0.46802128,"H indifferent","Low type","low_i_below","region_polygon"
0.106366886970129,0.4700212,"H indifferent","Low type","low_i_below","region_polygon"
0.106867840446748,0.47202112,"H indifferent","Low type","low_i_below","region_polygon"
0.107369247783781,0.47402104,"H indifferent","Low type","low_i_below","region_polygon"
0.107871109598301,0.47602096,"H indifferent","Low type","low_i_below","region_polygon"
0.108373426508497,0.47802088,"H indifferent","Low type","low_i_below","region_polygon"
0.108876199133681,0.4800208,"H indifferent","Low type","low_i_below","region_polygon"
0.109379428094291,0.48202072,"H indifferent","Low type","low_i_below","region_polygon"
0.109883114011887,0.48402064,"H indifferent","Low type","low_i_below","region_polygon"
0.110387257509164,0.48602056,"H indifferent","Low type","low_i_below","region_polygon"
0.110891859209945,0.48802048,"H indifferent","Low type","low_i_below","region_polygon"
0.111396919739188,0.4900204,"H indifferent","Low type","low_i_below","region_polygon"
0.11190243972299,0.49202032,"H indifferent","Low type","low_i_below","region_polygon"
0.112408419788586,0.49402024,"H indifferent","Low type","low_i_below","region_polygon"
0.112914860564354,0.49602016,"H indifferent","Low type","low_i_below","region_polygon"
0.113421762679816,0.49802008,"H indifferent","Low type","low_i_below","region_polygon"
0.113929126765641,0.50002,"H indifferent","Low type","low_i_below","region_polygon"
0.11443695345365,0.50201992,"H indifferent","Low type","low_i_below","region_polygon"
0.114945243376816,0.50401984,"H indifferent","Low type","low_i_below","region_polygon"
0.115453997169266,0.50601976,"H indifferent","Low type","low_i_below","region_polygon"
0.115963215466286,0.50801968,"H indifferent","Low type","low_i_below","region_polygon"
0.116472898904323,0.5100196,"H indifferent","Low type","low_i_below","region_polygon"
0.116983048120986,0.51201952,"H indifferent","Low type","low_i_below","region_polygon"
0.117493663755052,0.51401944,"H indifferent","Low type","low_i_below","region_polygon"
0.118004746446464,0.51601936,"H indifferent","Low type","low_i_below","region_polygon"
0.118516296836337,0.51801928,"H indifferent","Low type","low_i_below","region_polygon"
0.119028315566962,0.5200192,"H indifferent","Low type","low_i_below","region_polygon"
0.119540803281803,0.52201912,"H indifferent","Low type","low_i_below","region_polygon"
0.120053760625507,0.52401904,"H indifferent","Low type","low_i_below","region_polygon"
0.120567188243901,0.52601896,"H indifferent","Low type","low_i_below","region_polygon"
0.121081086783996,0.52801888,"H indifferent","Low type","low_i_below","region_polygon"
0.121595456893992,0.5300188,"H indifferent","Low type","low_i_below","region_polygon"
0.122110299223279,0.53201872,"H indifferent","Low type","low_i_below","region_polygon"
0.122625614422439,0.53401864,"H indifferent","Low type","low_i_below","region_polygon"
0.12314140314325,0.53601856,"H indifferent","Low type","low_i_below","region_polygon"
0.12365766603869,0.53801848,"H indifferent","Low type","low_i_below","region_polygon"
0.124174403762935,0.5400184,"H indifferent","Low type","low_i_below","region_polygon"
0.124691616971367,0.54201832,"H indifferent","Low type","low_i_below","region_polygon"
0.125209306320574,0.54401824,"H indifferent","Low type","low_i_below","region_polygon"
0.125727472468354,0.54601816,"H indifferent","Low type","low_i_below","region_polygon"
0.126246116073718,0.54801808,"H indifferent","Low type","low_i_below","region_polygon"
0.126765237796889,0.550018,"H indifferent","Low type","low_i_below","region_polygon"
0.127284838299311,0.55201792,"H indifferent","Low type","low_i_below","region_polygon"
0.127804918243648,0.55401784,"H indifferent","Low type","low_i_below","region_polygon"
0.128325478293785,0.55601776,"H indifferent","Low type","low_i_below","region_polygon"
0.128846519114837,0.55801768,"H indifferent","Low type","low_i_below","region_polygon"
0.129368041373146,0.5600176,"H indifferent","Low type","low_i_below","region_polygon"
0.129890045736285,0.56201752,"H indifferent","Low type","low_i_below","region_polygon"
0.130412532873064,0.56401744,"H indifferent","Low type","low_i_below","region_polygon"
0.130935503453531,0.56601736,"H indifferent","Low type","low_i_below","region_polygon"
0.131458958148971,0.56801728,"H indifferent","Low type","low_i_below","region_polygon"
0.131982897631915,0.5700172,"H indifferent","Low type","low_i_below","region_polygon"
0.132507322576142,0.57201712,"H indifferent","Low type","low_i_below","region_polygon"
0.133032233656676,0.57401704,"H indifferent","Low type","low_i_below","region_polygon"
0.133557631549796,0.57601696,"H indifferent","Low type","low_i_below","region_polygon"
0.134083516933035,0.57801688,"H indifferent","Low type","low_i_below","region_polygon"
0.134609890485184,0.5800168,"H indifferent","Low type","low_i_below","region_polygon"
0.135136752886295,0.58201672,"H indifferent","Low type","low_i_below","region_polygon"
0.135664104817684,0.58401664,"H indifferent","Low type","low_i_below","region_polygon"
0.136191946961932,0.58601656,"H indifferent","Low type","low_i_below","region_polygon"
0.136720280002892,0.58801648,"H indifferent","Low type","low_i_below","region_polygon"
0.137249104625687,0.5900164,"H indifferent","Low type","low_i_below","region_polygon"
0.137778421516719,0.59201632,"H indifferent","Low type","low_i_below","region_polygon"
0.138308231363665,0.59401624,"H indifferent","Low type","low_i_below","region_polygon"
0.138838534855485,0.59601616,"H indifferent","Low type","low_i_below","region_polygon"
0.139369332682423,0.59801608,"H indifferent","Low type","low_i_below","region_polygon"
0.139900625536012,0.600016,"H indifferent","Low type","low_i_below","region_polygon"
0.140432414109074,0.60201592,"H indifferent","Low type","low_i_below","region_polygon"
0.140964699095724,0.60401584,"H indifferent","Low type","low_i_below","region_polygon"
0.141497481191375,0.60601576,"H indifferent","Low type","low_i_below","region_polygon"
0.142030761092738,0.60801568,"H indifferent","Low type","low_i_below","region_polygon"
0.142564539497828,0.6100156,"H indifferent","Low type","low_i_below","region_polygon"
0.143098817105964,0.61201552,"H indifferent","Low type","low_i_below","region_polygon"
0.143633594617776,0.61401544,"H indifferent","Low type","low_i_below","region_polygon"
0.144168872735203,0.61601536,"H indifferent","Low type","low_i_below","region_polygon"
0.144704652161501,0.61801528,"H indifferent","Low type","low_i_below","region_polygon"
0.145240933601242,0.6200152,"H indifferent","Low type","low_i_below","region_polygon"
0.145777717760321,0.62201512,"H indifferent","Low type","low_i_below","region_polygon"
0.146315005345955,0.62401504,"H indifferent","Low type","low_i_below","region_polygon"
0.146852797066689,0.62601496,"H indifferent","Low type","low_i_below","region_polygon"
0.1473910936324,0.62801488,"H indifferent","Low type","low_i_below","region_polygon"
0.147929895754295,0.6300148,"H indifferent","Low type","low_i_below","region_polygon"
0.14846920414492,0.63201472,"H indifferent","Low type","low_i_below","region_polygon"
0.14900901951816,0.63401464,"H indifferent","Low type","low_i_below","region_polygon"
0.149549342589243,0.63601456,"H indifferent","Low type","low_i_below","region_polygon"
0.150090174074742,0.63801448,"H indifferent","Low type","low_i_below","region_polygon"
0.150631514692581,0.6400144,"H indifferent","Low type","low_i_below","region_polygon"
0.151173365162035,0.64201432,"H indifferent","Low type","low_i_below","region_polygon"
0.151715726203734,0.64401424,"H indifferent","Low type","low_i_below","region_polygon"
0.152258598539669,0.64601416,"H indifferent","Low type","low_i_below","region_polygon"
0.15280198289319,0.64801408,"H indifferent","Low type","low_i_below","region_polygon"
0.153345879989014,0.650014,"H indifferent","Low type","low_i_below","region_polygon"
0.153890290553226,0.65201392,"H indifferent","Low type","low_i_below","region_polygon"
0.154435215313282,0.65401384,"H indifferent","Low type","low_i_below","region_polygon"
0.154980654998013,0.65601376,"H indifferent","Low type","low_i_below","region_polygon"
0.15552661033763,0.65801368,"H indifferent","Low type","low_i_below","region_polygon"
0.156073082063722,0.6600136,"H indifferent","Low type","low_i_below","region_polygon"
0.156620070909264,0.66201352,"H indifferent","Low type","low_i_below","region_polygon"
0.157167577608621,0.66401344,"H indifferent","Low type","low_i_below","region_polygon"
0.157715602897545,0.66601336,"H indifferent","Low type","low_i_below","region_polygon"
0.158264147513186,0.66801328,"H indifferent","Low type","low_i_below","region_polygon"
0.15881321219409,0.6700132,"H indifferent","Low type","low_i_below","region_polygon"
0.159362797680205,0.67201312,"H indifferent","Low type","low_i_below","region_polygon"
0.159912904712883,0.67401304,"H indifferent","Low type","low_i_below","region_polygon"
0.160463534034883,0.67601296,"H indifferent","Low type","low_i_below","region_polygon"
0.161014686390375,0.67801288,"H indifferent","Low type","low_i_below","region_polygon"
0.161566362524946,0.6800128,"H indifferent","Low type","low_i_below","region_polygon"
0.162118563185598,0.68201272,"H indifferent","Low type","low_i_below","region_polygon"
0.162671289120755,0.68401264,"H indifferent","Low type","low_i_below","region_polygon"
0.163224541080266,0.68601256,"H indifferent","Low type","low_i_below","region_polygon"
0.163778319815406,0.68801248,"H indifferent","Low type","low_i_below","region_polygon"
0.164332626078885,0.6900124,"H indifferent","Low type","low_i_below","region_polygon"
0.164887460624845,0.69201232,"H indifferent","Low type","low_i_below","region_polygon"
0.165442824208866,0.69401224,"H indifferent","Low type","low_i_below","region_polygon"
0.16599871758797,0.69601216,"H indifferent","Low type","low_i_below","region_polygon"
0.166555141520626,0.69801208,"H indifferent","Low type","low_i_below","region_polygon"
0.167112096766749,0.700012,"H indifferent","Low type","low_i_below","region_polygon"
0.167669584087707,0.70201192,"H indifferent","Low type","low_i_below","region_polygon"
0.168227604246323,0.70401184,"H indifferent","Low type","low_i_below","region_polygon"
0.168786158006879,0.70601176,"H indifferent","Low type","low_i_below","region_polygon"
0.169345246135119,0.70801168,"H indifferent","Low type","low_i_below","region_polygon"
0.169904869398255,0.7100116,"H indifferent","Low type","low_i_below","region_polygon"
0.170465028564965,0.71201152,"H indifferent","Low type","low_i_below","region_polygon"
0.171025724405402,0.71401144,"H indifferent","Low type","low_i_below","region_polygon"
0.171586957691196,0.71601136,"H indifferent","Low type","low_i_below","region_polygon"
0.172148729195455,0.71801128,"H indifferent","Low type","low_i_below","region_polygon"
0.172711039692772,0.7200112,"H indifferent","Low type","low_i_below","region_polygon"
0.173273889959226,0.72201112,"H indifferent","Low type","low_i_below","region_polygon"
0.173837280772389,0.72401104,"H indifferent","Low type","low_i_below","region_polygon"
0.174401212911323,0.72601096,"H indifferent","Low type","low_i_below","region_polygon"
0.174965687156593,0.72801088,"H indifferent","Low type","low_i_below","region_polygon"
0.175530704290261,0.7300108,"H indifferent","Low type","low_i_below","region_polygon"
0.176096265095896,0.73201072,"H indifferent","Low type","low_i_below","region_polygon"
0.176662370358576,0.73401064,"H indifferent","Low type","low_i_below","region_polygon"
0.17722902086489,0.73601056,"H indifferent","Low type","low_i_below","region_polygon"
0.177796217402945,0.73801048,"H indifferent","Low type","low_i_below","region_polygon"
0.178363960762366,0.7400104,"H indifferent","Low type","low_i_below","region_polygon"
0.1789322517343,0.74201032,"H indifferent","Low type","low_i_below","region_polygon"
0.179501091111424,0.74401024,"H indifferent","Low type","low_i_below","region_polygon"
0.180070479687944,0.74601016,"H indifferent","Low type","low_i_below","region_polygon"
0.180640418259599,0.74801008,"H indifferent","Low type","low_i_below","region_polygon"
0.181210907623669,0.75001,"H indifferent","Low type","low_i_below","region_polygon"
0.181781948578974,0.75200992,"H indifferent","Low type","low_i_below","region_polygon"
0.182353541925879,0.75400984,"H indifferent","Low type","low_i_below","region_polygon"
0.182925688466299,0.75600976,"H indifferent","Low type","low_i_below","region_polygon"
0.183498389003702,0.75800968,"H indifferent","Low type","low_i_below","region_polygon"
0.184071644343113,0.7600096,"H indifferent","Low type","low_i_below","region_polygon"
0.184645455291116,0.76200952,"H indifferent","Low type","low_i_below","region_polygon"
0.18521982265586,0.76400944,"H indifferent","Low type","low_i_below","region_polygon"
0.185794747247063,0.76600936,"H indifferent","Low type","low_i_below","region_polygon"
0.186370229876014,0.76800928,"H indifferent","Low type","low_i_below","region_polygon"
0.186946271355578,0.7700092,"H indifferent","Low type","low_i_below","region_polygon"
0.187522872500199,0.77200912,"H indifferent","Low type","low_i_below","region_polygon"
0.188100034125905,0.77400904,"H indifferent","Low type","low_i_below","region_polygon"
0.188677757050312,0.77600896,"H indifferent","Low type","low_i_below","region_polygon"
0.189256042092624,0.77800888,"H indifferent","Low type","low_i_below","region_polygon"
0.189834890073642,0.7800088,"H indifferent","Low type","low_i_below","region_polygon"
0.190414301815768,0.78200872,"H indifferent","Low type","low_i_below","region_polygon"
0.190994278143002,0.78400864,"H indifferent","Low type","low_i_below","region_polygon"
0.191574819880954,0.78600856,"H indifferent","Low type","low_i_below","region_polygon"
0.192155927856844,0.78800848,"H indifferent","Low type","low_i_below","region_polygon"
0.192737602899506,0.7900084,"H indifferent","Low type","low_i_below","region_polygon"
0.193319845839392,0.79200832,"H indifferent","Low type","low_i_below","region_polygon"
0.193902657508577,0.79400824,"H indifferent","Low type","low_i_below","region_polygon"
0.194486038740761,0.79600816,"H indifferent","Low type","low_i_below","region_polygon"
0.195069990371278,0.79800808,"H indifferent","Low type","low_i_below","region_polygon"
0.195654513237091,0.800008,"H indifferent","Low type","low_i_below","region_polygon"
0.196239608176806,0.80200792,"H indifferent","Low type","low_i_below","region_polygon"
0.196825276030668,0.80400784,"H indifferent","Low type","low_i_below","region_polygon"
0.19741151764057,0.80600776,"H indifferent","Low type","low_i_below","region_polygon"
0.197998333850055,0.80800768,"H indifferent","Low type","low_i_below","region_polygon"
0.198585725504321,0.8100076,"H indifferent","Low type","low_i_below","region_polygon"
0.199173693450223,0.81200752,"H indifferent","Low type","low_i_below","region_polygon"
0.199762238536279,0.81400744,"H indifferent","Low type","low_i_below","region_polygon"
0.200351361612674,0.81600736,"H indifferent","Low type","low_i_below","region_polygon"
0.200941063531265,0.81800728,"H indifferent","Low type","low_i_below","region_polygon"
0.201531345145581,0.8200072,"H indifferent","Low type","low_i_below","region_polygon"
0.202122207310831,0.82200712,"H indifferent","Low type","low_i_below","region_polygon"
0.202713650883909,0.82400704,"H indifferent","Low type","low_i_below","region_polygon"
0.203305676723393,0.82600696,"H indifferent","Low type","low_i_below","region_polygon"
0.203898285689555,0.82800688,"H indifferent","Low type","low_i_below","region_polygon"
0.204491478644361,0.8300068,"H indifferent","Low type","low_i_below","region_polygon"
0.205085256451477,0.83200672,"H indifferent","Low type","low_i_below","region_polygon"
0.205679619976273,0.83400664,"H indifferent","Low type","low_i_below","region_polygon"
0.206274570085827,0.83600656,"H indifferent","Low type","low_i_below","region_polygon"
0.20687010764893,0.83800648,"H indifferent","Low type","low_i_below","region_polygon"
0.207466233536088,0.8400064,"H indifferent","Low type","low_i_below","region_polygon"
0.20806294861953,0.84200632,"H indifferent","Low type","low_i_below","region_polygon"
0.208660253773208,0.84400624,"H indifferent","Low type","low_i_below","region_polygon"
0.209258149872804,0.84600616,"H indifferent","Low type","low_i_below","region_polygon"
0.209856637795733,0.84800608,"H indifferent","Low type","low_i_below","region_polygon"
0.21045571842115,0.850006,"H indifferent","Low type","low_i_below","region_polygon"
0.211055392629949,0.85200592,"H indifferent","Low type","low_i_below","region_polygon"
0.211655661304774,0.85400584,"H indifferent","Low type","low_i_below","region_polygon"
0.212256525330016,0.85600576,"H indifferent","Low type","low_i_below","region_polygon"
0.212857985591825,0.85800568,"H indifferent","Low type","low_i_below","region_polygon"
0.213460042978107,0.8600056,"H indifferent","Low type","low_i_below","region_polygon"
0.214062698378535,0.86200552,"H indifferent","Low type","low_i_below","region_polygon"
0.214665952684547,0.86400544,"H indifferent","Low type","low_i_below","region_polygon"
0.215269806789358,0.86600536,"H indifferent","Low type","low_i_below","region_polygon"
0.215874261587955,0.86800528,"H indifferent","Low type","low_i_below","region_polygon"
0.21647931797711,0.8700052,"H indifferent","Low type","low_i_below","region_polygon"
0.217084976855381,0.87200512,"H indifferent","Low type","low_i_below","region_polygon"
0.217691239123114,0.87400504,"H indifferent","Low type","low_i_below","region_polygon"
0.218298105682452,0.87600496,"H indifferent","Low type","low_i_below","region_polygon"
0.218905577437336,0.87800488,"H indifferent","Low type","low_i_below","region_polygon"
0.219513655293512,0.8800048,"H indifferent","Low type","low_i_below","region_polygon"
0.220122340158533,0.88200472,"H indifferent","Low type","low_i_below","region_polygon"
0.220731632941765,0.88400464,"H indifferent","Low type","low_i_below","region_polygon"
0.221341534554393,0.88600456,"H indifferent","Low type","low_i_below","region_polygon"
0.221952045909423,0.88800448,"H indifferent","Low type","low_i_below","region_polygon"
0.222563167921685,0.8900044,"H indifferent","Low type","low_i_below","region_polygon"
0.223174901507844,0.89200432,"H indifferent","Low type","low_i_below","region_polygon"
0.223787247586398,0.89400424,"H indifferent","Low type","low_i_below","region_polygon"
0.224400207077687,0.89600416,"H indifferent","Low type","low_i_below","region_polygon"
0.225013780903893,0.89800408,"H indifferent","Low type","low_i_below","region_polygon"
0.225627969989051,0.900004,"H indifferent","Low type","low_i_below","region_polygon"
0.226242775259047,0.90200392,"H indifferent","Low type","low_i_below","region_polygon"
0.226858197641627,0.90400384,"H indifferent","Low type","low_i_below","region_polygon"
0.227474238066401,0.90600376,"H indifferent","Low type","low_i_below","region_polygon"
0.228090897464847,0.90800368,"H indifferent","Low type","low_i_below","region_polygon"
0.228708176770314,0.9100036,"H indifferent","Low type","low_i_below","region_polygon"
0.22932607691803,0.91200352,"H indifferent","Low type","low_i_below","region_polygon"
0.229944598845105,0.91400344,"H indifferent","Low type","low_i_below","region_polygon"
0.230563743490536,0.91600336,"H indifferent","Low type","low_i_below","region_polygon"
0.231183511795212,0.91800328,"H indifferent","Low type","low_i_below","region_polygon"
0.231803904701916,0.9200032,"H indifferent","Low type","low_i_below","region_polygon"
0.232424923155337,0.92200312,"H indifferent","Low type","low_i_below","region_polygon"
0.233046568102065,0.92400304,"H indifferent","Low type","low_i_below","region_polygon"
0.233668840490605,0.92600296,"H indifferent","Low type","low_i_below","region_polygon"
0.234291741271374,0.92800288,"H indifferent","Low type","low_i_below","region_polygon"
0.234915271396712,0.9300028,"H indifferent","Low type","low_i_below","region_polygon"
0.235539431820883,0.93200272,"H indifferent","Low type","low_i_below","region_polygon"
0.236164223500083,0.93400264,"H indifferent","Low type","low_i_below","region_polygon"
0.236789647392441,0.93600256,"H indifferent","Low type","low_i_below","region_polygon"
0.237415704458027,0.93800248,"H indifferent","Low type","low_i_below","region_polygon"
0.238042395658856,0.9400024,"H indifferent","Low type","low_i_below","region_polygon"
0.238669721958893,0.94200232,"H indifferent","Low type","low_i_below","region_polygon"
0.239297684324057,0.94400224,"H indifferent","Low type","low_i_below","region_polygon"
0.239926283722227,0.94600216,"H indifferent","Low type","low_i_below","region_polygon"
0.240555521123248,0.94800208,"H indifferent","Low type","low_i_below","region_polygon"
0.241185397498933,0.950002,"H indifferent","Low type","low_i_below","region_polygon"
0.241815913823069,0.95200192,"H indifferent","Low type","low_i_below","region_polygon"
0.242447071071427,0.95400184,"H indifferent","Low type","low_i_below","region_polygon"
0.243078870221757,0.95600176,"H indifferent","Low type","low_i_below","region_polygon"
0.243711312253803,0.95800168,"H indifferent","Low type","low_i_below","region_polygon"
0.244344398149302,0.9600016,"H indifferent","Low type","low_i_below","region_polygon"
0.244978128891993,0.96200152,"H indifferent","Low type","low_i_below","region_polygon"
0.245612505467616,0.96400144,"H indifferent","Low type","low_i_below","region_polygon"
0.246247528863926,0.96600136,"H indifferent","Low type","low_i_below","region_polygon"
0.246883200070689,0.96800128,"H indifferent","Low type","low_i_below","region_polygon"
0.247519520079694,0.9700012,"H indifferent","Low type","low_i_below","region_polygon"
0.248156489884756,0.97200112,"H indifferent","Low type","low_i_below","region_polygon"
0.248794110481719,0.97400104,"H indifferent","Low type","low_i_below","region_polygon"
0.249432382868463,0.97600096,"H indifferent","Low type","low_i_below","region_polygon"
0.250071308044911,0.97800088,"H indifferent","Low type","low_i_below","region_polygon"
0.25071088701303,0.9800008,"H indifferent","Low type","low_i_below","region_polygon"
0.25135112077684,0.98200072,"H indifferent","Low type","low_i_below","region_polygon"
0.251992010342419,0.98400064,"H indifferent","Low type","low_i_below","region_polygon"
0.252633556717905,0.98600056,"H indifferent","Low type","low_i_below","region_polygon"
0.253275760913504,0.98800048,"H indifferent","Low type","low_i_below","region_polygon"
0.253918623941495,0.9900004,"H indifferent","Low type","low_i_below","region_polygon"
0.254562146816235,0.99200032,"H indifferent","Low type","low_i_below","region_polygon"
0.255206330554164,0.99400024,"H indifferent","Low type","low_i_below","region_polygon"
0.255851176173813,0.99600016,"H indifferent","Low type","low_i_below","region_polygon"
0.256496684695803,0.99800008,"H indifferent","Low type","low_i_below","region_polygon"
0.257142857142857,1,"H indifferent","Low type","low_i_below","region_polygon"
1,1,"H indifferent","Low type","low_i_below","region_polygon"
1,0.99800008,"H indifferent","Low type","low_i_below","region_polygon"
1,0.99600016,"H indifferent","Low type","low_i_below","region_polygon"
1,0.99400024,"H indifferent","Low type","low_i_below","region_polygon"
1,0.99200032,"H indifferent","Low type","low_i_below","region_polygon"
1,0.9900004,"H indifferent","Low type","low_i_below","region_polygon"
1,0.98800048,"H indifferent","Low type","low_i_below","region_polygon"
1,0.98600056,"H indifferent","Low type","low_i_below","region_polygon"
1,0.98400064,"H indifferent","Low type","low_i_below","region_polygon"
1,0.98200072,"H indifferent","Low type","low_i_below","region_polygon"
1,0.9800008,"H indifferent","Low type","low_i_below","region_polygon"
1,0.97800088,"H indifferent","Low type","low_i_below","region_polygon"
1,0.97600096,"H indifferent","Low type","low_i_below","region_polygon"
1,0.97400104,"H indifferent","Low type","low_i_below","region_polygon"
1,0.97200112,"H indifferent","Low type","low_i_below","region_polygon"
1,0.9700012,"H indifferent","Low type","low_i_below","region_polygon"
1,0.96800128,"H indifferent","Low type","low_i_below","region_polygon"
1,0.96600136,"H indifferent","Low type","low_i_below","region_polygon"
1,0.96400144,"H indifferent","Low type","low_i_below","region_polygon"
1,0.96200152,"H indifferent","Low type","low_i_below","region_polygon"
1,0.9600016,"H indifferent","Low type","low_i_below","region_polygon"
1,0.95800168,"H indifferent","Low type","low_i_below","region_polygon"
1,0.95600176,"H indifferent","Low type","low_i_below","region_polygon"
1,0.95400184,"H indifferent","Low type","low_i_below","region_polygon"
1,0.95200192,"H indifferent","Low type","low_i_below","region_polygon"
1,0.950002,"H indifferent","Low type","low_i_below","region_polygon"
1,0.94800208,"H indifferent","Low type","low_i_below","region_polygon"
1,0.94600216,"H indifferent","Low type","low_i_below","region_polygon"
1,0.94400224,"H indifferent","Low type","low_i_below","region_polygon"
1,0.94200232,"H indifferent","Low type","low_i_below","region_polygon"
1,0.9400024,"H indifferent","Low type","low_i_below","region_polygon"
1,0.93800248,"H indifferent","Low type","low_i_below","region_polygon"
1,0.93600256,"H indifferent","Low type","low_i_below","region_polygon"
1,0.93400264,"H indifferent","Low type","low_i_below","region_polygon"
1,0.93200272,"H indifferent","Low type","low_i_below","region_polygon"
1,0.9300028,"H indifferent","Low type","low_i_below","region_polygon"
1,0.92800288,"H indifferent","Low type","low_i_below","region_polygon"
1,0.92600296,"H indifferent","Low type","low_i_below","region_polygon"
1,0.92400304,"H indifferent","Low type","low_i_below","region_polygon"
1,0.92200312,"H indifferent","Low type","low_i_below","region_polygon"
1,0.9200032,"H indifferent","Low type","low_i_below","region_polygon"
1,0.91800328,"H indifferent","Low type","low_i_below","region_polygon"
1,0.91600336,"H indifferent","Low type","low_i_below","region_polygon"
1,0.91400344,"H indifferent","Low type","low_i_below","region_polygon"
1,0.91200352,"H indifferent","Low type","low_i_below","region_polygon"
1,0.9100036,"H indifferent","Low type","low_i_below","region_polygon"
1,0.90800368,"H indifferent","Low type","low_i_below","region_polygon"
1,0.90600376,"H indifferent","Low type","low_i_below","region_polygon"
1,0.90400384,"H indifferent","Low type","low_i_below","region_polygon"
1,0.90200392,"H indifferent","Low type","low_i_below","region_polygon"
1,0.900004,"H indifferent","Low type","low_i_below","region_polygon"
1,0.89800408,"H indifferent","Low type","low_i_below","region_polygon"
1,0.89600416,"H indifferent","Low type","low_i_below","region_polygon"
1,0.89400424,"H indifferent","Low type","low_i_below","region_polygon"
1,0.89200432,"H indifferent","Low type","low_i_below","region_polygon"
1,0.8900044,"H indifferent","Low type","low_i_below","region_polygon"
1,0.88800448,"H indifferent","Low type","low_i_below","region_polygon"
1,0.88600456,"H indifferent","Low type","low_i_below","region_polygon"
1,0.88400464,"H indifferent","Low type","low_i_below","region_polygon"
1,0.88200472,"H indifferent","Low type","low_i_below","region_polygon"
1,0.8800048,"H indifferent","Low type","low_i_below","region_polygon"
1,0.87800488,"H indifferent","Low type","low_i_below","region_polygon"
1,0.87600496,"H indifferent","Low type","low_i_below","region_polygon"
1,0.87400504,"H indifferent","Low type","low_i_below","region_polygon"
1,0.87200512,"H indifferent","Low type","low_i_below","region_polygon"
1,0.8700052,"H indifferent","Low type","low_i_below","region_polygon"
1,0.86800528,"H indifferent","Low type","low_i_below","region_polygon"
1,0.86600536,"H indifferent","Low type","low_i_below","region_polygon"
1,0.86400544,"H indifferent","Low type","low_i_below","region_polygon"
1,0.86200552,"H indifferent","Low type","low_i_below","region_polygon"
1,0.8600056,"H indifferent","Low type","low_i_below","region_polygon"
1,0.85800568,"H indifferent","Low type","low_i_below","region_polygon"
1,0.85600576,"H indifferent","Low type","low_i_below","region_polygon"
1,0.85400584,"H indifferent","Low type","low_i_below","region_polygon"
1,0.85200592,"H indifferent","Low type","low_i_below","region_polygon"
1,0.850006,"H indifferent","Low type","low_i_below","region_polygon"
1,0.84800608,"H indifferent","Low type","low_i_below","region_polygon"
1,0.84600616,"H indifferent","Low type","low_i_below","region_polygon"
1,0.84400624,"H indifferent","Low type","low_i_below","region_polygon"
1,0.84200632,"H indifferent","Low type","low_i_below","region_polygon"
1,0.8400064,"H indifferent","Low type","low_i_below","region_polygon"
1,0.83800648,"H indifferent","Low type","low_i_below","region_polygon"
1,0.83600656,"H indifferent","Low type","low_i_below","region_polygon"
1,0.83400664,"H indifferent","Low type","low_i_below","region_polygon"
1,0.83200672,"H indifferent","Low type","low_i_below","region_polygon"
1,0.8300068,"H indifferent","Low type","low_i_below","region_polygon"
1,0.82800688,"H indifferent","Low type","low_i_below","region_polygon"
1,0.82600696,"H indifferent","Low type","low_i_below","region_polygon"
1,0.82400704,"H indifferent","Low type","low_i_below","region_polygon"
1,0.82200712,"H indifferent","Low type","low_i_below","region_polygon"
1,0.8200072,"H indifferent","Low type","low_i_below","region_polygon"
1,0.81800728,"H indifferent","Low type","low_i_below","region_polygon"
1,0.81600736,"H indifferent","Low type","low_i_below","region_polygon"
1,0.81400744,"H indifferent","Low type","low_i_below","region_polygon"
1,0.81200752,"H indifferent","Low type","low_i_below","region_polygon"
1,0.8100076,"H indifferent","Low type","low_i_below","region_polygon"
1,0.80800768,"H indifferent","Low type","low_i_below","region_polygon"
1,0.80600776,"H indifferent","Low type","low_i_below","region_polygon"
1,0.80400784,"H indifferent","Low type","low_i_below","region_polygon"
1,0.80200792,"H indifferent","Low type","low_i_below","region_polygon"
1,0.800008,"H indifferent","Low type","low_i_below","region_polygon"
1,0.79800808,"H indifferent","Low type","low_i_below","region_polygon"
1,0.79600816,"H indifferent","Low type","low_i_below","region_polygon"
1,0.79400824,"H indifferent","Low type","low_i_below","region_polygon"
1,0.79200832,"H indifferent","Low type","low_i_below","region_polygon"
1,0.7900084,"H indifferent","Low type","low_i_below","region_polygon"
1,0.78800848,"H indifferent","Low type","low_i_below","region_polygon"
1,0.78600856,"H indifferent","Low type","low_i_below","region_polygon"
1,0.78400864,"H indifferent","Low type","low_i_below","region_polygon"
1,0.78200872,"H indifferent","Low type","low_i_below","region_polygon"
1,0.7800088,"H indifferent","Low type","low_i_below","region_polygon"
1,0.77800888,"H indifferent","Low type","low_i_below","region_polygon"
1,0.77600896,"H indifferent","Low type","low_i_below","region_polygon"
1,0.77400904,"H indifferent","Low type","low_i_below","region_polygon"
1,0.77200912,"H indifferent","Low type","low_i_below","region_polygon"
1,0.7700092,"H indifferent","Low type","low_i_below","region_polygon"
1,0.76800928,"H indifferent","Low type","low_i_below","region_polygon"
1,0.76600936,"H indifferent","Low type","low_i_below","region_polygon"
1,0.76400944,"H indifferent","Low type","low_i_below","region_polygon"
1,0.76200952,"H indifferent","Low type","low_i_below","region_polygon"
1,0.7600096,"H indifferent","Low type","low_i_below","region_polygon"
1,0.75800968,"H indifferent","Low type","low_i_below","region_polygon"
1,0.75600976,"H indifferent","Low type","low_i_below","region_polygon"
1,0.75400984,"H indifferent","Low type","low_i_below","region_polygon"
1,0.75200992,"H indifferent","Low type","low_i_below","region_polygon"
1,0.75001,"H indifferent","Low type","low_i_below","region_polygon"
1,0.74801008,"H indifferent","Low type","low_i_below","region_polygon"
1,0.74601016,"H indifferent","Low type","low_i_below","region_polygon"
1,0.74401024,"H indifferent","Low type","low_i_below","region_polygon"
1,0.74201032,"H indifferent","Low type","low_i_below","region_polygon"
1,0.7400104,"H indifferent","Low type","low_i_below","region_polygon"
1,0.73801048,"H indifferent","Low type","low_i_below","region_polygon"
1,0.73601056,"H indifferent","Low type","low_i_below","region_polygon"
1,0.73401064,"H indifferent","Low type","low_i_below","region_polygon"
1,0.73201072,"H indifferent","Low type","low_i_below","region_polygon"
1,0.7300108,"H indifferent","Low type","low_i_below","region_polygon"
1,0.72801088,"H indifferent","Low type","low_i_below","region_polygon"
1,0.72601096,"H indifferent","Low type","low_i_below","region_polygon"
1,0.72401104,"H indifferent","Low type","low_i_below","region_polygon"
1,0.72201112,"H indifferent","Low type","low_i_below","region_polygon"
1,0.7200112,"H indifferent","Low type","low_i_below","region_polygon"
1,0.71801128,"H indifferent","Low type","low_i_below","region_polygon"
1,0.71601136,"H indifferent","Low type","low_i_below","region_polygon"
1,0.71401144,"H indifferent","Low type","low_i_below","region_polygon"
1,0.71201152,"H indifferent","Low type","low_i_below","region_polygon"
1,0.7100116,"H indifferent","Low type","low_i_below","region_polygon"
1,0.70801168,"H indifferent","Low type","low_i_below","region_polygon"
1,0.70601176,"H indifferent","Low type","low_i_below","region_polygon"
1,0.70401184,"H indifferent","Low type","low_i_below","region_polygon"
1,0.70201192,"H indifferent","Low type","low_i_below","region_polygon"
1,0.700012,"H indifferent","Low type","low_i_below","region_polygon"
1,0.69801208,"H indifferent","Low type","low_i_below","region_polygon"
1,0.69601216,"H indifferent","Low type","low_i_below","region_polygon"
1,0.69401224,"H indifferent","Low type","low_i_below","region_polygon"
1,0.69201232,"H indifferent","Low type","low_i_below","region_polygon"
1,0.6900124,"H indifferent","Low type","low_i_below","region_polygon"
1,0.68801248,"H indifferent","Low type","low_i_below","region_polygon"
1,0.68601256,"H indifferent","Low type","low_i_below","region_polygon"
1,0.68401264,"H indifferent","Low type","low_i_below","region_polygon"
1,0.68201272,"H indifferent","Low type","low_i_below","region_polygon"
1,0.6800128,"H indifferent","Low type","low_i_below","region_polygon"
1,0.67801288,"H indifferent","Low type","low_i_below","region_polygon"
1,0.67601296,"H indifferent","Low type","low_i_below","region_polygon"
1,0.67401304,"H indifferent","Low type","low_i_below","region_polygon"
1,0.67201312,"H indifferent","Low type","low_i_below","region_polygon"
1,0.6700132,"H indifferent","Low type","low_i_below","region_polygon"
1,0.66801328,"H indifferent","Low type","low_i_below","region_polygon"
1,0.66601336,"H indifferent","Low type","low_i_below","region_polygon"
1,0.66401344,"H indifferent","Low type","low_i_below","region_polygon"
1,0.66201352,"H indifferent","Low type","low_i_below","region_polygon"
1,0.6600136,"H indifferent","Low type","low_i_below","region_polygon"
1,0.65801368,"H indifferent","Low type","low_i_below","region_polygon"
1,0.65601376,"H indifferent","Low type","low_i_below","region_polygon"
1,0.65401384,"H indifferent","Low type","low_i_below","region_polygon"
1,0.65201392,"H indifferent","Low type","low_i_below","region_polygon"
1,0.650014,"H indifferent","Low type","low_i_below","region_polygon"
1,0.64801408,"H indifferent","Low type","low_i_below","region_polygon"
1,0.64601416,"H indifferent","Low type","low_i_below","region_polygon"
1,0.64401424,"H indifferent","Low type","low_i_below","region_polygon"
1,0.64201432,"H indifferent","Low type","low_i_below","region_polygon"
1,0.6400144,"H indifferent","Low type","low_i_below","region_polygon"
1,0.63801448,"H indifferent","Low type","low_i_below","region_polygon"
1,0.63601456,"H indifferent","Low type","low_i_below","region_polygon"
1,0.63401464,"H indifferent","Low type","low_i_below","region_polygon"
1,0.63201472,"H indifferent","Low type","low_i_below","region_polygon"
1,0.6300148,"H indifferent","Low type","low_i_below","region_polygon"
1,0.62801488,"H indifferent","Low type","low_i_below","region_polygon"
1,0.62601496,"H indifferent","Low type","low_i_below","region_polygon"
1,0.62401504,"H indifferent","Low type","low_i_below","region_polygon"
1,0.62201512,"H indifferent","Low type","low_i_below","region_polygon"
1,0.6200152,"H indifferent","Low type","low_i_below","region_polygon"
1,0.61801528,"H indifferent","Low type","low_i_below","region_polygon"
1,0.61601536,"H indifferent","Low type","low_i_below","region_polygon"
1,0.61401544,"H indifferent","Low type","low_i_below","region_polygon"
1,0.61201552,"H indifferent","Low type","low_i_below","region_polygon"
1,0.6100156,"H indifferent","Low type","low_i_below","region_polygon"
1,0.60801568,"H indifferent","Low type","low_i_below","region_polygon"
1,0.60601576,"H indifferent","Low type","low_i_below","region_polygon"
1,0.60401584,"H indifferent","Low type","low_i_below","region_polygon"
1,0.60201592,"H indifferent","Low type","low_i_below","region_polygon"
1,0.600016,"H indifferent","Low type","low_i_below","region_polygon"
1,0.59801608,"H indifferent","Low type","low_i_below","region_polygon"
1,0.59601616,"H indifferent","Low type","low_i_below","region_polygon"
1,0.59401624,"H indifferent","Low type","low_i_below","region_polygon"
1,0.59201632,"H indifferent","Low type","low_i_below","region_polygon"
1,0.5900164,"H indifferent","Low type","low_i_below","region_polygon"
1,0.58801648,"H indifferent","Low type","low_i_below","region_polygon"
1,0.58601656,"H indifferent","Low type","low_i_below","region_polygon"
1,0.58401664,"H indifferent","Low type","low_i_below","region_polygon"
1,0.58201672,"H indifferent","Low type","low_i_below","region_polygon"
1,0.5800168,"H indifferent","Low type","low_i_below","region_polygon"
1,0.57801688,"H indifferent","Low type","low_i_below","region_polygon"
1,0.57601696,"H indifferent","Low type","low_i_below","region_polygon"
1,0.57401704,"H indifferent","Low type","low_i_below","region_polygon"
1,0.57201712,"H indifferent","Low type","low_i_below","region_polygon"
1,0.5700172,"H indifferent","Low type","low_i_below","region_polygon"
1,0.56801728,"H indifferent","Low type","low_i_below","region_polygon"
1,0.56601736,"H indifferent","Low type","low_i_below","region_polygon"
1,0.56401744,"H indifferent","Low type","low_i_below","region_polygon"
1,0.56201752,"H indifferent","Low type","low_i_below","region_polygon"
1,0.5600176,"H indifferent","Low type","low_i_below","region_polygon"
1,0.55801768,"H indifferent","Low type","low_i_below","region_polygon"
1,0.55601776,"H indifferent","Low type","low_i_below","region_polygon"
1,0.55401784,"H indifferent","Low type","low_i_below","region_polygon"
1,0.55201792,"H indifferent","Low type","low_i_below","region_polygon"
1,0.550018,"H indifferent","Low type","low_i_below","region_polygon"
1,0.54801808,"H indifferent","Low type","low_i_below","region_polygon"
1,0.54601816,"H indifferent","Low type","low_i_below","region_polygon"
1,0.54401824,"H indifferent","Low type","low_i_below","region_polygon"
1,0.54201832,"H indifferent","Low type","low_i_below","region_polygon"
1,0.5400184,"H indifferent","Low type","low_i_below","region_polygon"
1,0.53801848,"H indifferent","Low type","low_i_below","region_polygon"
1,0.53601856,"H indifferent","Low type","low_i_below","region_polygon"
1,0.53401864,"H indifferent","Low type","low_i_below","region_polygon"
1,0.53201872,"H indifferent","Low type","low_i_below","region_polygon"
1,0.5300188,"H indifferent","Low type","low_i_below","region_polygon"
1,0.52801888,"H indifferent","Low type","low_i_below","region_polygon"
1,0.52601896,"H indifferent","Low type","low_i_below","region_polygon"
1,0.52401904,"H indifferent","Low type","low_i_below","region_polygon"
1,0.52201912,"H indifferent","Low type","low_i_below","region_polygon"
1,0.5200192,"H indifferent","Low type","low_i_below","region_polygon"
1,0.51801928,"H indifferent","Low type","low_i_below","region_polygon"
1,0.51601936,"H indifferent","Low type","low_i_below","region_polygon"
1,0.51401944,"H indifferent","Low type","low_i_below","region_polygon"
1,0.51201952,"H indifferent","Low type","low_i_below","region_polygon"
1,0.5100196,"H indifferent","Low type","low_i_below","region_polygon"
1,0.50801968,"H indifferent","Low type","low_i_below","region_polygon"
1,0.50601976,"H indifferent","Low type","low_i_below","region_polygon"
1,0.50401984,"H indifferent","Low type","low_i_below","region_polygon"
1,0.50201992,"H indifferent","Low type","low_i_below","region_polygon"
1,0.50002,"H indifferent","Low type","low_i_below","region_polygon"
1,0.49802008,"H indifferent","Low type","low_i_below","region_polygon"
1,0.49602016,"H indifferent","Low type","low_i_below","region_polygon"
1,0.49402024,"H indifferent","Low type","low_i_below","region_polygon"
1,0.49202032,"H indifferent","Low type","low_i_below","region_polygon"
1,0.4900204,"H indifferent","Low type","low_i_below","region_polygon"
1,0.48802048,"H indifferent","Low type","low_i_below","region_polygon"
1,0.48602056,"H indifferent","Low type","low_i_below","region_polygon"
1,0.48402064,"H indifferent","Low type","low_i_below","region_polygon"
1,0.48202072,"H indifferent","Low type","low_i_below","region_polygon"
1,0.4800208,"H indifferent","Low type","low_i_below","region_polygon"
1,0.47802088,"H indifferent","Low type","low_i_below","region_polygon"
1,0.47602096,"H indifferent","Low type","low_i_below","region_polygon"
1,0.47402104,"H indifferent","Low type","low_i_below","region_polygon"
1,0.47202112,"H indifferent","Low type","low_i_below","region_polygon"
1,0.4700212,"H indifferent","Low type","low_i_below","region_polygon"
1,0.46802128,"H indifferent","Low type","low_i_below","region_polygon"
1,0.46602136,"H indifferent","Low type","low_i_below","region_polygon"
1,0.46402144,"H indifferent","Low type","low_i_below","region_polygon"
1,0.46202152,"H indifferent","Low type","low_i_below","region_polygon"
1,0.4600216,"H indifferent","Low type","low_i_below","region_polygon"
1,0.45802168,"H indifferent","Low type","low_i_below","region_polygon"
1,0.45602176,"H indifferent","Low type","low_i_below","region_polygon"
1,0.45402184,"H indifferent","Low type","low_i_below","region_polygon"
1,0.45202192,"H indifferent","Low type","low_i_below","region_polygon"
1,0.450022,"H indifferent","Low type","low_i_below","region_polygon"
1,0.44802208,"H indifferent","Low type","low_i_below","region_polygon"
1,0.44602216,"H indifferent","Low type","low_i_below","region_polygon"
1,0.44402224,"H indifferent","Low type","low_i_below","region_polygon"
1,0.44202232,"H indifferent","Low type","low_i_below","region_polygon"
1,0.4400224,"H indifferent","Low type","low_i_below","region_polygon"
1,0.43802248,"H indifferent","Low type","low_i_below","region_polygon"
1,0.43602256,"H indifferent","Low type","low_i_below","region_polygon"
1,0.43402264,"H indifferent","Low type","low_i_below","region_polygon"
1,0.43202272,"H indifferent","Low type","low_i_below","region_polygon"
1,0.4300228,"H indifferent","Low type","low_i_below","region_polygon"
1,0.42802288,"H indifferent","Low type","low_i_below","region_polygon"
1,0.42602296,"H indifferent","Low type","low_i_below","region_polygon"
1,0.42402304,"H indifferent","Low type","low_i_below","region_polygon"
1,0.42202312,"H indifferent","Low type","low_i_below","region_polygon"
1,0.4200232,"H indifferent","Low type","low_i_below","region_polygon"
1,0.41802328,"H indifferent","Low type","low_i_below","region_polygon"
1,0.41602336,"H indifferent","Low type","low_i_below","region_polygon"
1,0.41402344,"H indifferent","Low type","low_i_below","region_polygon"
1,0.41202352,"H indifferent","Low type","low_i_below","region_polygon"
1,0.4100236,"H indifferent","Low type","low_i_below","region_polygon"
1,0.40802368,"H indifferent","Low type","low_i_below","region_polygon"
1,0.40602376,"H indifferent","Low type","low_i_below","region_polygon"
1,0.40402384,"H indifferent","Low type","low_i_below","region_polygon"
1,0.40202392,"H indifferent","Low type","low_i_below","region_polygon"
1,0.400024,"H indifferent","Low type","low_i_below","region_polygon"
1,0.39802408,"H indifferent","Low type","low_i_below","region_polygon"
1,0.39602416,"H indifferent","Low type","low_i_below","region_polygon"
1,0.39402424,"H indifferent","Low type","low_i_below","region_polygon"
1,0.39202432,"H indifferent","Low type","low_i_below","region_polygon"
1,0.3900244,"H indifferent","Low type","low_i_below","region_polygon"
1,0.38802448,"H indifferent","Low type","low_i_below","region_polygon"
1,0.38602456,"H indifferent","Low type","low_i_below","region_polygon"
1,0.38402464,"H indifferent","Low type","low_i_below","region_polygon"
1,0.38202472,"H indifferent","Low type","low_i_below","region_polygon"
1,0.3800248,"H indifferent","Low type","low_i_below","region_polygon"
1,0.37802488,"H indifferent","Low type","low_i_below","region_polygon"
1,0.37602496,"H indifferent","Low type","low_i_below","region_polygon"
1,0.37402504,"H indifferent","Low type","low_i_below","region_polygon"
1,0.37202512,"H indifferent","Low type","low_i_below","region_polygon"
1,0.3700252,"H indifferent","Low type","low_i_below","region_polygon"
1,0.36802528,"H indifferent","Low type","low_i_below","region_polygon"
1,0.36602536,"H indifferent","Low type","low_i_below","region_polygon"
1,0.36402544,"H indifferent","Low type","low_i_below","region_polygon"
1,0.36202552,"H indifferent","Low type","low_i_below","region_polygon"
1,0.3600256,"H indifferent","Low type","low_i_below","region_polygon"
1,0.35802568,"H indifferent","Low type","low_i_below","region_polygon"
1,0.35602576,"H indifferent","Low type","low_i_below","region_polygon"
1,0.35402584,"H indifferent","Low type","low_i_below","region_polygon"
1,0.35202592,"H indifferent","Low type","low_i_below","region_polygon"
1,0.350026,"H indifferent","Low type","low_i_below","region_polygon"
1,0.34802608,"H indifferent","Low type","low_i_below","region_polygon"
1,0.34602616,"H indifferent","Low type","low_i_below","region_polygon"
1,0.34402624,"H indifferent","Low type","low_i_below","region_polygon"
1,0.34202632,"H indifferent","Low type","low_i_below","region_polygon"
1,0.3400264,"H indifferent","Low type","low_i_below","region_polygon"
1,0.33802648,"H indifferent","Low type","low_i_below","region_polygon"
1,0.33602656,"H indifferent","Low type","low_i_below","region_polygon"
1,0.33402664,"H indifferent","Low type","low_i_below","region_polygon"
1,0.33202672,"H indifferent","Low type","low_i_below","region_polygon"
1,0.3300268,"H indifferent","Low type","low_i_below","region_polygon"
1,0.32802688,"H indifferent","Low type","low_i_below","region_polygon"
1,0.32602696,"H indifferent","Low type","low_i_below","region_polygon"
1,0.32402704,"H indifferent","Low type","low_i_below","region_polygon"
1,0.32202712,"H indifferent","Low type","low_i_below","region_polygon"
1,0.3200272,"H indifferent","Low type","low_i_below","region_polygon"
1,0.31802728,"H indifferent","Low type","low_i_below","region_polygon"
1,0.31602736,"H indifferent","Low type","low_i_below","region_polygon"
1,0.31402744,"H indifferent","Low type","low_i_below","region_polygon"
1,0.31202752,"H indifferent","Low type","low_i_below","region_polygon"
1,0.3100276,"H indifferent","Low type","low_i_below","region_polygon"
1,0.30802768,"H indifferent","Low type","low_i_below","region_polygon"
1,0.30602776,"H indifferent","Low type","low_i_below","region_polygon"
1,0.30402784,"H indifferent","Low type","low_i_below","region_polygon"
1,0.30202792,"H indifferent","Low type","low_i_below","region_polygon"
1,0.300028,"H indifferent","Low type","low_i_below","region_polygon"
1,0.29802808,"H indifferent","Low type","low_i_below","region_polygon"
1,0.29602816,"H indifferent","Low type","low_i_below","region_polygon"
1,0.29402824,"H indifferent","Low type","low_i_below","region_polygon"
1,0.29202832,"H indifferent","Low type","low_i_below","region_polygon"
1,0.2900284,"H indifferent","Low type","low_i_below","region_polygon"
1,0.28802848,"H indifferent","Low type","low_i_below","region_polygon"
1,0.28602856,"H indifferent","Low type","low_i_below","region_polygon"
1,0.28402864,"H indifferent","Low type","low_i_below","region_polygon"
1,0.28202872,"H indifferent","Low type","low_i_below","region_polygon"
1,0.2800288,"H indifferent","Low type","low_i_below","region_polygon"
1,0.27802888,"H indifferent","Low type","low_i_below","region_polygon"
1,0.27602896,"H indifferent","Low type","low_i_below","region_polygon"
1,0.27402904,"H indifferent","Low type","low_i_below","region_polygon"
1,0.27202912,"H indifferent","Low type","low_i_below","region_polygon"
1,0.2700292,"H indifferent","Low type","low_i_below","region_polygon"
1,0.26802928,"H indifferent","Low type","low_i_below","region_polygon"
1,0.26602936,"H indifferent","Low type","low_i_below","region_polygon"
1,0.26402944,"H indifferent","Low type","low_i_below","region_polygon"
1,0.26202952,"H indifferent","Low type","low_i_below","region_polygon"
1,0.2600296,"H indifferent","Low type","low_i_below","region_polygon"
1,0.25802968,"H indifferent","Low type","low_i_below","region_polygon"
1,0.25602976,"H indifferent","Low type","low_i_below","region_polygon"
1,0.25402984,"H indifferent","Low type","low_i_below","region_polygon"
1,0.25202992,"H indifferent","Low type","low_i_below","region_polygon"
1,0.25003,"H indifferent","Low type","low_i_below","region_polygon"
1,0.24803008,"H indifferent","Low type","low_i_below","region_polygon"
1,0.24603016,"H indifferent","Low type","low_i_below","region_polygon"
1,0.24403024,"H indifferent","Low type","low_i_below","region_polygon"
1,0.24203032,"H indifferent","Low type","low_i_below","region_polygon"
1,0.2400304,"H indifferent","Low type","low_i_below","region_polygon"
1,0.23803048,"H indifferent","Low type","low_i_below","region_polygon"
1,0.23603056,"H indifferent","Low type","low_i_below","region_polygon"
1,0.23403064,"H indifferent","Low type","low_i_below","region_polygon"
1,0.23203072,"H indifferent","Low type","low_i_below","region_polygon"
1,0.2300308,"H indifferent","Low type","low_i_below","region_polygon"
1,0.22803088,"H indifferent","Low type","low_i_below","region_polygon"
1,0.22603096,"H indifferent","Low type","low_i_below","region_polygon"
1,0.22403104,"H indifferent","Low type","low_i_below","region_polygon"
1,0.22203112,"H indifferent","Low type","low_i_below","region_polygon"
1,0.2200312,"H indifferent","Low type","low_i_below","region_polygon"
1,0.21803128,"H indifferent","Low type","low_i_below","region_polygon"
1,0.21603136,"H indifferent","Low type","low_i_below","region_polygon"
1,0.21403144,"H indifferent","Low type","low_i_below","region_polygon"
1,0.21203152,"H indifferent","Low type","low_i_below","region_polygon"
1,0.2100316,"H indifferent","Low type","low_i_below","region_polygon"
1,0.20803168,"H indifferent","Low type","low_i_below","region_polygon"
1,0.20603176,"H indifferent","Low type","low_i_below","region_polygon"
1,0.20403184,"H indifferent","Low type","low_i_below","region_polygon"
1,0.20203192,"H indifferent","Low type","low_i_below","region_polygon"
1,0.200032,"H indifferent","Low type","low_i_below","region_polygon"
1,0.19803208,"H indifferent","Low type","low_i_below","region_polygon"
1,0.19603216,"H indifferent","Low type","low_i_below","region_polygon"
1,0.19403224,"H indifferent","Low type","low_i_below","region_polygon"
1,0.19203232,"H indifferent","Low type","low_i_below","region_polygon"
1,0.1900324,"H indifferent","Low type","low_i_below","region_polygon"
1,0.18803248,"H indifferent","Low type","low_i_below","region_polygon"
1,0.18603256,"H indifferent","Low type","low_i_below","region_polygon"
1,0.18403264,"H indifferent","Low type","low_i_below","region_polygon"
1,0.18203272,"H indifferent","Low type","low_i_below","region_polygon"
1,0.1800328,"H indifferent","Low type","low_i_below","region_polygon"
1,0.17803288,"H indifferent","Low type","low_i_below","region_polygon"
1,0.17603296,"H indifferent","Low type","low_i_below","region_polygon"
1,0.17403304,"H indifferent","Low type","low_i_below","region_polygon"
1,0.17203312,"H indifferent","Low type","low_i_below","region_polygon"
1,0.1700332,"H indifferent","Low type","low_i_below","region_polygon"
1,0.16803328,"H indifferent","Low type","low_i_below","region_polygon"
1,0.16603336,"H indifferent","Low type","low_i_below","region_polygon"
1,0.16403344,"H indifferent","Low type","low_i_below","region_polygon"
1,0.16203352,"H indifferent","Low type","low_i_below","region_polygon"
1,0.1600336,"H indifferent","Low type","low_i_below","region_polygon"
1,0.15803368,"H indifferent","Low type","low_i_below","region_polygon"
1,0.15603376,"H indifferent","Low type","low_i_below","region_polygon"
1,0.15403384,"H indifferent","Low type","low_i_below","region_polygon"
1,0.15203392,"H indifferent","Low type","low_i_below","region_polygon"
1,0.150034,"H indifferent","Low type","low_i_below","region_polygon"
1,0.14803408,"H indifferent","Low type","low_i_below","region_polygon"
1,0.14603416,"H indifferent","Low type","low_i_below","region_polygon"
1,0.14403424,"H indifferent","Low type","low_i_below","region_polygon"
1,0.14203432,"H indifferent","Low type","low_i_below","region_polygon"
1,0.1400344,"H indifferent","Low type","low_i_below","region_polygon"
1,0.13803448,"H indifferent","Low type","low_i_below","region_polygon"
1,0.13603456,"H indifferent","Low type","low_i_below","region_polygon"
1,0.13403464,"H indifferent","Low type","low_i_below","region_polygon"
1,0.13203472,"H indifferent","Low type","low_i_below","region_polygon"
1,0.1300348,"H indifferent","Low type","low_i_below","region_polygon"
1,0.12803488,"H indifferent","Low type","low_i_below","region_polygon"
1,0.12603496,"H indifferent","Low type","low_i_below","region_polygon"
1,0.12403504,"H indifferent","Low type","low_i_below","region_polygon"
1,0.12203512,"H indifferent","Low type","low_i_below","region_polygon"
1,0.1200352,"H indifferent","Low type","low_i_below","region_polygon"
1,0.11803528,"H indifferent","Low type","low_i_below","region_polygon"
1,0.11603536,"H indifferent","Low type","low_i_below","region_polygon"
1,0.11403544,"H indifferent","Low type","low_i_below","region_polygon"
1,0.11203552,"H indifferent","Low type","low_i_below","region_polygon"
1,0.1100356,"H indifferent","Low type","low_i_below","region_polygon"
1,0.10803568,"H indifferent","Low type","low_i_below","region_polygon"
1,0.10603576,"H indifferent","Low type","low_i_below","region_polygon"
1,0.10403584,"H indifferent","Low type","low_i_below","region_polygon"
1,0.10203592,"H indifferent","Low type","low_i_below","region_polygon"
1,0.100036,"H indifferent","Low type","low_i_below","region_polygon"
1,0.09803608,"H indifferent","Low type","low_i_below","region_polygon"
1,0.09603616,"H indifferent","Low type","low_i_below","region_polygon"
1,0.09403624,"H indifferent","Low type","low_i_below","region_polygon"
1,0.09203632,"H indifferent","Low type","low_i_below","region_polygon"
1,0.0900364,"H indifferent","Low type","low_i_below","region_polygon"
1,0.08803648,"H indifferent","Low type","low_i_below","region_polygon"
1,0.08603656,"H indifferent","Low type","low_i_below","region_polygon"
1,0.08403664,"H indifferent","Low type","low_i_below","region_polygon"
1,0.08203672,"H indifferent","Low type","low_i_below","region_polygon"
1,0.0800368,"H indifferent","Low type","low_i_below","region_polygon"
1,0.07803688,"H indifferent","Low type","low_i_below","region_polygon"
1,0.07603696,"H indifferent","Low type","low_i_below","region_polygon"
1,0.07403704,"H indifferent","Low type","low_i_below","region_polygon"
1,0.07203712,"H indifferent","Low type","low_i_below","region_polygon"
1,0.0700372,"H indifferent","Low type","low_i_below","region_polygon"
1,0.06803728,"H indifferent","Low type","low_i_below","region_polygon"
1,0.06603736,"H indifferent","Low type","low_i_below","region_polygon"
1,0.06403744,"H indifferent","Low type","low_i_below","region_polygon"
1,0.06203752,"H indifferent","Low type","low_i_below","region_polygon"
1,0.0600376,"H indifferent","Low type","low_i_below","region_polygon"
1,0.05803768,"H indifferent","Low type","low_i_below","region_polygon"
1,0.05603776,"H indifferent","Low type","low_i_below","region_polygon"
1,0.05403784,"H indifferent","Low type","low_i_below","region_polygon"
1,0.05203792,"H indifferent","Low type","low_i_below","region_polygon"
1,0.050038,"H indifferent","Low type","low_i_below","region_polygon"
1,0.04803808,"H indifferent","Low type","low_i_below","region_polygon"
1,0.04603816,"H indifferent","Low type","low_i_below","region_polygon"
1,0.04403824,"H indifferent","Low type","low_i_below","region_polygon"
1,0.04203832,"H indifferent","Low type","low_i_below","region_polygon"
1,0.0400384,"H indifferent","Low type","low_i_below","region_polygon"
1,0.03803848,"H indifferent","Low type","low_i_below","region_polygon"
1,0.03603856,"H indifferent","Low type","low_i_below","region_polygon"
1,0.03403864,"H indifferent","Low type","low_i_below","region_polygon"
1,0.03203872,"H indifferent","Low type","low_i_below","region_polygon"
1,0.0300388,"H indifferent","Low type","low_i_below","region_polygon"
1,0.02803888,"H indifferent","Low type","low_i_below","region_polygon"
1,0.02603896,"H indifferent","Low type","low_i_below","region_polygon"
1,0.02403904,"H indifferent","Low type","low_i_below","region_polygon"
1,0.02203912,"H indifferent","Low type","low_i_below","region_polygon"
1,0.0200392,"H indifferent","Low type","low_i_below","region_polygon"
1,0.01803928,"H indifferent","Low type","low_i_below","region_polygon"
1,0.01603936,"H indifferent","Low type","low_i_below","region_polygon"
1,0.01403944,"H indifferent","Low type","low_i_below","region_polygon"
1,0.01203952,"H indifferent","Low type","low_i_below","region_polygon"
1,0.0100396,"H indifferent","Low type","low_i_below","region_polygon"
1,0.00803968,"H indifferent","Low type","low_i_below","region_polygon"
1,0.00603976,"H indifferent","Low type","low_i_below","region_polygon"
1,0.00403984,"H indifferent","Low type","low_i_below","region_polygon"
1,0.00203992,"H indifferent","Low type","low_i_below","region_polygon"
1,4e-05,"H indifferent","Low type","low_i_below","region_polygon"
0.142857142857143,1,"H prefers unanimity","Low type","low_u_above","region_polygon"
0.143837561980697,1.00599992,"H prefers unanimity","Low type","low_u_above","region_polygon"
0.144819664686442,1.01199984,"H prefers unanimity","Low type","low_u_above","region_polygon"
0.145803455314691,1.01799976,"H prefers unanimity","Low type","low_u_above","region_polygon"
0.146788938220691,1.02399968,"H prefers unanimity","Low type","low_u_above","region_polygon"
0.147776117774685,1.0299996,"H prefers unanimity","Low type","low_u_above","region_polygon"
0.148764998361976,1.03599952,"H prefers unanimity","Low type","low_u_above","region_polygon"
0.149755584382994,1.04199944,"H prefers unanimity","Low type","low_u_above","region_polygon"
0.15074788025336,1.04799936,"H prefers unanimity","Low type","low_u_above","region_polygon"
0.15174189040395,1.05399928,"H prefers unanimity","Low type","low_u_above","region_polygon"
0.152737619280966,1.0599992,"H prefers unanimity","Low type","low_u_above","region_polygon"
0.153735071345996,1.06599912,"H prefers unanimity","Low type","low_u_above","region_polygon"
0.154734251076085,1.07199904,"H prefers unanimity","Low type","low_u_above","region_polygon"
0.155735162963801,1.07799896,"H prefers unanimity","Low type","low_u_above","region_polygon"
0.156737811517301,1.08399888,"H prefers unanimity","Low type","low_u_above","region_polygon"
0.157742201260399,1.0899988,"H prefers unanimity","Low type","low_u_above","region_polygon"
0.158748336732637,1.09599872,"H prefers unanimity","Low type","low_u_above","region_polygon"
0.15975622248935,1.10199864,"H prefers unanimity","Low type","low_u_above","region_polygon"
0.160765863101735,1.10799856,"H prefers unanimity","Low type","low_u_above","region_polygon"
0.161777263156921,1.11399848,"H prefers unanimity","Low type","low_u_above","region_polygon"
0.16279042725804,1.1199984,"H prefers unanimity","Low type","low_u_above","region_polygon"
0.163805360024294,1.12599832,"H prefers unanimity","Low type","low_u_above","region_polygon"
0.164822066091026,1.13199824,"H prefers unanimity","Low type","low_u_above","region_polygon"
0.165840550109791,1.13799816,"H prefers unanimity","Low type","low_u_above","region_polygon"
0.166860816748429,1.14399808,"H prefers unanimity","Low type","low_u_above","region_polygon"
0.167882870691133,1.149998,"H prefers unanimity","Low type","low_u_above","region_polygon"
0.16890671663852,1.15599792,"H prefers unanimity","Low type","low_u_above","region_polygon"
0.169932359307707,1.16199784,"H prefers unanimity","Low type","low_u_above","region_polygon"
0.170959803432383,1.16799776,"H prefers unanimity","Low type","low_u_above","region_polygon"
0.171989053762877,1.17399768,"H prefers unanimity","Low type","low_u_above","region_polygon"
0.173020115066235,1.1799976,"H prefers unanimity","Low type","low_u_above","region_polygon"
0.174052992126296,1.18599752,"H prefers unanimity","Low type","low_u_above","region_polygon"
0.175087689743759,1.19199744,"H prefers unanimity","Low type","low_u_above","region_polygon"
0.176124212736266,1.19799736,"H prefers unanimity","Low type","low_u_above","region_polygon"
0.177162565938467,1.20399728,"H prefers unanimity","Low type","low_u_above","region_polygon"
0.178202754202104,1.2099972,"H prefers unanimity","Low type","low_u_above","region_polygon"
0.179244782396083,1.21599712,"H prefers unanimity","Low type","low_u_above","region_polygon"
0.180288655406548,1.22199704,"H prefers unanimity","Low type","low_u_above","region_polygon"
0.18133437813696,1.22799696,"H prefers unanimity","Low type","low_u_above","region_polygon"
0.182381955508173,1.23399688,"H prefers unanimity","Low type","low_u_above","region_polygon"
0.183431392458512,1.2399968,"H prefers unanimity","Low type","low_u_above","region_polygon"
0.18448269394385,1.24599672,"H prefers unanimity","Low type","low_u_above","region_polygon"
0.185535864937684,1.25199664,"H prefers unanimity","Low type","low_u_above","region_polygon"
0.186590910431217,1.25799656,"H prefers unanimity","Low type","low_u_above","region_polygon"
0.187647835433435,1.26399648,"H prefers unanimity","Low type","low_u_above","region_polygon"
0.188706644971185,1.2699964,"H prefers unanimity","Low type","low_u_above","region_polygon"
0.189767344089258,1.27599632,"H prefers unanimity","Low type","low_u_above","region_polygon"
0.190829937850466,1.28199624,"H prefers unanimity","Low type","low_u_above","region_polygon"
0.191894431335725,1.28799616,"H prefers unanimity","Low type","low_u_above","region_polygon"
0.192960829644132,1.29399608,"H prefers unanimity","Low type","low_u_above","region_polygon"
0.194029137893052,1.299996,"H prefers unanimity","Low type","low_u_above","region_polygon"
0.195099361218196,1.30599592,"H prefers unanimity","Low type","low_u_above","region_polygon"
0.196171504773705,1.31199584,"H prefers unanimity","Low type","low_u_above","region_polygon"
0.197245573732231,1.31799576,"H prefers unanimity","Low type","low_u_above","region_polygon"
0.198321573285021,1.32399568,"H prefers unanimity","Low type","low_u_above","region_polygon"
0.199399508642003,1.3299956,"H prefers unanimity","Low type","low_u_above","region_polygon"
0.200479385031866,1.33599552,"H prefers unanimity","Low type","low_u_above","region_polygon"
0.201561207702147,1.34199544,"H prefers unanimity","Low type","low_u_above","region_polygon"
0.202644981919315,1.34799536,"H prefers unanimity","Low type","low_u_above","region_polygon"
0.203730712968859,1.35399528,"H prefers unanimity","Low type","low_u_above","region_polygon"
0.204818406155369,1.3599952,"H prefers unanimity","Low type","low_u_above","region_polygon"
0.205908066802628,1.36599512,"H prefers unanimity","Low type","low_u_above","region_polygon"
0.206999700253694,1.37199504,"H prefers unanimity","Low type","low_u_above","region_polygon"
0.208093311870992,1.37799496,"H prefers unanimity","Low type","low_u_above","region_polygon"
0.209188907036396,1.38399488,"H prefers unanimity","Low type","low_u_above","region_polygon"
0.210286491151323,1.3899948,"H prefers unanimity","Low type","low_u_above","region_polygon"
0.211386069636819,1.39599472,"H prefers unanimity","Low type","low_u_above","region_polygon"
0.212487647933648,1.40199464,"H prefers unanimity","Low type","low_u_above","region_polygon"
0.213591231502382,1.40799456,"H prefers unanimity","Low type","low_u_above","region_polygon"
0.214696825823492,1.41399448,"H prefers unanimity","Low type","low_u_above","region_polygon"
0.21580443639744,1.4199944,"H prefers unanimity","Low type","low_u_above","region_polygon"
0.216914068744766,1.42599432,"H prefers unanimity","Low type","low_u_above","region_polygon"
0.218025728406182,1.43199424,"H prefers unanimity","Low type","low_u_above","region_polygon"
0.219139420942667,1.43799416,"H prefers unanimity","Low type","low_u_above","region_polygon"
0.220255151935555,1.44399408,"H prefers unanimity","Low type","low_u_above","region_polygon"
0.221372926986632,1.449994,"H prefers unanimity","Low type","low_u_above","region_polygon"
0.222492751718226,1.45599392,"H prefers unanimity","Low type","low_u_above","region_polygon"
0.223614631773305,1.46199384,"H prefers unanimity","Low type","low_u_above","region_polygon"
0.22473857281557,1.46799376,"H prefers unanimity","Low type","low_u_above","region_polygon"
0.225864580529551,1.47399368,"H prefers unanimity","Low type","low_u_above","region_polygon"
0.226992660620701,1.4799936,"H prefers unanimity","Low type","low_u_above","region_polygon"
0.228122818815495,1.48599352,"H prefers unanimity","Low type","low_u_above","region_polygon"
0.229255060861524,1.49199344,"H prefers unanimity","Low type","low_u_above","region_polygon"
0.230389392527597,1.49799336,"H prefers unanimity","Low type","low_u_above","region_polygon"
0.231525819603832,1.50399328,"H prefers unanimity","Low type","low_u_above","region_polygon"
0.232664347901762,1.5099932,"H prefers unanimity","Low type","low_u_above","region_polygon"
0.233804983254429,1.51599312,"H prefers unanimity","Low type","low_u_above","region_polygon"
0.234947731516485,1.52199304,"H prefers unanimity","Low type","low_u_above","region_polygon"
0.236092598564293,1.52799296,"H prefers unanimity","Low type","low_u_above","region_polygon"
0.237239590296028,1.53399288,"H prefers unanimity","Low type","low_u_above","region_polygon"
0.238388712631775,1.5399928,"H prefers unanimity","Low type","low_u_above","region_polygon"
0.239539971513636,1.54599272,"H prefers unanimity","Low type","low_u_above","region_polygon"
0.240693372905827,1.55199264,"H prefers unanimity","Low type","low_u_above","region_polygon"
0.241848922794787,1.55799256,"H prefers unanimity","Low type","low_u_above","region_polygon"
0.243006627189273,1.56399248,"H prefers unanimity","Low type","low_u_above","region_polygon"
0.244166492120476,1.5699924,"H prefers unanimity","Low type","low_u_above","region_polygon"
0.245328523642114,1.57599232,"H prefers unanimity","Low type","low_u_above","region_polygon"
0.246492727830544,1.58199224,"H prefers unanimity","Low type","low_u_above","region_polygon"
0.247659110784868,1.58799216,"H prefers unanimity","Low type","low_u_above","region_polygon"
0.248827678627035,1.59399208,"H prefers unanimity","Low type","low_u_above","region_polygon"
0.249998437501953,1.599992,"H prefers unanimity","Low type","low_u_above","region_polygon"
0.251171393577595,1.60599192,"H prefers unanimity","Low type","low_u_above","region_polygon"
0.252346553045104,1.61199184,"H prefers unanimity","Low type","low_u_above","region_polygon"
0.25352392211891,1.61799176,"H prefers unanimity","Low type","low_u_above","region_polygon"
0.254703507036829,1.62399168,"H prefers unanimity","Low type","low_u_above","region_polygon"
0.255885314060182,1.6299916,"H prefers unanimity","Low type","low_u_above","region_polygon"
0.257069349473903,1.63599152,"H prefers unanimity","Low type","low_u_above","region_polygon"
0.258255619586646,1.64199144,"H prefers unanimity","Low type","low_u_above","region_polygon"
0.259444130730905,1.64799136,"H prefers unanimity","Low type","low_u_above","region_polygon"
0.260634889263121,1.65399128,"H prefers unanimity","Low type","low_u_above","region_polygon"
0.261827901563796,1.6599912,"H prefers unanimity","Low type","low_u_above","region_polygon"
0.263023174037609,1.66599112,"H prefers unanimity","Low type","low_u_above","region_polygon"
0.264220713113529,1.67199104,"H prefers unanimity","Low type","low_u_above","region_polygon"
0.265420525244931,1.67799096,"H prefers unanimity","Low type","low_u_above","region_polygon"
0.266622616909711,1.68399088,"H prefers unanimity","Low type","low_u_above","region_polygon"
0.267826994610404,1.6899908,"H prefers unanimity","Low type","low_u_above","region_polygon"
0.2690336648743,1.69599072,"H prefers unanimity","Low type","low_u_above","region_polygon"
0.270242634253564,1.70199064,"H prefers unanimity","Low type","low_u_above","region_polygon"
0.271453909325349,1.70799056,"H prefers unanimity","Low type","low_u_above","region_polygon"
0.272667496691924,1.71399048,"H prefers unanimity","Low type","low_u_above","region_polygon"
0.273883402980785,1.7199904,"H prefers unanimity","Low type","low_u_above","region_polygon"
0.275101634844784,1.72599032,"H prefers unanimity","Low type","low_u_above","region_polygon"
0.276322198962243,1.73199024,"H prefers unanimity","Low type","low_u_above","region_polygon"
0.27754510203708,1.73799016,"H prefers unanimity","Low type","low_u_above","region_polygon"
0.278770350798932,1.74399008,"H prefers unanimity","Low type","low_u_above","region_polygon"
0.279997952003277,1.74999,"H prefers unanimity","Low type","low_u_above","region_polygon"
0.281227912431557,1.75598992,"H prefers unanimity","Low type","low_u_above","region_polygon"
0.282460238891307,1.76198984,"H prefers unanimity","Low type","low_u_above","region_polygon"
0.283694938216276,1.76798976,"H prefers unanimity","Low type","low_u_above","region_polygon"
0.284932017266557,1.77398968,"H prefers unanimity","Low type","low_u_above","region_polygon"
0.28617148292871,1.7799896,"H prefers unanimity","Low type","low_u_above","region_polygon"
0.287413342115896,1.78598952,"H prefers unanimity","Low type","low_u_above","region_polygon"
0.288657601767997,1.79198944,"H prefers unanimity","Low type","low_u_above","region_polygon"
0.289904268851754,1.79798936,"H prefers unanimity","Low type","low_u_above","region_polygon"
0.291153350360892,1.80398928,"H prefers unanimity","Low type","low_u_above","region_polygon"
0.29240485331625,1.8099892,"H prefers unanimity","Low type","low_u_above","region_polygon"
0.293658784765916,1.81598912,"H prefers unanimity","Low type","low_u_above","region_polygon"
0.294915151785357,1.82198904,"H prefers unanimity","Low type","low_u_above","region_polygon"
0.296173961477554,1.82798896,"H prefers unanimity","Low type","low_u_above","region_polygon"
0.297435220973134,1.83398888,"H prefers unanimity","Low type","low_u_above","region_polygon"
0.298698937430503,1.8399888,"H prefers unanimity","Low type","low_u_above","region_polygon"
0.299965118035988,1.84598872,"H prefers unanimity","Low type","low_u_above","region_polygon"
0.301233770003964,1.85198864,"H prefers unanimity","Low type","low_u_above","region_polygon"
0.302504900577001,1.85798856,"H prefers unanimity","Low type","low_u_above","region_polygon"
0.303778517025992,1.86398848,"H prefers unanimity","Low type","low_u_above","region_polygon"
0.305054626650299,1.8699884,"H prefers unanimity","Low type","low_u_above","region_polygon"
0.306333236777889,1.87598832,"H prefers unanimity","Low type","low_u_above","region_polygon"
0.307614354765477,1.88198824,"H prefers unanimity","Low type","low_u_above","region_polygon"
0.308897987998662,1.88798816,"H prefers unanimity","Low type","low_u_above","region_polygon"
0.310184143892074,1.89398808,"H prefers unanimity","Low type","low_u_above","region_polygon"
0.311472829889515,1.899988,"H prefers unanimity","Low type","low_u_above","region_polygon"
0.312764053464101,1.90598792,"H prefers unanimity","Low type","low_u_above","region_polygon"
0.31405782211841,1.91198784,"H prefers unanimity","Low type","low_u_above","region_polygon"
0.315354143384624,1.91798776,"H prefers unanimity","Low type","low_u_above","region_polygon"
0.316653024824676,1.92398768,"H prefers unanimity","Low type","low_u_above","region_polygon"
0.317954474030399,1.9299876,"H prefers unanimity","Low type","low_u_above","region_polygon"
0.31925849862367,1.93598752,"H prefers unanimity","Low type","low_u_above","region_polygon"
0.320565106256564,1.94198744,"H prefers unanimity","Low type","low_u_above","region_polygon"
0.321874304611499,1.94798736,"H prefers unanimity","Low type","low_u_above","region_polygon"
0.323186101401388,1.95398728,"H prefers unanimity","Low type","low_u_above","region_polygon"
0.324500504369792,1.9599872,"H prefers unanimity","Low type","low_u_above","region_polygon"
0.325817521291072,1.96598712,"H prefers unanimity","Low type","low_u_above","region_polygon"
0.327137159970539,1.97198704,"H prefers unanimity","Low type","low_u_above","region_polygon"
0.328459428244612,1.97798696,"H prefers unanimity","Low type","low_u_above","region_polygon"
0.329784333980974,1.98398688,"H prefers unanimity","Low type","low_u_above","region_polygon"
0.331111885078722,1.9899868,"H prefers unanimity","Low type","low_u_above","region_polygon"
0.33244208946853,1.99598672,"H prefers unanimity","Low type","low_u_above","region_polygon"
0.333774955112804,2.00198664,"H prefers unanimity","Low type","low_u_above","region_polygon"
0.335110490005844,2.00798656,"H prefers unanimity","Low type","low_u_above","region_polygon"
0.336448702173997,2.01398648,"H prefers unanimity","Low type","low_u_above","region_polygon"
0.337789599675827,2.0199864,"H prefers unanimity","Low type","low_u_above","region_polygon"
0.339133190602269,2.02598632,"H prefers unanimity","Low type","low_u_above","region_polygon"
0.340479483076795,2.03198624,"H prefers unanimity","Low type","low_u_above","region_polygon"
0.341828485255579,2.03798616,"H prefers unanimity","Low type","low_u_above","region_polygon"
0.34318020532766,2.04398608,"H prefers unanimity","Low type","low_u_above","region_polygon"
0.344534651515106,2.049986,"H prefers unanimity","Low type","low_u_above","region_polygon"
0.345891832073184,2.05598592,"H prefers unanimity","Low type","low_u_above","region_polygon"
0.347251755290526,2.06198584,"H prefers unanimity","Low type","low_u_above","region_polygon"
0.348614429489299,2.06798576,"H prefers unanimity","Low type","low_u_above","region_polygon"
0.349979863025373,2.07398568,"H prefers unanimity","Low type","low_u_above","region_polygon"
0.351348064288492,2.0799856,"H prefers unanimity","Low type","low_u_above","region_polygon"
0.352719041702448,2.08598552,"H prefers unanimity","Low type","low_u_above","region_polygon"
0.35409280372525,2.09198544,"H prefers unanimity","Low type","low_u_above","region_polygon"
0.355469358849303,2.09798536,"H prefers unanimity","Low type","low_u_above","region_polygon"
0.356848715601578,2.10398528,"H prefers unanimity","Low type","low_u_above","region_polygon"
0.358230882543793,2.1099852,"H prefers unanimity","Low type","low_u_above","region_polygon"
0.359615868272583,2.11598512,"H prefers unanimity","Low type","low_u_above","region_polygon"
0.361003681419688,2.12198504,"H prefers unanimity","Low type","low_u_above","region_polygon"
0.362394330652123,2.12798496,"H prefers unanimity","Low type","low_u_above","region_polygon"
0.363787824672365,2.13398488,"H prefers unanimity","Low type","low_u_above","region_polygon"
0.365184172218529,2.1399848,"H prefers unanimity","Low type","low_u_above","region_polygon"
0.366583382064558,2.14598472,"H prefers unanimity","Low type","low_u_above","region_polygon"
0.367985463020398,2.15198464,"H prefers unanimity","Low type","low_u_above","region_polygon"
0.36939042393219,2.15798456,"H prefers unanimity","Low type","low_u_above","region_polygon"
0.370798273682452,2.16398448,"H prefers unanimity","Low type","low_u_above","region_polygon"
0.372209021190269,2.1699844,"H prefers unanimity","Low type","low_u_above","region_polygon"
0.373622675411478,2.17598432,"H prefers unanimity","Low type","low_u_above","region_polygon"
0.375039245338861,2.18198424,"H prefers unanimity","Low type","low_u_above","region_polygon"
0.376458740002333,2.18798416,"H prefers unanimity","Low type","low_u_above","region_polygon"
0.377881168469135,2.19398408,"H prefers unanimity","Low type","low_u_above","region_polygon"
0.379306539844028,2.199984,"H prefers unanimity","Low type","low_u_above","region_polygon"
0.380734863269486,2.20598392,"H prefers unanimity","Low type","low_u_above","region_polygon"
0.38216614792589,2.21198384,"H prefers unanimity","Low type","low_u_above","region_polygon"
0.383600403031729,2.21798376,"H prefers unanimity","Low type","low_u_above","region_polygon"
0.385037637843793,2.22398368,"H prefers unanimity","Low type","low_u_above","region_polygon"
0.386477861657378,2.2299836,"H prefers unanimity","Low type","low_u_above","region_polygon"
0.387921083806478,2.23598352,"H prefers unanimity","Low type","low_u_above","region_polygon"
0.389367313663996,2.24198344,"H prefers unanimity","Low type","low_u_above","region_polygon"
0.390816560641939,2.24798336,"H prefers unanimity","Low type","low_u_above","region_polygon"
0.392268834191628,2.25398328,"H prefers unanimity","Low type","low_u_above","region_polygon"
0.3937241438039,2.2599832,"H prefers unanimity","Low type","low_u_above","region_polygon"
0.395182499009316,2.26598312,"H prefers unanimity","Low type","low_u_above","region_polygon"
0.396643909378369,2.27198304,"H prefers unanimity","Low type","low_u_above","region_polygon"
0.398108384521693,2.27798296,"H prefers unanimity","Low type","low_u_above","region_polygon"
0.399575934090274,2.28398288,"H prefers unanimity","Low type","low_u_above","region_polygon"
0.401046567775663,2.2899828,"H prefers unanimity","Low type","low_u_above","region_polygon"
0.402520295310185,2.29598272,"H prefers unanimity","Low type","low_u_above","region_polygon"
0.403997126467161,2.30198264,"H prefers unanimity","Low type","low_u_above","region_polygon"
0.405477071061118,2.30798256,"H prefers unanimity","Low type","low_u_above","region_polygon"
0.406960138948007,2.31398248,"H prefers unanimity","Low type","low_u_above","region_polygon"
0.408446340025425,2.3199824,"H prefers unanimity","Low type","low_u_above","region_polygon"
0.409935684232834,2.32598232,"H prefers unanimity","Low type","low_u_above","region_polygon"
0.411428181551781,2.33198224,"H prefers unanimity","Low type","low_u_above","region_polygon"
0.412923842006121,2.33798216,"H prefers unanimity","Low type","low_u_above","region_polygon"
0.414422675662244,2.34398208,"H prefers unanimity","Low type","low_u_above","region_polygon"
0.415924692629298,2.349982,"H prefers unanimity","Low type","low_u_above","region_polygon"
0.417429903059418,2.35598192,"H prefers unanimity","Low type","low_u_above","region_polygon"
0.418938317147953,2.36198184,"H prefers unanimity","Low type","low_u_above","region_polygon"
0.4204499451337,2.36798176,"H prefers unanimity","Low type","low_u_above","region_polygon"
0.421964797299131,2.37398168,"H prefers unanimity","Low type","low_u_above","region_polygon"
0.423482883970629,2.3799816,"H prefers unanimity","Low type","low_u_above","region_polygon"
0.42500421551872,2.38598152,"H prefers unanimity","Low type","low_u_above","region_polygon"
0.426528802358315,2.39198144,"H prefers unanimity","Low type","low_u_above","region_polygon"
0.428056654948938,2.39798136,"H prefers unanimity","Low type","low_u_above","region_polygon"
0.429587783794976,2.40398128,"H prefers unanimity","Low type","low_u_above","region_polygon"
0.431122199445912,2.4099812,"H prefers unanimity","Low type","low_u_above","region_polygon"
0.432659912496571,2.41598112,"H prefers unanimity","Low type","low_u_above","region_polygon"
0.434200933587361,2.42198104,"H prefers unanimity","Low type","low_u_above","region_polygon"
0.435745273404522,2.42798096,"H prefers unanimity","Low type","low_u_above","region_polygon"
0.437292942680369,2.43398088,"H prefers unanimity","Low type","low_u_above","region_polygon"
0.438843952193546,2.4399808,"H prefers unanimity","Low type","low_u_above","region_polygon"
0.440398312769271,2.44598072,"H prefers unanimity","Low type","low_u_above","region_polygon"
0.441956035279589,2.45198064,"H prefers unanimity","Low type","low_u_above","region_polygon"
0.443517130643627,2.45798056,"H prefers unanimity","Low type","low_u_above","region_polygon"
0.44508160982785,2.46398048,"H prefers unanimity","Low type","low_u_above","region_polygon"
0.446649483846314,2.4699804,"H prefers unanimity","Low type","low_u_above","region_polygon"
0.448220763760929,2.47598032,"H prefers unanimity","Low type","low_u_above","region_polygon"
0.449795460681714,2.48198024,"H prefers unanimity","Low type","low_u_above","region_polygon"
0.451373585767064,2.48798016,"H prefers unanimity","Low type","low_u_above","region_polygon"
0.452955150224012,2.49398008,"H prefers unanimity","Low type","low_u_above","region_polygon"
0.45454016530849,2.49998,"H prefers unanimity","Low type","low_u_above","region_polygon"
0.456128642325603,2.50597992,"H prefers unanimity","Low type","low_u_above","region_polygon"
0.457720592629893,2.51197984,"H prefers unanimity","Low type","low_u_above","region_polygon"
0.459316027625611,2.51797976,"H prefers unanimity","Low type","low_u_above","region_polygon"
0.46091495876699,2.52397968,"H prefers unanimity","Low type","low_u_above","region_polygon"
0.462517397558517,2.5299796,"H prefers unanimity","Low type","low_u_above","region_polygon"
0.464123355555212,2.53597952,"H prefers unanimity","Low type","low_u_above","region_polygon"
0.465732844362902,2.54197944,"H prefers unanimity","Low type","low_u_above","region_polygon"
0.467345875638505,2.54797936,"H prefers unanimity","Low type","low_u_above","region_polygon"
0.468962461090306,2.55397928,"H prefers unanimity","Low type","low_u_above","region_polygon"
0.470582612478246,2.5599792,"H prefers unanimity","Low type","low_u_above","region_polygon"
0.472206341614204,2.56597912,"H prefers unanimity","Low type","low_u_above","region_polygon"
0.473833660362284,2.57197904,"H prefers unanimity","Low type","low_u_above","region_polygon"
0.475464580639104,2.57797896,"H prefers unanimity","Low type","low_u_above","region_polygon"
0.477099114414089,2.58397888,"H prefers unanimity","Low type","low_u_above","region_polygon"
0.478737273709759,2.5899788,"H prefers unanimity","Low type","low_u_above","region_polygon"
0.480379070602031,2.59597872,"H prefers unanimity","Low type","low_u_above","region_polygon"
0.48202451722051,2.60197864,"H prefers unanimity","Low type","low_u_above","region_polygon"
0.483673625748788,2.60797856,"H prefers unanimity","Low type","low_u_above","region_polygon"
0.485326408424748,2.61397848,"H prefers unanimity","Low type","low_u_above","region_polygon"
0.486982877540863,2.6199784,"H prefers unanimity","Low type","low_u_above","region_polygon"
0.488643045444506,2.62597832,"H prefers unanimity","Low type","low_u_above","region_polygon"
0.490306924538249,2.63197824,"H prefers unanimity","Low type","low_u_above","region_polygon"
0.49197452728018,2.63797816,"H prefers unanimity","Low type","low_u_above","region_polygon"
0.493645866184207,2.64397808,"H prefers unanimity","Low type","low_u_above","region_polygon"
0.495320953820377,2.649978,"H prefers unanimity","Low type","low_u_above","region_polygon"
0.496999802815186,2.65597792,"H prefers unanimity","Low type","low_u_above","region_polygon"
0.4986824258519,2.66197784,"H prefers unanimity","Low type","low_u_above","region_polygon"
0.500368835670873,2.66797776,"H prefers unanimity","Low type","low_u_above","region_polygon"
0.502059045069868,2.67397768,"H prefers unanimity","Low type","low_u_above","region_polygon"
0.50375306690438,2.6799776,"H prefers unanimity","Low type","low_u_above","region_polygon"
0.505450914087966,2.68597752,"H prefers unanimity","Low type","low_u_above","region_polygon"
0.507152599592569,2.69197744,"H prefers unanimity","Low type","low_u_above","region_polygon"
0.508858136448848,2.69797736,"H prefers unanimity","Low type","low_u_above","region_polygon"
0.510567537746515,2.70397728,"H prefers unanimity","Low type","low_u_above","region_polygon"
0.512280816634666,2.7099772,"H prefers unanimity","Low type","low_u_above","region_polygon"
0.513997986322118,2.71597712,"H prefers unanimity","Low type","low_u_above","region_polygon"
0.515719060077753,2.72197704,"H prefers unanimity","Low type","low_u_above","region_polygon"
0.517444051230854,2.72797696,"H prefers unanimity","Low type","low_u_above","region_polygon"
0.519172973171451,2.73397688,"H prefers unanimity","Low type","low_u_above","region_polygon"
0.520905839350671,2.7399768,"H prefers unanimity","Low type","low_u_above","region_polygon"
0.522642663281081,2.74597672,"H prefers unanimity","Low type","low_u_above","region_polygon"
0.524383458537044,2.75197664,"H prefers unanimity","Low type","low_u_above","region_polygon"
0.526128238755071,2.75797656,"H prefers unanimity","Low type","low_u_above","region_polygon"
0.527877017634176,2.76397648,"H prefers unanimity","Low type","low_u_above","region_polygon"
0.529629808936235,2.7699764,"H prefers unanimity","Low type","low_u_above","region_polygon"
0.531386626486349,2.77597632,"H prefers unanimity","Low type","low_u_above","region_polygon"
0.533147484173204,2.78197624,"H prefers unanimity","Low type","low_u_above","region_polygon"
0.53491239594944,2.78797616,"H prefers unanimity","Low type","low_u_above","region_polygon"
0.536681375832019,2.79397608,"H prefers unanimity","Low type","low_u_above","region_polygon"
0.538454437902594,2.799976,"H prefers unanimity","Low type","low_u_above","region_polygon"
0.540231596307886,2.80597592,"H prefers unanimity","Low type","low_u_above","region_polygon"
0.542012865260057,2.81197584,"H prefers unanimity","Low type","low_u_above","region_polygon"
0.54379825903709,2.81797576,"H prefers unanimity","Low type","low_u_above","region_polygon"
0.545587791983172,2.82397568,"H prefers unanimity","Low type","low_u_above","region_polygon"
0.547381478509076,2.8299756,"H prefers unanimity","Low type","low_u_above","region_polygon"
0.54917933309255,2.83597552,"H prefers unanimity","Low type","low_u_above","region_polygon"
0.550981370278702,2.84197544,"H prefers unanimity","Low type","low_u_above","region_polygon"
0.5527876046804,2.84797536,"H prefers unanimity","Low type","low_u_above","region_polygon"
0.554598050978659,2.85397528,"H prefers unanimity","Low type","low_u_above","region_polygon"
0.556412723923044,2.8599752,"H prefers unanimity","Low type","low_u_above","region_polygon"
0.558231638332068,2.86597512,"H prefers unanimity","Low type","low_u_above","region_polygon"
0.560054809093597,2.87197504,"H prefers unanimity","Low type","low_u_above","region_polygon"
0.561882251165254,2.87797496,"H prefers unanimity","Low type","low_u_above","region_polygon"
0.563713979574831,2.88397488,"H prefers unanimity","Low type","low_u_above","region_polygon"
0.565550009420697,2.8899748,"H prefers unanimity","Low type","low_u_above","region_polygon"
0.567390355872219,2.89597472,"H prefers unanimity","Low type","low_u_above","region_polygon"
0.569235034170171,2.90197464,"H prefers unanimity","Low type","low_u_above","region_polygon"
0.571084059627165,2.90797456,"H prefers unanimity","Low type","low_u_above","region_polygon"
0.572937447628065,2.91397448,"H prefers unanimity","Low type","low_u_above","region_polygon"
0.57479521363042,2.9199744,"H prefers unanimity","Low type","low_u_above","region_polygon"
0.576657373164891,2.92597432,"H prefers unanimity","Low type","low_u_above","region_polygon"
0.578523941835686,2.93197424,"H prefers unanimity","Low type","low_u_above","region_polygon"
0.580394935320994,2.93797416,"H prefers unanimity","Low type","low_u_above","region_polygon"
0.582270369373423,2.94397408,"H prefers unanimity","Low type","low_u_above","region_polygon"
0.584150259820445,2.949974,"H prefers unanimity","Low type","low_u_above","region_polygon"
0.586034622564838,2.95597392,"H prefers unanimity","Low type","low_u_above","region_polygon"
0.587923473585139,2.96197384,"H prefers unanimity","Low type","low_u_above","region_polygon"
0.589816828936091,2.96797376,"H prefers unanimity","Low type","low_u_above","region_polygon"
0.591714704749099,2.97397368,"H prefers unanimity","Low type","low_u_above","region_polygon"
0.59361711723269,2.9799736,"H prefers unanimity","Low type","low_u_above","region_polygon"
0.595524082672974,2.98597352,"H prefers unanimity","Low type","low_u_above","region_polygon"
0.597435617434106,2.99197344,"H prefers unanimity","Low type","low_u_above","region_polygon"
0.599351737958757,2.99797336,"H prefers unanimity","Low type","low_u_above","region_polygon"
0.601272460768585,3.00397328,"H prefers unanimity","Low type","low_u_above","region_polygon"
0.603197802464708,3.0099732,"H prefers unanimity","Low type","low_u_above","region_polygon"
0.605127779728186,3.01597312,"H prefers unanimity","Low type","low_u_above","region_polygon"
0.607062409320499,3.02197304,"H prefers unanimity","Low type","low_u_above","region_polygon"
0.609001708084033,3.02797296,"H prefers unanimity","Low type","low_u_above","region_polygon"
0.610945692942571,3.03397288,"H prefers unanimity","Low type","low_u_above","region_polygon"
0.612894380901782,3.0399728,"H prefers unanimity","Low type","low_u_above","region_polygon"
0.61484778904972,3.04597272,"H prefers unanimity","Low type","low_u_above","region_polygon"
0.616805934557322,3.05197264,"H prefers unanimity","Low type","low_u_above","region_polygon"
0.618768834678911,3.05797256,"H prefers unanimity","Low type","low_u_above","region_polygon"
0.620736506752702,3.06397248,"H prefers unanimity","Low type","low_u_above","region_polygon"
0.622708968201314,3.0699724,"H prefers unanimity","Low type","low_u_above","region_polygon"
0.624686236532285,3.07597232,"H prefers unanimity","Low type","low_u_above","region_polygon"
0.626668329338589,3.08197224,"H prefers unanimity","Low type","low_u_above","region_polygon"
0.628655264299153,3.08797216,"H prefers unanimity","Low type","low_u_above","region_polygon"
0.630647059179394,3.09397208,"H prefers unanimity","Low type","low_u_above","region_polygon"
0.632643731831736,3.099972,"H prefers unanimity","Low type","low_u_above","region_polygon"
0.634645300196153,3.10597192,"H prefers unanimity","Low type","low_u_above","region_polygon"
0.636651782300698,3.11197184,"H prefers unanimity","Low type","low_u_above","region_polygon"
0.638663196262052,3.11797176,"H prefers unanimity","Low type","low_u_above","region_polygon"
0.640679560286065,3.12397168,"H prefers unanimity","Low type","low_u_above","region_polygon"
0.642700892668306,3.1299716,"H prefers unanimity","Low type","low_u_above","region_polygon"
0.644727211794615,3.13597152,"H prefers unanimity","Low type","low_u_above","region_polygon"
0.646758536141665,3.14197144,"H prefers unanimity","Low type","low_u_above","region_polygon"
0.648794884277517,3.14797136,"H prefers unanimity","Low type","low_u_above","region_polygon"
0.650836274862193,3.15397128,"H prefers unanimity","Low type","low_u_above","region_polygon"
0.652882726648238,3.1599712,"H prefers unanimity","Low type","low_u_above","region_polygon"
0.654934258481302,3.16597112,"H prefers unanimity","Low type","low_u_above","region_polygon"
0.656990889300714,3.17197104,"H prefers unanimity","Low type","low_u_above","region_polygon"
0.659052638140064,3.17797096,"H prefers unanimity","Low type","low_u_above","region_polygon"
0.661119524127794,3.18397088,"H prefers unanimity","Low type","low_u_above","region_polygon"
0.663191566487788,3.1899708,"H prefers unanimity","Low type","low_u_above","region_polygon"
0.665268784539964,3.19597072,"H prefers unanimity","Low type","low_u_above","region_polygon"
0.667351197700883,3.20197064,"H prefers unanimity","Low type","low_u_above","region_polygon"
0.669438825484344,3.20797056,"H prefers unanimity","Low type","low_u_above","region_polygon"
0.671531687502003,3.21397048,"H prefers unanimity","Low type","low_u_above","region_polygon"
0.673629803463979,3.2199704,"H prefers unanimity","Low type","low_u_above","region_polygon"
0.675733193179478,3.22597032,"H prefers unanimity","Low type","low_u_above","region_polygon"
0.677841876557415,3.23197024,"H prefers unanimity","Low type","low_u_above","region_polygon"
0.679955873607041,3.23797016,"H prefers unanimity","Low type","low_u_above","region_polygon"
0.68207520443858,3.24397008,"H prefers unanimity","Low type","low_u_above","region_polygon"
0.684199889263857,3.24997,"H prefers unanimity","Low type","low_u_above","region_polygon"
0.686329948396954,3.25596992,"H prefers unanimity","Low type","low_u_above","region_polygon"
0.688465402254848,3.26196984,"H prefers unanimity","Low type","low_u_above","region_polygon"
0.690606271358063,3.26796976,"H prefers unanimity","Low type","low_u_above","region_polygon"
0.692752576331334,3.27396968,"H prefers unanimity","Low type","low_u_above","region_polygon"
0.694904337904264,3.2799696,"H prefers unanimity","Low type","low_u_above","region_polygon"
0.697061576911993,3.28596952,"H prefers unanimity","Low type","low_u_above","region_polygon"
0.69922431429587,3.29196944,"H prefers unanimity","Low type","low_u_above","region_polygon"
0.70139257110413,3.29796936,"H prefers unanimity","Low type","low_u_above","region_polygon"
0.703566368492581,3.30396928,"H prefers unanimity","Low type","low_u_above","region_polygon"
0.705745727725285,3.3099692,"H prefers unanimity","Low type","low_u_above","region_polygon"
0.707930670175257,3.31596912,"H prefers unanimity","Low type","low_u_above","region_polygon"
0.710121217325163,3.32196904,"H prefers unanimity","Low type","low_u_above","region_polygon"
0.71231739076802,3.32796896,"H prefers unanimity","Low type","low_u_above","region_polygon"
0.714519212207912,3.33396888,"H prefers unanimity","Low type","low_u_above","region_polygon"
0.716726703460698,3.3399688,"H prefers unanimity","Low type","low_u_above","region_polygon"
0.718939886454738,3.34596872,"H prefers unanimity","Low type","low_u_above","region_polygon"
0.721158783231618,3.35196864,"H prefers unanimity","Low type","low_u_above","region_polygon"
0.723383415946877,3.35796856,"H prefers unanimity","Low type","low_u_above","region_polygon"
0.725613806870752,3.36396848,"H prefers unanimity","Low type","low_u_above","region_polygon"
0.727849978388917,3.3699684,"H prefers unanimity","Low type","low_u_above","region_polygon"
0.730091953003229,3.37596832,"H prefers unanimity","Low type","low_u_above","region_polygon"
0.732339753332489,3.38196824,"H prefers unanimity","Low type","low_u_above","region_polygon"
0.7345934021132,3.38796816,"H prefers unanimity","Low type","low_u_above","region_polygon"
0.736852922200331,3.39396808,"H prefers unanimity","Low type","low_u_above","region_polygon"
0.739118336568094,3.399968,"H prefers unanimity","Low type","low_u_above","region_polygon"
0.741389668310719,3.40596792,"H prefers unanimity","Low type","low_u_above","region_polygon"
0.743666940643241,3.41196784,"H prefers unanimity","Low type","low_u_above","region_polygon"
0.745950176902291,3.41796776,"H prefers unanimity","Low type","low_u_above","region_polygon"
0.748239400546891,3.42396768,"H prefers unanimity","Low type","low_u_above","region_polygon"
0.750534635159261,3.4299676,"H prefers unanimity","Low type","low_u_above","region_polygon"
0.752835904445623,3.43596752,"H prefers unanimity","Low type","low_u_above","region_polygon"
0.755143232237025,3.44196744,"H prefers unanimity","Low type","low_u_above","region_polygon"
0.757456642490156,3.44796736,"H prefers unanimity","Low type","low_u_above","region_polygon"
0.75977615928818,3.45396728,"H prefers unanimity","Low type","low_u_above","region_polygon"
0.762101806841572,3.4599672,"H prefers unanimity","Low type","low_u_above","region_polygon"
0.764433609488955,3.46596712,"H prefers unanimity","Low type","low_u_above","region_polygon"
0.766771591697955,3.47196704,"H prefers unanimity","Low type","low_u_above","region_polygon"
0.769115778066053,3.47796696,"H prefers unanimity","Low type","low_u_above","region_polygon"
0.771466193321452,3.48396688,"H prefers unanimity","Low type","low_u_above","region_polygon"
0.77382286232394,3.4899668,"H prefers unanimity","Low type","low_u_above","region_polygon"
0.776185810065773,3.49596672,"H prefers unanimity","Low type","low_u_above","region_polygon"
0.778555061672553,3.50196664,"H prefers unanimity","Low type","low_u_above","region_polygon"
0.780930642404122,3.50796656,"H prefers unanimity","Low type","low_u_above","region_polygon"
0.783312577655461,3.51396648,"H prefers unanimity","Low type","low_u_above","region_polygon"
0.785700892957589,3.5199664,"H prefers unanimity","Low type","low_u_above","region_polygon"
0.78809561397848,3.52596632,"H prefers unanimity","Low type","low_u_above","region_polygon"
0.790496766523984,3.53196624,"H prefers unanimity","Low type","low_u_above","region_polygon"
0.792904376538749,3.53796616,"H prefers unanimity","Low type","low_u_above","region_polygon"
0.795318470107158,3.54396608,"H prefers unanimity","Low type","low_u_above","region_polygon"
0.79773907345427,3.549966,"H prefers unanimity","Low type","low_u_above","region_polygon"
0.800166212946774,3.55596592,"H prefers unanimity","Low type","low_u_above","region_polygon"
0.802599915093939,3.56196584,"H prefers unanimity","Low type","low_u_above","region_polygon"
0.805040206548585,3.56796576,"H prefers unanimity","Low type","low_u_above","region_polygon"
0.807487114108053,3.57396568,"H prefers unanimity","Low type","low_u_above","region_polygon"
0.809940664715189,3.5799656,"H prefers unanimity","Low type","low_u_above","region_polygon"
0.812400885459327,3.58596552,"H prefers unanimity","Low type","low_u_above","region_polygon"
0.814867803577293,3.59196544,"H prefers unanimity","Low type","low_u_above","region_polygon"
0.817341446454406,3.59796536,"H prefers unanimity","Low type","low_u_above","region_polygon"
0.819821841625491,3.60396528,"H prefers unanimity","Low type","low_u_above","region_polygon"
0.822309016775904,3.6099652,"H prefers unanimity","Low type","low_u_above","region_polygon"
0.824802999742557,3.61596512,"H prefers unanimity","Low type","low_u_above","region_polygon"
0.827303818514962,3.62196504,"H prefers unanimity","Low type","low_u_above","region_polygon"
0.829811501236276,3.62796496,"H prefers unanimity","Low type","low_u_above","region_polygon"
0.832326076204353,3.63396488,"H prefers unanimity","Low type","low_u_above","region_polygon"
0.834847571872814,3.6399648,"H prefers unanimity","Low type","low_u_above","region_polygon"
0.837376016852119,3.64596472,"H prefers unanimity","Low type","low_u_above","region_polygon"
0.839911439910645,3.65196464,"H prefers unanimity","Low type","low_u_above","region_polygon"
0.842453869975783,3.65796456,"H prefers unanimity","Low type","low_u_above","region_polygon"
0.845003336135033,3.66396448,"H prefers unanimity","Low type","low_u_above","region_polygon"
0.847559867637116,3.6699644,"H prefers unanimity","Low type","low_u_above","region_polygon"
0.850123493893094,3.67596432,"H prefers unanimity","Low type","low_u_above","region_polygon"
0.852694244477494,3.68196424,"H prefers unanimity","Low type","low_u_above","region_polygon"
0.855272149129447,3.68796416,"H prefers unanimity","Low type","low_u_above","region_polygon"
0.857857237753837,3.69396408,"H prefers unanimity","Low type","low_u_above","region_polygon"
0.860449540422452,3.699964,"H prefers unanimity","Low type","low_u_above","region_polygon"
0.863049087375158,3.70596392,"H prefers unanimity","Low type","low_u_above","region_polygon"
0.865655909021066,3.71196384,"H prefers unanimity","Low type","low_u_above","region_polygon"
0.868270035939724,3.71796376,"H prefers unanimity","Low type","low_u_above","region_polygon"
0.870891498882311,3.72396368,"H prefers unanimity","Low type","low_u_above","region_polygon"
0.873520328772842,3.7299636,"H prefers unanimity","Low type","low_u_above","region_polygon"
0.876156556709384,3.73596352,"H prefers unanimity","Low type","low_u_above","region_polygon"
0.878800213965284,3.74196344,"H prefers unanimity","Low type","low_u_above","region_polygon"
0.881451331990404,3.74796336,"H prefers unanimity","Low type","low_u_above","region_polygon"
0.884109942412368,3.75396328,"H prefers unanimity","Low type","low_u_above","region_polygon"
0.886776077037822,3.7599632,"H prefers unanimity","Low type","low_u_above","region_polygon"
0.889449767853699,3.76596312,"H prefers unanimity","Low type","low_u_above","region_polygon"
0.892131047028501,3.77196304,"H prefers unanimity","Low type","low_u_above","region_polygon"
0.894819946913588,3.77796296,"H prefers unanimity","Low type","low_u_above","region_polygon"
0.897516500044478,3.78396288,"H prefers unanimity","Low type","low_u_above","region_polygon"
0.900220739142162,3.7899628,"H prefers unanimity","Low type","low_u_above","region_polygon"
0.902932697114427,3.79596272,"H prefers unanimity","Low type","low_u_above","region_polygon"
0.905652407057187,3.80196264,"H prefers unanimity","Low type","low_u_above","region_polygon"
0.908379902255835,3.80796256,"H prefers unanimity","Low type","low_u_above","region_polygon"
0.911115216186596,3.81396248,"H prefers unanimity","Low type","low_u_above","region_polygon"
0.913858382517899,3.8199624,"H prefers unanimity","Low type","low_u_above","region_polygon"
0.91660943511176,3.82596232,"H prefers unanimity","Low type","low_u_above","region_polygon"
0.919368408025171,3.83196224,"H prefers unanimity","Low type","low_u_above","region_polygon"
0.92213533551151,3.83796216,"H prefers unanimity","Low type","low_u_above","region_polygon"
0.924910252021955,3.84396208,"H prefers unanimity","Low type","low_u_above","region_polygon"
0.927693192206915,3.849962,"H prefers unanimity","Low type","low_u_above","region_polygon"
0.930484190917474,3.85596192,"H prefers unanimity","Low type","low_u_above","region_polygon"
0.933283283206842,3.86196184,"H prefers unanimity","Low type","low_u_above","region_polygon"
0.936090504331828,3.86796176,"H prefers unanimity","Low type","low_u_above","region_polygon"
0.938905889754315,3.87396168,"H prefers unanimity","Low type","low_u_above","region_polygon"
0.941729475142756,3.8799616,"H prefers unanimity","Low type","low_u_above","region_polygon"
0.944561296373679,3.88596152,"H prefers unanimity","Low type","low_u_above","region_polygon"
0.947401389533208,3.89196144,"H prefers unanimity","Low type","low_u_above","region_polygon"
0.950249790918596,3.89796136,"H prefers unanimity","Low type","low_u_above","region_polygon"
0.953106537039767,3.90396128,"H prefers unanimity","Low type","low_u_above","region_polygon"
0.955971664620883,3.9099612,"H prefers unanimity","Low type","low_u_above","region_polygon"
0.958845210601913,3.91596112,"H prefers unanimity","Low type","low_u_above","region_polygon"
0.96172721214022,3.92196104,"H prefers unanimity","Low type","low_u_above","region_polygon"
0.964617706612165,3.92796096,"H prefers unanimity","Low type","low_u_above","region_polygon"
0.967516731614722,3.93396088,"H prefers unanimity","Low type","low_u_above","region_polygon"
0.970424324967109,3.9399608,"H prefers unanimity","Low type","low_u_above","region_polygon"
0.97334052471243,3.94596072,"H prefers unanimity","Low type","low_u_above","region_polygon"
0.976265369119336,3.95196064,"H prefers unanimity","Low type","low_u_above","region_polygon"
0.9791988966837,3.95796056,"H prefers unanimity","Low type","low_u_above","region_polygon"
0.982141146130304,3.96396048,"H prefers unanimity","Low type","low_u_above","region_polygon"
0.985092156414542,3.9699604,"H prefers unanimity","Low type","low_u_above","region_polygon"
0.988051966724145,3.97596032,"H prefers unanimity","Low type","low_u_above","region_polygon"
0.991020616480908,3.98196024,"H prefers unanimity","Low type","low_u_above","region_polygon"
0.993998145342445,3.98796016,"H prefers unanimity","Low type","low_u_above","region_polygon"
0.996984593203954,3.99396008,"H prefers unanimity","Low type","low_u_above","region_polygon"
0.999980000199998,3.99996,"H prefers unanimity","Low type","low_u_above","region_polygon"
1,3.99996,"H prefers unanimity","Low type","low_u_above","region_polygon"
1,3.99396008,"H prefers unanimity","Low type","low_u_above","region_polygon"
1,3.98796016,"H prefers unanimity","Low type","low_u_above","region_polygon"
1,3.98196024,"H prefers unanimity","Low type","low_u_above","region_polygon"
1,3.97596032,"H prefers unanimity","Low type","low_u_above","region_polygon"
1,3.9699604,"H prefers unanimity","Low type","low_u_above","region_polygon"
1,3.96396048,"H prefers unanimity","Low type","low_u_above","region_polygon"
1,3.95796056,"H prefers unanimity","Low type","low_u_above","region_polygon"
1,3.95196064,"H prefers unanimity","Low type","low_u_above","region_polygon"
1,3.94596072,"H prefers unanimity","Low type","low_u_above","region_polygon"
1,3.9399608,"H prefers unanimity","Low type","low_u_above","region_polygon"
1,3.93396088,"H prefers unanimity","Low type","low_u_above","region_polygon"
1,3.92796096,"H prefers unanimity","Low type","low_u_above","region_polygon"
1,3.92196104,"H prefers unanimity","Low type","low_u_above","region_polygon"
1,3.91596112,"H prefers unanimity","Low type","low_u_above","region_polygon"
1,3.9099612,"H prefers unanimity","Low type","low_u_above","region_polygon"
1,3.90396128,"H prefers unanimity","Low type","low_u_above","region_polygon"
1,3.89796136,"H prefers unanimity","Low type","low_u_above","region_polygon"
1,3.89196144,"H prefers unanimity","Low type","low_u_above","region_polygon"
1,3.88596152,"H prefers unanimity","Low type","low_u_above","region_polygon"
1,3.8799616,"H prefers unanimity","Low type","low_u_above","region_polygon"
1,3.87396168,"H prefers unanimity","Low type","low_u_above","region_polygon"
1,3.86796176,"H prefers unanimity","Low type","low_u_above","region_polygon"
1,3.86196184,"H prefers unanimity","Low type","low_u_above","region_polygon"
1,3.85596192,"H prefers unanimity","Low type","low_u_above","region_polygon"
1,3.849962,"H prefers unanimity","Low type","low_u_above","region_polygon"
1,3.84396208,"H prefers unanimity","Low type","low_u_above","region_polygon"
1,3.83796216,"H prefers unanimity","Low type","low_u_above","region_polygon"
1,3.83196224,"H prefers unanimity","Low type","low_u_above","region_polygon"
1,3.82596232,"H prefers unanimity","Low type","low_u_above","region_polygon"
1,3.8199624,"H prefers unanimity","Low type","low_u_above","region_polygon"
1,3.81396248,"H prefers unanimity","Low type","low_u_above","region_polygon"
1,3.80796256,"H prefers unanimity","Low type","low_u_above","region_polygon"
1,3.80196264,"H prefers unanimity","Low type","low_u_above","region_polygon"
1,3.79596272,"H prefers unanimity","Low type","low_u_above","region_polygon"
1,3.7899628,"H prefers unanimity","Low type","low_u_above","region_polygon"
1,3.78396288,"H prefers unanimity","Low type","low_u_above","region_polygon"
1,3.77796296,"H prefers unanimity","Low type","low_u_above","region_polygon"
1,3.77196304,"H prefers unanimity","Low type","low_u_above","region_polygon"
1,3.76596312,"H prefers unanimity","Low type","low_u_above","region_polygon"
1,3.7599632,"H prefers unanimity","Low type","low_u_above","region_polygon"
1,3.75396328,"H prefers unanimity","Low type","low_u_above","region_polygon"
1,3.74796336,"H prefers unanimity","Low type","low_u_above","region_polygon"
1,3.74196344,"H prefers unanimity","Low type","low_u_above","region_polygon"
1,3.73596352,"H prefers unanimity","Low type","low_u_above","region_polygon"
1,3.7299636,"H prefers unanimity","Low type","low_u_above","region_polygon"
1,3.72396368,"H prefers unanimity","Low type","low_u_above","region_polygon"
1,3.71796376,"H prefers unanimity","Low type","low_u_above","region_polygon"
1,3.71196384,"H prefers unanimity","Low type","low_u_above","region_polygon"
1,3.70596392,"H prefers unanimity","Low type","low_u_above","region_polygon"
1,3.699964,"H prefers unanimity","Low type","low_u_above","region_polygon"
1,3.69396408,"H prefers unanimity","Low type","low_u_above","region_polygon"
1,3.68796416,"H prefers unanimity","Low type","low_u_above","region_polygon"
1,3.68196424,"H prefers unanimity","Low type","low_u_above","region_polygon"
1,3.67596432,"H prefers unanimity","Low type","low_u_above","region_polygon"
1,3.6699644,"H prefers unanimity","Low type","low_u_above","region_polygon"
1,3.66396448,"H prefers unanimity","Low type","low_u_above","region_polygon"
1,3.65796456,"H prefers unanimity","Low type","low_u_above","region_polygon"
1,3.65196464,"H prefers unanimity","Low type","low_u_above","region_polygon"
1,3.64596472,"H prefers unanimity","Low type","low_u_above","region_polygon"
1,3.6399648,"H prefers unanimity","Low type","low_u_above","region_polygon"
1,3.63396488,"H prefers unanimity","Low type","low_u_above","region_polygon"
1,3.62796496,"H prefers unanimity","Low type","low_u_above","region_polygon"
1,3.62196504,"H prefers unanimity","Low type","low_u_above","region_polygon"
1,3.61596512,"H prefers unanimity","Low type","low_u_above","region_polygon"
1,3.6099652,"H prefers unanimity","Low type","low_u_above","region_polygon"
1,3.60396528,"H prefers unanimity","Low type","low_u_above","region_polygon"
1,3.59796536,"H prefers unanimity","Low type","low_u_above","region_polygon"
1,3.59196544,"H prefers unanimity","Low type","low_u_above","region_polygon"
1,3.58596552,"H prefers unanimity","Low type","low_u_above","region_polygon"
1,3.5799656,"H prefers unanimity","Low type","low_u_above","region_polygon"
1,3.57396568,"H prefers unanimity","Low type","low_u_above","region_polygon"
1,3.56796576,"H prefers unanimity","Low type","low_u_above","region_polygon"
1,3.56196584,"H prefers unanimity","Low type","low_u_above","region_polygon"
1,3.55596592,"H prefers unanimity","Low type","low_u_above","region_polygon"
1,3.549966,"H prefers unanimity","Low type","low_u_above","region_polygon"
1,3.54396608,"H prefers unanimity","Low type","low_u_above","region_polygon"
1,3.53796616,"H prefers unanimity","Low type","low_u_above","region_polygon"
1,3.53196624,"H prefers unanimity","Low type","low_u_above","region_polygon"
1,3.52596632,"H prefers unanimity","Low type","low_u_above","region_polygon"
1,3.5199664,"H prefers unanimity","Low type","low_u_above","region_polygon"
1,3.51396648,"H prefers unanimity","Low type","low_u_above","region_polygon"
1,3.50796656,"H prefers unanimity","Low type","low_u_above","region_polygon"
1,3.50196664,"H prefers unanimity","Low type","low_u_above","region_polygon"
1,3.49596672,"H prefers unanimity","Low type","low_u_above","region_polygon"
1,3.4899668,"H prefers unanimity","Low type","low_u_above","region_polygon"
1,3.48396688,"H prefers unanimity","Low type","low_u_above","region_polygon"
1,3.47796696,"H prefers unanimity","Low type","low_u_above","region_polygon"
1,3.47196704,"H prefers unanimity","Low type","low_u_above","region_polygon"
1,3.46596712,"H prefers unanimity","Low type","low_u_above","region_polygon"
1,3.4599672,"H prefers unanimity","Low type","low_u_above","region_polygon"
1,3.45396728,"H prefers unanimity","Low type","low_u_above","region_polygon"
1,3.44796736,"H prefers unanimity","Low type","low_u_above","region_polygon"
1,3.44196744,"H prefers unanimity","Low type","low_u_above","region_polygon"
1,3.43596752,"H prefers unanimity","Low type","low_u_above","region_polygon"
1,3.4299676,"H prefers unanimity","Low type","low_u_above","region_polygon"
1,3.42396768,"H prefers unanimity","Low type","low_u_above","region_polygon"
1,3.41796776,"H prefers unanimity","Low type","low_u_above","region_polygon"
1,3.41196784,"H prefers unanimity","Low type","low_u_above","region_polygon"
1,3.40596792,"H prefers unanimity","Low type","low_u_above","region_polygon"
1,3.399968,"H prefers unanimity","Low type","low_u_above","region_polygon"
1,3.39396808,"H prefers unanimity","Low type","low_u_above","region_polygon"
1,3.38796816,"H prefers unanimity","Low type","low_u_above","region_polygon"
1,3.38196824,"H prefers unanimity","Low type","low_u_above","region_polygon"
1,3.37596832,"H prefers unanimity","Low type","low_u_above","region_polygon"
1,3.3699684,"H prefers unanimity","Low type","low_u_above","region_polygon"
1,3.36396848,"H prefers unanimity","Low type","low_u_above","region_polygon"
1,3.35796856,"H prefers unanimity","Low type","low_u_above","region_polygon"
1,3.35196864,"H prefers unanimity","Low type","low_u_above","region_polygon"
1,3.34596872,"H prefers unanimity","Low type","low_u_above","region_polygon"
1,3.3399688,"H prefers unanimity","Low type","low_u_above","region_polygon"
1,3.33396888,"H prefers unanimity","Low type","low_u_above","region_polygon"
1,3.32796896,"H prefers unanimity","Low type","low_u_above","region_polygon"
1,3.32196904,"H prefers unanimity","Low type","low_u_above","region_polygon"
1,3.31596912,"H prefers unanimity","Low type","low_u_above","region_polygon"
1,3.3099692,"H prefers unanimity","Low type","low_u_above","region_polygon"
1,3.30396928,"H prefers unanimity","Low type","low_u_above","region_polygon"
1,3.29796936,"H prefers unanimity","Low type","low_u_above","region_polygon"
1,3.29196944,"H prefers unanimity","Low type","low_u_above","region_polygon"
1,3.28596952,"H prefers unanimity","Low type","low_u_above","region_polygon"
1,3.2799696,"H prefers unanimity","Low type","low_u_above","region_polygon"
1,3.27396968,"H prefers unanimity","Low type","low_u_above","region_polygon"
1,3.26796976,"H prefers unanimity","Low type","low_u_above","region_polygon"
1,3.26196984,"H prefers unanimity","Low type","low_u_above","region_polygon"
1,3.25596992,"H prefers unanimity","Low type","low_u_above","region_polygon"
1,3.24997,"H prefers unanimity","Low type","low_u_above","region_polygon"
1,3.24397008,"H prefers unanimity","Low type","low_u_above","region_polygon"
1,3.23797016,"H prefers unanimity","Low type","low_u_above","region_polygon"
1,3.23197024,"H prefers unanimity","Low type","low_u_above","region_polygon"
1,3.22597032,"H prefers unanimity","Low type","low_u_above","region_polygon"
1,3.2199704,"H prefers unanimity","Low type","low_u_above","region_polygon"
1,3.21397048,"H prefers unanimity","Low type","low_u_above","region_polygon"
1,3.20797056,"H prefers unanimity","Low type","low_u_above","region_polygon"
1,3.20197064,"H prefers unanimity","Low type","low_u_above","region_polygon"
1,3.19597072,"H prefers unanimity","Low type","low_u_above","region_polygon"
1,3.1899708,"H prefers unanimity","Low type","low_u_above","region_polygon"
1,3.18397088,"H prefers unanimity","Low type","low_u_above","region_polygon"
1,3.17797096,"H prefers unanimity","Low type","low_u_above","region_polygon"
1,3.17197104,"H prefers unanimity","Low type","low_u_above","region_polygon"
1,3.16597112,"H prefers unanimity","Low type","low_u_above","region_polygon"
1,3.1599712,"H prefers unanimity","Low type","low_u_above","region_polygon"
1,3.15397128,"H prefers unanimity","Low type","low_u_above","region_polygon"
1,3.14797136,"H prefers unanimity","Low type","low_u_above","region_polygon"
1,3.14197144,"H prefers unanimity","Low type","low_u_above","region_polygon"
1,3.13597152,"H prefers unanimity","Low type","low_u_above","region_polygon"
1,3.1299716,"H prefers unanimity","Low type","low_u_above","region_polygon"
1,3.12397168,"H prefers unanimity","Low type","low_u_above","region_polygon"
1,3.11797176,"H prefers unanimity","Low type","low_u_above","region_polygon"
1,3.11197184,"H prefers unanimity","Low type","low_u_above","region_polygon"
1,3.10597192,"H prefers unanimity","Low type","low_u_above","region_polygon"
1,3.099972,"H prefers unanimity","Low type","low_u_above","region_polygon"
1,3.09397208,"H prefers unanimity","Low type","low_u_above","region_polygon"
1,3.08797216,"H prefers unanimity","Low type","low_u_above","region_polygon"
1,3.08197224,"H prefers unanimity","Low type","low_u_above","region_polygon"
1,3.07597232,"H prefers unanimity","Low type","low_u_above","region_polygon"
1,3.0699724,"H prefers unanimity","Low type","low_u_above","region_polygon"
1,3.06397248,"H prefers unanimity","Low type","low_u_above","region_polygon"
1,3.05797256,"H prefers unanimity","Low type","low_u_above","region_polygon"
1,3.05197264,"H prefers unanimity","Low type","low_u_above","region_polygon"
1,3.04597272,"H prefers unanimity","Low type","low_u_above","region_polygon"
1,3.0399728,"H prefers unanimity","Low type","low_u_above","region_polygon"
1,3.03397288,"H prefers unanimity","Low type","low_u_above","region_polygon"
1,3.02797296,"H prefers unanimity","Low type","low_u_above","region_polygon"
1,3.02197304,"H prefers unanimity","Low type","low_u_above","region_polygon"
1,3.01597312,"H prefers unanimity","Low type","low_u_above","region_polygon"
1,3.0099732,"H prefers unanimity","Low type","low_u_above","region_polygon"
1,3.00397328,"H prefers unanimity","Low type","low_u_above","region_polygon"
1,2.99797336,"H prefers unanimity","Low type","low_u_above","region_polygon"
1,2.99197344,"H prefers unanimity","Low type","low_u_above","region_polygon"
1,2.98597352,"H prefers unanimity","Low type","low_u_above","region_polygon"
1,2.9799736,"H prefers unanimity","Low type","low_u_above","region_polygon"
1,2.97397368,"H prefers unanimity","Low type","low_u_above","region_polygon"
1,2.96797376,"H prefers unanimity","Low type","low_u_above","region_polygon"
1,2.96197384,"H prefers unanimity","Low type","low_u_above","region_polygon"
1,2.95597392,"H prefers unanimity","Low type","low_u_above","region_polygon"
1,2.949974,"H prefers unanimity","Low type","low_u_above","region_polygon"
1,2.94397408,"H prefers unanimity","Low type","low_u_above","region_polygon"
1,2.93797416,"H prefers unanimity","Low type","low_u_above","region_polygon"
1,2.93197424,"H prefers unanimity","Low type","low_u_above","region_polygon"
1,2.92597432,"H prefers unanimity","Low type","low_u_above","region_polygon"
1,2.9199744,"H prefers unanimity","Low type","low_u_above","region_polygon"
1,2.91397448,"H prefers unanimity","Low type","low_u_above","region_polygon"
1,2.90797456,"H prefers unanimity","Low type","low_u_above","region_polygon"
1,2.90197464,"H prefers unanimity","Low type","low_u_above","region_polygon"
1,2.89597472,"H prefers unanimity","Low type","low_u_above","region_polygon"
1,2.8899748,"H prefers unanimity","Low type","low_u_above","region_polygon"
1,2.88397488,"H prefers unanimity","Low type","low_u_above","region_polygon"
1,2.87797496,"H prefers unanimity","Low type","low_u_above","region_polygon"
1,2.87197504,"H prefers unanimity","Low type","low_u_above","region_polygon"
1,2.86597512,"H prefers unanimity","Low type","low_u_above","region_polygon"
1,2.8599752,"H prefers unanimity","Low type","low_u_above","region_polygon"
1,2.85397528,"H prefers unanimity","Low type","low_u_above","region_polygon"
1,2.84797536,"H prefers unanimity","Low type","low_u_above","region_polygon"
1,2.84197544,"H prefers unanimity","Low type","low_u_above","region_polygon"
1,2.83597552,"H prefers unanimity","Low type","low_u_above","region_polygon"
1,2.8299756,"H prefers unanimity","Low type","low_u_above","region_polygon"
1,2.82397568,"H prefers unanimity","Low type","low_u_above","region_polygon"
1,2.81797576,"H prefers unanimity","Low type","low_u_above","region_polygon"
1,2.81197584,"H prefers unanimity","Low type","low_u_above","region_polygon"
1,2.80597592,"H prefers unanimity","Low type","low_u_above","region_polygon"
1,2.799976,"H prefers unanimity","Low type","low_u_above","region_polygon"
1,2.79397608,"H prefers unanimity","Low type","low_u_above","region_polygon"
1,2.78797616,"H prefers unanimity","Low type","low_u_above","region_polygon"
1,2.78197624,"H prefers unanimity","Low type","low_u_above","region_polygon"
1,2.77597632,"H prefers unanimity","Low type","low_u_above","region_polygon"
1,2.7699764,"H prefers unanimity","Low type","low_u_above","region_polygon"
1,2.76397648,"H prefers unanimity","Low type","low_u_above","region_polygon"
1,2.75797656,"H prefers unanimity","Low type","low_u_above","region_polygon"
1,2.75197664,"H prefers unanimity","Low type","low_u_above","region_polygon"
1,2.74597672,"H prefers unanimity","Low type","low_u_above","region_polygon"
1,2.7399768,"H prefers unanimity","Low type","low_u_above","region_polygon"
1,2.73397688,"H prefers unanimity","Low type","low_u_above","region_polygon"
1,2.72797696,"H prefers unanimity","Low type","low_u_above","region_polygon"
1,2.72197704,"H prefers unanimity","Low type","low_u_above","region_polygon"
1,2.71597712,"H prefers unanimity","Low type","low_u_above","region_polygon"
1,2.7099772,"H prefers unanimity","Low type","low_u_above","region_polygon"
1,2.70397728,"H prefers unanimity","Low type","low_u_above","region_polygon"
1,2.69797736,"H prefers unanimity","Low type","low_u_above","region_polygon"
1,2.69197744,"H prefers unanimity","Low type","low_u_above","region_polygon"
1,2.68597752,"H prefers unanimity","Low type","low_u_above","region_polygon"
1,2.6799776,"H prefers unanimity","Low type","low_u_above","region_polygon"
1,2.67397768,"H prefers unanimity","Low type","low_u_above","region_polygon"
1,2.66797776,"H prefers unanimity","Low type","low_u_above","region_polygon"
1,2.66197784,"H prefers unanimity","Low type","low_u_above","region_polygon"
1,2.65597792,"H prefers unanimity","Low type","low_u_above","region_polygon"
1,2.649978,"H prefers unanimity","Low type","low_u_above","region_polygon"
1,2.64397808,"H prefers unanimity","Low type","low_u_above","region_polygon"
1,2.63797816,"H prefers unanimity","Low type","low_u_above","region_polygon"
1,2.63197824,"H prefers unanimity","Low type","low_u_above","region_polygon"
1,2.62597832,"H prefers unanimity","Low type","low_u_above","region_polygon"
1,2.6199784,"H prefers unanimity","Low type","low_u_above","region_polygon"
1,2.61397848,"H prefers unanimity","Low type","low_u_above","region_polygon"
1,2.60797856,"H prefers unanimity","Low type","low_u_above","region_polygon"
1,2.60197864,"H prefers unanimity","Low type","low_u_above","region_polygon"
1,2.59597872,"H prefers unanimity","Low type","low_u_above","region_polygon"
1,2.5899788,"H prefers unanimity","Low type","low_u_above","region_polygon"
1,2.58397888,"H prefers unanimity","Low type","low_u_above","region_polygon"
1,2.57797896,"H prefers unanimity","Low type","low_u_above","region_polygon"
1,2.57197904,"H prefers unanimity","Low type","low_u_above","region_polygon"
1,2.56597912,"H prefers unanimity","Low type","low_u_above","region_polygon"
1,2.5599792,"H prefers unanimity","Low type","low_u_above","region_polygon"
1,2.55397928,"H prefers unanimity","Low type","low_u_above","region_polygon"
1,2.54797936,"H prefers unanimity","Low type","low_u_above","region_polygon"
1,2.54197944,"H prefers unanimity","Low type","low_u_above","region_polygon"
1,2.53597952,"H prefers unanimity","Low type","low_u_above","region_polygon"
1,2.5299796,"H prefers unanimity","Low type","low_u_above","region_polygon"
1,2.52397968,"H prefers unanimity","Low type","low_u_above","region_polygon"
1,2.51797976,"H prefers unanimity","Low type","low_u_above","region_polygon"
1,2.51197984,"H prefers unanimity","Low type","low_u_above","region_polygon"
1,2.50597992,"H prefers unanimity","Low type","low_u_above","region_polygon"
1,2.49998,"H prefers unanimity","Low type","low_u_above","region_polygon"
1,2.49398008,"H prefers unanimity","Low type","low_u_above","region_polygon"
1,2.48798016,"H prefers unanimity","Low type","low_u_above","region_polygon"
1,2.48198024,"H prefers unanimity","Low type","low_u_above","region_polygon"
1,2.47598032,"H prefers unanimity","Low type","low_u_above","region_polygon"
1,2.4699804,"H prefers unanimity","Low type","low_u_above","region_polygon"
1,2.46398048,"H prefers unanimity","Low type","low_u_above","region_polygon"
1,2.45798056,"H prefers unanimity","Low type","low_u_above","region_polygon"
1,2.45198064,"H prefers unanimity","Low type","low_u_above","region_polygon"
1,2.44598072,"H prefers unanimity","Low type","low_u_above","region_polygon"
1,2.4399808,"H prefers unanimity","Low type","low_u_above","region_polygon"
1,2.43398088,"H prefers unanimity","Low type","low_u_above","region_polygon"
1,2.42798096,"H prefers unanimity","Low type","low_u_above","region_polygon"
1,2.42198104,"H prefers unanimity","Low type","low_u_above","region_polygon"
1,2.41598112,"H prefers unanimity","Low type","low_u_above","region_polygon"
1,2.4099812,"H prefers unanimity","Low type","low_u_above","region_polygon"
1,2.40398128,"H prefers unanimity","Low type","low_u_above","region_polygon"
1,2.39798136,"H prefers unanimity","Low type","low_u_above","region_polygon"
1,2.39198144,"H prefers unanimity","Low type","low_u_above","region_polygon"
1,2.38598152,"H prefers unanimity","Low type","low_u_above","region_polygon"
1,2.3799816,"H prefers unanimity","Low type","low_u_above","region_polygon"
1,2.37398168,"H prefers unanimity","Low type","low_u_above","region_polygon"
1,2.36798176,"H prefers unanimity","Low type","low_u_above","region_polygon"
1,2.36198184,"H prefers unanimity","Low type","low_u_above","region_polygon"
1,2.35598192,"H prefers unanimity","Low type","low_u_above","region_polygon"
1,2.349982,"H prefers unanimity","Low type","low_u_above","region_polygon"
1,2.34398208,"H prefers unanimity","Low type","low_u_above","region_polygon"
1,2.33798216,"H prefers unanimity","Low type","low_u_above","region_polygon"
1,2.33198224,"H prefers unanimity","Low type","low_u_above","region_polygon"
1,2.32598232,"H prefers unanimity","Low type","low_u_above","region_polygon"
1,2.3199824,"H prefers unanimity","Low type","low_u_above","region_polygon"
1,2.31398248,"H prefers unanimity","Low type","low_u_above","region_polygon"
1,2.30798256,"H prefers unanimity","Low type","low_u_above","region_polygon"
1,2.30198264,"H prefers unanimity","Low type","low_u_above","region_polygon"
1,2.29598272,"H prefers unanimity","Low type","low_u_above","region_polygon"
1,2.2899828,"H prefers unanimity","Low type","low_u_above","region_polygon"
1,2.28398288,"H prefers unanimity","Low type","low_u_above","region_polygon"
1,2.27798296,"H prefers unanimity","Low type","low_u_above","region_polygon"
1,2.27198304,"H prefers unanimity","Low type","low_u_above","region_polygon"
1,2.26598312,"H prefers unanimity","Low type","low_u_above","region_polygon"
1,2.2599832,"H prefers unanimity","Low type","low_u_above","region_polygon"
1,2.25398328,"H prefers unanimity","Low type","low_u_above","region_polygon"
1,2.24798336,"H prefers unanimity","Low type","low_u_above","region_polygon"
1,2.24198344,"H prefers unanimity","Low type","low_u_above","region_polygon"
1,2.23598352,"H prefers unanimity","Low type","low_u_above","region_polygon"
1,2.2299836,"H prefers unanimity","Low type","low_u_above","region_polygon"
1,2.22398368,"H prefers unanimity","Low type","low_u_above","region_polygon"
1,2.21798376,"H prefers unanimity","Low type","low_u_above","region_polygon"
1,2.21198384,"H prefers unanimity","Low type","low_u_above","region_polygon"
1,2.20598392,"H prefers unanimity","Low type","low_u_above","region_polygon"
1,2.199984,"H prefers unanimity","Low type","low_u_above","region_polygon"
1,2.19398408,"H prefers unanimity","Low type","low_u_above","region_polygon"
1,2.18798416,"H prefers unanimity","Low type","low_u_above","region_polygon"
1,2.18198424,"H prefers unanimity","Low type","low_u_above","region_polygon"
1,2.17598432,"H prefers unanimity","Low type","low_u_above","region_polygon"
1,2.1699844,"H prefers unanimity","Low type","low_u_above","region_polygon"
1,2.16398448,"H prefers unanimity","Low type","low_u_above","region_polygon"
1,2.15798456,"H prefers unanimity","Low type","low_u_above","region_polygon"
1,2.15198464,"H prefers unanimity","Low type","low_u_above","region_polygon"
1,2.14598472,"H prefers unanimity","Low type","low_u_above","region_polygon"
1,2.1399848,"H prefers unanimity","Low type","low_u_above","region_polygon"
1,2.13398488,"H prefers unanimity","Low type","low_u_above","region_polygon"
1,2.12798496,"H prefers unanimity","Low type","low_u_above","region_polygon"
1,2.12198504,"H prefers unanimity","Low type","low_u_above","region_polygon"
1,2.11598512,"H prefers unanimity","Low type","low_u_above","region_polygon"
1,2.1099852,"H prefers unanimity","Low type","low_u_above","region_polygon"
1,2.10398528,"H prefers unanimity","Low type","low_u_above","region_polygon"
1,2.09798536,"H prefers unanimity","Low type","low_u_above","region_polygon"
1,2.09198544,"H prefers unanimity","Low type","low_u_above","region_polygon"
1,2.08598552,"H prefers unanimity","Low type","low_u_above","region_polygon"
1,2.0799856,"H prefers unanimity","Low type","low_u_above","region_polygon"
1,2.07398568,"H prefers unanimity","Low type","low_u_above","region_polygon"
1,2.06798576,"H prefers unanimity","Low type","low_u_above","region_polygon"
1,2.06198584,"H prefers unanimity","Low type","low_u_above","region_polygon"
1,2.05598592,"H prefers unanimity","Low type","low_u_above","region_polygon"
1,2.049986,"H prefers unanimity","Low type","low_u_above","region_polygon"
1,2.04398608,"H prefers unanimity","Low type","low_u_above","region_polygon"
1,2.03798616,"H prefers unanimity","Low type","low_u_above","region_polygon"
1,2.03198624,"H prefers unanimity","Low type","low_u_above","region_polygon"
1,2.02598632,"H prefers unanimity","Low type","low_u_above","region_polygon"
1,2.0199864,"H prefers unanimity","Low type","low_u_above","region_polygon"
1,2.01398648,"H prefers unanimity","Low type","low_u_above","region_polygon"
1,2.00798656,"H prefers unanimity","Low type","low_u_above","region_polygon"
1,2.00198664,"H prefers unanimity","Low type","low_u_above","region_polygon"
1,1.99598672,"H prefers unanimity","Low type","low_u_above","region_polygon"
1,1.9899868,"H prefers unanimity","Low type","low_u_above","region_polygon"
1,1.98398688,"H prefers unanimity","Low type","low_u_above","region_polygon"
1,1.97798696,"H prefers unanimity","Low type","low_u_above","region_polygon"
1,1.97198704,"H prefers unanimity","Low type","low_u_above","region_polygon"
1,1.96598712,"H prefers unanimity","Low type","low_u_above","region_polygon"
1,1.9599872,"H prefers unanimity","Low type","low_u_above","region_polygon"
1,1.95398728,"H prefers unanimity","Low type","low_u_above","region_polygon"
1,1.94798736,"H prefers unanimity","Low type","low_u_above","region_polygon"
1,1.94198744,"H prefers unanimity","Low type","low_u_above","region_polygon"
1,1.93598752,"H prefers unanimity","Low type","low_u_above","region_polygon"
1,1.9299876,"H prefers unanimity","Low type","low_u_above","region_polygon"
1,1.92398768,"H prefers unanimity","Low type","low_u_above","region_polygon"
1,1.91798776,"H prefers unanimity","Low type","low_u_above","region_polygon"
1,1.91198784,"H prefers unanimity","Low type","low_u_above","region_polygon"
1,1.90598792,"H prefers unanimity","Low type","low_u_above","region_polygon"
1,1.899988,"H prefers unanimity","Low type","low_u_above","region_polygon"
1,1.89398808,"H prefers unanimity","Low type","low_u_above","region_polygon"
1,1.88798816,"H prefers unanimity","Low type","low_u_above","region_polygon"
1,1.88198824,"H prefers unanimity","Low type","low_u_above","region_polygon"
1,1.87598832,"H prefers unanimity","Low type","low_u_above","region_polygon"
1,1.8699884,"H prefers unanimity","Low type","low_u_above","region_polygon"
1,1.86398848,"H prefers unanimity","Low type","low_u_above","region_polygon"
1,1.85798856,"H prefers unanimity","Low type","low_u_above","region_polygon"
1,1.85198864,"H prefers unanimity","Low type","low_u_above","region_polygon"
1,1.84598872,"H prefers unanimity","Low type","low_u_above","region_polygon"
1,1.8399888,"H prefers unanimity","Low type","low_u_above","region_polygon"
1,1.83398888,"H prefers unanimity","Low type","low_u_above","region_polygon"
1,1.82798896,"H prefers unanimity","Low type","low_u_above","region_polygon"
1,1.82198904,"H prefers unanimity","Low type","low_u_above","region_polygon"
1,1.81598912,"H prefers unanimity","Low type","low_u_above","region_polygon"
1,1.8099892,"H prefers unanimity","Low type","low_u_above","region_polygon"
1,1.80398928,"H prefers unanimity","Low type","low_u_above","region_polygon"
1,1.79798936,"H prefers unanimity","Low type","low_u_above","region_polygon"
1,1.79198944,"H prefers unanimity","Low type","low_u_above","region_polygon"
1,1.78598952,"H prefers unanimity","Low type","low_u_above","region_polygon"
1,1.7799896,"H prefers unanimity","Low type","low_u_above","region_polygon"
1,1.77398968,"H prefers unanimity","Low type","low_u_above","region_polygon"
1,1.76798976,"H prefers unanimity","Low type","low_u_above","region_polygon"
1,1.76198984,"H prefers unanimity","Low type","low_u_above","region_polygon"
1,1.75598992,"H prefers unanimity","Low type","low_u_above","region_polygon"
1,1.74999,"H prefers unanimity","Low type","low_u_above","region_polygon"
1,1.74399008,"H prefers unanimity","Low type","low_u_above","region_polygon"
1,1.73799016,"H prefers unanimity","Low type","low_u_above","region_polygon"
1,1.73199024,"H prefers unanimity","Low type","low_u_above","region_polygon"
1,1.72599032,"H prefers unanimity","Low type","low_u_above","region_polygon"
1,1.7199904,"H prefers unanimity","Low type","low_u_above","region_polygon"
1,1.71399048,"H prefers unanimity","Low type","low_u_above","region_polygon"
1,1.70799056,"H prefers unanimity","Low type","low_u_above","region_polygon"
1,1.70199064,"H prefers unanimity","Low type","low_u_above","region_polygon"
1,1.69599072,"H prefers unanimity","Low type","low_u_above","region_polygon"
1,1.6899908,"H prefers unanimity","Low type","low_u_above","region_polygon"
1,1.68399088,"H prefers unanimity","Low type","low_u_above","region_polygon"
1,1.67799096,"H prefers unanimity","Low type","low_u_above","region_polygon"
1,1.67199104,"H prefers unanimity","Low type","low_u_above","region_polygon"
1,1.66599112,"H prefers unanimity","Low type","low_u_above","region_polygon"
1,1.6599912,"H prefers unanimity","Low type","low_u_above","region_polygon"
1,1.65399128,"H prefers unanimity","Low type","low_u_above","region_polygon"
1,1.64799136,"H prefers unanimity","Low type","low_u_above","region_polygon"
1,1.64199144,"H prefers unanimity","Low type","low_u_above","region_polygon"
1,1.63599152,"H prefers unanimity","Low type","low_u_above","region_polygon"
1,1.6299916,"H prefers unanimity","Low type","low_u_above","region_polygon"
1,1.62399168,"H prefers unanimity","Low type","low_u_above","region_polygon"
1,1.61799176,"H prefers unanimity","Low type","low_u_above","region_polygon"
1,1.61199184,"H prefers unanimity","Low type","low_u_above","region_polygon"
1,1.60599192,"H prefers unanimity","Low type","low_u_above","region_polygon"
1,1.599992,"H prefers unanimity","Low type","low_u_above","region_polygon"
1,1.59399208,"H prefers unanimity","Low type","low_u_above","region_polygon"
1,1.58799216,"H prefers unanimity","Low type","low_u_above","region_polygon"
1,1.58199224,"H prefers unanimity","Low type","low_u_above","region_polygon"
1,1.57599232,"H prefers unanimity","Low type","low_u_above","region_polygon"
1,1.5699924,"H prefers unanimity","Low type","low_u_above","region_polygon"
1,1.56399248,"H prefers unanimity","Low type","low_u_above","region_polygon"
1,1.55799256,"H prefers unanimity","Low type","low_u_above","region_polygon"
1,1.55199264,"H prefers unanimity","Low type","low_u_above","region_polygon"
1,1.54599272,"H prefers unanimity","Low type","low_u_above","region_polygon"
1,1.5399928,"H prefers unanimity","Low type","low_u_above","region_polygon"
1,1.53399288,"H prefers unanimity","Low type","low_u_above","region_polygon"
1,1.52799296,"H prefers unanimity","Low type","low_u_above","region_polygon"
1,1.52199304,"H prefers unanimity","Low type","low_u_above","region_polygon"
1,1.51599312,"H prefers unanimity","Low type","low_u_above","region_polygon"
1,1.5099932,"H prefers unanimity","Low type","low_u_above","region_polygon"
1,1.50399328,"H prefers unanimity","Low type","low_u_above","region_polygon"
1,1.49799336,"H prefers unanimity","Low type","low_u_above","region_polygon"
1,1.49199344,"H prefers unanimity","Low type","low_u_above","region_polygon"
1,1.48599352,"H prefers unanimity","Low type","low_u_above","region_polygon"
1,1.4799936,"H prefers unanimity","Low type","low_u_above","region_polygon"
1,1.47399368,"H prefers unanimity","Low type","low_u_above","region_polygon"
1,1.46799376,"H prefers unanimity","Low type","low_u_above","region_polygon"
1,1.46199384,"H prefers unanimity","Low type","low_u_above","region_polygon"
1,1.45599392,"H prefers unanimity","Low type","low_u_above","region_polygon"
1,1.449994,"H prefers unanimity","Low type","low_u_above","region_polygon"
1,1.44399408,"H prefers unanimity","Low type","low_u_above","region_polygon"
1,1.43799416,"H prefers unanimity","Low type","low_u_above","region_polygon"
1,1.43199424,"H prefers unanimity","Low type","low_u_above","region_polygon"
1,1.42599432,"H prefers unanimity","Low type","low_u_above","region_polygon"
1,1.4199944,"H prefers unanimity","Low type","low_u_above","region_polygon"
1,1.41399448,"H prefers unanimity","Low type","low_u_above","region_polygon"
1,1.40799456,"H prefers unanimity","Low type","low_u_above","region_polygon"
1,1.40199464,"H prefers unanimity","Low type","low_u_above","region_polygon"
1,1.39599472,"H prefers unanimity","Low type","low_u_above","region_polygon"
1,1.3899948,"H prefers unanimity","Low type","low_u_above","region_polygon"
1,1.38399488,"H prefers unanimity","Low type","low_u_above","region_polygon"
1,1.37799496,"H prefers unanimity","Low type","low_u_above","region_polygon"
1,1.37199504,"H prefers unanimity","Low type","low_u_above","region_polygon"
1,1.36599512,"H prefers unanimity","Low type","low_u_above","region_polygon"
1,1.3599952,"H prefers unanimity","Low type","low_u_above","region_polygon"
1,1.35399528,"H prefers unanimity","Low type","low_u_above","region_polygon"
1,1.34799536,"H prefers unanimity","Low type","low_u_above","region_polygon"
1,1.34199544,"H prefers unanimity","Low type","low_u_above","region_polygon"
1,1.33599552,"H prefers unanimity","Low type","low_u_above","region_polygon"
1,1.3299956,"H prefers unanimity","Low type","low_u_above","region_polygon"
1,1.32399568,"H prefers unanimity","Low type","low_u_above","region_polygon"
1,1.31799576,"H prefers unanimity","Low type","low_u_above","region_polygon"
1,1.31199584,"H prefers unanimity","Low type","low_u_above","region_polygon"
1,1.30599592,"H prefers unanimity","Low type","low_u_above","region_polygon"
1,1.299996,"H prefers unanimity","Low type","low_u_above","region_polygon"
1,1.29399608,"H prefers unanimity","Low type","low_u_above","region_polygon"
1,1.28799616,"H prefers unanimity","Low type","low_u_above","region_polygon"
1,1.28199624,"H prefers unanimity","Low type","low_u_above","region_polygon"
1,1.27599632,"H prefers unanimity","Low type","low_u_above","region_polygon"
1,1.2699964,"H prefers unanimity","Low type","low_u_above","region_polygon"
1,1.26399648,"H prefers unanimity","Low type","low_u_above","region_polygon"
1,1.25799656,"H prefers unanimity","Low type","low_u_above","region_polygon"
1,1.25199664,"H prefers unanimity","Low type","low_u_above","region_polygon"
1,1.24599672,"H prefers unanimity","Low type","low_u_above","region_polygon"
1,1.2399968,"H prefers unanimity","Low type","low_u_above","region_polygon"
1,1.23399688,"H prefers unanimity","Low type","low_u_above","region_polygon"
1,1.22799696,"H prefers unanimity","Low type","low_u_above","region_polygon"
1,1.22199704,"H prefers unanimity","Low type","low_u_above","region_polygon"
1,1.21599712,"H prefers unanimity","Low type","low_u_above","region_polygon"
1,1.2099972,"H prefers unanimity","Low type","low_u_above","region_polygon"
1,1.20399728,"H prefers unanimity","Low type","low_u_above","region_polygon"
1,1.19799736,"H prefers unanimity","Low type","low_u_above","region_polygon"
1,1.19199744,"H prefers unanimity","Low type","low_u_above","region_polygon"
1,1.18599752,"H prefers unanimity","Low type","low_u_above","region_polygon"
1,1.1799976,"H prefers unanimity","Low type","low_u_above","region_polygon"
1,1.17399768,"H prefers unanimity","Low type","low_u_above","region_polygon"
1,1.16799776,"H prefers unanimity","Low type","low_u_above","region_polygon"
1,1.16199784,"H prefers unanimity","Low type","low_u_above","region_polygon"
1,1.15599792,"H prefers unanimity","Low type","low_u_above","region_polygon"
1,1.149998,"H prefers unanimity","Low type","low_u_above","region_polygon"
1,1.14399808,"H prefers unanimity","Low type","low_u_above","region_polygon"
1,1.13799816,"H prefers unanimity","Low type","low_u_above","region_polygon"
1,1.13199824,"H prefers unanimity","Low type","low_u_above","region_polygon"
1,1.12599832,"H prefers unanimity","Low type","low_u_above","region_polygon"
1,1.1199984,"H prefers unanimity","Low type","low_u_above","region_polygon"
1,1.11399848,"H prefers unanimity","Low type","low_u_above","region_polygon"
1,1.10799856,"H prefers unanimity","Low type","low_u_above","region_polygon"
1,1.10199864,"H prefers unanimity","Low type","low_u_above","region_polygon"
1,1.09599872,"H prefers unanimity","Low type","low_u_above","region_polygon"
1,1.0899988,"H prefers unanimity","Low type","low_u_above","region_polygon"
1,1.08399888,"H prefers unanimity","Low type","low_u_above","region_polygon"
1,1.07799896,"H prefers unanimity","Low type","low_u_above","region_polygon"
1,1.07199904,"H prefers unanimity","Low type","low_u_above","region_polygon"
1,1.06599912,"H prefers unanimity","Low type","low_u_above","region_polygon"
1,1.0599992,"H prefers unanimity","Low type","low_u_above","region_polygon"
1,1.05399928,"H prefers unanimity","Low type","low_u_above","region_polygon"
1,1.04799936,"H prefers unanimity","Low type","low_u_above","region_polygon"
1,1.04199944,"H prefers unanimity","Low type","low_u_above","region_polygon"
1,1.03599952,"H prefers unanimity","Low type","low_u_above","region_polygon"
1,1.0299996,"H prefers unanimity","Low type","low_u_above","region_polygon"
1,1.02399968,"H prefers unanimity","Low type","low_u_above","region_polygon"
1,1.01799976,"H prefers unanimity","Low type","low_u_above","region_polygon"
1,1.01199984,"H prefers unanimity","Low type","low_u_above","region_polygon"
1,1.00599992,"H prefers unanimity","Low type","low_u_above","region_polygon"
1,1,"H prefers unanimity","Low type","low_u_above","region_polygon"
5.000025000125e-06,4e-05,"H indifferent","High type","high_i_below","region_polygon"
0.000255055036483753,0.00203992,"H indifferent","High type","high_i_below","region_polygon"
0.000505235133637784,0.00403984,"H indifferent","High type","high_i_below","region_polygon"
0.000755540410343597,0.00603976,"H indifferent","High type","high_i_below","region_polygon"
0.00100597096057654,0.00803968,"H indifferent","High type","high_i_below","region_polygon"
0.00125652687840606,0.0100396,"H indifferent","High type","high_i_below","region_polygon"
0.00150720825799579,0.01203952,"H indifferent","High type","high_i_below","region_polygon"
0.00175801519360371,0.01403944,"H indifferent","High type","high_i_below","region_polygon"
0.00200894777958224,0.01603936,"H indifferent","High type","high_i_below","region_polygon"
0.00226000611037835,0.01803928,"H indifferent","High type","high_i_below","region_polygon"
0.00251119028053371,0.0200392,"H indifferent","High type","high_i_below","region_polygon"
0.00276250038468476,0.02203912,"H indifferent","High type","high_i_below","region_polygon"
0.00301393651756289,0.02403904,"H indifferent","High type","high_i_below","region_polygon"
0.00326549877399451,0.02603896,"H indifferent","High type","high_i_below","region_polygon"
0.00351718724890118,0.02803888,"H indifferent","High type","high_i_below","region_polygon"
0.00376900203729975,0.0300388,"H indifferent","High type","high_i_below","region_polygon"
0.00402094323430246,0.03203872,"H indifferent","High type","high_i_below","region_polygon"
0.00427301093511706,0.03403864,"H indifferent","High type","high_i_below","region_polygon"
0.00452520523504694,0.03603856,"H indifferent","High type","high_i_below","region_polygon"
0.00477752622949125,0.03803848,"H indifferent","High type","high_i_below","region_polygon"
0.00502997401394499,0.0400384,"H indifferent","High type","high_i_below","region_polygon"
0.00528254868399919,0.04203832,"H indifferent","High type","high_i_below","region_polygon"
0.00553525033534098,0.04403824,"H indifferent","High type","high_i_below","region_polygon"
0.00578807906375372,0.04603816,"H indifferent","High type","high_i_below","region_polygon"
0.00604103496511714,0.04803808,"H indifferent","High type","high_i_below","region_polygon"
0.00629411813540744,0.050038,"H indifferent","High type","high_i_below","region_polygon"
0.00654732867069743,0.05203792,"H indifferent","High type","high_i_below","region_polygon"
0.00680066666715664,0.05403784,"H indifferent","High type","high_i_below","region_polygon"
0.00705413222105144,0.05603776,"H indifferent","High type","high_i_below","region_polygon"
0.00730772542874517,0.05803768,"H indifferent","High type","high_i_below","region_polygon"
0.00756144638669826,0.0600376,"H indifferent","High type","high_i_below","region_polygon"
0.00781529519146833,0.06203752,"H indifferent","High type","high_i_below","region_polygon"
0.00806927193971036,0.06403744,"H indifferent","High type","high_i_below","region_polygon"
0.00832337672817678,0.06603736,"H indifferent","High type","high_i_below","region_polygon"
0.00857760965371759,0.06803728,"H indifferent","High type","high_i_below","region_polygon"
0.00883197081328049,0.0700372,"H indifferent","High type","high_i_below","region_polygon"
0.00908646030391101,0.07203712,"H indifferent","High type","high_i_below","region_polygon"
0.00934107822275263,0.07403704,"H indifferent","High type","high_i_below","region_polygon"
0.00959582466704691,0.07603696,"H indifferent","High type","high_i_below","region_polygon"
0.00985069973413358,0.07803688,"H indifferent","High type","high_i_below","region_polygon"
0.0101057035214507,0.0800368,"H indifferent","High type","high_i_below","region_polygon"
0.0103608361265348,0.08203672,"H indifferent","High type","high_i_below","region_polygon"
0.0106160976470209,0.08403664,"H indifferent","High type","high_i_below","region_polygon"
0.0108714881806429,0.08603656,"H indifferent","High type","high_i_below","region_polygon"
0.0111270078252332,0.08803648,"H indifferent","High type","high_i_below","region_polygon"
0.0113826566787235,0.0900364,"H indifferent","High type","high_i_below","region_polygon"
0.0116384348391443,0.09203632,"H indifferent","High type","high_i_below","region_polygon"
0.0118943424046254,0.09403624,"H indifferent","High type","high_i_below","region_polygon"
0.012150379473396,0.09603616,"H indifferent","High type","high_i_below","region_polygon"
0.0124065461437845,0.09803608,"H indifferent","High type","high_i_below","region_polygon"
0.0126628425142191,0.100036,"H indifferent","High type","high_i_below","region_polygon"
0.0129192686832275,0.10203592,"H indifferent","High type","high_i_below","region_polygon"
0.0131758247494376,0.10403584,"H indifferent","High type","high_i_below","region_polygon"
0.0134325108115767,0.10603576,"H indifferent","High type","high_i_below","region_polygon"
0.0136893269684727,0.10803568,"H indifferent","High type","high_i_below","region_polygon"
0.0139462733190533,0.1100356,"H indifferent","High type","high_i_below","region_polygon"
0.0142033499623467,0.11203552,"H indifferent","High type","high_i_below","region_polygon"
0.0144605569974816,0.11403544,"H indifferent","High type","high_i_below","region_polygon"
0.0147178945236873,0.11603536,"H indifferent","High type","high_i_below","region_polygon"
0.0149753626402936,0.11803528,"H indifferent","High type","high_i_below","region_polygon"
0.0152329614467313,0.1200352,"H indifferent","High type","high_i_below","region_polygon"
0.0154906910425323,0.12203512,"H indifferent","High type","high_i_below","region_polygon"
0.0157485515273293,0.12403504,"H indifferent","High type","high_i_below","region_polygon"
0.0160065430008564,0.12603496,"H indifferent","High type","high_i_below","region_polygon"
0.016264665562949,0.12803488,"H indifferent","High type","high_i_below","region_polygon"
0.0165229193135441,0.1300348,"H indifferent","High type","high_i_below","region_polygon"
0.0167813043526801,0.13203472,"H indifferent","High type","high_i_below","region_polygon"
0.0170398207804973,0.13403464,"H indifferent","High type","high_i_below","region_polygon"
0.0172984686972378,0.13603456,"H indifferent","High type","high_i_below","region_polygon"
0.0175572482032457,0.13803448,"H indifferent","High type","high_i_below","region_polygon"
0.0178161593989673,0.1400344,"H indifferent","High type","high_i_below","region_polygon"
0.0180752023849511,0.14203432,"H indifferent","High type","high_i_below","region_polygon"
0.0183343772618479,0.14403424,"H indifferent","High type","high_i_below","region_polygon"
0.0185936841304112,0.14603416,"H indifferent","High type","high_i_below","region_polygon"
0.0188531230914971,0.14803408,"H indifferent","High type","high_i_below","region_polygon"
0.0191126942460643,0.150034,"H indifferent","High type","high_i_below","region_polygon"
0.0193723976951745,0.15203392,"H indifferent","High type","high_i_below","region_polygon"
0.0196322335399927,0.15403384,"H indifferent","High type","high_i_below","region_polygon"
0.0198922018817868,0.15603376,"H indifferent","High type","high_i_below","region_polygon"
0.020152302821928,0.15803368,"H indifferent","High type","high_i_below","region_polygon"
0.020412536461891,0.1600336,"H indifferent","High type","high_i_below","region_polygon"
0.0206729029032541,0.16203352,"H indifferent","High type","high_i_below","region_polygon"
0.0209334022476992,0.16403344,"H indifferent","High type","high_i_below","region_polygon"
0.0211940345970123,0.16603336,"H indifferent","High type","high_i_below","region_polygon"
0.021454800053083,0.16803328,"H indifferent","High type","high_i_below","region_polygon"
0.0217156987179052,0.1700332,"H indifferent","High type","high_i_below","region_polygon"
0.021976730693577,0.17203312,"H indifferent","High type","high_i_below","region_polygon"
0.0222378960823009,0.17403304,"H indifferent","High type","high_i_below","region_polygon"
0.0224991949863838,0.17603296,"H indifferent","High type","high_i_below","region_polygon"
0.0227606275082373,0.17803288,"H indifferent","High type","high_i_below","region_polygon"
0.0230221937503779,0.1800328,"H indifferent","High type","high_i_below","region_polygon"
0.0232838938154267,0.18203272,"H indifferent","High type","high_i_below","region_polygon"
0.02354572780611,0.18403264,"H indifferent","High type","high_i_below","region_polygon"
0.0238076958252593,0.18603256,"H indifferent","High type","high_i_below","region_polygon"
0.0240697979758114,0.18803248,"H indifferent","High type","high_i_below","region_polygon"
0.0243320343608084,0.1900324,"H indifferent","High type","high_i_below","region_polygon"
0.0245944050833981,0.19203232,"H indifferent","High type","high_i_below","region_polygon"
0.024856910246834,0.19403224,"H indifferent","High type","high_i_below","region_polygon"
0.0251195499544755,0.19603216,"H indifferent","High type","high_i_below","region_polygon"
0.0253823243097877,0.19803208,"H indifferent","High type","high_i_below","region_polygon"
0.0256452334163422,0.200032,"H indifferent","High type","high_i_below","region_polygon"
0.0259082773778166,0.20203192,"H indifferent","High type","high_i_below","region_polygon"
0.0261714562979949,0.20403184,"H indifferent","High type","high_i_below","region_polygon"
0.0264347702807678,0.20603176,"H indifferent","High type","high_i_below","region_polygon"
0.0266982194301324,0.20803168,"H indifferent","High type","high_i_below","region_polygon"
0.0269618038501928,0.2100316,"H indifferent","High type","high_i_below","region_polygon"
0.0272255236451599,0.21203152,"H indifferent","High type","high_i_below","region_polygon"
0.0274893789193518,0.21403144,"H indifferent","High type","high_i_below","region_polygon"
0.0277533697771938,0.21603136,"H indifferent","High type","high_i_below","region_polygon"
0.0280174963232183,0.21803128,"H indifferent","High type","high_i_below","region_polygon"
0.0282817586620656,0.2200312,"H indifferent","High type","high_i_below","region_polygon"
0.0285461568984832,0.22203112,"H indifferent","High type","high_i_below","region_polygon"
0.0288106911373268,0.22403104,"H indifferent","High type","high_i_below","region_polygon"
0.0290753614835595,0.22603096,"H indifferent","High type","high_i_below","region_polygon"
0.0293401680422529,0.22803088,"H indifferent","High type","high_i_below","region_polygon"
0.0296051109185864,0.2300308,"H indifferent","High type","high_i_below","region_polygon"
0.029870190217848,0.23203072,"H indifferent","High type","high_i_below","region_polygon"
0.0301354060454341,0.23403064,"H indifferent","High type","high_i_below","region_polygon"
0.0304007585068496,0.23603056,"H indifferent","High type","high_i_below","region_polygon"
0.0306662477077081,0.23803048,"H indifferent","High type","high_i_below","region_polygon"
0.0309318737537322,0.2400304,"H indifferent","High type","high_i_below","region_polygon"
0.0311976367507536,0.24203032,"H indifferent","High type","high_i_below","region_polygon"
0.0314635368047129,0.24403024,"H indifferent","High type","high_i_below","region_polygon"
0.0317295740216601,0.24603016,"H indifferent","High type","high_i_below","region_polygon"
0.0319957485077548,0.24803008,"H indifferent","High type","high_i_below","region_polygon"
0.0322620603692659,0.25003,"H indifferent","High type","high_i_below","region_polygon"
0.0325285097125724,0.25202992,"H indifferent","High type","high_i_below","region_polygon"
0.0327950966441626,0.25402984,"H indifferent","High type","high_i_below","region_polygon"
0.0330618212706355,0.25602976,"H indifferent","High type","high_i_below","region_polygon"
0.0333286836986996,0.25802968,"H indifferent","High type","high_i_below","region_polygon"
0.0335956840351741,0.2600296,"H indifferent","High type","high_i_below","region_polygon"
0.0338628223869885,0.26202952,"H indifferent","High type","high_i_below","region_polygon"
0.0341300988611828,0.26402944,"H indifferent","High type","high_i_below","region_polygon"
0.034397513564908,0.26602936,"H indifferent","High type","high_i_below","region_polygon"
0.0346650666054255,0.26802928,"H indifferent","High type","high_i_below","region_polygon"
0.0349327580901082,0.2700292,"H indifferent","High type","high_i_below","region_polygon"
0.0352005881264397,0.27202912,"H indifferent","High type","high_i_below","region_polygon"
0.0354685568220153,0.27402904,"H indifferent","High type","high_i_below","region_polygon"
0.0357366642845414,0.27602896,"H indifferent","High type","high_i_below","region_polygon"
0.0360049106218361,0.27802888,"H indifferent","High type","high_i_below","region_polygon"
0.0362732959418294,0.2800288,"H indifferent","High type","high_i_below","region_polygon"
0.0365418203525629,0.28202872,"H indifferent","High type","high_i_below","region_polygon"
0.0368104839621903,0.28402864,"H indifferent","High type","high_i_below","region_polygon"
0.0370792868789776,0.28602856,"H indifferent","High type","high_i_below","region_polygon"
0.0373482292113029,0.28802848,"H indifferent","High type","high_i_below","region_polygon"
0.0376173110676569,0.2900284,"H indifferent","High type","high_i_below","region_polygon"
0.0378865325566427,0.29202832,"H indifferent","High type","high_i_below","region_polygon"
0.0381558937869765,0.29402824,"H indifferent","High type","high_i_below","region_polygon"
0.0384253948674869,0.29602816,"H indifferent","High type","high_i_below","region_polygon"
0.0386950359071161,0.29802808,"H indifferent","High type","high_i_below","region_polygon"
0.038964817014919,0.300028,"H indifferent","High type","high_i_below","region_polygon"
0.0392347383000641,0.30202792,"H indifferent","High type","high_i_below","region_polygon"
0.0395047998718332,0.30402784,"H indifferent","High type","high_i_below","region_polygon"
0.0397750018396219,0.30602776,"H indifferent","High type","high_i_below","region_polygon"
0.0400453443129395,0.30802768,"H indifferent","High type","high_i_below","region_polygon"
0.0403158274014091,0.3100276,"H indifferent","High type","high_i_below","region_polygon"
0.0405864512147681,0.31202752,"H indifferent","High type","high_i_below","region_polygon"
0.040857215862868,0.31402744,"H indifferent","High type","high_i_below","region_polygon"
0.0411281214556745,0.31602736,"H indifferent","High type","high_i_below","region_polygon"
0.0413991681032681,0.31802728,"H indifferent","High type","high_i_below","region_polygon"
0.0416703559158439,0.3200272,"H indifferent","High type","high_i_below","region_polygon"
0.0419416850037116,0.32202712,"H indifferent","High type","high_i_below","region_polygon"
0.042213155477296,0.32402704,"H indifferent","High type","high_i_below","region_polygon"
0.0424847674471371,0.32602696,"H indifferent","High type","high_i_below","region_polygon"
0.0427565210238901,0.32802688,"H indifferent","High type","high_i_below","region_polygon"
0.0430284163183256,0.3300268,"H indifferent","High type","high_i_below","region_polygon"
0.0433004534413297,0.33202672,"H indifferent","High type","high_i_below","region_polygon"
0.0435726325039042,0.33402664,"H indifferent","High type","high_i_below","region_polygon"
0.043844953617167,0.33602656,"H indifferent","High type","high_i_below","region_polygon"
0.0441174168923518,0.33802648,"H indifferent","High type","high_i_below","region_polygon"
0.0443900224408084,0.3400264,"H indifferent","High type","high_i_below","region_polygon"
0.0446627703740032,0.34202632,"H indifferent","High type","high_i_below","region_polygon"
0.0449356608035187,0.34402624,"H indifferent","High type","high_i_below","region_polygon"
0.0452086938410545,0.34602616,"H indifferent","High type","high_i_below","region_polygon"
0.0454818695984264,0.34802608,"H indifferent","High type","high_i_below","region_polygon"
0.0457551881875677,0.350026,"H indifferent","High type","high_i_below","region_polygon"
0.0460286497205283,0.35202592,"H indifferent","High type","high_i_below","region_polygon"
0.0463022543094757,0.35402584,"H indifferent","High type","high_i_below","region_polygon"
0.0465760020666946,0.35602576,"H indifferent","High type","high_i_below","region_polygon"
0.0468498931045871,0.35802568,"H indifferent","High type","high_i_below","region_polygon"
0.0471239275356734,0.3600256,"H indifferent","High type","high_i_below","region_polygon"
0.0473981054725912,0.36202552,"H indifferent","High type","high_i_below","region_polygon"
0.0476724270280963,0.36402544,"H indifferent","High type","high_i_below","region_polygon"
0.0479468923150628,0.36602536,"H indifferent","High type","high_i_below","region_polygon"
0.0482215014464828,0.36802528,"H indifferent","High type","high_i_below","region_polygon"
0.0484962545354671,0.3700252,"H indifferent","High type","high_i_below","region_polygon"
0.0487711516952452,0.37202512,"H indifferent","High type","high_i_below","region_polygon"
0.0490461930391652,0.37402504,"H indifferent","High type","high_i_below","region_polygon"
0.0493213786806941,0.37602496,"H indifferent","High type","high_i_below","region_polygon"
0.0495967087334182,0.37802488,"H indifferent","High type","high_i_below","region_polygon"
0.0498721833110428,0.3800248,"H indifferent","High type","high_i_below","region_polygon"
0.0501478025273928,0.38202472,"H indifferent","High type","high_i_below","region_polygon"
0.0504235664964126,0.38402464,"H indifferent","High type","high_i_below","region_polygon"
0.0506994753321663,0.38602456,"H indifferent","High type","high_i_below","region_polygon"
0.0509755291488378,0.38802448,"H indifferent","High type","high_i_below","region_polygon"
0.0512517280607312,0.3900244,"H indifferent","High type","high_i_below","region_polygon"
0.0515280721822707,0.39202432,"H indifferent","High type","high_i_below","region_polygon"
0.0518045616280008,0.39402424,"H indifferent","High type","high_i_below","region_polygon"
0.0520811965125865,0.39602416,"H indifferent","High type","high_i_below","region_polygon"
0.0523579769508136,0.39802408,"H indifferent","High type","high_i_below","region_polygon"
0.0526349030575886,0.400024,"H indifferent","High type","high_i_below","region_polygon"
0.052911974947939,0.40202392,"H indifferent","High type","high_i_below","region_polygon"
0.0531891927370135,0.40402384,"H indifferent","High type","high_i_below","region_polygon"
0.0534665565400821,0.40602376,"H indifferent","High type","high_i_below","region_polygon"
0.0537440664725361,0.40802368,"H indifferent","High type","high_i_below","region_polygon"
0.0540217226498886,0.4100236,"H indifferent","High type","high_i_below","region_polygon"
0.0542995251877744,0.41202352,"H indifferent","High type","high_i_below","region_polygon"
0.0545774742019503,0.41402344,"H indifferent","High type","high_i_below","region_polygon"
0.0548555698082952,0.41602336,"H indifferent","High type","high_i_below","region_polygon"
0.0551338121228101,0.41802328,"H indifferent","High type","high_i_below","region_polygon"
0.0554122012616186,0.4200232,"H indifferent","High type","high_i_below","region_polygon"
0.0556907373409669,0.42202312,"H indifferent","High type","high_i_below","region_polygon"
0.0559694204772238,0.42402304,"H indifferent","High type","high_i_below","region_polygon"
0.0562482507868812,0.42602296,"H indifferent","High type","high_i_below","region_polygon"
0.0565272283865538,0.42802288,"H indifferent","High type","high_i_below","region_polygon"
0.0568063533929798,0.4300228,"H indifferent","High type","high_i_below","region_polygon"
0.0570856259230207,0.43202272,"H indifferent","High type","high_i_below","region_polygon"
0.0573650460936616,0.43402264,"H indifferent","High type","high_i_below","region_polygon"
0.0576446140220111,0.43602256,"H indifferent","High type","high_i_below","region_polygon"
0.0579243298253021,0.43802248,"H indifferent","High type","high_i_below","region_polygon"
0.0582041936208912,0.4400224,"H indifferent","High type","high_i_below","region_polygon"
0.0584842055262592,0.44202232,"H indifferent","High type","high_i_below","region_polygon"
0.0587643656590117,0.44402224,"H indifferent","High type","high_i_below","region_polygon"
0.0590446741368783,0.44602216,"H indifferent","High type","high_i_below","region_polygon"
0.0593251310777137,0.44802208,"H indifferent","High type","high_i_below","region_polygon"
0.0596057365994974,0.450022,"H indifferent","High type","high_i_below","region_polygon"
0.0598864908203337,0.45202192,"H indifferent","High type","high_i_below","region_polygon"
0.0601673938584524,0.45402184,"H indifferent","High type","high_i_below","region_polygon"
0.0604484458322085,0.45602176,"H indifferent","High type","high_i_below","region_polygon"
0.0607296468600827,0.45802168,"H indifferent","High type","high_i_below","region_polygon"
0.0610109970606812,0.4600216,"H indifferent","High type","high_i_below","region_polygon"
0.0612924965527362,0.46202152,"H indifferent","High type","high_i_below","region_polygon"
0.061574145455106,0.46402144,"H indifferent","High type","high_i_below","region_polygon"
0.0618559438867748,0.46602136,"H indifferent","High type","high_i_below","region_polygon"
0.0621378919668536,0.46802128,"H indifferent","High type","high_i_below","region_polygon"
0.0624199898145796,0.4700212,"H indifferent","High type","high_i_below","region_polygon"
0.0627022375493168,0.47202112,"H indifferent","High type","high_i_below","region_polygon"
0.0629846352905563,0.47402104,"H indifferent","High type","high_i_below","region_polygon"
0.0632671831579159,0.47602096,"H indifferent","High type","high_i_below","region_polygon"
0.0635498812711408,0.47802088,"H indifferent","High type","high_i_below","region_polygon"
0.0638327297501036,0.4800208,"H indifferent","High type","high_i_below","region_polygon"
0.0641157287148043,0.48202072,"H indifferent","High type","high_i_below","region_polygon"
0.0643988782853709,0.48402064,"H indifferent","High type","high_i_below","region_polygon"
0.064682178582059,0.48602056,"H indifferent","High type","high_i_below","region_polygon"
0.0649656297252525,0.48802048,"H indifferent","High type","high_i_below","region_polygon"
0.0652492318354633,0.4900204,"H indifferent","High type","high_i_below","region_polygon"
0.0655329850333319,0.49202032,"H indifferent","High type","high_i_below","region_polygon"
0.0658168894396273,0.49402024,"H indifferent","High type","high_i_below","region_polygon"
0.0661009451752472,0.49602016,"H indifferent","High type","high_i_below","region_polygon"
0.0663851523612183,0.49802008,"H indifferent","High type","high_i_below","region_polygon"
0.0666695111186963,0.50002,"H indifferent","High type","high_i_below","region_polygon"
0.0669540215689664,0.50201992,"H indifferent","High type","high_i_below","region_polygon"
0.0672386838334428,0.50401984,"H indifferent","High type","high_i_below","region_polygon"
0.0675234980336698,0.50601976,"H indifferent","High type","high_i_below","region_polygon"
0.0678084642913211,0.50801968,"H indifferent","High type","high_i_below","region_polygon"
0.0680935827282005,0.5100196,"H indifferent","High type","high_i_below","region_polygon"
0.068378853466242,0.51201952,"H indifferent","High type","high_i_below","region_polygon"
0.0686642766275097,0.51401944,"H indifferent","High type","high_i_below","region_polygon"
0.0689498523341985,0.51601936,"H indifferent","High type","high_i_below","region_polygon"
0.0692355807086335,0.51801928,"H indifferent","High type","high_i_below","region_polygon"
0.0695214618732711,0.5200192,"H indifferent","High type","high_i_below","region_polygon"
0.0698074959506984,0.52201912,"H indifferent","High type","high_i_below","region_polygon"
0.0700936830636337,0.52401904,"H indifferent","High type","high_i_below","region_polygon"
0.0703800233349267,0.52601896,"H indifferent","High type","high_i_below","region_polygon"
0.0706665168875587,0.52801888,"H indifferent","High type","high_i_below","region_polygon"
0.0709531638446426,0.5300188,"H indifferent","High type","high_i_below","region_polygon"
0.0712399643294232,0.53201872,"H indifferent","High type","high_i_below","region_polygon"
0.0715269184652773,0.53401864,"H indifferent","High type","high_i_below","region_polygon"
0.071814026375714,0.53601856,"H indifferent","High type","high_i_below","region_polygon"
0.0721012881843749,0.53801848,"H indifferent","High type","high_i_below","region_polygon"
0.072388704015034,0.5400184,"H indifferent","High type","high_i_below","region_polygon"
0.0726762739915982,0.54201832,"H indifferent","High type","high_i_below","region_polygon"
0.0729639982381073,0.54401824,"H indifferent","High type","high_i_below","region_polygon"
0.0732518768787341,0.54601816,"H indifferent","High type","high_i_below","region_polygon"
0.073539910037785,0.54801808,"H indifferent","High type","high_i_below","region_polygon"
0.0738280978396995,0.550018,"H indifferent","High type","high_i_below","region_polygon"
0.074116440409051,0.55201792,"H indifferent","High type","high_i_below","region_polygon"
0.0744049378705468,0.55401784,"H indifferent","High type","high_i_below","region_polygon"
0.074693590349028,0.55601776,"H indifferent","High type","high_i_below","region_polygon"
0.07498239796947,0.55801768,"H indifferent","High type","high_i_below","region_polygon"
0.0752713608569827,0.5600176,"H indifferent","High type","high_i_below","region_polygon"
0.0755604791368102,0.56201752,"H indifferent","High type","high_i_below","region_polygon"
0.0758497529343318,0.56401744,"H indifferent","High type","high_i_below","region_polygon"
0.0761391823750613,0.56601736,"H indifferent","High type","high_i_below","region_polygon"
0.076428767584648,0.56801728,"H indifferent","High type","high_i_below","region_polygon"
0.0767185086888761,0.5700172,"H indifferent","High type","high_i_below","region_polygon"
0.0770084058136655,0.57201712,"H indifferent","High type","high_i_below","region_polygon"
0.0772984590850718,0.57401704,"H indifferent","High type","high_i_below","region_polygon"
0.0775886686292861,0.57601696,"H indifferent","High type","high_i_below","region_polygon"
0.0778790345726359,0.57801688,"H indifferent","High type","high_i_below","region_polygon"
0.0781695570415847,0.5800168,"H indifferent","High type","high_i_below","region_polygon"
0.0784602361627324,0.58201672,"H indifferent","High type","high_i_below","region_polygon"
0.0787510720628154,0.58401664,"H indifferent","High type","high_i_below","region_polygon"
0.0790420648687071,0.58601656,"H indifferent","High type","high_i_below","region_polygon"
0.0793332147074175,0.58801648,"H indifferent","High type","high_i_below","region_polygon"
0.0796245217060939,0.5900164,"H indifferent","High type","high_i_below","region_polygon"
0.079915985992021,0.59201632,"H indifferent","High type","high_i_below","region_polygon"
0.0802076076926207,0.59401624,"H indifferent","High type","high_i_below","region_polygon"
0.0804993869354528,0.59601616,"H indifferent","High type","high_i_below","region_polygon"
0.080791323848215,0.59801608,"H indifferent","High type","high_i_below","region_polygon"
0.0810834185587428,0.600016,"H indifferent","High type","high_i_below","region_polygon"
0.0813756711950102,0.60201592,"H indifferent","High type","high_i_below","region_polygon"
0.0816680818851294,0.60401584,"H indifferent","High type","high_i_below","region_polygon"
0.0819606507573514,0.60601576,"H indifferent","High type","high_i_below","region_polygon"
0.0822533779400658,0.60801568,"H indifferent","High type","high_i_below","region_polygon"
0.0825462635618013,0.6100156,"H indifferent","High type","high_i_below","region_polygon"
0.0828393077512258,0.61201552,"H indifferent","High type","high_i_below","region_polygon"
0.0831325106371465,0.61401544,"H indifferent","High type","high_i_below","region_polygon"
0.0834258723485102,0.61601536,"H indifferent","High type","high_i_below","region_polygon"
0.0837193930144033,0.61801528,"H indifferent","High type","high_i_below","region_polygon"
0.0840130727640523,0.6200152,"H indifferent","High type","high_i_below","region_polygon"
0.0843069117268237,0.62201512,"H indifferent","High type","high_i_below","region_polygon"
0.0846009100322244,0.62401504,"H indifferent","High type","high_i_below","region_polygon"
0.0848950678099016,0.62601496,"H indifferent","High type","high_i_below","region_polygon"
0.0851893851896435,0.62801488,"H indifferent","High type","high_i_below","region_polygon"
0.0854838623013788,0.6300148,"H indifferent","High type","high_i_below","region_polygon"
0.0857784992751777,0.63201472,"H indifferent","High type","high_i_below","region_polygon"
0.0860732962412513,0.63401464,"H indifferent","High type","high_i_below","region_polygon"
0.0863682533299523,0.63601456,"H indifferent","High type","high_i_below","region_polygon"
0.086663370671775,0.63801448,"H indifferent","High type","high_i_below","region_polygon"
0.0869586483973556,0.6400144,"H indifferent","High type","high_i_below","region_polygon"
0.0872540866374722,0.64201432,"H indifferent","High type","high_i_below","region_polygon"
0.0875496855230454,0.64401424,"H indifferent","High type","high_i_below","region_polygon"
0.0878454451851379,0.64601416,"H indifferent","High type","high_i_below","region_polygon"
0.0881413657549551,0.64801408,"H indifferent","High type","high_i_below","region_polygon"
0.0884374473638453,0.650014,"H indifferent","High type","high_i_below","region_polygon"
0.0887336901432998,0.65201392,"H indifferent","High type","high_i_below","region_polygon"
0.0890300942249529,0.65401384,"H indifferent","High type","high_i_below","region_polygon"
0.0893266597405825,0.65601376,"H indifferent","High type","high_i_below","region_polygon"
0.08962338682211,0.65801368,"H indifferent","High type","high_i_below","region_polygon"
0.0899202756016006,0.6600136,"H indifferent","High type","high_i_below","region_polygon"
0.0902173262112633,0.66201352,"H indifferent","High type","high_i_below","region_polygon"
0.0905145387834516,0.66401344,"H indifferent","High type","high_i_below","region_polygon"
0.0908119134506632,0.66601336,"H indifferent","High type","high_i_below","region_polygon"
0.0911094503455402,0.66801328,"H indifferent","High type","high_i_below","region_polygon"
0.0914071496008697,0.6700132,"H indifferent","High type","high_i_below","region_polygon"
0.0917050113495836,0.67201312,"H indifferent","High type","high_i_below","region_polygon"
0.0920030357247592,0.67401304,"H indifferent","High type","high_i_below","region_polygon"
0.0923012228596188,0.67601296,"H indifferent","High type","high_i_below","region_polygon"
0.0925995728875306,0.67801288,"H indifferent","High type","high_i_below","region_polygon"
0.0928980859420082,0.6800128,"H indifferent","High type","high_i_below","region_polygon"
0.0931967621567115,0.68201272,"H indifferent","High type","high_i_below","region_polygon"
0.0934956016654463,0.68401264,"H indifferent","High type","high_i_below","region_polygon"
0.0937946046021649,0.68601256,"H indifferent","High type","high_i_below","region_polygon"
0.094093771100966,0.68801248,"H indifferent","High type","high_i_below","region_polygon"
0.0943931012960952,0.6900124,"H indifferent","High type","high_i_below","region_polygon"
0.094692595321945,0.69201232,"H indifferent","High type","high_i_below","region_polygon"
0.0949922533130551,0.69401224,"H indifferent","High type","high_i_below","region_polygon"
0.0952920754041124,0.69601216,"H indifferent","High type","high_i_below","region_polygon"
0.0955920617299515,0.69801208,"H indifferent","High type","high_i_below","region_polygon"
0.0958922124255547,0.700012,"H indifferent","High type","high_i_below","region_polygon"
0.0961925276260523,0.70201192,"H indifferent","High type","high_i_below","region_polygon"
0.0964930074667227,0.70401184,"H indifferent","High type","high_i_below","region_polygon"
0.0967936520829927,0.70601176,"H indifferent","High type","high_i_below","region_polygon"
0.0970944616104377,0.70801168,"H indifferent","High type","high_i_below","region_polygon"
0.0973954361847819,0.7100116,"H indifferent","High type","high_i_below","region_polygon"
0.0976965759418983,0.71201152,"H indifferent","High type","high_i_below","region_polygon"
0.0979978810178093,0.71401144,"H indifferent","High type","high_i_below","region_polygon"
0.0982993515486867,0.71601136,"H indifferent","High type","high_i_below","region_polygon"
0.0986009876708515,0.71801128,"H indifferent","High type","high_i_below","region_polygon"
0.0989027895207751,0.7200112,"H indifferent","High type","high_i_below","region_polygon"
0.0992047572350784,0.72201112,"H indifferent","High type","high_i_below","region_polygon"
0.0995068909505327,0.72401104,"H indifferent","High type","high_i_below","region_polygon"
0.0998091908040598,0.72601096,"H indifferent","High type","high_i_below","region_polygon"
0.100111656932732,0.72801088,"H indifferent","High type","high_i_below","region_polygon"
0.100414289473773,0.7300108,"H indifferent","High type","high_i_below","region_polygon"
0.100717088564556,0.73201072,"H indifferent","High type","high_i_below","region_polygon"
0.101020054342606,0.73401064,"H indifferent","High type","high_i_below","region_polygon"
0.101323186945602,0.73601056,"H indifferent","High type","high_i_below","region_polygon"
0.101626486511371,0.73801048,"H indifferent","High type","high_i_below","region_polygon"
0.101929953177894,0.7400104,"H indifferent","High type","high_i_below","region_polygon"
0.102233587083304,0.74201032,"H indifferent","High type","high_i_below","region_polygon"
0.102537388365884,0.74401024,"H indifferent","High type","high_i_below","region_polygon"
0.102841357164073,0.74601016,"H indifferent","High type","high_i_below","region_polygon"
0.103145493616461,0.74801008,"H indifferent","High type","high_i_below","region_polygon"
0.10344979786179,0.75001,"H indifferent","High type","high_i_below","region_polygon"
0.103754270038957,0.75200992,"H indifferent","High type","high_i_below","region_polygon"
0.10405891028701,0.75400984,"H indifferent","High type","high_i_below","region_polygon"
0.104363718745154,0.75600976,"H indifferent","High type","high_i_below","region_polygon"
0.104668695552744,0.75800968,"H indifferent","High type","high_i_below","region_polygon"
0.104973840849292,0.7600096,"H indifferent","High type","high_i_below","region_polygon"
0.105279154774462,0.76200952,"H indifferent","High type","high_i_below","region_polygon"
0.105584637468073,0.76400944,"H indifferent","High type","high_i_below","region_polygon"
0.1058902890701,0.76600936,"H indifferent","High type","high_i_below","region_polygon"
0.106196109720672,0.76800928,"H indifferent","High type","high_i_below","region_polygon"
0.106502099560071,0.7700092,"H indifferent","High type","high_i_below","region_polygon"
0.106808258728738,0.77200912,"H indifferent","High type","high_i_below","region_polygon"
0.107114587367267,0.77400904,"H indifferent","High type","high_i_below","region_polygon"
0.107421085616407,0.77600896,"H indifferent","High type","high_i_below","region_polygon"
0.107727753617066,0.77800888,"H indifferent","High type","high_i_below","region_polygon"
0.108034591510305,0.7800088,"H indifferent","High type","high_i_below","region_polygon"
0.108341599437344,0.78200872,"H indifferent","High type","high_i_below","region_polygon"
0.108648777539556,0.78400864,"H indifferent","High type","high_i_below","region_polygon"
0.108956125958475,0.78600856,"H indifferent","High type","high_i_below","region_polygon"
0.109263644835789,0.78800848,"H indifferent","High type","high_i_below","region_polygon"
0.109571334313344,0.7900084,"H indifferent","High type","high_i_below","region_polygon"
0.109879194533144,0.79200832,"H indifferent","High type","high_i_below","region_polygon"
0.110187225637349,0.79400824,"H indifferent","High type","high_i_below","region_polygon"
0.11049542776828,0.79600816,"H indifferent","High type","high_i_below","region_polygon"
0.110803801068413,0.79800808,"H indifferent","High type","high_i_below","region_polygon"
0.111112345680384,0.800008,"H indifferent","High type","high_i_below","region_polygon"
0.111421061746987,0.80200792,"H indifferent","High type","high_i_below","region_polygon"
0.111729949411173,0.80400784,"H indifferent","High type","high_i_below","region_polygon"
0.112039008816056,0.80600776,"H indifferent","High type","high_i_below","region_polygon"
0.112348240104906,0.80800768,"H indifferent","High type","high_i_below","region_polygon"
0.112657643421153,0.8100076,"H indifferent","High type","high_i_below","region_polygon"
0.112967218908387,0.81200752,"H indifferent","High type","high_i_below","region_polygon"
0.113276966710358,0.81400744,"H indifferent","High type","high_i_below","region_polygon"
0.113586886970976,0.81600736,"H indifferent","High type","high_i_below","region_polygon"
0.11389697983431,0.81800728,"H indifferent","High type","high_i_below","region_polygon"
0.114207245444592,0.8200072,"H indifferent","High type","high_i_below","region_polygon"
0.114517683946212,0.82200712,"H indifferent","High type","high_i_below","region_polygon"
0.114828295483724,0.82400704,"H indifferent","High type","high_i_below","region_polygon"
0.11513908020184,0.82600696,"H indifferent","High type","high_i_below","region_polygon"
0.115450038245435,0.82800688,"H indifferent","High type","high_i_below","region_polygon"
0.115761169759547,0.8300068,"H indifferent","High type","high_i_below","region_polygon"
0.116072474889374,0.83200672,"H indifferent","High type","high_i_below","region_polygon"
0.116383953780275,0.83400664,"H indifferent","High type","high_i_below","region_polygon"
0.116695606577775,0.83600656,"H indifferent","High type","high_i_below","region_polygon"
0.117007433427558,0.83800648,"H indifferent","High type","high_i_below","region_polygon"
0.117319434475472,0.8400064,"H indifferent","High type","high_i_below","region_polygon"
0.117631609867529,0.84200632,"H indifferent","High type","high_i_below","region_polygon"
0.117943959749903,0.84400624,"H indifferent","High type","high_i_below","region_polygon"
0.118256484268933,0.84600616,"H indifferent","High type","high_i_below","region_polygon"
0.118569183571118,0.84800608,"H indifferent","High type","high_i_below","region_polygon"
0.118882057803125,0.850006,"H indifferent","High type","high_i_below","region_polygon"
0.119195107111784,0.85200592,"H indifferent","High type","high_i_below","region_polygon"
0.119508331644089,0.85400584,"H indifferent","High type","high_i_below","region_polygon"
0.119821731547197,0.85600576,"H indifferent","High type","high_i_below","region_polygon"
0.120135306968432,0.85800568,"H indifferent","High type","high_i_below","region_polygon"
0.120449058055284,0.8600056,"H indifferent","High type","high_i_below","region_polygon"
0.120762984955404,0.86200552,"H indifferent","High type","high_i_below","region_polygon"
0.121077087816614,0.86400544,"H indifferent","High type","high_i_below","region_polygon"
0.121391366786897,0.86600536,"H indifferent","High type","high_i_below","region_polygon"
0.121705822014406,0.86800528,"H indifferent","High type","high_i_below","region_polygon"
0.122020453647456,0.8700052,"H indifferent","High type","high_i_below","region_polygon"
0.122335261834532,0.87200512,"H indifferent","High type","high_i_below","region_polygon"
0.122650246724283,0.87400504,"H indifferent","High type","high_i_below","region_polygon"
0.122965408465529,0.87600496,"H indifferent","High type","high_i_below","region_polygon"
0.123280747207252,0.87800488,"H indifferent","High type","high_i_below","region_polygon"
0.123596263098604,0.8800048,"H indifferent","High type","high_i_below","region_polygon"
0.123911956288906,0.88200472,"H indifferent","High type","high_i_below","region_polygon"
0.124227826927644,0.88400464,"H indifferent","High type","high_i_below","region_polygon"
0.124543875164474,0.88600456,"H indifferent","High type","high_i_below","region_polygon"
0.12486010114922,0.88800448,"H indifferent","High type","high_i_below","region_polygon"
0.125176505031874,0.8900044,"H indifferent","High type","high_i_below","region_polygon"
0.125493086962596,0.89200432,"H indifferent","High type","high_i_below","region_polygon"
0.125809847091719,0.89400424,"H indifferent","High type","high_i_below","region_polygon"
0.126126785569739,0.89600416,"H indifferent","High type","high_i_below","region_polygon"
0.126443902547328,0.89800408,"H indifferent","High type","high_i_below","region_polygon"
0.126761198175323,0.900004,"H indifferent","High type","high_i_below","region_polygon"
0.127078672604733,0.90200392,"H indifferent","High type","high_i_below","region_polygon"
0.127396325986738,0.90400384,"H indifferent","High type","high_i_below","region_polygon"
0.127714158472686,0.90600376,"H indifferent","High type","high_i_below","region_polygon"
0.128032170214098,0.90800368,"H indifferent","High type","high_i_below","region_polygon"
0.128350361362666,0.9100036,"H indifferent","High type","high_i_below","region_polygon"
0.128668732070251,0.91200352,"H indifferent","High type","high_i_below","region_polygon"
0.128987282488887,0.91400344,"H indifferent","High type","high_i_below","region_polygon"
0.12930601277078,0.91600336,"H indifferent","High type","high_i_below","region_polygon"
0.129624923068307,0.91800328,"H indifferent","High type","high_i_below","region_polygon"
0.129944013534017,0.9200032,"H indifferent","High type","high_i_below","region_polygon"
0.130263284320634,0.92200312,"H indifferent","High type","high_i_below","region_polygon"
0.130582735581051,0.92400304,"H indifferent","High type","high_i_below","region_polygon"
0.130902367468336,0.92600296,"H indifferent","High type","high_i_below","region_polygon"
0.131222180135729,0.92800288,"H indifferent","High type","high_i_below","region_polygon"
0.131542173736646,0.9300028,"H indifferent","High type","high_i_below","region_polygon"
0.131862348424673,0.93200272,"H indifferent","High type","high_i_below","region_polygon"
0.132182704353572,0.93400264,"H indifferent","High type","high_i_below","region_polygon"
0.132503241677279,0.93600256,"H indifferent","High type","high_i_below","region_polygon"
0.132823960549904,0.93800248,"H indifferent","High type","high_i_below","region_polygon"
0.133144861125732,0.9400024,"H indifferent","High type","high_i_below","region_polygon"
0.133465943559222,0.94200232,"H indifferent","High type","high_i_below","region_polygon"
0.133787208005009,0.94400224,"H indifferent","High type","high_i_below","region_polygon"
0.134108654617904,0.94600216,"H indifferent","High type","high_i_below","region_polygon"
0.134430283552891,0.94800208,"H indifferent","High type","high_i_below","region_polygon"
0.134752094965133,0.950002,"H indifferent","High type","high_i_below","region_polygon"
0.135074089009968,0.95200192,"H indifferent","High type","high_i_below","region_polygon"
0.135396265842908,0.95400184,"H indifferent","High type","high_i_below","region_polygon"
0.135718625619645,0.95600176,"H indifferent","High type","high_i_below","region_polygon"
0.136041168496047,0.95800168,"H indifferent","High type","high_i_below","region_polygon"
0.136363894628158,0.9600016,"H indifferent","High type","high_i_below","region_polygon"
0.1366868041722,0.96200152,"H indifferent","High type","high_i_below","region_polygon"
0.137009897284573,0.96400144,"H indifferent","High type","high_i_below","region_polygon"
0.137333174121853,0.96600136,"H indifferent","High type","high_i_below","region_polygon"
0.137656634840798,0.96800128,"H indifferent","High type","high_i_below","region_polygon"
0.137980279598341,0.9700012,"H indifferent","High type","high_i_below","region_polygon"
0.138304108551594,0.97200112,"H indifferent","High type","high_i_below","region_polygon"
0.138628121857849,0.97400104,"H indifferent","High type","high_i_below","region_polygon"
0.138952319674577,0.97600096,"H indifferent","High type","high_i_below","region_polygon"
0.139276702159427,0.97800088,"H indifferent","High type","high_i_below","region_polygon"
0.13960126947023,0.9800008,"H indifferent","High type","high_i_below","region_polygon"
0.139926021764995,0.98200072,"H indifferent","High type","high_i_below","region_polygon"
0.140250959201912,0.98400064,"H indifferent","High type","high_i_below","region_polygon"
0.140576081939351,0.98600056,"H indifferent","High type","high_i_below","region_polygon"
0.140901390135862,0.98800048,"H indifferent","High type","high_i_below","region_polygon"
0.141226883950179,0.9900004,"H indifferent","High type","high_i_below","region_polygon"
0.141552563541213,0.99200032,"H indifferent","High type","high_i_below","region_polygon"
0.141878429068059,0.99400024,"H indifferent","High type","high_i_below","region_polygon"
0.142204480689994,0.99600016,"H indifferent","High type","high_i_below","region_polygon"
0.142530718566475,0.99800008,"H indifferent","High type","high_i_below","region_polygon"
0.142857142857143,1,"H indifferent","High type","high_i_below","region_polygon"
1,1,"H indifferent","High type","high_i_below","region_polygon"
1,0.99800008,"H indifferent","High type","high_i_below","region_polygon"
1,0.99600016,"H indifferent","High type","high_i_below","region_polygon"
1,0.99400024,"H indifferent","High type","high_i_below","region_polygon"
1,0.99200032,"H indifferent","High type","high_i_below","region_polygon"
1,0.9900004,"H indifferent","High type","high_i_below","region_polygon"
1,0.98800048,"H indifferent","High type","high_i_below","region_polygon"
1,0.98600056,"H indifferent","High type","high_i_below","region_polygon"
1,0.98400064,"H indifferent","High type","high_i_below","region_polygon"
1,0.98200072,"H indifferent","High type","high_i_below","region_polygon"
1,0.9800008,"H indifferent","High type","high_i_below","region_polygon"
1,0.97800088,"H indifferent","High type","high_i_below","region_polygon"
1,0.97600096,"H indifferent","High type","high_i_below","region_polygon"
1,0.97400104,"H indifferent","High type","high_i_below","region_polygon"
1,0.97200112,"H indifferent","High type","high_i_below","region_polygon"
1,0.9700012,"H indifferent","High type","high_i_below","region_polygon"
1,0.96800128,"H indifferent","High type","high_i_below","region_polygon"
1,0.96600136,"H indifferent","High type","high_i_below","region_polygon"
1,0.96400144,"H indifferent","High type","high_i_below","region_polygon"
1,0.96200152,"H indifferent","High type","high_i_below","region_polygon"
1,0.9600016,"H indifferent","High type","high_i_below","region_polygon"
1,0.95800168,"H indifferent","High type","high_i_below","region_polygon"
1,0.95600176,"H indifferent","High type","high_i_below","region_polygon"
1,0.95400184,"H indifferent","High type","high_i_below","region_polygon"
1,0.95200192,"H indifferent","High type","high_i_below","region_polygon"
1,0.950002,"H indifferent","High type","high_i_below","region_polygon"
1,0.94800208,"H indifferent","High type","high_i_below","region_polygon"
1,0.94600216,"H indifferent","High type","high_i_below","region_polygon"
1,0.94400224,"H indifferent","High type","high_i_below","region_polygon"
1,0.94200232,"H indifferent","High type","high_i_below","region_polygon"
1,0.9400024,"H indifferent","High type","high_i_below","region_polygon"
1,0.93800248,"H indifferent","High type","high_i_below","region_polygon"
1,0.93600256,"H indifferent","High type","high_i_below","region_polygon"
1,0.93400264,"H indifferent","High type","high_i_below","region_polygon"
1,0.93200272,"H indifferent","High type","high_i_below","region_polygon"
1,0.9300028,"H indifferent","High type","high_i_below","region_polygon"
1,0.92800288,"H indifferent","High type","high_i_below","region_polygon"
1,0.92600296,"H indifferent","High type","high_i_below","region_polygon"
1,0.92400304,"H indifferent","High type","high_i_below","region_polygon"
1,0.92200312,"H indifferent","High type","high_i_below","region_polygon"
1,0.9200032,"H indifferent","High type","high_i_below","region_polygon"
1,0.91800328,"H indifferent","High type","high_i_below","region_polygon"
1,0.91600336,"H indifferent","High type","high_i_below","region_polygon"
1,0.91400344,"H indifferent","High type","high_i_below","region_polygon"
1,0.91200352,"H indifferent","High type","high_i_below","region_polygon"
1,0.9100036,"H indifferent","High type","high_i_below","region_polygon"
1,0.90800368,"H indifferent","High type","high_i_below","region_polygon"
1,0.90600376,"H indifferent","High type","high_i_below","region_polygon"
1,0.90400384,"H indifferent","High type","high_i_below","region_polygon"
1,0.90200392,"H indifferent","High type","high_i_below","region_polygon"
1,0.900004,"H indifferent","High type","high_i_below","region_polygon"
1,0.89800408,"H indifferent","High type","high_i_below","region_polygon"
1,0.89600416,"H indifferent","High type","high_i_below","region_polygon"
1,0.89400424,"H indifferent","High type","high_i_below","region_polygon"
1,0.89200432,"H indifferent","High type","high_i_below","region_polygon"
1,0.8900044,"H indifferent","High type","high_i_below","region_polygon"
1,0.88800448,"H indifferent","High type","high_i_below","region_polygon"
1,0.88600456,"H indifferent","High type","high_i_below","region_polygon"
1,0.88400464,"H indifferent","High type","high_i_below","region_polygon"
1,0.88200472,"H indifferent","High type","high_i_below","region_polygon"
1,0.8800048,"H indifferent","High type","high_i_below","region_polygon"
1,0.87800488,"H indifferent","High type","high_i_below","region_polygon"
1,0.87600496,"H indifferent","High type","high_i_below","region_polygon"
1,0.87400504,"H indifferent","High type","high_i_below","region_polygon"
1,0.87200512,"H indifferent","High type","high_i_below","region_polygon"
1,0.8700052,"H indifferent","High type","high_i_below","region_polygon"
1,0.86800528,"H indifferent","High type","high_i_below","region_polygon"
1,0.86600536,"H indifferent","High type","high_i_below","region_polygon"
1,0.86400544,"H indifferent","High type","high_i_below","region_polygon"
1,0.86200552,"H indifferent","High type","high_i_below","region_polygon"
1,0.8600056,"H indifferent","High type","high_i_below","region_polygon"
1,0.85800568,"H indifferent","High type","high_i_below","region_polygon"
1,0.85600576,"H indifferent","High type","high_i_below","region_polygon"
1,0.85400584,"H indifferent","High type","high_i_below","region_polygon"
1,0.85200592,"H indifferent","High type","high_i_below","region_polygon"
1,0.850006,"H indifferent","High type","high_i_below","region_polygon"
1,0.84800608,"H indifferent","High type","high_i_below","region_polygon"
1,0.84600616,"H indifferent","High type","high_i_below","region_polygon"
1,0.84400624,"H indifferent","High type","high_i_below","region_polygon"
1,0.84200632,"H indifferent","High type","high_i_below","region_polygon"
1,0.8400064,"H indifferent","High type","high_i_below","region_polygon"
1,0.83800648,"H indifferent","High type","high_i_below","region_polygon"
1,0.83600656,"H indifferent","High type","high_i_below","region_polygon"
1,0.83400664,"H indifferent","High type","high_i_below","region_polygon"
1,0.83200672,"H indifferent","High type","high_i_below","region_polygon"
1,0.8300068,"H indifferent","High type","high_i_below","region_polygon"
1,0.82800688,"H indifferent","High type","high_i_below","region_polygon"
1,0.82600696,"H indifferent","High type","high_i_below","region_polygon"
1,0.82400704,"H indifferent","High type","high_i_below","region_polygon"
1,0.82200712,"H indifferent","High type","high_i_below","region_polygon"
1,0.8200072,"H indifferent","High type","high_i_below","region_polygon"
1,0.81800728,"H indifferent","High type","high_i_below","region_polygon"
1,0.81600736,"H indifferent","High type","high_i_below","region_polygon"
1,0.81400744,"H indifferent","High type","high_i_below","region_polygon"
1,0.81200752,"H indifferent","High type","high_i_below","region_polygon"
1,0.8100076,"H indifferent","High type","high_i_below","region_polygon"
1,0.80800768,"H indifferent","High type","high_i_below","region_polygon"
1,0.80600776,"H indifferent","High type","high_i_below","region_polygon"
1,0.80400784,"H indifferent","High type","high_i_below","region_polygon"
1,0.80200792,"H indifferent","High type","high_i_below","region_polygon"
1,0.800008,"H indifferent","High type","high_i_below","region_polygon"
1,0.79800808,"H indifferent","High type","high_i_below","region_polygon"
1,0.79600816,"H indifferent","High type","high_i_below","region_polygon"
1,0.79400824,"H indifferent","High type","high_i_below","region_polygon"
1,0.79200832,"H indifferent","High type","high_i_below","region_polygon"
1,0.7900084,"H indifferent","High type","high_i_below","region_polygon"
1,0.78800848,"H indifferent","High type","high_i_below","region_polygon"
1,0.78600856,"H indifferent","High type","high_i_below","region_polygon"
1,0.78400864,"H indifferent","High type","high_i_below","region_polygon"
1,0.78200872,"H indifferent","High type","high_i_below","region_polygon"
1,0.7800088,"H indifferent","High type","high_i_below","region_polygon"
1,0.77800888,"H indifferent","High type","high_i_below","region_polygon"
1,0.77600896,"H indifferent","High type","high_i_below","region_polygon"
1,0.77400904,"H indifferent","High type","high_i_below","region_polygon"
1,0.77200912,"H indifferent","High type","high_i_below","region_polygon"
1,0.7700092,"H indifferent","High type","high_i_below","region_polygon"
1,0.76800928,"H indifferent","High type","high_i_below","region_polygon"
1,0.76600936,"H indifferent","High type","high_i_below","region_polygon"
1,0.76400944,"H indifferent","High type","high_i_below","region_polygon"
1,0.76200952,"H indifferent","High type","high_i_below","region_polygon"
1,0.7600096,"H indifferent","High type","high_i_below","region_polygon"
1,0.75800968,"H indifferent","High type","high_i_below","region_polygon"
1,0.75600976,"H indifferent","High type","high_i_below","region_polygon"
1,0.75400984,"H indifferent","High type","high_i_below","region_polygon"
1,0.75200992,"H indifferent","High type","high_i_below","region_polygon"
1,0.75001,"H indifferent","High type","high_i_below","region_polygon"
1,0.74801008,"H indifferent","High type","high_i_below","region_polygon"
1,0.74601016,"H indifferent","High type","high_i_below","region_polygon"
1,0.74401024,"H indifferent","High type","high_i_below","region_polygon"
1,0.74201032,"H indifferent","High type","high_i_below","region_polygon"
1,0.7400104,"H indifferent","High type","high_i_below","region_polygon"
1,0.73801048,"H indifferent","High type","high_i_below","region_polygon"
1,0.73601056,"H indifferent","High type","high_i_below","region_polygon"
1,0.73401064,"H indifferent","High type","high_i_below","region_polygon"
1,0.73201072,"H indifferent","High type","high_i_below","region_polygon"
1,0.7300108,"H indifferent","High type","high_i_below","region_polygon"
1,0.72801088,"H indifferent","High type","high_i_below","region_polygon"
1,0.72601096,"H indifferent","High type","high_i_below","region_polygon"
1,0.72401104,"H indifferent","High type","high_i_below","region_polygon"
1,0.72201112,"H indifferent","High type","high_i_below","region_polygon"
1,0.7200112,"H indifferent","High type","high_i_below","region_polygon"
1,0.71801128,"H indifferent","High type","high_i_below","region_polygon"
1,0.71601136,"H indifferent","High type","high_i_below","region_polygon"
1,0.71401144,"H indifferent","High type","high_i_below","region_polygon"
1,0.71201152,"H indifferent","High type","high_i_below","region_polygon"
1,0.7100116,"H indifferent","High type","high_i_below","region_polygon"
1,0.70801168,"H indifferent","High type","high_i_below","region_polygon"
1,0.70601176,"H indifferent","High type","high_i_below","region_polygon"
1,0.70401184,"H indifferent","High type","high_i_below","region_polygon"
1,0.70201192,"H indifferent","High type","high_i_below","region_polygon"
1,0.700012,"H indifferent","High type","high_i_below","region_polygon"
1,0.69801208,"H indifferent","High type","high_i_below","region_polygon"
1,0.69601216,"H indifferent","High type","high_i_below","region_polygon"
1,0.69401224,"H indifferent","High type","high_i_below","region_polygon"
1,0.69201232,"H indifferent","High type","high_i_below","region_polygon"
1,0.6900124,"H indifferent","High type","high_i_below","region_polygon"
1,0.68801248,"H indifferent","High type","high_i_below","region_polygon"
1,0.68601256,"H indifferent","High type","high_i_below","region_polygon"
1,0.68401264,"H indifferent","High type","high_i_below","region_polygon"
1,0.68201272,"H indifferent","High type","high_i_below","region_polygon"
1,0.6800128,"H indifferent","High type","high_i_below","region_polygon"
1,0.67801288,"H indifferent","High type","high_i_below","region_polygon"
1,0.67601296,"H indifferent","High type","high_i_below","region_polygon"
1,0.67401304,"H indifferent","High type","high_i_below","region_polygon"
1,0.67201312,"H indifferent","High type","high_i_below","region_polygon"
1,0.6700132,"H indifferent","High type","high_i_below","region_polygon"
1,0.66801328,"H indifferent","High type","high_i_below","region_polygon"
1,0.66601336,"H indifferent","High type","high_i_below","region_polygon"
1,0.66401344,"H indifferent","High type","high_i_below","region_polygon"
1,0.66201352,"H indifferent","High type","high_i_below","region_polygon"
1,0.6600136,"H indifferent","High type","high_i_below","region_polygon"
1,0.65801368,"H indifferent","High type","high_i_below","region_polygon"
1,0.65601376,"H indifferent","High type","high_i_below","region_polygon"
1,0.65401384,"H indifferent","High type","high_i_below","region_polygon"
1,0.65201392,"H indifferent","High type","high_i_below","region_polygon"
1,0.650014,"H indifferent","High type","high_i_below","region_polygon"
1,0.64801408,"H indifferent","High type","high_i_below","region_polygon"
1,0.64601416,"H indifferent","High type","high_i_below","region_polygon"
1,0.64401424,"H indifferent","High type","high_i_below","region_polygon"
1,0.64201432,"H indifferent","High type","high_i_below","region_polygon"
1,0.6400144,"H indifferent","High type","high_i_below","region_polygon"
1,0.63801448,"H indifferent","High type","high_i_below","region_polygon"
1,0.63601456,"H indifferent","High type","high_i_below","region_polygon"
1,0.63401464,"H indifferent","High type","high_i_below","region_polygon"
1,0.63201472,"H indifferent","High type","high_i_below","region_polygon"
1,0.6300148,"H indifferent","High type","high_i_below","region_polygon"
1,0.62801488,"H indifferent","High type","high_i_below","region_polygon"
1,0.62601496,"H indifferent","High type","high_i_below","region_polygon"
1,0.62401504,"H indifferent","High type","high_i_below","region_polygon"
1,0.62201512,"H indifferent","High type","high_i_below","region_polygon"
1,0.6200152,"H indifferent","High type","high_i_below","region_polygon"
1,0.61801528,"H indifferent","High type","high_i_below","region_polygon"
1,0.61601536,"H indifferent","High type","high_i_below","region_polygon"
1,0.61401544,"H indifferent","High type","high_i_below","region_polygon"
1,0.61201552,"H indifferent","High type","high_i_below","region_polygon"
1,0.6100156,"H indifferent","High type","high_i_below","region_polygon"
1,0.60801568,"H indifferent","High type","high_i_below","region_polygon"
1,0.60601576,"H indifferent","High type","high_i_below","region_polygon"
1,0.60401584,"H indifferent","High type","high_i_below","region_polygon"
1,0.60201592,"H indifferent","High type","high_i_below","region_polygon"
1,0.600016,"H indifferent","High type","high_i_below","region_polygon"
1,0.59801608,"H indifferent","High type","high_i_below","region_polygon"
1,0.59601616,"H indifferent","High type","high_i_below","region_polygon"
1,0.59401624,"H indifferent","High type","high_i_below","region_polygon"
1,0.59201632,"H indifferent","High type","high_i_below","region_polygon"
1,0.5900164,"H indifferent","High type","high_i_below","region_polygon"
1,0.58801648,"H indifferent","High type","high_i_below","region_polygon"
1,0.58601656,"H indifferent","High type","high_i_below","region_polygon"
1,0.58401664,"H indifferent","High type","high_i_below","region_polygon"
1,0.58201672,"H indifferent","High type","high_i_below","region_polygon"
1,0.5800168,"H indifferent","High type","high_i_below","region_polygon"
1,0.57801688,"H indifferent","High type","high_i_below","region_polygon"
1,0.57601696,"H indifferent","High type","high_i_below","region_polygon"
1,0.57401704,"H indifferent","High type","high_i_below","region_polygon"
1,0.57201712,"H indifferent","High type","high_i_below","region_polygon"
1,0.5700172,"H indifferent","High type","high_i_below","region_polygon"
1,0.56801728,"H indifferent","High type","high_i_below","region_polygon"
1,0.56601736,"H indifferent","High type","high_i_below","region_polygon"
1,0.56401744,"H indifferent","High type","high_i_below","region_polygon"
1,0.56201752,"H indifferent","High type","high_i_below","region_polygon"
1,0.5600176,"H indifferent","High type","high_i_below","region_polygon"
1,0.55801768,"H indifferent","High type","high_i_below","region_polygon"
1,0.55601776,"H indifferent","High type","high_i_below","region_polygon"
1,0.55401784,"H indifferent","High type","high_i_below","region_polygon"
1,0.55201792,"H indifferent","High type","high_i_below","region_polygon"
1,0.550018,"H indifferent","High type","high_i_below","region_polygon"
1,0.54801808,"H indifferent","High type","high_i_below","region_polygon"
1,0.54601816,"H indifferent","High type","high_i_below","region_polygon"
1,0.54401824,"H indifferent","High type","high_i_below","region_polygon"
1,0.54201832,"H indifferent","High type","high_i_below","region_polygon"
1,0.5400184,"H indifferent","High type","high_i_below","region_polygon"
1,0.53801848,"H indifferent","High type","high_i_below","region_polygon"
1,0.53601856,"H indifferent","High type","high_i_below","region_polygon"
1,0.53401864,"H indifferent","High type","high_i_below","region_polygon"
1,0.53201872,"H indifferent","High type","high_i_below","region_polygon"
1,0.5300188,"H indifferent","High type","high_i_below","region_polygon"
1,0.52801888,"H indifferent","High type","high_i_below","region_polygon"
1,0.52601896,"H indifferent","High type","high_i_below","region_polygon"
1,0.52401904,"H indifferent","High type","high_i_below","region_polygon"
1,0.52201912,"H indifferent","High type","high_i_below","region_polygon"
1,0.5200192,"H indifferent","High type","high_i_below","region_polygon"
1,0.51801928,"H indifferent","High type","high_i_below","region_polygon"
1,0.51601936,"H indifferent","High type","high_i_below","region_polygon"
1,0.51401944,"H indifferent","High type","high_i_below","region_polygon"
1,0.51201952,"H indifferent","High type","high_i_below","region_polygon"
1,0.5100196,"H indifferent","High type","high_i_below","region_polygon"
1,0.50801968,"H indifferent","High type","high_i_below","region_polygon"
1,0.50601976,"H indifferent","High type","high_i_below","region_polygon"
1,0.50401984,"H indifferent","High type","high_i_below","region_polygon"
1,0.50201992,"H indifferent","High type","high_i_below","region_polygon"
1,0.50002,"H indifferent","High type","high_i_below","region_polygon"
1,0.49802008,"H indifferent","High type","high_i_below","region_polygon"
1,0.49602016,"H indifferent","High type","high_i_below","region_polygon"
1,0.49402024,"H indifferent","High type","high_i_below","region_polygon"
1,0.49202032,"H indifferent","High type","high_i_below","region_polygon"
1,0.4900204,"H indifferent","High type","high_i_below","region_polygon"
1,0.48802048,"H indifferent","High type","high_i_below","region_polygon"
1,0.48602056,"H indifferent","High type","high_i_below","region_polygon"
1,0.48402064,"H indifferent","High type","high_i_below","region_polygon"
1,0.48202072,"H indifferent","High type","high_i_below","region_polygon"
1,0.4800208,"H indifferent","High type","high_i_below","region_polygon"
1,0.47802088,"H indifferent","High type","high_i_below","region_polygon"
1,0.47602096,"H indifferent","High type","high_i_below","region_polygon"
1,0.47402104,"H indifferent","High type","high_i_below","region_polygon"
1,0.47202112,"H indifferent","High type","high_i_below","region_polygon"
1,0.4700212,"H indifferent","High type","high_i_below","region_polygon"
1,0.46802128,"H indifferent","High type","high_i_below","region_polygon"
1,0.46602136,"H indifferent","High type","high_i_below","region_polygon"
1,0.46402144,"H indifferent","High type","high_i_below","region_polygon"
1,0.46202152,"H indifferent","High type","high_i_below","region_polygon"
1,0.4600216,"H indifferent","High type","high_i_below","region_polygon"
1,0.45802168,"H indifferent","High type","high_i_below","region_polygon"
1,0.45602176,"H indifferent","High type","high_i_below","region_polygon"
1,0.45402184,"H indifferent","High type","high_i_below","region_polygon"
1,0.45202192,"H indifferent","High type","high_i_below","region_polygon"
1,0.450022,"H indifferent","High type","high_i_below","region_polygon"
1,0.44802208,"H indifferent","High type","high_i_below","region_polygon"
1,0.44602216,"H indifferent","High type","high_i_below","region_polygon"
1,0.44402224,"H indifferent","High type","high_i_below","region_polygon"
1,0.44202232,"H indifferent","High type","high_i_below","region_polygon"
1,0.4400224,"H indifferent","High type","high_i_below","region_polygon"
1,0.43802248,"H indifferent","High type","high_i_below","region_polygon"
1,0.43602256,"H indifferent","High type","high_i_below","region_polygon"
1,0.43402264,"H indifferent","High type","high_i_below","region_polygon"
1,0.43202272,"H indifferent","High type","high_i_below","region_polygon"
1,0.4300228,"H indifferent","High type","high_i_below","region_polygon"
1,0.42802288,"H indifferent","High type","high_i_below","region_polygon"
1,0.42602296,"H indifferent","High type","high_i_below","region_polygon"
1,0.42402304,"H indifferent","High type","high_i_below","region_polygon"
1,0.42202312,"H indifferent","High type","high_i_below","region_polygon"
1,0.4200232,"H indifferent","High type","high_i_below","region_polygon"
1,0.41802328,"H indifferent","High type","high_i_below","region_polygon"
1,0.41602336,"H indifferent","High type","high_i_below","region_polygon"
1,0.41402344,"H indifferent","High type","high_i_below","region_polygon"
1,0.41202352,"H indifferent","High type","high_i_below","region_polygon"
1,0.4100236,"H indifferent","High type","high_i_below","region_polygon"
1,0.40802368,"H indifferent","High type","high_i_below","region_polygon"
1,0.40602376,"H indifferent","High type","high_i_below","region_polygon"
1,0.40402384,"H indifferent","High type","high_i_below","region_polygon"
1,0.40202392,"H indifferent","High type","high_i_below","region_polygon"
1,0.400024,"H indifferent","High type","high_i_below","region_polygon"
1,0.39802408,"H indifferent","High type","high_i_below","region_polygon"
1,0.39602416,"H indifferent","High type","high_i_below","region_polygon"
1,0.39402424,"H indifferent","High type","high_i_below","region_polygon"
1,0.39202432,"H indifferent","High type","high_i_below","region_polygon"
1,0.3900244,"H indifferent","High type","high_i_below","region_polygon"
1,0.38802448,"H indifferent","High type","high_i_below","region_polygon"
1,0.38602456,"H indifferent","High type","high_i_below","region_polygon"
1,0.38402464,"H indifferent","High type","high_i_below","region_polygon"
1,0.38202472,"H indifferent","High type","high_i_below","region_polygon"
1,0.3800248,"H indifferent","High type","high_i_below","region_polygon"
1,0.37802488,"H indifferent","High type","high_i_below","region_polygon"
1,0.37602496,"H indifferent","High type","high_i_below","region_polygon"
1,0.37402504,"H indifferent","High type","high_i_below","region_polygon"
1,0.37202512,"H indifferent","High type","high_i_below","region_polygon"
1,0.3700252,"H indifferent","High type","high_i_below","region_polygon"
1,0.36802528,"H indifferent","High type","high_i_below","region_polygon"
1,0.36602536,"H indifferent","High type","high_i_below","region_polygon"
1,0.36402544,"H indifferent","High type","high_i_below","region_polygon"
1,0.36202552,"H indifferent","High type","high_i_below","region_polygon"
1,0.3600256,"H indifferent","High type","high_i_below","region_polygon"
1,0.35802568,"H indifferent","High type","high_i_below","region_polygon"
1,0.35602576,"H indifferent","High type","high_i_below","region_polygon"
1,0.35402584,"H indifferent","High type","high_i_below","region_polygon"
1,0.35202592,"H indifferent","High type","high_i_below","region_polygon"
1,0.350026,"H indifferent","High type","high_i_below","region_polygon"
1,0.34802608,"H indifferent","High type","high_i_below","region_polygon"
1,0.34602616,"H indifferent","High type","high_i_below","region_polygon"
1,0.34402624,"H indifferent","High type","high_i_below","region_polygon"
1,0.34202632,"H indifferent","High type","high_i_below","region_polygon"
1,0.3400264,"H indifferent","High type","high_i_below","region_polygon"
1,0.33802648,"H indifferent","High type","high_i_below","region_polygon"
1,0.33602656,"H indifferent","High type","high_i_below","region_polygon"
1,0.33402664,"H indifferent","High type","high_i_below","region_polygon"
1,0.33202672,"H indifferent","High type","high_i_below","region_polygon"
1,0.3300268,"H indifferent","High type","high_i_below","region_polygon"
1,0.32802688,"H indifferent","High type","high_i_below","region_polygon"
1,0.32602696,"H indifferent","High type","high_i_below","region_polygon"
1,0.32402704,"H indifferent","High type","high_i_below","region_polygon"
1,0.32202712,"H indifferent","High type","high_i_below","region_polygon"
1,0.3200272,"H indifferent","High type","high_i_below","region_polygon"
1,0.31802728,"H indifferent","High type","high_i_below","region_polygon"
1,0.31602736,"H indifferent","High type","high_i_below","region_polygon"
1,0.31402744,"H indifferent","High type","high_i_below","region_polygon"
1,0.31202752,"H indifferent","High type","high_i_below","region_polygon"
1,0.3100276,"H indifferent","High type","high_i_below","region_polygon"
1,0.30802768,"H indifferent","High type","high_i_below","region_polygon"
1,0.30602776,"H indifferent","High type","high_i_below","region_polygon"
1,0.30402784,"H indifferent","High type","high_i_below","region_polygon"
1,0.30202792,"H indifferent","High type","high_i_below","region_polygon"
1,0.300028,"H indifferent","High type","high_i_below","region_polygon"
1,0.29802808,"H indifferent","High type","high_i_below","region_polygon"
1,0.29602816,"H indifferent","High type","high_i_below","region_polygon"
1,0.29402824,"H indifferent","High type","high_i_below","region_polygon"
1,0.29202832,"H indifferent","High type","high_i_below","region_polygon"
1,0.2900284,"H indifferent","High type","high_i_below","region_polygon"
1,0.28802848,"H indifferent","High type","high_i_below","region_polygon"
1,0.28602856,"H indifferent","High type","high_i_below","region_polygon"
1,0.28402864,"H indifferent","High type","high_i_below","region_polygon"
1,0.28202872,"H indifferent","High type","high_i_below","region_polygon"
1,0.2800288,"H indifferent","High type","high_i_below","region_polygon"
1,0.27802888,"H indifferent","High type","high_i_below","region_polygon"
1,0.27602896,"H indifferent","High type","high_i_below","region_polygon"
1,0.27402904,"H indifferent","High type","high_i_below","region_polygon"
1,0.27202912,"H indifferent","High type","high_i_below","region_polygon"
1,0.2700292,"H indifferent","High type","high_i_below","region_polygon"
1,0.26802928,"H indifferent","High type","high_i_below","region_polygon"
1,0.26602936,"H indifferent","High type","high_i_below","region_polygon"
1,0.26402944,"H indifferent","High type","high_i_below","region_polygon"
1,0.26202952,"H indifferent","High type","high_i_below","region_polygon"
1,0.2600296,"H indifferent","High type","high_i_below","region_polygon"
1,0.25802968,"H indifferent","High type","high_i_below","region_polygon"
1,0.25602976,"H indifferent","High type","high_i_below","region_polygon"
1,0.25402984,"H indifferent","High type","high_i_below","region_polygon"
1,0.25202992,"H indifferent","High type","high_i_below","region_polygon"
1,0.25003,"H indifferent","High type","high_i_below","region_polygon"
1,0.24803008,"H indifferent","High type","high_i_below","region_polygon"
1,0.24603016,"H indifferent","High type","high_i_below","region_polygon"
1,0.24403024,"H indifferent","High type","high_i_below","region_polygon"
1,0.24203032,"H indifferent","High type","high_i_below","region_polygon"
1,0.2400304,"H indifferent","High type","high_i_below","region_polygon"
1,0.23803048,"H indifferent","High type","high_i_below","region_polygon"
1,0.23603056,"H indifferent","High type","high_i_below","region_polygon"
1,0.23403064,"H indifferent","High type","high_i_below","region_polygon"
1,0.23203072,"H indifferent","High type","high_i_below","region_polygon"
1,0.2300308,"H indifferent","High type","high_i_below","region_polygon"
1,0.22803088,"H indifferent","High type","high_i_below","region_polygon"
1,0.22603096,"H indifferent","High type","high_i_below","region_polygon"
1,0.22403104,"H indifferent","High type","high_i_below","region_polygon"
1,0.22203112,"H indifferent","High type","high_i_below","region_polygon"
1,0.2200312,"H indifferent","High type","high_i_below","region_polygon"
1,0.21803128,"H indifferent","High type","high_i_below","region_polygon"
1,0.21603136,"H indifferent","High type","high_i_below","region_polygon"
1,0.21403144,"H indifferent","High type","high_i_below","region_polygon"
1,0.21203152,"H indifferent","High type","high_i_below","region_polygon"
1,0.2100316,"H indifferent","High type","high_i_below","region_polygon"
1,0.20803168,"H indifferent","High type","high_i_below","region_polygon"
1,0.20603176,"H indifferent","High type","high_i_below","region_polygon"
1,0.20403184,"H indifferent","High type","high_i_below","region_polygon"
1,0.20203192,"H indifferent","High type","high_i_below","region_polygon"
1,0.200032,"H indifferent","High type","high_i_below","region_polygon"
1,0.19803208,"H indifferent","High type","high_i_below","region_polygon"
1,0.19603216,"H indifferent","High type","high_i_below","region_polygon"
1,0.19403224,"H indifferent","High type","high_i_below","region_polygon"
1,0.19203232,"H indifferent","High type","high_i_below","region_polygon"
1,0.1900324,"H indifferent","High type","high_i_below","region_polygon"
1,0.18803248,"H indifferent","High type","high_i_below","region_polygon"
1,0.18603256,"H indifferent","High type","high_i_below","region_polygon"
1,0.18403264,"H indifferent","High type","high_i_below","region_polygon"
1,0.18203272,"H indifferent","High type","high_i_below","region_polygon"
1,0.1800328,"H indifferent","High type","high_i_below","region_polygon"
1,0.17803288,"H indifferent","High type","high_i_below","region_polygon"
1,0.17603296,"H indifferent","High type","high_i_below","region_polygon"
1,0.17403304,"H indifferent","High type","high_i_below","region_polygon"
1,0.17203312,"H indifferent","High type","high_i_below","region_polygon"
1,0.1700332,"H indifferent","High type","high_i_below","region_polygon"
1,0.16803328,"H indifferent","High type","high_i_below","region_polygon"
1,0.16603336,"H indifferent","High type","high_i_below","region_polygon"
1,0.16403344,"H indifferent","High type","high_i_below","region_polygon"
1,0.16203352,"H indifferent","High type","high_i_below","region_polygon"
1,0.1600336,"H indifferent","High type","high_i_below","region_polygon"
1,0.15803368,"H indifferent","High type","high_i_below","region_polygon"
1,0.15603376,"H indifferent","High type","high_i_below","region_polygon"
1,0.15403384,"H indifferent","High type","high_i_below","region_polygon"
1,0.15203392,"H indifferent","High type","high_i_below","region_polygon"
1,0.150034,"H indifferent","High type","high_i_below","region_polygon"
1,0.14803408,"H indifferent","High type","high_i_below","region_polygon"
1,0.14603416,"H indifferent","High type","high_i_below","region_polygon"
1,0.14403424,"H indifferent","High type","high_i_below","region_polygon"
1,0.14203432,"H indifferent","High type","high_i_below","region_polygon"
1,0.1400344,"H indifferent","High type","high_i_below","region_polygon"
1,0.13803448,"H indifferent","High type","high_i_below","region_polygon"
1,0.13603456,"H indifferent","High type","high_i_below","region_polygon"
1,0.13403464,"H indifferent","High type","high_i_below","region_polygon"
1,0.13203472,"H indifferent","High type","high_i_below","region_polygon"
1,0.1300348,"H indifferent","High type","high_i_below","region_polygon"
1,0.12803488,"H indifferent","High type","high_i_below","region_polygon"
1,0.12603496,"H indifferent","High type","high_i_below","region_polygon"
1,0.12403504,"H indifferent","High type","high_i_below","region_polygon"
1,0.12203512,"H indifferent","High type","high_i_below","region_polygon"
1,0.1200352,"H indifferent","High type","high_i_below","region_polygon"
1,0.11803528,"H indifferent","High type","high_i_below","region_polygon"
1,0.11603536,"H indifferent","High type","high_i_below","region_polygon"
1,0.11403544,"H indifferent","High type","high_i_below","region_polygon"
1,0.11203552,"H indifferent","High type","high_i_below","region_polygon"
1,0.1100356,"H indifferent","High type","high_i_below","region_polygon"
1,0.10803568,"H indifferent","High type","high_i_below","region_polygon"
1,0.10603576,"H indifferent","High type","high_i_below","region_polygon"
1,0.10403584,"H indifferent","High type","high_i_below","region_polygon"
1,0.10203592,"H indifferent","High type","high_i_below","region_polygon"
1,0.100036,"H indifferent","High type","high_i_below","region_polygon"
1,0.09803608,"H indifferent","High type","high_i_below","region_polygon"
1,0.09603616,"H indifferent","High type","high_i_below","region_polygon"
1,0.09403624,"H indifferent","High type","high_i_below","region_polygon"
1,0.09203632,"H indifferent","High type","high_i_below","region_polygon"
1,0.0900364,"H indifferent","High type","high_i_below","region_polygon"
1,0.08803648,"H indifferent","High type","high_i_below","region_polygon"
1,0.08603656,"H indifferent","High type","high_i_below","region_polygon"
1,0.08403664,"H indifferent","High type","high_i_below","region_polygon"
1,0.08203672,"H indifferent","High type","high_i_below","region_polygon"
1,0.0800368,"H indifferent","High type","high_i_below","region_polygon"
1,0.07803688,"H indifferent","High type","high_i_below","region_polygon"
1,0.07603696,"H indifferent","High type","high_i_below","region_polygon"
1,0.07403704,"H indifferent","High type","high_i_below","region_polygon"
1,0.07203712,"H indifferent","High type","high_i_below","region_polygon"
1,0.0700372,"H indifferent","High type","high_i_below","region_polygon"
1,0.06803728,"H indifferent","High type","high_i_below","region_polygon"
1,0.06603736,"H indifferent","High type","high_i_below","region_polygon"
1,0.06403744,"H indifferent","High type","high_i_below","region_polygon"
1,0.06203752,"H indifferent","High type","high_i_below","region_polygon"
1,0.0600376,"H indifferent","High type","high_i_below","region_polygon"
1,0.05803768,"H indifferent","High type","high_i_below","region_polygon"
1,0.05603776,"H indifferent","High type","high_i_below","region_polygon"
1,0.05403784,"H indifferent","High type","high_i_below","region_polygon"
1,0.05203792,"H indifferent","High type","high_i_below","region_polygon"
1,0.050038,"H indifferent","High type","high_i_below","region_polygon"
1,0.04803808,"H indifferent","High type","high_i_below","region_polygon"
1,0.04603816,"H indifferent","High type","high_i_below","region_polygon"
1,0.04403824,"H indifferent","High type","high_i_below","region_polygon"
1,0.04203832,"H indifferent","High type","high_i_below","region_polygon"
1,0.0400384,"H indifferent","High type","high_i_below","region_polygon"
1,0.03803848,"H indifferent","High type","high_i_below","region_polygon"
1,0.03603856,"H indifferent","High type","high_i_below","region_polygon"
1,0.03403864,"H indifferent","High type","high_i_below","region_polygon"
1,0.03203872,"H indifferent","High type","high_i_below","region_polygon"
1,0.0300388,"H indifferent","High type","high_i_below","region_polygon"
1,0.02803888,"H indifferent","High type","high_i_below","region_polygon"
1,0.02603896,"H indifferent","High type","high_i_below","region_polygon"
1,0.02403904,"H indifferent","High type","high_i_below","region_polygon"
1,0.02203912,"H indifferent","High type","high_i_below","region_polygon"
1,0.0200392,"H indifferent","High type","high_i_below","region_polygon"
1,0.01803928,"H indifferent","High type","high_i_below","region_polygon"
1,0.01603936,"H indifferent","High type","high_i_below","region_polygon"
1,0.01403944,"H indifferent","High type","high_i_below","region_polygon"
1,0.01203952,"H indifferent","High type","high_i_below","region_polygon"
1,0.0100396,"H indifferent","High type","high_i_below","region_polygon"
1,0.00803968,"H indifferent","High type","high_i_below","region_polygon"
1,0.00603976,"H indifferent","High type","high_i_below","region_polygon"
1,0.00403984,"H indifferent","High type","high_i_below","region_polygon"
1,0.00203992,"H indifferent","High type","high_i_below","region_polygon"
1,4e-05,"H indifferent","High type","high_i_below","region_polygon"
0.142857142857143,1,"H indifferent","High type","high_i_cross","region_polygon"
0.142955934825196,1.00060504850214,"H indifferent","High type","high_i_cross","region_polygon"
0.143054743874469,1.00121009700427,"H indifferent","High type","high_i_cross","region_polygon"
0.143153570009392,1.00181514550641,"H indifferent","High type","high_i_cross","region_polygon"
0.143252413234396,1.00242019400855,"H indifferent","High type","high_i_cross","region_polygon"
0.143351273553915,1.00302524251069,"H indifferent","High type","high_i_cross","region_polygon"
0.143450150972384,1.00363029101282,"H indifferent","High type","high_i_cross","region_polygon"
0.14354904549424,1.00423533951496,"H indifferent","High type","high_i_cross","region_polygon"
0.14364795712392,1.0048403880171,"H indifferent","High type","high_i_cross","region_polygon"
0.143746885865865,1.00544543651923,"H indifferent","High type","high_i_cross","region_polygon"
0.143845831724515,1.00605048502137,"H indifferent","High type","high_i_cross","region_polygon"
0.143944794704314,1.00665553352351,"H indifferent","High type","high_i_cross","region_polygon"
0.144043774809705,1.00726058202565,"H indifferent","High type","high_i_cross","region_polygon"
0.144142772045134,1.00786563052778,"H indifferent","High type","high_i_cross","region_polygon"
0.144241786415049,1.00847067902992,"H indifferent","High type","high_i_cross","region_polygon"
0.144340817923899,1.00907572753206,"H indifferent","High type","high_i_cross","region_polygon"
0.144439866576133,1.0096807760342,"H indifferent","High type","high_i_cross","region_polygon"
0.144538932376203,1.01028582453633,"H indifferent","High type","high_i_cross","region_polygon"
0.144638015328564,1.01089087303847,"H indifferent","High type","high_i_cross","region_polygon"
0.14473711543767,1.01149592154061,"H indifferent","High type","high_i_cross","region_polygon"
0.144836232707978,1.01210097004274,"H indifferent","High type","high_i_cross","region_polygon"
0.144935367143946,1.01270601854488,"H indifferent","High type","high_i_cross","region_polygon"
0.145034518750033,1.01331106704702,"H indifferent","High type","high_i_cross","region_polygon"
0.145133687530701,1.01391611554916,"H indifferent","High type","high_i_cross","region_polygon"
0.145232873490413,1.01452116405129,"H indifferent","High type","high_i_cross","region_polygon"
0.145332076633632,1.01512621255343,"H indifferent","High type","high_i_cross","region_polygon"
0.145431296964824,1.01573126105557,"H indifferent","High type","high_i_cross","region_polygon"
0.145530534488458,1.0163363095577,"H indifferent","High type","high_i_cross","region_polygon"
0.145629789209002,1.01694135805984,"H indifferent","High type","high_i_cross","region_polygon"
0.145729061130925,1.01754640656198,"H indifferent","High type","high_i_cross","region_polygon"
0.145828350258702,1.01815145506412,"H indifferent","High type","high_i_cross","region_polygon"
0.145927656596804,1.01875650356625,"H indifferent","High type","high_i_cross","region_polygon"
0.146026980149707,1.01936155206839,"H indifferent","High type","high_i_cross","region_polygon"
0.146126320921888,1.01996660057053,"H indifferent","High type","high_i_cross","region_polygon"
0.146225678917825,1.02057164907267,"H indifferent","High type","high_i_cross","region_polygon"
0.146325054141998,1.0211766975748,"H indifferent","High type","high_i_cross","region_polygon"
0.146424446598888,1.02178174607694,"H indifferent","High type","high_i_cross","region_polygon"
0.146523856292977,1.02238679457908,"H indifferent","High type","high_i_cross","region_polygon"
0.146623283228752,1.02299184308121,"H indifferent","High type","high_i_cross","region_polygon"
0.146722727410696,1.02359689158335,"H indifferent","High type","high_i_cross","region_polygon"
0.146822188843299,1.02420194008549,"H indifferent","High type","high_i_cross","region_polygon"
0.146921667531049,1.02480698858763,"H indifferent","High type","high_i_cross","region_polygon"
0.147021163478437,1.02541203708976,"H indifferent","High type","high_i_cross","region_polygon"
0.147120676689954,1.0260170855919,"H indifferent","High type","high_i_cross","region_polygon"
0.147220207170096,1.02662213409404,"H indifferent","High type","high_i_cross","region_polygon"
0.147319754923357,1.02722718259617,"H indifferent","High type","high_i_cross","region_polygon"
0.147419319954233,1.02783223109831,"H indifferent","High type","high_i_cross","region_polygon"
0.147518902267225,1.02843727960045,"H indifferent","High type","high_i_cross","region_polygon"
0.147618501866831,1.02904232810259,"H indifferent","High type","high_i_cross","region_polygon"
0.147718118757553,1.02964737660472,"H indifferent","High type","high_i_cross","region_polygon"
0.147817752943894,1.03025242510686,"H indifferent","High type","high_i_cross","region_polygon"
0.14791740443036,1.030857473609,"H indifferent","High type","high_i_cross","region_polygon"
0.148017073221456,1.03146252211113,"H indifferent","High type","high_i_cross","region_polygon"
0.14811675932169,1.03206757061327,"H indifferent","High type","high_i_cross","region_polygon"
0.148216462735572,1.03267261911541,"H indifferent","High type","high_i_cross","region_polygon"
0.148316183467612,1.03327766761755,"H indifferent","High type","high_i_cross","region_polygon"
0.148415921522324,1.03388271611968,"H indifferent","High type","high_i_cross","region_polygon"
0.148515676904221,1.03448776462182,"H indifferent","High type","high_i_cross","region_polygon"
0.148615449617818,1.03509281312396,"H indifferent","High type","high_i_cross","region_polygon"
0.148715239667635,1.0356978616261,"H indifferent","High type","high_i_cross","region_polygon"
0.148815047058188,1.03630291012823,"H indifferent","High type","high_i_cross","region_polygon"
0.148914871793998,1.03690795863037,"H indifferent","High type","high_i_cross","region_polygon"
0.149014713879589,1.03751300713251,"H indifferent","High type","high_i_cross","region_polygon"
0.149114573319482,1.03811805563464,"H indifferent","High type","high_i_cross","region_polygon"
0.149214450118203,1.03872310413678,"H indifferent","High type","high_i_cross","region_polygon"
0.149314344280279,1.03932815263892,"H indifferent","High type","high_i_cross","region_polygon"
0.149414255810238,1.03993320114106,"H indifferent","High type","high_i_cross","region_polygon"
0.14951418471261,1.04053824964319,"H indifferent","High type","high_i_cross","region_polygon"
0.149614130991926,1.04114329814533,"H indifferent","High type","high_i_cross","region_polygon"
0.14971409465272,1.04174834664747,"H indifferent","High type","high_i_cross","region_polygon"
0.149814075699526,1.0423533951496,"H indifferent","High type","high_i_cross","region_polygon"
0.149914074136879,1.04295844365174,"H indifferent","High type","high_i_cross","region_polygon"
0.150014089969318,1.04356349215388,"H indifferent","High type","high_i_cross","region_polygon"
0.150114123201383,1.04416854065602,"H indifferent","High type","high_i_cross","region_polygon"
0.150214173837613,1.04477358915815,"H indifferent","High type","high_i_cross","region_polygon"
0.150314241882551,1.04537863766029,"H indifferent","High type","high_i_cross","region_polygon"
0.150414327340742,1.04598368616243,"H indifferent","High type","high_i_cross","region_polygon"
0.150514430216732,1.04658873466457,"H indifferent","High type","high_i_cross","region_polygon"
0.150614550515066,1.0471937831667,"H indifferent","High type","high_i_cross","region_polygon"
0.150714688240294,1.04779883166884,"H indifferent","High type","high_i_cross","region_polygon"
0.150814843396967,1.04840388017098,"H indifferent","High type","high_i_cross","region_polygon"
0.150915015989636,1.04900892867311,"H indifferent","High type","high_i_cross","region_polygon"
0.151015206022855,1.04961397717525,"H indifferent","High type","high_i_cross","region_polygon"
0.151115413501179,1.05021902567739,"H indifferent","High type","high_i_cross","region_polygon"
0.151215638429165,1.05082407417953,"H indifferent","High type","high_i_cross","region_polygon"
0.151315880811371,1.05142912268166,"H indifferent","High type","high_i_cross","region_polygon"
0.151416140652356,1.0520341711838,"H indifferent","High type","high_i_cross","region_polygon"
0.151516417956684,1.05263921968594,"H indifferent","High type","high_i_cross","region_polygon"
0.151616712728915,1.05324426818807,"H indifferent","High type","high_i_cross","region_polygon"
0.151717024973616,1.05384931669021,"H indifferent","High type","high_i_cross","region_polygon"
0.151817354695352,1.05445436519235,"H indifferent","High type","high_i_cross","region_polygon"
0.151917701898692,1.05505941369449,"H indifferent","High type","high_i_cross","region_polygon"
0.152018066588204,1.05566446219662,"H indifferent","High type","high_i_cross","region_polygon"
0.152118448768459,1.05626951069876,"H indifferent","High type","high_i_cross","region_polygon"
0.152218848444031,1.0568745592009,"H indifferent","High type","high_i_cross","region_polygon"
0.152319265619494,1.05747960770303,"H indifferent","High type","high_i_cross","region_polygon"
0.152419700299423,1.05808465620517,"H indifferent","High type","high_i_cross","region_polygon"
0.152520152488395,1.05868970470731,"H indifferent","High type","high_i_cross","region_polygon"
0.15262062219099,1.05929475320945,"H indifferent","High type","high_i_cross","region_polygon"
0.152721109411789,1.05989980171158,"H indifferent","High type","high_i_cross","region_polygon"
0.152821614155373,1.06050485021372,"H indifferent","High type","high_i_cross","region_polygon"
0.152922136426326,1.06110989871586,"H indifferent","High type","high_i_cross","region_polygon"
0.153022676229234,1.061714947218,"H indifferent","High type","high_i_cross","region_polygon"
0.153123233568684,1.06231999572013,"H indifferent","High type","high_i_cross","region_polygon"
0.153223808449263,1.06292504422227,"H indifferent","High type","high_i_cross","region_polygon"
0.153324400875564,1.06353009272441,"H indifferent","High type","high_i_cross","region_polygon"
0.153425010852176,1.06413514122654,"H indifferent","High type","high_i_cross","region_polygon"
0.153525638383694,1.06474018972868,"H indifferent","High type","high_i_cross","region_polygon"
0.153626283474713,1.06534523823082,"H indifferent","High type","high_i_cross","region_polygon"
0.153726946129828,1.06595028673296,"H indifferent","High type","high_i_cross","region_polygon"
0.15382762635364,1.06655533523509,"H indifferent","High type","high_i_cross","region_polygon"
0.153928324150746,1.06716038373723,"H indifferent","High type","high_i_cross","region_polygon"
0.154029039525749,1.06776543223937,"H indifferent","High type","high_i_cross","region_polygon"
0.154129772483252,1.0683704807415,"H indifferent","High type","high_i_cross","region_polygon"
0.154230523027859,1.06897552924364,"H indifferent","High type","high_i_cross","region_polygon"
0.154331291164176,1.06958057774578,"H indifferent","High type","high_i_cross","region_polygon"
0.154432076896812,1.07018562624792,"H indifferent","High type","high_i_cross","region_polygon"
0.154532880230376,1.07079067475005,"H indifferent","High type","high_i_cross","region_polygon"
0.154633701169478,1.07139572325219,"H indifferent","High type","high_i_cross","region_polygon"
0.154734539718732,1.07200077175433,"H indifferent","High type","high_i_cross","region_polygon"
0.154835395882752,1.07260582025646,"H indifferent","High type","high_i_cross","region_polygon"
0.154936269666154,1.0732108687586,"H indifferent","High type","high_i_cross","region_polygon"
0.155037161073555,1.07381591726074,"H indifferent","High type","high_i_cross","region_polygon"
0.155138070109574,1.07442096576288,"H indifferent","High type","high_i_cross","region_polygon"
0.155238996778833,1.07502601426501,"H indifferent","High type","high_i_cross","region_polygon"
0.155339941085953,1.07563106276715,"H indifferent","High type","high_i_cross","region_polygon"
0.155440903035558,1.07623611126929,"H indifferent","High type","high_i_cross","region_polygon"
0.155541882632274,1.07684115977143,"H indifferent","High type","high_i_cross","region_polygon"
0.155642879880729,1.07744620827356,"H indifferent","High type","high_i_cross","region_polygon"
0.155743894785551,1.0780512567757,"H indifferent","High type","high_i_cross","region_polygon"
0.15584492735137,1.07865630527784,"H indifferent","High type","high_i_cross","region_polygon"
0.155945977582819,1.07926135377997,"H indifferent","High type","high_i_cross","region_polygon"
0.156047045484531,1.07986640228211,"H indifferent","High type","high_i_cross","region_polygon"
0.156148131061141,1.08047145078425,"H indifferent","High type","high_i_cross","region_polygon"
0.156249234317287,1.08107649928639,"H indifferent","High type","high_i_cross","region_polygon"
0.156350355257607,1.08168154778852,"H indifferent","High type","high_i_cross","region_polygon"
0.156451493886741,1.08228659629066,"H indifferent","High type","high_i_cross","region_polygon"
0.156552650209331,1.0828916447928,"H indifferent","High type","high_i_cross","region_polygon"
0.156653824230021,1.08349669329493,"H indifferent","High type","high_i_cross","region_polygon"
0.156755015953455,1.08410174179707,"H indifferent","High type","high_i_cross","region_polygon"
0.15685622538428,1.08470679029921,"H indifferent","High type","high_i_cross","region_polygon"
0.156957452527145,1.08531183880135,"H indifferent","High type","high_i_cross","region_polygon"
0.157058697386698,1.08591688730348,"H indifferent","High type","high_i_cross","region_polygon"
0.157159959967593,1.08652193580562,"H indifferent","High type","high_i_cross","region_polygon"
0.157261240274482,1.08712698430776,"H indifferent","High type","high_i_cross","region_polygon"
0.157362538312019,1.0877320328099,"H indifferent","High type","high_i_cross","region_polygon"
0.157463854084862,1.08833708131203,"H indifferent","High type","high_i_cross","region_polygon"
0.157565187597668,1.08894212981417,"H indifferent","High type","high_i_cross","region_polygon"
0.157666538855097,1.08954717831631,"H indifferent","High type","high_i_cross","region_polygon"
0.15776790786181,1.09015222681844,"H indifferent","High type","high_i_cross","region_polygon"
0.157869294622471,1.09075727532058,"H indifferent","High type","high_i_cross","region_polygon"
0.157970699141744,1.09136232382272,"H indifferent","High type","high_i_cross","region_polygon"
0.158072121424295,1.09196737232486,"H indifferent","High type","high_i_cross","region_polygon"
0.158173561474792,1.09257242082699,"H indifferent","High type","high_i_cross","region_polygon"
0.158275019297904,1.09317746932913,"H indifferent","High type","high_i_cross","region_polygon"
0.158376494898303,1.09378251783127,"H indifferent","High type","high_i_cross","region_polygon"
0.158477988280661,1.0943875663334,"H indifferent","High type","high_i_cross","region_polygon"
0.158579499449654,1.09499261483554,"H indifferent","High type","high_i_cross","region_polygon"
0.158681028409956,1.09559766333768,"H indifferent","High type","high_i_cross","region_polygon"
0.158782575166245,1.09620271183982,"H indifferent","High type","high_i_cross","region_polygon"
0.158884139723202,1.09680776034195,"H indifferent","High type","high_i_cross","region_polygon"
0.158985722085507,1.09741280884409,"H indifferent","High type","high_i_cross","region_polygon"
0.159087322257841,1.09801785734623,"H indifferent","High type","high_i_cross","region_polygon"
0.159188940244891,1.09862290584836,"H indifferent","High type","high_i_cross","region_polygon"
0.159290576051341,1.0992279543505,"H indifferent","High type","high_i_cross","region_polygon"
0.15939222968188,1.09983300285264,"H indifferent","High type","high_i_cross","region_polygon"
0.159493901141196,1.10043805135478,"H indifferent","High type","high_i_cross","region_polygon"
0.15959559043398,1.10104309985691,"H indifferent","High type","high_i_cross","region_polygon"
0.159697297564924,1.10164814835905,"H indifferent","High type","high_i_cross","region_polygon"
0.159799022538724,1.10225319686119,"H indifferent","High type","high_i_cross","region_polygon"
0.159900765360074,1.10285824536333,"H indifferent","High type","high_i_cross","region_polygon"
0.160002526033672,1.10346329386546,"H indifferent","High type","high_i_cross","region_polygon"
0.160104304564216,1.1040683423676,"H indifferent","High type","high_i_cross","region_polygon"
0.160206100956409,1.10467339086974,"H indifferent","High type","high_i_cross","region_polygon"
0.160307915214952,1.10527843937187,"H indifferent","High type","high_i_cross","region_polygon"
0.160409747344549,1.10588348787401,"H indifferent","High type","high_i_cross","region_polygon"
0.160511597349905,1.10648853637615,"H indifferent","High type","high_i_cross","region_polygon"
0.160613465235729,1.10709358487829,"H indifferent","High type","high_i_cross","region_polygon"
0.160715351006729,1.10769863338042,"H indifferent","High type","high_i_cross","region_polygon"
0.160817254667615,1.10830368188256,"H indifferent","High type","high_i_cross","region_polygon"
0.160919176223101,1.1089087303847,"H indifferent","High type","high_i_cross","region_polygon"
0.161021115677899,1.10951377888683,"H indifferent","High type","high_i_cross","region_polygon"
0.161123073036726,1.11011882738897,"H indifferent","High type","high_i_cross","region_polygon"
0.161225048304299,1.11072387589111,"H indifferent","High type","high_i_cross","region_polygon"
0.161327041485336,1.11132892439325,"H indifferent","High type","high_i_cross","region_polygon"
0.161429052584559,1.11193397289538,"H indifferent","High type","high_i_cross","region_polygon"
0.161531081606689,1.11253902139752,"H indifferent","High type","high_i_cross","region_polygon"
0.16163312855645,1.11314406989966,"H indifferent","High type","high_i_cross","region_polygon"
0.161735193438568,1.11374911840179,"H indifferent","High type","high_i_cross","region_polygon"
0.16183727625777,1.11435416690393,"H indifferent","High type","high_i_cross","region_polygon"
0.161939377018785,1.11495921540607,"H indifferent","High type","high_i_cross","region_polygon"
0.162041495726344,1.11556426390821,"H indifferent","High type","high_i_cross","region_polygon"
0.162143632385178,1.11616931241034,"H indifferent","High type","high_i_cross","region_polygon"
0.162245787000022,1.11677436091248,"H indifferent","High type","high_i_cross","region_polygon"
0.16234795957561,1.11737940941462,"H indifferent","High type","high_i_cross","region_polygon"
0.162450150116681,1.11798445791676,"H indifferent","High type","high_i_cross","region_polygon"
0.162552358627973,1.11858950641889,"H indifferent","High type","high_i_cross","region_polygon"
0.162654585114226,1.11919455492103,"H indifferent","High type","high_i_cross","region_polygon"
0.162756829580184,1.11979960342317,"H indifferent","High type","high_i_cross","region_polygon"
0.162859092030588,1.1204046519253,"H indifferent","High type","high_i_cross","region_polygon"
0.162961372470186,1.12100970042744,"H indifferent","High type","high_i_cross","region_polygon"
0.163063670903724,1.12161474892958,"H indifferent","High type","high_i_cross","region_polygon"
0.163165987335952,1.12221979743172,"H indifferent","High type","high_i_cross","region_polygon"
0.163268321771619,1.12282484593385,"H indifferent","High type","high_i_cross","region_polygon"
0.163370674215478,1.12342989443599,"H indifferent","High type","high_i_cross","region_polygon"
0.163473044672282,1.12403494293813,"H indifferent","High type","high_i_cross","region_polygon"
0.163575433146788,1.12463999144026,"H indifferent","High type","high_i_cross","region_polygon"
0.163677839643753,1.1252450399424,"H indifferent","High type","high_i_cross","region_polygon"
0.163780264167935,1.12585008844454,"H indifferent","High type","high_i_cross","region_polygon"
0.163882706724095,1.12645513694668,"H indifferent","High type","high_i_cross","region_polygon"
0.163985167316995,1.12706018544881,"H indifferent","High type","high_i_cross","region_polygon"
0.1640876459514,1.12766523395095,"H indifferent","High type","high_i_cross","region_polygon"
0.164190142632074,1.12827028245309,"H indifferent","High type","high_i_cross","region_polygon"
0.164292657363785,1.12887533095523,"H indifferent","High type","high_i_cross","region_polygon"
0.164395190151303,1.12948037945736,"H indifferent","High type","high_i_cross","region_polygon"
0.164497740999397,1.1300854279595,"H indifferent","High type","high_i_cross","region_polygon"
0.16460030991284,1.13069047646164,"H indifferent","High type","high_i_cross","region_polygon"
0.164702896896406,1.13129552496377,"H indifferent","High type","high_i_cross","region_polygon"
0.164805501954871,1.13190057346591,"H indifferent","High type","high_i_cross","region_polygon"
0.164908125093012,1.13250562196805,"H indifferent","High type","high_i_cross","region_polygon"
0.165010766315608,1.13311067047019,"H indifferent","High type","high_i_cross","region_polygon"
0.16511342562744,1.13371571897232,"H indifferent","High type","high_i_cross","region_polygon"
0.16521610303329,1.13432076747446,"H indifferent","High type","high_i_cross","region_polygon"
0.165318798537943,1.1349258159766,"H indifferent","High type","high_i_cross","region_polygon"
0.165421512146184,1.13553086447873,"H indifferent","High type","high_i_cross","region_polygon"
0.1655242438628,1.13613591298087,"H indifferent","High type","high_i_cross","region_polygon"
0.165626993692582,1.13674096148301,"H indifferent","High type","high_i_cross","region_polygon"
0.165729761640319,1.13734600998515,"H indifferent","High type","high_i_cross","region_polygon"
0.165832547710805,1.13795105848728,"H indifferent","High type","high_i_cross","region_polygon"
0.165935351908833,1.13855610698942,"H indifferent","High type","high_i_cross","region_polygon"
0.166038174239199,1.13916115549156,"H indifferent","High type","high_i_cross","region_polygon"
0.166141014706702,1.13976620399369,"H indifferent","High type","high_i_cross","region_polygon"
0.16624387331614,1.14037125249583,"H indifferent","High type","high_i_cross","region_polygon"
0.166346750072314,1.14097630099797,"H indifferent","High type","high_i_cross","region_polygon"
0.166449644980028,1.14158134950011,"H indifferent","High type","high_i_cross","region_polygon"
0.166552558044085,1.14218639800224,"H indifferent","High type","high_i_cross","region_polygon"
0.166655489269291,1.14279144650438,"H indifferent","High type","high_i_cross","region_polygon"
0.166758438660455,1.14339649500652,"H indifferent","High type","high_i_cross","region_polygon"
0.166861406222386,1.14400154350866,"H indifferent","High type","high_i_cross","region_polygon"
0.166964391959895,1.14460659201079,"H indifferent","High type","high_i_cross","region_polygon"
0.167067395877795,1.14521164051293,"H indifferent","High type","high_i_cross","region_polygon"
0.167170417980901,1.14581668901507,"H indifferent","High type","high_i_cross","region_polygon"
0.167273458274028,1.1464217375172,"H indifferent","High type","high_i_cross","region_polygon"
0.167376516761996,1.14702678601934,"H indifferent","High type","high_i_cross","region_polygon"
0.167479593449623,1.14763183452148,"H indifferent","High type","high_i_cross","region_polygon"
0.16758268834173,1.14823688302362,"H indifferent","High type","high_i_cross","region_polygon"
0.167685801443142,1.14884193152575,"H indifferent","High type","high_i_cross","region_polygon"
0.167788932758683,1.14944698002789,"H indifferent","High type","high_i_cross","region_polygon"
0.167892082293178,1.15005202853003,"H indifferent","High type","high_i_cross","region_polygon"
0.167995250051458,1.15065707703216,"H indifferent","High type","high_i_cross","region_polygon"
0.168098436038351,1.1512621255343,"H indifferent","High type","high_i_cross","region_polygon"
0.168201640258689,1.15186717403644,"H indifferent","High type","high_i_cross","region_polygon"
0.168304862717305,1.15247222253858,"H indifferent","High type","high_i_cross","region_polygon"
0.168408103419035,1.15307727104071,"H indifferent","High type","high_i_cross","region_polygon"
0.168511362368714,1.15368231954285,"H indifferent","High type","high_i_cross","region_polygon"
0.168614639571183,1.15428736804499,"H indifferent","High type","high_i_cross","region_polygon"
0.16871793503128,1.15489241654713,"H indifferent","High type","high_i_cross","region_polygon"
0.168821248753848,1.15549746504926,"H indifferent","High type","high_i_cross","region_polygon"
0.16892458074373,1.1561025135514,"H indifferent","High type","high_i_cross","region_polygon"
0.169027931005772,1.15670756205354,"H indifferent","High type","high_i_cross","region_polygon"
0.16913129954482,1.15731261055567,"H indifferent","High type","high_i_cross","region_polygon"
0.169234686365724,1.15791765905781,"H indifferent","High type","high_i_cross","region_polygon"
0.169338091473334,1.15852270755995,"H indifferent","High type","high_i_cross","region_polygon"
0.169441514872501,1.15912775606209,"H indifferent","High type","high_i_cross","region_polygon"
0.16954495656808,1.15973280456422,"H indifferent","High type","high_i_cross","region_polygon"
0.169648416564927,1.16033785306636,"H indifferent","High type","high_i_cross","region_polygon"
0.169751894867898,1.1609429015685,"H indifferent","High type","high_i_cross","region_polygon"
0.169855391481853,1.16154795007063,"H indifferent","High type","high_i_cross","region_polygon"
0.169958906411653,1.16215299857277,"H indifferent","High type","high_i_cross","region_polygon"
0.170062439662159,1.16275804707491,"H indifferent","High type","high_i_cross","region_polygon"
0.170165991238237,1.16336309557705,"H indifferent","High type","high_i_cross","region_polygon"
0.170269561144752,1.16396814407918,"H indifferent","High type","high_i_cross","region_polygon"
0.170373149386572,1.16457319258132,"H indifferent","High type","high_i_cross","region_polygon"
0.170476755968566,1.16517824108346,"H indifferent","High type","high_i_cross","region_polygon"
0.170580380895605,1.16578328958559,"H indifferent","High type","high_i_cross","region_polygon"
0.170684024172562,1.16638833808773,"H indifferent","High type","high_i_cross","region_polygon"
0.170787685804311,1.16699338658987,"H indifferent","High type","high_i_cross","region_polygon"
0.170891365795729,1.16759843509201,"H indifferent","High type","high_i_cross","region_polygon"
0.170995064151695,1.16820348359414,"H indifferent","High type","high_i_cross","region_polygon"
0.171098780877086,1.16880853209628,"H indifferent","High type","high_i_cross","region_polygon"
0.171202515976786,1.16941358059842,"H indifferent","High type","high_i_cross","region_polygon"
0.171306269455677,1.17001862910056,"H indifferent","High type","high_i_cross","region_polygon"
0.171410041318644,1.17062367760269,"H indifferent","High type","high_i_cross","region_polygon"
0.171513831570574,1.17122872610483,"H indifferent","High type","high_i_cross","region_polygon"
0.171617640216355,1.17183377460697,"H indifferent","High type","high_i_cross","region_polygon"
0.171721467260877,1.1724388231091,"H indifferent","High type","high_i_cross","region_polygon"
0.171825312709032,1.17304387161124,"H indifferent","High type","high_i_cross","region_polygon"
0.171929176565714,1.17364892011338,"H indifferent","High type","high_i_cross","region_polygon"
0.172033058835818,1.17425396861552,"H indifferent","High type","high_i_cross","region_polygon"
0.17213695952424,1.17485901711765,"H indifferent","High type","high_i_cross","region_polygon"
0.172240878635881,1.17546406561979,"H indifferent","High type","high_i_cross","region_polygon"
0.17234481617564,1.17606911412193,"H indifferent","High type","high_i_cross","region_polygon"
0.172448772148419,1.17667416262406,"H indifferent","High type","high_i_cross","region_polygon"
0.172552746559123,1.1772792111262,"H indifferent","High type","high_i_cross","region_polygon"
0.172656739412658,1.17788425962834,"H indifferent","High type","high_i_cross","region_polygon"
0.17276075071393,1.17848930813048,"H indifferent","High type","high_i_cross","region_polygon"
0.172864780467849,1.17909435663261,"H indifferent","High type","high_i_cross","region_polygon"
0.172968828679326,1.17969940513475,"H indifferent","High type","high_i_cross","region_polygon"
0.173072895353273,1.18030445363689,"H indifferent","High type","high_i_cross","region_polygon"
0.173176980494606,1.18090950213903,"H indifferent","High type","high_i_cross","region_polygon"
0.17328108410824,1.18151455064116,"H indifferent","High type","high_i_cross","region_polygon"
0.173385206199094,1.1821195991433,"H indifferent","High type","high_i_cross","region_polygon"
0.173489346772086,1.18272464764544,"H indifferent","High type","high_i_cross","region_polygon"
0.173593505832139,1.18332969614757,"H indifferent","High type","high_i_cross","region_polygon"
0.173697683384175,1.18393474464971,"H indifferent","High type","high_i_cross","region_polygon"
0.17380187943312,1.18453979315185,"H indifferent","High type","high_i_cross","region_polygon"
0.1739060939839,1.18514484165399,"H indifferent","High type","high_i_cross","region_polygon"
0.174010327041443,1.18574989015612,"H indifferent","High type","high_i_cross","region_polygon"
0.17411457861068,1.18635493865826,"H indifferent","High type","high_i_cross","region_polygon"
0.174218848696543,1.1869599871604,"H indifferent","High type","high_i_cross","region_polygon"
0.174323137303965,1.18756503566253,"H indifferent","High type","high_i_cross","region_polygon"
0.174427444437882,1.18817008416467,"H indifferent","High type","high_i_cross","region_polygon"
0.174531770103231,1.18877513266681,"H indifferent","High type","high_i_cross","region_polygon"
0.174636114304951,1.18938018116895,"H indifferent","High type","high_i_cross","region_polygon"
0.174740477047983,1.18998522967108,"H indifferent","High type","high_i_cross","region_polygon"
0.174844858337268,1.19059027817322,"H indifferent","High type","high_i_cross","region_polygon"
0.174949258177752,1.19119532667536,"H indifferent","High type","high_i_cross","region_polygon"
0.17505367657438,1.19180037517749,"H indifferent","High type","high_i_cross","region_polygon"
0.1751581135321,1.19240542367963,"H indifferent","High type","high_i_cross","region_polygon"
0.175262569055862,1.19301047218177,"H indifferent","High type","high_i_cross","region_polygon"
0.175367043150616,1.19361552068391,"H indifferent","High type","high_i_cross","region_polygon"
0.175471535821316,1.19422056918604,"H indifferent","High type","high_i_cross","region_polygon"
0.175576047072916,1.19482561768818,"H indifferent","High type","high_i_cross","region_polygon"
0.175680576910373,1.19543066619032,"H indifferent","High type","high_i_cross","region_polygon"
0.175785125338646,1.19603571469246,"H indifferent","High type","high_i_cross","region_polygon"
0.175889692362694,1.19664076319459,"H indifferent","High type","high_i_cross","region_polygon"
0.175994277987479,1.19724581169673,"H indifferent","High type","high_i_cross","region_polygon"
0.176098882217964,1.19785086019887,"H indifferent","High type","high_i_cross","region_polygon"
0.176203505059116,1.198455908701,"H indifferent","High type","high_i_cross","region_polygon"
0.176308146515901,1.19906095720314,"H indifferent","High type","high_i_cross","region_polygon"
0.176412806593288,1.19966600570528,"H indifferent","High type","high_i_cross","region_polygon"
0.176517485296248,1.20027105420742,"H indifferent","High type","high_i_cross","region_polygon"
0.176622182629753,1.20087610270955,"H indifferent","High type","high_i_cross","region_polygon"
0.176726898598778,1.20148115121169,"H indifferent","High type","high_i_cross","region_polygon"
0.176831633208297,1.20208619971383,"H indifferent","High type","high_i_cross","region_polygon"
0.17693638646329,1.20269124821596,"H indifferent","High type","high_i_cross","region_polygon"
0.177041158368736,1.2032962967181,"H indifferent","High type","high_i_cross","region_polygon"
0.177145948929615,1.20390134522024,"H indifferent","High type","high_i_cross","region_polygon"
0.177250758150911,1.20450639372238,"H indifferent","High type","high_i_cross","region_polygon"
0.177355586037609,1.20511144222451,"H indifferent","High type","high_i_cross","region_polygon"
0.177460432594695,1.20571649072665,"H indifferent","High type","high_i_cross","region_polygon"
0.177565297827158,1.20632153922879,"H indifferent","High type","high_i_cross","region_polygon"
0.177670181739988,1.20692658773092,"H indifferent","High type","high_i_cross","region_polygon"
0.177775084338176,1.20753163623306,"H indifferent","High type","high_i_cross","region_polygon"
0.177880005626718,1.2081366847352,"H indifferent","High type","high_i_cross","region_polygon"
0.177984945610607,1.20874173323734,"H indifferent","High type","high_i_cross","region_polygon"
0.178089904294841,1.20934678173947,"H indifferent","High type","high_i_cross","region_polygon"
0.17819488168442,1.20995183024161,"H indifferent","High type","high_i_cross","region_polygon"
0.178299877784345,1.21055687874375,"H indifferent","High type","high_i_cross","region_polygon"
0.178404892599617,1.21116192724589,"H indifferent","High type","high_i_cross","region_polygon"
0.178509926135241,1.21176697574802,"H indifferent","High type","high_i_cross","region_polygon"
0.178614978396223,1.21237202425016,"H indifferent","High type","high_i_cross","region_polygon"
0.178720049387573,1.2129770727523,"H indifferent","High type","high_i_cross","region_polygon"
0.178825139114298,1.21358212125443,"H indifferent","High type","high_i_cross","region_polygon"
0.178930247581411,1.21418716975657,"H indifferent","High type","high_i_cross","region_polygon"
0.179035374793925,1.21479221825871,"H indifferent","High type","high_i_cross","region_polygon"
0.179140520756855,1.21539726676085,"H indifferent","High type","high_i_cross","region_polygon"
0.179245685475219,1.21600231526298,"H indifferent","High type","high_i_cross","region_polygon"
0.179350868954034,1.21660736376512,"H indifferent","High type","high_i_cross","region_polygon"
0.179456071198321,1.21721241226726,"H indifferent","High type","high_i_cross","region_polygon"
0.179561292213103,1.21781746076939,"H indifferent","High type","high_i_cross","region_polygon"
0.179666532003404,1.21842250927153,"H indifferent","High type","high_i_cross","region_polygon"
0.17977179057425,1.21902755777367,"H indifferent","High type","high_i_cross","region_polygon"
0.179877067930667,1.21963260627581,"H indifferent","High type","high_i_cross","region_polygon"
0.179982364077686,1.22023765477794,"H indifferent","High type","high_i_cross","region_polygon"
0.180087679020338,1.22084270328008,"H indifferent","High type","high_i_cross","region_polygon"
0.180193012763656,1.22144775178222,"H indifferent","High type","high_i_cross","region_polygon"
0.180298365312675,1.22205280028436,"H indifferent","High type","high_i_cross","region_polygon"
0.180403736672432,1.22265784878649,"H indifferent","High type","high_i_cross","region_polygon"
0.180509126847964,1.22326289728863,"H indifferent","High type","high_i_cross","region_polygon"
0.180614535844312,1.22386794579077,"H indifferent","High type","high_i_cross","region_polygon"
0.180719963666519,1.2244729942929,"H indifferent","High type","high_i_cross","region_polygon"
0.180825410319628,1.22507804279504,"H indifferent","High type","high_i_cross","region_polygon"
0.180930875808684,1.22568309129718,"H indifferent","High type","high_i_cross","region_polygon"
0.181036360138736,1.22628813979932,"H indifferent","High type","high_i_cross","region_polygon"
0.181141863314832,1.22689318830145,"H indifferent","High type","high_i_cross","region_polygon"
0.181247385342023,1.22749823680359,"H indifferent","High type","high_i_cross","region_polygon"
0.181352926225363,1.22810328530573,"H indifferent","High type","high_i_cross","region_polygon"
0.181458485969906,1.22870833380786,"H indifferent","High type","high_i_cross","region_polygon"
0.181564064580708,1.22931338231,"H indifferent","High type","high_i_cross","region_polygon"
0.181669662062828,1.22991843081214,"H indifferent","High type","high_i_cross","region_polygon"
0.181775278421326,1.23052347931428,"H indifferent","High type","high_i_cross","region_polygon"
0.181880913661264,1.23112852781641,"H indifferent","High type","high_i_cross","region_polygon"
0.181986567787705,1.23173357631855,"H indifferent","High type","high_i_cross","region_polygon"
0.182092240805715,1.23233862482069,"H indifferent","High type","high_i_cross","region_polygon"
0.182197932720362,1.23294367332282,"H indifferent","High type","high_i_cross","region_polygon"
0.182303643536714,1.23354872182496,"H indifferent","High type","high_i_cross","region_polygon"
0.182409373259842,1.2341537703271,"H indifferent","High type","high_i_cross","region_polygon"
0.18251512189482,1.23475881882924,"H indifferent","High type","high_i_cross","region_polygon"
0.182620889446721,1.23536386733137,"H indifferent","High type","high_i_cross","region_polygon"
0.182726675920623,1.23596891583351,"H indifferent","High type","high_i_cross","region_polygon"
0.182832481321603,1.23657396433565,"H indifferent","High type","high_i_cross","region_polygon"
0.182938305654742,1.23717901283779,"H indifferent","High type","high_i_cross","region_polygon"
0.183044148925121,1.23778406133992,"H indifferent","High type","high_i_cross","region_polygon"
0.183150011137824,1.23838910984206,"H indifferent","High type","high_i_cross","region_polygon"
0.183255892297937,1.2389941583442,"H indifferent","High type","high_i_cross","region_polygon"
0.183361792410546,1.23959920684633,"H indifferent","High type","high_i_cross","region_polygon"
0.183467711480742,1.24020425534847,"H indifferent","High type","high_i_cross","region_polygon"
0.183573649513614,1.24080930385061,"H indifferent","High type","high_i_cross","region_polygon"
0.183679606514256,1.24141435235275,"H indifferent","High type","high_i_cross","region_polygon"
0.183785582487762,1.24201940085488,"H indifferent","High type","high_i_cross","region_polygon"
0.18389157743923,1.24262444935702,"H indifferent","High type","high_i_cross","region_polygon"
0.183997591373756,1.24322949785916,"H indifferent","High type","high_i_cross","region_polygon"
0.184103624296441,1.24383454636129,"H indifferent","High type","high_i_cross","region_polygon"
0.184209676212387,1.24443959486343,"H indifferent","High type","high_i_cross","region_polygon"
0.184315747126698,1.24504464336557,"H indifferent","High type","high_i_cross","region_polygon"
0.18442183704448,1.24564969186771,"H indifferent","High type","high_i_cross","region_polygon"
0.184527945970839,1.24625474036984,"H indifferent","High type","high_i_cross","region_polygon"
0.184634073910885,1.24685978887198,"H indifferent","High type","high_i_cross","region_polygon"
0.184740220869729,1.24746483737412,"H indifferent","High type","high_i_cross","region_polygon"
0.184846386852484,1.24806988587626,"H indifferent","High type","high_i_cross","region_polygon"
0.184952571864265,1.24867493437839,"H indifferent","High type","high_i_cross","region_polygon"
0.185058775910188,1.24927998288053,"H indifferent","High type","high_i_cross","region_polygon"
0.185164998995371,1.24988503138267,"H indifferent","High type","high_i_cross","region_polygon"
0.185271241124935,1.2504900798848,"H indifferent","High type","high_i_cross","region_polygon"
0.185377502304002,1.25109512838694,"H indifferent","High type","high_i_cross","region_polygon"
0.185483782537696,1.25170017688908,"H indifferent","High type","high_i_cross","region_polygon"
0.185590081831142,1.25230522539122,"H indifferent","High type","high_i_cross","region_polygon"
0.185696400189469,1.25291027389335,"H indifferent","High type","high_i_cross","region_polygon"
0.185802737617805,1.25351532239549,"H indifferent","High type","high_i_cross","region_polygon"
0.185909094121281,1.25412037089763,"H indifferent","High type","high_i_cross","region_polygon"
0.186015469705032,1.25472541939976,"H indifferent","High type","high_i_cross","region_polygon"
0.186121864374191,1.2553304679019,"H indifferent","High type","high_i_cross","region_polygon"
0.186228278133896,1.25593551640404,"H indifferent","High type","high_i_cross","region_polygon"
0.186334710989285,1.25654056490618,"H indifferent","High type","high_i_cross","region_polygon"
0.186441162945499,1.25714561340831,"H indifferent","High type","high_i_cross","region_polygon"
0.18654763400768,1.25775066191045,"H indifferent","High type","high_i_cross","region_polygon"
0.186654124180972,1.25835571041259,"H indifferent","High type","high_i_cross","region_polygon"
0.186760633470521,1.25896075891472,"H indifferent","High type","high_i_cross","region_polygon"
0.186867161881475,1.25956580741686,"H indifferent","High type","high_i_cross","region_polygon"
0.186973709418984,1.260170855919,"H indifferent","High type","high_i_cross","region_polygon"
0.187080276088199,1.26077590442114,"H indifferent","High type","high_i_cross","region_polygon"
0.187186861894274,1.26138095292327,"H indifferent","High type","high_i_cross","region_polygon"
0.187293466842363,1.26198600142541,"H indifferent","High type","high_i_cross","region_polygon"
0.187400090937625,1.26259104992755,"H indifferent","High type","high_i_cross","region_polygon"
0.187506734185218,1.26319609842969,"H indifferent","High type","high_i_cross","region_polygon"
0.187613396590303,1.26380114693182,"H indifferent","High type","high_i_cross","region_polygon"
0.187720078158042,1.26440619543396,"H indifferent","High type","high_i_cross","region_polygon"
0.1878267788936,1.2650112439361,"H indifferent","High type","high_i_cross","region_polygon"
0.187933498802144,1.26561629243823,"H indifferent","High type","high_i_cross","region_polygon"
0.188040237888841,1.26622134094037,"H indifferent","High type","high_i_cross","region_polygon"
0.188146996158862,1.26682638944251,"H indifferent","High type","high_i_cross","region_polygon"
0.188253773617378,1.26743143794465,"H indifferent","High type","high_i_cross","region_polygon"
0.188360570269564,1.26803648644678,"H indifferent","High type","high_i_cross","region_polygon"
0.188467386120595,1.26864153494892,"H indifferent","High type","high_i_cross","region_polygon"
0.188574221175649,1.26924658345106,"H indifferent","High type","high_i_cross","region_polygon"
0.188681075439905,1.26985163195319,"H indifferent","High type","high_i_cross","region_polygon"
0.188787948918545,1.27045668045533,"H indifferent","High type","high_i_cross","region_polygon"
0.18889484161675,1.27106172895747,"H indifferent","High type","high_i_cross","region_polygon"
0.189001753539708,1.27166677745961,"H indifferent","High type","high_i_cross","region_polygon"
0.189108684692603,1.27227182596174,"H indifferent","High type","high_i_cross","region_polygon"
0.189215635080626,1.27287687446388,"H indifferent","High type","high_i_cross","region_polygon"
0.189322604708966,1.27348192296602,"H indifferent","High type","high_i_cross","region_polygon"
0.189429593582816,1.27408697146815,"H indifferent","High type","high_i_cross","region_polygon"
0.189536601707371,1.27469201997029,"H indifferent","High type","high_i_cross","region_polygon"
0.189643629087826,1.27529706847243,"H indifferent","High type","high_i_cross","region_polygon"
0.18975067572938,1.27590211697457,"H indifferent","High type","high_i_cross","region_polygon"
0.189857741637232,1.2765071654767,"H indifferent","High type","high_i_cross","region_polygon"
0.189964826816585,1.27711221397884,"H indifferent","High type","high_i_cross","region_polygon"
0.190071931272641,1.27771726248098,"H indifferent","High type","high_i_cross","region_polygon"
0.190179055010608,1.27832231098312,"H indifferent","High type","high_i_cross","region_polygon"
0.190286198035691,1.27892735948525,"H indifferent","High type","high_i_cross","region_polygon"
0.1903933603531,1.27953240798739,"H indifferent","High type","high_i_cross","region_polygon"
0.190500541968047,1.28013745648953,"H indifferent","High type","high_i_cross","region_polygon"
0.190607742885745,1.28074250499166,"H indifferent","High type","high_i_cross","region_polygon"
0.190714963111408,1.2813475534938,"H indifferent","High type","high_i_cross","region_polygon"
0.190822202650253,1.28195260199594,"H indifferent","High type","high_i_cross","region_polygon"
0.1909294615075,1.28255765049808,"H indifferent","High type","high_i_cross","region_polygon"
0.191036739688367,1.28316269900021,"H indifferent","High type","high_i_cross","region_polygon"
0.191144037198079,1.28376774750235,"H indifferent","High type","high_i_cross","region_polygon"
0.191251354041859,1.28437279600449,"H indifferent","High type","high_i_cross","region_polygon"
0.191358690224934,1.28497784450662,"H indifferent","High type","high_i_cross","region_polygon"
0.191466045752531,1.28558289300876,"H indifferent","High type","high_i_cross","region_polygon"
0.191573420629881,1.2861879415109,"H indifferent","High type","high_i_cross","region_polygon"
0.191680814862215,1.28679299001304,"H indifferent","High type","high_i_cross","region_polygon"
0.191788228454768,1.28739803851517,"H indifferent","High type","high_i_cross","region_polygon"
0.191895661412774,1.28800308701731,"H indifferent","High type","high_i_cross","region_polygon"
0.192003113741472,1.28860813551945,"H indifferent","High type","high_i_cross","region_polygon"
0.1921105854461,1.28921318402159,"H indifferent","High type","high_i_cross","region_polygon"
0.192218076531901,1.28981823252372,"H indifferent","High type","high_i_cross","region_polygon"
0.192325587004117,1.29042328102586,"H indifferent","High type","high_i_cross","region_polygon"
0.192433116867994,1.291028329528,"H indifferent","High type","high_i_cross","region_polygon"
0.192540666128777,1.29163337803013,"H indifferent","High type","high_i_cross","region_polygon"
0.192648234791717,1.29223842653227,"H indifferent","High type","high_i_cross","region_polygon"
0.192755822862065,1.29284347503441,"H indifferent","High type","high_i_cross","region_polygon"
0.192863430345071,1.29344852353655,"H indifferent","High type","high_i_cross","region_polygon"
0.192971057245993,1.29405357203868,"H indifferent","High type","high_i_cross","region_polygon"
0.193078703570084,1.29465862054082,"H indifferent","High type","high_i_cross","region_polygon"
0.193186369322605,1.29526366904296,"H indifferent","High type","high_i_cross","region_polygon"
0.193294054508816,1.29586871754509,"H indifferent","High type","high_i_cross","region_polygon"
0.193401759133977,1.29647376604723,"H indifferent","High type","high_i_cross","region_polygon"
0.193509483203355,1.29707881454937,"H indifferent","High type","high_i_cross","region_polygon"
0.193617226722213,1.29768386305151,"H indifferent","High type","high_i_cross","region_polygon"
0.193724989695821,1.29828891155364,"H indifferent","High type","high_i_cross","region_polygon"
0.193832772129449,1.29889396005578,"H indifferent","High type","high_i_cross","region_polygon"
0.193940574028367,1.29949900855792,"H indifferent","High type","high_i_cross","region_polygon"
0.194048395397849,1.30010405706005,"H indifferent","High type","high_i_cross","region_polygon"
0.194156236243171,1.30070910556219,"H indifferent","High type","high_i_cross","region_polygon"
0.19426409656961,1.30131415406433,"H indifferent","High type","high_i_cross","region_polygon"
0.194371976382446,1.30191920256647,"H indifferent","High type","high_i_cross","region_polygon"
0.194615750474671,1.30191920256647,"H indifferent","High type","high_i_cross","region_polygon"
0.194751579431512,1.30131415406433,"H indifferent","High type","high_i_cross","region_polygon"
0.194887362580667,1.30070910556219,"H indifferent","High type","high_i_cross","region_polygon"
0.195023099945304,1.30010405706005,"H indifferent","High type","high_i_cross","region_polygon"
0.195158791548577,1.29949900855792,"H indifferent","High type","high_i_cross","region_polygon"
0.195294437413622,1.29889396005578,"H indifferent","High type","high_i_cross","region_polygon"
0.195430037563563,1.29828891155364,"H indifferent","High type","high_i_cross","region_polygon"
0.195565592021506,1.29768386305151,"H indifferent","High type","high_i_cross","region_polygon"
0.19570110081054,1.29707881454937,"H indifferent","High type","high_i_cross","region_polygon"
0.195836563953742,1.29647376604723,"H indifferent","High type","high_i_cross","region_polygon"
0.19597198147417,1.29586871754509,"H indifferent","High type","high_i_cross","region_polygon"
0.19610735339487,1.29526366904296,"H indifferent","High type","high_i_cross","region_polygon"
0.196242679738869,1.29465862054082,"H indifferent","High type","high_i_cross","region_polygon"
0.196377960529181,1.29405357203868,"H indifferent","High type","high_i_cross","region_polygon"
0.196513195788804,1.29344852353655,"H indifferent","High type","high_i_cross","region_polygon"
0.196648385540719,1.29284347503441,"H indifferent","High type","high_i_cross","region_polygon"
0.196783529807894,1.29223842653227,"H indifferent","High type","high_i_cross","region_polygon"
0.196918628613279,1.29163337803013,"H indifferent","High type","high_i_cross","region_polygon"
0.19705368197981,1.291028329528,"H indifferent","High type","high_i_cross","region_polygon"
0.197188689930408,1.29042328102586,"H indifferent","High type","high_i_cross","region_polygon"
0.197323652487978,1.28981823252372,"H indifferent","High type","high_i_cross","region_polygon"
0.197458569675408,1.28921318402159,"H indifferent","High type","high_i_cross","region_polygon"
0.197593441515574,1.28860813551945,"H indifferent","High type","high_i_cross","region_polygon"
0.197728268031334,1.28800308701731,"H indifferent","High type","high_i_cross","region_polygon"
0.197863049245532,1.28739803851517,"H indifferent","High type","high_i_cross","region_polygon"
0.197997785180995,1.28679299001304,"H indifferent","High type","high_i_cross","region_polygon"
0.198132475860536,1.2861879415109,"H indifferent","High type","high_i_cross","region_polygon"
0.198267121306954,1.28558289300876,"H indifferent","High type","high_i_cross","region_polygon"
0.198401721543029,1.28497784450662,"H indifferent","High type","high_i_cross","region_polygon"
0.198536276591528,1.28437279600449,"H indifferent","High type","high_i_cross","region_polygon"
0.198670786475204,1.28376774750235,"H indifferent","High type","high_i_cross","region_polygon"
0.198805251216793,1.28316269900021,"H indifferent","High type","high_i_cross","region_polygon"
0.198939670839015,1.28255765049808,"H indifferent","High type","high_i_cross","region_polygon"
0.199074045364576,1.28195260199594,"H indifferent","High type","high_i_cross","region_polygon"
0.199208374816167,1.2813475534938,"H indifferent","High type","high_i_cross","region_polygon"
0.199342659216462,1.28074250499166,"H indifferent","High type","high_i_cross","region_polygon"
0.199476898588124,1.28013745648953,"H indifferent","High type","high_i_cross","region_polygon"
0.199611092953795,1.27953240798739,"H indifferent","High type","high_i_cross","region_polygon"
0.199745242336105,1.27892735948525,"H indifferent","High type","high_i_cross","region_polygon"
0.199879346757671,1.27832231098312,"H indifferent","High type","high_i_cross","region_polygon"
0.20001340624109,1.27771726248098,"H indifferent","High type","high_i_cross","region_polygon"
0.200147420808947,1.27711221397884,"H indifferent","High type","high_i_cross","region_polygon"
0.200281390483811,1.2765071654767,"H indifferent","High type","high_i_cross","region_polygon"
0.200415315288236,1.27590211697457,"H indifferent","High type","high_i_cross","region_polygon"
0.200549195244761,1.27529706847243,"H indifferent","High type","high_i_cross","region_polygon"
0.20068303037591,1.27469201997029,"H indifferent","High type","high_i_cross","region_polygon"
0.200816820704191,1.27408697146815,"H indifferent","High type","high_i_cross","region_polygon"
0.200950566252099,1.27348192296602,"H indifferent","High type","high_i_cross","region_polygon"
0.201084267042111,1.27287687446388,"H indifferent","High type","high_i_cross","region_polygon"
0.201217923096691,1.27227182596174,"H indifferent","High type","high_i_cross","region_polygon"
0.201351534438289,1.27166677745961,"H indifferent","High type","high_i_cross","region_polygon"
0.201485101089337,1.27106172895747,"H indifferent","High type","high_i_cross","region_polygon"
0.201618623072254,1.27045668045533,"H indifferent","High type","high_i_cross","region_polygon"
0.201752100409443,1.26985163195319,"H indifferent","High type","high_i_cross","region_polygon"
0.201885533123293,1.26924658345106,"H indifferent","High type","high_i_cross","region_polygon"
0.202018921236178,1.26864153494892,"H indifferent","High type","high_i_cross","region_polygon"
0.202152264770456,1.26803648644678,"H indifferent","High type","high_i_cross","region_polygon"
0.20228556374847,1.26743143794465,"H indifferent","High type","high_i_cross","region_polygon"
0.20241881819255,1.26682638944251,"H indifferent","High type","high_i_cross","region_polygon"
0.20255202812501,1.26622134094037,"H indifferent","High type","high_i_cross","region_polygon"
0.202685193568148,1.26561629243823,"H indifferent","High type","high_i_cross","region_polygon"
0.202818314544248,1.2650112439361,"H indifferent","High type","high_i_cross","region_polygon"
0.202951391075579,1.26440619543396,"H indifferent","High type","high_i_cross","region_polygon"
0.203084423184397,1.26380114693182,"H indifferent","High type","high_i_cross","region_polygon"
0.203217410892939,1.26319609842969,"H indifferent","High type","high_i_cross","region_polygon"
0.203350354223431,1.26259104992755,"H indifferent","High type","high_i_cross","region_polygon"
0.203483253198083,1.26198600142541,"H indifferent","High type","high_i_cross","region_polygon"
0.203616107839089,1.26138095292327,"H indifferent","High type","high_i_cross","region_polygon"
0.20374891816863,1.26077590442114,"H indifferent","High type","high_i_cross","region_polygon"
0.20388168420887,1.260170855919,"H indifferent","High type","high_i_cross","region_polygon"
0.204014405981962,1.25956580741686,"H indifferent","High type","high_i_cross","region_polygon"
0.204147083510039,1.25896075891472,"H indifferent","High type","high_i_cross","region_polygon"
0.204279716815224,1.25835571041259,"H indifferent","High type","high_i_cross","region_polygon"
0.204412305919622,1.25775066191045,"H indifferent","High type","high_i_cross","region_polygon"
0.204544850845325,1.25714561340831,"H indifferent","High type","high_i_cross","region_polygon"
0.20467735161441,1.25654056490618,"H indifferent","High type","high_i_cross","region_polygon"
0.20480980824894,1.25593551640404,"H indifferent","High type","high_i_cross","region_polygon"
0.204942220770961,1.2553304679019,"H indifferent","High type","high_i_cross","region_polygon"
0.205074589202506,1.25472541939976,"H indifferent","High type","high_i_cross","region_polygon"
0.205206913565593,1.25412037089763,"H indifferent","High type","high_i_cross","region_polygon"
0.205339193882227,1.25351532239549,"H indifferent","High type","high_i_cross","region_polygon"
0.205471430174395,1.25291027389335,"H indifferent","High type","high_i_cross","region_polygon"
0.205603622464071,1.25230522539122,"H indifferent","High type","high_i_cross","region_polygon"
0.205735770773216,1.25170017688908,"H indifferent","High type","high_i_cross","region_polygon"
0.205867875123774,1.25109512838694,"H indifferent","High type","high_i_cross","region_polygon"
0.205999935537675,1.2504900798848,"H indifferent","High type","high_i_cross","region_polygon"
0.206131952036836,1.24988503138267,"H indifferent","High type","high_i_cross","region_polygon"
0.206263924643157,1.24927998288053,"H indifferent","High type","high_i_cross","region_polygon"
0.206395853378525,1.24867493437839,"H indifferent","High type","high_i_cross","region_polygon"
0.206527738264811,1.24806988587626,"H indifferent","High type","high_i_cross","region_polygon"
0.206659579323875,1.24746483737412,"H indifferent","High type","high_i_cross","region_polygon"
0.206791376577558,1.24685978887198,"H indifferent","High type","high_i_cross","region_polygon"
0.206923130047688,1.24625474036984,"H indifferent","High type","high_i_cross","region_polygon"
0.207054839756081,1.24564969186771,"H indifferent","High type","high_i_cross","region_polygon"
0.207186505724535,1.24504464336557,"H indifferent","High type","high_i_cross","region_polygon"
0.207318127974835,1.24443959486343,"H indifferent","High type","high_i_cross","region_polygon"
0.207449706528753,1.24383454636129,"H indifferent","High type","high_i_cross","region_polygon"
0.207581241408043,1.24322949785916,"H indifferent","High type","high_i_cross","region_polygon"
0.207712732634448,1.24262444935702,"H indifferent","High type","high_i_cross","region_polygon"
0.207844180229695,1.24201940085488,"H indifferent","High type","high_i_cross","region_polygon"
0.207975584215497,1.24141435235275,"H indifferent","High type","high_i_cross","region_polygon"
0.208106944613552,1.24080930385061,"H indifferent","High type","high_i_cross","region_polygon"
0.208238261445544,1.24020425534847,"H indifferent","High type","high_i_cross","region_polygon"
0.208369534733143,1.23959920684633,"H indifferent","High type","high_i_cross","region_polygon"
0.208500764498004,1.2389941583442,"H indifferent","High type","high_i_cross","region_polygon"
0.208631950761767,1.23838910984206,"H indifferent","High type","high_i_cross","region_polygon"
0.20876309354606,1.23778406133992,"H indifferent","High type","high_i_cross","region_polygon"
0.208894192872495,1.23717901283779,"H indifferent","High type","high_i_cross","region_polygon"
0.20902524876267,1.23657396433565,"H indifferent","High type","high_i_cross","region_polygon"
0.209156261238167,1.23596891583351,"H indifferent","High type","high_i_cross","region_polygon"
0.209287230320557,1.23536386733137,"H indifferent","High type","high_i_cross","region_polygon"
0.209418156031395,1.23475881882924,"H indifferent","High type","high_i_cross","region_polygon"
0.20954903839222,1.2341537703271,"H indifferent","High type","high_i_cross","region_polygon"
0.209679877424561,1.23354872182496,"H indifferent","High type","high_i_cross","region_polygon"
0.209810673149928,1.23294367332282,"H indifferent","High type","high_i_cross","region_polygon"
0.20994142558982,1.23233862482069,"H indifferent","High type","high_i_cross","region_polygon"
0.210072134765721,1.23173357631855,"H indifferent","High type","high_i_cross","region_polygon"
0.2102028006991,1.23112852781641,"H indifferent","High type","high_i_cross","region_polygon"
0.210333423411413,1.23052347931428,"H indifferent","High type","high_i_cross","region_polygon"
0.2104640029241,1.22991843081214,"H indifferent","High type","high_i_cross","region_polygon"
0.210594539258589,1.22931338231,"H indifferent","High type","high_i_cross","region_polygon"
0.210725032436292,1.22870833380786,"H indifferent","High type","high_i_cross","region_polygon"
0.210855482478609,1.22810328530573,"H indifferent","High type","high_i_cross","region_polygon"
0.210985889406923,1.22749823680359,"H indifferent","High type","high_i_cross","region_polygon"
0.211116253242605,1.22689318830145,"H indifferent","High type","high_i_cross","region_polygon"
0.211246574007011,1.22628813979932,"H indifferent","High type","high_i_cross","region_polygon"
0.211376851721484,1.22568309129718,"H indifferent","High type","high_i_cross","region_polygon"
0.21150708640735,1.22507804279504,"H indifferent","High type","high_i_cross","region_polygon"
0.211637278085926,1.2244729942929,"H indifferent","High type","high_i_cross","region_polygon"
0.211767426778509,1.22386794579077,"H indifferent","High type","high_i_cross","region_polygon"
0.211897532506386,1.22326289728863,"H indifferent","High type","high_i_cross","region_polygon"
0.21202759529083,1.22265784878649,"H indifferent","High type","high_i_cross","region_polygon"
0.212157615153096,1.22205280028436,"H indifferent","High type","high_i_cross","region_polygon"
0.21228759211443,1.22144775178222,"H indifferent","High type","high_i_cross","region_polygon"
0.212417526196061,1.22084270328008,"H indifferent","High type","high_i_cross","region_polygon"
0.212547417419204,1.22023765477794,"H indifferent","High type","high_i_cross","region_polygon"
0.212677265805061,1.21963260627581,"H indifferent","High type","high_i_cross","region_polygon"
0.212807071374821,1.21902755777367,"H indifferent","High type","high_i_cross","region_polygon"
0.212936834149656,1.21842250927153,"H indifferent","High type","high_i_cross","region_polygon"
0.213066554150726,1.21781746076939,"H indifferent","High type","high_i_cross","region_polygon"
0.213196231399178,1.21721241226726,"H indifferent","High type","high_i_cross","region_polygon"
0.213325865916142,1.21660736376512,"H indifferent","High type","high_i_cross","region_polygon"
0.213455457722738,1.21600231526298,"H indifferent","High type","high_i_cross","region_polygon"
0.213585006840069,1.21539726676085,"H indifferent","High type","high_i_cross","region_polygon"
0.213714513289225,1.21479221825871,"H indifferent","High type","high_i_cross","region_polygon"
0.213843977091283,1.21418716975657,"H indifferent","High type","high_i_cross","region_polygon"
0.213973398267304,1.21358212125443,"H indifferent","High type","high_i_cross","region_polygon"
0.214102776838338,1.2129770727523,"H indifferent","High type","high_i_cross","region_polygon"
0.214232112825419,1.21237202425016,"H indifferent","High type","high_i_cross","region_polygon"
0.214361406249568,1.21176697574802,"H indifferent","High type","high_i_cross","region_polygon"
0.214490657131791,1.21116192724589,"H indifferent","High type","high_i_cross","region_polygon"
0.214619865493083,1.21055687874375,"H indifferent","High type","high_i_cross","region_polygon"
0.214749031354422,1.20995183024161,"H indifferent","High type","high_i_cross","region_polygon"
0.214878154736774,1.20934678173947,"H indifferent","High type","high_i_cross","region_polygon"
0.21500723566109,1.20874173323734,"H indifferent","High type","high_i_cross","region_polygon"
0.215136274148309,1.2081366847352,"H indifferent","High type","high_i_cross","region_polygon"
0.215265270219355,1.20753163623306,"H indifferent","High type","high_i_cross","region_polygon"
0.215394223895138,1.20692658773092,"H indifferent","High type","high_i_cross","region_polygon"
0.215523135196555,1.20632153922879,"H indifferent","High type","high_i_cross","region_polygon"
0.215652004144489,1.20571649072665,"H indifferent","High type","high_i_cross","region_polygon"
0.215780830759809,1.20511144222451,"H indifferent","High type","high_i_cross","region_polygon"
0.215909615063371,1.20450639372238,"H indifferent","High type","high_i_cross","region_polygon"
0.216038357076017,1.20390134522024,"H indifferent","High type","high_i_cross","region_polygon"
0.216167056818574,1.2032962967181,"H indifferent","High type","high_i_cross","region_polygon"
0.216295714311858,1.20269124821596,"H indifferent","High type","high_i_cross","region_polygon"
0.216424329576669,1.20208619971383,"H indifferent","High type","high_i_cross","region_polygon"
0.216552902633794,1.20148115121169,"H indifferent","High type","high_i_cross","region_polygon"
0.216681433504008,1.20087610270955,"H indifferent","High type","high_i_cross","region_polygon"
0.216809922208069,1.20027105420742,"H indifferent","High type","high_i_cross","region_polygon"
0.216938368766724,1.19966600570528,"H indifferent","High type","high_i_cross","region_polygon"
0.217066773200706,1.19906095720314,"H indifferent","High type","high_i_cross","region_polygon"
0.217195135530733,1.198455908701,"H indifferent","High type","high_i_cross","region_polygon"
0.217323455777513,1.19785086019887,"H indifferent","High type","high_i_cross","region_polygon"
0.217451733961735,1.19724581169673,"H indifferent","High type","high_i_cross","region_polygon"
0.217579970104079,1.19664076319459,"H indifferent","High type","high_i_cross","region_polygon"
0.21770816422521,1.19603571469246,"H indifferent","High type","high_i_cross","region_polygon"
0.217836316345778,1.19543066619032,"H indifferent","High type","high_i_cross","region_polygon"
0.217964426486422,1.19482561768818,"H indifferent","High type","high_i_cross","region_polygon"
0.218092494667766,1.19422056918604,"H indifferent","High type","high_i_cross","region_polygon"
0.21822052091042,1.19361552068391,"H indifferent","High type","high_i_cross","region_polygon"
0.218348505234982,1.19301047218177,"H indifferent","High type","high_i_cross","region_polygon"
0.218476447662035,1.19240542367963,"H indifferent","High type","high_i_cross","region_polygon"
0.21860434821215,1.19180037517749,"H indifferent","High type","high_i_cross","region_polygon"
0.218732206905883,1.19119532667536,"H indifferent","High type","high_i_cross","region_polygon"
0.218860023763778,1.19059027817322,"H indifferent","High type","high_i_cross","region_polygon"
0.218987798806365,1.18998522967108,"H indifferent","High type","high_i_cross","region_polygon"
0.21911553205416,1.18938018116895,"H indifferent","High type","high_i_cross","region_polygon"
0.219243223527667,1.18877513266681,"H indifferent","High type","high_i_cross","region_polygon"
0.219370873247374,1.18817008416467,"H indifferent","High type","high_i_cross","region_polygon"
0.219498481233758,1.18756503566253,"H indifferent","High type","high_i_cross","region_polygon"
0.219626047507282,1.1869599871604,"H indifferent","High type","high_i_cross","region_polygon"
0.219753572088396,1.18635493865826,"H indifferent","High type","high_i_cross","region_polygon"
0.219881054997535,1.18574989015612,"H indifferent","High type","high_i_cross","region_polygon"
0.220008496255123,1.18514484165399,"H indifferent","High type","high_i_cross","region_polygon"
0.220135895881569,1.18453979315185,"H indifferent","High type","high_i_cross","region_polygon"
0.220263253897268,1.18393474464971,"H indifferent","High type","high_i_cross","region_polygon"
0.220390570322604,1.18332969614757,"H indifferent","High type","high_i_cross","region_polygon"
0.220517845177946,1.18272464764544,"H indifferent","High type","high_i_cross","region_polygon"
0.22064507848365,1.1821195991433,"H indifferent","High type","high_i_cross","region_polygon"
0.22077227026006,1.18151455064116,"H indifferent","High type","high_i_cross","region_polygon"
0.220899420527504,1.18090950213903,"H indifferent","High type","high_i_cross","region_polygon"
0.221026529306299,1.18030445363689,"H indifferent","High type","high_i_cross","region_polygon"
0.221153596616749,1.17969940513475,"H indifferent","High type","high_i_cross","region_polygon"
0.221280622479142,1.17909435663261,"H indifferent","High type","high_i_cross","region_polygon"
0.221407606913756,1.17848930813048,"H indifferent","High type","high_i_cross","region_polygon"
0.221534549940854,1.17788425962834,"H indifferent","High type","high_i_cross","region_polygon"
0.221661451580686,1.1772792111262,"H indifferent","High type","high_i_cross","region_polygon"
0.221788311853489,1.17667416262406,"H indifferent","High type","high_i_cross","region_polygon"
0.221915130779486,1.17606911412193,"H indifferent","High type","high_i_cross","region_polygon"
0.222041908378889,1.17546406561979,"H indifferent","High type","high_i_cross","region_polygon"
0.222168644671895,1.17485901711765,"H indifferent","High type","high_i_cross","region_polygon"
0.222295339678688,1.17425396861552,"H indifferent","High type","high_i_cross","region_polygon"
0.222421993419438,1.17364892011338,"H indifferent","High type","high_i_cross","region_polygon"
0.222548605914306,1.17304387161124,"H indifferent","High type","high_i_cross","region_polygon"
0.222675177183433,1.1724388231091,"H indifferent","High type","high_i_cross","region_polygon"
0.222801707246954,1.17183377460697,"H indifferent","High type","high_i_cross","region_polygon"
0.222928196124985,1.17122872610483,"H indifferent","High type","high_i_cross","region_polygon"
0.223054643837634,1.17062367760269,"H indifferent","High type","high_i_cross","region_polygon"
0.223181050404992,1.17001862910056,"H indifferent","High type","high_i_cross","region_polygon"
0.223307415847138,1.16941358059842,"H indifferent","High type","high_i_cross","region_polygon"
0.223433740184139,1.16880853209628,"H indifferent","High type","high_i_cross","region_polygon"
0.223560023436048,1.16820348359414,"H indifferent","High type","high_i_cross","region_polygon"
0.223686265622906,1.16759843509201,"H indifferent","High type","high_i_cross","region_polygon"
0.223812466764739,1.16699338658987,"H indifferent","High type","high_i_cross","region_polygon"
0.223938626881562,1.16638833808773,"H indifferent","High type","high_i_cross","region_polygon"
0.224064745993375,1.16578328958559,"H indifferent","High type","high_i_cross","region_polygon"
0.224190824120167,1.16517824108346,"H indifferent","High type","high_i_cross","region_polygon"
0.224316861281914,1.16457319258132,"H indifferent","High type","high_i_cross","region_polygon"
0.224442857498577,1.16396814407918,"H indifferent","High type","high_i_cross","region_polygon"
0.224568812790105,1.16336309557705,"H indifferent","High type","high_i_cross","region_polygon"
0.224694727176435,1.16275804707491,"H indifferent","High type","high_i_cross","region_polygon"
0.22482060067749,1.16215299857277,"H indifferent","High type","high_i_cross","region_polygon"
0.22494643331318,1.16154795007063,"H indifferent","High type","high_i_cross","region_polygon"
0.225072225103403,1.1609429015685,"H indifferent","High type","high_i_cross","region_polygon"
0.225197976068043,1.16033785306636,"H indifferent","High type","high_i_cross","region_polygon"
0.225323686226973,1.15973280456422,"H indifferent","High type","high_i_cross","region_polygon"
0.22544935560005,1.15912775606209,"H indifferent","High type","high_i_cross","region_polygon"
0.22557498420712,1.15852270755995,"H indifferent","High type","high_i_cross","region_polygon"
0.225700572068018,1.15791765905781,"H indifferent","High type","high_i_cross","region_polygon"
0.225826119202561,1.15731261055567,"H indifferent","High type","high_i_cross","region_polygon"
0.225951625630559,1.15670756205354,"H indifferent","High type","high_i_cross","region_polygon"
0.226077091371804,1.1561025135514,"H indifferent","High type","high_i_cross","region_polygon"
0.22620251644608,1.15549746504926,"H indifferent","High type","high_i_cross","region_polygon"
0.226327900873154,1.15489241654713,"H indifferent","High type","high_i_cross","region_polygon"
0.226453244672783,1.15428736804499,"H indifferent","High type","high_i_cross","region_polygon"
0.22657854786471,1.15368231954285,"H indifferent","High type","high_i_cross","region_polygon"
0.226703810468664,1.15307727104071,"H indifferent","High type","high_i_cross","region_polygon"
0.226829032504364,1.15247222253858,"H indifferent","High type","high_i_cross","region_polygon"
0.226954213991515,1.15186717403644,"H indifferent","High type","high_i_cross","region_polygon"
0.227079354949808,1.1512621255343,"H indifferent","High type","high_i_cross","region_polygon"
0.227204455398923,1.15065707703216,"H indifferent","High type","high_i_cross","region_polygon"
0.227329515358526,1.15005202853003,"H indifferent","High type","high_i_cross","region_polygon"
0.227454534848271,1.14944698002789,"H indifferent","High type","high_i_cross","region_polygon"
0.2275795138878,1.14884193152575,"H indifferent","High type","high_i_cross","region_polygon"
0.22770445249674,1.14823688302362,"H indifferent","High type","high_i_cross","region_polygon"
0.227829350694708,1.14763183452148,"H indifferent","High type","high_i_cross","region_polygon"
0.227954208501306,1.14702678601934,"H indifferent","High type","high_i_cross","region_polygon"
0.228079025936124,1.1464217375172,"H indifferent","High type","high_i_cross","region_polygon"
0.228203803018742,1.14581668901507,"H indifferent","High type","high_i_cross","region_polygon"
0.228328539768722,1.14521164051293,"H indifferent","High type","high_i_cross","region_polygon"
0.228453236205618,1.14460659201079,"H indifferent","High type","high_i_cross","region_polygon"
0.22857789234897,1.14400154350866,"H indifferent","High type","high_i_cross","region_polygon"
0.228702508218305,1.14339649500652,"H indifferent","High type","high_i_cross","region_polygon"
0.228827083833137,1.14279144650438,"H indifferent","High type","high_i_cross","region_polygon"
0.228951619212968,1.14218639800224,"H indifferent","High type","high_i_cross","region_polygon"
0.229076114377287,1.14158134950011,"H indifferent","High type","high_i_cross","region_polygon"
0.229200569345571,1.14097630099797,"H indifferent","High type","high_i_cross","region_polygon"
0.229324984137284,1.14037125249583,"H indifferent","High type","high_i_cross","region_polygon"
0.229449358771878,1.13976620399369,"H indifferent","High type","high_i_cross","region_polygon"
0.229573693268792,1.13916115549156,"H indifferent","High type","high_i_cross","region_polygon"
0.229697987647452,1.13855610698942,"H indifferent","High type","high_i_cross","region_polygon"
0.229822241927273,1.13795105848728,"H indifferent","High type","high_i_cross","region_polygon"
0.229946456127654,1.13734600998515,"H indifferent","High type","high_i_cross","region_polygon"
0.230070630267987,1.13674096148301,"H indifferent","High type","high_i_cross","region_polygon"
0.230194764367646,1.13613591298087,"H indifferent","High type","high_i_cross","region_polygon"
0.230318858445996,1.13553086447873,"H indifferent","High type","high_i_cross","region_polygon"
0.230442912522388,1.1349258159766,"H indifferent","High type","high_i_cross","region_polygon"
0.230566926616162,1.13432076747446,"H indifferent","High type","high_i_cross","region_polygon"
0.230690900746642,1.13371571897232,"H indifferent","High type","high_i_cross","region_polygon"
0.230814834933145,1.13311067047019,"H indifferent","High type","high_i_cross","region_polygon"
0.230938729194971,1.13250562196805,"H indifferent","High type","high_i_cross","region_polygon"
0.231062583551409,1.13190057346591,"H indifferent","High type","high_i_cross","region_polygon"
0.231186398021736,1.13129552496377,"H indifferent","High type","high_i_cross","region_polygon"
0.231310172625217,1.13069047646164,"H indifferent","High type","high_i_cross","region_polygon"
0.231433907381103,1.1300854279595,"H indifferent","High type","high_i_cross","region_polygon"
0.231557602308633,1.12948037945736,"H indifferent","High type","high_i_cross","region_polygon"
0.231681257427036,1.12887533095523,"H indifferent","High type","high_i_cross","region_polygon"
0.231804872755525,1.12827028245309,"H indifferent","High type","high_i_cross","region_polygon"
0.231928448313304,1.12766523395095,"H indifferent","High type","high_i_cross","region_polygon"
0.232051984119561,1.12706018544881,"H indifferent","High type","high_i_cross","region_polygon"
0.232175480193476,1.12645513694668,"H indifferent","High type","high_i_cross","region_polygon"
0.232298936554212,1.12585008844454,"H indifferent","High type","high_i_cross","region_polygon"
0.232422353220924,1.1252450399424,"H indifferent","High type","high_i_cross","region_polygon"
0.232545730212752,1.12463999144026,"H indifferent","High type","high_i_cross","region_polygon"
0.232669067548824,1.12403494293813,"H indifferent","High type","high_i_cross","region_polygon"
0.232792365248256,1.12342989443599,"H indifferent","High type","high_i_cross","region_polygon"
0.232915623330153,1.12282484593385,"H indifferent","High type","high_i_cross","region_polygon"
0.233038841813605,1.12221979743172,"H indifferent","High type","high_i_cross","region_polygon"
0.233162020717693,1.12161474892958,"H indifferent","High type","high_i_cross","region_polygon"
0.233285160061483,1.12100970042744,"H indifferent","High type","high_i_cross","region_polygon"
0.23340825986403,1.1204046519253,"H indifferent","High type","high_i_cross","region_polygon"
0.233531320144376,1.11979960342317,"H indifferent","High type","high_i_cross","region_polygon"
0.233654340921552,1.11919455492103,"H indifferent","High type","high_i_cross","region_polygon"
0.233777322214577,1.11858950641889,"H indifferent","High type","high_i_cross","region_polygon"
0.233900264042455,1.11798445791676,"H indifferent","High type","high_i_cross","region_polygon"
0.234023166424181,1.11737940941462,"H indifferent","High type","high_i_cross","region_polygon"
0.234146029378735,1.11677436091248,"H indifferent","High type","high_i_cross","region_polygon"
0.234268852925089,1.11616931241034,"H indifferent","High type","high_i_cross","region_polygon"
0.234391637082198,1.11556426390821,"H indifferent","High type","high_i_cross","region_polygon"
0.234514381869008,1.11495921540607,"H indifferent","High type","high_i_cross","region_polygon"
0.234637087304452,1.11435416690393,"H indifferent","High type","high_i_cross","region_polygon"
0.234759753407449,1.11374911840179,"H indifferent","High type","high_i_cross","region_polygon"
0.23488238019691,1.11314406989966,"H indifferent","High type","high_i_cross","region_polygon"
0.23500496769173,1.11253902139752,"H indifferent","High type","high_i_cross","region_polygon"
0.235127515910795,1.11193397289538,"H indifferent","High type","high_i_cross","region_polygon"
0.235250024872975,1.11132892439325,"H indifferent","High type","high_i_cross","region_polygon"
0.235372494597131,1.11072387589111,"H indifferent","High type","high_i_cross","region_polygon"
0.235494925102113,1.11011882738897,"H indifferent","High type","high_i_cross","region_polygon"
0.235617316406754,1.10951377888683,"H indifferent","High type","high_i_cross","region_polygon"
0.23573966852988,1.1089087303847,"H indifferent","High type","high_i_cross","region_polygon"
0.235861981490303,1.10830368188256,"H indifferent","High type","high_i_cross","region_polygon"
0.235984255306822,1.10769863338042,"H indifferent","High type","high_i_cross","region_polygon"
0.236106489998225,1.10709358487829,"H indifferent","High type","high_i_cross","region_polygon"
0.236228685583288,1.10648853637615,"H indifferent","High type","high_i_cross","region_polygon"
0.236350842080776,1.10588348787401,"H indifferent","High type","high_i_cross","region_polygon"
0.236472959509439,1.10527843937187,"H indifferent","High type","high_i_cross","region_polygon"
0.236595037888017,1.10467339086974,"H indifferent","High type","high_i_cross","region_polygon"
0.236717077235239,1.1040683423676,"H indifferent","High type","high_i_cross","region_polygon"
0.236839077569821,1.10346329386546,"H indifferent","High type","high_i_cross","region_polygon"
0.236961038910465,1.10285824536333,"H indifferent","High type","high_i_cross","region_polygon"
0.237082961275865,1.10225319686119,"H indifferent","High type","high_i_cross","region_polygon"
0.2372048446847,1.10164814835905,"H indifferent","High type","high_i_cross","region_polygon"
0.237326689155639,1.10104309985691,"H indifferent","High type","high_i_cross","region_polygon"
0.237448494707337,1.10043805135478,"H indifferent","High type","high_i_cross","region_polygon"
0.237570261358438,1.09983300285264,"H indifferent","High type","high_i_cross","region_polygon"
0.237691989127576,1.0992279543505,"H indifferent","High type","high_i_cross","region_polygon"
0.23781367803337,1.09862290584836,"H indifferent","High type","high_i_cross","region_polygon"
0.23793532809443,1.09801785734623,"H indifferent","High type","high_i_cross","region_polygon"
0.238056939329351,1.09741280884409,"H indifferent","High type","high_i_cross","region_polygon"
0.238178511756719,1.09680776034195,"H indifferent","High type","high_i_cross","region_polygon"
0.238300045395106,1.09620271183982,"H indifferent","High type","high_i_cross","region_polygon"
0.238421540263073,1.09559766333768,"H indifferent","High type","high_i_cross","region_polygon"
0.238542996379171,1.09499261483554,"H indifferent","High type","high_i_cross","region_polygon"
0.238664413761936,1.0943875663334,"H indifferent","High type","high_i_cross","region_polygon"
0.238785792429894,1.09378251783127,"H indifferent","High type","high_i_cross","region_polygon"
0.238907132401558,1.09317746932913,"H indifferent","High type","high_i_cross","region_polygon"
0.239028433695431,1.09257242082699,"H indifferent","High type","high_i_cross","region_polygon"
0.239149696330003,1.09196737232486,"H indifferent","High type","high_i_cross","region_polygon"
0.239270920323753,1.09136232382272,"H indifferent","High type","high_i_cross","region_polygon"
0.239392105695146,1.09075727532058,"H indifferent","High type","high_i_cross","region_polygon"
0.239513252462638,1.09015222681844,"H indifferent","High type","high_i_cross","region_polygon"
0.239634360644672,1.08954717831631,"H indifferent","High type","high_i_cross","region_polygon"
0.239755430259679,1.08894212981417,"H indifferent","High type","high_i_cross","region_polygon"
0.239876461326079,1.08833708131203,"H indifferent","High type","high_i_cross","region_polygon"
0.239997453862279,1.0877320328099,"H indifferent","High type","high_i_cross","region_polygon"
0.240118407886677,1.08712698430776,"H indifferent","High type","high_i_cross","region_polygon"
0.240239323417656,1.08652193580562,"H indifferent","High type","high_i_cross","region_polygon"
0.24036020047359,1.08591688730348,"H indifferent","High type","high_i_cross","region_polygon"
0.240481039072838,1.08531183880135,"H indifferent","High type","high_i_cross","region_polygon"
0.240601839233752,1.08470679029921,"H indifferent","High type","high_i_cross","region_polygon"
0.240722600974668,1.08410174179707,"H indifferent","High type","high_i_cross","region_polygon"
0.240843324313912,1.08349669329493,"H indifferent","High type","high_i_cross","region_polygon"
0.2409640092698,1.0828916447928,"H indifferent","High type","high_i_cross","region_polygon"
0.241084655860633,1.08228659629066,"H indifferent","High type","high_i_cross","region_polygon"
0.241205264104703,1.08168154778852,"H indifferent","High type","high_i_cross","region_polygon"
0.241325834020289,1.08107649928639,"H indifferent","High type","high_i_cross","region_polygon"
0.24144636562566,1.08047145078425,"H indifferent","High type","high_i_cross","region_polygon"
0.241566858939071,1.07986640228211,"H indifferent","High type","high_i_cross","region_polygon"
0.241687313978767,1.07926135377997,"H indifferent","High type","high_i_cross","region_polygon"
0.241807730762982,1.07865630527784,"H indifferent","High type","high_i_cross","region_polygon"
0.241928109309937,1.0780512567757,"H indifferent","High type","high_i_cross","region_polygon"
0.242048449637841,1.07744620827356,"H indifferent","High type","high_i_cross","region_polygon"
0.242168751764894,1.07684115977143,"H indifferent","High type","high_i_cross","region_polygon"
0.242289015709282,1.07623611126929,"H indifferent","High type","high_i_cross","region_polygon"
0.24240924148918,1.07563106276715,"H indifferent","High type","high_i_cross","region_polygon"
0.242529429122752,1.07502601426501,"H indifferent","High type","high_i_cross","region_polygon"
0.242649578628151,1.07442096576288,"H indifferent","High type","high_i_cross","region_polygon"
0.242769690023516,1.07381591726074,"H indifferent","High type","high_i_cross","region_polygon"
0.242889763326978,1.0732108687586,"H indifferent","High type","high_i_cross","region_polygon"
0.243009798556654,1.07260582025646,"H indifferent","High type","high_i_cross","region_polygon"
0.24312979573065,1.07200077175433,"H indifferent","High type","high_i_cross","region_polygon"
0.243249754867062,1.07139572325219,"H indifferent","High type","high_i_cross","region_polygon"
0.243369675983971,1.07079067475005,"H indifferent","High type","high_i_cross","region_polygon"
0.243489559099451,1.07018562624792,"H indifferent","High type","high_i_cross","region_polygon"
0.243609404231561,1.06958057774578,"H indifferent","High type","high_i_cross","region_polygon"
0.24372921139835,1.06897552924364,"H indifferent","High type","high_i_cross","region_polygon"
0.243848980617857,1.0683704807415,"H indifferent","High type","high_i_cross","region_polygon"
0.243968711908106,1.06776543223937,"H indifferent","High type","high_i_cross","region_polygon"
0.244088405287113,1.06716038373723,"H indifferent","High type","high_i_cross","region_polygon"
0.244208060772881,1.06655533523509,"H indifferent","High type","high_i_cross","region_polygon"
0.244327678383401,1.06595028673296,"H indifferent","High type","high_i_cross","region_polygon"
0.244447258136655,1.06534523823082,"H indifferent","High type","high_i_cross","region_polygon"
0.244566800050611,1.06474018972868,"H indifferent","High type","high_i_cross","region_polygon"
0.244686304143227,1.06413514122654,"H indifferent","High type","high_i_cross","region_polygon"
0.244805770432449,1.06353009272441,"H indifferent","High type","high_i_cross","region_polygon"
0.244925198936213,1.06292504422227,"H indifferent","High type","high_i_cross","region_polygon"
0.245044589672442,1.06231999572013,"H indifferent","High type","high_i_cross","region_polygon"
0.245163942659048,1.061714947218,"H indifferent","High type","high_i_cross","region_polygon"
0.245283257913932,1.06110989871586,"H indifferent","High type","high_i_cross","region_polygon"
0.245402535454984,1.06050485021372,"H indifferent","High type","high_i_cross","region_polygon"
0.245521775300083,1.05989980171158,"H indifferent","High type","high_i_cross","region_polygon"
0.245640977467095,1.05929475320945,"H indifferent","High type","high_i_cross","region_polygon"
0.245760141973876,1.05868970470731,"H indifferent","High type","high_i_cross","region_polygon"
0.245879268838271,1.05808465620517,"H indifferent","High type","high_i_cross","region_polygon"
0.245998358078114,1.05747960770303,"H indifferent","High type","high_i_cross","region_polygon"
0.246117409711225,1.0568745592009,"H indifferent","High type","high_i_cross","region_polygon"
0.246236423755415,1.05626951069876,"H indifferent","High type","high_i_cross","region_polygon"
0.246355400228485,1.05566446219662,"H indifferent","High type","high_i_cross","region_polygon"
0.246474339148222,1.05505941369449,"H indifferent","High type","high_i_cross","region_polygon"
0.246593240532403,1.05445436519235,"H indifferent","High type","high_i_cross","region_polygon"
0.246712104398795,1.05384931669021,"H indifferent","High type","high_i_cross","region_polygon"
0.246830930765151,1.05324426818807,"H indifferent","High type","high_i_cross","region_polygon"
0.246949719649215,1.05263921968594,"H indifferent","High type","high_i_cross","region_polygon"
0.24706847106872,1.0520341711838,"H indifferent","High type","high_i_cross","region_polygon"
0.247187185041385,1.05142912268166,"H indifferent","High type","high_i_cross","region_polygon"
0.247305861584922,1.05082407417953,"H indifferent","High type","high_i_cross","region_polygon"
0.247424500717029,1.05021902567739,"H indifferent","High type","high_i_cross","region_polygon"
0.247543102455393,1.04961397717525,"H indifferent","High type","high_i_cross","region_polygon"
0.247661666817691,1.04900892867311,"H indifferent","High type","high_i_cross","region_polygon"
0.247780193821587,1.04840388017098,"H indifferent","High type","high_i_cross","region_polygon"
0.247898683484736,1.04779883166884,"H indifferent","High type","high_i_cross","region_polygon"
0.248017135824782,1.0471937831667,"H indifferent","High type","high_i_cross","region_polygon"
0.248135550859354,1.04658873466457,"H indifferent","High type","high_i_cross","region_polygon"
0.248253928606076,1.04598368616243,"H indifferent","High type","high_i_cross","region_polygon"
0.248372269082555,1.04537863766029,"H indifferent","High type","high_i_cross","region_polygon"
0.248490572306392,1.04477358915815,"H indifferent","High type","high_i_cross","region_polygon"
0.248608838295172,1.04416854065602,"H indifferent","High type","high_i_cross","region_polygon"
0.248727067066473,1.04356349215388,"H indifferent","High type","high_i_cross","region_polygon"
0.24884525863786,1.04295844365174,"H indifferent","High type","high_i_cross","region_polygon"
0.248963413026887,1.0423533951496,"H indifferent","High type","high_i_cross","region_polygon"
0.249081530251098,1.04174834664747,"H indifferent","High type","high_i_cross","region_polygon"
0.249199610328025,1.04114329814533,"H indifferent","High type","high_i_cross","region_polygon"
0.249317653275188,1.04053824964319,"H indifferent","High type","high_i_cross","region_polygon"
0.249435659110099,1.03993320114106,"H indifferent","High type","high_i_cross","region_polygon"
0.249553627850256,1.03932815263892,"H indifferent","High type","high_i_cross","region_polygon"
0.249671559513147,1.03872310413678,"H indifferent","High type","high_i_cross","region_polygon"
0.24978945411625,1.03811805563464,"H indifferent","High type","high_i_cross","region_polygon"
0.249907311677031,1.03751300713251,"H indifferent","High type","high_i_cross","region_polygon"
0.250025132212945,1.03690795863037,"H indifferent","High type","high_i_cross","region_polygon"
0.250142915741437,1.03630291012823,"H indifferent","High type","high_i_cross","region_polygon"
0.250260662279939,1.0356978616261,"H indifferent","High type","high_i_cross","region_polygon"
0.250378371845874,1.03509281312396,"H indifferent","High type","high_i_cross","region_polygon"
0.250496044456654,1.03448776462182,"H indifferent","High type","high_i_cross","region_polygon"
0.250613680129678,1.03388271611968,"H indifferent","High type","high_i_cross","region_polygon"
0.250731278882337,1.03327766761755,"H indifferent","High type","high_i_cross","region_polygon"
0.250848840732009,1.03267261911541,"H indifferent","High type","high_i_cross","region_polygon"
0.250966365696063,1.03206757061327,"H indifferent","High type","high_i_cross","region_polygon"
0.251083853791853,1.03146252211113,"H indifferent","High type","high_i_cross","region_polygon"
0.251201305036728,1.030857473609,"H indifferent","High type","high_i_cross","region_polygon"
0.251318719448021,1.03025242510686,"H indifferent","High type","high_i_cross","region_polygon"
0.251436097043057,1.02964737660472,"H indifferent","High type","high_i_cross","region_polygon"
0.25155343783915,1.02904232810259,"H indifferent","High type","high_i_cross","region_polygon"
0.251670741853601,1.02843727960045,"H indifferent","High type","high_i_cross","region_polygon"
0.251788009103703,1.02783223109831,"H indifferent","High type","high_i_cross","region_polygon"
0.251905239606737,1.02722718259617,"H indifferent","High type","high_i_cross","region_polygon"
0.252022433379971,1.02662213409404,"H indifferent","High type","high_i_cross","region_polygon"
0.252139590440666,1.0260170855919,"H indifferent","High type","high_i_cross","region_polygon"
0.25225671080607,1.02541203708976,"H indifferent","High type","high_i_cross","region_polygon"
0.25237379449342,1.02480698858763,"H indifferent","High type","high_i_cross","region_polygon"
0.252490841519943,1.02420194008549,"H indifferent","High type","high_i_cross","region_polygon"
0.252607851902855,1.02359689158335,"H indifferent","High type","high_i_cross","region_polygon"
0.252724825659362,1.02299184308121,"H indifferent","High type","high_i_cross","region_polygon"
0.252841762806657,1.02238679457908,"H indifferent","High type","high_i_cross","region_polygon"
0.252958663361924,1.02178174607694,"H indifferent","High type","high_i_cross","region_polygon"
0.253075527342337,1.0211766975748,"H indifferent","High type","high_i_cross","region_polygon"
0.253192354765057,1.02057164907267,"H indifferent","High type","high_i_cross","region_polygon"
0.253309145647236,1.01996660057053,"H indifferent","High type","high_i_cross","region_polygon"
0.253425900006014,1.01936155206839,"H indifferent","High type","high_i_cross","region_polygon"
0.253542617858522,1.01875650356625,"H indifferent","High type","high_i_cross","region_polygon"
0.253659299221878,1.01815145506412,"H indifferent","High type","high_i_cross","region_polygon"
0.253775944113192,1.01754640656198,"H indifferent","High type","high_i_cross","region_polygon"
0.253892552549561,1.01694135805984,"H indifferent","High type","high_i_cross","region_polygon"
0.254009124548073,1.0163363095577,"H indifferent","High type","high_i_cross","region_polygon"
0.254125660125803,1.01573126105557,"H indifferent","High type","high_i_cross","region_polygon"
0.254242159299818,1.01512621255343,"H indifferent","High type","high_i_cross","region_polygon"
0.254358622087173,1.01452116405129,"H indifferent","High type","high_i_cross","region_polygon"
0.254475048504913,1.01391611554916,"H indifferent","High type","high_i_cross","region_polygon"
0.25459143857007,1.01331106704702,"H indifferent","High type","high_i_cross","region_polygon"
0.25470779229967,1.01270601854488,"H indifferent","High type","high_i_cross","region_polygon"
0.254824109710723,1.01210097004274,"H indifferent","High type","high_i_cross","region_polygon"
0.254940390820233,1.01149592154061,"H indifferent","High type","high_i_cross","region_polygon"
0.25505663564519,1.01089087303847,"H indifferent","High type","high_i_cross","region_polygon"
0.255172844202576,1.01028582453633,"H indifferent","High type","high_i_cross","region_polygon"
0.25528901650936,1.0096807760342,"H indifferent","High type","high_i_cross","region_polygon"
0.255405152582502,1.00907572753206,"H indifferent","High type","high_i_cross","region_polygon"
0.255521252438952,1.00847067902992,"H indifferent","High type","high_i_cross","region_polygon"
0.255637316095647,1.00786563052778,"H indifferent","High type","high_i_cross","region_polygon"
0.255753343569516,1.00726058202565,"H indifferent","High type","high_i_cross","region_polygon"
0.255869334877476,1.00665553352351,"H indifferent","High type","high_i_cross","region_polygon"
0.255985290036433,1.00605048502137,"H indifferent","High type","high_i_cross","region_polygon"
0.256101209063285,1.00544543651923,"H indifferent","High type","high_i_cross","region_polygon"
0.256217091974916,1.0048403880171,"H indifferent","High type","high_i_cross","region_polygon"
0.256332938788202,1.00423533951496,"H indifferent","High type","high_i_cross","region_polygon"
0.256448749520008,1.00363029101282,"H indifferent","High type","high_i_cross","region_polygon"
0.256564524187188,1.00302524251069,"H indifferent","High type","high_i_cross","region_polygon"
0.256680262806585,1.00242019400855,"H indifferent","High type","high_i_cross","region_polygon"
0.256795965395033,1.00181514550641,"H indifferent","High type","high_i_cross","region_polygon"
0.256911631969355,1.00121009700427,"H indifferent","High type","high_i_cross","region_polygon"
0.257027262546362,1.00060504850214,"H indifferent","High type","high_i_cross","region_polygon"
0.257142857142857,1,"H indifferent","High type","high_i_cross","region_polygon"
0.257142857142857,1,"H prefers majority","High type","high_m_cross","region_polygon"
0.257027262546362,1.00060504850214,"H prefers majority","High type","high_m_cross","region_polygon"
0.256911631969355,1.00121009700427,"H prefers majority","High type","high_m_cross","region_polygon"
0.256795965395033,1.00181514550641,"H prefers majority","High type","high_m_cross","region_polygon"
0.256680262806585,1.00242019400855,"H prefers majority","High type","high_m_cross","region_polygon"
0.256564524187188,1.00302524251069,"H prefers majority","High type","high_m_cross","region_polygon"
0.256448749520008,1.00363029101282,"H prefers majority","High type","high_m_cross","region_polygon"
0.256332938788202,1.00423533951496,"H prefers majority","High type","high_m_cross","region_polygon"
0.256217091974916,1.0048403880171,"H prefers majority","High type","high_m_cross","region_polygon"
0.256101209063285,1.00544543651923,"H prefers majority","High type","high_m_cross","region_polygon"
0.255985290036433,1.00605048502137,"H prefers majority","High type","high_m_cross","region_polygon"
0.255869334877476,1.00665553352351,"H prefers majority","High type","high_m_cross","region_polygon"
0.255753343569516,1.00726058202565,"H prefers majority","High type","high_m_cross","region_polygon"
0.255637316095647,1.00786563052778,"H prefers majority","High type","high_m_cross","region_polygon"
0.255521252438952,1.00847067902992,"H prefers majority","High type","high_m_cross","region_polygon"
0.255405152582502,1.00907572753206,"H prefers majority","High type","high_m_cross","region_polygon"
0.25528901650936,1.0096807760342,"H prefers majority","High type","high_m_cross","region_polygon"
0.255172844202576,1.01028582453633,"H prefers majority","High type","high_m_cross","region_polygon"
0.25505663564519,1.01089087303847,"H prefers majority","High type","high_m_cross","region_polygon"
0.254940390820233,1.01149592154061,"H prefers majority","High type","high_m_cross","region_polygon"
0.254824109710723,1.01210097004274,"H prefers majority","High type","high_m_cross","region_polygon"
0.25470779229967,1.01270601854488,"H prefers majority","High type","high_m_cross","region_polygon"
0.25459143857007,1.01331106704702,"H prefers majority","High type","high_m_cross","region_polygon"
0.254475048504913,1.01391611554916,"H prefers majority","High type","high_m_cross","region_polygon"
0.254358622087173,1.01452116405129,"H prefers majority","High type","high_m_cross","region_polygon"
0.254242159299818,1.01512621255343,"H prefers majority","High type","high_m_cross","region_polygon"
0.254125660125803,1.01573126105557,"H prefers majority","High type","high_m_cross","region_polygon"
0.254009124548073,1.0163363095577,"H prefers majority","High type","high_m_cross","region_polygon"
0.253892552549561,1.01694135805984,"H prefers majority","High type","high_m_cross","region_polygon"
0.253775944113192,1.01754640656198,"H prefers majority","High type","high_m_cross","region_polygon"
0.253659299221878,1.01815145506412,"H prefers majority","High type","high_m_cross","region_polygon"
0.253542617858522,1.01875650356625,"H prefers majority","High type","high_m_cross","region_polygon"
0.253425900006014,1.01936155206839,"H prefers majority","High type","high_m_cross","region_polygon"
0.253309145647236,1.01996660057053,"H prefers majority","High type","high_m_cross","region_polygon"
0.253192354765057,1.02057164907267,"H prefers majority","High type","high_m_cross","region_polygon"
0.253075527342337,1.0211766975748,"H prefers majority","High type","high_m_cross","region_polygon"
0.252958663361924,1.02178174607694,"H prefers majority","High type","high_m_cross","region_polygon"
0.252841762806657,1.02238679457908,"H prefers majority","High type","high_m_cross","region_polygon"
0.252724825659362,1.02299184308121,"H prefers majority","High type","high_m_cross","region_polygon"
0.252607851902855,1.02359689158335,"H prefers majority","High type","high_m_cross","region_polygon"
0.252490841519943,1.02420194008549,"H prefers majority","High type","high_m_cross","region_polygon"
0.25237379449342,1.02480698858763,"H prefers majority","High type","high_m_cross","region_polygon"
0.25225671080607,1.02541203708976,"H prefers majority","High type","high_m_cross","region_polygon"
0.252139590440666,1.0260170855919,"H prefers majority","High type","high_m_cross","region_polygon"
0.252022433379971,1.02662213409404,"H prefers majority","High type","high_m_cross","region_polygon"
0.251905239606737,1.02722718259617,"H prefers majority","High type","high_m_cross","region_polygon"
0.251788009103703,1.02783223109831,"H prefers majority","High type","high_m_cross","region_polygon"
0.251670741853601,1.02843727960045,"H prefers majority","High type","high_m_cross","region_polygon"
0.25155343783915,1.02904232810259,"H prefers majority","High type","high_m_cross","region_polygon"
0.251436097043057,1.02964737660472,"H prefers majority","High type","high_m_cross","region_polygon"
0.251318719448021,1.03025242510686,"H prefers majority","High type","high_m_cross","region_polygon"
0.251201305036728,1.030857473609,"H prefers majority","High type","high_m_cross","region_polygon"
0.251083853791853,1.03146252211113,"H prefers majority","High type","high_m_cross","region_polygon"
0.250966365696063,1.03206757061327,"H prefers majority","High type","high_m_cross","region_polygon"
0.250848840732009,1.03267261911541,"H prefers majority","High type","high_m_cross","region_polygon"
0.250731278882337,1.03327766761755,"H prefers majority","High type","high_m_cross","region_polygon"
0.250613680129678,1.03388271611968,"H prefers majority","High type","high_m_cross","region_polygon"
0.250496044456654,1.03448776462182,"H prefers majority","High type","high_m_cross","region_polygon"
0.250378371845874,1.03509281312396,"H prefers majority","High type","high_m_cross","region_polygon"
0.250260662279939,1.0356978616261,"H prefers majority","High type","high_m_cross","region_polygon"
0.250142915741437,1.03630291012823,"H prefers majority","High type","high_m_cross","region_polygon"
0.250025132212945,1.03690795863037,"H prefers majority","High type","high_m_cross","region_polygon"
0.249907311677031,1.03751300713251,"H prefers majority","High type","high_m_cross","region_polygon"
0.24978945411625,1.03811805563464,"H prefers majority","High type","high_m_cross","region_polygon"
0.249671559513147,1.03872310413678,"H prefers majority","High type","high_m_cross","region_polygon"
0.249553627850256,1.03932815263892,"H prefers majority","High type","high_m_cross","region_polygon"
0.249435659110099,1.03993320114106,"H prefers majority","High type","high_m_cross","region_polygon"
0.249317653275188,1.04053824964319,"H prefers majority","High type","high_m_cross","region_polygon"
0.249199610328025,1.04114329814533,"H prefers majority","High type","high_m_cross","region_polygon"
0.249081530251098,1.04174834664747,"H prefers majority","High type","high_m_cross","region_polygon"
0.248963413026887,1.0423533951496,"H prefers majority","High type","high_m_cross","region_polygon"
0.24884525863786,1.04295844365174,"H prefers majority","High type","high_m_cross","region_polygon"
0.248727067066473,1.04356349215388,"H prefers majority","High type","high_m_cross","region_polygon"
0.248608838295172,1.04416854065602,"H prefers majority","High type","high_m_cross","region_polygon"
0.248490572306392,1.04477358915815,"H prefers majority","High type","high_m_cross","region_polygon"
0.248372269082555,1.04537863766029,"H prefers majority","High type","high_m_cross","region_polygon"
0.248253928606076,1.04598368616243,"H prefers majority","High type","high_m_cross","region_polygon"
0.248135550859354,1.04658873466457,"H prefers majority","High type","high_m_cross","region_polygon"
0.248017135824782,1.0471937831667,"H prefers majority","High type","high_m_cross","region_polygon"
0.247898683484736,1.04779883166884,"H prefers majority","High type","high_m_cross","region_polygon"
0.247780193821587,1.04840388017098,"H prefers majority","High type","high_m_cross","region_polygon"
0.247661666817691,1.04900892867311,"H prefers majority","High type","high_m_cross","region_polygon"
0.247543102455393,1.04961397717525,"H prefers majority","High type","high_m_cross","region_polygon"
0.247424500717029,1.05021902567739,"H prefers majority","High type","high_m_cross","region_polygon"
0.247305861584922,1.05082407417953,"H prefers majority","High type","high_m_cross","region_polygon"
0.247187185041385,1.05142912268166,"H prefers majority","High type","high_m_cross","region_polygon"
0.24706847106872,1.0520341711838,"H prefers majority","High type","high_m_cross","region_polygon"
0.246949719649215,1.05263921968594,"H prefers majority","High type","high_m_cross","region_polygon"
0.246830930765151,1.05324426818807,"H prefers majority","High type","high_m_cross","region_polygon"
0.246712104398795,1.05384931669021,"H prefers majority","High type","high_m_cross","region_polygon"
0.246593240532403,1.05445436519235,"H prefers majority","High type","high_m_cross","region_polygon"
0.246474339148222,1.05505941369449,"H prefers majority","High type","high_m_cross","region_polygon"
0.246355400228485,1.05566446219662,"H prefers majority","High type","high_m_cross","region_polygon"
0.246236423755415,1.05626951069876,"H prefers majority","High type","high_m_cross","region_polygon"
0.246117409711225,1.0568745592009,"H prefers majority","High type","high_m_cross","region_polygon"
0.245998358078114,1.05747960770303,"H prefers majority","High type","high_m_cross","region_polygon"
0.245879268838271,1.05808465620517,"H prefers majority","High type","high_m_cross","region_polygon"
0.245760141973876,1.05868970470731,"H prefers majority","High type","high_m_cross","region_polygon"
0.245640977467095,1.05929475320945,"H prefers majority","High type","high_m_cross","region_polygon"
0.245521775300083,1.05989980171158,"H prefers majority","High type","high_m_cross","region_polygon"
0.245402535454984,1.06050485021372,"H prefers majority","High type","high_m_cross","region_polygon"
0.245283257913932,1.06110989871586,"H prefers majority","High type","high_m_cross","region_polygon"
0.245163942659048,1.061714947218,"H prefers majority","High type","high_m_cross","region_polygon"
0.245044589672442,1.06231999572013,"H prefers majority","High type","high_m_cross","region_polygon"
0.244925198936213,1.06292504422227,"H prefers majority","High type","high_m_cross","region_polygon"
0.244805770432449,1.06353009272441,"H prefers majority","High type","high_m_cross","region_polygon"
0.244686304143227,1.06413514122654,"H prefers majority","High type","high_m_cross","region_polygon"
0.244566800050611,1.06474018972868,"H prefers majority","High type","high_m_cross","region_polygon"
0.244447258136655,1.06534523823082,"H prefers majority","High type","high_m_cross","region_polygon"
0.244327678383401,1.06595028673296,"H prefers majority","High type","high_m_cross","region_polygon"
0.244208060772881,1.06655533523509,"H prefers majority","High type","high_m_cross","region_polygon"
0.244088405287113,1.06716038373723,"H prefers majority","High type","high_m_cross","region_polygon"
0.243968711908106,1.06776543223937,"H prefers majority","High type","high_m_cross","region_polygon"
0.243848980617857,1.0683704807415,"H prefers majority","High type","high_m_cross","region_polygon"
0.24372921139835,1.06897552924364,"H prefers majority","High type","high_m_cross","region_polygon"
0.243609404231561,1.06958057774578,"H prefers majority","High type","high_m_cross","region_polygon"
0.243489559099451,1.07018562624792,"H prefers majority","High type","high_m_cross","region_polygon"
0.243369675983971,1.07079067475005,"H prefers majority","High type","high_m_cross","region_polygon"
0.243249754867062,1.07139572325219,"H prefers majority","High type","high_m_cross","region_polygon"
0.24312979573065,1.07200077175433,"H prefers majority","High type","high_m_cross","region_polygon"
0.243009798556654,1.07260582025646,"H prefers majority","High type","high_m_cross","region_polygon"
0.242889763326978,1.0732108687586,"H prefers majority","High type","high_m_cross","region_polygon"
0.242769690023516,1.07381591726074,"H prefers majority","High type","high_m_cross","region_polygon"
0.242649578628151,1.07442096576288,"H prefers majority","High type","high_m_cross","region_polygon"
0.242529429122752,1.07502601426501,"H prefers majority","High type","high_m_cross","region_polygon"
0.24240924148918,1.07563106276715,"H prefers majority","High type","high_m_cross","region_polygon"
0.242289015709282,1.07623611126929,"H prefers majority","High type","high_m_cross","region_polygon"
0.242168751764894,1.07684115977143,"H prefers majority","High type","high_m_cross","region_polygon"
0.242048449637841,1.07744620827356,"H prefers majority","High type","high_m_cross","region_polygon"
0.241928109309937,1.0780512567757,"H prefers majority","High type","high_m_cross","region_polygon"
0.241807730762982,1.07865630527784,"H prefers majority","High type","high_m_cross","region_polygon"
0.241687313978767,1.07926135377997,"H prefers majority","High type","high_m_cross","region_polygon"
0.241566858939071,1.07986640228211,"H prefers majority","High type","high_m_cross","region_polygon"
0.24144636562566,1.08047145078425,"H prefers majority","High type","high_m_cross","region_polygon"
0.241325834020289,1.08107649928639,"H prefers majority","High type","high_m_cross","region_polygon"
0.241205264104703,1.08168154778852,"H prefers majority","High type","high_m_cross","region_polygon"
0.241084655860633,1.08228659629066,"H prefers majority","High type","high_m_cross","region_polygon"
0.2409640092698,1.0828916447928,"H prefers majority","High type","high_m_cross","region_polygon"
0.240843324313912,1.08349669329493,"H prefers majority","High type","high_m_cross","region_polygon"
0.240722600974668,1.08410174179707,"H prefers majority","High type","high_m_cross","region_polygon"
0.240601839233752,1.08470679029921,"H prefers majority","High type","high_m_cross","region_polygon"
0.240481039072838,1.08531183880135,"H prefers majority","High type","high_m_cross","region_polygon"
0.24036020047359,1.08591688730348,"H prefers majority","High type","high_m_cross","region_polygon"
0.240239323417656,1.08652193580562,"H prefers majority","High type","high_m_cross","region_polygon"
0.240118407886677,1.08712698430776,"H prefers majority","High type","high_m_cross","region_polygon"
0.239997453862279,1.0877320328099,"H prefers majority","High type","high_m_cross","region_polygon"
0.239876461326079,1.08833708131203,"H prefers majority","High type","high_m_cross","region_polygon"
0.239755430259679,1.08894212981417,"H prefers majority","High type","high_m_cross","region_polygon"
0.239634360644672,1.08954717831631,"H prefers majority","High type","high_m_cross","region_polygon"
0.239513252462638,1.09015222681844,"H prefers majority","High type","high_m_cross","region_polygon"
0.239392105695146,1.09075727532058,"H prefers majority","High type","high_m_cross","region_polygon"
0.239270920323753,1.09136232382272,"H prefers majority","High type","high_m_cross","region_polygon"
0.239149696330003,1.09196737232486,"H prefers majority","High type","high_m_cross","region_polygon"
0.239028433695431,1.09257242082699,"H prefers majority","High type","high_m_cross","region_polygon"
0.238907132401558,1.09317746932913,"H prefers majority","High type","high_m_cross","region_polygon"
0.238785792429894,1.09378251783127,"H prefers majority","High type","high_m_cross","region_polygon"
0.238664413761936,1.0943875663334,"H prefers majority","High type","high_m_cross","region_polygon"
0.238542996379171,1.09499261483554,"H prefers majority","High type","high_m_cross","region_polygon"
0.238421540263073,1.09559766333768,"H prefers majority","High type","high_m_cross","region_polygon"
0.238300045395106,1.09620271183982,"H prefers majority","High type","high_m_cross","region_polygon"
0.238178511756719,1.09680776034195,"H prefers majority","High type","high_m_cross","region_polygon"
0.238056939329351,1.09741280884409,"H prefers majority","High type","high_m_cross","region_polygon"
0.23793532809443,1.09801785734623,"H prefers majority","High type","high_m_cross","region_polygon"
0.23781367803337,1.09862290584836,"H prefers majority","High type","high_m_cross","region_polygon"
0.237691989127576,1.0992279543505,"H prefers majority","High type","high_m_cross","region_polygon"
0.237570261358438,1.09983300285264,"H prefers majority","High type","high_m_cross","region_polygon"
0.237448494707337,1.10043805135478,"H prefers majority","High type","high_m_cross","region_polygon"
0.237326689155639,1.10104309985691,"H prefers majority","High type","high_m_cross","region_polygon"
0.2372048446847,1.10164814835905,"H prefers majority","High type","high_m_cross","region_polygon"
0.237082961275865,1.10225319686119,"H prefers majority","High type","high_m_cross","region_polygon"
0.236961038910465,1.10285824536333,"H prefers majority","High type","high_m_cross","region_polygon"
0.236839077569821,1.10346329386546,"H prefers majority","High type","high_m_cross","region_polygon"
0.236717077235239,1.1040683423676,"H prefers majority","High type","high_m_cross","region_polygon"
0.236595037888017,1.10467339086974,"H prefers majority","High type","high_m_cross","region_polygon"
0.236472959509439,1.10527843937187,"H prefers majority","High type","high_m_cross","region_polygon"
0.236350842080776,1.10588348787401,"H prefers majority","High type","high_m_cross","region_polygon"
0.236228685583288,1.10648853637615,"H prefers majority","High type","high_m_cross","region_polygon"
0.236106489998225,1.10709358487829,"H prefers majority","High type","high_m_cross","region_polygon"
0.235984255306822,1.10769863338042,"H prefers majority","High type","high_m_cross","region_polygon"
0.235861981490303,1.10830368188256,"H prefers majority","High type","high_m_cross","region_polygon"
0.23573966852988,1.1089087303847,"H prefers majority","High type","high_m_cross","region_polygon"
0.235617316406754,1.10951377888683,"H prefers majority","High type","high_m_cross","region_polygon"
0.235494925102113,1.11011882738897,"H prefers majority","High type","high_m_cross","region_polygon"
0.235372494597131,1.11072387589111,"H prefers majority","High type","high_m_cross","region_polygon"
0.235250024872975,1.11132892439325,"H prefers majority","High type","high_m_cross","region_polygon"
0.235127515910795,1.11193397289538,"H prefers majority","High type","high_m_cross","region_polygon"
0.23500496769173,1.11253902139752,"H prefers majority","High type","high_m_cross","region_polygon"
0.23488238019691,1.11314406989966,"H prefers majority","High type","high_m_cross","region_polygon"
0.234759753407449,1.11374911840179,"H prefers majority","High type","high_m_cross","region_polygon"
0.234637087304452,1.11435416690393,"H prefers majority","High type","high_m_cross","region_polygon"
0.234514381869008,1.11495921540607,"H prefers majority","High type","high_m_cross","region_polygon"
0.234391637082198,1.11556426390821,"H prefers majority","High type","high_m_cross","region_polygon"
0.234268852925089,1.11616931241034,"H prefers majority","High type","high_m_cross","region_polygon"
0.234146029378735,1.11677436091248,"H prefers majority","High type","high_m_cross","region_polygon"
0.234023166424181,1.11737940941462,"H prefers majority","High type","high_m_cross","region_polygon"
0.233900264042455,1.11798445791676,"H prefers majority","High type","high_m_cross","region_polygon"
0.233777322214577,1.11858950641889,"H prefers majority","High type","high_m_cross","region_polygon"
0.233654340921552,1.11919455492103,"H prefers majority","High type","high_m_cross","region_polygon"
0.233531320144376,1.11979960342317,"H prefers majority","High type","high_m_cross","region_polygon"
0.23340825986403,1.1204046519253,"H prefers majority","High type","high_m_cross","region_polygon"
0.233285160061483,1.12100970042744,"H prefers majority","High type","high_m_cross","region_polygon"
0.233162020717693,1.12161474892958,"H prefers majority","High type","high_m_cross","region_polygon"
0.233038841813605,1.12221979743172,"H prefers majority","High type","high_m_cross","region_polygon"
0.232915623330153,1.12282484593385,"H prefers majority","High type","high_m_cross","region_polygon"
0.232792365248256,1.12342989443599,"H prefers majority","High type","high_m_cross","region_polygon"
0.232669067548824,1.12403494293813,"H prefers majority","High type","high_m_cross","region_polygon"
0.232545730212752,1.12463999144026,"H prefers majority","High type","high_m_cross","region_polygon"
0.232422353220924,1.1252450399424,"H prefers majority","High type","high_m_cross","region_polygon"
0.232298936554212,1.12585008844454,"H prefers majority","High type","high_m_cross","region_polygon"
0.232175480193476,1.12645513694668,"H prefers majority","High type","high_m_cross","region_polygon"
0.232051984119561,1.12706018544881,"H prefers majority","High type","high_m_cross","region_polygon"
0.231928448313304,1.12766523395095,"H prefers majority","High type","high_m_cross","region_polygon"
0.231804872755525,1.12827028245309,"H prefers majority","High type","high_m_cross","region_polygon"
0.231681257427036,1.12887533095523,"H prefers majority","High type","high_m_cross","region_polygon"
0.231557602308633,1.12948037945736,"H prefers majority","High type","high_m_cross","region_polygon"
0.231433907381103,1.1300854279595,"H prefers majority","High type","high_m_cross","region_polygon"
0.231310172625217,1.13069047646164,"H prefers majority","High type","high_m_cross","region_polygon"
0.231186398021736,1.13129552496377,"H prefers majority","High type","high_m_cross","region_polygon"
0.231062583551409,1.13190057346591,"H prefers majority","High type","high_m_cross","region_polygon"
0.230938729194971,1.13250562196805,"H prefers majority","High type","high_m_cross","region_polygon"
0.230814834933145,1.13311067047019,"H prefers majority","High type","high_m_cross","region_polygon"
0.230690900746642,1.13371571897232,"H prefers majority","High type","high_m_cross","region_polygon"
0.230566926616162,1.13432076747446,"H prefers majority","High type","high_m_cross","region_polygon"
0.230442912522388,1.1349258159766,"H prefers majority","High type","high_m_cross","region_polygon"
0.230318858445996,1.13553086447873,"H prefers majority","High type","high_m_cross","region_polygon"
0.230194764367646,1.13613591298087,"H prefers majority","High type","high_m_cross","region_polygon"
0.230070630267987,1.13674096148301,"H prefers majority","High type","high_m_cross","region_polygon"
0.229946456127654,1.13734600998515,"H prefers majority","High type","high_m_cross","region_polygon"
0.229822241927273,1.13795105848728,"H prefers majority","High type","high_m_cross","region_polygon"
0.229697987647452,1.13855610698942,"H prefers majority","High type","high_m_cross","region_polygon"
0.229573693268792,1.13916115549156,"H prefers majority","High type","high_m_cross","region_polygon"
0.229449358771878,1.13976620399369,"H prefers majority","High type","high_m_cross","region_polygon"
0.229324984137284,1.14037125249583,"H prefers majority","High type","high_m_cross","region_polygon"
0.229200569345571,1.14097630099797,"H prefers majority","High type","high_m_cross","region_polygon"
0.229076114377287,1.14158134950011,"H prefers majority","High type","high_m_cross","region_polygon"
0.228951619212968,1.14218639800224,"H prefers majority","High type","high_m_cross","region_polygon"
0.228827083833137,1.14279144650438,"H prefers majority","High type","high_m_cross","region_polygon"
0.228702508218305,1.14339649500652,"H prefers majority","High type","high_m_cross","region_polygon"
0.22857789234897,1.14400154350866,"H prefers majority","High type","high_m_cross","region_polygon"
0.228453236205618,1.14460659201079,"H prefers majority","High type","high_m_cross","region_polygon"
0.228328539768722,1.14521164051293,"H prefers majority","High type","high_m_cross","region_polygon"
0.228203803018742,1.14581668901507,"H prefers majority","High type","high_m_cross","region_polygon"
0.228079025936124,1.1464217375172,"H prefers majority","High type","high_m_cross","region_polygon"
0.227954208501306,1.14702678601934,"H prefers majority","High type","high_m_cross","region_polygon"
0.227829350694708,1.14763183452148,"H prefers majority","High type","high_m_cross","region_polygon"
0.22770445249674,1.14823688302362,"H prefers majority","High type","high_m_cross","region_polygon"
0.2275795138878,1.14884193152575,"H prefers majority","High type","high_m_cross","region_polygon"
0.227454534848271,1.14944698002789,"H prefers majority","High type","high_m_cross","region_polygon"
0.227329515358526,1.15005202853003,"H prefers majority","High type","high_m_cross","region_polygon"
0.227204455398923,1.15065707703216,"H prefers majority","High type","high_m_cross","region_polygon"
0.227079354949808,1.1512621255343,"H prefers majority","High type","high_m_cross","region_polygon"
0.226954213991515,1.15186717403644,"H prefers majority","High type","high_m_cross","region_polygon"
0.226829032504364,1.15247222253858,"H prefers majority","High type","high_m_cross","region_polygon"
0.226703810468664,1.15307727104071,"H prefers majority","High type","high_m_cross","region_polygon"
0.22657854786471,1.15368231954285,"H prefers majority","High type","high_m_cross","region_polygon"
0.226453244672783,1.15428736804499,"H prefers majority","High type","high_m_cross","region_polygon"
0.226327900873154,1.15489241654713,"H prefers majority","High type","high_m_cross","region_polygon"
0.22620251644608,1.15549746504926,"H prefers majority","High type","high_m_cross","region_polygon"
0.226077091371804,1.1561025135514,"H prefers majority","High type","high_m_cross","region_polygon"
0.225951625630559,1.15670756205354,"H prefers majority","High type","high_m_cross","region_polygon"
0.225826119202561,1.15731261055567,"H prefers majority","High type","high_m_cross","region_polygon"
0.225700572068018,1.15791765905781,"H prefers majority","High type","high_m_cross","region_polygon"
0.22557498420712,1.15852270755995,"H prefers majority","High type","high_m_cross","region_polygon"
0.22544935560005,1.15912775606209,"H prefers majority","High type","high_m_cross","region_polygon"
0.225323686226973,1.15973280456422,"H prefers majority","High type","high_m_cross","region_polygon"
0.225197976068043,1.16033785306636,"H prefers majority","High type","high_m_cross","region_polygon"
0.225072225103403,1.1609429015685,"H prefers majority","High type","high_m_cross","region_polygon"
0.22494643331318,1.16154795007063,"H prefers majority","High type","high_m_cross","region_polygon"
0.22482060067749,1.16215299857277,"H prefers majority","High type","high_m_cross","region_polygon"
0.224694727176435,1.16275804707491,"H prefers majority","High type","high_m_cross","region_polygon"
0.224568812790105,1.16336309557705,"H prefers majority","High type","high_m_cross","region_polygon"
0.224442857498577,1.16396814407918,"H prefers majority","High type","high_m_cross","region_polygon"
0.224316861281914,1.16457319258132,"H prefers majority","High type","high_m_cross","region_polygon"
0.224190824120167,1.16517824108346,"H prefers majority","High type","high_m_cross","region_polygon"
0.224064745993375,1.16578328958559,"H prefers majority","High type","high_m_cross","region_polygon"
0.223938626881562,1.16638833808773,"H prefers majority","High type","high_m_cross","region_polygon"
0.223812466764739,1.16699338658987,"H prefers majority","High type","high_m_cross","region_polygon"
0.223686265622906,1.16759843509201,"H prefers majority","High type","high_m_cross","region_polygon"
0.223560023436048,1.16820348359414,"H prefers majority","High type","high_m_cross","region_polygon"
0.223433740184139,1.16880853209628,"H prefers majority","High type","high_m_cross","region_polygon"
0.223307415847138,1.16941358059842,"H prefers majority","High type","high_m_cross","region_polygon"
0.223181050404992,1.17001862910056,"H prefers majority","High type","high_m_cross","region_polygon"
0.223054643837634,1.17062367760269,"H prefers majority","High type","high_m_cross","region_polygon"
0.222928196124985,1.17122872610483,"H prefers majority","High type","high_m_cross","region_polygon"
0.222801707246954,1.17183377460697,"H prefers majority","High type","high_m_cross","region_polygon"
0.222675177183433,1.1724388231091,"H prefers majority","High type","high_m_cross","region_polygon"
0.222548605914306,1.17304387161124,"H prefers majority","High type","high_m_cross","region_polygon"
0.222421993419438,1.17364892011338,"H prefers majority","High type","high_m_cross","region_polygon"
0.222295339678688,1.17425396861552,"H prefers majority","High type","high_m_cross","region_polygon"
0.222168644671895,1.17485901711765,"H prefers majority","High type","high_m_cross","region_polygon"
0.222041908378889,1.17546406561979,"H prefers majority","High type","high_m_cross","region_polygon"
0.221915130779486,1.17606911412193,"H prefers majority","High type","high_m_cross","region_polygon"
0.221788311853489,1.17667416262406,"H prefers majority","High type","high_m_cross","region_polygon"
0.221661451580686,1.1772792111262,"H prefers majority","High type","high_m_cross","region_polygon"
0.221534549940854,1.17788425962834,"H prefers majority","High type","high_m_cross","region_polygon"
0.221407606913756,1.17848930813048,"H prefers majority","High type","high_m_cross","region_polygon"
0.221280622479142,1.17909435663261,"H prefers majority","High type","high_m_cross","region_polygon"
0.221153596616749,1.17969940513475,"H prefers majority","High type","high_m_cross","region_polygon"
0.221026529306299,1.18030445363689,"H prefers majority","High type","high_m_cross","region_polygon"
0.220899420527504,1.18090950213903,"H prefers majority","High type","high_m_cross","region_polygon"
0.22077227026006,1.18151455064116,"H prefers majority","High type","high_m_cross","region_polygon"
0.22064507848365,1.1821195991433,"H prefers majority","High type","high_m_cross","region_polygon"
0.220517845177946,1.18272464764544,"H prefers majority","High type","high_m_cross","region_polygon"
0.220390570322604,1.18332969614757,"H prefers majority","High type","high_m_cross","region_polygon"
0.220263253897268,1.18393474464971,"H prefers majority","High type","high_m_cross","region_polygon"
0.220135895881569,1.18453979315185,"H prefers majority","High type","high_m_cross","region_polygon"
0.220008496255123,1.18514484165399,"H prefers majority","High type","high_m_cross","region_polygon"
0.219881054997535,1.18574989015612,"H prefers majority","High type","high_m_cross","region_polygon"
0.219753572088396,1.18635493865826,"H prefers majority","High type","high_m_cross","region_polygon"
0.219626047507282,1.1869599871604,"H prefers majority","High type","high_m_cross","region_polygon"
0.219498481233758,1.18756503566253,"H prefers majority","High type","high_m_cross","region_polygon"
0.219370873247374,1.18817008416467,"H prefers majority","High type","high_m_cross","region_polygon"
0.219243223527667,1.18877513266681,"H prefers majority","High type","high_m_cross","region_polygon"
0.21911553205416,1.18938018116895,"H prefers majority","High type","high_m_cross","region_polygon"
0.218987798806365,1.18998522967108,"H prefers majority","High type","high_m_cross","region_polygon"
0.218860023763778,1.19059027817322,"H prefers majority","High type","high_m_cross","region_polygon"
0.218732206905883,1.19119532667536,"H prefers majority","High type","high_m_cross","region_polygon"
0.21860434821215,1.19180037517749,"H prefers majority","High type","high_m_cross","region_polygon"
0.218476447662035,1.19240542367963,"H prefers majority","High type","high_m_cross","region_polygon"
0.218348505234982,1.19301047218177,"H prefers majority","High type","high_m_cross","region_polygon"
0.21822052091042,1.19361552068391,"H prefers majority","High type","high_m_cross","region_polygon"
0.218092494667766,1.19422056918604,"H prefers majority","High type","high_m_cross","region_polygon"
0.217964426486422,1.19482561768818,"H prefers majority","High type","high_m_cross","region_polygon"
0.217836316345778,1.19543066619032,"H prefers majority","High type","high_m_cross","region_polygon"
0.21770816422521,1.19603571469246,"H prefers majority","High type","high_m_cross","region_polygon"
0.217579970104079,1.19664076319459,"H prefers majority","High type","high_m_cross","region_polygon"
0.217451733961735,1.19724581169673,"H prefers majority","High type","high_m_cross","region_polygon"
0.217323455777513,1.19785086019887,"H prefers majority","High type","high_m_cross","region_polygon"
0.217195135530733,1.198455908701,"H prefers majority","High type","high_m_cross","region_polygon"
0.217066773200706,1.19906095720314,"H prefers majority","High type","high_m_cross","region_polygon"
0.216938368766724,1.19966600570528,"H prefers majority","High type","high_m_cross","region_polygon"
0.216809922208069,1.20027105420742,"H prefers majority","High type","high_m_cross","region_polygon"
0.216681433504008,1.20087610270955,"H prefers majority","High type","high_m_cross","region_polygon"
0.216552902633794,1.20148115121169,"H prefers majority","High type","high_m_cross","region_polygon"
0.216424329576669,1.20208619971383,"H prefers majority","High type","high_m_cross","region_polygon"
0.216295714311858,1.20269124821596,"H prefers majority","High type","high_m_cross","region_polygon"
0.216167056818574,1.2032962967181,"H prefers majority","High type","high_m_cross","region_polygon"
0.216038357076017,1.20390134522024,"H prefers majority","High type","high_m_cross","region_polygon"
0.215909615063371,1.20450639372238,"H prefers majority","High type","high_m_cross","region_polygon"
0.215780830759809,1.20511144222451,"H prefers majority","High type","high_m_cross","region_polygon"
0.215652004144489,1.20571649072665,"H prefers majority","High type","high_m_cross","region_polygon"
0.215523135196555,1.20632153922879,"H prefers majority","High type","high_m_cross","region_polygon"
0.215394223895138,1.20692658773092,"H prefers majority","High type","high_m_cross","region_polygon"
0.215265270219355,1.20753163623306,"H prefers majority","High type","high_m_cross","region_polygon"
0.215136274148309,1.2081366847352,"H prefers majority","High type","high_m_cross","region_polygon"
0.21500723566109,1.20874173323734,"H prefers majority","High type","high_m_cross","region_polygon"
0.214878154736774,1.20934678173947,"H prefers majority","High type","high_m_cross","region_polygon"
0.214749031354422,1.20995183024161,"H prefers majority","High type","high_m_cross","region_polygon"
0.214619865493083,1.21055687874375,"H prefers majority","High type","high_m_cross","region_polygon"
0.214490657131791,1.21116192724589,"H prefers majority","High type","high_m_cross","region_polygon"
0.214361406249568,1.21176697574802,"H prefers majority","High type","high_m_cross","region_polygon"
0.214232112825419,1.21237202425016,"H prefers majority","High type","high_m_cross","region_polygon"
0.214102776838338,1.2129770727523,"H prefers majority","High type","high_m_cross","region_polygon"
0.213973398267304,1.21358212125443,"H prefers majority","High type","high_m_cross","region_polygon"
0.213843977091283,1.21418716975657,"H prefers majority","High type","high_m_cross","region_polygon"
0.213714513289225,1.21479221825871,"H prefers majority","High type","high_m_cross","region_polygon"
0.213585006840069,1.21539726676085,"H prefers majority","High type","high_m_cross","region_polygon"
0.213455457722738,1.21600231526298,"H prefers majority","High type","high_m_cross","region_polygon"
0.213325865916142,1.21660736376512,"H prefers majority","High type","high_m_cross","region_polygon"
0.213196231399178,1.21721241226726,"H prefers majority","High type","high_m_cross","region_polygon"
0.213066554150726,1.21781746076939,"H prefers majority","High type","high_m_cross","region_polygon"
0.212936834149656,1.21842250927153,"H prefers majority","High type","high_m_cross","region_polygon"
0.212807071374821,1.21902755777367,"H prefers majority","High type","high_m_cross","region_polygon"
0.212677265805061,1.21963260627581,"H prefers majority","High type","high_m_cross","region_polygon"
0.212547417419204,1.22023765477794,"H prefers majority","High type","high_m_cross","region_polygon"
0.212417526196061,1.22084270328008,"H prefers majority","High type","high_m_cross","region_polygon"
0.21228759211443,1.22144775178222,"H prefers majority","High type","high_m_cross","region_polygon"
0.212157615153096,1.22205280028436,"H prefers majority","High type","high_m_cross","region_polygon"
0.21202759529083,1.22265784878649,"H prefers majority","High type","high_m_cross","region_polygon"
0.211897532506386,1.22326289728863,"H prefers majority","High type","high_m_cross","region_polygon"
0.211767426778509,1.22386794579077,"H prefers majority","High type","high_m_cross","region_polygon"
0.211637278085926,1.2244729942929,"H prefers majority","High type","high_m_cross","region_polygon"
0.21150708640735,1.22507804279504,"H prefers majority","High type","high_m_cross","region_polygon"
0.211376851721484,1.22568309129718,"H prefers majority","High type","high_m_cross","region_polygon"
0.211246574007011,1.22628813979932,"H prefers majority","High type","high_m_cross","region_polygon"
0.211116253242605,1.22689318830145,"H prefers majority","High type","high_m_cross","region_polygon"
0.210985889406923,1.22749823680359,"H prefers majority","High type","high_m_cross","region_polygon"
0.210855482478609,1.22810328530573,"H prefers majority","High type","high_m_cross","region_polygon"
0.210725032436292,1.22870833380786,"H prefers majority","High type","high_m_cross","region_polygon"
0.210594539258589,1.22931338231,"H prefers majority","High type","high_m_cross","region_polygon"
0.2104640029241,1.22991843081214,"H prefers majority","High type","high_m_cross","region_polygon"
0.210333423411413,1.23052347931428,"H prefers majority","High type","high_m_cross","region_polygon"
0.2102028006991,1.23112852781641,"H prefers majority","High type","high_m_cross","region_polygon"
0.210072134765721,1.23173357631855,"H prefers majority","High type","high_m_cross","region_polygon"
0.20994142558982,1.23233862482069,"H prefers majority","High type","high_m_cross","region_polygon"
0.209810673149928,1.23294367332282,"H prefers majority","High type","high_m_cross","region_polygon"
0.209679877424561,1.23354872182496,"H prefers majority","High type","high_m_cross","region_polygon"
0.20954903839222,1.2341537703271,"H prefers majority","High type","high_m_cross","region_polygon"
0.209418156031395,1.23475881882924,"H prefers majority","High type","high_m_cross","region_polygon"
0.209287230320557,1.23536386733137,"H prefers majority","High type","high_m_cross","region_polygon"
0.209156261238167,1.23596891583351,"H prefers majority","High type","high_m_cross","region_polygon"
0.20902524876267,1.23657396433565,"H prefers majority","High type","high_m_cross","region_polygon"
0.208894192872495,1.23717901283779,"H prefers majority","High type","high_m_cross","region_polygon"
0.20876309354606,1.23778406133992,"H prefers majority","High type","high_m_cross","region_polygon"
0.208631950761767,1.23838910984206,"H prefers majority","High type","high_m_cross","region_polygon"
0.208500764498004,1.2389941583442,"H prefers majority","High type","high_m_cross","region_polygon"
0.208369534733143,1.23959920684633,"H prefers majority","High type","high_m_cross","region_polygon"
0.208238261445544,1.24020425534847,"H prefers majority","High type","high_m_cross","region_polygon"
0.208106944613552,1.24080930385061,"H prefers majority","High type","high_m_cross","region_polygon"
0.207975584215497,1.24141435235275,"H prefers majority","High type","high_m_cross","region_polygon"
0.207844180229695,1.24201940085488,"H prefers majority","High type","high_m_cross","region_polygon"
0.207712732634448,1.24262444935702,"H prefers majority","High type","high_m_cross","region_polygon"
0.207581241408043,1.24322949785916,"H prefers majority","High type","high_m_cross","region_polygon"
0.207449706528753,1.24383454636129,"H prefers majority","High type","high_m_cross","region_polygon"
0.207318127974835,1.24443959486343,"H prefers majority","High type","high_m_cross","region_polygon"
0.207186505724535,1.24504464336557,"H prefers majority","High type","high_m_cross","region_polygon"
0.207054839756081,1.24564969186771,"H prefers majority","High type","high_m_cross","region_polygon"
0.206923130047688,1.24625474036984,"H prefers majority","High type","high_m_cross","region_polygon"
0.206791376577558,1.24685978887198,"H prefers majority","High type","high_m_cross","region_polygon"
0.206659579323875,1.24746483737412,"H prefers majority","High type","high_m_cross","region_polygon"
0.206527738264811,1.24806988587626,"H prefers majority","High type","high_m_cross","region_polygon"
0.206395853378525,1.24867493437839,"H prefers majority","High type","high_m_cross","region_polygon"
0.206263924643157,1.24927998288053,"H prefers majority","High type","high_m_cross","region_polygon"
0.206131952036836,1.24988503138267,"H prefers majority","High type","high_m_cross","region_polygon"
0.205999935537675,1.2504900798848,"H prefers majority","High type","high_m_cross","region_polygon"
0.205867875123774,1.25109512838694,"H prefers majority","High type","high_m_cross","region_polygon"
0.205735770773216,1.25170017688908,"H prefers majority","High type","high_m_cross","region_polygon"
0.205603622464071,1.25230522539122,"H prefers majority","High type","high_m_cross","region_polygon"
0.205471430174395,1.25291027389335,"H prefers majority","High type","high_m_cross","region_polygon"
0.205339193882227,1.25351532239549,"H prefers majority","High type","high_m_cross","region_polygon"
0.205206913565593,1.25412037089763,"H prefers majority","High type","high_m_cross","region_polygon"
0.205074589202506,1.25472541939976,"H prefers majority","High type","high_m_cross","region_polygon"
0.204942220770961,1.2553304679019,"H prefers majority","High type","high_m_cross","region_polygon"
0.20480980824894,1.25593551640404,"H prefers majority","High type","high_m_cross","region_polygon"
0.20467735161441,1.25654056490618,"H prefers majority","High type","high_m_cross","region_polygon"
0.204544850845325,1.25714561340831,"H prefers majority","High type","high_m_cross","region_polygon"
0.204412305919622,1.25775066191045,"H prefers majority","High type","high_m_cross","region_polygon"
0.204279716815224,1.25835571041259,"H prefers majority","High type","high_m_cross","region_polygon"
0.204147083510039,1.25896075891472,"H prefers majority","High type","high_m_cross","region_polygon"
0.204014405981962,1.25956580741686,"H prefers majority","High type","high_m_cross","region_polygon"
0.20388168420887,1.260170855919,"H prefers majority","High type","high_m_cross","region_polygon"
0.20374891816863,1.26077590442114,"H prefers majority","High type","high_m_cross","region_polygon"
0.203616107839089,1.26138095292327,"H prefers majority","High type","high_m_cross","region_polygon"
0.203483253198083,1.26198600142541,"H prefers majority","High type","high_m_cross","region_polygon"
0.203350354223431,1.26259104992755,"H prefers majority","High type","high_m_cross","region_polygon"
0.203217410892939,1.26319609842969,"H prefers majority","High type","high_m_cross","region_polygon"
0.203084423184397,1.26380114693182,"H prefers majority","High type","high_m_cross","region_polygon"
0.202951391075579,1.26440619543396,"H prefers majority","High type","high_m_cross","region_polygon"
0.202818314544248,1.2650112439361,"H prefers majority","High type","high_m_cross","region_polygon"
0.202685193568148,1.26561629243823,"H prefers majority","High type","high_m_cross","region_polygon"
0.20255202812501,1.26622134094037,"H prefers majority","High type","high_m_cross","region_polygon"
0.20241881819255,1.26682638944251,"H prefers majority","High type","high_m_cross","region_polygon"
0.20228556374847,1.26743143794465,"H prefers majority","High type","high_m_cross","region_polygon"
0.202152264770456,1.26803648644678,"H prefers majority","High type","high_m_cross","region_polygon"
0.202018921236178,1.26864153494892,"H prefers majority","High type","high_m_cross","region_polygon"
0.201885533123293,1.26924658345106,"H prefers majority","High type","high_m_cross","region_polygon"
0.201752100409443,1.26985163195319,"H prefers majority","High type","high_m_cross","region_polygon"
0.201618623072254,1.27045668045533,"H prefers majority","High type","high_m_cross","region_polygon"
0.201485101089337,1.27106172895747,"H prefers majority","High type","high_m_cross","region_polygon"
0.201351534438289,1.27166677745961,"H prefers majority","High type","high_m_cross","region_polygon"
0.201217923096691,1.27227182596174,"H prefers majority","High type","high_m_cross","region_polygon"
0.201084267042111,1.27287687446388,"H prefers majority","High type","high_m_cross","region_polygon"
0.200950566252099,1.27348192296602,"H prefers majority","High type","high_m_cross","region_polygon"
0.200816820704191,1.27408697146815,"H prefers majority","High type","high_m_cross","region_polygon"
0.20068303037591,1.27469201997029,"H prefers majority","High type","high_m_cross","region_polygon"
0.200549195244761,1.27529706847243,"H prefers majority","High type","high_m_cross","region_polygon"
0.200415315288236,1.27590211697457,"H prefers majority","High type","high_m_cross","region_polygon"
0.200281390483811,1.2765071654767,"H prefers majority","High type","high_m_cross","region_polygon"
0.200147420808947,1.27711221397884,"H prefers majority","High type","high_m_cross","region_polygon"
0.20001340624109,1.27771726248098,"H prefers majority","High type","high_m_cross","region_polygon"
0.199879346757671,1.27832231098312,"H prefers majority","High type","high_m_cross","region_polygon"
0.199745242336105,1.27892735948525,"H prefers majority","High type","high_m_cross","region_polygon"
0.199611092953795,1.27953240798739,"H prefers majority","High type","high_m_cross","region_polygon"
0.199476898588124,1.28013745648953,"H prefers majority","High type","high_m_cross","region_polygon"
0.199342659216462,1.28074250499166,"H prefers majority","High type","high_m_cross","region_polygon"
0.199208374816167,1.2813475534938,"H prefers majority","High type","high_m_cross","region_polygon"
0.199074045364576,1.28195260199594,"H prefers majority","High type","high_m_cross","region_polygon"
0.198939670839015,1.28255765049808,"H prefers majority","High type","high_m_cross","region_polygon"
0.198805251216793,1.28316269900021,"H prefers majority","High type","high_m_cross","region_polygon"
0.198670786475204,1.28376774750235,"H prefers majority","High type","high_m_cross","region_polygon"
0.198536276591528,1.28437279600449,"H prefers majority","High type","high_m_cross","region_polygon"
0.198401721543029,1.28497784450662,"H prefers majority","High type","high_m_cross","region_polygon"
0.198267121306954,1.28558289300876,"H prefers majority","High type","high_m_cross","region_polygon"
0.198132475860536,1.2861879415109,"H prefers majority","High type","high_m_cross","region_polygon"
0.197997785180995,1.28679299001304,"H prefers majority","High type","high_m_cross","region_polygon"
0.197863049245532,1.28739803851517,"H prefers majority","High type","high_m_cross","region_polygon"
0.197728268031334,1.28800308701731,"H prefers majority","High type","high_m_cross","region_polygon"
0.197593441515574,1.28860813551945,"H prefers majority","High type","high_m_cross","region_polygon"
0.197458569675408,1.28921318402159,"H prefers majority","High type","high_m_cross","region_polygon"
0.197323652487978,1.28981823252372,"H prefers majority","High type","high_m_cross","region_polygon"
0.197188689930408,1.29042328102586,"H prefers majority","High type","high_m_cross","region_polygon"
0.19705368197981,1.291028329528,"H prefers majority","High type","high_m_cross","region_polygon"
0.196918628613279,1.29163337803013,"H prefers majority","High type","high_m_cross","region_polygon"
0.196783529807894,1.29223842653227,"H prefers majority","High type","high_m_cross","region_polygon"
0.196648385540719,1.29284347503441,"H prefers majority","High type","high_m_cross","region_polygon"
0.196513195788804,1.29344852353655,"H prefers majority","High type","high_m_cross","region_polygon"
0.196377960529181,1.29405357203868,"H prefers majority","High type","high_m_cross","region_polygon"
0.196242679738869,1.29465862054082,"H prefers majority","High type","high_m_cross","region_polygon"
0.19610735339487,1.29526366904296,"H prefers majority","High type","high_m_cross","region_polygon"
0.19597198147417,1.29586871754509,"H prefers majority","High type","high_m_cross","region_polygon"
0.195836563953742,1.29647376604723,"H prefers majority","High type","high_m_cross","region_polygon"
0.19570110081054,1.29707881454937,"H prefers majority","High type","high_m_cross","region_polygon"
0.195565592021506,1.29768386305151,"H prefers majority","High type","high_m_cross","region_polygon"
0.195430037563563,1.29828891155364,"H prefers majority","High type","high_m_cross","region_polygon"
0.195294437413622,1.29889396005578,"H prefers majority","High type","high_m_cross","region_polygon"
0.195158791548577,1.29949900855792,"H prefers majority","High type","high_m_cross","region_polygon"
0.195023099945304,1.30010405706005,"H prefers majority","High type","high_m_cross","region_polygon"
0.194887362580667,1.30070910556219,"H prefers majority","High type","high_m_cross","region_polygon"
0.194751579431512,1.30131415406433,"H prefers majority","High type","high_m_cross","region_polygon"
0.194615750474671,1.30191920256647,"H prefers majority","High type","high_m_cross","region_polygon"
0.194479875686959,1.3025242510686,"H prefers majority","High type","high_m_cross","region_polygon"
1,1.3025242510686,"H prefers majority","High type","high_m_cross","region_polygon"
1,1.30191920256647,"H prefers majority","High type","high_m_cross","region_polygon"
1,1.30131415406433,"H prefers majority","High type","high_m_cross","region_polygon"
1,1.30070910556219,"H prefers majority","High type","high_m_cross","region_polygon"
1,1.30010405706005,"H prefers majority","High type","high_m_cross","region_polygon"
1,1.29949900855792,"H prefers majority","High type","high_m_cross","region_polygon"
1,1.29889396005578,"H prefers majority","High type","high_m_cross","region_polygon"
1,1.29828891155364,"H prefers majority","High type","high_m_cross","region_polygon"
1,1.29768386305151,"H prefers majority","High type","high_m_cross","region_polygon"
1,1.29707881454937,"H prefers majority","High type","high_m_cross","region_polygon"
1,1.29647376604723,"H prefers majority","High type","high_m_cross","region_polygon"
1,1.29586871754509,"H prefers majority","High type","high_m_cross","region_polygon"
1,1.29526366904296,"H prefers majority","High type","high_m_cross","region_polygon"
1,1.29465862054082,"H prefers majority","High type","high_m_cross","region_polygon"
1,1.29405357203868,"H prefers majority","High type","high_m_cross","region_polygon"
1,1.29344852353655,"H prefers majority","High type","high_m_cross","region_polygon"
1,1.29284347503441,"H prefers majority","High type","high_m_cross","region_polygon"
1,1.29223842653227,"H prefers majority","High type","high_m_cross","region_polygon"
1,1.29163337803013,"H prefers majority","High type","high_m_cross","region_polygon"
1,1.291028329528,"H prefers majority","High type","high_m_cross","region_polygon"
1,1.29042328102586,"H prefers majority","High type","high_m_cross","region_polygon"
1,1.28981823252372,"H prefers majority","High type","high_m_cross","region_polygon"
1,1.28921318402159,"H prefers majority","High type","high_m_cross","region_polygon"
1,1.28860813551945,"H prefers majority","High type","high_m_cross","region_polygon"
1,1.28800308701731,"H prefers majority","High type","high_m_cross","region_polygon"
1,1.28739803851517,"H prefers majority","High type","high_m_cross","region_polygon"
1,1.28679299001304,"H prefers majority","High type","high_m_cross","region_polygon"
1,1.2861879415109,"H prefers majority","High type","high_m_cross","region_polygon"
1,1.28558289300876,"H prefers majority","High type","high_m_cross","region_polygon"
1,1.28497784450662,"H prefers majority","High type","high_m_cross","region_polygon"
1,1.28437279600449,"H prefers majority","High type","high_m_cross","region_polygon"
1,1.28376774750235,"H prefers majority","High type","high_m_cross","region_polygon"
1,1.28316269900021,"H prefers majority","High type","high_m_cross","region_polygon"
1,1.28255765049808,"H prefers majority","High type","high_m_cross","region_polygon"
1,1.28195260199594,"H prefers majority","High type","high_m_cross","region_polygon"
1,1.2813475534938,"H prefers majority","High type","high_m_cross","region_polygon"
1,1.28074250499166,"H prefers majority","High type","high_m_cross","region_polygon"
1,1.28013745648953,"H prefers majority","High type","high_m_cross","region_polygon"
1,1.27953240798739,"H prefers majority","High type","high_m_cross","region_polygon"
1,1.27892735948525,"H prefers majority","High type","high_m_cross","region_polygon"
1,1.27832231098312,"H prefers majority","High type","high_m_cross","region_polygon"
1,1.27771726248098,"H prefers majority","High type","high_m_cross","region_polygon"
1,1.27711221397884,"H prefers majority","High type","high_m_cross","region_polygon"
1,1.2765071654767,"H prefers majority","High type","high_m_cross","region_polygon"
1,1.27590211697457,"H prefers majority","High type","high_m_cross","region_polygon"
1,1.27529706847243,"H prefers majority","High type","high_m_cross","region_polygon"
1,1.27469201997029,"H prefers majority","High type","high_m_cross","region_polygon"
1,1.27408697146815,"H prefers majority","High type","high_m_cross","region_polygon"
1,1.27348192296602,"H prefers majority","High type","high_m_cross","region_polygon"
1,1.27287687446388,"H prefers majority","High type","high_m_cross","region_polygon"
1,1.27227182596174,"H prefers majority","High type","high_m_cross","region_polygon"
1,1.27166677745961,"H prefers majority","High type","high_m_cross","region_polygon"
1,1.27106172895747,"H prefers majority","High type","high_m_cross","region_polygon"
1,1.27045668045533,"H prefers majority","High type","high_m_cross","region_polygon"
1,1.26985163195319,"H prefers majority","High type","high_m_cross","region_polygon"
1,1.26924658345106,"H prefers majority","High type","high_m_cross","region_polygon"
1,1.26864153494892,"H prefers majority","High type","high_m_cross","region_polygon"
1,1.26803648644678,"H prefers majority","High type","high_m_cross","region_polygon"
1,1.26743143794465,"H prefers majority","High type","high_m_cross","region_polygon"
1,1.26682638944251,"H prefers majority","High type","high_m_cross","region_polygon"
1,1.26622134094037,"H prefers majority","High type","high_m_cross","region_polygon"
1,1.26561629243823,"H prefers majority","High type","high_m_cross","region_polygon"
1,1.2650112439361,"H prefers majority","High type","high_m_cross","region_polygon"
1,1.26440619543396,"H prefers majority","High type","high_m_cross","region_polygon"
1,1.26380114693182,"H prefers majority","High type","high_m_cross","region_polygon"
1,1.26319609842969,"H prefers majority","High type","high_m_cross","region_polygon"
1,1.26259104992755,"H prefers majority","High type","high_m_cross","region_polygon"
1,1.26198600142541,"H prefers majority","High type","high_m_cross","region_polygon"
1,1.26138095292327,"H prefers majority","High type","high_m_cross","region_polygon"
1,1.26077590442114,"H prefers majority","High type","high_m_cross","region_polygon"
1,1.260170855919,"H prefers majority","High type","high_m_cross","region_polygon"
1,1.25956580741686,"H prefers majority","High type","high_m_cross","region_polygon"
1,1.25896075891472,"H prefers majority","High type","high_m_cross","region_polygon"
1,1.25835571041259,"H prefers majority","High type","high_m_cross","region_polygon"
1,1.25775066191045,"H prefers majority","High type","high_m_cross","region_polygon"
1,1.25714561340831,"H prefers majority","High type","high_m_cross","region_polygon"
1,1.25654056490618,"H prefers majority","High type","high_m_cross","region_polygon"
1,1.25593551640404,"H prefers majority","High type","high_m_cross","region_polygon"
1,1.2553304679019,"H prefers majority","High type","high_m_cross","region_polygon"
1,1.25472541939976,"H prefers majority","High type","high_m_cross","region_polygon"
1,1.25412037089763,"H prefers majority","High type","high_m_cross","region_polygon"
1,1.25351532239549,"H prefers majority","High type","high_m_cross","region_polygon"
1,1.25291027389335,"H prefers majority","High type","high_m_cross","region_polygon"
1,1.25230522539122,"H prefers majority","High type","high_m_cross","region_polygon"
1,1.25170017688908,"H prefers majority","High type","high_m_cross","region_polygon"
1,1.25109512838694,"H prefers majority","High type","high_m_cross","region_polygon"
1,1.2504900798848,"H prefers majority","High type","high_m_cross","region_polygon"
1,1.24988503138267,"H prefers majority","High type","high_m_cross","region_polygon"
1,1.24927998288053,"H prefers majority","High type","high_m_cross","region_polygon"
1,1.24867493437839,"H prefers majority","High type","high_m_cross","region_polygon"
1,1.24806988587626,"H prefers majority","High type","high_m_cross","region_polygon"
1,1.24746483737412,"H prefers majority","High type","high_m_cross","region_polygon"
1,1.24685978887198,"H prefers majority","High type","high_m_cross","region_polygon"
1,1.24625474036984,"H prefers majority","High type","high_m_cross","region_polygon"
1,1.24564969186771,"H prefers majority","High type","high_m_cross","region_polygon"
1,1.24504464336557,"H prefers majority","High type","high_m_cross","region_polygon"
1,1.24443959486343,"H prefers majority","High type","high_m_cross","region_polygon"
1,1.24383454636129,"H prefers majority","High type","high_m_cross","region_polygon"
1,1.24322949785916,"H prefers majority","High type","high_m_cross","region_polygon"
1,1.24262444935702,"H prefers majority","High type","high_m_cross","region_polygon"
1,1.24201940085488,"H prefers majority","High type","high_m_cross","region_polygon"
1,1.24141435235275,"H prefers majority","High type","high_m_cross","region_polygon"
1,1.24080930385061,"H prefers majority","High type","high_m_cross","region_polygon"
1,1.24020425534847,"H prefers majority","High type","high_m_cross","region_polygon"
1,1.23959920684633,"H prefers majority","High type","high_m_cross","region_polygon"
1,1.2389941583442,"H prefers majority","High type","high_m_cross","region_polygon"
1,1.23838910984206,"H prefers majority","High type","high_m_cross","region_polygon"
1,1.23778406133992,"H prefers majority","High type","high_m_cross","region_polygon"
1,1.23717901283779,"H prefers majority","High type","high_m_cross","region_polygon"
1,1.23657396433565,"H prefers majority","High type","high_m_cross","region_polygon"
1,1.23596891583351,"H prefers majority","High type","high_m_cross","region_polygon"
1,1.23536386733137,"H prefers majority","High type","high_m_cross","region_polygon"
1,1.23475881882924,"H prefers majority","High type","high_m_cross","region_polygon"
1,1.2341537703271,"H prefers majority","High type","high_m_cross","region_polygon"
1,1.23354872182496,"H prefers majority","High type","high_m_cross","region_polygon"
1,1.23294367332282,"H prefers majority","High type","high_m_cross","region_polygon"
1,1.23233862482069,"H prefers majority","High type","high_m_cross","region_polygon"
1,1.23173357631855,"H prefers majority","High type","high_m_cross","region_polygon"
1,1.23112852781641,"H prefers majority","High type","high_m_cross","region_polygon"
1,1.23052347931428,"H prefers majority","High type","high_m_cross","region_polygon"
1,1.22991843081214,"H prefers majority","High type","high_m_cross","region_polygon"
1,1.22931338231,"H prefers majority","High type","high_m_cross","region_polygon"
1,1.22870833380786,"H prefers majority","High type","high_m_cross","region_polygon"
1,1.22810328530573,"H prefers majority","High type","high_m_cross","region_polygon"
1,1.22749823680359,"H prefers majority","High type","high_m_cross","region_polygon"
1,1.22689318830145,"H prefers majority","High type","high_m_cross","region_polygon"
1,1.22628813979932,"H prefers majority","High type","high_m_cross","region_polygon"
1,1.22568309129718,"H prefers majority","High type","high_m_cross","region_polygon"
1,1.22507804279504,"H prefers majority","High type","high_m_cross","region_polygon"
1,1.2244729942929,"H prefers majority","High type","high_m_cross","region_polygon"
1,1.22386794579077,"H prefers majority","High type","high_m_cross","region_polygon"
1,1.22326289728863,"H prefers majority","High type","high_m_cross","region_polygon"
1,1.22265784878649,"H prefers majority","High type","high_m_cross","region_polygon"
1,1.22205280028436,"H prefers majority","High type","high_m_cross","region_polygon"
1,1.22144775178222,"H prefers majority","High type","high_m_cross","region_polygon"
1,1.22084270328008,"H prefers majority","High type","high_m_cross","region_polygon"
1,1.22023765477794,"H prefers majority","High type","high_m_cross","region_polygon"
1,1.21963260627581,"H prefers majority","High type","high_m_cross","region_polygon"
1,1.21902755777367,"H prefers majority","High type","high_m_cross","region_polygon"
1,1.21842250927153,"H prefers majority","High type","high_m_cross","region_polygon"
1,1.21781746076939,"H prefers majority","High type","high_m_cross","region_polygon"
1,1.21721241226726,"H prefers majority","High type","high_m_cross","region_polygon"
1,1.21660736376512,"H prefers majority","High type","high_m_cross","region_polygon"
1,1.21600231526298,"H prefers majority","High type","high_m_cross","region_polygon"
1,1.21539726676085,"H prefers majority","High type","high_m_cross","region_polygon"
1,1.21479221825871,"H prefers majority","High type","high_m_cross","region_polygon"
1,1.21418716975657,"H prefers majority","High type","high_m_cross","region_polygon"
1,1.21358212125443,"H prefers majority","High type","high_m_cross","region_polygon"
1,1.2129770727523,"H prefers majority","High type","high_m_cross","region_polygon"
1,1.21237202425016,"H prefers majority","High type","high_m_cross","region_polygon"
1,1.21176697574802,"H prefers majority","High type","high_m_cross","region_polygon"
1,1.21116192724589,"H prefers majority","High type","high_m_cross","region_polygon"
1,1.21055687874375,"H prefers majority","High type","high_m_cross","region_polygon"
1,1.20995183024161,"H prefers majority","High type","high_m_cross","region_polygon"
1,1.20934678173947,"H prefers majority","High type","high_m_cross","region_polygon"
1,1.20874173323734,"H prefers majority","High type","high_m_cross","region_polygon"
1,1.2081366847352,"H prefers majority","High type","high_m_cross","region_polygon"
1,1.20753163623306,"H prefers majority","High type","high_m_cross","region_polygon"
1,1.20692658773092,"H prefers majority","High type","high_m_cross","region_polygon"
1,1.20632153922879,"H prefers majority","High type","high_m_cross","region_polygon"
1,1.20571649072665,"H prefers majority","High type","high_m_cross","region_polygon"
1,1.20511144222451,"H prefers majority","High type","high_m_cross","region_polygon"
1,1.20450639372238,"H prefers majority","High type","high_m_cross","region_polygon"
1,1.20390134522024,"H prefers majority","High type","high_m_cross","region_polygon"
1,1.2032962967181,"H prefers majority","High type","high_m_cross","region_polygon"
1,1.20269124821596,"H prefers majority","High type","high_m_cross","region_polygon"
1,1.20208619971383,"H prefers majority","High type","high_m_cross","region_polygon"
1,1.20148115121169,"H prefers majority","High type","high_m_cross","region_polygon"
1,1.20087610270955,"H prefers majority","High type","high_m_cross","region_polygon"
1,1.20027105420742,"H prefers majority","High type","high_m_cross","region_polygon"
1,1.19966600570528,"H prefers majority","High type","high_m_cross","region_polygon"
1,1.19906095720314,"H prefers majority","High type","high_m_cross","region_polygon"
1,1.198455908701,"H prefers majority","High type","high_m_cross","region_polygon"
1,1.19785086019887,"H prefers majority","High type","high_m_cross","region_polygon"
1,1.19724581169673,"H prefers majority","High type","high_m_cross","region_polygon"
1,1.19664076319459,"H prefers majority","High type","high_m_cross","region_polygon"
1,1.19603571469246,"H prefers majority","High type","high_m_cross","region_polygon"
1,1.19543066619032,"H prefers majority","High type","high_m_cross","region_polygon"
1,1.19482561768818,"H prefers majority","High type","high_m_cross","region_polygon"
1,1.19422056918604,"H prefers majority","High type","high_m_cross","region_polygon"
1,1.19361552068391,"H prefers majority","High type","high_m_cross","region_polygon"
1,1.19301047218177,"H prefers majority","High type","high_m_cross","region_polygon"
1,1.19240542367963,"H prefers majority","High type","high_m_cross","region_polygon"
1,1.19180037517749,"H prefers majority","High type","high_m_cross","region_polygon"
1,1.19119532667536,"H prefers majority","High type","high_m_cross","region_polygon"
1,1.19059027817322,"H prefers majority","High type","high_m_cross","region_polygon"
1,1.18998522967108,"H prefers majority","High type","high_m_cross","region_polygon"
1,1.18938018116895,"H prefers majority","High type","high_m_cross","region_polygon"
1,1.18877513266681,"H prefers majority","High type","high_m_cross","region_polygon"
1,1.18817008416467,"H prefers majority","High type","high_m_cross","region_polygon"
1,1.18756503566253,"H prefers majority","High type","high_m_cross","region_polygon"
1,1.1869599871604,"H prefers majority","High type","high_m_cross","region_polygon"
1,1.18635493865826,"H prefers majority","High type","high_m_cross","region_polygon"
1,1.18574989015612,"H prefers majority","High type","high_m_cross","region_polygon"
1,1.18514484165399,"H prefers majority","High type","high_m_cross","region_polygon"
1,1.18453979315185,"H prefers majority","High type","high_m_cross","region_polygon"
1,1.18393474464971,"H prefers majority","High type","high_m_cross","region_polygon"
1,1.18332969614757,"H prefers majority","High type","high_m_cross","region_polygon"
1,1.18272464764544,"H prefers majority","High type","high_m_cross","region_polygon"
1,1.1821195991433,"H prefers majority","High type","high_m_cross","region_polygon"
1,1.18151455064116,"H prefers majority","High type","high_m_cross","region_polygon"
1,1.18090950213903,"H prefers majority","High type","high_m_cross","region_polygon"
1,1.18030445363689,"H prefers majority","High type","high_m_cross","region_polygon"
1,1.17969940513475,"H prefers majority","High type","high_m_cross","region_polygon"
1,1.17909435663261,"H prefers majority","High type","high_m_cross","region_polygon"
1,1.17848930813048,"H prefers majority","High type","high_m_cross","region_polygon"
1,1.17788425962834,"H prefers majority","High type","high_m_cross","region_polygon"
1,1.1772792111262,"H prefers majority","High type","high_m_cross","region_polygon"
1,1.17667416262406,"H prefers majority","High type","high_m_cross","region_polygon"
1,1.17606911412193,"H prefers majority","High type","high_m_cross","region_polygon"
1,1.17546406561979,"H prefers majority","High type","high_m_cross","region_polygon"
1,1.17485901711765,"H prefers majority","High type","high_m_cross","region_polygon"
1,1.17425396861552,"H prefers majority","High type","high_m_cross","region_polygon"
1,1.17364892011338,"H prefers majority","High type","high_m_cross","region_polygon"
1,1.17304387161124,"H prefers majority","High type","high_m_cross","region_polygon"
1,1.1724388231091,"H prefers majority","High type","high_m_cross","region_polygon"
1,1.17183377460697,"H prefers majority","High type","high_m_cross","region_polygon"
1,1.17122872610483,"H prefers majority","High type","high_m_cross","region_polygon"
1,1.17062367760269,"H prefers majority","High type","high_m_cross","region_polygon"
1,1.17001862910056,"H prefers majority","High type","high_m_cross","region_polygon"
1,1.16941358059842,"H prefers majority","High type","high_m_cross","region_polygon"
1,1.16880853209628,"H prefers majority","High type","high_m_cross","region_polygon"
1,1.16820348359414,"H prefers majority","High type","high_m_cross","region_polygon"
1,1.16759843509201,"H prefers majority","High type","high_m_cross","region_polygon"
1,1.16699338658987,"H prefers majority","High type","high_m_cross","region_polygon"
1,1.16638833808773,"H prefers majority","High type","high_m_cross","region_polygon"
1,1.16578328958559,"H prefers majority","High type","high_m_cross","region_polygon"
1,1.16517824108346,"H prefers majority","High type","high_m_cross","region_polygon"
1,1.16457319258132,"H prefers majority","High type","high_m_cross","region_polygon"
1,1.16396814407918,"H prefers majority","High type","high_m_cross","region_polygon"
1,1.16336309557705,"H prefers majority","High type","high_m_cross","region_polygon"
1,1.16275804707491,"H prefers majority","High type","high_m_cross","region_polygon"
1,1.16215299857277,"H prefers majority","High type","high_m_cross","region_polygon"
1,1.16154795007063,"H prefers majority","High type","high_m_cross","region_polygon"
1,1.1609429015685,"H prefers majority","High type","high_m_cross","region_polygon"
1,1.16033785306636,"H prefers majority","High type","high_m_cross","region_polygon"
1,1.15973280456422,"H prefers majority","High type","high_m_cross","region_polygon"
1,1.15912775606209,"H prefers majority","High type","high_m_cross","region_polygon"
1,1.15852270755995,"H prefers majority","High type","high_m_cross","region_polygon"
1,1.15791765905781,"H prefers majority","High type","high_m_cross","region_polygon"
1,1.15731261055567,"H prefers majority","High type","high_m_cross","region_polygon"
1,1.15670756205354,"H prefers majority","High type","high_m_cross","region_polygon"
1,1.1561025135514,"H prefers majority","High type","high_m_cross","region_polygon"
1,1.15549746504926,"H prefers majority","High type","high_m_cross","region_polygon"
1,1.15489241654713,"H prefers majority","High type","high_m_cross","region_polygon"
1,1.15428736804499,"H prefers majority","High type","high_m_cross","region_polygon"
1,1.15368231954285,"H prefers majority","High type","high_m_cross","region_polygon"
1,1.15307727104071,"H prefers majority","High type","high_m_cross","region_polygon"
1,1.15247222253858,"H prefers majority","High type","high_m_cross","region_polygon"
1,1.15186717403644,"H prefers majority","High type","high_m_cross","region_polygon"
1,1.1512621255343,"H prefers majority","High type","high_m_cross","region_polygon"
1,1.15065707703216,"H prefers majority","High type","high_m_cross","region_polygon"
1,1.15005202853003,"H prefers majority","High type","high_m_cross","region_polygon"
1,1.14944698002789,"H prefers majority","High type","high_m_cross","region_polygon"
1,1.14884193152575,"H prefers majority","High type","high_m_cross","region_polygon"
1,1.14823688302362,"H prefers majority","High type","high_m_cross","region_polygon"
1,1.14763183452148,"H prefers majority","High type","high_m_cross","region_polygon"
1,1.14702678601934,"H prefers majority","High type","high_m_cross","region_polygon"
1,1.1464217375172,"H prefers majority","High type","high_m_cross","region_polygon"
1,1.14581668901507,"H prefers majority","High type","high_m_cross","region_polygon"
1,1.14521164051293,"H prefers majority","High type","high_m_cross","region_polygon"
1,1.14460659201079,"H prefers majority","High type","high_m_cross","region_polygon"
1,1.14400154350866,"H prefers majority","High type","high_m_cross","region_polygon"
1,1.14339649500652,"H prefers majority","High type","high_m_cross","region_polygon"
1,1.14279144650438,"H prefers majority","High type","high_m_cross","region_polygon"
1,1.14218639800224,"H prefers majority","High type","high_m_cross","region_polygon"
1,1.14158134950011,"H prefers majority","High type","high_m_cross","region_polygon"
1,1.14097630099797,"H prefers majority","High type","high_m_cross","region_polygon"
1,1.14037125249583,"H prefers majority","High type","high_m_cross","region_polygon"
1,1.13976620399369,"H prefers majority","High type","high_m_cross","region_polygon"
1,1.13916115549156,"H prefers majority","High type","high_m_cross","region_polygon"
1,1.13855610698942,"H prefers majority","High type","high_m_cross","region_polygon"
1,1.13795105848728,"H prefers majority","High type","high_m_cross","region_polygon"
1,1.13734600998515,"H prefers majority","High type","high_m_cross","region_polygon"
1,1.13674096148301,"H prefers majority","High type","high_m_cross","region_polygon"
1,1.13613591298087,"H prefers majority","High type","high_m_cross","region_polygon"
1,1.13553086447873,"H prefers majority","High type","high_m_cross","region_polygon"
1,1.1349258159766,"H prefers majority","High type","high_m_cross","region_polygon"
1,1.13432076747446,"H prefers majority","High type","high_m_cross","region_polygon"
1,1.13371571897232,"H prefers majority","High type","high_m_cross","region_polygon"
1,1.13311067047019,"H prefers majority","High type","high_m_cross","region_polygon"
1,1.13250562196805,"H prefers majority","High type","high_m_cross","region_polygon"
1,1.13190057346591,"H prefers majority","High type","high_m_cross","region_polygon"
1,1.13129552496377,"H prefers majority","High type","high_m_cross","region_polygon"
1,1.13069047646164,"H prefers majority","High type","high_m_cross","region_polygon"
1,1.1300854279595,"H prefers majority","High type","high_m_cross","region_polygon"
1,1.12948037945736,"H prefers majority","High type","high_m_cross","region_polygon"
1,1.12887533095523,"H prefers majority","High type","high_m_cross","region_polygon"
1,1.12827028245309,"H prefers majority","High type","high_m_cross","region_polygon"
1,1.12766523395095,"H prefers majority","High type","high_m_cross","region_polygon"
1,1.12706018544881,"H prefers majority","High type","high_m_cross","region_polygon"
1,1.12645513694668,"H prefers majority","High type","high_m_cross","region_polygon"
1,1.12585008844454,"H prefers majority","High type","high_m_cross","region_polygon"
1,1.1252450399424,"H prefers majority","High type","high_m_cross","region_polygon"
1,1.12463999144026,"H prefers majority","High type","high_m_cross","region_polygon"
1,1.12403494293813,"H prefers majority","High type","high_m_cross","region_polygon"
1,1.12342989443599,"H prefers majority","High type","high_m_cross","region_polygon"
1,1.12282484593385,"H prefers majority","High type","high_m_cross","region_polygon"
1,1.12221979743172,"H prefers majority","High type","high_m_cross","region_polygon"
1,1.12161474892958,"H prefers majority","High type","high_m_cross","region_polygon"
1,1.12100970042744,"H prefers majority","High type","high_m_cross","region_polygon"
1,1.1204046519253,"H prefers majority","High type","high_m_cross","region_polygon"
1,1.11979960342317,"H prefers majority","High type","high_m_cross","region_polygon"
1,1.11919455492103,"H prefers majority","High type","high_m_cross","region_polygon"
1,1.11858950641889,"H prefers majority","High type","high_m_cross","region_polygon"
1,1.11798445791676,"H prefers majority","High type","high_m_cross","region_polygon"
1,1.11737940941462,"H prefers majority","High type","high_m_cross","region_polygon"
1,1.11677436091248,"H prefers majority","High type","high_m_cross","region_polygon"
1,1.11616931241034,"H prefers majority","High type","high_m_cross","region_polygon"
1,1.11556426390821,"H prefers majority","High type","high_m_cross","region_polygon"
1,1.11495921540607,"H prefers majority","High type","high_m_cross","region_polygon"
1,1.11435416690393,"H prefers majority","High type","high_m_cross","region_polygon"
1,1.11374911840179,"H prefers majority","High type","high_m_cross","region_polygon"
1,1.11314406989966,"H prefers majority","High type","high_m_cross","region_polygon"
1,1.11253902139752,"H prefers majority","High type","high_m_cross","region_polygon"
1,1.11193397289538,"H prefers majority","High type","high_m_cross","region_polygon"
1,1.11132892439325,"H prefers majority","High type","high_m_cross","region_polygon"
1,1.11072387589111,"H prefers majority","High type","high_m_cross","region_polygon"
1,1.11011882738897,"H prefers majority","High type","high_m_cross","region_polygon"
1,1.10951377888683,"H prefers majority","High type","high_m_cross","region_polygon"
1,1.1089087303847,"H prefers majority","High type","high_m_cross","region_polygon"
1,1.10830368188256,"H prefers majority","High type","high_m_cross","region_polygon"
1,1.10769863338042,"H prefers majority","High type","high_m_cross","region_polygon"
1,1.10709358487829,"H prefers majority","High type","high_m_cross","region_polygon"
1,1.10648853637615,"H prefers majority","High type","high_m_cross","region_polygon"
1,1.10588348787401,"H prefers majority","High type","high_m_cross","region_polygon"
1,1.10527843937187,"H prefers majority","High type","high_m_cross","region_polygon"
1,1.10467339086974,"H prefers majority","High type","high_m_cross","region_polygon"
1,1.1040683423676,"H prefers majority","High type","high_m_cross","region_polygon"
1,1.10346329386546,"H prefers majority","High type","high_m_cross","region_polygon"
1,1.10285824536333,"H prefers majority","High type","high_m_cross","region_polygon"
1,1.10225319686119,"H prefers majority","High type","high_m_cross","region_polygon"
1,1.10164814835905,"H prefers majority","High type","high_m_cross","region_polygon"
1,1.10104309985691,"H prefers majority","High type","high_m_cross","region_polygon"
1,1.10043805135478,"H prefers majority","High type","high_m_cross","region_polygon"
1,1.09983300285264,"H prefers majority","High type","high_m_cross","region_polygon"
1,1.0992279543505,"H prefers majority","High type","high_m_cross","region_polygon"
1,1.09862290584836,"H prefers majority","High type","high_m_cross","region_polygon"
1,1.09801785734623,"H prefers majority","High type","high_m_cross","region_polygon"
1,1.09741280884409,"H prefers majority","High type","high_m_cross","region_polygon"
1,1.09680776034195,"H prefers majority","High type","high_m_cross","region_polygon"
1,1.09620271183982,"H prefers majority","High type","high_m_cross","region_polygon"
1,1.09559766333768,"H prefers majority","High type","high_m_cross","region_polygon"
1,1.09499261483554,"H prefers majority","High type","high_m_cross","region_polygon"
1,1.0943875663334,"H prefers majority","High type","high_m_cross","region_polygon"
1,1.09378251783127,"H prefers majority","High type","high_m_cross","region_polygon"
1,1.09317746932913,"H prefers majority","High type","high_m_cross","region_polygon"
1,1.09257242082699,"H prefers majority","High type","high_m_cross","region_polygon"
1,1.09196737232486,"H prefers majority","High type","high_m_cross","region_polygon"
1,1.09136232382272,"H prefers majority","High type","high_m_cross","region_polygon"
1,1.09075727532058,"H prefers majority","High type","high_m_cross","region_polygon"
1,1.09015222681844,"H prefers majority","High type","high_m_cross","region_polygon"
1,1.08954717831631,"H prefers majority","High type","high_m_cross","region_polygon"
1,1.08894212981417,"H prefers majority","High type","high_m_cross","region_polygon"
1,1.08833708131203,"H prefers majority","High type","high_m_cross","region_polygon"
1,1.0877320328099,"H prefers majority","High type","high_m_cross","region_polygon"
1,1.08712698430776,"H prefers majority","High type","high_m_cross","region_polygon"
1,1.08652193580562,"H prefers majority","High type","high_m_cross","region_polygon"
1,1.08591688730348,"H prefers majority","High type","high_m_cross","region_polygon"
1,1.08531183880135,"H prefers majority","High type","high_m_cross","region_polygon"
1,1.08470679029921,"H prefers majority","High type","high_m_cross","region_polygon"
1,1.08410174179707,"H prefers majority","High type","high_m_cross","region_polygon"
1,1.08349669329493,"H prefers majority","High type","high_m_cross","region_polygon"
1,1.0828916447928,"H prefers majority","High type","high_m_cross","region_polygon"
1,1.08228659629066,"H prefers majority","High type","high_m_cross","region_polygon"
1,1.08168154778852,"H prefers majority","High type","high_m_cross","region_polygon"
1,1.08107649928639,"H prefers majority","High type","high_m_cross","region_polygon"
1,1.08047145078425,"H prefers majority","High type","high_m_cross","region_polygon"
1,1.07986640228211,"H prefers majority","High type","high_m_cross","region_polygon"
1,1.07926135377997,"H prefers majority","High type","high_m_cross","region_polygon"
1,1.07865630527784,"H prefers majority","High type","high_m_cross","region_polygon"
1,1.0780512567757,"H prefers majority","High type","high_m_cross","region_polygon"
1,1.07744620827356,"H prefers majority","High type","high_m_cross","region_polygon"
1,1.07684115977143,"H prefers majority","High type","high_m_cross","region_polygon"
1,1.07623611126929,"H prefers majority","High type","high_m_cross","region_polygon"
1,1.07563106276715,"H prefers majority","High type","high_m_cross","region_polygon"
1,1.07502601426501,"H prefers majority","High type","high_m_cross","region_polygon"
1,1.07442096576288,"H prefers majority","High type","high_m_cross","region_polygon"
1,1.07381591726074,"H prefers majority","High type","high_m_cross","region_polygon"
1,1.0732108687586,"H prefers majority","High type","high_m_cross","region_polygon"
1,1.07260582025646,"H prefers majority","High type","high_m_cross","region_polygon"
1,1.07200077175433,"H prefers majority","High type","high_m_cross","region_polygon"
1,1.07139572325219,"H prefers majority","High type","high_m_cross","region_polygon"
1,1.07079067475005,"H prefers majority","High type","high_m_cross","region_polygon"
1,1.07018562624792,"H prefers majority","High type","high_m_cross","region_polygon"
1,1.06958057774578,"H prefers majority","High type","high_m_cross","region_polygon"
1,1.06897552924364,"H prefers majority","High type","high_m_cross","region_polygon"
1,1.0683704807415,"H prefers majority","High type","high_m_cross","region_polygon"
1,1.06776543223937,"H prefers majority","High type","high_m_cross","region_polygon"
1,1.06716038373723,"H prefers majority","High type","high_m_cross","region_polygon"
1,1.06655533523509,"H prefers majority","High type","high_m_cross","region_polygon"
1,1.06595028673296,"H prefers majority","High type","high_m_cross","region_polygon"
1,1.06534523823082,"H prefers majority","High type","high_m_cross","region_polygon"
1,1.06474018972868,"H prefers majority","High type","high_m_cross","region_polygon"
1,1.06413514122654,"H prefers majority","High type","high_m_cross","region_polygon"
1,1.06353009272441,"H prefers majority","High type","high_m_cross","region_polygon"
1,1.06292504422227,"H prefers majority","High type","high_m_cross","region_polygon"
1,1.06231999572013,"H prefers majority","High type","high_m_cross","region_polygon"
1,1.061714947218,"H prefers majority","High type","high_m_cross","region_polygon"
1,1.06110989871586,"H prefers majority","High type","high_m_cross","region_polygon"
1,1.06050485021372,"H prefers majority","High type","high_m_cross","region_polygon"
1,1.05989980171158,"H prefers majority","High type","high_m_cross","region_polygon"
1,1.05929475320945,"H prefers majority","High type","high_m_cross","region_polygon"
1,1.05868970470731,"H prefers majority","High type","high_m_cross","region_polygon"
1,1.05808465620517,"H prefers majority","High type","high_m_cross","region_polygon"
1,1.05747960770303,"H prefers majority","High type","high_m_cross","region_polygon"
1,1.0568745592009,"H prefers majority","High type","high_m_cross","region_polygon"
1,1.05626951069876,"H prefers majority","High type","high_m_cross","region_polygon"
1,1.05566446219662,"H prefers majority","High type","high_m_cross","region_polygon"
1,1.05505941369449,"H prefers majority","High type","high_m_cross","region_polygon"
1,1.05445436519235,"H prefers majority","High type","high_m_cross","region_polygon"
1,1.05384931669021,"H prefers majority","High type","high_m_cross","region_polygon"
1,1.05324426818807,"H prefers majority","High type","high_m_cross","region_polygon"
1,1.05263921968594,"H prefers majority","High type","high_m_cross","region_polygon"
1,1.0520341711838,"H prefers majority","High type","high_m_cross","region_polygon"
1,1.05142912268166,"H prefers majority","High type","high_m_cross","region_polygon"
1,1.05082407417953,"H prefers majority","High type","high_m_cross","region_polygon"
1,1.05021902567739,"H prefers majority","High type","high_m_cross","region_polygon"
1,1.04961397717525,"H prefers majority","High type","high_m_cross","region_polygon"
1,1.04900892867311,"H prefers majority","High type","high_m_cross","region_polygon"
1,1.04840388017098,"H prefers majority","High type","high_m_cross","region_polygon"
1,1.04779883166884,"H prefers majority","High type","high_m_cross","region_polygon"
1,1.0471937831667,"H prefers majority","High type","high_m_cross","region_polygon"
1,1.04658873466457,"H prefers majority","High type","high_m_cross","region_polygon"
1,1.04598368616243,"H prefers majority","High type","high_m_cross","region_polygon"
1,1.04537863766029,"H prefers majority","High type","high_m_cross","region_polygon"
1,1.04477358915815,"H prefers majority","High type","high_m_cross","region_polygon"
1,1.04416854065602,"H prefers majority","High type","high_m_cross","region_polygon"
1,1.04356349215388,"H prefers majority","High type","high_m_cross","region_polygon"
1,1.04295844365174,"H prefers majority","High type","high_m_cross","region_polygon"
1,1.0423533951496,"H prefers majority","High type","high_m_cross","region_polygon"
1,1.04174834664747,"H prefers majority","High type","high_m_cross","region_polygon"
1,1.04114329814533,"H prefers majority","High type","high_m_cross","region_polygon"
1,1.04053824964319,"H prefers majority","High type","high_m_cross","region_polygon"
1,1.03993320114106,"H prefers majority","High type","high_m_cross","region_polygon"
1,1.03932815263892,"H prefers majority","High type","high_m_cross","region_polygon"
1,1.03872310413678,"H prefers majority","High type","high_m_cross","region_polygon"
1,1.03811805563464,"H prefers majority","High type","high_m_cross","region_polygon"
1,1.03751300713251,"H prefers majority","High type","high_m_cross","region_polygon"
1,1.03690795863037,"H prefers majority","High type","high_m_cross","region_polygon"
1,1.03630291012823,"H prefers majority","High type","high_m_cross","region_polygon"
1,1.0356978616261,"H prefers majority","High type","high_m_cross","region_polygon"
1,1.03509281312396,"H prefers majority","High type","high_m_cross","region_polygon"
1,1.03448776462182,"H prefers majority","High type","high_m_cross","region_polygon"
1,1.03388271611968,"H prefers majority","High type","high_m_cross","region_polygon"
1,1.03327766761755,"H prefers majority","High type","high_m_cross","region_polygon"
1,1.03267261911541,"H prefers majority","High type","high_m_cross","region_polygon"
1,1.03206757061327,"H prefers majority","High type","high_m_cross","region_polygon"
1,1.03146252211113,"H prefers majority","High type","high_m_cross","region_polygon"
1,1.030857473609,"H prefers majority","High type","high_m_cross","region_polygon"
1,1.03025242510686,"H prefers majority","High type","high_m_cross","region_polygon"
1,1.02964737660472,"H prefers majority","High type","high_m_cross","region_polygon"
1,1.02904232810259,"H prefers majority","High type","high_m_cross","region_polygon"
1,1.02843727960045,"H prefers majority","High type","high_m_cross","region_polygon"
1,1.02783223109831,"H prefers majority","High type","high_m_cross","region_polygon"
1,1.02722718259617,"H prefers majority","High type","high_m_cross","region_polygon"
1,1.02662213409404,"H prefers majority","High type","high_m_cross","region_polygon"
1,1.0260170855919,"H prefers majority","High type","high_m_cross","region_polygon"
1,1.02541203708976,"H prefers majority","High type","high_m_cross","region_polygon"
1,1.02480698858763,"H prefers majority","High type","high_m_cross","region_polygon"
1,1.02420194008549,"H prefers majority","High type","high_m_cross","region_polygon"
1,1.02359689158335,"H prefers majority","High type","high_m_cross","region_polygon"
1,1.02299184308121,"H prefers majority","High type","high_m_cross","region_polygon"
1,1.02238679457908,"H prefers majority","High type","high_m_cross","region_polygon"
1,1.02178174607694,"H prefers majority","High type","high_m_cross","region_polygon"
1,1.0211766975748,"H prefers majority","High type","high_m_cross","region_polygon"
1,1.02057164907267,"H prefers majority","High type","high_m_cross","region_polygon"
1,1.01996660057053,"H prefers majority","High type","high_m_cross","region_polygon"
1,1.01936155206839,"H prefers majority","High type","high_m_cross","region_polygon"
1,1.01875650356625,"H prefers majority","High type","high_m_cross","region_polygon"
1,1.01815145506412,"H prefers majority","High type","high_m_cross","region_polygon"
1,1.01754640656198,"H prefers majority","High type","high_m_cross","region_polygon"
1,1.01694135805984,"H prefers majority","High type","high_m_cross","region_polygon"
1,1.0163363095577,"H prefers majority","High type","high_m_cross","region_polygon"
1,1.01573126105557,"H prefers majority","High type","high_m_cross","region_polygon"
1,1.01512621255343,"H prefers majority","High type","high_m_cross","region_polygon"
1,1.01452116405129,"H prefers majority","High type","high_m_cross","region_polygon"
1,1.01391611554916,"H prefers majority","High type","high_m_cross","region_polygon"
1,1.01331106704702,"H prefers majority","High type","high_m_cross","region_polygon"
1,1.01270601854488,"H prefers majority","High type","high_m_cross","region_polygon"
1,1.01210097004274,"H prefers majority","High type","high_m_cross","region_polygon"
1,1.01149592154061,"H prefers majority","High type","high_m_cross","region_polygon"
1,1.01089087303847,"H prefers majority","High type","high_m_cross","region_polygon"
1,1.01028582453633,"H prefers majority","High type","high_m_cross","region_polygon"
1,1.0096807760342,"H prefers majority","High type","high_m_cross","region_polygon"
1,1.00907572753206,"H prefers majority","High type","high_m_cross","region_polygon"
1,1.00847067902992,"H prefers majority","High type","high_m_cross","region_polygon"
1,1.00786563052778,"H prefers majority","High type","high_m_cross","region_polygon"
1,1.00726058202565,"H prefers majority","High type","high_m_cross","region_polygon"
1,1.00665553352351,"H prefers majority","High type","high_m_cross","region_polygon"
1,1.00605048502137,"H prefers majority","High type","high_m_cross","region_polygon"
1,1.00544543651923,"H prefers majority","High type","high_m_cross","region_polygon"
1,1.0048403880171,"H prefers majority","High type","high_m_cross","region_polygon"
1,1.00423533951496,"H prefers majority","High type","high_m_cross","region_polygon"
1,1.00363029101282,"H prefers majority","High type","high_m_cross","region_polygon"
1,1.00302524251069,"H prefers majority","High type","high_m_cross","region_polygon"
1,1.00242019400855,"H prefers majority","High type","high_m_cross","region_polygon"
1,1.00181514550641,"H prefers majority","High type","high_m_cross","region_polygon"
1,1.00121009700427,"H prefers majority","High type","high_m_cross","region_polygon"
1,1.00060504850214,"H prefers majority","High type","high_m_cross","region_polygon"
1,1,"H prefers majority","High type","high_m_cross","region_polygon"
0.19447987568696,1.3025242510686,"H prefers majority","High type","high_m_above","region_polygon"
0.195442814652303,1.30791912256647,"H prefers majority","High type","high_m_above","region_polygon"
0.196407307431293,1.31331399406433,"H prefers majority","High type","high_m_above","region_polygon"
0.197373357787851,1.31870886556219,"H prefers majority","High type","high_m_above","region_polygon"
0.198340969498071,1.32410373706005,"H prefers majority","High type","high_m_above","region_polygon"
0.199310146350258,1.32949860855792,"H prefers majority","High type","high_m_above","region_polygon"
0.200280892144984,1.33489348005578,"H prefers majority","High type","high_m_above","region_polygon"
0.201253210695139,1.34028835155364,"H prefers majority","High type","high_m_above","region_polygon"
0.202227105825972,1.34568322305151,"H prefers majority","High type","high_m_above","region_polygon"
0.203202581375153,1.35107809454937,"H prefers majority","High type","high_m_above","region_polygon"
0.204179641192813,1.35647296604723,"H prefers majority","High type","high_m_above","region_polygon"
0.205158289141602,1.36186783754509,"H prefers majority","High type","high_m_above","region_polygon"
0.206138529096736,1.36726270904296,"H prefers majority","High type","high_m_above","region_polygon"
0.20712036494605,1.37265758054082,"H prefers majority","High type","high_m_above","region_polygon"
0.208103800590045,1.37805245203868,"H prefers majority","High type","high_m_above","region_polygon"
0.20908883994195,1.38344732353655,"H prefers majority","High type","high_m_above","region_polygon"
0.21007548692776,1.38884219503441,"H prefers majority","High type","high_m_above","region_polygon"
0.211063745486301,1.39423706653227,"H prefers majority","High type","high_m_above","region_polygon"
0.212053619569272,1.39963193803013,"H prefers majority","High type","high_m_above","region_polygon"
0.213045113141307,1.405026809528,"H prefers majority","High type","high_m_above","region_polygon"
0.21403823018002,1.41042168102586,"H prefers majority","High type","high_m_above","region_polygon"
0.215032974676063,1.41581655252372,"H prefers majority","High type","high_m_above","region_polygon"
0.216029350633178,1.42121142402159,"H prefers majority","High type","high_m_above","region_polygon"
0.217027362068249,1.42660629551945,"H prefers majority","High type","high_m_above","region_polygon"
0.21802701301136,1.43200116701731,"H prefers majority","High type","high_m_above","region_polygon"
0.219028307505845,1.43739603851517,"H prefers majority","High type","high_m_above","region_polygon"
0.220031249608346,1.44279091001304,"H prefers majority","High type","high_m_above","region_polygon"
0.221035843388866,1.4481857815109,"H prefers majority","High type","high_m_above","region_polygon"
0.222042092930822,1.45358065300876,"H prefers majority","High type","high_m_above","region_polygon"
0.223050002331107,1.45897552450662,"H prefers majority","High type","high_m_above","region_polygon"
0.224059575700137,1.46437039600449,"H prefers majority","High type","high_m_above","region_polygon"
0.225070817161913,1.46976526750235,"H prefers majority","High type","high_m_above","region_polygon"
0.226083730854075,1.47516013900021,"H prefers majority","High type","high_m_above","region_polygon"
0.227098320927958,1.48055501049808,"H prefers majority","High type","high_m_above","region_polygon"
0.228114591548651,1.48594988199594,"H prefers majority","High type","high_m_above","region_polygon"
0.229132546895051,1.4913447534938,"H prefers majority","High type","high_m_above","region_polygon"
0.230152191159922,1.49673962499166,"H prefers majority","High type","high_m_above","region_polygon"
0.231173528549952,1.50213449648953,"H prefers majority","High type","high_m_above","region_polygon"
0.232196563285812,1.50752936798739,"H prefers majority","High type","high_m_above","region_polygon"
0.233221299602211,1.51292423948525,"H prefers majority","High type","high_m_above","region_polygon"
0.23424774174796,1.51831911098312,"H prefers majority","High type","high_m_above","region_polygon"
0.235275893986024,1.52371398248098,"H prefers majority","High type","high_m_above","region_polygon"
0.236305760593588,1.52910885397884,"H prefers majority","High type","high_m_above","region_polygon"
0.237337345862108,1.5345037254767,"H prefers majority","High type","high_m_above","region_polygon"
0.238370654097379,1.53989859697457,"H prefers majority","High type","high_m_above","region_polygon"
0.23940568961959,1.54529346847243,"H prefers majority","High type","high_m_above","region_polygon"
0.240442456763386,1.55068833997029,"H prefers majority","High type","high_m_above","region_polygon"
0.241480959877926,1.55608321146816,"H prefers majority","High type","high_m_above","region_polygon"
0.242521203326949,1.56147808296602,"H prefers majority","High type","high_m_above","region_polygon"
0.243563191488829,1.56687295446388,"H prefers majority","High type","high_m_above","region_polygon"
0.244606928756641,1.57226782596174,"H prefers majority","High type","high_m_above","region_polygon"
0.245652419538219,1.57766269745961,"H prefers majority","High type","high_m_above","region_polygon"
0.246699668256222,1.58305756895747,"H prefers majority","High type","high_m_above","region_polygon"
0.247748679348195,1.58845244045533,"H prefers majority","High type","high_m_above","region_polygon"
0.248799457266628,1.59384731195319,"H prefers majority","High type","high_m_above","region_polygon"
0.249852006479025,1.59924218345106,"H prefers majority","High type","high_m_above","region_polygon"
0.250906331467964,1.60463705494892,"H prefers majority","High type","high_m_above","region_polygon"
0.25196243673116,1.61003192644678,"H prefers majority","High type","high_m_above","region_polygon"
0.25302032678153,1.61542679794465,"H prefers majority","High type","high_m_above","region_polygon"
0.254080006147259,1.62082166944251,"H prefers majority","High type","high_m_above","region_polygon"
0.255141479371861,1.62621654094037,"H prefers majority","High type","high_m_above","region_polygon"
0.256204751014247,1.63161141243823,"H prefers majority","High type","high_m_above","region_polygon"
0.257269825648788,1.6370062839361,"H prefers majority","High type","high_m_above","region_polygon"
0.258336707865384,1.64240115543396,"H prefers majority","High type","high_m_above","region_polygon"
0.259405402269525,1.64779602693182,"H prefers majority","High type","high_m_above","region_polygon"
0.26047591348236,1.65319089842969,"H prefers majority","High type","high_m_above","region_polygon"
0.261548246140766,1.65858576992755,"H prefers majority","High type","high_m_above","region_polygon"
0.262622404897411,1.66398064142541,"H prefers majority","High type","high_m_above","region_polygon"
0.263698394420822,1.66937551292327,"H prefers majority","High type","high_m_above","region_polygon"
0.264776219395455,1.67477038442114,"H prefers majority","High type","high_m_above","region_polygon"
0.265855884521759,1.680165255919,"H prefers majority","High type","high_m_above","region_polygon"
0.26693739451625,1.68556012741686,"H prefers majority","High type","high_m_above","region_polygon"
0.268020754111573,1.69095499891472,"H prefers majority","High type","high_m_above","region_polygon"
0.269105968056577,1.69634987041259,"H prefers majority","High type","high_m_above","region_polygon"
0.270193041116381,1.70174474191045,"H prefers majority","High type","high_m_above","region_polygon"
0.271281978072443,1.70713961340831,"H prefers majority","High type","high_m_above","region_polygon"
0.272372783722635,1.71253448490618,"H prefers majority","High type","high_m_above","region_polygon"
0.273465462881307,1.71792935640404,"H prefers majority","High type","high_m_above","region_polygon"
0.274560020379362,1.7233242279019,"H prefers majority","High type","high_m_above","region_polygon"
0.275656461064327,1.72871909939976,"H prefers majority","High type","high_m_above","region_polygon"
0.276754789800422,1.73411397089763,"H prefers majority","High type","high_m_above","region_polygon"
0.277855011468635,1.73950884239549,"H prefers majority","High type","high_m_above","region_polygon"
0.278957130966793,1.74490371389335,"H prefers majority","High type","high_m_above","region_polygon"
0.280061153209634,1.75029858539122,"H prefers majority","High type","high_m_above","region_polygon"
0.28116708312888,1.75569345688908,"H prefers majority","High type","high_m_above","region_polygon"
0.282274925673313,1.76108832838694,"H prefers majority","High type","high_m_above","region_polygon"
0.283384685808845,1.7664831998848,"H prefers majority","High type","high_m_above","region_polygon"
0.284496368518596,1.77187807138267,"H prefers majority","High type","high_m_above","region_polygon"
0.285609978802965,1.77727294288053,"H prefers majority","High type","high_m_above","region_polygon"
0.286725521679708,1.78266781437839,"H prefers majority","High type","high_m_above","region_polygon"
0.28784300218401,1.78806268587626,"H prefers majority","High type","high_m_above","region_polygon"
0.288962425368566,1.79345755737412,"H prefers majority","High type","high_m_above","region_polygon"
0.290083796303651,1.79885242887198,"H prefers majority","High type","high_m_above","region_polygon"
0.291207120077201,1.80424730036984,"H prefers majority","High type","high_m_above","region_polygon"
0.292332401794889,1.80964217186771,"H prefers majority","High type","high_m_above","region_polygon"
0.2934596465802,1.81503704336557,"H prefers majority","High type","high_m_above","region_polygon"
0.294588859574512,1.82043191486343,"H prefers majority","High type","high_m_above","region_polygon"
0.295720045937172,1.82582678636129,"H prefers majority","High type","high_m_above","region_polygon"
0.296853210845576,1.83122165785916,"H prefers majority","High type","high_m_above","region_polygon"
0.297988359495246,1.83661652935702,"H prefers majority","High type","high_m_above","region_polygon"
0.299125497099913,1.84201140085488,"H prefers majority","High type","high_m_above","region_polygon"
0.300264628891593,1.84740627235275,"H prefers majority","High type","high_m_above","region_polygon"
0.301405760120668,1.85280114385061,"H prefers majority","High type","high_m_above","region_polygon"
0.302548896055969,1.85819601534847,"H prefers majority","High type","high_m_above","region_polygon"
0.303694041984855,1.86359088684633,"H prefers majority","High type","high_m_above","region_polygon"
0.304841203213294,1.8689857583442,"H prefers majority","High type","high_m_above","region_polygon"
0.305990385065948,1.87438062984206,"H prefers majority","High type","high_m_above","region_polygon"
0.307141592886253,1.87977550133992,"H prefers majority","High type","high_m_above","region_polygon"
0.3082948320365,1.88517037283779,"H prefers majority","High type","high_m_above","region_polygon"
0.309450107897922,1.89056524433565,"H prefers majority","High type","high_m_above","region_polygon"
0.310607425870777,1.89596011583351,"H prefers majority","High type","high_m_above","region_polygon"
0.311766791374431,1.90135498733137,"H prefers majority","High type","high_m_above","region_polygon"
0.312928209847441,1.90674985882924,"H prefers majority","High type","high_m_above","region_polygon"
0.314091686747645,1.9121447303271,"H prefers majority","High type","high_m_above","region_polygon"
0.315257227552241,1.91753960182496,"H prefers majority","High type","high_m_above","region_polygon"
0.316424837757879,1.92293447332283,"H prefers majority","High type","high_m_above","region_polygon"
0.317594522880744,1.92832934482069,"H prefers majority","High type","high_m_above","region_polygon"
0.318766288456643,1.93372421631855,"H prefers majority","High type","high_m_above","region_polygon"
0.319940140041095,1.93911908781641,"H prefers majority","High type","high_m_above","region_polygon"
0.321116083209413,1.94451395931428,"H prefers majority","High type","high_m_above","region_polygon"
0.3222941235568,1.94990883081214,"H prefers majority","High type","high_m_above","region_polygon"
0.323474266698432,1.95530370231,"H prefers majority","High type","high_m_above","region_polygon"
0.32465651826955,1.96069857380786,"H prefers majority","High type","high_m_above","region_polygon"
0.325840883925546,1.96609344530573,"H prefers majority","High type","high_m_above","region_polygon"
0.327027369342059,1.97148831680359,"H prefers majority","High type","high_m_above","region_polygon"
0.328215980215061,1.97688318830145,"H prefers majority","High type","high_m_above","region_polygon"
0.329406722260951,1.98227805979932,"H prefers majority","High type","high_m_above","region_polygon"
0.330599601216643,1.98767293129718,"H prefers majority","High type","high_m_above","region_polygon"
0.331794622839662,1.99306780279504,"H prefers majority","High type","high_m_above","region_polygon"
0.332991792908236,1.9984626742929,"H prefers majority","High type","high_m_above","region_polygon"
0.334191117221386,2.00385754579077,"H prefers majority","High type","high_m_above","region_polygon"
0.335392601599024,2.00925241728863,"H prefers majority","High type","high_m_above","region_polygon"
0.336596251882043,2.01464728878649,"H prefers majority","High type","high_m_above","region_polygon"
0.337802073932416,2.02004216028436,"H prefers majority","High type","high_m_above","region_polygon"
0.339010073633287,2.02543703178222,"H prefers majority","High type","high_m_above","region_polygon"
0.340220256889068,2.03083190328008,"H prefers majority","High type","high_m_above","region_polygon"
0.341432629625538,2.03622677477794,"H prefers majority","High type","high_m_above","region_polygon"
0.342647197789936,2.04162164627581,"H prefers majority","High type","high_m_above","region_polygon"
0.343863967351059,2.04701651777367,"H prefers majority","High type","high_m_above","region_polygon"
0.345082944299362,2.05241138927153,"H prefers majority","High type","high_m_above","region_polygon"
0.346304134647054,2.05780626076939,"H prefers majority","High type","high_m_above","region_polygon"
0.347527544428197,2.06320113226726,"H prefers majority","High type","high_m_above","region_polygon"
0.348753179698806,2.06859600376512,"H prefers majority","High type","high_m_above","region_polygon"
0.349981046536951,2.07399087526298,"H prefers majority","High type","high_m_above","region_polygon"
0.351211151042853,2.07938574676085,"H prefers majority","High type","high_m_above","region_polygon"
0.352443499338988,2.08478061825871,"H prefers majority","High type","high_m_above","region_polygon"
0.353678097570189,2.09017548975657,"H prefers majority","High type","high_m_above","region_polygon"
0.354914951903746,2.09557036125443,"H prefers majority","High type","high_m_above","region_polygon"
0.356154068529509,2.1009652327523,"H prefers majority","High type","high_m_above","region_polygon"
0.357395453659995,2.10636010425016,"H prefers majority","High type","high_m_above","region_polygon"
0.358639113530486,2.11175497574802,"H prefers majority","High type","high_m_above","region_polygon"
0.359885054399137,2.11714984724589,"H prefers majority","High type","high_m_above","region_polygon"
0.361133282547081,2.12254471874375,"H prefers majority","High type","high_m_above","region_polygon"
0.362383804278534,2.12793959024161,"H prefers majority","High type","high_m_above","region_polygon"
0.363636625920899,2.13333446173947,"H prefers majority","High type","high_m_above","region_polygon"
0.364891753824877,2.13872933323734,"H prefers majority","High type","high_m_above","region_polygon"
0.366149194364571,2.1441242047352,"H prefers majority","High type","high_m_above","region_polygon"
0.367408953937595,2.14951907623306,"H prefers majority","High type","high_m_above","region_polygon"
0.36867103896518,2.15491394773092,"H prefers majority","High type","high_m_above","region_polygon"
0.369935455892291,2.16030881922879,"H prefers majority","High type","high_m_above","region_polygon"
0.371202211187725,2.16570369072665,"H prefers majority","High type","high_m_above","region_polygon"
0.372471311344232,2.17109856222451,"H prefers majority","High type","high_m_above","region_polygon"
0.373742762878619,2.17649343372238,"H prefers majority","High type","high_m_above","region_polygon"
0.375016572331864,2.18188830522024,"H prefers majority","High type","high_m_above","region_polygon"
0.37629274626923,2.1872831767181,"H prefers majority","High type","high_m_above","region_polygon"
0.377571291280375,2.19267804821596,"H prefers majority","High type","high_m_above","region_polygon"
0.378852213979465,2.19807291971383,"H prefers majority","High type","high_m_above","region_polygon"
0.38013552100529,2.20346779121169,"H prefers majority","High type","high_m_above","region_polygon"
0.38142121902138,2.20886266270955,"H prefers majority","High type","high_m_above","region_polygon"
0.382709314716117,2.21425753420742,"H prefers majority","High type","high_m_above","region_polygon"
0.383999814802851,2.21965240570528,"H prefers majority","High type","high_m_above","region_polygon"
0.38529272602002,2.22504727720314,"H prefers majority","High type","high_m_above","region_polygon"
0.386588055131266,2.230442148701,"H prefers majority","High type","high_m_above","region_polygon"
0.387885808925549,2.23583702019887,"H prefers majority","High type","high_m_above","region_polygon"
0.389185994217273,2.24123189169673,"H prefers majority","High type","high_m_above","region_polygon"
0.390488617846397,2.24662676319459,"H prefers majority","High type","high_m_above","region_polygon"
0.391793686678562,2.25202163469246,"H prefers majority","High type","high_m_above","region_polygon"
0.393101207605208,2.25741650619032,"H prefers majority","High type","high_m_above","region_polygon"
0.394411187543695,2.26281137768818,"H prefers majority","High type","high_m_above","region_polygon"
0.395723633437428,2.26820624918604,"H prefers majority","High type","high_m_above","region_polygon"
0.397038552255976,2.27360112068391,"H prefers majority","High type","high_m_above","region_polygon"
0.398355950995198,2.27899599218177,"H prefers majority","High type","high_m_above","region_polygon"
0.399675836677365,2.28439086367963,"H prefers majority","High type","high_m_above","region_polygon"
0.400998216351286,2.2897857351775,"H prefers majority","High type","high_m_above","region_polygon"
0.402323097092435,2.29518060667536,"H prefers majority","High type","high_m_above","region_polygon"
0.403650486003075,2.30057547817322,"H prefers majority","High type","high_m_above","region_polygon"
0.404980390212383,2.30597034967108,"H prefers majority","High type","high_m_above","region_polygon"
0.406312816876584,2.31136522116895,"H prefers majority","High type","high_m_above","region_polygon"
0.407647773179072,2.31676009266681,"H prefers majority","High type","high_m_above","region_polygon"
0.408985266330545,2.32215496416467,"H prefers majority","High type","high_m_above","region_polygon"
0.41032530356913,2.32754983566253,"H prefers majority","High type","high_m_above","region_polygon"
0.41166789216052,2.3329447071604,"H prefers majority","High type","high_m_above","region_polygon"
0.413013039398097,2.33833957865826,"H prefers majority","High type","high_m_above","region_polygon"
0.414360752603069,2.34373445015612,"H prefers majority","High type","high_m_above","region_polygon"
0.415711039124605,2.34912932165399,"H prefers majority","High type","high_m_above","region_polygon"
0.417063906339964,2.35452419315185,"H prefers majority","High type","high_m_above","region_polygon"
0.418419361654629,2.35991906464971,"H prefers majority","High type","high_m_above","region_polygon"
0.419777412502448,2.36531393614757,"H prefers majority","High type","high_m_above","region_polygon"
0.421138066345763,2.37070880764544,"H prefers majority","High type","high_m_above","region_polygon"
0.422501330675552,2.3761036791433,"H prefers majority","High type","high_m_above","region_polygon"
0.423867213011564,2.38149855064116,"H prefers majority","High type","high_m_above","region_polygon"
0.425235720902455,2.38689342213903,"H prefers majority","High type","high_m_above","region_polygon"
0.426606861925933,2.39228829363689,"H prefers majority","High type","high_m_above","region_polygon"
0.427980643688893,2.39768316513475,"H prefers majority","High type","high_m_above","region_polygon"
0.429357073827558,2.40307803663261,"H prefers majority","High type","high_m_above","region_polygon"
0.430736160007624,2.40847290813048,"H prefers majority","High type","high_m_above","region_polygon"
0.432117909924398,2.41386777962834,"H prefers majority","High type","high_m_above","region_polygon"
0.433502331302944,2.4192626511262,"H prefers majority","High type","high_m_above","region_polygon"
0.434889431898225,2.42465752262406,"H prefers majority","High type","high_m_above","region_polygon"
0.436279219495251,2.43005239412193,"H prefers majority","High type","high_m_above","region_polygon"
0.43767170190922,2.43544726561979,"H prefers majority","High type","high_m_above","region_polygon"
0.439066886985668,2.44084213711765,"H prefers majority","High type","high_m_above","region_polygon"
0.440464782600616,2.44623700861552,"H prefers majority","High type","high_m_above","region_polygon"
0.441865396660717,2.45163188011338,"H prefers majority","High type","high_m_above","region_polygon"
0.443268737103405,2.45702675161124,"H prefers majority","High type","high_m_above","region_polygon"
0.444674811897045,2.4624216231091,"H prefers majority","High type","high_m_above","region_polygon"
0.446083629041087,2.46781649460697,"H prefers majority","High type","high_m_above","region_polygon"
0.447495196566213,2.47321136610483,"H prefers majority","High type","high_m_above","region_polygon"
0.448909522534491,2.47860623760269,"H prefers majority","High type","high_m_above","region_polygon"
0.450326615039531,2.48400110910056,"H prefers majority","High type","high_m_above","region_polygon"
0.451746482206637,2.48939598059842,"H prefers majority","High type","high_m_above","region_polygon"
0.453169132192961,2.49479085209628,"H prefers majority","High type","high_m_above","region_polygon"
0.454594573187664,2.50018572359414,"H prefers majority","High type","high_m_above","region_polygon"
0.456022813412069,2.50558059509201,"H prefers majority","High type","high_m_above","region_polygon"
0.457453861119818,2.51097546658987,"H prefers majority","High type","high_m_above","region_polygon"
0.458887724597036,2.51637033808773,"H prefers majority","High type","high_m_above","region_polygon"
0.460324412162487,2.5217652095856,"H prefers majority","High type","high_m_above","region_polygon"
0.461763932167736,2.52716008108346,"H prefers majority","High type","high_m_above","region_polygon"
0.463206292997312,2.53255495258132,"H prefers majority","High type","high_m_above","region_polygon"
0.464651503068868,2.53794982407918,"H prefers majority","High type","high_m_above","region_polygon"
0.466099570833347,2.54334469557705,"H prefers majority","High type","high_m_above","region_polygon"
0.467550504775146,2.54873956707491,"H prefers majority","High type","high_m_above","region_polygon"
0.469004313412283,2.55413443857277,"H prefers majority","High type","high_m_above","region_polygon"
0.470461005296559,2.55952931007063,"H prefers majority","High type","high_m_above","region_polygon"
0.471920589013734,2.5649241815685,"H prefers majority","High type","high_m_above","region_polygon"
0.473383073183687,2.57031905306636,"H prefers majority","High type","high_m_above","region_polygon"
0.474848466460592,2.57571392456422,"H prefers majority","High type","high_m_above","region_polygon"
0.476316777533085,2.58110879606209,"H prefers majority","High type","high_m_above","region_polygon"
0.477788015124436,2.58650366755995,"H prefers majority","High type","high_m_above","region_polygon"
0.479262187992726,2.59189853905781,"H prefers majority","High type","high_m_above","region_polygon"
0.480739304931014,2.59729341055567,"H prefers majority","High type","high_m_above","region_polygon"
0.482219374767517,2.60268828205354,"H prefers majority","High type","high_m_above","region_polygon"
0.483702406365784,2.6080831535514,"H prefers majority","High type","high_m_above","region_polygon"
0.485188408624874,2.61347802504926,"H prefers majority","High type","high_m_above","region_polygon"
0.486677390479532,2.61887289654713,"H prefers majority","High type","high_m_above","region_polygon"
0.488169360900368,2.62426776804499,"H prefers majority","High type","high_m_above","region_polygon"
0.489664328894042,2.62966263954285,"H prefers majority","High type","high_m_above","region_polygon"
0.491162303503438,2.63505751104071,"H prefers majority","High type","high_m_above","region_polygon"
0.492663293807853,2.64045238253858,"H prefers majority","High type","high_m_above","region_polygon"
0.494167308923175,2.64584725403644,"H prefers majority","High type","high_m_above","region_polygon"
0.49567435800207,2.6512421255343,"H prefers majority","High type","high_m_above","region_polygon"
0.49718445023417,2.65663699703217,"H prefers majority","High type","high_m_above","region_polygon"
0.498697594846254,2.66203186853003,"H prefers majority","High type","high_m_above","region_polygon"
0.500213801102442,2.66742674002789,"H prefers majority","High type","high_m_above","region_polygon"
0.501733078304381,2.67282161152575,"H prefers majority","High type","high_m_above","region_polygon"
0.503255435791433,2.67821648302362,"H prefers majority","High type","high_m_above","region_polygon"
0.504780882940873,2.68361135452148,"H prefers majority","High type","high_m_above","region_polygon"
0.506309429168074,2.68900622601934,"H prefers majority","High type","high_m_above","region_polygon"
0.507841083926706,2.6944010975172,"H prefers majority","High type","high_m_above","region_polygon"
0.509375856708929,2.69979596901507,"H prefers majority","High type","high_m_above","region_polygon"
0.510913757045588,2.70519084051293,"H prefers majority","High type","high_m_above","region_polygon"
0.512454794506413,2.71058571201079,"H prefers majority","High type","high_m_above","region_polygon"
0.513998978700215,2.71598058350866,"H prefers majority","High type","high_m_above","region_polygon"
0.515546319275087,2.72137545500652,"H prefers majority","High type","high_m_above","region_polygon"
0.517096825918604,2.72677032650438,"H prefers majority","High type","high_m_above","region_polygon"
0.518650508358027,2.73216519800224,"H prefers majority","High type","high_m_above","region_polygon"
0.520207376360505,2.73756006950011,"H prefers majority","High type","high_m_above","region_polygon"
0.521767439733278,2.74295494099797,"H prefers majority","High type","high_m_above","region_polygon"
0.523330708323888,2.74834981249583,"H prefers majority","High type","high_m_above","region_polygon"
0.524897192020379,2.7537446839937,"H prefers majority","High type","high_m_above","region_polygon"
0.526466900751513,2.75913955549156,"H prefers majority","High type","high_m_above","region_polygon"
0.528039844486976,2.76453442698942,"H prefers majority","High type","high_m_above","region_polygon"
0.529616033237586,2.76992929848728,"H prefers majority","High type","high_m_above","region_polygon"
0.531195477055513,2.77532416998515,"H prefers majority","High type","high_m_above","region_polygon"
0.532778186034485,2.78071904148301,"H prefers majority","High type","high_m_above","region_polygon"
0.534364170310008,2.78611391298087,"H prefers majority","High type","high_m_above","region_polygon"
0.535953440059582,2.79150878447873,"H prefers majority","High type","high_m_above","region_polygon"
0.537546005502914,2.7969036559766,"H prefers majority","High type","high_m_above","region_polygon"
0.539141876902145,2.80229852747446,"H prefers majority","High type","high_m_above","region_polygon"
0.540741064562061,2.80769339897232,"H prefers majority","High type","high_m_above","region_polygon"
0.542343578830324,2.81308827047019,"H prefers majority","High type","high_m_above","region_polygon"
0.543949430097689,2.81848314196805,"H prefers majority","High type","high_m_above","region_polygon"
0.545558628798231,2.82387801346591,"H prefers majority","High type","high_m_above","region_polygon"
0.547171185409569,2.82927288496377,"H prefers majority","High type","high_m_above","region_polygon"
0.548787110453098,2.83466775646164,"H prefers majority","High type","high_m_above","region_polygon"
0.550406414494212,2.8400626279595,"H prefers majority","High type","high_m_above","region_polygon"
0.552029108142538,2.84545749945736,"H prefers majority","High type","high_m_above","region_polygon"
0.553655202052168,2.85085237095523,"H prefers majority","High type","high_m_above","region_polygon"
0.555284706921888,2.85624724245309,"H prefers majority","High type","high_m_above","region_polygon"
0.556917633495417,2.86164211395095,"H prefers majority","High type","high_m_above","region_polygon"
0.558553992561643,2.86703698544881,"H prefers majority","High type","high_m_above","region_polygon"
0.560193794954858,2.87243185694668,"H prefers majority","High type","high_m_above","region_polygon"
0.561837051554998,2.87782672844454,"H prefers majority","High type","high_m_above","region_polygon"
0.563483773287885,2.8832215999424,"H prefers majority","High type","high_m_above","region_polygon"
0.565133971125467,2.88861647144026,"H prefers majority","High type","high_m_above","region_polygon"
0.566787656086064,2.89401134293813,"H prefers majority","High type","high_m_above","region_polygon"
0.568444839234611,2.89940621443599,"H prefers majority","High type","high_m_above","region_polygon"
0.570105531682907,2.90480108593385,"H prefers majority","High type","high_m_above","region_polygon"
0.571769744589862,2.91019595743172,"H prefers majority","High type","high_m_above","region_polygon"
0.573437489161747,2.91559082892958,"H prefers majority","High type","high_m_above","region_polygon"
0.575108776652444,2.92098570042744,"H prefers majority","High type","high_m_above","region_polygon"
0.576783618363703,2.9263805719253,"H prefers majority","High type","high_m_above","region_polygon"
0.578462025645395,2.93177544342317,"H prefers majority","High type","high_m_above","region_polygon"
0.580144009895766,2.93717031492103,"H prefers majority","High type","high_m_above","region_polygon"
0.581829582561698,2.94256518641889,"H prefers majority","High type","high_m_above","region_polygon"
0.583518755138967,2.94796005791676,"H prefers majority","High type","high_m_above","region_polygon"
0.585211539172507,2.95335492941462,"H prefers majority","High type","high_m_above","region_polygon"
0.586907946256669,2.95874980091248,"H prefers majority","High type","high_m_above","region_polygon"
0.588607988035489,2.96414467241034,"H prefers majority","High type","high_m_above","region_polygon"
0.590311676202951,2.96953954390821,"H prefers majority","High type","high_m_above","region_polygon"
0.59201902250326,2.97493441540607,"H prefers majority","High type","high_m_above","region_polygon"
0.593730038731107,2.98032928690393,"H prefers majority","High type","high_m_above","region_polygon"
0.595444736731945,2.9857241584018,"H prefers majority","High type","high_m_above","region_polygon"
0.597163128402258,2.99111902989966,"H prefers majority","High type","high_m_above","region_polygon"
0.59888522568984,2.99651390139752,"H prefers majority","High type","high_m_above","region_polygon"
0.600611040594068,3.00190877289538,"H prefers majority","High type","high_m_above","region_polygon"
0.602340585166184,3.00730364439325,"H prefers majority","High type","high_m_above","region_polygon"
0.604073871509576,3.01269851589111,"H prefers majority","High type","high_m_above","region_polygon"
0.605810911780055,3.01809338738897,"H prefers majority","High type","high_m_above","region_polygon"
0.607551718186147,3.02348825888684,"H prefers majority","High type","high_m_above","region_polygon"
0.609296302989371,3.0288831303847,"H prefers majority","High type","high_m_above","region_polygon"
0.611044678504533,3.03427800188256,"H prefers majority","High type","high_m_above","region_polygon"
0.612796857100015,3.03967287338042,"H prefers majority","High type","high_m_above","region_polygon"
0.614552851198061,3.04506774487829,"H prefers majority","High type","high_m_above","region_polygon"
0.616312673275078,3.05046261637615,"H prefers majority","High type","high_m_above","region_polygon"
0.618076335861926,3.05585748787401,"H prefers majority","High type","high_m_above","region_polygon"
0.619843851544222,3.06125235937187,"H prefers majority","High type","high_m_above","region_polygon"
0.621615232962629,3.06664723086974,"H prefers majority","High type","high_m_above","region_polygon"
0.623390492813167,3.0720421023676,"H prefers majority","High type","high_m_above","region_polygon"
0.625169643847513,3.07743697386546,"H prefers majority","High type","high_m_above","region_polygon"
0.626952698873304,3.08283184536333,"H prefers majority","High type","high_m_above","region_polygon"
0.628739670754447,3.08822671686119,"H prefers majority","High type","high_m_above","region_polygon"
0.63053057241143,3.09362158835905,"H prefers majority","High type","high_m_above","region_polygon"
0.632325416821628,3.09901645985691,"H prefers majority","High type","high_m_above","region_polygon"
0.63412421701962,3.10441133135478,"H prefers majority","High type","high_m_above","region_polygon"
0.635926986097506,3.10980620285264,"H prefers majority","High type","high_m_above","region_polygon"
0.637733737205221,3.1152010743505,"H prefers majority","High type","high_m_above","region_polygon"
0.639544483550857,3.12059594584836,"H prefers majority","High type","high_m_above","region_polygon"
0.641359238400984,3.12599081734623,"H prefers majority","High type","high_m_above","region_polygon"
0.643178015080976,3.13138568884409,"H prefers majority","High type","high_m_above","region_polygon"
0.645000826975332,3.13678056034195,"H prefers majority","High type","high_m_above","region_polygon"
0.646827687528012,3.14217543183982,"H prefers majority","High type","high_m_above","region_polygon"
0.64865861024276,3.14757030333768,"H prefers majority","High type","high_m_above","region_polygon"
0.650493608683441,3.15296517483554,"H prefers majority","High type","high_m_above","region_polygon"
0.652332696474376,3.1583600463334,"H prefers majority","High type","high_m_above","region_polygon"
0.654175887300677,3.16375491783127,"H prefers majority","High type","high_m_above","region_polygon"
0.656023194908588,3.16914978932913,"H prefers majority","High type","high_m_above","region_polygon"
0.657874633105826,3.17454466082699,"H prefers majority","High type","high_m_above","region_polygon"
0.659730215761927,3.17993953232486,"H prefers majority","High type","high_m_above","region_polygon"
0.661589956808587,3.18533440382272,"H prefers majority","High type","high_m_above","region_polygon"
0.663453870240019,3.19072927532058,"H prefers majority","High type","high_m_above","region_polygon"
0.665321970113296,3.19612414681844,"H prefers majority","High type","high_m_above","region_polygon"
0.66719427054871,3.20151901831631,"H prefers majority","High type","high_m_above","region_polygon"
0.669070785730123,3.20691388981417,"H prefers majority","High type","high_m_above","region_polygon"
0.670951529905329,3.21230876131203,"H prefers majority","High type","high_m_above","region_polygon"
0.672836517386415,3.2177036328099,"H prefers majority","High type","high_m_above","region_polygon"
0.67472576255012,3.22309850430776,"H prefers majority","High type","high_m_above","region_polygon"
0.676619279838204,3.22849337580562,"H prefers majority","High type","high_m_above","region_polygon"
0.678517083757814,3.23388824730348,"H prefers majority","High type","high_m_above","region_polygon"
0.680419188881856,3.23928311880135,"H prefers majority","High type","high_m_above","region_polygon"
0.682325609849367,3.24467799029921,"H prefers majority","High type","high_m_above","region_polygon"
0.684236361365891,3.25007286179707,"H prefers majority","High type","high_m_above","region_polygon"
0.686151458203858,3.25546773329493,"H prefers majority","High type","high_m_above","region_polygon"
0.688070915202961,3.2608626047928,"H prefers majority","High type","high_m_above","region_polygon"
0.689994747270546,3.26625747629066,"H prefers majority","High type","high_m_above","region_polygon"
0.691922969381989,3.27165234778852,"H prefers majority","High type","high_m_above","region_polygon"
0.693855596581095,3.27704721928639,"H prefers majority","High type","high_m_above","region_polygon"
0.695792643980479,3.28244209078425,"H prefers majority","High type","high_m_above","region_polygon"
0.697734126761968,3.28783696228211,"H prefers majority","High type","high_m_above","region_polygon"
0.699680060176991,3.29323183377997,"H prefers majority","High type","high_m_above","region_polygon"
0.701630459546986,3.29862670527784,"H prefers majority","High type","high_m_above","region_polygon"
0.703585340263793,3.3040215767757,"H prefers majority","High type","high_m_above","region_polygon"
0.705544717790068,3.30941644827356,"H prefers majority","High type","high_m_above","region_polygon"
0.707508607659683,3.31481131977143,"H prefers majority","High type","high_m_above","region_polygon"
0.709477025478142,3.32020619126929,"H prefers majority","High type","high_m_above","region_polygon"
0.71144998692299,3.32560106276715,"H prefers majority","High type","high_m_above","region_polygon"
0.713427507744235,3.33099593426501,"H prefers majority","High type","high_m_above","region_polygon"
0.715409603764761,3.33639080576288,"H prefers majority","High type","high_m_above","region_polygon"
0.717396290880752,3.34178567726074,"H prefers majority","High type","high_m_above","region_polygon"
0.719387585062119,3.3471805487586,"H prefers majority","High type","high_m_above","region_polygon"
0.721383502352926,3.35257542025647,"H prefers majority","High type","high_m_above","region_polygon"
0.723384058871821,3.35797029175433,"H prefers majority","High type","high_m_above","region_polygon"
0.72538927081247,3.36336516325219,"H prefers majority","High type","high_m_above","region_polygon"
0.727399154443996,3.36876003475005,"H prefers majority","High type","high_m_above","region_polygon"
0.729413726111415,3.37415490624792,"H prefers majority","High type","high_m_above","region_polygon"
0.731433002236083,3.37954977774578,"H prefers majority","High type","high_m_above","region_polygon"
0.733456999316137,3.38494464924364,"H prefers majority","High type","high_m_above","region_polygon"
0.735485733926953,3.3903395207415,"H prefers majority","High type","high_m_above","region_polygon"
0.737519222721589,3.39573439223937,"H prefers majority","High type","high_m_above","region_polygon"
0.739557482431247,3.40112926373723,"H prefers majority","High type","high_m_above","region_polygon"
0.741600529865729,3.40652413523509,"H prefers majority","High type","high_m_above","region_polygon"
0.7436483819139,3.41191900673296,"H prefers majority","High type","high_m_above","region_polygon"
0.745701055544153,3.41731387823082,"H prefers majority","High type","high_m_above","region_polygon"
0.747758567804878,3.42270874972868,"H prefers majority","High type","high_m_above","region_polygon"
0.749820935824935,3.42810362122654,"H prefers majority","High type","high_m_above","region_polygon"
0.751888176814127,3.43349849272441,"H prefers majority","High type","high_m_above","region_polygon"
0.75396030806368,3.43889336422227,"H prefers majority","High type","high_m_above","region_polygon"
0.756037346946725,3.44428823572013,"H prefers majority","High type","high_m_above","region_polygon"
0.758119310918784,3.449683107218,"H prefers majority","High type","high_m_above","region_polygon"
0.760206217518259,3.45507797871586,"H prefers majority","High type","high_m_above","region_polygon"
0.762298084366924,3.46047285021372,"H prefers majority","High type","high_m_above","region_polygon"
0.764394929170419,3.46586772171158,"H prefers majority","High type","high_m_above","region_polygon"
0.766496769718754,3.47126259320945,"H prefers majority","High type","high_m_above","region_polygon"
0.768603623886809,3.47665746470731,"H prefers majority","High type","high_m_above","region_polygon"
0.770715509634841,3.48205233620517,"H prefers majority","High type","high_m_above","region_polygon"
0.772832445008996,3.48744720770304,"H prefers majority","High type","high_m_above","region_polygon"
0.774954448141819,3.4928420792009,"H prefers majority","High type","high_m_above","region_polygon"
0.777081537252778,3.49823695069876,"H prefers majority","High type","high_m_above","region_polygon"
0.77921373064878,3.50363182219662,"H prefers majority","High type","high_m_above","region_polygon"
0.781351046724697,3.50902669369449,"H prefers majority","High type","high_m_above","region_polygon"
0.783493503963899,3.51442156519235,"H prefers majority","High type","high_m_above","region_polygon"
0.785641120938783,3.51981643669021,"H prefers majority","High type","high_m_above","region_polygon"
0.787793916311309,3.52521130818807,"H prefers majority","High type","high_m_above","region_polygon"
0.789951908833544,3.53060617968594,"H prefers majority","High type","high_m_above","region_polygon"
0.792115117348203,3.5360010511838,"H prefers majority","High type","high_m_above","region_polygon"
0.794283560789202,3.54139592268166,"H prefers majority","High type","high_m_above","region_polygon"
0.796457258182204,3.54679079417953,"H prefers majority","High type","high_m_above","region_polygon"
0.798636228645181,3.55218566567739,"H prefers majority","High type","high_m_above","region_polygon"
0.800820491388973,3.55758053717525,"H prefers majority","High type","high_m_above","region_polygon"
0.803010065717849,3.56297540867311,"H prefers majority","High type","high_m_above","region_polygon"
0.805204971030081,3.56837028017098,"H prefers majority","High type","high_m_above","region_polygon"
0.807405226818516,3.57376515166884,"H prefers majority","High type","high_m_above","region_polygon"
0.809610852671148,3.5791600231667,"H prefers majority","High type","high_m_above","region_polygon"
0.811821868271704,3.58455489466457,"H prefers majority","High type","high_m_above","region_polygon"
0.814038293400231,3.58994976616243,"H prefers majority","High type","high_m_above","region_polygon"
0.816260147933681,3.59534463766029,"H prefers majority","High type","high_m_above","region_polygon"
0.818487451846506,3.60073950915815,"H prefers majority","High type","high_m_above","region_polygon"
0.820720225211262,3.60613438065602,"H prefers majority","High type","high_m_above","region_polygon"
0.822958488199205,3.61152925215388,"H prefers majority","High type","high_m_above","region_polygon"
0.825202261080903,3.61692412365174,"H prefers majority","High type","high_m_above","region_polygon"
0.827451564226845,3.6223189951496,"H prefers majority","High type","high_m_above","region_polygon"
0.82970641810806,3.62771386664747,"H prefers majority","High type","high_m_above","region_polygon"
0.831966843296736,3.63310873814533,"H prefers majority","High type","high_m_above","region_polygon"
0.834232860466848,3.63850360964319,"H prefers majority","High type","high_m_above","region_polygon"
0.836504490394786,3.64389848114106,"H prefers majority","High type","high_m_above","region_polygon"
0.838781753959991,3.64929335263892,"H prefers majority","High type","high_m_above","region_polygon"
0.841064672145593,3.65468822413678,"H prefers majority","High type","high_m_above","region_polygon"
0.843353266039059,3.66008309563464,"H prefers majority","High type","high_m_above","region_polygon"
0.845647556832839,3.66547796713251,"H prefers majority","High type","high_m_above","region_polygon"
0.847947565825023,3.67087283863037,"H prefers majority","High type","high_m_above","region_polygon"
0.850253314419997,3.67626771012823,"H prefers majority","High type","high_m_above","region_polygon"
0.852564824129108,3.6816625816261,"H prefers majority","High type","high_m_above","region_polygon"
0.854882116571336,3.68705745312396,"H prefers majority","High type","high_m_above","region_polygon"
0.857205213473962,3.69245232462182,"H prefers majority","High type","high_m_above","region_polygon"
0.859534136673253,3.69784719611968,"H prefers majority","High type","high_m_above","region_polygon"
0.861868908115143,3.70324206761755,"H prefers majority","High type","high_m_above","region_polygon"
0.864209549855923,3.70863693911541,"H prefers majority","High type","high_m_above","region_polygon"
0.866556084062935,3.71403181061327,"H prefers majority","High type","high_m_above","region_polygon"
0.868908533015273,3.71942668211114,"H prefers majority","High type","high_m_above","region_polygon"
0.871266919104488,3.724821553609,"H prefers majority","High type","high_m_above","region_polygon"
0.873631264835295,3.73021642510686,"H prefers majority","High type","high_m_above","region_polygon"
0.876001592826296,3.73561129660472,"H prefers majority","High type","high_m_above","region_polygon"
0.878377925810693,3.74100616810259,"H prefers majority","High type","high_m_above","region_polygon"
0.880760286637023,3.74640103960045,"H prefers majority","High type","high_m_above","region_polygon"
0.883148698269881,3.75179591109831,"H prefers majority","High type","high_m_above","region_polygon"
0.885543183790668,3.75719078259617,"H prefers majority","High type","high_m_above","region_polygon"
0.887943766398326,3.76258565409404,"H prefers majority","High type","high_m_above","region_polygon"
0.890350469410092,3.7679805255919,"H prefers majority","High type","high_m_above","region_polygon"
0.892763316262251,3.77337539708976,"H prefers majority","High type","high_m_above","region_polygon"
0.895182330510899,3.77877026858763,"H prefers majority","High type","high_m_above","region_polygon"
0.897607535832707,3.78416514008549,"H prefers majority","High type","high_m_above","region_polygon"
0.900038956025693,3.78956001158335,"H prefers majority","High type","high_m_above","region_polygon"
0.902476615010004,3.79495488308121,"H prefers majority","High type","high_m_above","region_polygon"
0.904920536828699,3.80034975457908,"H prefers majority","High type","high_m_above","region_polygon"
0.907370745648535,3.80574462607694,"H prefers majority","High type","high_m_above","region_polygon"
0.90982726576077,3.8111394975748,"H prefers majority","High type","high_m_above","region_polygon"
0.912290121581964,3.81653436907267,"H prefers majority","High type","high_m_above","region_polygon"
0.914759337654785,3.82192924057053,"H prefers majority","High type","high_m_above","region_polygon"
0.917234938648827,3.82732411206839,"H prefers majority","High type","high_m_above","region_polygon"
0.919716949361432,3.83271898356625,"H prefers majority","High type","high_m_above","region_polygon"
0.922205394718515,3.83811385506412,"H prefers majority","High type","high_m_above","region_polygon"
0.924700299775402,3.84350872656198,"H prefers majority","High type","high_m_above","region_polygon"
0.927201689717667,3.84890359805984,"H prefers majority","High type","high_m_above","region_polygon"
0.929709589861984,3.8542984695577,"H prefers majority","High type","high_m_above","region_polygon"
0.932224025656977,3.85969334105557,"H prefers majority","High type","high_m_above","region_polygon"
0.934745022684084,3.86508821255343,"H prefers majority","High type","high_m_above","region_polygon"
0.937272606658422,3.87048308405129,"H prefers majority","High type","high_m_above","region_polygon"
0.939806803429663,3.87587795554916,"H prefers majority","High type","high_m_above","region_polygon"
0.942347638982915,3.88127282704702,"H prefers majority","High type","high_m_above","region_polygon"
0.944895139439609,3.88666769854488,"H prefers majority","High type","high_m_above","region_polygon"
0.947449331058395,3.89206257004274,"H prefers majority","High type","high_m_above","region_polygon"
0.950010240236045,3.89745744154061,"H prefers majority","High type","high_m_above","region_polygon"
0.952577893508362,3.90285231303847,"H prefers majority","High type","high_m_above","region_polygon"
0.955152317551094,3.90824718453633,"H prefers majority","High type","high_m_above","region_polygon"
0.957733539180861,3.9136420560342,"H prefers majority","High type","high_m_above","region_polygon"
0.960321585356086,3.91903692753206,"H prefers majority","High type","high_m_above","region_polygon"
0.962916483177932,3.92443179902992,"H prefers majority","High type","high_m_above","region_polygon"
0.965518259891249,3.92982667052778,"H prefers majority","High type","high_m_above","region_polygon"
0.968126942885524,3.93522154202565,"H prefers majority","High type","high_m_above","region_polygon"
0.97074255969585,3.94061641352351,"H prefers majority","High type","high_m_above","region_polygon"
0.973365138003887,3.94601128502137,"H prefers majority","High type","high_m_above","region_polygon"
0.975994705638842,3.95140615651924,"H prefers majority","High type","high_m_above","region_polygon"
0.978631290578452,3.9568010280171,"H prefers majority","High type","high_m_above","region_polygon"
0.98127492094998,3.96219589951496,"H prefers majority","High type","high_m_above","region_polygon"
0.983925625031209,3.96759077101282,"H prefers majority","High type","high_m_above","region_polygon"
0.986583431251456,3.97298564251069,"H prefers majority","High type","high_m_above","region_polygon"
0.989248368192586,3.97838051400855,"H prefers majority","High type","high_m_above","region_polygon"
0.991920464590035,3.98377538550641,"H prefers majority","High type","high_m_above","region_polygon"
0.994599749333844,3.98917025700427,"H prefers majority","High type","high_m_above","region_polygon"
0.997286251469704,3.99456512850214,"H prefers majority","High type","high_m_above","region_polygon"
0.999980000199998,3.99996,"H prefers majority","High type","high_m_above","region_polygon"
1,3.99996,"H prefers majority","High type","high_m_above","region_polygon"
1,3.99456512850214,"H prefers majority","High type","high_m_above","region_polygon"
1,3.98917025700427,"H prefers majority","High type","high_m_above","region_polygon"
1,3.98377538550641,"H prefers majority","High type","high_m_above","region_polygon"
1,3.97838051400855,"H prefers majority","High type","high_m_above","region_polygon"
1,3.97298564251069,"H prefers majority","High type","high_m_above","region_polygon"
1,3.96759077101282,"H prefers majority","High type","high_m_above","region_polygon"
1,3.96219589951496,"H prefers majority","High type","high_m_above","region_polygon"
1,3.9568010280171,"H prefers majority","High type","high_m_above","region_polygon"
1,3.95140615651924,"H prefers majority","High type","high_m_above","region_polygon"
1,3.94601128502137,"H prefers majority","High type","high_m_above","region_polygon"
1,3.94061641352351,"H prefers majority","High type","high_m_above","region_polygon"
1,3.93522154202565,"H prefers majority","High type","high_m_above","region_polygon"
1,3.92982667052778,"H prefers majority","High type","high_m_above","region_polygon"
1,3.92443179902992,"H prefers majority","High type","high_m_above","region_polygon"
1,3.91903692753206,"H prefers majority","High type","high_m_above","region_polygon"
1,3.9136420560342,"H prefers majority","High type","high_m_above","region_polygon"
1,3.90824718453633,"H prefers majority","High type","high_m_above","region_polygon"
1,3.90285231303847,"H prefers majority","High type","high_m_above","region_polygon"
1,3.89745744154061,"H prefers majority","High type","high_m_above","region_polygon"
1,3.89206257004274,"H prefers majority","High type","high_m_above","region_polygon"
1,3.88666769854488,"H prefers majority","High type","high_m_above","region_polygon"
1,3.88127282704702,"H prefers majority","High type","high_m_above","region_polygon"
1,3.87587795554916,"H prefers majority","High type","high_m_above","region_polygon"
1,3.87048308405129,"H prefers majority","High type","high_m_above","region_polygon"
1,3.86508821255343,"H prefers majority","High type","high_m_above","region_polygon"
1,3.85969334105557,"H prefers majority","High type","high_m_above","region_polygon"
1,3.8542984695577,"H prefers majority","High type","high_m_above","region_polygon"
1,3.84890359805984,"H prefers majority","High type","high_m_above","region_polygon"
1,3.84350872656198,"H prefers majority","High type","high_m_above","region_polygon"
1,3.83811385506412,"H prefers majority","High type","high_m_above","region_polygon"
1,3.83271898356625,"H prefers majority","High type","high_m_above","region_polygon"
1,3.82732411206839,"H prefers majority","High type","high_m_above","region_polygon"
1,3.82192924057053,"H prefers majority","High type","high_m_above","region_polygon"
1,3.81653436907267,"H prefers majority","High type","high_m_above","region_polygon"
1,3.8111394975748,"H prefers majority","High type","high_m_above","region_polygon"
1,3.80574462607694,"H prefers majority","High type","high_m_above","region_polygon"
1,3.80034975457908,"H prefers majority","High type","high_m_above","region_polygon"
1,3.79495488308121,"H prefers majority","High type","high_m_above","region_polygon"
1,3.78956001158335,"H prefers majority","High type","high_m_above","region_polygon"
1,3.78416514008549,"H prefers majority","High type","high_m_above","region_polygon"
1,3.77877026858763,"H prefers majority","High type","high_m_above","region_polygon"
1,3.77337539708976,"H prefers majority","High type","high_m_above","region_polygon"
1,3.7679805255919,"H prefers majority","High type","high_m_above","region_polygon"
1,3.76258565409404,"H prefers majority","High type","high_m_above","region_polygon"
1,3.75719078259617,"H prefers majority","High type","high_m_above","region_polygon"
1,3.75179591109831,"H prefers majority","High type","high_m_above","region_polygon"
1,3.74640103960045,"H prefers majority","High type","high_m_above","region_polygon"
1,3.74100616810259,"H prefers majority","High type","high_m_above","region_polygon"
1,3.73561129660472,"H prefers majority","High type","high_m_above","region_polygon"
1,3.73021642510686,"H prefers majority","High type","high_m_above","region_polygon"
1,3.724821553609,"H prefers majority","High type","high_m_above","region_polygon"
1,3.71942668211114,"H prefers majority","High type","high_m_above","region_polygon"
1,3.71403181061327,"H prefers majority","High type","high_m_above","region_polygon"
1,3.70863693911541,"H prefers majority","High type","high_m_above","region_polygon"
1,3.70324206761755,"H prefers majority","High type","high_m_above","region_polygon"
1,3.69784719611968,"H prefers majority","High type","high_m_above","region_polygon"
1,3.69245232462182,"H prefers majority","High type","high_m_above","region_polygon"
1,3.68705745312396,"H prefers majority","High type","high_m_above","region_polygon"
1,3.6816625816261,"H prefers majority","High type","high_m_above","region_polygon"
1,3.67626771012823,"H prefers majority","High type","high_m_above","region_polygon"
1,3.67087283863037,"H prefers majority","High type","high_m_above","region_polygon"
1,3.66547796713251,"H prefers majority","High type","high_m_above","region_polygon"
1,3.66008309563464,"H prefers majority","High type","high_m_above","region_polygon"
1,3.65468822413678,"H prefers majority","High type","high_m_above","region_polygon"
1,3.64929335263892,"H prefers majority","High type","high_m_above","region_polygon"
1,3.64389848114106,"H prefers majority","High type","high_m_above","region_polygon"
1,3.63850360964319,"H prefers majority","High type","high_m_above","region_polygon"
1,3.63310873814533,"H prefers majority","High type","high_m_above","region_polygon"
1,3.62771386664747,"H prefers majority","High type","high_m_above","region_polygon"
1,3.6223189951496,"H prefers majority","High type","high_m_above","region_polygon"
1,3.61692412365174,"H prefers majority","High type","high_m_above","region_polygon"
1,3.61152925215388,"H prefers majority","High type","high_m_above","region_polygon"
1,3.60613438065602,"H prefers majority","High type","high_m_above","region_polygon"
1,3.60073950915815,"H prefers majority","High type","high_m_above","region_polygon"
1,3.59534463766029,"H prefers majority","High type","high_m_above","region_polygon"
1,3.58994976616243,"H prefers majority","High type","high_m_above","region_polygon"
1,3.58455489466457,"H prefers majority","High type","high_m_above","region_polygon"
1,3.5791600231667,"H prefers majority","High type","high_m_above","region_polygon"
1,3.57376515166884,"H prefers majority","High type","high_m_above","region_polygon"
1,3.56837028017098,"H prefers majority","High type","high_m_above","region_polygon"
1,3.56297540867311,"H prefers majority","High type","high_m_above","region_polygon"
1,3.55758053717525,"H prefers majority","High type","high_m_above","region_polygon"
1,3.55218566567739,"H prefers majority","High type","high_m_above","region_polygon"
1,3.54679079417953,"H prefers majority","High type","high_m_above","region_polygon"
1,3.54139592268166,"H prefers majority","High type","high_m_above","region_polygon"
1,3.5360010511838,"H prefers majority","High type","high_m_above","region_polygon"
1,3.53060617968594,"H prefers majority","High type","high_m_above","region_polygon"
1,3.52521130818807,"H prefers majority","High type","high_m_above","region_polygon"
1,3.51981643669021,"H prefers majority","High type","high_m_above","region_polygon"
1,3.51442156519235,"H prefers majority","High type","high_m_above","region_polygon"
1,3.50902669369449,"H prefers majority","High type","high_m_above","region_polygon"
1,3.50363182219662,"H prefers majority","High type","high_m_above","region_polygon"
1,3.49823695069876,"H prefers majority","High type","high_m_above","region_polygon"
1,3.4928420792009,"H prefers majority","High type","high_m_above","region_polygon"
1,3.48744720770304,"H prefers majority","High type","high_m_above","region_polygon"
1,3.48205233620517,"H prefers majority","High type","high_m_above","region_polygon"
1,3.47665746470731,"H prefers majority","High type","high_m_above","region_polygon"
1,3.47126259320945,"H prefers majority","High type","high_m_above","region_polygon"
1,3.46586772171158,"H prefers majority","High type","high_m_above","region_polygon"
1,3.46047285021372,"H prefers majority","High type","high_m_above","region_polygon"
1,3.45507797871586,"H prefers majority","High type","high_m_above","region_polygon"
1,3.449683107218,"H prefers majority","High type","high_m_above","region_polygon"
1,3.44428823572013,"H prefers majority","High type","high_m_above","region_polygon"
1,3.43889336422227,"H prefers majority","High type","high_m_above","region_polygon"
1,3.43349849272441,"H prefers majority","High type","high_m_above","region_polygon"
1,3.42810362122654,"H prefers majority","High type","high_m_above","region_polygon"
1,3.42270874972868,"H prefers majority","High type","high_m_above","region_polygon"
1,3.41731387823082,"H prefers majority","High type","high_m_above","region_polygon"
1,3.41191900673296,"H prefers majority","High type","high_m_above","region_polygon"
1,3.40652413523509,"H prefers majority","High type","high_m_above","region_polygon"
1,3.40112926373723,"H prefers majority","High type","high_m_above","region_polygon"
1,3.39573439223937,"H prefers majority","High type","high_m_above","region_polygon"
1,3.3903395207415,"H prefers majority","High type","high_m_above","region_polygon"
1,3.38494464924364,"H prefers majority","High type","high_m_above","region_polygon"
1,3.37954977774578,"H prefers majority","High type","high_m_above","region_polygon"
1,3.37415490624792,"H prefers majority","High type","high_m_above","region_polygon"
1,3.36876003475005,"H prefers majority","High type","high_m_above","region_polygon"
1,3.36336516325219,"H prefers majority","High type","high_m_above","region_polygon"
1,3.35797029175433,"H prefers majority","High type","high_m_above","region_polygon"
1,3.35257542025647,"H prefers majority","High type","high_m_above","region_polygon"
1,3.3471805487586,"H prefers majority","High type","high_m_above","region_polygon"
1,3.34178567726074,"H prefers majority","High type","high_m_above","region_polygon"
1,3.33639080576288,"H prefers majority","High type","high_m_above","region_polygon"
1,3.33099593426501,"H prefers majority","High type","high_m_above","region_polygon"
1,3.32560106276715,"H prefers majority","High type","high_m_above","region_polygon"
1,3.32020619126929,"H prefers majority","High type","high_m_above","region_polygon"
1,3.31481131977143,"H prefers majority","High type","high_m_above","region_polygon"
1,3.30941644827356,"H prefers majority","High type","high_m_above","region_polygon"
1,3.3040215767757,"H prefers majority","High type","high_m_above","region_polygon"
1,3.29862670527784,"H prefers majority","High type","high_m_above","region_polygon"
1,3.29323183377997,"H prefers majority","High type","high_m_above","region_polygon"
1,3.28783696228211,"H prefers majority","High type","high_m_above","region_polygon"
1,3.28244209078425,"H prefers majority","High type","high_m_above","region_polygon"
1,3.27704721928639,"H prefers majority","High type","high_m_above","region_polygon"
1,3.27165234778852,"H prefers majority","High type","high_m_above","region_polygon"
1,3.26625747629066,"H prefers majority","High type","high_m_above","region_polygon"
1,3.2608626047928,"H prefers majority","High type","high_m_above","region_polygon"
1,3.25546773329493,"H prefers majority","High type","high_m_above","region_polygon"
1,3.25007286179707,"H prefers majority","High type","high_m_above","region_polygon"
1,3.24467799029921,"H prefers majority","High type","high_m_above","region_polygon"
1,3.23928311880135,"H prefers majority","High type","high_m_above","region_polygon"
1,3.23388824730348,"H prefers majority","High type","high_m_above","region_polygon"
1,3.22849337580562,"H prefers majority","High type","high_m_above","region_polygon"
1,3.22309850430776,"H prefers majority","High type","high_m_above","region_polygon"
1,3.2177036328099,"H prefers majority","High type","high_m_above","region_polygon"
1,3.21230876131203,"H prefers majority","High type","high_m_above","region_polygon"
1,3.20691388981417,"H prefers majority","High type","high_m_above","region_polygon"
1,3.20151901831631,"H prefers majority","High type","high_m_above","region_polygon"
1,3.19612414681844,"H prefers majority","High type","high_m_above","region_polygon"
1,3.19072927532058,"H prefers majority","High type","high_m_above","region_polygon"
1,3.18533440382272,"H prefers majority","High type","high_m_above","region_polygon"
1,3.17993953232486,"H prefers majority","High type","high_m_above","region_polygon"
1,3.17454466082699,"H prefers majority","High type","high_m_above","region_polygon"
1,3.16914978932913,"H prefers majority","High type","high_m_above","region_polygon"
1,3.16375491783127,"H prefers majority","High type","high_m_above","region_polygon"
1,3.1583600463334,"H prefers majority","High type","high_m_above","region_polygon"
1,3.15296517483554,"H prefers majority","High type","high_m_above","region_polygon"
1,3.14757030333768,"H prefers majority","High type","high_m_above","region_polygon"
1,3.14217543183982,"H prefers majority","High type","high_m_above","region_polygon"
1,3.13678056034195,"H prefers majority","High type","high_m_above","region_polygon"
1,3.13138568884409,"H prefers majority","High type","high_m_above","region_polygon"
1,3.12599081734623,"H prefers majority","High type","high_m_above","region_polygon"
1,3.12059594584836,"H prefers majority","High type","high_m_above","region_polygon"
1,3.1152010743505,"H prefers majority","High type","high_m_above","region_polygon"
1,3.10980620285264,"H prefers majority","High type","high_m_above","region_polygon"
1,3.10441133135478,"H prefers majority","High type","high_m_above","region_polygon"
1,3.09901645985691,"H prefers majority","High type","high_m_above","region_polygon"
1,3.09362158835905,"H prefers majority","High type","high_m_above","region_polygon"
1,3.08822671686119,"H prefers majority","High type","high_m_above","region_polygon"
1,3.08283184536333,"H prefers majority","High type","high_m_above","region_polygon"
1,3.07743697386546,"H prefers majority","High type","high_m_above","region_polygon"
1,3.0720421023676,"H prefers majority","High type","high_m_above","region_polygon"
1,3.06664723086974,"H prefers majority","High type","high_m_above","region_polygon"
1,3.06125235937187,"H prefers majority","High type","high_m_above","region_polygon"
1,3.05585748787401,"H prefers majority","High type","high_m_above","region_polygon"
1,3.05046261637615,"H prefers majority","High type","high_m_above","region_polygon"
1,3.04506774487829,"H prefers majority","High type","high_m_above","region_polygon"
1,3.03967287338042,"H prefers majority","High type","high_m_above","region_polygon"
1,3.03427800188256,"H prefers majority","High type","high_m_above","region_polygon"
1,3.0288831303847,"H prefers majority","High type","high_m_above","region_polygon"
1,3.02348825888684,"H prefers majority","High type","high_m_above","region_polygon"
1,3.01809338738897,"H prefers majority","High type","high_m_above","region_polygon"
1,3.01269851589111,"H prefers majority","High type","high_m_above","region_polygon"
1,3.00730364439325,"H prefers majority","High type","high_m_above","region_polygon"
1,3.00190877289538,"H prefers majority","High type","high_m_above","region_polygon"
1,2.99651390139752,"H prefers majority","High type","high_m_above","region_polygon"
1,2.99111902989966,"H prefers majority","High type","high_m_above","region_polygon"
1,2.9857241584018,"H prefers majority","High type","high_m_above","region_polygon"
1,2.98032928690393,"H prefers majority","High type","high_m_above","region_polygon"
1,2.97493441540607,"H prefers majority","High type","high_m_above","region_polygon"
1,2.96953954390821,"H prefers majority","High type","high_m_above","region_polygon"
1,2.96414467241034,"H prefers majority","High type","high_m_above","region_polygon"
1,2.95874980091248,"H prefers majority","High type","high_m_above","region_polygon"
1,2.95335492941462,"H prefers majority","High type","high_m_above","region_polygon"
1,2.94796005791676,"H prefers majority","High type","high_m_above","region_polygon"
1,2.94256518641889,"H prefers majority","High type","high_m_above","region_polygon"
1,2.93717031492103,"H prefers majority","High type","high_m_above","region_polygon"
1,2.93177544342317,"H prefers majority","High type","high_m_above","region_polygon"
1,2.9263805719253,"H prefers majority","High type","high_m_above","region_polygon"
1,2.92098570042744,"H prefers majority","High type","high_m_above","region_polygon"
1,2.91559082892958,"H prefers majority","High type","high_m_above","region_polygon"
1,2.91019595743172,"H prefers majority","High type","high_m_above","region_polygon"
1,2.90480108593385,"H prefers majority","High type","high_m_above","region_polygon"
1,2.89940621443599,"H prefers majority","High type","high_m_above","region_polygon"
1,2.89401134293813,"H prefers majority","High type","high_m_above","region_polygon"
1,2.88861647144026,"H prefers majority","High type","high_m_above","region_polygon"
1,2.8832215999424,"H prefers majority","High type","high_m_above","region_polygon"
1,2.87782672844454,"H prefers majority","High type","high_m_above","region_polygon"
1,2.87243185694668,"H prefers majority","High type","high_m_above","region_polygon"
1,2.86703698544881,"H prefers majority","High type","high_m_above","region_polygon"
1,2.86164211395095,"H prefers majority","High type","high_m_above","region_polygon"
1,2.85624724245309,"H prefers majority","High type","high_m_above","region_polygon"
1,2.85085237095523,"H prefers majority","High type","high_m_above","region_polygon"
1,2.84545749945736,"H prefers majority","High type","high_m_above","region_polygon"
1,2.8400626279595,"H prefers majority","High type","high_m_above","region_polygon"
1,2.83466775646164,"H prefers majority","High type","high_m_above","region_polygon"
1,2.82927288496377,"H prefers majority","High type","high_m_above","region_polygon"
1,2.82387801346591,"H prefers majority","High type","high_m_above","region_polygon"
1,2.81848314196805,"H prefers majority","High type","high_m_above","region_polygon"
1,2.81308827047019,"H prefers majority","High type","high_m_above","region_polygon"
1,2.80769339897232,"H prefers majority","High type","high_m_above","region_polygon"
1,2.80229852747446,"H prefers majority","High type","high_m_above","region_polygon"
1,2.7969036559766,"H prefers majority","High type","high_m_above","region_polygon"
1,2.79150878447873,"H prefers majority","High type","high_m_above","region_polygon"
1,2.78611391298087,"H prefers majority","High type","high_m_above","region_polygon"
1,2.78071904148301,"H prefers majority","High type","high_m_above","region_polygon"
1,2.77532416998515,"H prefers majority","High type","high_m_above","region_polygon"
1,2.76992929848728,"H prefers majority","High type","high_m_above","region_polygon"
1,2.76453442698942,"H prefers majority","High type","high_m_above","region_polygon"
1,2.75913955549156,"H prefers majority","High type","high_m_above","region_polygon"
1,2.7537446839937,"H prefers majority","High type","high_m_above","region_polygon"
1,2.74834981249583,"H prefers majority","High type","high_m_above","region_polygon"
1,2.74295494099797,"H prefers majority","High type","high_m_above","region_polygon"
1,2.73756006950011,"H prefers majority","High type","high_m_above","region_polygon"
1,2.73216519800224,"H prefers majority","High type","high_m_above","region_polygon"
1,2.72677032650438,"H prefers majority","High type","high_m_above","region_polygon"
1,2.72137545500652,"H prefers majority","High type","high_m_above","region_polygon"
1,2.71598058350866,"H prefers majority","High type","high_m_above","region_polygon"
1,2.71058571201079,"H prefers majority","High type","high_m_above","region_polygon"
1,2.70519084051293,"H prefers majority","High type","high_m_above","region_polygon"
1,2.69979596901507,"H prefers majority","High type","high_m_above","region_polygon"
1,2.6944010975172,"H prefers majority","High type","high_m_above","region_polygon"
1,2.68900622601934,"H prefers majority","High type","high_m_above","region_polygon"
1,2.68361135452148,"H prefers majority","High type","high_m_above","region_polygon"
1,2.67821648302362,"H prefers majority","High type","high_m_above","region_polygon"
1,2.67282161152575,"H prefers majority","High type","high_m_above","region_polygon"
1,2.66742674002789,"H prefers majority","High type","high_m_above","region_polygon"
1,2.66203186853003,"H prefers majority","High type","high_m_above","region_polygon"
1,2.65663699703217,"H prefers majority","High type","high_m_above","region_polygon"
1,2.6512421255343,"H prefers majority","High type","high_m_above","region_polygon"
1,2.64584725403644,"H prefers majority","High type","high_m_above","region_polygon"
1,2.64045238253858,"H prefers majority","High type","high_m_above","region_polygon"
1,2.63505751104071,"H prefers majority","High type","high_m_above","region_polygon"
1,2.62966263954285,"H prefers majority","High type","high_m_above","region_polygon"
1,2.62426776804499,"H prefers majority","High type","high_m_above","region_polygon"
1,2.61887289654713,"H prefers majority","High type","high_m_above","region_polygon"
1,2.61347802504926,"H prefers majority","High type","high_m_above","region_polygon"
1,2.6080831535514,"H prefers majority","High type","high_m_above","region_polygon"
1,2.60268828205354,"H prefers majority","High type","high_m_above","region_polygon"
1,2.59729341055567,"H prefers majority","High type","high_m_above","region_polygon"
1,2.59189853905781,"H prefers majority","High type","high_m_above","region_polygon"
1,2.58650366755995,"H prefers majority","High type","high_m_above","region_polygon"
1,2.58110879606209,"H prefers majority","High type","high_m_above","region_polygon"
1,2.57571392456422,"H prefers majority","High type","high_m_above","region_polygon"
1,2.57031905306636,"H prefers majority","High type","high_m_above","region_polygon"
1,2.5649241815685,"H prefers majority","High type","high_m_above","region_polygon"
1,2.55952931007063,"H prefers majority","High type","high_m_above","region_polygon"
1,2.55413443857277,"H prefers majority","High type","high_m_above","region_polygon"
1,2.54873956707491,"H prefers majority","High type","high_m_above","region_polygon"
1,2.54334469557705,"H prefers majority","High type","high_m_above","region_polygon"
1,2.53794982407918,"H prefers majority","High type","high_m_above","region_polygon"
1,2.53255495258132,"H prefers majority","High type","high_m_above","region_polygon"
1,2.52716008108346,"H prefers majority","High type","high_m_above","region_polygon"
1,2.5217652095856,"H prefers majority","High type","high_m_above","region_polygon"
1,2.51637033808773,"H prefers majority","High type","high_m_above","region_polygon"
1,2.51097546658987,"H prefers majority","High type","high_m_above","region_polygon"
1,2.50558059509201,"H prefers majority","High type","high_m_above","region_polygon"
1,2.50018572359414,"H prefers majority","High type","high_m_above","region_polygon"
1,2.49479085209628,"H prefers majority","High type","high_m_above","region_polygon"
1,2.48939598059842,"H prefers majority","High type","high_m_above","region_polygon"
1,2.48400110910056,"H prefers majority","High type","high_m_above","region_polygon"
1,2.47860623760269,"H prefers majority","High type","high_m_above","region_polygon"
1,2.47321136610483,"H prefers majority","High type","high_m_above","region_polygon"
1,2.46781649460697,"H prefers majority","High type","high_m_above","region_polygon"
1,2.4624216231091,"H prefers majority","High type","high_m_above","region_polygon"
1,2.45702675161124,"H prefers majority","High type","high_m_above","region_polygon"
1,2.45163188011338,"H prefers majority","High type","high_m_above","region_polygon"
1,2.44623700861552,"H prefers majority","High type","high_m_above","region_polygon"
1,2.44084213711765,"H prefers majority","High type","high_m_above","region_polygon"
1,2.43544726561979,"H prefers majority","High type","high_m_above","region_polygon"
1,2.43005239412193,"H prefers majority","High type","high_m_above","region_polygon"
1,2.42465752262406,"H prefers majority","High type","high_m_above","region_polygon"
1,2.4192626511262,"H prefers majority","High type","high_m_above","region_polygon"
1,2.41386777962834,"H prefers majority","High type","high_m_above","region_polygon"
1,2.40847290813048,"H prefers majority","High type","high_m_above","region_polygon"
1,2.40307803663261,"H prefers majority","High type","high_m_above","region_polygon"
1,2.39768316513475,"H prefers majority","High type","high_m_above","region_polygon"
1,2.39228829363689,"H prefers majority","High type","high_m_above","region_polygon"
1,2.38689342213903,"H prefers majority","High type","high_m_above","region_polygon"
1,2.38149855064116,"H prefers majority","High type","high_m_above","region_polygon"
1,2.3761036791433,"H prefers majority","High type","high_m_above","region_polygon"
1,2.37070880764544,"H prefers majority","High type","high_m_above","region_polygon"
1,2.36531393614757,"H prefers majority","High type","high_m_above","region_polygon"
1,2.35991906464971,"H prefers majority","High type","high_m_above","region_polygon"
1,2.35452419315185,"H prefers majority","High type","high_m_above","region_polygon"
1,2.34912932165399,"H prefers majority","High type","high_m_above","region_polygon"
1,2.34373445015612,"H prefers majority","High type","high_m_above","region_polygon"
1,2.33833957865826,"H prefers majority","High type","high_m_above","region_polygon"
1,2.3329447071604,"H prefers majority","High type","high_m_above","region_polygon"
1,2.32754983566253,"H prefers majority","High type","high_m_above","region_polygon"
1,2.32215496416467,"H prefers majority","High type","high_m_above","region_polygon"
1,2.31676009266681,"H prefers majority","High type","high_m_above","region_polygon"
1,2.31136522116895,"H prefers majority","High type","high_m_above","region_polygon"
1,2.30597034967108,"H prefers majority","High type","high_m_above","region_polygon"
1,2.30057547817322,"H prefers majority","High type","high_m_above","region_polygon"
1,2.29518060667536,"H prefers majority","High type","high_m_above","region_polygon"
1,2.2897857351775,"H prefers majority","High type","high_m_above","region_polygon"
1,2.28439086367963,"H prefers majority","High type","high_m_above","region_polygon"
1,2.27899599218177,"H prefers majority","High type","high_m_above","region_polygon"
1,2.27360112068391,"H prefers majority","High type","high_m_above","region_polygon"
1,2.26820624918604,"H prefers majority","High type","high_m_above","region_polygon"
1,2.26281137768818,"H prefers majority","High type","high_m_above","region_polygon"
1,2.25741650619032,"H prefers majority","High type","high_m_above","region_polygon"
1,2.25202163469246,"H prefers majority","High type","high_m_above","region_polygon"
1,2.24662676319459,"H prefers majority","High type","high_m_above","region_polygon"
1,2.24123189169673,"H prefers majority","High type","high_m_above","region_polygon"
1,2.23583702019887,"H prefers majority","High type","high_m_above","region_polygon"
1,2.230442148701,"H prefers majority","High type","high_m_above","region_polygon"
1,2.22504727720314,"H prefers majority","High type","high_m_above","region_polygon"
1,2.21965240570528,"H prefers majority","High type","high_m_above","region_polygon"
1,2.21425753420742,"H prefers majority","High type","high_m_above","region_polygon"
1,2.20886266270955,"H prefers majority","High type","high_m_above","region_polygon"
1,2.20346779121169,"H prefers majority","High type","high_m_above","region_polygon"
1,2.19807291971383,"H prefers majority","High type","high_m_above","region_polygon"
1,2.19267804821596,"H prefers majority","High type","high_m_above","region_polygon"
1,2.1872831767181,"H prefers majority","High type","high_m_above","region_polygon"
1,2.18188830522024,"H prefers majority","High type","high_m_above","region_polygon"
1,2.17649343372238,"H prefers majority","High type","high_m_above","region_polygon"
1,2.17109856222451,"H prefers majority","High type","high_m_above","region_polygon"
1,2.16570369072665,"H prefers majority","High type","high_m_above","region_polygon"
1,2.16030881922879,"H prefers majority","High type","high_m_above","region_polygon"
1,2.15491394773092,"H prefers majority","High type","high_m_above","region_polygon"
1,2.14951907623306,"H prefers majority","High type","high_m_above","region_polygon"
1,2.1441242047352,"H prefers majority","High type","high_m_above","region_polygon"
1,2.13872933323734,"H prefers majority","High type","high_m_above","region_polygon"
1,2.13333446173947,"H prefers majority","High type","high_m_above","region_polygon"
1,2.12793959024161,"H prefers majority","High type","high_m_above","region_polygon"
1,2.12254471874375,"H prefers majority","High type","high_m_above","region_polygon"
1,2.11714984724589,"H prefers majority","High type","high_m_above","region_polygon"
1,2.11175497574802,"H prefers majority","High type","high_m_above","region_polygon"
1,2.10636010425016,"H prefers majority","High type","high_m_above","region_polygon"
1,2.1009652327523,"H prefers majority","High type","high_m_above","region_polygon"
1,2.09557036125443,"H prefers majority","High type","high_m_above","region_polygon"
1,2.09017548975657,"H prefers majority","High type","high_m_above","region_polygon"
1,2.08478061825871,"H prefers majority","High type","high_m_above","region_polygon"
1,2.07938574676085,"H prefers majority","High type","high_m_above","region_polygon"
1,2.07399087526298,"H prefers majority","High type","high_m_above","region_polygon"
1,2.06859600376512,"H prefers majority","High type","high_m_above","region_polygon"
1,2.06320113226726,"H prefers majority","High type","high_m_above","region_polygon"
1,2.05780626076939,"H prefers majority","High type","high_m_above","region_polygon"
1,2.05241138927153,"H prefers majority","High type","high_m_above","region_polygon"
1,2.04701651777367,"H prefers majority","High type","high_m_above","region_polygon"
1,2.04162164627581,"H prefers majority","High type","high_m_above","region_polygon"
1,2.03622677477794,"H prefers majority","High type","high_m_above","region_polygon"
1,2.03083190328008,"H prefers majority","High type","high_m_above","region_polygon"
1,2.02543703178222,"H prefers majority","High type","high_m_above","region_polygon"
1,2.02004216028436,"H prefers majority","High type","high_m_above","region_polygon"
1,2.01464728878649,"H prefers majority","High type","high_m_above","region_polygon"
1,2.00925241728863,"H prefers majority","High type","high_m_above","region_polygon"
1,2.00385754579077,"H prefers majority","High type","high_m_above","region_polygon"
1,1.9984626742929,"H prefers majority","High type","high_m_above","region_polygon"
1,1.99306780279504,"H prefers majority","High type","high_m_above","region_polygon"
1,1.98767293129718,"H prefers majority","High type","high_m_above","region_polygon"
1,1.98227805979932,"H prefers majority","High type","high_m_above","region_polygon"
1,1.97688318830145,"H prefers majority","High type","high_m_above","region_polygon"
1,1.97148831680359,"H prefers majority","High type","high_m_above","region_polygon"
1,1.96609344530573,"H prefers majority","High type","high_m_above","region_polygon"
1,1.96069857380786,"H prefers majority","High type","high_m_above","region_polygon"
1,1.95530370231,"H prefers majority","High type","high_m_above","region_polygon"
1,1.94990883081214,"H prefers majority","High type","high_m_above","region_polygon"
1,1.94451395931428,"H prefers majority","High type","high_m_above","region_polygon"
1,1.93911908781641,"H prefers majority","High type","high_m_above","region_polygon"
1,1.93372421631855,"H prefers majority","High type","high_m_above","region_polygon"
1,1.92832934482069,"H prefers majority","High type","high_m_above","region_polygon"
1,1.92293447332283,"H prefers majority","High type","high_m_above","region_polygon"
1,1.91753960182496,"H prefers majority","High type","high_m_above","region_polygon"
1,1.9121447303271,"H prefers majority","High type","high_m_above","region_polygon"
1,1.90674985882924,"H prefers majority","High type","high_m_above","region_polygon"
1,1.90135498733137,"H prefers majority","High type","high_m_above","region_polygon"
1,1.89596011583351,"H prefers majority","High type","high_m_above","region_polygon"
1,1.89056524433565,"H prefers majority","High type","high_m_above","region_polygon"
1,1.88517037283779,"H prefers majority","High type","high_m_above","region_polygon"
1,1.87977550133992,"H prefers majority","High type","high_m_above","region_polygon"
1,1.87438062984206,"H prefers majority","High type","high_m_above","region_polygon"
1,1.8689857583442,"H prefers majority","High type","high_m_above","region_polygon"
1,1.86359088684633,"H prefers majority","High type","high_m_above","region_polygon"
1,1.85819601534847,"H prefers majority","High type","high_m_above","region_polygon"
1,1.85280114385061,"H prefers majority","High type","high_m_above","region_polygon"
1,1.84740627235275,"H prefers majority","High type","high_m_above","region_polygon"
1,1.84201140085488,"H prefers majority","High type","high_m_above","region_polygon"
1,1.83661652935702,"H prefers majority","High type","high_m_above","region_polygon"
1,1.83122165785916,"H prefers majority","High type","high_m_above","region_polygon"
1,1.82582678636129,"H prefers majority","High type","high_m_above","region_polygon"
1,1.82043191486343,"H prefers majority","High type","high_m_above","region_polygon"
1,1.81503704336557,"H prefers majority","High type","high_m_above","region_polygon"
1,1.80964217186771,"H prefers majority","High type","high_m_above","region_polygon"
1,1.80424730036984,"H prefers majority","High type","high_m_above","region_polygon"
1,1.79885242887198,"H prefers majority","High type","high_m_above","region_polygon"
1,1.79345755737412,"H prefers majority","High type","high_m_above","region_polygon"
1,1.78806268587626,"H prefers majority","High type","high_m_above","region_polygon"
1,1.78266781437839,"H prefers majority","High type","high_m_above","region_polygon"
1,1.77727294288053,"H prefers majority","High type","high_m_above","region_polygon"
1,1.77187807138267,"H prefers majority","High type","high_m_above","region_polygon"
1,1.7664831998848,"H prefers majority","High type","high_m_above","region_polygon"
1,1.76108832838694,"H prefers majority","High type","high_m_above","region_polygon"
1,1.75569345688908,"H prefers majority","High type","high_m_above","region_polygon"
1,1.75029858539122,"H prefers majority","High type","high_m_above","region_polygon"
1,1.74490371389335,"H prefers majority","High type","high_m_above","region_polygon"
1,1.73950884239549,"H prefers majority","High type","high_m_above","region_polygon"
1,1.73411397089763,"H prefers majority","High type","high_m_above","region_polygon"
1,1.72871909939976,"H prefers majority","High type","high_m_above","region_polygon"
1,1.7233242279019,"H prefers majority","High type","high_m_above","region_polygon"
1,1.71792935640404,"H prefers majority","High type","high_m_above","region_polygon"
1,1.71253448490618,"H prefers majority","High type","high_m_above","region_polygon"
1,1.70713961340831,"H prefers majority","High type","high_m_above","region_polygon"
1,1.70174474191045,"H prefers majority","High type","high_m_above","region_polygon"
1,1.69634987041259,"H prefers majority","High type","high_m_above","region_polygon"
1,1.69095499891472,"H prefers majority","High type","high_m_above","region_polygon"
1,1.68556012741686,"H prefers majority","High type","high_m_above","region_polygon"
1,1.680165255919,"H prefers majority","High type","high_m_above","region_polygon"
1,1.67477038442114,"H prefers majority","High type","high_m_above","region_polygon"
1,1.66937551292327,"H prefers majority","High type","high_m_above","region_polygon"
1,1.66398064142541,"H prefers majority","High type","high_m_above","region_polygon"
1,1.65858576992755,"H prefers majority","High type","high_m_above","region_polygon"
1,1.65319089842969,"H prefers majority","High type","high_m_above","region_polygon"
1,1.64779602693182,"H prefers majority","High type","high_m_above","region_polygon"
1,1.64240115543396,"H prefers majority","High type","high_m_above","region_polygon"
1,1.6370062839361,"H prefers majority","High type","high_m_above","region_polygon"
1,1.63161141243823,"H prefers majority","High type","high_m_above","region_polygon"
1,1.62621654094037,"H prefers majority","High type","high_m_above","region_polygon"
1,1.62082166944251,"H prefers majority","High type","high_m_above","region_polygon"
1,1.61542679794465,"H prefers majority","High type","high_m_above","region_polygon"
1,1.61003192644678,"H prefers majority","High type","high_m_above","region_polygon"
1,1.60463705494892,"H prefers majority","High type","high_m_above","region_polygon"
1,1.59924218345106,"H prefers majority","High type","high_m_above","region_polygon"
1,1.59384731195319,"H prefers majority","High type","high_m_above","region_polygon"
1,1.58845244045533,"H prefers majority","High type","high_m_above","region_polygon"
1,1.58305756895747,"H prefers majority","High type","high_m_above","region_polygon"
1,1.57766269745961,"H prefers majority","High type","high_m_above","region_polygon"
1,1.57226782596174,"H prefers majority","High type","high_m_above","region_polygon"
1,1.56687295446388,"H prefers majority","High type","high_m_above","region_polygon"
1,1.56147808296602,"H prefers majority","High type","high_m_above","region_polygon"
1,1.55608321146816,"H prefers majority","High type","high_m_above","region_polygon"
1,1.55068833997029,"H prefers majority","High type","high_m_above","region_polygon"
1,1.54529346847243,"H prefers majority","High type","high_m_above","region_polygon"
1,1.53989859697457,"H prefers majority","High type","high_m_above","region_polygon"
1,1.5345037254767,"H prefers majority","High type","high_m_above","region_polygon"
1,1.52910885397884,"H prefers majority","High type","high_m_above","region_polygon"
1,1.52371398248098,"H prefers majority","High type","high_m_above","region_polygon"
1,1.51831911098312,"H prefers majority","High type","high_m_above","region_polygon"
1,1.51292423948525,"H prefers majority","High type","high_m_above","region_polygon"
1,1.50752936798739,"H prefers majority","High type","high_m_above","region_polygon"
1,1.50213449648953,"H prefers majority","High type","high_m_above","region_polygon"
1,1.49673962499166,"H prefers majority","High type","high_m_above","region_polygon"
1,1.4913447534938,"H prefers majority","High type","high_m_above","region_polygon"
1,1.48594988199594,"H prefers majority","High type","high_m_above","region_polygon"
1,1.48055501049808,"H prefers majority","High type","high_m_above","region_polygon"
1,1.47516013900021,"H prefers majority","High type","high_m_above","region_polygon"
1,1.46976526750235,"H prefers majority","High type","high_m_above","region_polygon"
1,1.46437039600449,"H prefers majority","High type","high_m_above","region_polygon"
1,1.45897552450662,"H prefers majority","High type","high_m_above","region_polygon"
1,1.45358065300876,"H prefers majority","High type","high_m_above","region_polygon"
1,1.4481857815109,"H prefers majority","High type","high_m_above","region_polygon"
1,1.44279091001304,"H prefers majority","High type","high_m_above","region_polygon"
1,1.43739603851517,"H prefers majority","High type","high_m_above","region_polygon"
1,1.43200116701731,"H prefers majority","High type","high_m_above","region_polygon"
1,1.42660629551945,"H prefers majority","High type","high_m_above","region_polygon"
1,1.42121142402159,"H prefers majority","High type","high_m_above","region_polygon"
1,1.41581655252372,"H prefers majority","High type","high_m_above","region_polygon"
1,1.41042168102586,"H prefers majority","High type","high_m_above","region_polygon"
1,1.405026809528,"H prefers majority","High type","high_m_above","region_polygon"
1,1.39963193803013,"H prefers majority","High type","high_m_above","region_polygon"
1,1.39423706653227,"H prefers majority","High type","high_m_above","region_polygon"
1,1.38884219503441,"H prefers majority","High type","high_m_above","region_polygon"
1,1.38344732353655,"H prefers majority","High type","high_m_above","region_polygon"
1,1.37805245203868,"H prefers majority","High type","high_m_above","region_polygon"
1,1.37265758054082,"H prefers majority","High type","high_m_above","region_polygon"
1,1.36726270904296,"H prefers majority","High type","high_m_above","region_polygon"
1,1.36186783754509,"H prefers majority","High type","high_m_above","region_polygon"
1,1.35647296604723,"H prefers majority","High type","high_m_above","region_polygon"
1,1.35107809454937,"H prefers majority","High type","high_m_above","region_polygon"
1,1.34568322305151,"H prefers majority","High type","high_m_above","region_polygon"
1,1.34028835155364,"H prefers majority","High type","high_m_above","region_polygon"
1,1.33489348005578,"H prefers majority","High type","high_m_above","region_polygon"
1,1.32949860855792,"H prefers majority","High type","high_m_above","region_polygon"
1,1.32410373706005,"H prefers majority","High type","high_m_above","region_polygon"
1,1.31870886556219,"H prefers majority","High type","high_m_above","region_polygon"
1,1.31331399406433,"H prefers majority","High type","high_m_above","region_polygon"
1,1.30791912256647,"H prefers majority","High type","high_m_above","region_polygon"
1,1.3025242510686,"H prefers majority","High type","high_m_above","region_polygon"
5.000025000125e-06,4e-05,"nu_star","Low type",,"analytic_frontier"
0.00100599100083602,0.00803984,"nu_star","Low type",,"analytic_frontier"
0.00200898794046111,0.01603968,"nu_star","Low type",,"analytic_frontier"
0.00301399687978394,0.02403952,"nu_star","Low type",,"analytic_frontier"
0.0040210238789533,0.03203936,"nu_star","Low type",,"analytic_frontier"
0.00503007502248001,0.0400392,"nu_star","Low type",,"analytic_frontier"
0.00604115641935948,0.04803904,"nu_star","Low type",,"analytic_frontier"
0.00705427420319499,0.05603888,"nu_star","Low type",,"analytic_frontier"
0.00806943453232171,0.06403872,"nu_star","Low type",,"analytic_frontier"
0.00908664358993149,0.07203856,"nu_star","Low type",,"analytic_frontier"
0.0101059075841984,0.0800384,"nu_star","Low type",,"analytic_frontier"
0.011127232748405,0.08803824,"nu_star","Low type",,"analytic_frontier"
0.0121506253410695,0.09603808,"nu_star","Low type",,"analytic_frontier"
0.0131760916460734,0.10403792,"nu_star","Low type",,"analytic_frontier"
0.0142036379727903,0.11203776,"nu_star","Low type",,"analytic_frontier"
0.0152332706562153,0.1200376,"nu_star","Low type",,"analytic_frontier"
0.0162649960570951,0.12803744,"nu_star","Low type",,"analytic_frontier"
0.0172988205620588,0.13603728,"nu_star","Low type",,"analytic_frontier"
0.0183347505837502,0.14403712,"nu_star","Low type",,"analytic_frontier"
0.0193727925609599,0.15203696,"nu_star","Low type",,"analytic_frontier"
0.0204129529587588,0.1600368,"nu_star","Low type",,"analytic_frontier"
0.0214552382686326,0.16803664,"nu_star","Low type",,"analytic_frontier"
0.0224996550086164,0.17603648,"nu_star","Low type",,"analytic_frontier"
0.0235462097234311,0.18403632,"nu_star","Low type",,"analytic_frontier"
0.0245949089846195,0.19203616,"nu_star","Low type",,"analytic_frontier"
0.0256457593906844,0.200036,"nu_star","Low type",,"analytic_frontier"
0.0266987675672266,0.20803584,"nu_star","Low type",,"analytic_frontier"
0.0277539401670844,0.21603568,"nu_star","Low type",,"analytic_frontier"
0.0288112838704737,0.22403552,"nu_star","Low type",,"analytic_frontier"
0.0298708053851285,0.23203536,"nu_star","Low type",,"analytic_frontier"
0.0309325114464437,0.2400352,"nu_star","Low type",,"analytic_frontier"
0.0319964088176167,0.24803504,"nu_star","Low type",,"analytic_frontier"
0.033062504289792,0.25603488,"nu_star","Low type",,"analytic_frontier"
0.0341308046822051,0.26403472,"nu_star","Low type",,"analytic_frontier"
0.0352013168423279,0.27203456,"nu_star","Low type",,"analytic_frontier"
0.0362740476460154,0.2800344,"nu_star","Low type",,"analytic_frontier"
0.0373490039976526,0.28803424,"nu_star","Low type",,"analytic_frontier"
0.0384261928303027,0.29603408,"nu_star","Low type",,"analytic_frontier"
0.039505621105856,0.30403392,"nu_star","Low type",,"analytic_frontier"
0.0405872958151804,0.31203376,"nu_star","Low type",,"analytic_frontier"
0.0416712239782716,0.3200336,"nu_star","Low type",,"analytic_frontier"
0.0427574126444055,0.32803344,"nu_star","Low type",,"analytic_frontier"
0.0438458688922908,0.33603328,"nu_star","Low type",,"analytic_frontier"
0.0449365998302229,0.34403312,"nu_star","Low type",,"analytic_frontier"
0.0460296125962384,0.35203296,"nu_star","Low type",,"analytic_frontier"
0.0471249143582711,0.3600328,"nu_star","Low type",,"analytic_frontier"
0.0482225123143084,0.36803264,"nu_star","Low type",,"analytic_frontier"
0.0493224136925494,0.37603248,"nu_star","Low type",,"analytic_frontier"
0.0504246257515631,0.38403232,"nu_star","Low type",,"analytic_frontier"
0.0515291557804482,0.39203216,"nu_star","Low type",,"analytic_frontier"
0.0526360110989941,0.400032,"nu_star","Low type",,"analytic_frontier"
0.0537451990578422,0.40803184,"nu_star","Low type",,"analytic_frontier"
0.0548567270386488,0.41603168,"nu_star","Low type",,"analytic_frontier"
0.0559706024542489,0.42403152,"nu_star","Low type",,"analytic_frontier"
0.0570868327488207,0.43203136,"nu_star","Low type",,"analytic_frontier"
0.0582054253980519,0.4400312,"nu_star","Low type",,"analytic_frontier"
0.0593263879093062,0.44803104,"nu_star","Low type",,"analytic_frontier"
0.0604497278217915,0.45603088,"nu_star","Low type",,"analytic_frontier"
0.0615754527067287,0.46403072,"nu_star","Low type",,"analytic_frontier"
0.0627035701675218,0.47203056,"nu_star","Low type",,"analytic_frontier"
0.0638340878399296,0.4800304,"nu_star","Low type",,"analytic_frontier"
0.0649670133922371,0.48803024,"nu_star","Low type",,"analytic_frontier"
0.0661023545254297,0.49603008,"nu_star","Low type",,"analytic_frontier"
0.0672401189733671,0.50402992,"nu_star","Low type",,"analytic_frontier"
0.0683803145029594,0.51202976,"nu_star","Low type",,"analytic_frontier"
0.0695229489143433,0.5200296,"nu_star","Low type",,"analytic_frontier"
0.0706680300410606,0.52802944,"nu_star","Low type",,"analytic_frontier"
0.0718155657502365,0.53602928,"nu_star","Low type",,"analytic_frontier"
0.0729655639427605,0.54402912,"nu_star","Low type",,"analytic_frontier"
0.0741180325534671,0.55202896,"nu_star","Low type",,"analytic_frontier"
0.0752729795513187,0.5600288,"nu_star","Low type",,"analytic_frontier"
0.0764304129395892,0.56802864,"nu_star","Low type",,"analytic_frontier"
0.0775903407560486,0.57602848,"nu_star","Low type",,"analytic_frontier"
0.0787527710731495,0.58402832,"nu_star","Low type",,"analytic_frontier"
0.0799177119982141,0.59202816,"nu_star","Low type",,"analytic_frontier"
0.0810851716736226,0.600028,"nu_star","Low type",,"analytic_frontier"
0.082255158277003,0.60802784,"nu_star","Low type",,"analytic_frontier"
0.0834276800214224,0.61602768,"nu_star","Low type",,"analytic_frontier"
0.0846027451555785,0.62402752,"nu_star","Low type",,"analytic_frontier"
0.0857803619639934,0.63202736,"nu_star","Low type",,"analytic_frontier"
0.0869605387672085,0.6400272,"nu_star","Low type",,"analytic_frontier"
0.0881432839219801,0.64802704,"nu_star","Low type",,"analytic_frontier"
0.0893286058214767,0.65602688,"nu_star","Low type",,"analytic_frontier"
0.0905165128954777,0.66402672,"nu_star","Low type",,"analytic_frontier"
0.0917070136105734,0.67202656,"nu_star","Low type",,"analytic_frontier"
0.0929001164703654,0.6800264,"nu_star","Low type",,"analytic_frontier"
0.0940958300156701,0.68802624,"nu_star","Low type",,"analytic_frontier"
0.0952941628247216,0.69602608,"nu_star","Low type",,"analytic_frontier"
0.0964951235133774,0.70402592,"nu_star","Low type",,"analytic_frontier"
0.0976987207353247,0.71202576,"nu_star","Low type",,"analytic_frontier"
0.0989049631822881,0.7200256,"nu_star","Low type",,"analytic_frontier"
0.100113859584239,0.72802544,"nu_star","Low type",,"analytic_frontier"
0.101325418709607,0.73602528,"nu_star","Low type",,"analytic_frontier"
0.10253964936549,0.74402512,"nu_star","Low type",,"analytic_frontier"
0.103756560397868,0.75202496,"nu_star","Low type",,"analytic_frontier"
0.104976160691821,0.7600248,"nu_star","Low type",,"analytic_frontier"
0.106198459171741,0.76802464,"nu_star","Low type",,"analytic_frontier"
0.107423464801553,0.77602448,"nu_star","Low type",,"analytic_frontier"
0.10865118658493,0.78402432,"nu_star","Low type",,"analytic_frontier"
0.10988163356552,0.79202416,"nu_star","Low type",,"analytic_frontier"
0.111114814827161,0.800024,"nu_star","Low type",,"analytic_frontier"
0.112350739494109,0.80802384,"nu_star","Low type",,"analytic_frontier"
0.113589416731262,0.81602368,"nu_star","Low type",,"analytic_frontier"
0.114830855744388,0.82402352,"nu_star","Low type",,"analytic_frontier"
0.116075065780348,0.83202336,"nu_star","Low type",,"analytic_frontier"
0.117322056127333,0.8400232,"nu_star","Low type",,"analytic_frontier"
0.118571836115087,0.84802304,"nu_star","Low type",,"analytic_frontier"
0.119824415115148,0.85602288,"nu_star","Low type",,"analytic_frontier"
0.121079802541075,0.86402272,"nu_star","Low type",,"analytic_frontier"
0.122338007848689,0.87202256,"nu_star","Low type",,"analytic_frontier"
0.123599040536307,0.8800224,"nu_star","Low type",,"analytic_frontier"
0.124862910144983,0.88802224,"nu_star","Low type",,"analytic_frontier"
0.126129626258748,0.89602208,"nu_star","Low type",,"analytic_frontier"
0.127399198504852,0.90402192,"nu_star","Low type",,"analytic_frontier"
0.128671636554008,0.91202176,"nu_star","Low type",,"analytic_frontier"
0.129946950120639,0.9200216,"nu_star","Low type",,"analytic_frontier"
0.131225148963121,0.92802144,"nu_star","Low type",,"analytic_frontier"
0.132506242884039,0.93602128,"nu_star","Low type",,"analytic_frontier"
0.133790241730429,0.94402112,"nu_star","Low type",,"analytic_frontier"
0.135077155394038,0.95202096,"nu_star","Low type",,"analytic_frontier"
0.136366993811573,0.9600208,"nu_star","Low type",,"analytic_frontier"
0.137659766964959,0.96802064,"nu_star","Low type",,"analytic_frontier"
0.138955484881596,0.97602048,"nu_star","Low type",,"analytic_frontier"
0.140254157634618,0.98402032,"nu_star","Low type",,"analytic_frontier"
0.141555795343156,0.99202016,"nu_star","Low type",,"analytic_frontier"
0.142860408172595,1.00002,"nu_star","Low type",,"analytic_frontier"
0.144168006334846,1.00801984,"nu_star","Low type",,"analytic_frontier"
0.14547860008861,1.01601968,"nu_star","Low type",,"analytic_frontier"
0.146792199739641,1.02401952,"nu_star","Low type",,"analytic_frontier"
0.148108815641026,1.03201936,"nu_star","Low type",,"analytic_frontier"
0.149428458193448,1.0400192,"nu_star","Low type",,"analytic_frontier"
0.150751137845464,1.04801904,"nu_star","Low type",,"analytic_frontier"
0.152076865093781,1.05601888,"nu_star","Low type",,"analytic_frontier"
0.153405650483532,1.06401872,"nu_star","Low type",,"analytic_frontier"
0.154737504608557,1.07201856,"nu_star","Low type",,"analytic_frontier"
0.156072438111685,1.0800184,"nu_star","Low type",,"analytic_frontier"
0.157410461685015,1.08801824,"nu_star","Low type",,"analytic_frontier"
0.158751586070202,1.09601808,"nu_star","Low type",,"analytic_frontier"
0.160095822058749,1.10401792,"nu_star","Low type",,"analytic_frontier"
0.161443180492289,1.11201776,"nu_star","Low type",,"analytic_frontier"
0.162793672262883,1.1200176,"nu_star","Low type",,"analytic_frontier"
0.164147308313309,1.12801744,"nu_star","Low type",,"analytic_frontier"
0.16550409963736,1.13601728,"nu_star","Low type",,"analytic_frontier"
0.166864057280143,1.14401712,"nu_star","Low type",,"analytic_frontier"
0.168227192338374,1.15201696,"nu_star","Low type",,"analytic_frontier"
0.169593515960683,1.1600168,"nu_star","Low type",,"analytic_frontier"
0.170963039347918,1.16801664,"nu_star","Low type",,"analytic_frontier"
0.172335773753451,1.17601648,"nu_star","Low type",,"analytic_frontier"
0.173711730483486,1.18401632,"nu_star","Low type",,"analytic_frontier"
0.175090920897368,1.19201616,"nu_star","Low type",,"analytic_frontier"
0.176473356407897,1.200016,"nu_star","Low type",,"analytic_frontier"
0.177859048481644,1.20801584,"nu_star","Low type",,"analytic_frontier"
0.179248008639265,1.21601568,"nu_star","Low type",,"analytic_frontier"
0.180640248455823,1.22401552,"nu_star","Low type",,"analytic_frontier"
0.182035779561107,1.23201536,"nu_star","Low type",,"analytic_frontier"
0.18343461363996,1.2400152,"nu_star","Low type",,"analytic_frontier"
0.184836762432599,1.24801504,"nu_star","Low type",,"analytic_frontier"
0.186242237734949,1.25601488,"nu_star","Low type",,"analytic_frontier"
0.187651051398972,1.26401472,"nu_star","Low type",,"analytic_frontier"
0.189063215332999,1.27201456,"nu_star","Low type",,"analytic_frontier"
0.190478741502065,1.2800144,"nu_star","Low type",,"analytic_frontier"
0.191897641928251,1.28801424,"nu_star","Low type",,"analytic_frontier"
0.19331992869102,1.29601408,"nu_star","Low type",,"analytic_frontier"
0.194745613927561,1.30401392,"nu_star","Low type",,"analytic_frontier"
0.196174709833135,1.31201376,"nu_star","Low type",,"analytic_frontier"
0.197607228661424,1.3200136,"nu_star","Low type",,"analytic_frontier"
0.199043182724877,1.32801344,"nu_star","Low type",,"analytic_frontier"
0.200482584395066,1.33601328,"nu_star","Low type",,"analytic_frontier"
0.201925446103043,1.34401312,"nu_star","Low type",,"analytic_frontier"
0.203371780339692,1.35201296,"nu_star","Low type",,"analytic_frontier"
0.204821599656096,1.3600128,"nu_star","Low type",,"analytic_frontier"
0.206274916663894,1.36801264,"nu_star","Low type",,"analytic_frontier"
0.207731744035653,1.37601248,"nu_star","Low type",,"analytic_frontier"
0.20919209450523,1.38401232,"nu_star","Low type",,"analytic_frontier"
0.210655980868149,1.39201216,"nu_star","Low type",,"analytic_frontier"
0.212123415981968,1.400012,"nu_star","Low type",,"analytic_frontier"
0.213594412766664,1.40801184,"nu_star","Low type",,"analytic_frontier"
0.215068984205002,1.41601168,"nu_star","Low type",,"analytic_frontier"
0.216547143342928,1.42401152,"nu_star","Low type",,"analytic_frontier"
0.218028903289942,1.43201136,"nu_star","Low type",,"analytic_frontier"
0.219514277219498,1.4400112,"nu_star","Low type",,"analytic_frontier"
0.221003278369382,1.44801104,"nu_star","Low type",,"analytic_frontier"
0.222495920042116,1.45601088,"nu_star","Low type",,"analytic_frontier"
0.223992215605348,1.46401072,"nu_star","Low type",,"analytic_frontier"
0.22549217849225,1.47201056,"nu_star","Low type",,"analytic_frontier"
0.226995822201925,1.4800104,"nu_star","Low type",,"analytic_frontier"
0.22850316029981,1.48801024,"nu_star","Low type",,"analytic_frontier"
0.230014206418081,1.49601008,"nu_star","Low type",,"analytic_frontier"
0.231528974256069,1.50400992,"nu_star","Low type",,"analytic_frontier"
0.233047477580669,1.51200976,"nu_star","Low type",,"analytic_frontier"
0.234569730226761,1.5200096,"nu_star","Low type",,"analytic_frontier"
0.236095746097627,1.52800944,"nu_star","Low type",,"analytic_frontier"
0.237625539165378,1.53600928,"nu_star","Low type",,"analytic_frontier"
0.239159123471376,1.54400912,"nu_star","Low type",,"analytic_frontier"
0.240696513126668,1.55200896,"nu_star","Low type",,"analytic_frontier"
0.242237722312416,1.5600088,"nu_star","Low type",,"analytic_frontier"
0.243782765280332,1.56800864,"nu_star","Low type",,"analytic_frontier"
0.24533165635312,1.57600848,"nu_star","Low type",,"analytic_frontier"
0.246884409924921,1.58400832,"nu_star","Low type",,"analytic_frontier"
0.248441040461749,1.59200816,"nu_star","Low type",,"analytic_frontier"
0.250001562501953,1.600008,"nu_star","Low type",,"analytic_frontier"
0.251565990656659,1.60800784,"nu_star","Low type",,"analytic_frontier"
0.253134339610233,1.61600768,"nu_star","Low type",,"analytic_frontier"
0.254706624120736,1.62400752,"nu_star","Low type",,"analytic_frontier"
0.25628285902039,1.63200736,"nu_star","Low type",,"analytic_frontier"
0.257863059216042,1.6400072,"nu_star","Low type",,"analytic_frontier"
0.259447239689636,1.64800704,"nu_star","Low type",,"analytic_frontier"
0.261035415498685,1.65600688,"nu_star","Low type",,"analytic_frontier"
0.262627601776749,1.66400672,"nu_star","Low type",,"analytic_frontier"
0.264223813733916,1.67200656,"nu_star","Low type",,"analytic_frontier"
0.265824066657283,1.6800064,"nu_star","Low type",,"analytic_frontier"
0.267428375911449,1.68800624,"nu_star","Low type",,"analytic_frontier"
0.269036756939004,1.69600608,"nu_star","Low type",,"analytic_frontier"
0.270649225261025,1.70400592,"nu_star","Low type",,"analytic_frontier"
0.272265796477574,1.71200576,"nu_star","Low type",,"analytic_frontier"
0.273886486268204,1.7200056,"nu_star","Low type",,"analytic_frontier"
0.275511310392463,1.72800544,"nu_star","Low type",,"analytic_frontier"
0.277140284690406,1.73600528,"nu_star","Low type",,"analytic_frontier"
0.27877342508311,1.74400512,"nu_star","Low type",,"analytic_frontier"
0.280410747573193,1.75200496,"nu_star","Low type",,"analytic_frontier"
0.282052268245335,1.7600048,"nu_star","Low type",,"analytic_frontier"
0.283698003266806,1.76800464,"nu_star","Low type",,"analytic_frontier"
0.285347968887998,1.77600448,"nu_star","Low type",,"analytic_frontier"
0.287002181442958,1.78400432,"nu_star","Low type",,"analytic_frontier"
0.288660657349925,1.79200416,"nu_star","Low type",,"analytic_frontier"
0.29032341311188,1.800004,"nu_star","Low type",,"analytic_frontier"
0.291990465317085,1.80800384,"nu_star","Low type",,"analytic_frontier"
0.293661830639641,1.81600368,"nu_star","Low type",,"analytic_frontier"
0.295337525840041,1.82400352,"nu_star","Low type",,"analytic_frontier"
0.297017567765731,1.83200336,"nu_star","Low type",,"analytic_frontier"
0.298701973351675,1.8400032,"nu_star","Low type",,"analytic_frontier"
0.300390759620922,1.84800304,"nu_star","Low type",,"analytic_frontier"
0.302083943685182,1.85600288,"nu_star","Low type",,"analytic_frontier"
0.303781542745404,1.86400272,"nu_star","Low type",,"analytic_frontier"
0.305483574092355,1.87200256,"nu_star","Low type",,"analytic_frontier"
0.307190055107211,1.8800024,"nu_star","Low type",,"analytic_frontier"
0.308901003262148,1.88800224,"nu_star","Low type",,"analytic_frontier"
0.310616436120935,1.89600208,"nu_star","Low type",,"analytic_frontier"
0.31233637133954,1.90400192,"nu_star","Low type",,"analytic_frontier"
0.31406082666673,1.91200176,"nu_star","Low type",,"analytic_frontier"
0.315789819944689,1.9200016,"nu_star","Low type",,"analytic_frontier"
0.317523369109626,1.92800144,"nu_star","Low type",,"analytic_frontier"
0.319261492192399,1.93600128,"nu_star","Low type",,"analytic_frontier"
0.32100420731914,1.94400112,"nu_star","Low type",,"analytic_frontier"
0.322751532711884,1.95200096,"nu_star","Low type",,"analytic_frontier"
0.324503486689204,1.9600008,"nu_star","Low type",,"analytic_frontier"
0.326260087666853,1.96800064,"nu_star","Low type",,"analytic_frontier"
0.328021354158408,1.97600048,"nu_star","Low type",,"analytic_frontier"
0.32978730477592,1.98400032,"nu_star","Low type",,"analytic_frontier"
0.331557958230571,1.99200016,"nu_star","Low type",,"analytic_frontier"
0.333333333333333,2,"nu_star","Low type",,"analytic_frontier"
0.335113448995636,2.00799984,"nu_star","Low type",,"analytic_frontier"
0.336898324230036,2.01599968,"nu_star","Low type",,"analytic_frontier"
0.338687978150899,2.02399952,"nu_star","Low type",,"analytic_frontier"
0.340482429975075,2.03199936,"nu_star","Low type",,"analytic_frontier"
0.342281699022591,2.0399992,"nu_star","Low type",,"analytic_frontier"
0.344085804717343,2.04799904,"nu_star","Low type",,"analytic_frontier"
0.345894766587796,2.05599888,"nu_star","Low type",,"analytic_frontier"
0.347708604267687,2.06399872,"nu_star","Low type",,"analytic_frontier"
0.349527337496733,2.07199856,"nu_star","Low type",,"analytic_frontier"
0.351350986121355,2.0799984,"nu_star","Low type",,"analytic_frontier"
0.353179570095392,2.08799824,"nu_star","Low type",,"analytic_frontier"
0.355013109480832,2.09599808,"nu_star","Low type",,"analytic_frontier"
0.356851624448545,2.10399792,"nu_star","Low type",,"analytic_frontier"
0.358695135279025,2.11199776,"nu_star","Low type",,"analytic_frontier"
0.360543662363131,2.1199976,"nu_star","Low type",,"analytic_frontier"
0.362397226202844,2.12799744,"nu_star","Low type",,"analytic_frontier"
0.364255847412022,2.13599728,"nu_star","Low type",,"analytic_frontier"
0.366119546717163,2.14399712,"nu_star","Low type",,"analytic_frontier"
0.367988344958179,2.15199696,"nu_star","Low type",,"analytic_frontier"
0.369862263089171,2.1599968,"nu_star","Low type",,"analytic_frontier"
0.371741322179211,2.16799664,"nu_star","Low type",,"analytic_frontier"
0.373625543413133,2.17599648,"nu_star","Low type",,"analytic_frontier"
0.37551494809233,2.18399632,"nu_star","Low type",,"analytic_frontier"
0.377409557635554,2.19199616,"nu_star","Low type",,"analytic_frontier"
0.379309393579729,2.199996,"nu_star","Low type",,"analytic_frontier"
0.381214477580762,2.20799584,"nu_star","Low type",,"analytic_frontier"
0.383124831414372,2.21599568,"nu_star","Low type",,"analytic_frontier"
0.385040476976915,2.22399552,"nu_star","Low type",,"analytic_frontier"
0.386961436286223,2.23199536,"nu_star","Low type",,"analytic_frontier"
0.388887731482446,2.2399952,"nu_star","Low type",,"analytic_frontier"
0.390819384828903,2.24799504,"nu_star","Low type",,"analytic_frontier"
0.392756418712942,2.25599488,"nu_star","Low type",,"analytic_frontier"
0.3946988556468,2.26399472,"nu_star","Low type",,"analytic_frontier"
0.39664671826848,2.27199456,"nu_star","Low type",,"analytic_frontier"
0.398600029342629,2.2799944,"nu_star","Low type",,"analytic_frontier"
0.400558811761422,2.28799424,"nu_star","Low type",,"analytic_frontier"
0.402523088545462,2.29599408,"nu_star","Low type",,"analytic_frontier"
0.404492882844676,2.30399392,"nu_star","Low type",,"analytic_frontier"
0.406468217939226,2.31199376,"nu_star","Low type",,"analytic_frontier"
0.408449117240431,2.3199936,"nu_star","Low type",,"analytic_frontier"
0.410435604291685,2.32799344,"nu_star","Low type",,"analytic_frontier"
0.412427702769392,2.33599328,"nu_star","Low type",,"analytic_frontier"
0.41442543648391,2.34399312,"nu_star","Low type",,"analytic_frontier"
0.416428829380496,2.35199296,"nu_star","Low type",,"analytic_frontier"
0.418437905540263,2.3599928,"nu_star","Low type",,"analytic_frontier"
0.420452689181145,2.36799264,"nu_star","Low type",,"analytic_frontier"
0.422473204658873,2.37599248,"nu_star","Low type",,"analytic_frontier"
0.424499476467952,2.38399232,"nu_star","Low type",,"analytic_frontier"
0.426531529242655,2.39199216,"nu_star","Low type",,"analytic_frontier"
0.428569387758018,2.399992,"nu_star","Low type",,"analytic_frontier"
0.430613076930846,2.40799184,"nu_star","Low type",,"analytic_frontier"
0.432662621820735,2.41599168,"nu_star","Low type",,"analytic_frontier"
0.43471804763109,2.42399152,"nu_star","Low type",,"analytic_frontier"
0.436779379710158,2.43199136,"nu_star","Low type",,"analytic_frontier"
0.438846643552075,2.4399912,"nu_star","Low type",,"analytic_frontier"
0.440919864797913,2.44799104,"nu_star","Low type",,"analytic_frontier"
0.44299906923674,2.45599088,"nu_star","Low type",,"analytic_frontier"
0.445084282806694,2.46399072,"nu_star","Low type",,"analytic_frontier"
0.447175531596053,2.47199056,"nu_star","Low type",,"analytic_frontier"
0.449272841844333,2.4799904,"nu_star","Low type",,"analytic_frontier"
0.451376239943378,2.48799024,"nu_star","Low type",,"analytic_frontier"
0.45348575243847,2.49599008,"nu_star","Low type",,"analytic_frontier"
0.455601406029445,2.50398992,"nu_star","Low type",,"analytic_frontier"
0.45772322757182,2.51198976,"nu_star","Low type",,"analytic_frontier"
0.459851244077931,2.5199896,"nu_star","Low type",,"analytic_frontier"
0.461985482718074,2.52798944,"nu_star","Low type",,"analytic_frontier"
0.464125970821668,2.53598928,"nu_star","Low type",,"analytic_frontier"
0.466272735878415,2.54398912,"nu_star","Low type",,"analytic_frontier"
0.468425805539484,2.55198896,"nu_star","Low type",,"analytic_frontier"
0.47058520761869,2.5599888,"nu_star","Low type",,"analytic_frontier"
0.4727509700937,2.56798864,"nu_star","Low type",,"analytic_frontier"
0.474923121107236,2.57598848,"nu_star","Low type",,"analytic_frontier"
0.477101688968293,2.58398832,"nu_star","Low type",,"analytic_frontier"
0.479286702153374,2.59198816,"nu_star","Low type",,"analytic_frontier"
0.481478189307727,2.599988,"nu_star","Low type",,"analytic_frontier"
0.483676179246599,2.60798784,"nu_star","Low type",,"analytic_frontier"
0.485880700956494,2.61598768,"nu_star","Low type",,"analytic_frontier"
0.488091783596455,2.62398752,"nu_star","Low type",,"analytic_frontier"
0.490309456499342,2.63198736,"nu_star","Low type",,"analytic_frontier"
0.492533749173136,2.6399872,"nu_star","Low type",,"analytic_frontier"
0.494764691302242,2.64798704,"nu_star","Low type",,"analytic_frontier"
0.497002312748813,2.65598688,"nu_star","Low type",,"analytic_frontier"
0.499246643554081,2.66398672,"nu_star","Low type",,"analytic_frontier"
0.501497713939701,2.67198656,"nu_star","Low type",,"analytic_frontier"
0.503755554309109,2.6799864,"nu_star","Low type",,"analytic_frontier"
0.506020195248892,2.68798624,"nu_star","Low type",,"analytic_frontier"
0.508291667530164,2.69598608,"nu_star","Low type",,"analytic_frontier"
0.510570002109964,2.70398592,"nu_star","Low type",,"analytic_frontier"
0.512855230132663,2.71198576,"nu_star","Low type",,"analytic_frontier"
0.51514738293138,2.7199856,"nu_star","Low type",,"analytic_frontier"
0.517446492029415,2.72798544,"nu_star","Low type",,"analytic_frontier"
0.519752589141696,2.73598528,"nu_star","Low type",,"analytic_frontier"
0.522065706176235,2.74398512,"nu_star","Low type",,"analytic_frontier"
0.524385875235601,2.75198496,"nu_star","Low type",,"analytic_frontier"
0.526713128618406,2.7599848,"nu_star","Low type",,"analytic_frontier"
0.529047498820799,2.76798464,"nu_star","Low type",,"analytic_frontier"
0.531389018537985,2.77598448,"nu_star","Low type",,"analytic_frontier"
0.533737720665748,2.78398432,"nu_star","Low type",,"analytic_frontier"
0.536093638301991,2.79198416,"nu_star","Low type",,"analytic_frontier"
0.538456804748293,2.799984,"nu_star","Low type",,"analytic_frontier"
0.540827253511476,2.80798384,"nu_star","Low type",,"analytic_frontier"
0.543205018305189,2.81598368,"nu_star","Low type",,"analytic_frontier"
0.545590133051508,2.82398352,"nu_star","Low type",,"analytic_frontier"
0.547982631882548,2.83198336,"nu_star","Low type",,"analytic_frontier"
0.550382549142088,2.8399832,"nu_star","Low type",,"analytic_frontier"
0.552789919387222,2.84798304,"nu_star","Low type",,"analytic_frontier"
0.55520477739001,2.85598288,"nu_star","Low type",,"analytic_frontier"
0.557627158139156,2.86398272,"nu_star","Low type",,"analytic_frontier"
0.560057096841699,2.87198256,"nu_star","Low type",,"analytic_frontier"
0.562494628924713,2.8799824,"nu_star","Low type",,"analytic_frontier"
0.564939790037036,2.88798224,"nu_star","Low type",,"analytic_frontier"
0.567392616051003,2.89598208,"nu_star","Low type",,"analytic_frontier"
0.569853143064202,2.90398192,"nu_star","Low type",,"analytic_frontier"
0.572321407401244,2.91198176,"nu_star","Low type",,"analytic_frontier"
0.574797445615551,2.9199816,"nu_star","Low type",,"analytic_frontier"
0.577281294491162,2.92798144,"nu_star","Low type",,"analytic_frontier"
0.579772991044551,2.93598128,"nu_star","Low type",,"analytic_frontier"
0.58227257252647,2.94398112,"nu_star","Low type",,"analytic_frontier"
0.584780076423801,2.95198096,"nu_star","Low type",,"analytic_frontier"
0.587295540461433,2.9599808,"nu_star","Low type",,"analytic_frontier"
0.589819002604155,2.96798064,"nu_star","Low type",,"analytic_frontier"
0.592350501058563,2.97598048,"nu_star","Low type",,"analytic_frontier"
0.594890074274988,2.98398032,"nu_star","Low type",,"analytic_frontier"
0.597437760949446,2.99198016,"nu_star","Low type",,"analytic_frontier"
0.5999936000256,2.99998,"nu_star","Low type",,"analytic_frontier"
0.602557630696748,3.00797984,"nu_star","Low type",,"analytic_frontier"
0.605129892407822,3.01597968,"nu_star","Low type",,"analytic_frontier"
0.607710424857415,3.02397952,"nu_star","Low type",,"analytic_frontier"
0.610299267999821,3.03197936,"nu_star","Low type",,"analytic_frontier"
0.612896462047095,3.0399792,"nu_star","Low type",,"analytic_frontier"
0.61550204747114,3.04797904,"nu_star","Low type",,"analytic_frontier"
0.618116065005806,3.05597888,"nu_star","Low type",,"analytic_frontier"
0.620738555649015,3.06397872,"nu_star","Low type",,"analytic_frontier"
0.623369560664898,3.07197856,"nu_star","Low type",,"analytic_frontier"
0.62600912158597,3.0799784,"nu_star","Low type",,"analytic_frontier"
0.628657280215306,3.08797824,"nu_star","Low type",,"analytic_frontier"
0.631314078628751,3.09597808,"nu_star","Low type",,"analytic_frontier"
0.633979559177151,3.10397792,"nu_star","Low type",,"analytic_frontier"
0.6366537644886,3.11197776,"nu_star","Low type",,"analytic_frontier"
0.639336737470713,3.1199776,"nu_star","Low type",,"analytic_frontier"
0.642028521312923,3.12797744,"nu_star","Low type",,"analytic_frontier"
0.644729159488795,3.13597728,"nu_star","Low type",,"analytic_frontier"
0.647438695758369,3.14397712,"nu_star","Low type",,"analytic_frontier"
0.650157174170526,3.15197696,"nu_star","Low type",,"analytic_frontier"
0.652884639065367,3.1599768,"nu_star","Low type",,"analytic_frontier"
0.655621135076632,3.16797664,"nu_star","Low type",,"analytic_frontier"
0.658366707134131,3.17597648,"nu_star","Low type",,"analytic_frontier"
0.661121400466204,3.18397632,"nu_star","Low type",,"analytic_frontier"
0.663885260602202,3.19197616,"nu_star","Low type",,"analytic_frontier"
0.666658333375,3.199976,"nu_star","Low type",,"analytic_frontier"
0.669440664923526,3.20797584,"nu_star","Low type",,"analytic_frontier"
0.672232301695322,3.21597568,"nu_star","Low type",,"analytic_frontier"
0.675033290449131,3.22397552,"nu_star","Low type",,"analytic_frontier"
0.677843678257502,3.23197536,"nu_star","Low type",,"analytic_frontier"
0.680663512509431,3.2399752,"nu_star","Low type",,"analytic_frontier"
0.683492840913024,3.24797504,"nu_star","Low type",,"analytic_frontier"
0.686331711498189,3.25597488,"nu_star","Low type",,"analytic_frontier"
0.689180172619349,3.26397472,"nu_star","Low type",,"analytic_frontier"
0.692038272958193,3.27197456,"nu_star","Low type",,"analytic_frontier"
0.694906061526446,3.2799744,"nu_star","Low type",,"analytic_frontier"
0.697783587668672,3.28797424,"nu_star","Low type",,"analytic_frontier"
0.700670901065103,3.29597408,"nu_star","Low type",,"analytic_frontier"
0.7035680517345,3.30397392,"nu_star","Low type",,"analytic_frontier"
0.706475090037039,3.31197376,"nu_star","Low type",,"analytic_frontier"
0.709392066677231,3.3199736,"nu_star","Low type",,"analytic_frontier"
0.712319032706869,3.32797344,"nu_star","Low type",,"analytic_frontier"
0.715256039528007,3.33597328,"nu_star","Low type",,"analytic_frontier"
0.718203138895968,3.34397312,"nu_star","Low type",,"analytic_frontier"
0.721160382922385,3.35197296,"nu_star","Low type",,"analytic_frontier"
0.724127824078273,3.3599728,"nu_star","Low type",,"analytic_frontier"
0.72710551519713,3.36797264,"nu_star","Low type",,"analytic_frontier"
0.730093509478075,3.37597248,"nu_star","Low type",,"analytic_frontier"
0.733091860489017,3.38397232,"nu_star","Low type",,"analytic_frontier"
0.736100622169852,3.39197216,"nu_star","Low type",,"analytic_frontier"
0.739119848835703,3.399972,"nu_star","Low type",,"analytic_frontier"
0.742149595180183,3.40797184,"nu_star","Low type",,"analytic_frontier"
0.745189916278702,3.41597168,"nu_star","Low type",,"analytic_frontier"
0.748240867591803,3.42397152,"nu_star","Low type",,"analytic_frontier"
0.751302504968533,3.43197136,"nu_star","Low type",,"analytic_frontier"
0.754374884649851,3.4399712,"nu_star","Low type",,"analytic_frontier"
0.757458063272076,3.44797104,"nu_star","Low type",,"analytic_frontier"
0.760552097870359,3.45597088,"nu_star","Low type",,"analytic_frontier"
0.763657045882208,3.46397072,"nu_star","Low type",,"analytic_frontier"
0.76677296515104,3.47197056,"nu_star","Low type",,"analytic_frontier"
0.769899913929767,3.4799704,"nu_star","Low type",,"analytic_frontier"
0.773037950884437,3.48797024,"nu_star","Low type",,"analytic_frontier"
0.776187135097895,3.49597008,"nu_star","Low type",,"analytic_frontier"
0.779347526073491,3.50396992,"nu_star","Low type",,"analytic_frontier"
0.782519183738833,3.51196976,"nu_star","Low type",,"analytic_frontier"
0.785702168449571,3.5199696,"nu_star","Low type",,"analytic_frontier"
0.788896540993226,3.52796944,"nu_star","Low type",,"analytic_frontier"
0.79210236259306,3.53596928,"nu_star","Low type",,"analytic_frontier"
0.795319694911989,3.54396912,"nu_star","Low type",,"analytic_frontier"
0.798548600056532,3.55196896,"nu_star","Low type",,"analytic_frontier"
0.801789140580814,3.5599688,"nu_star","Low type",,"analytic_frontier"
0.8050413794906,3.56796864,"nu_star","Low type",,"analytic_frontier"
0.808305380247381,3.57596848,"nu_star","Low type",,"analytic_frontier"
0.811581206772502,3.58396832,"nu_star","Low type",,"analytic_frontier"
0.814868923451334,3.59196816,"nu_star","Low type",,"analytic_frontier"
0.81816859513749,3.599968,"nu_star","Low type",,"analytic_frontier"
0.821480287157096,3.60796784,"nu_star","Low type",,"analytic_frontier"
0.824804065313095,3.61596768,"nu_star","Low type",,"analytic_frontier"
0.82813999588961,3.62396752,"nu_star","Low type",,"analytic_frontier"
0.831488145656348,3.63196736,"nu_star","Low type",,"analytic_frontier"
0.834848581873054,3.6399672,"nu_star","Low type",,"analytic_frontier"
0.838221372294019,3.64796704,"nu_star","Low type",,"analytic_frontier"
0.841606585172629,3.65596688,"nu_star","Low type",,"analytic_frontier"
0.845004289265972,3.66396672,"nu_star","Low type",,"analytic_frontier"
0.848414553839492,3.67196656,"nu_star","Low type",,"analytic_frontier"
0.851837448671696,3.6799664,"nu_star","Low type",,"analytic_frontier"
0.855273044058913,3.68796624,"nu_star","Low type",,"analytic_frontier"
0.858721410820108,3.69596608,"nu_star","Low type",,"analytic_frontier"
0.862182620301746,3.70396592,"nu_star","Low type",,"analytic_frontier"
0.865656744382713,3.71196576,"nu_star","Low type",,"analytic_frontier"
0.869143855479293,3.7199656,"nu_star","Low type",,"analytic_frontier"
0.872644026550197,3.72796544,"nu_star","Low type",,"analytic_frontier"
0.876157331101657,3.73596528,"nu_star","Low type",,"analytic_frontier"
0.879683843192563,3.74396512,"nu_star","Low type",,"analytic_frontier"
0.883223637439676,3.75196496,"nu_star","Low type",,"analytic_frontier"
0.886776789022884,3.7599648,"nu_star","Low type",,"analytic_frontier"
0.890343373690526,3.76796464,"nu_star","Low type",,"analytic_frontier"
0.893923467764779,3.77596448,"nu_star","Low type",,"analytic_frontier"
0.897517148147096,3.78396432,"nu_star","Low type",,"analytic_frontier"
0.901124492323716,3.79196416,"nu_star","Low type",,"analytic_frontier"
0.904745578371233,3.799964,"nu_star","Low type",,"analytic_frontier"
0.908380484962229,3.80796384,"nu_star","Low type",,"analytic_frontier"
0.91202929137097,3.81596368,"nu_star","Low type",,"analytic_frontier"
0.91569207747917,3.82396352,"nu_star","Low type",,"analytic_frontier"
0.919368923781822,3.83196336,"nu_star","Low type",,"analytic_frontier"
0.923059911393092,3.8399632,"nu_star","Low type",,"analytic_frontier"
0.926765122052285,3.84796304,"nu_star","Low type",,"analytic_frontier"
0.930484638129882,3.85596288,"nu_star","Low type",,"analytic_frontier"
0.934218542633639,3.86396272,"nu_star","Low type",,"analytic_frontier"
0.937966919214764,3.87196256,"nu_star","Low type",,"analytic_frontier"
0.941729852174165,3.8799624,"nu_star","Low type",,"analytic_frontier"
0.945507426468769,3.88796224,"nu_star","Low type",,"analytic_frontier"
0.949299727717916,3.89596208,"nu_star","Low type",,"analytic_frontier"
0.953106842209827,3.90396192,"nu_star","Low type",,"analytic_frontier"
0.956928856908149,3.91196176,"nu_star","Low type",,"analytic_frontier"
0.960765859458578,3.9199616,"nu_star","Low type",,"analytic_frontier"
0.964617938195556,3.92796144,"nu_star","Low type",,"analytic_frontier"
0.968485182149052,3.93596128,"nu_star","Low type",,"analytic_frontier"
0.972367681051421,3.94396112,"nu_star","Low type",,"analytic_frontier"
0.976265525344341,3.95196096,"nu_star","Low type",,"analytic_frontier"
0.980178806185841,3.9599608,"nu_star","Low type",,"analytic_frontier"
0.984107615457405,3.96796064,"nu_star","Low type",,"analytic_frontier"
0.988052045771161,3.97596048,"nu_star","Low type",,"analytic_frontier"
0.992012190477162,3.98396032,"nu_star","Low type",,"analytic_frontier"
0.995988143670748,3.99196016,"nu_star","Low type",,"analytic_frontier"
0.999980000199998,3.99996,"nu_star","Low type",,"analytic_frontier"
5.000025000125e-06,4e-05,"nu_star","High type",,"analytic_frontier"
0.00100599100083602,0.00803984,"nu_star","High type",,"analytic_frontier"
0.00200898794046111,0.01603968,"nu_star","High type",,"analytic_frontier"
0.00301399687978394,0.02403952,"nu_star","High type",,"analytic_frontier"
0.0040210238789533,0.03203936,"nu_star","High type",,"analytic_frontier"
0.00503007502248001,0.0400392,"nu_star","High type",,"analytic_frontier"
0.00604115641935948,0.04803904,"nu_star","High type",,"analytic_frontier"
0.00705427420319499,0.05603888,"nu_star","High type",,"analytic_frontier"
0.00806943453232171,0.06403872,"nu_star","High type",,"analytic_frontier"
0.00908664358993149,0.07203856,"nu_star","High type",,"analytic_frontier"
0.0101059075841984,0.0800384,"nu_star","High type",,"analytic_frontier"
0.011127232748405,0.08803824,"nu_star","High type",,"analytic_frontier"
0.0121506253410695,0.09603808,"nu_star","High type",,"analytic_frontier"
0.0131760916460734,0.10403792,"nu_star","High type",,"analytic_frontier"
0.0142036379727903,0.11203776,"nu_star","High type",,"analytic_frontier"
0.0152332706562153,0.1200376,"nu_star","High type",,"analytic_frontier"
0.0162649960570951,0.12803744,"nu_star","High type",,"analytic_frontier"
0.0172988205620588,0.13603728,"nu_star","High type",,"analytic_frontier"
0.0183347505837502,0.14403712,"nu_star","High type",,"analytic_frontier"
0.0193727925609599,0.15203696,"nu_star","High type",,"analytic_frontier"
0.0204129529587588,0.1600368,"nu_star","High type",,"analytic_frontier"
0.0214552382686326,0.16803664,"nu_star","High type",,"analytic_frontier"
0.0224996550086164,0.17603648,"nu_star","High type",,"analytic_frontier"
0.0235462097234311,0.18403632,"nu_star","High type",,"analytic_frontier"
0.0245949089846195,0.19203616,"nu_star","High type",,"analytic_frontier"
0.0256457593906844,0.200036,"nu_star","High type",,"analytic_frontier"
0.0266987675672266,0.20803584,"nu_star","High type",,"analytic_frontier"
0.0277539401670844,0.21603568,"nu_star","High type",,"analytic_frontier"
0.0288112838704737,0.22403552,"nu_star","High type",,"analytic_frontier"
0.0298708053851285,0.23203536,"nu_star","High type",,"analytic_frontier"
0.0309325114464437,0.2400352,"nu_star","High type",,"analytic_frontier"
0.0319964088176167,0.24803504,"nu_star","High type",,"analytic_frontier"
0.033062504289792,0.25603488,"nu_star","High type",,"analytic_frontier"
0.0341308046822051,0.26403472,"nu_star","High type",,"analytic_frontier"
0.0352013168423279,0.27203456,"nu_star","High type",,"analytic_frontier"
0.0362740476460154,0.2800344,"nu_star","High type",,"analytic_frontier"
0.0373490039976526,0.28803424,"nu_star","High type",,"analytic_frontier"
0.0384261928303027,0.29603408,"nu_star","High type",,"analytic_frontier"
0.039505621105856,0.30403392,"nu_star","High type",,"analytic_frontier"
0.0405872958151804,0.31203376,"nu_star","High type",,"analytic_frontier"
0.0416712239782716,0.3200336,"nu_star","High type",,"analytic_frontier"
0.0427574126444055,0.32803344,"nu_star","High type",,"analytic_frontier"
0.0438458688922908,0.33603328,"nu_star","High type",,"analytic_frontier"
0.0449365998302229,0.34403312,"nu_star","High type",,"analytic_frontier"
0.0460296125962384,0.35203296,"nu_star","High type",,"analytic_frontier"
0.0471249143582711,0.3600328,"nu_star","High type",,"analytic_frontier"
0.0482225123143084,0.36803264,"nu_star","High type",,"analytic_frontier"
0.0493224136925494,0.37603248,"nu_star","High type",,"analytic_frontier"
0.0504246257515631,0.38403232,"nu_star","High type",,"analytic_frontier"
0.0515291557804482,0.39203216,"nu_star","High type",,"analytic_frontier"
0.0526360110989941,0.400032,"nu_star","High type",,"analytic_frontier"
0.0537451990578422,0.40803184,"nu_star","High type",,"analytic_frontier"
0.0548567270386488,0.41603168,"nu_star","High type",,"analytic_frontier"
0.0559706024542489,0.42403152,"nu_star","High type",,"analytic_frontier"
0.0570868327488207,0.43203136,"nu_star","High type",,"analytic_frontier"
0.0582054253980519,0.4400312,"nu_star","High type",,"analytic_frontier"
0.0593263879093062,0.44803104,"nu_star","High type",,"analytic_frontier"
0.0604497278217915,0.45603088,"nu_star","High type",,"analytic_frontier"
0.0615754527067287,0.46403072,"nu_star","High type",,"analytic_frontier"
0.0627035701675218,0.47203056,"nu_star","High type",,"analytic_frontier"
0.0638340878399296,0.4800304,"nu_star","High type",,"analytic_frontier"
0.0649670133922371,0.48803024,"nu_star","High type",,"analytic_frontier"
0.0661023545254297,0.49603008,"nu_star","High type",,"analytic_frontier"
0.0672401189733671,0.50402992,"nu_star","High type",,"analytic_frontier"
0.0683803145029594,0.51202976,"nu_star","High type",,"analytic_frontier"
0.0695229489143433,0.5200296,"nu_star","High type",,"analytic_frontier"
0.0706680300410606,0.52802944,"nu_star","High type",,"analytic_frontier"
0.0718155657502365,0.53602928,"nu_star","High type",,"analytic_frontier"
0.0729655639427605,0.54402912,"nu_star","High type",,"analytic_frontier"
0.0741180325534671,0.55202896,"nu_star","High type",,"analytic_frontier"
0.0752729795513187,0.5600288,"nu_star","High type",,"analytic_frontier"
0.0764304129395892,0.56802864,"nu_star","High type",,"analytic_frontier"
0.0775903407560486,0.57602848,"nu_star","High type",,"analytic_frontier"
0.0787527710731495,0.58402832,"nu_star","High type",,"analytic_frontier"
0.0799177119982141,0.59202816,"nu_star","High type",,"analytic_frontier"
0.0810851716736226,0.600028,"nu_star","High type",,"analytic_frontier"
0.082255158277003,0.60802784,"nu_star","High type",,"analytic_frontier"
0.0834276800214224,0.61602768,"nu_star","High type",,"analytic_frontier"
0.0846027451555785,0.62402752,"nu_star","High type",,"analytic_frontier"
0.0857803619639934,0.63202736,"nu_star","High type",,"analytic_frontier"
0.0869605387672085,0.6400272,"nu_star","High type",,"analytic_frontier"
0.0881432839219801,0.64802704,"nu_star","High type",,"analytic_frontier"
0.0893286058214767,0.65602688,"nu_star","High type",,"analytic_frontier"
0.0905165128954777,0.66402672,"nu_star","High type",,"analytic_frontier"
0.0917070136105734,0.67202656,"nu_star","High type",,"analytic_frontier"
0.0929001164703654,0.6800264,"nu_star","High type",,"analytic_frontier"
0.0940958300156701,0.68802624,"nu_star","High type",,"analytic_frontier"
0.0952941628247216,0.69602608,"nu_star","High type",,"analytic_frontier"
0.0964951235133774,0.70402592,"nu_star","High type",,"analytic_frontier"
0.0976987207353247,0.71202576,"nu_star","High type",,"analytic_frontier"
0.0989049631822881,0.7200256,"nu_star","High type",,"analytic_frontier"
0.100113859584239,0.72802544,"nu_star","High type",,"analytic_frontier"
0.101325418709607,0.73602528,"nu_star","High type",,"analytic_frontier"
0.10253964936549,0.74402512,"nu_star","High type",,"analytic_frontier"
0.103756560397868,0.75202496,"nu_star","High type",,"analytic_frontier"
0.104976160691821,0.7600248,"nu_star","High type",,"analytic_frontier"
0.106198459171741,0.76802464,"nu_star","High type",,"analytic_frontier"
0.107423464801553,0.77602448,"nu_star","High type",,"analytic_frontier"
0.10865118658493,0.78402432,"nu_star","High type",,"analytic_frontier"
0.10988163356552,0.79202416,"nu_star","High type",,"analytic_frontier"
0.111114814827161,0.800024,"nu_star","High type",,"analytic_frontier"
0.112350739494109,0.80802384,"nu_star","High type",,"analytic_frontier"
0.113589416731262,0.81602368,"nu_star","High type",,"analytic_frontier"
0.114830855744388,0.82402352,"nu_star","High type",,"analytic_frontier"
0.116075065780348,0.83202336,"nu_star","High type",,"analytic_frontier"
0.117322056127333,0.8400232,"nu_star","High type",,"analytic_frontier"
0.118571836115087,0.84802304,"nu_star","High type",,"analytic_frontier"
0.119824415115148,0.85602288,"nu_star","High type",,"analytic_frontier"
0.121079802541075,0.86402272,"nu_star","High type",,"analytic_frontier"
0.122338007848689,0.87202256,"nu_star","High type",,"analytic_frontier"
0.123599040536307,0.8800224,"nu_star","High type",,"analytic_frontier"
0.124862910144983,0.88802224,"nu_star","High type",,"analytic_frontier"
0.126129626258748,0.89602208,"nu_star","High type",,"analytic_frontier"
0.127399198504852,0.90402192,"nu_star","High type",,"analytic_frontier"
0.128671636554008,0.91202176,"nu_star","High type",,"analytic_frontier"
0.129946950120639,0.9200216,"nu_star","High type",,"analytic_frontier"
0.131225148963121,0.92802144,"nu_star","High type",,"analytic_frontier"
0.132506242884039,0.93602128,"nu_star","High type",,"analytic_frontier"
0.133790241730429,0.94402112,"nu_star","High type",,"analytic_frontier"
0.135077155394038,0.95202096,"nu_star","High type",,"analytic_frontier"
0.136366993811573,0.9600208,"nu_star","High type",,"analytic_frontier"
0.137659766964959,0.96802064,"nu_star","High type",,"analytic_frontier"
0.138955484881596,0.97602048,"nu_star","High type",,"analytic_frontier"
0.140254157634618,0.98402032,"nu_star","High type",,"analytic_frontier"
0.141555795343156,0.99202016,"nu_star","High type",,"analytic_frontier"
0.142860408172595,1.00002,"nu_star","High type",,"analytic_frontier"
0.144168006334846,1.00801984,"nu_star","High type",,"analytic_frontier"
0.14547860008861,1.01601968,"nu_star","High type",,"analytic_frontier"
0.146792199739641,1.02401952,"nu_star","High type",,"analytic_frontier"
0.148108815641026,1.03201936,"nu_star","High type",,"analytic_frontier"
0.149428458193448,1.0400192,"nu_star","High type",,"analytic_frontier"
0.150751137845464,1.04801904,"nu_star","High type",,"analytic_frontier"
0.152076865093781,1.05601888,"nu_star","High type",,"analytic_frontier"
0.153405650483532,1.06401872,"nu_star","High type",,"analytic_frontier"
0.154737504608557,1.07201856,"nu_star","High type",,"analytic_frontier"
0.156072438111685,1.0800184,"nu_star","High type",,"analytic_frontier"
0.157410461685015,1.08801824,"nu_star","High type",,"analytic_frontier"
0.158751586070202,1.09601808,"nu_star","High type",,"analytic_frontier"
0.160095822058749,1.10401792,"nu_star","High type",,"analytic_frontier"
0.161443180492289,1.11201776,"nu_star","High type",,"analytic_frontier"
0.162793672262883,1.1200176,"nu_star","High type",,"analytic_frontier"
0.164147308313309,1.12801744,"nu_star","High type",,"analytic_frontier"
0.16550409963736,1.13601728,"nu_star","High type",,"analytic_frontier"
0.166864057280143,1.14401712,"nu_star","High type",,"analytic_frontier"
0.168227192338374,1.15201696,"nu_star","High type",,"analytic_frontier"
0.169593515960683,1.1600168,"nu_star","High type",,"analytic_frontier"
0.170963039347918,1.16801664,"nu_star","High type",,"analytic_frontier"
0.172335773753451,1.17601648,"nu_star","High type",,"analytic_frontier"
0.173711730483486,1.18401632,"nu_star","High type",,"analytic_frontier"
0.175090920897368,1.19201616,"nu_star","High type",,"analytic_frontier"
0.176473356407897,1.200016,"nu_star","High type",,"analytic_frontier"
0.177859048481644,1.20801584,"nu_star","High type",,"analytic_frontier"
0.179248008639265,1.21601568,"nu_star","High type",,"analytic_frontier"
0.180640248455823,1.22401552,"nu_star","High type",,"analytic_frontier"
0.182035779561107,1.23201536,"nu_star","High type",,"analytic_frontier"
0.18343461363996,1.2400152,"nu_star","High type",,"analytic_frontier"
0.184836762432599,1.24801504,"nu_star","High type",,"analytic_frontier"
0.186242237734949,1.25601488,"nu_star","High type",,"analytic_frontier"
0.187651051398972,1.26401472,"nu_star","High type",,"analytic_frontier"
0.189063215332999,1.27201456,"nu_star","High type",,"analytic_frontier"
0.190478741502065,1.2800144,"nu_star","High type",,"analytic_frontier"
0.191897641928251,1.28801424,"nu_star","High type",,"analytic_frontier"
0.19331992869102,1.29601408,"nu_star","High type",,"analytic_frontier"
0.194745613927561,1.30401392,"nu_star","High type",,"analytic_frontier"
0.196174709833135,1.31201376,"nu_star","High type",,"analytic_frontier"
0.197607228661424,1.3200136,"nu_star","High type",,"analytic_frontier"
0.199043182724877,1.32801344,"nu_star","High type",,"analytic_frontier"
0.200482584395066,1.33601328,"nu_star","High type",,"analytic_frontier"
0.201925446103043,1.34401312,"nu_star","High type",,"analytic_frontier"
0.203371780339692,1.35201296,"nu_star","High type",,"analytic_frontier"
0.204821599656096,1.3600128,"nu_star","High type",,"analytic_frontier"
0.206274916663894,1.36801264,"nu_star","High type",,"analytic_frontier"
0.207731744035653,1.37601248,"nu_star","High type",,"analytic_frontier"
0.20919209450523,1.38401232,"nu_star","High type",,"analytic_frontier"
0.210655980868149,1.39201216,"nu_star","High type",,"analytic_frontier"
0.212123415981968,1.400012,"nu_star","High type",,"analytic_frontier"
0.213594412766664,1.40801184,"nu_star","High type",,"analytic_frontier"
0.215068984205002,1.41601168,"nu_star","High type",,"analytic_frontier"
0.216547143342928,1.42401152,"nu_star","High type",,"analytic_frontier"
0.218028903289942,1.43201136,"nu_star","High type",,"analytic_frontier"
0.219514277219498,1.4400112,"nu_star","High type",,"analytic_frontier"
0.221003278369382,1.44801104,"nu_star","High type",,"analytic_frontier"
0.222495920042116,1.45601088,"nu_star","High type",,"analytic_frontier"
0.223992215605348,1.46401072,"nu_star","High type",,"analytic_frontier"
0.22549217849225,1.47201056,"nu_star","High type",,"analytic_frontier"
0.226995822201925,1.4800104,"nu_star","High type",,"analytic_frontier"
0.22850316029981,1.48801024,"nu_star","High type",,"analytic_frontier"
0.230014206418081,1.49601008,"nu_star","High type",,"analytic_frontier"
0.231528974256069,1.50400992,"nu_star","High type",,"analytic_frontier"
0.233047477580669,1.51200976,"nu_star","High type",,"analytic_frontier"
0.234569730226761,1.5200096,"nu_star","High type",,"analytic_frontier"
0.236095746097627,1.52800944,"nu_star","High type",,"analytic_frontier"
0.237625539165378,1.53600928,"nu_star","High type",,"analytic_frontier"
0.239159123471376,1.54400912,"nu_star","High type",,"analytic_frontier"
0.240696513126668,1.55200896,"nu_star","High type",,"analytic_frontier"
0.242237722312416,1.5600088,"nu_star","High type",,"analytic_frontier"
0.243782765280332,1.56800864,"nu_star","High type",,"analytic_frontier"
0.24533165635312,1.57600848,"nu_star","High type",,"analytic_frontier"
0.246884409924921,1.58400832,"nu_star","High type",,"analytic_frontier"
0.248441040461749,1.59200816,"nu_star","High type",,"analytic_frontier"
0.250001562501953,1.600008,"nu_star","High type",,"analytic_frontier"
0.251565990656659,1.60800784,"nu_star","High type",,"analytic_frontier"
0.253134339610233,1.61600768,"nu_star","High type",,"analytic_frontier"
0.254706624120736,1.62400752,"nu_star","High type",,"analytic_frontier"
0.25628285902039,1.63200736,"nu_star","High type",,"analytic_frontier"
0.257863059216042,1.6400072,"nu_star","High type",,"analytic_frontier"
0.259447239689636,1.64800704,"nu_star","High type",,"analytic_frontier"
0.261035415498685,1.65600688,"nu_star","High type",,"analytic_frontier"
0.262627601776749,1.66400672,"nu_star","High type",,"analytic_frontier"
0.264223813733916,1.67200656,"nu_star","High type",,"analytic_frontier"
0.265824066657283,1.6800064,"nu_star","High type",,"analytic_frontier"
0.267428375911449,1.68800624,"nu_star","High type",,"analytic_frontier"
0.269036756939004,1.69600608,"nu_star","High type",,"analytic_frontier"
0.270649225261025,1.70400592,"nu_star","High type",,"analytic_frontier"
0.272265796477574,1.71200576,"nu_star","High type",,"analytic_frontier"
0.273886486268204,1.7200056,"nu_star","High type",,"analytic_frontier"
0.275511310392463,1.72800544,"nu_star","High type",,"analytic_frontier"
0.277140284690406,1.73600528,"nu_star","High type",,"analytic_frontier"
0.27877342508311,1.74400512,"nu_star","High type",,"analytic_frontier"
0.280410747573193,1.75200496,"nu_star","High type",,"analytic_frontier"
0.282052268245335,1.7600048,"nu_star","High type",,"analytic_frontier"
0.283698003266806,1.76800464,"nu_star","High type",,"analytic_frontier"
0.285347968887998,1.77600448,"nu_star","High type",,"analytic_frontier"
0.287002181442958,1.78400432,"nu_star","High type",,"analytic_frontier"
0.288660657349925,1.79200416,"nu_star","High type",,"analytic_frontier"
0.29032341311188,1.800004,"nu_star","High type",,"analytic_frontier"
0.291990465317085,1.80800384,"nu_star","High type",,"analytic_frontier"
0.293661830639641,1.81600368,"nu_star","High type",,"analytic_frontier"
0.295337525840041,1.82400352,"nu_star","High type",,"analytic_frontier"
0.297017567765731,1.83200336,"nu_star","High type",,"analytic_frontier"
0.298701973351675,1.8400032,"nu_star","High type",,"analytic_frontier"
0.300390759620922,1.84800304,"nu_star","High type",,"analytic_frontier"
0.302083943685182,1.85600288,"nu_star","High type",,"analytic_frontier"
0.303781542745404,1.86400272,"nu_star","High type",,"analytic_frontier"
0.305483574092355,1.87200256,"nu_star","High type",,"analytic_frontier"
0.307190055107211,1.8800024,"nu_star","High type",,"analytic_frontier"
0.308901003262148,1.88800224,"nu_star","High type",,"analytic_frontier"
0.310616436120935,1.89600208,"nu_star","High type",,"analytic_frontier"
0.31233637133954,1.90400192,"nu_star","High type",,"analytic_frontier"
0.31406082666673,1.91200176,"nu_star","High type",,"analytic_frontier"
0.315789819944689,1.9200016,"nu_star","High type",,"analytic_frontier"
0.317523369109626,1.92800144,"nu_star","High type",,"analytic_frontier"
0.319261492192399,1.93600128,"nu_star","High type",,"analytic_frontier"
0.32100420731914,1.94400112,"nu_star","High type",,"analytic_frontier"
0.322751532711884,1.95200096,"nu_star","High type",,"analytic_frontier"
0.324503486689204,1.9600008,"nu_star","High type",,"analytic_frontier"
0.326260087666853,1.96800064,"nu_star","High type",,"analytic_frontier"
0.328021354158408,1.97600048,"nu_star","High type",,"analytic_frontier"
0.32978730477592,1.98400032,"nu_star","High type",,"analytic_frontier"
0.331557958230571,1.99200016,"nu_star","High type",,"analytic_frontier"
0.333333333333333,2,"nu_star","High type",,"analytic_frontier"
0.335113448995636,2.00799984,"nu_star","High type",,"analytic_frontier"
0.336898324230036,2.01599968,"nu_star","High type",,"analytic_frontier"
0.338687978150899,2.02399952,"nu_star","High type",,"analytic_frontier"
0.340482429975075,2.03199936,"nu_star","High type",,"analytic_frontier"
0.342281699022591,2.0399992,"nu_star","High type",,"analytic_frontier"
0.344085804717343,2.04799904,"nu_star","High type",,"analytic_frontier"
0.345894766587796,2.05599888,"nu_star","High type",,"analytic_frontier"
0.347708604267687,2.06399872,"nu_star","High type",,"analytic_frontier"
0.349527337496733,2.07199856,"nu_star","High type",,"analytic_frontier"
0.351350986121355,2.0799984,"nu_star","High type",,"analytic_frontier"
0.353179570095392,2.08799824,"nu_star","High type",,"analytic_frontier"
0.355013109480832,2.09599808,"nu_star","High type",,"analytic_frontier"
0.356851624448545,2.10399792,"nu_star","High type",,"analytic_frontier"
0.358695135279025,2.11199776,"nu_star","High type",,"analytic_frontier"
0.360543662363131,2.1199976,"nu_star","High type",,"analytic_frontier"
0.362397226202844,2.12799744,"nu_star","High type",,"analytic_frontier"
0.364255847412022,2.13599728,"nu_star","High type",,"analytic_frontier"
0.366119546717163,2.14399712,"nu_star","High type",,"analytic_frontier"
0.367988344958179,2.15199696,"nu_star","High type",,"analytic_frontier"
0.369862263089171,2.1599968,"nu_star","High type",,"analytic_frontier"
0.371741322179211,2.16799664,"nu_star","High type",,"analytic_frontier"
0.373625543413133,2.17599648,"nu_star","High type",,"analytic_frontier"
0.37551494809233,2.18399632,"nu_star","High type",,"analytic_frontier"
0.377409557635554,2.19199616,"nu_star","High type",,"analytic_frontier"
0.379309393579729,2.199996,"nu_star","High type",,"analytic_frontier"
0.381214477580762,2.20799584,"nu_star","High type",,"analytic_frontier"
0.383124831414372,2.21599568,"nu_star","High type",,"analytic_frontier"
0.385040476976915,2.22399552,"nu_star","High type",,"analytic_frontier"
0.386961436286223,2.23199536,"nu_star","High type",,"analytic_frontier"
0.388887731482446,2.2399952,"nu_star","High type",,"analytic_frontier"
0.390819384828903,2.24799504,"nu_star","High type",,"analytic_frontier"
0.392756418712942,2.25599488,"nu_star","High type",,"analytic_frontier"
0.3946988556468,2.26399472,"nu_star","High type",,"analytic_frontier"
0.39664671826848,2.27199456,"nu_star","High type",,"analytic_frontier"
0.398600029342629,2.2799944,"nu_star","High type",,"analytic_frontier"
0.400558811761422,2.28799424,"nu_star","High type",,"analytic_frontier"
0.402523088545462,2.29599408,"nu_star","High type",,"analytic_frontier"
0.404492882844676,2.30399392,"nu_star","High type",,"analytic_frontier"
0.406468217939226,2.31199376,"nu_star","High type",,"analytic_frontier"
0.408449117240431,2.3199936,"nu_star","High type",,"analytic_frontier"
0.410435604291685,2.32799344,"nu_star","High type",,"analytic_frontier"
0.412427702769392,2.33599328,"nu_star","High type",,"analytic_frontier"
0.41442543648391,2.34399312,"nu_star","High type",,"analytic_frontier"
0.416428829380496,2.35199296,"nu_star","High type",,"analytic_frontier"
0.418437905540263,2.3599928,"nu_star","High type",,"analytic_frontier"
0.420452689181145,2.36799264,"nu_star","High type",,"analytic_frontier"
0.422473204658873,2.37599248,"nu_star","High type",,"analytic_frontier"
0.424499476467952,2.38399232,"nu_star","High type",,"analytic_frontier"
0.426531529242655,2.39199216,"nu_star","High type",,"analytic_frontier"
0.428569387758018,2.399992,"nu_star","High type",,"analytic_frontier"
0.430613076930846,2.40799184,"nu_star","High type",,"analytic_frontier"
0.432662621820735,2.41599168,"nu_star","High type",,"analytic_frontier"
0.43471804763109,2.42399152,"nu_star","High type",,"analytic_frontier"
0.436779379710158,2.43199136,"nu_star","High type",,"analytic_frontier"
0.438846643552075,2.4399912,"nu_star","High type",,"analytic_frontier"
0.440919864797913,2.44799104,"nu_star","High type",,"analytic_frontier"
0.44299906923674,2.45599088,"nu_star","High type",,"analytic_frontier"
0.445084282806694,2.46399072,"nu_star","High type",,"analytic_frontier"
0.447175531596053,2.47199056,"nu_star","High type",,"analytic_frontier"
0.449272841844333,2.4799904,"nu_star","High type",,"analytic_frontier"
0.451376239943378,2.48799024,"nu_star","High type",,"analytic_frontier"
0.45348575243847,2.49599008,"nu_star","High type",,"analytic_frontier"
0.455601406029445,2.50398992,"nu_star","High type",,"analytic_frontier"
0.45772322757182,2.51198976,"nu_star","High type",,"analytic_frontier"
0.459851244077931,2.5199896,"nu_star","High type",,"analytic_frontier"
0.461985482718074,2.52798944,"nu_star","High type",,"analytic_frontier"
0.464125970821668,2.53598928,"nu_star","High type",,"analytic_frontier"
0.466272735878415,2.54398912,"nu_star","High type",,"analytic_frontier"
0.468425805539484,2.55198896,"nu_star","High type",,"analytic_frontier"
0.47058520761869,2.5599888,"nu_star","High type",,"analytic_frontier"
0.4727509700937,2.56798864,"nu_star","High type",,"analytic_frontier"
0.474923121107236,2.57598848,"nu_star","High type",,"analytic_frontier"
0.477101688968293,2.58398832,"nu_star","High type",,"analytic_frontier"
0.479286702153374,2.59198816,"nu_star","High type",,"analytic_frontier"
0.481478189307727,2.599988,"nu_star","High type",,"analytic_frontier"
0.483676179246599,2.60798784,"nu_star","High type",,"analytic_frontier"
0.485880700956494,2.61598768,"nu_star","High type",,"analytic_frontier"
0.488091783596455,2.62398752,"nu_star","High type",,"analytic_frontier"
0.490309456499342,2.63198736,"nu_star","High type",,"analytic_frontier"
0.492533749173136,2.6399872,"nu_star","High type",,"analytic_frontier"
0.494764691302242,2.64798704,"nu_star","High type",,"analytic_frontier"
0.497002312748813,2.65598688,"nu_star","High type",,"analytic_frontier"
0.499246643554081,2.66398672,"nu_star","High type",,"analytic_frontier"
0.501497713939701,2.67198656,"nu_star","High type",,"analytic_frontier"
0.503755554309109,2.6799864,"nu_star","High type",,"analytic_frontier"
0.506020195248892,2.68798624,"nu_star","High type",,"analytic_frontier"
0.508291667530164,2.69598608,"nu_star","High type",,"analytic_frontier"
0.510570002109964,2.70398592,"nu_star","High type",,"analytic_frontier"
0.512855230132663,2.71198576,"nu_star","High type",,"analytic_frontier"
0.51514738293138,2.7199856,"nu_star","High type",,"analytic_frontier"
0.517446492029415,2.72798544,"nu_star","High type",,"analytic_frontier"
0.519752589141696,2.73598528,"nu_star","High type",,"analytic_frontier"
0.522065706176235,2.74398512,"nu_star","High type",,"analytic_frontier"
0.524385875235601,2.75198496,"nu_star","High type",,"analytic_frontier"
0.526713128618406,2.7599848,"nu_star","High type",,"analytic_frontier"
0.529047498820799,2.76798464,"nu_star","High type",,"analytic_frontier"
0.531389018537985,2.77598448,"nu_star","High type",,"analytic_frontier"
0.533737720665748,2.78398432,"nu_star","High type",,"analytic_frontier"
0.536093638301991,2.79198416,"nu_star","High type",,"analytic_frontier"
0.538456804748293,2.799984,"nu_star","High type",,"analytic_frontier"
0.540827253511476,2.80798384,"nu_star","High type",,"analytic_frontier"
0.543205018305189,2.81598368,"nu_star","High type",,"analytic_frontier"
0.545590133051508,2.82398352,"nu_star","High type",,"analytic_frontier"
0.547982631882548,2.83198336,"nu_star","High type",,"analytic_frontier"
0.550382549142088,2.8399832,"nu_star","High type",,"analytic_frontier"
0.552789919387222,2.84798304,"nu_star","High type",,"analytic_frontier"
0.55520477739001,2.85598288,"nu_star","High type",,"analytic_frontier"
0.557627158139156,2.86398272,"nu_star","High type",,"analytic_frontier"
0.560057096841699,2.87198256,"nu_star","High type",,"analytic_frontier"
0.562494628924713,2.8799824,"nu_star","High type",,"analytic_frontier"
0.564939790037036,2.88798224,"nu_star","High type",,"analytic_frontier"
0.567392616051003,2.89598208,"nu_star","High type",,"analytic_frontier"
0.569853143064202,2.90398192,"nu_star","High type",,"analytic_frontier"
0.572321407401244,2.91198176,"nu_star","High type",,"analytic_frontier"
0.574797445615551,2.9199816,"nu_star","High type",,"analytic_frontier"
0.577281294491162,2.92798144,"nu_star","High type",,"analytic_frontier"
0.579772991044551,2.93598128,"nu_star","High type",,"analytic_frontier"
0.58227257252647,2.94398112,"nu_star","High type",,"analytic_frontier"
0.584780076423801,2.95198096,"nu_star","High type",,"analytic_frontier"
0.587295540461433,2.9599808,"nu_star","High type",,"analytic_frontier"
0.589819002604155,2.96798064,"nu_star","High type",,"analytic_frontier"
0.592350501058563,2.97598048,"nu_star","High type",,"analytic_frontier"
0.594890074274988,2.98398032,"nu_star","High type",,"analytic_frontier"
0.597437760949446,2.99198016,"nu_star","High type",,"analytic_frontier"
0.5999936000256,2.99998,"nu_star","High type",,"analytic_frontier"
0.602557630696748,3.00797984,"nu_star","High type",,"analytic_frontier"
0.605129892407822,3.01597968,"nu_star","High type",,"analytic_frontier"
0.607710424857415,3.02397952,"nu_star","High type",,"analytic_frontier"
0.610299267999821,3.03197936,"nu_star","High type",,"analytic_frontier"
0.612896462047095,3.0399792,"nu_star","High type",,"analytic_frontier"
0.61550204747114,3.04797904,"nu_star","High type",,"analytic_frontier"
0.618116065005806,3.05597888,"nu_star","High type",,"analytic_frontier"
0.620738555649015,3.06397872,"nu_star","High type",,"analytic_frontier"
0.623369560664898,3.07197856,"nu_star","High type",,"analytic_frontier"
0.62600912158597,3.0799784,"nu_star","High type",,"analytic_frontier"
0.628657280215306,3.08797824,"nu_star","High type",,"analytic_frontier"
0.631314078628751,3.09597808,"nu_star","High type",,"analytic_frontier"
0.633979559177151,3.10397792,"nu_star","High type",,"analytic_frontier"
0.6366537644886,3.11197776,"nu_star","High type",,"analytic_frontier"
0.639336737470713,3.1199776,"nu_star","High type",,"analytic_frontier"
0.642028521312923,3.12797744,"nu_star","High type",,"analytic_frontier"
0.644729159488795,3.13597728,"nu_star","High type",,"analytic_frontier"
0.647438695758369,3.14397712,"nu_star","High type",,"analytic_frontier"
0.650157174170526,3.15197696,"nu_star","High type",,"analytic_frontier"
0.652884639065367,3.1599768,"nu_star","High type",,"analytic_frontier"
0.655621135076632,3.16797664,"nu_star","High type",,"analytic_frontier"
0.658366707134131,3.17597648,"nu_star","High type",,"analytic_frontier"
0.661121400466204,3.18397632,"nu_star","High type",,"analytic_frontier"
0.663885260602202,3.19197616,"nu_star","High type",,"analytic_frontier"
0.666658333375,3.199976,"nu_star","High type",,"analytic_frontier"
0.669440664923526,3.20797584,"nu_star","High type",,"analytic_frontier"
0.672232301695322,3.21597568,"nu_star","High type",,"analytic_frontier"
0.675033290449131,3.22397552,"nu_star","High type",,"analytic_frontier"
0.677843678257502,3.23197536,"nu_star","High type",,"analytic_frontier"
0.680663512509431,3.2399752,"nu_star","High type",,"analytic_frontier"
0.683492840913024,3.24797504,"nu_star","High type",,"analytic_frontier"
0.686331711498189,3.25597488,"nu_star","High type",,"analytic_frontier"
0.689180172619349,3.26397472,"nu_star","High type",,"analytic_frontier"
0.692038272958193,3.27197456,"nu_star","High type",,"analytic_frontier"
0.694906061526446,3.2799744,"nu_star","High type",,"analytic_frontier"
0.697783587668672,3.28797424,"nu_star","High type",,"analytic_frontier"
0.700670901065103,3.29597408,"nu_star","High type",,"analytic_frontier"
0.7035680517345,3.30397392,"nu_star","High type",,"analytic_frontier"
0.706475090037039,3.31197376,"nu_star","High type",,"analytic_frontier"
0.709392066677231,3.3199736,"nu_star","High type",,"analytic_frontier"
0.712319032706869,3.32797344,"nu_star","High type",,"analytic_frontier"
0.715256039528007,3.33597328,"nu_star","High type",,"analytic_frontier"
0.718203138895968,3.34397312,"nu_star","High type",,"analytic_frontier"
0.721160382922385,3.35197296,"nu_star","High type",,"analytic_frontier"
0.724127824078273,3.3599728,"nu_star","High type",,"analytic_frontier"
0.72710551519713,3.36797264,"nu_star","High type",,"analytic_frontier"
0.730093509478075,3.37597248,"nu_star","High type",,"analytic_frontier"
0.733091860489017,3.38397232,"nu_star","High type",,"analytic_frontier"
0.736100622169852,3.39197216,"nu_star","High type",,"analytic_frontier"
0.739119848835703,3.399972,"nu_star","High type",,"analytic_frontier"
0.742149595180183,3.40797184,"nu_star","High type",,"analytic_frontier"
0.745189916278702,3.41597168,"nu_star","High type",,"analytic_frontier"
0.748240867591803,3.42397152,"nu_star","High type",,"analytic_frontier"
0.751302504968533,3.43197136,"nu_star","High type",,"analytic_frontier"
0.754374884649851,3.4399712,"nu_star","High type",,"analytic_frontier"
0.757458063272076,3.44797104,"nu_star","High type",,"analytic_frontier"
0.760552097870359,3.45597088,"nu_star","High type",,"analytic_frontier"
0.763657045882208,3.46397072,"nu_star","High type",,"analytic_frontier"
0.76677296515104,3.47197056,"nu_star","High type",,"analytic_frontier"
0.769899913929767,3.4799704,"nu_star","High type",,"analytic_frontier"
0.773037950884437,3.48797024,"nu_star","High type",,"analytic_frontier"
0.776187135097895,3.49597008,"nu_star","High type",,"analytic_frontier"
0.779347526073491,3.50396992,"nu_star","High type",,"analytic_frontier"
0.782519183738833,3.51196976,"nu_star","High type",,"analytic_frontier"
0.785702168449571,3.5199696,"nu_star","High type",,"analytic_frontier"
0.788896540993226,3.52796944,"nu_star","High type",,"analytic_frontier"
0.79210236259306,3.53596928,"nu_star","High type",,"analytic_frontier"
0.795319694911989,3.54396912,"nu_star","High type",,"analytic_frontier"
0.798548600056532,3.55196896,"nu_star","High type",,"analytic_frontier"
0.801789140580814,3.5599688,"nu_star","High type",,"analytic_frontier"
0.8050413794906,3.56796864,"nu_star","High type",,"analytic_frontier"
0.808305380247381,3.57596848,"nu_star","High type",,"analytic_frontier"
0.811581206772502,3.58396832,"nu_star","High type",,"analytic_frontier"
0.814868923451334,3.59196816,"nu_star","High type",,"analytic_frontier"
0.81816859513749,3.599968,"nu_star","High type",,"analytic_frontier"
0.821480287157096,3.60796784,"nu_star","High type",,"analytic_frontier"
0.824804065313095,3.61596768,"nu_star","High type",,"analytic_frontier"
0.82813999588961,3.62396752,"nu_star","High type",,"analytic_frontier"
0.831488145656348,3.63196736,"nu_star","High type",,"analytic_frontier"
0.834848581873054,3.6399672,"nu_star","High type",,"analytic_frontier"
0.838221372294019,3.64796704,"nu_star","High type",,"analytic_frontier"
0.841606585172629,3.65596688,"nu_star","High type",,"analytic_frontier"
0.845004289265972,3.66396672,"nu_star","High type",,"analytic_frontier"
0.848414553839492,3.67196656,"nu_star","High type",,"analytic_frontier"
0.851837448671696,3.6799664,"nu_star","High type",,"analytic_frontier"
0.855273044058913,3.68796624,"nu_star","High type",,"analytic_frontier"
0.858721410820108,3.69596608,"nu_star","High type",,"analytic_frontier"
0.862182620301746,3.70396592,"nu_star","High type",,"analytic_frontier"
0.865656744382713,3.71196576,"nu_star","High type",,"analytic_frontier"
0.869143855479293,3.7199656,"nu_star","High type",,"analytic_frontier"
0.872644026550197,3.72796544,"nu_star","High type",,"analytic_frontier"
0.876157331101657,3.73596528,"nu_star","High type",,"analytic_frontier"
0.879683843192563,3.74396512,"nu_star","High type",,"analytic_frontier"
0.883223637439676,3.75196496,"nu_star","High type",,"analytic_frontier"
0.886776789022884,3.7599648,"nu_star","High type",,"analytic_frontier"
0.890343373690526,3.76796464,"nu_star","High type",,"analytic_frontier"
0.893923467764779,3.77596448,"nu_star","High type",,"analytic_frontier"
0.897517148147096,3.78396432,"nu_star","High type",,"analytic_frontier"
0.901124492323716,3.79196416,"nu_star","High type",,"analytic_frontier"
0.904745578371233,3.799964,"nu_star","High type",,"analytic_frontier"
0.908380484962229,3.80796384,"nu_star","High type",,"analytic_frontier"
0.91202929137097,3.81596368,"nu_star","High type",,"analytic_frontier"
0.91569207747917,3.82396352,"nu_star","High type",,"analytic_frontier"
0.919368923781822,3.83196336,"nu_star","High type",,"analytic_frontier"
0.923059911393092,3.8399632,"nu_star","High type",,"analytic_frontier"
0.926765122052285,3.84796304,"nu_star","High type",,"analytic_frontier"
0.930484638129882,3.85596288,"nu_star","High type",,"analytic_frontier"
0.934218542633639,3.86396272,"nu_star","High type",,"analytic_frontier"
0.937966919214764,3.87196256,"nu_star","High type",,"analytic_frontier"
0.941729852174165,3.8799624,"nu_star","High type",,"analytic_frontier"
0.945507426468769,3.88796224,"nu_star","High type",,"analytic_frontier"
0.949299727717916,3.89596208,"nu_star","High type",,"analytic_frontier"
0.953106842209827,3.90396192,"nu_star","High type",,"analytic_frontier"
0.956928856908149,3.91196176,"nu_star","High type",,"analytic_frontier"
0.960765859458578,3.9199616,"nu_star","High type",,"analytic_frontier"
0.964617938195556,3.92796144,"nu_star","High type",,"analytic_frontier"
0.968485182149052,3.93596128,"nu_star","High type",,"analytic_frontier"
0.972367681051421,3.94396112,"nu_star","High type",,"analytic_frontier"
0.976265525344341,3.95196096,"nu_star","High type",,"analytic_frontier"
0.980178806185841,3.9599608,"nu_star","High type",,"analytic_frontier"
0.984107615457405,3.96796064,"nu_star","High type",,"analytic_frontier"
0.988052045771161,3.97596048,"nu_star","High type",,"analytic_frontier"
0.992012190477162,3.98396032,"nu_star","High type",,"analytic_frontier"
0.995988143670748,3.99196016,"nu_star","High type",,"analytic_frontier"
0.999980000199998,3.99996,"nu_star","High type",,"analytic_frontier"
8.18188512451465e-06,4e-05,"nu_SP","Low type",,"analytic_frontier"
0.000417430539185215,0.00203992,"nu_SP","Low type",,"analytic_frontier"
0.000827014296566422,0.00403984,"nu_SP","Low type",,"analytic_frontier"
0.00123693356902354,0.00603976,"nu_SP","Low type",,"analytic_frontier"
0.00164718876898682,0.00803968,"nu_SP","Low type",,"analytic_frontier"
0.0020577803095628,0.0100396,"nu_SP","Low type",,"analytic_frontier"
0.0024687086045356,0.01203952,"nu_SP","Low type",,"analytic_frontier"
0.0028799740683684,0.01403944,"nu_SP","Low type",,"analytic_frontier"
0.0032915771162048,0.01603936,"nu_SP","Low type",,"analytic_frontier"
0.00370351816387019,0.01803928,"nu_SP","Low type",,"analytic_frontier"
0.00411579762787319,0.0200392,"nu_SP","Low type",,"analytic_frontier"
0.00452841592540704,0.02203912,"nu_SP","Low type",,"analytic_frontier"
0.004941373474351,0.02403904,"nu_SP","Low type",,"analytic_frontier"
0.00535467069327176,0.02603896,"nu_SP","Low type",,"analytic_frontier"
0.00576830800142488,0.02803888,"nu_SP","Low type",,"analytic_frontier"
0.00618228581875618,0.0300388,"nu_SP","Low type",,"analytic_frontier"
0.00659660456590317,0.03203872,"nu_SP","Low type",,"analytic_frontier"
0.00701126466419645,0.03403864,"nu_SP","Low type",,"analytic_frontier"
0.0074262665356612,0.03603856,"nu_SP","Low type",,"analytic_frontier"
0.00784161060301855,0.03803848,"nu_SP","Low type",,"analytic_frontier"
0.00825729728968706,0.0400384,"nu_SP","Low type",,"analytic_frontier"
0.00867332701978411,0.04203832,"nu_SP","Low type",,"analytic_frontier"
0.0090897002181274,0.04403824,"nu_SP","Low type",,"analytic_frontier"
0.00950641731023634,0.04603816,"nu_SP","Low type",,"analytic_frontier"
0.00992347872233354,0.04803808,"nu_SP","Low type",,"analytic_frontier"
0.0103408848813463,0.050038,"nu_SP","Low type",,"analytic_frontier"
0.0107586362149078,0.05203792,"nu_SP","Low type",,"analytic_frontier"
0.0111767331513592,0.05403784,"nu_SP","Low type",,"analytic_frontier"
0.0115951761197501,0.05603776,"nu_SP","Low type",,"analytic_frontier"
0.0120139655498412,0.05803768,"nu_SP","Low type",,"analytic_frontier"
0.0124331018721048,0.0600376,"nu_SP","Low type",,"analytic_frontier"
0.0128525855177266,0.06203752,"nu_SP","Low type",,"analytic_frontier"
0.0132724169186073,0.06403744,"nu_SP","Low type",,"analytic_frontier"
0.0136925965073642,0.06603736,"nu_SP","Low type",,"analytic_frontier"
0.0141131247173321,0.06803728,"nu_SP","Low type",,"analytic_frontier"
0.0145340019825655,0.0700372,"nu_SP","Low type",,"analytic_frontier"
0.0149552287378395,0.07203712,"nu_SP","Low type",,"analytic_frontier"
0.0153768054186517,0.07403704,"nu_SP","Low type",,"analytic_frontier"
0.0157987324612237,0.07603696,"nu_SP","Low type",,"analytic_frontier"
0.0162210103025022,0.07803688,"nu_SP","Low type",,"analytic_frontier"
0.0166436393801609,0.0800368,"nu_SP","Low type",,"analytic_frontier"
0.0170666201326019,0.08203672,"nu_SP","Low type",,"analytic_frontier"
0.0174899529989571,0.08403664,"nu_SP","Low type",,"analytic_frontier"
0.01791363841909,0.08603656,"nu_SP","Low type",,"analytic_frontier"
0.018337676833597,0.08803648,"nu_SP","Low type",,"analytic_frontier"
0.0187620686838088,0.0900364,"nu_SP","Low type",,"analytic_frontier"
0.0191868144117922,0.09203632,"nu_SP","Low type",,"analytic_frontier"
0.0196119144603518,0.09403624,"nu_SP","Low type",,"analytic_frontier"
0.0200373692730308,0.09603616,"nu_SP","Low type",,"analytic_frontier"
0.0204631792941134,0.09803608,"nu_SP","Low type",,"analytic_frontier"
0.0208893449686257,0.100036,"nu_SP","Low type",,"analytic_frontier"
0.0213158667423379,0.10203592,"nu_SP","Low type",,"analytic_frontier"
0.021742745061765,0.10403584,"nu_SP","Low type",,"analytic_frontier"
0.0221699803741691,0.10603576,"nu_SP","Low type",,"analytic_frontier"
0.0225975731275607,0.10803568,"nu_SP","Low type",,"analytic_frontier"
0.0230255237707002,0.1100356,"nu_SP","Low type",,"analytic_frontier"
0.0234538327530995,0.11203552,"nu_SP","Low type",,"analytic_frontier"
0.0238825005250237,0.11403544,"nu_SP","Low type",,"analytic_frontier"
0.0243115275374924,0.11603536,"nu_SP","Low type",,"analytic_frontier"
0.0247409142422817,0.11803528,"nu_SP","Low type",,"analytic_frontier"
0.0251706610919253,0.1200352,"nu_SP","Low type",,"analytic_frontier"
0.0256007685397166,0.12203512,"nu_SP","Low type",,"analytic_frontier"
0.0260312370397098,0.12403504,"nu_SP","Low type",,"analytic_frontier"
0.0264620670467218,0.12603496,"nu_SP","Low type",,"analytic_frontier"
0.0268932590163338,0.12803488,"nu_SP","Low type",,"analytic_frontier"
0.0273248134048928,0.1300348,"nu_SP","Low type",,"analytic_frontier"
0.0277567306695132,0.13203472,"nu_SP","Low type",,"analytic_frontier"
0.0281890112680785,0.13403464,"nu_SP","Low type",,"analytic_frontier"
0.028621655659243,0.13603456,"nu_SP","Low type",,"analytic_frontier"
0.0290546643024329,0.13803448,"nu_SP","Low type",,"analytic_frontier"
0.0294880376578488,0.1400344,"nu_SP","Low type",,"analytic_frontier"
0.0299217761864667,0.14203432,"nu_SP","Low type",,"analytic_frontier"
0.0303558803500395,0.14403424,"nu_SP","Low type",,"analytic_frontier"
0.0307903506110995,0.14603416,"nu_SP","Low type",,"analytic_frontier"
0.0312251874329589,0.14803408,"nu_SP","Low type",,"analytic_frontier"
0.0316603912797124,0.150034,"nu_SP","Low type",,"analytic_frontier"
0.0320959626162382,0.15203392,"nu_SP","Low type",,"analytic_frontier"
0.0325319019082002,0.15403384,"nu_SP","Low type",,"analytic_frontier"
0.0329682096220493,0.15603376,"nu_SP","Low type",,"analytic_frontier"
0.033404886225025,0.15803368,"nu_SP","Low type",,"analytic_frontier"
0.0338419321851573,0.1600336,"nu_SP","Low type",,"analytic_frontier"
0.0342793479712683,0.16203352,"nu_SP","Low type",,"analytic_frontier"
0.034717134052974,0.16403344,"nu_SP","Low type",,"analytic_frontier"
0.0351552909006856,0.16603336,"nu_SP","Low type",,"analytic_frontier"
0.0355938189856115,0.16803328,"nu_SP","Low type",,"analytic_frontier"
0.0360327187797592,0.1700332,"nu_SP","Low type",,"analytic_frontier"
0.0364719907559362,0.17203312,"nu_SP","Low type",,"analytic_frontier"
0.0369116353877527,0.17403304,"nu_SP","Low type",,"analytic_frontier"
0.0373516531496226,0.17603296,"nu_SP","Low type",,"analytic_frontier"
0.0377920445167653,0.17803288,"nu_SP","Low type",,"analytic_frontier"
0.0382328099652077,0.1800328,"nu_SP","Low type",,"analytic_frontier"
0.0386739499717858,0.18203272,"nu_SP","Low type",,"analytic_frontier"
0.0391154650141461,0.18403264,"nu_SP","Low type",,"analytic_frontier"
0.0395573555707479,0.18603256,"nu_SP","Low type",,"analytic_frontier"
0.0399996221208646,0.18803248,"nu_SP","Low type",,"analytic_frontier"
0.0404422651445854,0.1900324,"nu_SP","Low type",,"analytic_frontier"
0.0408852851228174,0.19203232,"nu_SP","Low type",,"analytic_frontier"
0.041328682537287,0.19403224,"nu_SP","Low type",,"analytic_frontier"
0.0417724578705419,0.19603216,"nu_SP","Low type",,"analytic_frontier"
0.0422166116059525,0.19803208,"nu_SP","Low type",,"analytic_frontier"
0.0426611442277142,0.200032,"nu_SP","Low type",,"analytic_frontier"
0.0431060562208485,0.20203192,"nu_SP","Low type",,"analytic_frontier"
0.0435513480712054,0.20403184,"nu_SP","Low type",,"analytic_frontier"
0.0439970202654646,0.20603176,"nu_SP","Low type",,"analytic_frontier"
0.0444430732911379,0.20803168,"nu_SP","Low type",,"analytic_frontier"
0.0448895076365702,0.2100316,"nu_SP","Low type",,"analytic_frontier"
0.0453363237909421,0.21203152,"nu_SP","Low type",,"analytic_frontier"
0.0457835222442709,0.21403144,"nu_SP","Low type",,"analytic_frontier"
0.0462311034874132,0.21603136,"nu_SP","Low type",,"analytic_frontier"
0.0466790680120659,0.21803128,"nu_SP","Low type",,"analytic_frontier"
0.0471274163107687,0.2200312,"nu_SP","Low type",,"analytic_frontier"
0.0475761488769053,0.22203112,"nu_SP","Low type",,"analytic_frontier"
0.0480252662047058,0.22403104,"nu_SP","Low type",,"analytic_frontier"
0.0484747687892479,0.22603096,"nu_SP","Low type",,"analytic_frontier"
0.0489246571264592,0.22803088,"nu_SP","Low type",,"analytic_frontier"
0.0493749317131188,0.2300308,"nu_SP","Low type",,"analytic_frontier"
0.0498255930468593,0.23203072,"nu_SP","Low type",,"analytic_frontier"
0.0502766416261683,0.23403064,"nu_SP","Low type",,"analytic_frontier"
0.0507280779503907,0.23603056,"nu_SP","Low type",,"analytic_frontier"
0.05117990251973,0.23803048,"nu_SP","Low type",,"analytic_frontier"
0.0516321158352508,0.2400304,"nu_SP","Low type",,"analytic_frontier"
0.0520847183988799,0.24203032,"nu_SP","Low type",,"analytic_frontier"
0.052537710713409,0.24403024,"nu_SP","Low type",,"analytic_frontier"
0.0529910932824956,0.24603016,"nu_SP","Low type",,"analytic_frontier"
0.0534448666106658,0.24803008,"nu_SP","Low type",,"analytic_frontier"
0.0538990312033156,0.25003,"nu_SP","Low type",,"analytic_frontier"
0.0543535875667128,0.25202992,"nu_SP","Low type",,"analytic_frontier"
0.0548085362079993,0.25402984,"nu_SP","Low type",,"analytic_frontier"
0.0552638776351925,0.25602976,"nu_SP","Low type",,"analytic_frontier"
0.0557196123571873,0.25802968,"nu_SP","Low type",,"analytic_frontier"
0.0561757408837583,0.2600296,"nu_SP","Low type",,"analytic_frontier"
0.0566322637255614,0.26202952,"nu_SP","Low type",,"analytic_frontier"
0.0570891813941357,0.26402944,"nu_SP","Low type",,"analytic_frontier"
0.0575464944019055,0.26602936,"nu_SP","Low type",,"analytic_frontier"
0.0580042032621824,0.26802928,"nu_SP","Low type",,"analytic_frontier"
0.058462308489167,0.2700292,"nu_SP","Low type",,"analytic_frontier"
0.0589208105979506,0.27202912,"nu_SP","Low type",,"analytic_frontier"
0.0593797101045176,0.27402904,"nu_SP","Low type",,"analytic_frontier"
0.0598390075257472,0.27602896,"nu_SP","Low type",,"analytic_frontier"
0.0602987033794155,0.27802888,"nu_SP","Low type",,"analytic_frontier"
0.060758798184197,0.2800288,"nu_SP","Low type",,"analytic_frontier"
0.061219292459667,0.28202872,"nu_SP","Low type",,"analytic_frontier"
0.0616801867263037,0.28402864,"nu_SP","Low type",,"analytic_frontier"
0.0621414815054895,0.28602856,"nu_SP","Low type",,"analytic_frontier"
0.0626031773195134,0.28802848,"nu_SP","Low type",,"analytic_frontier"
0.0630652746915731,0.2900284,"nu_SP","Low type",,"analytic_frontier"
0.0635277741457767,0.29202832,"nu_SP","Low type",,"analytic_frontier"
0.0639906762071448,0.29402824,"nu_SP","Low type",,"analytic_frontier"
0.0644539814016123,0.29602816,"nu_SP","Low type",,"analytic_frontier"
0.0649176902560308,0.29802808,"nu_SP","Low type",,"analytic_frontier"
0.0653818032981703,0.300028,"nu_SP","Low type",,"analytic_frontier"
0.065846321056721,0.30202792,"nu_SP","Low type",,"analytic_frontier"
0.0663112440612958,0.30402784,"nu_SP","Low type",,"analytic_frontier"
0.0667765728424322,0.30602776,"nu_SP","Low type",,"analytic_frontier"
0.0672423079315939,0.30802768,"nu_SP","Low type",,"analytic_frontier"
0.0677084498611731,0.3100276,"nu_SP","Low type",,"analytic_frontier"
0.0681749991644929,0.31202752,"nu_SP","Low type",,"analytic_frontier"
0.0686419563758087,0.31402744,"nu_SP","Low type",,"analytic_frontier"
0.0691093220303104,0.31602736,"nu_SP","Low type",,"analytic_frontier"
0.069577096664125,0.31802728,"nu_SP","Low type",,"analytic_frontier"
0.0700452808143177,0.3200272,"nu_SP","Low type",,"analytic_frontier"
0.0705138750188948,0.32202712,"nu_SP","Low type",,"analytic_frontier"
0.0709828798168054,0.32402704,"nu_SP","Low type",,"analytic_frontier"
0.0714522957479433,0.32602696,"nu_SP","Low type",,"analytic_frontier"
0.0719221233531495,0.32802688,"nu_SP","Low type",,"analytic_frontier"
0.0723923631742139,0.3300268,"nu_SP","Low type",,"analytic_frontier"
0.0728630157538776,0.33202672,"nu_SP","Low type",,"analytic_frontier"
0.0733340816358348,0.33402664,"nu_SP","Low type",,"analytic_frontier"
0.0738055613647352,0.33602656,"nu_SP","Low type",,"analytic_frontier"
0.0742774554861856,0.33802648,"nu_SP","Low type",,"analytic_frontier"
0.0747497645467527,0.3400264,"nu_SP","Low type",,"analytic_frontier"
0.0752224890939645,0.34202632,"nu_SP","Low type",,"analytic_frontier"
0.0756956296763129,0.34402624,"nu_SP","Low type",,"analytic_frontier"
0.0761691868432556,0.34602616,"nu_SP","Low type",,"analytic_frontier"
0.0766431611452184,0.34802608,"nu_SP","Low type",,"analytic_frontier"
0.0771175531335969,0.350026,"nu_SP","Low type",,"analytic_frontier"
0.0775923633607593,0.35202592,"nu_SP","Low type",,"analytic_frontier"
0.0780675923800481,0.35402584,"nu_SP","Low type",,"analytic_frontier"
0.0785432407457823,0.35602576,"nu_SP","Low type",,"analytic_frontier"
0.0790193090132596,0.35802568,"nu_SP","Low type",,"analytic_frontier"
0.0794957977387586,0.3600256,"nu_SP","Low type",,"analytic_frontier"
0.0799727074795409,0.36202552,"nu_SP","Low type",,"analytic_frontier"
0.0804500387938533,0.36402544,"nu_SP","Low type",,"analytic_frontier"
0.0809277922409301,0.36602536,"nu_SP","Low type",,"analytic_frontier"
0.081405968380995,0.36802528,"nu_SP","Low type",,"analytic_frontier"
0.0818845677752636,0.3700252,"nu_SP","Low type",,"analytic_frontier"
0.0823635909859453,0.37202512,"nu_SP","Low type",,"analytic_frontier"
0.0828430385762458,0.37402504,"nu_SP","Low type",,"analytic_frontier"
0.0833229111103691,0.37602496,"nu_SP","Low type",,"analytic_frontier"
0.0838032091535197,0.37802488,"nu_SP","Low type",,"analytic_frontier"
0.084283933271905,0.3800248,"nu_SP","Low type",,"analytic_frontier"
0.0847650840327374,0.38202472,"nu_SP","Low type",,"analytic_frontier"
0.0852466620042365,0.38402464,"nu_SP","Low type",,"analytic_frontier"
0.0857286677556315,0.38602456,"nu_SP","Low type",,"analytic_frontier"
0.0862111018571631,0.38802448,"nu_SP","Low type",,"analytic_frontier"
0.0866939648800861,0.3900244,"nu_SP","Low type",,"analytic_frontier"
0.0871772573966718,0.39202432,"nu_SP","Low type",,"analytic_frontier"
0.0876609799802094,0.39402424,"nu_SP","Low type",,"analytic_frontier"
0.0881451332050095,0.39602416,"nu_SP","Low type",,"analytic_frontier"
0.0886297176464053,0.39802408,"nu_SP","Low type",,"analytic_frontier"
0.0891147338807554,0.400024,"nu_SP","Low type",,"analytic_frontier"
0.0896001824854461,0.40202392,"nu_SP","Low type",,"analytic_frontier"
0.0900860640388936,0.40402384,"nu_SP","Low type",,"analytic_frontier"
0.0905723791205461,0.40602376,"nu_SP","Low type",,"analytic_frontier"
0.0910591283108864,0.40802368,"nu_SP","Low type",,"analytic_frontier"
0.0915463121914341,0.4100236,"nu_SP","Low type",,"analytic_frontier"
0.092033931344748,0.41202352,"nu_SP","Low type",,"analytic_frontier"
0.0925219863544282,0.41402344,"nu_SP","Low type",,"analytic_frontier"
0.0930104778051186,0.41602336,"nu_SP","Low type",,"analytic_frontier"
0.0934994062825092,0.41802328,"nu_SP","Low type",,"analytic_frontier"
0.0939887723733384,0.4200232,"nu_SP","Low type",,"analytic_frontier"
0.0944785766653956,0.42202312,"nu_SP","Low type",,"analytic_frontier"
0.094968819747523,0.42402304,"nu_SP","Low type",,"analytic_frontier"
0.0954595022096185,0.42602296,"nu_SP","Low type",,"analytic_frontier"
0.0959506246426379,0.42802288,"nu_SP","Low type",,"analytic_frontier"
0.0964421876385971,0.4300228,"nu_SP","Low type",,"analytic_frontier"
0.0969341917905748,0.43202272,"nu_SP","Low type",,"analytic_frontier"
0.0974266376927146,0.43402264,"nu_SP","Low type",,"analytic_frontier"
0.0979195259402272,0.43602256,"nu_SP","Low type",,"analytic_frontier"
0.0984128571293937,0.43802248,"nu_SP","Low type",,"analytic_frontier"
0.098906631857567,0.4400224,"nu_SP","Low type",,"analytic_frontier"
0.0994008507231746,0.44202232,"nu_SP","Low type",,"analytic_frontier"
0.0998955143257211,0.44402224,"nu_SP","Low type",,"analytic_frontier"
0.100390623265791,0.44602216,"nu_SP","Low type",,"analytic_frontier"
0.100886178145049,0.44802208,"nu_SP","Low type",,"analytic_frontier"
0.101382179566247,0.450022,"nu_SP","Low type",,"analytic_frontier"
0.10187862813322,0.45202192,"nu_SP","Low type",,"analytic_frontier"
0.102375524450897,0.45402184,"nu_SP","Low type",,"analytic_frontier"
0.102872869125293,0.45602176,"nu_SP","Low type",,"analytic_frontier"
0.103370662763522,0.45802168,"nu_SP","Low type",,"analytic_frontier"
0.103868905973791,0.4600216,"nu_SP","Low type",,"analytic_frontier"
0.10436759936541,0.46202152,"nu_SP","Low type",,"analytic_frontier"
0.104866743548786,0.46402144,"nu_SP","Low type",,"analytic_frontier"
0.105366339135433,0.46602136,"nu_SP","Low type",,"analytic_frontier"
0.105866386737971,0.46802128,"nu_SP","Low type",,"analytic_frontier"
0.106366886970129,0.4700212,"nu_SP","Low type",,"analytic_frontier"
0.106867840446748,0.47202112,"nu_SP","Low type",,"analytic_frontier"
0.107369247783781,0.47402104,"nu_SP","Low type",,"analytic_frontier"
0.107871109598301,0.47602096,"nu_SP","Low type",,"analytic_frontier"
0.108373426508497,0.47802088,"nu_SP","Low type",,"analytic_frontier"
0.108876199133681,0.4800208,"nu_SP","Low type",,"analytic_frontier"
0.109379428094291,0.48202072,"nu_SP","Low type",,"analytic_frontier"
0.109883114011887,0.48402064,"nu_SP","Low type",,"analytic_frontier"
0.110387257509164,0.48602056,"nu_SP","Low type",,"analytic_frontier"
0.110891859209945,0.48802048,"nu_SP","Low type",,"analytic_frontier"
0.111396919739188,0.4900204,"nu_SP","Low type",,"analytic_frontier"
0.11190243972299,0.49202032,"nu_SP","Low type",,"analytic_frontier"
0.112408419788586,0.49402024,"nu_SP","Low type",,"analytic_frontier"
0.112914860564354,0.49602016,"nu_SP","Low type",,"analytic_frontier"
0.113421762679816,0.49802008,"nu_SP","Low type",,"analytic_frontier"
0.113929126765641,0.50002,"nu_SP","Low type",,"analytic_frontier"
0.11443695345365,0.50201992,"nu_SP","Low type",,"analytic_frontier"
0.114945243376816,0.50401984,"nu_SP","Low type",,"analytic_frontier"
0.115453997169266,0.50601976,"nu_SP","Low type",,"analytic_frontier"
0.115963215466286,0.50801968,"nu_SP","Low type",,"analytic_frontier"
0.116472898904323,0.5100196,"nu_SP","Low type",,"analytic_frontier"
0.116983048120986,0.51201952,"nu_SP","Low type",,"analytic_frontier"
0.117493663755052,0.51401944,"nu_SP","Low type",,"analytic_frontier"
0.118004746446464,0.51601936,"nu_SP","Low type",,"analytic_frontier"
0.118516296836337,0.51801928,"nu_SP","Low type",,"analytic_frontier"
0.119028315566962,0.5200192,"nu_SP","Low type",,"analytic_frontier"
0.119540803281803,0.52201912,"nu_SP","Low type",,"analytic_frontier"
0.120053760625507,0.52401904,"nu_SP","Low type",,"analytic_frontier"
0.120567188243901,0.52601896,"nu_SP","Low type",,"analytic_frontier"
0.121081086783996,0.52801888,"nu_SP","Low type",,"analytic_frontier"
0.121595456893992,0.5300188,"nu_SP","Low type",,"analytic_frontier"
0.122110299223279,0.53201872,"nu_SP","Low type",,"analytic_frontier"
0.122625614422439,0.53401864,"nu_SP","Low type",,"analytic_frontier"
0.12314140314325,0.53601856,"nu_SP","Low type",,"analytic_frontier"
0.12365766603869,0.53801848,"nu_SP","Low type",,"analytic_frontier"
0.124174403762935,0.5400184,"nu_SP","Low type",,"analytic_frontier"
0.124691616971367,0.54201832,"nu_SP","Low type",,"analytic_frontier"
0.125209306320574,0.54401824,"nu_SP","Low type",,"analytic_frontier"
0.125727472468354,0.54601816,"nu_SP","Low type",,"analytic_frontier"
0.126246116073718,0.54801808,"nu_SP","Low type",,"analytic_frontier"
0.126765237796889,0.550018,"nu_SP","Low type",,"analytic_frontier"
0.127284838299311,0.55201792,"nu_SP","Low type",,"analytic_frontier"
0.127804918243648,0.55401784,"nu_SP","Low type",,"analytic_frontier"
0.128325478293785,0.55601776,"nu_SP","Low type",,"analytic_frontier"
0.128846519114837,0.55801768,"nu_SP","Low type",,"analytic_frontier"
0.129368041373146,0.5600176,"nu_SP","Low type",,"analytic_frontier"
0.129890045736285,0.56201752,"nu_SP","Low type",,"analytic_frontier"
0.130412532873064,0.56401744,"nu_SP","Low type",,"analytic_frontier"
0.130935503453531,0.56601736,"nu_SP","Low type",,"analytic_frontier"
0.131458958148971,0.56801728,"nu_SP","Low type",,"analytic_frontier"
0.131982897631915,0.5700172,"nu_SP","Low type",,"analytic_frontier"
0.132507322576142,0.57201712,"nu_SP","Low type",,"analytic_frontier"
0.133032233656676,0.57401704,"nu_SP","Low type",,"analytic_frontier"
0.133557631549796,0.57601696,"nu_SP","Low type",,"analytic_frontier"
0.134083516933035,0.57801688,"nu_SP","Low type",,"analytic_frontier"
0.134609890485184,0.5800168,"nu_SP","Low type",,"analytic_frontier"
0.135136752886295,0.58201672,"nu_SP","Low type",,"analytic_frontier"
0.135664104817684,0.58401664,"nu_SP","Low type",,"analytic_frontier"
0.136191946961932,0.58601656,"nu_SP","Low type",,"analytic_frontier"
0.136720280002892,0.58801648,"nu_SP","Low type",,"analytic_frontier"
0.137249104625687,0.5900164,"nu_SP","Low type",,"analytic_frontier"
0.137778421516719,0.59201632,"nu_SP","Low type",,"analytic_frontier"
0.138308231363665,0.59401624,"nu_SP","Low type",,"analytic_frontier"
0.138838534855485,0.59601616,"nu_SP","Low type",,"analytic_frontier"
0.139369332682423,0.59801608,"nu_SP","Low type",,"analytic_frontier"
0.139900625536012,0.600016,"nu_SP","Low type",,"analytic_frontier"
0.140432414109074,0.60201592,"nu_SP","Low type",,"analytic_frontier"
0.140964699095724,0.60401584,"nu_SP","Low type",,"analytic_frontier"
0.141497481191375,0.60601576,"nu_SP","Low type",,"analytic_frontier"
0.142030761092738,0.60801568,"nu_SP","Low type",,"analytic_frontier"
0.142564539497828,0.6100156,"nu_SP","Low type",,"analytic_frontier"
0.143098817105964,0.61201552,"nu_SP","Low type",,"analytic_frontier"
0.143633594617776,0.61401544,"nu_SP","Low type",,"analytic_frontier"
0.144168872735203,0.61601536,"nu_SP","Low type",,"analytic_frontier"
0.144704652161501,0.61801528,"nu_SP","Low type",,"analytic_frontier"
0.145240933601242,0.6200152,"nu_SP","Low type",,"analytic_frontier"
0.145777717760321,0.62201512,"nu_SP","Low type",,"analytic_frontier"
0.146315005345955,0.62401504,"nu_SP","Low type",,"analytic_frontier"
0.146852797066689,0.62601496,"nu_SP","Low type",,"analytic_frontier"
0.1473910936324,0.62801488,"nu_SP","Low type",,"analytic_frontier"
0.147929895754295,0.6300148,"nu_SP","Low type",,"analytic_frontier"
0.14846920414492,0.63201472,"nu_SP","Low type",,"analytic_frontier"
0.14900901951816,0.63401464,"nu_SP","Low type",,"analytic_frontier"
0.149549342589243,0.63601456,"nu_SP","Low type",,"analytic_frontier"
0.150090174074742,0.63801448,"nu_SP","Low type",,"analytic_frontier"
0.150631514692581,0.6400144,"nu_SP","Low type",,"analytic_frontier"
0.151173365162035,0.64201432,"nu_SP","Low type",,"analytic_frontier"
0.151715726203734,0.64401424,"nu_SP","Low type",,"analytic_frontier"
0.152258598539669,0.64601416,"nu_SP","Low type",,"analytic_frontier"
0.15280198289319,0.64801408,"nu_SP","Low type",,"analytic_frontier"
0.153345879989014,0.650014,"nu_SP","Low type",,"analytic_frontier"
0.153890290553226,0.65201392,"nu_SP","Low type",,"analytic_frontier"
0.154435215313282,0.65401384,"nu_SP","Low type",,"analytic_frontier"
0.154980654998013,0.65601376,"nu_SP","Low type",,"analytic_frontier"
0.15552661033763,0.65801368,"nu_SP","Low type",,"analytic_frontier"
0.156073082063722,0.6600136,"nu_SP","Low type",,"analytic_frontier"
0.156620070909264,0.66201352,"nu_SP","Low type",,"analytic_frontier"
0.157167577608621,0.66401344,"nu_SP","Low type",,"analytic_frontier"
0.157715602897545,0.66601336,"nu_SP","Low type",,"analytic_frontier"
0.158264147513186,0.66801328,"nu_SP","Low type",,"analytic_frontier"
0.15881321219409,0.6700132,"nu_SP","Low type",,"analytic_frontier"
0.159362797680205,0.67201312,"nu_SP","Low type",,"analytic_frontier"
0.159912904712883,0.67401304,"nu_SP","Low type",,"analytic_frontier"
0.160463534034883,0.67601296,"nu_SP","Low type",,"analytic_frontier"
0.161014686390375,0.67801288,"nu_SP","Low type",,"analytic_frontier"
0.161566362524946,0.6800128,"nu_SP","Low type",,"analytic_frontier"
0.162118563185598,0.68201272,"nu_SP","Low type",,"analytic_frontier"
0.162671289120755,0.68401264,"nu_SP","Low type",,"analytic_frontier"
0.163224541080266,0.68601256,"nu_SP","Low type",,"analytic_frontier"
0.163778319815406,0.68801248,"nu_SP","Low type",,"analytic_frontier"
0.164332626078885,0.6900124,"nu_SP","Low type",,"analytic_frontier"
0.164887460624845,0.69201232,"nu_SP","Low type",,"analytic_frontier"
0.165442824208866,0.69401224,"nu_SP","Low type",,"analytic_frontier"
0.16599871758797,0.69601216,"nu_SP","Low type",,"analytic_frontier"
0.166555141520626,0.69801208,"nu_SP","Low type",,"analytic_frontier"
0.167112096766749,0.700012,"nu_SP","Low type",,"analytic_frontier"
0.167669584087707,0.70201192,"nu_SP","Low type",,"analytic_frontier"
0.168227604246323,0.70401184,"nu_SP","Low type",,"analytic_frontier"
0.168786158006879,0.70601176,"nu_SP","Low type",,"analytic_frontier"
0.169345246135119,0.70801168,"nu_SP","Low type",,"analytic_frontier"
0.169904869398255,0.7100116,"nu_SP","Low type",,"analytic_frontier"
0.170465028564965,0.71201152,"nu_SP","Low type",,"analytic_frontier"
0.171025724405402,0.71401144,"nu_SP","Low type",,"analytic_frontier"
0.171586957691196,0.71601136,"nu_SP","Low type",,"analytic_frontier"
0.172148729195455,0.71801128,"nu_SP","Low type",,"analytic_frontier"
0.172711039692772,0.7200112,"nu_SP","Low type",,"analytic_frontier"
0.173273889959226,0.72201112,"nu_SP","Low type",,"analytic_frontier"
0.173837280772389,0.72401104,"nu_SP","Low type",,"analytic_frontier"
0.174401212911323,0.72601096,"nu_SP","Low type",,"analytic_frontier"
0.174965687156593,0.72801088,"nu_SP","Low type",,"analytic_frontier"
0.175530704290261,0.7300108,"nu_SP","Low type",,"analytic_frontier"
0.176096265095896,0.73201072,"nu_SP","Low type",,"analytic_frontier"
0.176662370358576,0.73401064,"nu_SP","Low type",,"analytic_frontier"
0.17722902086489,0.73601056,"nu_SP","Low type",,"analytic_frontier"
0.177796217402945,0.73801048,"nu_SP","Low type",,"analytic_frontier"
0.178363960762366,0.7400104,"nu_SP","Low type",,"analytic_frontier"
0.1789322517343,0.74201032,"nu_SP","Low type",,"analytic_frontier"
0.179501091111424,0.74401024,"nu_SP","Low type",,"analytic_frontier"
0.180070479687944,0.74601016,"nu_SP","Low type",,"analytic_frontier"
0.180640418259599,0.74801008,"nu_SP","Low type",,"analytic_frontier"
0.181210907623669,0.75001,"nu_SP","Low type",,"analytic_frontier"
0.181781948578974,0.75200992,"nu_SP","Low type",,"analytic_frontier"
0.182353541925879,0.75400984,"nu_SP","Low type",,"analytic_frontier"
0.182925688466299,0.75600976,"nu_SP","Low type",,"analytic_frontier"
0.183498389003702,0.75800968,"nu_SP","Low type",,"analytic_frontier"
0.184071644343113,0.7600096,"nu_SP","Low type",,"analytic_frontier"
0.184645455291116,0.76200952,"nu_SP","Low type",,"analytic_frontier"
0.18521982265586,0.76400944,"nu_SP","Low type",,"analytic_frontier"
0.185794747247063,0.76600936,"nu_SP","Low type",,"analytic_frontier"
0.186370229876014,0.76800928,"nu_SP","Low type",,"analytic_frontier"
0.186946271355578,0.7700092,"nu_SP","Low type",,"analytic_frontier"
0.187522872500199,0.77200912,"nu_SP","Low type",,"analytic_frontier"
0.188100034125905,0.77400904,"nu_SP","Low type",,"analytic_frontier"
0.188677757050312,0.77600896,"nu_SP","Low type",,"analytic_frontier"
0.189256042092624,0.77800888,"nu_SP","Low type",,"analytic_frontier"
0.189834890073642,0.7800088,"nu_SP","Low type",,"analytic_frontier"
0.190414301815768,0.78200872,"nu_SP","Low type",,"analytic_frontier"
0.190994278143002,0.78400864,"nu_SP","Low type",,"analytic_frontier"
0.191574819880954,0.78600856,"nu_SP","Low type",,"analytic_frontier"
0.192155927856844,0.78800848,"nu_SP","Low type",,"analytic_frontier"
0.192737602899506,0.7900084,"nu_SP","Low type",,"analytic_frontier"
0.193319845839392,0.79200832,"nu_SP","Low type",,"analytic_frontier"
0.193902657508577,0.79400824,"nu_SP","Low type",,"analytic_frontier"
0.194486038740761,0.79600816,"nu_SP","Low type",,"analytic_frontier"
0.195069990371278,0.79800808,"nu_SP","Low type",,"analytic_frontier"
0.195654513237091,0.800008,"nu_SP","Low type",,"analytic_frontier"
0.196239608176806,0.80200792,"nu_SP","Low type",,"analytic_frontier"
0.196825276030668,0.80400784,"nu_SP","Low type",,"analytic_frontier"
0.19741151764057,0.80600776,"nu_SP","Low type",,"analytic_frontier"
0.197998333850055,0.80800768,"nu_SP","Low type",,"analytic_frontier"
0.198585725504321,0.8100076,"nu_SP","Low type",,"analytic_frontier"
0.199173693450223,0.81200752,"nu_SP","Low type",,"analytic_frontier"
0.199762238536279,0.81400744,"nu_SP","Low type",,"analytic_frontier"
0.200351361612674,0.81600736,"nu_SP","Low type",,"analytic_frontier"
0.200941063531265,0.81800728,"nu_SP","Low type",,"analytic_frontier"
0.201531345145581,0.8200072,"nu_SP","Low type",,"analytic_frontier"
0.202122207310831,0.82200712,"nu_SP","Low type",,"analytic_frontier"
0.202713650883909,0.82400704,"nu_SP","Low type",,"analytic_frontier"
0.203305676723393,0.82600696,"nu_SP","Low type",,"analytic_frontier"
0.203898285689555,0.82800688,"nu_SP","Low type",,"analytic_frontier"
0.204491478644361,0.8300068,"nu_SP","Low type",,"analytic_frontier"
0.205085256451477,0.83200672,"nu_SP","Low type",,"analytic_frontier"
0.205679619976273,0.83400664,"nu_SP","Low type",,"analytic_frontier"
0.206274570085827,0.83600656,"nu_SP","Low type",,"analytic_frontier"
0.20687010764893,0.83800648,"nu_SP","Low type",,"analytic_frontier"
0.207466233536088,0.8400064,"nu_SP","Low type",,"analytic_frontier"
0.20806294861953,0.84200632,"nu_SP","Low type",,"analytic_frontier"
0.208660253773208,0.84400624,"nu_SP","Low type",,"analytic_frontier"
0.209258149872804,0.84600616,"nu_SP","Low type",,"analytic_frontier"
0.209856637795733,0.84800608,"nu_SP","Low type",,"analytic_frontier"
0.21045571842115,0.850006,"nu_SP","Low type",,"analytic_frontier"
0.211055392629949,0.85200592,"nu_SP","Low type",,"analytic_frontier"
0.211655661304774,0.85400584,"nu_SP","Low type",,"analytic_frontier"
0.212256525330016,0.85600576,"nu_SP","Low type",,"analytic_frontier"
0.212857985591825,0.85800568,"nu_SP","Low type",,"analytic_frontier"
0.213460042978107,0.8600056,"nu_SP","Low type",,"analytic_frontier"
0.214062698378535,0.86200552,"nu_SP","Low type",,"analytic_frontier"
0.214665952684547,0.86400544,"nu_SP","Low type",,"analytic_frontier"
0.215269806789358,0.86600536,"nu_SP","Low type",,"analytic_frontier"
0.215874261587955,0.86800528,"nu_SP","Low type",,"analytic_frontier"
0.21647931797711,0.8700052,"nu_SP","Low type",,"analytic_frontier"
0.217084976855381,0.87200512,"nu_SP","Low type",,"analytic_frontier"
0.217691239123114,0.87400504,"nu_SP","Low type",,"analytic_frontier"
0.218298105682452,0.87600496,"nu_SP","Low type",,"analytic_frontier"
0.218905577437336,0.87800488,"nu_SP","Low type",,"analytic_frontier"
0.219513655293512,0.8800048,"nu_SP","Low type",,"analytic_frontier"
0.220122340158533,0.88200472,"nu_SP","Low type",,"analytic_frontier"
0.220731632941765,0.88400464,"nu_SP","Low type",,"analytic_frontier"
0.221341534554393,0.88600456,"nu_SP","Low type",,"analytic_frontier"
0.221952045909423,0.88800448,"nu_SP","Low type",,"analytic_frontier"
0.222563167921685,0.8900044,"nu_SP","Low type",,"analytic_frontier"
0.223174901507844,0.89200432,"nu_SP","Low type",,"analytic_frontier"
0.223787247586398,0.89400424,"nu_SP","Low type",,"analytic_frontier"
0.224400207077687,0.89600416,"nu_SP","Low type",,"analytic_frontier"
0.225013780903893,0.89800408,"nu_SP","Low type",,"analytic_frontier"
0.225627969989051,0.900004,"nu_SP","Low type",,"analytic_frontier"
0.226242775259047,0.90200392,"nu_SP","Low type",,"analytic_frontier"
0.226858197641627,0.90400384,"nu_SP","Low type",,"analytic_frontier"
0.227474238066401,0.90600376,"nu_SP","Low type",,"analytic_frontier"
0.228090897464847,0.90800368,"nu_SP","Low type",,"analytic_frontier"
0.228708176770314,0.9100036,"nu_SP","Low type",,"analytic_frontier"
0.22932607691803,0.91200352,"nu_SP","Low type",,"analytic_frontier"
0.229944598845105,0.91400344,"nu_SP","Low type",,"analytic_frontier"
0.230563743490536,0.91600336,"nu_SP","Low type",,"analytic_frontier"
0.231183511795212,0.91800328,"nu_SP","Low type",,"analytic_frontier"
0.231803904701916,0.9200032,"nu_SP","Low type",,"analytic_frontier"
0.232424923155337,0.92200312,"nu_SP","Low type",,"analytic_frontier"
0.233046568102065,0.92400304,"nu_SP","Low type",,"analytic_frontier"
0.233668840490605,0.92600296,"nu_SP","Low type",,"analytic_frontier"
0.234291741271374,0.92800288,"nu_SP","Low type",,"analytic_frontier"
0.234915271396712,0.9300028,"nu_SP","Low type",,"analytic_frontier"
0.235539431820883,0.93200272,"nu_SP","Low type",,"analytic_frontier"
0.236164223500083,0.93400264,"nu_SP","Low type",,"analytic_frontier"
0.236789647392441,0.93600256,"nu_SP","Low type",,"analytic_frontier"
0.237415704458027,0.93800248,"nu_SP","Low type",,"analytic_frontier"
0.238042395658856,0.9400024,"nu_SP","Low type",,"analytic_frontier"
0.238669721958893,0.94200232,"nu_SP","Low type",,"analytic_frontier"
0.239297684324057,0.94400224,"nu_SP","Low type",,"analytic_frontier"
0.239926283722227,0.94600216,"nu_SP","Low type",,"analytic_frontier"
0.240555521123248,0.94800208,"nu_SP","Low type",,"analytic_frontier"
0.241185397498933,0.950002,"nu_SP","Low type",,"analytic_frontier"
0.241815913823069,0.95200192,"nu_SP","Low type",,"analytic_frontier"
0.242447071071427,0.95400184,"nu_SP","Low type",,"analytic_frontier"
0.243078870221757,0.95600176,"nu_SP","Low type",,"analytic_frontier"
0.243711312253803,0.95800168,"nu_SP","Low type",,"analytic_frontier"
0.244344398149302,0.9600016,"nu_SP","Low type",,"analytic_frontier"
0.244978128891993,0.96200152,"nu_SP","Low type",,"analytic_frontier"
0.245612505467616,0.96400144,"nu_SP","Low type",,"analytic_frontier"
0.246247528863926,0.96600136,"nu_SP","Low type",,"analytic_frontier"
0.246883200070689,0.96800128,"nu_SP","Low type",,"analytic_frontier"
0.247519520079694,0.9700012,"nu_SP","Low type",,"analytic_frontier"
0.248156489884756,0.97200112,"nu_SP","Low type",,"analytic_frontier"
0.248794110481719,0.97400104,"nu_SP","Low type",,"analytic_frontier"
0.249432382868463,0.97600096,"nu_SP","Low type",,"analytic_frontier"
0.250071308044911,0.97800088,"nu_SP","Low type",,"analytic_frontier"
0.25071088701303,0.9800008,"nu_SP","Low type",,"analytic_frontier"
0.25135112077684,0.98200072,"nu_SP","Low type",,"analytic_frontier"
0.251992010342419,0.98400064,"nu_SP","Low type",,"analytic_frontier"
0.252633556717905,0.98600056,"nu_SP","Low type",,"analytic_frontier"
0.253275760913504,0.98800048,"nu_SP","Low type",,"analytic_frontier"
0.253918623941495,0.9900004,"nu_SP","Low type",,"analytic_frontier"
0.254562146816235,0.99200032,"nu_SP","Low type",,"analytic_frontier"
0.255206330554164,0.99400024,"nu_SP","Low type",,"analytic_frontier"
0.255851176173813,0.99600016,"nu_SP","Low type",,"analytic_frontier"
0.256496684695803,0.99800008,"nu_SP","Low type",,"analytic_frontier"
0.257142857142857,1,"nu_SP","Low type",,"analytic_frontier"
0.257142857142857,1,"nu_SE","High type",,"analytic_frontier"
0.257027262546362,1.00060504850214,"nu_SE","High type",,"analytic_frontier"
0.256911631969355,1.00121009700427,"nu_SE","High type",,"analytic_frontier"
0.256795965395033,1.00181514550641,"nu_SE","High type",,"analytic_frontier"
0.256680262806585,1.00242019400855,"nu_SE","High type",,"analytic_frontier"
0.256564524187188,1.00302524251069,"nu_SE","High type",,"analytic_frontier"
0.256448749520008,1.00363029101282,"nu_SE","High type",,"analytic_frontier"
0.256332938788202,1.00423533951496,"nu_SE","High type",,"analytic_frontier"
0.256217091974916,1.0048403880171,"nu_SE","High type",,"analytic_frontier"
0.256101209063285,1.00544543651923,"nu_SE","High type",,"analytic_frontier"
0.255985290036433,1.00605048502137,"nu_SE","High type",,"analytic_frontier"
0.255869334877476,1.00665553352351,"nu_SE","High type",,"analytic_frontier"
0.255753343569516,1.00726058202565,"nu_SE","High type",,"analytic_frontier"
0.255637316095647,1.00786563052778,"nu_SE","High type",,"analytic_frontier"
0.255521252438952,1.00847067902992,"nu_SE","High type",,"analytic_frontier"
0.255405152582502,1.00907572753206,"nu_SE","High type",,"analytic_frontier"
0.25528901650936,1.0096807760342,"nu_SE","High type",,"analytic_frontier"
0.255172844202576,1.01028582453633,"nu_SE","High type",,"analytic_frontier"
0.25505663564519,1.01089087303847,"nu_SE","High type",,"analytic_frontier"
0.254940390820233,1.01149592154061,"nu_SE","High type",,"analytic_frontier"
0.254824109710723,1.01210097004274,"nu_SE","High type",,"analytic_frontier"
0.25470779229967,1.01270601854488,"nu_SE","High type",,"analytic_frontier"
0.25459143857007,1.01331106704702,"nu_SE","High type",,"analytic_frontier"
0.254475048504913,1.01391611554916,"nu_SE","High type",,"analytic_frontier"
0.254358622087173,1.01452116405129,"nu_SE","High type",,"analytic_frontier"
0.254242159299818,1.01512621255343,"nu_SE","High type",,"analytic_frontier"
0.254125660125803,1.01573126105557,"nu_SE","High type",,"analytic_frontier"
0.254009124548073,1.0163363095577,"nu_SE","High type",,"analytic_frontier"
0.253892552549561,1.01694135805984,"nu_SE","High type",,"analytic_frontier"
0.253775944113192,1.01754640656198,"nu_SE","High type",,"analytic_frontier"
0.253659299221878,1.01815145506412,"nu_SE","High type",,"analytic_frontier"
0.253542617858522,1.01875650356625,"nu_SE","High type",,"analytic_frontier"
0.253425900006014,1.01936155206839,"nu_SE","High type",,"analytic_frontier"
0.253309145647236,1.01996660057053,"nu_SE","High type",,"analytic_frontier"
0.253192354765057,1.02057164907267,"nu_SE","High type",,"analytic_frontier"
0.253075527342337,1.0211766975748,"nu_SE","High type",,"analytic_frontier"
0.252958663361924,1.02178174607694,"nu_SE","High type",,"analytic_frontier"
0.252841762806657,1.02238679457908,"nu_SE","High type",,"analytic_frontier"
0.252724825659362,1.02299184308121,"nu_SE","High type",,"analytic_frontier"
0.252607851902855,1.02359689158335,"nu_SE","High type",,"analytic_frontier"
0.252490841519943,1.02420194008549,"nu_SE","High type",,"analytic_frontier"
0.25237379449342,1.02480698858763,"nu_SE","High type",,"analytic_frontier"
0.25225671080607,1.02541203708976,"nu_SE","High type",,"analytic_frontier"
0.252139590440666,1.0260170855919,"nu_SE","High type",,"analytic_frontier"
0.252022433379971,1.02662213409404,"nu_SE","High type",,"analytic_frontier"
0.251905239606737,1.02722718259617,"nu_SE","High type",,"analytic_frontier"
0.251788009103703,1.02783223109831,"nu_SE","High type",,"analytic_frontier"
0.251670741853601,1.02843727960045,"nu_SE","High type",,"analytic_frontier"
0.25155343783915,1.02904232810259,"nu_SE","High type",,"analytic_frontier"
0.251436097043057,1.02964737660472,"nu_SE","High type",,"analytic_frontier"
0.251318719448021,1.03025242510686,"nu_SE","High type",,"analytic_frontier"
0.251201305036728,1.030857473609,"nu_SE","High type",,"analytic_frontier"
0.251083853791853,1.03146252211113,"nu_SE","High type",,"analytic_frontier"
0.250966365696063,1.03206757061327,"nu_SE","High type",,"analytic_frontier"
0.250848840732009,1.03267261911541,"nu_SE","High type",,"analytic_frontier"
0.250731278882337,1.03327766761755,"nu_SE","High type",,"analytic_frontier"
0.250613680129678,1.03388271611968,"nu_SE","High type",,"analytic_frontier"
0.250496044456654,1.03448776462182,"nu_SE","High type",,"analytic_frontier"
0.250378371845874,1.03509281312396,"nu_SE","High type",,"analytic_frontier"
0.250260662279939,1.0356978616261,"nu_SE","High type",,"analytic_frontier"
0.250142915741437,1.03630291012823,"nu_SE","High type",,"analytic_frontier"
0.250025132212945,1.03690795863037,"nu_SE","High type",,"analytic_frontier"
0.249907311677031,1.03751300713251,"nu_SE","High type",,"analytic_frontier"
0.24978945411625,1.03811805563464,"nu_SE","High type",,"analytic_frontier"
0.249671559513147,1.03872310413678,"nu_SE","High type",,"analytic_frontier"
0.249553627850256,1.03932815263892,"nu_SE","High type",,"analytic_frontier"
0.249435659110099,1.03993320114106,"nu_SE","High type",,"analytic_frontier"
0.249317653275188,1.04053824964319,"nu_SE","High type",,"analytic_frontier"
0.249199610328025,1.04114329814533,"nu_SE","High type",,"analytic_frontier"
0.249081530251098,1.04174834664747,"nu_SE","High type",,"analytic_frontier"
0.248963413026887,1.0423533951496,"nu_SE","High type",,"analytic_frontier"
0.24884525863786,1.04295844365174,"nu_SE","High type",,"analytic_frontier"
0.248727067066473,1.04356349215388,"nu_SE","High type",,"analytic_frontier"
0.248608838295172,1.04416854065602,"nu_SE","High type",,"analytic_frontier"
0.248490572306392,1.04477358915815,"nu_SE","High type",,"analytic_frontier"
0.248372269082555,1.04537863766029,"nu_SE","High type",,"analytic_frontier"
0.248253928606076,1.04598368616243,"nu_SE","High type",,"analytic_frontier"
0.248135550859354,1.04658873466457,"nu_SE","High type",,"analytic_frontier"
0.248017135824782,1.0471937831667,"nu_SE","High type",,"analytic_frontier"
0.247898683484736,1.04779883166884,"nu_SE","High type",,"analytic_frontier"
0.247780193821587,1.04840388017098,"nu_SE","High type",,"analytic_frontier"
0.247661666817691,1.04900892867311,"nu_SE","High type",,"analytic_frontier"
0.247543102455393,1.04961397717525,"nu_SE","High type",,"analytic_frontier"
0.247424500717029,1.05021902567739,"nu_SE","High type",,"analytic_frontier"
0.247305861584922,1.05082407417953,"nu_SE","High type",,"analytic_frontier"
0.247187185041385,1.05142912268166,"nu_SE","High type",,"analytic_frontier"
0.24706847106872,1.0520341711838,"nu_SE","High type",,"analytic_frontier"
0.246949719649215,1.05263921968594,"nu_SE","High type",,"analytic_frontier"
0.246830930765151,1.05324426818807,"nu_SE","High type",,"analytic_frontier"
0.246712104398795,1.05384931669021,"nu_SE","High type",,"analytic_frontier"
0.246593240532403,1.05445436519235,"nu_SE","High type",,"analytic_frontier"
0.246474339148222,1.05505941369449,"nu_SE","High type",,"analytic_frontier"
0.246355400228485,1.05566446219662,"nu_SE","High type",,"analytic_frontier"
0.246236423755415,1.05626951069876,"nu_SE","High type",,"analytic_frontier"
0.246117409711225,1.0568745592009,"nu_SE","High type",,"analytic_frontier"
0.245998358078114,1.05747960770303,"nu_SE","High type",,"analytic_frontier"
0.245879268838271,1.05808465620517,"nu_SE","High type",,"analytic_frontier"
0.245760141973876,1.05868970470731,"nu_SE","High type",,"analytic_frontier"
0.245640977467095,1.05929475320945,"nu_SE","High type",,"analytic_frontier"
0.245521775300083,1.05989980171158,"nu_SE","High type",,"analytic_frontier"
0.245402535454984,1.06050485021372,"nu_SE","High type",,"analytic_frontier"
0.245283257913932,1.06110989871586,"nu_SE","High type",,"analytic_frontier"
0.245163942659048,1.061714947218,"nu_SE","High type",,"analytic_frontier"
0.245044589672442,1.06231999572013,"nu_SE","High type",,"analytic_frontier"
0.244925198936213,1.06292504422227,"nu_SE","High type",,"analytic_frontier"
0.244805770432449,1.06353009272441,"nu_SE","High type",,"analytic_frontier"
0.244686304143227,1.06413514122654,"nu_SE","High type",,"analytic_frontier"
0.244566800050611,1.06474018972868,"nu_SE","High type",,"analytic_frontier"
0.244447258136655,1.06534523823082,"nu_SE","High type",,"analytic_frontier"
0.244327678383401,1.06595028673296,"nu_SE","High type",,"analytic_frontier"
0.244208060772881,1.06655533523509,"nu_SE","High type",,"analytic_frontier"
0.244088405287113,1.06716038373723,"nu_SE","High type",,"analytic_frontier"
0.243968711908106,1.06776543223937,"nu_SE","High type",,"analytic_frontier"
0.243848980617857,1.0683704807415,"nu_SE","High type",,"analytic_frontier"
0.24372921139835,1.06897552924364,"nu_SE","High type",,"analytic_frontier"
0.243609404231561,1.06958057774578,"nu_SE","High type",,"analytic_frontier"
0.243489559099451,1.07018562624792,"nu_SE","High type",,"analytic_frontier"
0.243369675983971,1.07079067475005,"nu_SE","High type",,"analytic_frontier"
0.243249754867062,1.07139572325219,"nu_SE","High type",,"analytic_frontier"
0.24312979573065,1.07200077175433,"nu_SE","High type",,"analytic_frontier"
0.243009798556654,1.07260582025646,"nu_SE","High type",,"analytic_frontier"
0.242889763326978,1.0732108687586,"nu_SE","High type",,"analytic_frontier"
0.242769690023516,1.07381591726074,"nu_SE","High type",,"analytic_frontier"
0.242649578628151,1.07442096576288,"nu_SE","High type",,"analytic_frontier"
0.242529429122752,1.07502601426501,"nu_SE","High type",,"analytic_frontier"
0.24240924148918,1.07563106276715,"nu_SE","High type",,"analytic_frontier"
0.242289015709282,1.07623611126929,"nu_SE","High type",,"analytic_frontier"
0.242168751764894,1.07684115977143,"nu_SE","High type",,"analytic_frontier"
0.242048449637841,1.07744620827356,"nu_SE","High type",,"analytic_frontier"
0.241928109309937,1.0780512567757,"nu_SE","High type",,"analytic_frontier"
0.241807730762982,1.07865630527784,"nu_SE","High type",,"analytic_frontier"
0.241687313978767,1.07926135377997,"nu_SE","High type",,"analytic_frontier"
0.241566858939071,1.07986640228211,"nu_SE","High type",,"analytic_frontier"
0.24144636562566,1.08047145078425,"nu_SE","High type",,"analytic_frontier"
0.241325834020289,1.08107649928639,"nu_SE","High type",,"analytic_frontier"
0.241205264104703,1.08168154778852,"nu_SE","High type",,"analytic_frontier"
0.241084655860633,1.08228659629066,"nu_SE","High type",,"analytic_frontier"
0.2409640092698,1.0828916447928,"nu_SE","High type",,"analytic_frontier"
0.240843324313912,1.08349669329493,"nu_SE","High type",,"analytic_frontier"
0.240722600974668,1.08410174179707,"nu_SE","High type",,"analytic_frontier"
0.240601839233752,1.08470679029921,"nu_SE","High type",,"analytic_frontier"
0.240481039072838,1.08531183880135,"nu_SE","High type",,"analytic_frontier"
0.24036020047359,1.08591688730348,"nu_SE","High type",,"analytic_frontier"
0.240239323417656,1.08652193580562,"nu_SE","High type",,"analytic_frontier"
0.240118407886677,1.08712698430776,"nu_SE","High type",,"analytic_frontier"
0.239997453862279,1.0877320328099,"nu_SE","High type",,"analytic_frontier"
0.239876461326079,1.08833708131203,"nu_SE","High type",,"analytic_frontier"
0.239755430259679,1.08894212981417,"nu_SE","High type",,"analytic_frontier"
0.239634360644672,1.08954717831631,"nu_SE","High type",,"analytic_frontier"
0.239513252462638,1.09015222681844,"nu_SE","High type",,"analytic_frontier"
0.239392105695146,1.09075727532058,"nu_SE","High type",,"analytic_frontier"
0.239270920323753,1.09136232382272,"nu_SE","High type",,"analytic_frontier"
0.239149696330003,1.09196737232486,"nu_SE","High type",,"analytic_frontier"
0.239028433695431,1.09257242082699,"nu_SE","High type",,"analytic_frontier"
0.238907132401558,1.09317746932913,"nu_SE","High type",,"analytic_frontier"
0.238785792429894,1.09378251783127,"nu_SE","High type",,"analytic_frontier"
0.238664413761936,1.0943875663334,"nu_SE","High type",,"analytic_frontier"
0.238542996379171,1.09499261483554,"nu_SE","High type",,"analytic_frontier"
0.238421540263073,1.09559766333768,"nu_SE","High type",,"analytic_frontier"
0.238300045395106,1.09620271183982,"nu_SE","High type",,"analytic_frontier"
0.238178511756719,1.09680776034195,"nu_SE","High type",,"analytic_frontier"
0.238056939329351,1.09741280884409,"nu_SE","High type",,"analytic_frontier"
0.23793532809443,1.09801785734623,"nu_SE","High type",,"analytic_frontier"
0.23781367803337,1.09862290584836,"nu_SE","High type",,"analytic_frontier"
0.237691989127576,1.0992279543505,"nu_SE","High type",,"analytic_frontier"
0.237570261358438,1.09983300285264,"nu_SE","High type",,"analytic_frontier"
0.237448494707337,1.10043805135478,"nu_SE","High type",,"analytic_frontier"
0.237326689155639,1.10104309985691,"nu_SE","High type",,"analytic_frontier"
0.2372048446847,1.10164814835905,"nu_SE","High type",,"analytic_frontier"
0.237082961275865,1.10225319686119,"nu_SE","High type",,"analytic_frontier"
0.236961038910465,1.10285824536333,"nu_SE","High type",,"analytic_frontier"
0.236839077569821,1.10346329386546,"nu_SE","High type",,"analytic_frontier"
0.236717077235239,1.1040683423676,"nu_SE","High type",,"analytic_frontier"
0.236595037888017,1.10467339086974,"nu_SE","High type",,"analytic_frontier"
0.236472959509439,1.10527843937187,"nu_SE","High type",,"analytic_frontier"
0.236350842080776,1.10588348787401,"nu_SE","High type",,"analytic_frontier"
0.236228685583288,1.10648853637615,"nu_SE","High type",,"analytic_frontier"
0.236106489998225,1.10709358487829,"nu_SE","High type",,"analytic_frontier"
0.235984255306822,1.10769863338042,"nu_SE","High type",,"analytic_frontier"
0.235861981490303,1.10830368188256,"nu_SE","High type",,"analytic_frontier"
0.23573966852988,1.1089087303847,"nu_SE","High type",,"analytic_frontier"
0.235617316406754,1.10951377888683,"nu_SE","High type",,"analytic_frontier"
0.235494925102113,1.11011882738897,"nu_SE","High type",,"analytic_frontier"
0.235372494597131,1.11072387589111,"nu_SE","High type",,"analytic_frontier"
0.235250024872975,1.11132892439325,"nu_SE","High type",,"analytic_frontier"
0.235127515910795,1.11193397289538,"nu_SE","High type",,"analytic_frontier"
0.23500496769173,1.11253902139752,"nu_SE","High type",,"analytic_frontier"
0.23488238019691,1.11314406989966,"nu_SE","High type",,"analytic_frontier"
0.234759753407449,1.11374911840179,"nu_SE","High type",,"analytic_frontier"
0.234637087304452,1.11435416690393,"nu_SE","High type",,"analytic_frontier"
0.234514381869008,1.11495921540607,"nu_SE","High type",,"analytic_frontier"
0.234391637082198,1.11556426390821,"nu_SE","High type",,"analytic_frontier"
0.234268852925089,1.11616931241034,"nu_SE","High type",,"analytic_frontier"
0.234146029378735,1.11677436091248,"nu_SE","High type",,"analytic_frontier"
0.234023166424181,1.11737940941462,"nu_SE","High type",,"analytic_frontier"
0.233900264042455,1.11798445791676,"nu_SE","High type",,"analytic_frontier"
0.233777322214577,1.11858950641889,"nu_SE","High type",,"analytic_frontier"
0.233654340921552,1.11919455492103,"nu_SE","High type",,"analytic_frontier"
0.233531320144376,1.11979960342317,"nu_SE","High type",,"analytic_frontier"
0.23340825986403,1.1204046519253,"nu_SE","High type",,"analytic_frontier"
0.233285160061483,1.12100970042744,"nu_SE","High type",,"analytic_frontier"
0.233162020717693,1.12161474892958,"nu_SE","High type",,"analytic_frontier"
0.233038841813605,1.12221979743172,"nu_SE","High type",,"analytic_frontier"
0.232915623330153,1.12282484593385,"nu_SE","High type",,"analytic_frontier"
0.232792365248256,1.12342989443599,"nu_SE","High type",,"analytic_frontier"
0.232669067548824,1.12403494293813,"nu_SE","High type",,"analytic_frontier"
0.232545730212752,1.12463999144026,"nu_SE","High type",,"analytic_frontier"
0.232422353220924,1.1252450399424,"nu_SE","High type",,"analytic_frontier"
0.232298936554212,1.12585008844454,"nu_SE","High type",,"analytic_frontier"
0.232175480193476,1.12645513694668,"nu_SE","High type",,"analytic_frontier"
0.232051984119561,1.12706018544881,"nu_SE","High type",,"analytic_frontier"
0.231928448313304,1.12766523395095,"nu_SE","High type",,"analytic_frontier"
0.231804872755525,1.12827028245309,"nu_SE","High type",,"analytic_frontier"
0.231681257427036,1.12887533095523,"nu_SE","High type",,"analytic_frontier"
0.231557602308633,1.12948037945736,"nu_SE","High type",,"analytic_frontier"
0.231433907381103,1.1300854279595,"nu_SE","High type",,"analytic_frontier"
0.231310172625217,1.13069047646164,"nu_SE","High type",,"analytic_frontier"
0.231186398021736,1.13129552496377,"nu_SE","High type",,"analytic_frontier"
0.231062583551409,1.13190057346591,"nu_SE","High type",,"analytic_frontier"
0.230938729194971,1.13250562196805,"nu_SE","High type",,"analytic_frontier"
0.230814834933145,1.13311067047019,"nu_SE","High type",,"analytic_frontier"
0.230690900746642,1.13371571897232,"nu_SE","High type",,"analytic_frontier"
0.230566926616162,1.13432076747446,"nu_SE","High type",,"analytic_frontier"
0.230442912522388,1.1349258159766,"nu_SE","High type",,"analytic_frontier"
0.230318858445996,1.13553086447873,"nu_SE","High type",,"analytic_frontier"
0.230194764367646,1.13613591298087,"nu_SE","High type",,"analytic_frontier"
0.230070630267987,1.13674096148301,"nu_SE","High type",,"analytic_frontier"
0.229946456127654,1.13734600998515,"nu_SE","High type",,"analytic_frontier"
0.229822241927273,1.13795105848728,"nu_SE","High type",,"analytic_frontier"
0.229697987647452,1.13855610698942,"nu_SE","High type",,"analytic_frontier"
0.229573693268792,1.13916115549156,"nu_SE","High type",,"analytic_frontier"
0.229449358771878,1.13976620399369,"nu_SE","High type",,"analytic_frontier"
0.229324984137284,1.14037125249583,"nu_SE","High type",,"analytic_frontier"
0.229200569345571,1.14097630099797,"nu_SE","High type",,"analytic_frontier"
0.229076114377287,1.14158134950011,"nu_SE","High type",,"analytic_frontier"
0.228951619212968,1.14218639800224,"nu_SE","High type",,"analytic_frontier"
0.228827083833137,1.14279144650438,"nu_SE","High type",,"analytic_frontier"
0.228702508218305,1.14339649500652,"nu_SE","High type",,"analytic_frontier"
0.22857789234897,1.14400154350866,"nu_SE","High type",,"analytic_frontier"
0.228453236205618,1.14460659201079,"nu_SE","High type",,"analytic_frontier"
0.228328539768722,1.14521164051293,"nu_SE","High type",,"analytic_frontier"
0.228203803018742,1.14581668901507,"nu_SE","High type",,"analytic_frontier"
0.228079025936124,1.1464217375172,"nu_SE","High type",,"analytic_frontier"
0.227954208501306,1.14702678601934,"nu_SE","High type",,"analytic_frontier"
0.227829350694708,1.14763183452148,"nu_SE","High type",,"analytic_frontier"
0.22770445249674,1.14823688302362,"nu_SE","High type",,"analytic_frontier"
0.2275795138878,1.14884193152575,"nu_SE","High type",,"analytic_frontier"
0.227454534848271,1.14944698002789,"nu_SE","High type",,"analytic_frontier"
0.227329515358526,1.15005202853003,"nu_SE","High type",,"analytic_frontier"
0.227204455398923,1.15065707703216,"nu_SE","High type",,"analytic_frontier"
0.227079354949808,1.1512621255343,"nu_SE","High type",,"analytic_frontier"
0.226954213991515,1.15186717403644,"nu_SE","High type",,"analytic_frontier"
0.226829032504364,1.15247222253858,"nu_SE","High type",,"analytic_frontier"
0.226703810468664,1.15307727104071,"nu_SE","High type",,"analytic_frontier"
0.22657854786471,1.15368231954285,"nu_SE","High type",,"analytic_frontier"
0.226453244672783,1.15428736804499,"nu_SE","High type",,"analytic_frontier"
0.226327900873154,1.15489241654713,"nu_SE","High type",,"analytic_frontier"
0.22620251644608,1.15549746504926,"nu_SE","High type",,"analytic_frontier"
0.226077091371804,1.1561025135514,"nu_SE","High type",,"analytic_frontier"
0.225951625630559,1.15670756205354,"nu_SE","High type",,"analytic_frontier"
0.225826119202561,1.15731261055567,"nu_SE","High type",,"analytic_frontier"
0.225700572068018,1.15791765905781,"nu_SE","High type",,"analytic_frontier"
0.22557498420712,1.15852270755995,"nu_SE","High type",,"analytic_frontier"
0.22544935560005,1.15912775606209,"nu_SE","High type",,"analytic_frontier"
0.225323686226973,1.15973280456422,"nu_SE","High type",,"analytic_frontier"
0.225197976068043,1.16033785306636,"nu_SE","High type",,"analytic_frontier"
0.225072225103403,1.1609429015685,"nu_SE","High type",,"analytic_frontier"
0.22494643331318,1.16154795007063,"nu_SE","High type",,"analytic_frontier"
0.22482060067749,1.16215299857277,"nu_SE","High type",,"analytic_frontier"
0.224694727176435,1.16275804707491,"nu_SE","High type",,"analytic_frontier"
0.224568812790105,1.16336309557705,"nu_SE","High type",,"analytic_frontier"
0.224442857498577,1.16396814407918,"nu_SE","High type",,"analytic_frontier"
0.224316861281914,1.16457319258132,"nu_SE","High type",,"analytic_frontier"
0.224190824120167,1.16517824108346,"nu_SE","High type",,"analytic_frontier"
0.224064745993375,1.16578328958559,"nu_SE","High type",,"analytic_frontier"
0.223938626881562,1.16638833808773,"nu_SE","High type",,"analytic_frontier"
0.223812466764739,1.16699338658987,"nu_SE","High type",,"analytic_frontier"
0.223686265622906,1.16759843509201,"nu_SE","High type",,"analytic_frontier"
0.223560023436048,1.16820348359414,"nu_SE","High type",,"analytic_frontier"
0.223433740184139,1.16880853209628,"nu_SE","High type",,"analytic_frontier"
0.223307415847138,1.16941358059842,"nu_SE","High type",,"analytic_frontier"
0.223181050404992,1.17001862910056,"nu_SE","High type",,"analytic_frontier"
0.223054643837634,1.17062367760269,"nu_SE","High type",,"analytic_frontier"
0.222928196124985,1.17122872610483,"nu_SE","High type",,"analytic_frontier"
0.222801707246954,1.17183377460697,"nu_SE","High type",,"analytic_frontier"
0.222675177183433,1.1724388231091,"nu_SE","High type",,"analytic_frontier"
0.222548605914306,1.17304387161124,"nu_SE","High type",,"analytic_frontier"
0.222421993419438,1.17364892011338,"nu_SE","High type",,"analytic_frontier"
0.222295339678688,1.17425396861552,"nu_SE","High type",,"analytic_frontier"
0.222168644671895,1.17485901711765,"nu_SE","High type",,"analytic_frontier"
0.222041908378889,1.17546406561979,"nu_SE","High type",,"analytic_frontier"
0.221915130779486,1.17606911412193,"nu_SE","High type",,"analytic_frontier"
0.221788311853489,1.17667416262406,"nu_SE","High type",,"analytic_frontier"
0.221661451580686,1.1772792111262,"nu_SE","High type",,"analytic_frontier"
0.221534549940854,1.17788425962834,"nu_SE","High type",,"analytic_frontier"
0.221407606913756,1.17848930813048,"nu_SE","High type",,"analytic_frontier"
0.221280622479142,1.17909435663261,"nu_SE","High type",,"analytic_frontier"
0.221153596616749,1.17969940513475,"nu_SE","High type",,"analytic_frontier"
0.221026529306299,1.18030445363689,"nu_SE","High type",,"analytic_frontier"
0.220899420527504,1.18090950213903,"nu_SE","High type",,"analytic_frontier"
0.22077227026006,1.18151455064116,"nu_SE","High type",,"analytic_frontier"
0.22064507848365,1.1821195991433,"nu_SE","High type",,"analytic_frontier"
0.220517845177946,1.18272464764544,"nu_SE","High type",,"analytic_frontier"
0.220390570322604,1.18332969614757,"nu_SE","High type",,"analytic_frontier"
0.220263253897268,1.18393474464971,"nu_SE","High type",,"analytic_frontier"
0.220135895881569,1.18453979315185,"nu_SE","High type",,"analytic_frontier"
0.220008496255123,1.18514484165399,"nu_SE","High type",,"analytic_frontier"
0.219881054997535,1.18574989015612,"nu_SE","High type",,"analytic_frontier"
0.219753572088396,1.18635493865826,"nu_SE","High type",,"analytic_frontier"
0.219626047507282,1.1869599871604,"nu_SE","High type",,"analytic_frontier"
0.219498481233758,1.18756503566253,"nu_SE","High type",,"analytic_frontier"
0.219370873247374,1.18817008416467,"nu_SE","High type",,"analytic_frontier"
0.219243223527667,1.18877513266681,"nu_SE","High type",,"analytic_frontier"
0.21911553205416,1.18938018116895,"nu_SE","High type",,"analytic_frontier"
0.218987798806365,1.18998522967108,"nu_SE","High type",,"analytic_frontier"
0.218860023763778,1.19059027817322,"nu_SE","High type",,"analytic_frontier"
0.218732206905883,1.19119532667536,"nu_SE","High type",,"analytic_frontier"
0.21860434821215,1.19180037517749,"nu_SE","High type",,"analytic_frontier"
0.218476447662035,1.19240542367963,"nu_SE","High type",,"analytic_frontier"
0.218348505234982,1.19301047218177,"nu_SE","High type",,"analytic_frontier"
0.21822052091042,1.19361552068391,"nu_SE","High type",,"analytic_frontier"
0.218092494667766,1.19422056918604,"nu_SE","High type",,"analytic_frontier"
0.217964426486422,1.19482561768818,"nu_SE","High type",,"analytic_frontier"
0.217836316345778,1.19543066619032,"nu_SE","High type",,"analytic_frontier"
0.21770816422521,1.19603571469246,"nu_SE","High type",,"analytic_frontier"
0.217579970104079,1.19664076319459,"nu_SE","High type",,"analytic_frontier"
0.217451733961735,1.19724581169673,"nu_SE","High type",,"analytic_frontier"
0.217323455777513,1.19785086019887,"nu_SE","High type",,"analytic_frontier"
0.217195135530733,1.198455908701,"nu_SE","High type",,"analytic_frontier"
0.217066773200706,1.19906095720314,"nu_SE","High type",,"analytic_frontier"
0.216938368766724,1.19966600570528,"nu_SE","High type",,"analytic_frontier"
0.216809922208069,1.20027105420742,"nu_SE","High type",,"analytic_frontier"
0.216681433504008,1.20087610270955,"nu_SE","High type",,"analytic_frontier"
0.216552902633794,1.20148115121169,"nu_SE","High type",,"analytic_frontier"
0.216424329576669,1.20208619971383,"nu_SE","High type",,"analytic_frontier"
0.216295714311858,1.20269124821596,"nu_SE","High type",,"analytic_frontier"
0.216167056818574,1.2032962967181,"nu_SE","High type",,"analytic_frontier"
0.216038357076017,1.20390134522024,"nu_SE","High type",,"analytic_frontier"
0.215909615063371,1.20450639372238,"nu_SE","High type",,"analytic_frontier"
0.215780830759809,1.20511144222451,"nu_SE","High type",,"analytic_frontier"
0.215652004144489,1.20571649072665,"nu_SE","High type",,"analytic_frontier"
0.215523135196555,1.20632153922879,"nu_SE","High type",,"analytic_frontier"
0.215394223895138,1.20692658773092,"nu_SE","High type",,"analytic_frontier"
0.215265270219355,1.20753163623306,"nu_SE","High type",,"analytic_frontier"
0.215136274148309,1.2081366847352,"nu_SE","High type",,"analytic_frontier"
0.21500723566109,1.20874173323734,"nu_SE","High type",,"analytic_frontier"
0.214878154736774,1.20934678173947,"nu_SE","High type",,"analytic_frontier"
0.214749031354422,1.20995183024161,"nu_SE","High type",,"analytic_frontier"
0.214619865493083,1.21055687874375,"nu_SE","High type",,"analytic_frontier"
0.214490657131791,1.21116192724589,"nu_SE","High type",,"analytic_frontier"
0.214361406249568,1.21176697574802,"nu_SE","High type",,"analytic_frontier"
0.214232112825419,1.21237202425016,"nu_SE","High type",,"analytic_frontier"
0.214102776838338,1.2129770727523,"nu_SE","High type",,"analytic_frontier"
0.213973398267304,1.21358212125443,"nu_SE","High type",,"analytic_frontier"
0.213843977091283,1.21418716975657,"nu_SE","High type",,"analytic_frontier"
0.213714513289225,1.21479221825871,"nu_SE","High type",,"analytic_frontier"
0.213585006840069,1.21539726676085,"nu_SE","High type",,"analytic_frontier"
0.213455457722738,1.21600231526298,"nu_SE","High type",,"analytic_frontier"
0.213325865916142,1.21660736376512,"nu_SE","High type",,"analytic_frontier"
0.213196231399178,1.21721241226726,"nu_SE","High type",,"analytic_frontier"
0.213066554150726,1.21781746076939,"nu_SE","High type",,"analytic_frontier"
0.212936834149656,1.21842250927153,"nu_SE","High type",,"analytic_frontier"
0.212807071374821,1.21902755777367,"nu_SE","High type",,"analytic_frontier"
0.212677265805061,1.21963260627581,"nu_SE","High type",,"analytic_frontier"
0.212547417419204,1.22023765477794,"nu_SE","High type",,"analytic_frontier"
0.212417526196061,1.22084270328008,"nu_SE","High type",,"analytic_frontier"
0.21228759211443,1.22144775178222,"nu_SE","High type",,"analytic_frontier"
0.212157615153096,1.22205280028436,"nu_SE","High type",,"analytic_frontier"
0.21202759529083,1.22265784878649,"nu_SE","High type",,"analytic_frontier"
0.211897532506386,1.22326289728863,"nu_SE","High type",,"analytic_frontier"
0.211767426778509,1.22386794579077,"nu_SE","High type",,"analytic_frontier"
0.211637278085926,1.2244729942929,"nu_SE","High type",,"analytic_frontier"
0.21150708640735,1.22507804279504,"nu_SE","High type",,"analytic_frontier"
0.211376851721484,1.22568309129718,"nu_SE","High type",,"analytic_frontier"
0.211246574007011,1.22628813979932,"nu_SE","High type",,"analytic_frontier"
0.211116253242605,1.22689318830145,"nu_SE","High type",,"analytic_frontier"
0.210985889406923,1.22749823680359,"nu_SE","High type",,"analytic_frontier"
0.210855482478609,1.22810328530573,"nu_SE","High type",,"analytic_frontier"
0.210725032436292,1.22870833380786,"nu_SE","High type",,"analytic_frontier"
0.210594539258589,1.22931338231,"nu_SE","High type",,"analytic_frontier"
0.2104640029241,1.22991843081214,"nu_SE","High type",,"analytic_frontier"
0.210333423411413,1.23052347931428,"nu_SE","High type",,"analytic_frontier"
0.2102028006991,1.23112852781641,"nu_SE","High type",,"analytic_frontier"
0.210072134765721,1.23173357631855,"nu_SE","High type",,"analytic_frontier"
0.20994142558982,1.23233862482069,"nu_SE","High type",,"analytic_frontier"
0.209810673149928,1.23294367332282,"nu_SE","High type",,"analytic_frontier"
0.209679877424561,1.23354872182496,"nu_SE","High type",,"analytic_frontier"
0.20954903839222,1.2341537703271,"nu_SE","High type",,"analytic_frontier"
0.209418156031395,1.23475881882924,"nu_SE","High type",,"analytic_frontier"
0.209287230320557,1.23536386733137,"nu_SE","High type",,"analytic_frontier"
0.209156261238167,1.23596891583351,"nu_SE","High type",,"analytic_frontier"
0.20902524876267,1.23657396433565,"nu_SE","High type",,"analytic_frontier"
0.208894192872495,1.23717901283779,"nu_SE","High type",,"analytic_frontier"
0.20876309354606,1.23778406133992,"nu_SE","High type",,"analytic_frontier"
0.208631950761767,1.23838910984206,"nu_SE","High type",,"analytic_frontier"
0.208500764498004,1.2389941583442,"nu_SE","High type",,"analytic_frontier"
0.208369534733143,1.23959920684633,"nu_SE","High type",,"analytic_frontier"
0.208238261445544,1.24020425534847,"nu_SE","High type",,"analytic_frontier"
0.208106944613552,1.24080930385061,"nu_SE","High type",,"analytic_frontier"
0.207975584215497,1.24141435235275,"nu_SE","High type",,"analytic_frontier"
0.207844180229695,1.24201940085488,"nu_SE","High type",,"analytic_frontier"
0.207712732634448,1.24262444935702,"nu_SE","High type",,"analytic_frontier"
0.207581241408043,1.24322949785916,"nu_SE","High type",,"analytic_frontier"
0.207449706528753,1.24383454636129,"nu_SE","High type",,"analytic_frontier"
0.207318127974835,1.24443959486343,"nu_SE","High type",,"analytic_frontier"
0.207186505724535,1.24504464336557,"nu_SE","High type",,"analytic_frontier"
0.207054839756081,1.24564969186771,"nu_SE","High type",,"analytic_frontier"
0.206923130047688,1.24625474036984,"nu_SE","High type",,"analytic_frontier"
0.206791376577558,1.24685978887198,"nu_SE","High type",,"analytic_frontier"
0.206659579323875,1.24746483737412,"nu_SE","High type",,"analytic_frontier"
0.206527738264811,1.24806988587626,"nu_SE","High type",,"analytic_frontier"
0.206395853378525,1.24867493437839,"nu_SE","High type",,"analytic_frontier"
0.206263924643157,1.24927998288053,"nu_SE","High type",,"analytic_frontier"
0.206131952036836,1.24988503138267,"nu_SE","High type",,"analytic_frontier"
0.205999935537675,1.2504900798848,"nu_SE","High type",,"analytic_frontier"
0.205867875123774,1.25109512838694,"nu_SE","High type",,"analytic_frontier"
0.205735770773216,1.25170017688908,"nu_SE","High type",,"analytic_frontier"
0.205603622464071,1.25230522539122,"nu_SE","High type",,"analytic_frontier"
0.205471430174395,1.25291027389335,"nu_SE","High type",,"analytic_frontier"
0.205339193882227,1.25351532239549,"nu_SE","High type",,"analytic_frontier"
0.205206913565593,1.25412037089763,"nu_SE","High type",,"analytic_frontier"
0.205074589202506,1.25472541939976,"nu_SE","High type",,"analytic_frontier"
0.204942220770961,1.2553304679019,"nu_SE","High type",,"analytic_frontier"
0.20480980824894,1.25593551640404,"nu_SE","High type",,"analytic_frontier"
0.20467735161441,1.25654056490618,"nu_SE","High type",,"analytic_frontier"
0.204544850845325,1.25714561340831,"nu_SE","High type",,"analytic_frontier"
0.204412305919622,1.25775066191045,"nu_SE","High type",,"analytic_frontier"
0.204279716815224,1.25835571041259,"nu_SE","High type",,"analytic_frontier"
0.204147083510039,1.25896075891472,"nu_SE","High type",,"analytic_frontier"
0.204014405981962,1.25956580741686,"nu_SE","High type",,"analytic_frontier"
0.20388168420887,1.260170855919,"nu_SE","High type",,"analytic_frontier"
0.20374891816863,1.26077590442114,"nu_SE","High type",,"analytic_frontier"
0.203616107839089,1.26138095292327,"nu_SE","High type",,"analytic_frontier"
0.203483253198083,1.26198600142541,"nu_SE","High type",,"analytic_frontier"
0.203350354223431,1.26259104992755,"nu_SE","High type",,"analytic_frontier"
0.203217410892939,1.26319609842969,"nu_SE","High type",,"analytic_frontier"
0.203084423184397,1.26380114693182,"nu_SE","High type",,"analytic_frontier"
0.202951391075579,1.26440619543396,"nu_SE","High type",,"analytic_frontier"
0.202818314544248,1.2650112439361,"nu_SE","High type",,"analytic_frontier"
0.202685193568148,1.26561629243823,"nu_SE","High type",,"analytic_frontier"
0.20255202812501,1.26622134094037,"nu_SE","High type",,"analytic_frontier"
0.20241881819255,1.26682638944251,"nu_SE","High type",,"analytic_frontier"
0.20228556374847,1.26743143794465,"nu_SE","High type",,"analytic_frontier"
0.202152264770456,1.26803648644678,"nu_SE","High type",,"analytic_frontier"
0.202018921236178,1.26864153494892,"nu_SE","High type",,"analytic_frontier"
0.201885533123293,1.26924658345106,"nu_SE","High type",,"analytic_frontier"
0.201752100409443,1.26985163195319,"nu_SE","High type",,"analytic_frontier"
0.201618623072254,1.27045668045533,"nu_SE","High type",,"analytic_frontier"
0.201485101089337,1.27106172895747,"nu_SE","High type",,"analytic_frontier"
0.201351534438289,1.27166677745961,"nu_SE","High type",,"analytic_frontier"
0.201217923096691,1.27227182596174,"nu_SE","High type",,"analytic_frontier"
0.201084267042111,1.27287687446388,"nu_SE","High type",,"analytic_frontier"
0.200950566252099,1.27348192296602,"nu_SE","High type",,"analytic_frontier"
0.200816820704191,1.27408697146815,"nu_SE","High type",,"analytic_frontier"
0.20068303037591,1.27469201997029,"nu_SE","High type",,"analytic_frontier"
0.200549195244761,1.27529706847243,"nu_SE","High type",,"analytic_frontier"
0.200415315288236,1.27590211697457,"nu_SE","High type",,"analytic_frontier"
0.200281390483811,1.2765071654767,"nu_SE","High type",,"analytic_frontier"
0.200147420808947,1.27711221397884,"nu_SE","High type",,"analytic_frontier"
0.20001340624109,1.27771726248098,"nu_SE","High type",,"analytic_frontier"
0.199879346757671,1.27832231098312,"nu_SE","High type",,"analytic_frontier"
0.199745242336105,1.27892735948525,"nu_SE","High type",,"analytic_frontier"
0.199611092953795,1.27953240798739,"nu_SE","High type",,"analytic_frontier"
0.199476898588124,1.28013745648953,"nu_SE","High type",,"analytic_frontier"
0.199342659216462,1.28074250499166,"nu_SE","High type",,"analytic_frontier"
0.199208374816167,1.2813475534938,"nu_SE","High type",,"analytic_frontier"
0.199074045364576,1.28195260199594,"nu_SE","High type",,"analytic_frontier"
0.198939670839015,1.28255765049808,"nu_SE","High type",,"analytic_frontier"
0.198805251216793,1.28316269900021,"nu_SE","High type",,"analytic_frontier"
0.198670786475204,1.28376774750235,"nu_SE","High type",,"analytic_frontier"
0.198536276591528,1.28437279600449,"nu_SE","High type",,"analytic_frontier"
0.198401721543029,1.28497784450662,"nu_SE","High type",,"analytic_frontier"
0.198267121306954,1.28558289300876,"nu_SE","High type",,"analytic_frontier"
0.198132475860536,1.2861879415109,"nu_SE","High type",,"analytic_frontier"
0.197997785180995,1.28679299001304,"nu_SE","High type",,"analytic_frontier"
0.197863049245532,1.28739803851517,"nu_SE","High type",,"analytic_frontier"
0.197728268031334,1.28800308701731,"nu_SE","High type",,"analytic_frontier"
0.197593441515574,1.28860813551945,"nu_SE","High type",,"analytic_frontier"
0.197458569675408,1.28921318402159,"nu_SE","High type",,"analytic_frontier"
0.197323652487978,1.28981823252372,"nu_SE","High type",,"analytic_frontier"
0.197188689930408,1.29042328102586,"nu_SE","High type",,"analytic_frontier"
0.19705368197981,1.291028329528,"nu_SE","High type",,"analytic_frontier"
0.196918628613279,1.29163337803013,"nu_SE","High type",,"analytic_frontier"
0.196783529807894,1.29223842653227,"nu_SE","High type",,"analytic_frontier"
0.196648385540719,1.29284347503441,"nu_SE","High type",,"analytic_frontier"
0.196513195788804,1.29344852353655,"nu_SE","High type",,"analytic_frontier"
0.196377960529181,1.29405357203868,"nu_SE","High type",,"analytic_frontier"
0.196242679738869,1.29465862054082,"nu_SE","High type",,"analytic_frontier"
0.19610735339487,1.29526366904296,"nu_SE","High type",,"analytic_frontier"
0.19597198147417,1.29586871754509,"nu_SE","High type",,"analytic_frontier"
0.195836563953742,1.29647376604723,"nu_SE","High type",,"analytic_frontier"
0.19570110081054,1.29707881454937,"nu_SE","High type",,"analytic_frontier"
0.195565592021506,1.29768386305151,"nu_SE","High type",,"analytic_frontier"
0.195430037563563,1.29828891155364,"nu_SE","High type",,"analytic_frontier"
0.195294437413622,1.29889396005578,"nu_SE","High type",,"analytic_frontier"
0.195158791548577,1.29949900855792,"nu_SE","High type",,"analytic_frontier"
0.195023099945304,1.30010405706005,"nu_SE","High type",,"analytic_frontier"
0.194887362580667,1.30070910556219,"nu_SE","High type",,"analytic_frontier"
0.194751579431512,1.30131415406433,"nu_SE","High type",,"analytic_frontier"
0.194615750474671,1.30191920256647,"nu_SE","High type",,"analytic_frontier"
0.194479875686959,1.3025242510686,"nu_SE","High type",,"analytic_frontier"
0,1,"substitute_cost","Low type",,"analytic_frontier"
1,1,"substitute_cost","Low type",,"analytic_frontier"
0,1,"substitute_cost","High type",,"analytic_frontier"
1,1,"substitute_cost","High type",,"analytic_frontier"
0,4e-05,"H indifferent","Low type","endpoint_i_Low type","endpoint_segment"
0,2,"H indifferent","Low type","endpoint_i_Low type","endpoint_segment"
0,2,"H prefers majority","Low type","endpoint_m_Low type","endpoint_segment"
0,3.99996,"H prefers majority","Low type","endpoint_m_Low type","endpoint_segment"
0,4e-05,"H indifferent","High type","endpoint_i_High type","endpoint_segment"
0,2,"H indifferent","High type","endpoint_i_High type","endpoint_segment"
0,2,"H prefers majority","High type","endpoint_m_High type","endpoint_segment"
0,3.99996,"H prefers majority","High type","endpoint_m_High type","endpoint_segment"
