"rule","type","segment","nu","payoff","dataset"
"Majority","Low type","screening",0,0.09,"panel_a_payoff"
"Majority","Low type","screening",0.00117862755369303,0.09,"panel_a_payoff"
"Majority","Low type","screening",0.00235725510738607,0.09,"panel_a_payoff"
"Majority","Low type","screening",0.0035358826610791,0.09,"panel_a_payoff"
"Majority","Low type","screening",0.00471451021477213,0.09,"panel_a_payoff"
"Majority","Low type","screening",0.00589313776846517,0.09,"panel_a_payoff"
"Majority","Low type","screening",0.0070717653221582,0.09,"panel_a_payoff"
"Majority","Low type","screening",0.00825039287585123,0.09,"panel_a_payoff"
"Majority","Low type","screening",0.00942902042954426,0.09,"panel_a_payoff"
"Majority","Low type","screening",0.0106076479832373,0.09,"panel_a_payoff"
"Majority","Low type","screening",0.0117862755369303,0.09,"panel_a_payoff"
"Majority","Low type","screening",0.0129649030906234,0.09,"panel_a_payoff"
"Majority","Low type","screening",0.0141435306443164,0.09,"panel_a_payoff"
"Majority","Low type","screening",0.0153221581980094,0.09,"panel_a_payoff"
"Majority","Low type","screening",0.0165007857517025,0.09,"panel_a_payoff"
"Majority","Low type","screening",0.0176794133053955,0.09,"panel_a_payoff"
"Majority","Low type","screening",0.0188580408590885,0.09,"panel_a_payoff"
"Majority","Low type","screening",0.0200366684127816,0.09,"panel_a_payoff"
"Majority","Low type","screening",0.0212152959664746,0.09,"panel_a_payoff"
"Majority","Low type","screening",0.0223939235201676,0.09,"panel_a_payoff"
"Majority","Low type","screening",0.0235725510738607,0.09,"panel_a_payoff"
"Majority","Low type","screening",0.0247511786275537,0.09,"panel_a_payoff"
"Majority","Low type","screening",0.0259298061812467,0.09,"panel_a_payoff"
"Majority","Low type","screening",0.0271084337349398,0.09,"panel_a_payoff"
"Majority","Low type","screening",0.0282870612886328,0.09,"panel_a_payoff"
"Majority","Low type","screening",0.0294656888423258,0.09,"panel_a_payoff"
"Majority","Low type","screening",0.0306443163960189,0.09,"panel_a_payoff"
"Majority","Low type","screening",0.0318229439497119,0.09,"panel_a_payoff"
"Majority","Low type","screening",0.0330015715034049,0.09,"panel_a_payoff"
"Majority","Low type","screening",0.034180199057098,0.09,"panel_a_payoff"
"Majority","Low type","screening",0.035358826610791,0.09,"panel_a_payoff"
"Majority","Low type","screening",0.036537454164484,0.09,"panel_a_payoff"
"Majority","Low type","screening",0.0377160817181771,0.09,"panel_a_payoff"
"Majority","Low type","screening",0.0388947092718701,0.09,"panel_a_payoff"
"Majority","Low type","screening",0.0400733368255631,0.09,"panel_a_payoff"
"Majority","Low type","screening",0.0412519643792562,0.09,"panel_a_payoff"
"Majority","Low type","screening",0.0424305919329492,0.09,"panel_a_payoff"
"Majority","Low type","screening",0.0436092194866422,0.09,"panel_a_payoff"
"Majority","Low type","screening",0.0447878470403353,0.09,"panel_a_payoff"
"Majority","Low type","screening",0.0459664745940283,0.09,"panel_a_payoff"
"Majority","Low type","screening",0.0471451021477213,0.09,"panel_a_payoff"
"Majority","Low type","screening",0.0483237297014144,0.09,"panel_a_payoff"
"Majority","Low type","screening",0.0495023572551074,0.09,"panel_a_payoff"
"Majority","Low type","screening",0.0506809848088004,0.09,"panel_a_payoff"
"Majority","Low type","screening",0.0518596123624935,0.09,"panel_a_payoff"
"Majority","Low type","screening",0.0530382399161865,0.09,"panel_a_payoff"
"Majority","Low type","screening",0.0542168674698795,0.09,"panel_a_payoff"
"Majority","Low type","screening",0.0553954950235726,0.09,"panel_a_payoff"
"Majority","Low type","screening",0.0565741225772656,0.09,"panel_a_payoff"
"Majority","Low type","screening",0.0577527501309586,0.09,"panel_a_payoff"
"Majority","Low type","screening",0.0589313776846517,0.09,"panel_a_payoff"
"Majority","Low type","screening",0.0601100052383447,0.09,"panel_a_payoff"
"Majority","Low type","screening",0.0612886327920377,0.09,"panel_a_payoff"
"Majority","Low type","screening",0.0624672603457308,0.09,"panel_a_payoff"
"Majority","Low type","screening",0.0636458878994238,0.09,"panel_a_payoff"
"Majority","Low type","screening",0.0648245154531168,0.09,"panel_a_payoff"
"Majority","Low type","screening",0.0660031430068098,0.09,"panel_a_payoff"
"Majority","Low type","screening",0.0671817705605029,0.09,"panel_a_payoff"
"Majority","Low type","screening",0.0683603981141959,0.09,"panel_a_payoff"
"Majority","Low type","screening",0.069539025667889,0.09,"panel_a_payoff"
"Majority","Low type","screening",0.070717653221582,0.09,"panel_a_payoff"
"Majority","Low type","screening",0.071896280775275,0.09,"panel_a_payoff"
"Majority","Low type","screening",0.073074908328968,0.09,"panel_a_payoff"
"Majority","Low type","screening",0.0742535358826611,0.09,"panel_a_payoff"
"Majority","Low type","screening",0.0754321634363541,0.09,"panel_a_payoff"
"Majority","Low type","screening",0.0766107909900472,0.09,"panel_a_payoff"
"Majority","Low type","screening",0.0777894185437402,0.09,"panel_a_payoff"
"Majority","Low type","screening",0.0789680460974332,0.09,"panel_a_payoff"
"Majority","Low type","screening",0.0801466736511263,0.09,"panel_a_payoff"
"Majority","Low type","screening",0.0813253012048193,0.09,"panel_a_payoff"
"Majority","Low type","screening",0.0825039287585123,0.09,"panel_a_payoff"
"Majority","Low type","screening",0.0836825563122054,0.09,"panel_a_payoff"
"Majority","Low type","screening",0.0848611838658984,0.09,"panel_a_payoff"
"Majority","Low type","screening",0.0860398114195914,0.09,"panel_a_payoff"
"Majority","Low type","screening",0.0872184389732844,0.09,"panel_a_payoff"
"Majority","Low type","screening",0.0883970665269775,0.09,"panel_a_payoff"
"Majority","Low type","screening",0.0895756940806705,0.09,"panel_a_payoff"
"Majority","Low type","screening",0.0907543216343635,0.09,"panel_a_payoff"
"Majority","Low type","screening",0.0919329491880566,0.09,"panel_a_payoff"
"Majority","Low type","screening",0.0931115767417496,0.09,"panel_a_payoff"
"Majority","Low type","screening",0.0942902042954426,0.09,"panel_a_payoff"
"Majority","Low type","screening",0.0954688318491357,0.09,"panel_a_payoff"
"Majority","Low type","screening",0.0966474594028287,0.09,"panel_a_payoff"
"Majority","Low type","screening",0.0978260869565217,0.09,"panel_a_payoff"
"Majority","Low type","screening",0.0990047145102148,0.09,"panel_a_payoff"
"Majority","Low type","screening",0.100183342063908,0.09,"panel_a_payoff"
"Majority","Low type","screening",0.101361969617601,0.09,"panel_a_payoff"
"Majority","Low type","screening",0.102540597171294,0.09,"panel_a_payoff"
"Majority","Low type","screening",0.103719224724987,0.09,"panel_a_payoff"
"Majority","Low type","screening",0.10489785227868,0.09,"panel_a_payoff"
"Majority","Low type","screening",0.106076479832373,0.09,"panel_a_payoff"
"Majority","Low type","screening",0.107255107386066,0.09,"panel_a_payoff"
"Majority","Low type","screening",0.108433734939759,0.09,"panel_a_payoff"
"Majority","Low type","screening",0.109612362493452,0.09,"panel_a_payoff"
"Majority","Low type","screening",0.110790990047145,0.09,"panel_a_payoff"
"Majority","Low type","screening",0.111969617600838,0.09,"panel_a_payoff"
"Majority","Low type","screening",0.113148245154531,0.09,"panel_a_payoff"
"Majority","Low type","screening",0.114326872708224,0.09,"panel_a_payoff"
"Majority","Low type","screening",0.115505500261917,0.09,"panel_a_payoff"
"Majority","Low type","screening",0.11668412781561,0.09,"panel_a_payoff"
"Majority","Low type","screening",0.117862755369303,0.09,"panel_a_payoff"
"Majority","Low type","screening",0.119041382922996,0.09,"panel_a_payoff"
"Majority","Low type","screening",0.120220010476689,0.09,"panel_a_payoff"
"Majority","Low type","screening",0.121398638030382,0.09,"panel_a_payoff"
"Majority","Low type","screening",0.122577265584075,0.09,"panel_a_payoff"
"Majority","Low type","screening",0.123755893137768,0.09,"panel_a_payoff"
"Majority","Low type","screening",0.124934520691462,0.09,"panel_a_payoff"
"Majority","Low type","screening",0.126113148245155,0.09,"panel_a_payoff"
"Majority","Low type","screening",0.127291775798848,0.09,"panel_a_payoff"
"Majority","Low type","screening",0.128470403352541,0.09,"panel_a_payoff"
"Majority","Low type","screening",0.129649030906234,0.09,"panel_a_payoff"
"Majority","Low type","screening",0.130827658459927,0.09,"panel_a_payoff"
"Majority","Low type","screening",0.13200628601362,0.09,"panel_a_payoff"
"Majority","Low type","screening",0.133184913567313,0.09,"panel_a_payoff"
"Majority","Low type","screening",0.134363541121006,0.09,"panel_a_payoff"
"Majority","Low type","screening",0.135542168674699,0.09,"panel_a_payoff"
"Majority","Low type","screening",0.136720796228392,0.09,"panel_a_payoff"
"Majority","Low type","screening",0.137899423782085,0.09,"panel_a_payoff"
"Majority","Low type","screening",0.139078051335778,0.09,"panel_a_payoff"
"Majority","Low type","screening",0.140256678889471,0.09,"panel_a_payoff"
"Majority","Low type","screening",0.141435306443164,0.09,"panel_a_payoff"
"Majority","Low type","screening",0.142613933996857,0.09,"panel_a_payoff"
"Majority","Low type","screening",0.14379256155055,0.09,"panel_a_payoff"
"Majority","Low type","screening",0.144971189104243,0.09,"panel_a_payoff"
"Majority","Low type","screening",0.146149816657936,0.09,"panel_a_payoff"
"Majority","Low type","screening",0.147328444211629,0.09,"panel_a_payoff"
"Majority","Low type","screening",0.148507071765322,0.09,"panel_a_payoff"
"Majority","Low type","screening",0.149685699319015,0.09,"panel_a_payoff"
"Majority","Low type","screening",0.150864326872708,0.09,"panel_a_payoff"
"Majority","Low type","screening",0.152042954426401,0.09,"panel_a_payoff"
"Majority","Low type","screening",0.153221581980094,0.09,"panel_a_payoff"
"Majority","Low type","screening",0.154400209533787,0.09,"panel_a_payoff"
"Majority","Low type","screening",0.15557883708748,0.09,"panel_a_payoff"
"Majority","Low type","screening",0.156757464641173,0.09,"panel_a_payoff"
"Majority","Low type","screening",0.157936092194866,0.09,"panel_a_payoff"
"Majority","Low type","screening",0.159114719748559,0.09,"panel_a_payoff"
"Majority","Low type","screening",0.160293347302253,0.09,"panel_a_payoff"
"Majority","Low type","screening",0.161471974855946,0.09,"panel_a_payoff"
"Majority","Low type","screening",0.162650602409639,0.09,"panel_a_payoff"
"Majority","Low type","screening",0.163829229963332,0.09,"panel_a_payoff"
"Majority","Low type","screening",0.165007857517025,0.09,"panel_a_payoff"
"Majority","Low type","screening",0.166186485070718,0.09,"panel_a_payoff"
"Majority","Low type","screening",0.167365112624411,0.09,"panel_a_payoff"
"Majority","Low type","screening",0.168543740178104,0.09,"panel_a_payoff"
"Majority","Low type","screening",0.169722367731797,0.09,"panel_a_payoff"
"Majority","Low type","screening",0.17090099528549,0.09,"panel_a_payoff"
"Majority","Low type","screening",0.172079622839183,0.09,"panel_a_payoff"
"Majority","Low type","screening",0.173258250392876,0.09,"panel_a_payoff"
"Majority","Low type","screening",0.174436877946569,0.09,"panel_a_payoff"
"Majority","Low type","screening",0.175615505500262,0.09,"panel_a_payoff"
"Majority","Low type","screening",0.176794133053955,0.09,"panel_a_payoff"
"Majority","Low type","screening",0.177972760607648,0.09,"panel_a_payoff"
"Majority","Low type","screening",0.179151388161341,0.09,"panel_a_payoff"
"Majority","Low type","screening",0.180330015715034,0.09,"panel_a_payoff"
"Majority","Low type","screening",0.181508643268727,0.09,"panel_a_payoff"
"Majority","Low type","screening",0.18268727082242,0.09,"panel_a_payoff"
"Majority","Low type","screening",0.183865898376113,0.09,"panel_a_payoff"
"Majority","Low type","screening",0.185044525929806,0.09,"panel_a_payoff"
"Majority","Low type","screening",0.186223153483499,0.09,"panel_a_payoff"
"Majority","Low type","screening",0.187401781037192,0.09,"panel_a_payoff"
"Majority","Low type","screening",0.188580408590885,0.09,"panel_a_payoff"
"Majority","Low type","screening",0.189759036144578,0.09,"panel_a_payoff"
"Majority","Low type","screening",0.190937663698271,0.09,"panel_a_payoff"
"Majority","Low type","screening",0.192116291251964,0.09,"panel_a_payoff"
"Majority","Low type","screening",0.193294918805657,0.09,"panel_a_payoff"
"Majority","Low type","screening",0.19447354635935,0.09,"panel_a_payoff"
"Majority","Low type","screening",0.195652173913043,0.09,"panel_a_payoff"
"Majority","Low type","screening",0.196830801466737,0.09,"panel_a_payoff"
"Majority","Low type","screening",0.19800942902043,0.09,"panel_a_payoff"
"Majority","Low type","screening",0.199188056574123,0.09,"panel_a_payoff"
"Majority","Low type","screening",0.200366684127816,0.09,"panel_a_payoff"
"Majority","Low type","screening",0.201545311681509,0.09,"panel_a_payoff"
"Majority","Low type","screening",0.202723939235202,0.09,"panel_a_payoff"
"Majority","Low type","screening",0.203902566788895,0.09,"panel_a_payoff"
"Majority","Low type","screening",0.205081194342588,0.09,"panel_a_payoff"
"Majority","Low type","screening",0.206259821896281,0.09,"panel_a_payoff"
"Majority","Low type","screening",0.207438449449974,0.09,"panel_a_payoff"
"Majority","Low type","screening",0.208617077003667,0.09,"panel_a_payoff"
"Majority","Low type","screening",0.20979570455736,0.09,"panel_a_payoff"
"Majority","Low type","screening",0.210974332111053,0.09,"panel_a_payoff"
"Majority","Low type","screening",0.212152959664746,0.09,"panel_a_payoff"
"Majority","Low type","screening",0.213331587218439,0.09,"panel_a_payoff"
"Majority","Low type","screening",0.214510214772132,0.09,"panel_a_payoff"
"Majority","Low type","screening",0.215688842325825,0.09,"panel_a_payoff"
"Majority","Low type","screening",0.216867469879518,0.09,"panel_a_payoff"
"Majority","Low type","screening",0.218046097433211,0.09,"panel_a_payoff"
"Majority","Low type","screening",0.219224724986904,0.09,"panel_a_payoff"
"Majority","Low type","screening",0.220403352540597,0.09,"panel_a_payoff"
"Majority","Low type","screening",0.22158198009429,0.09,"panel_a_payoff"
"Majority","Low type","screening",0.222760607647983,0.09,"panel_a_payoff"
"Majority","Low type","screening",0.223939235201676,0.09,"panel_a_payoff"
"Majority","Low type","screening",0.225117862755369,0.09,"panel_a_payoff"
"Majority","Low type","screening",0.226296490309062,0.09,"panel_a_payoff"
"Majority","Low type","screening",0.227475117862755,0.09,"panel_a_payoff"
"Majority","Low type","screening",0.228653745416448,0.09,"panel_a_payoff"
"Majority","Low type","screening",0.229832372970141,0.09,"panel_a_payoff"
"Majority","Low type","screening",0.231011000523834,0.09,"panel_a_payoff"
"Majority","Low type","screening",0.232189628077528,0.09,"panel_a_payoff"
"Majority","Low type","screening",0.233368255631221,0.09,"panel_a_payoff"
"Majority","Low type","screening",0.234546883184914,0.09,"panel_a_payoff"
"Majority","Low type","screening",0.235725510738607,0.09,"panel_a_payoff"
"Majority","Low type","screening",0.2369041382923,0.09,"panel_a_payoff"
"Majority","Low type","screening",0.238082765845993,0.09,"panel_a_payoff"
"Majority","Low type","screening",0.239261393399686,0.09,"panel_a_payoff"
"Majority","Low type","screening",0.240440020953379,0.09,"panel_a_payoff"
"Majority","Low type","screening",0.241618648507072,0.09,"panel_a_payoff"
"Majority","Low type","screening",0.242797276060765,0.09,"panel_a_payoff"
"Majority","Low type","screening",0.243975903614458,0.09,"panel_a_payoff"
"Majority","Low type","screening",0.245154531168151,0.09,"panel_a_payoff"
"Majority","Low type","screening",0.246333158721844,0.09,"panel_a_payoff"
"Majority","Low type","screening",0.247511786275537,0.09,"panel_a_payoff"
"Majority","Low type","screening",0.24869041382923,0.09,"panel_a_payoff"
"Majority","Low type","screening",0.249869041382923,0.09,"panel_a_payoff"
"Majority","Low type","screening",0.251047668936616,0.09,"panel_a_payoff"
"Majority","Low type","screening",0.252226296490309,0.09,"panel_a_payoff"
"Majority","Low type","screening",0.253404924044002,0.09,"panel_a_payoff"
"Majority","Low type","screening",0.254583551597695,0.09,"panel_a_payoff"
"Majority","Low type","screening",0.255762179151388,0.09,"panel_a_payoff"
"Majority","Low type","screening",0.256940806705081,0.09,"panel_a_payoff"
"Majority","Low type","screening",0.258119434258774,0.09,"panel_a_payoff"
"Majority","Low type","screening",0.259298061812467,0.09,"panel_a_payoff"
"Majority","Low type","screening",0.26047668936616,0.09,"panel_a_payoff"
"Majority","Low type","screening",0.261655316919853,0.09,"panel_a_payoff"
"Majority","Low type","screening",0.262833944473546,0.09,"panel_a_payoff"
"Majority","Low type","screening",0.264012572027239,0.09,"panel_a_payoff"
"Majority","Low type","screening",0.265191199580932,0.09,"panel_a_payoff"
"Majority","Low type","screening",0.266369827134625,0.09,"panel_a_payoff"
"Majority","Low type","screening",0.267548454688319,0.09,"panel_a_payoff"
"Majority","Low type","screening",0.268727082242012,0.09,"panel_a_payoff"
"Majority","Low type","screening",0.269905709795705,0.09,"panel_a_payoff"
"Majority","Low type","screening",0.271084337349398,0.09,"panel_a_payoff"
"Majority","Low type","screening",0.272262964903091,0.09,"panel_a_payoff"
"Majority","Low type","screening",0.273441592456784,0.09,"panel_a_payoff"
"Majority","Low type","screening",0.274620220010477,0.09,"panel_a_payoff"
"Majority","Low type","screening",0.27579884756417,0.09,"panel_a_payoff"
"Majority","Low type","screening",0.276977475117863,0.09,"panel_a_payoff"
"Majority","Low type","screening",0.278156102671556,0.09,"panel_a_payoff"
"Majority","Low type","screening",0.279334730225249,0.09,"panel_a_payoff"
"Majority","Low type","screening",0.280513357778942,0.09,"panel_a_payoff"
"Majority","Low type","screening",0.281691985332635,0.09,"panel_a_payoff"
"Majority","Low type","screening",0.282870612886328,0.09,"panel_a_payoff"
"Majority","Low type","screening",0.284049240440021,0.09,"panel_a_payoff"
"Majority","Low type","screening",0.285227867993714,0.09,"panel_a_payoff"
"Majority","Low type","screening",0.286406495547407,0.09,"panel_a_payoff"
"Majority","Low type","screening",0.2875851231011,0.09,"panel_a_payoff"
"Majority","Low type","screening",0.288763750654793,0.09,"panel_a_payoff"
"Majority","Low type","screening",0.289942378208486,0.09,"panel_a_payoff"
"Majority","Low type","screening",0.291121005762179,0.09,"panel_a_payoff"
"Majority","Low type","screening",0.292299633315872,0.09,"panel_a_payoff"
"Majority","Low type","screening",0.293478260869565,0.09,"panel_a_payoff"
"Majority","High type","screening",0,0.315,"panel_a_payoff"
"Majority","High type","screening",0.00117862755369303,0.315,"panel_a_payoff"
"Majority","High type","screening",0.00235725510738607,0.315,"panel_a_payoff"
"Majority","High type","screening",0.0035358826610791,0.315,"panel_a_payoff"
"Majority","High type","screening",0.00471451021477213,0.315,"panel_a_payoff"
"Majority","High type","screening",0.00589313776846517,0.315,"panel_a_payoff"
"Majority","High type","screening",0.0070717653221582,0.315,"panel_a_payoff"
"Majority","High type","screening",0.00825039287585123,0.315,"panel_a_payoff"
"Majority","High type","screening",0.00942902042954426,0.315,"panel_a_payoff"
"Majority","High type","screening",0.0106076479832373,0.315,"panel_a_payoff"
"Majority","High type","screening",0.0117862755369303,0.315,"panel_a_payoff"
"Majority","High type","screening",0.0129649030906234,0.315,"panel_a_payoff"
"Majority","High type","screening",0.0141435306443164,0.315,"panel_a_payoff"
"Majority","High type","screening",0.0153221581980094,0.315,"panel_a_payoff"
"Majority","High type","screening",0.0165007857517025,0.315,"panel_a_payoff"
"Majority","High type","screening",0.0176794133053955,0.315,"panel_a_payoff"
"Majority","High type","screening",0.0188580408590885,0.315,"panel_a_payoff"
"Majority","High type","screening",0.0200366684127816,0.315,"panel_a_payoff"
"Majority","High type","screening",0.0212152959664746,0.315,"panel_a_payoff"
"Majority","High type","screening",0.0223939235201676,0.315,"panel_a_payoff"
"Majority","High type","screening",0.0235725510738607,0.315,"panel_a_payoff"
"Majority","High type","screening",0.0247511786275537,0.315,"panel_a_payoff"
"Majority","High type","screening",0.0259298061812467,0.315,"panel_a_payoff"
"Majority","High type","screening",0.0271084337349398,0.315,"panel_a_payoff"
"Majority","High type","screening",0.0282870612886328,0.315,"panel_a_payoff"
"Majority","High type","screening",0.0294656888423258,0.315,"panel_a_payoff"
"Majority","High type","screening",0.0306443163960189,0.315,"panel_a_payoff"
"Majority","High type","screening",0.0318229439497119,0.315,"panel_a_payoff"
"Majority","High type","screening",0.0330015715034049,0.315,"panel_a_payoff"
"Majority","High type","screening",0.034180199057098,0.315,"panel_a_payoff"
"Majority","High type","screening",0.035358826610791,0.315,"panel_a_payoff"
"Majority","High type","screening",0.036537454164484,0.315,"panel_a_payoff"
"Majority","High type","screening",0.0377160817181771,0.315,"panel_a_payoff"
"Majority","High type","screening",0.0388947092718701,0.315,"panel_a_payoff"
"Majority","High type","screening",0.0400733368255631,0.315,"panel_a_payoff"
"Majority","High type","screening",0.0412519643792562,0.315,"panel_a_payoff"
"Majority","High type","screening",0.0424305919329492,0.315,"panel_a_payoff"
"Majority","High type","screening",0.0436092194866422,0.315,"panel_a_payoff"
"Majority","High type","screening",0.0447878470403353,0.315,"panel_a_payoff"
"Majority","High type","screening",0.0459664745940283,0.315,"panel_a_payoff"
"Majority","High type","screening",0.0471451021477213,0.315,"panel_a_payoff"
"Majority","High type","screening",0.0483237297014144,0.315,"panel_a_payoff"
"Majority","High type","screening",0.0495023572551074,0.315,"panel_a_payoff"
"Majority","High type","screening",0.0506809848088004,0.315,"panel_a_payoff"
"Majority","High type","screening",0.0518596123624935,0.315,"panel_a_payoff"
"Majority","High type","screening",0.0530382399161865,0.315,"panel_a_payoff"
"Majority","High type","screening",0.0542168674698795,0.315,"panel_a_payoff"
"Majority","High type","screening",0.0553954950235726,0.315,"panel_a_payoff"
"Majority","High type","screening",0.0565741225772656,0.315,"panel_a_payoff"
"Majority","High type","screening",0.0577527501309586,0.315,"panel_a_payoff"
"Majority","High type","screening",0.0589313776846517,0.315,"panel_a_payoff"
"Majority","High type","screening",0.0601100052383447,0.315,"panel_a_payoff"
"Majority","High type","screening",0.0612886327920377,0.315,"panel_a_payoff"
"Majority","High type","screening",0.0624672603457308,0.315,"panel_a_payoff"
"Majority","High type","screening",0.0636458878994238,0.315,"panel_a_payoff"
"Majority","High type","screening",0.0648245154531168,0.315,"panel_a_payoff"
"Majority","High type","screening",0.0660031430068098,0.315,"panel_a_payoff"
"Majority","High type","screening",0.0671817705605029,0.315,"panel_a_payoff"
"Majority","High type","screening",0.0683603981141959,0.315,"panel_a_payoff"
"Majority","High type","screening",0.069539025667889,0.315,"panel_a_payoff"
"Majority","High type","screening",0.070717653221582,0.315,"panel_a_payoff"
"Majority","High type","screening",0.071896280775275,0.315,"panel_a_payoff"
"Majority","High type","screening",0.073074908328968,0.315,"panel_a_payoff"
"Majority","High type","screening",0.0742535358826611,0.315,"panel_a_payoff"
"Majority","High type","screening",0.0754321634363541,0.315,"panel_a_payoff"
"Majority","High type","screening",0.0766107909900472,0.315,"panel_a_payoff"
"Majority","High type","screening",0.0777894185437402,0.315,"panel_a_payoff"
"Majority","High type","screening",0.0789680460974332,0.315,"panel_a_payoff"
"Majority","High type","screening",0.0801466736511263,0.315,"panel_a_payoff"
"Majority","High type","screening",0.0813253012048193,0.315,"panel_a_payoff"
"Majority","High type","screening",0.0825039287585123,0.315,"panel_a_payoff"
"Majority","High type","screening",0.0836825563122054,0.315,"panel_a_payoff"
"Majority","High type","screening",0.0848611838658984,0.315,"panel_a_payoff"
"Majority","High type","screening",0.0860398114195914,0.315,"panel_a_payoff"
"Majority","High type","screening",0.0872184389732844,0.315,"panel_a_payoff"
"Majority","High type","screening",0.0883970665269775,0.315,"panel_a_payoff"
"Majority","High type","screening",0.0895756940806705,0.315,"panel_a_payoff"
"Majority","High type","screening",0.0907543216343635,0.315,"panel_a_payoff"
"Majority","High type","screening",0.0919329491880566,0.315,"panel_a_payoff"
"Majority","High type","screening",0.0931115767417496,0.315,"panel_a_payoff"
"Majority","High type","screening",0.0942902042954426,0.315,"panel_a_payoff"
"Majority","High type","screening",0.0954688318491357,0.315,"panel_a_payoff"
"Majority","High type","screening",0.0966474594028287,0.315,"panel_a_payoff"
"Majority","High type","screening",0.0978260869565217,0.315,"panel_a_payoff"
"Majority","High type","screening",0.0990047145102148,0.315,"panel_a_payoff"
"Majority","High type","screening",0.100183342063908,0.315,"panel_a_payoff"
"Majority","High type","screening",0.101361969617601,0.315,"panel_a_payoff"
"Majority","High type","screening",0.102540597171294,0.315,"panel_a_payoff"
"Majority","High type","screening",0.103719224724987,0.315,"panel_a_payoff"
"Majority","High type","screening",0.10489785227868,0.315,"panel_a_payoff"
"Majority","High type","screening",0.106076479832373,0.315,"panel_a_payoff"
"Majority","High type","screening",0.107255107386066,0.315,"panel_a_payoff"
"Majority","High type","screening",0.108433734939759,0.315,"panel_a_payoff"
"Majority","High type","screening",0.109612362493452,0.315,"panel_a_payoff"
"Majority","High type","screening",0.110790990047145,0.315,"panel_a_payoff"
"Majority","High type","screening",0.111969617600838,0.315,"panel_a_payoff"
"Majority","High type","screening",0.113148245154531,0.315,"panel_a_payoff"
"Majority","High type","screening",0.114326872708224,0.315,"panel_a_payoff"
"Majority","High type","screening",0.115505500261917,0.315,"panel_a_payoff"
"Majority","High type","screening",0.11668412781561,0.315,"panel_a_payoff"
"Majority","High type","screening",0.117862755369303,0.315,"panel_a_payoff"
"Majority","High type","screening",0.119041382922996,0.315,"panel_a_payoff"
"Majority","High type","screening",0.120220010476689,0.315,"panel_a_payoff"
"Majority","High type","screening",0.121398638030382,0.315,"panel_a_payoff"
"Majority","High type","screening",0.122577265584075,0.315,"panel_a_payoff"
"Majority","High type","screening",0.123755893137768,0.315,"panel_a_payoff"
"Majority","High type","screening",0.124934520691462,0.315,"panel_a_payoff"
"Majority","High type","screening",0.126113148245155,0.315,"panel_a_payoff"
"Majority","High type","screening",0.127291775798848,0.315,"panel_a_payoff"
"Majority","High type","screening",0.128470403352541,0.315,"panel_a_payoff"
"Majority","High type","screening",0.129649030906234,0.315,"panel_a_payoff"
"Majority","High type","screening",0.130827658459927,0.315,"panel_a_payoff"
"Majority","High type","screening",0.13200628601362,0.315,"panel_a_payoff"
"Majority","High type","screening",0.133184913567313,0.315,"panel_a_payoff"
"Majority","High type","screening",0.134363541121006,0.315,"panel_a_payoff"
"Majority","High type","screening",0.135542168674699,0.315,"panel_a_payoff"
"Majority","High type","screening",0.136720796228392,0.315,"panel_a_payoff"
"Majority","High type","screening",0.137899423782085,0.315,"panel_a_payoff"
"Majority","High type","screening",0.139078051335778,0.315,"panel_a_payoff"
"Majority","High type","screening",0.140256678889471,0.315,"panel_a_payoff"
"Majority","High type","screening",0.141435306443164,0.315,"panel_a_payoff"
"Majority","High type","screening",0.142613933996857,0.315,"panel_a_payoff"
"Majority","High type","screening",0.14379256155055,0.315,"panel_a_payoff"
"Majority","High type","screening",0.144971189104243,0.315,"panel_a_payoff"
"Majority","High type","screening",0.146149816657936,0.315,"panel_a_payoff"
"Majority","High type","screening",0.147328444211629,0.315,"panel_a_payoff"
"Majority","High type","screening",0.148507071765322,0.315,"panel_a_payoff"
"Majority","High type","screening",0.149685699319015,0.315,"panel_a_payoff"
"Majority","High type","screening",0.150864326872708,0.315,"panel_a_payoff"
"Majority","High type","screening",0.152042954426401,0.315,"panel_a_payoff"
"Majority","High type","screening",0.153221581980094,0.315,"panel_a_payoff"
"Majority","High type","screening",0.154400209533787,0.315,"panel_a_payoff"
"Majority","High type","screening",0.15557883708748,0.315,"panel_a_payoff"
"Majority","High type","screening",0.156757464641173,0.315,"panel_a_payoff"
"Majority","High type","screening",0.157936092194866,0.315,"panel_a_payoff"
"Majority","High type","screening",0.159114719748559,0.315,"panel_a_payoff"
"Majority","High type","screening",0.160293347302253,0.315,"panel_a_payoff"
"Majority","High type","screening",0.161471974855946,0.315,"panel_a_payoff"
"Majority","High type","screening",0.162650602409639,0.315,"panel_a_payoff"
"Majority","High type","screening",0.163829229963332,0.315,"panel_a_payoff"
"Majority","High type","screening",0.165007857517025,0.315,"panel_a_payoff"
"Majority","High type","screening",0.166186485070718,0.315,"panel_a_payoff"
"Majority","High type","screening",0.167365112624411,0.315,"panel_a_payoff"
"Majority","High type","screening",0.168543740178104,0.315,"panel_a_payoff"
"Majority","High type","screening",0.169722367731797,0.315,"panel_a_payoff"
"Majority","High type","screening",0.17090099528549,0.315,"panel_a_payoff"
"Majority","High type","screening",0.172079622839183,0.315,"panel_a_payoff"
"Majority","High type","screening",0.173258250392876,0.315,"panel_a_payoff"
"Majority","High type","screening",0.174436877946569,0.315,"panel_a_payoff"
"Majority","High type","screening",0.175615505500262,0.315,"panel_a_payoff"
"Majority","High type","screening",0.176794133053955,0.315,"panel_a_payoff"
"Majority","High type","screening",0.177972760607648,0.315,"panel_a_payoff"
"Majority","High type","screening",0.179151388161341,0.315,"panel_a_payoff"
"Majority","High type","screening",0.180330015715034,0.315,"panel_a_payoff"
"Majority","High type","screening",0.181508643268727,0.315,"panel_a_payoff"
"Majority","High type","screening",0.18268727082242,0.315,"panel_a_payoff"
"Majority","High type","screening",0.183865898376113,0.315,"panel_a_payoff"
"Majority","High type","screening",0.185044525929806,0.315,"panel_a_payoff"
"Majority","High type","screening",0.186223153483499,0.315,"panel_a_payoff"
"Majority","High type","screening",0.187401781037192,0.315,"panel_a_payoff"
"Majority","High type","screening",0.188580408590885,0.315,"panel_a_payoff"
"Majority","High type","screening",0.189759036144578,0.315,"panel_a_payoff"
"Majority","High type","screening",0.190937663698271,0.315,"panel_a_payoff"
"Majority","High type","screening",0.192116291251964,0.315,"panel_a_payoff"
"Majority","High type","screening",0.193294918805657,0.315,"panel_a_payoff"
"Majority","High type","screening",0.19447354635935,0.315,"panel_a_payoff"
"Majority","High type","screening",0.195652173913043,0.315,"panel_a_payoff"
"Majority","High type","screening",0.196830801466737,0.315,"panel_a_payoff"
"Majority","High type","screening",0.19800942902043,0.315,"panel_a_payoff"
"Majority","High type","screening",0.199188056574123,0.315,"panel_a_payoff"
"Majority","High type","screening",0.200366684127816,0.315,"panel_a_payoff"
"Majority","High type","screening",0.201545311681509,0.315,"panel_a_payoff"
"Majority","High type","screening",0.202723939235202,0.315,"panel_a_payoff"
"Majority","High type","screening",0.203902566788895,0.315,"panel_a_payoff"
"Majority","High type","screening",0.205081194342588,0.315,"panel_a_payoff"
"Majority","High type","screening",0.206259821896281,0.315,"panel_a_payoff"
"Majority","High type","screening",0.207438449449974,0.315,"panel_a_payoff"
"Majority","High type","screening",0.208617077003667,0.315,"panel_a_payoff"
"Majority","High type","screening",0.20979570455736,0.315,"panel_a_payoff"
"Majority","High type","screening",0.210974332111053,0.315,"panel_a_payoff"
"Majority","High type","screening",0.212152959664746,0.315,"panel_a_payoff"
"Majority","High type","screening",0.213331587218439,0.315,"panel_a_payoff"
"Majority","High type","screening",0.214510214772132,0.315,"panel_a_payoff"
"Majority","High type","screening",0.215688842325825,0.315,"panel_a_payoff"
"Majority","High type","screening",0.216867469879518,0.315,"panel_a_payoff"
"Majority","High type","screening",0.218046097433211,0.315,"panel_a_payoff"
"Majority","High type","screening",0.219224724986904,0.315,"panel_a_payoff"
"Majority","High type","screening",0.220403352540597,0.315,"panel_a_payoff"
"Majority","High type","screening",0.22158198009429,0.315,"panel_a_payoff"
"Majority","High type","screening",0.222760607647983,0.315,"panel_a_payoff"
"Majority","High type","screening",0.223939235201676,0.315,"panel_a_payoff"
"Majority","High type","screening",0.225117862755369,0.315,"panel_a_payoff"
"Majority","High type","screening",0.226296490309062,0.315,"panel_a_payoff"
"Majority","High type","screening",0.227475117862755,0.315,"panel_a_payoff"
"Majority","High type","screening",0.228653745416448,0.315,"panel_a_payoff"
"Majority","High type","screening",0.229832372970141,0.315,"panel_a_payoff"
"Majority","High type","screening",0.231011000523834,0.315,"panel_a_payoff"
"Majority","High type","screening",0.232189628077528,0.315,"panel_a_payoff"
"Majority","High type","screening",0.233368255631221,0.315,"panel_a_payoff"
"Majority","High type","screening",0.234546883184914,0.315,"panel_a_payoff"
"Majority","High type","screening",0.235725510738607,0.315,"panel_a_payoff"
"Majority","High type","screening",0.2369041382923,0.315,"panel_a_payoff"
"Majority","High type","screening",0.238082765845993,0.315,"panel_a_payoff"
"Majority","High type","screening",0.239261393399686,0.315,"panel_a_payoff"
"Majority","High type","screening",0.240440020953379,0.315,"panel_a_payoff"
"Majority","High type","screening",0.241618648507072,0.315,"panel_a_payoff"
"Majority","High type","screening",0.242797276060765,0.315,"panel_a_payoff"
"Majority","High type","screening",0.243975903614458,0.315,"panel_a_payoff"
"Majority","High type","screening",0.245154531168151,0.315,"panel_a_payoff"
"Majority","High type","screening",0.246333158721844,0.315,"panel_a_payoff"
"Majority","High type","screening",0.247511786275537,0.315,"panel_a_payoff"
"Majority","High type","screening",0.24869041382923,0.315,"panel_a_payoff"
"Majority","High type","screening",0.249869041382923,0.315,"panel_a_payoff"
"Majority","High type","screening",0.251047668936616,0.315,"panel_a_payoff"
"Majority","High type","screening",0.252226296490309,0.315,"panel_a_payoff"
"Majority","High type","screening",0.253404924044002,0.315,"panel_a_payoff"
"Majority","High type","screening",0.254583551597695,0.315,"panel_a_payoff"
"Majority","High type","screening",0.255762179151388,0.315,"panel_a_payoff"
"Majority","High type","screening",0.256940806705081,0.315,"panel_a_payoff"
"Majority","High type","screening",0.258119434258774,0.315,"panel_a_payoff"
"Majority","High type","screening",0.259298061812467,0.315,"panel_a_payoff"
"Majority","High type","screening",0.26047668936616,0.315,"panel_a_payoff"
"Majority","High type","screening",0.261655316919853,0.315,"panel_a_payoff"
"Majority","High type","screening",0.262833944473546,0.315,"panel_a_payoff"
"Majority","High type","screening",0.264012572027239,0.315,"panel_a_payoff"
"Majority","High type","screening",0.265191199580932,0.315,"panel_a_payoff"
"Majority","High type","screening",0.266369827134625,0.315,"panel_a_payoff"
"Majority","High type","screening",0.267548454688319,0.315,"panel_a_payoff"
"Majority","High type","screening",0.268727082242012,0.315,"panel_a_payoff"
"Majority","High type","screening",0.269905709795705,0.315,"panel_a_payoff"
"Majority","High type","screening",0.271084337349398,0.315,"panel_a_payoff"
"Majority","High type","screening",0.272262964903091,0.315,"panel_a_payoff"
"Majority","High type","screening",0.273441592456784,0.315,"panel_a_payoff"
"Majority","High type","screening",0.274620220010477,0.315,"panel_a_payoff"
"Majority","High type","screening",0.27579884756417,0.315,"panel_a_payoff"
"Majority","High type","screening",0.276977475117863,0.315,"panel_a_payoff"
"Majority","High type","screening",0.278156102671556,0.315,"panel_a_payoff"
"Majority","High type","screening",0.279334730225249,0.315,"panel_a_payoff"
"Majority","High type","screening",0.280513357778942,0.315,"panel_a_payoff"
"Majority","High type","screening",0.281691985332635,0.315,"panel_a_payoff"
"Majority","High type","screening",0.282870612886328,0.315,"panel_a_payoff"
"Majority","High type","screening",0.284049240440021,0.315,"panel_a_payoff"
"Majority","High type","screening",0.285227867993714,0.315,"panel_a_payoff"
"Majority","High type","screening",0.286406495547407,0.315,"panel_a_payoff"
"Majority","High type","screening",0.2875851231011,0.315,"panel_a_payoff"
"Majority","High type","screening",0.288763750654793,0.315,"panel_a_payoff"
"Majority","High type","screening",0.289942378208486,0.315,"panel_a_payoff"
"Majority","High type","screening",0.291121005762179,0.315,"panel_a_payoff"
"Majority","High type","screening",0.292299633315872,0.315,"panel_a_payoff"
"Majority","High type","screening",0.293478260869565,0.315,"panel_a_payoff"
"Majority","Low type","exclusion",0.293479260869565,0.1,"panel_a_payoff"
"Majority","Low type","exclusion",0.296316693556836,0.1,"panel_a_payoff"
"Majority","Low type","exclusion",0.299154126244107,0.1,"panel_a_payoff"
"Majority","Low type","exclusion",0.301991558931378,0.1,"panel_a_payoff"
"Majority","Low type","exclusion",0.304828991618649,0.1,"panel_a_payoff"
"Majority","Low type","exclusion",0.307666424305919,0.1,"panel_a_payoff"
"Majority","Low type","exclusion",0.31050385699319,0.1,"panel_a_payoff"
"Majority","Low type","exclusion",0.313341289680461,0.1,"panel_a_payoff"
"Majority","Low type","exclusion",0.316178722367732,0.1,"panel_a_payoff"
"Majority","Low type","exclusion",0.319016155055003,0.1,"panel_a_payoff"
"Majority","Low type","exclusion",0.321853587742273,0.1,"panel_a_payoff"
"Majority","Low type","exclusion",0.324691020429544,0.1,"panel_a_payoff"
"Majority","Low type","exclusion",0.327528453116815,0.1,"panel_a_payoff"
"Majority","Low type","exclusion",0.330365885804086,0.1,"panel_a_payoff"
"Majority","Low type","exclusion",0.333203318491357,0.1,"panel_a_payoff"
"Majority","Low type","exclusion",0.336040751178628,0.1,"panel_a_payoff"
"Majority","Low type","exclusion",0.338878183865898,0.1,"panel_a_payoff"
"Majority","Low type","exclusion",0.341715616553169,0.1,"panel_a_payoff"
"Majority","Low type","exclusion",0.34455304924044,0.1,"panel_a_payoff"
"Majority","Low type","exclusion",0.347390481927711,0.1,"panel_a_payoff"
"Majority","Low type","exclusion",0.350227914614982,0.1,"panel_a_payoff"
"Majority","Low type","exclusion",0.353065347302252,0.1,"panel_a_payoff"
"Majority","Low type","exclusion",0.355902779989523,0.1,"panel_a_payoff"
"Majority","Low type","exclusion",0.358740212676794,0.1,"panel_a_payoff"
"Majority","Low type","exclusion",0.361577645364065,0.1,"panel_a_payoff"
"Majority","Low type","exclusion",0.364415078051336,0.1,"panel_a_payoff"
"Majority","Low type","exclusion",0.367252510738607,0.1,"panel_a_payoff"
"Majority","Low type","exclusion",0.370089943425877,0.1,"panel_a_payoff"
"Majority","Low type","exclusion",0.372927376113148,0.1,"panel_a_payoff"
"Majority","Low type","exclusion",0.375764808800419,0.1,"panel_a_payoff"
"Majority","Low type","exclusion",0.37860224148769,0.1,"panel_a_payoff"
"Majority","Low type","exclusion",0.381439674174961,0.1,"panel_a_payoff"
"Majority","Low type","exclusion",0.384277106862232,0.1,"panel_a_payoff"
"Majority","Low type","exclusion",0.387114539549502,0.1,"panel_a_payoff"
"Majority","Low type","exclusion",0.389951972236773,0.1,"panel_a_payoff"
"Majority","Low type","exclusion",0.392789404924044,0.1,"panel_a_payoff"
"Majority","Low type","exclusion",0.395626837611315,0.1,"panel_a_payoff"
"Majority","Low type","exclusion",0.398464270298586,0.1,"panel_a_payoff"
"Majority","Low type","exclusion",0.401301702985856,0.1,"panel_a_payoff"
"Majority","Low type","exclusion",0.404139135673127,0.1,"panel_a_payoff"
"Majority","Low type","exclusion",0.406976568360398,0.1,"panel_a_payoff"
"Majority","Low type","exclusion",0.409814001047669,0.1,"panel_a_payoff"
"Majority","Low type","exclusion",0.41265143373494,0.1,"panel_a_payoff"
"Majority","Low type","exclusion",0.415488866422211,0.1,"panel_a_payoff"
"Majority","Low type","exclusion",0.418326299109481,0.1,"panel_a_payoff"
"Majority","Low type","exclusion",0.421163731796752,0.1,"panel_a_payoff"
"Majority","Low type","exclusion",0.424001164484023,0.1,"panel_a_payoff"
"Majority","Low type","exclusion",0.426838597171294,0.1,"panel_a_payoff"
"Majority","Low type","exclusion",0.429676029858565,0.1,"panel_a_payoff"
"Majority","Low type","exclusion",0.432513462545836,0.1,"panel_a_payoff"
"Majority","Low type","exclusion",0.435350895233106,0.1,"panel_a_payoff"
"Majority","Low type","exclusion",0.438188327920377,0.1,"panel_a_payoff"
"Majority","Low type","exclusion",0.441025760607648,0.1,"panel_a_payoff"
"Majority","Low type","exclusion",0.443863193294919,0.1,"panel_a_payoff"
"Majority","Low type","exclusion",0.44670062598219,0.1,"panel_a_payoff"
"Majority","Low type","exclusion",0.44953805866946,0.1,"panel_a_payoff"
"Majority","Low type","exclusion",0.452375491356731,0.1,"panel_a_payoff"
"Majority","Low type","exclusion",0.455212924044002,0.1,"panel_a_payoff"
"Majority","Low type","exclusion",0.458050356731273,0.1,"panel_a_payoff"
"Majority","Low type","exclusion",0.460887789418544,0.1,"panel_a_payoff"
"Majority","Low type","exclusion",0.463725222105815,0.1,"panel_a_payoff"
"Majority","Low type","exclusion",0.466562654793085,0.1,"panel_a_payoff"
"Majority","Low type","exclusion",0.469400087480356,0.1,"panel_a_payoff"
"Majority","Low type","exclusion",0.472237520167627,0.1,"panel_a_payoff"
"Majority","Low type","exclusion",0.475074952854898,0.1,"panel_a_payoff"
"Majority","Low type","exclusion",0.477912385542169,0.1,"panel_a_payoff"
"Majority","Low type","exclusion",0.48074981822944,0.1,"panel_a_payoff"
"Majority","Low type","exclusion",0.48358725091671,0.1,"panel_a_payoff"
"Majority","Low type","exclusion",0.486424683603981,0.1,"panel_a_payoff"
"Majority","Low type","exclusion",0.489262116291252,0.1,"panel_a_payoff"
"Majority","Low type","exclusion",0.492099548978523,0.1,"panel_a_payoff"
"Majority","Low type","exclusion",0.494936981665794,0.1,"panel_a_payoff"
"Majority","Low type","exclusion",0.497774414353064,0.1,"panel_a_payoff"
"Majority","Low type","exclusion",0.500611847040335,0.1,"panel_a_payoff"
"Majority","Low type","exclusion",0.503449279727606,0.1,"panel_a_payoff"
"Majority","Low type","exclusion",0.506286712414877,0.1,"panel_a_payoff"
"Majority","Low type","exclusion",0.509124145102148,0.1,"panel_a_payoff"
"Majority","Low type","exclusion",0.511961577789419,0.1,"panel_a_payoff"
"Majority","Low type","exclusion",0.514799010476689,0.1,"panel_a_payoff"
"Majority","Low type","exclusion",0.51763644316396,0.1,"panel_a_payoff"
"Majority","Low type","exclusion",0.520473875851231,0.1,"panel_a_payoff"
"Majority","Low type","exclusion",0.523311308538502,0.1,"panel_a_payoff"
"Majority","Low type","exclusion",0.526148741225773,0.1,"panel_a_payoff"
"Majority","Low type","exclusion",0.528986173913043,0.1,"panel_a_payoff"
"Majority","Low type","exclusion",0.531823606600314,0.1,"panel_a_payoff"
"Majority","Low type","exclusion",0.534661039287585,0.1,"panel_a_payoff"
"Majority","Low type","exclusion",0.537498471974856,0.1,"panel_a_payoff"
"Majority","Low type","exclusion",0.540335904662127,0.1,"panel_a_payoff"
"Majority","Low type","exclusion",0.543173337349398,0.1,"panel_a_payoff"
"Majority","Low type","exclusion",0.546010770036668,0.1,"panel_a_payoff"
"Majority","Low type","exclusion",0.548848202723939,0.1,"panel_a_payoff"
"Majority","Low type","exclusion",0.55168563541121,0.1,"panel_a_payoff"
"Majority","Low type","exclusion",0.554523068098481,0.1,"panel_a_payoff"
"Majority","Low type","exclusion",0.557360500785752,0.1,"panel_a_payoff"
"Majority","Low type","exclusion",0.560197933473022,0.1,"panel_a_payoff"
"Majority","Low type","exclusion",0.563035366160293,0.1,"panel_a_payoff"
"Majority","Low type","exclusion",0.565872798847564,0.1,"panel_a_payoff"
"Majority","Low type","exclusion",0.568710231534835,0.1,"panel_a_payoff"
"Majority","Low type","exclusion",0.571547664222106,0.1,"panel_a_payoff"
"Majority","Low type","exclusion",0.574385096909377,0.1,"panel_a_payoff"
"Majority","Low type","exclusion",0.577222529596647,0.1,"panel_a_payoff"
"Majority","Low type","exclusion",0.580059962283918,0.1,"panel_a_payoff"
"Majority","Low type","exclusion",0.582897394971189,0.1,"panel_a_payoff"
"Majority","Low type","exclusion",0.58573482765846,0.1,"panel_a_payoff"
"Majority","Low type","exclusion",0.588572260345731,0.1,"panel_a_payoff"
"Majority","Low type","exclusion",0.591409693033002,0.1,"panel_a_payoff"
"Majority","Low type","exclusion",0.594247125720272,0.1,"panel_a_payoff"
"Majority","Low type","exclusion",0.597084558407543,0.1,"panel_a_payoff"
"Majority","Low type","exclusion",0.599921991094814,0.1,"panel_a_payoff"
"Majority","Low type","exclusion",0.602759423782085,0.1,"panel_a_payoff"
"Majority","Low type","exclusion",0.605596856469356,0.1,"panel_a_payoff"
"Majority","Low type","exclusion",0.608434289156627,0.1,"panel_a_payoff"
"Majority","Low type","exclusion",0.611271721843897,0.1,"panel_a_payoff"
"Majority","Low type","exclusion",0.614109154531168,0.1,"panel_a_payoff"
"Majority","Low type","exclusion",0.616946587218439,0.1,"panel_a_payoff"
"Majority","Low type","exclusion",0.61978401990571,0.1,"panel_a_payoff"
"Majority","Low type","exclusion",0.62262145259298,0.1,"panel_a_payoff"
"Majority","Low type","exclusion",0.625458885280251,0.1,"panel_a_payoff"
"Majority","Low type","exclusion",0.628296317967522,0.1,"panel_a_payoff"
"Majority","Low type","exclusion",0.631133750654793,0.1,"panel_a_payoff"
"Majority","Low type","exclusion",0.633971183342064,0.1,"panel_a_payoff"
"Majority","Low type","exclusion",0.636808616029335,0.1,"panel_a_payoff"
"Majority","Low type","exclusion",0.639646048716606,0.1,"panel_a_payoff"
"Majority","Low type","exclusion",0.642483481403876,0.1,"panel_a_payoff"
"Majority","Low type","exclusion",0.645320914091147,0.1,"panel_a_payoff"
"Majority","Low type","exclusion",0.648158346778418,0.1,"panel_a_payoff"
"Majority","Low type","exclusion",0.650995779465689,0.1,"panel_a_payoff"
"Majority","Low type","exclusion",0.65383321215296,0.1,"panel_a_payoff"
"Majority","Low type","exclusion",0.65667064484023,0.1,"panel_a_payoff"
"Majority","Low type","exclusion",0.659508077527501,0.1,"panel_a_payoff"
"Majority","Low type","exclusion",0.662345510214772,0.1,"panel_a_payoff"
"Majority","Low type","exclusion",0.665182942902043,0.1,"panel_a_payoff"
"Majority","Low type","exclusion",0.668020375589314,0.1,"panel_a_payoff"
"Majority","Low type","exclusion",0.670857808276585,0.1,"panel_a_payoff"
"Majority","Low type","exclusion",0.673695240963855,0.1,"panel_a_payoff"
"Majority","Low type","exclusion",0.676532673651126,0.1,"panel_a_payoff"
"Majority","Low type","exclusion",0.679370106338397,0.1,"panel_a_payoff"
"Majority","Low type","exclusion",0.682207539025668,0.1,"panel_a_payoff"
"Majority","Low type","exclusion",0.685044971712939,0.1,"panel_a_payoff"
"Majority","Low type","exclusion",0.68788240440021,0.1,"panel_a_payoff"
"Majority","Low type","exclusion",0.69071983708748,0.1,"panel_a_payoff"
"Majority","Low type","exclusion",0.693557269774751,0.1,"panel_a_payoff"
"Majority","Low type","exclusion",0.696394702462022,0.1,"panel_a_payoff"
"Majority","Low type","exclusion",0.699232135149293,0.1,"panel_a_payoff"
"Majority","Low type","exclusion",0.702069567836564,0.1,"panel_a_payoff"
"Majority","Low type","exclusion",0.704907000523834,0.1,"panel_a_payoff"
"Majority","Low type","exclusion",0.707744433211105,0.1,"panel_a_payoff"
"Majority","Low type","exclusion",0.710581865898376,0.1,"panel_a_payoff"
"Majority","Low type","exclusion",0.713419298585647,0.1,"panel_a_payoff"
"Majority","Low type","exclusion",0.716256731272918,0.1,"panel_a_payoff"
"Majority","Low type","exclusion",0.719094163960189,0.1,"panel_a_payoff"
"Majority","Low type","exclusion",0.721931596647459,0.1,"panel_a_payoff"
"Majority","Low type","exclusion",0.72476902933473,0.1,"panel_a_payoff"
"Majority","Low type","exclusion",0.727606462022001,0.1,"panel_a_payoff"
"Majority","Low type","exclusion",0.730443894709272,0.1,"panel_a_payoff"
"Majority","Low type","exclusion",0.733281327396543,0.1,"panel_a_payoff"
"Majority","Low type","exclusion",0.736118760083813,0.1,"panel_a_payoff"
"Majority","Low type","exclusion",0.738956192771084,0.1,"panel_a_payoff"
"Majority","Low type","exclusion",0.741793625458355,0.1,"panel_a_payoff"
"Majority","Low type","exclusion",0.744631058145626,0.1,"panel_a_payoff"
"Majority","Low type","exclusion",0.747468490832897,0.1,"panel_a_payoff"
"Majority","Low type","exclusion",0.750305923520168,0.1,"panel_a_payoff"
"Majority","Low type","exclusion",0.753143356207438,0.1,"panel_a_payoff"
"Majority","Low type","exclusion",0.755980788894709,0.1,"panel_a_payoff"
"Majority","Low type","exclusion",0.75881822158198,0.1,"panel_a_payoff"
"Majority","Low type","exclusion",0.761655654269251,0.1,"panel_a_payoff"
"Majority","Low type","exclusion",0.764493086956522,0.1,"panel_a_payoff"
"Majority","Low type","exclusion",0.767330519643793,0.1,"panel_a_payoff"
"Majority","Low type","exclusion",0.770167952331063,0.1,"panel_a_payoff"
"Majority","Low type","exclusion",0.773005385018334,0.1,"panel_a_payoff"
"Majority","Low type","exclusion",0.775842817705605,0.1,"panel_a_payoff"
"Majority","Low type","exclusion",0.778680250392876,0.1,"panel_a_payoff"
"Majority","Low type","exclusion",0.781517683080147,0.1,"panel_a_payoff"
"Majority","Low type","exclusion",0.784355115767417,0.1,"panel_a_payoff"
"Majority","Low type","exclusion",0.787192548454688,0.1,"panel_a_payoff"
"Majority","Low type","exclusion",0.790029981141959,0.1,"panel_a_payoff"
"Majority","Low type","exclusion",0.79286741382923,0.1,"panel_a_payoff"
"Majority","Low type","exclusion",0.795704846516501,0.1,"panel_a_payoff"
"Majority","Low type","exclusion",0.798542279203772,0.1,"panel_a_payoff"
"Majority","Low type","exclusion",0.801379711891042,0.1,"panel_a_payoff"
"Majority","Low type","exclusion",0.804217144578313,0.1,"panel_a_payoff"
"Majority","Low type","exclusion",0.807054577265584,0.1,"panel_a_payoff"
"Majority","Low type","exclusion",0.809892009952855,0.1,"panel_a_payoff"
"Majority","Low type","exclusion",0.812729442640126,0.1,"panel_a_payoff"
"Majority","Low type","exclusion",0.815566875327396,0.1,"panel_a_payoff"
"Majority","Low type","exclusion",0.818404308014667,0.1,"panel_a_payoff"
"Majority","Low type","exclusion",0.821241740701938,0.1,"panel_a_payoff"
"Majority","Low type","exclusion",0.824079173389209,0.1,"panel_a_payoff"
"Majority","Low type","exclusion",0.82691660607648,0.1,"panel_a_payoff"
"Majority","Low type","exclusion",0.829754038763751,0.1,"panel_a_payoff"
"Majority","Low type","exclusion",0.832591471451021,0.1,"panel_a_payoff"
"Majority","Low type","exclusion",0.835428904138292,0.1,"panel_a_payoff"
"Majority","Low type","exclusion",0.838266336825563,0.1,"panel_a_payoff"
"Majority","Low type","exclusion",0.841103769512834,0.1,"panel_a_payoff"
"Majority","Low type","exclusion",0.843941202200105,0.1,"panel_a_payoff"
"Majority","Low type","exclusion",0.846778634887376,0.1,"panel_a_payoff"
"Majority","Low type","exclusion",0.849616067574646,0.1,"panel_a_payoff"
"Majority","Low type","exclusion",0.852453500261917,0.1,"panel_a_payoff"
"Majority","Low type","exclusion",0.855290932949188,0.1,"panel_a_payoff"
"Majority","Low type","exclusion",0.858128365636459,0.1,"panel_a_payoff"
"Majority","Low type","exclusion",0.86096579832373,0.1,"panel_a_payoff"
"Majority","Low type","exclusion",0.863803231011,0.1,"panel_a_payoff"
"Majority","Low type","exclusion",0.866640663698271,0.1,"panel_a_payoff"
"Majority","Low type","exclusion",0.869478096385542,0.1,"panel_a_payoff"
"Majority","Low type","exclusion",0.872315529072813,0.1,"panel_a_payoff"
"Majority","Low type","exclusion",0.875152961760084,0.1,"panel_a_payoff"
"Majority","Low type","exclusion",0.877990394447355,0.1,"panel_a_payoff"
"Majority","Low type","exclusion",0.880827827134625,0.1,"panel_a_payoff"
"Majority","Low type","exclusion",0.883665259821896,0.1,"panel_a_payoff"
"Majority","Low type","exclusion",0.886502692509167,0.1,"panel_a_payoff"
"Majority","Low type","exclusion",0.889340125196438,0.1,"panel_a_payoff"
"Majority","Low type","exclusion",0.892177557883709,0.1,"panel_a_payoff"
"Majority","Low type","exclusion",0.89501499057098,0.1,"panel_a_payoff"
"Majority","Low type","exclusion",0.89785242325825,0.1,"panel_a_payoff"
"Majority","Low type","exclusion",0.900689855945521,0.1,"panel_a_payoff"
"Majority","Low type","exclusion",0.903527288632792,0.1,"panel_a_payoff"
"Majority","Low type","exclusion",0.906364721320063,0.1,"panel_a_payoff"
"Majority","Low type","exclusion",0.909202154007334,0.1,"panel_a_payoff"
"Majority","Low type","exclusion",0.912039586694604,0.1,"panel_a_payoff"
"Majority","Low type","exclusion",0.914877019381875,0.1,"panel_a_payoff"
"Majority","Low type","exclusion",0.917714452069146,0.1,"panel_a_payoff"
"Majority","Low type","exclusion",0.920551884756417,0.1,"panel_a_payoff"
"Majority","Low type","exclusion",0.923389317443688,0.1,"panel_a_payoff"
"Majority","Low type","exclusion",0.926226750130959,0.1,"panel_a_payoff"
"Majority","Low type","exclusion",0.92906418281823,0.1,"panel_a_payoff"
"Majority","Low type","exclusion",0.9319016155055,0.1,"panel_a_payoff"
"Majority","Low type","exclusion",0.934739048192771,0.1,"panel_a_payoff"
"Majority","Low type","exclusion",0.937576480880042,0.1,"panel_a_payoff"
"Majority","Low type","exclusion",0.940413913567313,0.1,"panel_a_payoff"
"Majority","Low type","exclusion",0.943251346254584,0.1,"panel_a_payoff"
"Majority","Low type","exclusion",0.946088778941854,0.1,"panel_a_payoff"
"Majority","Low type","exclusion",0.948926211629125,0.1,"panel_a_payoff"
"Majority","Low type","exclusion",0.951763644316396,0.1,"panel_a_payoff"
"Majority","Low type","exclusion",0.954601077003667,0.1,"panel_a_payoff"
"Majority","Low type","exclusion",0.957438509690938,0.1,"panel_a_payoff"
"Majority","Low type","exclusion",0.960275942378208,0.1,"panel_a_payoff"
"Majority","Low type","exclusion",0.963113375065479,0.1,"panel_a_payoff"
"Majority","Low type","exclusion",0.96595080775275,0.1,"panel_a_payoff"
"Majority","Low type","exclusion",0.968788240440021,0.1,"panel_a_payoff"
"Majority","Low type","exclusion",0.971625673127292,0.1,"panel_a_payoff"
"Majority","Low type","exclusion",0.974463105814563,0.1,"panel_a_payoff"
"Majority","Low type","exclusion",0.977300538501833,0.1,"panel_a_payoff"
"Majority","Low type","exclusion",0.980137971189104,0.1,"panel_a_payoff"
"Majority","Low type","exclusion",0.982975403876375,0.1,"panel_a_payoff"
"Majority","Low type","exclusion",0.985812836563646,0.1,"panel_a_payoff"
"Majority","Low type","exclusion",0.988650269250917,0.1,"panel_a_payoff"
"Majority","Low type","exclusion",0.991487701938187,0.1,"panel_a_payoff"
"Majority","Low type","exclusion",0.994325134625458,0.1,"panel_a_payoff"
"Majority","Low type","exclusion",0.997162567312729,0.1,"panel_a_payoff"
"Majority","Low type","exclusion",1,0.1,"panel_a_payoff"
"Majority","High type","exclusion",0.293479260869565,0.35,"panel_a_payoff"
"Majority","High type","exclusion",0.296316693556836,0.35,"panel_a_payoff"
"Majority","High type","exclusion",0.299154126244107,0.35,"panel_a_payoff"
"Majority","High type","exclusion",0.301991558931378,0.35,"panel_a_payoff"
"Majority","High type","exclusion",0.304828991618649,0.35,"panel_a_payoff"
"Majority","High type","exclusion",0.307666424305919,0.35,"panel_a_payoff"
"Majority","High type","exclusion",0.31050385699319,0.35,"panel_a_payoff"
"Majority","High type","exclusion",0.313341289680461,0.35,"panel_a_payoff"
"Majority","High type","exclusion",0.316178722367732,0.35,"panel_a_payoff"
"Majority","High type","exclusion",0.319016155055003,0.35,"panel_a_payoff"
"Majority","High type","exclusion",0.321853587742273,0.35,"panel_a_payoff"
"Majority","High type","exclusion",0.324691020429544,0.35,"panel_a_payoff"
"Majority","High type","exclusion",0.327528453116815,0.35,"panel_a_payoff"
"Majority","High type","exclusion",0.330365885804086,0.35,"panel_a_payoff"
"Majority","High type","exclusion",0.333203318491357,0.35,"panel_a_payoff"
"Majority","High type","exclusion",0.336040751178628,0.35,"panel_a_payoff"
"Majority","High type","exclusion",0.338878183865898,0.35,"panel_a_payoff"
"Majority","High type","exclusion",0.341715616553169,0.35,"panel_a_payoff"
"Majority","High type","exclusion",0.34455304924044,0.35,"panel_a_payoff"
"Majority","High type","exclusion",0.347390481927711,0.35,"panel_a_payoff"
"Majority","High type","exclusion",0.350227914614982,0.35,"panel_a_payoff"
"Majority","High type","exclusion",0.353065347302252,0.35,"panel_a_payoff"
"Majority","High type","exclusion",0.355902779989523,0.35,"panel_a_payoff"
"Majority","High type","exclusion",0.358740212676794,0.35,"panel_a_payoff"
"Majority","High type","exclusion",0.361577645364065,0.35,"panel_a_payoff"
"Majority","High type","exclusion",0.364415078051336,0.35,"panel_a_payoff"
"Majority","High type","exclusion",0.367252510738607,0.35,"panel_a_payoff"
"Majority","High type","exclusion",0.370089943425877,0.35,"panel_a_payoff"
"Majority","High type","exclusion",0.372927376113148,0.35,"panel_a_payoff"
"Majority","High type","exclusion",0.375764808800419,0.35,"panel_a_payoff"
"Majority","High type","exclusion",0.37860224148769,0.35,"panel_a_payoff"
"Majority","High type","exclusion",0.381439674174961,0.35,"panel_a_payoff"
"Majority","High type","exclusion",0.384277106862232,0.35,"panel_a_payoff"
"Majority","High type","exclusion",0.387114539549502,0.35,"panel_a_payoff"
"Majority","High type","exclusion",0.389951972236773,0.35,"panel_a_payoff"
"Majority","High type","exclusion",0.392789404924044,0.35,"panel_a_payoff"
"Majority","High type","exclusion",0.395626837611315,0.35,"panel_a_payoff"
"Majority","High type","exclusion",0.398464270298586,0.35,"panel_a_payoff"
"Majority","High type","exclusion",0.401301702985856,0.35,"panel_a_payoff"
"Majority","High type","exclusion",0.404139135673127,0.35,"panel_a_payoff"
"Majority","High type","exclusion",0.406976568360398,0.35,"panel_a_payoff"
"Majority","High type","exclusion",0.409814001047669,0.35,"panel_a_payoff"
"Majority","High type","exclusion",0.41265143373494,0.35,"panel_a_payoff"
"Majority","High type","exclusion",0.415488866422211,0.35,"panel_a_payoff"
"Majority","High type","exclusion",0.418326299109481,0.35,"panel_a_payoff"
"Majority","High type","exclusion",0.421163731796752,0.35,"panel_a_payoff"
"Majority","High type","exclusion",0.424001164484023,0.35,"panel_a_payoff"
"Majority","High type","exclusion",0.426838597171294,0.35,"panel_a_payoff"
"Majority","High type","exclusion",0.429676029858565,0.35,"panel_a_payoff"
"Majority","High type","exclusion",0.432513462545836,0.35,"panel_a_payoff"
"Majority","High type","exclusion",0.435350895233106,0.35,"panel_a_payoff"
"Majority","High type","exclusion",0.438188327920377,0.35,"panel_a_payoff"
"Majority","High type","exclusion",0.441025760607648,0.35,"panel_a_payoff"
"Majority","High type","exclusion",0.443863193294919,0.35,"panel_a_payoff"
"Majority","High type","exclusion",0.44670062598219,0.35,"panel_a_payoff"
"Majority","High type","exclusion",0.44953805866946,0.35,"panel_a_payoff"
"Majority","High type","exclusion",0.452375491356731,0.35,"panel_a_payoff"
"Majority","High type","exclusion",0.455212924044002,0.35,"panel_a_payoff"
"Majority","High type","exclusion",0.458050356731273,0.35,"panel_a_payoff"
"Majority","High type","exclusion",0.460887789418544,0.35,"panel_a_payoff"
"Majority","High type","exclusion",0.463725222105815,0.35,"panel_a_payoff"
"Majority","High type","exclusion",0.466562654793085,0.35,"panel_a_payoff"
"Majority","High type","exclusion",0.469400087480356,0.35,"panel_a_payoff"
"Majority","High type","exclusion",0.472237520167627,0.35,"panel_a_payoff"
"Majority","High type","exclusion",0.475074952854898,0.35,"panel_a_payoff"
"Majority","High type","exclusion",0.477912385542169,0.35,"panel_a_payoff"
"Majority","High type","exclusion",0.48074981822944,0.35,"panel_a_payoff"
"Majority","High type","exclusion",0.48358725091671,0.35,"panel_a_payoff"
"Majority","High type","exclusion",0.486424683603981,0.35,"panel_a_payoff"
"Majority","High type","exclusion",0.489262116291252,0.35,"panel_a_payoff"
"Majority","High type","exclusion",0.492099548978523,0.35,"panel_a_payoff"
"Majority","High type","exclusion",0.494936981665794,0.35,"panel_a_payoff"
"Majority","High type","exclusion",0.497774414353064,0.35,"panel_a_payoff"
"Majority","High type","exclusion",0.500611847040335,0.35,"panel_a_payoff"
"Majority","High type","exclusion",0.503449279727606,0.35,"panel_a_payoff"
"Majority","High type","exclusion",0.506286712414877,0.35,"panel_a_payoff"
"Majority","High type","exclusion",0.509124145102148,0.35,"panel_a_payoff"
"Majority","High type","exclusion",0.511961577789419,0.35,"panel_a_payoff"
"Majority","High type","exclusion",0.514799010476689,0.35,"panel_a_payoff"
"Majority","High type","exclusion",0.51763644316396,0.35,"panel_a_payoff"
"Majority","High type","exclusion",0.520473875851231,0.35,"panel_a_payoff"
"Majority","High type","exclusion",0.523311308538502,0.35,"panel_a_payoff"
"Majority","High type","exclusion",0.526148741225773,0.35,"panel_a_payoff"
"Majority","High type","exclusion",0.528986173913043,0.35,"panel_a_payoff"
"Majority","High type","exclusion",0.531823606600314,0.35,"panel_a_payoff"
"Majority","High type","exclusion",0.534661039287585,0.35,"panel_a_payoff"
"Majority","High type","exclusion",0.537498471974856,0.35,"panel_a_payoff"
"Majority","High type","exclusion",0.540335904662127,0.35,"panel_a_payoff"
"Majority","High type","exclusion",0.543173337349398,0.35,"panel_a_payoff"
"Majority","High type","exclusion",0.546010770036668,0.35,"panel_a_payoff"
"Majority","High type","exclusion",0.548848202723939,0.35,"panel_a_payoff"
"Majority","High type","exclusion",0.55168563541121,0.35,"panel_a_payoff"
"Majority","High type","exclusion",0.554523068098481,0.35,"panel_a_payoff"
"Majority","High type","exclusion",0.557360500785752,0.35,"panel_a_payoff"
"Majority","High type","exclusion",0.560197933473022,0.35,"panel_a_payoff"
"Majority","High type","exclusion",0.563035366160293,0.35,"panel_a_payoff"
"Majority","High type","exclusion",0.565872798847564,0.35,"panel_a_payoff"
"Majority","High type","exclusion",0.568710231534835,0.35,"panel_a_payoff"
"Majority","High type","exclusion",0.571547664222106,0.35,"panel_a_payoff"
"Majority","High type","exclusion",0.574385096909377,0.35,"panel_a_payoff"
"Majority","High type","exclusion",0.577222529596647,0.35,"panel_a_payoff"
"Majority","High type","exclusion",0.580059962283918,0.35,"panel_a_payoff"
"Majority","High type","exclusion",0.582897394971189,0.35,"panel_a_payoff"
"Majority","High type","exclusion",0.58573482765846,0.35,"panel_a_payoff"
"Majority","High type","exclusion",0.588572260345731,0.35,"panel_a_payoff"
"Majority","High type","exclusion",0.591409693033002,0.35,"panel_a_payoff"
"Majority","High type","exclusion",0.594247125720272,0.35,"panel_a_payoff"
"Majority","High type","exclusion",0.597084558407543,0.35,"panel_a_payoff"
"Majority","High type","exclusion",0.599921991094814,0.35,"panel_a_payoff"
"Majority","High type","exclusion",0.602759423782085,0.35,"panel_a_payoff"
"Majority","High type","exclusion",0.605596856469356,0.35,"panel_a_payoff"
"Majority","High type","exclusion",0.608434289156627,0.35,"panel_a_payoff"
"Majority","High type","exclusion",0.611271721843897,0.35,"panel_a_payoff"
"Majority","High type","exclusion",0.614109154531168,0.35,"panel_a_payoff"
"Majority","High type","exclusion",0.616946587218439,0.35,"panel_a_payoff"
"Majority","High type","exclusion",0.61978401990571,0.35,"panel_a_payoff"
"Majority","High type","exclusion",0.62262145259298,0.35,"panel_a_payoff"
"Majority","High type","exclusion",0.625458885280251,0.35,"panel_a_payoff"
"Majority","High type","exclusion",0.628296317967522,0.35,"panel_a_payoff"
"Majority","High type","exclusion",0.631133750654793,0.35,"panel_a_payoff"
"Majority","High type","exclusion",0.633971183342064,0.35,"panel_a_payoff"
"Majority","High type","exclusion",0.636808616029335,0.35,"panel_a_payoff"
"Majority","High type","exclusion",0.639646048716606,0.35,"panel_a_payoff"
"Majority","High type","exclusion",0.642483481403876,0.35,"panel_a_payoff"
"Majority","High type","exclusion",0.645320914091147,0.35,"panel_a_payoff"
"Majority","High type","exclusion",0.648158346778418,0.35,"panel_a_payoff"
"Majority","High type","exclusion",0.650995779465689,0.35,"panel_a_payoff"
"Majority","High type","exclusion",0.65383321215296,0.35,"panel_a_payoff"
"Majority","High type","exclusion",0.65667064484023,0.35,"panel_a_payoff"
"Majority","High type","exclusion",0.659508077527501,0.35,"panel_a_payoff"
"Majority","High type","exclusion",0.662345510214772,0.35,"panel_a_payoff"
"Majority","High type","exclusion",0.665182942902043,0.35,"panel_a_payoff"
"Majority","High type","exclusion",0.668020375589314,0.35,"panel_a_payoff"
"Majority","High type","exclusion",0.670857808276585,0.35,"panel_a_payoff"
"Majority","High type","exclusion",0.673695240963855,0.35,"panel_a_payoff"
"Majority","High type","exclusion",0.676532673651126,0.35,"panel_a_payoff"
"Majority","High type","exclusion",0.679370106338397,0.35,"panel_a_payoff"
"Majority","High type","exclusion",0.682207539025668,0.35,"panel_a_payoff"
"Majority","High type","exclusion",0.685044971712939,0.35,"panel_a_payoff"
"Majority","High type","exclusion",0.68788240440021,0.35,"panel_a_payoff"
"Majority","High type","exclusion",0.69071983708748,0.35,"panel_a_payoff"
"Majority","High type","exclusion",0.693557269774751,0.35,"panel_a_payoff"
"Majority","High type","exclusion",0.696394702462022,0.35,"panel_a_payoff"
"Majority","High type","exclusion",0.699232135149293,0.35,"panel_a_payoff"
"Majority","High type","exclusion",0.702069567836564,0.35,"panel_a_payoff"
"Majority","High type","exclusion",0.704907000523834,0.35,"panel_a_payoff"
"Majority","High type","exclusion",0.707744433211105,0.35,"panel_a_payoff"
"Majority","High type","exclusion",0.710581865898376,0.35,"panel_a_payoff"
"Majority","High type","exclusion",0.713419298585647,0.35,"panel_a_payoff"
"Majority","High type","exclusion",0.716256731272918,0.35,"panel_a_payoff"
"Majority","High type","exclusion",0.719094163960189,0.35,"panel_a_payoff"
"Majority","High type","exclusion",0.721931596647459,0.35,"panel_a_payoff"
"Majority","High type","exclusion",0.72476902933473,0.35,"panel_a_payoff"
"Majority","High type","exclusion",0.727606462022001,0.35,"panel_a_payoff"
"Majority","High type","exclusion",0.730443894709272,0.35,"panel_a_payoff"
"Majority","High type","exclusion",0.733281327396543,0.35,"panel_a_payoff"
"Majority","High type","exclusion",0.736118760083813,0.35,"panel_a_payoff"
"Majority","High type","exclusion",0.738956192771084,0.35,"panel_a_payoff"
"Majority","High type","exclusion",0.741793625458355,0.35,"panel_a_payoff"
"Majority","High type","exclusion",0.744631058145626,0.35,"panel_a_payoff"
"Majority","High type","exclusion",0.747468490832897,0.35,"panel_a_payoff"
"Majority","High type","exclusion",0.750305923520168,0.35,"panel_a_payoff"
"Majority","High type","exclusion",0.753143356207438,0.35,"panel_a_payoff"
"Majority","High type","exclusion",0.755980788894709,0.35,"panel_a_payoff"
"Majority","High type","exclusion",0.75881822158198,0.35,"panel_a_payoff"
"Majority","High type","exclusion",0.761655654269251,0.35,"panel_a_payoff"
"Majority","High type","exclusion",0.764493086956522,0.35,"panel_a_payoff"
"Majority","High type","exclusion",0.767330519643793,0.35,"panel_a_payoff"
"Majority","High type","exclusion",0.770167952331063,0.35,"panel_a_payoff"
"Majority","High type","exclusion",0.773005385018334,0.35,"panel_a_payoff"
"Majority","High type","exclusion",0.775842817705605,0.35,"panel_a_payoff"
"Majority","High type","exclusion",0.778680250392876,0.35,"panel_a_payoff"
"Majority","High type","exclusion",0.781517683080147,0.35,"panel_a_payoff"
"Majority","High type","exclusion",0.784355115767417,0.35,"panel_a_payoff"
"Majority","High type","exclusion",0.787192548454688,0.35,"panel_a_payoff"
"Majority","High type","exclusion",0.790029981141959,0.35,"panel_a_payoff"
"Majority","High type","exclusion",0.79286741382923,0.35,"panel_a_payoff"
"Majority","High type","exclusion",0.795704846516501,0.35,"panel_a_payoff"
"Majority","High type","exclusion",0.798542279203772,0.35,"panel_a_payoff"
"Majority","High type","exclusion",0.801379711891042,0.35,"panel_a_payoff"
"Majority","High type","exclusion",0.804217144578313,0.35,"panel_a_payoff"
"Majority","High type","exclusion",0.807054577265584,0.35,"panel_a_payoff"
"Majority","High type","exclusion",0.809892009952855,0.35,"panel_a_payoff"
"Majority","High type","exclusion",0.812729442640126,0.35,"panel_a_payoff"
"Majority","High type","exclusion",0.815566875327396,0.35,"panel_a_payoff"
"Majority","High type","exclusion",0.818404308014667,0.35,"panel_a_payoff"
"Majority","High type","exclusion",0.821241740701938,0.35,"panel_a_payoff"
"Majority","High type","exclusion",0.824079173389209,0.35,"panel_a_payoff"
"Majority","High type","exclusion",0.82691660607648,0.35,"panel_a_payoff"
"Majority","High type","exclusion",0.829754038763751,0.35,"panel_a_payoff"
"Majority","High type","exclusion",0.832591471451021,0.35,"panel_a_payoff"
"Majority","High type","exclusion",0.835428904138292,0.35,"panel_a_payoff"
"Majority","High type","exclusion",0.838266336825563,0.35,"panel_a_payoff"
"Majority","High type","exclusion",0.841103769512834,0.35,"panel_a_payoff"
"Majority","High type","exclusion",0.843941202200105,0.35,"panel_a_payoff"
"Majority","High type","exclusion",0.846778634887376,0.35,"panel_a_payoff"
"Majority","High type","exclusion",0.849616067574646,0.35,"panel_a_payoff"
"Majority","High type","exclusion",0.852453500261917,0.35,"panel_a_payoff"
"Majority","High type","exclusion",0.855290932949188,0.35,"panel_a_payoff"
"Majority","High type","exclusion",0.858128365636459,0.35,"panel_a_payoff"
"Majority","High type","exclusion",0.86096579832373,0.35,"panel_a_payoff"
"Majority","High type","exclusion",0.863803231011,0.35,"panel_a_payoff"
"Majority","High type","exclusion",0.866640663698271,0.35,"panel_a_payoff"
"Majority","High type","exclusion",0.869478096385542,0.35,"panel_a_payoff"
"Majority","High type","exclusion",0.872315529072813,0.35,"panel_a_payoff"
"Majority","High type","exclusion",0.875152961760084,0.35,"panel_a_payoff"
"Majority","High type","exclusion",0.877990394447355,0.35,"panel_a_payoff"
"Majority","High type","exclusion",0.880827827134625,0.35,"panel_a_payoff"
"Majority","High type","exclusion",0.883665259821896,0.35,"panel_a_payoff"
"Majority","High type","exclusion",0.886502692509167,0.35,"panel_a_payoff"
"Majority","High type","exclusion",0.889340125196438,0.35,"panel_a_payoff"
"Majority","High type","exclusion",0.892177557883709,0.35,"panel_a_payoff"
"Majority","High type","exclusion",0.89501499057098,0.35,"panel_a_payoff"
"Majority","High type","exclusion",0.89785242325825,0.35,"panel_a_payoff"
"Majority","High type","exclusion",0.900689855945521,0.35,"panel_a_payoff"
"Majority","High type","exclusion",0.903527288632792,0.35,"panel_a_payoff"
"Majority","High type","exclusion",0.906364721320063,0.35,"panel_a_payoff"
"Majority","High type","exclusion",0.909202154007334,0.35,"panel_a_payoff"
"Majority","High type","exclusion",0.912039586694604,0.35,"panel_a_payoff"
"Majority","High type","exclusion",0.914877019381875,0.35,"panel_a_payoff"
"Majority","High type","exclusion",0.917714452069146,0.35,"panel_a_payoff"
"Majority","High type","exclusion",0.920551884756417,0.35,"panel_a_payoff"
"Majority","High type","exclusion",0.923389317443688,0.35,"panel_a_payoff"
"Majority","High type","exclusion",0.926226750130959,0.35,"panel_a_payoff"
"Majority","High type","exclusion",0.92906418281823,0.35,"panel_a_payoff"
"Majority","High type","exclusion",0.9319016155055,0.35,"panel_a_payoff"
"Majority","High type","exclusion",0.934739048192771,0.35,"panel_a_payoff"
"Majority","High type","exclusion",0.937576480880042,0.35,"panel_a_payoff"
"Majority","High type","exclusion",0.940413913567313,0.35,"panel_a_payoff"
"Majority","High type","exclusion",0.943251346254584,0.35,"panel_a_payoff"
"Majority","High type","exclusion",0.946088778941854,0.35,"panel_a_payoff"
"Majority","High type","exclusion",0.948926211629125,0.35,"panel_a_payoff"
"Majority","High type","exclusion",0.951763644316396,0.35,"panel_a_payoff"
"Majority","High type","exclusion",0.954601077003667,0.35,"panel_a_payoff"
"Majority","High type","exclusion",0.957438509690938,0.35,"panel_a_payoff"
"Majority","High type","exclusion",0.960275942378208,0.35,"panel_a_payoff"
"Majority","High type","exclusion",0.963113375065479,0.35,"panel_a_payoff"
"Majority","High type","exclusion",0.96595080775275,0.35,"panel_a_payoff"
"Majority","High type","exclusion",0.968788240440021,0.35,"panel_a_payoff"
"Majority","High type","exclusion",0.971625673127292,0.35,"panel_a_payoff"
"Majority","High type","exclusion",0.974463105814563,0.35,"panel_a_payoff"
"Majority","High type","exclusion",0.977300538501833,0.35,"panel_a_payoff"
"Majority","High type","exclusion",0.980137971189104,0.35,"panel_a_payoff"
"Majority","High type","exclusion",0.982975403876375,0.35,"panel_a_payoff"
"Majority","High type","exclusion",0.985812836563646,0.35,"panel_a_payoff"
"Majority","High type","exclusion",0.988650269250917,0.35,"panel_a_payoff"
"Majority","High type","exclusion",0.991487701938187,0.35,"panel_a_payoff"
"Majority","High type","exclusion",0.994325134625458,0.35,"panel_a_payoff"
"Majority","High type","exclusion",0.997162567312729,0.35,"panel_a_payoff"
"Majority","High type","exclusion",1,0.35,"panel_a_payoff"
"Unanimity","Low type","pooling",0.277778777777778,0.315,"panel_a_payoff"
"Unanimity","Low type","pooling",0.280194233370494,0.315,"panel_a_payoff"
"Unanimity","Low type","pooling",0.282609688963211,0.315,"panel_a_payoff"
"Unanimity","Low type","pooling",0.285025144555927,0.315,"panel_a_payoff"
"Unanimity","Low type","pooling",0.287440600148644,0.315,"panel_a_payoff"
"Unanimity","Low type","pooling",0.28985605574136,0.315,"panel_a_payoff"
"Unanimity","Low type","pooling",0.292271511334076,0.315,"panel_a_payoff"
"Unanimity","Low type","pooling",0.294686966926793,0.315,"panel_a_payoff"
"Unanimity","Low type","pooling",0.297102422519509,0.315,"panel_a_payoff"
"Unanimity","Low type","pooling",0.299517878112226,0.315,"panel_a_payoff"
"Unanimity","Low type","pooling",0.301933333704942,0.315,"panel_a_payoff"
"Unanimity","Low type","pooling",0.304348789297659,0.315,"panel_a_payoff"
"Unanimity","Low type","pooling",0.306764244890375,0.315,"panel_a_payoff"
"Unanimity","Low type","pooling",0.309179700483092,0.315,"panel_a_payoff"
"Unanimity","Low type","pooling",0.311595156075808,0.315,"panel_a_payoff"
"Unanimity","Low type","pooling",0.314010611668525,0.315,"panel_a_payoff"
"Unanimity","Low type","pooling",0.316426067261241,0.315,"panel_a_payoff"
"Unanimity","Low type","pooling",0.318841522853958,0.315,"panel_a_payoff"
"Unanimity","Low type","pooling",0.321256978446674,0.315,"panel_a_payoff"
"Unanimity","Low type","pooling",0.32367243403939,0.315,"panel_a_payoff"
"Unanimity","Low type","pooling",0.326087889632107,0.315,"panel_a_payoff"
"Unanimity","Low type","pooling",0.328503345224823,0.315,"panel_a_payoff"
"Unanimity","Low type","pooling",0.33091880081754,0.315,"panel_a_payoff"
"Unanimity","Low type","pooling",0.333334256410256,0.315,"panel_a_payoff"
"Unanimity","Low type","pooling",0.335749712002973,0.315,"panel_a_payoff"
"Unanimity","Low type","pooling",0.338165167595689,0.315,"panel_a_payoff"
"Unanimity","Low type","pooling",0.340580623188406,0.315,"panel_a_payoff"
"Unanimity","Low type","pooling",0.342996078781122,0.315,"panel_a_payoff"
"Unanimity","Low type","pooling",0.345411534373839,0.315,"panel_a_payoff"
"Unanimity","Low type","pooling",0.347826989966555,0.315,"panel_a_payoff"
"Unanimity","Low type","pooling",0.350242445559272,0.315,"panel_a_payoff"
"Unanimity","Low type","pooling",0.352657901151988,0.315,"panel_a_payoff"
"Unanimity","Low type","pooling",0.355073356744705,0.315,"panel_a_payoff"
"Unanimity","Low type","pooling",0.357488812337421,0.315,"panel_a_payoff"
"Unanimity","Low type","pooling",0.359904267930137,0.315,"panel_a_payoff"
"Unanimity","Low type","pooling",0.362319723522854,0.315,"panel_a_payoff"
"Unanimity","Low type","pooling",0.36473517911557,0.315,"panel_a_payoff"
"Unanimity","Low type","pooling",0.367150634708287,0.315,"panel_a_payoff"
"Unanimity","Low type","pooling",0.369566090301003,0.315,"panel_a_payoff"
"Unanimity","Low type","pooling",0.37198154589372,0.315,"panel_a_payoff"
"Unanimity","Low type","pooling",0.374397001486436,0.315,"panel_a_payoff"
"Unanimity","Low type","pooling",0.376812457079153,0.315,"panel_a_payoff"
"Unanimity","Low type","pooling",0.379227912671869,0.315,"panel_a_payoff"
"Unanimity","Low type","pooling",0.381643368264586,0.315,"panel_a_payoff"
"Unanimity","Low type","pooling",0.384058823857302,0.315,"panel_a_payoff"
"Unanimity","Low type","pooling",0.386474279450019,0.315,"panel_a_payoff"
"Unanimity","Low type","pooling",0.388889735042735,0.315,"panel_a_payoff"
"Unanimity","Low type","pooling",0.391305190635451,0.315,"panel_a_payoff"
"Unanimity","Low type","pooling",0.393720646228168,0.315,"panel_a_payoff"
"Unanimity","Low type","pooling",0.396136101820884,0.315,"panel_a_payoff"
"Unanimity","Low type","pooling",0.398551557413601,0.315,"panel_a_payoff"
"Unanimity","Low type","pooling",0.400967013006317,0.315,"panel_a_payoff"
"Unanimity","Low type","pooling",0.403382468599034,0.315,"panel_a_payoff"
"Unanimity","Low type","pooling",0.40579792419175,0.315,"panel_a_payoff"
"Unanimity","Low type","pooling",0.408213379784467,0.315,"panel_a_payoff"
"Unanimity","Low type","pooling",0.410628835377183,0.315,"panel_a_payoff"
"Unanimity","Low type","pooling",0.4130442909699,0.315,"panel_a_payoff"
"Unanimity","Low type","pooling",0.415459746562616,0.315,"panel_a_payoff"
"Unanimity","Low type","pooling",0.417875202155333,0.315,"panel_a_payoff"
"Unanimity","Low type","pooling",0.420290657748049,0.315,"panel_a_payoff"
"Unanimity","Low type","pooling",0.422706113340765,0.315,"panel_a_payoff"
"Unanimity","Low type","pooling",0.425121568933482,0.315,"panel_a_payoff"
"Unanimity","Low type","pooling",0.427537024526198,0.315,"panel_a_payoff"
"Unanimity","Low type","pooling",0.429952480118915,0.315,"panel_a_payoff"
"Unanimity","Low type","pooling",0.432367935711631,0.315,"panel_a_payoff"
"Unanimity","Low type","pooling",0.434783391304348,0.315,"panel_a_payoff"
"Unanimity","Low type","pooling",0.437198846897064,0.315,"panel_a_payoff"
"Unanimity","Low type","pooling",0.439614302489781,0.315,"panel_a_payoff"
"Unanimity","Low type","pooling",0.442029758082497,0.315,"panel_a_payoff"
"Unanimity","Low type","pooling",0.444445213675214,0.315,"panel_a_payoff"
"Unanimity","Low type","pooling",0.44686066926793,0.315,"panel_a_payoff"
"Unanimity","Low type","pooling",0.449276124860647,0.315,"panel_a_payoff"
"Unanimity","Low type","pooling",0.451691580453363,0.315,"panel_a_payoff"
"Unanimity","Low type","pooling",0.45410703604608,0.315,"panel_a_payoff"
"Unanimity","Low type","pooling",0.456522491638796,0.315,"panel_a_payoff"
"Unanimity","Low type","pooling",0.458937947231512,0.315,"panel_a_payoff"
"Unanimity","Low type","pooling",0.461353402824229,0.315,"panel_a_payoff"
"Unanimity","Low type","pooling",0.463768858416945,0.315,"panel_a_payoff"
"Unanimity","Low type","pooling",0.466184314009662,0.315,"panel_a_payoff"
"Unanimity","Low type","pooling",0.468599769602378,0.315,"panel_a_payoff"
"Unanimity","Low type","pooling",0.471015225195095,0.315,"panel_a_payoff"
"Unanimity","Low type","pooling",0.473430680787811,0.315,"panel_a_payoff"
"Unanimity","Low type","pooling",0.475846136380528,0.315,"panel_a_payoff"
"Unanimity","Low type","pooling",0.478261591973244,0.315,"panel_a_payoff"
"Unanimity","Low type","pooling",0.480677047565961,0.315,"panel_a_payoff"
"Unanimity","Low type","pooling",0.483092503158677,0.315,"panel_a_payoff"
"Unanimity","Low type","pooling",0.485507958751394,0.315,"panel_a_payoff"
"Unanimity","Low type","pooling",0.48792341434411,0.315,"panel_a_payoff"
"Unanimity","Low type","pooling",0.490338869936826,0.315,"panel_a_payoff"
"Unanimity","Low type","pooling",0.492754325529543,0.315,"panel_a_payoff"
"Unanimity","Low type","pooling",0.495169781122259,0.315,"panel_a_payoff"
"Unanimity","Low type","pooling",0.497585236714976,0.315,"panel_a_payoff"
"Unanimity","Low type","pooling",0.500000692307692,0.315,"panel_a_payoff"
"Unanimity","Low type","pooling",0.502416147900409,0.315,"panel_a_payoff"
"Unanimity","Low type","pooling",0.504831603493125,0.315,"panel_a_payoff"
"Unanimity","Low type","pooling",0.507247059085842,0.315,"panel_a_payoff"
"Unanimity","Low type","pooling",0.509662514678558,0.315,"panel_a_payoff"
"Unanimity","Low type","pooling",0.512077970271275,0.315,"panel_a_payoff"
"Unanimity","Low type","pooling",0.514493425863991,0.315,"panel_a_payoff"
"Unanimity","Low type","pooling",0.516908881456708,0.315,"panel_a_payoff"
"Unanimity","Low type","pooling",0.519324337049424,0.315,"panel_a_payoff"
"Unanimity","Low type","pooling",0.52173979264214,0.315,"panel_a_payoff"
"Unanimity","Low type","pooling",0.524155248234857,0.315,"panel_a_payoff"
"Unanimity","Low type","pooling",0.526570703827573,0.315,"panel_a_payoff"
"Unanimity","Low type","pooling",0.52898615942029,0.315,"panel_a_payoff"
"Unanimity","Low type","pooling",0.531401615013006,0.315,"panel_a_payoff"
"Unanimity","Low type","pooling",0.533817070605723,0.315,"panel_a_payoff"
"Unanimity","Low type","pooling",0.536232526198439,0.315,"panel_a_payoff"
"Unanimity","Low type","pooling",0.538647981791156,0.315,"panel_a_payoff"
"Unanimity","Low type","pooling",0.541063437383872,0.315,"panel_a_payoff"
"Unanimity","Low type","pooling",0.543478892976589,0.315,"panel_a_payoff"
"Unanimity","Low type","pooling",0.545894348569305,0.315,"panel_a_payoff"
"Unanimity","Low type","pooling",0.548309804162022,0.315,"panel_a_payoff"
"Unanimity","Low type","pooling",0.550725259754738,0.315,"panel_a_payoff"
"Unanimity","Low type","pooling",0.553140715347454,0.315,"panel_a_payoff"
"Unanimity","Low type","pooling",0.555556170940171,0.315,"panel_a_payoff"
"Unanimity","Low type","pooling",0.557971626532887,0.315,"panel_a_payoff"
"Unanimity","Low type","pooling",0.560387082125604,0.315,"panel_a_payoff"
"Unanimity","Low type","pooling",0.56280253771832,0.315,"panel_a_payoff"
"Unanimity","Low type","pooling",0.565217993311037,0.315,"panel_a_payoff"
"Unanimity","Low type","pooling",0.567633448903753,0.315,"panel_a_payoff"
"Unanimity","Low type","pooling",0.57004890449647,0.315,"panel_a_payoff"
"Unanimity","Low type","pooling",0.572464360089186,0.315,"panel_a_payoff"
"Unanimity","Low type","pooling",0.574879815681903,0.315,"panel_a_payoff"
"Unanimity","Low type","pooling",0.577295271274619,0.315,"panel_a_payoff"
"Unanimity","Low type","pooling",0.579710726867336,0.315,"panel_a_payoff"
"Unanimity","Low type","pooling",0.582126182460052,0.315,"panel_a_payoff"
"Unanimity","Low type","pooling",0.584541638052768,0.315,"panel_a_payoff"
"Unanimity","Low type","pooling",0.586957093645485,0.315,"panel_a_payoff"
"Unanimity","Low type","pooling",0.589372549238201,0.315,"panel_a_payoff"
"Unanimity","Low type","pooling",0.591788004830918,0.315,"panel_a_payoff"
"Unanimity","Low type","pooling",0.594203460423634,0.315,"panel_a_payoff"
"Unanimity","Low type","pooling",0.596618916016351,0.315,"panel_a_payoff"
"Unanimity","Low type","pooling",0.599034371609067,0.315,"panel_a_payoff"
"Unanimity","Low type","pooling",0.601449827201784,0.315,"panel_a_payoff"
"Unanimity","Low type","pooling",0.6038652827945,0.315,"panel_a_payoff"
"Unanimity","Low type","pooling",0.606280738387217,0.315,"panel_a_payoff"
"Unanimity","Low type","pooling",0.608696193979933,0.315,"panel_a_payoff"
"Unanimity","Low type","pooling",0.61111164957265,0.315,"panel_a_payoff"
"Unanimity","Low type","pooling",0.613527105165366,0.315,"panel_a_payoff"
"Unanimity","Low type","pooling",0.615942560758082,0.315,"panel_a_payoff"
"Unanimity","Low type","pooling",0.618358016350799,0.315,"panel_a_payoff"
"Unanimity","Low type","pooling",0.620773471943515,0.315,"panel_a_payoff"
"Unanimity","Low type","pooling",0.623188927536232,0.315,"panel_a_payoff"
"Unanimity","Low type","pooling",0.625604383128948,0.315,"panel_a_payoff"
"Unanimity","Low type","pooling",0.628019838721665,0.315,"panel_a_payoff"
"Unanimity","Low type","pooling",0.630435294314381,0.315,"panel_a_payoff"
"Unanimity","Low type","pooling",0.632850749907098,0.315,"panel_a_payoff"
"Unanimity","Low type","pooling",0.635266205499814,0.315,"panel_a_payoff"
"Unanimity","Low type","pooling",0.637681661092531,0.315,"panel_a_payoff"
"Unanimity","Low type","pooling",0.640097116685247,0.315,"panel_a_payoff"
"Unanimity","Low type","pooling",0.642512572277964,0.315,"panel_a_payoff"
"Unanimity","Low type","pooling",0.64492802787068,0.315,"panel_a_payoff"
"Unanimity","Low type","pooling",0.647343483463396,0.315,"panel_a_payoff"
"Unanimity","Low type","pooling",0.649758939056113,0.315,"panel_a_payoff"
"Unanimity","Low type","pooling",0.652174394648829,0.315,"panel_a_payoff"
"Unanimity","Low type","pooling",0.654589850241546,0.315,"panel_a_payoff"
"Unanimity","Low type","pooling",0.657005305834262,0.315,"panel_a_payoff"
"Unanimity","Low type","pooling",0.659420761426979,0.315,"panel_a_payoff"
"Unanimity","Low type","pooling",0.661836217019695,0.315,"panel_a_payoff"
"Unanimity","Low type","pooling",0.664251672612412,0.315,"panel_a_payoff"
"Unanimity","Low type","pooling",0.666667128205128,0.315,"panel_a_payoff"
"Unanimity","Low type","pooling",0.669082583797845,0.315,"panel_a_payoff"
"Unanimity","Low type","pooling",0.671498039390561,0.315,"panel_a_payoff"
"Unanimity","Low type","pooling",0.673913494983278,0.315,"panel_a_payoff"
"Unanimity","Low type","pooling",0.676328950575994,0.315,"panel_a_payoff"
"Unanimity","Low type","pooling",0.67874440616871,0.315,"panel_a_payoff"
"Unanimity","Low type","pooling",0.681159861761427,0.315,"panel_a_payoff"
"Unanimity","Low type","pooling",0.683575317354143,0.315,"panel_a_payoff"
"Unanimity","Low type","pooling",0.68599077294686,0.315,"panel_a_payoff"
"Unanimity","Low type","pooling",0.688406228539576,0.315,"panel_a_payoff"
"Unanimity","Low type","pooling",0.690821684132293,0.315,"panel_a_payoff"
"Unanimity","Low type","pooling",0.693237139725009,0.315,"panel_a_payoff"
"Unanimity","Low type","pooling",0.695652595317726,0.315,"panel_a_payoff"
"Unanimity","Low type","pooling",0.698068050910442,0.315,"panel_a_payoff"
"Unanimity","Low type","pooling",0.700483506503159,0.315,"panel_a_payoff"
"Unanimity","Low type","pooling",0.702898962095875,0.315,"panel_a_payoff"
"Unanimity","Low type","pooling",0.705314417688592,0.315,"panel_a_payoff"
"Unanimity","Low type","pooling",0.707729873281308,0.315,"panel_a_payoff"
"Unanimity","Low type","pooling",0.710145328874024,0.315,"panel_a_payoff"
"Unanimity","Low type","pooling",0.712560784466741,0.315,"panel_a_payoff"
"Unanimity","Low type","pooling",0.714976240059457,0.315,"panel_a_payoff"
"Unanimity","Low type","pooling",0.717391695652174,0.315,"panel_a_payoff"
"Unanimity","Low type","pooling",0.71980715124489,0.315,"panel_a_payoff"
"Unanimity","Low type","pooling",0.722222606837607,0.315,"panel_a_payoff"
"Unanimity","Low type","pooling",0.724638062430323,0.315,"panel_a_payoff"
"Unanimity","Low type","pooling",0.72705351802304,0.315,"panel_a_payoff"
"Unanimity","Low type","pooling",0.729468973615756,0.315,"panel_a_payoff"
"Unanimity","Low type","pooling",0.731884429208473,0.315,"panel_a_payoff"
"Unanimity","Low type","pooling",0.734299884801189,0.315,"panel_a_payoff"
"Unanimity","Low type","pooling",0.736715340393906,0.315,"panel_a_payoff"
"Unanimity","Low type","pooling",0.739130795986622,0.315,"panel_a_payoff"
"Unanimity","Low type","pooling",0.741546251579339,0.315,"panel_a_payoff"
"Unanimity","Low type","pooling",0.743961707172055,0.315,"panel_a_payoff"
"Unanimity","Low type","pooling",0.746377162764772,0.315,"panel_a_payoff"
"Unanimity","Low type","pooling",0.748792618357488,0.315,"panel_a_payoff"
"Unanimity","Low type","pooling",0.751208073950204,0.315,"panel_a_payoff"
"Unanimity","Low type","pooling",0.753623529542921,0.315,"panel_a_payoff"
"Unanimity","Low type","pooling",0.756038985135637,0.315,"panel_a_payoff"
"Unanimity","Low type","pooling",0.758454440728354,0.315,"panel_a_payoff"
"Unanimity","Low type","pooling",0.76086989632107,0.315,"panel_a_payoff"
"Unanimity","Low type","pooling",0.763285351913787,0.315,"panel_a_payoff"
"Unanimity","Low type","pooling",0.765700807506503,0.315,"panel_a_payoff"
"Unanimity","Low type","pooling",0.76811626309922,0.315,"panel_a_payoff"
"Unanimity","Low type","pooling",0.770531718691936,0.315,"panel_a_payoff"
"Unanimity","Low type","pooling",0.772947174284653,0.315,"panel_a_payoff"
"Unanimity","Low type","pooling",0.775362629877369,0.315,"panel_a_payoff"
"Unanimity","Low type","pooling",0.777778085470086,0.315,"panel_a_payoff"
"Unanimity","Low type","pooling",0.780193541062802,0.315,"panel_a_payoff"
"Unanimity","Low type","pooling",0.782608996655518,0.315,"panel_a_payoff"
"Unanimity","Low type","pooling",0.785024452248235,0.315,"panel_a_payoff"
"Unanimity","Low type","pooling",0.787439907840951,0.315,"panel_a_payoff"
"Unanimity","Low type","pooling",0.789855363433668,0.315,"panel_a_payoff"
"Unanimity","Low type","pooling",0.792270819026384,0.315,"panel_a_payoff"
"Unanimity","Low type","pooling",0.794686274619101,0.315,"panel_a_payoff"
"Unanimity","Low type","pooling",0.797101730211817,0.315,"panel_a_payoff"
"Unanimity","Low type","pooling",0.799517185804534,0.315,"panel_a_payoff"
"Unanimity","Low type","pooling",0.80193264139725,0.315,"panel_a_payoff"
"Unanimity","Low type","pooling",0.804348096989967,0.315,"panel_a_payoff"
"Unanimity","Low type","pooling",0.806763552582683,0.315,"panel_a_payoff"
"Unanimity","Low type","pooling",0.8091790081754,0.315,"panel_a_payoff"
"Unanimity","Low type","pooling",0.811594463768116,0.315,"panel_a_payoff"
"Unanimity","Low type","pooling",0.814009919360832,0.315,"panel_a_payoff"
"Unanimity","Low type","pooling",0.816425374953549,0.315,"panel_a_payoff"
"Unanimity","Low type","pooling",0.818840830546265,0.315,"panel_a_payoff"
"Unanimity","Low type","pooling",0.821256286138982,0.315,"panel_a_payoff"
"Unanimity","Low type","pooling",0.823671741731698,0.315,"panel_a_payoff"
"Unanimity","Low type","pooling",0.826087197324415,0.315,"panel_a_payoff"
"Unanimity","Low type","pooling",0.828502652917131,0.315,"panel_a_payoff"
"Unanimity","Low type","pooling",0.830918108509848,0.315,"panel_a_payoff"
"Unanimity","Low type","pooling",0.833333564102564,0.315,"panel_a_payoff"
"Unanimity","Low type","pooling",0.835749019695281,0.315,"panel_a_payoff"
"Unanimity","Low type","pooling",0.838164475287997,0.315,"panel_a_payoff"
"Unanimity","Low type","pooling",0.840579930880713,0.315,"panel_a_payoff"
"Unanimity","Low type","pooling",0.84299538647343,0.315,"panel_a_payoff"
"Unanimity","Low type","pooling",0.845410842066146,0.315,"panel_a_payoff"
"Unanimity","Low type","pooling",0.847826297658863,0.315,"panel_a_payoff"
"Unanimity","Low type","pooling",0.850241753251579,0.315,"panel_a_payoff"
"Unanimity","Low type","pooling",0.852657208844296,0.315,"panel_a_payoff"
"Unanimity","Low type","pooling",0.855072664437012,0.315,"panel_a_payoff"
"Unanimity","Low type","pooling",0.857488120029729,0.315,"panel_a_payoff"
"Unanimity","Low type","pooling",0.859903575622445,0.315,"panel_a_payoff"
"Unanimity","Low type","pooling",0.862319031215162,0.315,"panel_a_payoff"
"Unanimity","Low type","pooling",0.864734486807878,0.315,"panel_a_payoff"
"Unanimity","Low type","pooling",0.867149942400595,0.315,"panel_a_payoff"
"Unanimity","Low type","pooling",0.869565397993311,0.315,"panel_a_payoff"
"Unanimity","Low type","pooling",0.871980853586028,0.315,"panel_a_payoff"
"Unanimity","Low type","pooling",0.874396309178744,0.315,"panel_a_payoff"
"Unanimity","Low type","pooling",0.87681176477146,0.315,"panel_a_payoff"
"Unanimity","Low type","pooling",0.879227220364177,0.315,"panel_a_payoff"
"Unanimity","Low type","pooling",0.881642675956893,0.315,"panel_a_payoff"
"Unanimity","Low type","pooling",0.88405813154961,0.315,"panel_a_payoff"
"Unanimity","Low type","pooling",0.886473587142326,0.315,"panel_a_payoff"
"Unanimity","Low type","pooling",0.888889042735043,0.315,"panel_a_payoff"
"Unanimity","Low type","pooling",0.891304498327759,0.315,"panel_a_payoff"
"Unanimity","Low type","pooling",0.893719953920476,0.315,"panel_a_payoff"
"Unanimity","Low type","pooling",0.896135409513192,0.315,"panel_a_payoff"
"Unanimity","Low type","pooling",0.898550865105909,0.315,"panel_a_payoff"
"Unanimity","Low type","pooling",0.900966320698625,0.315,"panel_a_payoff"
"Unanimity","Low type","pooling",0.903381776291342,0.315,"panel_a_payoff"
"Unanimity","Low type","pooling",0.905797231884058,0.315,"panel_a_payoff"
"Unanimity","Low type","pooling",0.908212687476774,0.315,"panel_a_payoff"
"Unanimity","Low type","pooling",0.910628143069491,0.315,"panel_a_payoff"
"Unanimity","Low type","pooling",0.913043598662207,0.315,"panel_a_payoff"
"Unanimity","Low type","pooling",0.915459054254924,0.315,"panel_a_payoff"
"Unanimity","Low type","pooling",0.91787450984764,0.315,"panel_a_payoff"
"Unanimity","Low type","pooling",0.920289965440357,0.315,"panel_a_payoff"
"Unanimity","Low type","pooling",0.922705421033073,0.315,"panel_a_payoff"
"Unanimity","Low type","pooling",0.92512087662579,0.315,"panel_a_payoff"
"Unanimity","Low type","pooling",0.927536332218506,0.315,"panel_a_payoff"
"Unanimity","Low type","pooling",0.929951787811223,0.315,"panel_a_payoff"
"Unanimity","Low type","pooling",0.932367243403939,0.315,"panel_a_payoff"
"Unanimity","Low type","pooling",0.934782698996656,0.315,"panel_a_payoff"
"Unanimity","Low type","pooling",0.937198154589372,0.315,"panel_a_payoff"
"Unanimity","Low type","pooling",0.939613610182088,0.315,"panel_a_payoff"
"Unanimity","Low type","pooling",0.942029065774805,0.315,"panel_a_payoff"
"Unanimity","Low type","pooling",0.944444521367521,0.315,"panel_a_payoff"
"Unanimity","Low type","pooling",0.946859976960238,0.315,"panel_a_payoff"
"Unanimity","Low type","pooling",0.949275432552954,0.315,"panel_a_payoff"
"Unanimity","Low type","pooling",0.951690888145671,0.315,"panel_a_payoff"
"Unanimity","Low type","pooling",0.954106343738387,0.315,"panel_a_payoff"
"Unanimity","Low type","pooling",0.956521799331104,0.315,"panel_a_payoff"
"Unanimity","Low type","pooling",0.95893725492382,0.315,"panel_a_payoff"
"Unanimity","Low type","pooling",0.961352710516537,0.315,"panel_a_payoff"
"Unanimity","Low type","pooling",0.963768166109253,0.315,"panel_a_payoff"
"Unanimity","Low type","pooling",0.96618362170197,0.315,"panel_a_payoff"
"Unanimity","Low type","pooling",0.968599077294686,0.315,"panel_a_payoff"
"Unanimity","Low type","pooling",0.971014532887402,0.315,"panel_a_payoff"
"Unanimity","Low type","pooling",0.973429988480119,0.315,"panel_a_payoff"
"Unanimity","Low type","pooling",0.975845444072835,0.315,"panel_a_payoff"
"Unanimity","Low type","pooling",0.978260899665552,0.315,"panel_a_payoff"
"Unanimity","Low type","pooling",0.980676355258268,0.315,"panel_a_payoff"
"Unanimity","Low type","pooling",0.983091810850985,0.315,"panel_a_payoff"
"Unanimity","Low type","pooling",0.985507266443701,0.315,"panel_a_payoff"
"Unanimity","Low type","pooling",0.987922722036418,0.315,"panel_a_payoff"
"Unanimity","Low type","pooling",0.990338177629134,0.315,"panel_a_payoff"
"Unanimity","Low type","pooling",0.992753633221851,0.315,"panel_a_payoff"
"Unanimity","Low type","pooling",0.995169088814567,0.315,"panel_a_payoff"
"Unanimity","Low type","pooling",0.997584544407284,0.315,"panel_a_payoff"
"Unanimity","Low type","pooling",1,0.315,"panel_a_payoff"
"Unanimity","High type","pooling",0.277778777777778,0.315,"panel_a_payoff"
"Unanimity","High type","pooling",0.280194233370494,0.315,"panel_a_payoff"
"Unanimity","High type","pooling",0.282609688963211,0.315,"panel_a_payoff"
"Unanimity","High type","pooling",0.285025144555927,0.315,"panel_a_payoff"
"Unanimity","High type","pooling",0.287440600148644,0.315,"panel_a_payoff"
"Unanimity","High type","pooling",0.28985605574136,0.315,"panel_a_payoff"
"Unanimity","High type","pooling",0.292271511334076,0.315,"panel_a_payoff"
"Unanimity","High type","pooling",0.294686966926793,0.315,"panel_a_payoff"
"Unanimity","High type","pooling",0.297102422519509,0.315,"panel_a_payoff"
"Unanimity","High type","pooling",0.299517878112226,0.315,"panel_a_payoff"
"Unanimity","High type","pooling",0.301933333704942,0.315,"panel_a_payoff"
"Unanimity","High type","pooling",0.304348789297659,0.315,"panel_a_payoff"
"Unanimity","High type","pooling",0.306764244890375,0.315,"panel_a_payoff"
"Unanimity","High type","pooling",0.309179700483092,0.315,"panel_a_payoff"
"Unanimity","High type","pooling",0.311595156075808,0.315,"panel_a_payoff"
"Unanimity","High type","pooling",0.314010611668525,0.315,"panel_a_payoff"
"Unanimity","High type","pooling",0.316426067261241,0.315,"panel_a_payoff"
"Unanimity","High type","pooling",0.318841522853958,0.315,"panel_a_payoff"
"Unanimity","High type","pooling",0.321256978446674,0.315,"panel_a_payoff"
"Unanimity","High type","pooling",0.32367243403939,0.315,"panel_a_payoff"
"Unanimity","High type","pooling",0.326087889632107,0.315,"panel_a_payoff"
"Unanimity","High type","pooling",0.328503345224823,0.315,"panel_a_payoff"
"Unanimity","High type","pooling",0.33091880081754,0.315,"panel_a_payoff"
"Unanimity","High type","pooling",0.333334256410256,0.315,"panel_a_payoff"
"Unanimity","High type","pooling",0.335749712002973,0.315,"panel_a_payoff"
"Unanimity","High type","pooling",0.338165167595689,0.315,"panel_a_payoff"
"Unanimity","High type","pooling",0.340580623188406,0.315,"panel_a_payoff"
"Unanimity","High type","pooling",0.342996078781122,0.315,"panel_a_payoff"
"Unanimity","High type","pooling",0.345411534373839,0.315,"panel_a_payoff"
"Unanimity","High type","pooling",0.347826989966555,0.315,"panel_a_payoff"
"Unanimity","High type","pooling",0.350242445559272,0.315,"panel_a_payoff"
"Unanimity","High type","pooling",0.352657901151988,0.315,"panel_a_payoff"
"Unanimity","High type","pooling",0.355073356744705,0.315,"panel_a_payoff"
"Unanimity","High type","pooling",0.357488812337421,0.315,"panel_a_payoff"
"Unanimity","High type","pooling",0.359904267930137,0.315,"panel_a_payoff"
"Unanimity","High type","pooling",0.362319723522854,0.315,"panel_a_payoff"
"Unanimity","High type","pooling",0.36473517911557,0.315,"panel_a_payoff"
"Unanimity","High type","pooling",0.367150634708287,0.315,"panel_a_payoff"
"Unanimity","High type","pooling",0.369566090301003,0.315,"panel_a_payoff"
"Unanimity","High type","pooling",0.37198154589372,0.315,"panel_a_payoff"
"Unanimity","High type","pooling",0.374397001486436,0.315,"panel_a_payoff"
"Unanimity","High type","pooling",0.376812457079153,0.315,"panel_a_payoff"
"Unanimity","High type","pooling",0.379227912671869,0.315,"panel_a_payoff"
"Unanimity","High type","pooling",0.381643368264586,0.315,"panel_a_payoff"
"Unanimity","High type","pooling",0.384058823857302,0.315,"panel_a_payoff"
"Unanimity","High type","pooling",0.386474279450019,0.315,"panel_a_payoff"
"Unanimity","High type","pooling",0.388889735042735,0.315,"panel_a_payoff"
"Unanimity","High type","pooling",0.391305190635451,0.315,"panel_a_payoff"
"Unanimity","High type","pooling",0.393720646228168,0.315,"panel_a_payoff"
"Unanimity","High type","pooling",0.396136101820884,0.315,"panel_a_payoff"
"Unanimity","High type","pooling",0.398551557413601,0.315,"panel_a_payoff"
"Unanimity","High type","pooling",0.400967013006317,0.315,"panel_a_payoff"
"Unanimity","High type","pooling",0.403382468599034,0.315,"panel_a_payoff"
"Unanimity","High type","pooling",0.40579792419175,0.315,"panel_a_payoff"
"Unanimity","High type","pooling",0.408213379784467,0.315,"panel_a_payoff"
"Unanimity","High type","pooling",0.410628835377183,0.315,"panel_a_payoff"
"Unanimity","High type","pooling",0.4130442909699,0.315,"panel_a_payoff"
"Unanimity","High type","pooling",0.415459746562616,0.315,"panel_a_payoff"
"Unanimity","High type","pooling",0.417875202155333,0.315,"panel_a_payoff"
"Unanimity","High type","pooling",0.420290657748049,0.315,"panel_a_payoff"
"Unanimity","High type","pooling",0.422706113340765,0.315,"panel_a_payoff"
"Unanimity","High type","pooling",0.425121568933482,0.315,"panel_a_payoff"
"Unanimity","High type","pooling",0.427537024526198,0.315,"panel_a_payoff"
"Unanimity","High type","pooling",0.429952480118915,0.315,"panel_a_payoff"
"Unanimity","High type","pooling",0.432367935711631,0.315,"panel_a_payoff"
"Unanimity","High type","pooling",0.434783391304348,0.315,"panel_a_payoff"
"Unanimity","High type","pooling",0.437198846897064,0.315,"panel_a_payoff"
"Unanimity","High type","pooling",0.439614302489781,0.315,"panel_a_payoff"
"Unanimity","High type","pooling",0.442029758082497,0.315,"panel_a_payoff"
"Unanimity","High type","pooling",0.444445213675214,0.315,"panel_a_payoff"
"Unanimity","High type","pooling",0.44686066926793,0.315,"panel_a_payoff"
"Unanimity","High type","pooling",0.449276124860647,0.315,"panel_a_payoff"
"Unanimity","High type","pooling",0.451691580453363,0.315,"panel_a_payoff"
"Unanimity","High type","pooling",0.45410703604608,0.315,"panel_a_payoff"
"Unanimity","High type","pooling",0.456522491638796,0.315,"panel_a_payoff"
"Unanimity","High type","pooling",0.458937947231512,0.315,"panel_a_payoff"
"Unanimity","High type","pooling",0.461353402824229,0.315,"panel_a_payoff"
"Unanimity","High type","pooling",0.463768858416945,0.315,"panel_a_payoff"
"Unanimity","High type","pooling",0.466184314009662,0.315,"panel_a_payoff"
"Unanimity","High type","pooling",0.468599769602378,0.315,"panel_a_payoff"
"Unanimity","High type","pooling",0.471015225195095,0.315,"panel_a_payoff"
"Unanimity","High type","pooling",0.473430680787811,0.315,"panel_a_payoff"
"Unanimity","High type","pooling",0.475846136380528,0.315,"panel_a_payoff"
"Unanimity","High type","pooling",0.478261591973244,0.315,"panel_a_payoff"
"Unanimity","High type","pooling",0.480677047565961,0.315,"panel_a_payoff"
"Unanimity","High type","pooling",0.483092503158677,0.315,"panel_a_payoff"
"Unanimity","High type","pooling",0.485507958751394,0.315,"panel_a_payoff"
"Unanimity","High type","pooling",0.48792341434411,0.315,"panel_a_payoff"
"Unanimity","High type","pooling",0.490338869936826,0.315,"panel_a_payoff"
"Unanimity","High type","pooling",0.492754325529543,0.315,"panel_a_payoff"
"Unanimity","High type","pooling",0.495169781122259,0.315,"panel_a_payoff"
"Unanimity","High type","pooling",0.497585236714976,0.315,"panel_a_payoff"
"Unanimity","High type","pooling",0.500000692307692,0.315,"panel_a_payoff"
"Unanimity","High type","pooling",0.502416147900409,0.315,"panel_a_payoff"
"Unanimity","High type","pooling",0.504831603493125,0.315,"panel_a_payoff"
"Unanimity","High type","pooling",0.507247059085842,0.315,"panel_a_payoff"
"Unanimity","High type","pooling",0.509662514678558,0.315,"panel_a_payoff"
"Unanimity","High type","pooling",0.512077970271275,0.315,"panel_a_payoff"
"Unanimity","High type","pooling",0.514493425863991,0.315,"panel_a_payoff"
"Unanimity","High type","pooling",0.516908881456708,0.315,"panel_a_payoff"
"Unanimity","High type","pooling",0.519324337049424,0.315,"panel_a_payoff"
"Unanimity","High type","pooling",0.52173979264214,0.315,"panel_a_payoff"
"Unanimity","High type","pooling",0.524155248234857,0.315,"panel_a_payoff"
"Unanimity","High type","pooling",0.526570703827573,0.315,"panel_a_payoff"
"Unanimity","High type","pooling",0.52898615942029,0.315,"panel_a_payoff"
"Unanimity","High type","pooling",0.531401615013006,0.315,"panel_a_payoff"
"Unanimity","High type","pooling",0.533817070605723,0.315,"panel_a_payoff"
"Unanimity","High type","pooling",0.536232526198439,0.315,"panel_a_payoff"
"Unanimity","High type","pooling",0.538647981791156,0.315,"panel_a_payoff"
"Unanimity","High type","pooling",0.541063437383872,0.315,"panel_a_payoff"
"Unanimity","High type","pooling",0.543478892976589,0.315,"panel_a_payoff"
"Unanimity","High type","pooling",0.545894348569305,0.315,"panel_a_payoff"
"Unanimity","High type","pooling",0.548309804162022,0.315,"panel_a_payoff"
"Unanimity","High type","pooling",0.550725259754738,0.315,"panel_a_payoff"
"Unanimity","High type","pooling",0.553140715347454,0.315,"panel_a_payoff"
"Unanimity","High type","pooling",0.555556170940171,0.315,"panel_a_payoff"
"Unanimity","High type","pooling",0.557971626532887,0.315,"panel_a_payoff"
"Unanimity","High type","pooling",0.560387082125604,0.315,"panel_a_payoff"
"Unanimity","High type","pooling",0.56280253771832,0.315,"panel_a_payoff"
"Unanimity","High type","pooling",0.565217993311037,0.315,"panel_a_payoff"
"Unanimity","High type","pooling",0.567633448903753,0.315,"panel_a_payoff"
"Unanimity","High type","pooling",0.57004890449647,0.315,"panel_a_payoff"
"Unanimity","High type","pooling",0.572464360089186,0.315,"panel_a_payoff"
"Unanimity","High type","pooling",0.574879815681903,0.315,"panel_a_payoff"
"Unanimity","High type","pooling",0.577295271274619,0.315,"panel_a_payoff"
"Unanimity","High type","pooling",0.579710726867336,0.315,"panel_a_payoff"
"Unanimity","High type","pooling",0.582126182460052,0.315,"panel_a_payoff"
"Unanimity","High type","pooling",0.584541638052768,0.315,"panel_a_payoff"
"Unanimity","High type","pooling",0.586957093645485,0.315,"panel_a_payoff"
"Unanimity","High type","pooling",0.589372549238201,0.315,"panel_a_payoff"
"Unanimity","High type","pooling",0.591788004830918,0.315,"panel_a_payoff"
"Unanimity","High type","pooling",0.594203460423634,0.315,"panel_a_payoff"
"Unanimity","High type","pooling",0.596618916016351,0.315,"panel_a_payoff"
"Unanimity","High type","pooling",0.599034371609067,0.315,"panel_a_payoff"
"Unanimity","High type","pooling",0.601449827201784,0.315,"panel_a_payoff"
"Unanimity","High type","pooling",0.6038652827945,0.315,"panel_a_payoff"
"Unanimity","High type","pooling",0.606280738387217,0.315,"panel_a_payoff"
"Unanimity","High type","pooling",0.608696193979933,0.315,"panel_a_payoff"
"Unanimity","High type","pooling",0.61111164957265,0.315,"panel_a_payoff"
"Unanimity","High type","pooling",0.613527105165366,0.315,"panel_a_payoff"
"Unanimity","High type","pooling",0.615942560758082,0.315,"panel_a_payoff"
"Unanimity","High type","pooling",0.618358016350799,0.315,"panel_a_payoff"
"Unanimity","High type","pooling",0.620773471943515,0.315,"panel_a_payoff"
"Unanimity","High type","pooling",0.623188927536232,0.315,"panel_a_payoff"
"Unanimity","High type","pooling",0.625604383128948,0.315,"panel_a_payoff"
"Unanimity","High type","pooling",0.628019838721665,0.315,"panel_a_payoff"
"Unanimity","High type","pooling",0.630435294314381,0.315,"panel_a_payoff"
"Unanimity","High type","pooling",0.632850749907098,0.315,"panel_a_payoff"
"Unanimity","High type","pooling",0.635266205499814,0.315,"panel_a_payoff"
"Unanimity","High type","pooling",0.637681661092531,0.315,"panel_a_payoff"
"Unanimity","High type","pooling",0.640097116685247,0.315,"panel_a_payoff"
"Unanimity","High type","pooling",0.642512572277964,0.315,"panel_a_payoff"
"Unanimity","High type","pooling",0.64492802787068,0.315,"panel_a_payoff"
"Unanimity","High type","pooling",0.647343483463396,0.315,"panel_a_payoff"
"Unanimity","High type","pooling",0.649758939056113,0.315,"panel_a_payoff"
"Unanimity","High type","pooling",0.652174394648829,0.315,"panel_a_payoff"
"Unanimity","High type","pooling",0.654589850241546,0.315,"panel_a_payoff"
"Unanimity","High type","pooling",0.657005305834262,0.315,"panel_a_payoff"
"Unanimity","High type","pooling",0.659420761426979,0.315,"panel_a_payoff"
"Unanimity","High type","pooling",0.661836217019695,0.315,"panel_a_payoff"
"Unanimity","High type","pooling",0.664251672612412,0.315,"panel_a_payoff"
"Unanimity","High type","pooling",0.666667128205128,0.315,"panel_a_payoff"
"Unanimity","High type","pooling",0.669082583797845,0.315,"panel_a_payoff"
"Unanimity","High type","pooling",0.671498039390561,0.315,"panel_a_payoff"
"Unanimity","High type","pooling",0.673913494983278,0.315,"panel_a_payoff"
"Unanimity","High type","pooling",0.676328950575994,0.315,"panel_a_payoff"
"Unanimity","High type","pooling",0.67874440616871,0.315,"panel_a_payoff"
"Unanimity","High type","pooling",0.681159861761427,0.315,"panel_a_payoff"
"Unanimity","High type","pooling",0.683575317354143,0.315,"panel_a_payoff"
"Unanimity","High type","pooling",0.68599077294686,0.315,"panel_a_payoff"
"Unanimity","High type","pooling",0.688406228539576,0.315,"panel_a_payoff"
"Unanimity","High type","pooling",0.690821684132293,0.315,"panel_a_payoff"
"Unanimity","High type","pooling",0.693237139725009,0.315,"panel_a_payoff"
"Unanimity","High type","pooling",0.695652595317726,0.315,"panel_a_payoff"
"Unanimity","High type","pooling",0.698068050910442,0.315,"panel_a_payoff"
"Unanimity","High type","pooling",0.700483506503159,0.315,"panel_a_payoff"
"Unanimity","High type","pooling",0.702898962095875,0.315,"panel_a_payoff"
"Unanimity","High type","pooling",0.705314417688592,0.315,"panel_a_payoff"
"Unanimity","High type","pooling",0.707729873281308,0.315,"panel_a_payoff"
"Unanimity","High type","pooling",0.710145328874024,0.315,"panel_a_payoff"
"Unanimity","High type","pooling",0.712560784466741,0.315,"panel_a_payoff"
"Unanimity","High type","pooling",0.714976240059457,0.315,"panel_a_payoff"
"Unanimity","High type","pooling",0.717391695652174,0.315,"panel_a_payoff"
"Unanimity","High type","pooling",0.71980715124489,0.315,"panel_a_payoff"
"Unanimity","High type","pooling",0.722222606837607,0.315,"panel_a_payoff"
"Unanimity","High type","pooling",0.724638062430323,0.315,"panel_a_payoff"
"Unanimity","High type","pooling",0.72705351802304,0.315,"panel_a_payoff"
"Unanimity","High type","pooling",0.729468973615756,0.315,"panel_a_payoff"
"Unanimity","High type","pooling",0.731884429208473,0.315,"panel_a_payoff"
"Unanimity","High type","pooling",0.734299884801189,0.315,"panel_a_payoff"
"Unanimity","High type","pooling",0.736715340393906,0.315,"panel_a_payoff"
"Unanimity","High type","pooling",0.739130795986622,0.315,"panel_a_payoff"
"Unanimity","High type","pooling",0.741546251579339,0.315,"panel_a_payoff"
"Unanimity","High type","pooling",0.743961707172055,0.315,"panel_a_payoff"
"Unanimity","High type","pooling",0.746377162764772,0.315,"panel_a_payoff"
"Unanimity","High type","pooling",0.748792618357488,0.315,"panel_a_payoff"
"Unanimity","High type","pooling",0.751208073950204,0.315,"panel_a_payoff"
"Unanimity","High type","pooling",0.753623529542921,0.315,"panel_a_payoff"
"Unanimity","High type","pooling",0.756038985135637,0.315,"panel_a_payoff"
"Unanimity","High type","pooling",0.758454440728354,0.315,"panel_a_payoff"
"Unanimity","High type","pooling",0.76086989632107,0.315,"panel_a_payoff"
"Unanimity","High type","pooling",0.763285351913787,0.315,"panel_a_payoff"
"Unanimity","High type","pooling",0.765700807506503,0.315,"panel_a_payoff"
"Unanimity","High type","pooling",0.76811626309922,0.315,"panel_a_payoff"
"Unanimity","High type","pooling",0.770531718691936,0.315,"panel_a_payoff"
"Unanimity","High type","pooling",0.772947174284653,0.315,"panel_a_payoff"
"Unanimity","High type","pooling",0.775362629877369,0.315,"panel_a_payoff"
"Unanimity","High type","pooling",0.777778085470086,0.315,"panel_a_payoff"
"Unanimity","High type","pooling",0.780193541062802,0.315,"panel_a_payoff"
"Unanimity","High type","pooling",0.782608996655518,0.315,"panel_a_payoff"
"Unanimity","High type","pooling",0.785024452248235,0.315,"panel_a_payoff"
"Unanimity","High type","pooling",0.787439907840951,0.315,"panel_a_payoff"
"Unanimity","High type","pooling",0.789855363433668,0.315,"panel_a_payoff"
"Unanimity","High type","pooling",0.792270819026384,0.315,"panel_a_payoff"
"Unanimity","High type","pooling",0.794686274619101,0.315,"panel_a_payoff"
"Unanimity","High type","pooling",0.797101730211817,0.315,"panel_a_payoff"
"Unanimity","High type","pooling",0.799517185804534,0.315,"panel_a_payoff"
"Unanimity","High type","pooling",0.80193264139725,0.315,"panel_a_payoff"
"Unanimity","High type","pooling",0.804348096989967,0.315,"panel_a_payoff"
"Unanimity","High type","pooling",0.806763552582683,0.315,"panel_a_payoff"
"Unanimity","High type","pooling",0.8091790081754,0.315,"panel_a_payoff"
"Unanimity","High type","pooling",0.811594463768116,0.315,"panel_a_payoff"
"Unanimity","High type","pooling",0.814009919360832,0.315,"panel_a_payoff"
"Unanimity","High type","pooling",0.816425374953549,0.315,"panel_a_payoff"
"Unanimity","High type","pooling",0.818840830546265,0.315,"panel_a_payoff"
"Unanimity","High type","pooling",0.821256286138982,0.315,"panel_a_payoff"
"Unanimity","High type","pooling",0.823671741731698,0.315,"panel_a_payoff"
"Unanimity","High type","pooling",0.826087197324415,0.315,"panel_a_payoff"
"Unanimity","High type","pooling",0.828502652917131,0.315,"panel_a_payoff"
"Unanimity","High type","pooling",0.830918108509848,0.315,"panel_a_payoff"
"Unanimity","High type","pooling",0.833333564102564,0.315,"panel_a_payoff"
"Unanimity","High type","pooling",0.835749019695281,0.315,"panel_a_payoff"
"Unanimity","High type","pooling",0.838164475287997,0.315,"panel_a_payoff"
"Unanimity","High type","pooling",0.840579930880713,0.315,"panel_a_payoff"
"Unanimity","High type","pooling",0.84299538647343,0.315,"panel_a_payoff"
"Unanimity","High type","pooling",0.845410842066146,0.315,"panel_a_payoff"
"Unanimity","High type","pooling",0.847826297658863,0.315,"panel_a_payoff"
"Unanimity","High type","pooling",0.850241753251579,0.315,"panel_a_payoff"
"Unanimity","High type","pooling",0.852657208844296,0.315,"panel_a_payoff"
"Unanimity","High type","pooling",0.855072664437012,0.315,"panel_a_payoff"
"Unanimity","High type","pooling",0.857488120029729,0.315,"panel_a_payoff"
"Unanimity","High type","pooling",0.859903575622445,0.315,"panel_a_payoff"
"Unanimity","High type","pooling",0.862319031215162,0.315,"panel_a_payoff"
"Unanimity","High type","pooling",0.864734486807878,0.315,"panel_a_payoff"
"Unanimity","High type","pooling",0.867149942400595,0.315,"panel_a_payoff"
"Unanimity","High type","pooling",0.869565397993311,0.315,"panel_a_payoff"
"Unanimity","High type","pooling",0.871980853586028,0.315,"panel_a_payoff"
"Unanimity","High type","pooling",0.874396309178744,0.315,"panel_a_payoff"
"Unanimity","High type","pooling",0.87681176477146,0.315,"panel_a_payoff"
"Unanimity","High type","pooling",0.879227220364177,0.315,"panel_a_payoff"
"Unanimity","High type","pooling",0.881642675956893,0.315,"panel_a_payoff"
"Unanimity","High type","pooling",0.88405813154961,0.315,"panel_a_payoff"
"Unanimity","High type","pooling",0.886473587142326,0.315,"panel_a_payoff"
"Unanimity","High type","pooling",0.888889042735043,0.315,"panel_a_payoff"
"Unanimity","High type","pooling",0.891304498327759,0.315,"panel_a_payoff"
"Unanimity","High type","pooling",0.893719953920476,0.315,"panel_a_payoff"
"Unanimity","High type","pooling",0.896135409513192,0.315,"panel_a_payoff"
"Unanimity","High type","pooling",0.898550865105909,0.315,"panel_a_payoff"
"Unanimity","High type","pooling",0.900966320698625,0.315,"panel_a_payoff"
"Unanimity","High type","pooling",0.903381776291342,0.315,"panel_a_payoff"
"Unanimity","High type","pooling",0.905797231884058,0.315,"panel_a_payoff"
"Unanimity","High type","pooling",0.908212687476774,0.315,"panel_a_payoff"
"Unanimity","High type","pooling",0.910628143069491,0.315,"panel_a_payoff"
"Unanimity","High type","pooling",0.913043598662207,0.315,"panel_a_payoff"
"Unanimity","High type","pooling",0.915459054254924,0.315,"panel_a_payoff"
"Unanimity","High type","pooling",0.91787450984764,0.315,"panel_a_payoff"
"Unanimity","High type","pooling",0.920289965440357,0.315,"panel_a_payoff"
"Unanimity","High type","pooling",0.922705421033073,0.315,"panel_a_payoff"
"Unanimity","High type","pooling",0.92512087662579,0.315,"panel_a_payoff"
"Unanimity","High type","pooling",0.927536332218506,0.315,"panel_a_payoff"
"Unanimity","High type","pooling",0.929951787811223,0.315,"panel_a_payoff"
"Unanimity","High type","pooling",0.932367243403939,0.315,"panel_a_payoff"
"Unanimity","High type","pooling",0.934782698996656,0.315,"panel_a_payoff"
"Unanimity","High type","pooling",0.937198154589372,0.315,"panel_a_payoff"
"Unanimity","High type","pooling",0.939613610182088,0.315,"panel_a_payoff"
"Unanimity","High type","pooling",0.942029065774805,0.315,"panel_a_payoff"
"Unanimity","High type","pooling",0.944444521367521,0.315,"panel_a_payoff"
"Unanimity","High type","pooling",0.946859976960238,0.315,"panel_a_payoff"
"Unanimity","High type","pooling",0.949275432552954,0.315,"panel_a_payoff"
"Unanimity","High type","pooling",0.951690888145671,0.315,"panel_a_payoff"
"Unanimity","High type","pooling",0.954106343738387,0.315,"panel_a_payoff"
"Unanimity","High type","pooling",0.956521799331104,0.315,"panel_a_payoff"
"Unanimity","High type","pooling",0.95893725492382,0.315,"panel_a_payoff"
"Unanimity","High type","pooling",0.961352710516537,0.315,"panel_a_payoff"
"Unanimity","High type","pooling",0.963768166109253,0.315,"panel_a_payoff"
"Unanimity","High type","pooling",0.96618362170197,0.315,"panel_a_payoff"
"Unanimity","High type","pooling",0.968599077294686,0.315,"panel_a_payoff"
"Unanimity","High type","pooling",0.971014532887402,0.315,"panel_a_payoff"
"Unanimity","High type","pooling",0.973429988480119,0.315,"panel_a_payoff"
"Unanimity","High type","pooling",0.975845444072835,0.315,"panel_a_payoff"
"Unanimity","High type","pooling",0.978260899665552,0.315,"panel_a_payoff"
"Unanimity","High type","pooling",0.980676355258268,0.315,"panel_a_payoff"
"Unanimity","High type","pooling",0.983091810850985,0.315,"panel_a_payoff"
"Unanimity","High type","pooling",0.985507266443701,0.315,"panel_a_payoff"
"Unanimity","High type","pooling",0.987922722036418,0.315,"panel_a_payoff"
"Unanimity","High type","pooling",0.990338177629134,0.315,"panel_a_payoff"
"Unanimity","High type","pooling",0.992753633221851,0.315,"panel_a_payoff"
"Unanimity","High type","pooling",0.995169088814567,0.315,"panel_a_payoff"
"Unanimity","High type","pooling",0.997584544407284,0.315,"panel_a_payoff"
"Unanimity","High type","pooling",1,0.315,"panel_a_payoff"
"Unanimity","Low type","endpoint",0,0.09,"panel_a_endpoint"
"Majority",,"Substitute votes",0.35,0.45,"panel_b_allocation"
"Majority",,"Proposer residual",0.35,0.55,"panel_b_allocation"
"Unanimity",,"Weak-state floors",0.35,0.43875,"panel_b_allocation"
"Unanimity",,"Concession to H",0.35,0.315,"panel_b_allocation"
"Unanimity",,"Proposer residual",0.35,0.24625,"panel_b_allocation"
"Majority","Low type","outside_option_external_to_pie",0.35,0.1,"panel_b_outside_option"
"Majority","High type","outside_option_external_to_pie",0.35,0.35,"panel_b_outside_option"
