"node","status","N","pair_id","o_0","o_1","beta","nu","cell_id","selected_class","proposer_payoff","H_theta_0","H_theta_1"
"N1","PASS",5,"below",0.0625,0.125,0.5,0,"N1-UNIQUE","E",1,0.0625,0.125
"N1","PASS",5,"below",0.0625,0.125,0.5,1e-14,"N1-UNIQUE","E",1,0.0625,0.125
"N1","PASS",5,"below",0.0625,0.125,0.5,1e-12,"N1-UNIQUE","E",1,0.0625,0.125
"N1","PASS",5,"below",0.0625,0.125,0.5,1e-08,"N1-UNIQUE","E",1,0.0625,0.125
"N1","PASS",5,"below",0.0625,0.125,0.5,0.0434781608695652,"N1-UNIQUE","E",1,0.0625,0.125
"N1","PASS",5,"below",0.0625,0.125,0.5,0.0434782508695652,"N1-UNIQUE","E",1,0.0625,0.125
"N1","PASS",5,"below",0.0625,0.125,0.5,0.0434782608685652,"N1-UNIQUE","E",1,0.0625,0.125
"N1","PASS",5,"below",0.0625,0.125,0.5,0.0434782608695552,"N1-UNIQUE","E",1,0.0625,0.125
"N1","PASS",5,"below",0.0625,0.125,0.5,0.0434782608695652,"N1-UNIQUE","E",1,0.0625,0.125
"N1","PASS",5,"below",0.0625,0.125,0.5,0.0434782608695752,"N1-UNIQUE","E",1,0.0625,0.125
"N1","PASS",5,"below",0.0625,0.125,0.5,0.0434782608705652,"N1-UNIQUE","E",1,0.0625,0.125
"N1","PASS",5,"below",0.0625,0.125,0.5,0.0434782708695652,"N1-UNIQUE","E",1,0.0625,0.125
"N1","PASS",5,"below",0.0625,0.125,0.5,0.0434783608695652,"N1-UNIQUE","E",1,0.0625,0.125
"N1","PASS",5,"below",0.0625,0.125,0.5,0.05,"N1-UNIQUE","E",1,0.0625,0.125
"N1","PASS",5,"below",0.0625,0.125,0.5,0.0666665666666667,"N1-UNIQUE","E",1,0.0625,0.125
"N1","PASS",5,"below",0.0625,0.125,0.5,0.0666666566666667,"N1-UNIQUE","E",1,0.0625,0.125
"N1","PASS",5,"below",0.0625,0.125,0.5,0.0666666666656667,"N1-UNIQUE","E",1,0.0625,0.125
"N1","PASS",5,"below",0.0625,0.125,0.5,0.0666666666666567,"N1-UNIQUE","E",1,0.0625,0.125
"N1","PASS",5,"below",0.0625,0.125,0.5,0.0666666666666667,"N1-UNIQUE","E",1,0.0625,0.125
"N1","PASS",5,"below",0.0625,0.125,0.5,0.0666666666666767,"N1-UNIQUE","E",1,0.0625,0.125
"N1","PASS",5,"below",0.0625,0.125,0.5,0.0666666666676667,"N1-UNIQUE","E",1,0.0625,0.125
"N1","PASS",5,"below",0.0625,0.125,0.5,0.0666666766666667,"N1-UNIQUE","E",1,0.0625,0.125
"N1","PASS",5,"below",0.0625,0.125,0.5,0.0666667666666667,"N1-UNIQUE","E",1,0.0625,0.125
"N1","PASS",5,"below",0.0625,0.125,0.5,0.130434682608696,"N1-UNIQUE","E",1,0.0625,0.125
"N1","PASS",5,"below",0.0625,0.125,0.5,0.130434772608696,"N1-UNIQUE","E",1,0.0625,0.125
"N1","PASS",5,"below",0.0625,0.125,0.5,0.130434782607696,"N1-UNIQUE","E",1,0.0625,0.125
"N1","PASS",5,"below",0.0625,0.125,0.5,0.130434782608686,"N1-UNIQUE","E",1,0.0625,0.125
"N1","PASS",5,"below",0.0625,0.125,0.5,0.130434782608696,"N1-UNIQUE","E",1,0.0625,0.125
"N1","PASS",5,"below",0.0625,0.125,0.5,0.130434782608706,"N1-UNIQUE","E",1,0.0625,0.125
"N1","PASS",5,"below",0.0625,0.125,0.5,0.130434782609696,"N1-UNIQUE","E",1,0.0625,0.125
"N1","PASS",5,"below",0.0625,0.125,0.5,0.130434792608696,"N1-UNIQUE","E",1,0.0625,0.125
"N1","PASS",5,"below",0.0625,0.125,0.5,0.130434882608696,"N1-UNIQUE","E",1,0.0625,0.125
"N1","PASS",5,"below",0.0625,0.125,0.5,0.25,"N1-UNIQUE","E",1,0.0625,0.125
"N1","PASS",5,"below",0.0625,0.125,0.5,0.5,"N1-UNIQUE","E",1,0.0625,0.125
"N1","PASS",5,"below",0.0625,0.125,0.5,0.75,"N1-UNIQUE","E",1,0.0625,0.125
"N1","PASS",5,"below",0.0625,0.125,0.5,0.95,"N1-UNIQUE","E",1,0.0625,0.125
"N1","PASS",5,"below",0.0625,0.125,0.5,0.99999999,"N1-UNIQUE","E",1,0.0625,0.125
"N1","PASS",5,"below",0.0625,0.125,0.5,0.999999999999,"N1-UNIQUE","E",1,0.0625,0.125
"N1","PASS",5,"below",0.0625,0.125,0.5,0.99999999999999,"N1-UNIQUE","E",1,0.0625,0.125
"N1","PASS",5,"below",0.0625,0.125,0.5,1,"N1-UNIQUE","E",1,0.0625,0.125
"N1","PASS",5,"below",0.0625,0.125,0.9,0,"N1-UNIQUE","E",1,0.0625,0.125
"N1","PASS",5,"below",0.0625,0.125,0.9,1e-14,"N1-UNIQUE","E",1,0.0625,0.125
"N1","PASS",5,"below",0.0625,0.125,0.9,1e-12,"N1-UNIQUE","E",1,0.0625,0.125
"N1","PASS",5,"below",0.0625,0.125,0.9,1e-08,"N1-UNIQUE","E",1,0.0625,0.125
"N1","PASS",5,"below",0.0625,0.125,0.9,0.05,"N1-UNIQUE","E",1,0.0625,0.125
"N1","PASS",5,"below",0.0625,0.125,0.9,0.0666665666666667,"N1-UNIQUE","E",1,0.0625,0.125
"N1","PASS",5,"below",0.0625,0.125,0.9,0.0666666566666667,"N1-UNIQUE","E",1,0.0625,0.125
"N1","PASS",5,"below",0.0625,0.125,0.9,0.0666666666656667,"N1-UNIQUE","E",1,0.0625,0.125
"N1","PASS",5,"below",0.0625,0.125,0.9,0.0666666666666567,"N1-UNIQUE","E",1,0.0625,0.125
"N1","PASS",5,"below",0.0625,0.125,0.9,0.0666666666666667,"N1-UNIQUE","E",1,0.0625,0.125
"N1","PASS",5,"below",0.0625,0.125,0.9,0.0666666666666767,"N1-UNIQUE","E",1,0.0625,0.125
"N1","PASS",5,"below",0.0625,0.125,0.9,0.0666666666676667,"N1-UNIQUE","E",1,0.0625,0.125
"N1","PASS",5,"below",0.0625,0.125,0.9,0.0666666766666667,"N1-UNIQUE","E",1,0.0625,0.125
"N1","PASS",5,"below",0.0625,0.125,0.9,0.0666667666666667,"N1-UNIQUE","E",1,0.0625,0.125
"N1","PASS",5,"below",0.0625,0.125,0.9,0.113923950632911,"N1-UNIQUE","E",1,0.0625,0.125
"N1","PASS",5,"below",0.0625,0.125,0.9,0.113924040632911,"N1-UNIQUE","E",1,0.0625,0.125
"N1","PASS",5,"below",0.0625,0.125,0.9,0.113924050631911,"N1-UNIQUE","E",1,0.0625,0.125
"N1","PASS",5,"below",0.0625,0.125,0.9,0.113924050632901,"N1-UNIQUE","E",1,0.0625,0.125
"N1","PASS",5,"below",0.0625,0.125,0.9,0.113924050632911,"N1-UNIQUE","E",1,0.0625,0.125
"N1","PASS",5,"below",0.0625,0.125,0.9,0.113924050632921,"N1-UNIQUE","E",1,0.0625,0.125
"N1","PASS",5,"below",0.0625,0.125,0.9,0.113924050633911,"N1-UNIQUE","E",1,0.0625,0.125
"N1","PASS",5,"below",0.0625,0.125,0.9,0.113924060632911,"N1-UNIQUE","E",1,0.0625,0.125
"N1","PASS",5,"below",0.0625,0.125,0.9,0.113924150632911,"N1-UNIQUE","E",1,0.0625,0.125
"N1","PASS",5,"below",0.0625,0.125,0.9,0.25,"N1-UNIQUE","E",1,0.0625,0.125
"N1","PASS",5,"below",0.0625,0.125,0.9,0.341772051898734,"N1-UNIQUE","E",1,0.0625,0.125
"N1","PASS",5,"below",0.0625,0.125,0.9,0.341772141898734,"N1-UNIQUE","E",1,0.0625,0.125
"N1","PASS",5,"below",0.0625,0.125,0.9,0.341772151897734,"N1-UNIQUE","E",1,0.0625,0.125
"N1","PASS",5,"below",0.0625,0.125,0.9,0.341772151898724,"N1-UNIQUE","E",1,0.0625,0.125
"N1","PASS",5,"below",0.0625,0.125,0.9,0.341772151898734,"N1-UNIQUE","E",1,0.0625,0.125
"N1","PASS",5,"below",0.0625,0.125,0.9,0.341772151898744,"N1-UNIQUE","E",1,0.0625,0.125
"N1","PASS",5,"below",0.0625,0.125,0.9,0.341772151899734,"N1-UNIQUE","E",1,0.0625,0.125
"N1","PASS",5,"below",0.0625,0.125,0.9,0.341772161898734,"N1-UNIQUE","E",1,0.0625,0.125
"N1","PASS",5,"below",0.0625,0.125,0.9,0.341772251898734,"N1-UNIQUE","E",1,0.0625,0.125
"N1","PASS",5,"below",0.0625,0.125,0.9,0.5,"N1-UNIQUE","E",1,0.0625,0.125
"N1","PASS",5,"below",0.0625,0.125,0.9,0.75,"N1-UNIQUE","E",1,0.0625,0.125
"N1","PASS",5,"below",0.0625,0.125,0.9,0.95,"N1-UNIQUE","E",1,0.0625,0.125
"N1","PASS",5,"below",0.0625,0.125,0.9,0.99999999,"N1-UNIQUE","E",1,0.0625,0.125
"N1","PASS",5,"below",0.0625,0.125,0.9,0.999999999999,"N1-UNIQUE","E",1,0.0625,0.125
"N1","PASS",5,"below",0.0625,0.125,0.9,0.99999999999999,"N1-UNIQUE","E",1,0.0625,0.125
"N1","PASS",5,"below",0.0625,0.125,0.9,1,"N1-UNIQUE","E",1,0.0625,0.125
"N1","PASS",5,"below",0.0625,0.125,0.99,0,"N1-UNIQUE","E",1,0.0625,0.125
"N1","PASS",5,"below",0.0625,0.125,0.99,1e-14,"N1-UNIQUE","E",1,0.0625,0.125
"N1","PASS",5,"below",0.0625,0.125,0.99,1e-12,"N1-UNIQUE","E",1,0.0625,0.125
"N1","PASS",5,"below",0.0625,0.125,0.99,1e-08,"N1-UNIQUE","E",1,0.0625,0.125
"N1","PASS",5,"below",0.0625,0.125,0.99,0.05,"N1-UNIQUE","E",1,0.0625,0.125
"N1","PASS",5,"below",0.0625,0.125,0.99,0.0666665666666667,"N1-UNIQUE","E",1,0.0625,0.125
"N1","PASS",5,"below",0.0625,0.125,0.99,0.0666666566666667,"N1-UNIQUE","E",1,0.0625,0.125
"N1","PASS",5,"below",0.0625,0.125,0.99,0.0666666666656667,"N1-UNIQUE","E",1,0.0625,0.125
"N1","PASS",5,"below",0.0625,0.125,0.99,0.0666666666666567,"N1-UNIQUE","E",1,0.0625,0.125
"N1","PASS",5,"below",0.0625,0.125,0.99,0.0666666666666667,"N1-UNIQUE","E",1,0.0625,0.125
"N1","PASS",5,"below",0.0625,0.125,0.99,0.0666666666666767,"N1-UNIQUE","E",1,0.0625,0.125
"N1","PASS",5,"below",0.0625,0.125,0.99,0.0666666666676667,"N1-UNIQUE","E",1,0.0625,0.125
"N1","PASS",5,"below",0.0625,0.125,0.99,0.0666666766666667,"N1-UNIQUE","E",1,0.0625,0.125
"N1","PASS",5,"below",0.0625,0.125,0.99,0.0666667666666667,"N1-UNIQUE","E",1,0.0625,0.125
"N1","PASS",5,"below",0.0625,0.125,0.99,0.139633186318759,"N1-UNIQUE","E",1,0.0625,0.125
"N1","PASS",5,"below",0.0625,0.125,0.99,0.139633276318759,"N1-UNIQUE","E",1,0.0625,0.125
"N1","PASS",5,"below",0.0625,0.125,0.99,0.139633286317759,"N1-UNIQUE","E",1,0.0625,0.125
"N1","PASS",5,"below",0.0625,0.125,0.99,0.139633286318749,"N1-UNIQUE","E",1,0.0625,0.125
"N1","PASS",5,"below",0.0625,0.125,0.99,0.139633286318759,"N1-UNIQUE","E",1,0.0625,0.125
"N1","PASS",5,"below",0.0625,0.125,0.99,0.139633286318769,"N1-UNIQUE","E",1,0.0625,0.125
"N1","PASS",5,"below",0.0625,0.125,0.99,0.139633286319759,"N1-UNIQUE","E",1,0.0625,0.125
"N1","PASS",5,"below",0.0625,0.125,0.99,0.139633296318759,"N1-UNIQUE","E",1,0.0625,0.125
"N1","PASS",5,"below",0.0625,0.125,0.99,0.139633386318759,"N1-UNIQUE","E",1,0.0625,0.125
"N1","PASS",5,"below",0.0625,0.125,0.99,0.25,"N1-UNIQUE","E",1,0.0625,0.125
"N1","PASS",5,"below",0.0625,0.125,0.99,0.418899758956276,"N1-UNIQUE","E",1,0.0625,0.125
"N1","PASS",5,"below",0.0625,0.125,0.99,0.418899848956276,"N1-UNIQUE","E",1,0.0625,0.125
"N1","PASS",5,"below",0.0625,0.125,0.99,0.418899858955276,"N1-UNIQUE","E",1,0.0625,0.125
"N1","PASS",5,"below",0.0625,0.125,0.99,0.418899858956266,"N1-UNIQUE","E",1,0.0625,0.125
"N1","PASS",5,"below",0.0625,0.125,0.99,0.418899858956276,"N1-UNIQUE","E",1,0.0625,0.125
"N1","PASS",5,"below",0.0625,0.125,0.99,0.418899858956286,"N1-UNIQUE","E",1,0.0625,0.125
"N1","PASS",5,"below",0.0625,0.125,0.99,0.418899858957276,"N1-UNIQUE","E",1,0.0625,0.125
"N1","PASS",5,"below",0.0625,0.125,0.99,0.418899868956276,"N1-UNIQUE","E",1,0.0625,0.125
"N1","PASS",5,"below",0.0625,0.125,0.99,0.418899958956276,"N1-UNIQUE","E",1,0.0625,0.125
"N1","PASS",5,"below",0.0625,0.125,0.99,0.5,"N1-UNIQUE","E",1,0.0625,0.125
"N1","PASS",5,"below",0.0625,0.125,0.99,0.75,"N1-UNIQUE","E",1,0.0625,0.125
"N1","PASS",5,"below",0.0625,0.125,0.99,0.95,"N1-UNIQUE","E",1,0.0625,0.125
"N1","PASS",5,"below",0.0625,0.125,0.99,0.99999999,"N1-UNIQUE","E",1,0.0625,0.125
"N1","PASS",5,"below",0.0625,0.125,0.99,0.999999999999,"N1-UNIQUE","E",1,0.0625,0.125
"N1","PASS",5,"below",0.0625,0.125,0.99,0.99999999999999,"N1-UNIQUE","E",1,0.0625,0.125
"N1","PASS",5,"below",0.0625,0.125,0.99,1,"N1-UNIQUE","E",1,0.0625,0.125
"N1","PASS",5,"o1_equal_low",0.0625,0.25,0.5,0,"N1-UNIQUE","E",1,0.0625,0.25
"N1","PASS",5,"o1_equal_low",0.0625,0.25,0.5,1e-14,"N1-UNIQUE","E",1,0.0625,0.25
"N1","PASS",5,"o1_equal_low",0.0625,0.25,0.5,1e-12,"N1-UNIQUE","E",1,0.0625,0.25
"N1","PASS",5,"o1_equal_low",0.0625,0.25,0.5,1e-08,"N1-UNIQUE","E",1,0.0625,0.25
"N1","PASS",5,"o1_equal_low",0.0625,0.25,0.5,0.05,"N1-UNIQUE","E",1,0.0625,0.25
"N1","PASS",5,"o1_equal_low",0.0625,0.25,0.5,0.130434682608696,"N1-UNIQUE","E",1,0.0625,0.25
"N1","PASS",5,"o1_equal_low",0.0625,0.25,0.5,0.130434772608696,"N1-UNIQUE","E",1,0.0625,0.25
"N1","PASS",5,"o1_equal_low",0.0625,0.25,0.5,0.130434782607696,"N1-UNIQUE","E",1,0.0625,0.25
"N1","PASS",5,"o1_equal_low",0.0625,0.25,0.5,0.130434782608686,"N1-UNIQUE","E",1,0.0625,0.25
"N1","PASS",5,"o1_equal_low",0.0625,0.25,0.5,0.130434782608696,"N1-UNIQUE","E",1,0.0625,0.25
"N1","PASS",5,"o1_equal_low",0.0625,0.25,0.5,0.130434782608706,"N1-UNIQUE","E",1,0.0625,0.25
"N1","PASS",5,"o1_equal_low",0.0625,0.25,0.5,0.130434782609696,"N1-UNIQUE","E",1,0.0625,0.25
"N1","PASS",5,"o1_equal_low",0.0625,0.25,0.5,0.130434792608696,"N1-UNIQUE","E",1,0.0625,0.25
"N1","PASS",5,"o1_equal_low",0.0625,0.25,0.5,0.130434882608696,"N1-UNIQUE","E",1,0.0625,0.25
"N1","PASS",5,"o1_equal_low",0.0625,0.25,0.5,0.1999999,"N1-UNIQUE","E",1,0.0625,0.25
"N1","PASS",5,"o1_equal_low",0.0625,0.25,0.5,0.19999999,"N1-UNIQUE","E",1,0.0625,0.25
"N1","PASS",5,"o1_equal_low",0.0625,0.25,0.5,0.199999999999,"N1-UNIQUE","E",1,0.0625,0.25
"N1","PASS",5,"o1_equal_low",0.0625,0.25,0.5,0.19999999999999,"N1-UNIQUE","E",1,0.0625,0.25
"N1","PASS",5,"o1_equal_low",0.0625,0.25,0.5,0.2,"N1-UNIQUE","E",1,0.0625,0.25
"N1","PASS",5,"o1_equal_low",0.0625,0.25,0.5,0.20000000000001,"N1-UNIQUE","E",1,0.0625,0.25
"N1","PASS",5,"o1_equal_low",0.0625,0.25,0.5,0.200000000001,"N1-UNIQUE","E",1,0.0625,0.25
"N1","PASS",5,"o1_equal_low",0.0625,0.25,0.5,0.20000001,"N1-UNIQUE","E",1,0.0625,0.25
"N1","PASS",5,"o1_equal_low",0.0625,0.25,0.5,0.2000001,"N1-UNIQUE","E",1,0.0625,0.25
"N1","PASS",5,"o1_equal_low",0.0625,0.25,0.5,0.25,"N1-UNIQUE","E",1,0.0625,0.25
"N1","PASS",5,"o1_equal_low",0.0625,0.25,0.5,0.333333233333333,"N1-UNIQUE","E",1,0.0625,0.25
"N1","PASS",5,"o1_equal_low",0.0625,0.25,0.5,0.333333323333333,"N1-UNIQUE","E",1,0.0625,0.25
"N1","PASS",5,"o1_equal_low",0.0625,0.25,0.5,0.333333333332333,"N1-UNIQUE","E",1,0.0625,0.25
"N1","PASS",5,"o1_equal_low",0.0625,0.25,0.5,0.333333333333323,"N1-UNIQUE","E",1,0.0625,0.25
"N1","PASS",5,"o1_equal_low",0.0625,0.25,0.5,0.333333333333333,"N1-UNIQUE","E",1,0.0625,0.25
"N1","PASS",5,"o1_equal_low",0.0625,0.25,0.5,0.333333333333343,"N1-UNIQUE","E",1,0.0625,0.25
"N1","PASS",5,"o1_equal_low",0.0625,0.25,0.5,0.333333333334333,"N1-UNIQUE","E",1,0.0625,0.25
"N1","PASS",5,"o1_equal_low",0.0625,0.25,0.5,0.333333343333333,"N1-UNIQUE","E",1,0.0625,0.25
"N1","PASS",5,"o1_equal_low",0.0625,0.25,0.5,0.333333433333333,"N1-UNIQUE","E",1,0.0625,0.25
"N1","PASS",5,"o1_equal_low",0.0625,0.25,0.5,0.5,"N1-UNIQUE","E",1,0.0625,0.25
"N1","PASS",5,"o1_equal_low",0.0625,0.25,0.5,0.75,"N1-UNIQUE","E",1,0.0625,0.25
"N1","PASS",5,"o1_equal_low",0.0625,0.25,0.5,0.95,"N1-UNIQUE","E",1,0.0625,0.25
"N1","PASS",5,"o1_equal_low",0.0625,0.25,0.5,0.99999999,"N1-UNIQUE","E",1,0.0625,0.25
"N1","PASS",5,"o1_equal_low",0.0625,0.25,0.5,0.999999999999,"N1-UNIQUE","E",1,0.0625,0.25
"N1","PASS",5,"o1_equal_low",0.0625,0.25,0.5,0.99999999999999,"N1-UNIQUE","E",1,0.0625,0.25
"N1","PASS",5,"o1_equal_low",0.0625,0.25,0.5,1,"N1-UNIQUE","E",1,0.0625,0.25
"N1","PASS",5,"o1_equal_low",0.0625,0.25,0.9,0,"N1-UNIQUE","E",1,0.0625,0.25
"N1","PASS",5,"o1_equal_low",0.0625,0.25,0.9,1e-14,"N1-UNIQUE","E",1,0.0625,0.25
"N1","PASS",5,"o1_equal_low",0.0625,0.25,0.9,1e-12,"N1-UNIQUE","E",1,0.0625,0.25
"N1","PASS",5,"o1_equal_low",0.0625,0.25,0.9,1e-08,"N1-UNIQUE","E",1,0.0625,0.25
"N1","PASS",5,"o1_equal_low",0.0625,0.25,0.9,0.05,"N1-UNIQUE","E",1,0.0625,0.25
"N1","PASS",5,"o1_equal_low",0.0625,0.25,0.9,0.1999999,"N1-UNIQUE","E",1,0.0625,0.25
"N1","PASS",5,"o1_equal_low",0.0625,0.25,0.9,0.19999999,"N1-UNIQUE","E",1,0.0625,0.25
"N1","PASS",5,"o1_equal_low",0.0625,0.25,0.9,0.199999999999,"N1-UNIQUE","E",1,0.0625,0.25
"N1","PASS",5,"o1_equal_low",0.0625,0.25,0.9,0.19999999999999,"N1-UNIQUE","E",1,0.0625,0.25
"N1","PASS",5,"o1_equal_low",0.0625,0.25,0.9,0.2,"N1-UNIQUE","E",1,0.0625,0.25
"N1","PASS",5,"o1_equal_low",0.0625,0.25,0.9,0.20000000000001,"N1-UNIQUE","E",1,0.0625,0.25
"N1","PASS",5,"o1_equal_low",0.0625,0.25,0.9,0.200000000001,"N1-UNIQUE","E",1,0.0625,0.25
"N1","PASS",5,"o1_equal_low",0.0625,0.25,0.9,0.20000001,"N1-UNIQUE","E",1,0.0625,0.25
"N1","PASS",5,"o1_equal_low",0.0625,0.25,0.9,0.2000001,"N1-UNIQUE","E",1,0.0625,0.25
"N1","PASS",5,"o1_equal_low",0.0625,0.25,0.9,0.25,"N1-UNIQUE","E",1,0.0625,0.25
"N1","PASS",5,"o1_equal_low",0.0625,0.25,0.9,0.341772051898734,"N1-UNIQUE","E",1,0.0625,0.25
"N1","PASS",5,"o1_equal_low",0.0625,0.25,0.9,0.341772141898734,"N1-UNIQUE","E",1,0.0625,0.25
"N1","PASS",5,"o1_equal_low",0.0625,0.25,0.9,0.341772151897734,"N1-UNIQUE","E",1,0.0625,0.25
"N1","PASS",5,"o1_equal_low",0.0625,0.25,0.9,0.341772151898724,"N1-UNIQUE","E",1,0.0625,0.25
"N1","PASS",5,"o1_equal_low",0.0625,0.25,0.9,0.341772151898734,"N1-UNIQUE","E",1,0.0625,0.25
"N1","PASS",5,"o1_equal_low",0.0625,0.25,0.9,0.341772151898744,"N1-UNIQUE","E",1,0.0625,0.25
"N1","PASS",5,"o1_equal_low",0.0625,0.25,0.9,0.341772151899734,"N1-UNIQUE","E",1,0.0625,0.25
"N1","PASS",5,"o1_equal_low",0.0625,0.25,0.9,0.341772161898734,"N1-UNIQUE","E",1,0.0625,0.25
"N1","PASS",5,"o1_equal_low",0.0625,0.25,0.9,0.341772251898734,"N1-UNIQUE","E",1,0.0625,0.25
"N1","PASS",5,"o1_equal_low",0.0625,0.25,0.9,0.5,"N1-UNIQUE","E",1,0.0625,0.25
"N1","PASS",5,"o1_equal_low",0.0625,0.25,0.9,0.75,"N1-UNIQUE","E",1,0.0625,0.25
"N1","PASS",5,"o1_equal_low",0.0625,0.25,0.9,0.866666566666667,"N1-UNIQUE","E",1,0.0625,0.25
"N1","PASS",5,"o1_equal_low",0.0625,0.25,0.9,0.866666656666667,"N1-UNIQUE","E",1,0.0625,0.25
"N1","PASS",5,"o1_equal_low",0.0625,0.25,0.9,0.866666666665667,"N1-UNIQUE","E",1,0.0625,0.25
"N1","PASS",5,"o1_equal_low",0.0625,0.25,0.9,0.866666666666657,"N1-UNIQUE","E",1,0.0625,0.25
"N1","PASS",5,"o1_equal_low",0.0625,0.25,0.9,0.866666666666667,"N1-UNIQUE","E",1,0.0625,0.25
"N1","PASS",5,"o1_equal_low",0.0625,0.25,0.9,0.866666666666677,"N1-UNIQUE","E",1,0.0625,0.25
"N1","PASS",5,"o1_equal_low",0.0625,0.25,0.9,0.866666666667667,"N1-UNIQUE","E",1,0.0625,0.25
"N1","PASS",5,"o1_equal_low",0.0625,0.25,0.9,0.866666676666667,"N1-UNIQUE","E",1,0.0625,0.25
"N1","PASS",5,"o1_equal_low",0.0625,0.25,0.9,0.866666766666667,"N1-UNIQUE","E",1,0.0625,0.25
"N1","PASS",5,"o1_equal_low",0.0625,0.25,0.9,0.95,"N1-UNIQUE","E",1,0.0625,0.25
"N1","PASS",5,"o1_equal_low",0.0625,0.25,0.9,0.99999999,"N1-UNIQUE","E",1,0.0625,0.25
"N1","PASS",5,"o1_equal_low",0.0625,0.25,0.9,0.999999999999,"N1-UNIQUE","E",1,0.0625,0.25
"N1","PASS",5,"o1_equal_low",0.0625,0.25,0.9,0.99999999999999,"N1-UNIQUE","E",1,0.0625,0.25
"N1","PASS",5,"o1_equal_low",0.0625,0.25,0.9,1,"N1-UNIQUE","E",1,0.0625,0.25
"N1","PASS",5,"o1_equal_low",0.0625,0.25,0.99,0,"N1-UNIQUE","E",1,0.0625,0.25
"N1","PASS",5,"o1_equal_low",0.0625,0.25,0.99,1e-14,"N1-UNIQUE","E",1,0.0625,0.25
"N1","PASS",5,"o1_equal_low",0.0625,0.25,0.99,1e-12,"N1-UNIQUE","E",1,0.0625,0.25
"N1","PASS",5,"o1_equal_low",0.0625,0.25,0.99,1e-08,"N1-UNIQUE","E",1,0.0625,0.25
"N1","PASS",5,"o1_equal_low",0.0625,0.25,0.99,0.05,"N1-UNIQUE","E",1,0.0625,0.25
"N1","PASS",5,"o1_equal_low",0.0625,0.25,0.99,0.1999999,"N1-UNIQUE","E",1,0.0625,0.25
"N1","PASS",5,"o1_equal_low",0.0625,0.25,0.99,0.19999999,"N1-UNIQUE","E",1,0.0625,0.25
"N1","PASS",5,"o1_equal_low",0.0625,0.25,0.99,0.199999999999,"N1-UNIQUE","E",1,0.0625,0.25
"N1","PASS",5,"o1_equal_low",0.0625,0.25,0.99,0.19999999999999,"N1-UNIQUE","E",1,0.0625,0.25
"N1","PASS",5,"o1_equal_low",0.0625,0.25,0.99,0.2,"N1-UNIQUE","E",1,0.0625,0.25
"N1","PASS",5,"o1_equal_low",0.0625,0.25,0.99,0.20000000000001,"N1-UNIQUE","E",1,0.0625,0.25
"N1","PASS",5,"o1_equal_low",0.0625,0.25,0.99,0.200000000001,"N1-UNIQUE","E",1,0.0625,0.25
"N1","PASS",5,"o1_equal_low",0.0625,0.25,0.99,0.20000001,"N1-UNIQUE","E",1,0.0625,0.25
"N1","PASS",5,"o1_equal_low",0.0625,0.25,0.99,0.2000001,"N1-UNIQUE","E",1,0.0625,0.25
"N1","PASS",5,"o1_equal_low",0.0625,0.25,0.99,0.25,"N1-UNIQUE","E",1,0.0625,0.25
"N1","PASS",5,"o1_equal_low",0.0625,0.25,0.99,0.418899758956276,"N1-UNIQUE","E",1,0.0625,0.25
"N1","PASS",5,"o1_equal_low",0.0625,0.25,0.99,0.418899848956276,"N1-UNIQUE","E",1,0.0625,0.25
"N1","PASS",5,"o1_equal_low",0.0625,0.25,0.99,0.418899858955276,"N1-UNIQUE","E",1,0.0625,0.25
"N1","PASS",5,"o1_equal_low",0.0625,0.25,0.99,0.418899858956266,"N1-UNIQUE","E",1,0.0625,0.25
"N1","PASS",5,"o1_equal_low",0.0625,0.25,0.99,0.418899858956276,"N1-UNIQUE","E",1,0.0625,0.25
"N1","PASS",5,"o1_equal_low",0.0625,0.25,0.99,0.418899858956286,"N1-UNIQUE","E",1,0.0625,0.25
"N1","PASS",5,"o1_equal_low",0.0625,0.25,0.99,0.418899858957276,"N1-UNIQUE","E",1,0.0625,0.25
"N1","PASS",5,"o1_equal_low",0.0625,0.25,0.99,0.418899868956276,"N1-UNIQUE","E",1,0.0625,0.25
"N1","PASS",5,"o1_equal_low",0.0625,0.25,0.99,0.418899958956276,"N1-UNIQUE","E",1,0.0625,0.25
"N1","PASS",5,"o1_equal_low",0.0625,0.25,0.99,0.5,"N1-UNIQUE","E",1,0.0625,0.25
"N1","PASS",5,"o1_equal_low",0.0625,0.25,0.99,0.75,"N1-UNIQUE","E",1,0.0625,0.25
"N1","PASS",5,"o1_equal_low",0.0625,0.25,0.99,0.95,"N1-UNIQUE","E",1,0.0625,0.25
"N1","PASS",5,"o1_equal_low",0.0625,0.25,0.99,0.986666566666667,"N1-UNIQUE","E",1,0.0625,0.25
"N1","PASS",5,"o1_equal_low",0.0625,0.25,0.99,0.986666656666667,"N1-UNIQUE","E",1,0.0625,0.25
"N1","PASS",5,"o1_equal_low",0.0625,0.25,0.99,0.986666666665667,"N1-UNIQUE","E",1,0.0625,0.25
"N1","PASS",5,"o1_equal_low",0.0625,0.25,0.99,0.986666666666657,"N1-UNIQUE","E",1,0.0625,0.25
"N1","PASS",5,"o1_equal_low",0.0625,0.25,0.99,0.986666666666667,"N1-UNIQUE","E",1,0.0625,0.25
"N1","PASS",5,"o1_equal_low",0.0625,0.25,0.99,0.986666666666677,"N1-UNIQUE","E",1,0.0625,0.25
"N1","PASS",5,"o1_equal_low",0.0625,0.25,0.99,0.986666666667667,"N1-UNIQUE","E",1,0.0625,0.25
"N1","PASS",5,"o1_equal_low",0.0625,0.25,0.99,0.986666676666667,"N1-UNIQUE","E",1,0.0625,0.25
"N1","PASS",5,"o1_equal_low",0.0625,0.25,0.99,0.986666766666667,"N1-UNIQUE","E",1,0.0625,0.25
"N1","PASS",5,"o1_equal_low",0.0625,0.25,0.99,0.99999999,"N1-UNIQUE","E",1,0.0625,0.25
"N1","PASS",5,"o1_equal_low",0.0625,0.25,0.99,0.999999999999,"N1-UNIQUE","E",1,0.0625,0.25
"N1","PASS",5,"o1_equal_low",0.0625,0.25,0.99,0.99999999999999,"N1-UNIQUE","E",1,0.0625,0.25
"N1","PASS",5,"o1_equal_low",0.0625,0.25,0.99,1,"N1-UNIQUE","E",1,0.0625,0.25
"N1","PASS",5,"o1_equal_mid",0.125,0.25,0.5,0,"N1-UNIQUE","E",1,0.125,0.25
"N1","PASS",5,"o1_equal_mid",0.125,0.25,0.5,1e-14,"N1-UNIQUE","E",1,0.125,0.25
"N1","PASS",5,"o1_equal_mid",0.125,0.25,0.5,1e-12,"N1-UNIQUE","E",1,0.125,0.25
"N1","PASS",5,"o1_equal_mid",0.125,0.25,0.5,1e-08,"N1-UNIQUE","E",1,0.125,0.25
"N1","PASS",5,"o1_equal_mid",0.125,0.25,0.5,1e-07,"N1-UNIQUE","E",1,0.125,0.25
"N1","PASS",5,"o1_equal_mid",0.125,0.25,0.5,0.05,"N1-UNIQUE","E",1,0.125,0.25
"N1","PASS",5,"o1_equal_mid",0.125,0.25,0.5,0.0909089909090909,"N1-UNIQUE","E",1,0.125,0.25
"N1","PASS",5,"o1_equal_mid",0.125,0.25,0.5,0.0909090809090909,"N1-UNIQUE","E",1,0.125,0.25
"N1","PASS",5,"o1_equal_mid",0.125,0.25,0.5,0.0909090909080909,"N1-UNIQUE","E",1,0.125,0.25
"N1","PASS",5,"o1_equal_mid",0.125,0.25,0.5,0.0909090909090809,"N1-UNIQUE","E",1,0.125,0.25
"N1","PASS",5,"o1_equal_mid",0.125,0.25,0.5,0.0909090909090909,"N1-UNIQUE","E",1,0.125,0.25
"N1","PASS",5,"o1_equal_mid",0.125,0.25,0.5,0.0909090909091009,"N1-UNIQUE","E",1,0.125,0.25
"N1","PASS",5,"o1_equal_mid",0.125,0.25,0.5,0.0909090909100909,"N1-UNIQUE","E",1,0.125,0.25
"N1","PASS",5,"o1_equal_mid",0.125,0.25,0.5,0.0909091009090909,"N1-UNIQUE","E",1,0.125,0.25
"N1","PASS",5,"o1_equal_mid",0.125,0.25,0.5,0.0909091909090909,"N1-UNIQUE","E",1,0.125,0.25
"N1","PASS",5,"o1_equal_mid",0.125,0.25,0.5,0.142857042857143,"N1-UNIQUE","E",1,0.125,0.25
"N1","PASS",5,"o1_equal_mid",0.125,0.25,0.5,0.142857132857143,"N1-UNIQUE","E",1,0.125,0.25
"N1","PASS",5,"o1_equal_mid",0.125,0.25,0.5,0.142857142856143,"N1-UNIQUE","E",1,0.125,0.25
"N1","PASS",5,"o1_equal_mid",0.125,0.25,0.5,0.142857142857133,"N1-UNIQUE","E",1,0.125,0.25
"N1","PASS",5,"o1_equal_mid",0.125,0.25,0.5,0.142857142857143,"N1-UNIQUE","E",1,0.125,0.25
"N1","PASS",5,"o1_equal_mid",0.125,0.25,0.5,0.142857142857153,"N1-UNIQUE","E",1,0.125,0.25
"N1","PASS",5,"o1_equal_mid",0.125,0.25,0.5,0.142857142858143,"N1-UNIQUE","E",1,0.125,0.25
"N1","PASS",5,"o1_equal_mid",0.125,0.25,0.5,0.142857152857143,"N1-UNIQUE","E",1,0.125,0.25
"N1","PASS",5,"o1_equal_mid",0.125,0.25,0.5,0.142857242857143,"N1-UNIQUE","E",1,0.125,0.25
"N1","PASS",5,"o1_equal_mid",0.125,0.25,0.5,0.25,"N1-UNIQUE","E",1,0.125,0.25
"N1","PASS",5,"o1_equal_mid",0.125,0.25,0.5,0.5,"N1-UNIQUE","E",1,0.125,0.25
"N1","PASS",5,"o1_equal_mid",0.125,0.25,0.5,0.75,"N1-UNIQUE","E",1,0.125,0.25
"N1","PASS",5,"o1_equal_mid",0.125,0.25,0.5,0.95,"N1-UNIQUE","E",1,0.125,0.25
"N1","PASS",5,"o1_equal_mid",0.125,0.25,0.5,0.99999999,"N1-UNIQUE","E",1,0.125,0.25
"N1","PASS",5,"o1_equal_mid",0.125,0.25,0.5,0.999999999999,"N1-UNIQUE","E",1,0.125,0.25
"N1","PASS",5,"o1_equal_mid",0.125,0.25,0.5,0.99999999999999,"N1-UNIQUE","E",1,0.125,0.25
"N1","PASS",5,"o1_equal_mid",0.125,0.25,0.5,1,"N1-UNIQUE","E",1,0.125,0.25
"N1","PASS",5,"o1_equal_mid",0.125,0.25,0.9,0,"N1-UNIQUE","E",1,0.125,0.25
"N1","PASS",5,"o1_equal_mid",0.125,0.25,0.9,1e-14,"N1-UNIQUE","E",1,0.125,0.25
"N1","PASS",5,"o1_equal_mid",0.125,0.25,0.9,1e-12,"N1-UNIQUE","E",1,0.125,0.25
"N1","PASS",5,"o1_equal_mid",0.125,0.25,0.9,1e-08,"N1-UNIQUE","E",1,0.125,0.25
"N1","PASS",5,"o1_equal_mid",0.125,0.25,0.9,0.05,"N1-UNIQUE","E",1,0.125,0.25
"N1","PASS",5,"o1_equal_mid",0.125,0.25,0.9,0.142857042857143,"N1-UNIQUE","E",1,0.125,0.25
"N1","PASS",5,"o1_equal_mid",0.125,0.25,0.9,0.142857132857143,"N1-UNIQUE","E",1,0.125,0.25
"N1","PASS",5,"o1_equal_mid",0.125,0.25,0.9,0.142857142856143,"N1-UNIQUE","E",1,0.125,0.25
"N1","PASS",5,"o1_equal_mid",0.125,0.25,0.9,0.142857142857133,"N1-UNIQUE","E",1,0.125,0.25
"N1","PASS",5,"o1_equal_mid",0.125,0.25,0.9,0.142857142857143,"N1-UNIQUE","E",1,0.125,0.25
"N1","PASS",5,"o1_equal_mid",0.125,0.25,0.9,0.142857142857153,"N1-UNIQUE","E",1,0.125,0.25
"N1","PASS",5,"o1_equal_mid",0.125,0.25,0.9,0.142857142858143,"N1-UNIQUE","E",1,0.125,0.25
"N1","PASS",5,"o1_equal_mid",0.125,0.25,0.9,0.142857152857143,"N1-UNIQUE","E",1,0.125,0.25
"N1","PASS",5,"o1_equal_mid",0.125,0.25,0.9,0.142857242857143,"N1-UNIQUE","E",1,0.125,0.25
"N1","PASS",5,"o1_equal_mid",0.125,0.25,0.9,0.25,"N1-UNIQUE","E",1,0.125,0.25
"N1","PASS",5,"o1_equal_mid",0.125,0.25,0.9,0.257142757142857,"N1-UNIQUE","E",1,0.125,0.25
"N1","PASS",5,"o1_equal_mid",0.125,0.25,0.9,0.257142847142857,"N1-UNIQUE","E",1,0.125,0.25
"N1","PASS",5,"o1_equal_mid",0.125,0.25,0.9,0.257142857141857,"N1-UNIQUE","E",1,0.125,0.25
"N1","PASS",5,"o1_equal_mid",0.125,0.25,0.9,0.257142857142847,"N1-UNIQUE","E",1,0.125,0.25
"N1","PASS",5,"o1_equal_mid",0.125,0.25,0.9,0.257142857142857,"N1-UNIQUE","E",1,0.125,0.25
"N1","PASS",5,"o1_equal_mid",0.125,0.25,0.9,0.257142857142867,"N1-UNIQUE","E",1,0.125,0.25
"N1","PASS",5,"o1_equal_mid",0.125,0.25,0.9,0.257142857143857,"N1-UNIQUE","E",1,0.125,0.25
"N1","PASS",5,"o1_equal_mid",0.125,0.25,0.9,0.257142867142857,"N1-UNIQUE","E",1,0.125,0.25
"N1","PASS",5,"o1_equal_mid",0.125,0.25,0.9,0.257142957142857,"N1-UNIQUE","E",1,0.125,0.25
"N1","PASS",5,"o1_equal_mid",0.125,0.25,0.9,0.5,"N1-UNIQUE","E",1,0.125,0.25
"N1","PASS",5,"o1_equal_mid",0.125,0.25,0.9,0.75,"N1-UNIQUE","E",1,0.125,0.25
"N1","PASS",5,"o1_equal_mid",0.125,0.25,0.9,0.7999999,"N1-UNIQUE","E",1,0.125,0.25
"N1","PASS",5,"o1_equal_mid",0.125,0.25,0.9,0.79999999,"N1-UNIQUE","E",1,0.125,0.25
"N1","PASS",5,"o1_equal_mid",0.125,0.25,0.9,0.799999999999,"N1-UNIQUE","E",1,0.125,0.25
"N1","PASS",5,"o1_equal_mid",0.125,0.25,0.9,0.79999999999999,"N1-UNIQUE","E",1,0.125,0.25
"N1","PASS",5,"o1_equal_mid",0.125,0.25,0.9,0.8,"N1-UNIQUE","E",1,0.125,0.25
"N1","PASS",5,"o1_equal_mid",0.125,0.25,0.9,0.80000000000001,"N1-UNIQUE","E",1,0.125,0.25
"N1","PASS",5,"o1_equal_mid",0.125,0.25,0.9,0.800000000001,"N1-UNIQUE","E",1,0.125,0.25
"N1","PASS",5,"o1_equal_mid",0.125,0.25,0.9,0.80000001,"N1-UNIQUE","E",1,0.125,0.25
"N1","PASS",5,"o1_equal_mid",0.125,0.25,0.9,0.8000001,"N1-UNIQUE","E",1,0.125,0.25
"N1","PASS",5,"o1_equal_mid",0.125,0.25,0.9,0.95,"N1-UNIQUE","E",1,0.125,0.25
"N1","PASS",5,"o1_equal_mid",0.125,0.25,0.9,0.99999999,"N1-UNIQUE","E",1,0.125,0.25
"N1","PASS",5,"o1_equal_mid",0.125,0.25,0.9,0.999999999999,"N1-UNIQUE","E",1,0.125,0.25
"N1","PASS",5,"o1_equal_mid",0.125,0.25,0.9,0.99999999999999,"N1-UNIQUE","E",1,0.125,0.25
"N1","PASS",5,"o1_equal_mid",0.125,0.25,0.9,1,"N1-UNIQUE","E",1,0.125,0.25
"N1","PASS",5,"o1_equal_mid",0.125,0.25,0.99,0,"N1-UNIQUE","E",1,0.125,0.25
"N1","PASS",5,"o1_equal_mid",0.125,0.25,0.99,1e-14,"N1-UNIQUE","E",1,0.125,0.25
"N1","PASS",5,"o1_equal_mid",0.125,0.25,0.99,1e-12,"N1-UNIQUE","E",1,0.125,0.25
"N1","PASS",5,"o1_equal_mid",0.125,0.25,0.99,1e-08,"N1-UNIQUE","E",1,0.125,0.25
"N1","PASS",5,"o1_equal_mid",0.125,0.25,0.99,0.05,"N1-UNIQUE","E",1,0.125,0.25
"N1","PASS",5,"o1_equal_mid",0.125,0.25,0.99,0.142857042857143,"N1-UNIQUE","E",1,0.125,0.25
"N1","PASS",5,"o1_equal_mid",0.125,0.25,0.99,0.142857132857143,"N1-UNIQUE","E",1,0.125,0.25
"N1","PASS",5,"o1_equal_mid",0.125,0.25,0.99,0.142857142856143,"N1-UNIQUE","E",1,0.125,0.25
"N1","PASS",5,"o1_equal_mid",0.125,0.25,0.99,0.142857142857133,"N1-UNIQUE","E",1,0.125,0.25
"N1","PASS",5,"o1_equal_mid",0.125,0.25,0.99,0.142857142857143,"N1-UNIQUE","E",1,0.125,0.25
"N1","PASS",5,"o1_equal_mid",0.125,0.25,0.99,0.142857142857153,"N1-UNIQUE","E",1,0.125,0.25
"N1","PASS",5,"o1_equal_mid",0.125,0.25,0.99,0.142857142858143,"N1-UNIQUE","E",1,0.125,0.25
"N1","PASS",5,"o1_equal_mid",0.125,0.25,0.99,0.142857152857143,"N1-UNIQUE","E",1,0.125,0.25
"N1","PASS",5,"o1_equal_mid",0.125,0.25,0.99,0.142857242857143,"N1-UNIQUE","E",1,0.125,0.25
"N1","PASS",5,"o1_equal_mid",0.125,0.25,0.99,0.25,"N1-UNIQUE","E",1,0.125,0.25
"N1","PASS",5,"o1_equal_mid",0.125,0.25,0.99,0.324590063934426,"N1-UNIQUE","E",1,0.125,0.25
"N1","PASS",5,"o1_equal_mid",0.125,0.25,0.99,0.324590153934426,"N1-UNIQUE","E",1,0.125,0.25
"N1","PASS",5,"o1_equal_mid",0.125,0.25,0.99,0.324590163933426,"N1-UNIQUE","E",1,0.125,0.25
"N1","PASS",5,"o1_equal_mid",0.125,0.25,0.99,0.324590163934416,"N1-UNIQUE","E",1,0.125,0.25
"N1","PASS",5,"o1_equal_mid",0.125,0.25,0.99,0.324590163934426,"N1-UNIQUE","E",1,0.125,0.25
"N1","PASS",5,"o1_equal_mid",0.125,0.25,0.99,0.324590163934436,"N1-UNIQUE","E",1,0.125,0.25
"N1","PASS",5,"o1_equal_mid",0.125,0.25,0.99,0.324590163935426,"N1-UNIQUE","E",1,0.125,0.25
"N1","PASS",5,"o1_equal_mid",0.125,0.25,0.99,0.324590173934426,"N1-UNIQUE","E",1,0.125,0.25
"N1","PASS",5,"o1_equal_mid",0.125,0.25,0.99,0.324590263934426,"N1-UNIQUE","E",1,0.125,0.25
"N1","PASS",5,"o1_equal_mid",0.125,0.25,0.99,0.5,"N1-UNIQUE","E",1,0.125,0.25
"N1","PASS",5,"o1_equal_mid",0.125,0.25,0.99,0.75,"N1-UNIQUE","E",1,0.125,0.25
"N1","PASS",5,"o1_equal_mid",0.125,0.25,0.99,0.95,"N1-UNIQUE","E",1,0.125,0.25
"N1","PASS",5,"o1_equal_mid",0.125,0.25,0.99,0.9799999,"N1-UNIQUE","E",1,0.125,0.25
"N1","PASS",5,"o1_equal_mid",0.125,0.25,0.99,0.97999999,"N1-UNIQUE","E",1,0.125,0.25
"N1","PASS",5,"o1_equal_mid",0.125,0.25,0.99,0.979999999999,"N1-UNIQUE","E",1,0.125,0.25
"N1","PASS",5,"o1_equal_mid",0.125,0.25,0.99,0.97999999999999,"N1-UNIQUE","E",1,0.125,0.25
"N1","PASS",5,"o1_equal_mid",0.125,0.25,0.99,0.98,"N1-UNIQUE","E",1,0.125,0.25
"N1","PASS",5,"o1_equal_mid",0.125,0.25,0.99,0.98000000000001,"N1-UNIQUE","E",1,0.125,0.25
"N1","PASS",5,"o1_equal_mid",0.125,0.25,0.99,0.980000000001,"N1-UNIQUE","E",1,0.125,0.25
"N1","PASS",5,"o1_equal_mid",0.125,0.25,0.99,0.98000001,"N1-UNIQUE","E",1,0.125,0.25
"N1","PASS",5,"o1_equal_mid",0.125,0.25,0.99,0.9800001,"N1-UNIQUE","E",1,0.125,0.25
"N1","PASS",5,"o1_equal_mid",0.125,0.25,0.99,0.99999999,"N1-UNIQUE","E",1,0.125,0.25
"N1","PASS",5,"o1_equal_mid",0.125,0.25,0.99,0.999999999999,"N1-UNIQUE","E",1,0.125,0.25
"N1","PASS",5,"o1_equal_mid",0.125,0.25,0.99,0.99999999999999,"N1-UNIQUE","E",1,0.125,0.25
"N1","PASS",5,"o1_equal_mid",0.125,0.25,0.99,1,"N1-UNIQUE","E",1,0.125,0.25
"N1","PASS",5,"cross",0.125,0.4375,0.5,0,"N1-UNIQUE","E",1,0.125,0.4375
"N1","PASS",5,"cross",0.125,0.4375,0.5,1e-14,"N1-UNIQUE","E",1,0.125,0.4375
"N1","PASS",5,"cross",0.125,0.4375,0.5,1e-12,"N1-UNIQUE","E",1,0.125,0.4375
"N1","PASS",5,"cross",0.125,0.4375,0.5,1e-08,"N1-UNIQUE","E",1,0.125,0.4375
"N1","PASS",5,"cross",0.125,0.4375,0.5,0.05,"N1-UNIQUE","E",1,0.125,0.4375
"N1","PASS",5,"cross",0.125,0.4375,0.5,0.0909089909090909,"N1-UNIQUE","E",1,0.125,0.4375
"N1","PASS",5,"cross",0.125,0.4375,0.5,0.0909090809090909,"N1-UNIQUE","E",1,0.125,0.4375
"N1","PASS",5,"cross",0.125,0.4375,0.5,0.0909090909080909,"N1-UNIQUE","E",1,0.125,0.4375
"N1","PASS",5,"cross",0.125,0.4375,0.5,0.0909090909090809,"N1-UNIQUE","E",1,0.125,0.4375
"N1","PASS",5,"cross",0.125,0.4375,0.5,0.0909090909090909,"N1-UNIQUE","E",1,0.125,0.4375
"N1","PASS",5,"cross",0.125,0.4375,0.5,0.0909090909091009,"N1-UNIQUE","E",1,0.125,0.4375
"N1","PASS",5,"cross",0.125,0.4375,0.5,0.0909090909100909,"N1-UNIQUE","E",1,0.125,0.4375
"N1","PASS",5,"cross",0.125,0.4375,0.5,0.0909091009090909,"N1-UNIQUE","E",1,0.125,0.4375
"N1","PASS",5,"cross",0.125,0.4375,0.5,0.0909091909090909,"N1-UNIQUE","E",1,0.125,0.4375
"N1","PASS",5,"cross",0.125,0.4375,0.5,0.25,"N1-UNIQUE","E",1,0.125,0.4375
"N1","PASS",5,"cross",0.125,0.4375,0.5,0.357142757142857,"N1-UNIQUE","E",1,0.125,0.4375
"N1","PASS",5,"cross",0.125,0.4375,0.5,0.357142847142857,"N1-UNIQUE","E",1,0.125,0.4375
"N1","PASS",5,"cross",0.125,0.4375,0.5,0.357142857141857,"N1-UNIQUE","E",1,0.125,0.4375
"N1","PASS",5,"cross",0.125,0.4375,0.5,0.357142857142847,"N1-UNIQUE","E",1,0.125,0.4375
"N1","PASS",5,"cross",0.125,0.4375,0.5,0.357142857142857,"N1-UNIQUE","E",1,0.125,0.4375
"N1","PASS",5,"cross",0.125,0.4375,0.5,0.357142857142867,"N1-UNIQUE","E",1,0.125,0.4375
"N1","PASS",5,"cross",0.125,0.4375,0.5,0.357142857143857,"N1-UNIQUE","E",1,0.125,0.4375
"N1","PASS",5,"cross",0.125,0.4375,0.5,0.357142867142857,"N1-UNIQUE","E",1,0.125,0.4375
"N1","PASS",5,"cross",0.125,0.4375,0.5,0.357142957142857,"N1-UNIQUE","E",1,0.125,0.4375
"N1","PASS",5,"cross",0.125,0.4375,0.5,0.5,"N1-UNIQUE","E",1,0.125,0.4375
"N1","PASS",5,"cross",0.125,0.4375,0.5,0.75,"N1-UNIQUE","E",1,0.125,0.4375
"N1","PASS",5,"cross",0.125,0.4375,0.5,0.95,"N1-UNIQUE","E",1,0.125,0.4375
"N1","PASS",5,"cross",0.125,0.4375,0.5,0.99999999,"N1-UNIQUE","E",1,0.125,0.4375
"N1","PASS",5,"cross",0.125,0.4375,0.5,0.999999999999,"N1-UNIQUE","E",1,0.125,0.4375
"N1","PASS",5,"cross",0.125,0.4375,0.5,0.99999999999999,"N1-UNIQUE","E",1,0.125,0.4375
"N1","PASS",5,"cross",0.125,0.4375,0.5,1,"N1-UNIQUE","E",1,0.125,0.4375
"N1","PASS",5,"cross",0.125,0.4375,0.9,0,"N1-UNIQUE","E",1,0.125,0.4375
"N1","PASS",5,"cross",0.125,0.4375,0.9,1e-14,"N1-UNIQUE","E",1,0.125,0.4375
"N1","PASS",5,"cross",0.125,0.4375,0.9,1e-12,"N1-UNIQUE","E",1,0.125,0.4375
"N1","PASS",5,"cross",0.125,0.4375,0.9,1e-08,"N1-UNIQUE","E",1,0.125,0.4375
"N1","PASS",5,"cross",0.125,0.4375,0.9,0.05,"N1-UNIQUE","E",1,0.125,0.4375
"N1","PASS",5,"cross",0.125,0.4375,0.9,0.25,"N1-UNIQUE","E",1,0.125,0.4375
"N1","PASS",5,"cross",0.125,0.4375,0.9,0.257142757142857,"N1-UNIQUE","E",1,0.125,0.4375
"N1","PASS",5,"cross",0.125,0.4375,0.9,0.257142847142857,"N1-UNIQUE","E",1,0.125,0.4375
"N1","PASS",5,"cross",0.125,0.4375,0.9,0.257142857141857,"N1-UNIQUE","E",1,0.125,0.4375
"N1","PASS",5,"cross",0.125,0.4375,0.9,0.257142857142847,"N1-UNIQUE","E",1,0.125,0.4375
"N1","PASS",5,"cross",0.125,0.4375,0.9,0.257142857142857,"N1-UNIQUE","E",1,0.125,0.4375
"N1","PASS",5,"cross",0.125,0.4375,0.9,0.257142857142867,"N1-UNIQUE","E",1,0.125,0.4375
"N1","PASS",5,"cross",0.125,0.4375,0.9,0.257142857143857,"N1-UNIQUE","E",1,0.125,0.4375
"N1","PASS",5,"cross",0.125,0.4375,0.9,0.257142867142857,"N1-UNIQUE","E",1,0.125,0.4375
"N1","PASS",5,"cross",0.125,0.4375,0.9,0.257142957142857,"N1-UNIQUE","E",1,0.125,0.4375
"N1","PASS",5,"cross",0.125,0.4375,0.9,0.357142757142857,"N1-UNIQUE","E",1,0.125,0.4375
"N1","PASS",5,"cross",0.125,0.4375,0.9,0.357142847142857,"N1-UNIQUE","E",1,0.125,0.4375
"N1","PASS",5,"cross",0.125,0.4375,0.9,0.357142857141857,"N1-UNIQUE","E",1,0.125,0.4375
"N1","PASS",5,"cross",0.125,0.4375,0.9,0.357142857142847,"N1-UNIQUE","E",1,0.125,0.4375
"N1","PASS",5,"cross",0.125,0.4375,0.9,0.357142857142857,"N1-UNIQUE","E",1,0.125,0.4375
"N1","PASS",5,"cross",0.125,0.4375,0.9,0.357142857142867,"N1-UNIQUE","E",1,0.125,0.4375
"N1","PASS",5,"cross",0.125,0.4375,0.9,0.357142857143857,"N1-UNIQUE","E",1,0.125,0.4375
"N1","PASS",5,"cross",0.125,0.4375,0.9,0.357142867142857,"N1-UNIQUE","E",1,0.125,0.4375
"N1","PASS",5,"cross",0.125,0.4375,0.9,0.357142957142857,"N1-UNIQUE","E",1,0.125,0.4375
"N1","PASS",5,"cross",0.125,0.4375,0.9,0.5,"N1-UNIQUE","E",1,0.125,0.4375
"N1","PASS",5,"cross",0.125,0.4375,0.9,0.75,"N1-UNIQUE","E",1,0.125,0.4375
"N1","PASS",5,"cross",0.125,0.4375,0.9,0.95,"N1-UNIQUE","E",1,0.125,0.4375
"N1","PASS",5,"cross",0.125,0.4375,0.9,0.99999999,"N1-UNIQUE","E",1,0.125,0.4375
"N1","PASS",5,"cross",0.125,0.4375,0.9,0.999999999999,"N1-UNIQUE","E",1,0.125,0.4375
"N1","PASS",5,"cross",0.125,0.4375,0.9,0.99999999999999,"N1-UNIQUE","E",1,0.125,0.4375
"N1","PASS",5,"cross",0.125,0.4375,0.9,1,"N1-UNIQUE","E",1,0.125,0.4375
"N1","PASS",5,"cross",0.125,0.4375,0.99,0,"N1-UNIQUE","E",1,0.125,0.4375
"N1","PASS",5,"cross",0.125,0.4375,0.99,1e-14,"N1-UNIQUE","E",1,0.125,0.4375
"N1","PASS",5,"cross",0.125,0.4375,0.99,1e-12,"N1-UNIQUE","E",1,0.125,0.4375
"N1","PASS",5,"cross",0.125,0.4375,0.99,1e-08,"N1-UNIQUE","E",1,0.125,0.4375
"N1","PASS",5,"cross",0.125,0.4375,0.99,0.05,"N1-UNIQUE","E",1,0.125,0.4375
"N1","PASS",5,"cross",0.125,0.4375,0.99,0.25,"N1-UNIQUE","E",1,0.125,0.4375
"N1","PASS",5,"cross",0.125,0.4375,0.99,0.324590063934426,"N1-UNIQUE","E",1,0.125,0.4375
"N1","PASS",5,"cross",0.125,0.4375,0.99,0.324590153934426,"N1-UNIQUE","E",1,0.125,0.4375
"N1","PASS",5,"cross",0.125,0.4375,0.99,0.324590163933426,"N1-UNIQUE","E",1,0.125,0.4375
"N1","PASS",5,"cross",0.125,0.4375,0.99,0.324590163934416,"N1-UNIQUE","E",1,0.125,0.4375
"N1","PASS",5,"cross",0.125,0.4375,0.99,0.324590163934426,"N1-UNIQUE","E",1,0.125,0.4375
"N1","PASS",5,"cross",0.125,0.4375,0.99,0.324590163934436,"N1-UNIQUE","E",1,0.125,0.4375
"N1","PASS",5,"cross",0.125,0.4375,0.99,0.324590163935426,"N1-UNIQUE","E",1,0.125,0.4375
"N1","PASS",5,"cross",0.125,0.4375,0.99,0.324590173934426,"N1-UNIQUE","E",1,0.125,0.4375
"N1","PASS",5,"cross",0.125,0.4375,0.99,0.324590263934426,"N1-UNIQUE","E",1,0.125,0.4375
"N1","PASS",5,"cross",0.125,0.4375,0.99,0.357142757142857,"N1-UNIQUE","E",1,0.125,0.4375
"N1","PASS",5,"cross",0.125,0.4375,0.99,0.357142847142857,"N1-UNIQUE","E",1,0.125,0.4375
"N1","PASS",5,"cross",0.125,0.4375,0.99,0.357142857141857,"N1-UNIQUE","E",1,0.125,0.4375
"N1","PASS",5,"cross",0.125,0.4375,0.99,0.357142857142847,"N1-UNIQUE","E",1,0.125,0.4375
"N1","PASS",5,"cross",0.125,0.4375,0.99,0.357142857142857,"N1-UNIQUE","E",1,0.125,0.4375
"N1","PASS",5,"cross",0.125,0.4375,0.99,0.357142857142867,"N1-UNIQUE","E",1,0.125,0.4375
"N1","PASS",5,"cross",0.125,0.4375,0.99,0.357142857143857,"N1-UNIQUE","E",1,0.125,0.4375
"N1","PASS",5,"cross",0.125,0.4375,0.99,0.357142867142857,"N1-UNIQUE","E",1,0.125,0.4375
"N1","PASS",5,"cross",0.125,0.4375,0.99,0.357142957142857,"N1-UNIQUE","E",1,0.125,0.4375
"N1","PASS",5,"cross",0.125,0.4375,0.99,0.5,"N1-UNIQUE","E",1,0.125,0.4375
"N1","PASS",5,"cross",0.125,0.4375,0.99,0.75,"N1-UNIQUE","E",1,0.125,0.4375
"N1","PASS",5,"cross",0.125,0.4375,0.99,0.95,"N1-UNIQUE","E",1,0.125,0.4375
"N1","PASS",5,"cross",0.125,0.4375,0.99,0.99999999,"N1-UNIQUE","E",1,0.125,0.4375
"N1","PASS",5,"cross",0.125,0.4375,0.99,0.999999999999,"N1-UNIQUE","E",1,0.125,0.4375
"N1","PASS",5,"cross",0.125,0.4375,0.99,0.99999999999999,"N1-UNIQUE","E",1,0.125,0.4375
"N1","PASS",5,"cross",0.125,0.4375,0.99,1,"N1-UNIQUE","E",1,0.125,0.4375
"N1","PASS",5,"o0_equal",0.25,0.4375,0.5,0,"N1-UNIQUE","E",1,0.25,0.4375
"N1","PASS",5,"o0_equal",0.25,0.4375,0.5,1e-14,"N1-UNIQUE","E",1,0.25,0.4375
"N1","PASS",5,"o0_equal",0.25,0.4375,0.5,1e-12,"N1-UNIQUE","E",1,0.25,0.4375
"N1","PASS",5,"o0_equal",0.25,0.4375,0.5,1e-08,"N1-UNIQUE","E",1,0.25,0.4375
"N1","PASS",5,"o0_equal",0.25,0.4375,0.5,0.05,"N1-UNIQUE","E",1,0.25,0.4375
"N1","PASS",5,"o0_equal",0.25,0.4375,0.5,0.2499999,"N1-UNIQUE","E",1,0.25,0.4375
"N1","PASS",5,"o0_equal",0.25,0.4375,0.5,0.24999999,"N1-UNIQUE","E",1,0.25,0.4375
"N1","PASS",5,"o0_equal",0.25,0.4375,0.5,0.249999999999,"N1-UNIQUE","E",1,0.25,0.4375
"N1","PASS",5,"o0_equal",0.25,0.4375,0.5,0.24999999999999,"N1-UNIQUE","E",1,0.25,0.4375
"N1","PASS",5,"o0_equal",0.25,0.4375,0.5,0.25,"N1-UNIQUE","E",1,0.25,0.4375
"N1","PASS",5,"o0_equal",0.25,0.4375,0.5,0.25000000000001,"N1-UNIQUE","E",1,0.25,0.4375
"N1","PASS",5,"o0_equal",0.25,0.4375,0.5,0.250000000001,"N1-UNIQUE","E",1,0.25,0.4375
"N1","PASS",5,"o0_equal",0.25,0.4375,0.5,0.25000001,"N1-UNIQUE","E",1,0.25,0.4375
"N1","PASS",5,"o0_equal",0.25,0.4375,0.5,0.2500001,"N1-UNIQUE","E",1,0.25,0.4375
"N1","PASS",5,"o0_equal",0.25,0.4375,0.5,0.5,"N1-UNIQUE","E",1,0.25,0.4375
"N1","PASS",5,"o0_equal",0.25,0.4375,0.5,0.75,"N1-UNIQUE","E",1,0.25,0.4375
"N1","PASS",5,"o0_equal",0.25,0.4375,0.5,0.95,"N1-UNIQUE","E",1,0.25,0.4375
"N1","PASS",5,"o0_equal",0.25,0.4375,0.5,0.99999999,"N1-UNIQUE","E",1,0.25,0.4375
"N1","PASS",5,"o0_equal",0.25,0.4375,0.5,0.999999999999,"N1-UNIQUE","E",1,0.25,0.4375
"N1","PASS",5,"o0_equal",0.25,0.4375,0.5,0.99999999999999,"N1-UNIQUE","E",1,0.25,0.4375
"N1","PASS",5,"o0_equal",0.25,0.4375,0.5,1,"N1-UNIQUE","E",1,0.25,0.4375
"N1","PASS",5,"o0_equal",0.25,0.4375,0.9,0,"N1-UNIQUE","E",1,0.25,0.4375
"N1","PASS",5,"o0_equal",0.25,0.4375,0.9,1e-14,"N1-UNIQUE","E",1,0.25,0.4375
"N1","PASS",5,"o0_equal",0.25,0.4375,0.9,1e-12,"N1-UNIQUE","E",1,0.25,0.4375
"N1","PASS",5,"o0_equal",0.25,0.4375,0.9,1e-08,"N1-UNIQUE","E",1,0.25,0.4375
"N1","PASS",5,"o0_equal",0.25,0.4375,0.9,0.05,"N1-UNIQUE","E",1,0.25,0.4375
"N1","PASS",5,"o0_equal",0.25,0.4375,0.9,0.2499999,"N1-UNIQUE","E",1,0.25,0.4375
"N1","PASS",5,"o0_equal",0.25,0.4375,0.9,0.24999999,"N1-UNIQUE","E",1,0.25,0.4375
"N1","PASS",5,"o0_equal",0.25,0.4375,0.9,0.249999999999,"N1-UNIQUE","E",1,0.25,0.4375
"N1","PASS",5,"o0_equal",0.25,0.4375,0.9,0.24999999999999,"N1-UNIQUE","E",1,0.25,0.4375
"N1","PASS",5,"o0_equal",0.25,0.4375,0.9,0.25,"N1-UNIQUE","E",1,0.25,0.4375
"N1","PASS",5,"o0_equal",0.25,0.4375,0.9,0.25000000000001,"N1-UNIQUE","E",1,0.25,0.4375
"N1","PASS",5,"o0_equal",0.25,0.4375,0.9,0.250000000001,"N1-UNIQUE","E",1,0.25,0.4375
"N1","PASS",5,"o0_equal",0.25,0.4375,0.9,0.25000001,"N1-UNIQUE","E",1,0.25,0.4375
"N1","PASS",5,"o0_equal",0.25,0.4375,0.9,0.2500001,"N1-UNIQUE","E",1,0.25,0.4375
"N1","PASS",5,"o0_equal",0.25,0.4375,0.9,0.5,"N1-UNIQUE","E",1,0.25,0.4375
"N1","PASS",5,"o0_equal",0.25,0.4375,0.9,0.75,"N1-UNIQUE","E",1,0.25,0.4375
"N1","PASS",5,"o0_equal",0.25,0.4375,0.9,0.95,"N1-UNIQUE","E",1,0.25,0.4375
"N1","PASS",5,"o0_equal",0.25,0.4375,0.9,0.99999999,"N1-UNIQUE","E",1,0.25,0.4375
"N1","PASS",5,"o0_equal",0.25,0.4375,0.9,0.999999999999,"N1-UNIQUE","E",1,0.25,0.4375
"N1","PASS",5,"o0_equal",0.25,0.4375,0.9,0.99999999999999,"N1-UNIQUE","E",1,0.25,0.4375
"N1","PASS",5,"o0_equal",0.25,0.4375,0.9,1,"N1-UNIQUE","E",1,0.25,0.4375
"N1","PASS",5,"o0_equal",0.25,0.4375,0.99,0,"N1-UNIQUE","E",1,0.25,0.4375
"N1","PASS",5,"o0_equal",0.25,0.4375,0.99,1e-14,"N1-UNIQUE","E",1,0.25,0.4375
"N1","PASS",5,"o0_equal",0.25,0.4375,0.99,1e-12,"N1-UNIQUE","E",1,0.25,0.4375
"N1","PASS",5,"o0_equal",0.25,0.4375,0.99,1e-08,"N1-UNIQUE","E",1,0.25,0.4375
"N1","PASS",5,"o0_equal",0.25,0.4375,0.99,0.05,"N1-UNIQUE","E",1,0.25,0.4375
"N1","PASS",5,"o0_equal",0.25,0.4375,0.99,0.2499999,"N1-UNIQUE","E",1,0.25,0.4375
"N1","PASS",5,"o0_equal",0.25,0.4375,0.99,0.24999999,"N1-UNIQUE","E",1,0.25,0.4375
"N1","PASS",5,"o0_equal",0.25,0.4375,0.99,0.249999999999,"N1-UNIQUE","E",1,0.25,0.4375
"N1","PASS",5,"o0_equal",0.25,0.4375,0.99,0.24999999999999,"N1-UNIQUE","E",1,0.25,0.4375
"N1","PASS",5,"o0_equal",0.25,0.4375,0.99,0.25,"N1-UNIQUE","E",1,0.25,0.4375
"N1","PASS",5,"o0_equal",0.25,0.4375,0.99,0.25000000000001,"N1-UNIQUE","E",1,0.25,0.4375
"N1","PASS",5,"o0_equal",0.25,0.4375,0.99,0.250000000001,"N1-UNIQUE","E",1,0.25,0.4375
"N1","PASS",5,"o0_equal",0.25,0.4375,0.99,0.25000001,"N1-UNIQUE","E",1,0.25,0.4375
"N1","PASS",5,"o0_equal",0.25,0.4375,0.99,0.2500001,"N1-UNIQUE","E",1,0.25,0.4375
"N1","PASS",5,"o0_equal",0.25,0.4375,0.99,0.5,"N1-UNIQUE","E",1,0.25,0.4375
"N1","PASS",5,"o0_equal",0.25,0.4375,0.99,0.75,"N1-UNIQUE","E",1,0.25,0.4375
"N1","PASS",5,"o0_equal",0.25,0.4375,0.99,0.95,"N1-UNIQUE","E",1,0.25,0.4375
"N1","PASS",5,"o0_equal",0.25,0.4375,0.99,0.99999999,"N1-UNIQUE","E",1,0.25,0.4375
"N1","PASS",5,"o0_equal",0.25,0.4375,0.99,0.999999999999,"N1-UNIQUE","E",1,0.25,0.4375
"N1","PASS",5,"o0_equal",0.25,0.4375,0.99,0.99999999999999,"N1-UNIQUE","E",1,0.25,0.4375
"N1","PASS",5,"o0_equal",0.25,0.4375,0.99,1,"N1-UNIQUE","E",1,0.25,0.4375
"N1","PASS",5,"above",0.4,0.5875,0.5,0,"N1-UNIQUE","E",1,0.4,0.5875
"N1","PASS",5,"above",0.4,0.5875,0.5,1e-14,"N1-UNIQUE","E",1,0.4,0.5875
"N1","PASS",5,"above",0.4,0.5875,0.5,1e-12,"N1-UNIQUE","E",1,0.4,0.5875
"N1","PASS",5,"above",0.4,0.5875,0.5,1e-08,"N1-UNIQUE","E",1,0.4,0.5875
"N1","PASS",5,"above",0.4,0.5875,0.5,0.05,"N1-UNIQUE","E",1,0.4,0.5875
"N1","PASS",5,"above",0.4,0.5875,0.5,0.25,"N1-UNIQUE","E",1,0.4,0.5875
"N1","PASS",5,"above",0.4,0.5875,0.5,0.3124999,"N1-UNIQUE","E",1,0.4,0.5875
"N1","PASS",5,"above",0.4,0.5875,0.5,0.31249999,"N1-UNIQUE","E",1,0.4,0.5875
"N1","PASS",5,"above",0.4,0.5875,0.5,0.312499999999,"N1-UNIQUE","E",1,0.4,0.5875
"N1","PASS",5,"above",0.4,0.5875,0.5,0.31249999999999,"N1-UNIQUE","E",1,0.4,0.5875
"N1","PASS",5,"above",0.4,0.5875,0.5,0.3125,"N1-UNIQUE","E",1,0.4,0.5875
"N1","PASS",5,"above",0.4,0.5875,0.5,0.31250000000001,"N1-UNIQUE","E",1,0.4,0.5875
"N1","PASS",5,"above",0.4,0.5875,0.5,0.312500000001,"N1-UNIQUE","E",1,0.4,0.5875
"N1","PASS",5,"above",0.4,0.5875,0.5,0.31250001,"N1-UNIQUE","E",1,0.4,0.5875
"N1","PASS",5,"above",0.4,0.5875,0.5,0.3125001,"N1-UNIQUE","E",1,0.4,0.5875
"N1","PASS",5,"above",0.4,0.5875,0.5,0.5,"N1-UNIQUE","E",1,0.4,0.5875
"N1","PASS",5,"above",0.4,0.5875,0.5,0.75,"N1-UNIQUE","E",1,0.4,0.5875
"N1","PASS",5,"above",0.4,0.5875,0.5,0.95,"N1-UNIQUE","E",1,0.4,0.5875
"N1","PASS",5,"above",0.4,0.5875,0.5,0.99999999,"N1-UNIQUE","E",1,0.4,0.5875
"N1","PASS",5,"above",0.4,0.5875,0.5,0.999999999999,"N1-UNIQUE","E",1,0.4,0.5875
"N1","PASS",5,"above",0.4,0.5875,0.5,0.99999999999999,"N1-UNIQUE","E",1,0.4,0.5875
"N1","PASS",5,"above",0.4,0.5875,0.5,1,"N1-UNIQUE","E",1,0.4,0.5875
"N1","PASS",5,"above",0.4,0.5875,0.9,0,"N1-UNIQUE","E",1,0.4,0.5875
"N1","PASS",5,"above",0.4,0.5875,0.9,1e-14,"N1-UNIQUE","E",1,0.4,0.5875
"N1","PASS",5,"above",0.4,0.5875,0.9,1e-12,"N1-UNIQUE","E",1,0.4,0.5875
"N1","PASS",5,"above",0.4,0.5875,0.9,1e-08,"N1-UNIQUE","E",1,0.4,0.5875
"N1","PASS",5,"above",0.4,0.5875,0.9,0.05,"N1-UNIQUE","E",1,0.4,0.5875
"N1","PASS",5,"above",0.4,0.5875,0.9,0.25,"N1-UNIQUE","E",1,0.4,0.5875
"N1","PASS",5,"above",0.4,0.5875,0.9,0.3124999,"N1-UNIQUE","E",1,0.4,0.5875
"N1","PASS",5,"above",0.4,0.5875,0.9,0.31249999,"N1-UNIQUE","E",1,0.4,0.5875
"N1","PASS",5,"above",0.4,0.5875,0.9,0.312499999999,"N1-UNIQUE","E",1,0.4,0.5875
"N1","PASS",5,"above",0.4,0.5875,0.9,0.31249999999999,"N1-UNIQUE","E",1,0.4,0.5875
"N1","PASS",5,"above",0.4,0.5875,0.9,0.3125,"N1-UNIQUE","E",1,0.4,0.5875
"N1","PASS",5,"above",0.4,0.5875,0.9,0.31250000000001,"N1-UNIQUE","E",1,0.4,0.5875
"N1","PASS",5,"above",0.4,0.5875,0.9,0.312500000001,"N1-UNIQUE","E",1,0.4,0.5875
"N1","PASS",5,"above",0.4,0.5875,0.9,0.31250001,"N1-UNIQUE","E",1,0.4,0.5875
"N1","PASS",5,"above",0.4,0.5875,0.9,0.3125001,"N1-UNIQUE","E",1,0.4,0.5875
"N1","PASS",5,"above",0.4,0.5875,0.9,0.5,"N1-UNIQUE","E",1,0.4,0.5875
"N1","PASS",5,"above",0.4,0.5875,0.9,0.75,"N1-UNIQUE","E",1,0.4,0.5875
"N1","PASS",5,"above",0.4,0.5875,0.9,0.95,"N1-UNIQUE","E",1,0.4,0.5875
"N1","PASS",5,"above",0.4,0.5875,0.9,0.99999999,"N1-UNIQUE","E",1,0.4,0.5875
"N1","PASS",5,"above",0.4,0.5875,0.9,0.999999999999,"N1-UNIQUE","E",1,0.4,0.5875
"N1","PASS",5,"above",0.4,0.5875,0.9,0.99999999999999,"N1-UNIQUE","E",1,0.4,0.5875
"N1","PASS",5,"above",0.4,0.5875,0.9,1,"N1-UNIQUE","E",1,0.4,0.5875
"N1","PASS",5,"above",0.4,0.5875,0.99,0,"N1-UNIQUE","E",1,0.4,0.5875
"N1","PASS",5,"above",0.4,0.5875,0.99,1e-14,"N1-UNIQUE","E",1,0.4,0.5875
"N1","PASS",5,"above",0.4,0.5875,0.99,1e-12,"N1-UNIQUE","E",1,0.4,0.5875
"N1","PASS",5,"above",0.4,0.5875,0.99,1e-08,"N1-UNIQUE","E",1,0.4,0.5875
"N1","PASS",5,"above",0.4,0.5875,0.99,0.05,"N1-UNIQUE","E",1,0.4,0.5875
"N1","PASS",5,"above",0.4,0.5875,0.99,0.25,"N1-UNIQUE","E",1,0.4,0.5875
"N1","PASS",5,"above",0.4,0.5875,0.99,0.3124999,"N1-UNIQUE","E",1,0.4,0.5875
"N1","PASS",5,"above",0.4,0.5875,0.99,0.31249999,"N1-UNIQUE","E",1,0.4,0.5875
"N1","PASS",5,"above",0.4,0.5875,0.99,0.312499999999,"N1-UNIQUE","E",1,0.4,0.5875
"N1","PASS",5,"above",0.4,0.5875,0.99,0.31249999999999,"N1-UNIQUE","E",1,0.4,0.5875
"N1","PASS",5,"above",0.4,0.5875,0.99,0.3125,"N1-UNIQUE","E",1,0.4,0.5875
"N1","PASS",5,"above",0.4,0.5875,0.99,0.31250000000001,"N1-UNIQUE","E",1,0.4,0.5875
"N1","PASS",5,"above",0.4,0.5875,0.99,0.312500000001,"N1-UNIQUE","E",1,0.4,0.5875
"N1","PASS",5,"above",0.4,0.5875,0.99,0.31250001,"N1-UNIQUE","E",1,0.4,0.5875
"N1","PASS",5,"above",0.4,0.5875,0.99,0.3125001,"N1-UNIQUE","E",1,0.4,0.5875
"N1","PASS",5,"above",0.4,0.5875,0.99,0.5,"N1-UNIQUE","E",1,0.4,0.5875
"N1","PASS",5,"above",0.4,0.5875,0.99,0.75,"N1-UNIQUE","E",1,0.4,0.5875
"N1","PASS",5,"above",0.4,0.5875,0.99,0.95,"N1-UNIQUE","E",1,0.4,0.5875
"N1","PASS",5,"above",0.4,0.5875,0.99,0.99999999,"N1-UNIQUE","E",1,0.4,0.5875
"N1","PASS",5,"above",0.4,0.5875,0.99,0.999999999999,"N1-UNIQUE","E",1,0.4,0.5875
"N1","PASS",5,"above",0.4,0.5875,0.99,0.99999999999999,"N1-UNIQUE","E",1,0.4,0.5875
"N1","PASS",5,"above",0.4,0.5875,0.99,1,"N1-UNIQUE","E",1,0.4,0.5875
"N1","PASS",5,"wide_cross",0.025,0.775,0.5,0,"N1-UNIQUE","E",1,0.025,0.775
"N1","PASS",5,"wide_cross",0.025,0.775,0.5,1e-14,"N1-UNIQUE","E",1,0.025,0.775
"N1","PASS",5,"wide_cross",0.025,0.775,0.5,1e-12,"N1-UNIQUE","E",1,0.025,0.775
"N1","PASS",5,"wide_cross",0.025,0.775,0.5,1e-08,"N1-UNIQUE","E",1,0.025,0.775
"N1","PASS",5,"wide_cross",0.025,0.775,0.5,0.05,"N1-UNIQUE","E",1,0.025,0.775
"N1","PASS",5,"wide_cross",0.025,0.775,0.5,0.152542272881356,"N1-UNIQUE","E",1,0.025,0.775
"N1","PASS",5,"wide_cross",0.025,0.775,0.5,0.152542362881356,"N1-UNIQUE","E",1,0.025,0.775
"N1","PASS",5,"wide_cross",0.025,0.775,0.5,0.152542372880356,"N1-UNIQUE","E",1,0.025,0.775
"N1","PASS",5,"wide_cross",0.025,0.775,0.5,0.152542372881346,"N1-UNIQUE","E",1,0.025,0.775
"N1","PASS",5,"wide_cross",0.025,0.775,0.5,0.152542372881356,"N1-UNIQUE","E",1,0.025,0.775
"N1","PASS",5,"wide_cross",0.025,0.775,0.5,0.152542372881366,"N1-UNIQUE","E",1,0.025,0.775
"N1","PASS",5,"wide_cross",0.025,0.775,0.5,0.152542372882356,"N1-UNIQUE","E",1,0.025,0.775
"N1","PASS",5,"wide_cross",0.025,0.775,0.5,0.152542382881356,"N1-UNIQUE","E",1,0.025,0.775
"N1","PASS",5,"wide_cross",0.025,0.775,0.5,0.152542472881356,"N1-UNIQUE","E",1,0.025,0.775
"N1","PASS",5,"wide_cross",0.025,0.775,0.5,0.25,"N1-UNIQUE","E",1,0.025,0.775
"N1","PASS",5,"wide_cross",0.025,0.775,0.5,0.5,"N1-UNIQUE","E",1,0.025,0.775
"N1","PASS",5,"wide_cross",0.025,0.775,0.5,0.75,"N1-UNIQUE","E",1,0.025,0.775
"N1","PASS",5,"wide_cross",0.025,0.775,0.5,0.769230669230769,"N1-UNIQUE","E",1,0.025,0.775
"N1","PASS",5,"wide_cross",0.025,0.775,0.5,0.769230759230769,"N1-UNIQUE","E",1,0.025,0.775
"N1","PASS",5,"wide_cross",0.025,0.775,0.5,0.769230769229769,"N1-UNIQUE","E",1,0.025,0.775
"N1","PASS",5,"wide_cross",0.025,0.775,0.5,0.769230769230759,"N1-UNIQUE","E",1,0.025,0.775
"N1","PASS",5,"wide_cross",0.025,0.775,0.5,0.769230769230769,"N1-UNIQUE","E",1,0.025,0.775
"N1","PASS",5,"wide_cross",0.025,0.775,0.5,0.769230769230779,"N1-UNIQUE","E",1,0.025,0.775
"N1","PASS",5,"wide_cross",0.025,0.775,0.5,0.769230769231769,"N1-UNIQUE","E",1,0.025,0.775
"N1","PASS",5,"wide_cross",0.025,0.775,0.5,0.769230779230769,"N1-UNIQUE","E",1,0.025,0.775
"N1","PASS",5,"wide_cross",0.025,0.775,0.5,0.769230869230769,"N1-UNIQUE","E",1,0.025,0.775
"N1","PASS",5,"wide_cross",0.025,0.775,0.5,0.95,"N1-UNIQUE","E",1,0.025,0.775
"N1","PASS",5,"wide_cross",0.025,0.775,0.5,0.99999999,"N1-UNIQUE","E",1,0.025,0.775
"N1","PASS",5,"wide_cross",0.025,0.775,0.5,0.999999999999,"N1-UNIQUE","E",1,0.025,0.775
"N1","PASS",5,"wide_cross",0.025,0.775,0.5,0.99999999999999,"N1-UNIQUE","E",1,0.025,0.775
"N1","PASS",5,"wide_cross",0.025,0.775,0.5,1,"N1-UNIQUE","E",1,0.025,0.775
"N1","PASS",5,"wide_cross",0.025,0.775,0.9,0,"N1-UNIQUE","E",1,0.025,0.775
"N1","PASS",5,"wide_cross",0.025,0.775,0.9,1e-14,"N1-UNIQUE","E",1,0.025,0.775
"N1","PASS",5,"wide_cross",0.025,0.775,0.9,1e-12,"N1-UNIQUE","E",1,0.025,0.775
"N1","PASS",5,"wide_cross",0.025,0.775,0.9,1e-08,"N1-UNIQUE","E",1,0.025,0.775
"N1","PASS",5,"wide_cross",0.025,0.775,0.9,0.05,"N1-UNIQUE","E",1,0.025,0.775
"N1","PASS",5,"wide_cross",0.025,0.775,0.9,0.25,"N1-UNIQUE","E",1,0.025,0.775
"N1","PASS",5,"wide_cross",0.025,0.775,0.9,0.383886155924171,"N1-UNIQUE","E",1,0.025,0.775
"N1","PASS",5,"wide_cross",0.025,0.775,0.9,0.383886245924171,"N1-UNIQUE","E",1,0.025,0.775
"N1","PASS",5,"wide_cross",0.025,0.775,0.9,0.383886255923171,"N1-UNIQUE","E",1,0.025,0.775
"N1","PASS",5,"wide_cross",0.025,0.775,0.9,0.383886255924161,"N1-UNIQUE","E",1,0.025,0.775
"N1","PASS",5,"wide_cross",0.025,0.775,0.9,0.383886255924171,"N1-UNIQUE","E",1,0.025,0.775
"N1","PASS",5,"wide_cross",0.025,0.775,0.9,0.383886255924181,"N1-UNIQUE","E",1,0.025,0.775
"N1","PASS",5,"wide_cross",0.025,0.775,0.9,0.383886255925171,"N1-UNIQUE","E",1,0.025,0.775
"N1","PASS",5,"wide_cross",0.025,0.775,0.9,0.383886265924171,"N1-UNIQUE","E",1,0.025,0.775
"N1","PASS",5,"wide_cross",0.025,0.775,0.9,0.383886355924171,"N1-UNIQUE","E",1,0.025,0.775
"N1","PASS",5,"wide_cross",0.025,0.775,0.9,0.5,"N1-UNIQUE","E",1,0.025,0.775
"N1","PASS",5,"wide_cross",0.025,0.775,0.9,0.75,"N1-UNIQUE","E",1,0.025,0.775
"N1","PASS",5,"wide_cross",0.025,0.775,0.9,0.769230669230769,"N1-UNIQUE","E",1,0.025,0.775
"N1","PASS",5,"wide_cross",0.025,0.775,0.9,0.769230759230769,"N1-UNIQUE","E",1,0.025,0.775
"N1","PASS",5,"wide_cross",0.025,0.775,0.9,0.769230769229769,"N1-UNIQUE","E",1,0.025,0.775
"N1","PASS",5,"wide_cross",0.025,0.775,0.9,0.769230769230759,"N1-UNIQUE","E",1,0.025,0.775
"N1","PASS",5,"wide_cross",0.025,0.775,0.9,0.769230769230769,"N1-UNIQUE","E",1,0.025,0.775
"N1","PASS",5,"wide_cross",0.025,0.775,0.9,0.769230769230779,"N1-UNIQUE","E",1,0.025,0.775
"N1","PASS",5,"wide_cross",0.025,0.775,0.9,0.769230769231769,"N1-UNIQUE","E",1,0.025,0.775
"N1","PASS",5,"wide_cross",0.025,0.775,0.9,0.769230779230769,"N1-UNIQUE","E",1,0.025,0.775
"N1","PASS",5,"wide_cross",0.025,0.775,0.9,0.769230869230769,"N1-UNIQUE","E",1,0.025,0.775
"N1","PASS",5,"wide_cross",0.025,0.775,0.9,0.95,"N1-UNIQUE","E",1,0.025,0.775
"N1","PASS",5,"wide_cross",0.025,0.775,0.9,0.99999999,"N1-UNIQUE","E",1,0.025,0.775
"N1","PASS",5,"wide_cross",0.025,0.775,0.9,0.999999999999,"N1-UNIQUE","E",1,0.025,0.775
"N1","PASS",5,"wide_cross",0.025,0.775,0.9,0.99999999999999,"N1-UNIQUE","E",1,0.025,0.775
"N1","PASS",5,"wide_cross",0.025,0.775,0.9,1,"N1-UNIQUE","E",1,0.025,0.775
"N1","PASS",5,"wide_cross",0.025,0.775,0.99,0,"N1-UNIQUE","E",1,0.025,0.775
"N1","PASS",5,"wide_cross",0.025,0.775,0.99,1e-14,"N1-UNIQUE","E",1,0.025,0.775
"N1","PASS",5,"wide_cross",0.025,0.775,0.99,1e-12,"N1-UNIQUE","E",1,0.025,0.775
"N1","PASS",5,"wide_cross",0.025,0.775,0.99,1e-08,"N1-UNIQUE","E",1,0.025,0.775
"N1","PASS",5,"wide_cross",0.025,0.775,0.99,0.05,"N1-UNIQUE","E",1,0.025,0.775
"N1","PASS",5,"wide_cross",0.025,0.775,0.99,0.25,"N1-UNIQUE","E",1,0.025,0.775
"N1","PASS",5,"wide_cross",0.025,0.775,0.99,0.463820826600729,"N1-UNIQUE","E",1,0.025,0.775
"N1","PASS",5,"wide_cross",0.025,0.775,0.99,0.463820916600729,"N1-UNIQUE","E",1,0.025,0.775
"N1","PASS",5,"wide_cross",0.025,0.775,0.99,0.463820926599729,"N1-UNIQUE","E",1,0.025,0.775
"N1","PASS",5,"wide_cross",0.025,0.775,0.99,0.463820926600719,"N1-UNIQUE","E",1,0.025,0.775
"N1","PASS",5,"wide_cross",0.025,0.775,0.99,0.463820926600729,"N1-UNIQUE","E",1,0.025,0.775
"N1","PASS",5,"wide_cross",0.025,0.775,0.99,0.463820926600739,"N1-UNIQUE","E",1,0.025,0.775
"N1","PASS",5,"wide_cross",0.025,0.775,0.99,0.463820926601729,"N1-UNIQUE","E",1,0.025,0.775
"N1","PASS",5,"wide_cross",0.025,0.775,0.99,0.463820936600729,"N1-UNIQUE","E",1,0.025,0.775
"N1","PASS",5,"wide_cross",0.025,0.775,0.99,0.463821026600729,"N1-UNIQUE","E",1,0.025,0.775
"N1","PASS",5,"wide_cross",0.025,0.775,0.99,0.5,"N1-UNIQUE","E",1,0.025,0.775
"N1","PASS",5,"wide_cross",0.025,0.775,0.99,0.75,"N1-UNIQUE","E",1,0.025,0.775
"N1","PASS",5,"wide_cross",0.025,0.775,0.99,0.769230669230769,"N1-UNIQUE","E",1,0.025,0.775
"N1","PASS",5,"wide_cross",0.025,0.775,0.99,0.769230759230769,"N1-UNIQUE","E",1,0.025,0.775
"N1","PASS",5,"wide_cross",0.025,0.775,0.99,0.769230769229769,"N1-UNIQUE","E",1,0.025,0.775
"N1","PASS",5,"wide_cross",0.025,0.775,0.99,0.769230769230759,"N1-UNIQUE","E",1,0.025,0.775
"N1","PASS",5,"wide_cross",0.025,0.775,0.99,0.769230769230769,"N1-UNIQUE","E",1,0.025,0.775
"N1","PASS",5,"wide_cross",0.025,0.775,0.99,0.769230769230779,"N1-UNIQUE","E",1,0.025,0.775
"N1","PASS",5,"wide_cross",0.025,0.775,0.99,0.769230769231769,"N1-UNIQUE","E",1,0.025,0.775
"N1","PASS",5,"wide_cross",0.025,0.775,0.99,0.769230779230769,"N1-UNIQUE","E",1,0.025,0.775
"N1","PASS",5,"wide_cross",0.025,0.775,0.99,0.769230869230769,"N1-UNIQUE","E",1,0.025,0.775
"N1","PASS",5,"wide_cross",0.025,0.775,0.99,0.95,"N1-UNIQUE","E",1,0.025,0.775
"N1","PASS",5,"wide_cross",0.025,0.775,0.99,0.99999999,"N1-UNIQUE","E",1,0.025,0.775
"N1","PASS",5,"wide_cross",0.025,0.775,0.99,0.999999999999,"N1-UNIQUE","E",1,0.025,0.775
"N1","PASS",5,"wide_cross",0.025,0.775,0.99,0.99999999999999,"N1-UNIQUE","E",1,0.025,0.775
"N1","PASS",5,"wide_cross",0.025,0.775,0.99,1,"N1-UNIQUE","E",1,0.025,0.775
"N1","PASS",5,"o1_below_tiny",0.125,0.249999999999,0.5,0,"N1-UNIQUE","E",1,0.125,0.249999999999
"N1","PASS",5,"o1_below_tiny",0.125,0.249999999999,0.5,1e-14,"N1-UNIQUE","E",1,0.125,0.249999999999
"N1","PASS",5,"o1_below_tiny",0.125,0.249999999999,0.5,1e-12,"N1-UNIQUE","E",1,0.125,0.249999999999
"N1","PASS",5,"o1_below_tiny",0.125,0.249999999999,0.5,1e-08,"N1-UNIQUE","E",1,0.125,0.249999999999
"N1","PASS",5,"o1_below_tiny",0.125,0.249999999999,0.5,0.05,"N1-UNIQUE","E",1,0.125,0.249999999999
"N1","PASS",5,"o1_below_tiny",0.125,0.249999999999,0.5,0.0909089909083636,"N1-UNIQUE","E",1,0.125,0.249999999999
"N1","PASS",5,"o1_below_tiny",0.125,0.249999999999,0.5,0.0909089909090909,"N1-UNIQUE","E",1,0.125,0.249999999999
"N1","PASS",5,"o1_below_tiny",0.125,0.249999999999,0.5,0.0909090809083636,"N1-UNIQUE","E",1,0.125,0.249999999999
"N1","PASS",5,"o1_below_tiny",0.125,0.249999999999,0.5,0.0909090809090909,"N1-UNIQUE","E",1,0.125,0.249999999999
"N1","PASS",5,"o1_below_tiny",0.125,0.249999999999,0.5,0.0909090909073636,"N1-UNIQUE","E",1,0.125,0.249999999999
"N1","PASS",5,"o1_below_tiny",0.125,0.249999999999,0.5,0.0909090909080909,"N1-UNIQUE","E",1,0.125,0.249999999999
"N1","PASS",5,"o1_below_tiny",0.125,0.249999999999,0.5,0.0909090909083536,"N1-UNIQUE","E",1,0.125,0.249999999999
"N1","PASS",5,"o1_below_tiny",0.125,0.249999999999,0.5,0.0909090909083636,"N1-UNIQUE","E",1,0.125,0.249999999999
"N1","PASS",5,"o1_below_tiny",0.125,0.249999999999,0.5,0.0909090909083736,"N1-UNIQUE","E",1,0.125,0.249999999999
"N1","PASS",5,"o1_below_tiny",0.125,0.249999999999,0.5,0.0909090909090809,"N1-UNIQUE","E",1,0.125,0.249999999999
"N1","PASS",5,"o1_below_tiny",0.125,0.249999999999,0.5,0.0909090909090909,"N1-UNIQUE","E",1,0.125,0.249999999999
"N1","PASS",5,"o1_below_tiny",0.125,0.249999999999,0.5,0.0909090909091009,"N1-UNIQUE","E",1,0.125,0.249999999999
"N1","PASS",5,"o1_below_tiny",0.125,0.249999999999,0.5,0.0909090909093636,"N1-UNIQUE","E",1,0.125,0.249999999999
"N1","PASS",5,"o1_below_tiny",0.125,0.249999999999,0.5,0.0909090909100909,"N1-UNIQUE","E",1,0.125,0.249999999999
"N1","PASS",5,"o1_below_tiny",0.125,0.249999999999,0.5,0.0909091009083636,"N1-UNIQUE","E",1,0.125,0.249999999999
"N1","PASS",5,"o1_below_tiny",0.125,0.249999999999,0.5,0.0909091009090909,"N1-UNIQUE","E",1,0.125,0.249999999999
"N1","PASS",5,"o1_below_tiny",0.125,0.249999999999,0.5,0.0909091909083636,"N1-UNIQUE","E",1,0.125,0.249999999999
"N1","PASS",5,"o1_below_tiny",0.125,0.249999999999,0.5,0.0909091909090909,"N1-UNIQUE","E",1,0.125,0.249999999999
"N1","PASS",5,"o1_below_tiny",0.125,0.249999999999,0.5,0.142857042856,"N1-UNIQUE","E",1,0.125,0.249999999999
"N1","PASS",5,"o1_below_tiny",0.125,0.249999999999,0.5,0.142857132856,"N1-UNIQUE","E",1,0.125,0.249999999999
"N1","PASS",5,"o1_below_tiny",0.125,0.249999999999,0.5,0.142857142855,"N1-UNIQUE","E",1,0.125,0.249999999999
"N1","PASS",5,"o1_below_tiny",0.125,0.249999999999,0.5,0.14285714285599,"N1-UNIQUE","E",1,0.125,0.249999999999
"N1","PASS",5,"o1_below_tiny",0.125,0.249999999999,0.5,0.142857142856,"N1-UNIQUE","E",1,0.125,0.249999999999
"N1","PASS",5,"o1_below_tiny",0.125,0.249999999999,0.5,0.14285714285601,"N1-UNIQUE","E",1,0.125,0.249999999999
"N1","PASS",5,"o1_below_tiny",0.125,0.249999999999,0.5,0.142857142857,"N1-UNIQUE","E",1,0.125,0.249999999999
"N1","PASS",5,"o1_below_tiny",0.125,0.249999999999,0.5,0.142857152856,"N1-UNIQUE","E",1,0.125,0.249999999999
"N1","PASS",5,"o1_below_tiny",0.125,0.249999999999,0.5,0.142857242856,"N1-UNIQUE","E",1,0.125,0.249999999999
"N1","PASS",5,"o1_below_tiny",0.125,0.249999999999,0.5,0.25,"N1-UNIQUE","E",1,0.125,0.249999999999
"N1","PASS",5,"o1_below_tiny",0.125,0.249999999999,0.5,0.5,"N1-UNIQUE","E",1,0.125,0.249999999999
"N1","PASS",5,"o1_below_tiny",0.125,0.249999999999,0.5,0.75,"N1-UNIQUE","E",1,0.125,0.249999999999
"N1","PASS",5,"o1_below_tiny",0.125,0.249999999999,0.5,0.95,"N1-UNIQUE","E",1,0.125,0.249999999999
"N1","PASS",5,"o1_below_tiny",0.125,0.249999999999,0.5,0.99999999,"N1-UNIQUE","E",1,0.125,0.249999999999
"N1","PASS",5,"o1_below_tiny",0.125,0.249999999999,0.5,0.999999999999,"N1-UNIQUE","E",1,0.125,0.249999999999
"N1","PASS",5,"o1_below_tiny",0.125,0.249999999999,0.5,0.99999999999999,"N1-UNIQUE","E",1,0.125,0.249999999999
"N1","PASS",5,"o1_below_tiny",0.125,0.249999999999,0.5,1,"N1-UNIQUE","E",1,0.125,0.249999999999
"N1","PASS",5,"o1_below_tiny",0.125,0.249999999999,0.9,0,"N1-UNIQUE","E",1,0.125,0.249999999999
"N1","PASS",5,"o1_below_tiny",0.125,0.249999999999,0.9,1e-14,"N1-UNIQUE","E",1,0.125,0.249999999999
"N1","PASS",5,"o1_below_tiny",0.125,0.249999999999,0.9,1e-12,"N1-UNIQUE","E",1,0.125,0.249999999999
"N1","PASS",5,"o1_below_tiny",0.125,0.249999999999,0.9,1e-08,"N1-UNIQUE","E",1,0.125,0.249999999999
"N1","PASS",5,"o1_below_tiny",0.125,0.249999999999,0.9,0.05,"N1-UNIQUE","E",1,0.125,0.249999999999
"N1","PASS",5,"o1_below_tiny",0.125,0.249999999999,0.9,0.142857042856,"N1-UNIQUE","E",1,0.125,0.249999999999
"N1","PASS",5,"o1_below_tiny",0.125,0.249999999999,0.9,0.142857132856,"N1-UNIQUE","E",1,0.125,0.249999999999
"N1","PASS",5,"o1_below_tiny",0.125,0.249999999999,0.9,0.142857142855,"N1-UNIQUE","E",1,0.125,0.249999999999
"N1","PASS",5,"o1_below_tiny",0.125,0.249999999999,0.9,0.14285714285599,"N1-UNIQUE","E",1,0.125,0.249999999999
"N1","PASS",5,"o1_below_tiny",0.125,0.249999999999,0.9,0.142857142856,"N1-UNIQUE","E",1,0.125,0.249999999999
"N1","PASS",5,"o1_below_tiny",0.125,0.249999999999,0.9,0.14285714285601,"N1-UNIQUE","E",1,0.125,0.249999999999
"N1","PASS",5,"o1_below_tiny",0.125,0.249999999999,0.9,0.142857142857,"N1-UNIQUE","E",1,0.125,0.249999999999
"N1","PASS",5,"o1_below_tiny",0.125,0.249999999999,0.9,0.142857152856,"N1-UNIQUE","E",1,0.125,0.249999999999
"N1","PASS",5,"o1_below_tiny",0.125,0.249999999999,0.9,0.142857242856,"N1-UNIQUE","E",1,0.125,0.249999999999
"N1","PASS",5,"o1_below_tiny",0.125,0.249999999999,0.9,0.25,"N1-UNIQUE","E",1,0.125,0.249999999999
"N1","PASS",5,"o1_below_tiny",0.125,0.249999999999,0.9,0.2571427571408,"N1-UNIQUE","E",1,0.125,0.249999999999
"N1","PASS",5,"o1_below_tiny",0.125,0.249999999999,0.9,0.257142757142857,"N1-UNIQUE","E",1,0.125,0.249999999999
"N1","PASS",5,"o1_below_tiny",0.125,0.249999999999,0.9,0.2571428471408,"N1-UNIQUE","E",1,0.125,0.249999999999
"N1","PASS",5,"o1_below_tiny",0.125,0.249999999999,0.9,0.257142847142857,"N1-UNIQUE","E",1,0.125,0.249999999999
"N1","PASS",5,"o1_below_tiny",0.125,0.249999999999,0.9,0.2571428571398,"N1-UNIQUE","E",1,0.125,0.249999999999
"N1","PASS",5,"o1_below_tiny",0.125,0.249999999999,0.9,0.25714285714079,"N1-UNIQUE","E",1,0.125,0.249999999999
"N1","PASS",5,"o1_below_tiny",0.125,0.249999999999,0.9,0.2571428571408,"N1-UNIQUE","E",1,0.125,0.249999999999
"N1","PASS",5,"o1_below_tiny",0.125,0.249999999999,0.9,0.25714285714081,"N1-UNIQUE","E",1,0.125,0.249999999999
"N1","PASS",5,"o1_below_tiny",0.125,0.249999999999,0.9,0.2571428571418,"N1-UNIQUE","E",1,0.125,0.249999999999
"N1","PASS",5,"o1_below_tiny",0.125,0.249999999999,0.9,0.257142857141857,"N1-UNIQUE","E",1,0.125,0.249999999999
"N1","PASS",5,"o1_below_tiny",0.125,0.249999999999,0.9,0.257142857142847,"N1-UNIQUE","E",1,0.125,0.249999999999
"N1","PASS",5,"o1_below_tiny",0.125,0.249999999999,0.9,0.257142857142857,"N1-UNIQUE","E",1,0.125,0.249999999999
"N1","PASS",5,"o1_below_tiny",0.125,0.249999999999,0.9,0.257142857142867,"N1-UNIQUE","E",1,0.125,0.249999999999
"N1","PASS",5,"o1_below_tiny",0.125,0.249999999999,0.9,0.257142857143857,"N1-UNIQUE","E",1,0.125,0.249999999999
"N1","PASS",5,"o1_below_tiny",0.125,0.249999999999,0.9,0.2571428671408,"N1-UNIQUE","E",1,0.125,0.249999999999
"N1","PASS",5,"o1_below_tiny",0.125,0.249999999999,0.9,0.257142867142857,"N1-UNIQUE","E",1,0.125,0.249999999999
"N1","PASS",5,"o1_below_tiny",0.125,0.249999999999,0.9,0.2571429571408,"N1-UNIQUE","E",1,0.125,0.249999999999
"N1","PASS",5,"o1_below_tiny",0.125,0.249999999999,0.9,0.257142957142857,"N1-UNIQUE","E",1,0.125,0.249999999999
"N1","PASS",5,"o1_below_tiny",0.125,0.249999999999,0.9,0.5,"N1-UNIQUE","E",1,0.125,0.249999999999
"N1","PASS",5,"o1_below_tiny",0.125,0.249999999999,0.9,0.75,"N1-UNIQUE","E",1,0.125,0.249999999999
"N1","PASS",5,"o1_below_tiny",0.125,0.249999999999,0.9,0.95,"N1-UNIQUE","E",1,0.125,0.249999999999
"N1","PASS",5,"o1_below_tiny",0.125,0.249999999999,0.9,0.99999999,"N1-UNIQUE","E",1,0.125,0.249999999999
"N1","PASS",5,"o1_below_tiny",0.125,0.249999999999,0.9,0.999999999999,"N1-UNIQUE","E",1,0.125,0.249999999999
"N1","PASS",5,"o1_below_tiny",0.125,0.249999999999,0.9,0.99999999999999,"N1-UNIQUE","E",1,0.125,0.249999999999
"N1","PASS",5,"o1_below_tiny",0.125,0.249999999999,0.9,1,"N1-UNIQUE","E",1,0.125,0.249999999999
"N1","PASS",5,"o1_below_tiny",0.125,0.249999999999,0.99,0,"N1-UNIQUE","E",1,0.125,0.249999999999
"N1","PASS",5,"o1_below_tiny",0.125,0.249999999999,0.99,1e-14,"N1-UNIQUE","E",1,0.125,0.249999999999
"N1","PASS",5,"o1_below_tiny",0.125,0.249999999999,0.99,1e-12,"N1-UNIQUE","E",1,0.125,0.249999999999
"N1","PASS",5,"o1_below_tiny",0.125,0.249999999999,0.99,1e-08,"N1-UNIQUE","E",1,0.125,0.249999999999
"N1","PASS",5,"o1_below_tiny",0.125,0.249999999999,0.99,0.05,"N1-UNIQUE","E",1,0.125,0.249999999999
"N1","PASS",5,"o1_below_tiny",0.125,0.249999999999,0.99,0.142857042856,"N1-UNIQUE","E",1,0.125,0.249999999999
"N1","PASS",5,"o1_below_tiny",0.125,0.249999999999,0.99,0.142857132856,"N1-UNIQUE","E",1,0.125,0.249999999999
"N1","PASS",5,"o1_below_tiny",0.125,0.249999999999,0.99,0.142857142855,"N1-UNIQUE","E",1,0.125,0.249999999999
"N1","PASS",5,"o1_below_tiny",0.125,0.249999999999,0.99,0.14285714285599,"N1-UNIQUE","E",1,0.125,0.249999999999
"N1","PASS",5,"o1_below_tiny",0.125,0.249999999999,0.99,0.142857142856,"N1-UNIQUE","E",1,0.125,0.249999999999
"N1","PASS",5,"o1_below_tiny",0.125,0.249999999999,0.99,0.14285714285601,"N1-UNIQUE","E",1,0.125,0.249999999999
"N1","PASS",5,"o1_below_tiny",0.125,0.249999999999,0.99,0.142857142857,"N1-UNIQUE","E",1,0.125,0.249999999999
"N1","PASS",5,"o1_below_tiny",0.125,0.249999999999,0.99,0.142857152856,"N1-UNIQUE","E",1,0.125,0.249999999999
"N1","PASS",5,"o1_below_tiny",0.125,0.249999999999,0.99,0.142857242856,"N1-UNIQUE","E",1,0.125,0.249999999999
"N1","PASS",5,"o1_below_tiny",0.125,0.249999999999,0.99,0.25,"N1-UNIQUE","E",1,0.125,0.249999999999
"N1","PASS",5,"o1_below_tiny",0.125,0.249999999999,0.99,0.32459006393183,"N1-UNIQUE","E",1,0.125,0.249999999999
"N1","PASS",5,"o1_below_tiny",0.125,0.249999999999,0.99,0.324590063934426,"N1-UNIQUE","E",1,0.125,0.249999999999
"N1","PASS",5,"o1_below_tiny",0.125,0.249999999999,0.99,0.32459015393183,"N1-UNIQUE","E",1,0.125,0.249999999999
"N1","PASS",5,"o1_below_tiny",0.125,0.249999999999,0.99,0.324590153934426,"N1-UNIQUE","E",1,0.125,0.249999999999
"N1","PASS",5,"o1_below_tiny",0.125,0.249999999999,0.99,0.32459016393083,"N1-UNIQUE","E",1,0.125,0.249999999999
"N1","PASS",5,"o1_below_tiny",0.125,0.249999999999,0.99,0.32459016393182,"N1-UNIQUE","E",1,0.125,0.249999999999
"N1","PASS",5,"o1_below_tiny",0.125,0.249999999999,0.99,0.32459016393183,"N1-UNIQUE","E",1,0.125,0.249999999999
"N1","PASS",5,"o1_below_tiny",0.125,0.249999999999,0.99,0.32459016393184,"N1-UNIQUE","E",1,0.125,0.249999999999
"N1","PASS",5,"o1_below_tiny",0.125,0.249999999999,0.99,0.32459016393283,"N1-UNIQUE","E",1,0.125,0.249999999999
"N1","PASS",5,"o1_below_tiny",0.125,0.249999999999,0.99,0.324590163933426,"N1-UNIQUE","E",1,0.125,0.249999999999
"N1","PASS",5,"o1_below_tiny",0.125,0.249999999999,0.99,0.324590163934416,"N1-UNIQUE","E",1,0.125,0.249999999999
"N1","PASS",5,"o1_below_tiny",0.125,0.249999999999,0.99,0.324590163934426,"N1-UNIQUE","E",1,0.125,0.249999999999
"N1","PASS",5,"o1_below_tiny",0.125,0.249999999999,0.99,0.324590163934436,"N1-UNIQUE","E",1,0.125,0.249999999999
"N1","PASS",5,"o1_below_tiny",0.125,0.249999999999,0.99,0.324590163935426,"N1-UNIQUE","E",1,0.125,0.249999999999
"N1","PASS",5,"o1_below_tiny",0.125,0.249999999999,0.99,0.32459017393183,"N1-UNIQUE","E",1,0.125,0.249999999999
"N1","PASS",5,"o1_below_tiny",0.125,0.249999999999,0.99,0.324590173934426,"N1-UNIQUE","E",1,0.125,0.249999999999
"N1","PASS",5,"o1_below_tiny",0.125,0.249999999999,0.99,0.32459026393183,"N1-UNIQUE","E",1,0.125,0.249999999999
"N1","PASS",5,"o1_below_tiny",0.125,0.249999999999,0.99,0.324590263934426,"N1-UNIQUE","E",1,0.125,0.249999999999
"N1","PASS",5,"o1_below_tiny",0.125,0.249999999999,0.99,0.5,"N1-UNIQUE","E",1,0.125,0.249999999999
"N1","PASS",5,"o1_below_tiny",0.125,0.249999999999,0.99,0.75,"N1-UNIQUE","E",1,0.125,0.249999999999
"N1","PASS",5,"o1_below_tiny",0.125,0.249999999999,0.99,0.95,"N1-UNIQUE","E",1,0.125,0.249999999999
"N1","PASS",5,"o1_below_tiny",0.125,0.249999999999,0.99,0.99999999,"N1-UNIQUE","E",1,0.125,0.249999999999
"N1","PASS",5,"o1_below_tiny",0.125,0.249999999999,0.99,0.999999999999,"N1-UNIQUE","E",1,0.125,0.249999999999
"N1","PASS",5,"o1_below_tiny",0.125,0.249999999999,0.99,0.99999999999999,"N1-UNIQUE","E",1,0.125,0.249999999999
"N1","PASS",5,"o1_below_tiny",0.125,0.249999999999,0.99,1,"N1-UNIQUE","E",1,0.125,0.249999999999
"N1","PASS",5,"o1_above_tiny",0.125,0.250000000001,0.5,0,"N1-UNIQUE","E",1,0.125,0.250000000001
"N1","PASS",5,"o1_above_tiny",0.125,0.250000000001,0.5,1e-14,"N1-UNIQUE","E",1,0.125,0.250000000001
"N1","PASS",5,"o1_above_tiny",0.125,0.250000000001,0.5,1e-12,"N1-UNIQUE","E",1,0.125,0.250000000001
"N1","PASS",5,"o1_above_tiny",0.125,0.250000000001,0.5,1e-08,"N1-UNIQUE","E",1,0.125,0.250000000001
"N1","PASS",5,"o1_above_tiny",0.125,0.250000000001,0.5,0.05,"N1-UNIQUE","E",1,0.125,0.250000000001
"N1","PASS",5,"o1_above_tiny",0.125,0.250000000001,0.5,0.0909089909090909,"N1-UNIQUE","E",1,0.125,0.250000000001
"N1","PASS",5,"o1_above_tiny",0.125,0.250000000001,0.5,0.0909090809090909,"N1-UNIQUE","E",1,0.125,0.250000000001
"N1","PASS",5,"o1_above_tiny",0.125,0.250000000001,0.5,0.0909090909080909,"N1-UNIQUE","E",1,0.125,0.250000000001
"N1","PASS",5,"o1_above_tiny",0.125,0.250000000001,0.5,0.0909090909090809,"N1-UNIQUE","E",1,0.125,0.250000000001
"N1","PASS",5,"o1_above_tiny",0.125,0.250000000001,0.5,0.0909090909090909,"N1-UNIQUE","E",1,0.125,0.250000000001
"N1","PASS",5,"o1_above_tiny",0.125,0.250000000001,0.5,0.0909090909091009,"N1-UNIQUE","E",1,0.125,0.250000000001
"N1","PASS",5,"o1_above_tiny",0.125,0.250000000001,0.5,0.0909090909100909,"N1-UNIQUE","E",1,0.125,0.250000000001
"N1","PASS",5,"o1_above_tiny",0.125,0.250000000001,0.5,0.0909091009090909,"N1-UNIQUE","E",1,0.125,0.250000000001
"N1","PASS",5,"o1_above_tiny",0.125,0.250000000001,0.5,0.0909091909090909,"N1-UNIQUE","E",1,0.125,0.250000000001
"N1","PASS",5,"o1_above_tiny",0.125,0.250000000001,0.5,0.142857042858286,"N1-UNIQUE","E",1,0.125,0.250000000001
"N1","PASS",5,"o1_above_tiny",0.125,0.250000000001,0.5,0.142857132858286,"N1-UNIQUE","E",1,0.125,0.250000000001
"N1","PASS",5,"o1_above_tiny",0.125,0.250000000001,0.5,0.142857142857286,"N1-UNIQUE","E",1,0.125,0.250000000001
"N1","PASS",5,"o1_above_tiny",0.125,0.250000000001,0.5,0.142857142858276,"N1-UNIQUE","E",1,0.125,0.250000000001
"N1","PASS",5,"o1_above_tiny",0.125,0.250000000001,0.5,0.142857142858286,"N1-UNIQUE","E",1,0.125,0.250000000001
"N1","PASS",5,"o1_above_tiny",0.125,0.250000000001,0.5,0.142857142858296,"N1-UNIQUE","E",1,0.125,0.250000000001
"N1","PASS",5,"o1_above_tiny",0.125,0.250000000001,0.5,0.142857142859286,"N1-UNIQUE","E",1,0.125,0.250000000001
"N1","PASS",5,"o1_above_tiny",0.125,0.250000000001,0.5,0.142857152858286,"N1-UNIQUE","E",1,0.125,0.250000000001
"N1","PASS",5,"o1_above_tiny",0.125,0.250000000001,0.5,0.142857242858286,"N1-UNIQUE","E",1,0.125,0.250000000001
"N1","PASS",5,"o1_above_tiny",0.125,0.250000000001,0.5,0.25,"N1-UNIQUE","E",1,0.125,0.250000000001
"N1","PASS",5,"o1_above_tiny",0.125,0.250000000001,0.5,0.5,"N1-UNIQUE","E",1,0.125,0.250000000001
"N1","PASS",5,"o1_above_tiny",0.125,0.250000000001,0.5,0.75,"N1-UNIQUE","E",1,0.125,0.250000000001
"N1","PASS",5,"o1_above_tiny",0.125,0.250000000001,0.5,0.95,"N1-UNIQUE","E",1,0.125,0.250000000001
"N1","PASS",5,"o1_above_tiny",0.125,0.250000000001,0.5,0.99999999,"N1-UNIQUE","E",1,0.125,0.250000000001
"N1","PASS",5,"o1_above_tiny",0.125,0.250000000001,0.5,0.999999999999,"N1-UNIQUE","E",1,0.125,0.250000000001
"N1","PASS",5,"o1_above_tiny",0.125,0.250000000001,0.5,0.99999999999999,"N1-UNIQUE","E",1,0.125,0.250000000001
"N1","PASS",5,"o1_above_tiny",0.125,0.250000000001,0.5,1,"N1-UNIQUE","E",1,0.125,0.250000000001
"N1","PASS",5,"o1_above_tiny",0.125,0.250000000001,0.9,0,"N1-UNIQUE","E",1,0.125,0.250000000001
"N1","PASS",5,"o1_above_tiny",0.125,0.250000000001,0.9,1e-14,"N1-UNIQUE","E",1,0.125,0.250000000001
"N1","PASS",5,"o1_above_tiny",0.125,0.250000000001,0.9,1e-12,"N1-UNIQUE","E",1,0.125,0.250000000001
"N1","PASS",5,"o1_above_tiny",0.125,0.250000000001,0.9,1e-08,"N1-UNIQUE","E",1,0.125,0.250000000001
"N1","PASS",5,"o1_above_tiny",0.125,0.250000000001,0.9,0.05,"N1-UNIQUE","E",1,0.125,0.250000000001
"N1","PASS",5,"o1_above_tiny",0.125,0.250000000001,0.9,0.142857042858286,"N1-UNIQUE","E",1,0.125,0.250000000001
"N1","PASS",5,"o1_above_tiny",0.125,0.250000000001,0.9,0.142857132858286,"N1-UNIQUE","E",1,0.125,0.250000000001
"N1","PASS",5,"o1_above_tiny",0.125,0.250000000001,0.9,0.142857142857286,"N1-UNIQUE","E",1,0.125,0.250000000001
"N1","PASS",5,"o1_above_tiny",0.125,0.250000000001,0.9,0.142857142858276,"N1-UNIQUE","E",1,0.125,0.250000000001
"N1","PASS",5,"o1_above_tiny",0.125,0.250000000001,0.9,0.142857142858286,"N1-UNIQUE","E",1,0.125,0.250000000001
"N1","PASS",5,"o1_above_tiny",0.125,0.250000000001,0.9,0.142857142858296,"N1-UNIQUE","E",1,0.125,0.250000000001
"N1","PASS",5,"o1_above_tiny",0.125,0.250000000001,0.9,0.142857142859286,"N1-UNIQUE","E",1,0.125,0.250000000001
"N1","PASS",5,"o1_above_tiny",0.125,0.250000000001,0.9,0.142857152858286,"N1-UNIQUE","E",1,0.125,0.250000000001
"N1","PASS",5,"o1_above_tiny",0.125,0.250000000001,0.9,0.142857242858286,"N1-UNIQUE","E",1,0.125,0.250000000001
"N1","PASS",5,"o1_above_tiny",0.125,0.250000000001,0.9,0.25,"N1-UNIQUE","E",1,0.125,0.250000000001
"N1","PASS",5,"o1_above_tiny",0.125,0.250000000001,0.9,0.257142757142857,"N1-UNIQUE","E",1,0.125,0.250000000001
"N1","PASS",5,"o1_above_tiny",0.125,0.250000000001,0.9,0.257142847142857,"N1-UNIQUE","E",1,0.125,0.250000000001
"N1","PASS",5,"o1_above_tiny",0.125,0.250000000001,0.9,0.257142857141857,"N1-UNIQUE","E",1,0.125,0.250000000001
"N1","PASS",5,"o1_above_tiny",0.125,0.250000000001,0.9,0.257142857142847,"N1-UNIQUE","E",1,0.125,0.250000000001
"N1","PASS",5,"o1_above_tiny",0.125,0.250000000001,0.9,0.257142857142857,"N1-UNIQUE","E",1,0.125,0.250000000001
"N1","PASS",5,"o1_above_tiny",0.125,0.250000000001,0.9,0.257142857142867,"N1-UNIQUE","E",1,0.125,0.250000000001
"N1","PASS",5,"o1_above_tiny",0.125,0.250000000001,0.9,0.257142857143857,"N1-UNIQUE","E",1,0.125,0.250000000001
"N1","PASS",5,"o1_above_tiny",0.125,0.250000000001,0.9,0.257142867142857,"N1-UNIQUE","E",1,0.125,0.250000000001
"N1","PASS",5,"o1_above_tiny",0.125,0.250000000001,0.9,0.257142957142857,"N1-UNIQUE","E",1,0.125,0.250000000001
"N1","PASS",5,"o1_above_tiny",0.125,0.250000000001,0.9,0.5,"N1-UNIQUE","E",1,0.125,0.250000000001
"N1","PASS",5,"o1_above_tiny",0.125,0.250000000001,0.9,0.75,"N1-UNIQUE","E",1,0.125,0.250000000001
"N1","PASS",5,"o1_above_tiny",0.125,0.250000000001,0.9,0.95,"N1-UNIQUE","E",1,0.125,0.250000000001
"N1","PASS",5,"o1_above_tiny",0.125,0.250000000001,0.9,0.99999999,"N1-UNIQUE","E",1,0.125,0.250000000001
"N1","PASS",5,"o1_above_tiny",0.125,0.250000000001,0.9,0.999999999999,"N1-UNIQUE","E",1,0.125,0.250000000001
"N1","PASS",5,"o1_above_tiny",0.125,0.250000000001,0.9,0.99999999999999,"N1-UNIQUE","E",1,0.125,0.250000000001
"N1","PASS",5,"o1_above_tiny",0.125,0.250000000001,0.9,1,"N1-UNIQUE","E",1,0.125,0.250000000001
"N1","PASS",5,"o1_above_tiny",0.125,0.250000000001,0.99,0,"N1-UNIQUE","E",1,0.125,0.250000000001
"N1","PASS",5,"o1_above_tiny",0.125,0.250000000001,0.99,1e-14,"N1-UNIQUE","E",1,0.125,0.250000000001
"N1","PASS",5,"o1_above_tiny",0.125,0.250000000001,0.99,1e-12,"N1-UNIQUE","E",1,0.125,0.250000000001
"N1","PASS",5,"o1_above_tiny",0.125,0.250000000001,0.99,1e-08,"N1-UNIQUE","E",1,0.125,0.250000000001
"N1","PASS",5,"o1_above_tiny",0.125,0.250000000001,0.99,0.05,"N1-UNIQUE","E",1,0.125,0.250000000001
"N1","PASS",5,"o1_above_tiny",0.125,0.250000000001,0.99,0.142857042858286,"N1-UNIQUE","E",1,0.125,0.250000000001
"N1","PASS",5,"o1_above_tiny",0.125,0.250000000001,0.99,0.142857132858286,"N1-UNIQUE","E",1,0.125,0.250000000001
"N1","PASS",5,"o1_above_tiny",0.125,0.250000000001,0.99,0.142857142857286,"N1-UNIQUE","E",1,0.125,0.250000000001
"N1","PASS",5,"o1_above_tiny",0.125,0.250000000001,0.99,0.142857142858276,"N1-UNIQUE","E",1,0.125,0.250000000001
"N1","PASS",5,"o1_above_tiny",0.125,0.250000000001,0.99,0.142857142858286,"N1-UNIQUE","E",1,0.125,0.250000000001
"N1","PASS",5,"o1_above_tiny",0.125,0.250000000001,0.99,0.142857142858296,"N1-UNIQUE","E",1,0.125,0.250000000001
"N1","PASS",5,"o1_above_tiny",0.125,0.250000000001,0.99,0.142857142859286,"N1-UNIQUE","E",1,0.125,0.250000000001
"N1","PASS",5,"o1_above_tiny",0.125,0.250000000001,0.99,0.142857152858286,"N1-UNIQUE","E",1,0.125,0.250000000001
"N1","PASS",5,"o1_above_tiny",0.125,0.250000000001,0.99,0.142857242858286,"N1-UNIQUE","E",1,0.125,0.250000000001
"N1","PASS",5,"o1_above_tiny",0.125,0.250000000001,0.99,0.25,"N1-UNIQUE","E",1,0.125,0.250000000001
"N1","PASS",5,"o1_above_tiny",0.125,0.250000000001,0.99,0.324590063934426,"N1-UNIQUE","E",1,0.125,0.250000000001
"N1","PASS",5,"o1_above_tiny",0.125,0.250000000001,0.99,0.324590153934426,"N1-UNIQUE","E",1,0.125,0.250000000001
"N1","PASS",5,"o1_above_tiny",0.125,0.250000000001,0.99,0.324590163933426,"N1-UNIQUE","E",1,0.125,0.250000000001
"N1","PASS",5,"o1_above_tiny",0.125,0.250000000001,0.99,0.324590163934416,"N1-UNIQUE","E",1,0.125,0.250000000001
"N1","PASS",5,"o1_above_tiny",0.125,0.250000000001,0.99,0.324590163934426,"N1-UNIQUE","E",1,0.125,0.250000000001
"N1","PASS",5,"o1_above_tiny",0.125,0.250000000001,0.99,0.324590163934436,"N1-UNIQUE","E",1,0.125,0.250000000001
"N1","PASS",5,"o1_above_tiny",0.125,0.250000000001,0.99,0.324590163935426,"N1-UNIQUE","E",1,0.125,0.250000000001
"N1","PASS",5,"o1_above_tiny",0.125,0.250000000001,0.99,0.324590173934426,"N1-UNIQUE","E",1,0.125,0.250000000001
"N1","PASS",5,"o1_above_tiny",0.125,0.250000000001,0.99,0.324590263934426,"N1-UNIQUE","E",1,0.125,0.250000000001
"N1","PASS",5,"o1_above_tiny",0.125,0.250000000001,0.99,0.5,"N1-UNIQUE","E",1,0.125,0.250000000001
"N1","PASS",5,"o1_above_tiny",0.125,0.250000000001,0.99,0.75,"N1-UNIQUE","E",1,0.125,0.250000000001
"N1","PASS",5,"o1_above_tiny",0.125,0.250000000001,0.99,0.95,"N1-UNIQUE","E",1,0.125,0.250000000001
"N1","PASS",5,"o1_above_tiny",0.125,0.250000000001,0.99,0.99999999,"N1-UNIQUE","E",1,0.125,0.250000000001
"N1","PASS",5,"o1_above_tiny",0.125,0.250000000001,0.99,0.999999999999,"N1-UNIQUE","E",1,0.125,0.250000000001
"N1","PASS",5,"o1_above_tiny",0.125,0.250000000001,0.99,0.99999999999999,"N1-UNIQUE","E",1,0.125,0.250000000001
"N1","PASS",5,"o1_above_tiny",0.125,0.250000000001,0.99,1,"N1-UNIQUE","E",1,0.125,0.250000000001
"N1","PASS",5,"o0_below_tiny",0.249999999999,0.4375,0.5,0,"N1-UNIQUE","E",1,0.249999999999,0.4375
"N1","PASS",5,"o0_below_tiny",0.249999999999,0.4375,0.5,1e-14,"N1-UNIQUE","E",1,0.249999999999,0.4375
"N1","PASS",5,"o0_below_tiny",0.249999999999,0.4375,0.5,7.90004507083755e-13,"N1-UNIQUE","E",1,0.249999999999,0.4375
"N1","PASS",5,"o0_below_tiny",0.249999999999,0.4375,0.5,8.00004507083755e-13,"N1-UNIQUE","E",1,0.249999999999,0.4375
"N1","PASS",5,"o0_below_tiny",0.249999999999,0.4375,0.5,8.10004507083755e-13,"N1-UNIQUE","E",1,0.249999999999,0.4375
"N1","PASS",5,"o0_below_tiny",0.249999999999,0.4375,0.5,1e-12,"N1-UNIQUE","E",1,0.249999999999,0.4375
"N1","PASS",5,"o0_below_tiny",0.249999999999,0.4375,0.5,1.80000450708376e-12,"N1-UNIQUE","E",1,0.249999999999,0.4375
"N1","PASS",5,"o0_below_tiny",0.249999999999,0.4375,0.5,1e-08,"N1-UNIQUE","E",1,0.249999999999,0.4375
"N1","PASS",5,"o0_below_tiny",0.249999999999,0.4375,0.5,1.00008000045071e-08,"N1-UNIQUE","E",1,0.249999999999,0.4375
"N1","PASS",5,"o0_below_tiny",0.249999999999,0.4375,0.5,1.00000800004507e-07,"N1-UNIQUE","E",1,0.249999999999,0.4375
"N1","PASS",5,"o0_below_tiny",0.249999999999,0.4375,0.5,0.05,"N1-UNIQUE","E",1,0.249999999999,0.4375
"N1","PASS",5,"o0_below_tiny",0.249999999999,0.4375,0.5,0.249999900001,"N1-UNIQUE","E",1,0.249999999999,0.4375
"N1","PASS",5,"o0_below_tiny",0.249999999999,0.4375,0.5,0.249999990001,"N1-UNIQUE","E",1,0.249999999999,0.4375
"N1","PASS",5,"o0_below_tiny",0.249999999999,0.4375,0.5,0.25,"N1-UNIQUE","E",1,0.249999999999,0.4375
"N1","PASS",5,"o0_below_tiny",0.249999999999,0.4375,0.5,0.25,"N1-UNIQUE","E",1,0.249999999999,0.4375
"N1","PASS",5,"o0_below_tiny",0.249999999999,0.4375,0.5,0.25000000000099,"N1-UNIQUE","E",1,0.249999999999,0.4375
"N1","PASS",5,"o0_below_tiny",0.249999999999,0.4375,0.5,0.250000000001,"N1-UNIQUE","E",1,0.249999999999,0.4375
"N1","PASS",5,"o0_below_tiny",0.249999999999,0.4375,0.5,0.25000000000101,"N1-UNIQUE","E",1,0.249999999999,0.4375
"N1","PASS",5,"o0_below_tiny",0.249999999999,0.4375,0.5,0.250000000002,"N1-UNIQUE","E",1,0.249999999999,0.4375
"N1","PASS",5,"o0_below_tiny",0.249999999999,0.4375,0.5,0.250000010001,"N1-UNIQUE","E",1,0.249999999999,0.4375
"N1","PASS",5,"o0_below_tiny",0.249999999999,0.4375,0.5,0.250000100001,"N1-UNIQUE","E",1,0.249999999999,0.4375
"N1","PASS",5,"o0_below_tiny",0.249999999999,0.4375,0.5,0.5,"N1-UNIQUE","E",1,0.249999999999,0.4375
"N1","PASS",5,"o0_below_tiny",0.249999999999,0.4375,0.5,0.75,"N1-UNIQUE","E",1,0.249999999999,0.4375
"N1","PASS",5,"o0_below_tiny",0.249999999999,0.4375,0.5,0.95,"N1-UNIQUE","E",1,0.249999999999,0.4375
"N1","PASS",5,"o0_below_tiny",0.249999999999,0.4375,0.5,0.99999999,"N1-UNIQUE","E",1,0.249999999999,0.4375
"N1","PASS",5,"o0_below_tiny",0.249999999999,0.4375,0.5,0.999999999999,"N1-UNIQUE","E",1,0.249999999999,0.4375
"N1","PASS",5,"o0_below_tiny",0.249999999999,0.4375,0.5,0.99999999999999,"N1-UNIQUE","E",1,0.249999999999,0.4375
"N1","PASS",5,"o0_below_tiny",0.249999999999,0.4375,0.5,1,"N1-UNIQUE","E",1,0.249999999999,0.4375
"N1","PASS",5,"o0_below_tiny",0.249999999999,0.4375,0.9,0,"N1-UNIQUE","E",1,0.249999999999,0.4375
"N1","PASS",5,"o0_below_tiny",0.249999999999,0.4375,0.9,1e-14,"N1-UNIQUE","E",1,0.249999999999,0.4375
"N1","PASS",5,"o0_below_tiny",0.249999999999,0.4375,0.9,1e-12,"N1-UNIQUE","E",1,0.249999999999,0.4375
"N1","PASS",5,"o0_below_tiny",0.249999999999,0.4375,0.9,1.76924637066909e-12,"N1-UNIQUE","E",1,0.249999999999,0.4375
"N1","PASS",5,"o0_below_tiny",0.249999999999,0.4375,0.9,2.75924637066908e-12,"N1-UNIQUE","E",1,0.249999999999,0.4375
"N1","PASS",5,"o0_below_tiny",0.249999999999,0.4375,0.9,2.76924637066909e-12,"N1-UNIQUE","E",1,0.249999999999,0.4375
"N1","PASS",5,"o0_below_tiny",0.249999999999,0.4375,0.9,2.77924637066909e-12,"N1-UNIQUE","E",1,0.249999999999,0.4375
"N1","PASS",5,"o0_below_tiny",0.249999999999,0.4375,0.9,3.76924637066908e-12,"N1-UNIQUE","E",1,0.249999999999,0.4375
"N1","PASS",5,"o0_below_tiny",0.249999999999,0.4375,0.9,1e-08,"N1-UNIQUE","E",1,0.249999999999,0.4375
"N1","PASS",5,"o0_below_tiny",0.249999999999,0.4375,0.9,1.00027692463707e-08,"N1-UNIQUE","E",1,0.249999999999,0.4375
"N1","PASS",5,"o0_below_tiny",0.249999999999,0.4375,0.9,1.00002769246371e-07,"N1-UNIQUE","E",1,0.249999999999,0.4375
"N1","PASS",5,"o0_below_tiny",0.249999999999,0.4375,0.9,0.05,"N1-UNIQUE","E",1,0.249999999999,0.4375
"N1","PASS",5,"o0_below_tiny",0.249999999999,0.4375,0.9,0.249999900001,"N1-UNIQUE","E",1,0.249999999999,0.4375
"N1","PASS",5,"o0_below_tiny",0.249999999999,0.4375,0.9,0.249999990001,"N1-UNIQUE","E",1,0.249999999999,0.4375
"N1","PASS",5,"o0_below_tiny",0.249999999999,0.4375,0.9,0.25,"N1-UNIQUE","E",1,0.249999999999,0.4375
"N1","PASS",5,"o0_below_tiny",0.249999999999,0.4375,0.9,0.25,"N1-UNIQUE","E",1,0.249999999999,0.4375
"N1","PASS",5,"o0_below_tiny",0.249999999999,0.4375,0.9,0.25000000000099,"N1-UNIQUE","E",1,0.249999999999,0.4375
"N1","PASS",5,"o0_below_tiny",0.249999999999,0.4375,0.9,0.250000000001,"N1-UNIQUE","E",1,0.249999999999,0.4375
"N1","PASS",5,"o0_below_tiny",0.249999999999,0.4375,0.9,0.25000000000101,"N1-UNIQUE","E",1,0.249999999999,0.4375
"N1","PASS",5,"o0_below_tiny",0.249999999999,0.4375,0.9,0.250000000002,"N1-UNIQUE","E",1,0.249999999999,0.4375
"N1","PASS",5,"o0_below_tiny",0.249999999999,0.4375,0.9,0.250000010001,"N1-UNIQUE","E",1,0.249999999999,0.4375
"N1","PASS",5,"o0_below_tiny",0.249999999999,0.4375,0.9,0.250000100001,"N1-UNIQUE","E",1,0.249999999999,0.4375
"N1","PASS",5,"o0_below_tiny",0.249999999999,0.4375,0.9,0.5,"N1-UNIQUE","E",1,0.249999999999,0.4375
"N1","PASS",5,"o0_below_tiny",0.249999999999,0.4375,0.9,0.75,"N1-UNIQUE","E",1,0.249999999999,0.4375
"N1","PASS",5,"o0_below_tiny",0.249999999999,0.4375,0.9,0.95,"N1-UNIQUE","E",1,0.249999999999,0.4375
"N1","PASS",5,"o0_below_tiny",0.249999999999,0.4375,0.9,0.99999999,"N1-UNIQUE","E",1,0.249999999999,0.4375
"N1","PASS",5,"o0_below_tiny",0.249999999999,0.4375,0.9,0.999999999999,"N1-UNIQUE","E",1,0.249999999999,0.4375
"N1","PASS",5,"o0_below_tiny",0.249999999999,0.4375,0.9,0.99999999999999,"N1-UNIQUE","E",1,0.249999999999,0.4375
"N1","PASS",5,"o0_below_tiny",0.249999999999,0.4375,0.9,1,"N1-UNIQUE","E",1,0.249999999999,0.4375
"N1","PASS",5,"o0_below_tiny",0.249999999999,0.4375,0.99,0,"N1-UNIQUE","E",1,0.249999999999,0.4375
"N1","PASS",5,"o0_below_tiny",0.249999999999,0.4375,0.99,1e-14,"N1-UNIQUE","E",1,0.249999999999,0.4375
"N1","PASS",5,"o0_below_tiny",0.249999999999,0.4375,0.99,1e-12,"N1-UNIQUE","E",1,0.249999999999,0.4375
"N1","PASS",5,"o0_below_tiny",0.249999999999,0.4375,0.99,2.84468185441993e-12,"N1-UNIQUE","E",1,0.249999999999,0.4375
"N1","PASS",5,"o0_below_tiny",0.249999999999,0.4375,0.99,3.83468185441993e-12,"N1-UNIQUE","E",1,0.249999999999,0.4375
"N1","PASS",5,"o0_below_tiny",0.249999999999,0.4375,0.99,3.84468185441993e-12,"N1-UNIQUE","E",1,0.249999999999,0.4375
"N1","PASS",5,"o0_below_tiny",0.249999999999,0.4375,0.99,3.85468185441993e-12,"N1-UNIQUE","E",1,0.249999999999,0.4375
"N1","PASS",5,"o0_below_tiny",0.249999999999,0.4375,0.99,4.84468185441993e-12,"N1-UNIQUE","E",1,0.249999999999,0.4375
"N1","PASS",5,"o0_below_tiny",0.249999999999,0.4375,0.99,1e-08,"N1-UNIQUE","E",1,0.249999999999,0.4375
"N1","PASS",5,"o0_below_tiny",0.249999999999,0.4375,0.99,1.00038446818544e-08,"N1-UNIQUE","E",1,0.249999999999,0.4375
"N1","PASS",5,"o0_below_tiny",0.249999999999,0.4375,0.99,1.00003844681854e-07,"N1-UNIQUE","E",1,0.249999999999,0.4375
"N1","PASS",5,"o0_below_tiny",0.249999999999,0.4375,0.99,0.05,"N1-UNIQUE","E",1,0.249999999999,0.4375
"N1","PASS",5,"o0_below_tiny",0.249999999999,0.4375,0.99,0.249999900001,"N1-UNIQUE","E",1,0.249999999999,0.4375
"N1","PASS",5,"o0_below_tiny",0.249999999999,0.4375,0.99,0.249999990001,"N1-UNIQUE","E",1,0.249999999999,0.4375
"N1","PASS",5,"o0_below_tiny",0.249999999999,0.4375,0.99,0.25,"N1-UNIQUE","E",1,0.249999999999,0.4375
"N1","PASS",5,"o0_below_tiny",0.249999999999,0.4375,0.99,0.25,"N1-UNIQUE","E",1,0.249999999999,0.4375
"N1","PASS",5,"o0_below_tiny",0.249999999999,0.4375,0.99,0.25000000000099,"N1-UNIQUE","E",1,0.249999999999,0.4375
"N1","PASS",5,"o0_below_tiny",0.249999999999,0.4375,0.99,0.250000000001,"N1-UNIQUE","E",1,0.249999999999,0.4375
"N1","PASS",5,"o0_below_tiny",0.249999999999,0.4375,0.99,0.25000000000101,"N1-UNIQUE","E",1,0.249999999999,0.4375
"N1","PASS",5,"o0_below_tiny",0.249999999999,0.4375,0.99,0.250000000002,"N1-UNIQUE","E",1,0.249999999999,0.4375
"N1","PASS",5,"o0_below_tiny",0.249999999999,0.4375,0.99,0.250000010001,"N1-UNIQUE","E",1,0.249999999999,0.4375
"N1","PASS",5,"o0_below_tiny",0.249999999999,0.4375,0.99,0.250000100001,"N1-UNIQUE","E",1,0.249999999999,0.4375
"N1","PASS",5,"o0_below_tiny",0.249999999999,0.4375,0.99,0.5,"N1-UNIQUE","E",1,0.249999999999,0.4375
"N1","PASS",5,"o0_below_tiny",0.249999999999,0.4375,0.99,0.75,"N1-UNIQUE","E",1,0.249999999999,0.4375
"N1","PASS",5,"o0_below_tiny",0.249999999999,0.4375,0.99,0.95,"N1-UNIQUE","E",1,0.249999999999,0.4375
"N1","PASS",5,"o0_below_tiny",0.249999999999,0.4375,0.99,0.99999999,"N1-UNIQUE","E",1,0.249999999999,0.4375
"N1","PASS",5,"o0_below_tiny",0.249999999999,0.4375,0.99,0.999999999999,"N1-UNIQUE","E",1,0.249999999999,0.4375
"N1","PASS",5,"o0_below_tiny",0.249999999999,0.4375,0.99,0.99999999999999,"N1-UNIQUE","E",1,0.249999999999,0.4375
"N1","PASS",5,"o0_below_tiny",0.249999999999,0.4375,0.99,1,"N1-UNIQUE","E",1,0.249999999999,0.4375
"N1","PASS",5,"o0_above_tiny",0.250000000001,0.4375,0.5,0,"N1-UNIQUE","E",1,0.250000000001,0.4375
"N1","PASS",5,"o0_above_tiny",0.250000000001,0.4375,0.5,1e-14,"N1-UNIQUE","E",1,0.250000000001,0.4375
"N1","PASS",5,"o0_above_tiny",0.250000000001,0.4375,0.5,1e-12,"N1-UNIQUE","E",1,0.250000000001,0.4375
"N1","PASS",5,"o0_above_tiny",0.250000000001,0.4375,0.5,1e-08,"N1-UNIQUE","E",1,0.250000000001,0.4375
"N1","PASS",5,"o0_above_tiny",0.250000000001,0.4375,0.5,0.05,"N1-UNIQUE","E",1,0.250000000001,0.4375
"N1","PASS",5,"o0_above_tiny",0.250000000001,0.4375,0.5,0.249999899999,"N1-UNIQUE","E",1,0.250000000001,0.4375
"N1","PASS",5,"o0_above_tiny",0.250000000001,0.4375,0.5,0.249999989999,"N1-UNIQUE","E",1,0.250000000001,0.4375
"N1","PASS",5,"o0_above_tiny",0.250000000001,0.4375,0.5,0.249999999998,"N1-UNIQUE","E",1,0.250000000001,0.4375
"N1","PASS",5,"o0_above_tiny",0.250000000001,0.4375,0.5,0.24999999999899,"N1-UNIQUE","E",1,0.250000000001,0.4375
"N1","PASS",5,"o0_above_tiny",0.250000000001,0.4375,0.5,0.249999999999,"N1-UNIQUE","E",1,0.250000000001,0.4375
"N1","PASS",5,"o0_above_tiny",0.250000000001,0.4375,0.5,0.24999999999901,"N1-UNIQUE","E",1,0.250000000001,0.4375
"N1","PASS",5,"o0_above_tiny",0.250000000001,0.4375,0.5,0.25,"N1-UNIQUE","E",1,0.250000000001,0.4375
"N1","PASS",5,"o0_above_tiny",0.250000000001,0.4375,0.5,0.250000009999,"N1-UNIQUE","E",1,0.250000000001,0.4375
"N1","PASS",5,"o0_above_tiny",0.250000000001,0.4375,0.5,0.250000099999,"N1-UNIQUE","E",1,0.250000000001,0.4375
"N1","PASS",5,"o0_above_tiny",0.250000000001,0.4375,0.5,0.5,"N1-UNIQUE","E",1,0.250000000001,0.4375
"N1","PASS",5,"o0_above_tiny",0.250000000001,0.4375,0.5,0.75,"N1-UNIQUE","E",1,0.250000000001,0.4375
"N1","PASS",5,"o0_above_tiny",0.250000000001,0.4375,0.5,0.95,"N1-UNIQUE","E",1,0.250000000001,0.4375
"N1","PASS",5,"o0_above_tiny",0.250000000001,0.4375,0.5,0.99999999,"N1-UNIQUE","E",1,0.250000000001,0.4375
"N1","PASS",5,"o0_above_tiny",0.250000000001,0.4375,0.5,0.999999999999,"N1-UNIQUE","E",1,0.250000000001,0.4375
"N1","PASS",5,"o0_above_tiny",0.250000000001,0.4375,0.5,0.99999999999999,"N1-UNIQUE","E",1,0.250000000001,0.4375
"N1","PASS",5,"o0_above_tiny",0.250000000001,0.4375,0.5,1,"N1-UNIQUE","E",1,0.250000000001,0.4375
"N1","PASS",5,"o0_above_tiny",0.250000000001,0.4375,0.9,0,"N1-UNIQUE","E",1,0.250000000001,0.4375
"N1","PASS",5,"o0_above_tiny",0.250000000001,0.4375,0.9,1e-14,"N1-UNIQUE","E",1,0.250000000001,0.4375
"N1","PASS",5,"o0_above_tiny",0.250000000001,0.4375,0.9,1e-12,"N1-UNIQUE","E",1,0.250000000001,0.4375
"N1","PASS",5,"o0_above_tiny",0.250000000001,0.4375,0.9,1e-08,"N1-UNIQUE","E",1,0.250000000001,0.4375
"N1","PASS",5,"o0_above_tiny",0.250000000001,0.4375,0.9,0.05,"N1-UNIQUE","E",1,0.250000000001,0.4375
"N1","PASS",5,"o0_above_tiny",0.250000000001,0.4375,0.9,0.249999899999,"N1-UNIQUE","E",1,0.250000000001,0.4375
"N1","PASS",5,"o0_above_tiny",0.250000000001,0.4375,0.9,0.249999989999,"N1-UNIQUE","E",1,0.250000000001,0.4375
"N1","PASS",5,"o0_above_tiny",0.250000000001,0.4375,0.9,0.249999999998,"N1-UNIQUE","E",1,0.250000000001,0.4375
"N1","PASS",5,"o0_above_tiny",0.250000000001,0.4375,0.9,0.24999999999899,"N1-UNIQUE","E",1,0.250000000001,0.4375
"N1","PASS",5,"o0_above_tiny",0.250000000001,0.4375,0.9,0.249999999999,"N1-UNIQUE","E",1,0.250000000001,0.4375
"N1","PASS",5,"o0_above_tiny",0.250000000001,0.4375,0.9,0.24999999999901,"N1-UNIQUE","E",1,0.250000000001,0.4375
"N1","PASS",5,"o0_above_tiny",0.250000000001,0.4375,0.9,0.25,"N1-UNIQUE","E",1,0.250000000001,0.4375
"N1","PASS",5,"o0_above_tiny",0.250000000001,0.4375,0.9,0.250000009999,"N1-UNIQUE","E",1,0.250000000001,0.4375
"N1","PASS",5,"o0_above_tiny",0.250000000001,0.4375,0.9,0.250000099999,"N1-UNIQUE","E",1,0.250000000001,0.4375
"N1","PASS",5,"o0_above_tiny",0.250000000001,0.4375,0.9,0.5,"N1-UNIQUE","E",1,0.250000000001,0.4375
"N1","PASS",5,"o0_above_tiny",0.250000000001,0.4375,0.9,0.75,"N1-UNIQUE","E",1,0.250000000001,0.4375
"N1","PASS",5,"o0_above_tiny",0.250000000001,0.4375,0.9,0.95,"N1-UNIQUE","E",1,0.250000000001,0.4375
"N1","PASS",5,"o0_above_tiny",0.250000000001,0.4375,0.9,0.99999999,"N1-UNIQUE","E",1,0.250000000001,0.4375
"N1","PASS",5,"o0_above_tiny",0.250000000001,0.4375,0.9,0.999999999999,"N1-UNIQUE","E",1,0.250000000001,0.4375
"N1","PASS",5,"o0_above_tiny",0.250000000001,0.4375,0.9,0.99999999999999,"N1-UNIQUE","E",1,0.250000000001,0.4375
"N1","PASS",5,"o0_above_tiny",0.250000000001,0.4375,0.9,1,"N1-UNIQUE","E",1,0.250000000001,0.4375
"N1","PASS",5,"o0_above_tiny",0.250000000001,0.4375,0.99,0,"N1-UNIQUE","E",1,0.250000000001,0.4375
"N1","PASS",5,"o0_above_tiny",0.250000000001,0.4375,0.99,1e-14,"N1-UNIQUE","E",1,0.250000000001,0.4375
"N1","PASS",5,"o0_above_tiny",0.250000000001,0.4375,0.99,1e-12,"N1-UNIQUE","E",1,0.250000000001,0.4375
"N1","PASS",5,"o0_above_tiny",0.250000000001,0.4375,0.99,1e-08,"N1-UNIQUE","E",1,0.250000000001,0.4375
"N1","PASS",5,"o0_above_tiny",0.250000000001,0.4375,0.99,0.05,"N1-UNIQUE","E",1,0.250000000001,0.4375
"N1","PASS",5,"o0_above_tiny",0.250000000001,0.4375,0.99,0.249999899999,"N1-UNIQUE","E",1,0.250000000001,0.4375
"N1","PASS",5,"o0_above_tiny",0.250000000001,0.4375,0.99,0.249999989999,"N1-UNIQUE","E",1,0.250000000001,0.4375
"N1","PASS",5,"o0_above_tiny",0.250000000001,0.4375,0.99,0.249999999998,"N1-UNIQUE","E",1,0.250000000001,0.4375
"N1","PASS",5,"o0_above_tiny",0.250000000001,0.4375,0.99,0.24999999999899,"N1-UNIQUE","E",1,0.250000000001,0.4375
"N1","PASS",5,"o0_above_tiny",0.250000000001,0.4375,0.99,0.249999999999,"N1-UNIQUE","E",1,0.250000000001,0.4375
"N1","PASS",5,"o0_above_tiny",0.250000000001,0.4375,0.99,0.24999999999901,"N1-UNIQUE","E",1,0.250000000001,0.4375
"N1","PASS",5,"o0_above_tiny",0.250000000001,0.4375,0.99,0.25,"N1-UNIQUE","E",1,0.250000000001,0.4375
"N1","PASS",5,"o0_above_tiny",0.250000000001,0.4375,0.99,0.250000009999,"N1-UNIQUE","E",1,0.250000000001,0.4375
"N1","PASS",5,"o0_above_tiny",0.250000000001,0.4375,0.99,0.250000099999,"N1-UNIQUE","E",1,0.250000000001,0.4375
"N1","PASS",5,"o0_above_tiny",0.250000000001,0.4375,0.99,0.5,"N1-UNIQUE","E",1,0.250000000001,0.4375
"N1","PASS",5,"o0_above_tiny",0.250000000001,0.4375,0.99,0.75,"N1-UNIQUE","E",1,0.250000000001,0.4375
"N1","PASS",5,"o0_above_tiny",0.250000000001,0.4375,0.99,0.95,"N1-UNIQUE","E",1,0.250000000001,0.4375
"N1","PASS",5,"o0_above_tiny",0.250000000001,0.4375,0.99,0.99999999,"N1-UNIQUE","E",1,0.250000000001,0.4375
"N1","PASS",5,"o0_above_tiny",0.250000000001,0.4375,0.99,0.999999999999,"N1-UNIQUE","E",1,0.250000000001,0.4375
"N1","PASS",5,"o0_above_tiny",0.250000000001,0.4375,0.99,0.99999999999999,"N1-UNIQUE","E",1,0.250000000001,0.4375
"N1","PASS",5,"o0_above_tiny",0.250000000001,0.4375,0.99,1,"N1-UNIQUE","E",1,0.250000000001,0.4375
"N1","PASS",7,"below",0.0416666666666667,0.0833333333333333,0.5,0,"N1-UNIQUE","E",1,0.0416666666666667,0.0833333333333333
"N1","PASS",7,"below",0.0416666666666667,0.0833333333333333,0.5,1e-14,"N1-UNIQUE","E",1,0.0416666666666667,0.0833333333333333
"N1","PASS",7,"below",0.0416666666666667,0.0833333333333333,0.5,1e-12,"N1-UNIQUE","E",1,0.0416666666666667,0.0833333333333333
"N1","PASS",7,"below",0.0416666666666667,0.0833333333333333,0.5,1e-08,"N1-UNIQUE","E",1,0.0416666666666667,0.0833333333333333
"N1","PASS",7,"below",0.0416666666666667,0.0833333333333333,0.5,0.0285713285714286,"N1-UNIQUE","E",1,0.0416666666666667,0.0833333333333333
"N1","PASS",7,"below",0.0416666666666667,0.0833333333333333,0.5,0.0285714185714286,"N1-UNIQUE","E",1,0.0416666666666667,0.0833333333333333
"N1","PASS",7,"below",0.0416666666666667,0.0833333333333333,0.5,0.0285714285704286,"N1-UNIQUE","E",1,0.0416666666666667,0.0833333333333333
"N1","PASS",7,"below",0.0416666666666667,0.0833333333333333,0.5,0.0285714285714186,"N1-UNIQUE","E",1,0.0416666666666667,0.0833333333333333
"N1","PASS",7,"below",0.0416666666666667,0.0833333333333333,0.5,0.0285714285714286,"N1-UNIQUE","E",1,0.0416666666666667,0.0833333333333333
"N1","PASS",7,"below",0.0416666666666667,0.0833333333333333,0.5,0.0285714285714386,"N1-UNIQUE","E",1,0.0416666666666667,0.0833333333333333
"N1","PASS",7,"below",0.0416666666666667,0.0833333333333333,0.5,0.0285714285724286,"N1-UNIQUE","E",1,0.0416666666666667,0.0833333333333333
"N1","PASS",7,"below",0.0416666666666667,0.0833333333333333,0.5,0.0285714385714286,"N1-UNIQUE","E",1,0.0416666666666667,0.0833333333333333
"N1","PASS",7,"below",0.0416666666666667,0.0833333333333333,0.5,0.0285715285714286,"N1-UNIQUE","E",1,0.0416666666666667,0.0833333333333333
"N1","PASS",7,"below",0.0416666666666667,0.0833333333333333,0.5,0.0434781608695652,"N1-UNIQUE","E",1,0.0416666666666667,0.0833333333333333
"N1","PASS",7,"below",0.0416666666666667,0.0833333333333333,0.5,0.0434782508695652,"N1-UNIQUE","E",1,0.0416666666666667,0.0833333333333333
"N1","PASS",7,"below",0.0416666666666667,0.0833333333333333,0.5,0.0434782608685652,"N1-UNIQUE","E",1,0.0416666666666667,0.0833333333333333
"N1","PASS",7,"below",0.0416666666666667,0.0833333333333333,0.5,0.0434782608695552,"N1-UNIQUE","E",1,0.0416666666666667,0.0833333333333333
"N1","PASS",7,"below",0.0416666666666667,0.0833333333333333,0.5,0.0434782608695652,"N1-UNIQUE","E",1,0.0416666666666667,0.0833333333333333
"N1","PASS",7,"below",0.0416666666666667,0.0833333333333333,0.5,0.0434782608695752,"N1-UNIQUE","E",1,0.0416666666666667,0.0833333333333333
"N1","PASS",7,"below",0.0416666666666667,0.0833333333333333,0.5,0.0434782608705652,"N1-UNIQUE","E",1,0.0416666666666667,0.0833333333333333
"N1","PASS",7,"below",0.0416666666666667,0.0833333333333333,0.5,0.0434782708695652,"N1-UNIQUE","E",1,0.0416666666666667,0.0833333333333333
"N1","PASS",7,"below",0.0416666666666667,0.0833333333333333,0.5,0.0434783608695652,"N1-UNIQUE","E",1,0.0416666666666667,0.0833333333333333
"N1","PASS",7,"below",0.0416666666666667,0.0833333333333333,0.5,0.05,"N1-UNIQUE","E",1,0.0416666666666667,0.0833333333333333
"N1","PASS",7,"below",0.0416666666666667,0.0833333333333333,0.5,0.0857141857142857,"N1-UNIQUE","E",1,0.0416666666666667,0.0833333333333333
"N1","PASS",7,"below",0.0416666666666667,0.0833333333333333,0.5,0.0857142757142857,"N1-UNIQUE","E",1,0.0416666666666667,0.0833333333333333
"N1","PASS",7,"below",0.0416666666666667,0.0833333333333333,0.5,0.0857142857132857,"N1-UNIQUE","E",1,0.0416666666666667,0.0833333333333333
"N1","PASS",7,"below",0.0416666666666667,0.0833333333333333,0.5,0.0857142857142757,"N1-UNIQUE","E",1,0.0416666666666667,0.0833333333333333
"N1","PASS",7,"below",0.0416666666666667,0.0833333333333333,0.5,0.0857142857142857,"N1-UNIQUE","E",1,0.0416666666666667,0.0833333333333333
"N1","PASS",7,"below",0.0416666666666667,0.0833333333333333,0.5,0.0857142857142957,"N1-UNIQUE","E",1,0.0416666666666667,0.0833333333333333
"N1","PASS",7,"below",0.0416666666666667,0.0833333333333333,0.5,0.0857142857152857,"N1-UNIQUE","E",1,0.0416666666666667,0.0833333333333333
"N1","PASS",7,"below",0.0416666666666667,0.0833333333333333,0.5,0.0857142957142857,"N1-UNIQUE","E",1,0.0416666666666667,0.0833333333333333
"N1","PASS",7,"below",0.0416666666666667,0.0833333333333333,0.5,0.0857143857142857,"N1-UNIQUE","E",1,0.0416666666666667,0.0833333333333333
"N1","PASS",7,"below",0.0416666666666667,0.0833333333333333,0.5,0.25,"N1-UNIQUE","E",1,0.0416666666666667,0.0833333333333333
"N1","PASS",7,"below",0.0416666666666667,0.0833333333333333,0.5,0.5,"N1-UNIQUE","E",1,0.0416666666666667,0.0833333333333333
"N1","PASS",7,"below",0.0416666666666667,0.0833333333333333,0.5,0.75,"N1-UNIQUE","E",1,0.0416666666666667,0.0833333333333333
"N1","PASS",7,"below",0.0416666666666667,0.0833333333333333,0.5,0.95,"N1-UNIQUE","E",1,0.0416666666666667,0.0833333333333333
"N1","PASS",7,"below",0.0416666666666667,0.0833333333333333,0.5,0.99999999,"N1-UNIQUE","E",1,0.0416666666666667,0.0833333333333333
"N1","PASS",7,"below",0.0416666666666667,0.0833333333333333,0.5,0.999999999999,"N1-UNIQUE","E",1,0.0416666666666667,0.0833333333333333
"N1","PASS",7,"below",0.0416666666666667,0.0833333333333333,0.5,0.99999999999999,"N1-UNIQUE","E",1,0.0416666666666667,0.0833333333333333
"N1","PASS",7,"below",0.0416666666666667,0.0833333333333333,0.5,1,"N1-UNIQUE","E",1,0.0416666666666667,0.0833333333333333
"N1","PASS",7,"below",0.0416666666666667,0.0833333333333333,0.9,0,"N1-UNIQUE","E",1,0.0416666666666667,0.0833333333333333
"N1","PASS",7,"below",0.0416666666666667,0.0833333333333333,0.9,1e-14,"N1-UNIQUE","E",1,0.0416666666666667,0.0833333333333333
"N1","PASS",7,"below",0.0416666666666667,0.0833333333333333,0.9,1e-12,"N1-UNIQUE","E",1,0.0416666666666667,0.0833333333333333
"N1","PASS",7,"below",0.0416666666666667,0.0833333333333333,0.9,1e-08,"N1-UNIQUE","E",1,0.0416666666666667,0.0833333333333333
"N1","PASS",7,"below",0.0416666666666667,0.0833333333333333,0.9,0.0434781608695652,"N1-UNIQUE","E",1,0.0416666666666667,0.0833333333333333
"N1","PASS",7,"below",0.0416666666666667,0.0833333333333333,0.9,0.0434782508695652,"N1-UNIQUE","E",1,0.0416666666666667,0.0833333333333333
"N1","PASS",7,"below",0.0416666666666667,0.0833333333333333,0.9,0.0434782608685652,"N1-UNIQUE","E",1,0.0416666666666667,0.0833333333333333
"N1","PASS",7,"below",0.0416666666666667,0.0833333333333333,0.9,0.0434782608695552,"N1-UNIQUE","E",1,0.0416666666666667,0.0833333333333333
"N1","PASS",7,"below",0.0416666666666667,0.0833333333333333,0.9,0.0434782608695652,"N1-UNIQUE","E",1,0.0416666666666667,0.0833333333333333
"N1","PASS",7,"below",0.0416666666666667,0.0833333333333333,0.9,0.0434782608695752,"N1-UNIQUE","E",1,0.0416666666666667,0.0833333333333333
"N1","PASS",7,"below",0.0416666666666667,0.0833333333333333,0.9,0.0434782608705652,"N1-UNIQUE","E",1,0.0416666666666667,0.0833333333333333
"N1","PASS",7,"below",0.0416666666666667,0.0833333333333333,0.9,0.0434782708695652,"N1-UNIQUE","E",1,0.0416666666666667,0.0833333333333333
"N1","PASS",7,"below",0.0416666666666667,0.0833333333333333,0.9,0.0434783608695652,"N1-UNIQUE","E",1,0.0416666666666667,0.0833333333333333
"N1","PASS",7,"below",0.0416666666666667,0.0833333333333333,0.9,0.05,"N1-UNIQUE","E",1,0.0416666666666667,0.0833333333333333
"N1","PASS",7,"below",0.0416666666666667,0.0833333333333333,0.9,0.0731706317073171,"N1-UNIQUE","E",1,0.0416666666666667,0.0833333333333333
"N1","PASS",7,"below",0.0416666666666667,0.0833333333333333,0.9,0.0731707217073171,"N1-UNIQUE","E",1,0.0416666666666667,0.0833333333333333
"N1","PASS",7,"below",0.0416666666666667,0.0833333333333333,0.9,0.0731707317063171,"N1-UNIQUE","E",1,0.0416666666666667,0.0833333333333333
"N1","PASS",7,"below",0.0416666666666667,0.0833333333333333,0.9,0.0731707317073071,"N1-UNIQUE","E",1,0.0416666666666667,0.0833333333333333
"N1","PASS",7,"below",0.0416666666666667,0.0833333333333333,0.9,0.0731707317073171,"N1-UNIQUE","E",1,0.0416666666666667,0.0833333333333333
"N1","PASS",7,"below",0.0416666666666667,0.0833333333333333,0.9,0.0731707317073271,"N1-UNIQUE","E",1,0.0416666666666667,0.0833333333333333
"N1","PASS",7,"below",0.0416666666666667,0.0833333333333333,0.9,0.0731707317083171,"N1-UNIQUE","E",1,0.0416666666666667,0.0833333333333333
"N1","PASS",7,"below",0.0416666666666667,0.0833333333333333,0.9,0.0731707417073171,"N1-UNIQUE","E",1,0.0416666666666667,0.0833333333333333
"N1","PASS",7,"below",0.0416666666666667,0.0833333333333333,0.9,0.0731708317073171,"N1-UNIQUE","E",1,0.0416666666666667,0.0833333333333333
"N1","PASS",7,"below",0.0416666666666667,0.0833333333333333,0.9,0.219512095121951,"N1-UNIQUE","E",1,0.0416666666666667,0.0833333333333333
"N1","PASS",7,"below",0.0416666666666667,0.0833333333333333,0.9,0.219512185121951,"N1-UNIQUE","E",1,0.0416666666666667,0.0833333333333333
"N1","PASS",7,"below",0.0416666666666667,0.0833333333333333,0.9,0.219512195120951,"N1-UNIQUE","E",1,0.0416666666666667,0.0833333333333333
"N1","PASS",7,"below",0.0416666666666667,0.0833333333333333,0.9,0.219512195121941,"N1-UNIQUE","E",1,0.0416666666666667,0.0833333333333333
"N1","PASS",7,"below",0.0416666666666667,0.0833333333333333,0.9,0.219512195121951,"N1-UNIQUE","E",1,0.0416666666666667,0.0833333333333333
"N1","PASS",7,"below",0.0416666666666667,0.0833333333333333,0.9,0.219512195121961,"N1-UNIQUE","E",1,0.0416666666666667,0.0833333333333333
"N1","PASS",7,"below",0.0416666666666667,0.0833333333333333,0.9,0.219512195122951,"N1-UNIQUE","E",1,0.0416666666666667,0.0833333333333333
"N1","PASS",7,"below",0.0416666666666667,0.0833333333333333,0.9,0.219512205121951,"N1-UNIQUE","E",1,0.0416666666666667,0.0833333333333333
"N1","PASS",7,"below",0.0416666666666667,0.0833333333333333,0.9,0.219512295121951,"N1-UNIQUE","E",1,0.0416666666666667,0.0833333333333333
"N1","PASS",7,"below",0.0416666666666667,0.0833333333333333,0.9,0.25,"N1-UNIQUE","E",1,0.0416666666666667,0.0833333333333333
"N1","PASS",7,"below",0.0416666666666667,0.0833333333333333,0.9,0.5,"N1-UNIQUE","E",1,0.0416666666666667,0.0833333333333333
"N1","PASS",7,"below",0.0416666666666667,0.0833333333333333,0.9,0.75,"N1-UNIQUE","E",1,0.0416666666666667,0.0833333333333333
"N1","PASS",7,"below",0.0416666666666667,0.0833333333333333,0.9,0.95,"N1-UNIQUE","E",1,0.0416666666666667,0.0833333333333333
"N1","PASS",7,"below",0.0416666666666667,0.0833333333333333,0.9,0.99999999,"N1-UNIQUE","E",1,0.0416666666666667,0.0833333333333333
"N1","PASS",7,"below",0.0416666666666667,0.0833333333333333,0.9,0.999999999999,"N1-UNIQUE","E",1,0.0416666666666667,0.0833333333333333
"N1","PASS",7,"below",0.0416666666666667,0.0833333333333333,0.9,0.99999999999999,"N1-UNIQUE","E",1,0.0416666666666667,0.0833333333333333
"N1","PASS",7,"below",0.0416666666666667,0.0833333333333333,0.9,1,"N1-UNIQUE","E",1,0.0416666666666667,0.0833333333333333
"N1","PASS",7,"below",0.0416666666666667,0.0833333333333333,0.99,0,"N1-UNIQUE","E",1,0.0416666666666667,0.0833333333333333
"N1","PASS",7,"below",0.0416666666666667,0.0833333333333333,0.99,1e-14,"N1-UNIQUE","E",1,0.0416666666666667,0.0833333333333333
"N1","PASS",7,"below",0.0416666666666667,0.0833333333333333,0.99,1e-12,"N1-UNIQUE","E",1,0.0416666666666667,0.0833333333333333
"N1","PASS",7,"below",0.0416666666666667,0.0833333333333333,0.99,1e-08,"N1-UNIQUE","E",1,0.0416666666666667,0.0833333333333333
"N1","PASS",7,"below",0.0416666666666667,0.0833333333333333,0.99,0.0434781608695652,"N1-UNIQUE","E",1,0.0416666666666667,0.0833333333333333
"N1","PASS",7,"below",0.0416666666666667,0.0833333333333333,0.99,0.0434782508695652,"N1-UNIQUE","E",1,0.0416666666666667,0.0833333333333333
"N1","PASS",7,"below",0.0416666666666667,0.0833333333333333,0.99,0.0434782608685652,"N1-UNIQUE","E",1,0.0416666666666667,0.0833333333333333
"N1","PASS",7,"below",0.0416666666666667,0.0833333333333333,0.99,0.0434782608695552,"N1-UNIQUE","E",1,0.0416666666666667,0.0833333333333333
"N1","PASS",7,"below",0.0416666666666667,0.0833333333333333,0.99,0.0434782608695652,"N1-UNIQUE","E",1,0.0416666666666667,0.0833333333333333
"N1","PASS",7,"below",0.0416666666666667,0.0833333333333333,0.99,0.0434782608695752,"N1-UNIQUE","E",1,0.0416666666666667,0.0833333333333333
"N1","PASS",7,"below",0.0416666666666667,0.0833333333333333,0.99,0.0434782608705652,"N1-UNIQUE","E",1,0.0416666666666667,0.0833333333333333
"N1","PASS",7,"below",0.0416666666666667,0.0833333333333333,0.99,0.0434782708695652,"N1-UNIQUE","E",1,0.0416666666666667,0.0833333333333333
"N1","PASS",7,"below",0.0416666666666667,0.0833333333333333,0.99,0.0434783608695652,"N1-UNIQUE","E",1,0.0416666666666667,0.0833333333333333
"N1","PASS",7,"below",0.0416666666666667,0.0833333333333333,0.99,0.05,"N1-UNIQUE","E",1,0.0416666666666667,0.0833333333333333
"N1","PASS",7,"below",0.0416666666666667,0.0833333333333333,0.99,0.0889486870619946,"N1-UNIQUE","E",1,0.0416666666666667,0.0833333333333333
"N1","PASS",7,"below",0.0416666666666667,0.0833333333333333,0.99,0.0889487770619946,"N1-UNIQUE","E",1,0.0416666666666667,0.0833333333333333
"N1","PASS",7,"below",0.0416666666666667,0.0833333333333333,0.99,0.0889487870609946,"N1-UNIQUE","E",1,0.0416666666666667,0.0833333333333333
"N1","PASS",7,"below",0.0416666666666667,0.0833333333333333,0.99,0.0889487870619846,"N1-UNIQUE","E",1,0.0416666666666667,0.0833333333333333
"N1","PASS",7,"below",0.0416666666666667,0.0833333333333333,0.99,0.0889487870619946,"N1-UNIQUE","E",1,0.0416666666666667,0.0833333333333333
"N1","PASS",7,"below",0.0416666666666667,0.0833333333333333,0.99,0.0889487870620046,"N1-UNIQUE","E",1,0.0416666666666667,0.0833333333333333
"N1","PASS",7,"below",0.0416666666666667,0.0833333333333333,0.99,0.0889487870629946,"N1-UNIQUE","E",1,0.0416666666666667,0.0833333333333333
"N1","PASS",7,"below",0.0416666666666667,0.0833333333333333,0.99,0.0889487970619946,"N1-UNIQUE","E",1,0.0416666666666667,0.0833333333333333
"N1","PASS",7,"below",0.0416666666666667,0.0833333333333333,0.99,0.0889488870619946,"N1-UNIQUE","E",1,0.0416666666666667,0.0833333333333333
"N1","PASS",7,"below",0.0416666666666667,0.0833333333333333,0.99,0.25,"N1-UNIQUE","E",1,0.0416666666666667,0.0833333333333333
"N1","PASS",7,"below",0.0416666666666667,0.0833333333333333,0.99,0.266846261185984,"N1-UNIQUE","E",1,0.0416666666666667,0.0833333333333333
"N1","PASS",7,"below",0.0416666666666667,0.0833333333333333,0.99,0.266846351185984,"N1-UNIQUE","E",1,0.0416666666666667,0.0833333333333333
"N1","PASS",7,"below",0.0416666666666667,0.0833333333333333,0.99,0.266846361184984,"N1-UNIQUE","E",1,0.0416666666666667,0.0833333333333333
"N1","PASS",7,"below",0.0416666666666667,0.0833333333333333,0.99,0.266846361185974,"N1-UNIQUE","E",1,0.0416666666666667,0.0833333333333333
"N1","PASS",7,"below",0.0416666666666667,0.0833333333333333,0.99,0.266846361185984,"N1-UNIQUE","E",1,0.0416666666666667,0.0833333333333333
"N1","PASS",7,"below",0.0416666666666667,0.0833333333333333,0.99,0.266846361185994,"N1-UNIQUE","E",1,0.0416666666666667,0.0833333333333333
"N1","PASS",7,"below",0.0416666666666667,0.0833333333333333,0.99,0.266846361186984,"N1-UNIQUE","E",1,0.0416666666666667,0.0833333333333333
"N1","PASS",7,"below",0.0416666666666667,0.0833333333333333,0.99,0.266846371185984,"N1-UNIQUE","E",1,0.0416666666666667,0.0833333333333333
"N1","PASS",7,"below",0.0416666666666667,0.0833333333333333,0.99,0.266846461185984,"N1-UNIQUE","E",1,0.0416666666666667,0.0833333333333333
"N1","PASS",7,"below",0.0416666666666667,0.0833333333333333,0.99,0.5,"N1-UNIQUE","E",1,0.0416666666666667,0.0833333333333333
"N1","PASS",7,"below",0.0416666666666667,0.0833333333333333,0.99,0.75,"N1-UNIQUE","E",1,0.0416666666666667,0.0833333333333333
"N1","PASS",7,"below",0.0416666666666667,0.0833333333333333,0.99,0.95,"N1-UNIQUE","E",1,0.0416666666666667,0.0833333333333333
"N1","PASS",7,"below",0.0416666666666667,0.0833333333333333,0.99,0.99999999,"N1-UNIQUE","E",1,0.0416666666666667,0.0833333333333333
"N1","PASS",7,"below",0.0416666666666667,0.0833333333333333,0.99,0.999999999999,"N1-UNIQUE","E",1,0.0416666666666667,0.0833333333333333
"N1","PASS",7,"below",0.0416666666666667,0.0833333333333333,0.99,0.99999999999999,"N1-UNIQUE","E",1,0.0416666666666667,0.0833333333333333
"N1","PASS",7,"below",0.0416666666666667,0.0833333333333333,0.99,1,"N1-UNIQUE","E",1,0.0416666666666667,0.0833333333333333
"N1","PASS",7,"o1_equal_low",0.0416666666666667,0.166666666666667,0.5,0,"N1-UNIQUE","E",1,0.0416666666666667,0.166666666666667
"N1","PASS",7,"o1_equal_low",0.0416666666666667,0.166666666666667,0.5,1e-14,"N1-UNIQUE","E",1,0.0416666666666667,0.166666666666667
"N1","PASS",7,"o1_equal_low",0.0416666666666667,0.166666666666667,0.5,1e-12,"N1-UNIQUE","E",1,0.0416666666666667,0.166666666666667
"N1","PASS",7,"o1_equal_low",0.0416666666666667,0.166666666666667,0.5,1e-08,"N1-UNIQUE","E",1,0.0416666666666667,0.166666666666667
"N1","PASS",7,"o1_equal_low",0.0416666666666667,0.166666666666667,0.5,0.05,"N1-UNIQUE","E",1,0.0416666666666667,0.166666666666667
"N1","PASS",7,"o1_equal_low",0.0416666666666667,0.166666666666667,0.5,0.0857141857142857,"N1-UNIQUE","E",1,0.0416666666666667,0.166666666666667
"N1","PASS",7,"o1_equal_low",0.0416666666666667,0.166666666666667,0.5,0.0857142757142857,"N1-UNIQUE","E",1,0.0416666666666667,0.166666666666667
"N1","PASS",7,"o1_equal_low",0.0416666666666667,0.166666666666667,0.5,0.0857142857132857,"N1-UNIQUE","E",1,0.0416666666666667,0.166666666666667
"N1","PASS",7,"o1_equal_low",0.0416666666666667,0.166666666666667,0.5,0.0857142857142757,"N1-UNIQUE","E",1,0.0416666666666667,0.166666666666667
"N1","PASS",7,"o1_equal_low",0.0416666666666667,0.166666666666667,0.5,0.0857142857142857,"N1-UNIQUE","E",1,0.0416666666666667,0.166666666666667
"N1","PASS",7,"o1_equal_low",0.0416666666666667,0.166666666666667,0.5,0.0857142857142957,"N1-UNIQUE","E",1,0.0416666666666667,0.166666666666667
"N1","PASS",7,"o1_equal_low",0.0416666666666667,0.166666666666667,0.5,0.0857142857152857,"N1-UNIQUE","E",1,0.0416666666666667,0.166666666666667
"N1","PASS",7,"o1_equal_low",0.0416666666666667,0.166666666666667,0.5,0.0857142957142857,"N1-UNIQUE","E",1,0.0416666666666667,0.166666666666667
"N1","PASS",7,"o1_equal_low",0.0416666666666667,0.166666666666667,0.5,0.0857143857142857,"N1-UNIQUE","E",1,0.0416666666666667,0.166666666666667
"N1","PASS",7,"o1_equal_low",0.0416666666666667,0.166666666666667,0.5,0.130434682608696,"N1-UNIQUE","E",1,0.0416666666666667,0.166666666666667
"N1","PASS",7,"o1_equal_low",0.0416666666666667,0.166666666666667,0.5,0.130434772608696,"N1-UNIQUE","E",1,0.0416666666666667,0.166666666666667
"N1","PASS",7,"o1_equal_low",0.0416666666666667,0.166666666666667,0.5,0.130434782607696,"N1-UNIQUE","E",1,0.0416666666666667,0.166666666666667
"N1","PASS",7,"o1_equal_low",0.0416666666666667,0.166666666666667,0.5,0.130434782608686,"N1-UNIQUE","E",1,0.0416666666666667,0.166666666666667
"N1","PASS",7,"o1_equal_low",0.0416666666666667,0.166666666666667,0.5,0.130434782608696,"N1-UNIQUE","E",1,0.0416666666666667,0.166666666666667
"N1","PASS",7,"o1_equal_low",0.0416666666666667,0.166666666666667,0.5,0.130434782608706,"N1-UNIQUE","E",1,0.0416666666666667,0.166666666666667
"N1","PASS",7,"o1_equal_low",0.0416666666666667,0.166666666666667,0.5,0.130434782609696,"N1-UNIQUE","E",1,0.0416666666666667,0.166666666666667
"N1","PASS",7,"o1_equal_low",0.0416666666666667,0.166666666666667,0.5,0.130434792608696,"N1-UNIQUE","E",1,0.0416666666666667,0.166666666666667
"N1","PASS",7,"o1_equal_low",0.0416666666666667,0.166666666666667,0.5,0.130434882608696,"N1-UNIQUE","E",1,0.0416666666666667,0.166666666666667
"N1","PASS",7,"o1_equal_low",0.0416666666666667,0.166666666666667,0.5,0.25,"N1-UNIQUE","E",1,0.0416666666666667,0.166666666666667
"N1","PASS",7,"o1_equal_low",0.0416666666666667,0.166666666666667,0.5,0.333333233333333,"N1-UNIQUE","E",1,0.0416666666666667,0.166666666666667
"N1","PASS",7,"o1_equal_low",0.0416666666666667,0.166666666666667,0.5,0.333333323333333,"N1-UNIQUE","E",1,0.0416666666666667,0.166666666666667
"N1","PASS",7,"o1_equal_low",0.0416666666666667,0.166666666666667,0.5,0.333333333332333,"N1-UNIQUE","E",1,0.0416666666666667,0.166666666666667
"N1","PASS",7,"o1_equal_low",0.0416666666666667,0.166666666666667,0.5,0.333333333333323,"N1-UNIQUE","E",1,0.0416666666666667,0.166666666666667
"N1","PASS",7,"o1_equal_low",0.0416666666666667,0.166666666666667,0.5,0.333333333333333,"N1-UNIQUE","E",1,0.0416666666666667,0.166666666666667
"N1","PASS",7,"o1_equal_low",0.0416666666666667,0.166666666666667,0.5,0.333333333333343,"N1-UNIQUE","E",1,0.0416666666666667,0.166666666666667
"N1","PASS",7,"o1_equal_low",0.0416666666666667,0.166666666666667,0.5,0.333333333334333,"N1-UNIQUE","E",1,0.0416666666666667,0.166666666666667
"N1","PASS",7,"o1_equal_low",0.0416666666666667,0.166666666666667,0.5,0.333333343333333,"N1-UNIQUE","E",1,0.0416666666666667,0.166666666666667
"N1","PASS",7,"o1_equal_low",0.0416666666666667,0.166666666666667,0.5,0.333333433333333,"N1-UNIQUE","E",1,0.0416666666666667,0.166666666666667
"N1","PASS",7,"o1_equal_low",0.0416666666666667,0.166666666666667,0.5,0.5,"N1-UNIQUE","E",1,0.0416666666666667,0.166666666666667
"N1","PASS",7,"o1_equal_low",0.0416666666666667,0.166666666666667,0.5,0.75,"N1-UNIQUE","E",1,0.0416666666666667,0.166666666666667
"N1","PASS",7,"o1_equal_low",0.0416666666666667,0.166666666666667,0.5,0.95,"N1-UNIQUE","E",1,0.0416666666666667,0.166666666666667
"N1","PASS",7,"o1_equal_low",0.0416666666666667,0.166666666666667,0.5,0.99999999,"N1-UNIQUE","E",1,0.0416666666666667,0.166666666666667
"N1","PASS",7,"o1_equal_low",0.0416666666666667,0.166666666666667,0.5,0.999999999999,"N1-UNIQUE","E",1,0.0416666666666667,0.166666666666667
"N1","PASS",7,"o1_equal_low",0.0416666666666667,0.166666666666667,0.5,0.99999999999999,"N1-UNIQUE","E",1,0.0416666666666667,0.166666666666667
"N1","PASS",7,"o1_equal_low",0.0416666666666667,0.166666666666667,0.5,1,"N1-UNIQUE","E",1,0.0416666666666667,0.166666666666667
"N1","PASS",7,"o1_equal_low",0.0416666666666667,0.166666666666667,0.9,0,"N1-UNIQUE","E",1,0.0416666666666667,0.166666666666667
"N1","PASS",7,"o1_equal_low",0.0416666666666667,0.166666666666667,0.9,1e-14,"N1-UNIQUE","E",1,0.0416666666666667,0.166666666666667
"N1","PASS",7,"o1_equal_low",0.0416666666666667,0.166666666666667,0.9,1e-12,"N1-UNIQUE","E",1,0.0416666666666667,0.166666666666667
"N1","PASS",7,"o1_equal_low",0.0416666666666667,0.166666666666667,0.9,1e-08,"N1-UNIQUE","E",1,0.0416666666666667,0.166666666666667
"N1","PASS",7,"o1_equal_low",0.0416666666666667,0.166666666666667,0.9,0.05,"N1-UNIQUE","E",1,0.0416666666666667,0.166666666666667
"N1","PASS",7,"o1_equal_low",0.0416666666666667,0.166666666666667,0.9,0.130434682608696,"N1-UNIQUE","E",1,0.0416666666666667,0.166666666666667
"N1","PASS",7,"o1_equal_low",0.0416666666666667,0.166666666666667,0.9,0.130434772608696,"N1-UNIQUE","E",1,0.0416666666666667,0.166666666666667
"N1","PASS",7,"o1_equal_low",0.0416666666666667,0.166666666666667,0.9,0.130434782607696,"N1-UNIQUE","E",1,0.0416666666666667,0.166666666666667
"N1","PASS",7,"o1_equal_low",0.0416666666666667,0.166666666666667,0.9,0.130434782608686,"N1-UNIQUE","E",1,0.0416666666666667,0.166666666666667
"N1","PASS",7,"o1_equal_low",0.0416666666666667,0.166666666666667,0.9,0.130434782608696,"N1-UNIQUE","E",1,0.0416666666666667,0.166666666666667
"N1","PASS",7,"o1_equal_low",0.0416666666666667,0.166666666666667,0.9,0.130434782608706,"N1-UNIQUE","E",1,0.0416666666666667,0.166666666666667
"N1","PASS",7,"o1_equal_low",0.0416666666666667,0.166666666666667,0.9,0.130434782609696,"N1-UNIQUE","E",1,0.0416666666666667,0.166666666666667
"N1","PASS",7,"o1_equal_low",0.0416666666666667,0.166666666666667,0.9,0.130434792608696,"N1-UNIQUE","E",1,0.0416666666666667,0.166666666666667
"N1","PASS",7,"o1_equal_low",0.0416666666666667,0.166666666666667,0.9,0.130434882608696,"N1-UNIQUE","E",1,0.0416666666666667,0.166666666666667
"N1","PASS",7,"o1_equal_low",0.0416666666666667,0.166666666666667,0.9,0.219512095121951,"N1-UNIQUE","E",1,0.0416666666666667,0.166666666666667
"N1","PASS",7,"o1_equal_low",0.0416666666666667,0.166666666666667,0.9,0.219512185121951,"N1-UNIQUE","E",1,0.0416666666666667,0.166666666666667
"N1","PASS",7,"o1_equal_low",0.0416666666666667,0.166666666666667,0.9,0.219512195120951,"N1-UNIQUE","E",1,0.0416666666666667,0.166666666666667
"N1","PASS",7,"o1_equal_low",0.0416666666666667,0.166666666666667,0.9,0.219512195121941,"N1-UNIQUE","E",1,0.0416666666666667,0.166666666666667
"N1","PASS",7,"o1_equal_low",0.0416666666666667,0.166666666666667,0.9,0.219512195121951,"N1-UNIQUE","E",1,0.0416666666666667,0.166666666666667
"N1","PASS",7,"o1_equal_low",0.0416666666666667,0.166666666666667,0.9,0.219512195121961,"N1-UNIQUE","E",1,0.0416666666666667,0.166666666666667
"N1","PASS",7,"o1_equal_low",0.0416666666666667,0.166666666666667,0.9,0.219512195122951,"N1-UNIQUE","E",1,0.0416666666666667,0.166666666666667
"N1","PASS",7,"o1_equal_low",0.0416666666666667,0.166666666666667,0.9,0.219512205121951,"N1-UNIQUE","E",1,0.0416666666666667,0.166666666666667
"N1","PASS",7,"o1_equal_low",0.0416666666666667,0.166666666666667,0.9,0.219512295121951,"N1-UNIQUE","E",1,0.0416666666666667,0.166666666666667
"N1","PASS",7,"o1_equal_low",0.0416666666666667,0.166666666666667,0.9,0.25,"N1-UNIQUE","E",1,0.0416666666666667,0.166666666666667
"N1","PASS",7,"o1_equal_low",0.0416666666666667,0.166666666666667,0.9,0.5,"N1-UNIQUE","E",1,0.0416666666666667,0.166666666666667
"N1","PASS",7,"o1_equal_low",0.0416666666666667,0.166666666666667,0.9,0.75,"N1-UNIQUE","E",1,0.0416666666666667,0.166666666666667
"N1","PASS",7,"o1_equal_low",0.0416666666666667,0.166666666666667,0.9,0.866666566666667,"N1-UNIQUE","E",1,0.0416666666666667,0.166666666666667
"N1","PASS",7,"o1_equal_low",0.0416666666666667,0.166666666666667,0.9,0.866666656666667,"N1-UNIQUE","E",1,0.0416666666666667,0.166666666666667
"N1","PASS",7,"o1_equal_low",0.0416666666666667,0.166666666666667,0.9,0.866666666665667,"N1-UNIQUE","E",1,0.0416666666666667,0.166666666666667
"N1","PASS",7,"o1_equal_low",0.0416666666666667,0.166666666666667,0.9,0.866666666666657,"N1-UNIQUE","E",1,0.0416666666666667,0.166666666666667
"N1","PASS",7,"o1_equal_low",0.0416666666666667,0.166666666666667,0.9,0.866666666666667,"N1-UNIQUE","E",1,0.0416666666666667,0.166666666666667
"N1","PASS",7,"o1_equal_low",0.0416666666666667,0.166666666666667,0.9,0.866666666666677,"N1-UNIQUE","E",1,0.0416666666666667,0.166666666666667
"N1","PASS",7,"o1_equal_low",0.0416666666666667,0.166666666666667,0.9,0.866666666667667,"N1-UNIQUE","E",1,0.0416666666666667,0.166666666666667
"N1","PASS",7,"o1_equal_low",0.0416666666666667,0.166666666666667,0.9,0.866666676666667,"N1-UNIQUE","E",1,0.0416666666666667,0.166666666666667
"N1","PASS",7,"o1_equal_low",0.0416666666666667,0.166666666666667,0.9,0.866666766666667,"N1-UNIQUE","E",1,0.0416666666666667,0.166666666666667
"N1","PASS",7,"o1_equal_low",0.0416666666666667,0.166666666666667,0.9,0.95,"N1-UNIQUE","E",1,0.0416666666666667,0.166666666666667
"N1","PASS",7,"o1_equal_low",0.0416666666666667,0.166666666666667,0.9,0.99999999,"N1-UNIQUE","E",1,0.0416666666666667,0.166666666666667
"N1","PASS",7,"o1_equal_low",0.0416666666666667,0.166666666666667,0.9,0.999999999999,"N1-UNIQUE","E",1,0.0416666666666667,0.166666666666667
"N1","PASS",7,"o1_equal_low",0.0416666666666667,0.166666666666667,0.9,0.99999999999999,"N1-UNIQUE","E",1,0.0416666666666667,0.166666666666667
"N1","PASS",7,"o1_equal_low",0.0416666666666667,0.166666666666667,0.9,1,"N1-UNIQUE","E",1,0.0416666666666667,0.166666666666667
"N1","PASS",7,"o1_equal_low",0.0416666666666667,0.166666666666667,0.99,0,"N1-UNIQUE","E",1,0.0416666666666667,0.166666666666667
"N1","PASS",7,"o1_equal_low",0.0416666666666667,0.166666666666667,0.99,1e-14,"N1-UNIQUE","E",1,0.0416666666666667,0.166666666666667
"N1","PASS",7,"o1_equal_low",0.0416666666666667,0.166666666666667,0.99,1e-12,"N1-UNIQUE","E",1,0.0416666666666667,0.166666666666667
"N1","PASS",7,"o1_equal_low",0.0416666666666667,0.166666666666667,0.99,1e-08,"N1-UNIQUE","E",1,0.0416666666666667,0.166666666666667
"N1","PASS",7,"o1_equal_low",0.0416666666666667,0.166666666666667,0.99,0.05,"N1-UNIQUE","E",1,0.0416666666666667,0.166666666666667
"N1","PASS",7,"o1_equal_low",0.0416666666666667,0.166666666666667,0.99,0.130434682608696,"N1-UNIQUE","E",1,0.0416666666666667,0.166666666666667
"N1","PASS",7,"o1_equal_low",0.0416666666666667,0.166666666666667,0.99,0.130434772608696,"N1-UNIQUE","E",1,0.0416666666666667,0.166666666666667
"N1","PASS",7,"o1_equal_low",0.0416666666666667,0.166666666666667,0.99,0.130434782607696,"N1-UNIQUE","E",1,0.0416666666666667,0.166666666666667
"N1","PASS",7,"o1_equal_low",0.0416666666666667,0.166666666666667,0.99,0.130434782608686,"N1-UNIQUE","E",1,0.0416666666666667,0.166666666666667
"N1","PASS",7,"o1_equal_low",0.0416666666666667,0.166666666666667,0.99,0.130434782608696,"N1-UNIQUE","E",1,0.0416666666666667,0.166666666666667
"N1","PASS",7,"o1_equal_low",0.0416666666666667,0.166666666666667,0.99,0.130434782608706,"N1-UNIQUE","E",1,0.0416666666666667,0.166666666666667
"N1","PASS",7,"o1_equal_low",0.0416666666666667,0.166666666666667,0.99,0.130434782609696,"N1-UNIQUE","E",1,0.0416666666666667,0.166666666666667
"N1","PASS",7,"o1_equal_low",0.0416666666666667,0.166666666666667,0.99,0.130434792608696,"N1-UNIQUE","E",1,0.0416666666666667,0.166666666666667
"N1","PASS",7,"o1_equal_low",0.0416666666666667,0.166666666666667,0.99,0.130434882608696,"N1-UNIQUE","E",1,0.0416666666666667,0.166666666666667
"N1","PASS",7,"o1_equal_low",0.0416666666666667,0.166666666666667,0.99,0.25,"N1-UNIQUE","E",1,0.0416666666666667,0.166666666666667
"N1","PASS",7,"o1_equal_low",0.0416666666666667,0.166666666666667,0.99,0.266846261185984,"N1-UNIQUE","E",1,0.0416666666666667,0.166666666666667
"N1","PASS",7,"o1_equal_low",0.0416666666666667,0.166666666666667,0.99,0.266846351185984,"N1-UNIQUE","E",1,0.0416666666666667,0.166666666666667
"N1","PASS",7,"o1_equal_low",0.0416666666666667,0.166666666666667,0.99,0.266846361184984,"N1-UNIQUE","E",1,0.0416666666666667,0.166666666666667
"N1","PASS",7,"o1_equal_low",0.0416666666666667,0.166666666666667,0.99,0.266846361185974,"N1-UNIQUE","E",1,0.0416666666666667,0.166666666666667
"N1","PASS",7,"o1_equal_low",0.0416666666666667,0.166666666666667,0.99,0.266846361185984,"N1-UNIQUE","E",1,0.0416666666666667,0.166666666666667
"N1","PASS",7,"o1_equal_low",0.0416666666666667,0.166666666666667,0.99,0.266846361185994,"N1-UNIQUE","E",1,0.0416666666666667,0.166666666666667
"N1","PASS",7,"o1_equal_low",0.0416666666666667,0.166666666666667,0.99,0.266846361186984,"N1-UNIQUE","E",1,0.0416666666666667,0.166666666666667
"N1","PASS",7,"o1_equal_low",0.0416666666666667,0.166666666666667,0.99,0.266846371185984,"N1-UNIQUE","E",1,0.0416666666666667,0.166666666666667
"N1","PASS",7,"o1_equal_low",0.0416666666666667,0.166666666666667,0.99,0.266846461185984,"N1-UNIQUE","E",1,0.0416666666666667,0.166666666666667
"N1","PASS",7,"o1_equal_low",0.0416666666666667,0.166666666666667,0.99,0.5,"N1-UNIQUE","E",1,0.0416666666666667,0.166666666666667
"N1","PASS",7,"o1_equal_low",0.0416666666666667,0.166666666666667,0.99,0.75,"N1-UNIQUE","E",1,0.0416666666666667,0.166666666666667
"N1","PASS",7,"o1_equal_low",0.0416666666666667,0.166666666666667,0.99,0.95,"N1-UNIQUE","E",1,0.0416666666666667,0.166666666666667
"N1","PASS",7,"o1_equal_low",0.0416666666666667,0.166666666666667,0.99,0.986666566666667,"N1-UNIQUE","E",1,0.0416666666666667,0.166666666666667
"N1","PASS",7,"o1_equal_low",0.0416666666666667,0.166666666666667,0.99,0.986666656666667,"N1-UNIQUE","E",1,0.0416666666666667,0.166666666666667
"N1","PASS",7,"o1_equal_low",0.0416666666666667,0.166666666666667,0.99,0.986666666665667,"N1-UNIQUE","E",1,0.0416666666666667,0.166666666666667
"N1","PASS",7,"o1_equal_low",0.0416666666666667,0.166666666666667,0.99,0.986666666666657,"N1-UNIQUE","E",1,0.0416666666666667,0.166666666666667
"N1","PASS",7,"o1_equal_low",0.0416666666666667,0.166666666666667,0.99,0.986666666666667,"N1-UNIQUE","E",1,0.0416666666666667,0.166666666666667
"N1","PASS",7,"o1_equal_low",0.0416666666666667,0.166666666666667,0.99,0.986666666666677,"N1-UNIQUE","E",1,0.0416666666666667,0.166666666666667
"N1","PASS",7,"o1_equal_low",0.0416666666666667,0.166666666666667,0.99,0.986666666667667,"N1-UNIQUE","E",1,0.0416666666666667,0.166666666666667
"N1","PASS",7,"o1_equal_low",0.0416666666666667,0.166666666666667,0.99,0.986666676666667,"N1-UNIQUE","E",1,0.0416666666666667,0.166666666666667
"N1","PASS",7,"o1_equal_low",0.0416666666666667,0.166666666666667,0.99,0.986666766666667,"N1-UNIQUE","E",1,0.0416666666666667,0.166666666666667
"N1","PASS",7,"o1_equal_low",0.0416666666666667,0.166666666666667,0.99,0.99999999,"N1-UNIQUE","E",1,0.0416666666666667,0.166666666666667
"N1","PASS",7,"o1_equal_low",0.0416666666666667,0.166666666666667,0.99,0.999999999999,"N1-UNIQUE","E",1,0.0416666666666667,0.166666666666667
"N1","PASS",7,"o1_equal_low",0.0416666666666667,0.166666666666667,0.99,0.99999999999999,"N1-UNIQUE","E",1,0.0416666666666667,0.166666666666667
"N1","PASS",7,"o1_equal_low",0.0416666666666667,0.166666666666667,0.99,1,"N1-UNIQUE","E",1,0.0416666666666667,0.166666666666667
"N1","PASS",7,"o1_equal_mid",0.0833333333333333,0.166666666666667,0.5,0,"N1-UNIQUE","E",1,0.0833333333333333,0.166666666666667
"N1","PASS",7,"o1_equal_mid",0.0833333333333333,0.166666666666667,0.5,1e-14,"N1-UNIQUE","E",1,0.0833333333333333,0.166666666666667
"N1","PASS",7,"o1_equal_mid",0.0833333333333333,0.166666666666667,0.5,1e-12,"N1-UNIQUE","E",1,0.0833333333333333,0.166666666666667
"N1","PASS",7,"o1_equal_mid",0.0833333333333333,0.166666666666667,0.5,1e-08,"N1-UNIQUE","E",1,0.0833333333333333,0.166666666666667
"N1","PASS",7,"o1_equal_mid",0.0833333333333333,0.166666666666667,0.5,1e-07,"N1-UNIQUE","E",1,0.0833333333333333,0.166666666666667
"N1","PASS",7,"o1_equal_mid",0.0833333333333333,0.166666666666667,0.5,0.05,"N1-UNIQUE","E",1,0.0833333333333333,0.166666666666667
"N1","PASS",7,"o1_equal_mid",0.0833333333333333,0.166666666666667,0.5,0.0588234294117647,"N1-UNIQUE","E",1,0.0833333333333333,0.166666666666667
"N1","PASS",7,"o1_equal_mid",0.0833333333333333,0.166666666666667,0.5,0.0588235194117647,"N1-UNIQUE","E",1,0.0833333333333333,0.166666666666667
"N1","PASS",7,"o1_equal_mid",0.0833333333333333,0.166666666666667,0.5,0.0588235294107647,"N1-UNIQUE","E",1,0.0833333333333333,0.166666666666667
"N1","PASS",7,"o1_equal_mid",0.0833333333333333,0.166666666666667,0.5,0.0588235294117547,"N1-UNIQUE","E",1,0.0833333333333333,0.166666666666667
"N1","PASS",7,"o1_equal_mid",0.0833333333333333,0.166666666666667,0.5,0.0588235294117647,"N1-UNIQUE","E",1,0.0833333333333333,0.166666666666667
"N1","PASS",7,"o1_equal_mid",0.0833333333333333,0.166666666666667,0.5,0.0588235294117747,"N1-UNIQUE","E",1,0.0833333333333333,0.166666666666667
"N1","PASS",7,"o1_equal_mid",0.0833333333333333,0.166666666666667,0.5,0.0588235294127647,"N1-UNIQUE","E",1,0.0833333333333333,0.166666666666667
"N1","PASS",7,"o1_equal_mid",0.0833333333333333,0.166666666666667,0.5,0.0588235394117647,"N1-UNIQUE","E",1,0.0833333333333333,0.166666666666667
"N1","PASS",7,"o1_equal_mid",0.0833333333333333,0.166666666666667,0.5,0.0588236294117647,"N1-UNIQUE","E",1,0.0833333333333333,0.166666666666667
"N1","PASS",7,"o1_equal_mid",0.0833333333333333,0.166666666666667,0.5,0.0909089909090909,"N1-UNIQUE","E",1,0.0833333333333333,0.166666666666667
"N1","PASS",7,"o1_equal_mid",0.0833333333333333,0.166666666666667,0.5,0.0909090809090909,"N1-UNIQUE","E",1,0.0833333333333333,0.166666666666667
"N1","PASS",7,"o1_equal_mid",0.0833333333333333,0.166666666666667,0.5,0.0909090909080909,"N1-UNIQUE","E",1,0.0833333333333333,0.166666666666667
"N1","PASS",7,"o1_equal_mid",0.0833333333333333,0.166666666666667,0.5,0.0909090909090809,"N1-UNIQUE","E",1,0.0833333333333333,0.166666666666667
"N1","PASS",7,"o1_equal_mid",0.0833333333333333,0.166666666666667,0.5,0.0909090909090909,"N1-UNIQUE","E",1,0.0833333333333333,0.166666666666667
"N1","PASS",7,"o1_equal_mid",0.0833333333333333,0.166666666666667,0.5,0.0909090909091009,"N1-UNIQUE","E",1,0.0833333333333333,0.166666666666667
"N1","PASS",7,"o1_equal_mid",0.0833333333333333,0.166666666666667,0.5,0.0909090909100909,"N1-UNIQUE","E",1,0.0833333333333333,0.166666666666667
"N1","PASS",7,"o1_equal_mid",0.0833333333333333,0.166666666666667,0.5,0.0909091009090909,"N1-UNIQUE","E",1,0.0833333333333333,0.166666666666667
"N1","PASS",7,"o1_equal_mid",0.0833333333333333,0.166666666666667,0.5,0.0909091909090909,"N1-UNIQUE","E",1,0.0833333333333333,0.166666666666667
"N1","PASS",7,"o1_equal_mid",0.0833333333333333,0.166666666666667,0.5,0.25,"N1-UNIQUE","E",1,0.0833333333333333,0.166666666666667
"N1","PASS",7,"o1_equal_mid",0.0833333333333333,0.166666666666667,0.5,0.5,"N1-UNIQUE","E",1,0.0833333333333333,0.166666666666667
"N1","PASS",7,"o1_equal_mid",0.0833333333333333,0.166666666666667,0.5,0.75,"N1-UNIQUE","E",1,0.0833333333333333,0.166666666666667
"N1","PASS",7,"o1_equal_mid",0.0833333333333333,0.166666666666667,0.5,0.95,"N1-UNIQUE","E",1,0.0833333333333333,0.166666666666667
"N1","PASS",7,"o1_equal_mid",0.0833333333333333,0.166666666666667,0.5,0.99999999,"N1-UNIQUE","E",1,0.0833333333333333,0.166666666666667
"N1","PASS",7,"o1_equal_mid",0.0833333333333333,0.166666666666667,0.5,0.999999999999,"N1-UNIQUE","E",1,0.0833333333333333,0.166666666666667
"N1","PASS",7,"o1_equal_mid",0.0833333333333333,0.166666666666667,0.5,0.99999999999999,"N1-UNIQUE","E",1,0.0833333333333333,0.166666666666667
"N1","PASS",7,"o1_equal_mid",0.0833333333333333,0.166666666666667,0.5,1,"N1-UNIQUE","E",1,0.0833333333333333,0.166666666666667
"N1","PASS",7,"o1_equal_mid",0.0833333333333333,0.166666666666667,0.9,0,"N1-UNIQUE","E",1,0.0833333333333333,0.166666666666667
"N1","PASS",7,"o1_equal_mid",0.0833333333333333,0.166666666666667,0.9,1e-14,"N1-UNIQUE","E",1,0.0833333333333333,0.166666666666667
"N1","PASS",7,"o1_equal_mid",0.0833333333333333,0.166666666666667,0.9,1e-12,"N1-UNIQUE","E",1,0.0833333333333333,0.166666666666667
"N1","PASS",7,"o1_equal_mid",0.0833333333333333,0.166666666666667,0.9,1e-08,"N1-UNIQUE","E",1,0.0833333333333333,0.166666666666667
"N1","PASS",7,"o1_equal_mid",0.0833333333333333,0.166666666666667,0.9,0.05,"N1-UNIQUE","E",1,0.0833333333333333,0.166666666666667
"N1","PASS",7,"o1_equal_mid",0.0833333333333333,0.166666666666667,0.9,0.0909089909090909,"N1-UNIQUE","E",1,0.0833333333333333,0.166666666666667
"N1","PASS",7,"o1_equal_mid",0.0833333333333333,0.166666666666667,0.9,0.0909090809090909,"N1-UNIQUE","E",1,0.0833333333333333,0.166666666666667
"N1","PASS",7,"o1_equal_mid",0.0833333333333333,0.166666666666667,0.9,0.0909090909080909,"N1-UNIQUE","E",1,0.0833333333333333,0.166666666666667
"N1","PASS",7,"o1_equal_mid",0.0833333333333333,0.166666666666667,0.9,0.0909090909090809,"N1-UNIQUE","E",1,0.0833333333333333,0.166666666666667
"N1","PASS",7,"o1_equal_mid",0.0833333333333333,0.166666666666667,0.9,0.0909090909090909,"N1-UNIQUE","E",1,0.0833333333333333,0.166666666666667
"N1","PASS",7,"o1_equal_mid",0.0833333333333333,0.166666666666667,0.9,0.0909090909091009,"N1-UNIQUE","E",1,0.0833333333333333,0.166666666666667
"N1","PASS",7,"o1_equal_mid",0.0833333333333333,0.166666666666667,0.9,0.0909090909100909,"N1-UNIQUE","E",1,0.0833333333333333,0.166666666666667
"N1","PASS",7,"o1_equal_mid",0.0833333333333333,0.166666666666667,0.9,0.0909091009090909,"N1-UNIQUE","E",1,0.0833333333333333,0.166666666666667
"N1","PASS",7,"o1_equal_mid",0.0833333333333333,0.166666666666667,0.9,0.0909091909090909,"N1-UNIQUE","E",1,0.0833333333333333,0.166666666666667
"N1","PASS",7,"o1_equal_mid",0.0833333333333333,0.166666666666667,0.9,0.157894636842105,"N1-UNIQUE","E",1,0.0833333333333333,0.166666666666667
"N1","PASS",7,"o1_equal_mid",0.0833333333333333,0.166666666666667,0.9,0.157894726842105,"N1-UNIQUE","E",1,0.0833333333333333,0.166666666666667
"N1","PASS",7,"o1_equal_mid",0.0833333333333333,0.166666666666667,0.9,0.157894736841105,"N1-UNIQUE","E",1,0.0833333333333333,0.166666666666667
"N1","PASS",7,"o1_equal_mid",0.0833333333333333,0.166666666666667,0.9,0.157894736842095,"N1-UNIQUE","E",1,0.0833333333333333,0.166666666666667
"N1","PASS",7,"o1_equal_mid",0.0833333333333333,0.166666666666667,0.9,0.157894736842105,"N1-UNIQUE","E",1,0.0833333333333333,0.166666666666667
"N1","PASS",7,"o1_equal_mid",0.0833333333333333,0.166666666666667,0.9,0.157894736842115,"N1-UNIQUE","E",1,0.0833333333333333,0.166666666666667
"N1","PASS",7,"o1_equal_mid",0.0833333333333333,0.166666666666667,0.9,0.157894736843105,"N1-UNIQUE","E",1,0.0833333333333333,0.166666666666667
"N1","PASS",7,"o1_equal_mid",0.0833333333333333,0.166666666666667,0.9,0.157894746842105,"N1-UNIQUE","E",1,0.0833333333333333,0.166666666666667
"N1","PASS",7,"o1_equal_mid",0.0833333333333333,0.166666666666667,0.9,0.157894836842105,"N1-UNIQUE","E",1,0.0833333333333333,0.166666666666667
"N1","PASS",7,"o1_equal_mid",0.0833333333333333,0.166666666666667,0.9,0.25,"N1-UNIQUE","E",1,0.0833333333333333,0.166666666666667
"N1","PASS",7,"o1_equal_mid",0.0833333333333333,0.166666666666667,0.9,0.5,"N1-UNIQUE","E",1,0.0833333333333333,0.166666666666667
"N1","PASS",7,"o1_equal_mid",0.0833333333333333,0.166666666666667,0.9,0.75,"N1-UNIQUE","E",1,0.0833333333333333,0.166666666666667
"N1","PASS",7,"o1_equal_mid",0.0833333333333333,0.166666666666667,0.9,0.7999999,"N1-UNIQUE","E",1,0.0833333333333333,0.166666666666667
"N1","PASS",7,"o1_equal_mid",0.0833333333333333,0.166666666666667,0.9,0.79999999,"N1-UNIQUE","E",1,0.0833333333333333,0.166666666666667
"N1","PASS",7,"o1_equal_mid",0.0833333333333333,0.166666666666667,0.9,0.799999999999,"N1-UNIQUE","E",1,0.0833333333333333,0.166666666666667
"N1","PASS",7,"o1_equal_mid",0.0833333333333333,0.166666666666667,0.9,0.79999999999999,"N1-UNIQUE","E",1,0.0833333333333333,0.166666666666667
"N1","PASS",7,"o1_equal_mid",0.0833333333333333,0.166666666666667,0.9,0.8,"N1-UNIQUE","E",1,0.0833333333333333,0.166666666666667
"N1","PASS",7,"o1_equal_mid",0.0833333333333333,0.166666666666667,0.9,0.80000000000001,"N1-UNIQUE","E",1,0.0833333333333333,0.166666666666667
"N1","PASS",7,"o1_equal_mid",0.0833333333333333,0.166666666666667,0.9,0.800000000001,"N1-UNIQUE","E",1,0.0833333333333333,0.166666666666667
"N1","PASS",7,"o1_equal_mid",0.0833333333333333,0.166666666666667,0.9,0.80000001,"N1-UNIQUE","E",1,0.0833333333333333,0.166666666666667
"N1","PASS",7,"o1_equal_mid",0.0833333333333333,0.166666666666667,0.9,0.8000001,"N1-UNIQUE","E",1,0.0833333333333333,0.166666666666667
"N1","PASS",7,"o1_equal_mid",0.0833333333333333,0.166666666666667,0.9,0.95,"N1-UNIQUE","E",1,0.0833333333333333,0.166666666666667
"N1","PASS",7,"o1_equal_mid",0.0833333333333333,0.166666666666667,0.9,0.99999999,"N1-UNIQUE","E",1,0.0833333333333333,0.166666666666667
"N1","PASS",7,"o1_equal_mid",0.0833333333333333,0.166666666666667,0.9,0.999999999999,"N1-UNIQUE","E",1,0.0833333333333333,0.166666666666667
"N1","PASS",7,"o1_equal_mid",0.0833333333333333,0.166666666666667,0.9,0.99999999999999,"N1-UNIQUE","E",1,0.0833333333333333,0.166666666666667
"N1","PASS",7,"o1_equal_mid",0.0833333333333333,0.166666666666667,0.9,1,"N1-UNIQUE","E",1,0.0833333333333333,0.166666666666667
"N1","PASS",7,"o1_equal_mid",0.0833333333333333,0.166666666666667,0.99,0,"N1-UNIQUE","E",1,0.0833333333333333,0.166666666666667
"N1","PASS",7,"o1_equal_mid",0.0833333333333333,0.166666666666667,0.99,1e-14,"N1-UNIQUE","E",1,0.0833333333333333,0.166666666666667
"N1","PASS",7,"o1_equal_mid",0.0833333333333333,0.166666666666667,0.99,1e-12,"N1-UNIQUE","E",1,0.0833333333333333,0.166666666666667
"N1","PASS",7,"o1_equal_mid",0.0833333333333333,0.166666666666667,0.99,1e-08,"N1-UNIQUE","E",1,0.0833333333333333,0.166666666666667
"N1","PASS",7,"o1_equal_mid",0.0833333333333333,0.166666666666667,0.99,0.05,"N1-UNIQUE","E",1,0.0833333333333333,0.166666666666667
"N1","PASS",7,"o1_equal_mid",0.0833333333333333,0.166666666666667,0.99,0.0909089909090909,"N1-UNIQUE","E",1,0.0833333333333333,0.166666666666667
"N1","PASS",7,"o1_equal_mid",0.0833333333333333,0.166666666666667,0.99,0.0909090809090909,"N1-UNIQUE","E",1,0.0833333333333333,0.166666666666667
"N1","PASS",7,"o1_equal_mid",0.0833333333333333,0.166666666666667,0.99,0.0909090909080909,"N1-UNIQUE","E",1,0.0833333333333333,0.166666666666667
"N1","PASS",7,"o1_equal_mid",0.0833333333333333,0.166666666666667,0.99,0.0909090909090809,"N1-UNIQUE","E",1,0.0833333333333333,0.166666666666667
"N1","PASS",7,"o1_equal_mid",0.0833333333333333,0.166666666666667,0.99,0.0909090909090909,"N1-UNIQUE","E",1,0.0833333333333333,0.166666666666667
"N1","PASS",7,"o1_equal_mid",0.0833333333333333,0.166666666666667,0.99,0.0909090909091009,"N1-UNIQUE","E",1,0.0833333333333333,0.166666666666667
"N1","PASS",7,"o1_equal_mid",0.0833333333333333,0.166666666666667,0.99,0.0909090909100909,"N1-UNIQUE","E",1,0.0833333333333333,0.166666666666667
"N1","PASS",7,"o1_equal_mid",0.0833333333333333,0.166666666666667,0.99,0.0909091009090909,"N1-UNIQUE","E",1,0.0833333333333333,0.166666666666667
"N1","PASS",7,"o1_equal_mid",0.0833333333333333,0.166666666666667,0.99,0.0909091909090909,"N1-UNIQUE","E",1,0.0833333333333333,0.166666666666667
"N1","PASS",7,"o1_equal_mid",0.0833333333333333,0.166666666666667,0.99,0.195266172189349,"N1-UNIQUE","E",1,0.0833333333333333,0.166666666666667
"N1","PASS",7,"o1_equal_mid",0.0833333333333333,0.166666666666667,0.99,0.195266262189349,"N1-UNIQUE","E",1,0.0833333333333333,0.166666666666667
"N1","PASS",7,"o1_equal_mid",0.0833333333333333,0.166666666666667,0.99,0.195266272188349,"N1-UNIQUE","E",1,0.0833333333333333,0.166666666666667
"N1","PASS",7,"o1_equal_mid",0.0833333333333333,0.166666666666667,0.99,0.195266272189339,"N1-UNIQUE","E",1,0.0833333333333333,0.166666666666667
"N1","PASS",7,"o1_equal_mid",0.0833333333333333,0.166666666666667,0.99,0.195266272189349,"N1-UNIQUE","E",1,0.0833333333333333,0.166666666666667
"N1","PASS",7,"o1_equal_mid",0.0833333333333333,0.166666666666667,0.99,0.195266272189359,"N1-UNIQUE","E",1,0.0833333333333333,0.166666666666667
"N1","PASS",7,"o1_equal_mid",0.0833333333333333,0.166666666666667,0.99,0.195266272190349,"N1-UNIQUE","E",1,0.0833333333333333,0.166666666666667
"N1","PASS",7,"o1_equal_mid",0.0833333333333333,0.166666666666667,0.99,0.195266282189349,"N1-UNIQUE","E",1,0.0833333333333333,0.166666666666667
"N1","PASS",7,"o1_equal_mid",0.0833333333333333,0.166666666666667,0.99,0.195266372189349,"N1-UNIQUE","E",1,0.0833333333333333,0.166666666666667
"N1","PASS",7,"o1_equal_mid",0.0833333333333333,0.166666666666667,0.99,0.25,"N1-UNIQUE","E",1,0.0833333333333333,0.166666666666667
"N1","PASS",7,"o1_equal_mid",0.0833333333333333,0.166666666666667,0.99,0.5,"N1-UNIQUE","E",1,0.0833333333333333,0.166666666666667
"N1","PASS",7,"o1_equal_mid",0.0833333333333333,0.166666666666667,0.99,0.75,"N1-UNIQUE","E",1,0.0833333333333333,0.166666666666667
"N1","PASS",7,"o1_equal_mid",0.0833333333333333,0.166666666666667,0.99,0.95,"N1-UNIQUE","E",1,0.0833333333333333,0.166666666666667
"N1","PASS",7,"o1_equal_mid",0.0833333333333333,0.166666666666667,0.99,0.9799999,"N1-UNIQUE","E",1,0.0833333333333333,0.166666666666667
"N1","PASS",7,"o1_equal_mid",0.0833333333333333,0.166666666666667,0.99,0.97999999,"N1-UNIQUE","E",1,0.0833333333333333,0.166666666666667
"N1","PASS",7,"o1_equal_mid",0.0833333333333333,0.166666666666667,0.99,0.979999999999,"N1-UNIQUE","E",1,0.0833333333333333,0.166666666666667
"N1","PASS",7,"o1_equal_mid",0.0833333333333333,0.166666666666667,0.99,0.97999999999999,"N1-UNIQUE","E",1,0.0833333333333333,0.166666666666667
"N1","PASS",7,"o1_equal_mid",0.0833333333333333,0.166666666666667,0.99,0.98,"N1-UNIQUE","E",1,0.0833333333333333,0.166666666666667
"N1","PASS",7,"o1_equal_mid",0.0833333333333333,0.166666666666667,0.99,0.98000000000001,"N1-UNIQUE","E",1,0.0833333333333333,0.166666666666667
"N1","PASS",7,"o1_equal_mid",0.0833333333333333,0.166666666666667,0.99,0.980000000001,"N1-UNIQUE","E",1,0.0833333333333333,0.166666666666667
"N1","PASS",7,"o1_equal_mid",0.0833333333333333,0.166666666666667,0.99,0.98000001,"N1-UNIQUE","E",1,0.0833333333333333,0.166666666666667
"N1","PASS",7,"o1_equal_mid",0.0833333333333333,0.166666666666667,0.99,0.9800001,"N1-UNIQUE","E",1,0.0833333333333333,0.166666666666667
"N1","PASS",7,"o1_equal_mid",0.0833333333333333,0.166666666666667,0.99,0.99999999,"N1-UNIQUE","E",1,0.0833333333333333,0.166666666666667
"N1","PASS",7,"o1_equal_mid",0.0833333333333333,0.166666666666667,0.99,0.999999999999,"N1-UNIQUE","E",1,0.0833333333333333,0.166666666666667
"N1","PASS",7,"o1_equal_mid",0.0833333333333333,0.166666666666667,0.99,0.99999999999999,"N1-UNIQUE","E",1,0.0833333333333333,0.166666666666667
"N1","PASS",7,"o1_equal_mid",0.0833333333333333,0.166666666666667,0.99,1,"N1-UNIQUE","E",1,0.0833333333333333,0.166666666666667
"N1","PASS",7,"cross",0.0833333333333333,0.375,0.5,0,"N1-UNIQUE","E",1,0.0833333333333333,0.375
"N1","PASS",7,"cross",0.0833333333333333,0.375,0.5,1e-14,"N1-UNIQUE","E",1,0.0833333333333333,0.375
"N1","PASS",7,"cross",0.0833333333333333,0.375,0.5,1e-12,"N1-UNIQUE","E",1,0.0833333333333333,0.375
"N1","PASS",7,"cross",0.0833333333333333,0.375,0.5,1e-08,"N1-UNIQUE","E",1,0.0833333333333333,0.375
"N1","PASS",7,"cross",0.0833333333333333,0.375,0.5,0.05,"N1-UNIQUE","E",1,0.0833333333333333,0.375
"N1","PASS",7,"cross",0.0833333333333333,0.375,0.5,0.0588234294117647,"N1-UNIQUE","E",1,0.0833333333333333,0.375
"N1","PASS",7,"cross",0.0833333333333333,0.375,0.5,0.0588235194117647,"N1-UNIQUE","E",1,0.0833333333333333,0.375
"N1","PASS",7,"cross",0.0833333333333333,0.375,0.5,0.0588235294107647,"N1-UNIQUE","E",1,0.0833333333333333,0.375
"N1","PASS",7,"cross",0.0833333333333333,0.375,0.5,0.0588235294117547,"N1-UNIQUE","E",1,0.0833333333333333,0.375
"N1","PASS",7,"cross",0.0833333333333333,0.375,0.5,0.0588235294117647,"N1-UNIQUE","E",1,0.0833333333333333,0.375
"N1","PASS",7,"cross",0.0833333333333333,0.375,0.5,0.0588235294117747,"N1-UNIQUE","E",1,0.0833333333333333,0.375
"N1","PASS",7,"cross",0.0833333333333333,0.375,0.5,0.0588235294127647,"N1-UNIQUE","E",1,0.0833333333333333,0.375
"N1","PASS",7,"cross",0.0833333333333333,0.375,0.5,0.0588235394117647,"N1-UNIQUE","E",1,0.0833333333333333,0.375
"N1","PASS",7,"cross",0.0833333333333333,0.375,0.5,0.0588236294117647,"N1-UNIQUE","E",1,0.0833333333333333,0.375
"N1","PASS",7,"cross",0.0833333333333333,0.375,0.5,0.25,"N1-UNIQUE","E",1,0.0833333333333333,0.375
"N1","PASS",7,"cross",0.0833333333333333,0.375,0.5,0.318181718181818,"N1-UNIQUE","E",1,0.0833333333333333,0.375
"N1","PASS",7,"cross",0.0833333333333333,0.375,0.5,0.318181808181818,"N1-UNIQUE","E",1,0.0833333333333333,0.375
"N1","PASS",7,"cross",0.0833333333333333,0.375,0.5,0.318181818180818,"N1-UNIQUE","E",1,0.0833333333333333,0.375
"N1","PASS",7,"cross",0.0833333333333333,0.375,0.5,0.318181818181808,"N1-UNIQUE","E",1,0.0833333333333333,0.375
"N1","PASS",7,"cross",0.0833333333333333,0.375,0.5,0.318181818181818,"N1-UNIQUE","E",1,0.0833333333333333,0.375
"N1","PASS",7,"cross",0.0833333333333333,0.375,0.5,0.318181818181828,"N1-UNIQUE","E",1,0.0833333333333333,0.375
"N1","PASS",7,"cross",0.0833333333333333,0.375,0.5,0.318181818182818,"N1-UNIQUE","E",1,0.0833333333333333,0.375
"N1","PASS",7,"cross",0.0833333333333333,0.375,0.5,0.318181828181818,"N1-UNIQUE","E",1,0.0833333333333333,0.375
"N1","PASS",7,"cross",0.0833333333333333,0.375,0.5,0.318181918181818,"N1-UNIQUE","E",1,0.0833333333333333,0.375
"N1","PASS",7,"cross",0.0833333333333333,0.375,0.5,0.5,"N1-UNIQUE","E",1,0.0833333333333333,0.375
"N1","PASS",7,"cross",0.0833333333333333,0.375,0.5,0.75,"N1-UNIQUE","E",1,0.0833333333333333,0.375
"N1","PASS",7,"cross",0.0833333333333333,0.375,0.5,0.95,"N1-UNIQUE","E",1,0.0833333333333333,0.375
"N1","PASS",7,"cross",0.0833333333333333,0.375,0.5,0.99999999,"N1-UNIQUE","E",1,0.0833333333333333,0.375
"N1","PASS",7,"cross",0.0833333333333333,0.375,0.5,0.999999999999,"N1-UNIQUE","E",1,0.0833333333333333,0.375
"N1","PASS",7,"cross",0.0833333333333333,0.375,0.5,0.99999999999999,"N1-UNIQUE","E",1,0.0833333333333333,0.375
"N1","PASS",7,"cross",0.0833333333333333,0.375,0.5,1,"N1-UNIQUE","E",1,0.0833333333333333,0.375
"N1","PASS",7,"cross",0.0833333333333333,0.375,0.9,0,"N1-UNIQUE","E",1,0.0833333333333333,0.375
"N1","PASS",7,"cross",0.0833333333333333,0.375,0.9,1e-14,"N1-UNIQUE","E",1,0.0833333333333333,0.375
"N1","PASS",7,"cross",0.0833333333333333,0.375,0.9,1e-12,"N1-UNIQUE","E",1,0.0833333333333333,0.375
"N1","PASS",7,"cross",0.0833333333333333,0.375,0.9,1e-08,"N1-UNIQUE","E",1,0.0833333333333333,0.375
"N1","PASS",7,"cross",0.0833333333333333,0.375,0.9,0.05,"N1-UNIQUE","E",1,0.0833333333333333,0.375
"N1","PASS",7,"cross",0.0833333333333333,0.375,0.9,0.157894636842105,"N1-UNIQUE","E",1,0.0833333333333333,0.375
"N1","PASS",7,"cross",0.0833333333333333,0.375,0.9,0.157894726842105,"N1-UNIQUE","E",1,0.0833333333333333,0.375
"N1","PASS",7,"cross",0.0833333333333333,0.375,0.9,0.157894736841105,"N1-UNIQUE","E",1,0.0833333333333333,0.375
"N1","PASS",7,"cross",0.0833333333333333,0.375,0.9,0.157894736842095,"N1-UNIQUE","E",1,0.0833333333333333,0.375
"N1","PASS",7,"cross",0.0833333333333333,0.375,0.9,0.157894736842105,"N1-UNIQUE","E",1,0.0833333333333333,0.375
"N1","PASS",7,"cross",0.0833333333333333,0.375,0.9,0.157894736842115,"N1-UNIQUE","E",1,0.0833333333333333,0.375
"N1","PASS",7,"cross",0.0833333333333333,0.375,0.9,0.157894736843105,"N1-UNIQUE","E",1,0.0833333333333333,0.375
"N1","PASS",7,"cross",0.0833333333333333,0.375,0.9,0.157894746842105,"N1-UNIQUE","E",1,0.0833333333333333,0.375
"N1","PASS",7,"cross",0.0833333333333333,0.375,0.9,0.157894836842105,"N1-UNIQUE","E",1,0.0833333333333333,0.375
"N1","PASS",7,"cross",0.0833333333333333,0.375,0.9,0.25,"N1-UNIQUE","E",1,0.0833333333333333,0.375
"N1","PASS",7,"cross",0.0833333333333333,0.375,0.9,0.318181718181818,"N1-UNIQUE","E",1,0.0833333333333333,0.375
"N1","PASS",7,"cross",0.0833333333333333,0.375,0.9,0.318181808181818,"N1-UNIQUE","E",1,0.0833333333333333,0.375
"N1","PASS",7,"cross",0.0833333333333333,0.375,0.9,0.318181818180818,"N1-UNIQUE","E",1,0.0833333333333333,0.375
"N1","PASS",7,"cross",0.0833333333333333,0.375,0.9,0.318181818181808,"N1-UNIQUE","E",1,0.0833333333333333,0.375
"N1","PASS",7,"cross",0.0833333333333333,0.375,0.9,0.318181818181818,"N1-UNIQUE","E",1,0.0833333333333333,0.375
"N1","PASS",7,"cross",0.0833333333333333,0.375,0.9,0.318181818181828,"N1-UNIQUE","E",1,0.0833333333333333,0.375
"N1","PASS",7,"cross",0.0833333333333333,0.375,0.9,0.318181818182818,"N1-UNIQUE","E",1,0.0833333333333333,0.375
"N1","PASS",7,"cross",0.0833333333333333,0.375,0.9,0.318181828181818,"N1-UNIQUE","E",1,0.0833333333333333,0.375
"N1","PASS",7,"cross",0.0833333333333333,0.375,0.9,0.318181918181818,"N1-UNIQUE","E",1,0.0833333333333333,0.375
"N1","PASS",7,"cross",0.0833333333333333,0.375,0.9,0.5,"N1-UNIQUE","E",1,0.0833333333333333,0.375
"N1","PASS",7,"cross",0.0833333333333333,0.375,0.9,0.75,"N1-UNIQUE","E",1,0.0833333333333333,0.375
"N1","PASS",7,"cross",0.0833333333333333,0.375,0.9,0.95,"N1-UNIQUE","E",1,0.0833333333333333,0.375
"N1","PASS",7,"cross",0.0833333333333333,0.375,0.9,0.99999999,"N1-UNIQUE","E",1,0.0833333333333333,0.375
"N1","PASS",7,"cross",0.0833333333333333,0.375,0.9,0.999999999999,"N1-UNIQUE","E",1,0.0833333333333333,0.375
"N1","PASS",7,"cross",0.0833333333333333,0.375,0.9,0.99999999999999,"N1-UNIQUE","E",1,0.0833333333333333,0.375
"N1","PASS",7,"cross",0.0833333333333333,0.375,0.9,1,"N1-UNIQUE","E",1,0.0833333333333333,0.375
"N1","PASS",7,"cross",0.0833333333333333,0.375,0.99,0,"N1-UNIQUE","E",1,0.0833333333333333,0.375
"N1","PASS",7,"cross",0.0833333333333333,0.375,0.99,1e-14,"N1-UNIQUE","E",1,0.0833333333333333,0.375
"N1","PASS",7,"cross",0.0833333333333333,0.375,0.99,1e-12,"N1-UNIQUE","E",1,0.0833333333333333,0.375
"N1","PASS",7,"cross",0.0833333333333333,0.375,0.99,1e-08,"N1-UNIQUE","E",1,0.0833333333333333,0.375
"N1","PASS",7,"cross",0.0833333333333333,0.375,0.99,0.05,"N1-UNIQUE","E",1,0.0833333333333333,0.375
"N1","PASS",7,"cross",0.0833333333333333,0.375,0.99,0.195266172189349,"N1-UNIQUE","E",1,0.0833333333333333,0.375
"N1","PASS",7,"cross",0.0833333333333333,0.375,0.99,0.195266262189349,"N1-UNIQUE","E",1,0.0833333333333333,0.375
"N1","PASS",7,"cross",0.0833333333333333,0.375,0.99,0.195266272188349,"N1-UNIQUE","E",1,0.0833333333333333,0.375
"N1","PASS",7,"cross",0.0833333333333333,0.375,0.99,0.195266272189339,"N1-UNIQUE","E",1,0.0833333333333333,0.375
"N1","PASS",7,"cross",0.0833333333333333,0.375,0.99,0.195266272189349,"N1-UNIQUE","E",1,0.0833333333333333,0.375
"N1","PASS",7,"cross",0.0833333333333333,0.375,0.99,0.195266272189359,"N1-UNIQUE","E",1,0.0833333333333333,0.375
"N1","PASS",7,"cross",0.0833333333333333,0.375,0.99,0.195266272190349,"N1-UNIQUE","E",1,0.0833333333333333,0.375
"N1","PASS",7,"cross",0.0833333333333333,0.375,0.99,0.195266282189349,"N1-UNIQUE","E",1,0.0833333333333333,0.375
"N1","PASS",7,"cross",0.0833333333333333,0.375,0.99,0.195266372189349,"N1-UNIQUE","E",1,0.0833333333333333,0.375
"N1","PASS",7,"cross",0.0833333333333333,0.375,0.99,0.25,"N1-UNIQUE","E",1,0.0833333333333333,0.375
"N1","PASS",7,"cross",0.0833333333333333,0.375,0.99,0.318181718181818,"N1-UNIQUE","E",1,0.0833333333333333,0.375
"N1","PASS",7,"cross",0.0833333333333333,0.375,0.99,0.318181808181818,"N1-UNIQUE","E",1,0.0833333333333333,0.375
"N1","PASS",7,"cross",0.0833333333333333,0.375,0.99,0.318181818180818,"N1-UNIQUE","E",1,0.0833333333333333,0.375
"N1","PASS",7,"cross",0.0833333333333333,0.375,0.99,0.318181818181808,"N1-UNIQUE","E",1,0.0833333333333333,0.375
"N1","PASS",7,"cross",0.0833333333333333,0.375,0.99,0.318181818181818,"N1-UNIQUE","E",1,0.0833333333333333,0.375
"N1","PASS",7,"cross",0.0833333333333333,0.375,0.99,0.318181818181828,"N1-UNIQUE","E",1,0.0833333333333333,0.375
"N1","PASS",7,"cross",0.0833333333333333,0.375,0.99,0.318181818182818,"N1-UNIQUE","E",1,0.0833333333333333,0.375
"N1","PASS",7,"cross",0.0833333333333333,0.375,0.99,0.318181828181818,"N1-UNIQUE","E",1,0.0833333333333333,0.375
"N1","PASS",7,"cross",0.0833333333333333,0.375,0.99,0.318181918181818,"N1-UNIQUE","E",1,0.0833333333333333,0.375
"N1","PASS",7,"cross",0.0833333333333333,0.375,0.99,0.5,"N1-UNIQUE","E",1,0.0833333333333333,0.375
"N1","PASS",7,"cross",0.0833333333333333,0.375,0.99,0.75,"N1-UNIQUE","E",1,0.0833333333333333,0.375
"N1","PASS",7,"cross",0.0833333333333333,0.375,0.99,0.95,"N1-UNIQUE","E",1,0.0833333333333333,0.375
"N1","PASS",7,"cross",0.0833333333333333,0.375,0.99,0.99999999,"N1-UNIQUE","E",1,0.0833333333333333,0.375
"N1","PASS",7,"cross",0.0833333333333333,0.375,0.99,0.999999999999,"N1-UNIQUE","E",1,0.0833333333333333,0.375
"N1","PASS",7,"cross",0.0833333333333333,0.375,0.99,0.99999999999999,"N1-UNIQUE","E",1,0.0833333333333333,0.375
"N1","PASS",7,"cross",0.0833333333333333,0.375,0.99,1,"N1-UNIQUE","E",1,0.0833333333333333,0.375
"N1","PASS",7,"o0_equal",0.166666666666667,0.375,0.5,0,"N1-UNIQUE","E",1,0.166666666666667,0.375
"N1","PASS",7,"o0_equal",0.166666666666667,0.375,0.5,1e-14,"N1-UNIQUE","E",1,0.166666666666667,0.375
"N1","PASS",7,"o0_equal",0.166666666666667,0.375,0.5,1e-12,"N1-UNIQUE","E",1,0.166666666666667,0.375
"N1","PASS",7,"o0_equal",0.166666666666667,0.375,0.5,1e-08,"N1-UNIQUE","E",1,0.166666666666667,0.375
"N1","PASS",7,"o0_equal",0.166666666666667,0.375,0.5,0.05,"N1-UNIQUE","E",1,0.166666666666667,0.375
"N1","PASS",7,"o0_equal",0.166666666666667,0.375,0.5,0.2499999,"N1-UNIQUE","E",1,0.166666666666667,0.375
"N1","PASS",7,"o0_equal",0.166666666666667,0.375,0.5,0.24999999,"N1-UNIQUE","E",1,0.166666666666667,0.375
"N1","PASS",7,"o0_equal",0.166666666666667,0.375,0.5,0.249999999999,"N1-UNIQUE","E",1,0.166666666666667,0.375
"N1","PASS",7,"o0_equal",0.166666666666667,0.375,0.5,0.24999999999999,"N1-UNIQUE","E",1,0.166666666666667,0.375
"N1","PASS",7,"o0_equal",0.166666666666667,0.375,0.5,0.25,"N1-UNIQUE","E",1,0.166666666666667,0.375
"N1","PASS",7,"o0_equal",0.166666666666667,0.375,0.5,0.25000000000001,"N1-UNIQUE","E",1,0.166666666666667,0.375
"N1","PASS",7,"o0_equal",0.166666666666667,0.375,0.5,0.250000000001,"N1-UNIQUE","E",1,0.166666666666667,0.375
"N1","PASS",7,"o0_equal",0.166666666666667,0.375,0.5,0.25000001,"N1-UNIQUE","E",1,0.166666666666667,0.375
"N1","PASS",7,"o0_equal",0.166666666666667,0.375,0.5,0.2500001,"N1-UNIQUE","E",1,0.166666666666667,0.375
"N1","PASS",7,"o0_equal",0.166666666666667,0.375,0.5,0.5,"N1-UNIQUE","E",1,0.166666666666667,0.375
"N1","PASS",7,"o0_equal",0.166666666666667,0.375,0.5,0.75,"N1-UNIQUE","E",1,0.166666666666667,0.375
"N1","PASS",7,"o0_equal",0.166666666666667,0.375,0.5,0.95,"N1-UNIQUE","E",1,0.166666666666667,0.375
"N1","PASS",7,"o0_equal",0.166666666666667,0.375,0.5,0.99999999,"N1-UNIQUE","E",1,0.166666666666667,0.375
"N1","PASS",7,"o0_equal",0.166666666666667,0.375,0.5,0.999999999999,"N1-UNIQUE","E",1,0.166666666666667,0.375
"N1","PASS",7,"o0_equal",0.166666666666667,0.375,0.5,0.99999999999999,"N1-UNIQUE","E",1,0.166666666666667,0.375
"N1","PASS",7,"o0_equal",0.166666666666667,0.375,0.5,1,"N1-UNIQUE","E",1,0.166666666666667,0.375
"N1","PASS",7,"o0_equal",0.166666666666667,0.375,0.9,0,"N1-UNIQUE","E",1,0.166666666666667,0.375
"N1","PASS",7,"o0_equal",0.166666666666667,0.375,0.9,1e-14,"N1-UNIQUE","E",1,0.166666666666667,0.375
"N1","PASS",7,"o0_equal",0.166666666666667,0.375,0.9,1e-12,"N1-UNIQUE","E",1,0.166666666666667,0.375
"N1","PASS",7,"o0_equal",0.166666666666667,0.375,0.9,1e-08,"N1-UNIQUE","E",1,0.166666666666667,0.375
"N1","PASS",7,"o0_equal",0.166666666666667,0.375,0.9,0.05,"N1-UNIQUE","E",1,0.166666666666667,0.375
"N1","PASS",7,"o0_equal",0.166666666666667,0.375,0.9,0.2499999,"N1-UNIQUE","E",1,0.166666666666667,0.375
"N1","PASS",7,"o0_equal",0.166666666666667,0.375,0.9,0.24999999,"N1-UNIQUE","E",1,0.166666666666667,0.375
"N1","PASS",7,"o0_equal",0.166666666666667,0.375,0.9,0.249999999999,"N1-UNIQUE","E",1,0.166666666666667,0.375
"N1","PASS",7,"o0_equal",0.166666666666667,0.375,0.9,0.24999999999999,"N1-UNIQUE","E",1,0.166666666666667,0.375
"N1","PASS",7,"o0_equal",0.166666666666667,0.375,0.9,0.25,"N1-UNIQUE","E",1,0.166666666666667,0.375
"N1","PASS",7,"o0_equal",0.166666666666667,0.375,0.9,0.25000000000001,"N1-UNIQUE","E",1,0.166666666666667,0.375
"N1","PASS",7,"o0_equal",0.166666666666667,0.375,0.9,0.250000000001,"N1-UNIQUE","E",1,0.166666666666667,0.375
"N1","PASS",7,"o0_equal",0.166666666666667,0.375,0.9,0.25000001,"N1-UNIQUE","E",1,0.166666666666667,0.375
"N1","PASS",7,"o0_equal",0.166666666666667,0.375,0.9,0.2500001,"N1-UNIQUE","E",1,0.166666666666667,0.375
"N1","PASS",7,"o0_equal",0.166666666666667,0.375,0.9,0.5,"N1-UNIQUE","E",1,0.166666666666667,0.375
"N1","PASS",7,"o0_equal",0.166666666666667,0.375,0.9,0.75,"N1-UNIQUE","E",1,0.166666666666667,0.375
"N1","PASS",7,"o0_equal",0.166666666666667,0.375,0.9,0.95,"N1-UNIQUE","E",1,0.166666666666667,0.375
"N1","PASS",7,"o0_equal",0.166666666666667,0.375,0.9,0.99999999,"N1-UNIQUE","E",1,0.166666666666667,0.375
"N1","PASS",7,"o0_equal",0.166666666666667,0.375,0.9,0.999999999999,"N1-UNIQUE","E",1,0.166666666666667,0.375
"N1","PASS",7,"o0_equal",0.166666666666667,0.375,0.9,0.99999999999999,"N1-UNIQUE","E",1,0.166666666666667,0.375
"N1","PASS",7,"o0_equal",0.166666666666667,0.375,0.9,1,"N1-UNIQUE","E",1,0.166666666666667,0.375
"N1","PASS",7,"o0_equal",0.166666666666667,0.375,0.99,0,"N1-UNIQUE","E",1,0.166666666666667,0.375
"N1","PASS",7,"o0_equal",0.166666666666667,0.375,0.99,1e-14,"N1-UNIQUE","E",1,0.166666666666667,0.375
"N1","PASS",7,"o0_equal",0.166666666666667,0.375,0.99,1e-12,"N1-UNIQUE","E",1,0.166666666666667,0.375
"N1","PASS",7,"o0_equal",0.166666666666667,0.375,0.99,1e-08,"N1-UNIQUE","E",1,0.166666666666667,0.375
"N1","PASS",7,"o0_equal",0.166666666666667,0.375,0.99,0.05,"N1-UNIQUE","E",1,0.166666666666667,0.375
"N1","PASS",7,"o0_equal",0.166666666666667,0.375,0.99,0.2499999,"N1-UNIQUE","E",1,0.166666666666667,0.375
"N1","PASS",7,"o0_equal",0.166666666666667,0.375,0.99,0.24999999,"N1-UNIQUE","E",1,0.166666666666667,0.375
"N1","PASS",7,"o0_equal",0.166666666666667,0.375,0.99,0.249999999999,"N1-UNIQUE","E",1,0.166666666666667,0.375
"N1","PASS",7,"o0_equal",0.166666666666667,0.375,0.99,0.24999999999999,"N1-UNIQUE","E",1,0.166666666666667,0.375
"N1","PASS",7,"o0_equal",0.166666666666667,0.375,0.99,0.25,"N1-UNIQUE","E",1,0.166666666666667,0.375
"N1","PASS",7,"o0_equal",0.166666666666667,0.375,0.99,0.25000000000001,"N1-UNIQUE","E",1,0.166666666666667,0.375
"N1","PASS",7,"o0_equal",0.166666666666667,0.375,0.99,0.250000000001,"N1-UNIQUE","E",1,0.166666666666667,0.375
"N1","PASS",7,"o0_equal",0.166666666666667,0.375,0.99,0.25000001,"N1-UNIQUE","E",1,0.166666666666667,0.375
"N1","PASS",7,"o0_equal",0.166666666666667,0.375,0.99,0.2500001,"N1-UNIQUE","E",1,0.166666666666667,0.375
"N1","PASS",7,"o0_equal",0.166666666666667,0.375,0.99,0.5,"N1-UNIQUE","E",1,0.166666666666667,0.375
"N1","PASS",7,"o0_equal",0.166666666666667,0.375,0.99,0.75,"N1-UNIQUE","E",1,0.166666666666667,0.375
"N1","PASS",7,"o0_equal",0.166666666666667,0.375,0.99,0.95,"N1-UNIQUE","E",1,0.166666666666667,0.375
"N1","PASS",7,"o0_equal",0.166666666666667,0.375,0.99,0.99999999,"N1-UNIQUE","E",1,0.166666666666667,0.375
"N1","PASS",7,"o0_equal",0.166666666666667,0.375,0.99,0.999999999999,"N1-UNIQUE","E",1,0.166666666666667,0.375
"N1","PASS",7,"o0_equal",0.166666666666667,0.375,0.99,0.99999999999999,"N1-UNIQUE","E",1,0.166666666666667,0.375
"N1","PASS",7,"o0_equal",0.166666666666667,0.375,0.99,1,"N1-UNIQUE","E",1,0.166666666666667,0.375
"N1","PASS",7,"above",0.333333333333333,0.541666666666667,0.5,0,"N1-UNIQUE","E",1,0.333333333333333,0.541666666666667
"N1","PASS",7,"above",0.333333333333333,0.541666666666667,0.5,1e-14,"N1-UNIQUE","E",1,0.333333333333333,0.541666666666667
"N1","PASS",7,"above",0.333333333333333,0.541666666666667,0.5,1e-12,"N1-UNIQUE","E",1,0.333333333333333,0.541666666666667
"N1","PASS",7,"above",0.333333333333333,0.541666666666667,0.5,1e-08,"N1-UNIQUE","E",1,0.333333333333333,0.541666666666667
"N1","PASS",7,"above",0.333333333333333,0.541666666666667,0.5,0.05,"N1-UNIQUE","E",1,0.333333333333333,0.541666666666667
"N1","PASS",7,"above",0.333333333333333,0.541666666666667,0.5,0.25,"N1-UNIQUE","E",1,0.333333333333333,0.541666666666667
"N1","PASS",7,"above",0.333333333333333,0.541666666666667,0.5,0.3124999,"N1-UNIQUE","E",1,0.333333333333333,0.541666666666667
"N1","PASS",7,"above",0.333333333333333,0.541666666666667,0.5,0.31249999,"N1-UNIQUE","E",1,0.333333333333333,0.541666666666667
"N1","PASS",7,"above",0.333333333333333,0.541666666666667,0.5,0.312499999999,"N1-UNIQUE","E",1,0.333333333333333,0.541666666666667
"N1","PASS",7,"above",0.333333333333333,0.541666666666667,0.5,0.31249999999999,"N1-UNIQUE","E",1,0.333333333333333,0.541666666666667
"N1","PASS",7,"above",0.333333333333333,0.541666666666667,0.5,0.3125,"N1-UNIQUE","E",1,0.333333333333333,0.541666666666667
"N1","PASS",7,"above",0.333333333333333,0.541666666666667,0.5,0.31250000000001,"N1-UNIQUE","E",1,0.333333333333333,0.541666666666667
"N1","PASS",7,"above",0.333333333333333,0.541666666666667,0.5,0.312500000001,"N1-UNIQUE","E",1,0.333333333333333,0.541666666666667
"N1","PASS",7,"above",0.333333333333333,0.541666666666667,0.5,0.31250001,"N1-UNIQUE","E",1,0.333333333333333,0.541666666666667
"N1","PASS",7,"above",0.333333333333333,0.541666666666667,0.5,0.3125001,"N1-UNIQUE","E",1,0.333333333333333,0.541666666666667
"N1","PASS",7,"above",0.333333333333333,0.541666666666667,0.5,0.5,"N1-UNIQUE","E",1,0.333333333333333,0.541666666666667
"N1","PASS",7,"above",0.333333333333333,0.541666666666667,0.5,0.75,"N1-UNIQUE","E",1,0.333333333333333,0.541666666666667
"N1","PASS",7,"above",0.333333333333333,0.541666666666667,0.5,0.95,"N1-UNIQUE","E",1,0.333333333333333,0.541666666666667
"N1","PASS",7,"above",0.333333333333333,0.541666666666667,0.5,0.99999999,"N1-UNIQUE","E",1,0.333333333333333,0.541666666666667
"N1","PASS",7,"above",0.333333333333333,0.541666666666667,0.5,0.999999999999,"N1-UNIQUE","E",1,0.333333333333333,0.541666666666667
"N1","PASS",7,"above",0.333333333333333,0.541666666666667,0.5,0.99999999999999,"N1-UNIQUE","E",1,0.333333333333333,0.541666666666667
"N1","PASS",7,"above",0.333333333333333,0.541666666666667,0.5,1,"N1-UNIQUE","E",1,0.333333333333333,0.541666666666667
"N1","PASS",7,"above",0.333333333333333,0.541666666666667,0.9,0,"N1-UNIQUE","E",1,0.333333333333333,0.541666666666667
"N1","PASS",7,"above",0.333333333333333,0.541666666666667,0.9,1e-14,"N1-UNIQUE","E",1,0.333333333333333,0.541666666666667
"N1","PASS",7,"above",0.333333333333333,0.541666666666667,0.9,1e-12,"N1-UNIQUE","E",1,0.333333333333333,0.541666666666667
"N1","PASS",7,"above",0.333333333333333,0.541666666666667,0.9,1e-08,"N1-UNIQUE","E",1,0.333333333333333,0.541666666666667
"N1","PASS",7,"above",0.333333333333333,0.541666666666667,0.9,0.05,"N1-UNIQUE","E",1,0.333333333333333,0.541666666666667
"N1","PASS",7,"above",0.333333333333333,0.541666666666667,0.9,0.25,"N1-UNIQUE","E",1,0.333333333333333,0.541666666666667
"N1","PASS",7,"above",0.333333333333333,0.541666666666667,0.9,0.3124999,"N1-UNIQUE","E",1,0.333333333333333,0.541666666666667
"N1","PASS",7,"above",0.333333333333333,0.541666666666667,0.9,0.31249999,"N1-UNIQUE","E",1,0.333333333333333,0.541666666666667
"N1","PASS",7,"above",0.333333333333333,0.541666666666667,0.9,0.312499999999,"N1-UNIQUE","E",1,0.333333333333333,0.541666666666667
"N1","PASS",7,"above",0.333333333333333,0.541666666666667,0.9,0.31249999999999,"N1-UNIQUE","E",1,0.333333333333333,0.541666666666667
"N1","PASS",7,"above",0.333333333333333,0.541666666666667,0.9,0.3125,"N1-UNIQUE","E",1,0.333333333333333,0.541666666666667
"N1","PASS",7,"above",0.333333333333333,0.541666666666667,0.9,0.31250000000001,"N1-UNIQUE","E",1,0.333333333333333,0.541666666666667
"N1","PASS",7,"above",0.333333333333333,0.541666666666667,0.9,0.312500000001,"N1-UNIQUE","E",1,0.333333333333333,0.541666666666667
"N1","PASS",7,"above",0.333333333333333,0.541666666666667,0.9,0.31250001,"N1-UNIQUE","E",1,0.333333333333333,0.541666666666667
"N1","PASS",7,"above",0.333333333333333,0.541666666666667,0.9,0.3125001,"N1-UNIQUE","E",1,0.333333333333333,0.541666666666667
"N1","PASS",7,"above",0.333333333333333,0.541666666666667,0.9,0.5,"N1-UNIQUE","E",1,0.333333333333333,0.541666666666667
"N1","PASS",7,"above",0.333333333333333,0.541666666666667,0.9,0.75,"N1-UNIQUE","E",1,0.333333333333333,0.541666666666667
"N1","PASS",7,"above",0.333333333333333,0.541666666666667,0.9,0.95,"N1-UNIQUE","E",1,0.333333333333333,0.541666666666667
"N1","PASS",7,"above",0.333333333333333,0.541666666666667,0.9,0.99999999,"N1-UNIQUE","E",1,0.333333333333333,0.541666666666667
"N1","PASS",7,"above",0.333333333333333,0.541666666666667,0.9,0.999999999999,"N1-UNIQUE","E",1,0.333333333333333,0.541666666666667
"N1","PASS",7,"above",0.333333333333333,0.541666666666667,0.9,0.99999999999999,"N1-UNIQUE","E",1,0.333333333333333,0.541666666666667
"N1","PASS",7,"above",0.333333333333333,0.541666666666667,0.9,1,"N1-UNIQUE","E",1,0.333333333333333,0.541666666666667
"N1","PASS",7,"above",0.333333333333333,0.541666666666667,0.99,0,"N1-UNIQUE","E",1,0.333333333333333,0.541666666666667
"N1","PASS",7,"above",0.333333333333333,0.541666666666667,0.99,1e-14,"N1-UNIQUE","E",1,0.333333333333333,0.541666666666667
"N1","PASS",7,"above",0.333333333333333,0.541666666666667,0.99,1e-12,"N1-UNIQUE","E",1,0.333333333333333,0.541666666666667
"N1","PASS",7,"above",0.333333333333333,0.541666666666667,0.99,1e-08,"N1-UNIQUE","E",1,0.333333333333333,0.541666666666667
"N1","PASS",7,"above",0.333333333333333,0.541666666666667,0.99,0.05,"N1-UNIQUE","E",1,0.333333333333333,0.541666666666667
"N1","PASS",7,"above",0.333333333333333,0.541666666666667,0.99,0.25,"N1-UNIQUE","E",1,0.333333333333333,0.541666666666667
"N1","PASS",7,"above",0.333333333333333,0.541666666666667,0.99,0.3124999,"N1-UNIQUE","E",1,0.333333333333333,0.541666666666667
"N1","PASS",7,"above",0.333333333333333,0.541666666666667,0.99,0.31249999,"N1-UNIQUE","E",1,0.333333333333333,0.541666666666667
"N1","PASS",7,"above",0.333333333333333,0.541666666666667,0.99,0.312499999999,"N1-UNIQUE","E",1,0.333333333333333,0.541666666666667
"N1","PASS",7,"above",0.333333333333333,0.541666666666667,0.99,0.31249999999999,"N1-UNIQUE","E",1,0.333333333333333,0.541666666666667
"N1","PASS",7,"above",0.333333333333333,0.541666666666667,0.99,0.3125,"N1-UNIQUE","E",1,0.333333333333333,0.541666666666667
"N1","PASS",7,"above",0.333333333333333,0.541666666666667,0.99,0.31250000000001,"N1-UNIQUE","E",1,0.333333333333333,0.541666666666667
"N1","PASS",7,"above",0.333333333333333,0.541666666666667,0.99,0.312500000001,"N1-UNIQUE","E",1,0.333333333333333,0.541666666666667
"N1","PASS",7,"above",0.333333333333333,0.541666666666667,0.99,0.31250001,"N1-UNIQUE","E",1,0.333333333333333,0.541666666666667
"N1","PASS",7,"above",0.333333333333333,0.541666666666667,0.99,0.3125001,"N1-UNIQUE","E",1,0.333333333333333,0.541666666666667
"N1","PASS",7,"above",0.333333333333333,0.541666666666667,0.99,0.5,"N1-UNIQUE","E",1,0.333333333333333,0.541666666666667
"N1","PASS",7,"above",0.333333333333333,0.541666666666667,0.99,0.75,"N1-UNIQUE","E",1,0.333333333333333,0.541666666666667
"N1","PASS",7,"above",0.333333333333333,0.541666666666667,0.99,0.95,"N1-UNIQUE","E",1,0.333333333333333,0.541666666666667
"N1","PASS",7,"above",0.333333333333333,0.541666666666667,0.99,0.99999999,"N1-UNIQUE","E",1,0.333333333333333,0.541666666666667
"N1","PASS",7,"above",0.333333333333333,0.541666666666667,0.99,0.999999999999,"N1-UNIQUE","E",1,0.333333333333333,0.541666666666667
"N1","PASS",7,"above",0.333333333333333,0.541666666666667,0.99,0.99999999999999,"N1-UNIQUE","E",1,0.333333333333333,0.541666666666667
"N1","PASS",7,"above",0.333333333333333,0.541666666666667,0.99,1,"N1-UNIQUE","E",1,0.333333333333333,0.541666666666667
"N1","PASS",7,"wide_cross",0.0166666666666667,0.75,0.5,0,"N1-UNIQUE","E",1,0.0166666666666667,0.75
"N1","PASS",7,"wide_cross",0.0166666666666667,0.75,0.5,1e-14,"N1-UNIQUE","E",1,0.0166666666666667,0.75
"N1","PASS",7,"wide_cross",0.0166666666666667,0.75,0.5,1e-12,"N1-UNIQUE","E",1,0.0166666666666667,0.75
"N1","PASS",7,"wide_cross",0.0166666666666667,0.75,0.5,1e-08,"N1-UNIQUE","E",1,0.0166666666666667,0.75
"N1","PASS",7,"wide_cross",0.0166666666666667,0.75,0.5,0.05,"N1-UNIQUE","E",1,0.0166666666666667,0.75
"N1","PASS",7,"wide_cross",0.0166666666666667,0.75,0.5,0.101123495505618,"N1-UNIQUE","E",1,0.0166666666666667,0.75
"N1","PASS",7,"wide_cross",0.0166666666666667,0.75,0.5,0.101123585505618,"N1-UNIQUE","E",1,0.0166666666666667,0.75
"N1","PASS",7,"wide_cross",0.0166666666666667,0.75,0.5,0.101123595504618,"N1-UNIQUE","E",1,0.0166666666666667,0.75
"N1","PASS",7,"wide_cross",0.0166666666666667,0.75,0.5,0.101123595505608,"N1-UNIQUE","E",1,0.0166666666666667,0.75
"N1","PASS",7,"wide_cross",0.0166666666666667,0.75,0.5,0.101123595505618,"N1-UNIQUE","E",1,0.0166666666666667,0.75
"N1","PASS",7,"wide_cross",0.0166666666666667,0.75,0.5,0.101123595505628,"N1-UNIQUE","E",1,0.0166666666666667,0.75
"N1","PASS",7,"wide_cross",0.0166666666666667,0.75,0.5,0.101123595506618,"N1-UNIQUE","E",1,0.0166666666666667,0.75
"N1","PASS",7,"wide_cross",0.0166666666666667,0.75,0.5,0.101123605505618,"N1-UNIQUE","E",1,0.0166666666666667,0.75
"N1","PASS",7,"wide_cross",0.0166666666666667,0.75,0.5,0.101123695505618,"N1-UNIQUE","E",1,0.0166666666666667,0.75
"N1","PASS",7,"wide_cross",0.0166666666666667,0.75,0.5,0.25,"N1-UNIQUE","E",1,0.0166666666666667,0.75
"N1","PASS",7,"wide_cross",0.0166666666666667,0.75,0.5,0.5,"N1-UNIQUE","E",1,0.0166666666666667,0.75
"N1","PASS",7,"wide_cross",0.0166666666666667,0.75,0.5,0.745762611864407,"N1-UNIQUE","E",1,0.0166666666666667,0.75
"N1","PASS",7,"wide_cross",0.0166666666666667,0.75,0.5,0.745762701864407,"N1-UNIQUE","E",1,0.0166666666666667,0.75
"N1","PASS",7,"wide_cross",0.0166666666666667,0.75,0.5,0.745762711863407,"N1-UNIQUE","E",1,0.0166666666666667,0.75
"N1","PASS",7,"wide_cross",0.0166666666666667,0.75,0.5,0.745762711864397,"N1-UNIQUE","E",1,0.0166666666666667,0.75
"N1","PASS",7,"wide_cross",0.0166666666666667,0.75,0.5,0.745762711864407,"N1-UNIQUE","E",1,0.0166666666666667,0.75
"N1","PASS",7,"wide_cross",0.0166666666666667,0.75,0.5,0.745762711864417,"N1-UNIQUE","E",1,0.0166666666666667,0.75
"N1","PASS",7,"wide_cross",0.0166666666666667,0.75,0.5,0.745762711865407,"N1-UNIQUE","E",1,0.0166666666666667,0.75
"N1","PASS",7,"wide_cross",0.0166666666666667,0.75,0.5,0.745762721864407,"N1-UNIQUE","E",1,0.0166666666666667,0.75
"N1","PASS",7,"wide_cross",0.0166666666666667,0.75,0.5,0.745762811864407,"N1-UNIQUE","E",1,0.0166666666666667,0.75
"N1","PASS",7,"wide_cross",0.0166666666666667,0.75,0.5,0.75,"N1-UNIQUE","E",1,0.0166666666666667,0.75
"N1","PASS",7,"wide_cross",0.0166666666666667,0.75,0.5,0.95,"N1-UNIQUE","E",1,0.0166666666666667,0.75
"N1","PASS",7,"wide_cross",0.0166666666666667,0.75,0.5,0.99999999,"N1-UNIQUE","E",1,0.0166666666666667,0.75
"N1","PASS",7,"wide_cross",0.0166666666666667,0.75,0.5,0.999999999999,"N1-UNIQUE","E",1,0.0166666666666667,0.75
"N1","PASS",7,"wide_cross",0.0166666666666667,0.75,0.5,0.99999999999999,"N1-UNIQUE","E",1,0.0166666666666667,0.75
"N1","PASS",7,"wide_cross",0.0166666666666667,0.75,0.5,1,"N1-UNIQUE","E",1,0.0166666666666667,0.75
"N1","PASS",7,"wide_cross",0.0166666666666667,0.75,0.9,0,"N1-UNIQUE","E",1,0.0166666666666667,0.75
"N1","PASS",7,"wide_cross",0.0166666666666667,0.75,0.9,1e-14,"N1-UNIQUE","E",1,0.0166666666666667,0.75
"N1","PASS",7,"wide_cross",0.0166666666666667,0.75,0.9,1e-12,"N1-UNIQUE","E",1,0.0166666666666667,0.75
"N1","PASS",7,"wide_cross",0.0166666666666667,0.75,0.9,1e-08,"N1-UNIQUE","E",1,0.0166666666666667,0.75
"N1","PASS",7,"wide_cross",0.0166666666666667,0.75,0.9,0.05,"N1-UNIQUE","E",1,0.0166666666666667,0.75
"N1","PASS",7,"wide_cross",0.0166666666666667,0.75,0.9,0.25,"N1-UNIQUE","E",1,0.0166666666666667,0.75
"N1","PASS",7,"wide_cross",0.0166666666666667,0.75,0.9,0.252336348598131,"N1-UNIQUE","E",1,0.0166666666666667,0.75
"N1","PASS",7,"wide_cross",0.0166666666666667,0.75,0.9,0.252336438598131,"N1-UNIQUE","E",1,0.0166666666666667,0.75
"N1","PASS",7,"wide_cross",0.0166666666666667,0.75,0.9,0.252336448597131,"N1-UNIQUE","E",1,0.0166666666666667,0.75
"N1","PASS",7,"wide_cross",0.0166666666666667,0.75,0.9,0.252336448598121,"N1-UNIQUE","E",1,0.0166666666666667,0.75
"N1","PASS",7,"wide_cross",0.0166666666666667,0.75,0.9,0.252336448598131,"N1-UNIQUE","E",1,0.0166666666666667,0.75
"N1","PASS",7,"wide_cross",0.0166666666666667,0.75,0.9,0.252336448598141,"N1-UNIQUE","E",1,0.0166666666666667,0.75
"N1","PASS",7,"wide_cross",0.0166666666666667,0.75,0.9,0.252336448599131,"N1-UNIQUE","E",1,0.0166666666666667,0.75
"N1","PASS",7,"wide_cross",0.0166666666666667,0.75,0.9,0.252336458598131,"N1-UNIQUE","E",1,0.0166666666666667,0.75
"N1","PASS",7,"wide_cross",0.0166666666666667,0.75,0.9,0.252336548598131,"N1-UNIQUE","E",1,0.0166666666666667,0.75
"N1","PASS",7,"wide_cross",0.0166666666666667,0.75,0.9,0.5,"N1-UNIQUE","E",1,0.0166666666666667,0.75
"N1","PASS",7,"wide_cross",0.0166666666666667,0.75,0.9,0.745762611864407,"N1-UNIQUE","E",1,0.0166666666666667,0.75
"N1","PASS",7,"wide_cross",0.0166666666666667,0.75,0.9,0.745762701864407,"N1-UNIQUE","E",1,0.0166666666666667,0.75
"N1","PASS",7,"wide_cross",0.0166666666666667,0.75,0.9,0.745762711863407,"N1-UNIQUE","E",1,0.0166666666666667,0.75
"N1","PASS",7,"wide_cross",0.0166666666666667,0.75,0.9,0.745762711864397,"N1-UNIQUE","E",1,0.0166666666666667,0.75
"N1","PASS",7,"wide_cross",0.0166666666666667,0.75,0.9,0.745762711864407,"N1-UNIQUE","E",1,0.0166666666666667,0.75
"N1","PASS",7,"wide_cross",0.0166666666666667,0.75,0.9,0.745762711864417,"N1-UNIQUE","E",1,0.0166666666666667,0.75
"N1","PASS",7,"wide_cross",0.0166666666666667,0.75,0.9,0.745762711865407,"N1-UNIQUE","E",1,0.0166666666666667,0.75
"N1","PASS",7,"wide_cross",0.0166666666666667,0.75,0.9,0.745762721864407,"N1-UNIQUE","E",1,0.0166666666666667,0.75
"N1","PASS",7,"wide_cross",0.0166666666666667,0.75,0.9,0.745762811864407,"N1-UNIQUE","E",1,0.0166666666666667,0.75
"N1","PASS",7,"wide_cross",0.0166666666666667,0.75,0.9,0.75,"N1-UNIQUE","E",1,0.0166666666666667,0.75
"N1","PASS",7,"wide_cross",0.0166666666666667,0.75,0.9,0.95,"N1-UNIQUE","E",1,0.0166666666666667,0.75
"N1","PASS",7,"wide_cross",0.0166666666666667,0.75,0.9,0.99999999,"N1-UNIQUE","E",1,0.0166666666666667,0.75
"N1","PASS",7,"wide_cross",0.0166666666666667,0.75,0.9,0.999999999999,"N1-UNIQUE","E",1,0.0166666666666667,0.75
"N1","PASS",7,"wide_cross",0.0166666666666667,0.75,0.9,0.99999999999999,"N1-UNIQUE","E",1,0.0166666666666667,0.75
"N1","PASS",7,"wide_cross",0.0166666666666667,0.75,0.9,1,"N1-UNIQUE","E",1,0.0166666666666667,0.75
"N1","PASS",7,"wide_cross",0.0166666666666667,0.75,0.99,0,"N1-UNIQUE","E",1,0.0166666666666667,0.75
"N1","PASS",7,"wide_cross",0.0166666666666667,0.75,0.99,1e-14,"N1-UNIQUE","E",1,0.0166666666666667,0.75
"N1","PASS",7,"wide_cross",0.0166666666666667,0.75,0.99,1e-12,"N1-UNIQUE","E",1,0.0166666666666667,0.75
"N1","PASS",7,"wide_cross",0.0166666666666667,0.75,0.99,1e-08,"N1-UNIQUE","E",1,0.0166666666666667,0.75
"N1","PASS",7,"wide_cross",0.0166666666666667,0.75,0.99,0.05,"N1-UNIQUE","E",1,0.0166666666666667,0.75
"N1","PASS",7,"wide_cross",0.0166666666666667,0.75,0.99,0.25,"N1-UNIQUE","E",1,0.0166666666666667,0.75
"N1","PASS",7,"wide_cross",0.0166666666666667,0.75,0.99,0.303991711668373,"N1-UNIQUE","E",1,0.0166666666666667,0.75
"N1","PASS",7,"wide_cross",0.0166666666666667,0.75,0.99,0.303991801668373,"N1-UNIQUE","E",1,0.0166666666666667,0.75
"N1","PASS",7,"wide_cross",0.0166666666666667,0.75,0.99,0.303991811667373,"N1-UNIQUE","E",1,0.0166666666666667,0.75
"N1","PASS",7,"wide_cross",0.0166666666666667,0.75,0.99,0.303991811668363,"N1-UNIQUE","E",1,0.0166666666666667,0.75
"N1","PASS",7,"wide_cross",0.0166666666666667,0.75,0.99,0.303991811668373,"N1-UNIQUE","E",1,0.0166666666666667,0.75
"N1","PASS",7,"wide_cross",0.0166666666666667,0.75,0.99,0.303991811668383,"N1-UNIQUE","E",1,0.0166666666666667,0.75
"N1","PASS",7,"wide_cross",0.0166666666666667,0.75,0.99,0.303991811669373,"N1-UNIQUE","E",1,0.0166666666666667,0.75
"N1","PASS",7,"wide_cross",0.0166666666666667,0.75,0.99,0.303991821668373,"N1-UNIQUE","E",1,0.0166666666666667,0.75
"N1","PASS",7,"wide_cross",0.0166666666666667,0.75,0.99,0.303991911668373,"N1-UNIQUE","E",1,0.0166666666666667,0.75
"N1","PASS",7,"wide_cross",0.0166666666666667,0.75,0.99,0.5,"N1-UNIQUE","E",1,0.0166666666666667,0.75
"N1","PASS",7,"wide_cross",0.0166666666666667,0.75,0.99,0.745762611864407,"N1-UNIQUE","E",1,0.0166666666666667,0.75
"N1","PASS",7,"wide_cross",0.0166666666666667,0.75,0.99,0.745762701864407,"N1-UNIQUE","E",1,0.0166666666666667,0.75
"N1","PASS",7,"wide_cross",0.0166666666666667,0.75,0.99,0.745762711863407,"N1-UNIQUE","E",1,0.0166666666666667,0.75
"N1","PASS",7,"wide_cross",0.0166666666666667,0.75,0.99,0.745762711864397,"N1-UNIQUE","E",1,0.0166666666666667,0.75
"N1","PASS",7,"wide_cross",0.0166666666666667,0.75,0.99,0.745762711864407,"N1-UNIQUE","E",1,0.0166666666666667,0.75
"N1","PASS",7,"wide_cross",0.0166666666666667,0.75,0.99,0.745762711864417,"N1-UNIQUE","E",1,0.0166666666666667,0.75
"N1","PASS",7,"wide_cross",0.0166666666666667,0.75,0.99,0.745762711865407,"N1-UNIQUE","E",1,0.0166666666666667,0.75
"N1","PASS",7,"wide_cross",0.0166666666666667,0.75,0.99,0.745762721864407,"N1-UNIQUE","E",1,0.0166666666666667,0.75
"N1","PASS",7,"wide_cross",0.0166666666666667,0.75,0.99,0.745762811864407,"N1-UNIQUE","E",1,0.0166666666666667,0.75
"N1","PASS",7,"wide_cross",0.0166666666666667,0.75,0.99,0.75,"N1-UNIQUE","E",1,0.0166666666666667,0.75
"N1","PASS",7,"wide_cross",0.0166666666666667,0.75,0.99,0.95,"N1-UNIQUE","E",1,0.0166666666666667,0.75
"N1","PASS",7,"wide_cross",0.0166666666666667,0.75,0.99,0.99999999,"N1-UNIQUE","E",1,0.0166666666666667,0.75
"N1","PASS",7,"wide_cross",0.0166666666666667,0.75,0.99,0.999999999999,"N1-UNIQUE","E",1,0.0166666666666667,0.75
"N1","PASS",7,"wide_cross",0.0166666666666667,0.75,0.99,0.99999999999999,"N1-UNIQUE","E",1,0.0166666666666667,0.75
"N1","PASS",7,"wide_cross",0.0166666666666667,0.75,0.99,1,"N1-UNIQUE","E",1,0.0166666666666667,0.75
"N1","PASS",7,"o1_below_tiny",0.0833333333333333,0.166666666665667,0.5,0,"N1-UNIQUE","E",1,0.0833333333333333,0.166666666665667
"N1","PASS",7,"o1_below_tiny",0.0833333333333333,0.166666666665667,0.5,1e-14,"N1-UNIQUE","E",1,0.0833333333333333,0.166666666665667
"N1","PASS",7,"o1_below_tiny",0.0833333333333333,0.166666666665667,0.5,1e-12,"N1-UNIQUE","E",1,0.0833333333333333,0.166666666665667
"N1","PASS",7,"o1_below_tiny",0.0833333333333333,0.166666666665667,0.5,1e-08,"N1-UNIQUE","E",1,0.0833333333333333,0.166666666665667
"N1","PASS",7,"o1_below_tiny",0.0833333333333333,0.166666666665667,0.5,0.05,"N1-UNIQUE","E",1,0.0833333333333333,0.166666666665667
"N1","PASS",7,"o1_below_tiny",0.0833333333333333,0.166666666665667,0.5,0.0588234294110588,"N1-UNIQUE","E",1,0.0833333333333333,0.166666666665667
"N1","PASS",7,"o1_below_tiny",0.0833333333333333,0.166666666665667,0.5,0.0588234294117647,"N1-UNIQUE","E",1,0.0833333333333333,0.166666666665667
"N1","PASS",7,"o1_below_tiny",0.0833333333333333,0.166666666665667,0.5,0.0588235194110588,"N1-UNIQUE","E",1,0.0833333333333333,0.166666666665667
"N1","PASS",7,"o1_below_tiny",0.0833333333333333,0.166666666665667,0.5,0.0588235194117647,"N1-UNIQUE","E",1,0.0833333333333333,0.166666666665667
"N1","PASS",7,"o1_below_tiny",0.0833333333333333,0.166666666665667,0.5,0.0588235294100588,"N1-UNIQUE","E",1,0.0833333333333333,0.166666666665667
"N1","PASS",7,"o1_below_tiny",0.0833333333333333,0.166666666665667,0.5,0.0588235294107647,"N1-UNIQUE","E",1,0.0833333333333333,0.166666666665667
"N1","PASS",7,"o1_below_tiny",0.0833333333333333,0.166666666665667,0.5,0.0588235294110488,"N1-UNIQUE","E",1,0.0833333333333333,0.166666666665667
"N1","PASS",7,"o1_below_tiny",0.0833333333333333,0.166666666665667,0.5,0.0588235294110588,"N1-UNIQUE","E",1,0.0833333333333333,0.166666666665667
"N1","PASS",7,"o1_below_tiny",0.0833333333333333,0.166666666665667,0.5,0.0588235294110688,"N1-UNIQUE","E",1,0.0833333333333333,0.166666666665667
"N1","PASS",7,"o1_below_tiny",0.0833333333333333,0.166666666665667,0.5,0.0588235294117547,"N1-UNIQUE","E",1,0.0833333333333333,0.166666666665667
"N1","PASS",7,"o1_below_tiny",0.0833333333333333,0.166666666665667,0.5,0.0588235294117647,"N1-UNIQUE","E",1,0.0833333333333333,0.166666666665667
"N1","PASS",7,"o1_below_tiny",0.0833333333333333,0.166666666665667,0.5,0.0588235294117747,"N1-UNIQUE","E",1,0.0833333333333333,0.166666666665667
"N1","PASS",7,"o1_below_tiny",0.0833333333333333,0.166666666665667,0.5,0.0588235294120588,"N1-UNIQUE","E",1,0.0833333333333333,0.166666666665667
"N1","PASS",7,"o1_below_tiny",0.0833333333333333,0.166666666665667,0.5,0.0588235294127647,"N1-UNIQUE","E",1,0.0833333333333333,0.166666666665667
"N1","PASS",7,"o1_below_tiny",0.0833333333333333,0.166666666665667,0.5,0.0588235394110588,"N1-UNIQUE","E",1,0.0833333333333333,0.166666666665667
"N1","PASS",7,"o1_below_tiny",0.0833333333333333,0.166666666665667,0.5,0.0588235394117647,"N1-UNIQUE","E",1,0.0833333333333333,0.166666666665667
"N1","PASS",7,"o1_below_tiny",0.0833333333333333,0.166666666665667,0.5,0.0588236294110588,"N1-UNIQUE","E",1,0.0833333333333333,0.166666666665667
"N1","PASS",7,"o1_below_tiny",0.0833333333333333,0.166666666665667,0.5,0.0588236294117647,"N1-UNIQUE","E",1,0.0833333333333333,0.166666666665667
"N1","PASS",7,"o1_below_tiny",0.0833333333333333,0.166666666665667,0.5,0.090908990908,"N1-UNIQUE","E",1,0.0833333333333333,0.166666666665667
"N1","PASS",7,"o1_below_tiny",0.0833333333333333,0.166666666665667,0.5,0.090909080908,"N1-UNIQUE","E",1,0.0833333333333333,0.166666666665667
"N1","PASS",7,"o1_below_tiny",0.0833333333333333,0.166666666665667,0.5,0.090909090907,"N1-UNIQUE","E",1,0.0833333333333333,0.166666666665667
"N1","PASS",7,"o1_below_tiny",0.0833333333333333,0.166666666665667,0.5,0.09090909090799,"N1-UNIQUE","E",1,0.0833333333333333,0.166666666665667
"N1","PASS",7,"o1_below_tiny",0.0833333333333333,0.166666666665667,0.5,0.090909090908,"N1-UNIQUE","E",1,0.0833333333333333,0.166666666665667
"N1","PASS",7,"o1_below_tiny",0.0833333333333333,0.166666666665667,0.5,0.09090909090801,"N1-UNIQUE","E",1,0.0833333333333333,0.166666666665667
"N1","PASS",7,"o1_below_tiny",0.0833333333333333,0.166666666665667,0.5,0.090909090909,"N1-UNIQUE","E",1,0.0833333333333333,0.166666666665667
"N1","PASS",7,"o1_below_tiny",0.0833333333333333,0.166666666665667,0.5,0.090909100908,"N1-UNIQUE","E",1,0.0833333333333333,0.166666666665667
"N1","PASS",7,"o1_below_tiny",0.0833333333333333,0.166666666665667,0.5,0.090909190908,"N1-UNIQUE","E",1,0.0833333333333333,0.166666666665667
"N1","PASS",7,"o1_below_tiny",0.0833333333333333,0.166666666665667,0.5,0.25,"N1-UNIQUE","E",1,0.0833333333333333,0.166666666665667
"N1","PASS",7,"o1_below_tiny",0.0833333333333333,0.166666666665667,0.5,0.5,"N1-UNIQUE","E",1,0.0833333333333333,0.166666666665667
"N1","PASS",7,"o1_below_tiny",0.0833333333333333,0.166666666665667,0.5,0.75,"N1-UNIQUE","E",1,0.0833333333333333,0.166666666665667
"N1","PASS",7,"o1_below_tiny",0.0833333333333333,0.166666666665667,0.5,0.95,"N1-UNIQUE","E",1,0.0833333333333333,0.166666666665667
"N1","PASS",7,"o1_below_tiny",0.0833333333333333,0.166666666665667,0.5,0.99999999,"N1-UNIQUE","E",1,0.0833333333333333,0.166666666665667
"N1","PASS",7,"o1_below_tiny",0.0833333333333333,0.166666666665667,0.5,0.999999999999,"N1-UNIQUE","E",1,0.0833333333333333,0.166666666665667
"N1","PASS",7,"o1_below_tiny",0.0833333333333333,0.166666666665667,0.5,0.99999999999999,"N1-UNIQUE","E",1,0.0833333333333333,0.166666666665667
"N1","PASS",7,"o1_below_tiny",0.0833333333333333,0.166666666665667,0.5,1,"N1-UNIQUE","E",1,0.0833333333333333,0.166666666665667
"N1","PASS",7,"o1_below_tiny",0.0833333333333333,0.166666666665667,0.9,0,"N1-UNIQUE","E",1,0.0833333333333333,0.166666666665667
"N1","PASS",7,"o1_below_tiny",0.0833333333333333,0.166666666665667,0.9,1e-14,"N1-UNIQUE","E",1,0.0833333333333333,0.166666666665667
"N1","PASS",7,"o1_below_tiny",0.0833333333333333,0.166666666665667,0.9,1e-12,"N1-UNIQUE","E",1,0.0833333333333333,0.166666666665667
"N1","PASS",7,"o1_below_tiny",0.0833333333333333,0.166666666665667,0.9,1e-08,"N1-UNIQUE","E",1,0.0833333333333333,0.166666666665667
"N1","PASS",7,"o1_below_tiny",0.0833333333333333,0.166666666665667,0.9,0.05,"N1-UNIQUE","E",1,0.0833333333333333,0.166666666665667
"N1","PASS",7,"o1_below_tiny",0.0833333333333333,0.166666666665667,0.9,0.090908990908,"N1-UNIQUE","E",1,0.0833333333333333,0.166666666665667
"N1","PASS",7,"o1_below_tiny",0.0833333333333333,0.166666666665667,0.9,0.090909080908,"N1-UNIQUE","E",1,0.0833333333333333,0.166666666665667
"N1","PASS",7,"o1_below_tiny",0.0833333333333333,0.166666666665667,0.9,0.090909090907,"N1-UNIQUE","E",1,0.0833333333333333,0.166666666665667
"N1","PASS",7,"o1_below_tiny",0.0833333333333333,0.166666666665667,0.9,0.09090909090799,"N1-UNIQUE","E",1,0.0833333333333333,0.166666666665667
"N1","PASS",7,"o1_below_tiny",0.0833333333333333,0.166666666665667,0.9,0.090909090908,"N1-UNIQUE","E",1,0.0833333333333333,0.166666666665667
"N1","PASS",7,"o1_below_tiny",0.0833333333333333,0.166666666665667,0.9,0.09090909090801,"N1-UNIQUE","E",1,0.0833333333333333,0.166666666665667
"N1","PASS",7,"o1_below_tiny",0.0833333333333333,0.166666666665667,0.9,0.090909090909,"N1-UNIQUE","E",1,0.0833333333333333,0.166666666665667
"N1","PASS",7,"o1_below_tiny",0.0833333333333333,0.166666666665667,0.9,0.090909100908,"N1-UNIQUE","E",1,0.0833333333333333,0.166666666665667
"N1","PASS",7,"o1_below_tiny",0.0833333333333333,0.166666666665667,0.9,0.090909190908,"N1-UNIQUE","E",1,0.0833333333333333,0.166666666665667
"N1","PASS",7,"o1_below_tiny",0.0833333333333333,0.166666666665667,0.9,0.15789463684021,"N1-UNIQUE","E",1,0.0833333333333333,0.166666666665667
"N1","PASS",7,"o1_below_tiny",0.0833333333333333,0.166666666665667,0.9,0.157894636842105,"N1-UNIQUE","E",1,0.0833333333333333,0.166666666665667
"N1","PASS",7,"o1_below_tiny",0.0833333333333333,0.166666666665667,0.9,0.15789472684021,"N1-UNIQUE","E",1,0.0833333333333333,0.166666666665667
"N1","PASS",7,"o1_below_tiny",0.0833333333333333,0.166666666665667,0.9,0.157894726842105,"N1-UNIQUE","E",1,0.0833333333333333,0.166666666665667
"N1","PASS",7,"o1_below_tiny",0.0833333333333333,0.166666666665667,0.9,0.15789473683921,"N1-UNIQUE","E",1,0.0833333333333333,0.166666666665667
"N1","PASS",7,"o1_below_tiny",0.0833333333333333,0.166666666665667,0.9,0.1578947368402,"N1-UNIQUE","E",1,0.0833333333333333,0.166666666665667
"N1","PASS",7,"o1_below_tiny",0.0833333333333333,0.166666666665667,0.9,0.15789473684021,"N1-UNIQUE","E",1,0.0833333333333333,0.166666666665667
"N1","PASS",7,"o1_below_tiny",0.0833333333333333,0.166666666665667,0.9,0.15789473684022,"N1-UNIQUE","E",1,0.0833333333333333,0.166666666665667
"N1","PASS",7,"o1_below_tiny",0.0833333333333333,0.166666666665667,0.9,0.157894736841105,"N1-UNIQUE","E",1,0.0833333333333333,0.166666666665667
"N1","PASS",7,"o1_below_tiny",0.0833333333333333,0.166666666665667,0.9,0.15789473684121,"N1-UNIQUE","E",1,0.0833333333333333,0.166666666665667
"N1","PASS",7,"o1_below_tiny",0.0833333333333333,0.166666666665667,0.9,0.157894736842095,"N1-UNIQUE","E",1,0.0833333333333333,0.166666666665667
"N1","PASS",7,"o1_below_tiny",0.0833333333333333,0.166666666665667,0.9,0.157894736842105,"N1-UNIQUE","E",1,0.0833333333333333,0.166666666665667
"N1","PASS",7,"o1_below_tiny",0.0833333333333333,0.166666666665667,0.9,0.157894736842115,"N1-UNIQUE","E",1,0.0833333333333333,0.166666666665667
"N1","PASS",7,"o1_below_tiny",0.0833333333333333,0.166666666665667,0.9,0.157894736843105,"N1-UNIQUE","E",1,0.0833333333333333,0.166666666665667
"N1","PASS",7,"o1_below_tiny",0.0833333333333333,0.166666666665667,0.9,0.15789474684021,"N1-UNIQUE","E",1,0.0833333333333333,0.166666666665667
"N1","PASS",7,"o1_below_tiny",0.0833333333333333,0.166666666665667,0.9,0.157894746842105,"N1-UNIQUE","E",1,0.0833333333333333,0.166666666665667
"N1","PASS",7,"o1_below_tiny",0.0833333333333333,0.166666666665667,0.9,0.15789483684021,"N1-UNIQUE","E",1,0.0833333333333333,0.166666666665667
"N1","PASS",7,"o1_below_tiny",0.0833333333333333,0.166666666665667,0.9,0.157894836842105,"N1-UNIQUE","E",1,0.0833333333333333,0.166666666665667
"N1","PASS",7,"o1_below_tiny",0.0833333333333333,0.166666666665667,0.9,0.25,"N1-UNIQUE","E",1,0.0833333333333333,0.166666666665667
"N1","PASS",7,"o1_below_tiny",0.0833333333333333,0.166666666665667,0.9,0.5,"N1-UNIQUE","E",1,0.0833333333333333,0.166666666665667
"N1","PASS",7,"o1_below_tiny",0.0833333333333333,0.166666666665667,0.9,0.75,"N1-UNIQUE","E",1,0.0833333333333333,0.166666666665667
"N1","PASS",7,"o1_below_tiny",0.0833333333333333,0.166666666665667,0.9,0.95,"N1-UNIQUE","E",1,0.0833333333333333,0.166666666665667
"N1","PASS",7,"o1_below_tiny",0.0833333333333333,0.166666666665667,0.9,0.99999999,"N1-UNIQUE","E",1,0.0833333333333333,0.166666666665667
"N1","PASS",7,"o1_below_tiny",0.0833333333333333,0.166666666665667,0.9,0.999999999999,"N1-UNIQUE","E",1,0.0833333333333333,0.166666666665667
"N1","PASS",7,"o1_below_tiny",0.0833333333333333,0.166666666665667,0.9,0.99999999999999,"N1-UNIQUE","E",1,0.0833333333333333,0.166666666665667
"N1","PASS",7,"o1_below_tiny",0.0833333333333333,0.166666666665667,0.9,1,"N1-UNIQUE","E",1,0.0833333333333333,0.166666666665667
"N1","PASS",7,"o1_below_tiny",0.0833333333333333,0.166666666665667,0.99,0,"N1-UNIQUE","E",1,0.0833333333333333,0.166666666665667
"N1","PASS",7,"o1_below_tiny",0.0833333333333333,0.166666666665667,0.99,1e-14,"N1-UNIQUE","E",1,0.0833333333333333,0.166666666665667
"N1","PASS",7,"o1_below_tiny",0.0833333333333333,0.166666666665667,0.99,1e-12,"N1-UNIQUE","E",1,0.0833333333333333,0.166666666665667
"N1","PASS",7,"o1_below_tiny",0.0833333333333333,0.166666666665667,0.99,1e-08,"N1-UNIQUE","E",1,0.0833333333333333,0.166666666665667
"N1","PASS",7,"o1_below_tiny",0.0833333333333333,0.166666666665667,0.99,0.05,"N1-UNIQUE","E",1,0.0833333333333333,0.166666666665667
"N1","PASS",7,"o1_below_tiny",0.0833333333333333,0.166666666665667,0.99,0.090908990908,"N1-UNIQUE","E",1,0.0833333333333333,0.166666666665667
"N1","PASS",7,"o1_below_tiny",0.0833333333333333,0.166666666665667,0.99,0.090909080908,"N1-UNIQUE","E",1,0.0833333333333333,0.166666666665667
"N1","PASS",7,"o1_below_tiny",0.0833333333333333,0.166666666665667,0.99,0.090909090907,"N1-UNIQUE","E",1,0.0833333333333333,0.166666666665667
"N1","PASS",7,"o1_below_tiny",0.0833333333333333,0.166666666665667,0.99,0.09090909090799,"N1-UNIQUE","E",1,0.0833333333333333,0.166666666665667
"N1","PASS",7,"o1_below_tiny",0.0833333333333333,0.166666666665667,0.99,0.090909090908,"N1-UNIQUE","E",1,0.0833333333333333,0.166666666665667
"N1","PASS",7,"o1_below_tiny",0.0833333333333333,0.166666666665667,0.99,0.09090909090801,"N1-UNIQUE","E",1,0.0833333333333333,0.166666666665667
"N1","PASS",7,"o1_below_tiny",0.0833333333333333,0.166666666665667,0.99,0.090909090909,"N1-UNIQUE","E",1,0.0833333333333333,0.166666666665667
"N1","PASS",7,"o1_below_tiny",0.0833333333333333,0.166666666665667,0.99,0.090909100908,"N1-UNIQUE","E",1,0.0833333333333333,0.166666666665667
"N1","PASS",7,"o1_below_tiny",0.0833333333333333,0.166666666665667,0.99,0.090909190908,"N1-UNIQUE","E",1,0.0833333333333333,0.166666666665667
"N1","PASS",7,"o1_below_tiny",0.0833333333333333,0.166666666665667,0.99,0.195266172187006,"N1-UNIQUE","E",1,0.0833333333333333,0.166666666665667
"N1","PASS",7,"o1_below_tiny",0.0833333333333333,0.166666666665667,0.99,0.195266172189349,"N1-UNIQUE","E",1,0.0833333333333333,0.166666666665667
"N1","PASS",7,"o1_below_tiny",0.0833333333333333,0.166666666665667,0.99,0.195266262187006,"N1-UNIQUE","E",1,0.0833333333333333,0.166666666665667
"N1","PASS",7,"o1_below_tiny",0.0833333333333333,0.166666666665667,0.99,0.195266262189349,"N1-UNIQUE","E",1,0.0833333333333333,0.166666666665667
"N1","PASS",7,"o1_below_tiny",0.0833333333333333,0.166666666665667,0.99,0.195266272186006,"N1-UNIQUE","E",1,0.0833333333333333,0.166666666665667
"N1","PASS",7,"o1_below_tiny",0.0833333333333333,0.166666666665667,0.99,0.195266272186996,"N1-UNIQUE","E",1,0.0833333333333333,0.166666666665667
"N1","PASS",7,"o1_below_tiny",0.0833333333333333,0.166666666665667,0.99,0.195266272187006,"N1-UNIQUE","E",1,0.0833333333333333,0.166666666665667
"N1","PASS",7,"o1_below_tiny",0.0833333333333333,0.166666666665667,0.99,0.195266272187016,"N1-UNIQUE","E",1,0.0833333333333333,0.166666666665667
"N1","PASS",7,"o1_below_tiny",0.0833333333333333,0.166666666665667,0.99,0.195266272188006,"N1-UNIQUE","E",1,0.0833333333333333,0.166666666665667
"N1","PASS",7,"o1_below_tiny",0.0833333333333333,0.166666666665667,0.99,0.195266272188349,"N1-UNIQUE","E",1,0.0833333333333333,0.166666666665667
"N1","PASS",7,"o1_below_tiny",0.0833333333333333,0.166666666665667,0.99,0.195266272189339,"N1-UNIQUE","E",1,0.0833333333333333,0.166666666665667
"N1","PASS",7,"o1_below_tiny",0.0833333333333333,0.166666666665667,0.99,0.195266272189349,"N1-UNIQUE","E",1,0.0833333333333333,0.166666666665667
"N1","PASS",7,"o1_below_tiny",0.0833333333333333,0.166666666665667,0.99,0.195266272189359,"N1-UNIQUE","E",1,0.0833333333333333,0.166666666665667
"N1","PASS",7,"o1_below_tiny",0.0833333333333333,0.166666666665667,0.99,0.195266272190349,"N1-UNIQUE","E",1,0.0833333333333333,0.166666666665667
"N1","PASS",7,"o1_below_tiny",0.0833333333333333,0.166666666665667,0.99,0.195266282187006,"N1-UNIQUE","E",1,0.0833333333333333,0.166666666665667
"N1","PASS",7,"o1_below_tiny",0.0833333333333333,0.166666666665667,0.99,0.195266282189349,"N1-UNIQUE","E",1,0.0833333333333333,0.166666666665667
"N1","PASS",7,"o1_below_tiny",0.0833333333333333,0.166666666665667,0.99,0.195266372187006,"N1-UNIQUE","E",1,0.0833333333333333,0.166666666665667
"N1","PASS",7,"o1_below_tiny",0.0833333333333333,0.166666666665667,0.99,0.195266372189349,"N1-UNIQUE","E",1,0.0833333333333333,0.166666666665667
"N1","PASS",7,"o1_below_tiny",0.0833333333333333,0.166666666665667,0.99,0.25,"N1-UNIQUE","E",1,0.0833333333333333,0.166666666665667
"N1","PASS",7,"o1_below_tiny",0.0833333333333333,0.166666666665667,0.99,0.5,"N1-UNIQUE","E",1,0.0833333333333333,0.166666666665667
"N1","PASS",7,"o1_below_tiny",0.0833333333333333,0.166666666665667,0.99,0.75,"N1-UNIQUE","E",1,0.0833333333333333,0.166666666665667
"N1","PASS",7,"o1_below_tiny",0.0833333333333333,0.166666666665667,0.99,0.95,"N1-UNIQUE","E",1,0.0833333333333333,0.166666666665667
"N1","PASS",7,"o1_below_tiny",0.0833333333333333,0.166666666665667,0.99,0.99999999,"N1-UNIQUE","E",1,0.0833333333333333,0.166666666665667
"N1","PASS",7,"o1_below_tiny",0.0833333333333333,0.166666666665667,0.99,0.999999999999,"N1-UNIQUE","E",1,0.0833333333333333,0.166666666665667
"N1","PASS",7,"o1_below_tiny",0.0833333333333333,0.166666666665667,0.99,0.99999999999999,"N1-UNIQUE","E",1,0.0833333333333333,0.166666666665667
"N1","PASS",7,"o1_below_tiny",0.0833333333333333,0.166666666665667,0.99,1,"N1-UNIQUE","E",1,0.0833333333333333,0.166666666665667
"N1","PASS",7,"o1_above_tiny",0.0833333333333333,0.166666666667667,0.5,0,"N1-UNIQUE","E",1,0.0833333333333333,0.166666666667667
"N1","PASS",7,"o1_above_tiny",0.0833333333333333,0.166666666667667,0.5,1e-14,"N1-UNIQUE","E",1,0.0833333333333333,0.166666666667667
"N1","PASS",7,"o1_above_tiny",0.0833333333333333,0.166666666667667,0.5,1e-12,"N1-UNIQUE","E",1,0.0833333333333333,0.166666666667667
"N1","PASS",7,"o1_above_tiny",0.0833333333333333,0.166666666667667,0.5,1e-08,"N1-UNIQUE","E",1,0.0833333333333333,0.166666666667667
"N1","PASS",7,"o1_above_tiny",0.0833333333333333,0.166666666667667,0.5,0.05,"N1-UNIQUE","E",1,0.0833333333333333,0.166666666667667
"N1","PASS",7,"o1_above_tiny",0.0833333333333333,0.166666666667667,0.5,0.0588234294117647,"N1-UNIQUE","E",1,0.0833333333333333,0.166666666667667
"N1","PASS",7,"o1_above_tiny",0.0833333333333333,0.166666666667667,0.5,0.0588235194117647,"N1-UNIQUE","E",1,0.0833333333333333,0.166666666667667
"N1","PASS",7,"o1_above_tiny",0.0833333333333333,0.166666666667667,0.5,0.0588235294107647,"N1-UNIQUE","E",1,0.0833333333333333,0.166666666667667
"N1","PASS",7,"o1_above_tiny",0.0833333333333333,0.166666666667667,0.5,0.0588235294117547,"N1-UNIQUE","E",1,0.0833333333333333,0.166666666667667
"N1","PASS",7,"o1_above_tiny",0.0833333333333333,0.166666666667667,0.5,0.0588235294117647,"N1-UNIQUE","E",1,0.0833333333333333,0.166666666667667
"N1","PASS",7,"o1_above_tiny",0.0833333333333333,0.166666666667667,0.5,0.0588235294117747,"N1-UNIQUE","E",1,0.0833333333333333,0.166666666667667
"N1","PASS",7,"o1_above_tiny",0.0833333333333333,0.166666666667667,0.5,0.0588235294127647,"N1-UNIQUE","E",1,0.0833333333333333,0.166666666667667
"N1","PASS",7,"o1_above_tiny",0.0833333333333333,0.166666666667667,0.5,0.0588235394117647,"N1-UNIQUE","E",1,0.0833333333333333,0.166666666667667
"N1","PASS",7,"o1_above_tiny",0.0833333333333333,0.166666666667667,0.5,0.0588236294117647,"N1-UNIQUE","E",1,0.0833333333333333,0.166666666667667
"N1","PASS",7,"o1_above_tiny",0.0833333333333333,0.166666666667667,0.5,0.0909089909101818,"N1-UNIQUE","E",1,0.0833333333333333,0.166666666667667
"N1","PASS",7,"o1_above_tiny",0.0833333333333333,0.166666666667667,0.5,0.0909090809101818,"N1-UNIQUE","E",1,0.0833333333333333,0.166666666667667
"N1","PASS",7,"o1_above_tiny",0.0833333333333333,0.166666666667667,0.5,0.0909090909091818,"N1-UNIQUE","E",1,0.0833333333333333,0.166666666667667
"N1","PASS",7,"o1_above_tiny",0.0833333333333333,0.166666666667667,0.5,0.0909090909101718,"N1-UNIQUE","E",1,0.0833333333333333,0.166666666667667
"N1","PASS",7,"o1_above_tiny",0.0833333333333333,0.166666666667667,0.5,0.0909090909101818,"N1-UNIQUE","E",1,0.0833333333333333,0.166666666667667
"N1","PASS",7,"o1_above_tiny",0.0833333333333333,0.166666666667667,0.5,0.0909090909101918,"N1-UNIQUE","E",1,0.0833333333333333,0.166666666667667
"N1","PASS",7,"o1_above_tiny",0.0833333333333333,0.166666666667667,0.5,0.0909090909111818,"N1-UNIQUE","E",1,0.0833333333333333,0.166666666667667
"N1","PASS",7,"o1_above_tiny",0.0833333333333333,0.166666666667667,0.5,0.0909091009101818,"N1-UNIQUE","E",1,0.0833333333333333,0.166666666667667
"N1","PASS",7,"o1_above_tiny",0.0833333333333333,0.166666666667667,0.5,0.0909091909101818,"N1-UNIQUE","E",1,0.0833333333333333,0.166666666667667
"N1","PASS",7,"o1_above_tiny",0.0833333333333333,0.166666666667667,0.5,0.25,"N1-UNIQUE","E",1,0.0833333333333333,0.166666666667667
"N1","PASS",7,"o1_above_tiny",0.0833333333333333,0.166666666667667,0.5,0.5,"N1-UNIQUE","E",1,0.0833333333333333,0.166666666667667
"N1","PASS",7,"o1_above_tiny",0.0833333333333333,0.166666666667667,0.5,0.75,"N1-UNIQUE","E",1,0.0833333333333333,0.166666666667667
"N1","PASS",7,"o1_above_tiny",0.0833333333333333,0.166666666667667,0.5,0.95,"N1-UNIQUE","E",1,0.0833333333333333,0.166666666667667
"N1","PASS",7,"o1_above_tiny",0.0833333333333333,0.166666666667667,0.5,0.99999999,"N1-UNIQUE","E",1,0.0833333333333333,0.166666666667667
"N1","PASS",7,"o1_above_tiny",0.0833333333333333,0.166666666667667,0.5,0.999999999999,"N1-UNIQUE","E",1,0.0833333333333333,0.166666666667667
"N1","PASS",7,"o1_above_tiny",0.0833333333333333,0.166666666667667,0.5,0.99999999999999,"N1-UNIQUE","E",1,0.0833333333333333,0.166666666667667
"N1","PASS",7,"o1_above_tiny",0.0833333333333333,0.166666666667667,0.5,1,"N1-UNIQUE","E",1,0.0833333333333333,0.166666666667667
"N1","PASS",7,"o1_above_tiny",0.0833333333333333,0.166666666667667,0.9,0,"N1-UNIQUE","E",1,0.0833333333333333,0.166666666667667
"N1","PASS",7,"o1_above_tiny",0.0833333333333333,0.166666666667667,0.9,1e-14,"N1-UNIQUE","E",1,0.0833333333333333,0.166666666667667
"N1","PASS",7,"o1_above_tiny",0.0833333333333333,0.166666666667667,0.9,1e-12,"N1-UNIQUE","E",1,0.0833333333333333,0.166666666667667
"N1","PASS",7,"o1_above_tiny",0.0833333333333333,0.166666666667667,0.9,1e-08,"N1-UNIQUE","E",1,0.0833333333333333,0.166666666667667
"N1","PASS",7,"o1_above_tiny",0.0833333333333333,0.166666666667667,0.9,0.05,"N1-UNIQUE","E",1,0.0833333333333333,0.166666666667667
"N1","PASS",7,"o1_above_tiny",0.0833333333333333,0.166666666667667,0.9,0.0909089909101818,"N1-UNIQUE","E",1,0.0833333333333333,0.166666666667667
"N1","PASS",7,"o1_above_tiny",0.0833333333333333,0.166666666667667,0.9,0.0909090809101818,"N1-UNIQUE","E",1,0.0833333333333333,0.166666666667667
"N1","PASS",7,"o1_above_tiny",0.0833333333333333,0.166666666667667,0.9,0.0909090909091818,"N1-UNIQUE","E",1,0.0833333333333333,0.166666666667667
"N1","PASS",7,"o1_above_tiny",0.0833333333333333,0.166666666667667,0.9,0.0909090909101718,"N1-UNIQUE","E",1,0.0833333333333333,0.166666666667667
"N1","PASS",7,"o1_above_tiny",0.0833333333333333,0.166666666667667,0.9,0.0909090909101818,"N1-UNIQUE","E",1,0.0833333333333333,0.166666666667667
"N1","PASS",7,"o1_above_tiny",0.0833333333333333,0.166666666667667,0.9,0.0909090909101918,"N1-UNIQUE","E",1,0.0833333333333333,0.166666666667667
"N1","PASS",7,"o1_above_tiny",0.0833333333333333,0.166666666667667,0.9,0.0909090909111818,"N1-UNIQUE","E",1,0.0833333333333333,0.166666666667667
"N1","PASS",7,"o1_above_tiny",0.0833333333333333,0.166666666667667,0.9,0.0909091009101818,"N1-UNIQUE","E",1,0.0833333333333333,0.166666666667667
"N1","PASS",7,"o1_above_tiny",0.0833333333333333,0.166666666667667,0.9,0.0909091909101818,"N1-UNIQUE","E",1,0.0833333333333333,0.166666666667667
"N1","PASS",7,"o1_above_tiny",0.0833333333333333,0.166666666667667,0.9,0.157894636842105,"N1-UNIQUE","E",1,0.0833333333333333,0.166666666667667
"N1","PASS",7,"o1_above_tiny",0.0833333333333333,0.166666666667667,0.9,0.157894726842105,"N1-UNIQUE","E",1,0.0833333333333333,0.166666666667667
"N1","PASS",7,"o1_above_tiny",0.0833333333333333,0.166666666667667,0.9,0.157894736841105,"N1-UNIQUE","E",1,0.0833333333333333,0.166666666667667
"N1","PASS",7,"o1_above_tiny",0.0833333333333333,0.166666666667667,0.9,0.157894736842095,"N1-UNIQUE","E",1,0.0833333333333333,0.166666666667667
"N1","PASS",7,"o1_above_tiny",0.0833333333333333,0.166666666667667,0.9,0.157894736842105,"N1-UNIQUE","E",1,0.0833333333333333,0.166666666667667
"N1","PASS",7,"o1_above_tiny",0.0833333333333333,0.166666666667667,0.9,0.157894736842115,"N1-UNIQUE","E",1,0.0833333333333333,0.166666666667667
"N1","PASS",7,"o1_above_tiny",0.0833333333333333,0.166666666667667,0.9,0.157894736843105,"N1-UNIQUE","E",1,0.0833333333333333,0.166666666667667
"N1","PASS",7,"o1_above_tiny",0.0833333333333333,0.166666666667667,0.9,0.157894746842105,"N1-UNIQUE","E",1,0.0833333333333333,0.166666666667667
"N1","PASS",7,"o1_above_tiny",0.0833333333333333,0.166666666667667,0.9,0.157894836842105,"N1-UNIQUE","E",1,0.0833333333333333,0.166666666667667
"N1","PASS",7,"o1_above_tiny",0.0833333333333333,0.166666666667667,0.9,0.25,"N1-UNIQUE","E",1,0.0833333333333333,0.166666666667667
"N1","PASS",7,"o1_above_tiny",0.0833333333333333,0.166666666667667,0.9,0.5,"N1-UNIQUE","E",1,0.0833333333333333,0.166666666667667
"N1","PASS",7,"o1_above_tiny",0.0833333333333333,0.166666666667667,0.9,0.75,"N1-UNIQUE","E",1,0.0833333333333333,0.166666666667667
"N1","PASS",7,"o1_above_tiny",0.0833333333333333,0.166666666667667,0.9,0.95,"N1-UNIQUE","E",1,0.0833333333333333,0.166666666667667
"N1","PASS",7,"o1_above_tiny",0.0833333333333333,0.166666666667667,0.9,0.99999999,"N1-UNIQUE","E",1,0.0833333333333333,0.166666666667667
"N1","PASS",7,"o1_above_tiny",0.0833333333333333,0.166666666667667,0.9,0.999999999999,"N1-UNIQUE","E",1,0.0833333333333333,0.166666666667667
"N1","PASS",7,"o1_above_tiny",0.0833333333333333,0.166666666667667,0.9,0.99999999999999,"N1-UNIQUE","E",1,0.0833333333333333,0.166666666667667
"N1","PASS",7,"o1_above_tiny",0.0833333333333333,0.166666666667667,0.9,1,"N1-UNIQUE","E",1,0.0833333333333333,0.166666666667667
"N1","PASS",7,"o1_above_tiny",0.0833333333333333,0.166666666667667,0.99,0,"N1-UNIQUE","E",1,0.0833333333333333,0.166666666667667
"N1","PASS",7,"o1_above_tiny",0.0833333333333333,0.166666666667667,0.99,1e-14,"N1-UNIQUE","E",1,0.0833333333333333,0.166666666667667
"N1","PASS",7,"o1_above_tiny",0.0833333333333333,0.166666666667667,0.99,1e-12,"N1-UNIQUE","E",1,0.0833333333333333,0.166666666667667
"N1","PASS",7,"o1_above_tiny",0.0833333333333333,0.166666666667667,0.99,1e-08,"N1-UNIQUE","E",1,0.0833333333333333,0.166666666667667
"N1","PASS",7,"o1_above_tiny",0.0833333333333333,0.166666666667667,0.99,0.05,"N1-UNIQUE","E",1,0.0833333333333333,0.166666666667667
"N1","PASS",7,"o1_above_tiny",0.0833333333333333,0.166666666667667,0.99,0.0909089909101818,"N1-UNIQUE","E",1,0.0833333333333333,0.166666666667667
"N1","PASS",7,"o1_above_tiny",0.0833333333333333,0.166666666667667,0.99,0.0909090809101818,"N1-UNIQUE","E",1,0.0833333333333333,0.166666666667667
"N1","PASS",7,"o1_above_tiny",0.0833333333333333,0.166666666667667,0.99,0.0909090909091818,"N1-UNIQUE","E",1,0.0833333333333333,0.166666666667667
"N1","PASS",7,"o1_above_tiny",0.0833333333333333,0.166666666667667,0.99,0.0909090909101718,"N1-UNIQUE","E",1,0.0833333333333333,0.166666666667667
"N1","PASS",7,"o1_above_tiny",0.0833333333333333,0.166666666667667,0.99,0.0909090909101818,"N1-UNIQUE","E",1,0.0833333333333333,0.166666666667667
"N1","PASS",7,"o1_above_tiny",0.0833333333333333,0.166666666667667,0.99,0.0909090909101918,"N1-UNIQUE","E",1,0.0833333333333333,0.166666666667667
"N1","PASS",7,"o1_above_tiny",0.0833333333333333,0.166666666667667,0.99,0.0909090909111818,"N1-UNIQUE","E",1,0.0833333333333333,0.166666666667667
"N1","PASS",7,"o1_above_tiny",0.0833333333333333,0.166666666667667,0.99,0.0909091009101818,"N1-UNIQUE","E",1,0.0833333333333333,0.166666666667667
"N1","PASS",7,"o1_above_tiny",0.0833333333333333,0.166666666667667,0.99,0.0909091909101818,"N1-UNIQUE","E",1,0.0833333333333333,0.166666666667667
"N1","PASS",7,"o1_above_tiny",0.0833333333333333,0.166666666667667,0.99,0.195266172189349,"N1-UNIQUE","E",1,0.0833333333333333,0.166666666667667
"N1","PASS",7,"o1_above_tiny",0.0833333333333333,0.166666666667667,0.99,0.195266262189349,"N1-UNIQUE","E",1,0.0833333333333333,0.166666666667667
"N1","PASS",7,"o1_above_tiny",0.0833333333333333,0.166666666667667,0.99,0.195266272188349,"N1-UNIQUE","E",1,0.0833333333333333,0.166666666667667
"N1","PASS",7,"o1_above_tiny",0.0833333333333333,0.166666666667667,0.99,0.195266272189339,"N1-UNIQUE","E",1,0.0833333333333333,0.166666666667667
"N1","PASS",7,"o1_above_tiny",0.0833333333333333,0.166666666667667,0.99,0.195266272189349,"N1-UNIQUE","E",1,0.0833333333333333,0.166666666667667
"N1","PASS",7,"o1_above_tiny",0.0833333333333333,0.166666666667667,0.99,0.195266272189359,"N1-UNIQUE","E",1,0.0833333333333333,0.166666666667667
"N1","PASS",7,"o1_above_tiny",0.0833333333333333,0.166666666667667,0.99,0.195266272190349,"N1-UNIQUE","E",1,0.0833333333333333,0.166666666667667
"N1","PASS",7,"o1_above_tiny",0.0833333333333333,0.166666666667667,0.99,0.195266282189349,"N1-UNIQUE","E",1,0.0833333333333333,0.166666666667667
"N1","PASS",7,"o1_above_tiny",0.0833333333333333,0.166666666667667,0.99,0.195266372189349,"N1-UNIQUE","E",1,0.0833333333333333,0.166666666667667
"N1","PASS",7,"o1_above_tiny",0.0833333333333333,0.166666666667667,0.99,0.25,"N1-UNIQUE","E",1,0.0833333333333333,0.166666666667667
"N1","PASS",7,"o1_above_tiny",0.0833333333333333,0.166666666667667,0.99,0.5,"N1-UNIQUE","E",1,0.0833333333333333,0.166666666667667
"N1","PASS",7,"o1_above_tiny",0.0833333333333333,0.166666666667667,0.99,0.75,"N1-UNIQUE","E",1,0.0833333333333333,0.166666666667667
"N1","PASS",7,"o1_above_tiny",0.0833333333333333,0.166666666667667,0.99,0.95,"N1-UNIQUE","E",1,0.0833333333333333,0.166666666667667
"N1","PASS",7,"o1_above_tiny",0.0833333333333333,0.166666666667667,0.99,0.99999999,"N1-UNIQUE","E",1,0.0833333333333333,0.166666666667667
"N1","PASS",7,"o1_above_tiny",0.0833333333333333,0.166666666667667,0.99,0.999999999999,"N1-UNIQUE","E",1,0.0833333333333333,0.166666666667667
"N1","PASS",7,"o1_above_tiny",0.0833333333333333,0.166666666667667,0.99,0.99999999999999,"N1-UNIQUE","E",1,0.0833333333333333,0.166666666667667
"N1","PASS",7,"o1_above_tiny",0.0833333333333333,0.166666666667667,0.99,1,"N1-UNIQUE","E",1,0.0833333333333333,0.166666666667667
"N1","PASS",7,"o0_below_tiny",0.166666666665667,0.375,0.5,0,"N1-UNIQUE","E",1,0.166666666665667,0.375
"N1","PASS",7,"o0_below_tiny",0.166666666665667,0.375,0.5,1e-14,"N1-UNIQUE","E",1,0.166666666665667,0.375
"N1","PASS",7,"o0_below_tiny",0.166666666665667,0.375,0.5,7.40004225391058e-13,"N1-UNIQUE","E",1,0.166666666665667,0.375
"N1","PASS",7,"o0_below_tiny",0.166666666665667,0.375,0.5,7.50004225391058e-13,"N1-UNIQUE","E",1,0.166666666665667,0.375
"N1","PASS",7,"o0_below_tiny",0.166666666665667,0.375,0.5,7.60004225391058e-13,"N1-UNIQUE","E",1,0.166666666665667,0.375
"N1","PASS",7,"o0_below_tiny",0.166666666665667,0.375,0.5,1e-12,"N1-UNIQUE","E",1,0.166666666665667,0.375
"N1","PASS",7,"o0_below_tiny",0.166666666665667,0.375,0.5,1.75000422539106e-12,"N1-UNIQUE","E",1,0.166666666665667,0.375
"N1","PASS",7,"o0_below_tiny",0.166666666665667,0.375,0.5,1e-08,"N1-UNIQUE","E",1,0.166666666665667,0.375
"N1","PASS",7,"o0_below_tiny",0.166666666665667,0.375,0.5,1.00007500042254e-08,"N1-UNIQUE","E",1,0.166666666665667,0.375
"N1","PASS",7,"o0_below_tiny",0.166666666665667,0.375,0.5,1.00000750004225e-07,"N1-UNIQUE","E",1,0.166666666665667,0.375
"N1","PASS",7,"o0_below_tiny",0.166666666665667,0.375,0.5,0.05,"N1-UNIQUE","E",1,0.166666666665667,0.375
"N1","PASS",7,"o0_below_tiny",0.166666666665667,0.375,0.5,0.2499999000009,"N1-UNIQUE","E",1,0.166666666665667,0.375
"N1","PASS",7,"o0_below_tiny",0.166666666665667,0.375,0.5,0.2499999900009,"N1-UNIQUE","E",1,0.166666666665667,0.375
"N1","PASS",7,"o0_below_tiny",0.166666666665667,0.375,0.5,0.2499999999999,"N1-UNIQUE","E",1,0.166666666665667,0.375
"N1","PASS",7,"o0_below_tiny",0.166666666665667,0.375,0.5,0.25,"N1-UNIQUE","E",1,0.166666666665667,0.375
"N1","PASS",7,"o0_below_tiny",0.166666666665667,0.375,0.5,0.25000000000089,"N1-UNIQUE","E",1,0.166666666665667,0.375
"N1","PASS",7,"o0_below_tiny",0.166666666665667,0.375,0.5,0.2500000000009,"N1-UNIQUE","E",1,0.166666666665667,0.375
"N1","PASS",7,"o0_below_tiny",0.166666666665667,0.375,0.5,0.25000000000091,"N1-UNIQUE","E",1,0.166666666665667,0.375
"N1","PASS",7,"o0_below_tiny",0.166666666665667,0.375,0.5,0.2500000000019,"N1-UNIQUE","E",1,0.166666666665667,0.375
"N1","PASS",7,"o0_below_tiny",0.166666666665667,0.375,0.5,0.2500000100009,"N1-UNIQUE","E",1,0.166666666665667,0.375
"N1","PASS",7,"o0_below_tiny",0.166666666665667,0.375,0.5,0.2500001000009,"N1-UNIQUE","E",1,0.166666666665667,0.375
"N1","PASS",7,"o0_below_tiny",0.166666666665667,0.375,0.5,0.5,"N1-UNIQUE","E",1,0.166666666665667,0.375
"N1","PASS",7,"o0_below_tiny",0.166666666665667,0.375,0.5,0.75,"N1-UNIQUE","E",1,0.166666666665667,0.375
"N1","PASS",7,"o0_below_tiny",0.166666666665667,0.375,0.5,0.95,"N1-UNIQUE","E",1,0.166666666665667,0.375
"N1","PASS",7,"o0_below_tiny",0.166666666665667,0.375,0.5,0.99999999,"N1-UNIQUE","E",1,0.166666666665667,0.375
"N1","PASS",7,"o0_below_tiny",0.166666666665667,0.375,0.5,0.999999999999,"N1-UNIQUE","E",1,0.166666666665667,0.375
"N1","PASS",7,"o0_below_tiny",0.166666666665667,0.375,0.5,0.99999999999999,"N1-UNIQUE","E",1,0.166666666665667,0.375
"N1","PASS",7,"o0_below_tiny",0.166666666665667,0.375,0.5,1,"N1-UNIQUE","E",1,0.166666666665667,0.375
"N1","PASS",7,"o0_below_tiny",0.166666666665667,0.375,0.9,0,"N1-UNIQUE","E",1,0.166666666665667,0.375
"N1","PASS",7,"o0_below_tiny",0.166666666665667,0.375,0.9,1e-14,"N1-UNIQUE","E",1,0.166666666665667,0.375
"N1","PASS",7,"o0_below_tiny",0.166666666665667,0.375,0.9,1e-12,"N1-UNIQUE","E",1,0.166666666665667,0.375
"N1","PASS",7,"o0_below_tiny",0.166666666665667,0.375,0.9,1.2500126761698e-12,"N1-UNIQUE","E",1,0.166666666665667,0.375
"N1","PASS",7,"o0_below_tiny",0.166666666665667,0.375,0.9,2.2400126761698e-12,"N1-UNIQUE","E",1,0.166666666665667,0.375
"N1","PASS",7,"o0_below_tiny",0.166666666665667,0.375,0.9,2.2500126761698e-12,"N1-UNIQUE","E",1,0.166666666665667,0.375
"N1","PASS",7,"o0_below_tiny",0.166666666665667,0.375,0.9,2.2600126761698e-12,"N1-UNIQUE","E",1,0.166666666665667,0.375
"N1","PASS",7,"o0_below_tiny",0.166666666665667,0.375,0.9,3.2500126761698e-12,"N1-UNIQUE","E",1,0.166666666665667,0.375
"N1","PASS",7,"o0_below_tiny",0.166666666665667,0.375,0.9,1e-08,"N1-UNIQUE","E",1,0.166666666665667,0.375
"N1","PASS",7,"o0_below_tiny",0.166666666665667,0.375,0.9,1.00022500126762e-08,"N1-UNIQUE","E",1,0.166666666665667,0.375
"N1","PASS",7,"o0_below_tiny",0.166666666665667,0.375,0.9,1.00002250012676e-07,"N1-UNIQUE","E",1,0.166666666665667,0.375
"N1","PASS",7,"o0_below_tiny",0.166666666665667,0.375,0.9,0.05,"N1-UNIQUE","E",1,0.166666666665667,0.375
"N1","PASS",7,"o0_below_tiny",0.166666666665667,0.375,0.9,0.2499999000009,"N1-UNIQUE","E",1,0.166666666665667,0.375
"N1","PASS",7,"o0_below_tiny",0.166666666665667,0.375,0.9,0.2499999900009,"N1-UNIQUE","E",1,0.166666666665667,0.375
"N1","PASS",7,"o0_below_tiny",0.166666666665667,0.375,0.9,0.2499999999999,"N1-UNIQUE","E",1,0.166666666665667,0.375
"N1","PASS",7,"o0_below_tiny",0.166666666665667,0.375,0.9,0.25,"N1-UNIQUE","E",1,0.166666666665667,0.375
"N1","PASS",7,"o0_below_tiny",0.166666666665667,0.375,0.9,0.25000000000089,"N1-UNIQUE","E",1,0.166666666665667,0.375
"N1","PASS",7,"o0_below_tiny",0.166666666665667,0.375,0.9,0.2500000000009,"N1-UNIQUE","E",1,0.166666666665667,0.375
"N1","PASS",7,"o0_below_tiny",0.166666666665667,0.375,0.9,0.25000000000091,"N1-UNIQUE","E",1,0.166666666665667,0.375
"N1","PASS",7,"o0_below_tiny",0.166666666665667,0.375,0.9,0.2500000000019,"N1-UNIQUE","E",1,0.166666666665667,0.375
"N1","PASS",7,"o0_below_tiny",0.166666666665667,0.375,0.9,0.2500000100009,"N1-UNIQUE","E",1,0.166666666665667,0.375
"N1","PASS",7,"o0_below_tiny",0.166666666665667,0.375,0.9,0.2500001000009,"N1-UNIQUE","E",1,0.166666666665667,0.375
"N1","PASS",7,"o0_below_tiny",0.166666666665667,0.375,0.9,0.5,"N1-UNIQUE","E",1,0.166666666665667,0.375
"N1","PASS",7,"o0_below_tiny",0.166666666665667,0.375,0.9,0.75,"N1-UNIQUE","E",1,0.166666666665667,0.375
"N1","PASS",7,"o0_below_tiny",0.166666666665667,0.375,0.9,0.95,"N1-UNIQUE","E",1,0.166666666665667,0.375
"N1","PASS",7,"o0_below_tiny",0.166666666665667,0.375,0.9,0.99999999,"N1-UNIQUE","E",1,0.166666666665667,0.375
"N1","PASS",7,"o0_below_tiny",0.166666666665667,0.375,0.9,0.999999999999,"N1-UNIQUE","E",1,0.166666666665667,0.375
"N1","PASS",7,"o0_below_tiny",0.166666666665667,0.375,0.9,0.99999999999999,"N1-UNIQUE","E",1,0.166666666665667,0.375
"N1","PASS",7,"o0_below_tiny",0.166666666665667,0.375,0.9,1,"N1-UNIQUE","E",1,0.166666666665667,0.375
"N1","PASS",7,"o0_below_tiny",0.166666666665667,0.375,0.99,0,"N1-UNIQUE","E",1,0.166666666665667,0.375
"N1","PASS",7,"o0_below_tiny",0.166666666665667,0.375,0.99,1e-14,"N1-UNIQUE","E",1,0.166666666665667,0.375
"N1","PASS",7,"o0_below_tiny",0.166666666665667,0.375,0.99,1e-12,"N1-UNIQUE","E",1,0.166666666665667,0.375
"N1","PASS",7,"o0_below_tiny",0.166666666665667,0.375,0.99,1.91178111033546e-12,"N1-UNIQUE","E",1,0.166666666665667,0.375
"N1","PASS",7,"o0_below_tiny",0.166666666665667,0.375,0.99,2.90178111033546e-12,"N1-UNIQUE","E",1,0.166666666665667,0.375
"N1","PASS",7,"o0_below_tiny",0.166666666665667,0.375,0.99,2.91178111033546e-12,"N1-UNIQUE","E",1,0.166666666665667,0.375
"N1","PASS",7,"o0_below_tiny",0.166666666665667,0.375,0.99,2.92178111033546e-12,"N1-UNIQUE","E",1,0.166666666665667,0.375
"N1","PASS",7,"o0_below_tiny",0.166666666665667,0.375,0.99,3.91178111033546e-12,"N1-UNIQUE","E",1,0.166666666665667,0.375
"N1","PASS",7,"o0_below_tiny",0.166666666665667,0.375,0.99,1e-08,"N1-UNIQUE","E",1,0.166666666665667,0.375
"N1","PASS",7,"o0_below_tiny",0.166666666665667,0.375,0.99,1.00029117811103e-08,"N1-UNIQUE","E",1,0.166666666665667,0.375
"N1","PASS",7,"o0_below_tiny",0.166666666665667,0.375,0.99,1.0000291178111e-07,"N1-UNIQUE","E",1,0.166666666665667,0.375
"N1","PASS",7,"o0_below_tiny",0.166666666665667,0.375,0.99,0.05,"N1-UNIQUE","E",1,0.166666666665667,0.375
"N1","PASS",7,"o0_below_tiny",0.166666666665667,0.375,0.99,0.2499999000009,"N1-UNIQUE","E",1,0.166666666665667,0.375
"N1","PASS",7,"o0_below_tiny",0.166666666665667,0.375,0.99,0.2499999900009,"N1-UNIQUE","E",1,0.166666666665667,0.375
"N1","PASS",7,"o0_below_tiny",0.166666666665667,0.375,0.99,0.2499999999999,"N1-UNIQUE","E",1,0.166666666665667,0.375
"N1","PASS",7,"o0_below_tiny",0.166666666665667,0.375,0.99,0.25,"N1-UNIQUE","E",1,0.166666666665667,0.375
"N1","PASS",7,"o0_below_tiny",0.166666666665667,0.375,0.99,0.25000000000089,"N1-UNIQUE","E",1,0.166666666665667,0.375
"N1","PASS",7,"o0_below_tiny",0.166666666665667,0.375,0.99,0.2500000000009,"N1-UNIQUE","E",1,0.166666666665667,0.375
"N1","PASS",7,"o0_below_tiny",0.166666666665667,0.375,0.99,0.25000000000091,"N1-UNIQUE","E",1,0.166666666665667,0.375
"N1","PASS",7,"o0_below_tiny",0.166666666665667,0.375,0.99,0.2500000000019,"N1-UNIQUE","E",1,0.166666666665667,0.375
"N1","PASS",7,"o0_below_tiny",0.166666666665667,0.375,0.99,0.2500000100009,"N1-UNIQUE","E",1,0.166666666665667,0.375
"N1","PASS",7,"o0_below_tiny",0.166666666665667,0.375,0.99,0.2500001000009,"N1-UNIQUE","E",1,0.166666666665667,0.375
"N1","PASS",7,"o0_below_tiny",0.166666666665667,0.375,0.99,0.5,"N1-UNIQUE","E",1,0.166666666665667,0.375
"N1","PASS",7,"o0_below_tiny",0.166666666665667,0.375,0.99,0.75,"N1-UNIQUE","E",1,0.166666666665667,0.375
"N1","PASS",7,"o0_below_tiny",0.166666666665667,0.375,0.99,0.95,"N1-UNIQUE","E",1,0.166666666665667,0.375
"N1","PASS",7,"o0_below_tiny",0.166666666665667,0.375,0.99,0.99999999,"N1-UNIQUE","E",1,0.166666666665667,0.375
"N1","PASS",7,"o0_below_tiny",0.166666666665667,0.375,0.99,0.999999999999,"N1-UNIQUE","E",1,0.166666666665667,0.375
"N1","PASS",7,"o0_below_tiny",0.166666666665667,0.375,0.99,0.99999999999999,"N1-UNIQUE","E",1,0.166666666665667,0.375
"N1","PASS",7,"o0_below_tiny",0.166666666665667,0.375,0.99,1,"N1-UNIQUE","E",1,0.166666666665667,0.375
"N1","PASS",7,"o0_above_tiny",0.166666666667667,0.375,0.5,0,"N1-UNIQUE","E",1,0.166666666667667,0.375
"N1","PASS",7,"o0_above_tiny",0.166666666667667,0.375,0.5,1e-14,"N1-UNIQUE","E",1,0.166666666667667,0.375
"N1","PASS",7,"o0_above_tiny",0.166666666667667,0.375,0.5,1e-12,"N1-UNIQUE","E",1,0.166666666667667,0.375
"N1","PASS",7,"o0_above_tiny",0.166666666667667,0.375,0.5,1e-08,"N1-UNIQUE","E",1,0.166666666667667,0.375
"N1","PASS",7,"o0_above_tiny",0.166666666667667,0.375,0.5,0.05,"N1-UNIQUE","E",1,0.166666666667667,0.375
"N1","PASS",7,"o0_above_tiny",0.166666666667667,0.375,0.5,0.2499998999991,"N1-UNIQUE","E",1,0.166666666667667,0.375
"N1","PASS",7,"o0_above_tiny",0.166666666667667,0.375,0.5,0.2499999899991,"N1-UNIQUE","E",1,0.166666666667667,0.375
"N1","PASS",7,"o0_above_tiny",0.166666666667667,0.375,0.5,0.2499999999981,"N1-UNIQUE","E",1,0.166666666667667,0.375
"N1","PASS",7,"o0_above_tiny",0.166666666667667,0.375,0.5,0.24999999999909,"N1-UNIQUE","E",1,0.166666666667667,0.375
"N1","PASS",7,"o0_above_tiny",0.166666666667667,0.375,0.5,0.2499999999991,"N1-UNIQUE","E",1,0.166666666667667,0.375
"N1","PASS",7,"o0_above_tiny",0.166666666667667,0.375,0.5,0.24999999999911,"N1-UNIQUE","E",1,0.166666666667667,0.375
"N1","PASS",7,"o0_above_tiny",0.166666666667667,0.375,0.5,0.25,"N1-UNIQUE","E",1,0.166666666667667,0.375
"N1","PASS",7,"o0_above_tiny",0.166666666667667,0.375,0.5,0.2500000000001,"N1-UNIQUE","E",1,0.166666666667667,0.375
"N1","PASS",7,"o0_above_tiny",0.166666666667667,0.375,0.5,0.2500000099991,"N1-UNIQUE","E",1,0.166666666667667,0.375
"N1","PASS",7,"o0_above_tiny",0.166666666667667,0.375,0.5,0.2500000999991,"N1-UNIQUE","E",1,0.166666666667667,0.375
"N1","PASS",7,"o0_above_tiny",0.166666666667667,0.375,0.5,0.5,"N1-UNIQUE","E",1,0.166666666667667,0.375
"N1","PASS",7,"o0_above_tiny",0.166666666667667,0.375,0.5,0.75,"N1-UNIQUE","E",1,0.166666666667667,0.375
"N1","PASS",7,"o0_above_tiny",0.166666666667667,0.375,0.5,0.95,"N1-UNIQUE","E",1,0.166666666667667,0.375
"N1","PASS",7,"o0_above_tiny",0.166666666667667,0.375,0.5,0.99999999,"N1-UNIQUE","E",1,0.166666666667667,0.375
"N1","PASS",7,"o0_above_tiny",0.166666666667667,0.375,0.5,0.999999999999,"N1-UNIQUE","E",1,0.166666666667667,0.375
"N1","PASS",7,"o0_above_tiny",0.166666666667667,0.375,0.5,0.99999999999999,"N1-UNIQUE","E",1,0.166666666667667,0.375
"N1","PASS",7,"o0_above_tiny",0.166666666667667,0.375,0.5,1,"N1-UNIQUE","E",1,0.166666666667667,0.375
"N1","PASS",7,"o0_above_tiny",0.166666666667667,0.375,0.9,0,"N1-UNIQUE","E",1,0.166666666667667,0.375
"N1","PASS",7,"o0_above_tiny",0.166666666667667,0.375,0.9,1e-14,"N1-UNIQUE","E",1,0.166666666667667,0.375
"N1","PASS",7,"o0_above_tiny",0.166666666667667,0.375,0.9,1e-12,"N1-UNIQUE","E",1,0.166666666667667,0.375
"N1","PASS",7,"o0_above_tiny",0.166666666667667,0.375,0.9,1e-08,"N1-UNIQUE","E",1,0.166666666667667,0.375
"N1","PASS",7,"o0_above_tiny",0.166666666667667,0.375,0.9,0.05,"N1-UNIQUE","E",1,0.166666666667667,0.375
"N1","PASS",7,"o0_above_tiny",0.166666666667667,0.375,0.9,0.2499998999991,"N1-UNIQUE","E",1,0.166666666667667,0.375
"N1","PASS",7,"o0_above_tiny",0.166666666667667,0.375,0.9,0.2499999899991,"N1-UNIQUE","E",1,0.166666666667667,0.375
"N1","PASS",7,"o0_above_tiny",0.166666666667667,0.375,0.9,0.2499999999981,"N1-UNIQUE","E",1,0.166666666667667,0.375
"N1","PASS",7,"o0_above_tiny",0.166666666667667,0.375,0.9,0.24999999999909,"N1-UNIQUE","E",1,0.166666666667667,0.375
"N1","PASS",7,"o0_above_tiny",0.166666666667667,0.375,0.9,0.2499999999991,"N1-UNIQUE","E",1,0.166666666667667,0.375
"N1","PASS",7,"o0_above_tiny",0.166666666667667,0.375,0.9,0.24999999999911,"N1-UNIQUE","E",1,0.166666666667667,0.375
"N1","PASS",7,"o0_above_tiny",0.166666666667667,0.375,0.9,0.25,"N1-UNIQUE","E",1,0.166666666667667,0.375
"N1","PASS",7,"o0_above_tiny",0.166666666667667,0.375,0.9,0.2500000000001,"N1-UNIQUE","E",1,0.166666666667667,0.375
"N1","PASS",7,"o0_above_tiny",0.166666666667667,0.375,0.9,0.2500000099991,"N1-UNIQUE","E",1,0.166666666667667,0.375
"N1","PASS",7,"o0_above_tiny",0.166666666667667,0.375,0.9,0.2500000999991,"N1-UNIQUE","E",1,0.166666666667667,0.375
"N1","PASS",7,"o0_above_tiny",0.166666666667667,0.375,0.9,0.5,"N1-UNIQUE","E",1,0.166666666667667,0.375
"N1","PASS",7,"o0_above_tiny",0.166666666667667,0.375,0.9,0.75,"N1-UNIQUE","E",1,0.166666666667667,0.375
"N1","PASS",7,"o0_above_tiny",0.166666666667667,0.375,0.9,0.95,"N1-UNIQUE","E",1,0.166666666667667,0.375
"N1","PASS",7,"o0_above_tiny",0.166666666667667,0.375,0.9,0.99999999,"N1-UNIQUE","E",1,0.166666666667667,0.375
"N1","PASS",7,"o0_above_tiny",0.166666666667667,0.375,0.9,0.999999999999,"N1-UNIQUE","E",1,0.166666666667667,0.375
"N1","PASS",7,"o0_above_tiny",0.166666666667667,0.375,0.9,0.99999999999999,"N1-UNIQUE","E",1,0.166666666667667,0.375
"N1","PASS",7,"o0_above_tiny",0.166666666667667,0.375,0.9,1,"N1-UNIQUE","E",1,0.166666666667667,0.375
"N1","PASS",7,"o0_above_tiny",0.166666666667667,0.375,0.99,0,"N1-UNIQUE","E",1,0.166666666667667,0.375
"N1","PASS",7,"o0_above_tiny",0.166666666667667,0.375,0.99,1e-14,"N1-UNIQUE","E",1,0.166666666667667,0.375
"N1","PASS",7,"o0_above_tiny",0.166666666667667,0.375,0.99,1e-12,"N1-UNIQUE","E",1,0.166666666667667,0.375
"N1","PASS",7,"o0_above_tiny",0.166666666667667,0.375,0.99,1e-08,"N1-UNIQUE","E",1,0.166666666667667,0.375
"N1","PASS",7,"o0_above_tiny",0.166666666667667,0.375,0.99,0.05,"N1-UNIQUE","E",1,0.166666666667667,0.375
"N1","PASS",7,"o0_above_tiny",0.166666666667667,0.375,0.99,0.2499998999991,"N1-UNIQUE","E",1,0.166666666667667,0.375
"N1","PASS",7,"o0_above_tiny",0.166666666667667,0.375,0.99,0.2499999899991,"N1-UNIQUE","E",1,0.166666666667667,0.375
"N1","PASS",7,"o0_above_tiny",0.166666666667667,0.375,0.99,0.2499999999981,"N1-UNIQUE","E",1,0.166666666667667,0.375
"N1","PASS",7,"o0_above_tiny",0.166666666667667,0.375,0.99,0.24999999999909,"N1-UNIQUE","E",1,0.166666666667667,0.375
"N1","PASS",7,"o0_above_tiny",0.166666666667667,0.375,0.99,0.2499999999991,"N1-UNIQUE","E",1,0.166666666667667,0.375
"N1","PASS",7,"o0_above_tiny",0.166666666667667,0.375,0.99,0.24999999999911,"N1-UNIQUE","E",1,0.166666666667667,0.375
"N1","PASS",7,"o0_above_tiny",0.166666666667667,0.375,0.99,0.25,"N1-UNIQUE","E",1,0.166666666667667,0.375
"N1","PASS",7,"o0_above_tiny",0.166666666667667,0.375,0.99,0.2500000000001,"N1-UNIQUE","E",1,0.166666666667667,0.375
"N1","PASS",7,"o0_above_tiny",0.166666666667667,0.375,0.99,0.2500000099991,"N1-UNIQUE","E",1,0.166666666667667,0.375
"N1","PASS",7,"o0_above_tiny",0.166666666667667,0.375,0.99,0.2500000999991,"N1-UNIQUE","E",1,0.166666666667667,0.375
"N1","PASS",7,"o0_above_tiny",0.166666666667667,0.375,0.99,0.5,"N1-UNIQUE","E",1,0.166666666667667,0.375
"N1","PASS",7,"o0_above_tiny",0.166666666667667,0.375,0.99,0.75,"N1-UNIQUE","E",1,0.166666666667667,0.375
"N1","PASS",7,"o0_above_tiny",0.166666666667667,0.375,0.99,0.95,"N1-UNIQUE","E",1,0.166666666667667,0.375
"N1","PASS",7,"o0_above_tiny",0.166666666667667,0.375,0.99,0.99999999,"N1-UNIQUE","E",1,0.166666666667667,0.375
"N1","PASS",7,"o0_above_tiny",0.166666666667667,0.375,0.99,0.999999999999,"N1-UNIQUE","E",1,0.166666666667667,0.375
"N1","PASS",7,"o0_above_tiny",0.166666666667667,0.375,0.99,0.99999999999999,"N1-UNIQUE","E",1,0.166666666667667,0.375
"N1","PASS",7,"o0_above_tiny",0.166666666667667,0.375,0.99,1,"N1-UNIQUE","E",1,0.166666666667667,0.375
"N2","PASS",5,"below",0.0625,0.125,0.5,0,"N2-LOW-TYPE-ONLY","S",0.9375,0.0625,0.125
"N2","PASS",5,"below",0.0625,0.125,0.5,1e-14,"N2-LOW-TYPE-ONLY","S",0.937499999999991,0.0625,0.125
"N2","PASS",5,"below",0.0625,0.125,0.5,1e-12,"N2-LOW-TYPE-ONLY","S",0.937499999999063,0.0625,0.125
"N2","PASS",5,"below",0.0625,0.125,0.5,1e-08,"N2-LOW-TYPE-ONLY","S",0.937499990625,0.0625,0.125
"N2","PASS",5,"below",0.0625,0.125,0.5,0.0434781608695652,"N2-LOW-TYPE-ONLY","S",0.896739224184783,0.0625,0.125
"N2","PASS",5,"below",0.0625,0.125,0.5,0.0434782508695652,"N2-LOW-TYPE-ONLY","S",0.896739139809783,0.0625,0.125
"N2","PASS",5,"below",0.0625,0.125,0.5,0.0434782608685652,"N2-LOW-TYPE-ONLY","S",0.89673913043572,0.0625,0.125
"N2","PASS",5,"below",0.0625,0.125,0.5,0.0434782608695552,"N2-LOW-TYPE-ONLY","S",0.896739130434792,0.0625,0.125
"N2","PASS",5,"below",0.0625,0.125,0.5,0.0434782608695652,"N2-LOW-TYPE-ONLY","S",0.896739130434783,0.0625,0.125
"N2","PASS",5,"below",0.0625,0.125,0.5,0.0434782608695752,"N2-LOW-TYPE-ONLY","S",0.896739130434773,0.0625,0.125
"N2","PASS",5,"below",0.0625,0.125,0.5,0.0434782608705652,"N2-LOW-TYPE-ONLY","S",0.896739130433845,0.0625,0.125
"N2","PASS",5,"below",0.0625,0.125,0.5,0.0434782708695652,"N2-LOW-TYPE-ONLY","S",0.896739121059783,0.0625,0.125
"N2","PASS",5,"below",0.0625,0.125,0.5,0.0434783608695652,"N2-LOW-TYPE-ONLY","S",0.896739036684783,0.0625,0.125
"N2","PASS",5,"below",0.0625,0.125,0.5,0.05,"N2-LOW-TYPE-ONLY","S",0.890625,0.0625,0.125
"N2","PASS",5,"below",0.0625,0.125,0.5,0.0666665666666667,"N2-LOW-TYPE-ONLY","S",0.87500009375,0.0625,0.125
"N2","PASS",5,"below",0.0625,0.125,0.5,0.0666666566666667,"N2-LOW-TYPE-ONLY","S",0.875000009375,0.0625,0.125
"N2","PASS",5,"below",0.0625,0.125,0.5,0.0666666666656667,"N2-LOW-TYPE-ONLY","S",0.875000000000937,0.0625,0.125
"N2","PASS",5,"below",0.0625,0.125,0.5,0.0666666666666567,"N2-LOW-TYPE-ONLY","S",0.875000000000009,0.0625,0.125
"N2","PASS",5,"below",0.0625,0.125,0.5,0.0666666666666667,"N2-LOW-TYPE-ONLY","S",0.875,0.0625,0.125
"N2","PASS",5,"below",0.0625,0.125,0.5,0.0666666666666767,"N2-POOLING","P",0.875,0.125,0.125
"N2","PASS",5,"below",0.0625,0.125,0.5,0.0666666666676667,"N2-POOLING","P",0.875,0.125,0.125
"N2","PASS",5,"below",0.0625,0.125,0.5,0.0666666766666667,"N2-POOLING","P",0.875,0.125,0.125
"N2","PASS",5,"below",0.0625,0.125,0.5,0.0666667666666667,"N2-POOLING","P",0.875,0.125,0.125
"N2","PASS",5,"below",0.0625,0.125,0.5,0.130434682608696,"N2-POOLING","P",0.875,0.125,0.125
"N2","PASS",5,"below",0.0625,0.125,0.5,0.130434772608696,"N2-POOLING","P",0.875,0.125,0.125
"N2","PASS",5,"below",0.0625,0.125,0.5,0.130434782607696,"N2-POOLING","P",0.875,0.125,0.125
"N2","PASS",5,"below",0.0625,0.125,0.5,0.130434782608686,"N2-POOLING","P",0.875,0.125,0.125
"N2","PASS",5,"below",0.0625,0.125,0.5,0.130434782608696,"N2-POOLING","P",0.875,0.125,0.125
"N2","PASS",5,"below",0.0625,0.125,0.5,0.130434782608706,"N2-POOLING","P",0.875,0.125,0.125
"N2","PASS",5,"below",0.0625,0.125,0.5,0.130434782609696,"N2-POOLING","P",0.875,0.125,0.125
"N2","PASS",5,"below",0.0625,0.125,0.5,0.130434792608696,"N2-POOLING","P",0.875,0.125,0.125
"N2","PASS",5,"below",0.0625,0.125,0.5,0.130434882608696,"N2-POOLING","P",0.875,0.125,0.125
"N2","PASS",5,"below",0.0625,0.125,0.5,0.25,"N2-POOLING","P",0.875,0.125,0.125
"N2","PASS",5,"below",0.0625,0.125,0.5,0.5,"N2-POOLING","P",0.875,0.125,0.125
"N2","PASS",5,"below",0.0625,0.125,0.5,0.75,"N2-POOLING","P",0.875,0.125,0.125
"N2","PASS",5,"below",0.0625,0.125,0.5,0.95,"N2-POOLING","P",0.875,0.125,0.125
"N2","PASS",5,"below",0.0625,0.125,0.5,0.99999999,"N2-POOLING","P",0.875,0.125,0.125
"N2","PASS",5,"below",0.0625,0.125,0.5,0.999999999999,"N2-POOLING","P",0.875,0.125,0.125
"N2","PASS",5,"below",0.0625,0.125,0.5,0.99999999999999,"N2-POOLING","P",0.875,0.125,0.125
"N2","PASS",5,"below",0.0625,0.125,0.5,1,"N2-POOLING","P",0.875,0.125,0.125
"N2","PASS",5,"below",0.0625,0.125,0.9,0,"N2-LOW-TYPE-ONLY","S",0.9375,0.0625,0.125
"N2","PASS",5,"below",0.0625,0.125,0.9,1e-14,"N2-LOW-TYPE-ONLY","S",0.937499999999991,0.0625,0.125
"N2","PASS",5,"below",0.0625,0.125,0.9,1e-12,"N2-LOW-TYPE-ONLY","S",0.937499999999063,0.0625,0.125
"N2","PASS",5,"below",0.0625,0.125,0.9,1e-08,"N2-LOW-TYPE-ONLY","S",0.937499990625,0.0625,0.125
"N2","PASS",5,"below",0.0625,0.125,0.9,0.05,"N2-LOW-TYPE-ONLY","S",0.890625,0.0625,0.125
"N2","PASS",5,"below",0.0625,0.125,0.9,0.0666665666666667,"N2-LOW-TYPE-ONLY","S",0.87500009375,0.0625,0.125
"N2","PASS",5,"below",0.0625,0.125,0.9,0.0666666566666667,"N2-LOW-TYPE-ONLY","S",0.875000009375,0.0625,0.125
"N2","PASS",5,"below",0.0625,0.125,0.9,0.0666666666656667,"N2-LOW-TYPE-ONLY","S",0.875000000000937,0.0625,0.125
"N2","PASS",5,"below",0.0625,0.125,0.9,0.0666666666666567,"N2-LOW-TYPE-ONLY","S",0.875000000000009,0.0625,0.125
"N2","PASS",5,"below",0.0625,0.125,0.9,0.0666666666666667,"N2-LOW-TYPE-ONLY","S",0.875,0.0625,0.125
"N2","PASS",5,"below",0.0625,0.125,0.9,0.0666666666666767,"N2-POOLING","P",0.875,0.125,0.125
"N2","PASS",5,"below",0.0625,0.125,0.9,0.0666666666676667,"N2-POOLING","P",0.875,0.125,0.125
"N2","PASS",5,"below",0.0625,0.125,0.9,0.0666666766666667,"N2-POOLING","P",0.875,0.125,0.125
"N2","PASS",5,"below",0.0625,0.125,0.9,0.0666667666666667,"N2-POOLING","P",0.875,0.125,0.125
"N2","PASS",5,"below",0.0625,0.125,0.9,0.113923950632911,"N2-POOLING","P",0.875,0.125,0.125
"N2","PASS",5,"below",0.0625,0.125,0.9,0.113924040632911,"N2-POOLING","P",0.875,0.125,0.125
"N2","PASS",5,"below",0.0625,0.125,0.9,0.113924050631911,"N2-POOLING","P",0.875,0.125,0.125
"N2","PASS",5,"below",0.0625,0.125,0.9,0.113924050632901,"N2-POOLING","P",0.875,0.125,0.125
"N2","PASS",5,"below",0.0625,0.125,0.9,0.113924050632911,"N2-POOLING","P",0.875,0.125,0.125
"N2","PASS",5,"below",0.0625,0.125,0.9,0.113924050632921,"N2-POOLING","P",0.875,0.125,0.125
"N2","PASS",5,"below",0.0625,0.125,0.9,0.113924050633911,"N2-POOLING","P",0.875,0.125,0.125
"N2","PASS",5,"below",0.0625,0.125,0.9,0.113924060632911,"N2-POOLING","P",0.875,0.125,0.125
"N2","PASS",5,"below",0.0625,0.125,0.9,0.113924150632911,"N2-POOLING","P",0.875,0.125,0.125
"N2","PASS",5,"below",0.0625,0.125,0.9,0.25,"N2-POOLING","P",0.875,0.125,0.125
"N2","PASS",5,"below",0.0625,0.125,0.9,0.341772051898734,"N2-POOLING","P",0.875,0.125,0.125
"N2","PASS",5,"below",0.0625,0.125,0.9,0.341772141898734,"N2-POOLING","P",0.875,0.125,0.125
"N2","PASS",5,"below",0.0625,0.125,0.9,0.341772151897734,"N2-POOLING","P",0.875,0.125,0.125
"N2","PASS",5,"below",0.0625,0.125,0.9,0.341772151898724,"N2-POOLING","P",0.875,0.125,0.125
"N2","PASS",5,"below",0.0625,0.125,0.9,0.341772151898734,"N2-POOLING","P",0.875,0.125,0.125
"N2","PASS",5,"below",0.0625,0.125,0.9,0.341772151898744,"N2-POOLING","P",0.875,0.125,0.125
"N2","PASS",5,"below",0.0625,0.125,0.9,0.341772151899734,"N2-POOLING","P",0.875,0.125,0.125
"N2","PASS",5,"below",0.0625,0.125,0.9,0.341772161898734,"N2-POOLING","P",0.875,0.125,0.125
"N2","PASS",5,"below",0.0625,0.125,0.9,0.341772251898734,"N2-POOLING","P",0.875,0.125,0.125
"N2","PASS",5,"below",0.0625,0.125,0.9,0.5,"N2-POOLING","P",0.875,0.125,0.125
"N2","PASS",5,"below",0.0625,0.125,0.9,0.75,"N2-POOLING","P",0.875,0.125,0.125
"N2","PASS",5,"below",0.0625,0.125,0.9,0.95,"N2-POOLING","P",0.875,0.125,0.125
"N2","PASS",5,"below",0.0625,0.125,0.9,0.99999999,"N2-POOLING","P",0.875,0.125,0.125
"N2","PASS",5,"below",0.0625,0.125,0.9,0.999999999999,"N2-POOLING","P",0.875,0.125,0.125
"N2","PASS",5,"below",0.0625,0.125,0.9,0.99999999999999,"N2-POOLING","P",0.875,0.125,0.125
"N2","PASS",5,"below",0.0625,0.125,0.9,1,"N2-POOLING","P",0.875,0.125,0.125
"N2","PASS",5,"below",0.0625,0.125,0.99,0,"N2-LOW-TYPE-ONLY","S",0.9375,0.0625,0.125
"N2","PASS",5,"below",0.0625,0.125,0.99,1e-14,"N2-LOW-TYPE-ONLY","S",0.937499999999991,0.0625,0.125
"N2","PASS",5,"below",0.0625,0.125,0.99,1e-12,"N2-LOW-TYPE-ONLY","S",0.937499999999063,0.0625,0.125
"N2","PASS",5,"below",0.0625,0.125,0.99,1e-08,"N2-LOW-TYPE-ONLY","S",0.937499990625,0.0625,0.125
"N2","PASS",5,"below",0.0625,0.125,0.99,0.05,"N2-LOW-TYPE-ONLY","S",0.890625,0.0625,0.125
"N2","PASS",5,"below",0.0625,0.125,0.99,0.0666665666666667,"N2-LOW-TYPE-ONLY","S",0.87500009375,0.0625,0.125
"N2","PASS",5,"below",0.0625,0.125,0.99,0.0666666566666667,"N2-LOW-TYPE-ONLY","S",0.875000009375,0.0625,0.125
"N2","PASS",5,"below",0.0625,0.125,0.99,0.0666666666656667,"N2-LOW-TYPE-ONLY","S",0.875000000000937,0.0625,0.125
"N2","PASS",5,"below",0.0625,0.125,0.99,0.0666666666666567,"N2-LOW-TYPE-ONLY","S",0.875000000000009,0.0625,0.125
"N2","PASS",5,"below",0.0625,0.125,0.99,0.0666666666666667,"N2-LOW-TYPE-ONLY","S",0.875,0.0625,0.125
"N2","PASS",5,"below",0.0625,0.125,0.99,0.0666666666666767,"N2-POOLING","P",0.875,0.125,0.125
"N2","PASS",5,"below",0.0625,0.125,0.99,0.0666666666676667,"N2-POOLING","P",0.875,0.125,0.125
"N2","PASS",5,"below",0.0625,0.125,0.99,0.0666666766666667,"N2-POOLING","P",0.875,0.125,0.125
"N2","PASS",5,"below",0.0625,0.125,0.99,0.0666667666666667,"N2-POOLING","P",0.875,0.125,0.125
"N2","PASS",5,"below",0.0625,0.125,0.99,0.139633186318759,"N2-POOLING","P",0.875,0.125,0.125
"N2","PASS",5,"below",0.0625,0.125,0.99,0.139633276318759,"N2-POOLING","P",0.875,0.125,0.125
"N2","PASS",5,"below",0.0625,0.125,0.99,0.139633286317759,"N2-POOLING","P",0.875,0.125,0.125
"N2","PASS",5,"below",0.0625,0.125,0.99,0.139633286318749,"N2-POOLING","P",0.875,0.125,0.125
"N2","PASS",5,"below",0.0625,0.125,0.99,0.139633286318759,"N2-POOLING","P",0.875,0.125,0.125
"N2","PASS",5,"below",0.0625,0.125,0.99,0.139633286318769,"N2-POOLING","P",0.875,0.125,0.125
"N2","PASS",5,"below",0.0625,0.125,0.99,0.139633286319759,"N2-POOLING","P",0.875,0.125,0.125
"N2","PASS",5,"below",0.0625,0.125,0.99,0.139633296318759,"N2-POOLING","P",0.875,0.125,0.125
"N2","PASS",5,"below",0.0625,0.125,0.99,0.139633386318759,"N2-POOLING","P",0.875,0.125,0.125
"N2","PASS",5,"below",0.0625,0.125,0.99,0.25,"N2-POOLING","P",0.875,0.125,0.125
"N2","PASS",5,"below",0.0625,0.125,0.99,0.418899758956276,"N2-POOLING","P",0.875,0.125,0.125
"N2","PASS",5,"below",0.0625,0.125,0.99,0.418899848956276,"N2-POOLING","P",0.875,0.125,0.125
"N2","PASS",5,"below",0.0625,0.125,0.99,0.418899858955276,"N2-POOLING","P",0.875,0.125,0.125
"N2","PASS",5,"below",0.0625,0.125,0.99,0.418899858956266,"N2-POOLING","P",0.875,0.125,0.125
"N2","PASS",5,"below",0.0625,0.125,0.99,0.418899858956276,"N2-POOLING","P",0.875,0.125,0.125
"N2","PASS",5,"below",0.0625,0.125,0.99,0.418899858956286,"N2-POOLING","P",0.875,0.125,0.125
"N2","PASS",5,"below",0.0625,0.125,0.99,0.418899858957276,"N2-POOLING","P",0.875,0.125,0.125
"N2","PASS",5,"below",0.0625,0.125,0.99,0.418899868956276,"N2-POOLING","P",0.875,0.125,0.125
"N2","PASS",5,"below",0.0625,0.125,0.99,0.418899958956276,"N2-POOLING","P",0.875,0.125,0.125
"N2","PASS",5,"below",0.0625,0.125,0.99,0.5,"N2-POOLING","P",0.875,0.125,0.125
"N2","PASS",5,"below",0.0625,0.125,0.99,0.75,"N2-POOLING","P",0.875,0.125,0.125
"N2","PASS",5,"below",0.0625,0.125,0.99,0.95,"N2-POOLING","P",0.875,0.125,0.125
"N2","PASS",5,"below",0.0625,0.125,0.99,0.99999999,"N2-POOLING","P",0.875,0.125,0.125
"N2","PASS",5,"below",0.0625,0.125,0.99,0.999999999999,"N2-POOLING","P",0.875,0.125,0.125
"N2","PASS",5,"below",0.0625,0.125,0.99,0.99999999999999,"N2-POOLING","P",0.875,0.125,0.125
"N2","PASS",5,"below",0.0625,0.125,0.99,1,"N2-POOLING","P",0.875,0.125,0.125
"N2","PASS",5,"o1_equal_low",0.0625,0.25,0.5,0,"N2-LOW-TYPE-ONLY","S",0.9375,0.0625,0.25
"N2","PASS",5,"o1_equal_low",0.0625,0.25,0.5,1e-14,"N2-LOW-TYPE-ONLY","S",0.937499999999991,0.0625,0.25
"N2","PASS",5,"o1_equal_low",0.0625,0.25,0.5,1e-12,"N2-LOW-TYPE-ONLY","S",0.937499999999063,0.0625,0.25
"N2","PASS",5,"o1_equal_low",0.0625,0.25,0.5,1e-08,"N2-LOW-TYPE-ONLY","S",0.937499990625,0.0625,0.25
"N2","PASS",5,"o1_equal_low",0.0625,0.25,0.5,0.05,"N2-LOW-TYPE-ONLY","S",0.890625,0.0625,0.25
"N2","PASS",5,"o1_equal_low",0.0625,0.25,0.5,0.130434682608696,"N2-LOW-TYPE-ONLY","S",0.815217485054348,0.0625,0.25
"N2","PASS",5,"o1_equal_low",0.0625,0.25,0.5,0.130434772608696,"N2-LOW-TYPE-ONLY","S",0.815217400679348,0.0625,0.25
"N2","PASS",5,"o1_equal_low",0.0625,0.25,0.5,0.130434782607696,"N2-LOW-TYPE-ONLY","S",0.815217391305285,0.0625,0.25
"N2","PASS",5,"o1_equal_low",0.0625,0.25,0.5,0.130434782608686,"N2-LOW-TYPE-ONLY","S",0.815217391304357,0.0625,0.25
"N2","PASS",5,"o1_equal_low",0.0625,0.25,0.5,0.130434782608696,"N2-LOW-TYPE-ONLY","S",0.815217391304348,0.0625,0.25
"N2","PASS",5,"o1_equal_low",0.0625,0.25,0.5,0.130434782608706,"N2-LOW-TYPE-ONLY","S",0.815217391304338,0.0625,0.25
"N2","PASS",5,"o1_equal_low",0.0625,0.25,0.5,0.130434782609696,"N2-LOW-TYPE-ONLY","S",0.81521739130341,0.0625,0.25
"N2","PASS",5,"o1_equal_low",0.0625,0.25,0.5,0.130434792608696,"N2-LOW-TYPE-ONLY","S",0.815217381929348,0.0625,0.25
"N2","PASS",5,"o1_equal_low",0.0625,0.25,0.5,0.130434882608696,"N2-LOW-TYPE-ONLY","S",0.815217297554348,0.0625,0.25
"N2","PASS",5,"o1_equal_low",0.0625,0.25,0.5,0.1999999,"N2-LOW-TYPE-ONLY","S",0.75000009375,0.0625,0.25
"N2","PASS",5,"o1_equal_low",0.0625,0.25,0.5,0.19999999,"N2-LOW-TYPE-ONLY","S",0.750000009375,0.0625,0.25
"N2","PASS",5,"o1_equal_low",0.0625,0.25,0.5,0.199999999999,"N2-LOW-TYPE-ONLY","S",0.750000000000937,0.0625,0.25
"N2","PASS",5,"o1_equal_low",0.0625,0.25,0.5,0.19999999999999,"N2-LOW-TYPE-ONLY","S",0.750000000000009,0.0625,0.25
"N2","PASS",5,"o1_equal_low",0.0625,0.25,0.5,0.2,"N2-LOW-TYPE-ONLY","S",0.75,0.0625,0.25
"N2","PASS",5,"o1_equal_low",0.0625,0.25,0.5,0.20000000000001,"N2-POOLING","P",0.75,0.25,0.25
"N2","PASS",5,"o1_equal_low",0.0625,0.25,0.5,0.200000000001,"N2-POOLING","P",0.75,0.25,0.25
"N2","PASS",5,"o1_equal_low",0.0625,0.25,0.5,0.20000001,"N2-POOLING","P",0.75,0.25,0.25
"N2","PASS",5,"o1_equal_low",0.0625,0.25,0.5,0.2000001,"N2-POOLING","P",0.75,0.25,0.25
"N2","PASS",5,"o1_equal_low",0.0625,0.25,0.5,0.25,"N2-POOLING","P",0.75,0.25,0.25
"N2","PASS",5,"o1_equal_low",0.0625,0.25,0.5,0.333333233333333,"N2-POOLING","P",0.75,0.25,0.25
"N2","PASS",5,"o1_equal_low",0.0625,0.25,0.5,0.333333323333333,"N2-POOLING","P",0.75,0.25,0.25
"N2","PASS",5,"o1_equal_low",0.0625,0.25,0.5,0.333333333332333,"N2-POOLING","P",0.75,0.25,0.25
"N2","PASS",5,"o1_equal_low",0.0625,0.25,0.5,0.333333333333323,"N2-POOLING","P",0.75,0.25,0.25
"N2","PASS",5,"o1_equal_low",0.0625,0.25,0.5,0.333333333333333,"N2-POOLING","P",0.75,0.25,0.25
"N2","PASS",5,"o1_equal_low",0.0625,0.25,0.5,0.333333333333343,"N2-POOLING","P",0.75,0.25,0.25
"N2","PASS",5,"o1_equal_low",0.0625,0.25,0.5,0.333333333334333,"N2-POOLING","P",0.75,0.25,0.25
"N2","PASS",5,"o1_equal_low",0.0625,0.25,0.5,0.333333343333333,"N2-POOLING","P",0.75,0.25,0.25
"N2","PASS",5,"o1_equal_low",0.0625,0.25,0.5,0.333333433333333,"N2-POOLING","P",0.75,0.25,0.25
"N2","PASS",5,"o1_equal_low",0.0625,0.25,0.5,0.5,"N2-POOLING","P",0.75,0.25,0.25
"N2","PASS",5,"o1_equal_low",0.0625,0.25,0.5,0.75,"N2-POOLING","P",0.75,0.25,0.25
"N2","PASS",5,"o1_equal_low",0.0625,0.25,0.5,0.95,"N2-POOLING","P",0.75,0.25,0.25
"N2","PASS",5,"o1_equal_low",0.0625,0.25,0.5,0.99999999,"N2-POOLING","P",0.75,0.25,0.25
"N2","PASS",5,"o1_equal_low",0.0625,0.25,0.5,0.999999999999,"N2-POOLING","P",0.75,0.25,0.25
"N2","PASS",5,"o1_equal_low",0.0625,0.25,0.5,0.99999999999999,"N2-POOLING","P",0.75,0.25,0.25
"N2","PASS",5,"o1_equal_low",0.0625,0.25,0.5,1,"N2-POOLING","P",0.75,0.25,0.25
"N2","PASS",5,"o1_equal_low",0.0625,0.25,0.9,0,"N2-LOW-TYPE-ONLY","S",0.9375,0.0625,0.25
"N2","PASS",5,"o1_equal_low",0.0625,0.25,0.9,1e-14,"N2-LOW-TYPE-ONLY","S",0.937499999999991,0.0625,0.25
"N2","PASS",5,"o1_equal_low",0.0625,0.25,0.9,1e-12,"N2-LOW-TYPE-ONLY","S",0.937499999999063,0.0625,0.25
"N2","PASS",5,"o1_equal_low",0.0625,0.25,0.9,1e-08,"N2-LOW-TYPE-ONLY","S",0.937499990625,0.0625,0.25
"N2","PASS",5,"o1_equal_low",0.0625,0.25,0.9,0.05,"N2-LOW-TYPE-ONLY","S",0.890625,0.0625,0.25
"N2","PASS",5,"o1_equal_low",0.0625,0.25,0.9,0.1999999,"N2-LOW-TYPE-ONLY","S",0.75000009375,0.0625,0.25
"N2","PASS",5,"o1_equal_low",0.0625,0.25,0.9,0.19999999,"N2-LOW-TYPE-ONLY","S",0.750000009375,0.0625,0.25
"N2","PASS",5,"o1_equal_low",0.0625,0.25,0.9,0.199999999999,"N2-LOW-TYPE-ONLY","S",0.750000000000937,0.0625,0.25
"N2","PASS",5,"o1_equal_low",0.0625,0.25,0.9,0.19999999999999,"N2-LOW-TYPE-ONLY","S",0.750000000000009,0.0625,0.25
"N2","PASS",5,"o1_equal_low",0.0625,0.25,0.9,0.2,"N2-LOW-TYPE-ONLY","S",0.75,0.0625,0.25
"N2","PASS",5,"o1_equal_low",0.0625,0.25,0.9,0.20000000000001,"N2-POOLING","P",0.75,0.25,0.25
"N2","PASS",5,"o1_equal_low",0.0625,0.25,0.9,0.200000000001,"N2-POOLING","P",0.75,0.25,0.25
"N2","PASS",5,"o1_equal_low",0.0625,0.25,0.9,0.20000001,"N2-POOLING","P",0.75,0.25,0.25
"N2","PASS",5,"o1_equal_low",0.0625,0.25,0.9,0.2000001,"N2-POOLING","P",0.75,0.25,0.25
"N2","PASS",5,"o1_equal_low",0.0625,0.25,0.9,0.25,"N2-POOLING","P",0.75,0.25,0.25
"N2","PASS",5,"o1_equal_low",0.0625,0.25,0.9,0.341772051898734,"N2-POOLING","P",0.75,0.25,0.25
"N2","PASS",5,"o1_equal_low",0.0625,0.25,0.9,0.341772141898734,"N2-POOLING","P",0.75,0.25,0.25
"N2","PASS",5,"o1_equal_low",0.0625,0.25,0.9,0.341772151897734,"N2-POOLING","P",0.75,0.25,0.25
"N2","PASS",5,"o1_equal_low",0.0625,0.25,0.9,0.341772151898724,"N2-POOLING","P",0.75,0.25,0.25
"N2","PASS",5,"o1_equal_low",0.0625,0.25,0.9,0.341772151898734,"N2-POOLING","P",0.75,0.25,0.25
"N2","PASS",5,"o1_equal_low",0.0625,0.25,0.9,0.341772151898744,"N2-POOLING","P",0.75,0.25,0.25
"N2","PASS",5,"o1_equal_low",0.0625,0.25,0.9,0.341772151899734,"N2-POOLING","P",0.75,0.25,0.25
"N2","PASS",5,"o1_equal_low",0.0625,0.25,0.9,0.341772161898734,"N2-POOLING","P",0.75,0.25,0.25
"N2","PASS",5,"o1_equal_low",0.0625,0.25,0.9,0.341772251898734,"N2-POOLING","P",0.75,0.25,0.25
"N2","PASS",5,"o1_equal_low",0.0625,0.25,0.9,0.5,"N2-POOLING","P",0.75,0.25,0.25
"N2","PASS",5,"o1_equal_low",0.0625,0.25,0.9,0.75,"N2-POOLING","P",0.75,0.25,0.25
"N2","PASS",5,"o1_equal_low",0.0625,0.25,0.9,0.866666566666667,"N2-POOLING","P",0.75,0.25,0.25
"N2","PASS",5,"o1_equal_low",0.0625,0.25,0.9,0.866666656666667,"N2-POOLING","P",0.75,0.25,0.25
"N2","PASS",5,"o1_equal_low",0.0625,0.25,0.9,0.866666666665667,"N2-POOLING","P",0.75,0.25,0.25
"N2","PASS",5,"o1_equal_low",0.0625,0.25,0.9,0.866666666666657,"N2-POOLING","P",0.75,0.25,0.25
"N2","PASS",5,"o1_equal_low",0.0625,0.25,0.9,0.866666666666667,"N2-POOLING","P",0.75,0.25,0.25
"N2","PASS",5,"o1_equal_low",0.0625,0.25,0.9,0.866666666666677,"N2-POOLING","P",0.75,0.25,0.25
"N2","PASS",5,"o1_equal_low",0.0625,0.25,0.9,0.866666666667667,"N2-POOLING","P",0.75,0.25,0.25
"N2","PASS",5,"o1_equal_low",0.0625,0.25,0.9,0.866666676666667,"N2-POOLING","P",0.75,0.25,0.25
"N2","PASS",5,"o1_equal_low",0.0625,0.25,0.9,0.866666766666667,"N2-POOLING","P",0.75,0.25,0.25
"N2","PASS",5,"o1_equal_low",0.0625,0.25,0.9,0.95,"N2-POOLING","P",0.75,0.25,0.25
"N2","PASS",5,"o1_equal_low",0.0625,0.25,0.9,0.99999999,"N2-POOLING","P",0.75,0.25,0.25
"N2","PASS",5,"o1_equal_low",0.0625,0.25,0.9,0.999999999999,"N2-POOLING","P",0.75,0.25,0.25
"N2","PASS",5,"o1_equal_low",0.0625,0.25,0.9,0.99999999999999,"N2-POOLING","P",0.75,0.25,0.25
"N2","PASS",5,"o1_equal_low",0.0625,0.25,0.9,1,"N2-POOLING","P",0.75,0.25,0.25
"N2","PASS",5,"o1_equal_low",0.0625,0.25,0.99,0,"N2-LOW-TYPE-ONLY","S",0.9375,0.0625,0.25
"N2","PASS",5,"o1_equal_low",0.0625,0.25,0.99,1e-14,"N2-LOW-TYPE-ONLY","S",0.937499999999991,0.0625,0.25
"N2","PASS",5,"o1_equal_low",0.0625,0.25,0.99,1e-12,"N2-LOW-TYPE-ONLY","S",0.937499999999063,0.0625,0.25
"N2","PASS",5,"o1_equal_low",0.0625,0.25,0.99,1e-08,"N2-LOW-TYPE-ONLY","S",0.937499990625,0.0625,0.25
"N2","PASS",5,"o1_equal_low",0.0625,0.25,0.99,0.05,"N2-LOW-TYPE-ONLY","S",0.890625,0.0625,0.25
"N2","PASS",5,"o1_equal_low",0.0625,0.25,0.99,0.1999999,"N2-LOW-TYPE-ONLY","S",0.75000009375,0.0625,0.25
"N2","PASS",5,"o1_equal_low",0.0625,0.25,0.99,0.19999999,"N2-LOW-TYPE-ONLY","S",0.750000009375,0.0625,0.25
"N2","PASS",5,"o1_equal_low",0.0625,0.25,0.99,0.199999999999,"N2-LOW-TYPE-ONLY","S",0.750000000000937,0.0625,0.25
"N2","PASS",5,"o1_equal_low",0.0625,0.25,0.99,0.19999999999999,"N2-LOW-TYPE-ONLY","S",0.750000000000009,0.0625,0.25
"N2","PASS",5,"o1_equal_low",0.0625,0.25,0.99,0.2,"N2-LOW-TYPE-ONLY","S",0.75,0.0625,0.25
"N2","PASS",5,"o1_equal_low",0.0625,0.25,0.99,0.20000000000001,"N2-POOLING","P",0.75,0.25,0.25
"N2","PASS",5,"o1_equal_low",0.0625,0.25,0.99,0.200000000001,"N2-POOLING","P",0.75,0.25,0.25
"N2","PASS",5,"o1_equal_low",0.0625,0.25,0.99,0.20000001,"N2-POOLING","P",0.75,0.25,0.25
"N2","PASS",5,"o1_equal_low",0.0625,0.25,0.99,0.2000001,"N2-POOLING","P",0.75,0.25,0.25
"N2","PASS",5,"o1_equal_low",0.0625,0.25,0.99,0.25,"N2-POOLING","P",0.75,0.25,0.25
"N2","PASS",5,"o1_equal_low",0.0625,0.25,0.99,0.418899758956276,"N2-POOLING","P",0.75,0.25,0.25
"N2","PASS",5,"o1_equal_low",0.0625,0.25,0.99,0.418899848956276,"N2-POOLING","P",0.75,0.25,0.25
"N2","PASS",5,"o1_equal_low",0.0625,0.25,0.99,0.418899858955276,"N2-POOLING","P",0.75,0.25,0.25
"N2","PASS",5,"o1_equal_low",0.0625,0.25,0.99,0.418899858956266,"N2-POOLING","P",0.75,0.25,0.25
"N2","PASS",5,"o1_equal_low",0.0625,0.25,0.99,0.418899858956276,"N2-POOLING","P",0.75,0.25,0.25
"N2","PASS",5,"o1_equal_low",0.0625,0.25,0.99,0.418899858956286,"N2-POOLING","P",0.75,0.25,0.25
"N2","PASS",5,"o1_equal_low",0.0625,0.25,0.99,0.418899858957276,"N2-POOLING","P",0.75,0.25,0.25
"N2","PASS",5,"o1_equal_low",0.0625,0.25,0.99,0.418899868956276,"N2-POOLING","P",0.75,0.25,0.25
"N2","PASS",5,"o1_equal_low",0.0625,0.25,0.99,0.418899958956276,"N2-POOLING","P",0.75,0.25,0.25
"N2","PASS",5,"o1_equal_low",0.0625,0.25,0.99,0.5,"N2-POOLING","P",0.75,0.25,0.25
"N2","PASS",5,"o1_equal_low",0.0625,0.25,0.99,0.75,"N2-POOLING","P",0.75,0.25,0.25
"N2","PASS",5,"o1_equal_low",0.0625,0.25,0.99,0.95,"N2-POOLING","P",0.75,0.25,0.25
"N2","PASS",5,"o1_equal_low",0.0625,0.25,0.99,0.986666566666667,"N2-POOLING","P",0.75,0.25,0.25
"N2","PASS",5,"o1_equal_low",0.0625,0.25,0.99,0.986666656666667,"N2-POOLING","P",0.75,0.25,0.25
"N2","PASS",5,"o1_equal_low",0.0625,0.25,0.99,0.986666666665667,"N2-POOLING","P",0.75,0.25,0.25
"N2","PASS",5,"o1_equal_low",0.0625,0.25,0.99,0.986666666666657,"N2-POOLING","P",0.75,0.25,0.25
"N2","PASS",5,"o1_equal_low",0.0625,0.25,0.99,0.986666666666667,"N2-POOLING","P",0.75,0.25,0.25
"N2","PASS",5,"o1_equal_low",0.0625,0.25,0.99,0.986666666666677,"N2-POOLING","P",0.75,0.25,0.25
"N2","PASS",5,"o1_equal_low",0.0625,0.25,0.99,0.986666666667667,"N2-POOLING","P",0.75,0.25,0.25
"N2","PASS",5,"o1_equal_low",0.0625,0.25,0.99,0.986666676666667,"N2-POOLING","P",0.75,0.25,0.25
"N2","PASS",5,"o1_equal_low",0.0625,0.25,0.99,0.986666766666667,"N2-POOLING","P",0.75,0.25,0.25
"N2","PASS",5,"o1_equal_low",0.0625,0.25,0.99,0.99999999,"N2-POOLING","P",0.75,0.25,0.25
"N2","PASS",5,"o1_equal_low",0.0625,0.25,0.99,0.999999999999,"N2-POOLING","P",0.75,0.25,0.25
"N2","PASS",5,"o1_equal_low",0.0625,0.25,0.99,0.99999999999999,"N2-POOLING","P",0.75,0.25,0.25
"N2","PASS",5,"o1_equal_low",0.0625,0.25,0.99,1,"N2-POOLING","P",0.75,0.25,0.25
"N2","PASS",5,"o1_equal_mid",0.125,0.25,0.5,0,"N2-LOW-TYPE-ONLY","S",0.875,0.125,0.25
"N2","PASS",5,"o1_equal_mid",0.125,0.25,0.5,1e-14,"N2-LOW-TYPE-ONLY","S",0.874999999999991,0.125,0.25
"N2","PASS",5,"o1_equal_mid",0.125,0.25,0.5,1e-12,"N2-LOW-TYPE-ONLY","S",0.874999999999125,0.125,0.25
"N2","PASS",5,"o1_equal_mid",0.125,0.25,0.5,1e-08,"N2-LOW-TYPE-ONLY","S",0.87499999125,0.125,0.25
"N2","PASS",5,"o1_equal_mid",0.125,0.25,0.5,1e-07,"N2-LOW-TYPE-ONLY","S",0.8749999125,0.125,0.25
"N2","PASS",5,"o1_equal_mid",0.125,0.25,0.5,0.05,"N2-LOW-TYPE-ONLY","S",0.83125,0.125,0.25
"N2","PASS",5,"o1_equal_mid",0.125,0.25,0.5,0.0909089909090909,"N2-LOW-TYPE-ONLY","S",0.795454632954545,0.125,0.25
"N2","PASS",5,"o1_equal_mid",0.125,0.25,0.5,0.0909090809090909,"N2-LOW-TYPE-ONLY","S",0.795454554204545,0.125,0.25
"N2","PASS",5,"o1_equal_mid",0.125,0.25,0.5,0.0909090909080909,"N2-LOW-TYPE-ONLY","S",0.79545454545542,0.125,0.25
"N2","PASS",5,"o1_equal_mid",0.125,0.25,0.5,0.0909090909090809,"N2-LOW-TYPE-ONLY","S",0.795454545454554,0.125,0.25
"N2","PASS",5,"o1_equal_mid",0.125,0.25,0.5,0.0909090909090909,"N2-LOW-TYPE-ONLY","S",0.795454545454545,0.125,0.25
"N2","PASS",5,"o1_equal_mid",0.125,0.25,0.5,0.0909090909091009,"N2-LOW-TYPE-ONLY","S",0.795454545454537,0.125,0.25
"N2","PASS",5,"o1_equal_mid",0.125,0.25,0.5,0.0909090909100909,"N2-LOW-TYPE-ONLY","S",0.79545454545367,0.125,0.25
"N2","PASS",5,"o1_equal_mid",0.125,0.25,0.5,0.0909091009090909,"N2-LOW-TYPE-ONLY","S",0.795454536704545,0.125,0.25
"N2","PASS",5,"o1_equal_mid",0.125,0.25,0.5,0.0909091909090909,"N2-LOW-TYPE-ONLY","S",0.795454457954546,0.125,0.25
"N2","PASS",5,"o1_equal_mid",0.125,0.25,0.5,0.142857042857143,"N2-LOW-TYPE-ONLY","S",0.7500000875,0.125,0.25
"N2","PASS",5,"o1_equal_mid",0.125,0.25,0.5,0.142857132857143,"N2-LOW-TYPE-ONLY","S",0.75000000875,0.125,0.25
"N2","PASS",5,"o1_equal_mid",0.125,0.25,0.5,0.142857142856143,"N2-LOW-TYPE-ONLY","S",0.750000000000875,0.125,0.25
"N2","PASS",5,"o1_equal_mid",0.125,0.25,0.5,0.142857142857133,"N2-LOW-TYPE-ONLY","S",0.750000000000009,0.125,0.25
"N2","PASS",5,"o1_equal_mid",0.125,0.25,0.5,0.142857142857143,"N2-LOW-TYPE-ONLY","S",0.75,0.125,0.25
"N2","PASS",5,"o1_equal_mid",0.125,0.25,0.5,0.142857142857153,"N2-POOLING","P",0.75,0.25,0.25
"N2","PASS",5,"o1_equal_mid",0.125,0.25,0.5,0.142857142858143,"N2-POOLING","P",0.75,0.25,0.25
"N2","PASS",5,"o1_equal_mid",0.125,0.25,0.5,0.142857152857143,"N2-POOLING","P",0.75,0.25,0.25
"N2","PASS",5,"o1_equal_mid",0.125,0.25,0.5,0.142857242857143,"N2-POOLING","P",0.75,0.25,0.25
"N2","PASS",5,"o1_equal_mid",0.125,0.25,0.5,0.25,"N2-POOLING","P",0.75,0.25,0.25
"N2","PASS",5,"o1_equal_mid",0.125,0.25,0.5,0.5,"N2-POOLING","P",0.75,0.25,0.25
"N2","PASS",5,"o1_equal_mid",0.125,0.25,0.5,0.75,"N2-POOLING","P",0.75,0.25,0.25
"N2","PASS",5,"o1_equal_mid",0.125,0.25,0.5,0.95,"N2-POOLING","P",0.75,0.25,0.25
"N2","PASS",5,"o1_equal_mid",0.125,0.25,0.5,0.99999999,"N2-POOLING","P",0.75,0.25,0.25
"N2","PASS",5,"o1_equal_mid",0.125,0.25,0.5,0.999999999999,"N2-POOLING","P",0.75,0.25,0.25
"N2","PASS",5,"o1_equal_mid",0.125,0.25,0.5,0.99999999999999,"N2-POOLING","P",0.75,0.25,0.25
"N2","PASS",5,"o1_equal_mid",0.125,0.25,0.5,1,"N2-POOLING","P",0.75,0.25,0.25
"N2","PASS",5,"o1_equal_mid",0.125,0.25,0.9,0,"N2-LOW-TYPE-ONLY","S",0.875,0.125,0.25
"N2","PASS",5,"o1_equal_mid",0.125,0.25,0.9,1e-14,"N2-LOW-TYPE-ONLY","S",0.874999999999991,0.125,0.25
"N2","PASS",5,"o1_equal_mid",0.125,0.25,0.9,1e-12,"N2-LOW-TYPE-ONLY","S",0.874999999999125,0.125,0.25
"N2","PASS",5,"o1_equal_mid",0.125,0.25,0.9,1e-08,"N2-LOW-TYPE-ONLY","S",0.87499999125,0.125,0.25
"N2","PASS",5,"o1_equal_mid",0.125,0.25,0.9,0.05,"N2-LOW-TYPE-ONLY","S",0.83125,0.125,0.25
"N2","PASS",5,"o1_equal_mid",0.125,0.25,0.9,0.142857042857143,"N2-LOW-TYPE-ONLY","S",0.7500000875,0.125,0.25
"N2","PASS",5,"o1_equal_mid",0.125,0.25,0.9,0.142857132857143,"N2-LOW-TYPE-ONLY","S",0.75000000875,0.125,0.25
"N2","PASS",5,"o1_equal_mid",0.125,0.25,0.9,0.142857142856143,"N2-LOW-TYPE-ONLY","S",0.750000000000875,0.125,0.25
"N2","PASS",5,"o1_equal_mid",0.125,0.25,0.9,0.142857142857133,"N2-LOW-TYPE-ONLY","S",0.750000000000009,0.125,0.25
"N2","PASS",5,"o1_equal_mid",0.125,0.25,0.9,0.142857142857143,"N2-LOW-TYPE-ONLY","S",0.75,0.125,0.25
"N2","PASS",5,"o1_equal_mid",0.125,0.25,0.9,0.142857142857153,"N2-POOLING","P",0.75,0.25,0.25
"N2","PASS",5,"o1_equal_mid",0.125,0.25,0.9,0.142857142858143,"N2-POOLING","P",0.75,0.25,0.25
"N2","PASS",5,"o1_equal_mid",0.125,0.25,0.9,0.142857152857143,"N2-POOLING","P",0.75,0.25,0.25
"N2","PASS",5,"o1_equal_mid",0.125,0.25,0.9,0.142857242857143,"N2-POOLING","P",0.75,0.25,0.25
"N2","PASS",5,"o1_equal_mid",0.125,0.25,0.9,0.25,"N2-POOLING","P",0.75,0.25,0.25
"N2","PASS",5,"o1_equal_mid",0.125,0.25,0.9,0.257142757142857,"N2-POOLING","P",0.75,0.25,0.25
"N2","PASS",5,"o1_equal_mid",0.125,0.25,0.9,0.257142847142857,"N2-POOLING","P",0.75,0.25,0.25
"N2","PASS",5,"o1_equal_mid",0.125,0.25,0.9,0.257142857141857,"N2-POOLING","P",0.75,0.25,0.25
"N2","PASS",5,"o1_equal_mid",0.125,0.25,0.9,0.257142857142847,"N2-POOLING","P",0.75,0.25,0.25
"N2","PASS",5,"o1_equal_mid",0.125,0.25,0.9,0.257142857142857,"N2-POOLING","P",0.75,0.25,0.25
"N2","PASS",5,"o1_equal_mid",0.125,0.25,0.9,0.257142857142867,"N2-POOLING","P",0.75,0.25,0.25
"N2","PASS",5,"o1_equal_mid",0.125,0.25,0.9,0.257142857143857,"N2-POOLING","P",0.75,0.25,0.25
"N2","PASS",5,"o1_equal_mid",0.125,0.25,0.9,0.257142867142857,"N2-POOLING","P",0.75,0.25,0.25
"N2","PASS",5,"o1_equal_mid",0.125,0.25,0.9,0.257142957142857,"N2-POOLING","P",0.75,0.25,0.25
"N2","PASS",5,"o1_equal_mid",0.125,0.25,0.9,0.5,"N2-POOLING","P",0.75,0.25,0.25
"N2","PASS",5,"o1_equal_mid",0.125,0.25,0.9,0.75,"N2-POOLING","P",0.75,0.25,0.25
"N2","PASS",5,"o1_equal_mid",0.125,0.25,0.9,0.7999999,"N2-POOLING","P",0.75,0.25,0.25
"N2","PASS",5,"o1_equal_mid",0.125,0.25,0.9,0.79999999,"N2-POOLING","P",0.75,0.25,0.25
"N2","PASS",5,"o1_equal_mid",0.125,0.25,0.9,0.799999999999,"N2-POOLING","P",0.75,0.25,0.25
"N2","PASS",5,"o1_equal_mid",0.125,0.25,0.9,0.79999999999999,"N2-POOLING","P",0.75,0.25,0.25
"N2","PASS",5,"o1_equal_mid",0.125,0.25,0.9,0.8,"N2-POOLING","P",0.75,0.25,0.25
"N2","PASS",5,"o1_equal_mid",0.125,0.25,0.9,0.80000000000001,"N2-POOLING","P",0.75,0.25,0.25
"N2","PASS",5,"o1_equal_mid",0.125,0.25,0.9,0.800000000001,"N2-POOLING","P",0.75,0.25,0.25
"N2","PASS",5,"o1_equal_mid",0.125,0.25,0.9,0.80000001,"N2-POOLING","P",0.75,0.25,0.25
"N2","PASS",5,"o1_equal_mid",0.125,0.25,0.9,0.8000001,"N2-POOLING","P",0.75,0.25,0.25
"N2","PASS",5,"o1_equal_mid",0.125,0.25,0.9,0.95,"N2-POOLING","P",0.75,0.25,0.25
"N2","PASS",5,"o1_equal_mid",0.125,0.25,0.9,0.99999999,"N2-POOLING","P",0.75,0.25,0.25
"N2","PASS",5,"o1_equal_mid",0.125,0.25,0.9,0.999999999999,"N2-POOLING","P",0.75,0.25,0.25
"N2","PASS",5,"o1_equal_mid",0.125,0.25,0.9,0.99999999999999,"N2-POOLING","P",0.75,0.25,0.25
"N2","PASS",5,"o1_equal_mid",0.125,0.25,0.9,1,"N2-POOLING","P",0.75,0.25,0.25
"N2","PASS",5,"o1_equal_mid",0.125,0.25,0.99,0,"N2-LOW-TYPE-ONLY","S",0.875,0.125,0.25
"N2","PASS",5,"o1_equal_mid",0.125,0.25,0.99,1e-14,"N2-LOW-TYPE-ONLY","S",0.874999999999991,0.125,0.25
"N2","PASS",5,"o1_equal_mid",0.125,0.25,0.99,1e-12,"N2-LOW-TYPE-ONLY","S",0.874999999999125,0.125,0.25
"N2","PASS",5,"o1_equal_mid",0.125,0.25,0.99,1e-08,"N2-LOW-TYPE-ONLY","S",0.87499999125,0.125,0.25
"N2","PASS",5,"o1_equal_mid",0.125,0.25,0.99,0.05,"N2-LOW-TYPE-ONLY","S",0.83125,0.125,0.25
"N2","PASS",5,"o1_equal_mid",0.125,0.25,0.99,0.142857042857143,"N2-LOW-TYPE-ONLY","S",0.7500000875,0.125,0.25
"N2","PASS",5,"o1_equal_mid",0.125,0.25,0.99,0.142857132857143,"N2-LOW-TYPE-ONLY","S",0.75000000875,0.125,0.25
"N2","PASS",5,"o1_equal_mid",0.125,0.25,0.99,0.142857142856143,"N2-LOW-TYPE-ONLY","S",0.750000000000875,0.125,0.25
"N2","PASS",5,"o1_equal_mid",0.125,0.25,0.99,0.142857142857133,"N2-LOW-TYPE-ONLY","S",0.750000000000009,0.125,0.25
"N2","PASS",5,"o1_equal_mid",0.125,0.25,0.99,0.142857142857143,"N2-LOW-TYPE-ONLY","S",0.75,0.125,0.25
"N2","PASS",5,"o1_equal_mid",0.125,0.25,0.99,0.142857142857153,"N2-POOLING","P",0.75,0.25,0.25
"N2","PASS",5,"o1_equal_mid",0.125,0.25,0.99,0.142857142858143,"N2-POOLING","P",0.75,0.25,0.25
"N2","PASS",5,"o1_equal_mid",0.125,0.25,0.99,0.142857152857143,"N2-POOLING","P",0.75,0.25,0.25
"N2","PASS",5,"o1_equal_mid",0.125,0.25,0.99,0.142857242857143,"N2-POOLING","P",0.75,0.25,0.25
"N2","PASS",5,"o1_equal_mid",0.125,0.25,0.99,0.25,"N2-POOLING","P",0.75,0.25,0.25
"N2","PASS",5,"o1_equal_mid",0.125,0.25,0.99,0.324590063934426,"N2-POOLING","P",0.75,0.25,0.25
"N2","PASS",5,"o1_equal_mid",0.125,0.25,0.99,0.324590153934426,"N2-POOLING","P",0.75,0.25,0.25
"N2","PASS",5,"o1_equal_mid",0.125,0.25,0.99,0.324590163933426,"N2-POOLING","P",0.75,0.25,0.25
"N2","PASS",5,"o1_equal_mid",0.125,0.25,0.99,0.324590163934416,"N2-POOLING","P",0.75,0.25,0.25
"N2","PASS",5,"o1_equal_mid",0.125,0.25,0.99,0.324590163934426,"N2-POOLING","P",0.75,0.25,0.25
"N2","PASS",5,"o1_equal_mid",0.125,0.25,0.99,0.324590163934436,"N2-POOLING","P",0.75,0.25,0.25
"N2","PASS",5,"o1_equal_mid",0.125,0.25,0.99,0.324590163935426,"N2-POOLING","P",0.75,0.25,0.25
"N2","PASS",5,"o1_equal_mid",0.125,0.25,0.99,0.324590173934426,"N2-POOLING","P",0.75,0.25,0.25
"N2","PASS",5,"o1_equal_mid",0.125,0.25,0.99,0.324590263934426,"N2-POOLING","P",0.75,0.25,0.25
"N2","PASS",5,"o1_equal_mid",0.125,0.25,0.99,0.5,"N2-POOLING","P",0.75,0.25,0.25
"N2","PASS",5,"o1_equal_mid",0.125,0.25,0.99,0.75,"N2-POOLING","P",0.75,0.25,0.25
"N2","PASS",5,"o1_equal_mid",0.125,0.25,0.99,0.95,"N2-POOLING","P",0.75,0.25,0.25
"N2","PASS",5,"o1_equal_mid",0.125,0.25,0.99,0.9799999,"N2-POOLING","P",0.75,0.25,0.25
"N2","PASS",5,"o1_equal_mid",0.125,0.25,0.99,0.97999999,"N2-POOLING","P",0.75,0.25,0.25
"N2","PASS",5,"o1_equal_mid",0.125,0.25,0.99,0.979999999999,"N2-POOLING","P",0.75,0.25,0.25
"N2","PASS",5,"o1_equal_mid",0.125,0.25,0.99,0.97999999999999,"N2-POOLING","P",0.75,0.25,0.25
"N2","PASS",5,"o1_equal_mid",0.125,0.25,0.99,0.98,"N2-POOLING","P",0.75,0.25,0.25
"N2","PASS",5,"o1_equal_mid",0.125,0.25,0.99,0.98000000000001,"N2-POOLING","P",0.75,0.25,0.25
"N2","PASS",5,"o1_equal_mid",0.125,0.25,0.99,0.980000000001,"N2-POOLING","P",0.75,0.25,0.25
"N2","PASS",5,"o1_equal_mid",0.125,0.25,0.99,0.98000001,"N2-POOLING","P",0.75,0.25,0.25
"N2","PASS",5,"o1_equal_mid",0.125,0.25,0.99,0.9800001,"N2-POOLING","P",0.75,0.25,0.25
"N2","PASS",5,"o1_equal_mid",0.125,0.25,0.99,0.99999999,"N2-POOLING","P",0.75,0.25,0.25
"N2","PASS",5,"o1_equal_mid",0.125,0.25,0.99,0.999999999999,"N2-POOLING","P",0.75,0.25,0.25
"N2","PASS",5,"o1_equal_mid",0.125,0.25,0.99,0.99999999999999,"N2-POOLING","P",0.75,0.25,0.25
"N2","PASS",5,"o1_equal_mid",0.125,0.25,0.99,1,"N2-POOLING","P",0.75,0.25,0.25
"N2","PASS",5,"cross",0.125,0.4375,0.5,0,"N2-LOW-TYPE-ONLY","S",0.875,0.125,0.4375
"N2","PASS",5,"cross",0.125,0.4375,0.5,1e-14,"N2-LOW-TYPE-ONLY","S",0.874999999999991,0.125,0.4375
"N2","PASS",5,"cross",0.125,0.4375,0.5,1e-12,"N2-LOW-TYPE-ONLY","S",0.874999999999125,0.125,0.4375
"N2","PASS",5,"cross",0.125,0.4375,0.5,1e-08,"N2-LOW-TYPE-ONLY","S",0.87499999125,0.125,0.4375
"N2","PASS",5,"cross",0.125,0.4375,0.5,0.05,"N2-LOW-TYPE-ONLY","S",0.83125,0.125,0.4375
"N2","PASS",5,"cross",0.125,0.4375,0.5,0.0909089909090909,"N2-LOW-TYPE-ONLY","S",0.795454632954545,0.125,0.4375
"N2","PASS",5,"cross",0.125,0.4375,0.5,0.0909090809090909,"N2-LOW-TYPE-ONLY","S",0.795454554204545,0.125,0.4375
"N2","PASS",5,"cross",0.125,0.4375,0.5,0.0909090909080909,"N2-LOW-TYPE-ONLY","S",0.79545454545542,0.125,0.4375
"N2","PASS",5,"cross",0.125,0.4375,0.5,0.0909090909090809,"N2-LOW-TYPE-ONLY","S",0.795454545454554,0.125,0.4375
"N2","PASS",5,"cross",0.125,0.4375,0.5,0.0909090909090909,"N2-LOW-TYPE-ONLY","S",0.795454545454545,0.125,0.4375
"N2","PASS",5,"cross",0.125,0.4375,0.5,0.0909090909091009,"N2-LOW-TYPE-ONLY","S",0.795454545454537,0.125,0.4375
"N2","PASS",5,"cross",0.125,0.4375,0.5,0.0909090909100909,"N2-LOW-TYPE-ONLY","S",0.79545454545367,0.125,0.4375
"N2","PASS",5,"cross",0.125,0.4375,0.5,0.0909091009090909,"N2-LOW-TYPE-ONLY","S",0.795454536704545,0.125,0.4375
"N2","PASS",5,"cross",0.125,0.4375,0.5,0.0909091909090909,"N2-LOW-TYPE-ONLY","S",0.795454457954546,0.125,0.4375
"N2","PASS",5,"cross",0.125,0.4375,0.5,0.25,"N2-LOW-TYPE-ONLY","S",0.65625,0.125,0.4375
"N2","PASS",5,"cross",0.125,0.4375,0.5,0.357142757142857,"N2-LOW-TYPE-ONLY","S",0.5625000875,0.125,0.4375
"N2","PASS",5,"cross",0.125,0.4375,0.5,0.357142847142857,"N2-LOW-TYPE-ONLY","S",0.56250000875,0.125,0.4375
"N2","PASS",5,"cross",0.125,0.4375,0.5,0.357142857141857,"N2-LOW-TYPE-ONLY","S",0.562500000000875,0.125,0.4375
"N2","PASS",5,"cross",0.125,0.4375,0.5,0.357142857142847,"N2-LOW-TYPE-ONLY","S",0.562500000000009,0.125,0.4375
"N2","PASS",5,"cross",0.125,0.4375,0.5,0.357142857142857,"N2-LOW-TYPE-ONLY","S",0.5625,0.125,0.4375
"N2","PASS",5,"cross",0.125,0.4375,0.5,0.357142857142867,"N2-POOLING","P",0.5625,0.4375,0.4375
"N2","PASS",5,"cross",0.125,0.4375,0.5,0.357142857143857,"N2-POOLING","P",0.5625,0.4375,0.4375
"N2","PASS",5,"cross",0.125,0.4375,0.5,0.357142867142857,"N2-POOLING","P",0.5625,0.4375,0.4375
"N2","PASS",5,"cross",0.125,0.4375,0.5,0.357142957142857,"N2-POOLING","P",0.5625,0.4375,0.4375
"N2","PASS",5,"cross",0.125,0.4375,0.5,0.5,"N2-POOLING","P",0.5625,0.4375,0.4375
"N2","PASS",5,"cross",0.125,0.4375,0.5,0.75,"N2-POOLING","P",0.5625,0.4375,0.4375
"N2","PASS",5,"cross",0.125,0.4375,0.5,0.95,"N2-POOLING","P",0.5625,0.4375,0.4375
"N2","PASS",5,"cross",0.125,0.4375,0.5,0.99999999,"N2-POOLING","P",0.5625,0.4375,0.4375
"N2","PASS",5,"cross",0.125,0.4375,0.5,0.999999999999,"N2-POOLING","P",0.5625,0.4375,0.4375
"N2","PASS",5,"cross",0.125,0.4375,0.5,0.99999999999999,"N2-POOLING","P",0.5625,0.4375,0.4375
"N2","PASS",5,"cross",0.125,0.4375,0.5,1,"N2-POOLING","P",0.5625,0.4375,0.4375
"N2","PASS",5,"cross",0.125,0.4375,0.9,0,"N2-LOW-TYPE-ONLY","S",0.875,0.125,0.4375
"N2","PASS",5,"cross",0.125,0.4375,0.9,1e-14,"N2-LOW-TYPE-ONLY","S",0.874999999999991,0.125,0.4375
"N2","PASS",5,"cross",0.125,0.4375,0.9,1e-12,"N2-LOW-TYPE-ONLY","S",0.874999999999125,0.125,0.4375
"N2","PASS",5,"cross",0.125,0.4375,0.9,1e-08,"N2-LOW-TYPE-ONLY","S",0.87499999125,0.125,0.4375
"N2","PASS",5,"cross",0.125,0.4375,0.9,0.05,"N2-LOW-TYPE-ONLY","S",0.83125,0.125,0.4375
"N2","PASS",5,"cross",0.125,0.4375,0.9,0.25,"N2-LOW-TYPE-ONLY","S",0.65625,0.125,0.4375
"N2","PASS",5,"cross",0.125,0.4375,0.9,0.257142757142857,"N2-LOW-TYPE-ONLY","S",0.6500000875,0.125,0.4375
"N2","PASS",5,"cross",0.125,0.4375,0.9,0.257142847142857,"N2-LOW-TYPE-ONLY","S",0.65000000875,0.125,0.4375
"N2","PASS",5,"cross",0.125,0.4375,0.9,0.257142857141857,"N2-LOW-TYPE-ONLY","S",0.650000000000875,0.125,0.4375
"N2","PASS",5,"cross",0.125,0.4375,0.9,0.257142857142847,"N2-LOW-TYPE-ONLY","S",0.650000000000009,0.125,0.4375
"N2","PASS",5,"cross",0.125,0.4375,0.9,0.257142857142857,"N2-LOW-TYPE-ONLY","S",0.65,0.125,0.4375
"N2","PASS",5,"cross",0.125,0.4375,0.9,0.257142857142867,"N2-LOW-TYPE-ONLY","S",0.649999999999991,0.125,0.4375
"N2","PASS",5,"cross",0.125,0.4375,0.9,0.257142857143857,"N2-LOW-TYPE-ONLY","S",0.649999999999125,0.125,0.4375
"N2","PASS",5,"cross",0.125,0.4375,0.9,0.257142867142857,"N2-LOW-TYPE-ONLY","S",0.64999999125,0.125,0.4375
"N2","PASS",5,"cross",0.125,0.4375,0.9,0.257142957142857,"N2-LOW-TYPE-ONLY","S",0.6499999125,0.125,0.4375
"N2","PASS",5,"cross",0.125,0.4375,0.9,0.357142757142857,"N2-LOW-TYPE-ONLY","S",0.5625000875,0.125,0.4375
"N2","PASS",5,"cross",0.125,0.4375,0.9,0.357142847142857,"N2-LOW-TYPE-ONLY","S",0.56250000875,0.125,0.4375
"N2","PASS",5,"cross",0.125,0.4375,0.9,0.357142857141857,"N2-LOW-TYPE-ONLY","S",0.562500000000875,0.125,0.4375
"N2","PASS",5,"cross",0.125,0.4375,0.9,0.357142857142847,"N2-LOW-TYPE-ONLY","S",0.562500000000009,0.125,0.4375
"N2","PASS",5,"cross",0.125,0.4375,0.9,0.357142857142857,"N2-LOW-TYPE-ONLY","S",0.5625,0.125,0.4375
"N2","PASS",5,"cross",0.125,0.4375,0.9,0.357142857142867,"N2-POOLING","P",0.5625,0.4375,0.4375
"N2","PASS",5,"cross",0.125,0.4375,0.9,0.357142857143857,"N2-POOLING","P",0.5625,0.4375,0.4375
"N2","PASS",5,"cross",0.125,0.4375,0.9,0.357142867142857,"N2-POOLING","P",0.5625,0.4375,0.4375
"N2","PASS",5,"cross",0.125,0.4375,0.9,0.357142957142857,"N2-POOLING","P",0.5625,0.4375,0.4375
"N2","PASS",5,"cross",0.125,0.4375,0.9,0.5,"N2-POOLING","P",0.5625,0.4375,0.4375
"N2","PASS",5,"cross",0.125,0.4375,0.9,0.75,"N2-POOLING","P",0.5625,0.4375,0.4375
"N2","PASS",5,"cross",0.125,0.4375,0.9,0.95,"N2-POOLING","P",0.5625,0.4375,0.4375
"N2","PASS",5,"cross",0.125,0.4375,0.9,0.99999999,"N2-POOLING","P",0.5625,0.4375,0.4375
"N2","PASS",5,"cross",0.125,0.4375,0.9,0.999999999999,"N2-POOLING","P",0.5625,0.4375,0.4375
"N2","PASS",5,"cross",0.125,0.4375,0.9,0.99999999999999,"N2-POOLING","P",0.5625,0.4375,0.4375
"N2","PASS",5,"cross",0.125,0.4375,0.9,1,"N2-POOLING","P",0.5625,0.4375,0.4375
"N2","PASS",5,"cross",0.125,0.4375,0.99,0,"N2-LOW-TYPE-ONLY","S",0.875,0.125,0.4375
"N2","PASS",5,"cross",0.125,0.4375,0.99,1e-14,"N2-LOW-TYPE-ONLY","S",0.874999999999991,0.125,0.4375
"N2","PASS",5,"cross",0.125,0.4375,0.99,1e-12,"N2-LOW-TYPE-ONLY","S",0.874999999999125,0.125,0.4375
"N2","PASS",5,"cross",0.125,0.4375,0.99,1e-08,"N2-LOW-TYPE-ONLY","S",0.87499999125,0.125,0.4375
"N2","PASS",5,"cross",0.125,0.4375,0.99,0.05,"N2-LOW-TYPE-ONLY","S",0.83125,0.125,0.4375
"N2","PASS",5,"cross",0.125,0.4375,0.99,0.25,"N2-LOW-TYPE-ONLY","S",0.65625,0.125,0.4375
"N2","PASS",5,"cross",0.125,0.4375,0.99,0.324590063934426,"N2-LOW-TYPE-ONLY","S",0.590983694057377,0.125,0.4375
"N2","PASS",5,"cross",0.125,0.4375,0.99,0.324590153934426,"N2-LOW-TYPE-ONLY","S",0.590983615307377,0.125,0.4375
"N2","PASS",5,"cross",0.125,0.4375,0.99,0.324590163933426,"N2-LOW-TYPE-ONLY","S",0.590983606558252,0.125,0.4375
"N2","PASS",5,"cross",0.125,0.4375,0.99,0.324590163934416,"N2-LOW-TYPE-ONLY","S",0.590983606557386,0.125,0.4375
"N2","PASS",5,"cross",0.125,0.4375,0.99,0.324590163934426,"N2-LOW-TYPE-ONLY","S",0.590983606557377,0.125,0.4375
"N2","PASS",5,"cross",0.125,0.4375,0.99,0.324590163934436,"N2-LOW-TYPE-ONLY","S",0.590983606557368,0.125,0.4375
"N2","PASS",5,"cross",0.125,0.4375,0.99,0.324590163935426,"N2-LOW-TYPE-ONLY","S",0.590983606556502,0.125,0.4375
"N2","PASS",5,"cross",0.125,0.4375,0.99,0.324590173934426,"N2-LOW-TYPE-ONLY","S",0.590983597807377,0.125,0.4375
"N2","PASS",5,"cross",0.125,0.4375,0.99,0.324590263934426,"N2-LOW-TYPE-ONLY","S",0.590983519057377,0.125,0.4375
"N2","PASS",5,"cross",0.125,0.4375,0.99,0.357142757142857,"N2-LOW-TYPE-ONLY","S",0.5625000875,0.125,0.4375
"N2","PASS",5,"cross",0.125,0.4375,0.99,0.357142847142857,"N2-LOW-TYPE-ONLY","S",0.56250000875,0.125,0.4375
"N2","PASS",5,"cross",0.125,0.4375,0.99,0.357142857141857,"N2-LOW-TYPE-ONLY","S",0.562500000000875,0.125,0.4375
"N2","PASS",5,"cross",0.125,0.4375,0.99,0.357142857142847,"N2-LOW-TYPE-ONLY","S",0.562500000000009,0.125,0.4375
"N2","PASS",5,"cross",0.125,0.4375,0.99,0.357142857142857,"N2-LOW-TYPE-ONLY","S",0.5625,0.125,0.4375
"N2","PASS",5,"cross",0.125,0.4375,0.99,0.357142857142867,"N2-POOLING","P",0.5625,0.4375,0.4375
"N2","PASS",5,"cross",0.125,0.4375,0.99,0.357142857143857,"N2-POOLING","P",0.5625,0.4375,0.4375
"N2","PASS",5,"cross",0.125,0.4375,0.99,0.357142867142857,"N2-POOLING","P",0.5625,0.4375,0.4375
"N2","PASS",5,"cross",0.125,0.4375,0.99,0.357142957142857,"N2-POOLING","P",0.5625,0.4375,0.4375
"N2","PASS",5,"cross",0.125,0.4375,0.99,0.5,"N2-POOLING","P",0.5625,0.4375,0.4375
"N2","PASS",5,"cross",0.125,0.4375,0.99,0.75,"N2-POOLING","P",0.5625,0.4375,0.4375
"N2","PASS",5,"cross",0.125,0.4375,0.99,0.95,"N2-POOLING","P",0.5625,0.4375,0.4375
"N2","PASS",5,"cross",0.125,0.4375,0.99,0.99999999,"N2-POOLING","P",0.5625,0.4375,0.4375
"N2","PASS",5,"cross",0.125,0.4375,0.99,0.999999999999,"N2-POOLING","P",0.5625,0.4375,0.4375
"N2","PASS",5,"cross",0.125,0.4375,0.99,0.99999999999999,"N2-POOLING","P",0.5625,0.4375,0.4375
"N2","PASS",5,"cross",0.125,0.4375,0.99,1,"N2-POOLING","P",0.5625,0.4375,0.4375
"N2","PASS",5,"o0_equal",0.25,0.4375,0.5,0,"N2-LOW-TYPE-ONLY","S",0.75,0.25,0.4375
"N2","PASS",5,"o0_equal",0.25,0.4375,0.5,1e-14,"N2-LOW-TYPE-ONLY","S",0.749999999999992,0.25,0.4375
"N2","PASS",5,"o0_equal",0.25,0.4375,0.5,1e-12,"N2-LOW-TYPE-ONLY","S",0.74999999999925,0.25,0.4375
"N2","PASS",5,"o0_equal",0.25,0.4375,0.5,1e-08,"N2-LOW-TYPE-ONLY","S",0.7499999925,0.25,0.4375
"N2","PASS",5,"o0_equal",0.25,0.4375,0.5,0.05,"N2-LOW-TYPE-ONLY","S",0.7125,0.25,0.4375
"N2","PASS",5,"o0_equal",0.25,0.4375,0.5,0.2499999,"N2-LOW-TYPE-ONLY","S",0.562500075,0.25,0.4375
"N2","PASS",5,"o0_equal",0.25,0.4375,0.5,0.24999999,"N2-LOW-TYPE-ONLY","S",0.5625000075,0.25,0.4375
"N2","PASS",5,"o0_equal",0.25,0.4375,0.5,0.249999999999,"N2-LOW-TYPE-ONLY","S",0.56250000000075,0.25,0.4375
"N2","PASS",5,"o0_equal",0.25,0.4375,0.5,0.24999999999999,"N2-LOW-TYPE-ONLY","S",0.562500000000008,0.25,0.4375
"N2","PASS",5,"o0_equal",0.25,0.4375,0.5,0.25,"N2-LOW-TYPE-ONLY","S",0.5625,0.25,0.4375
"N2","PASS",5,"o0_equal",0.25,0.4375,0.5,0.25000000000001,"N2-POOLING","P",0.5625,0.4375,0.4375
"N2","PASS",5,"o0_equal",0.25,0.4375,0.5,0.250000000001,"N2-POOLING","P",0.5625,0.4375,0.4375
"N2","PASS",5,"o0_equal",0.25,0.4375,0.5,0.25000001,"N2-POOLING","P",0.5625,0.4375,0.4375
"N2","PASS",5,"o0_equal",0.25,0.4375,0.5,0.2500001,"N2-POOLING","P",0.5625,0.4375,0.4375
"N2","PASS",5,"o0_equal",0.25,0.4375,0.5,0.5,"N2-POOLING","P",0.5625,0.4375,0.4375
"N2","PASS",5,"o0_equal",0.25,0.4375,0.5,0.75,"N2-POOLING","P",0.5625,0.4375,0.4375
"N2","PASS",5,"o0_equal",0.25,0.4375,0.5,0.95,"N2-POOLING","P",0.5625,0.4375,0.4375
"N2","PASS",5,"o0_equal",0.25,0.4375,0.5,0.99999999,"N2-POOLING","P",0.5625,0.4375,0.4375
"N2","PASS",5,"o0_equal",0.25,0.4375,0.5,0.999999999999,"N2-POOLING","P",0.5625,0.4375,0.4375
"N2","PASS",5,"o0_equal",0.25,0.4375,0.5,0.99999999999999,"N2-POOLING","P",0.5625,0.4375,0.4375
"N2","PASS",5,"o0_equal",0.25,0.4375,0.5,1,"N2-POOLING","P",0.5625,0.4375,0.4375
"N2","PASS",5,"o0_equal",0.25,0.4375,0.9,0,"N2-LOW-TYPE-ONLY","S",0.75,0.25,0.4375
"N2","PASS",5,"o0_equal",0.25,0.4375,0.9,1e-14,"N2-LOW-TYPE-ONLY","S",0.749999999999992,0.25,0.4375
"N2","PASS",5,"o0_equal",0.25,0.4375,0.9,1e-12,"N2-LOW-TYPE-ONLY","S",0.74999999999925,0.25,0.4375
"N2","PASS",5,"o0_equal",0.25,0.4375,0.9,1e-08,"N2-LOW-TYPE-ONLY","S",0.7499999925,0.25,0.4375
"N2","PASS",5,"o0_equal",0.25,0.4375,0.9,0.05,"N2-LOW-TYPE-ONLY","S",0.7125,0.25,0.4375
"N2","PASS",5,"o0_equal",0.25,0.4375,0.9,0.2499999,"N2-LOW-TYPE-ONLY","S",0.562500075,0.25,0.4375
"N2","PASS",5,"o0_equal",0.25,0.4375,0.9,0.24999999,"N2-LOW-TYPE-ONLY","S",0.5625000075,0.25,0.4375
"N2","PASS",5,"o0_equal",0.25,0.4375,0.9,0.249999999999,"N2-LOW-TYPE-ONLY","S",0.56250000000075,0.25,0.4375
"N2","PASS",5,"o0_equal",0.25,0.4375,0.9,0.24999999999999,"N2-LOW-TYPE-ONLY","S",0.562500000000008,0.25,0.4375
"N2","PASS",5,"o0_equal",0.25,0.4375,0.9,0.25,"N2-LOW-TYPE-ONLY","S",0.5625,0.25,0.4375
"N2","PASS",5,"o0_equal",0.25,0.4375,0.9,0.25000000000001,"N2-POOLING","P",0.5625,0.4375,0.4375
"N2","PASS",5,"o0_equal",0.25,0.4375,0.9,0.250000000001,"N2-POOLING","P",0.5625,0.4375,0.4375
"N2","PASS",5,"o0_equal",0.25,0.4375,0.9,0.25000001,"N2-POOLING","P",0.5625,0.4375,0.4375
"N2","PASS",5,"o0_equal",0.25,0.4375,0.9,0.2500001,"N2-POOLING","P",0.5625,0.4375,0.4375
"N2","PASS",5,"o0_equal",0.25,0.4375,0.9,0.5,"N2-POOLING","P",0.5625,0.4375,0.4375
"N2","PASS",5,"o0_equal",0.25,0.4375,0.9,0.75,"N2-POOLING","P",0.5625,0.4375,0.4375
"N2","PASS",5,"o0_equal",0.25,0.4375,0.9,0.95,"N2-POOLING","P",0.5625,0.4375,0.4375
"N2","PASS",5,"o0_equal",0.25,0.4375,0.9,0.99999999,"N2-POOLING","P",0.5625,0.4375,0.4375
"N2","PASS",5,"o0_equal",0.25,0.4375,0.9,0.999999999999,"N2-POOLING","P",0.5625,0.4375,0.4375
"N2","PASS",5,"o0_equal",0.25,0.4375,0.9,0.99999999999999,"N2-POOLING","P",0.5625,0.4375,0.4375
"N2","PASS",5,"o0_equal",0.25,0.4375,0.9,1,"N2-POOLING","P",0.5625,0.4375,0.4375
"N2","PASS",5,"o0_equal",0.25,0.4375,0.99,0,"N2-LOW-TYPE-ONLY","S",0.75,0.25,0.4375
"N2","PASS",5,"o0_equal",0.25,0.4375,0.99,1e-14,"N2-LOW-TYPE-ONLY","S",0.749999999999992,0.25,0.4375
"N2","PASS",5,"o0_equal",0.25,0.4375,0.99,1e-12,"N2-LOW-TYPE-ONLY","S",0.74999999999925,0.25,0.4375
"N2","PASS",5,"o0_equal",0.25,0.4375,0.99,1e-08,"N2-LOW-TYPE-ONLY","S",0.7499999925,0.25,0.4375
"N2","PASS",5,"o0_equal",0.25,0.4375,0.99,0.05,"N2-LOW-TYPE-ONLY","S",0.7125,0.25,0.4375
"N2","PASS",5,"o0_equal",0.25,0.4375,0.99,0.2499999,"N2-LOW-TYPE-ONLY","S",0.562500075,0.25,0.4375
"N2","PASS",5,"o0_equal",0.25,0.4375,0.99,0.24999999,"N2-LOW-TYPE-ONLY","S",0.5625000075,0.25,0.4375
"N2","PASS",5,"o0_equal",0.25,0.4375,0.99,0.249999999999,"N2-LOW-TYPE-ONLY","S",0.56250000000075,0.25,0.4375
"N2","PASS",5,"o0_equal",0.25,0.4375,0.99,0.24999999999999,"N2-LOW-TYPE-ONLY","S",0.562500000000008,0.25,0.4375
"N2","PASS",5,"o0_equal",0.25,0.4375,0.99,0.25,"N2-LOW-TYPE-ONLY","S",0.5625,0.25,0.4375
"N2","PASS",5,"o0_equal",0.25,0.4375,0.99,0.25000000000001,"N2-POOLING","P",0.5625,0.4375,0.4375
"N2","PASS",5,"o0_equal",0.25,0.4375,0.99,0.250000000001,"N2-POOLING","P",0.5625,0.4375,0.4375
"N2","PASS",5,"o0_equal",0.25,0.4375,0.99,0.25000001,"N2-POOLING","P",0.5625,0.4375,0.4375
"N2","PASS",5,"o0_equal",0.25,0.4375,0.99,0.2500001,"N2-POOLING","P",0.5625,0.4375,0.4375
"N2","PASS",5,"o0_equal",0.25,0.4375,0.99,0.5,"N2-POOLING","P",0.5625,0.4375,0.4375
"N2","PASS",5,"o0_equal",0.25,0.4375,0.99,0.75,"N2-POOLING","P",0.5625,0.4375,0.4375
"N2","PASS",5,"o0_equal",0.25,0.4375,0.99,0.95,"N2-POOLING","P",0.5625,0.4375,0.4375
"N2","PASS",5,"o0_equal",0.25,0.4375,0.99,0.99999999,"N2-POOLING","P",0.5625,0.4375,0.4375
"N2","PASS",5,"o0_equal",0.25,0.4375,0.99,0.999999999999,"N2-POOLING","P",0.5625,0.4375,0.4375
"N2","PASS",5,"o0_equal",0.25,0.4375,0.99,0.99999999999999,"N2-POOLING","P",0.5625,0.4375,0.4375
"N2","PASS",5,"o0_equal",0.25,0.4375,0.99,1,"N2-POOLING","P",0.5625,0.4375,0.4375
"N2","PASS",5,"above",0.4,0.5875,0.5,0,"N2-LOW-TYPE-ONLY","S",0.6,0.4,0.5875
"N2","PASS",5,"above",0.4,0.5875,0.5,1e-14,"N2-LOW-TYPE-ONLY","S",0.599999999999994,0.4,0.5875
"N2","PASS",5,"above",0.4,0.5875,0.5,1e-12,"N2-LOW-TYPE-ONLY","S",0.5999999999994,0.4,0.5875
"N2","PASS",5,"above",0.4,0.5875,0.5,1e-08,"N2-LOW-TYPE-ONLY","S",0.599999994,0.4,0.5875
"N2","PASS",5,"above",0.4,0.5875,0.5,0.05,"N2-LOW-TYPE-ONLY","S",0.57,0.4,0.5875
"N2","PASS",5,"above",0.4,0.5875,0.5,0.25,"N2-LOW-TYPE-ONLY","S",0.45,0.4,0.5875
"N2","PASS",5,"above",0.4,0.5875,0.5,0.3124999,"N2-LOW-TYPE-ONLY","S",0.41250006,0.4,0.5875
"N2","PASS",5,"above",0.4,0.5875,0.5,0.31249999,"N2-LOW-TYPE-ONLY","S",0.412500006,0.4,0.5875
"N2","PASS",5,"above",0.4,0.5875,0.5,0.312499999999,"N2-LOW-TYPE-ONLY","S",0.4125000000006,0.4,0.5875
"N2","PASS",5,"above",0.4,0.5875,0.5,0.31249999999999,"N2-LOW-TYPE-ONLY","S",0.412500000000006,0.4,0.5875
"N2","PASS",5,"above",0.4,0.5875,0.5,0.3125,"N2-LOW-TYPE-ONLY","S",0.4125,0.4,0.5875
"N2","PASS",5,"above",0.4,0.5875,0.5,0.31250000000001,"N2-POOLING","P",0.4125,0.5875,0.5875
"N2","PASS",5,"above",0.4,0.5875,0.5,0.312500000001,"N2-POOLING","P",0.4125,0.5875,0.5875
"N2","PASS",5,"above",0.4,0.5875,0.5,0.31250001,"N2-POOLING","P",0.4125,0.5875,0.5875
"N2","PASS",5,"above",0.4,0.5875,0.5,0.3125001,"N2-POOLING","P",0.4125,0.5875,0.5875
"N2","PASS",5,"above",0.4,0.5875,0.5,0.5,"N2-POOLING","P",0.4125,0.5875,0.5875
"N2","PASS",5,"above",0.4,0.5875,0.5,0.75,"N2-POOLING","P",0.4125,0.5875,0.5875
"N2","PASS",5,"above",0.4,0.5875,0.5,0.95,"N2-POOLING","P",0.4125,0.5875,0.5875
"N2","PASS",5,"above",0.4,0.5875,0.5,0.99999999,"N2-POOLING","P",0.4125,0.5875,0.5875
"N2","PASS",5,"above",0.4,0.5875,0.5,0.999999999999,"N2-POOLING","P",0.4125,0.5875,0.5875
"N2","PASS",5,"above",0.4,0.5875,0.5,0.99999999999999,"N2-POOLING","P",0.4125,0.5875,0.5875
"N2","PASS",5,"above",0.4,0.5875,0.5,1,"N2-POOLING","P",0.4125,0.5875,0.5875
"N2","PASS",5,"above",0.4,0.5875,0.9,0,"N2-LOW-TYPE-ONLY","S",0.6,0.4,0.5875
"N2","PASS",5,"above",0.4,0.5875,0.9,1e-14,"N2-LOW-TYPE-ONLY","S",0.599999999999994,0.4,0.5875
"N2","PASS",5,"above",0.4,0.5875,0.9,1e-12,"N2-LOW-TYPE-ONLY","S",0.5999999999994,0.4,0.5875
"N2","PASS",5,"above",0.4,0.5875,0.9,1e-08,"N2-LOW-TYPE-ONLY","S",0.599999994,0.4,0.5875
"N2","PASS",5,"above",0.4,0.5875,0.9,0.05,"N2-LOW-TYPE-ONLY","S",0.57,0.4,0.5875
"N2","PASS",5,"above",0.4,0.5875,0.9,0.25,"N2-LOW-TYPE-ONLY","S",0.45,0.4,0.5875
"N2","PASS",5,"above",0.4,0.5875,0.9,0.3124999,"N2-LOW-TYPE-ONLY","S",0.41250006,0.4,0.5875
"N2","PASS",5,"above",0.4,0.5875,0.9,0.31249999,"N2-LOW-TYPE-ONLY","S",0.412500006,0.4,0.5875
"N2","PASS",5,"above",0.4,0.5875,0.9,0.312499999999,"N2-LOW-TYPE-ONLY","S",0.4125000000006,0.4,0.5875
"N2","PASS",5,"above",0.4,0.5875,0.9,0.31249999999999,"N2-LOW-TYPE-ONLY","S",0.412500000000006,0.4,0.5875
"N2","PASS",5,"above",0.4,0.5875,0.9,0.3125,"N2-LOW-TYPE-ONLY","S",0.4125,0.4,0.5875
"N2","PASS",5,"above",0.4,0.5875,0.9,0.31250000000001,"N2-POOLING","P",0.4125,0.5875,0.5875
"N2","PASS",5,"above",0.4,0.5875,0.9,0.312500000001,"N2-POOLING","P",0.4125,0.5875,0.5875
"N2","PASS",5,"above",0.4,0.5875,0.9,0.31250001,"N2-POOLING","P",0.4125,0.5875,0.5875
"N2","PASS",5,"above",0.4,0.5875,0.9,0.3125001,"N2-POOLING","P",0.4125,0.5875,0.5875
"N2","PASS",5,"above",0.4,0.5875,0.9,0.5,"N2-POOLING","P",0.4125,0.5875,0.5875
"N2","PASS",5,"above",0.4,0.5875,0.9,0.75,"N2-POOLING","P",0.4125,0.5875,0.5875
"N2","PASS",5,"above",0.4,0.5875,0.9,0.95,"N2-POOLING","P",0.4125,0.5875,0.5875
"N2","PASS",5,"above",0.4,0.5875,0.9,0.99999999,"N2-POOLING","P",0.4125,0.5875,0.5875
"N2","PASS",5,"above",0.4,0.5875,0.9,0.999999999999,"N2-POOLING","P",0.4125,0.5875,0.5875
"N2","PASS",5,"above",0.4,0.5875,0.9,0.99999999999999,"N2-POOLING","P",0.4125,0.5875,0.5875
"N2","PASS",5,"above",0.4,0.5875,0.9,1,"N2-POOLING","P",0.4125,0.5875,0.5875
"N2","PASS",5,"above",0.4,0.5875,0.99,0,"N2-LOW-TYPE-ONLY","S",0.6,0.4,0.5875
"N2","PASS",5,"above",0.4,0.5875,0.99,1e-14,"N2-LOW-TYPE-ONLY","S",0.599999999999994,0.4,0.5875
"N2","PASS",5,"above",0.4,0.5875,0.99,1e-12,"N2-LOW-TYPE-ONLY","S",0.5999999999994,0.4,0.5875
"N2","PASS",5,"above",0.4,0.5875,0.99,1e-08,"N2-LOW-TYPE-ONLY","S",0.599999994,0.4,0.5875
"N2","PASS",5,"above",0.4,0.5875,0.99,0.05,"N2-LOW-TYPE-ONLY","S",0.57,0.4,0.5875
"N2","PASS",5,"above",0.4,0.5875,0.99,0.25,"N2-LOW-TYPE-ONLY","S",0.45,0.4,0.5875
"N2","PASS",5,"above",0.4,0.5875,0.99,0.3124999,"N2-LOW-TYPE-ONLY","S",0.41250006,0.4,0.5875
"N2","PASS",5,"above",0.4,0.5875,0.99,0.31249999,"N2-LOW-TYPE-ONLY","S",0.412500006,0.4,0.5875
"N2","PASS",5,"above",0.4,0.5875,0.99,0.312499999999,"N2-LOW-TYPE-ONLY","S",0.4125000000006,0.4,0.5875
"N2","PASS",5,"above",0.4,0.5875,0.99,0.31249999999999,"N2-LOW-TYPE-ONLY","S",0.412500000000006,0.4,0.5875
"N2","PASS",5,"above",0.4,0.5875,0.99,0.3125,"N2-LOW-TYPE-ONLY","S",0.4125,0.4,0.5875
"N2","PASS",5,"above",0.4,0.5875,0.99,0.31250000000001,"N2-POOLING","P",0.4125,0.5875,0.5875
"N2","PASS",5,"above",0.4,0.5875,0.99,0.312500000001,"N2-POOLING","P",0.4125,0.5875,0.5875
"N2","PASS",5,"above",0.4,0.5875,0.99,0.31250001,"N2-POOLING","P",0.4125,0.5875,0.5875
"N2","PASS",5,"above",0.4,0.5875,0.99,0.3125001,"N2-POOLING","P",0.4125,0.5875,0.5875
"N2","PASS",5,"above",0.4,0.5875,0.99,0.5,"N2-POOLING","P",0.4125,0.5875,0.5875
"N2","PASS",5,"above",0.4,0.5875,0.99,0.75,"N2-POOLING","P",0.4125,0.5875,0.5875
"N2","PASS",5,"above",0.4,0.5875,0.99,0.95,"N2-POOLING","P",0.4125,0.5875,0.5875
"N2","PASS",5,"above",0.4,0.5875,0.99,0.99999999,"N2-POOLING","P",0.4125,0.5875,0.5875
"N2","PASS",5,"above",0.4,0.5875,0.99,0.999999999999,"N2-POOLING","P",0.4125,0.5875,0.5875
"N2","PASS",5,"above",0.4,0.5875,0.99,0.99999999999999,"N2-POOLING","P",0.4125,0.5875,0.5875
"N2","PASS",5,"above",0.4,0.5875,0.99,1,"N2-POOLING","P",0.4125,0.5875,0.5875
"N2","PASS",5,"wide_cross",0.025,0.775,0.5,0,"N2-LOW-TYPE-ONLY","S",0.975,0.025,0.775
"N2","PASS",5,"wide_cross",0.025,0.775,0.5,1e-14,"N2-LOW-TYPE-ONLY","S",0.97499999999999,0.025,0.775
"N2","PASS",5,"wide_cross",0.025,0.775,0.5,1e-12,"N2-LOW-TYPE-ONLY","S",0.974999999999025,0.025,0.775
"N2","PASS",5,"wide_cross",0.025,0.775,0.5,1e-08,"N2-LOW-TYPE-ONLY","S",0.97499999025,0.025,0.775
"N2","PASS",5,"wide_cross",0.025,0.775,0.5,0.05,"N2-LOW-TYPE-ONLY","S",0.92625,0.025,0.775
"N2","PASS",5,"wide_cross",0.025,0.775,0.5,0.152542272881356,"N2-LOW-TYPE-ONLY","S",0.826271283940678,0.025,0.775
"N2","PASS",5,"wide_cross",0.025,0.775,0.5,0.152542362881356,"N2-LOW-TYPE-ONLY","S",0.826271196190678,0.025,0.775
"N2","PASS",5,"wide_cross",0.025,0.775,0.5,0.152542372880356,"N2-LOW-TYPE-ONLY","S",0.826271186441653,0.025,0.775
"N2","PASS",5,"wide_cross",0.025,0.775,0.5,0.152542372881346,"N2-LOW-TYPE-ONLY","S",0.826271186440688,0.025,0.775
"N2","PASS",5,"wide_cross",0.025,0.775,0.5,0.152542372881356,"N2-LOW-TYPE-ONLY","S",0.826271186440678,0.025,0.775
"N2","PASS",5,"wide_cross",0.025,0.775,0.5,0.152542372881366,"N2-LOW-TYPE-ONLY","S",0.826271186440668,0.025,0.775
"N2","PASS",5,"wide_cross",0.025,0.775,0.5,0.152542372882356,"N2-LOW-TYPE-ONLY","S",0.826271186439703,0.025,0.775
"N2","PASS",5,"wide_cross",0.025,0.775,0.5,0.152542382881356,"N2-LOW-TYPE-ONLY","S",0.826271176690678,0.025,0.775
"N2","PASS",5,"wide_cross",0.025,0.775,0.5,0.152542472881356,"N2-LOW-TYPE-ONLY","S",0.826271088940678,0.025,0.775
"N2","PASS",5,"wide_cross",0.025,0.775,0.5,0.25,"N2-LOW-TYPE-ONLY","S",0.73125,0.025,0.775
"N2","PASS",5,"wide_cross",0.025,0.775,0.5,0.5,"N2-LOW-TYPE-ONLY","S",0.4875,0.025,0.775
"N2","PASS",5,"wide_cross",0.025,0.775,0.5,0.75,"N2-LOW-TYPE-ONLY","S",0.24375,0.025,0.775
"N2","PASS",5,"wide_cross",0.025,0.775,0.5,0.769230669230769,"N2-LOW-TYPE-ONLY","S",0.2250000975,0.025,0.775
"N2","PASS",5,"wide_cross",0.025,0.775,0.5,0.769230759230769,"N2-LOW-TYPE-ONLY","S",0.22500000975,0.025,0.775
"N2","PASS",5,"wide_cross",0.025,0.775,0.5,0.769230769229769,"N2-LOW-TYPE-ONLY","S",0.225000000000975,0.025,0.775
"N2","PASS",5,"wide_cross",0.025,0.775,0.5,0.769230769230759,"N2-LOW-TYPE-ONLY","S",0.22500000000001,0.025,0.775
"N2","PASS",5,"wide_cross",0.025,0.775,0.5,0.769230769230769,"N2-LOW-TYPE-ONLY","S",0.225,0.025,0.775
"N2","PASS",5,"wide_cross",0.025,0.775,0.5,0.769230769230779,"N2-POOLING","P",0.225,0.775,0.775
"N2","PASS",5,"wide_cross",0.025,0.775,0.5,0.769230769231769,"N2-POOLING","P",0.225,0.775,0.775
"N2","PASS",5,"wide_cross",0.025,0.775,0.5,0.769230779230769,"N2-POOLING","P",0.225,0.775,0.775
"N2","PASS",5,"wide_cross",0.025,0.775,0.5,0.769230869230769,"N2-POOLING","P",0.225,0.775,0.775
"N2","PASS",5,"wide_cross",0.025,0.775,0.5,0.95,"N2-POOLING","P",0.225,0.775,0.775
"N2","PASS",5,"wide_cross",0.025,0.775,0.5,0.99999999,"N2-POOLING","P",0.225,0.775,0.775
"N2","PASS",5,"wide_cross",0.025,0.775,0.5,0.999999999999,"N2-POOLING","P",0.225,0.775,0.775
"N2","PASS",5,"wide_cross",0.025,0.775,0.5,0.99999999999999,"N2-POOLING","P",0.225,0.775,0.775
"N2","PASS",5,"wide_cross",0.025,0.775,0.5,1,"N2-POOLING","P",0.225,0.775,0.775
"N2","PASS",5,"wide_cross",0.025,0.775,0.9,0,"N2-LOW-TYPE-ONLY","S",0.975,0.025,0.775
"N2","PASS",5,"wide_cross",0.025,0.775,0.9,1e-14,"N2-LOW-TYPE-ONLY","S",0.97499999999999,0.025,0.775
"N2","PASS",5,"wide_cross",0.025,0.775,0.9,1e-12,"N2-LOW-TYPE-ONLY","S",0.974999999999025,0.025,0.775
"N2","PASS",5,"wide_cross",0.025,0.775,0.9,1e-08,"N2-LOW-TYPE-ONLY","S",0.97499999025,0.025,0.775
"N2","PASS",5,"wide_cross",0.025,0.775,0.9,0.05,"N2-LOW-TYPE-ONLY","S",0.92625,0.025,0.775
"N2","PASS",5,"wide_cross",0.025,0.775,0.9,0.25,"N2-LOW-TYPE-ONLY","S",0.73125,0.025,0.775
"N2","PASS",5,"wide_cross",0.025,0.775,0.9,0.383886155924171,"N2-LOW-TYPE-ONLY","S",0.600710997973934,0.025,0.775
"N2","PASS",5,"wide_cross",0.025,0.775,0.9,0.383886245924171,"N2-LOW-TYPE-ONLY","S",0.600710910223934,0.025,0.775
"N2","PASS",5,"wide_cross",0.025,0.775,0.9,0.383886255923171,"N2-LOW-TYPE-ONLY","S",0.600710900474909,0.025,0.775
"N2","PASS",5,"wide_cross",0.025,0.775,0.9,0.383886255924161,"N2-LOW-TYPE-ONLY","S",0.600710900473943,0.025,0.775
"N2","PASS",5,"wide_cross",0.025,0.775,0.9,0.383886255924171,"N2-LOW-TYPE-ONLY","S",0.600710900473934,0.025,0.775
"N2","PASS",5,"wide_cross",0.025,0.775,0.9,0.383886255924181,"N2-LOW-TYPE-ONLY","S",0.600710900473924,0.025,0.775
"N2","PASS",5,"wide_cross",0.025,0.775,0.9,0.383886255925171,"N2-LOW-TYPE-ONLY","S",0.600710900472959,0.025,0.775
"N2","PASS",5,"wide_cross",0.025,0.775,0.9,0.383886265924171,"N2-LOW-TYPE-ONLY","S",0.600710890723934,0.025,0.775
"N2","PASS",5,"wide_cross",0.025,0.775,0.9,0.383886355924171,"N2-LOW-TYPE-ONLY","S",0.600710802973934,0.025,0.775
"N2","PASS",5,"wide_cross",0.025,0.775,0.9,0.5,"N2-LOW-TYPE-ONLY","S",0.4875,0.025,0.775
"N2","PASS",5,"wide_cross",0.025,0.775,0.9,0.75,"N2-LOW-TYPE-ONLY","S",0.24375,0.025,0.775
"N2","PASS",5,"wide_cross",0.025,0.775,0.9,0.769230669230769,"N2-LOW-TYPE-ONLY","S",0.2250000975,0.025,0.775
"N2","PASS",5,"wide_cross",0.025,0.775,0.9,0.769230759230769,"N2-LOW-TYPE-ONLY","S",0.22500000975,0.025,0.775
"N2","PASS",5,"wide_cross",0.025,0.775,0.9,0.769230769229769,"N2-LOW-TYPE-ONLY","S",0.225000000000975,0.025,0.775
"N2","PASS",5,"wide_cross",0.025,0.775,0.9,0.769230769230759,"N2-LOW-TYPE-ONLY","S",0.22500000000001,0.025,0.775
"N2","PASS",5,"wide_cross",0.025,0.775,0.9,0.769230769230769,"N2-LOW-TYPE-ONLY","S",0.225,0.025,0.775
"N2","PASS",5,"wide_cross",0.025,0.775,0.9,0.769230769230779,"N2-POOLING","P",0.225,0.775,0.775
"N2","PASS",5,"wide_cross",0.025,0.775,0.9,0.769230769231769,"N2-POOLING","P",0.225,0.775,0.775
"N2","PASS",5,"wide_cross",0.025,0.775,0.9,0.769230779230769,"N2-POOLING","P",0.225,0.775,0.775
"N2","PASS",5,"wide_cross",0.025,0.775,0.9,0.769230869230769,"N2-POOLING","P",0.225,0.775,0.775
"N2","PASS",5,"wide_cross",0.025,0.775,0.9,0.95,"N2-POOLING","P",0.225,0.775,0.775
"N2","PASS",5,"wide_cross",0.025,0.775,0.9,0.99999999,"N2-POOLING","P",0.225,0.775,0.775
"N2","PASS",5,"wide_cross",0.025,0.775,0.9,0.999999999999,"N2-POOLING","P",0.225,0.775,0.775
"N2","PASS",5,"wide_cross",0.025,0.775,0.9,0.99999999999999,"N2-POOLING","P",0.225,0.775,0.775
"N2","PASS",5,"wide_cross",0.025,0.775,0.9,1,"N2-POOLING","P",0.225,0.775,0.775
"N2","PASS",5,"wide_cross",0.025,0.775,0.99,0,"N2-LOW-TYPE-ONLY","S",0.975,0.025,0.775
"N2","PASS",5,"wide_cross",0.025,0.775,0.99,1e-14,"N2-LOW-TYPE-ONLY","S",0.97499999999999,0.025,0.775
"N2","PASS",5,"wide_cross",0.025,0.775,0.99,1e-12,"N2-LOW-TYPE-ONLY","S",0.974999999999025,0.025,0.775
"N2","PASS",5,"wide_cross",0.025,0.775,0.99,1e-08,"N2-LOW-TYPE-ONLY","S",0.97499999025,0.025,0.775
"N2","PASS",5,"wide_cross",0.025,0.775,0.99,0.05,"N2-LOW-TYPE-ONLY","S",0.92625,0.025,0.775
"N2","PASS",5,"wide_cross",0.025,0.775,0.99,0.25,"N2-LOW-TYPE-ONLY","S",0.73125,0.025,0.775
"N2","PASS",5,"wide_cross",0.025,0.775,0.99,0.463820826600729,"N2-LOW-TYPE-ONLY","S",0.52277469406429,0.025,0.775
"N2","PASS",5,"wide_cross",0.025,0.775,0.99,0.463820916600729,"N2-LOW-TYPE-ONLY","S",0.522774606314289,0.025,0.775
"N2","PASS",5,"wide_cross",0.025,0.775,0.99,0.463820926599729,"N2-LOW-TYPE-ONLY","S",0.522774596565264,0.025,0.775
"N2","PASS",5,"wide_cross",0.025,0.775,0.99,0.463820926600719,"N2-LOW-TYPE-ONLY","S",0.522774596564299,0.025,0.775
"N2","PASS",5,"wide_cross",0.025,0.775,0.99,0.463820926600729,"N2-LOW-TYPE-ONLY","S",0.52277459656429,0.025,0.775
"N2","PASS",5,"wide_cross",0.025,0.775,0.99,0.463820926600739,"N2-LOW-TYPE-ONLY","S",0.52277459656428,0.025,0.775
"N2","PASS",5,"wide_cross",0.025,0.775,0.99,0.463820926601729,"N2-LOW-TYPE-ONLY","S",0.522774596563314,0.025,0.775
"N2","PASS",5,"wide_cross",0.025,0.775,0.99,0.463820936600729,"N2-LOW-TYPE-ONLY","S",0.52277458681429,0.025,0.775
"N2","PASS",5,"wide_cross",0.025,0.775,0.99,0.463821026600729,"N2-LOW-TYPE-ONLY","S",0.522774499064289,0.025,0.775
"N2","PASS",5,"wide_cross",0.025,0.775,0.99,0.5,"N2-LOW-TYPE-ONLY","S",0.4875,0.025,0.775
"N2","PASS",5,"wide_cross",0.025,0.775,0.99,0.75,"N2-LOW-TYPE-ONLY","S",0.24375,0.025,0.775
"N2","PASS",5,"wide_cross",0.025,0.775,0.99,0.769230669230769,"N2-LOW-TYPE-ONLY","S",0.2250000975,0.025,0.775
"N2","PASS",5,"wide_cross",0.025,0.775,0.99,0.769230759230769,"N2-LOW-TYPE-ONLY","S",0.22500000975,0.025,0.775
"N2","PASS",5,"wide_cross",0.025,0.775,0.99,0.769230769229769,"N2-LOW-TYPE-ONLY","S",0.225000000000975,0.025,0.775
"N2","PASS",5,"wide_cross",0.025,0.775,0.99,0.769230769230759,"N2-LOW-TYPE-ONLY","S",0.22500000000001,0.025,0.775
"N2","PASS",5,"wide_cross",0.025,0.775,0.99,0.769230769230769,"N2-LOW-TYPE-ONLY","S",0.225,0.025,0.775
"N2","PASS",5,"wide_cross",0.025,0.775,0.99,0.769230769230779,"N2-POOLING","P",0.225,0.775,0.775
"N2","PASS",5,"wide_cross",0.025,0.775,0.99,0.769230769231769,"N2-POOLING","P",0.225,0.775,0.775
"N2","PASS",5,"wide_cross",0.025,0.775,0.99,0.769230779230769,"N2-POOLING","P",0.225,0.775,0.775
"N2","PASS",5,"wide_cross",0.025,0.775,0.99,0.769230869230769,"N2-POOLING","P",0.225,0.775,0.775
"N2","PASS",5,"wide_cross",0.025,0.775,0.99,0.95,"N2-POOLING","P",0.225,0.775,0.775
"N2","PASS",5,"wide_cross",0.025,0.775,0.99,0.99999999,"N2-POOLING","P",0.225,0.775,0.775
"N2","PASS",5,"wide_cross",0.025,0.775,0.99,0.999999999999,"N2-POOLING","P",0.225,0.775,0.775
"N2","PASS",5,"wide_cross",0.025,0.775,0.99,0.99999999999999,"N2-POOLING","P",0.225,0.775,0.775
"N2","PASS",5,"wide_cross",0.025,0.775,0.99,1,"N2-POOLING","P",0.225,0.775,0.775
"N2","PASS",5,"o1_below_tiny",0.125,0.249999999999,0.5,0,"N2-LOW-TYPE-ONLY","S",0.875,0.125,0.249999999999
"N2","PASS",5,"o1_below_tiny",0.125,0.249999999999,0.5,1e-14,"N2-LOW-TYPE-ONLY","S",0.874999999999991,0.125,0.249999999999
"N2","PASS",5,"o1_below_tiny",0.125,0.249999999999,0.5,1e-12,"N2-LOW-TYPE-ONLY","S",0.874999999999125,0.125,0.249999999999
"N2","PASS",5,"o1_below_tiny",0.125,0.249999999999,0.5,1e-08,"N2-LOW-TYPE-ONLY","S",0.87499999125,0.125,0.249999999999
"N2","PASS",5,"o1_below_tiny",0.125,0.249999999999,0.5,0.05,"N2-LOW-TYPE-ONLY","S",0.83125,0.125,0.249999999999
"N2","PASS",5,"o1_below_tiny",0.125,0.249999999999,0.5,0.0909089909083636,"N2-LOW-TYPE-ONLY","S",0.795454632955182,0.125,0.249999999999
"N2","PASS",5,"o1_below_tiny",0.125,0.249999999999,0.5,0.0909089909090909,"N2-LOW-TYPE-ONLY","S",0.795454632954545,0.125,0.249999999999
"N2","PASS",5,"o1_below_tiny",0.125,0.249999999999,0.5,0.0909090809083636,"N2-LOW-TYPE-ONLY","S",0.795454554205182,0.125,0.249999999999
"N2","PASS",5,"o1_below_tiny",0.125,0.249999999999,0.5,0.0909090809090909,"N2-LOW-TYPE-ONLY","S",0.795454554204545,0.125,0.249999999999
"N2","PASS",5,"o1_below_tiny",0.125,0.249999999999,0.5,0.0909090909073636,"N2-LOW-TYPE-ONLY","S",0.795454545456057,0.125,0.249999999999
"N2","PASS",5,"o1_below_tiny",0.125,0.249999999999,0.5,0.0909090909080909,"N2-LOW-TYPE-ONLY","S",0.79545454545542,0.125,0.249999999999
"N2","PASS",5,"o1_below_tiny",0.125,0.249999999999,0.5,0.0909090909083536,"N2-LOW-TYPE-ONLY","S",0.795454545455191,0.125,0.249999999999
"N2","PASS",5,"o1_below_tiny",0.125,0.249999999999,0.5,0.0909090909083636,"N2-LOW-TYPE-ONLY","S",0.795454545455182,0.125,0.249999999999
"N2","PASS",5,"o1_below_tiny",0.125,0.249999999999,0.5,0.0909090909083736,"N2-LOW-TYPE-ONLY","S",0.795454545455173,0.125,0.249999999999
"N2","PASS",5,"o1_below_tiny",0.125,0.249999999999,0.5,0.0909090909090809,"N2-LOW-TYPE-ONLY","S",0.795454545454554,0.125,0.249999999999
"N2","PASS",5,"o1_below_tiny",0.125,0.249999999999,0.5,0.0909090909090909,"N2-LOW-TYPE-ONLY","S",0.795454545454545,0.125,0.249999999999
"N2","PASS",5,"o1_below_tiny",0.125,0.249999999999,0.5,0.0909090909091009,"N2-LOW-TYPE-ONLY","S",0.795454545454537,0.125,0.249999999999
"N2","PASS",5,"o1_below_tiny",0.125,0.249999999999,0.5,0.0909090909093636,"N2-LOW-TYPE-ONLY","S",0.795454545454307,0.125,0.249999999999
"N2","PASS",5,"o1_below_tiny",0.125,0.249999999999,0.5,0.0909090909100909,"N2-LOW-TYPE-ONLY","S",0.79545454545367,0.125,0.249999999999
"N2","PASS",5,"o1_below_tiny",0.125,0.249999999999,0.5,0.0909091009083636,"N2-LOW-TYPE-ONLY","S",0.795454536705182,0.125,0.249999999999
"N2","PASS",5,"o1_below_tiny",0.125,0.249999999999,0.5,0.0909091009090909,"N2-LOW-TYPE-ONLY","S",0.795454536704545,0.125,0.249999999999
"N2","PASS",5,"o1_below_tiny",0.125,0.249999999999,0.5,0.0909091909083636,"N2-LOW-TYPE-ONLY","S",0.795454457955182,0.125,0.249999999999
"N2","PASS",5,"o1_below_tiny",0.125,0.249999999999,0.5,0.0909091909090909,"N2-LOW-TYPE-ONLY","S",0.795454457954546,0.125,0.249999999999
"N2","PASS",5,"o1_below_tiny",0.125,0.249999999999,0.5,0.142857042856,"N2-LOW-TYPE-ONLY","S",0.750000087501,0.125,0.249999999999
"N2","PASS",5,"o1_below_tiny",0.125,0.249999999999,0.5,0.142857132856,"N2-LOW-TYPE-ONLY","S",0.750000008751,0.125,0.249999999999
"N2","PASS",5,"o1_below_tiny",0.125,0.249999999999,0.5,0.142857142855,"N2-LOW-TYPE-ONLY","S",0.750000000001875,0.125,0.249999999999
"N2","PASS",5,"o1_below_tiny",0.125,0.249999999999,0.5,0.14285714285599,"N2-LOW-TYPE-ONLY","S",0.750000000001009,0.125,0.249999999999
"N2","PASS",5,"o1_below_tiny",0.125,0.249999999999,0.5,0.142857142856,"N2-LOW-TYPE-ONLY","S",0.750000000001,0.125,0.249999999999
"N2","PASS",5,"o1_below_tiny",0.125,0.249999999999,0.5,0.14285714285601,"N2-POOLING","P",0.750000000001,0.249999999999,0.249999999999
"N2","PASS",5,"o1_below_tiny",0.125,0.249999999999,0.5,0.142857142857,"N2-POOLING","P",0.750000000001,0.249999999999,0.249999999999
"N2","PASS",5,"o1_below_tiny",0.125,0.249999999999,0.5,0.142857152856,"N2-POOLING","P",0.750000000001,0.249999999999,0.249999999999
"N2","PASS",5,"o1_below_tiny",0.125,0.249999999999,0.5,0.142857242856,"N2-POOLING","P",0.750000000001,0.249999999999,0.249999999999
"N2","PASS",5,"o1_below_tiny",0.125,0.249999999999,0.5,0.25,"N2-POOLING","P",0.750000000001,0.249999999999,0.249999999999
"N2","PASS",5,"o1_below_tiny",0.125,0.249999999999,0.5,0.5,"N2-POOLING","P",0.750000000001,0.249999999999,0.249999999999
"N2","PASS",5,"o1_below_tiny",0.125,0.249999999999,0.5,0.75,"N2-POOLING","P",0.750000000001,0.249999999999,0.249999999999
"N2","PASS",5,"o1_below_tiny",0.125,0.249999999999,0.5,0.95,"N2-POOLING","P",0.750000000001,0.249999999999,0.249999999999
"N2","PASS",5,"o1_below_tiny",0.125,0.249999999999,0.5,0.99999999,"N2-POOLING","P",0.750000000001,0.249999999999,0.249999999999
"N2","PASS",5,"o1_below_tiny",0.125,0.249999999999,0.5,0.999999999999,"N2-POOLING","P",0.750000000001,0.249999999999,0.249999999999
"N2","PASS",5,"o1_below_tiny",0.125,0.249999999999,0.5,0.99999999999999,"N2-POOLING","P",0.750000000001,0.249999999999,0.249999999999
"N2","PASS",5,"o1_below_tiny",0.125,0.249999999999,0.5,1,"N2-POOLING","P",0.750000000001,0.249999999999,0.249999999999
"N2","PASS",5,"o1_below_tiny",0.125,0.249999999999,0.9,0,"N2-LOW-TYPE-ONLY","S",0.875,0.125,0.249999999999
"N2","PASS",5,"o1_below_tiny",0.125,0.249999999999,0.9,1e-14,"N2-LOW-TYPE-ONLY","S",0.874999999999991,0.125,0.249999999999
"N2","PASS",5,"o1_below_tiny",0.125,0.249999999999,0.9,1e-12,"N2-LOW-TYPE-ONLY","S",0.874999999999125,0.125,0.249999999999
"N2","PASS",5,"o1_below_tiny",0.125,0.249999999999,0.9,1e-08,"N2-LOW-TYPE-ONLY","S",0.87499999125,0.125,0.249999999999
"N2","PASS",5,"o1_below_tiny",0.125,0.249999999999,0.9,0.05,"N2-LOW-TYPE-ONLY","S",0.83125,0.125,0.249999999999
"N2","PASS",5,"o1_below_tiny",0.125,0.249999999999,0.9,0.142857042856,"N2-LOW-TYPE-ONLY","S",0.750000087501,0.125,0.249999999999
"N2","PASS",5,"o1_below_tiny",0.125,0.249999999999,0.9,0.142857132856,"N2-LOW-TYPE-ONLY","S",0.750000008751,0.125,0.249999999999
"N2","PASS",5,"o1_below_tiny",0.125,0.249999999999,0.9,0.142857142855,"N2-LOW-TYPE-ONLY","S",0.750000000001875,0.125,0.249999999999
"N2","PASS",5,"o1_below_tiny",0.125,0.249999999999,0.9,0.14285714285599,"N2-LOW-TYPE-ONLY","S",0.750000000001009,0.125,0.249999999999
"N2","PASS",5,"o1_below_tiny",0.125,0.249999999999,0.9,0.142857142856,"N2-LOW-TYPE-ONLY","S",0.750000000001,0.125,0.249999999999
"N2","PASS",5,"o1_below_tiny",0.125,0.249999999999,0.9,0.14285714285601,"N2-POOLING","P",0.750000000001,0.249999999999,0.249999999999
"N2","PASS",5,"o1_below_tiny",0.125,0.249999999999,0.9,0.142857142857,"N2-POOLING","P",0.750000000001,0.249999999999,0.249999999999
"N2","PASS",5,"o1_below_tiny",0.125,0.249999999999,0.9,0.142857152856,"N2-POOLING","P",0.750000000001,0.249999999999,0.249999999999
"N2","PASS",5,"o1_below_tiny",0.125,0.249999999999,0.9,0.142857242856,"N2-POOLING","P",0.750000000001,0.249999999999,0.249999999999
"N2","PASS",5,"o1_below_tiny",0.125,0.249999999999,0.9,0.25,"N2-POOLING","P",0.750000000001,0.249999999999,0.249999999999
"N2","PASS",5,"o1_below_tiny",0.125,0.249999999999,0.9,0.2571427571408,"N2-POOLING","P",0.750000000001,0.249999999999,0.249999999999
"N2","PASS",5,"o1_below_tiny",0.125,0.249999999999,0.9,0.257142757142857,"N2-POOLING","P",0.750000000001,0.249999999999,0.249999999999
"N2","PASS",5,"o1_below_tiny",0.125,0.249999999999,0.9,0.2571428471408,"N2-POOLING","P",0.750000000001,0.249999999999,0.249999999999
"N2","PASS",5,"o1_below_tiny",0.125,0.249999999999,0.9,0.257142847142857,"N2-POOLING","P",0.750000000001,0.249999999999,0.249999999999
"N2","PASS",5,"o1_below_tiny",0.125,0.249999999999,0.9,0.2571428571398,"N2-POOLING","P",0.750000000001,0.249999999999,0.249999999999
"N2","PASS",5,"o1_below_tiny",0.125,0.249999999999,0.9,0.25714285714079,"N2-POOLING","P",0.750000000001,0.249999999999,0.249999999999
"N2","PASS",5,"o1_below_tiny",0.125,0.249999999999,0.9,0.2571428571408,"N2-POOLING","P",0.750000000001,0.249999999999,0.249999999999
"N2","PASS",5,"o1_below_tiny",0.125,0.249999999999,0.9,0.25714285714081,"N2-POOLING","P",0.750000000001,0.249999999999,0.249999999999
"N2","PASS",5,"o1_below_tiny",0.125,0.249999999999,0.9,0.2571428571418,"N2-POOLING","P",0.750000000001,0.249999999999,0.249999999999
"N2","PASS",5,"o1_below_tiny",0.125,0.249999999999,0.9,0.257142857141857,"N2-POOLING","P",0.750000000001,0.249999999999,0.249999999999
"N2","PASS",5,"o1_below_tiny",0.125,0.249999999999,0.9,0.257142857142847,"N2-POOLING","P",0.750000000001,0.249999999999,0.249999999999
"N2","PASS",5,"o1_below_tiny",0.125,0.249999999999,0.9,0.257142857142857,"N2-POOLING","P",0.750000000001,0.249999999999,0.249999999999
"N2","PASS",5,"o1_below_tiny",0.125,0.249999999999,0.9,0.257142857142867,"N2-POOLING","P",0.750000000001,0.249999999999,0.249999999999
"N2","PASS",5,"o1_below_tiny",0.125,0.249999999999,0.9,0.257142857143857,"N2-POOLING","P",0.750000000001,0.249999999999,0.249999999999
"N2","PASS",5,"o1_below_tiny",0.125,0.249999999999,0.9,0.2571428671408,"N2-POOLING","P",0.750000000001,0.249999999999,0.249999999999
"N2","PASS",5,"o1_below_tiny",0.125,0.249999999999,0.9,0.257142867142857,"N2-POOLING","P",0.750000000001,0.249999999999,0.249999999999
"N2","PASS",5,"o1_below_tiny",0.125,0.249999999999,0.9,0.2571429571408,"N2-POOLING","P",0.750000000001,0.249999999999,0.249999999999
"N2","PASS",5,"o1_below_tiny",0.125,0.249999999999,0.9,0.257142957142857,"N2-POOLING","P",0.750000000001,0.249999999999,0.249999999999
"N2","PASS",5,"o1_below_tiny",0.125,0.249999999999,0.9,0.5,"N2-POOLING","P",0.750000000001,0.249999999999,0.249999999999
"N2","PASS",5,"o1_below_tiny",0.125,0.249999999999,0.9,0.75,"N2-POOLING","P",0.750000000001,0.249999999999,0.249999999999
"N2","PASS",5,"o1_below_tiny",0.125,0.249999999999,0.9,0.95,"N2-POOLING","P",0.750000000001,0.249999999999,0.249999999999
"N2","PASS",5,"o1_below_tiny",0.125,0.249999999999,0.9,0.99999999,"N2-POOLING","P",0.750000000001,0.249999999999,0.249999999999
"N2","PASS",5,"o1_below_tiny",0.125,0.249999999999,0.9,0.999999999999,"N2-POOLING","P",0.750000000001,0.249999999999,0.249999999999
"N2","PASS",5,"o1_below_tiny",0.125,0.249999999999,0.9,0.99999999999999,"N2-POOLING","P",0.750000000001,0.249999999999,0.249999999999
"N2","PASS",5,"o1_below_tiny",0.125,0.249999999999,0.9,1,"N2-POOLING","P",0.750000000001,0.249999999999,0.249999999999
"N2","PASS",5,"o1_below_tiny",0.125,0.249999999999,0.99,0,"N2-LOW-TYPE-ONLY","S",0.875,0.125,0.249999999999
"N2","PASS",5,"o1_below_tiny",0.125,0.249999999999,0.99,1e-14,"N2-LOW-TYPE-ONLY","S",0.874999999999991,0.125,0.249999999999
"N2","PASS",5,"o1_below_tiny",0.125,0.249999999999,0.99,1e-12,"N2-LOW-TYPE-ONLY","S",0.874999999999125,0.125,0.249999999999
"N2","PASS",5,"o1_below_tiny",0.125,0.249999999999,0.99,1e-08,"N2-LOW-TYPE-ONLY","S",0.87499999125,0.125,0.249999999999
"N2","PASS",5,"o1_below_tiny",0.125,0.249999999999,0.99,0.05,"N2-LOW-TYPE-ONLY","S",0.83125,0.125,0.249999999999
"N2","PASS",5,"o1_below_tiny",0.125,0.249999999999,0.99,0.142857042856,"N2-LOW-TYPE-ONLY","S",0.750000087501,0.125,0.249999999999
"N2","PASS",5,"o1_below_tiny",0.125,0.249999999999,0.99,0.142857132856,"N2-LOW-TYPE-ONLY","S",0.750000008751,0.125,0.249999999999
"N2","PASS",5,"o1_below_tiny",0.125,0.249999999999,0.99,0.142857142855,"N2-LOW-TYPE-ONLY","S",0.750000000001875,0.125,0.249999999999
"N2","PASS",5,"o1_below_tiny",0.125,0.249999999999,0.99,0.14285714285599,"N2-LOW-TYPE-ONLY","S",0.750000000001009,0.125,0.249999999999
"N2","PASS",5,"o1_below_tiny",0.125,0.249999999999,0.99,0.142857142856,"N2-LOW-TYPE-ONLY","S",0.750000000001,0.125,0.249999999999
"N2","PASS",5,"o1_below_tiny",0.125,0.249999999999,0.99,0.14285714285601,"N2-POOLING","P",0.750000000001,0.249999999999,0.249999999999
"N2","PASS",5,"o1_below_tiny",0.125,0.249999999999,0.99,0.142857142857,"N2-POOLING","P",0.750000000001,0.249999999999,0.249999999999
"N2","PASS",5,"o1_below_tiny",0.125,0.249999999999,0.99,0.142857152856,"N2-POOLING","P",0.750000000001,0.249999999999,0.249999999999
"N2","PASS",5,"o1_below_tiny",0.125,0.249999999999,0.99,0.142857242856,"N2-POOLING","P",0.750000000001,0.249999999999,0.249999999999
"N2","PASS",5,"o1_below_tiny",0.125,0.249999999999,0.99,0.25,"N2-POOLING","P",0.750000000001,0.249999999999,0.249999999999
"N2","PASS",5,"o1_below_tiny",0.125,0.249999999999,0.99,0.32459006393183,"N2-POOLING","P",0.750000000001,0.249999999999,0.249999999999
"N2","PASS",5,"o1_below_tiny",0.125,0.249999999999,0.99,0.324590063934426,"N2-POOLING","P",0.750000000001,0.249999999999,0.249999999999
"N2","PASS",5,"o1_below_tiny",0.125,0.249999999999,0.99,0.32459015393183,"N2-POOLING","P",0.750000000001,0.249999999999,0.249999999999
"N2","PASS",5,"o1_below_tiny",0.125,0.249999999999,0.99,0.324590153934426,"N2-POOLING","P",0.750000000001,0.249999999999,0.249999999999
"N2","PASS",5,"o1_below_tiny",0.125,0.249999999999,0.99,0.32459016393083,"N2-POOLING","P",0.750000000001,0.249999999999,0.249999999999
"N2","PASS",5,"o1_below_tiny",0.125,0.249999999999,0.99,0.32459016393182,"N2-POOLING","P",0.750000000001,0.249999999999,0.249999999999
"N2","PASS",5,"o1_below_tiny",0.125,0.249999999999,0.99,0.32459016393183,"N2-POOLING","P",0.750000000001,0.249999999999,0.249999999999
"N2","PASS",5,"o1_below_tiny",0.125,0.249999999999,0.99,0.32459016393184,"N2-POOLING","P",0.750000000001,0.249999999999,0.249999999999
"N2","PASS",5,"o1_below_tiny",0.125,0.249999999999,0.99,0.32459016393283,"N2-POOLING","P",0.750000000001,0.249999999999,0.249999999999
"N2","PASS",5,"o1_below_tiny",0.125,0.249999999999,0.99,0.324590163933426,"N2-POOLING","P",0.750000000001,0.249999999999,0.249999999999
"N2","PASS",5,"o1_below_tiny",0.125,0.249999999999,0.99,0.324590163934416,"N2-POOLING","P",0.750000000001,0.249999999999,0.249999999999
"N2","PASS",5,"o1_below_tiny",0.125,0.249999999999,0.99,0.324590163934426,"N2-POOLING","P",0.750000000001,0.249999999999,0.249999999999
"N2","PASS",5,"o1_below_tiny",0.125,0.249999999999,0.99,0.324590163934436,"N2-POOLING","P",0.750000000001,0.249999999999,0.249999999999
"N2","PASS",5,"o1_below_tiny",0.125,0.249999999999,0.99,0.324590163935426,"N2-POOLING","P",0.750000000001,0.249999999999,0.249999999999
"N2","PASS",5,"o1_below_tiny",0.125,0.249999999999,0.99,0.32459017393183,"N2-POOLING","P",0.750000000001,0.249999999999,0.249999999999
"N2","PASS",5,"o1_below_tiny",0.125,0.249999999999,0.99,0.324590173934426,"N2-POOLING","P",0.750000000001,0.249999999999,0.249999999999
"N2","PASS",5,"o1_below_tiny",0.125,0.249999999999,0.99,0.32459026393183,"N2-POOLING","P",0.750000000001,0.249999999999,0.249999999999
"N2","PASS",5,"o1_below_tiny",0.125,0.249999999999,0.99,0.324590263934426,"N2-POOLING","P",0.750000000001,0.249999999999,0.249999999999
"N2","PASS",5,"o1_below_tiny",0.125,0.249999999999,0.99,0.5,"N2-POOLING","P",0.750000000001,0.249999999999,0.249999999999
"N2","PASS",5,"o1_below_tiny",0.125,0.249999999999,0.99,0.75,"N2-POOLING","P",0.750000000001,0.249999999999,0.249999999999
"N2","PASS",5,"o1_below_tiny",0.125,0.249999999999,0.99,0.95,"N2-POOLING","P",0.750000000001,0.249999999999,0.249999999999
"N2","PASS",5,"o1_below_tiny",0.125,0.249999999999,0.99,0.99999999,"N2-POOLING","P",0.750000000001,0.249999999999,0.249999999999
"N2","PASS",5,"o1_below_tiny",0.125,0.249999999999,0.99,0.999999999999,"N2-POOLING","P",0.750000000001,0.249999999999,0.249999999999
"N2","PASS",5,"o1_below_tiny",0.125,0.249999999999,0.99,0.99999999999999,"N2-POOLING","P",0.750000000001,0.249999999999,0.249999999999
"N2","PASS",5,"o1_below_tiny",0.125,0.249999999999,0.99,1,"N2-POOLING","P",0.750000000001,0.249999999999,0.249999999999
"N2","PASS",5,"o1_above_tiny",0.125,0.250000000001,0.5,0,"N2-LOW-TYPE-ONLY","S",0.875,0.125,0.250000000001
"N2","PASS",5,"o1_above_tiny",0.125,0.250000000001,0.5,1e-14,"N2-LOW-TYPE-ONLY","S",0.874999999999991,0.125,0.250000000001
"N2","PASS",5,"o1_above_tiny",0.125,0.250000000001,0.5,1e-12,"N2-LOW-TYPE-ONLY","S",0.874999999999125,0.125,0.250000000001
"N2","PASS",5,"o1_above_tiny",0.125,0.250000000001,0.5,1e-08,"N2-LOW-TYPE-ONLY","S",0.87499999125,0.125,0.250000000001
"N2","PASS",5,"o1_above_tiny",0.125,0.250000000001,0.5,0.05,"N2-LOW-TYPE-ONLY","S",0.83125,0.125,0.250000000001
"N2","PASS",5,"o1_above_tiny",0.125,0.250000000001,0.5,0.0909089909090909,"N2-LOW-TYPE-ONLY","S",0.795454632954545,0.125,0.250000000001
"N2","PASS",5,"o1_above_tiny",0.125,0.250000000001,0.5,0.0909090809090909,"N2-LOW-TYPE-ONLY","S",0.795454554204545,0.125,0.250000000001
"N2","PASS",5,"o1_above_tiny",0.125,0.250000000001,0.5,0.0909090909080909,"N2-LOW-TYPE-ONLY","S",0.79545454545542,0.125,0.250000000001
"N2","PASS",5,"o1_above_tiny",0.125,0.250000000001,0.5,0.0909090909090809,"N2-LOW-TYPE-ONLY","S",0.795454545454554,0.125,0.250000000001
"N2","PASS",5,"o1_above_tiny",0.125,0.250000000001,0.5,0.0909090909090909,"N2-LOW-TYPE-ONLY","S",0.795454545454545,0.125,0.250000000001
"N2","PASS",5,"o1_above_tiny",0.125,0.250000000001,0.5,0.0909090909091009,"N2-LOW-TYPE-ONLY","S",0.795454545454537,0.125,0.250000000001
"N2","PASS",5,"o1_above_tiny",0.125,0.250000000001,0.5,0.0909090909100909,"N2-LOW-TYPE-ONLY","S",0.79545454545367,0.125,0.250000000001
"N2","PASS",5,"o1_above_tiny",0.125,0.250000000001,0.5,0.0909091009090909,"N2-LOW-TYPE-ONLY","S",0.795454536704545,0.125,0.250000000001
"N2","PASS",5,"o1_above_tiny",0.125,0.250000000001,0.5,0.0909091909090909,"N2-LOW-TYPE-ONLY","S",0.795454457954546,0.125,0.250000000001
"N2","PASS",5,"o1_above_tiny",0.125,0.250000000001,0.5,0.142857042858286,"N2-LOW-TYPE-ONLY","S",0.750000087499,0.125,0.250000000001
"N2","PASS",5,"o1_above_tiny",0.125,0.250000000001,0.5,0.142857132858286,"N2-LOW-TYPE-ONLY","S",0.750000008749,0.125,0.250000000001
"N2","PASS",5,"o1_above_tiny",0.125,0.250000000001,0.5,0.142857142857286,"N2-LOW-TYPE-ONLY","S",0.749999999999875,0.125,0.250000000001
"N2","PASS",5,"o1_above_tiny",0.125,0.250000000001,0.5,0.142857142858276,"N2-LOW-TYPE-ONLY","S",0.749999999999009,0.125,0.250000000001
"N2","PASS",5,"o1_above_tiny",0.125,0.250000000001,0.5,0.142857142858286,"N2-LOW-TYPE-ONLY","S",0.749999999999,0.125,0.250000000001
"N2","PASS",5,"o1_above_tiny",0.125,0.250000000001,0.5,0.142857142858296,"N2-POOLING","P",0.749999999999,0.250000000001,0.250000000001
"N2","PASS",5,"o1_above_tiny",0.125,0.250000000001,0.5,0.142857142859286,"N2-POOLING","P",0.749999999999,0.250000000001,0.250000000001
"N2","PASS",5,"o1_above_tiny",0.125,0.250000000001,0.5,0.142857152858286,"N2-POOLING","P",0.749999999999,0.250000000001,0.250000000001
"N2","PASS",5,"o1_above_tiny",0.125,0.250000000001,0.5,0.142857242858286,"N2-POOLING","P",0.749999999999,0.250000000001,0.250000000001
"N2","PASS",5,"o1_above_tiny",0.125,0.250000000001,0.5,0.25,"N2-POOLING","P",0.749999999999,0.250000000001,0.250000000001
"N2","PASS",5,"o1_above_tiny",0.125,0.250000000001,0.5,0.5,"N2-POOLING","P",0.749999999999,0.250000000001,0.250000000001
"N2","PASS",5,"o1_above_tiny",0.125,0.250000000001,0.5,0.75,"N2-POOLING","P",0.749999999999,0.250000000001,0.250000000001
"N2","PASS",5,"o1_above_tiny",0.125,0.250000000001,0.5,0.95,"N2-POOLING","P",0.749999999999,0.250000000001,0.250000000001
"N2","PASS",5,"o1_above_tiny",0.125,0.250000000001,0.5,0.99999999,"N2-POOLING","P",0.749999999999,0.250000000001,0.250000000001
"N2","PASS",5,"o1_above_tiny",0.125,0.250000000001,0.5,0.999999999999,"N2-POOLING","P",0.749999999999,0.250000000001,0.250000000001
"N2","PASS",5,"o1_above_tiny",0.125,0.250000000001,0.5,0.99999999999999,"N2-POOLING","P",0.749999999999,0.250000000001,0.250000000001
"N2","PASS",5,"o1_above_tiny",0.125,0.250000000001,0.5,1,"N2-POOLING","P",0.749999999999,0.250000000001,0.250000000001
"N2","PASS",5,"o1_above_tiny",0.125,0.250000000001,0.9,0,"N2-LOW-TYPE-ONLY","S",0.875,0.125,0.250000000001
"N2","PASS",5,"o1_above_tiny",0.125,0.250000000001,0.9,1e-14,"N2-LOW-TYPE-ONLY","S",0.874999999999991,0.125,0.250000000001
"N2","PASS",5,"o1_above_tiny",0.125,0.250000000001,0.9,1e-12,"N2-LOW-TYPE-ONLY","S",0.874999999999125,0.125,0.250000000001
"N2","PASS",5,"o1_above_tiny",0.125,0.250000000001,0.9,1e-08,"N2-LOW-TYPE-ONLY","S",0.87499999125,0.125,0.250000000001
"N2","PASS",5,"o1_above_tiny",0.125,0.250000000001,0.9,0.05,"N2-LOW-TYPE-ONLY","S",0.83125,0.125,0.250000000001
"N2","PASS",5,"o1_above_tiny",0.125,0.250000000001,0.9,0.142857042858286,"N2-LOW-TYPE-ONLY","S",0.750000087499,0.125,0.250000000001
"N2","PASS",5,"o1_above_tiny",0.125,0.250000000001,0.9,0.142857132858286,"N2-LOW-TYPE-ONLY","S",0.750000008749,0.125,0.250000000001
"N2","PASS",5,"o1_above_tiny",0.125,0.250000000001,0.9,0.142857142857286,"N2-LOW-TYPE-ONLY","S",0.749999999999875,0.125,0.250000000001
"N2","PASS",5,"o1_above_tiny",0.125,0.250000000001,0.9,0.142857142858276,"N2-LOW-TYPE-ONLY","S",0.749999999999009,0.125,0.250000000001
"N2","PASS",5,"o1_above_tiny",0.125,0.250000000001,0.9,0.142857142858286,"N2-LOW-TYPE-ONLY","S",0.749999999999,0.125,0.250000000001
"N2","PASS",5,"o1_above_tiny",0.125,0.250000000001,0.9,0.142857142858296,"N2-POOLING","P",0.749999999999,0.250000000001,0.250000000001
"N2","PASS",5,"o1_above_tiny",0.125,0.250000000001,0.9,0.142857142859286,"N2-POOLING","P",0.749999999999,0.250000000001,0.250000000001
"N2","PASS",5,"o1_above_tiny",0.125,0.250000000001,0.9,0.142857152858286,"N2-POOLING","P",0.749999999999,0.250000000001,0.250000000001
"N2","PASS",5,"o1_above_tiny",0.125,0.250000000001,0.9,0.142857242858286,"N2-POOLING","P",0.749999999999,0.250000000001,0.250000000001
"N2","PASS",5,"o1_above_tiny",0.125,0.250000000001,0.9,0.25,"N2-POOLING","P",0.749999999999,0.250000000001,0.250000000001
"N2","PASS",5,"o1_above_tiny",0.125,0.250000000001,0.9,0.257142757142857,"N2-POOLING","P",0.749999999999,0.250000000001,0.250000000001
"N2","PASS",5,"o1_above_tiny",0.125,0.250000000001,0.9,0.257142847142857,"N2-POOLING","P",0.749999999999,0.250000000001,0.250000000001
"N2","PASS",5,"o1_above_tiny",0.125,0.250000000001,0.9,0.257142857141857,"N2-POOLING","P",0.749999999999,0.250000000001,0.250000000001
"N2","PASS",5,"o1_above_tiny",0.125,0.250000000001,0.9,0.257142857142847,"N2-POOLING","P",0.749999999999,0.250000000001,0.250000000001
"N2","PASS",5,"o1_above_tiny",0.125,0.250000000001,0.9,0.257142857142857,"N2-POOLING","P",0.749999999999,0.250000000001,0.250000000001
"N2","PASS",5,"o1_above_tiny",0.125,0.250000000001,0.9,0.257142857142867,"N2-POOLING","P",0.749999999999,0.250000000001,0.250000000001
"N2","PASS",5,"o1_above_tiny",0.125,0.250000000001,0.9,0.257142857143857,"N2-POOLING","P",0.749999999999,0.250000000001,0.250000000001
"N2","PASS",5,"o1_above_tiny",0.125,0.250000000001,0.9,0.257142867142857,"N2-POOLING","P",0.749999999999,0.250000000001,0.250000000001
"N2","PASS",5,"o1_above_tiny",0.125,0.250000000001,0.9,0.257142957142857,"N2-POOLING","P",0.749999999999,0.250000000001,0.250000000001
"N2","PASS",5,"o1_above_tiny",0.125,0.250000000001,0.9,0.5,"N2-POOLING","P",0.749999999999,0.250000000001,0.250000000001
"N2","PASS",5,"o1_above_tiny",0.125,0.250000000001,0.9,0.75,"N2-POOLING","P",0.749999999999,0.250000000001,0.250000000001
"N2","PASS",5,"o1_above_tiny",0.125,0.250000000001,0.9,0.95,"N2-POOLING","P",0.749999999999,0.250000000001,0.250000000001
"N2","PASS",5,"o1_above_tiny",0.125,0.250000000001,0.9,0.99999999,"N2-POOLING","P",0.749999999999,0.250000000001,0.250000000001
"N2","PASS",5,"o1_above_tiny",0.125,0.250000000001,0.9,0.999999999999,"N2-POOLING","P",0.749999999999,0.250000000001,0.250000000001
"N2","PASS",5,"o1_above_tiny",0.125,0.250000000001,0.9,0.99999999999999,"N2-POOLING","P",0.749999999999,0.250000000001,0.250000000001
"N2","PASS",5,"o1_above_tiny",0.125,0.250000000001,0.9,1,"N2-POOLING","P",0.749999999999,0.250000000001,0.250000000001
"N2","PASS",5,"o1_above_tiny",0.125,0.250000000001,0.99,0,"N2-LOW-TYPE-ONLY","S",0.875,0.125,0.250000000001
"N2","PASS",5,"o1_above_tiny",0.125,0.250000000001,0.99,1e-14,"N2-LOW-TYPE-ONLY","S",0.874999999999991,0.125,0.250000000001
"N2","PASS",5,"o1_above_tiny",0.125,0.250000000001,0.99,1e-12,"N2-LOW-TYPE-ONLY","S",0.874999999999125,0.125,0.250000000001
"N2","PASS",5,"o1_above_tiny",0.125,0.250000000001,0.99,1e-08,"N2-LOW-TYPE-ONLY","S",0.87499999125,0.125,0.250000000001
"N2","PASS",5,"o1_above_tiny",0.125,0.250000000001,0.99,0.05,"N2-LOW-TYPE-ONLY","S",0.83125,0.125,0.250000000001
"N2","PASS",5,"o1_above_tiny",0.125,0.250000000001,0.99,0.142857042858286,"N2-LOW-TYPE-ONLY","S",0.750000087499,0.125,0.250000000001
"N2","PASS",5,"o1_above_tiny",0.125,0.250000000001,0.99,0.142857132858286,"N2-LOW-TYPE-ONLY","S",0.750000008749,0.125,0.250000000001
"N2","PASS",5,"o1_above_tiny",0.125,0.250000000001,0.99,0.142857142857286,"N2-LOW-TYPE-ONLY","S",0.749999999999875,0.125,0.250000000001
"N2","PASS",5,"o1_above_tiny",0.125,0.250000000001,0.99,0.142857142858276,"N2-LOW-TYPE-ONLY","S",0.749999999999009,0.125,0.250000000001
"N2","PASS",5,"o1_above_tiny",0.125,0.250000000001,0.99,0.142857142858286,"N2-LOW-TYPE-ONLY","S",0.749999999999,0.125,0.250000000001
"N2","PASS",5,"o1_above_tiny",0.125,0.250000000001,0.99,0.142857142858296,"N2-POOLING","P",0.749999999999,0.250000000001,0.250000000001
"N2","PASS",5,"o1_above_tiny",0.125,0.250000000001,0.99,0.142857142859286,"N2-POOLING","P",0.749999999999,0.250000000001,0.250000000001
"N2","PASS",5,"o1_above_tiny",0.125,0.250000000001,0.99,0.142857152858286,"N2-POOLING","P",0.749999999999,0.250000000001,0.250000000001
"N2","PASS",5,"o1_above_tiny",0.125,0.250000000001,0.99,0.142857242858286,"N2-POOLING","P",0.749999999999,0.250000000001,0.250000000001
"N2","PASS",5,"o1_above_tiny",0.125,0.250000000001,0.99,0.25,"N2-POOLING","P",0.749999999999,0.250000000001,0.250000000001
"N2","PASS",5,"o1_above_tiny",0.125,0.250000000001,0.99,0.324590063934426,"N2-POOLING","P",0.749999999999,0.250000000001,0.250000000001
"N2","PASS",5,"o1_above_tiny",0.125,0.250000000001,0.99,0.324590153934426,"N2-POOLING","P",0.749999999999,0.250000000001,0.250000000001
"N2","PASS",5,"o1_above_tiny",0.125,0.250000000001,0.99,0.324590163933426,"N2-POOLING","P",0.749999999999,0.250000000001,0.250000000001
"N2","PASS",5,"o1_above_tiny",0.125,0.250000000001,0.99,0.324590163934416,"N2-POOLING","P",0.749999999999,0.250000000001,0.250000000001
"N2","PASS",5,"o1_above_tiny",0.125,0.250000000001,0.99,0.324590163934426,"N2-POOLING","P",0.749999999999,0.250000000001,0.250000000001
"N2","PASS",5,"o1_above_tiny",0.125,0.250000000001,0.99,0.324590163934436,"N2-POOLING","P",0.749999999999,0.250000000001,0.250000000001
"N2","PASS",5,"o1_above_tiny",0.125,0.250000000001,0.99,0.324590163935426,"N2-POOLING","P",0.749999999999,0.250000000001,0.250000000001
"N2","PASS",5,"o1_above_tiny",0.125,0.250000000001,0.99,0.324590173934426,"N2-POOLING","P",0.749999999999,0.250000000001,0.250000000001
"N2","PASS",5,"o1_above_tiny",0.125,0.250000000001,0.99,0.324590263934426,"N2-POOLING","P",0.749999999999,0.250000000001,0.250000000001
"N2","PASS",5,"o1_above_tiny",0.125,0.250000000001,0.99,0.5,"N2-POOLING","P",0.749999999999,0.250000000001,0.250000000001
"N2","PASS",5,"o1_above_tiny",0.125,0.250000000001,0.99,0.75,"N2-POOLING","P",0.749999999999,0.250000000001,0.250000000001
"N2","PASS",5,"o1_above_tiny",0.125,0.250000000001,0.99,0.95,"N2-POOLING","P",0.749999999999,0.250000000001,0.250000000001
"N2","PASS",5,"o1_above_tiny",0.125,0.250000000001,0.99,0.99999999,"N2-POOLING","P",0.749999999999,0.250000000001,0.250000000001
"N2","PASS",5,"o1_above_tiny",0.125,0.250000000001,0.99,0.999999999999,"N2-POOLING","P",0.749999999999,0.250000000001,0.250000000001
"N2","PASS",5,"o1_above_tiny",0.125,0.250000000001,0.99,0.99999999999999,"N2-POOLING","P",0.749999999999,0.250000000001,0.250000000001
"N2","PASS",5,"o1_above_tiny",0.125,0.250000000001,0.99,1,"N2-POOLING","P",0.749999999999,0.250000000001,0.250000000001
"N2","PASS",5,"o0_below_tiny",0.249999999999,0.4375,0.5,0,"N2-LOW-TYPE-ONLY","S",0.750000000001,0.249999999999,0.4375
"N2","PASS",5,"o0_below_tiny",0.249999999999,0.4375,0.5,1e-14,"N2-LOW-TYPE-ONLY","S",0.750000000000992,0.249999999999,0.4375
"N2","PASS",5,"o0_below_tiny",0.249999999999,0.4375,0.5,7.90004507083755e-13,"N2-LOW-TYPE-ONLY","S",0.750000000000407,0.249999999999,0.4375
"N2","PASS",5,"o0_below_tiny",0.249999999999,0.4375,0.5,8.00004507083755e-13,"N2-LOW-TYPE-ONLY","S",0.7500000000004,0.249999999999,0.4375
"N2","PASS",5,"o0_below_tiny",0.249999999999,0.4375,0.5,8.10004507083755e-13,"N2-LOW-TYPE-ONLY","S",0.750000000000392,0.249999999999,0.4375
"N2","PASS",5,"o0_below_tiny",0.249999999999,0.4375,0.5,1e-12,"N2-LOW-TYPE-ONLY","S",0.75000000000025,0.249999999999,0.4375
"N2","PASS",5,"o0_below_tiny",0.249999999999,0.4375,0.5,1.80000450708376e-12,"N2-LOW-TYPE-ONLY","S",0.74999999999965,0.249999999999,0.4375
"N2","PASS",5,"o0_below_tiny",0.249999999999,0.4375,0.5,1e-08,"N2-LOW-TYPE-ONLY","S",0.749999992501,0.249999999999,0.4375
"N2","PASS",5,"o0_below_tiny",0.249999999999,0.4375,0.5,1.00008000045071e-08,"N2-LOW-TYPE-ONLY","S",0.7499999925004,0.249999999999,0.4375
"N2","PASS",5,"o0_below_tiny",0.249999999999,0.4375,0.5,1.00000800004507e-07,"N2-LOW-TYPE-ONLY","S",0.7499999250004,0.249999999999,0.4375
"N2","PASS",5,"o0_below_tiny",0.249999999999,0.4375,0.5,0.05,"N2-LOW-TYPE-ONLY","S",0.71250000000095,0.249999999999,0.4375
"N2","PASS",5,"o0_below_tiny",0.249999999999,0.4375,0.5,0.249999900001,"N2-LOW-TYPE-ONLY","S",0.562500075,0.249999999999,0.4375
"N2","PASS",5,"o0_below_tiny",0.249999999999,0.4375,0.5,0.249999990001,"N2-LOW-TYPE-ONLY","S",0.5625000075,0.249999999999,0.4375
"N2","PASS",5,"o0_below_tiny",0.249999999999,0.4375,0.5,0.25,"N2-LOW-TYPE-ONLY","S",0.56250000000075,0.249999999999,0.4375
"N2","PASS",5,"o0_below_tiny",0.249999999999,0.4375,0.5,0.25,"N2-LOW-TYPE-ONLY","S",0.56250000000075,0.249999999999,0.4375
"N2","PASS",5,"o0_below_tiny",0.249999999999,0.4375,0.5,0.25000000000099,"N2-LOW-TYPE-ONLY","S",0.562500000000007,0.249999999999,0.4375
"N2","PASS",5,"o0_below_tiny",0.249999999999,0.4375,0.5,0.250000000001,"N2-LOW-TYPE-ONLY","S",0.5625,0.249999999999,0.4375
"N2","PASS",5,"o0_below_tiny",0.249999999999,0.4375,0.5,0.25000000000101,"N2-POOLING","P",0.5625,0.4375,0.4375
"N2","PASS",5,"o0_below_tiny",0.249999999999,0.4375,0.5,0.250000000002,"N2-POOLING","P",0.5625,0.4375,0.4375
"N2","PASS",5,"o0_below_tiny",0.249999999999,0.4375,0.5,0.250000010001,"N2-POOLING","P",0.5625,0.4375,0.4375
"N2","PASS",5,"o0_below_tiny",0.249999999999,0.4375,0.5,0.250000100001,"N2-POOLING","P",0.5625,0.4375,0.4375
"N2","PASS",5,"o0_below_tiny",0.249999999999,0.4375,0.5,0.5,"N2-POOLING","P",0.5625,0.4375,0.4375
"N2","PASS",5,"o0_below_tiny",0.249999999999,0.4375,0.5,0.75,"N2-POOLING","P",0.5625,0.4375,0.4375
"N2","PASS",5,"o0_below_tiny",0.249999999999,0.4375,0.5,0.95,"N2-POOLING","P",0.5625,0.4375,0.4375
"N2","PASS",5,"o0_below_tiny",0.249999999999,0.4375,0.5,0.99999999,"N2-POOLING","P",0.5625,0.4375,0.4375
"N2","PASS",5,"o0_below_tiny",0.249999999999,0.4375,0.5,0.999999999999,"N2-POOLING","P",0.5625,0.4375,0.4375
"N2","PASS",5,"o0_below_tiny",0.249999999999,0.4375,0.5,0.99999999999999,"N2-POOLING","P",0.5625,0.4375,0.4375
"N2","PASS",5,"o0_below_tiny",0.249999999999,0.4375,0.5,1,"N2-POOLING","P",0.5625,0.4375,0.4375
"N2","PASS",5,"o0_below_tiny",0.249999999999,0.4375,0.9,0,"N2-LOW-TYPE-ONLY","S",0.750000000001,0.249999999999,0.4375
"N2","PASS",5,"o0_below_tiny",0.249999999999,0.4375,0.9,1e-14,"N2-LOW-TYPE-ONLY","S",0.750000000000992,0.249999999999,0.4375
"N2","PASS",5,"o0_below_tiny",0.249999999999,0.4375,0.9,1e-12,"N2-LOW-TYPE-ONLY","S",0.75000000000025,0.249999999999,0.4375
"N2","PASS",5,"o0_below_tiny",0.249999999999,0.4375,0.9,1.76924637066909e-12,"N2-LOW-TYPE-ONLY","S",0.749999999999673,0.249999999999,0.4375
"N2","PASS",5,"o0_below_tiny",0.249999999999,0.4375,0.9,2.75924637066908e-12,"N2-LOW-TYPE-ONLY","S",0.74999999999893,0.249999999999,0.4375
"N2","PASS",5,"o0_below_tiny",0.249999999999,0.4375,0.9,2.76924637066909e-12,"N2-LOW-TYPE-ONLY","S",0.749999999998923,0.249999999999,0.4375
"N2","PASS",5,"o0_below_tiny",0.249999999999,0.4375,0.9,2.77924637066909e-12,"N2-LOW-TYPE-ONLY","S",0.749999999998916,0.249999999999,0.4375
"N2","PASS",5,"o0_below_tiny",0.249999999999,0.4375,0.9,3.76924637066908e-12,"N2-LOW-TYPE-ONLY","S",0.749999999998173,0.249999999999,0.4375
"N2","PASS",5,"o0_below_tiny",0.249999999999,0.4375,0.9,1e-08,"N2-LOW-TYPE-ONLY","S",0.749999992501,0.249999999999,0.4375
"N2","PASS",5,"o0_below_tiny",0.249999999999,0.4375,0.9,1.00027692463707e-08,"N2-LOW-TYPE-ONLY","S",0.749999992498923,0.249999999999,0.4375
"N2","PASS",5,"o0_below_tiny",0.249999999999,0.4375,0.9,1.00002769246371e-07,"N2-LOW-TYPE-ONLY","S",0.749999924998923,0.249999999999,0.4375
"N2","PASS",5,"o0_below_tiny",0.249999999999,0.4375,0.9,0.05,"N2-LOW-TYPE-ONLY","S",0.71250000000095,0.249999999999,0.4375
"N2","PASS",5,"o0_below_tiny",0.249999999999,0.4375,0.9,0.249999900001,"N2-LOW-TYPE-ONLY","S",0.562500075,0.249999999999,0.4375
"N2","PASS",5,"o0_below_tiny",0.249999999999,0.4375,0.9,0.249999990001,"N2-LOW-TYPE-ONLY","S",0.5625000075,0.249999999999,0.4375
"N2","PASS",5,"o0_below_tiny",0.249999999999,0.4375,0.9,0.25,"N2-LOW-TYPE-ONLY","S",0.56250000000075,0.249999999999,0.4375
"N2","PASS",5,"o0_below_tiny",0.249999999999,0.4375,0.9,0.25,"N2-LOW-TYPE-ONLY","S",0.56250000000075,0.249999999999,0.4375
"N2","PASS",5,"o0_below_tiny",0.249999999999,0.4375,0.9,0.25000000000099,"N2-LOW-TYPE-ONLY","S",0.562500000000007,0.249999999999,0.4375
"N2","PASS",5,"o0_below_tiny",0.249999999999,0.4375,0.9,0.250000000001,"N2-LOW-TYPE-ONLY","S",0.5625,0.249999999999,0.4375
"N2","PASS",5,"o0_below_tiny",0.249999999999,0.4375,0.9,0.25000000000101,"N2-POOLING","P",0.5625,0.4375,0.4375
"N2","PASS",5,"o0_below_tiny",0.249999999999,0.4375,0.9,0.250000000002,"N2-POOLING","P",0.5625,0.4375,0.4375
"N2","PASS",5,"o0_below_tiny",0.249999999999,0.4375,0.9,0.250000010001,"N2-POOLING","P",0.5625,0.4375,0.4375
"N2","PASS",5,"o0_below_tiny",0.249999999999,0.4375,0.9,0.250000100001,"N2-POOLING","P",0.5625,0.4375,0.4375
"N2","PASS",5,"o0_below_tiny",0.249999999999,0.4375,0.9,0.5,"N2-POOLING","P",0.5625,0.4375,0.4375
"N2","PASS",5,"o0_below_tiny",0.249999999999,0.4375,0.9,0.75,"N2-POOLING","P",0.5625,0.4375,0.4375
"N2","PASS",5,"o0_below_tiny",0.249999999999,0.4375,0.9,0.95,"N2-POOLING","P",0.5625,0.4375,0.4375
"N2","PASS",5,"o0_below_tiny",0.249999999999,0.4375,0.9,0.99999999,"N2-POOLING","P",0.5625,0.4375,0.4375
"N2","PASS",5,"o0_below_tiny",0.249999999999,0.4375,0.9,0.999999999999,"N2-POOLING","P",0.5625,0.4375,0.4375
"N2","PASS",5,"o0_below_tiny",0.249999999999,0.4375,0.9,0.99999999999999,"N2-POOLING","P",0.5625,0.4375,0.4375
"N2","PASS",5,"o0_below_tiny",0.249999999999,0.4375,0.9,1,"N2-POOLING","P",0.5625,0.4375,0.4375
"N2","PASS",5,"o0_below_tiny",0.249999999999,0.4375,0.99,0,"N2-LOW-TYPE-ONLY","S",0.750000000001,0.249999999999,0.4375
"N2","PASS",5,"o0_below_tiny",0.249999999999,0.4375,0.99,1e-14,"N2-LOW-TYPE-ONLY","S",0.750000000000992,0.249999999999,0.4375
"N2","PASS",5,"o0_below_tiny",0.249999999999,0.4375,0.99,1e-12,"N2-LOW-TYPE-ONLY","S",0.75000000000025,0.249999999999,0.4375
"N2","PASS",5,"o0_below_tiny",0.249999999999,0.4375,0.99,2.84468185441993e-12,"N2-LOW-TYPE-ONLY","S",0.749999999998866,0.249999999999,0.4375
"N2","PASS",5,"o0_below_tiny",0.249999999999,0.4375,0.99,3.83468185441993e-12,"N2-LOW-TYPE-ONLY","S",0.749999999998124,0.249999999999,0.4375
"N2","PASS",5,"o0_below_tiny",0.249999999999,0.4375,0.99,3.84468185441993e-12,"N2-LOW-TYPE-ONLY","S",0.749999999998116,0.249999999999,0.4375
"N2","PASS",5,"o0_below_tiny",0.249999999999,0.4375,0.99,3.85468185441993e-12,"N2-LOW-TYPE-ONLY","S",0.749999999998109,0.249999999999,0.4375
"N2","PASS",5,"o0_below_tiny",0.249999999999,0.4375,0.99,4.84468185441993e-12,"N2-LOW-TYPE-ONLY","S",0.749999999997366,0.249999999999,0.4375
"N2","PASS",5,"o0_below_tiny",0.249999999999,0.4375,0.99,1e-08,"N2-LOW-TYPE-ONLY","S",0.749999992501,0.249999999999,0.4375
"N2","PASS",5,"o0_below_tiny",0.249999999999,0.4375,0.99,1.00038446818544e-08,"N2-LOW-TYPE-ONLY","S",0.749999992498116,0.249999999999,0.4375
"N2","PASS",5,"o0_below_tiny",0.249999999999,0.4375,0.99,1.00003844681854e-07,"N2-LOW-TYPE-ONLY","S",0.749999924998117,0.249999999999,0.4375
"N2","PASS",5,"o0_below_tiny",0.249999999999,0.4375,0.99,0.05,"N2-LOW-TYPE-ONLY","S",0.71250000000095,0.249999999999,0.4375
"N2","PASS",5,"o0_below_tiny",0.249999999999,0.4375,0.99,0.249999900001,"N2-LOW-TYPE-ONLY","S",0.562500075,0.249999999999,0.4375
"N2","PASS",5,"o0_below_tiny",0.249999999999,0.4375,0.99,0.249999990001,"N2-LOW-TYPE-ONLY","S",0.5625000075,0.249999999999,0.4375
"N2","PASS",5,"o0_below_tiny",0.249999999999,0.4375,0.99,0.25,"N2-LOW-TYPE-ONLY","S",0.56250000000075,0.249999999999,0.4375
"N2","PASS",5,"o0_below_tiny",0.249999999999,0.4375,0.99,0.25,"N2-LOW-TYPE-ONLY","S",0.56250000000075,0.249999999999,0.4375
"N2","PASS",5,"o0_below_tiny",0.249999999999,0.4375,0.99,0.25000000000099,"N2-LOW-TYPE-ONLY","S",0.562500000000007,0.249999999999,0.4375
"N2","PASS",5,"o0_below_tiny",0.249999999999,0.4375,0.99,0.250000000001,"N2-LOW-TYPE-ONLY","S",0.5625,0.249999999999,0.4375
"N2","PASS",5,"o0_below_tiny",0.249999999999,0.4375,0.99,0.25000000000101,"N2-POOLING","P",0.5625,0.4375,0.4375
"N2","PASS",5,"o0_below_tiny",0.249999999999,0.4375,0.99,0.250000000002,"N2-POOLING","P",0.5625,0.4375,0.4375
"N2","PASS",5,"o0_below_tiny",0.249999999999,0.4375,0.99,0.250000010001,"N2-POOLING","P",0.5625,0.4375,0.4375
"N2","PASS",5,"o0_below_tiny",0.249999999999,0.4375,0.99,0.250000100001,"N2-POOLING","P",0.5625,0.4375,0.4375
"N2","PASS",5,"o0_below_tiny",0.249999999999,0.4375,0.99,0.5,"N2-POOLING","P",0.5625,0.4375,0.4375
"N2","PASS",5,"o0_below_tiny",0.249999999999,0.4375,0.99,0.75,"N2-POOLING","P",0.5625,0.4375,0.4375
"N2","PASS",5,"o0_below_tiny",0.249999999999,0.4375,0.99,0.95,"N2-POOLING","P",0.5625,0.4375,0.4375
"N2","PASS",5,"o0_below_tiny",0.249999999999,0.4375,0.99,0.99999999,"N2-POOLING","P",0.5625,0.4375,0.4375
"N2","PASS",5,"o0_below_tiny",0.249999999999,0.4375,0.99,0.999999999999,"N2-POOLING","P",0.5625,0.4375,0.4375
"N2","PASS",5,"o0_below_tiny",0.249999999999,0.4375,0.99,0.99999999999999,"N2-POOLING","P",0.5625,0.4375,0.4375
"N2","PASS",5,"o0_below_tiny",0.249999999999,0.4375,0.99,1,"N2-POOLING","P",0.5625,0.4375,0.4375
"N2","PASS",5,"o0_above_tiny",0.250000000001,0.4375,0.5,0,"N2-LOW-TYPE-ONLY","S",0.749999999999,0.250000000001,0.4375
"N2","PASS",5,"o0_above_tiny",0.250000000001,0.4375,0.5,1e-14,"N2-LOW-TYPE-ONLY","S",0.749999999998993,0.250000000001,0.4375
"N2","PASS",5,"o0_above_tiny",0.250000000001,0.4375,0.5,1e-12,"N2-LOW-TYPE-ONLY","S",0.74999999999825,0.250000000001,0.4375
"N2","PASS",5,"o0_above_tiny",0.250000000001,0.4375,0.5,1e-08,"N2-LOW-TYPE-ONLY","S",0.749999992499,0.250000000001,0.4375
"N2","PASS",5,"o0_above_tiny",0.250000000001,0.4375,0.5,0.05,"N2-LOW-TYPE-ONLY","S",0.71249999999905,0.250000000001,0.4375
"N2","PASS",5,"o0_above_tiny",0.250000000001,0.4375,0.5,0.249999899999,"N2-LOW-TYPE-ONLY","S",0.562500075,0.250000000001,0.4375
"N2","PASS",5,"o0_above_tiny",0.250000000001,0.4375,0.5,0.249999989999,"N2-LOW-TYPE-ONLY","S",0.5625000075,0.250000000001,0.4375
"N2","PASS",5,"o0_above_tiny",0.250000000001,0.4375,0.5,0.249999999998,"N2-LOW-TYPE-ONLY","S",0.56250000000075,0.250000000001,0.4375
"N2","PASS",5,"o0_above_tiny",0.250000000001,0.4375,0.5,0.24999999999899,"N2-LOW-TYPE-ONLY","S",0.562500000000007,0.250000000001,0.4375
"N2","PASS",5,"o0_above_tiny",0.250000000001,0.4375,0.5,0.249999999999,"N2-LOW-TYPE-ONLY","S",0.5625,0.250000000001,0.4375
"N2","PASS",5,"o0_above_tiny",0.250000000001,0.4375,0.5,0.24999999999901,"N2-POOLING","P",0.5625,0.4375,0.4375
"N2","PASS",5,"o0_above_tiny",0.250000000001,0.4375,0.5,0.25,"N2-POOLING","P",0.5625,0.4375,0.4375
"N2","PASS",5,"o0_above_tiny",0.250000000001,0.4375,0.5,0.250000009999,"N2-POOLING","P",0.5625,0.4375,0.4375
"N2","PASS",5,"o0_above_tiny",0.250000000001,0.4375,0.5,0.250000099999,"N2-POOLING","P",0.5625,0.4375,0.4375
"N2","PASS",5,"o0_above_tiny",0.250000000001,0.4375,0.5,0.5,"N2-POOLING","P",0.5625,0.4375,0.4375
"N2","PASS",5,"o0_above_tiny",0.250000000001,0.4375,0.5,0.75,"N2-POOLING","P",0.5625,0.4375,0.4375
"N2","PASS",5,"o0_above_tiny",0.250000000001,0.4375,0.5,0.95,"N2-POOLING","P",0.5625,0.4375,0.4375
"N2","PASS",5,"o0_above_tiny",0.250000000001,0.4375,0.5,0.99999999,"N2-POOLING","P",0.5625,0.4375,0.4375
"N2","PASS",5,"o0_above_tiny",0.250000000001,0.4375,0.5,0.999999999999,"N2-POOLING","P",0.5625,0.4375,0.4375
"N2","PASS",5,"o0_above_tiny",0.250000000001,0.4375,0.5,0.99999999999999,"N2-POOLING","P",0.5625,0.4375,0.4375
"N2","PASS",5,"o0_above_tiny",0.250000000001,0.4375,0.5,1,"N2-POOLING","P",0.5625,0.4375,0.4375
"N2","PASS",5,"o0_above_tiny",0.250000000001,0.4375,0.9,0,"N2-LOW-TYPE-ONLY","S",0.749999999999,0.250000000001,0.4375
"N2","PASS",5,"o0_above_tiny",0.250000000001,0.4375,0.9,1e-14,"N2-LOW-TYPE-ONLY","S",0.749999999998993,0.250000000001,0.4375
"N2","PASS",5,"o0_above_tiny",0.250000000001,0.4375,0.9,1e-12,"N2-LOW-TYPE-ONLY","S",0.74999999999825,0.250000000001,0.4375
"N2","PASS",5,"o0_above_tiny",0.250000000001,0.4375,0.9,1e-08,"N2-LOW-TYPE-ONLY","S",0.749999992499,0.250000000001,0.4375
"N2","PASS",5,"o0_above_tiny",0.250000000001,0.4375,0.9,0.05,"N2-LOW-TYPE-ONLY","S",0.71249999999905,0.250000000001,0.4375
"N2","PASS",5,"o0_above_tiny",0.250000000001,0.4375,0.9,0.249999899999,"N2-LOW-TYPE-ONLY","S",0.562500075,0.250000000001,0.4375
"N2","PASS",5,"o0_above_tiny",0.250000000001,0.4375,0.9,0.249999989999,"N2-LOW-TYPE-ONLY","S",0.5625000075,0.250000000001,0.4375
"N2","PASS",5,"o0_above_tiny",0.250000000001,0.4375,0.9,0.249999999998,"N2-LOW-TYPE-ONLY","S",0.56250000000075,0.250000000001,0.4375
"N2","PASS",5,"o0_above_tiny",0.250000000001,0.4375,0.9,0.24999999999899,"N2-LOW-TYPE-ONLY","S",0.562500000000007,0.250000000001,0.4375
"N2","PASS",5,"o0_above_tiny",0.250000000001,0.4375,0.9,0.249999999999,"N2-LOW-TYPE-ONLY","S",0.5625,0.250000000001,0.4375
"N2","PASS",5,"o0_above_tiny",0.250000000001,0.4375,0.9,0.24999999999901,"N2-POOLING","P",0.5625,0.4375,0.4375
"N2","PASS",5,"o0_above_tiny",0.250000000001,0.4375,0.9,0.25,"N2-POOLING","P",0.5625,0.4375,0.4375
"N2","PASS",5,"o0_above_tiny",0.250000000001,0.4375,0.9,0.250000009999,"N2-POOLING","P",0.5625,0.4375,0.4375
"N2","PASS",5,"o0_above_tiny",0.250000000001,0.4375,0.9,0.250000099999,"N2-POOLING","P",0.5625,0.4375,0.4375
"N2","PASS",5,"o0_above_tiny",0.250000000001,0.4375,0.9,0.5,"N2-POOLING","P",0.5625,0.4375,0.4375
"N2","PASS",5,"o0_above_tiny",0.250000000001,0.4375,0.9,0.75,"N2-POOLING","P",0.5625,0.4375,0.4375
"N2","PASS",5,"o0_above_tiny",0.250000000001,0.4375,0.9,0.95,"N2-POOLING","P",0.5625,0.4375,0.4375
"N2","PASS",5,"o0_above_tiny",0.250000000001,0.4375,0.9,0.99999999,"N2-POOLING","P",0.5625,0.4375,0.4375
"N2","PASS",5,"o0_above_tiny",0.250000000001,0.4375,0.9,0.999999999999,"N2-POOLING","P",0.5625,0.4375,0.4375
"N2","PASS",5,"o0_above_tiny",0.250000000001,0.4375,0.9,0.99999999999999,"N2-POOLING","P",0.5625,0.4375,0.4375
"N2","PASS",5,"o0_above_tiny",0.250000000001,0.4375,0.9,1,"N2-POOLING","P",0.5625,0.4375,0.4375
"N2","PASS",5,"o0_above_tiny",0.250000000001,0.4375,0.99,0,"N2-LOW-TYPE-ONLY","S",0.749999999999,0.250000000001,0.4375
"N2","PASS",5,"o0_above_tiny",0.250000000001,0.4375,0.99,1e-14,"N2-LOW-TYPE-ONLY","S",0.749999999998993,0.250000000001,0.4375
"N2","PASS",5,"o0_above_tiny",0.250000000001,0.4375,0.99,1e-12,"N2-LOW-TYPE-ONLY","S",0.74999999999825,0.250000000001,0.4375
"N2","PASS",5,"o0_above_tiny",0.250000000001,0.4375,0.99,1e-08,"N2-LOW-TYPE-ONLY","S",0.749999992499,0.250000000001,0.4375
"N2","PASS",5,"o0_above_tiny",0.250000000001,0.4375,0.99,0.05,"N2-LOW-TYPE-ONLY","S",0.71249999999905,0.250000000001,0.4375
"N2","PASS",5,"o0_above_tiny",0.250000000001,0.4375,0.99,0.249999899999,"N2-LOW-TYPE-ONLY","S",0.562500075,0.250000000001,0.4375
"N2","PASS",5,"o0_above_tiny",0.250000000001,0.4375,0.99,0.249999989999,"N2-LOW-TYPE-ONLY","S",0.5625000075,0.250000000001,0.4375
"N2","PASS",5,"o0_above_tiny",0.250000000001,0.4375,0.99,0.249999999998,"N2-LOW-TYPE-ONLY","S",0.56250000000075,0.250000000001,0.4375
"N2","PASS",5,"o0_above_tiny",0.250000000001,0.4375,0.99,0.24999999999899,"N2-LOW-TYPE-ONLY","S",0.562500000000007,0.250000000001,0.4375
"N2","PASS",5,"o0_above_tiny",0.250000000001,0.4375,0.99,0.249999999999,"N2-LOW-TYPE-ONLY","S",0.5625,0.250000000001,0.4375
"N2","PASS",5,"o0_above_tiny",0.250000000001,0.4375,0.99,0.24999999999901,"N2-POOLING","P",0.5625,0.4375,0.4375
"N2","PASS",5,"o0_above_tiny",0.250000000001,0.4375,0.99,0.25,"N2-POOLING","P",0.5625,0.4375,0.4375
"N2","PASS",5,"o0_above_tiny",0.250000000001,0.4375,0.99,0.250000009999,"N2-POOLING","P",0.5625,0.4375,0.4375
"N2","PASS",5,"o0_above_tiny",0.250000000001,0.4375,0.99,0.250000099999,"N2-POOLING","P",0.5625,0.4375,0.4375
"N2","PASS",5,"o0_above_tiny",0.250000000001,0.4375,0.99,0.5,"N2-POOLING","P",0.5625,0.4375,0.4375
"N2","PASS",5,"o0_above_tiny",0.250000000001,0.4375,0.99,0.75,"N2-POOLING","P",0.5625,0.4375,0.4375
"N2","PASS",5,"o0_above_tiny",0.250000000001,0.4375,0.99,0.95,"N2-POOLING","P",0.5625,0.4375,0.4375
"N2","PASS",5,"o0_above_tiny",0.250000000001,0.4375,0.99,0.99999999,"N2-POOLING","P",0.5625,0.4375,0.4375
"N2","PASS",5,"o0_above_tiny",0.250000000001,0.4375,0.99,0.999999999999,"N2-POOLING","P",0.5625,0.4375,0.4375
"N2","PASS",5,"o0_above_tiny",0.250000000001,0.4375,0.99,0.99999999999999,"N2-POOLING","P",0.5625,0.4375,0.4375
"N2","PASS",5,"o0_above_tiny",0.250000000001,0.4375,0.99,1,"N2-POOLING","P",0.5625,0.4375,0.4375
"N2","PASS",7,"below",0.0416666666666667,0.0833333333333333,0.5,0,"N2-LOW-TYPE-ONLY","S",0.958333333333333,0.0416666666666667,0.0833333333333333
"N2","PASS",7,"below",0.0416666666666667,0.0833333333333333,0.5,1e-14,"N2-LOW-TYPE-ONLY","S",0.958333333333324,0.0416666666666667,0.0833333333333333
"N2","PASS",7,"below",0.0416666666666667,0.0833333333333333,0.5,1e-12,"N2-LOW-TYPE-ONLY","S",0.958333333332375,0.0416666666666667,0.0833333333333333
"N2","PASS",7,"below",0.0416666666666667,0.0833333333333333,0.5,1e-08,"N2-LOW-TYPE-ONLY","S",0.95833332375,0.0416666666666667,0.0833333333333333
"N2","PASS",7,"below",0.0416666666666667,0.0833333333333333,0.5,0.0285713285714286,"N2-LOW-TYPE-ONLY","S",0.930952476785714,0.0416666666666667,0.0833333333333333
"N2","PASS",7,"below",0.0416666666666667,0.0833333333333333,0.5,0.0285714185714286,"N2-LOW-TYPE-ONLY","S",0.930952390535714,0.0416666666666667,0.0833333333333333
"N2","PASS",7,"below",0.0416666666666667,0.0833333333333333,0.5,0.0285714285704286,"N2-LOW-TYPE-ONLY","S",0.930952380953339,0.0416666666666667,0.0833333333333333
"N2","PASS",7,"below",0.0416666666666667,0.0833333333333333,0.5,0.0285714285714186,"N2-LOW-TYPE-ONLY","S",0.93095238095239,0.0416666666666667,0.0833333333333333
"N2","PASS",7,"below",0.0416666666666667,0.0833333333333333,0.5,0.0285714285714286,"N2-LOW-TYPE-ONLY","S",0.930952380952381,0.0416666666666667,0.0833333333333333
"N2","PASS",7,"below",0.0416666666666667,0.0833333333333333,0.5,0.0285714285714386,"N2-LOW-TYPE-ONLY","S",0.930952380952371,0.0416666666666667,0.0833333333333333
"N2","PASS",7,"below",0.0416666666666667,0.0833333333333333,0.5,0.0285714285724286,"N2-LOW-TYPE-ONLY","S",0.930952380951423,0.0416666666666667,0.0833333333333333
"N2","PASS",7,"below",0.0416666666666667,0.0833333333333333,0.5,0.0285714385714286,"N2-LOW-TYPE-ONLY","S",0.930952371369048,0.0416666666666667,0.0833333333333333
"N2","PASS",7,"below",0.0416666666666667,0.0833333333333333,0.5,0.0285715285714286,"N2-LOW-TYPE-ONLY","S",0.930952285119048,0.0416666666666667,0.0833333333333333
"N2","PASS",7,"below",0.0416666666666667,0.0833333333333333,0.5,0.0434781608695652,"N2-LOW-TYPE-ONLY","S",0.9166667625,0.0416666666666667,0.0833333333333333
"N2","PASS",7,"below",0.0416666666666667,0.0833333333333333,0.5,0.0434782508695652,"N2-LOW-TYPE-ONLY","S",0.91666667625,0.0416666666666667,0.0833333333333333
"N2","PASS",7,"below",0.0416666666666667,0.0833333333333333,0.5,0.0434782608685652,"N2-LOW-TYPE-ONLY","S",0.916666666667625,0.0416666666666667,0.0833333333333333
"N2","PASS",7,"below",0.0416666666666667,0.0833333333333333,0.5,0.0434782608695552,"N2-LOW-TYPE-ONLY","S",0.916666666666676,0.0416666666666667,0.0833333333333333
"N2","PASS",7,"below",0.0416666666666667,0.0833333333333333,0.5,0.0434782608695652,"N2-LOW-TYPE-ONLY","S",0.916666666666667,0.0416666666666667,0.0833333333333333
"N2","PASS",7,"below",0.0416666666666667,0.0833333333333333,0.5,0.0434782608695752,"N2-POOLING","P",0.916666666666667,0.0833333333333333,0.0833333333333333
"N2","PASS",7,"below",0.0416666666666667,0.0833333333333333,0.5,0.0434782608705652,"N2-POOLING","P",0.916666666666667,0.0833333333333333,0.0833333333333333
"N2","PASS",7,"below",0.0416666666666667,0.0833333333333333,0.5,0.0434782708695652,"N2-POOLING","P",0.916666666666667,0.0833333333333333,0.0833333333333333
"N2","PASS",7,"below",0.0416666666666667,0.0833333333333333,0.5,0.0434783608695652,"N2-POOLING","P",0.916666666666667,0.0833333333333333,0.0833333333333333
"N2","PASS",7,"below",0.0416666666666667,0.0833333333333333,0.5,0.05,"N2-POOLING","P",0.916666666666667,0.0833333333333333,0.0833333333333333
"N2","PASS",7,"below",0.0416666666666667,0.0833333333333333,0.5,0.0857141857142857,"N2-POOLING","P",0.916666666666667,0.0833333333333333,0.0833333333333333
"N2","PASS",7,"below",0.0416666666666667,0.0833333333333333,0.5,0.0857142757142857,"N2-POOLING","P",0.916666666666667,0.0833333333333333,0.0833333333333333
"N2","PASS",7,"below",0.0416666666666667,0.0833333333333333,0.5,0.0857142857132857,"N2-POOLING","P",0.916666666666667,0.0833333333333333,0.0833333333333333
"N2","PASS",7,"below",0.0416666666666667,0.0833333333333333,0.5,0.0857142857142757,"N2-POOLING","P",0.916666666666667,0.0833333333333333,0.0833333333333333
"N2","PASS",7,"below",0.0416666666666667,0.0833333333333333,0.5,0.0857142857142857,"N2-POOLING","P",0.916666666666667,0.0833333333333333,0.0833333333333333
"N2","PASS",7,"below",0.0416666666666667,0.0833333333333333,0.5,0.0857142857142957,"N2-POOLING","P",0.916666666666667,0.0833333333333333,0.0833333333333333
"N2","PASS",7,"below",0.0416666666666667,0.0833333333333333,0.5,0.0857142857152857,"N2-POOLING","P",0.916666666666667,0.0833333333333333,0.0833333333333333
"N2","PASS",7,"below",0.0416666666666667,0.0833333333333333,0.5,0.0857142957142857,"N2-POOLING","P",0.916666666666667,0.0833333333333333,0.0833333333333333
"N2","PASS",7,"below",0.0416666666666667,0.0833333333333333,0.5,0.0857143857142857,"N2-POOLING","P",0.916666666666667,0.0833333333333333,0.0833333333333333
"N2","PASS",7,"below",0.0416666666666667,0.0833333333333333,0.5,0.25,"N2-POOLING","P",0.916666666666667,0.0833333333333333,0.0833333333333333
"N2","PASS",7,"below",0.0416666666666667,0.0833333333333333,0.5,0.5,"N2-POOLING","P",0.916666666666667,0.0833333333333333,0.0833333333333333
"N2","PASS",7,"below",0.0416666666666667,0.0833333333333333,0.5,0.75,"N2-POOLING","P",0.916666666666667,0.0833333333333333,0.0833333333333333
"N2","PASS",7,"below",0.0416666666666667,0.0833333333333333,0.5,0.95,"N2-POOLING","P",0.916666666666667,0.0833333333333333,0.0833333333333333
"N2","PASS",7,"below",0.0416666666666667,0.0833333333333333,0.5,0.99999999,"N2-POOLING","P",0.916666666666667,0.0833333333333333,0.0833333333333333
"N2","PASS",7,"below",0.0416666666666667,0.0833333333333333,0.5,0.999999999999,"N2-POOLING","P",0.916666666666667,0.0833333333333333,0.0833333333333333
"N2","PASS",7,"below",0.0416666666666667,0.0833333333333333,0.5,0.99999999999999,"N2-POOLING","P",0.916666666666667,0.0833333333333333,0.0833333333333333
"N2","PASS",7,"below",0.0416666666666667,0.0833333333333333,0.5,1,"N2-POOLING","P",0.916666666666667,0.0833333333333333,0.0833333333333333
"N2","PASS",7,"below",0.0416666666666667,0.0833333333333333,0.9,0,"N2-LOW-TYPE-ONLY","S",0.958333333333333,0.0416666666666667,0.0833333333333333
"N2","PASS",7,"below",0.0416666666666667,0.0833333333333333,0.9,1e-14,"N2-LOW-TYPE-ONLY","S",0.958333333333324,0.0416666666666667,0.0833333333333333
"N2","PASS",7,"below",0.0416666666666667,0.0833333333333333,0.9,1e-12,"N2-LOW-TYPE-ONLY","S",0.958333333332375,0.0416666666666667,0.0833333333333333
"N2","PASS",7,"below",0.0416666666666667,0.0833333333333333,0.9,1e-08,"N2-LOW-TYPE-ONLY","S",0.95833332375,0.0416666666666667,0.0833333333333333
"N2","PASS",7,"below",0.0416666666666667,0.0833333333333333,0.9,0.0434781608695652,"N2-LOW-TYPE-ONLY","S",0.9166667625,0.0416666666666667,0.0833333333333333
"N2","PASS",7,"below",0.0416666666666667,0.0833333333333333,0.9,0.0434782508695652,"N2-LOW-TYPE-ONLY","S",0.91666667625,0.0416666666666667,0.0833333333333333
"N2","PASS",7,"below",0.0416666666666667,0.0833333333333333,0.9,0.0434782608685652,"N2-LOW-TYPE-ONLY","S",0.916666666667625,0.0416666666666667,0.0833333333333333
"N2","PASS",7,"below",0.0416666666666667,0.0833333333333333,0.9,0.0434782608695552,"N2-LOW-TYPE-ONLY","S",0.916666666666676,0.0416666666666667,0.0833333333333333
"N2","PASS",7,"below",0.0416666666666667,0.0833333333333333,0.9,0.0434782608695652,"N2-LOW-TYPE-ONLY","S",0.916666666666667,0.0416666666666667,0.0833333333333333
"N2","PASS",7,"below",0.0416666666666667,0.0833333333333333,0.9,0.0434782608695752,"N2-POOLING","P",0.916666666666667,0.0833333333333333,0.0833333333333333
"N2","PASS",7,"below",0.0416666666666667,0.0833333333333333,0.9,0.0434782608705652,"N2-POOLING","P",0.916666666666667,0.0833333333333333,0.0833333333333333
"N2","PASS",7,"below",0.0416666666666667,0.0833333333333333,0.9,0.0434782708695652,"N2-POOLING","P",0.916666666666667,0.0833333333333333,0.0833333333333333
"N2","PASS",7,"below",0.0416666666666667,0.0833333333333333,0.9,0.0434783608695652,"N2-POOLING","P",0.916666666666667,0.0833333333333333,0.0833333333333333
"N2","PASS",7,"below",0.0416666666666667,0.0833333333333333,0.9,0.05,"N2-POOLING","P",0.916666666666667,0.0833333333333333,0.0833333333333333
"N2","PASS",7,"below",0.0416666666666667,0.0833333333333333,0.9,0.0731706317073171,"N2-POOLING","P",0.916666666666667,0.0833333333333333,0.0833333333333333
"N2","PASS",7,"below",0.0416666666666667,0.0833333333333333,0.9,0.0731707217073171,"N2-POOLING","P",0.916666666666667,0.0833333333333333,0.0833333333333333
"N2","PASS",7,"below",0.0416666666666667,0.0833333333333333,0.9,0.0731707317063171,"N2-POOLING","P",0.916666666666667,0.0833333333333333,0.0833333333333333
"N2","PASS",7,"below",0.0416666666666667,0.0833333333333333,0.9,0.0731707317073071,"N2-POOLING","P",0.916666666666667,0.0833333333333333,0.0833333333333333
"N2","PASS",7,"below",0.0416666666666667,0.0833333333333333,0.9,0.0731707317073171,"N2-POOLING","P",0.916666666666667,0.0833333333333333,0.0833333333333333
"N2","PASS",7,"below",0.0416666666666667,0.0833333333333333,0.9,0.0731707317073271,"N2-POOLING","P",0.916666666666667,0.0833333333333333,0.0833333333333333
"N2","PASS",7,"below",0.0416666666666667,0.0833333333333333,0.9,0.0731707317083171,"N2-POOLING","P",0.916666666666667,0.0833333333333333,0.0833333333333333
"N2","PASS",7,"below",0.0416666666666667,0.0833333333333333,0.9,0.0731707417073171,"N2-POOLING","P",0.916666666666667,0.0833333333333333,0.0833333333333333
"N2","PASS",7,"below",0.0416666666666667,0.0833333333333333,0.9,0.0731708317073171,"N2-POOLING","P",0.916666666666667,0.0833333333333333,0.0833333333333333
"N2","PASS",7,"below",0.0416666666666667,0.0833333333333333,0.9,0.219512095121951,"N2-POOLING","P",0.916666666666667,0.0833333333333333,0.0833333333333333
"N2","PASS",7,"below",0.0416666666666667,0.0833333333333333,0.9,0.219512185121951,"N2-POOLING","P",0.916666666666667,0.0833333333333333,0.0833333333333333
"N2","PASS",7,"below",0.0416666666666667,0.0833333333333333,0.9,0.219512195120951,"N2-POOLING","P",0.916666666666667,0.0833333333333333,0.0833333333333333
"N2","PASS",7,"below",0.0416666666666667,0.0833333333333333,0.9,0.219512195121941,"N2-POOLING","P",0.916666666666667,0.0833333333333333,0.0833333333333333
"N2","PASS",7,"below",0.0416666666666667,0.0833333333333333,0.9,0.219512195121951,"N2-POOLING","P",0.916666666666667,0.0833333333333333,0.0833333333333333
"N2","PASS",7,"below",0.0416666666666667,0.0833333333333333,0.9,0.219512195121961,"N2-POOLING","P",0.916666666666667,0.0833333333333333,0.0833333333333333
"N2","PASS",7,"below",0.0416666666666667,0.0833333333333333,0.9,0.219512195122951,"N2-POOLING","P",0.916666666666667,0.0833333333333333,0.0833333333333333
"N2","PASS",7,"below",0.0416666666666667,0.0833333333333333,0.9,0.219512205121951,"N2-POOLING","P",0.916666666666667,0.0833333333333333,0.0833333333333333
"N2","PASS",7,"below",0.0416666666666667,0.0833333333333333,0.9,0.219512295121951,"N2-POOLING","P",0.916666666666667,0.0833333333333333,0.0833333333333333
"N2","PASS",7,"below",0.0416666666666667,0.0833333333333333,0.9,0.25,"N2-POOLING","P",0.916666666666667,0.0833333333333333,0.0833333333333333
"N2","PASS",7,"below",0.0416666666666667,0.0833333333333333,0.9,0.5,"N2-POOLING","P",0.916666666666667,0.0833333333333333,0.0833333333333333
"N2","PASS",7,"below",0.0416666666666667,0.0833333333333333,0.9,0.75,"N2-POOLING","P",0.916666666666667,0.0833333333333333,0.0833333333333333
"N2","PASS",7,"below",0.0416666666666667,0.0833333333333333,0.9,0.95,"N2-POOLING","P",0.916666666666667,0.0833333333333333,0.0833333333333333
"N2","PASS",7,"below",0.0416666666666667,0.0833333333333333,0.9,0.99999999,"N2-POOLING","P",0.916666666666667,0.0833333333333333,0.0833333333333333
"N2","PASS",7,"below",0.0416666666666667,0.0833333333333333,0.9,0.999999999999,"N2-POOLING","P",0.916666666666667,0.0833333333333333,0.0833333333333333
"N2","PASS",7,"below",0.0416666666666667,0.0833333333333333,0.9,0.99999999999999,"N2-POOLING","P",0.916666666666667,0.0833333333333333,0.0833333333333333
"N2","PASS",7,"below",0.0416666666666667,0.0833333333333333,0.9,1,"N2-POOLING","P",0.916666666666667,0.0833333333333333,0.0833333333333333
"N2","PASS",7,"below",0.0416666666666667,0.0833333333333333,0.99,0,"N2-LOW-TYPE-ONLY","S",0.958333333333333,0.0416666666666667,0.0833333333333333
"N2","PASS",7,"below",0.0416666666666667,0.0833333333333333,0.99,1e-14,"N2-LOW-TYPE-ONLY","S",0.958333333333324,0.0416666666666667,0.0833333333333333
"N2","PASS",7,"below",0.0416666666666667,0.0833333333333333,0.99,1e-12,"N2-LOW-TYPE-ONLY","S",0.958333333332375,0.0416666666666667,0.0833333333333333
"N2","PASS",7,"below",0.0416666666666667,0.0833333333333333,0.99,1e-08,"N2-LOW-TYPE-ONLY","S",0.95833332375,0.0416666666666667,0.0833333333333333
"N2","PASS",7,"below",0.0416666666666667,0.0833333333333333,0.99,0.0434781608695652,"N2-LOW-TYPE-ONLY","S",0.9166667625,0.0416666666666667,0.0833333333333333
"N2","PASS",7,"below",0.0416666666666667,0.0833333333333333,0.99,0.0434782508695652,"N2-LOW-TYPE-ONLY","S",0.91666667625,0.0416666666666667,0.0833333333333333
"N2","PASS",7,"below",0.0416666666666667,0.0833333333333333,0.99,0.0434782608685652,"N2-LOW-TYPE-ONLY","S",0.916666666667625,0.0416666666666667,0.0833333333333333
"N2","PASS",7,"below",0.0416666666666667,0.0833333333333333,0.99,0.0434782608695552,"N2-LOW-TYPE-ONLY","S",0.916666666666676,0.0416666666666667,0.0833333333333333
"N2","PASS",7,"below",0.0416666666666667,0.0833333333333333,0.99,0.0434782608695652,"N2-LOW-TYPE-ONLY","S",0.916666666666667,0.0416666666666667,0.0833333333333333
"N2","PASS",7,"below",0.0416666666666667,0.0833333333333333,0.99,0.0434782608695752,"N2-POOLING","P",0.916666666666667,0.0833333333333333,0.0833333333333333
"N2","PASS",7,"below",0.0416666666666667,0.0833333333333333,0.99,0.0434782608705652,"N2-POOLING","P",0.916666666666667,0.0833333333333333,0.0833333333333333
"N2","PASS",7,"below",0.0416666666666667,0.0833333333333333,0.99,0.0434782708695652,"N2-POOLING","P",0.916666666666667,0.0833333333333333,0.0833333333333333
"N2","PASS",7,"below",0.0416666666666667,0.0833333333333333,0.99,0.0434783608695652,"N2-POOLING","P",0.916666666666667,0.0833333333333333,0.0833333333333333
"N2","PASS",7,"below",0.0416666666666667,0.0833333333333333,0.99,0.05,"N2-POOLING","P",0.916666666666667,0.0833333333333333,0.0833333333333333
"N2","PASS",7,"below",0.0416666666666667,0.0833333333333333,0.99,0.0889486870619946,"N2-POOLING","P",0.916666666666667,0.0833333333333333,0.0833333333333333
"N2","PASS",7,"below",0.0416666666666667,0.0833333333333333,0.99,0.0889487770619946,"N2-POOLING","P",0.916666666666667,0.0833333333333333,0.0833333333333333
"N2","PASS",7,"below",0.0416666666666667,0.0833333333333333,0.99,0.0889487870609946,"N2-POOLING","P",0.916666666666667,0.0833333333333333,0.0833333333333333
"N2","PASS",7,"below",0.0416666666666667,0.0833333333333333,0.99,0.0889487870619846,"N2-POOLING","P",0.916666666666667,0.0833333333333333,0.0833333333333333
"N2","PASS",7,"below",0.0416666666666667,0.0833333333333333,0.99,0.0889487870619946,"N2-POOLING","P",0.916666666666667,0.0833333333333333,0.0833333333333333
"N2","PASS",7,"below",0.0416666666666667,0.0833333333333333,0.99,0.0889487870620046,"N2-POOLING","P",0.916666666666667,0.0833333333333333,0.0833333333333333
"N2","PASS",7,"below",0.0416666666666667,0.0833333333333333,0.99,0.0889487870629946,"N2-POOLING","P",0.916666666666667,0.0833333333333333,0.0833333333333333
"N2","PASS",7,"below",0.0416666666666667,0.0833333333333333,0.99,0.0889487970619946,"N2-POOLING","P",0.916666666666667,0.0833333333333333,0.0833333333333333
"N2","PASS",7,"below",0.0416666666666667,0.0833333333333333,0.99,0.0889488870619946,"N2-POOLING","P",0.916666666666667,0.0833333333333333,0.0833333333333333
"N2","PASS",7,"below",0.0416666666666667,0.0833333333333333,0.99,0.25,"N2-POOLING","P",0.916666666666667,0.0833333333333333,0.0833333333333333
"N2","PASS",7,"below",0.0416666666666667,0.0833333333333333,0.99,0.266846261185984,"N2-POOLING","P",0.916666666666667,0.0833333333333333,0.0833333333333333
"N2","PASS",7,"below",0.0416666666666667,0.0833333333333333,0.99,0.266846351185984,"N2-POOLING","P",0.916666666666667,0.0833333333333333,0.0833333333333333
"N2","PASS",7,"below",0.0416666666666667,0.0833333333333333,0.99,0.266846361184984,"N2-POOLING","P",0.916666666666667,0.0833333333333333,0.0833333333333333
"N2","PASS",7,"below",0.0416666666666667,0.0833333333333333,0.99,0.266846361185974,"N2-POOLING","P",0.916666666666667,0.0833333333333333,0.0833333333333333
"N2","PASS",7,"below",0.0416666666666667,0.0833333333333333,0.99,0.266846361185984,"N2-POOLING","P",0.916666666666667,0.0833333333333333,0.0833333333333333
"N2","PASS",7,"below",0.0416666666666667,0.0833333333333333,0.99,0.266846361185994,"N2-POOLING","P",0.916666666666667,0.0833333333333333,0.0833333333333333
"N2","PASS",7,"below",0.0416666666666667,0.0833333333333333,0.99,0.266846361186984,"N2-POOLING","P",0.916666666666667,0.0833333333333333,0.0833333333333333
"N2","PASS",7,"below",0.0416666666666667,0.0833333333333333,0.99,0.266846371185984,"N2-POOLING","P",0.916666666666667,0.0833333333333333,0.0833333333333333
"N2","PASS",7,"below",0.0416666666666667,0.0833333333333333,0.99,0.266846461185984,"N2-POOLING","P",0.916666666666667,0.0833333333333333,0.0833333333333333
"N2","PASS",7,"below",0.0416666666666667,0.0833333333333333,0.99,0.5,"N2-POOLING","P",0.916666666666667,0.0833333333333333,0.0833333333333333
"N2","PASS",7,"below",0.0416666666666667,0.0833333333333333,0.99,0.75,"N2-POOLING","P",0.916666666666667,0.0833333333333333,0.0833333333333333
"N2","PASS",7,"below",0.0416666666666667,0.0833333333333333,0.99,0.95,"N2-POOLING","P",0.916666666666667,0.0833333333333333,0.0833333333333333
"N2","PASS",7,"below",0.0416666666666667,0.0833333333333333,0.99,0.99999999,"N2-POOLING","P",0.916666666666667,0.0833333333333333,0.0833333333333333
"N2","PASS",7,"below",0.0416666666666667,0.0833333333333333,0.99,0.999999999999,"N2-POOLING","P",0.916666666666667,0.0833333333333333,0.0833333333333333
"N2","PASS",7,"below",0.0416666666666667,0.0833333333333333,0.99,0.99999999999999,"N2-POOLING","P",0.916666666666667,0.0833333333333333,0.0833333333333333
"N2","PASS",7,"below",0.0416666666666667,0.0833333333333333,0.99,1,"N2-POOLING","P",0.916666666666667,0.0833333333333333,0.0833333333333333
"N2","PASS",7,"o1_equal_low",0.0416666666666667,0.166666666666667,0.5,0,"N2-LOW-TYPE-ONLY","S",0.958333333333333,0.0416666666666667,0.166666666666667
"N2","PASS",7,"o1_equal_low",0.0416666666666667,0.166666666666667,0.5,1e-14,"N2-LOW-TYPE-ONLY","S",0.958333333333324,0.0416666666666667,0.166666666666667
"N2","PASS",7,"o1_equal_low",0.0416666666666667,0.166666666666667,0.5,1e-12,"N2-LOW-TYPE-ONLY","S",0.958333333332375,0.0416666666666667,0.166666666666667
"N2","PASS",7,"o1_equal_low",0.0416666666666667,0.166666666666667,0.5,1e-08,"N2-LOW-TYPE-ONLY","S",0.95833332375,0.0416666666666667,0.166666666666667
"N2","PASS",7,"o1_equal_low",0.0416666666666667,0.166666666666667,0.5,0.05,"N2-LOW-TYPE-ONLY","S",0.910416666666667,0.0416666666666667,0.166666666666667
"N2","PASS",7,"o1_equal_low",0.0416666666666667,0.166666666666667,0.5,0.0857141857142857,"N2-LOW-TYPE-ONLY","S",0.87619057202381,0.0416666666666667,0.166666666666667
"N2","PASS",7,"o1_equal_low",0.0416666666666667,0.166666666666667,0.5,0.0857142757142857,"N2-LOW-TYPE-ONLY","S",0.87619048577381,0.0416666666666667,0.166666666666667
"N2","PASS",7,"o1_equal_low",0.0416666666666667,0.166666666666667,0.5,0.0857142857132857,"N2-LOW-TYPE-ONLY","S",0.876190476191435,0.0416666666666667,0.166666666666667
"N2","PASS",7,"o1_equal_low",0.0416666666666667,0.166666666666667,0.5,0.0857142857142757,"N2-LOW-TYPE-ONLY","S",0.876190476190486,0.0416666666666667,0.166666666666667
"N2","PASS",7,"o1_equal_low",0.0416666666666667,0.166666666666667,0.5,0.0857142857142857,"N2-LOW-TYPE-ONLY","S",0.876190476190476,0.0416666666666667,0.166666666666667
"N2","PASS",7,"o1_equal_low",0.0416666666666667,0.166666666666667,0.5,0.0857142857142957,"N2-LOW-TYPE-ONLY","S",0.876190476190467,0.0416666666666667,0.166666666666667
"N2","PASS",7,"o1_equal_low",0.0416666666666667,0.166666666666667,0.5,0.0857142857152857,"N2-LOW-TYPE-ONLY","S",0.876190476189518,0.0416666666666667,0.166666666666667
"N2","PASS",7,"o1_equal_low",0.0416666666666667,0.166666666666667,0.5,0.0857142957142857,"N2-LOW-TYPE-ONLY","S",0.876190466607143,0.0416666666666667,0.166666666666667
"N2","PASS",7,"o1_equal_low",0.0416666666666667,0.166666666666667,0.5,0.0857143857142857,"N2-LOW-TYPE-ONLY","S",0.876190380357143,0.0416666666666667,0.166666666666667
"N2","PASS",7,"o1_equal_low",0.0416666666666667,0.166666666666667,0.5,0.130434682608696,"N2-LOW-TYPE-ONLY","S",0.833333429166667,0.0416666666666667,0.166666666666667
"N2","PASS",7,"o1_equal_low",0.0416666666666667,0.166666666666667,0.5,0.130434772608696,"N2-LOW-TYPE-ONLY","S",0.833333342916667,0.0416666666666667,0.166666666666667
"N2","PASS",7,"o1_equal_low",0.0416666666666667,0.166666666666667,0.5,0.130434782607696,"N2-LOW-TYPE-ONLY","S",0.833333333334292,0.0416666666666667,0.166666666666667
"N2","PASS",7,"o1_equal_low",0.0416666666666667,0.166666666666667,0.5,0.130434782608686,"N2-LOW-TYPE-ONLY","S",0.833333333333343,0.0416666666666667,0.166666666666667
"N2","PASS",7,"o1_equal_low",0.0416666666666667,0.166666666666667,0.5,0.130434782608696,"N2-LOW-TYPE-ONLY","S",0.833333333333333,0.0416666666666667,0.166666666666667
"N2","PASS",7,"o1_equal_low",0.0416666666666667,0.166666666666667,0.5,0.130434782608706,"N2-POOLING","P",0.833333333333333,0.166666666666667,0.166666666666667
"N2","PASS",7,"o1_equal_low",0.0416666666666667,0.166666666666667,0.5,0.130434782609696,"N2-POOLING","P",0.833333333333333,0.166666666666667,0.166666666666667
"N2","PASS",7,"o1_equal_low",0.0416666666666667,0.166666666666667,0.5,0.130434792608696,"N2-POOLING","P",0.833333333333333,0.166666666666667,0.166666666666667
"N2","PASS",7,"o1_equal_low",0.0416666666666667,0.166666666666667,0.5,0.130434882608696,"N2-POOLING","P",0.833333333333333,0.166666666666667,0.166666666666667
"N2","PASS",7,"o1_equal_low",0.0416666666666667,0.166666666666667,0.5,0.25,"N2-POOLING","P",0.833333333333333,0.166666666666667,0.166666666666667
"N2","PASS",7,"o1_equal_low",0.0416666666666667,0.166666666666667,0.5,0.333333233333333,"N2-POOLING","P",0.833333333333333,0.166666666666667,0.166666666666667
"N2","PASS",7,"o1_equal_low",0.0416666666666667,0.166666666666667,0.5,0.333333323333333,"N2-POOLING","P",0.833333333333333,0.166666666666667,0.166666666666667
"N2","PASS",7,"o1_equal_low",0.0416666666666667,0.166666666666667,0.5,0.333333333332333,"N2-POOLING","P",0.833333333333333,0.166666666666667,0.166666666666667
"N2","PASS",7,"o1_equal_low",0.0416666666666667,0.166666666666667,0.5,0.333333333333323,"N2-POOLING","P",0.833333333333333,0.166666666666667,0.166666666666667
"N2","PASS",7,"o1_equal_low",0.0416666666666667,0.166666666666667,0.5,0.333333333333333,"N2-POOLING","P",0.833333333333333,0.166666666666667,0.166666666666667
"N2","PASS",7,"o1_equal_low",0.0416666666666667,0.166666666666667,0.5,0.333333333333343,"N2-POOLING","P",0.833333333333333,0.166666666666667,0.166666666666667
"N2","PASS",7,"o1_equal_low",0.0416666666666667,0.166666666666667,0.5,0.333333333334333,"N2-POOLING","P",0.833333333333333,0.166666666666667,0.166666666666667
"N2","PASS",7,"o1_equal_low",0.0416666666666667,0.166666666666667,0.5,0.333333343333333,"N2-POOLING","P",0.833333333333333,0.166666666666667,0.166666666666667
"N2","PASS",7,"o1_equal_low",0.0416666666666667,0.166666666666667,0.5,0.333333433333333,"N2-POOLING","P",0.833333333333333,0.166666666666667,0.166666666666667
"N2","PASS",7,"o1_equal_low",0.0416666666666667,0.166666666666667,0.5,0.5,"N2-POOLING","P",0.833333333333333,0.166666666666667,0.166666666666667
"N2","PASS",7,"o1_equal_low",0.0416666666666667,0.166666666666667,0.5,0.75,"N2-POOLING","P",0.833333333333333,0.166666666666667,0.166666666666667
"N2","PASS",7,"o1_equal_low",0.0416666666666667,0.166666666666667,0.5,0.95,"N2-POOLING","P",0.833333333333333,0.166666666666667,0.166666666666667
"N2","PASS",7,"o1_equal_low",0.0416666666666667,0.166666666666667,0.5,0.99999999,"N2-POOLING","P",0.833333333333333,0.166666666666667,0.166666666666667
"N2","PASS",7,"o1_equal_low",0.0416666666666667,0.166666666666667,0.5,0.999999999999,"N2-POOLING","P",0.833333333333333,0.166666666666667,0.166666666666667
"N2","PASS",7,"o1_equal_low",0.0416666666666667,0.166666666666667,0.5,0.99999999999999,"N2-POOLING","P",0.833333333333333,0.166666666666667,0.166666666666667
"N2","PASS",7,"o1_equal_low",0.0416666666666667,0.166666666666667,0.5,1,"N2-POOLING","P",0.833333333333333,0.166666666666667,0.166666666666667
"N2","PASS",7,"o1_equal_low",0.0416666666666667,0.166666666666667,0.9,0,"N2-LOW-TYPE-ONLY","S",0.958333333333333,0.0416666666666667,0.166666666666667
"N2","PASS",7,"o1_equal_low",0.0416666666666667,0.166666666666667,0.9,1e-14,"N2-LOW-TYPE-ONLY","S",0.958333333333324,0.0416666666666667,0.166666666666667
"N2","PASS",7,"o1_equal_low",0.0416666666666667,0.166666666666667,0.9,1e-12,"N2-LOW-TYPE-ONLY","S",0.958333333332375,0.0416666666666667,0.166666666666667
"N2","PASS",7,"o1_equal_low",0.0416666666666667,0.166666666666667,0.9,1e-08,"N2-LOW-TYPE-ONLY","S",0.95833332375,0.0416666666666667,0.166666666666667
"N2","PASS",7,"o1_equal_low",0.0416666666666667,0.166666666666667,0.9,0.05,"N2-LOW-TYPE-ONLY","S",0.910416666666667,0.0416666666666667,0.166666666666667
"N2","PASS",7,"o1_equal_low",0.0416666666666667,0.166666666666667,0.9,0.130434682608696,"N2-LOW-TYPE-ONLY","S",0.833333429166667,0.0416666666666667,0.166666666666667
"N2","PASS",7,"o1_equal_low",0.0416666666666667,0.166666666666667,0.9,0.130434772608696,"N2-LOW-TYPE-ONLY","S",0.833333342916667,0.0416666666666667,0.166666666666667
"N2","PASS",7,"o1_equal_low",0.0416666666666667,0.166666666666667,0.9,0.130434782607696,"N2-LOW-TYPE-ONLY","S",0.833333333334292,0.0416666666666667,0.166666666666667
"N2","PASS",7,"o1_equal_low",0.0416666666666667,0.166666666666667,0.9,0.130434782608686,"N2-LOW-TYPE-ONLY","S",0.833333333333343,0.0416666666666667,0.166666666666667
"N2","PASS",7,"o1_equal_low",0.0416666666666667,0.166666666666667,0.9,0.130434782608696,"N2-LOW-TYPE-ONLY","S",0.833333333333333,0.0416666666666667,0.166666666666667
"N2","PASS",7,"o1_equal_low",0.0416666666666667,0.166666666666667,0.9,0.130434782608706,"N2-POOLING","P",0.833333333333333,0.166666666666667,0.166666666666667
"N2","PASS",7,"o1_equal_low",0.0416666666666667,0.166666666666667,0.9,0.130434782609696,"N2-POOLING","P",0.833333333333333,0.166666666666667,0.166666666666667
"N2","PASS",7,"o1_equal_low",0.0416666666666667,0.166666666666667,0.9,0.130434792608696,"N2-POOLING","P",0.833333333333333,0.166666666666667,0.166666666666667
"N2","PASS",7,"o1_equal_low",0.0416666666666667,0.166666666666667,0.9,0.130434882608696,"N2-POOLING","P",0.833333333333333,0.166666666666667,0.166666666666667
"N2","PASS",7,"o1_equal_low",0.0416666666666667,0.166666666666667,0.9,0.219512095121951,"N2-POOLING","P",0.833333333333333,0.166666666666667,0.166666666666667
"N2","PASS",7,"o1_equal_low",0.0416666666666667,0.166666666666667,0.9,0.219512185121951,"N2-POOLING","P",0.833333333333333,0.166666666666667,0.166666666666667
"N2","PASS",7,"o1_equal_low",0.0416666666666667,0.166666666666667,0.9,0.219512195120951,"N2-POOLING","P",0.833333333333333,0.166666666666667,0.166666666666667
"N2","PASS",7,"o1_equal_low",0.0416666666666667,0.166666666666667,0.9,0.219512195121941,"N2-POOLING","P",0.833333333333333,0.166666666666667,0.166666666666667
"N2","PASS",7,"o1_equal_low",0.0416666666666667,0.166666666666667,0.9,0.219512195121951,"N2-POOLING","P",0.833333333333333,0.166666666666667,0.166666666666667
"N2","PASS",7,"o1_equal_low",0.0416666666666667,0.166666666666667,0.9,0.219512195121961,"N2-POOLING","P",0.833333333333333,0.166666666666667,0.166666666666667
"N2","PASS",7,"o1_equal_low",0.0416666666666667,0.166666666666667,0.9,0.219512195122951,"N2-POOLING","P",0.833333333333333,0.166666666666667,0.166666666666667
"N2","PASS",7,"o1_equal_low",0.0416666666666667,0.166666666666667,0.9,0.219512205121951,"N2-POOLING","P",0.833333333333333,0.166666666666667,0.166666666666667
"N2","PASS",7,"o1_equal_low",0.0416666666666667,0.166666666666667,0.9,0.219512295121951,"N2-POOLING","P",0.833333333333333,0.166666666666667,0.166666666666667
"N2","PASS",7,"o1_equal_low",0.0416666666666667,0.166666666666667,0.9,0.25,"N2-POOLING","P",0.833333333333333,0.166666666666667,0.166666666666667
"N2","PASS",7,"o1_equal_low",0.0416666666666667,0.166666666666667,0.9,0.5,"N2-POOLING","P",0.833333333333333,0.166666666666667,0.166666666666667
"N2","PASS",7,"o1_equal_low",0.0416666666666667,0.166666666666667,0.9,0.75,"N2-POOLING","P",0.833333333333333,0.166666666666667,0.166666666666667
"N2","PASS",7,"o1_equal_low",0.0416666666666667,0.166666666666667,0.9,0.866666566666667,"N2-POOLING","P",0.833333333333333,0.166666666666667,0.166666666666667
"N2","PASS",7,"o1_equal_low",0.0416666666666667,0.166666666666667,0.9,0.866666656666667,"N2-POOLING","P",0.833333333333333,0.166666666666667,0.166666666666667
"N2","PASS",7,"o1_equal_low",0.0416666666666667,0.166666666666667,0.9,0.866666666665667,"N2-POOLING","P",0.833333333333333,0.166666666666667,0.166666666666667
"N2","PASS",7,"o1_equal_low",0.0416666666666667,0.166666666666667,0.9,0.866666666666657,"N2-POOLING","P",0.833333333333333,0.166666666666667,0.166666666666667
"N2","PASS",7,"o1_equal_low",0.0416666666666667,0.166666666666667,0.9,0.866666666666667,"N2-POOLING","P",0.833333333333333,0.166666666666667,0.166666666666667
"N2","PASS",7,"o1_equal_low",0.0416666666666667,0.166666666666667,0.9,0.866666666666677,"N2-POOLING","P",0.833333333333333,0.166666666666667,0.166666666666667
"N2","PASS",7,"o1_equal_low",0.0416666666666667,0.166666666666667,0.9,0.866666666667667,"N2-POOLING","P",0.833333333333333,0.166666666666667,0.166666666666667
"N2","PASS",7,"o1_equal_low",0.0416666666666667,0.166666666666667,0.9,0.866666676666667,"N2-POOLING","P",0.833333333333333,0.166666666666667,0.166666666666667
"N2","PASS",7,"o1_equal_low",0.0416666666666667,0.166666666666667,0.9,0.866666766666667,"N2-POOLING","P",0.833333333333333,0.166666666666667,0.166666666666667
"N2","PASS",7,"o1_equal_low",0.0416666666666667,0.166666666666667,0.9,0.95,"N2-POOLING","P",0.833333333333333,0.166666666666667,0.166666666666667
"N2","PASS",7,"o1_equal_low",0.0416666666666667,0.166666666666667,0.9,0.99999999,"N2-POOLING","P",0.833333333333333,0.166666666666667,0.166666666666667
"N2","PASS",7,"o1_equal_low",0.0416666666666667,0.166666666666667,0.9,0.999999999999,"N2-POOLING","P",0.833333333333333,0.166666666666667,0.166666666666667
"N2","PASS",7,"o1_equal_low",0.0416666666666667,0.166666666666667,0.9,0.99999999999999,"N2-POOLING","P",0.833333333333333,0.166666666666667,0.166666666666667
"N2","PASS",7,"o1_equal_low",0.0416666666666667,0.166666666666667,0.9,1,"N2-POOLING","P",0.833333333333333,0.166666666666667,0.166666666666667
"N2","PASS",7,"o1_equal_low",0.0416666666666667,0.166666666666667,0.99,0,"N2-LOW-TYPE-ONLY","S",0.958333333333333,0.0416666666666667,0.166666666666667
"N2","PASS",7,"o1_equal_low",0.0416666666666667,0.166666666666667,0.99,1e-14,"N2-LOW-TYPE-ONLY","S",0.958333333333324,0.0416666666666667,0.166666666666667
"N2","PASS",7,"o1_equal_low",0.0416666666666667,0.166666666666667,0.99,1e-12,"N2-LOW-TYPE-ONLY","S",0.958333333332375,0.0416666666666667,0.166666666666667
"N2","PASS",7,"o1_equal_low",0.0416666666666667,0.166666666666667,0.99,1e-08,"N2-LOW-TYPE-ONLY","S",0.95833332375,0.0416666666666667,0.166666666666667
"N2","PASS",7,"o1_equal_low",0.0416666666666667,0.166666666666667,0.99,0.05,"N2-LOW-TYPE-ONLY","S",0.910416666666667,0.0416666666666667,0.166666666666667
"N2","PASS",7,"o1_equal_low",0.0416666666666667,0.166666666666667,0.99,0.130434682608696,"N2-LOW-TYPE-ONLY","S",0.833333429166667,0.0416666666666667,0.166666666666667
"N2","PASS",7,"o1_equal_low",0.0416666666666667,0.166666666666667,0.99,0.130434772608696,"N2-LOW-TYPE-ONLY","S",0.833333342916667,0.0416666666666667,0.166666666666667
"N2","PASS",7,"o1_equal_low",0.0416666666666667,0.166666666666667,0.99,0.130434782607696,"N2-LOW-TYPE-ONLY","S",0.833333333334292,0.0416666666666667,0.166666666666667
"N2","PASS",7,"o1_equal_low",0.0416666666666667,0.166666666666667,0.99,0.130434782608686,"N2-LOW-TYPE-ONLY","S",0.833333333333343,0.0416666666666667,0.166666666666667
"N2","PASS",7,"o1_equal_low",0.0416666666666667,0.166666666666667,0.99,0.130434782608696,"N2-LOW-TYPE-ONLY","S",0.833333333333333,0.0416666666666667,0.166666666666667
"N2","PASS",7,"o1_equal_low",0.0416666666666667,0.166666666666667,0.99,0.130434782608706,"N2-POOLING","P",0.833333333333333,0.166666666666667,0.166666666666667
"N2","PASS",7,"o1_equal_low",0.0416666666666667,0.166666666666667,0.99,0.130434782609696,"N2-POOLING","P",0.833333333333333,0.166666666666667,0.166666666666667
"N2","PASS",7,"o1_equal_low",0.0416666666666667,0.166666666666667,0.99,0.130434792608696,"N2-POOLING","P",0.833333333333333,0.166666666666667,0.166666666666667
"N2","PASS",7,"o1_equal_low",0.0416666666666667,0.166666666666667,0.99,0.130434882608696,"N2-POOLING","P",0.833333333333333,0.166666666666667,0.166666666666667
"N2","PASS",7,"o1_equal_low",0.0416666666666667,0.166666666666667,0.99,0.25,"N2-POOLING","P",0.833333333333333,0.166666666666667,0.166666666666667
"N2","PASS",7,"o1_equal_low",0.0416666666666667,0.166666666666667,0.99,0.266846261185984,"N2-POOLING","P",0.833333333333333,0.166666666666667,0.166666666666667
"N2","PASS",7,"o1_equal_low",0.0416666666666667,0.166666666666667,0.99,0.266846351185984,"N2-POOLING","P",0.833333333333333,0.166666666666667,0.166666666666667
"N2","PASS",7,"o1_equal_low",0.0416666666666667,0.166666666666667,0.99,0.266846361184984,"N2-POOLING","P",0.833333333333333,0.166666666666667,0.166666666666667
"N2","PASS",7,"o1_equal_low",0.0416666666666667,0.166666666666667,0.99,0.266846361185974,"N2-POOLING","P",0.833333333333333,0.166666666666667,0.166666666666667
"N2","PASS",7,"o1_equal_low",0.0416666666666667,0.166666666666667,0.99,0.266846361185984,"N2-POOLING","P",0.833333333333333,0.166666666666667,0.166666666666667
"N2","PASS",7,"o1_equal_low",0.0416666666666667,0.166666666666667,0.99,0.266846361185994,"N2-POOLING","P",0.833333333333333,0.166666666666667,0.166666666666667
"N2","PASS",7,"o1_equal_low",0.0416666666666667,0.166666666666667,0.99,0.266846361186984,"N2-POOLING","P",0.833333333333333,0.166666666666667,0.166666666666667
"N2","PASS",7,"o1_equal_low",0.0416666666666667,0.166666666666667,0.99,0.266846371185984,"N2-POOLING","P",0.833333333333333,0.166666666666667,0.166666666666667
"N2","PASS",7,"o1_equal_low",0.0416666666666667,0.166666666666667,0.99,0.266846461185984,"N2-POOLING","P",0.833333333333333,0.166666666666667,0.166666666666667
"N2","PASS",7,"o1_equal_low",0.0416666666666667,0.166666666666667,0.99,0.5,"N2-POOLING","P",0.833333333333333,0.166666666666667,0.166666666666667
"N2","PASS",7,"o1_equal_low",0.0416666666666667,0.166666666666667,0.99,0.75,"N2-POOLING","P",0.833333333333333,0.166666666666667,0.166666666666667
"N2","PASS",7,"o1_equal_low",0.0416666666666667,0.166666666666667,0.99,0.95,"N2-POOLING","P",0.833333333333333,0.166666666666667,0.166666666666667
"N2","PASS",7,"o1_equal_low",0.0416666666666667,0.166666666666667,0.99,0.986666566666667,"N2-POOLING","P",0.833333333333333,0.166666666666667,0.166666666666667
"N2","PASS",7,"o1_equal_low",0.0416666666666667,0.166666666666667,0.99,0.986666656666667,"N2-POOLING","P",0.833333333333333,0.166666666666667,0.166666666666667
"N2","PASS",7,"o1_equal_low",0.0416666666666667,0.166666666666667,0.99,0.986666666665667,"N2-POOLING","P",0.833333333333333,0.166666666666667,0.166666666666667
"N2","PASS",7,"o1_equal_low",0.0416666666666667,0.166666666666667,0.99,0.986666666666657,"N2-POOLING","P",0.833333333333333,0.166666666666667,0.166666666666667
"N2","PASS",7,"o1_equal_low",0.0416666666666667,0.166666666666667,0.99,0.986666666666667,"N2-POOLING","P",0.833333333333333,0.166666666666667,0.166666666666667
"N2","PASS",7,"o1_equal_low",0.0416666666666667,0.166666666666667,0.99,0.986666666666677,"N2-POOLING","P",0.833333333333333,0.166666666666667,0.166666666666667
"N2","PASS",7,"o1_equal_low",0.0416666666666667,0.166666666666667,0.99,0.986666666667667,"N2-POOLING","P",0.833333333333333,0.166666666666667,0.166666666666667
"N2","PASS",7,"o1_equal_low",0.0416666666666667,0.166666666666667,0.99,0.986666676666667,"N2-POOLING","P",0.833333333333333,0.166666666666667,0.166666666666667
"N2","PASS",7,"o1_equal_low",0.0416666666666667,0.166666666666667,0.99,0.986666766666667,"N2-POOLING","P",0.833333333333333,0.166666666666667,0.166666666666667
"N2","PASS",7,"o1_equal_low",0.0416666666666667,0.166666666666667,0.99,0.99999999,"N2-POOLING","P",0.833333333333333,0.166666666666667,0.166666666666667
"N2","PASS",7,"o1_equal_low",0.0416666666666667,0.166666666666667,0.99,0.999999999999,"N2-POOLING","P",0.833333333333333,0.166666666666667,0.166666666666667
"N2","PASS",7,"o1_equal_low",0.0416666666666667,0.166666666666667,0.99,0.99999999999999,"N2-POOLING","P",0.833333333333333,0.166666666666667,0.166666666666667
"N2","PASS",7,"o1_equal_low",0.0416666666666667,0.166666666666667,0.99,1,"N2-POOLING","P",0.833333333333333,0.166666666666667,0.166666666666667
"N2","PASS",7,"o1_equal_mid",0.0833333333333333,0.166666666666667,0.5,0,"N2-LOW-TYPE-ONLY","S",0.916666666666667,0.0833333333333333,0.166666666666667
"N2","PASS",7,"o1_equal_mid",0.0833333333333333,0.166666666666667,0.5,1e-14,"N2-LOW-TYPE-ONLY","S",0.916666666666658,0.0833333333333333,0.166666666666667
"N2","PASS",7,"o1_equal_mid",0.0833333333333333,0.166666666666667,0.5,1e-12,"N2-LOW-TYPE-ONLY","S",0.91666666666575,0.0833333333333333,0.166666666666667
"N2","PASS",7,"o1_equal_mid",0.0833333333333333,0.166666666666667,0.5,1e-08,"N2-LOW-TYPE-ONLY","S",0.9166666575,0.0833333333333333,0.166666666666667
"N2","PASS",7,"o1_equal_mid",0.0833333333333333,0.166666666666667,0.5,1e-07,"N2-LOW-TYPE-ONLY","S",0.916666575,0.0833333333333333,0.166666666666667
"N2","PASS",7,"o1_equal_mid",0.0833333333333333,0.166666666666667,0.5,0.05,"N2-LOW-TYPE-ONLY","S",0.870833333333333,0.0833333333333333,0.166666666666667
"N2","PASS",7,"o1_equal_mid",0.0833333333333333,0.166666666666667,0.5,0.0588234294117647,"N2-LOW-TYPE-ONLY","S",0.862745189705882,0.0833333333333333,0.166666666666667
"N2","PASS",7,"o1_equal_mid",0.0833333333333333,0.166666666666667,0.5,0.0588235194117647,"N2-LOW-TYPE-ONLY","S",0.862745107205882,0.0833333333333333,0.166666666666667
"N2","PASS",7,"o1_equal_mid",0.0833333333333333,0.166666666666667,0.5,0.0588235294107647,"N2-LOW-TYPE-ONLY","S",0.862745098040132,0.0833333333333333,0.166666666666667
"N2","PASS",7,"o1_equal_mid",0.0833333333333333,0.166666666666667,0.5,0.0588235294117547,"N2-LOW-TYPE-ONLY","S",0.862745098039225,0.0833333333333333,0.166666666666667
"N2","PASS",7,"o1_equal_mid",0.0833333333333333,0.166666666666667,0.5,0.0588235294117647,"N2-LOW-TYPE-ONLY","S",0.862745098039216,0.0833333333333333,0.166666666666667
"N2","PASS",7,"o1_equal_mid",0.0833333333333333,0.166666666666667,0.5,0.0588235294117747,"N2-LOW-TYPE-ONLY","S",0.862745098039207,0.0833333333333333,0.166666666666667
"N2","PASS",7,"o1_equal_mid",0.0833333333333333,0.166666666666667,0.5,0.0588235294127647,"N2-LOW-TYPE-ONLY","S",0.862745098038299,0.0833333333333333,0.166666666666667
"N2","PASS",7,"o1_equal_mid",0.0833333333333333,0.166666666666667,0.5,0.0588235394117647,"N2-LOW-TYPE-ONLY","S",0.862745088872549,0.0833333333333333,0.166666666666667
"N2","PASS",7,"o1_equal_mid",0.0833333333333333,0.166666666666667,0.5,0.0588236294117647,"N2-LOW-TYPE-ONLY","S",0.862745006372549,0.0833333333333333,0.166666666666667
"N2","PASS",7,"o1_equal_mid",0.0833333333333333,0.166666666666667,0.5,0.0909089909090909,"N2-LOW-TYPE-ONLY","S",0.833333425,0.0833333333333333,0.166666666666667
"N2","PASS",7,"o1_equal_mid",0.0833333333333333,0.166666666666667,0.5,0.0909090809090909,"N2-LOW-TYPE-ONLY","S",0.8333333425,0.0833333333333333,0.166666666666667
"N2","PASS",7,"o1_equal_mid",0.0833333333333333,0.166666666666667,0.5,0.0909090909080909,"N2-LOW-TYPE-ONLY","S",0.83333333333425,0.0833333333333333,0.166666666666667
"N2","PASS",7,"o1_equal_mid",0.0833333333333333,0.166666666666667,0.5,0.0909090909090809,"N2-LOW-TYPE-ONLY","S",0.833333333333342,0.0833333333333333,0.166666666666667
"N2","PASS",7,"o1_equal_mid",0.0833333333333333,0.166666666666667,0.5,0.0909090909090909,"N2-LOW-TYPE-ONLY","S",0.833333333333333,0.0833333333333333,0.166666666666667
"N2","PASS",7,"o1_equal_mid",0.0833333333333333,0.166666666666667,0.5,0.0909090909091009,"N2-POOLING","P",0.833333333333333,0.166666666666667,0.166666666666667
"N2","PASS",7,"o1_equal_mid",0.0833333333333333,0.166666666666667,0.5,0.0909090909100909,"N2-POOLING","P",0.833333333333333,0.166666666666667,0.166666666666667
"N2","PASS",7,"o1_equal_mid",0.0833333333333333,0.166666666666667,0.5,0.0909091009090909,"N2-POOLING","P",0.833333333333333,0.166666666666667,0.166666666666667
"N2","PASS",7,"o1_equal_mid",0.0833333333333333,0.166666666666667,0.5,0.0909091909090909,"N2-POOLING","P",0.833333333333333,0.166666666666667,0.166666666666667
"N2","PASS",7,"o1_equal_mid",0.0833333333333333,0.166666666666667,0.5,0.25,"N2-POOLING","P",0.833333333333333,0.166666666666667,0.166666666666667
"N2","PASS",7,"o1_equal_mid",0.0833333333333333,0.166666666666667,0.5,0.5,"N2-POOLING","P",0.833333333333333,0.166666666666667,0.166666666666667
"N2","PASS",7,"o1_equal_mid",0.0833333333333333,0.166666666666667,0.5,0.75,"N2-POOLING","P",0.833333333333333,0.166666666666667,0.166666666666667
"N2","PASS",7,"o1_equal_mid",0.0833333333333333,0.166666666666667,0.5,0.95,"N2-POOLING","P",0.833333333333333,0.166666666666667,0.166666666666667
"N2","PASS",7,"o1_equal_mid",0.0833333333333333,0.166666666666667,0.5,0.99999999,"N2-POOLING","P",0.833333333333333,0.166666666666667,0.166666666666667
"N2","PASS",7,"o1_equal_mid",0.0833333333333333,0.166666666666667,0.5,0.999999999999,"N2-POOLING","P",0.833333333333333,0.166666666666667,0.166666666666667
"N2","PASS",7,"o1_equal_mid",0.0833333333333333,0.166666666666667,0.5,0.99999999999999,"N2-POOLING","P",0.833333333333333,0.166666666666667,0.166666666666667
"N2","PASS",7,"o1_equal_mid",0.0833333333333333,0.166666666666667,0.5,1,"N2-POOLING","P",0.833333333333333,0.166666666666667,0.166666666666667
"N2","PASS",7,"o1_equal_mid",0.0833333333333333,0.166666666666667,0.9,0,"N2-LOW-TYPE-ONLY","S",0.916666666666667,0.0833333333333333,0.166666666666667
"N2","PASS",7,"o1_equal_mid",0.0833333333333333,0.166666666666667,0.9,1e-14,"N2-LOW-TYPE-ONLY","S",0.916666666666658,0.0833333333333333,0.166666666666667
"N2","PASS",7,"o1_equal_mid",0.0833333333333333,0.166666666666667,0.9,1e-12,"N2-LOW-TYPE-ONLY","S",0.91666666666575,0.0833333333333333,0.166666666666667
"N2","PASS",7,"o1_equal_mid",0.0833333333333333,0.166666666666667,0.9,1e-08,"N2-LOW-TYPE-ONLY","S",0.9166666575,0.0833333333333333,0.166666666666667
"N2","PASS",7,"o1_equal_mid",0.0833333333333333,0.166666666666667,0.9,0.05,"N2-LOW-TYPE-ONLY","S",0.870833333333333,0.0833333333333333,0.166666666666667
"N2","PASS",7,"o1_equal_mid",0.0833333333333333,0.166666666666667,0.9,0.0909089909090909,"N2-LOW-TYPE-ONLY","S",0.833333425,0.0833333333333333,0.166666666666667
"N2","PASS",7,"o1_equal_mid",0.0833333333333333,0.166666666666667,0.9,0.0909090809090909,"N2-LOW-TYPE-ONLY","S",0.8333333425,0.0833333333333333,0.166666666666667
"N2","PASS",7,"o1_equal_mid",0.0833333333333333,0.166666666666667,0.9,0.0909090909080909,"N2-LOW-TYPE-ONLY","S",0.83333333333425,0.0833333333333333,0.166666666666667
"N2","PASS",7,"o1_equal_mid",0.0833333333333333,0.166666666666667,0.9,0.0909090909090809,"N2-LOW-TYPE-ONLY","S",0.833333333333342,0.0833333333333333,0.166666666666667
"N2","PASS",7,"o1_equal_mid",0.0833333333333333,0.166666666666667,0.9,0.0909090909090909,"N2-LOW-TYPE-ONLY","S",0.833333333333333,0.0833333333333333,0.166666666666667
"N2","PASS",7,"o1_equal_mid",0.0833333333333333,0.166666666666667,0.9,0.0909090909091009,"N2-POOLING","P",0.833333333333333,0.166666666666667,0.166666666666667
"N2","PASS",7,"o1_equal_mid",0.0833333333333333,0.166666666666667,0.9,0.0909090909100909,"N2-POOLING","P",0.833333333333333,0.166666666666667,0.166666666666667
"N2","PASS",7,"o1_equal_mid",0.0833333333333333,0.166666666666667,0.9,0.0909091009090909,"N2-POOLING","P",0.833333333333333,0.166666666666667,0.166666666666667
"N2","PASS",7,"o1_equal_mid",0.0833333333333333,0.166666666666667,0.9,0.0909091909090909,"N2-POOLING","P",0.833333333333333,0.166666666666667,0.166666666666667
"N2","PASS",7,"o1_equal_mid",0.0833333333333333,0.166666666666667,0.9,0.157894636842105,"N2-POOLING","P",0.833333333333333,0.166666666666667,0.166666666666667
"N2","PASS",7,"o1_equal_mid",0.0833333333333333,0.166666666666667,0.9,0.157894726842105,"N2-POOLING","P",0.833333333333333,0.166666666666667,0.166666666666667
"N2","PASS",7,"o1_equal_mid",0.0833333333333333,0.166666666666667,0.9,0.157894736841105,"N2-POOLING","P",0.833333333333333,0.166666666666667,0.166666666666667
"N2","PASS",7,"o1_equal_mid",0.0833333333333333,0.166666666666667,0.9,0.157894736842095,"N2-POOLING","P",0.833333333333333,0.166666666666667,0.166666666666667
"N2","PASS",7,"o1_equal_mid",0.0833333333333333,0.166666666666667,0.9,0.157894736842105,"N2-POOLING","P",0.833333333333333,0.166666666666667,0.166666666666667
"N2","PASS",7,"o1_equal_mid",0.0833333333333333,0.166666666666667,0.9,0.157894736842115,"N2-POOLING","P",0.833333333333333,0.166666666666667,0.166666666666667
"N2","PASS",7,"o1_equal_mid",0.0833333333333333,0.166666666666667,0.9,0.157894736843105,"N2-POOLING","P",0.833333333333333,0.166666666666667,0.166666666666667
"N2","PASS",7,"o1_equal_mid",0.0833333333333333,0.166666666666667,0.9,0.157894746842105,"N2-POOLING","P",0.833333333333333,0.166666666666667,0.166666666666667
"N2","PASS",7,"o1_equal_mid",0.0833333333333333,0.166666666666667,0.9,0.157894836842105,"N2-POOLING","P",0.833333333333333,0.166666666666667,0.166666666666667
"N2","PASS",7,"o1_equal_mid",0.0833333333333333,0.166666666666667,0.9,0.25,"N2-POOLING","P",0.833333333333333,0.166666666666667,0.166666666666667
"N2","PASS",7,"o1_equal_mid",0.0833333333333333,0.166666666666667,0.9,0.5,"N2-POOLING","P",0.833333333333333,0.166666666666667,0.166666666666667
"N2","PASS",7,"o1_equal_mid",0.0833333333333333,0.166666666666667,0.9,0.75,"N2-POOLING","P",0.833333333333333,0.166666666666667,0.166666666666667
"N2","PASS",7,"o1_equal_mid",0.0833333333333333,0.166666666666667,0.9,0.7999999,"N2-POOLING","P",0.833333333333333,0.166666666666667,0.166666666666667
"N2","PASS",7,"o1_equal_mid",0.0833333333333333,0.166666666666667,0.9,0.79999999,"N2-POOLING","P",0.833333333333333,0.166666666666667,0.166666666666667
"N2","PASS",7,"o1_equal_mid",0.0833333333333333,0.166666666666667,0.9,0.799999999999,"N2-POOLING","P",0.833333333333333,0.166666666666667,0.166666666666667
"N2","PASS",7,"o1_equal_mid",0.0833333333333333,0.166666666666667,0.9,0.79999999999999,"N2-POOLING","P",0.833333333333333,0.166666666666667,0.166666666666667
"N2","PASS",7,"o1_equal_mid",0.0833333333333333,0.166666666666667,0.9,0.8,"N2-POOLING","P",0.833333333333333,0.166666666666667,0.166666666666667
"N2","PASS",7,"o1_equal_mid",0.0833333333333333,0.166666666666667,0.9,0.80000000000001,"N2-POOLING","P",0.833333333333333,0.166666666666667,0.166666666666667
"N2","PASS",7,"o1_equal_mid",0.0833333333333333,0.166666666666667,0.9,0.800000000001,"N2-POOLING","P",0.833333333333333,0.166666666666667,0.166666666666667
"N2","PASS",7,"o1_equal_mid",0.0833333333333333,0.166666666666667,0.9,0.80000001,"N2-POOLING","P",0.833333333333333,0.166666666666667,0.166666666666667
"N2","PASS",7,"o1_equal_mid",0.0833333333333333,0.166666666666667,0.9,0.8000001,"N2-POOLING","P",0.833333333333333,0.166666666666667,0.166666666666667
"N2","PASS",7,"o1_equal_mid",0.0833333333333333,0.166666666666667,0.9,0.95,"N2-POOLING","P",0.833333333333333,0.166666666666667,0.166666666666667
"N2","PASS",7,"o1_equal_mid",0.0833333333333333,0.166666666666667,0.9,0.99999999,"N2-POOLING","P",0.833333333333333,0.166666666666667,0.166666666666667
"N2","PASS",7,"o1_equal_mid",0.0833333333333333,0.166666666666667,0.9,0.999999999999,"N2-POOLING","P",0.833333333333333,0.166666666666667,0.166666666666667
"N2","PASS",7,"o1_equal_mid",0.0833333333333333,0.166666666666667,0.9,0.99999999999999,"N2-POOLING","P",0.833333333333333,0.166666666666667,0.166666666666667
"N2","PASS",7,"o1_equal_mid",0.0833333333333333,0.166666666666667,0.9,1,"N2-POOLING","P",0.833333333333333,0.166666666666667,0.166666666666667
"N2","PASS",7,"o1_equal_mid",0.0833333333333333,0.166666666666667,0.99,0,"N2-LOW-TYPE-ONLY","S",0.916666666666667,0.0833333333333333,0.166666666666667
"N2","PASS",7,"o1_equal_mid",0.0833333333333333,0.166666666666667,0.99,1e-14,"N2-LOW-TYPE-ONLY","S",0.916666666666658,0.0833333333333333,0.166666666666667
"N2","PASS",7,"o1_equal_mid",0.0833333333333333,0.166666666666667,0.99,1e-12,"N2-LOW-TYPE-ONLY","S",0.91666666666575,0.0833333333333333,0.166666666666667
"N2","PASS",7,"o1_equal_mid",0.0833333333333333,0.166666666666667,0.99,1e-08,"N2-LOW-TYPE-ONLY","S",0.9166666575,0.0833333333333333,0.166666666666667
"N2","PASS",7,"o1_equal_mid",0.0833333333333333,0.166666666666667,0.99,0.05,"N2-LOW-TYPE-ONLY","S",0.870833333333333,0.0833333333333333,0.166666666666667
"N2","PASS",7,"o1_equal_mid",0.0833333333333333,0.166666666666667,0.99,0.0909089909090909,"N2-LOW-TYPE-ONLY","S",0.833333425,0.0833333333333333,0.166666666666667
"N2","PASS",7,"o1_equal_mid",0.0833333333333333,0.166666666666667,0.99,0.0909090809090909,"N2-LOW-TYPE-ONLY","S",0.8333333425,0.0833333333333333,0.166666666666667
"N2","PASS",7,"o1_equal_mid",0.0833333333333333,0.166666666666667,0.99,0.0909090909080909,"N2-LOW-TYPE-ONLY","S",0.83333333333425,0.0833333333333333,0.166666666666667
"N2","PASS",7,"o1_equal_mid",0.0833333333333333,0.166666666666667,0.99,0.0909090909090809,"N2-LOW-TYPE-ONLY","S",0.833333333333342,0.0833333333333333,0.166666666666667
"N2","PASS",7,"o1_equal_mid",0.0833333333333333,0.166666666666667,0.99,0.0909090909090909,"N2-LOW-TYPE-ONLY","S",0.833333333333333,0.0833333333333333,0.166666666666667
"N2","PASS",7,"o1_equal_mid",0.0833333333333333,0.166666666666667,0.99,0.0909090909091009,"N2-POOLING","P",0.833333333333333,0.166666666666667,0.166666666666667
"N2","PASS",7,"o1_equal_mid",0.0833333333333333,0.166666666666667,0.99,0.0909090909100909,"N2-POOLING","P",0.833333333333333,0.166666666666667,0.166666666666667
"N2","PASS",7,"o1_equal_mid",0.0833333333333333,0.166666666666667,0.99,0.0909091009090909,"N2-POOLING","P",0.833333333333333,0.166666666666667,0.166666666666667
"N2","PASS",7,"o1_equal_mid",0.0833333333333333,0.166666666666667,0.99,0.0909091909090909,"N2-POOLING","P",0.833333333333333,0.166666666666667,0.166666666666667
"N2","PASS",7,"o1_equal_mid",0.0833333333333333,0.166666666666667,0.99,0.195266172189349,"N2-POOLING","P",0.833333333333333,0.166666666666667,0.166666666666667
"N2","PASS",7,"o1_equal_mid",0.0833333333333333,0.166666666666667,0.99,0.195266262189349,"N2-POOLING","P",0.833333333333333,0.166666666666667,0.166666666666667
"N2","PASS",7,"o1_equal_mid",0.0833333333333333,0.166666666666667,0.99,0.195266272188349,"N2-POOLING","P",0.833333333333333,0.166666666666667,0.166666666666667
"N2","PASS",7,"o1_equal_mid",0.0833333333333333,0.166666666666667,0.99,0.195266272189339,"N2-POOLING","P",0.833333333333333,0.166666666666667,0.166666666666667
"N2","PASS",7,"o1_equal_mid",0.0833333333333333,0.166666666666667,0.99,0.195266272189349,"N2-POOLING","P",0.833333333333333,0.166666666666667,0.166666666666667
"N2","PASS",7,"o1_equal_mid",0.0833333333333333,0.166666666666667,0.99,0.195266272189359,"N2-POOLING","P",0.833333333333333,0.166666666666667,0.166666666666667
"N2","PASS",7,"o1_equal_mid",0.0833333333333333,0.166666666666667,0.99,0.195266272190349,"N2-POOLING","P",0.833333333333333,0.166666666666667,0.166666666666667
"N2","PASS",7,"o1_equal_mid",0.0833333333333333,0.166666666666667,0.99,0.195266282189349,"N2-POOLING","P",0.833333333333333,0.166666666666667,0.166666666666667
"N2","PASS",7,"o1_equal_mid",0.0833333333333333,0.166666666666667,0.99,0.195266372189349,"N2-POOLING","P",0.833333333333333,0.166666666666667,0.166666666666667
"N2","PASS",7,"o1_equal_mid",0.0833333333333333,0.166666666666667,0.99,0.25,"N2-POOLING","P",0.833333333333333,0.166666666666667,0.166666666666667
"N2","PASS",7,"o1_equal_mid",0.0833333333333333,0.166666666666667,0.99,0.5,"N2-POOLING","P",0.833333333333333,0.166666666666667,0.166666666666667
"N2","PASS",7,"o1_equal_mid",0.0833333333333333,0.166666666666667,0.99,0.75,"N2-POOLING","P",0.833333333333333,0.166666666666667,0.166666666666667
"N2","PASS",7,"o1_equal_mid",0.0833333333333333,0.166666666666667,0.99,0.95,"N2-POOLING","P",0.833333333333333,0.166666666666667,0.166666666666667
"N2","PASS",7,"o1_equal_mid",0.0833333333333333,0.166666666666667,0.99,0.9799999,"N2-POOLING","P",0.833333333333333,0.166666666666667,0.166666666666667
"N2","PASS",7,"o1_equal_mid",0.0833333333333333,0.166666666666667,0.99,0.97999999,"N2-POOLING","P",0.833333333333333,0.166666666666667,0.166666666666667
"N2","PASS",7,"o1_equal_mid",0.0833333333333333,0.166666666666667,0.99,0.979999999999,"N2-POOLING","P",0.833333333333333,0.166666666666667,0.166666666666667
"N2","PASS",7,"o1_equal_mid",0.0833333333333333,0.166666666666667,0.99,0.97999999999999,"N2-POOLING","P",0.833333333333333,0.166666666666667,0.166666666666667
"N2","PASS",7,"o1_equal_mid",0.0833333333333333,0.166666666666667,0.99,0.98,"N2-POOLING","P",0.833333333333333,0.166666666666667,0.166666666666667
"N2","PASS",7,"o1_equal_mid",0.0833333333333333,0.166666666666667,0.99,0.98000000000001,"N2-POOLING","P",0.833333333333333,0.166666666666667,0.166666666666667
"N2","PASS",7,"o1_equal_mid",0.0833333333333333,0.166666666666667,0.99,0.980000000001,"N2-POOLING","P",0.833333333333333,0.166666666666667,0.166666666666667
"N2","PASS",7,"o1_equal_mid",0.0833333333333333,0.166666666666667,0.99,0.98000001,"N2-POOLING","P",0.833333333333333,0.166666666666667,0.166666666666667
"N2","PASS",7,"o1_equal_mid",0.0833333333333333,0.166666666666667,0.99,0.9800001,"N2-POOLING","P",0.833333333333333,0.166666666666667,0.166666666666667
"N2","PASS",7,"o1_equal_mid",0.0833333333333333,0.166666666666667,0.99,0.99999999,"N2-POOLING","P",0.833333333333333,0.166666666666667,0.166666666666667
"N2","PASS",7,"o1_equal_mid",0.0833333333333333,0.166666666666667,0.99,0.999999999999,"N2-POOLING","P",0.833333333333333,0.166666666666667,0.166666666666667
"N2","PASS",7,"o1_equal_mid",0.0833333333333333,0.166666666666667,0.99,0.99999999999999,"N2-POOLING","P",0.833333333333333,0.166666666666667,0.166666666666667
"N2","PASS",7,"o1_equal_mid",0.0833333333333333,0.166666666666667,0.99,1,"N2-POOLING","P",0.833333333333333,0.166666666666667,0.166666666666667
"N2","PASS",7,"cross",0.0833333333333333,0.375,0.5,0,"N2-LOW-TYPE-ONLY","S",0.916666666666667,0.0833333333333333,0.375
"N2","PASS",7,"cross",0.0833333333333333,0.375,0.5,1e-14,"N2-LOW-TYPE-ONLY","S",0.916666666666658,0.0833333333333333,0.375
"N2","PASS",7,"cross",0.0833333333333333,0.375,0.5,1e-12,"N2-LOW-TYPE-ONLY","S",0.91666666666575,0.0833333333333333,0.375
"N2","PASS",7,"cross",0.0833333333333333,0.375,0.5,1e-08,"N2-LOW-TYPE-ONLY","S",0.9166666575,0.0833333333333333,0.375
"N2","PASS",7,"cross",0.0833333333333333,0.375,0.5,0.05,"N2-LOW-TYPE-ONLY","S",0.870833333333333,0.0833333333333333,0.375
"N2","PASS",7,"cross",0.0833333333333333,0.375,0.5,0.0588234294117647,"N2-LOW-TYPE-ONLY","S",0.862745189705882,0.0833333333333333,0.375
"N2","PASS",7,"cross",0.0833333333333333,0.375,0.5,0.0588235194117647,"N2-LOW-TYPE-ONLY","S",0.862745107205882,0.0833333333333333,0.375
"N2","PASS",7,"cross",0.0833333333333333,0.375,0.5,0.0588235294107647,"N2-LOW-TYPE-ONLY","S",0.862745098040132,0.0833333333333333,0.375
"N2","PASS",7,"cross",0.0833333333333333,0.375,0.5,0.0588235294117547,"N2-LOW-TYPE-ONLY","S",0.862745098039225,0.0833333333333333,0.375
"N2","PASS",7,"cross",0.0833333333333333,0.375,0.5,0.0588235294117647,"N2-LOW-TYPE-ONLY","S",0.862745098039216,0.0833333333333333,0.375
"N2","PASS",7,"cross",0.0833333333333333,0.375,0.5,0.0588235294117747,"N2-LOW-TYPE-ONLY","S",0.862745098039207,0.0833333333333333,0.375
"N2","PASS",7,"cross",0.0833333333333333,0.375,0.5,0.0588235294127647,"N2-LOW-TYPE-ONLY","S",0.862745098038299,0.0833333333333333,0.375
"N2","PASS",7,"cross",0.0833333333333333,0.375,0.5,0.0588235394117647,"N2-LOW-TYPE-ONLY","S",0.862745088872549,0.0833333333333333,0.375
"N2","PASS",7,"cross",0.0833333333333333,0.375,0.5,0.0588236294117647,"N2-LOW-TYPE-ONLY","S",0.862745006372549,0.0833333333333333,0.375
"N2","PASS",7,"cross",0.0833333333333333,0.375,0.5,0.25,"N2-LOW-TYPE-ONLY","S",0.6875,0.0833333333333333,0.375
"N2","PASS",7,"cross",0.0833333333333333,0.375,0.5,0.318181718181818,"N2-LOW-TYPE-ONLY","S",0.625000091666667,0.0833333333333333,0.375
"N2","PASS",7,"cross",0.0833333333333333,0.375,0.5,0.318181808181818,"N2-LOW-TYPE-ONLY","S",0.625000009166667,0.0833333333333333,0.375
"N2","PASS",7,"cross",0.0833333333333333,0.375,0.5,0.318181818180818,"N2-LOW-TYPE-ONLY","S",0.625000000000917,0.0833333333333333,0.375
"N2","PASS",7,"cross",0.0833333333333333,0.375,0.5,0.318181818181808,"N2-LOW-TYPE-ONLY","S",0.625000000000009,0.0833333333333333,0.375
"N2","PASS",7,"cross",0.0833333333333333,0.375,0.5,0.318181818181818,"N2-LOW-TYPE-ONLY","S",0.625,0.0833333333333333,0.375
"N2","PASS",7,"cross",0.0833333333333333,0.375,0.5,0.318181818181828,"N2-POOLING","P",0.625,0.375,0.375
"N2","PASS",7,"cross",0.0833333333333333,0.375,0.5,0.318181818182818,"N2-POOLING","P",0.625,0.375,0.375
"N2","PASS",7,"cross",0.0833333333333333,0.375,0.5,0.318181828181818,"N2-POOLING","P",0.625,0.375,0.375
"N2","PASS",7,"cross",0.0833333333333333,0.375,0.5,0.318181918181818,"N2-POOLING","P",0.625,0.375,0.375
"N2","PASS",7,"cross",0.0833333333333333,0.375,0.5,0.5,"N2-POOLING","P",0.625,0.375,0.375
"N2","PASS",7,"cross",0.0833333333333333,0.375,0.5,0.75,"N2-POOLING","P",0.625,0.375,0.375
"N2","PASS",7,"cross",0.0833333333333333,0.375,0.5,0.95,"N2-POOLING","P",0.625,0.375,0.375
"N2","PASS",7,"cross",0.0833333333333333,0.375,0.5,0.99999999,"N2-POOLING","P",0.625,0.375,0.375
"N2","PASS",7,"cross",0.0833333333333333,0.375,0.5,0.999999999999,"N2-POOLING","P",0.625,0.375,0.375
"N2","PASS",7,"cross",0.0833333333333333,0.375,0.5,0.99999999999999,"N2-POOLING","P",0.625,0.375,0.375
"N2","PASS",7,"cross",0.0833333333333333,0.375,0.5,1,"N2-POOLING","P",0.625,0.375,0.375
"N2","PASS",7,"cross",0.0833333333333333,0.375,0.9,0,"N2-LOW-TYPE-ONLY","S",0.916666666666667,0.0833333333333333,0.375
"N2","PASS",7,"cross",0.0833333333333333,0.375,0.9,1e-14,"N2-LOW-TYPE-ONLY","S",0.916666666666658,0.0833333333333333,0.375
"N2","PASS",7,"cross",0.0833333333333333,0.375,0.9,1e-12,"N2-LOW-TYPE-ONLY","S",0.91666666666575,0.0833333333333333,0.375
"N2","PASS",7,"cross",0.0833333333333333,0.375,0.9,1e-08,"N2-LOW-TYPE-ONLY","S",0.9166666575,0.0833333333333333,0.375
"N2","PASS",7,"cross",0.0833333333333333,0.375,0.9,0.05,"N2-LOW-TYPE-ONLY","S",0.870833333333333,0.0833333333333333,0.375
"N2","PASS",7,"cross",0.0833333333333333,0.375,0.9,0.157894636842105,"N2-LOW-TYPE-ONLY","S",0.77192991622807,0.0833333333333333,0.375
"N2","PASS",7,"cross",0.0833333333333333,0.375,0.9,0.157894726842105,"N2-LOW-TYPE-ONLY","S",0.77192983372807,0.0833333333333333,0.375
"N2","PASS",7,"cross",0.0833333333333333,0.375,0.9,0.157894736841105,"N2-LOW-TYPE-ONLY","S",0.77192982456232,0.0833333333333333,0.375
"N2","PASS",7,"cross",0.0833333333333333,0.375,0.9,0.157894736842095,"N2-LOW-TYPE-ONLY","S",0.771929824561413,0.0833333333333333,0.375
"N2","PASS",7,"cross",0.0833333333333333,0.375,0.9,0.157894736842105,"N2-LOW-TYPE-ONLY","S",0.771929824561403,0.0833333333333333,0.375
"N2","PASS",7,"cross",0.0833333333333333,0.375,0.9,0.157894736842115,"N2-LOW-TYPE-ONLY","S",0.771929824561394,0.0833333333333333,0.375
"N2","PASS",7,"cross",0.0833333333333333,0.375,0.9,0.157894736843105,"N2-LOW-TYPE-ONLY","S",0.771929824560487,0.0833333333333333,0.375
"N2","PASS",7,"cross",0.0833333333333333,0.375,0.9,0.157894746842105,"N2-LOW-TYPE-ONLY","S",0.771929815394737,0.0833333333333333,0.375
"N2","PASS",7,"cross",0.0833333333333333,0.375,0.9,0.157894836842105,"N2-LOW-TYPE-ONLY","S",0.771929732894737,0.0833333333333333,0.375
"N2","PASS",7,"cross",0.0833333333333333,0.375,0.9,0.25,"N2-LOW-TYPE-ONLY","S",0.6875,0.0833333333333333,0.375
"N2","PASS",7,"cross",0.0833333333333333,0.375,0.9,0.318181718181818,"N2-LOW-TYPE-ONLY","S",0.625000091666667,0.0833333333333333,0.375
"N2","PASS",7,"cross",0.0833333333333333,0.375,0.9,0.318181808181818,"N2-LOW-TYPE-ONLY","S",0.625000009166667,0.0833333333333333,0.375
"N2","PASS",7,"cross",0.0833333333333333,0.375,0.9,0.318181818180818,"N2-LOW-TYPE-ONLY","S",0.625000000000917,0.0833333333333333,0.375
"N2","PASS",7,"cross",0.0833333333333333,0.375,0.9,0.318181818181808,"N2-LOW-TYPE-ONLY","S",0.625000000000009,0.0833333333333333,0.375
"N2","PASS",7,"cross",0.0833333333333333,0.375,0.9,0.318181818181818,"N2-LOW-TYPE-ONLY","S",0.625,0.0833333333333333,0.375
"N2","PASS",7,"cross",0.0833333333333333,0.375,0.9,0.318181818181828,"N2-POOLING","P",0.625,0.375,0.375
"N2","PASS",7,"cross",0.0833333333333333,0.375,0.9,0.318181818182818,"N2-POOLING","P",0.625,0.375,0.375
"N2","PASS",7,"cross",0.0833333333333333,0.375,0.9,0.318181828181818,"N2-POOLING","P",0.625,0.375,0.375
"N2","PASS",7,"cross",0.0833333333333333,0.375,0.9,0.318181918181818,"N2-POOLING","P",0.625,0.375,0.375
"N2","PASS",7,"cross",0.0833333333333333,0.375,0.9,0.5,"N2-POOLING","P",0.625,0.375,0.375
"N2","PASS",7,"cross",0.0833333333333333,0.375,0.9,0.75,"N2-POOLING","P",0.625,0.375,0.375
"N2","PASS",7,"cross",0.0833333333333333,0.375,0.9,0.95,"N2-POOLING","P",0.625,0.375,0.375
"N2","PASS",7,"cross",0.0833333333333333,0.375,0.9,0.99999999,"N2-POOLING","P",0.625,0.375,0.375
"N2","PASS",7,"cross",0.0833333333333333,0.375,0.9,0.999999999999,"N2-POOLING","P",0.625,0.375,0.375
"N2","PASS",7,"cross",0.0833333333333333,0.375,0.9,0.99999999999999,"N2-POOLING","P",0.625,0.375,0.375
"N2","PASS",7,"cross",0.0833333333333333,0.375,0.9,1,"N2-POOLING","P",0.625,0.375,0.375
"N2","PASS",7,"cross",0.0833333333333333,0.375,0.99,0,"N2-LOW-TYPE-ONLY","S",0.916666666666667,0.0833333333333333,0.375
"N2","PASS",7,"cross",0.0833333333333333,0.375,0.99,1e-14,"N2-LOW-TYPE-ONLY","S",0.916666666666658,0.0833333333333333,0.375
"N2","PASS",7,"cross",0.0833333333333333,0.375,0.99,1e-12,"N2-LOW-TYPE-ONLY","S",0.91666666666575,0.0833333333333333,0.375
"N2","PASS",7,"cross",0.0833333333333333,0.375,0.99,1e-08,"N2-LOW-TYPE-ONLY","S",0.9166666575,0.0833333333333333,0.375
"N2","PASS",7,"cross",0.0833333333333333,0.375,0.99,0.05,"N2-LOW-TYPE-ONLY","S",0.870833333333333,0.0833333333333333,0.375
"N2","PASS",7,"cross",0.0833333333333333,0.375,0.99,0.195266172189349,"N2-LOW-TYPE-ONLY","S",0.737672675493097,0.0833333333333333,0.375
"N2","PASS",7,"cross",0.0833333333333333,0.375,0.99,0.195266262189349,"N2-LOW-TYPE-ONLY","S",0.737672592993097,0.0833333333333333,0.375
"N2","PASS",7,"cross",0.0833333333333333,0.375,0.99,0.195266272188349,"N2-LOW-TYPE-ONLY","S",0.737672583827347,0.0833333333333333,0.375
"N2","PASS",7,"cross",0.0833333333333333,0.375,0.99,0.195266272189339,"N2-LOW-TYPE-ONLY","S",0.737672583826439,0.0833333333333333,0.375
"N2","PASS",7,"cross",0.0833333333333333,0.375,0.99,0.195266272189349,"N2-LOW-TYPE-ONLY","S",0.73767258382643,0.0833333333333333,0.375
"N2","PASS",7,"cross",0.0833333333333333,0.375,0.99,0.195266272189359,"N2-LOW-TYPE-ONLY","S",0.737672583826421,0.0833333333333333,0.375
"N2","PASS",7,"cross",0.0833333333333333,0.375,0.99,0.195266272190349,"N2-LOW-TYPE-ONLY","S",0.737672583825513,0.0833333333333333,0.375
"N2","PASS",7,"cross",0.0833333333333333,0.375,0.99,0.195266282189349,"N2-LOW-TYPE-ONLY","S",0.737672574659763,0.0833333333333333,0.375
"N2","PASS",7,"cross",0.0833333333333333,0.375,0.99,0.195266372189349,"N2-LOW-TYPE-ONLY","S",0.737672492159763,0.0833333333333333,0.375
"N2","PASS",7,"cross",0.0833333333333333,0.375,0.99,0.25,"N2-LOW-TYPE-ONLY","S",0.6875,0.0833333333333333,0.375
"N2","PASS",7,"cross",0.0833333333333333,0.375,0.99,0.318181718181818,"N2-LOW-TYPE-ONLY","S",0.625000091666667,0.0833333333333333,0.375
"N2","PASS",7,"cross",0.0833333333333333,0.375,0.99,0.318181808181818,"N2-LOW-TYPE-ONLY","S",0.625000009166667,0.0833333333333333,0.375
"N2","PASS",7,"cross",0.0833333333333333,0.375,0.99,0.318181818180818,"N2-LOW-TYPE-ONLY","S",0.625000000000917,0.0833333333333333,0.375
"N2","PASS",7,"cross",0.0833333333333333,0.375,0.99,0.318181818181808,"N2-LOW-TYPE-ONLY","S",0.625000000000009,0.0833333333333333,0.375
"N2","PASS",7,"cross",0.0833333333333333,0.375,0.99,0.318181818181818,"N2-LOW-TYPE-ONLY","S",0.625,0.0833333333333333,0.375
"N2","PASS",7,"cross",0.0833333333333333,0.375,0.99,0.318181818181828,"N2-POOLING","P",0.625,0.375,0.375
"N2","PASS",7,"cross",0.0833333333333333,0.375,0.99,0.318181818182818,"N2-POOLING","P",0.625,0.375,0.375
"N2","PASS",7,"cross",0.0833333333333333,0.375,0.99,0.318181828181818,"N2-POOLING","P",0.625,0.375,0.375
"N2","PASS",7,"cross",0.0833333333333333,0.375,0.99,0.318181918181818,"N2-POOLING","P",0.625,0.375,0.375
"N2","PASS",7,"cross",0.0833333333333333,0.375,0.99,0.5,"N2-POOLING","P",0.625,0.375,0.375
"N2","PASS",7,"cross",0.0833333333333333,0.375,0.99,0.75,"N2-POOLING","P",0.625,0.375,0.375
"N2","PASS",7,"cross",0.0833333333333333,0.375,0.99,0.95,"N2-POOLING","P",0.625,0.375,0.375
"N2","PASS",7,"cross",0.0833333333333333,0.375,0.99,0.99999999,"N2-POOLING","P",0.625,0.375,0.375
"N2","PASS",7,"cross",0.0833333333333333,0.375,0.99,0.999999999999,"N2-POOLING","P",0.625,0.375,0.375
"N2","PASS",7,"cross",0.0833333333333333,0.375,0.99,0.99999999999999,"N2-POOLING","P",0.625,0.375,0.375
"N2","PASS",7,"cross",0.0833333333333333,0.375,0.99,1,"N2-POOLING","P",0.625,0.375,0.375
"N2","PASS",7,"o0_equal",0.166666666666667,0.375,0.5,0,"N2-LOW-TYPE-ONLY","S",0.833333333333333,0.166666666666667,0.375
"N2","PASS",7,"o0_equal",0.166666666666667,0.375,0.5,1e-14,"N2-LOW-TYPE-ONLY","S",0.833333333333325,0.166666666666667,0.375
"N2","PASS",7,"o0_equal",0.166666666666667,0.375,0.5,1e-12,"N2-LOW-TYPE-ONLY","S",0.8333333333325,0.166666666666667,0.375
"N2","PASS",7,"o0_equal",0.166666666666667,0.375,0.5,1e-08,"N2-LOW-TYPE-ONLY","S",0.833333325,0.166666666666667,0.375
"N2","PASS",7,"o0_equal",0.166666666666667,0.375,0.5,0.05,"N2-LOW-TYPE-ONLY","S",0.791666666666667,0.166666666666667,0.375
"N2","PASS",7,"o0_equal",0.166666666666667,0.375,0.5,0.2499999,"N2-LOW-TYPE-ONLY","S",0.625000083333333,0.166666666666667,0.375
"N2","PASS",7,"o0_equal",0.166666666666667,0.375,0.5,0.24999999,"N2-LOW-TYPE-ONLY","S",0.625000008333333,0.166666666666667,0.375
"N2","PASS",7,"o0_equal",0.166666666666667,0.375,0.5,0.249999999999,"N2-LOW-TYPE-ONLY","S",0.625000000000833,0.166666666666667,0.375
"N2","PASS",7,"o0_equal",0.166666666666667,0.375,0.5,0.24999999999999,"N2-LOW-TYPE-ONLY","S",0.625000000000008,0.166666666666667,0.375
"N2","PASS",7,"o0_equal",0.166666666666667,0.375,0.5,0.25,"N2-LOW-TYPE-ONLY","S",0.625,0.166666666666667,0.375
"N2","PASS",7,"o0_equal",0.166666666666667,0.375,0.5,0.25000000000001,"N2-POOLING","P",0.625,0.375,0.375
"N2","PASS",7,"o0_equal",0.166666666666667,0.375,0.5,0.250000000001,"N2-POOLING","P",0.625,0.375,0.375
"N2","PASS",7,"o0_equal",0.166666666666667,0.375,0.5,0.25000001,"N2-POOLING","P",0.625,0.375,0.375
"N2","PASS",7,"o0_equal",0.166666666666667,0.375,0.5,0.2500001,"N2-POOLING","P",0.625,0.375,0.375
"N2","PASS",7,"o0_equal",0.166666666666667,0.375,0.5,0.5,"N2-POOLING","P",0.625,0.375,0.375
"N2","PASS",7,"o0_equal",0.166666666666667,0.375,0.5,0.75,"N2-POOLING","P",0.625,0.375,0.375
"N2","PASS",7,"o0_equal",0.166666666666667,0.375,0.5,0.95,"N2-POOLING","P",0.625,0.375,0.375
"N2","PASS",7,"o0_equal",0.166666666666667,0.375,0.5,0.99999999,"N2-POOLING","P",0.625,0.375,0.375
"N2","PASS",7,"o0_equal",0.166666666666667,0.375,0.5,0.999999999999,"N2-POOLING","P",0.625,0.375,0.375
"N2","PASS",7,"o0_equal",0.166666666666667,0.375,0.5,0.99999999999999,"N2-POOLING","P",0.625,0.375,0.375
"N2","PASS",7,"o0_equal",0.166666666666667,0.375,0.5,1,"N2-POOLING","P",0.625,0.375,0.375
"N2","PASS",7,"o0_equal",0.166666666666667,0.375,0.9,0,"N2-LOW-TYPE-ONLY","S",0.833333333333333,0.166666666666667,0.375
"N2","PASS",7,"o0_equal",0.166666666666667,0.375,0.9,1e-14,"N2-LOW-TYPE-ONLY","S",0.833333333333325,0.166666666666667,0.375
"N2","PASS",7,"o0_equal",0.166666666666667,0.375,0.9,1e-12,"N2-LOW-TYPE-ONLY","S",0.8333333333325,0.166666666666667,0.375
"N2","PASS",7,"o0_equal",0.166666666666667,0.375,0.9,1e-08,"N2-LOW-TYPE-ONLY","S",0.833333325,0.166666666666667,0.375
"N2","PASS",7,"o0_equal",0.166666666666667,0.375,0.9,0.05,"N2-LOW-TYPE-ONLY","S",0.791666666666667,0.166666666666667,0.375
"N2","PASS",7,"o0_equal",0.166666666666667,0.375,0.9,0.2499999,"N2-LOW-TYPE-ONLY","S",0.625000083333333,0.166666666666667,0.375
"N2","PASS",7,"o0_equal",0.166666666666667,0.375,0.9,0.24999999,"N2-LOW-TYPE-ONLY","S",0.625000008333333,0.166666666666667,0.375
"N2","PASS",7,"o0_equal",0.166666666666667,0.375,0.9,0.249999999999,"N2-LOW-TYPE-ONLY","S",0.625000000000833,0.166666666666667,0.375
"N2","PASS",7,"o0_equal",0.166666666666667,0.375,0.9,0.24999999999999,"N2-LOW-TYPE-ONLY","S",0.625000000000008,0.166666666666667,0.375
"N2","PASS",7,"o0_equal",0.166666666666667,0.375,0.9,0.25,"N2-LOW-TYPE-ONLY","S",0.625,0.166666666666667,0.375
"N2","PASS",7,"o0_equal",0.166666666666667,0.375,0.9,0.25000000000001,"N2-POOLING","P",0.625,0.375,0.375
"N2","PASS",7,"o0_equal",0.166666666666667,0.375,0.9,0.250000000001,"N2-POOLING","P",0.625,0.375,0.375
"N2","PASS",7,"o0_equal",0.166666666666667,0.375,0.9,0.25000001,"N2-POOLING","P",0.625,0.375,0.375
"N2","PASS",7,"o0_equal",0.166666666666667,0.375,0.9,0.2500001,"N2-POOLING","P",0.625,0.375,0.375
"N2","PASS",7,"o0_equal",0.166666666666667,0.375,0.9,0.5,"N2-POOLING","P",0.625,0.375,0.375
"N2","PASS",7,"o0_equal",0.166666666666667,0.375,0.9,0.75,"N2-POOLING","P",0.625,0.375,0.375
"N2","PASS",7,"o0_equal",0.166666666666667,0.375,0.9,0.95,"N2-POOLING","P",0.625,0.375,0.375
"N2","PASS",7,"o0_equal",0.166666666666667,0.375,0.9,0.99999999,"N2-POOLING","P",0.625,0.375,0.375
"N2","PASS",7,"o0_equal",0.166666666666667,0.375,0.9,0.999999999999,"N2-POOLING","P",0.625,0.375,0.375
"N2","PASS",7,"o0_equal",0.166666666666667,0.375,0.9,0.99999999999999,"N2-POOLING","P",0.625,0.375,0.375
"N2","PASS",7,"o0_equal",0.166666666666667,0.375,0.9,1,"N2-POOLING","P",0.625,0.375,0.375
"N2","PASS",7,"o0_equal",0.166666666666667,0.375,0.99,0,"N2-LOW-TYPE-ONLY","S",0.833333333333333,0.166666666666667,0.375
"N2","PASS",7,"o0_equal",0.166666666666667,0.375,0.99,1e-14,"N2-LOW-TYPE-ONLY","S",0.833333333333325,0.166666666666667,0.375
"N2","PASS",7,"o0_equal",0.166666666666667,0.375,0.99,1e-12,"N2-LOW-TYPE-ONLY","S",0.8333333333325,0.166666666666667,0.375
"N2","PASS",7,"o0_equal",0.166666666666667,0.375,0.99,1e-08,"N2-LOW-TYPE-ONLY","S",0.833333325,0.166666666666667,0.375
"N2","PASS",7,"o0_equal",0.166666666666667,0.375,0.99,0.05,"N2-LOW-TYPE-ONLY","S",0.791666666666667,0.166666666666667,0.375
"N2","PASS",7,"o0_equal",0.166666666666667,0.375,0.99,0.2499999,"N2-LOW-TYPE-ONLY","S",0.625000083333333,0.166666666666667,0.375
"N2","PASS",7,"o0_equal",0.166666666666667,0.375,0.99,0.24999999,"N2-LOW-TYPE-ONLY","S",0.625000008333333,0.166666666666667,0.375
"N2","PASS",7,"o0_equal",0.166666666666667,0.375,0.99,0.249999999999,"N2-LOW-TYPE-ONLY","S",0.625000000000833,0.166666666666667,0.375
"N2","PASS",7,"o0_equal",0.166666666666667,0.375,0.99,0.24999999999999,"N2-LOW-TYPE-ONLY","S",0.625000000000008,0.166666666666667,0.375
"N2","PASS",7,"o0_equal",0.166666666666667,0.375,0.99,0.25,"N2-LOW-TYPE-ONLY","S",0.625,0.166666666666667,0.375
"N2","PASS",7,"o0_equal",0.166666666666667,0.375,0.99,0.25000000000001,"N2-POOLING","P",0.625,0.375,0.375
"N2","PASS",7,"o0_equal",0.166666666666667,0.375,0.99,0.250000000001,"N2-POOLING","P",0.625,0.375,0.375
"N2","PASS",7,"o0_equal",0.166666666666667,0.375,0.99,0.25000001,"N2-POOLING","P",0.625,0.375,0.375
"N2","PASS",7,"o0_equal",0.166666666666667,0.375,0.99,0.2500001,"N2-POOLING","P",0.625,0.375,0.375
"N2","PASS",7,"o0_equal",0.166666666666667,0.375,0.99,0.5,"N2-POOLING","P",0.625,0.375,0.375
"N2","PASS",7,"o0_equal",0.166666666666667,0.375,0.99,0.75,"N2-POOLING","P",0.625,0.375,0.375
"N2","PASS",7,"o0_equal",0.166666666666667,0.375,0.99,0.95,"N2-POOLING","P",0.625,0.375,0.375
"N2","PASS",7,"o0_equal",0.166666666666667,0.375,0.99,0.99999999,"N2-POOLING","P",0.625,0.375,0.375
"N2","PASS",7,"o0_equal",0.166666666666667,0.375,0.99,0.999999999999,"N2-POOLING","P",0.625,0.375,0.375
"N2","PASS",7,"o0_equal",0.166666666666667,0.375,0.99,0.99999999999999,"N2-POOLING","P",0.625,0.375,0.375
"N2","PASS",7,"o0_equal",0.166666666666667,0.375,0.99,1,"N2-POOLING","P",0.625,0.375,0.375
"N2","PASS",7,"above",0.333333333333333,0.541666666666667,0.5,0,"N2-LOW-TYPE-ONLY","S",0.666666666666667,0.333333333333333,0.541666666666667
"N2","PASS",7,"above",0.333333333333333,0.541666666666667,0.5,1e-14,"N2-LOW-TYPE-ONLY","S",0.66666666666666,0.333333333333333,0.541666666666667
"N2","PASS",7,"above",0.333333333333333,0.541666666666667,0.5,1e-12,"N2-LOW-TYPE-ONLY","S",0.666666666666,0.333333333333333,0.541666666666667
"N2","PASS",7,"above",0.333333333333333,0.541666666666667,0.5,1e-08,"N2-LOW-TYPE-ONLY","S",0.66666666,0.333333333333333,0.541666666666667
"N2","PASS",7,"above",0.333333333333333,0.541666666666667,0.5,0.05,"N2-LOW-TYPE-ONLY","S",0.633333333333333,0.333333333333333,0.541666666666667
"N2","PASS",7,"above",0.333333333333333,0.541666666666667,0.5,0.25,"N2-LOW-TYPE-ONLY","S",0.5,0.333333333333333,0.541666666666667
"N2","PASS",7,"above",0.333333333333333,0.541666666666667,0.5,0.3124999,"N2-LOW-TYPE-ONLY","S",0.4583334,0.333333333333333,0.541666666666667
"N2","PASS",7,"above",0.333333333333333,0.541666666666667,0.5,0.31249999,"N2-LOW-TYPE-ONLY","S",0.45833334,0.333333333333333,0.541666666666667
"N2","PASS",7,"above",0.333333333333333,0.541666666666667,0.5,0.312499999999,"N2-LOW-TYPE-ONLY","S",0.458333333334,0.333333333333333,0.541666666666667
"N2","PASS",7,"above",0.333333333333333,0.541666666666667,0.5,0.31249999999999,"N2-LOW-TYPE-ONLY","S",0.45833333333334,0.333333333333333,0.541666666666667
"N2","PASS",7,"above",0.333333333333333,0.541666666666667,0.5,0.3125,"N2-LOW-TYPE-ONLY","S",0.458333333333333,0.333333333333333,0.541666666666667
"N2","PASS",7,"above",0.333333333333333,0.541666666666667,0.5,0.31250000000001,"N2-POOLING","P",0.458333333333333,0.541666666666667,0.541666666666667
"N2","PASS",7,"above",0.333333333333333,0.541666666666667,0.5,0.312500000001,"N2-POOLING","P",0.458333333333333,0.541666666666667,0.541666666666667
"N2","PASS",7,"above",0.333333333333333,0.541666666666667,0.5,0.31250001,"N2-POOLING","P",0.458333333333333,0.541666666666667,0.541666666666667
"N2","PASS",7,"above",0.333333333333333,0.541666666666667,0.5,0.3125001,"N2-POOLING","P",0.458333333333333,0.541666666666667,0.541666666666667
"N2","PASS",7,"above",0.333333333333333,0.541666666666667,0.5,0.5,"N2-POOLING","P",0.458333333333333,0.541666666666667,0.541666666666667
"N2","PASS",7,"above",0.333333333333333,0.541666666666667,0.5,0.75,"N2-POOLING","P",0.458333333333333,0.541666666666667,0.541666666666667
"N2","PASS",7,"above",0.333333333333333,0.541666666666667,0.5,0.95,"N2-POOLING","P",0.458333333333333,0.541666666666667,0.541666666666667
"N2","PASS",7,"above",0.333333333333333,0.541666666666667,0.5,0.99999999,"N2-POOLING","P",0.458333333333333,0.541666666666667,0.541666666666667
"N2","PASS",7,"above",0.333333333333333,0.541666666666667,0.5,0.999999999999,"N2-POOLING","P",0.458333333333333,0.541666666666667,0.541666666666667
"N2","PASS",7,"above",0.333333333333333,0.541666666666667,0.5,0.99999999999999,"N2-POOLING","P",0.458333333333333,0.541666666666667,0.541666666666667
"N2","PASS",7,"above",0.333333333333333,0.541666666666667,0.5,1,"N2-POOLING","P",0.458333333333333,0.541666666666667,0.541666666666667
"N2","PASS",7,"above",0.333333333333333,0.541666666666667,0.9,0,"N2-LOW-TYPE-ONLY","S",0.666666666666667,0.333333333333333,0.541666666666667
"N2","PASS",7,"above",0.333333333333333,0.541666666666667,0.9,1e-14,"N2-LOW-TYPE-ONLY","S",0.66666666666666,0.333333333333333,0.541666666666667
"N2","PASS",7,"above",0.333333333333333,0.541666666666667,0.9,1e-12,"N2-LOW-TYPE-ONLY","S",0.666666666666,0.333333333333333,0.541666666666667
"N2","PASS",7,"above",0.333333333333333,0.541666666666667,0.9,1e-08,"N2-LOW-TYPE-ONLY","S",0.66666666,0.333333333333333,0.541666666666667
"N2","PASS",7,"above",0.333333333333333,0.541666666666667,0.9,0.05,"N2-LOW-TYPE-ONLY","S",0.633333333333333,0.333333333333333,0.541666666666667
"N2","PASS",7,"above",0.333333333333333,0.541666666666667,0.9,0.25,"N2-LOW-TYPE-ONLY","S",0.5,0.333333333333333,0.541666666666667
"N2","PASS",7,"above",0.333333333333333,0.541666666666667,0.9,0.3124999,"N2-LOW-TYPE-ONLY","S",0.4583334,0.333333333333333,0.541666666666667
"N2","PASS",7,"above",0.333333333333333,0.541666666666667,0.9,0.31249999,"N2-LOW-TYPE-ONLY","S",0.45833334,0.333333333333333,0.541666666666667
"N2","PASS",7,"above",0.333333333333333,0.541666666666667,0.9,0.312499999999,"N2-LOW-TYPE-ONLY","S",0.458333333334,0.333333333333333,0.541666666666667
"N2","PASS",7,"above",0.333333333333333,0.541666666666667,0.9,0.31249999999999,"N2-LOW-TYPE-ONLY","S",0.45833333333334,0.333333333333333,0.541666666666667
"N2","PASS",7,"above",0.333333333333333,0.541666666666667,0.9,0.3125,"N2-LOW-TYPE-ONLY","S",0.458333333333333,0.333333333333333,0.541666666666667
"N2","PASS",7,"above",0.333333333333333,0.541666666666667,0.9,0.31250000000001,"N2-POOLING","P",0.458333333333333,0.541666666666667,0.541666666666667
"N2","PASS",7,"above",0.333333333333333,0.541666666666667,0.9,0.312500000001,"N2-POOLING","P",0.458333333333333,0.541666666666667,0.541666666666667
"N2","PASS",7,"above",0.333333333333333,0.541666666666667,0.9,0.31250001,"N2-POOLING","P",0.458333333333333,0.541666666666667,0.541666666666667
"N2","PASS",7,"above",0.333333333333333,0.541666666666667,0.9,0.3125001,"N2-POOLING","P",0.458333333333333,0.541666666666667,0.541666666666667
"N2","PASS",7,"above",0.333333333333333,0.541666666666667,0.9,0.5,"N2-POOLING","P",0.458333333333333,0.541666666666667,0.541666666666667
"N2","PASS",7,"above",0.333333333333333,0.541666666666667,0.9,0.75,"N2-POOLING","P",0.458333333333333,0.541666666666667,0.541666666666667
"N2","PASS",7,"above",0.333333333333333,0.541666666666667,0.9,0.95,"N2-POOLING","P",0.458333333333333,0.541666666666667,0.541666666666667
"N2","PASS",7,"above",0.333333333333333,0.541666666666667,0.9,0.99999999,"N2-POOLING","P",0.458333333333333,0.541666666666667,0.541666666666667
"N2","PASS",7,"above",0.333333333333333,0.541666666666667,0.9,0.999999999999,"N2-POOLING","P",0.458333333333333,0.541666666666667,0.541666666666667
"N2","PASS",7,"above",0.333333333333333,0.541666666666667,0.9,0.99999999999999,"N2-POOLING","P",0.458333333333333,0.541666666666667,0.541666666666667
"N2","PASS",7,"above",0.333333333333333,0.541666666666667,0.9,1,"N2-POOLING","P",0.458333333333333,0.541666666666667,0.541666666666667
"N2","PASS",7,"above",0.333333333333333,0.541666666666667,0.99,0,"N2-LOW-TYPE-ONLY","S",0.666666666666667,0.333333333333333,0.541666666666667
"N2","PASS",7,"above",0.333333333333333,0.541666666666667,0.99,1e-14,"N2-LOW-TYPE-ONLY","S",0.66666666666666,0.333333333333333,0.541666666666667
"N2","PASS",7,"above",0.333333333333333,0.541666666666667,0.99,1e-12,"N2-LOW-TYPE-ONLY","S",0.666666666666,0.333333333333333,0.541666666666667
"N2","PASS",7,"above",0.333333333333333,0.541666666666667,0.99,1e-08,"N2-LOW-TYPE-ONLY","S",0.66666666,0.333333333333333,0.541666666666667
"N2","PASS",7,"above",0.333333333333333,0.541666666666667,0.99,0.05,"N2-LOW-TYPE-ONLY","S",0.633333333333333,0.333333333333333,0.541666666666667
"N2","PASS",7,"above",0.333333333333333,0.541666666666667,0.99,0.25,"N2-LOW-TYPE-ONLY","S",0.5,0.333333333333333,0.541666666666667
"N2","PASS",7,"above",0.333333333333333,0.541666666666667,0.99,0.3124999,"N2-LOW-TYPE-ONLY","S",0.4583334,0.333333333333333,0.541666666666667
"N2","PASS",7,"above",0.333333333333333,0.541666666666667,0.99,0.31249999,"N2-LOW-TYPE-ONLY","S",0.45833334,0.333333333333333,0.541666666666667
"N2","PASS",7,"above",0.333333333333333,0.541666666666667,0.99,0.312499999999,"N2-LOW-TYPE-ONLY","S",0.458333333334,0.333333333333333,0.541666666666667
"N2","PASS",7,"above",0.333333333333333,0.541666666666667,0.99,0.31249999999999,"N2-LOW-TYPE-ONLY","S",0.45833333333334,0.333333333333333,0.541666666666667
"N2","PASS",7,"above",0.333333333333333,0.541666666666667,0.99,0.3125,"N2-LOW-TYPE-ONLY","S",0.458333333333333,0.333333333333333,0.541666666666667
"N2","PASS",7,"above",0.333333333333333,0.541666666666667,0.99,0.31250000000001,"N2-POOLING","P",0.458333333333333,0.541666666666667,0.541666666666667
"N2","PASS",7,"above",0.333333333333333,0.541666666666667,0.99,0.312500000001,"N2-POOLING","P",0.458333333333333,0.541666666666667,0.541666666666667
"N2","PASS",7,"above",0.333333333333333,0.541666666666667,0.99,0.31250001,"N2-POOLING","P",0.458333333333333,0.541666666666667,0.541666666666667
"N2","PASS",7,"above",0.333333333333333,0.541666666666667,0.99,0.3125001,"N2-POOLING","P",0.458333333333333,0.541666666666667,0.541666666666667
"N2","PASS",7,"above",0.333333333333333,0.541666666666667,0.99,0.5,"N2-POOLING","P",0.458333333333333,0.541666666666667,0.541666666666667
"N2","PASS",7,"above",0.333333333333333,0.541666666666667,0.99,0.75,"N2-POOLING","P",0.458333333333333,0.541666666666667,0.541666666666667
"N2","PASS",7,"above",0.333333333333333,0.541666666666667,0.99,0.95,"N2-POOLING","P",0.458333333333333,0.541666666666667,0.541666666666667
"N2","PASS",7,"above",0.333333333333333,0.541666666666667,0.99,0.99999999,"N2-POOLING","P",0.458333333333333,0.541666666666667,0.541666666666667
"N2","PASS",7,"above",0.333333333333333,0.541666666666667,0.99,0.999999999999,"N2-POOLING","P",0.458333333333333,0.541666666666667,0.541666666666667
"N2","PASS",7,"above",0.333333333333333,0.541666666666667,0.99,0.99999999999999,"N2-POOLING","P",0.458333333333333,0.541666666666667,0.541666666666667
"N2","PASS",7,"above",0.333333333333333,0.541666666666667,0.99,1,"N2-POOLING","P",0.458333333333333,0.541666666666667,0.541666666666667
"N2","PASS",7,"wide_cross",0.0166666666666667,0.75,0.5,0,"N2-LOW-TYPE-ONLY","S",0.983333333333333,0.0166666666666667,0.75
"N2","PASS",7,"wide_cross",0.0166666666666667,0.75,0.5,1e-14,"N2-LOW-TYPE-ONLY","S",0.983333333333324,0.0166666666666667,0.75
"N2","PASS",7,"wide_cross",0.0166666666666667,0.75,0.5,1e-12,"N2-LOW-TYPE-ONLY","S",0.98333333333235,0.0166666666666667,0.75
"N2","PASS",7,"wide_cross",0.0166666666666667,0.75,0.5,1e-08,"N2-LOW-TYPE-ONLY","S",0.9833333235,0.0166666666666667,0.75
"N2","PASS",7,"wide_cross",0.0166666666666667,0.75,0.5,0.05,"N2-LOW-TYPE-ONLY","S",0.934166666666667,0.0166666666666667,0.75
"N2","PASS",7,"wide_cross",0.0166666666666667,0.75,0.5,0.101123495505618,"N2-LOW-TYPE-ONLY","S",0.883895229419476,0.0166666666666667,0.75
"N2","PASS",7,"wide_cross",0.0166666666666667,0.75,0.5,0.101123585505618,"N2-LOW-TYPE-ONLY","S",0.883895140919476,0.0166666666666667,0.75
"N2","PASS",7,"wide_cross",0.0166666666666667,0.75,0.5,0.101123595504618,"N2-LOW-TYPE-ONLY","S",0.883895131087126,0.0166666666666667,0.75
"N2","PASS",7,"wide_cross",0.0166666666666667,0.75,0.5,0.101123595505608,"N2-LOW-TYPE-ONLY","S",0.883895131086152,0.0166666666666667,0.75
"N2","PASS",7,"wide_cross",0.0166666666666667,0.75,0.5,0.101123595505618,"N2-LOW-TYPE-ONLY","S",0.883895131086142,0.0166666666666667,0.75
"N2","PASS",7,"wide_cross",0.0166666666666667,0.75,0.5,0.101123595505628,"N2-LOW-TYPE-ONLY","S",0.883895131086132,0.0166666666666667,0.75
"N2","PASS",7,"wide_cross",0.0166666666666667,0.75,0.5,0.101123595506618,"N2-LOW-TYPE-ONLY","S",0.883895131085159,0.0166666666666667,0.75
"N2","PASS",7,"wide_cross",0.0166666666666667,0.75,0.5,0.101123605505618,"N2-LOW-TYPE-ONLY","S",0.883895121252809,0.0166666666666667,0.75
"N2","PASS",7,"wide_cross",0.0166666666666667,0.75,0.5,0.101123695505618,"N2-LOW-TYPE-ONLY","S",0.883895032752809,0.0166666666666667,0.75
"N2","PASS",7,"wide_cross",0.0166666666666667,0.75,0.5,0.25,"N2-LOW-TYPE-ONLY","S",0.7375,0.0166666666666667,0.75
"N2","PASS",7,"wide_cross",0.0166666666666667,0.75,0.5,0.5,"N2-LOW-TYPE-ONLY","S",0.491666666666667,0.0166666666666667,0.75
"N2","PASS",7,"wide_cross",0.0166666666666667,0.75,0.5,0.745762611864407,"N2-LOW-TYPE-ONLY","S",0.250000098333333,0.0166666666666667,0.75
"N2","PASS",7,"wide_cross",0.0166666666666667,0.75,0.5,0.745762701864407,"N2-LOW-TYPE-ONLY","S",0.250000009833333,0.0166666666666667,0.75
"N2","PASS",7,"wide_cross",0.0166666666666667,0.75,0.5,0.745762711863407,"N2-LOW-TYPE-ONLY","S",0.250000000000983,0.0166666666666667,0.75
"N2","PASS",7,"wide_cross",0.0166666666666667,0.75,0.5,0.745762711864397,"N2-LOW-TYPE-ONLY","S",0.25000000000001,0.0166666666666667,0.75
"N2","PASS",7,"wide_cross",0.0166666666666667,0.75,0.5,0.745762711864407,"N2-LOW-TYPE-ONLY","S",0.25,0.0166666666666667,0.75
"N2","PASS",7,"wide_cross",0.0166666666666667,0.75,0.5,0.745762711864417,"N2-POOLING","P",0.25,0.75,0.75
"N2","PASS",7,"wide_cross",0.0166666666666667,0.75,0.5,0.745762711865407,"N2-POOLING","P",0.25,0.75,0.75
"N2","PASS",7,"wide_cross",0.0166666666666667,0.75,0.5,0.745762721864407,"N2-POOLING","P",0.25,0.75,0.75
"N2","PASS",7,"wide_cross",0.0166666666666667,0.75,0.5,0.745762811864407,"N2-POOLING","P",0.25,0.75,0.75
"N2","PASS",7,"wide_cross",0.0166666666666667,0.75,0.5,0.75,"N2-POOLING","P",0.25,0.75,0.75
"N2","PASS",7,"wide_cross",0.0166666666666667,0.75,0.5,0.95,"N2-POOLING","P",0.25,0.75,0.75
"N2","PASS",7,"wide_cross",0.0166666666666667,0.75,0.5,0.99999999,"N2-POOLING","P",0.25,0.75,0.75
"N2","PASS",7,"wide_cross",0.0166666666666667,0.75,0.5,0.999999999999,"N2-POOLING","P",0.25,0.75,0.75
"N2","PASS",7,"wide_cross",0.0166666666666667,0.75,0.5,0.99999999999999,"N2-POOLING","P",0.25,0.75,0.75
"N2","PASS",7,"wide_cross",0.0166666666666667,0.75,0.5,1,"N2-POOLING","P",0.25,0.75,0.75
"N2","PASS",7,"wide_cross",0.0166666666666667,0.75,0.9,0,"N2-LOW-TYPE-ONLY","S",0.983333333333333,0.0166666666666667,0.75
"N2","PASS",7,"wide_cross",0.0166666666666667,0.75,0.9,1e-14,"N2-LOW-TYPE-ONLY","S",0.983333333333324,0.0166666666666667,0.75
"N2","PASS",7,"wide_cross",0.0166666666666667,0.75,0.9,1e-12,"N2-LOW-TYPE-ONLY","S",0.98333333333235,0.0166666666666667,0.75
"N2","PASS",7,"wide_cross",0.0166666666666667,0.75,0.9,1e-08,"N2-LOW-TYPE-ONLY","S",0.9833333235,0.0166666666666667,0.75
"N2","PASS",7,"wide_cross",0.0166666666666667,0.75,0.9,0.05,"N2-LOW-TYPE-ONLY","S",0.934166666666667,0.0166666666666667,0.75
"N2","PASS",7,"wide_cross",0.0166666666666667,0.75,0.9,0.25,"N2-LOW-TYPE-ONLY","S",0.7375,0.0166666666666667,0.75
"N2","PASS",7,"wide_cross",0.0166666666666667,0.75,0.9,0.252336348598131,"N2-LOW-TYPE-ONLY","S",0.735202590545171,0.0166666666666667,0.75
"N2","PASS",7,"wide_cross",0.0166666666666667,0.75,0.9,0.252336438598131,"N2-LOW-TYPE-ONLY","S",0.735202502045171,0.0166666666666667,0.75
"N2","PASS",7,"wide_cross",0.0166666666666667,0.75,0.9,0.252336448597131,"N2-LOW-TYPE-ONLY","S",0.735202492212821,0.0166666666666667,0.75
"N2","PASS",7,"wide_cross",0.0166666666666667,0.75,0.9,0.252336448598121,"N2-LOW-TYPE-ONLY","S",0.735202492211848,0.0166666666666667,0.75
"N2","PASS",7,"wide_cross",0.0166666666666667,0.75,0.9,0.252336448598131,"N2-LOW-TYPE-ONLY","S",0.735202492211838,0.0166666666666667,0.75
"N2","PASS",7,"wide_cross",0.0166666666666667,0.75,0.9,0.252336448598141,"N2-LOW-TYPE-ONLY","S",0.735202492211828,0.0166666666666667,0.75
"N2","PASS",7,"wide_cross",0.0166666666666667,0.75,0.9,0.252336448599131,"N2-LOW-TYPE-ONLY","S",0.735202492210855,0.0166666666666667,0.75
"N2","PASS",7,"wide_cross",0.0166666666666667,0.75,0.9,0.252336458598131,"N2-LOW-TYPE-ONLY","S",0.735202482378505,0.0166666666666667,0.75
"N2","PASS",7,"wide_cross",0.0166666666666667,0.75,0.9,0.252336548598131,"N2-LOW-TYPE-ONLY","S",0.735202393878505,0.0166666666666667,0.75
"N2","PASS",7,"wide_cross",0.0166666666666667,0.75,0.9,0.5,"N2-LOW-TYPE-ONLY","S",0.491666666666667,0.0166666666666667,0.75
"N2","PASS",7,"wide_cross",0.0166666666666667,0.75,0.9,0.745762611864407,"N2-LOW-TYPE-ONLY","S",0.250000098333333,0.0166666666666667,0.75
"N2","PASS",7,"wide_cross",0.0166666666666667,0.75,0.9,0.745762701864407,"N2-LOW-TYPE-ONLY","S",0.250000009833333,0.0166666666666667,0.75
"N2","PASS",7,"wide_cross",0.0166666666666667,0.75,0.9,0.745762711863407,"N2-LOW-TYPE-ONLY","S",0.250000000000983,0.0166666666666667,0.75
"N2","PASS",7,"wide_cross",0.0166666666666667,0.75,0.9,0.745762711864397,"N2-LOW-TYPE-ONLY","S",0.25000000000001,0.0166666666666667,0.75
"N2","PASS",7,"wide_cross",0.0166666666666667,0.75,0.9,0.745762711864407,"N2-LOW-TYPE-ONLY","S",0.25,0.0166666666666667,0.75
"N2","PASS",7,"wide_cross",0.0166666666666667,0.75,0.9,0.745762711864417,"N2-POOLING","P",0.25,0.75,0.75
"N2","PASS",7,"wide_cross",0.0166666666666667,0.75,0.9,0.745762711865407,"N2-POOLING","P",0.25,0.75,0.75
"N2","PASS",7,"wide_cross",0.0166666666666667,0.75,0.9,0.745762721864407,"N2-POOLING","P",0.25,0.75,0.75
"N2","PASS",7,"wide_cross",0.0166666666666667,0.75,0.9,0.745762811864407,"N2-POOLING","P",0.25,0.75,0.75
"N2","PASS",7,"wide_cross",0.0166666666666667,0.75,0.9,0.75,"N2-POOLING","P",0.25,0.75,0.75
"N2","PASS",7,"wide_cross",0.0166666666666667,0.75,0.9,0.95,"N2-POOLING","P",0.25,0.75,0.75
"N2","PASS",7,"wide_cross",0.0166666666666667,0.75,0.9,0.99999999,"N2-POOLING","P",0.25,0.75,0.75
"N2","PASS",7,"wide_cross",0.0166666666666667,0.75,0.9,0.999999999999,"N2-POOLING","P",0.25,0.75,0.75
"N2","PASS",7,"wide_cross",0.0166666666666667,0.75,0.9,0.99999999999999,"N2-POOLING","P",0.25,0.75,0.75
"N2","PASS",7,"wide_cross",0.0166666666666667,0.75,0.9,1,"N2-POOLING","P",0.25,0.75,0.75
"N2","PASS",7,"wide_cross",0.0166666666666667,0.75,0.99,0,"N2-LOW-TYPE-ONLY","S",0.983333333333333,0.0166666666666667,0.75
"N2","PASS",7,"wide_cross",0.0166666666666667,0.75,0.99,1e-14,"N2-LOW-TYPE-ONLY","S",0.983333333333324,0.0166666666666667,0.75
"N2","PASS",7,"wide_cross",0.0166666666666667,0.75,0.99,1e-12,"N2-LOW-TYPE-ONLY","S",0.98333333333235,0.0166666666666667,0.75
"N2","PASS",7,"wide_cross",0.0166666666666667,0.75,0.99,1e-08,"N2-LOW-TYPE-ONLY","S",0.9833333235,0.0166666666666667,0.75
"N2","PASS",7,"wide_cross",0.0166666666666667,0.75,0.99,0.05,"N2-LOW-TYPE-ONLY","S",0.934166666666667,0.0166666666666667,0.75
"N2","PASS",7,"wide_cross",0.0166666666666667,0.75,0.99,0.25,"N2-LOW-TYPE-ONLY","S",0.7375,0.0166666666666667,0.75
"N2","PASS",7,"wide_cross",0.0166666666666667,0.75,0.99,0.303991711668373,"N2-LOW-TYPE-ONLY","S",0.684408150192767,0.0166666666666667,0.75
"N2","PASS",7,"wide_cross",0.0166666666666667,0.75,0.99,0.303991801668373,"N2-LOW-TYPE-ONLY","S",0.684408061692767,0.0166666666666667,0.75
"N2","PASS",7,"wide_cross",0.0166666666666667,0.75,0.99,0.303991811667373,"N2-LOW-TYPE-ONLY","S",0.684408051860417,0.0166666666666667,0.75
"N2","PASS",7,"wide_cross",0.0166666666666667,0.75,0.99,0.303991811668363,"N2-LOW-TYPE-ONLY","S",0.684408051859443,0.0166666666666667,0.75
"N2","PASS",7,"wide_cross",0.0166666666666667,0.75,0.99,0.303991811668373,"N2-LOW-TYPE-ONLY","S",0.684408051859434,0.0166666666666667,0.75
"N2","PASS",7,"wide_cross",0.0166666666666667,0.75,0.99,0.303991811668383,"N2-LOW-TYPE-ONLY","S",0.684408051859424,0.0166666666666667,0.75
"N2","PASS",7,"wide_cross",0.0166666666666667,0.75,0.99,0.303991811669373,"N2-LOW-TYPE-ONLY","S",0.68440805185845,0.0166666666666667,0.75
"N2","PASS",7,"wide_cross",0.0166666666666667,0.75,0.99,0.303991821668373,"N2-LOW-TYPE-ONLY","S",0.6844080420261,0.0166666666666667,0.75
"N2","PASS",7,"wide_cross",0.0166666666666667,0.75,0.99,0.303991911668373,"N2-LOW-TYPE-ONLY","S",0.6844079535261,0.0166666666666667,0.75
"N2","PASS",7,"wide_cross",0.0166666666666667,0.75,0.99,0.5,"N2-LOW-TYPE-ONLY","S",0.491666666666667,0.0166666666666667,0.75
"N2","PASS",7,"wide_cross",0.0166666666666667,0.75,0.99,0.745762611864407,"N2-LOW-TYPE-ONLY","S",0.250000098333333,0.0166666666666667,0.75
"N2","PASS",7,"wide_cross",0.0166666666666667,0.75,0.99,0.745762701864407,"N2-LOW-TYPE-ONLY","S",0.250000009833333,0.0166666666666667,0.75
"N2","PASS",7,"wide_cross",0.0166666666666667,0.75,0.99,0.745762711863407,"N2-LOW-TYPE-ONLY","S",0.250000000000983,0.0166666666666667,0.75
"N2","PASS",7,"wide_cross",0.0166666666666667,0.75,0.99,0.745762711864397,"N2-LOW-TYPE-ONLY","S",0.25000000000001,0.0166666666666667,0.75
"N2","PASS",7,"wide_cross",0.0166666666666667,0.75,0.99,0.745762711864407,"N2-LOW-TYPE-ONLY","S",0.25,0.0166666666666667,0.75
"N2","PASS",7,"wide_cross",0.0166666666666667,0.75,0.99,0.745762711864417,"N2-POOLING","P",0.25,0.75,0.75
"N2","PASS",7,"wide_cross",0.0166666666666667,0.75,0.99,0.745762711865407,"N2-POOLING","P",0.25,0.75,0.75
"N2","PASS",7,"wide_cross",0.0166666666666667,0.75,0.99,0.745762721864407,"N2-POOLING","P",0.25,0.75,0.75
"N2","PASS",7,"wide_cross",0.0166666666666667,0.75,0.99,0.745762811864407,"N2-POOLING","P",0.25,0.75,0.75
"N2","PASS",7,"wide_cross",0.0166666666666667,0.75,0.99,0.75,"N2-POOLING","P",0.25,0.75,0.75
"N2","PASS",7,"wide_cross",0.0166666666666667,0.75,0.99,0.95,"N2-POOLING","P",0.25,0.75,0.75
"N2","PASS",7,"wide_cross",0.0166666666666667,0.75,0.99,0.99999999,"N2-POOLING","P",0.25,0.75,0.75
"N2","PASS",7,"wide_cross",0.0166666666666667,0.75,0.99,0.999999999999,"N2-POOLING","P",0.25,0.75,0.75
"N2","PASS",7,"wide_cross",0.0166666666666667,0.75,0.99,0.99999999999999,"N2-POOLING","P",0.25,0.75,0.75
"N2","PASS",7,"wide_cross",0.0166666666666667,0.75,0.99,1,"N2-POOLING","P",0.25,0.75,0.75
"N2","PASS",7,"o1_below_tiny",0.0833333333333333,0.166666666665667,0.5,0,"N2-LOW-TYPE-ONLY","S",0.916666666666667,0.0833333333333333,0.166666666665667
"N2","PASS",7,"o1_below_tiny",0.0833333333333333,0.166666666665667,0.5,1e-14,"N2-LOW-TYPE-ONLY","S",0.916666666666658,0.0833333333333333,0.166666666665667
"N2","PASS",7,"o1_below_tiny",0.0833333333333333,0.166666666665667,0.5,1e-12,"N2-LOW-TYPE-ONLY","S",0.91666666666575,0.0833333333333333,0.166666666665667
"N2","PASS",7,"o1_below_tiny",0.0833333333333333,0.166666666665667,0.5,1e-08,"N2-LOW-TYPE-ONLY","S",0.9166666575,0.0833333333333333,0.166666666665667
"N2","PASS",7,"o1_below_tiny",0.0833333333333333,0.166666666665667,0.5,0.05,"N2-LOW-TYPE-ONLY","S",0.870833333333333,0.0833333333333333,0.166666666665667
"N2","PASS",7,"o1_below_tiny",0.0833333333333333,0.166666666665667,0.5,0.0588234294110588,"N2-LOW-TYPE-ONLY","S",0.86274518970653,0.0833333333333333,0.166666666665667
"N2","PASS",7,"o1_below_tiny",0.0833333333333333,0.166666666665667,0.5,0.0588234294117647,"N2-LOW-TYPE-ONLY","S",0.862745189705882,0.0833333333333333,0.166666666665667
"N2","PASS",7,"o1_below_tiny",0.0833333333333333,0.166666666665667,0.5,0.0588235194110588,"N2-LOW-TYPE-ONLY","S",0.862745107206529,0.0833333333333333,0.166666666665667
"N2","PASS",7,"o1_below_tiny",0.0833333333333333,0.166666666665667,0.5,0.0588235194117647,"N2-LOW-TYPE-ONLY","S",0.862745107205882,0.0833333333333333,0.166666666665667
"N2","PASS",7,"o1_below_tiny",0.0833333333333333,0.166666666665667,0.5,0.0588235294100588,"N2-LOW-TYPE-ONLY","S",0.862745098040779,0.0833333333333333,0.166666666665667
"N2","PASS",7,"o1_below_tiny",0.0833333333333333,0.166666666665667,0.5,0.0588235294107647,"N2-LOW-TYPE-ONLY","S",0.862745098040132,0.0833333333333333,0.166666666665667
"N2","PASS",7,"o1_below_tiny",0.0833333333333333,0.166666666665667,0.5,0.0588235294110488,"N2-LOW-TYPE-ONLY","S",0.862745098039872,0.0833333333333333,0.166666666665667
"N2","PASS",7,"o1_below_tiny",0.0833333333333333,0.166666666665667,0.5,0.0588235294110588,"N2-LOW-TYPE-ONLY","S",0.862745098039863,0.0833333333333333,0.166666666665667
"N2","PASS",7,"o1_below_tiny",0.0833333333333333,0.166666666665667,0.5,0.0588235294110688,"N2-LOW-TYPE-ONLY","S",0.862745098039854,0.0833333333333333,0.166666666665667
"N2","PASS",7,"o1_below_tiny",0.0833333333333333,0.166666666665667,0.5,0.0588235294117547,"N2-LOW-TYPE-ONLY","S",0.862745098039225,0.0833333333333333,0.166666666665667
"N2","PASS",7,"o1_below_tiny",0.0833333333333333,0.166666666665667,0.5,0.0588235294117647,"N2-LOW-TYPE-ONLY","S",0.862745098039216,0.0833333333333333,0.166666666665667
"N2","PASS",7,"o1_below_tiny",0.0833333333333333,0.166666666665667,0.5,0.0588235294117747,"N2-LOW-TYPE-ONLY","S",0.862745098039207,0.0833333333333333,0.166666666665667
"N2","PASS",7,"o1_below_tiny",0.0833333333333333,0.166666666665667,0.5,0.0588235294120588,"N2-LOW-TYPE-ONLY","S",0.862745098038946,0.0833333333333333,0.166666666665667
"N2","PASS",7,"o1_below_tiny",0.0833333333333333,0.166666666665667,0.5,0.0588235294127647,"N2-LOW-TYPE-ONLY","S",0.862745098038299,0.0833333333333333,0.166666666665667
"N2","PASS",7,"o1_below_tiny",0.0833333333333333,0.166666666665667,0.5,0.0588235394110588,"N2-LOW-TYPE-ONLY","S",0.862745088873196,0.0833333333333333,0.166666666665667
"N2","PASS",7,"o1_below_tiny",0.0833333333333333,0.166666666665667,0.5,0.0588235394117647,"N2-LOW-TYPE-ONLY","S",0.862745088872549,0.0833333333333333,0.166666666665667
"N2","PASS",7,"o1_below_tiny",0.0833333333333333,0.166666666665667,0.5,0.0588236294110588,"N2-LOW-TYPE-ONLY","S",0.862745006373196,0.0833333333333333,0.166666666665667
"N2","PASS",7,"o1_below_tiny",0.0833333333333333,0.166666666665667,0.5,0.0588236294117647,"N2-LOW-TYPE-ONLY","S",0.862745006372549,0.0833333333333333,0.166666666665667
"N2","PASS",7,"o1_below_tiny",0.0833333333333333,0.166666666665667,0.5,0.090908990908,"N2-LOW-TYPE-ONLY","S",0.833333425001,0.0833333333333333,0.166666666665667
"N2","PASS",7,"o1_below_tiny",0.0833333333333333,0.166666666665667,0.5,0.090909080908,"N2-LOW-TYPE-ONLY","S",0.833333342501,0.0833333333333333,0.166666666665667
"N2","PASS",7,"o1_below_tiny",0.0833333333333333,0.166666666665667,0.5,0.090909090907,"N2-LOW-TYPE-ONLY","S",0.83333333333525,0.0833333333333333,0.166666666665667
"N2","PASS",7,"o1_below_tiny",0.0833333333333333,0.166666666665667,0.5,0.09090909090799,"N2-LOW-TYPE-ONLY","S",0.833333333334343,0.0833333333333333,0.166666666665667
"N2","PASS",7,"o1_below_tiny",0.0833333333333333,0.166666666665667,0.5,0.090909090908,"N2-LOW-TYPE-ONLY","S",0.833333333334333,0.0833333333333333,0.166666666665667
"N2","PASS",7,"o1_below_tiny",0.0833333333333333,0.166666666665667,0.5,0.09090909090801,"N2-POOLING","P",0.833333333334333,0.166666666665667,0.166666666665667
"N2","PASS",7,"o1_below_tiny",0.0833333333333333,0.166666666665667,0.5,0.090909090909,"N2-POOLING","P",0.833333333334333,0.166666666665667,0.166666666665667
"N2","PASS",7,"o1_below_tiny",0.0833333333333333,0.166666666665667,0.5,0.090909100908,"N2-POOLING","P",0.833333333334333,0.166666666665667,0.166666666665667
"N2","PASS",7,"o1_below_tiny",0.0833333333333333,0.166666666665667,0.5,0.090909190908,"N2-POOLING","P",0.833333333334333,0.166666666665667,0.166666666665667
"N2","PASS",7,"o1_below_tiny",0.0833333333333333,0.166666666665667,0.5,0.25,"N2-POOLING","P",0.833333333334333,0.166666666665667,0.166666666665667
"N2","PASS",7,"o1_below_tiny",0.0833333333333333,0.166666666665667,0.5,0.5,"N2-POOLING","P",0.833333333334333,0.166666666665667,0.166666666665667
"N2","PASS",7,"o1_below_tiny",0.0833333333333333,0.166666666665667,0.5,0.75,"N2-POOLING","P",0.833333333334333,0.166666666665667,0.166666666665667
"N2","PASS",7,"o1_below_tiny",0.0833333333333333,0.166666666665667,0.5,0.95,"N2-POOLING","P",0.833333333334333,0.166666666665667,0.166666666665667
"N2","PASS",7,"o1_below_tiny",0.0833333333333333,0.166666666665667,0.5,0.99999999,"N2-POOLING","P",0.833333333334333,0.166666666665667,0.166666666665667
"N2","PASS",7,"o1_below_tiny",0.0833333333333333,0.166666666665667,0.5,0.999999999999,"N2-POOLING","P",0.833333333334333,0.166666666665667,0.166666666665667
"N2","PASS",7,"o1_below_tiny",0.0833333333333333,0.166666666665667,0.5,0.99999999999999,"N2-POOLING","P",0.833333333334333,0.166666666665667,0.166666666665667
"N2","PASS",7,"o1_below_tiny",0.0833333333333333,0.166666666665667,0.5,1,"N2-POOLING","P",0.833333333334333,0.166666666665667,0.166666666665667
"N2","PASS",7,"o1_below_tiny",0.0833333333333333,0.166666666665667,0.9,0,"N2-LOW-TYPE-ONLY","S",0.916666666666667,0.0833333333333333,0.166666666665667
"N2","PASS",7,"o1_below_tiny",0.0833333333333333,0.166666666665667,0.9,1e-14,"N2-LOW-TYPE-ONLY","S",0.916666666666658,0.0833333333333333,0.166666666665667
"N2","PASS",7,"o1_below_tiny",0.0833333333333333,0.166666666665667,0.9,1e-12,"N2-LOW-TYPE-ONLY","S",0.91666666666575,0.0833333333333333,0.166666666665667
"N2","PASS",7,"o1_below_tiny",0.0833333333333333,0.166666666665667,0.9,1e-08,"N2-LOW-TYPE-ONLY","S",0.9166666575,0.0833333333333333,0.166666666665667
"N2","PASS",7,"o1_below_tiny",0.0833333333333333,0.166666666665667,0.9,0.05,"N2-LOW-TYPE-ONLY","S",0.870833333333333,0.0833333333333333,0.166666666665667
"N2","PASS",7,"o1_below_tiny",0.0833333333333333,0.166666666665667,0.9,0.090908990908,"N2-LOW-TYPE-ONLY","S",0.833333425001,0.0833333333333333,0.166666666665667
"N2","PASS",7,"o1_below_tiny",0.0833333333333333,0.166666666665667,0.9,0.090909080908,"N2-LOW-TYPE-ONLY","S",0.833333342501,0.0833333333333333,0.166666666665667
"N2","PASS",7,"o1_below_tiny",0.0833333333333333,0.166666666665667,0.9,0.090909090907,"N2-LOW-TYPE-ONLY","S",0.83333333333525,0.0833333333333333,0.166666666665667
"N2","PASS",7,"o1_below_tiny",0.0833333333333333,0.166666666665667,0.9,0.09090909090799,"N2-LOW-TYPE-ONLY","S",0.833333333334343,0.0833333333333333,0.166666666665667
"N2","PASS",7,"o1_below_tiny",0.0833333333333333,0.166666666665667,0.9,0.090909090908,"N2-LOW-TYPE-ONLY","S",0.833333333334333,0.0833333333333333,0.166666666665667
"N2","PASS",7,"o1_below_tiny",0.0833333333333333,0.166666666665667,0.9,0.09090909090801,"N2-POOLING","P",0.833333333334333,0.166666666665667,0.166666666665667
"N2","PASS",7,"o1_below_tiny",0.0833333333333333,0.166666666665667,0.9,0.090909090909,"N2-POOLING","P",0.833333333334333,0.166666666665667,0.166666666665667
"N2","PASS",7,"o1_below_tiny",0.0833333333333333,0.166666666665667,0.9,0.090909100908,"N2-POOLING","P",0.833333333334333,0.166666666665667,0.166666666665667
"N2","PASS",7,"o1_below_tiny",0.0833333333333333,0.166666666665667,0.9,0.090909190908,"N2-POOLING","P",0.833333333334333,0.166666666665667,0.166666666665667
"N2","PASS",7,"o1_below_tiny",0.0833333333333333,0.166666666665667,0.9,0.15789463684021,"N2-POOLING","P",0.833333333334333,0.166666666665667,0.166666666665667
"N2","PASS",7,"o1_below_tiny",0.0833333333333333,0.166666666665667,0.9,0.157894636842105,"N2-POOLING","P",0.833333333334333,0.166666666665667,0.166666666665667
"N2","PASS",7,"o1_below_tiny",0.0833333333333333,0.166666666665667,0.9,0.15789472684021,"N2-POOLING","P",0.833333333334333,0.166666666665667,0.166666666665667
"N2","PASS",7,"o1_below_tiny",0.0833333333333333,0.166666666665667,0.9,0.157894726842105,"N2-POOLING","P",0.833333333334333,0.166666666665667,0.166666666665667
"N2","PASS",7,"o1_below_tiny",0.0833333333333333,0.166666666665667,0.9,0.15789473683921,"N2-POOLING","P",0.833333333334333,0.166666666665667,0.166666666665667
"N2","PASS",7,"o1_below_tiny",0.0833333333333333,0.166666666665667,0.9,0.1578947368402,"N2-POOLING","P",0.833333333334333,0.166666666665667,0.166666666665667
"N2","PASS",7,"o1_below_tiny",0.0833333333333333,0.166666666665667,0.9,0.15789473684021,"N2-POOLING","P",0.833333333334333,0.166666666665667,0.166666666665667
"N2","PASS",7,"o1_below_tiny",0.0833333333333333,0.166666666665667,0.9,0.15789473684022,"N2-POOLING","P",0.833333333334333,0.166666666665667,0.166666666665667
"N2","PASS",7,"o1_below_tiny",0.0833333333333333,0.166666666665667,0.9,0.157894736841105,"N2-POOLING","P",0.833333333334333,0.166666666665667,0.166666666665667
"N2","PASS",7,"o1_below_tiny",0.0833333333333333,0.166666666665667,0.9,0.15789473684121,"N2-POOLING","P",0.833333333334333,0.166666666665667,0.166666666665667
"N2","PASS",7,"o1_below_tiny",0.0833333333333333,0.166666666665667,0.9,0.157894736842095,"N2-POOLING","P",0.833333333334333,0.166666666665667,0.166666666665667
"N2","PASS",7,"o1_below_tiny",0.0833333333333333,0.166666666665667,0.9,0.157894736842105,"N2-POOLING","P",0.833333333334333,0.166666666665667,0.166666666665667
"N2","PASS",7,"o1_below_tiny",0.0833333333333333,0.166666666665667,0.9,0.157894736842115,"N2-POOLING","P",0.833333333334333,0.166666666665667,0.166666666665667
"N2","PASS",7,"o1_below_tiny",0.0833333333333333,0.166666666665667,0.9,0.157894736843105,"N2-POOLING","P",0.833333333334333,0.166666666665667,0.166666666665667
"N2","PASS",7,"o1_below_tiny",0.0833333333333333,0.166666666665667,0.9,0.15789474684021,"N2-POOLING","P",0.833333333334333,0.166666666665667,0.166666666665667
"N2","PASS",7,"o1_below_tiny",0.0833333333333333,0.166666666665667,0.9,0.157894746842105,"N2-POOLING","P",0.833333333334333,0.166666666665667,0.166666666665667
"N2","PASS",7,"o1_below_tiny",0.0833333333333333,0.166666666665667,0.9,0.15789483684021,"N2-POOLING","P",0.833333333334333,0.166666666665667,0.166666666665667
"N2","PASS",7,"o1_below_tiny",0.0833333333333333,0.166666666665667,0.9,0.157894836842105,"N2-POOLING","P",0.833333333334333,0.166666666665667,0.166666666665667
"N2","PASS",7,"o1_below_tiny",0.0833333333333333,0.166666666665667,0.9,0.25,"N2-POOLING","P",0.833333333334333,0.166666666665667,0.166666666665667
"N2","PASS",7,"o1_below_tiny",0.0833333333333333,0.166666666665667,0.9,0.5,"N2-POOLING","P",0.833333333334333,0.166666666665667,0.166666666665667
"N2","PASS",7,"o1_below_tiny",0.0833333333333333,0.166666666665667,0.9,0.75,"N2-POOLING","P",0.833333333334333,0.166666666665667,0.166666666665667
"N2","PASS",7,"o1_below_tiny",0.0833333333333333,0.166666666665667,0.9,0.95,"N2-POOLING","P",0.833333333334333,0.166666666665667,0.166666666665667
"N2","PASS",7,"o1_below_tiny",0.0833333333333333,0.166666666665667,0.9,0.99999999,"N2-POOLING","P",0.833333333334333,0.166666666665667,0.166666666665667
"N2","PASS",7,"o1_below_tiny",0.0833333333333333,0.166666666665667,0.9,0.999999999999,"N2-POOLING","P",0.833333333334333,0.166666666665667,0.166666666665667
"N2","PASS",7,"o1_below_tiny",0.0833333333333333,0.166666666665667,0.9,0.99999999999999,"N2-POOLING","P",0.833333333334333,0.166666666665667,0.166666666665667
"N2","PASS",7,"o1_below_tiny",0.0833333333333333,0.166666666665667,0.9,1,"N2-POOLING","P",0.833333333334333,0.166666666665667,0.166666666665667
"N2","PASS",7,"o1_below_tiny",0.0833333333333333,0.166666666665667,0.99,0,"N2-LOW-TYPE-ONLY","S",0.916666666666667,0.0833333333333333,0.166666666665667
"N2","PASS",7,"o1_below_tiny",0.0833333333333333,0.166666666665667,0.99,1e-14,"N2-LOW-TYPE-ONLY","S",0.916666666666658,0.0833333333333333,0.166666666665667
"N2","PASS",7,"o1_below_tiny",0.0833333333333333,0.166666666665667,0.99,1e-12,"N2-LOW-TYPE-ONLY","S",0.91666666666575,0.0833333333333333,0.166666666665667
"N2","PASS",7,"o1_below_tiny",0.0833333333333333,0.166666666665667,0.99,1e-08,"N2-LOW-TYPE-ONLY","S",0.9166666575,0.0833333333333333,0.166666666665667
"N2","PASS",7,"o1_below_tiny",0.0833333333333333,0.166666666665667,0.99,0.05,"N2-LOW-TYPE-ONLY","S",0.870833333333333,0.0833333333333333,0.166666666665667
"N2","PASS",7,"o1_below_tiny",0.0833333333333333,0.166666666665667,0.99,0.090908990908,"N2-LOW-TYPE-ONLY","S",0.833333425001,0.0833333333333333,0.166666666665667
"N2","PASS",7,"o1_below_tiny",0.0833333333333333,0.166666666665667,0.99,0.090909080908,"N2-LOW-TYPE-ONLY","S",0.833333342501,0.0833333333333333,0.166666666665667
"N2","PASS",7,"o1_below_tiny",0.0833333333333333,0.166666666665667,0.99,0.090909090907,"N2-LOW-TYPE-ONLY","S",0.83333333333525,0.0833333333333333,0.166666666665667
"N2","PASS",7,"o1_below_tiny",0.0833333333333333,0.166666666665667,0.99,0.09090909090799,"N2-LOW-TYPE-ONLY","S",0.833333333334343,0.0833333333333333,0.166666666665667
"N2","PASS",7,"o1_below_tiny",0.0833333333333333,0.166666666665667,0.99,0.090909090908,"N2-LOW-TYPE-ONLY","S",0.833333333334333,0.0833333333333333,0.166666666665667
"N2","PASS",7,"o1_below_tiny",0.0833333333333333,0.166666666665667,0.99,0.09090909090801,"N2-POOLING","P",0.833333333334333,0.166666666665667,0.166666666665667
"N2","PASS",7,"o1_below_tiny",0.0833333333333333,0.166666666665667,0.99,0.090909090909,"N2-POOLING","P",0.833333333334333,0.166666666665667,0.166666666665667
"N2","PASS",7,"o1_below_tiny",0.0833333333333333,0.166666666665667,0.99,0.090909100908,"N2-POOLING","P",0.833333333334333,0.166666666665667,0.166666666665667
"N2","PASS",7,"o1_below_tiny",0.0833333333333333,0.166666666665667,0.99,0.090909190908,"N2-POOLING","P",0.833333333334333,0.166666666665667,0.166666666665667
"N2","PASS",7,"o1_below_tiny",0.0833333333333333,0.166666666665667,0.99,0.195266172187006,"N2-POOLING","P",0.833333333334333,0.166666666665667,0.166666666665667
"N2","PASS",7,"o1_below_tiny",0.0833333333333333,0.166666666665667,0.99,0.195266172189349,"N2-POOLING","P",0.833333333334333,0.166666666665667,0.166666666665667
"N2","PASS",7,"o1_below_tiny",0.0833333333333333,0.166666666665667,0.99,0.195266262187006,"N2-POOLING","P",0.833333333334333,0.166666666665667,0.166666666665667
"N2","PASS",7,"o1_below_tiny",0.0833333333333333,0.166666666665667,0.99,0.195266262189349,"N2-POOLING","P",0.833333333334333,0.166666666665667,0.166666666665667
"N2","PASS",7,"o1_below_tiny",0.0833333333333333,0.166666666665667,0.99,0.195266272186006,"N2-POOLING","P",0.833333333334333,0.166666666665667,0.166666666665667
"N2","PASS",7,"o1_below_tiny",0.0833333333333333,0.166666666665667,0.99,0.195266272186996,"N2-POOLING","P",0.833333333334333,0.166666666665667,0.166666666665667
"N2","PASS",7,"o1_below_tiny",0.0833333333333333,0.166666666665667,0.99,0.195266272187006,"N2-POOLING","P",0.833333333334333,0.166666666665667,0.166666666665667
"N2","PASS",7,"o1_below_tiny",0.0833333333333333,0.166666666665667,0.99,0.195266272187016,"N2-POOLING","P",0.833333333334333,0.166666666665667,0.166666666665667
"N2","PASS",7,"o1_below_tiny",0.0833333333333333,0.166666666665667,0.99,0.195266272188006,"N2-POOLING","P",0.833333333334333,0.166666666665667,0.166666666665667
"N2","PASS",7,"o1_below_tiny",0.0833333333333333,0.166666666665667,0.99,0.195266272188349,"N2-POOLING","P",0.833333333334333,0.166666666665667,0.166666666665667
"N2","PASS",7,"o1_below_tiny",0.0833333333333333,0.166666666665667,0.99,0.195266272189339,"N2-POOLING","P",0.833333333334333,0.166666666665667,0.166666666665667
"N2","PASS",7,"o1_below_tiny",0.0833333333333333,0.166666666665667,0.99,0.195266272189349,"N2-POOLING","P",0.833333333334333,0.166666666665667,0.166666666665667
"N2","PASS",7,"o1_below_tiny",0.0833333333333333,0.166666666665667,0.99,0.195266272189359,"N2-POOLING","P",0.833333333334333,0.166666666665667,0.166666666665667
"N2","PASS",7,"o1_below_tiny",0.0833333333333333,0.166666666665667,0.99,0.195266272190349,"N2-POOLING","P",0.833333333334333,0.166666666665667,0.166666666665667
"N2","PASS",7,"o1_below_tiny",0.0833333333333333,0.166666666665667,0.99,0.195266282187006,"N2-POOLING","P",0.833333333334333,0.166666666665667,0.166666666665667
"N2","PASS",7,"o1_below_tiny",0.0833333333333333,0.166666666665667,0.99,0.195266282189349,"N2-POOLING","P",0.833333333334333,0.166666666665667,0.166666666665667
"N2","PASS",7,"o1_below_tiny",0.0833333333333333,0.166666666665667,0.99,0.195266372187006,"N2-POOLING","P",0.833333333334333,0.166666666665667,0.166666666665667
"N2","PASS",7,"o1_below_tiny",0.0833333333333333,0.166666666665667,0.99,0.195266372189349,"N2-POOLING","P",0.833333333334333,0.166666666665667,0.166666666665667
"N2","PASS",7,"o1_below_tiny",0.0833333333333333,0.166666666665667,0.99,0.25,"N2-POOLING","P",0.833333333334333,0.166666666665667,0.166666666665667
"N2","PASS",7,"o1_below_tiny",0.0833333333333333,0.166666666665667,0.99,0.5,"N2-POOLING","P",0.833333333334333,0.166666666665667,0.166666666665667
"N2","PASS",7,"o1_below_tiny",0.0833333333333333,0.166666666665667,0.99,0.75,"N2-POOLING","P",0.833333333334333,0.166666666665667,0.166666666665667
"N2","PASS",7,"o1_below_tiny",0.0833333333333333,0.166666666665667,0.99,0.95,"N2-POOLING","P",0.833333333334333,0.166666666665667,0.166666666665667
"N2","PASS",7,"o1_below_tiny",0.0833333333333333,0.166666666665667,0.99,0.99999999,"N2-POOLING","P",0.833333333334333,0.166666666665667,0.166666666665667
"N2","PASS",7,"o1_below_tiny",0.0833333333333333,0.166666666665667,0.99,0.999999999999,"N2-POOLING","P",0.833333333334333,0.166666666665667,0.166666666665667
"N2","PASS",7,"o1_below_tiny",0.0833333333333333,0.166666666665667,0.99,0.99999999999999,"N2-POOLING","P",0.833333333334333,0.166666666665667,0.166666666665667
"N2","PASS",7,"o1_below_tiny",0.0833333333333333,0.166666666665667,0.99,1,"N2-POOLING","P",0.833333333334333,0.166666666665667,0.166666666665667
"N2","PASS",7,"o1_above_tiny",0.0833333333333333,0.166666666667667,0.5,0,"N2-LOW-TYPE-ONLY","S",0.916666666666667,0.0833333333333333,0.166666666667667
"N2","PASS",7,"o1_above_tiny",0.0833333333333333,0.166666666667667,0.5,1e-14,"N2-LOW-TYPE-ONLY","S",0.916666666666658,0.0833333333333333,0.166666666667667
"N2","PASS",7,"o1_above_tiny",0.0833333333333333,0.166666666667667,0.5,1e-12,"N2-LOW-TYPE-ONLY","S",0.91666666666575,0.0833333333333333,0.166666666667667
"N2","PASS",7,"o1_above_tiny",0.0833333333333333,0.166666666667667,0.5,1e-08,"N2-LOW-TYPE-ONLY","S",0.9166666575,0.0833333333333333,0.166666666667667
"N2","PASS",7,"o1_above_tiny",0.0833333333333333,0.166666666667667,0.5,0.05,"N2-LOW-TYPE-ONLY","S",0.870833333333333,0.0833333333333333,0.166666666667667
"N2","PASS",7,"o1_above_tiny",0.0833333333333333,0.166666666667667,0.5,0.0588234294117647,"N2-LOW-TYPE-ONLY","S",0.862745189705882,0.0833333333333333,0.166666666667667
"N2","PASS",7,"o1_above_tiny",0.0833333333333333,0.166666666667667,0.5,0.0588235194117647,"N2-LOW-TYPE-ONLY","S",0.862745107205882,0.0833333333333333,0.166666666667667
"N2","PASS",7,"o1_above_tiny",0.0833333333333333,0.166666666667667,0.5,0.0588235294107647,"N2-LOW-TYPE-ONLY","S",0.862745098040132,0.0833333333333333,0.166666666667667
"N2","PASS",7,"o1_above_tiny",0.0833333333333333,0.166666666667667,0.5,0.0588235294117547,"N2-LOW-TYPE-ONLY","S",0.862745098039225,0.0833333333333333,0.166666666667667
"N2","PASS",7,"o1_above_tiny",0.0833333333333333,0.166666666667667,0.5,0.0588235294117647,"N2-LOW-TYPE-ONLY","S",0.862745098039216,0.0833333333333333,0.166666666667667
"N2","PASS",7,"o1_above_tiny",0.0833333333333333,0.166666666667667,0.5,0.0588235294117747,"N2-LOW-TYPE-ONLY","S",0.862745098039207,0.0833333333333333,0.166666666667667
"N2","PASS",7,"o1_above_tiny",0.0833333333333333,0.166666666667667,0.5,0.0588235294127647,"N2-LOW-TYPE-ONLY","S",0.862745098038299,0.0833333333333333,0.166666666667667
"N2","PASS",7,"o1_above_tiny",0.0833333333333333,0.166666666667667,0.5,0.0588235394117647,"N2-LOW-TYPE-ONLY","S",0.862745088872549,0.0833333333333333,0.166666666667667
"N2","PASS",7,"o1_above_tiny",0.0833333333333333,0.166666666667667,0.5,0.0588236294117647,"N2-LOW-TYPE-ONLY","S",0.862745006372549,0.0833333333333333,0.166666666667667
"N2","PASS",7,"o1_above_tiny",0.0833333333333333,0.166666666667667,0.5,0.0909089909101818,"N2-LOW-TYPE-ONLY","S",0.833333424999,0.0833333333333333,0.166666666667667
"N2","PASS",7,"o1_above_tiny",0.0833333333333333,0.166666666667667,0.5,0.0909090809101818,"N2-LOW-TYPE-ONLY","S",0.833333342499,0.0833333333333333,0.166666666667667
"N2","PASS",7,"o1_above_tiny",0.0833333333333333,0.166666666667667,0.5,0.0909090909091818,"N2-LOW-TYPE-ONLY","S",0.83333333333325,0.0833333333333333,0.166666666667667
"N2","PASS",7,"o1_above_tiny",0.0833333333333333,0.166666666667667,0.5,0.0909090909101718,"N2-LOW-TYPE-ONLY","S",0.833333333332342,0.0833333333333333,0.166666666667667
"N2","PASS",7,"o1_above_tiny",0.0833333333333333,0.166666666667667,0.5,0.0909090909101818,"N2-LOW-TYPE-ONLY","S",0.833333333332333,0.0833333333333333,0.166666666667667
"N2","PASS",7,"o1_above_tiny",0.0833333333333333,0.166666666667667,0.5,0.0909090909101918,"N2-POOLING","P",0.833333333332333,0.166666666667667,0.166666666667667
"N2","PASS",7,"o1_above_tiny",0.0833333333333333,0.166666666667667,0.5,0.0909090909111818,"N2-POOLING","P",0.833333333332333,0.166666666667667,0.166666666667667
"N2","PASS",7,"o1_above_tiny",0.0833333333333333,0.166666666667667,0.5,0.0909091009101818,"N2-POOLING","P",0.833333333332333,0.166666666667667,0.166666666667667
"N2","PASS",7,"o1_above_tiny",0.0833333333333333,0.166666666667667,0.5,0.0909091909101818,"N2-POOLING","P",0.833333333332333,0.166666666667667,0.166666666667667
"N2","PASS",7,"o1_above_tiny",0.0833333333333333,0.166666666667667,0.5,0.25,"N2-POOLING","P",0.833333333332333,0.166666666667667,0.166666666667667
"N2","PASS",7,"o1_above_tiny",0.0833333333333333,0.166666666667667,0.5,0.5,"N2-POOLING","P",0.833333333332333,0.166666666667667,0.166666666667667
"N2","PASS",7,"o1_above_tiny",0.0833333333333333,0.166666666667667,0.5,0.75,"N2-POOLING","P",0.833333333332333,0.166666666667667,0.166666666667667
"N2","PASS",7,"o1_above_tiny",0.0833333333333333,0.166666666667667,0.5,0.95,"N2-POOLING","P",0.833333333332333,0.166666666667667,0.166666666667667
"N2","PASS",7,"o1_above_tiny",0.0833333333333333,0.166666666667667,0.5,0.99999999,"N2-POOLING","P",0.833333333332333,0.166666666667667,0.166666666667667
"N2","PASS",7,"o1_above_tiny",0.0833333333333333,0.166666666667667,0.5,0.999999999999,"N2-POOLING","P",0.833333333332333,0.166666666667667,0.166666666667667
"N2","PASS",7,"o1_above_tiny",0.0833333333333333,0.166666666667667,0.5,0.99999999999999,"N2-POOLING","P",0.833333333332333,0.166666666667667,0.166666666667667
"N2","PASS",7,"o1_above_tiny",0.0833333333333333,0.166666666667667,0.5,1,"N2-POOLING","P",0.833333333332333,0.166666666667667,0.166666666667667
"N2","PASS",7,"o1_above_tiny",0.0833333333333333,0.166666666667667,0.9,0,"N2-LOW-TYPE-ONLY","S",0.916666666666667,0.0833333333333333,0.166666666667667
"N2","PASS",7,"o1_above_tiny",0.0833333333333333,0.166666666667667,0.9,1e-14,"N2-LOW-TYPE-ONLY","S",0.916666666666658,0.0833333333333333,0.166666666667667
"N2","PASS",7,"o1_above_tiny",0.0833333333333333,0.166666666667667,0.9,1e-12,"N2-LOW-TYPE-ONLY","S",0.91666666666575,0.0833333333333333,0.166666666667667
"N2","PASS",7,"o1_above_tiny",0.0833333333333333,0.166666666667667,0.9,1e-08,"N2-LOW-TYPE-ONLY","S",0.9166666575,0.0833333333333333,0.166666666667667
"N2","PASS",7,"o1_above_tiny",0.0833333333333333,0.166666666667667,0.9,0.05,"N2-LOW-TYPE-ONLY","S",0.870833333333333,0.0833333333333333,0.166666666667667
"N2","PASS",7,"o1_above_tiny",0.0833333333333333,0.166666666667667,0.9,0.0909089909101818,"N2-LOW-TYPE-ONLY","S",0.833333424999,0.0833333333333333,0.166666666667667
"N2","PASS",7,"o1_above_tiny",0.0833333333333333,0.166666666667667,0.9,0.0909090809101818,"N2-LOW-TYPE-ONLY","S",0.833333342499,0.0833333333333333,0.166666666667667
"N2","PASS",7,"o1_above_tiny",0.0833333333333333,0.166666666667667,0.9,0.0909090909091818,"N2-LOW-TYPE-ONLY","S",0.83333333333325,0.0833333333333333,0.166666666667667
"N2","PASS",7,"o1_above_tiny",0.0833333333333333,0.166666666667667,0.9,0.0909090909101718,"N2-LOW-TYPE-ONLY","S",0.833333333332342,0.0833333333333333,0.166666666667667
"N2","PASS",7,"o1_above_tiny",0.0833333333333333,0.166666666667667,0.9,0.0909090909101818,"N2-LOW-TYPE-ONLY","S",0.833333333332333,0.0833333333333333,0.166666666667667
"N2","PASS",7,"o1_above_tiny",0.0833333333333333,0.166666666667667,0.9,0.0909090909101918,"N2-POOLING","P",0.833333333332333,0.166666666667667,0.166666666667667
"N2","PASS",7,"o1_above_tiny",0.0833333333333333,0.166666666667667,0.9,0.0909090909111818,"N2-POOLING","P",0.833333333332333,0.166666666667667,0.166666666667667
"N2","PASS",7,"o1_above_tiny",0.0833333333333333,0.166666666667667,0.9,0.0909091009101818,"N2-POOLING","P",0.833333333332333,0.166666666667667,0.166666666667667
"N2","PASS",7,"o1_above_tiny",0.0833333333333333,0.166666666667667,0.9,0.0909091909101818,"N2-POOLING","P",0.833333333332333,0.166666666667667,0.166666666667667
"N2","PASS",7,"o1_above_tiny",0.0833333333333333,0.166666666667667,0.9,0.157894636842105,"N2-POOLING","P",0.833333333332333,0.166666666667667,0.166666666667667
"N2","PASS",7,"o1_above_tiny",0.0833333333333333,0.166666666667667,0.9,0.157894726842105,"N2-POOLING","P",0.833333333332333,0.166666666667667,0.166666666667667
"N2","PASS",7,"o1_above_tiny",0.0833333333333333,0.166666666667667,0.9,0.157894736841105,"N2-POOLING","P",0.833333333332333,0.166666666667667,0.166666666667667
"N2","PASS",7,"o1_above_tiny",0.0833333333333333,0.166666666667667,0.9,0.157894736842095,"N2-POOLING","P",0.833333333332333,0.166666666667667,0.166666666667667
"N2","PASS",7,"o1_above_tiny",0.0833333333333333,0.166666666667667,0.9,0.157894736842105,"N2-POOLING","P",0.833333333332333,0.166666666667667,0.166666666667667
"N2","PASS",7,"o1_above_tiny",0.0833333333333333,0.166666666667667,0.9,0.157894736842115,"N2-POOLING","P",0.833333333332333,0.166666666667667,0.166666666667667
"N2","PASS",7,"o1_above_tiny",0.0833333333333333,0.166666666667667,0.9,0.157894736843105,"N2-POOLING","P",0.833333333332333,0.166666666667667,0.166666666667667
"N2","PASS",7,"o1_above_tiny",0.0833333333333333,0.166666666667667,0.9,0.157894746842105,"N2-POOLING","P",0.833333333332333,0.166666666667667,0.166666666667667
"N2","PASS",7,"o1_above_tiny",0.0833333333333333,0.166666666667667,0.9,0.157894836842105,"N2-POOLING","P",0.833333333332333,0.166666666667667,0.166666666667667
"N2","PASS",7,"o1_above_tiny",0.0833333333333333,0.166666666667667,0.9,0.25,"N2-POOLING","P",0.833333333332333,0.166666666667667,0.166666666667667
"N2","PASS",7,"o1_above_tiny",0.0833333333333333,0.166666666667667,0.9,0.5,"N2-POOLING","P",0.833333333332333,0.166666666667667,0.166666666667667
"N2","PASS",7,"o1_above_tiny",0.0833333333333333,0.166666666667667,0.9,0.75,"N2-POOLING","P",0.833333333332333,0.166666666667667,0.166666666667667
"N2","PASS",7,"o1_above_tiny",0.0833333333333333,0.166666666667667,0.9,0.95,"N2-POOLING","P",0.833333333332333,0.166666666667667,0.166666666667667
"N2","PASS",7,"o1_above_tiny",0.0833333333333333,0.166666666667667,0.9,0.99999999,"N2-POOLING","P",0.833333333332333,0.166666666667667,0.166666666667667
"N2","PASS",7,"o1_above_tiny",0.0833333333333333,0.166666666667667,0.9,0.999999999999,"N2-POOLING","P",0.833333333332333,0.166666666667667,0.166666666667667
"N2","PASS",7,"o1_above_tiny",0.0833333333333333,0.166666666667667,0.9,0.99999999999999,"N2-POOLING","P",0.833333333332333,0.166666666667667,0.166666666667667
"N2","PASS",7,"o1_above_tiny",0.0833333333333333,0.166666666667667,0.9,1,"N2-POOLING","P",0.833333333332333,0.166666666667667,0.166666666667667
"N2","PASS",7,"o1_above_tiny",0.0833333333333333,0.166666666667667,0.99,0,"N2-LOW-TYPE-ONLY","S",0.916666666666667,0.0833333333333333,0.166666666667667
"N2","PASS",7,"o1_above_tiny",0.0833333333333333,0.166666666667667,0.99,1e-14,"N2-LOW-TYPE-ONLY","S",0.916666666666658,0.0833333333333333,0.166666666667667
"N2","PASS",7,"o1_above_tiny",0.0833333333333333,0.166666666667667,0.99,1e-12,"N2-LOW-TYPE-ONLY","S",0.91666666666575,0.0833333333333333,0.166666666667667
"N2","PASS",7,"o1_above_tiny",0.0833333333333333,0.166666666667667,0.99,1e-08,"N2-LOW-TYPE-ONLY","S",0.9166666575,0.0833333333333333,0.166666666667667
"N2","PASS",7,"o1_above_tiny",0.0833333333333333,0.166666666667667,0.99,0.05,"N2-LOW-TYPE-ONLY","S",0.870833333333333,0.0833333333333333,0.166666666667667
"N2","PASS",7,"o1_above_tiny",0.0833333333333333,0.166666666667667,0.99,0.0909089909101818,"N2-LOW-TYPE-ONLY","S",0.833333424999,0.0833333333333333,0.166666666667667
"N2","PASS",7,"o1_above_tiny",0.0833333333333333,0.166666666667667,0.99,0.0909090809101818,"N2-LOW-TYPE-ONLY","S",0.833333342499,0.0833333333333333,0.166666666667667
"N2","PASS",7,"o1_above_tiny",0.0833333333333333,0.166666666667667,0.99,0.0909090909091818,"N2-LOW-TYPE-ONLY","S",0.83333333333325,0.0833333333333333,0.166666666667667
"N2","PASS",7,"o1_above_tiny",0.0833333333333333,0.166666666667667,0.99,0.0909090909101718,"N2-LOW-TYPE-ONLY","S",0.833333333332342,0.0833333333333333,0.166666666667667
"N2","PASS",7,"o1_above_tiny",0.0833333333333333,0.166666666667667,0.99,0.0909090909101818,"N2-LOW-TYPE-ONLY","S",0.833333333332333,0.0833333333333333,0.166666666667667
"N2","PASS",7,"o1_above_tiny",0.0833333333333333,0.166666666667667,0.99,0.0909090909101918,"N2-POOLING","P",0.833333333332333,0.166666666667667,0.166666666667667
"N2","PASS",7,"o1_above_tiny",0.0833333333333333,0.166666666667667,0.99,0.0909090909111818,"N2-POOLING","P",0.833333333332333,0.166666666667667,0.166666666667667
"N2","PASS",7,"o1_above_tiny",0.0833333333333333,0.166666666667667,0.99,0.0909091009101818,"N2-POOLING","P",0.833333333332333,0.166666666667667,0.166666666667667
"N2","PASS",7,"o1_above_tiny",0.0833333333333333,0.166666666667667,0.99,0.0909091909101818,"N2-POOLING","P",0.833333333332333,0.166666666667667,0.166666666667667
"N2","PASS",7,"o1_above_tiny",0.0833333333333333,0.166666666667667,0.99,0.195266172189349,"N2-POOLING","P",0.833333333332333,0.166666666667667,0.166666666667667
"N2","PASS",7,"o1_above_tiny",0.0833333333333333,0.166666666667667,0.99,0.195266262189349,"N2-POOLING","P",0.833333333332333,0.166666666667667,0.166666666667667
"N2","PASS",7,"o1_above_tiny",0.0833333333333333,0.166666666667667,0.99,0.195266272188349,"N2-POOLING","P",0.833333333332333,0.166666666667667,0.166666666667667
"N2","PASS",7,"o1_above_tiny",0.0833333333333333,0.166666666667667,0.99,0.195266272189339,"N2-POOLING","P",0.833333333332333,0.166666666667667,0.166666666667667
"N2","PASS",7,"o1_above_tiny",0.0833333333333333,0.166666666667667,0.99,0.195266272189349,"N2-POOLING","P",0.833333333332333,0.166666666667667,0.166666666667667
"N2","PASS",7,"o1_above_tiny",0.0833333333333333,0.166666666667667,0.99,0.195266272189359,"N2-POOLING","P",0.833333333332333,0.166666666667667,0.166666666667667
"N2","PASS",7,"o1_above_tiny",0.0833333333333333,0.166666666667667,0.99,0.195266272190349,"N2-POOLING","P",0.833333333332333,0.166666666667667,0.166666666667667
"N2","PASS",7,"o1_above_tiny",0.0833333333333333,0.166666666667667,0.99,0.195266282189349,"N2-POOLING","P",0.833333333332333,0.166666666667667,0.166666666667667
"N2","PASS",7,"o1_above_tiny",0.0833333333333333,0.166666666667667,0.99,0.195266372189349,"N2-POOLING","P",0.833333333332333,0.166666666667667,0.166666666667667
"N2","PASS",7,"o1_above_tiny",0.0833333333333333,0.166666666667667,0.99,0.25,"N2-POOLING","P",0.833333333332333,0.166666666667667,0.166666666667667
"N2","PASS",7,"o1_above_tiny",0.0833333333333333,0.166666666667667,0.99,0.5,"N2-POOLING","P",0.833333333332333,0.166666666667667,0.166666666667667
"N2","PASS",7,"o1_above_tiny",0.0833333333333333,0.166666666667667,0.99,0.75,"N2-POOLING","P",0.833333333332333,0.166666666667667,0.166666666667667
"N2","PASS",7,"o1_above_tiny",0.0833333333333333,0.166666666667667,0.99,0.95,"N2-POOLING","P",0.833333333332333,0.166666666667667,0.166666666667667
"N2","PASS",7,"o1_above_tiny",0.0833333333333333,0.166666666667667,0.99,0.99999999,"N2-POOLING","P",0.833333333332333,0.166666666667667,0.166666666667667
"N2","PASS",7,"o1_above_tiny",0.0833333333333333,0.166666666667667,0.99,0.999999999999,"N2-POOLING","P",0.833333333332333,0.166666666667667,0.166666666667667
"N2","PASS",7,"o1_above_tiny",0.0833333333333333,0.166666666667667,0.99,0.99999999999999,"N2-POOLING","P",0.833333333332333,0.166666666667667,0.166666666667667
"N2","PASS",7,"o1_above_tiny",0.0833333333333333,0.166666666667667,0.99,1,"N2-POOLING","P",0.833333333332333,0.166666666667667,0.166666666667667
"N2","PASS",7,"o0_below_tiny",0.166666666665667,0.375,0.5,0,"N2-LOW-TYPE-ONLY","S",0.833333333334333,0.166666666665667,0.375
"N2","PASS",7,"o0_below_tiny",0.166666666665667,0.375,0.5,1e-14,"N2-LOW-TYPE-ONLY","S",0.833333333334325,0.166666666665667,0.375
"N2","PASS",7,"o0_below_tiny",0.166666666665667,0.375,0.5,7.40004225391058e-13,"N2-LOW-TYPE-ONLY","S",0.833333333333717,0.166666666665667,0.375
"N2","PASS",7,"o0_below_tiny",0.166666666665667,0.375,0.5,7.50004225391058e-13,"N2-LOW-TYPE-ONLY","S",0.833333333333708,0.166666666665667,0.375
"N2","PASS",7,"o0_below_tiny",0.166666666665667,0.375,0.5,7.60004225391058e-13,"N2-LOW-TYPE-ONLY","S",0.8333333333337,0.166666666665667,0.375
"N2","PASS",7,"o0_below_tiny",0.166666666665667,0.375,0.5,1e-12,"N2-LOW-TYPE-ONLY","S",0.8333333333335,0.166666666665667,0.375
"N2","PASS",7,"o0_below_tiny",0.166666666665667,0.375,0.5,1.75000422539106e-12,"N2-LOW-TYPE-ONLY","S",0.833333333332875,0.166666666665667,0.375
"N2","PASS",7,"o0_below_tiny",0.166666666665667,0.375,0.5,1e-08,"N2-LOW-TYPE-ONLY","S",0.833333325001,0.166666666665667,0.375
"N2","PASS",7,"o0_below_tiny",0.166666666665667,0.375,0.5,1.00007500042254e-08,"N2-LOW-TYPE-ONLY","S",0.833333325000375,0.166666666665667,0.375
"N2","PASS",7,"o0_below_tiny",0.166666666665667,0.375,0.5,1.00000750004225e-07,"N2-LOW-TYPE-ONLY","S",0.833333250000375,0.166666666665667,0.375
"N2","PASS",7,"o0_below_tiny",0.166666666665667,0.375,0.5,0.05,"N2-LOW-TYPE-ONLY","S",0.791666666667617,0.166666666665667,0.375
"N2","PASS",7,"o0_below_tiny",0.166666666665667,0.375,0.5,0.2499999000009,"N2-LOW-TYPE-ONLY","S",0.625000083333333,0.166666666665667,0.375
"N2","PASS",7,"o0_below_tiny",0.166666666665667,0.375,0.5,0.2499999900009,"N2-LOW-TYPE-ONLY","S",0.625000008333333,0.166666666665667,0.375
"N2","PASS",7,"o0_below_tiny",0.166666666665667,0.375,0.5,0.2499999999999,"N2-LOW-TYPE-ONLY","S",0.625000000000833,0.166666666665667,0.375
"N2","PASS",7,"o0_below_tiny",0.166666666665667,0.375,0.5,0.25,"N2-LOW-TYPE-ONLY","S",0.62500000000075,0.166666666665667,0.375
"N2","PASS",7,"o0_below_tiny",0.166666666665667,0.375,0.5,0.25000000000089,"N2-LOW-TYPE-ONLY","S",0.625000000000008,0.166666666665667,0.375
"N2","PASS",7,"o0_below_tiny",0.166666666665667,0.375,0.5,0.2500000000009,"N2-LOW-TYPE-ONLY","S",0.625,0.166666666665667,0.375
"N2","PASS",7,"o0_below_tiny",0.166666666665667,0.375,0.5,0.25000000000091,"N2-POOLING","P",0.625,0.375,0.375
"N2","PASS",7,"o0_below_tiny",0.166666666665667,0.375,0.5,0.2500000000019,"N2-POOLING","P",0.625,0.375,0.375
"N2","PASS",7,"o0_below_tiny",0.166666666665667,0.375,0.5,0.2500000100009,"N2-POOLING","P",0.625,0.375,0.375
"N2","PASS",7,"o0_below_tiny",0.166666666665667,0.375,0.5,0.2500001000009,"N2-POOLING","P",0.625,0.375,0.375
"N2","PASS",7,"o0_below_tiny",0.166666666665667,0.375,0.5,0.5,"N2-POOLING","P",0.625,0.375,0.375
"N2","PASS",7,"o0_below_tiny",0.166666666665667,0.375,0.5,0.75,"N2-POOLING","P",0.625,0.375,0.375
"N2","PASS",7,"o0_below_tiny",0.166666666665667,0.375,0.5,0.95,"N2-POOLING","P",0.625,0.375,0.375
"N2","PASS",7,"o0_below_tiny",0.166666666665667,0.375,0.5,0.99999999,"N2-POOLING","P",0.625,0.375,0.375
"N2","PASS",7,"o0_below_tiny",0.166666666665667,0.375,0.5,0.999999999999,"N2-POOLING","P",0.625,0.375,0.375
"N2","PASS",7,"o0_below_tiny",0.166666666665667,0.375,0.5,0.99999999999999,"N2-POOLING","P",0.625,0.375,0.375
"N2","PASS",7,"o0_below_tiny",0.166666666665667,0.375,0.5,1,"N2-POOLING","P",0.625,0.375,0.375
"N2","PASS",7,"o0_below_tiny",0.166666666665667,0.375,0.9,0,"N2-LOW-TYPE-ONLY","S",0.833333333334333,0.166666666665667,0.375
"N2","PASS",7,"o0_below_tiny",0.166666666665667,0.375,0.9,1e-14,"N2-LOW-TYPE-ONLY","S",0.833333333334325,0.166666666665667,0.375
"N2","PASS",7,"o0_below_tiny",0.166666666665667,0.375,0.9,1e-12,"N2-LOW-TYPE-ONLY","S",0.8333333333335,0.166666666665667,0.375
"N2","PASS",7,"o0_below_tiny",0.166666666665667,0.375,0.9,1.2500126761698e-12,"N2-LOW-TYPE-ONLY","S",0.833333333333292,0.166666666665667,0.375
"N2","PASS",7,"o0_below_tiny",0.166666666665667,0.375,0.9,2.2400126761698e-12,"N2-LOW-TYPE-ONLY","S",0.833333333332467,0.166666666665667,0.375
"N2","PASS",7,"o0_below_tiny",0.166666666665667,0.375,0.9,2.2500126761698e-12,"N2-LOW-TYPE-ONLY","S",0.833333333332458,0.166666666665667,0.375
"N2","PASS",7,"o0_below_tiny",0.166666666665667,0.375,0.9,2.2600126761698e-12,"N2-LOW-TYPE-ONLY","S",0.83333333333245,0.166666666665667,0.375
"N2","PASS",7,"o0_below_tiny",0.166666666665667,0.375,0.9,3.2500126761698e-12,"N2-LOW-TYPE-ONLY","S",0.833333333331625,0.166666666665667,0.375
"N2","PASS",7,"o0_below_tiny",0.166666666665667,0.375,0.9,1e-08,"N2-LOW-TYPE-ONLY","S",0.833333325001,0.166666666665667,0.375
"N2","PASS",7,"o0_below_tiny",0.166666666665667,0.375,0.9,1.00022500126762e-08,"N2-LOW-TYPE-ONLY","S",0.833333324999125,0.166666666665667,0.375
"N2","PASS",7,"o0_below_tiny",0.166666666665667,0.375,0.9,1.00002250012676e-07,"N2-LOW-TYPE-ONLY","S",0.833333249999125,0.166666666665667,0.375
"N2","PASS",7,"o0_below_tiny",0.166666666665667,0.375,0.9,0.05,"N2-LOW-TYPE-ONLY","S",0.791666666667617,0.166666666665667,0.375
"N2","PASS",7,"o0_below_tiny",0.166666666665667,0.375,0.9,0.2499999000009,"N2-LOW-TYPE-ONLY","S",0.625000083333333,0.166666666665667,0.375
"N2","PASS",7,"o0_below_tiny",0.166666666665667,0.375,0.9,0.2499999900009,"N2-LOW-TYPE-ONLY","S",0.625000008333333,0.166666666665667,0.375
"N2","PASS",7,"o0_below_tiny",0.166666666665667,0.375,0.9,0.2499999999999,"N2-LOW-TYPE-ONLY","S",0.625000000000833,0.166666666665667,0.375
"N2","PASS",7,"o0_below_tiny",0.166666666665667,0.375,0.9,0.25,"N2-LOW-TYPE-ONLY","S",0.62500000000075,0.166666666665667,0.375
"N2","PASS",7,"o0_below_tiny",0.166666666665667,0.375,0.9,0.25000000000089,"N2-LOW-TYPE-ONLY","S",0.625000000000008,0.166666666665667,0.375
"N2","PASS",7,"o0_below_tiny",0.166666666665667,0.375,0.9,0.2500000000009,"N2-LOW-TYPE-ONLY","S",0.625,0.166666666665667,0.375
"N2","PASS",7,"o0_below_tiny",0.166666666665667,0.375,0.9,0.25000000000091,"N2-POOLING","P",0.625,0.375,0.375
"N2","PASS",7,"o0_below_tiny",0.166666666665667,0.375,0.9,0.2500000000019,"N2-POOLING","P",0.625,0.375,0.375
"N2","PASS",7,"o0_below_tiny",0.166666666665667,0.375,0.9,0.2500000100009,"N2-POOLING","P",0.625,0.375,0.375
"N2","PASS",7,"o0_below_tiny",0.166666666665667,0.375,0.9,0.2500001000009,"N2-POOLING","P",0.625,0.375,0.375
"N2","PASS",7,"o0_below_tiny",0.166666666665667,0.375,0.9,0.5,"N2-POOLING","P",0.625,0.375,0.375
"N2","PASS",7,"o0_below_tiny",0.166666666665667,0.375,0.9,0.75,"N2-POOLING","P",0.625,0.375,0.375
"N2","PASS",7,"o0_below_tiny",0.166666666665667,0.375,0.9,0.95,"N2-POOLING","P",0.625,0.375,0.375
"N2","PASS",7,"o0_below_tiny",0.166666666665667,0.375,0.9,0.99999999,"N2-POOLING","P",0.625,0.375,0.375
"N2","PASS",7,"o0_below_tiny",0.166666666665667,0.375,0.9,0.999999999999,"N2-POOLING","P",0.625,0.375,0.375
"N2","PASS",7,"o0_below_tiny",0.166666666665667,0.375,0.9,0.99999999999999,"N2-POOLING","P",0.625,0.375,0.375
"N2","PASS",7,"o0_below_tiny",0.166666666665667,0.375,0.9,1,"N2-POOLING","P",0.625,0.375,0.375
"N2","PASS",7,"o0_below_tiny",0.166666666665667,0.375,0.99,0,"N2-LOW-TYPE-ONLY","S",0.833333333334333,0.166666666665667,0.375
"N2","PASS",7,"o0_below_tiny",0.166666666665667,0.375,0.99,1e-14,"N2-LOW-TYPE-ONLY","S",0.833333333334325,0.166666666665667,0.375
"N2","PASS",7,"o0_below_tiny",0.166666666665667,0.375,0.99,1e-12,"N2-LOW-TYPE-ONLY","S",0.8333333333335,0.166666666665667,0.375
"N2","PASS",7,"o0_below_tiny",0.166666666665667,0.375,0.99,1.91178111033546e-12,"N2-LOW-TYPE-ONLY","S",0.83333333333274,0.166666666665667,0.375
"N2","PASS",7,"o0_below_tiny",0.166666666665667,0.375,0.99,2.90178111033546e-12,"N2-LOW-TYPE-ONLY","S",0.833333333331915,0.166666666665667,0.375
"N2","PASS",7,"o0_below_tiny",0.166666666665667,0.375,0.99,2.91178111033546e-12,"N2-LOW-TYPE-ONLY","S",0.833333333331907,0.166666666665667,0.375
"N2","PASS",7,"o0_below_tiny",0.166666666665667,0.375,0.99,2.92178111033546e-12,"N2-LOW-TYPE-ONLY","S",0.833333333331899,0.166666666665667,0.375
"N2","PASS",7,"o0_below_tiny",0.166666666665667,0.375,0.99,3.91178111033546e-12,"N2-LOW-TYPE-ONLY","S",0.833333333331074,0.166666666665667,0.375
"N2","PASS",7,"o0_below_tiny",0.166666666665667,0.375,0.99,1e-08,"N2-LOW-TYPE-ONLY","S",0.833333325001,0.166666666665667,0.375
"N2","PASS",7,"o0_below_tiny",0.166666666665667,0.375,0.99,1.00029117811103e-08,"N2-LOW-TYPE-ONLY","S",0.833333324998573,0.166666666665667,0.375
"N2","PASS",7,"o0_below_tiny",0.166666666665667,0.375,0.99,1.0000291178111e-07,"N2-LOW-TYPE-ONLY","S",0.833333249998574,0.166666666665667,0.375
"N2","PASS",7,"o0_below_tiny",0.166666666665667,0.375,0.99,0.05,"N2-LOW-TYPE-ONLY","S",0.791666666667617,0.166666666665667,0.375
"N2","PASS",7,"o0_below_tiny",0.166666666665667,0.375,0.99,0.2499999000009,"N2-LOW-TYPE-ONLY","S",0.625000083333333,0.166666666665667,0.375
"N2","PASS",7,"o0_below_tiny",0.166666666665667,0.375,0.99,0.2499999900009,"N2-LOW-TYPE-ONLY","S",0.625000008333333,0.166666666665667,0.375
"N2","PASS",7,"o0_below_tiny",0.166666666665667,0.375,0.99,0.2499999999999,"N2-LOW-TYPE-ONLY","S",0.625000000000833,0.166666666665667,0.375
"N2","PASS",7,"o0_below_tiny",0.166666666665667,0.375,0.99,0.25,"N2-LOW-TYPE-ONLY","S",0.62500000000075,0.166666666665667,0.375
"N2","PASS",7,"o0_below_tiny",0.166666666665667,0.375,0.99,0.25000000000089,"N2-LOW-TYPE-ONLY","S",0.625000000000008,0.166666666665667,0.375
"N2","PASS",7,"o0_below_tiny",0.166666666665667,0.375,0.99,0.2500000000009,"N2-LOW-TYPE-ONLY","S",0.625,0.166666666665667,0.375
"N2","PASS",7,"o0_below_tiny",0.166666666665667,0.375,0.99,0.25000000000091,"N2-POOLING","P",0.625,0.375,0.375
"N2","PASS",7,"o0_below_tiny",0.166666666665667,0.375,0.99,0.2500000000019,"N2-POOLING","P",0.625,0.375,0.375
"N2","PASS",7,"o0_below_tiny",0.166666666665667,0.375,0.99,0.2500000100009,"N2-POOLING","P",0.625,0.375,0.375
"N2","PASS",7,"o0_below_tiny",0.166666666665667,0.375,0.99,0.2500001000009,"N2-POOLING","P",0.625,0.375,0.375
"N2","PASS",7,"o0_below_tiny",0.166666666665667,0.375,0.99,0.5,"N2-POOLING","P",0.625,0.375,0.375
"N2","PASS",7,"o0_below_tiny",0.166666666665667,0.375,0.99,0.75,"N2-POOLING","P",0.625,0.375,0.375
"N2","PASS",7,"o0_below_tiny",0.166666666665667,0.375,0.99,0.95,"N2-POOLING","P",0.625,0.375,0.375
"N2","PASS",7,"o0_below_tiny",0.166666666665667,0.375,0.99,0.99999999,"N2-POOLING","P",0.625,0.375,0.375
"N2","PASS",7,"o0_below_tiny",0.166666666665667,0.375,0.99,0.999999999999,"N2-POOLING","P",0.625,0.375,0.375
"N2","PASS",7,"o0_below_tiny",0.166666666665667,0.375,0.99,0.99999999999999,"N2-POOLING","P",0.625,0.375,0.375
"N2","PASS",7,"o0_below_tiny",0.166666666665667,0.375,0.99,1,"N2-POOLING","P",0.625,0.375,0.375
"N2","PASS",7,"o0_above_tiny",0.166666666667667,0.375,0.5,0,"N2-LOW-TYPE-ONLY","S",0.833333333332333,0.166666666667667,0.375
"N2","PASS",7,"o0_above_tiny",0.166666666667667,0.375,0.5,1e-14,"N2-LOW-TYPE-ONLY","S",0.833333333332325,0.166666666667667,0.375
"N2","PASS",7,"o0_above_tiny",0.166666666667667,0.375,0.5,1e-12,"N2-LOW-TYPE-ONLY","S",0.8333333333315,0.166666666667667,0.375
"N2","PASS",7,"o0_above_tiny",0.166666666667667,0.375,0.5,1e-08,"N2-LOW-TYPE-ONLY","S",0.833333324999,0.166666666667667,0.375
"N2","PASS",7,"o0_above_tiny",0.166666666667667,0.375,0.5,0.05,"N2-LOW-TYPE-ONLY","S",0.791666666665717,0.166666666667667,0.375
"N2","PASS",7,"o0_above_tiny",0.166666666667667,0.375,0.5,0.2499998999991,"N2-LOW-TYPE-ONLY","S",0.625000083333333,0.166666666667667,0.375
"N2","PASS",7,"o0_above_tiny",0.166666666667667,0.375,0.5,0.2499999899991,"N2-LOW-TYPE-ONLY","S",0.625000008333333,0.166666666667667,0.375
"N2","PASS",7,"o0_above_tiny",0.166666666667667,0.375,0.5,0.2499999999981,"N2-LOW-TYPE-ONLY","S",0.625000000000833,0.166666666667667,0.375
"N2","PASS",7,"o0_above_tiny",0.166666666667667,0.375,0.5,0.24999999999909,"N2-LOW-TYPE-ONLY","S",0.625000000000008,0.166666666667667,0.375
"N2","PASS",7,"o0_above_tiny",0.166666666667667,0.375,0.5,0.2499999999991,"N2-LOW-TYPE-ONLY","S",0.625,0.166666666667667,0.375
"N2","PASS",7,"o0_above_tiny",0.166666666667667,0.375,0.5,0.24999999999911,"N2-POOLING","P",0.625,0.375,0.375
"N2","PASS",7,"o0_above_tiny",0.166666666667667,0.375,0.5,0.25,"N2-POOLING","P",0.625,0.375,0.375
"N2","PASS",7,"o0_above_tiny",0.166666666667667,0.375,0.5,0.2500000000001,"N2-POOLING","P",0.625,0.375,0.375
"N2","PASS",7,"o0_above_tiny",0.166666666667667,0.375,0.5,0.2500000099991,"N2-POOLING","P",0.625,0.375,0.375
"N2","PASS",7,"o0_above_tiny",0.166666666667667,0.375,0.5,0.2500000999991,"N2-POOLING","P",0.625,0.375,0.375
"N2","PASS",7,"o0_above_tiny",0.166666666667667,0.375,0.5,0.5,"N2-POOLING","P",0.625,0.375,0.375
"N2","PASS",7,"o0_above_tiny",0.166666666667667,0.375,0.5,0.75,"N2-POOLING","P",0.625,0.375,0.375
"N2","PASS",7,"o0_above_tiny",0.166666666667667,0.375,0.5,0.95,"N2-POOLING","P",0.625,0.375,0.375
"N2","PASS",7,"o0_above_tiny",0.166666666667667,0.375,0.5,0.99999999,"N2-POOLING","P",0.625,0.375,0.375
"N2","PASS",7,"o0_above_tiny",0.166666666667667,0.375,0.5,0.999999999999,"N2-POOLING","P",0.625,0.375,0.375
"N2","PASS",7,"o0_above_tiny",0.166666666667667,0.375,0.5,0.99999999999999,"N2-POOLING","P",0.625,0.375,0.375
"N2","PASS",7,"o0_above_tiny",0.166666666667667,0.375,0.5,1,"N2-POOLING","P",0.625,0.375,0.375
"N2","PASS",7,"o0_above_tiny",0.166666666667667,0.375,0.9,0,"N2-LOW-TYPE-ONLY","S",0.833333333332333,0.166666666667667,0.375
"N2","PASS",7,"o0_above_tiny",0.166666666667667,0.375,0.9,1e-14,"N2-LOW-TYPE-ONLY","S",0.833333333332325,0.166666666667667,0.375
"N2","PASS",7,"o0_above_tiny",0.166666666667667,0.375,0.9,1e-12,"N2-LOW-TYPE-ONLY","S",0.8333333333315,0.166666666667667,0.375
"N2","PASS",7,"o0_above_tiny",0.166666666667667,0.375,0.9,1e-08,"N2-LOW-TYPE-ONLY","S",0.833333324999,0.166666666667667,0.375
"N2","PASS",7,"o0_above_tiny",0.166666666667667,0.375,0.9,0.05,"N2-LOW-TYPE-ONLY","S",0.791666666665717,0.166666666667667,0.375
"N2","PASS",7,"o0_above_tiny",0.166666666667667,0.375,0.9,0.2499998999991,"N2-LOW-TYPE-ONLY","S",0.625000083333333,0.166666666667667,0.375
"N2","PASS",7,"o0_above_tiny",0.166666666667667,0.375,0.9,0.2499999899991,"N2-LOW-TYPE-ONLY","S",0.625000008333333,0.166666666667667,0.375
"N2","PASS",7,"o0_above_tiny",0.166666666667667,0.375,0.9,0.2499999999981,"N2-LOW-TYPE-ONLY","S",0.625000000000833,0.166666666667667,0.375
"N2","PASS",7,"o0_above_tiny",0.166666666667667,0.375,0.9,0.24999999999909,"N2-LOW-TYPE-ONLY","S",0.625000000000008,0.166666666667667,0.375
"N2","PASS",7,"o0_above_tiny",0.166666666667667,0.375,0.9,0.2499999999991,"N2-LOW-TYPE-ONLY","S",0.625,0.166666666667667,0.375
"N2","PASS",7,"o0_above_tiny",0.166666666667667,0.375,0.9,0.24999999999911,"N2-POOLING","P",0.625,0.375,0.375
"N2","PASS",7,"o0_above_tiny",0.166666666667667,0.375,0.9,0.25,"N2-POOLING","P",0.625,0.375,0.375
"N2","PASS",7,"o0_above_tiny",0.166666666667667,0.375,0.9,0.2500000000001,"N2-POOLING","P",0.625,0.375,0.375
"N2","PASS",7,"o0_above_tiny",0.166666666667667,0.375,0.9,0.2500000099991,"N2-POOLING","P",0.625,0.375,0.375
"N2","PASS",7,"o0_above_tiny",0.166666666667667,0.375,0.9,0.2500000999991,"N2-POOLING","P",0.625,0.375,0.375
"N2","PASS",7,"o0_above_tiny",0.166666666667667,0.375,0.9,0.5,"N2-POOLING","P",0.625,0.375,0.375
"N2","PASS",7,"o0_above_tiny",0.166666666667667,0.375,0.9,0.75,"N2-POOLING","P",0.625,0.375,0.375
"N2","PASS",7,"o0_above_tiny",0.166666666667667,0.375,0.9,0.95,"N2-POOLING","P",0.625,0.375,0.375
"N2","PASS",7,"o0_above_tiny",0.166666666667667,0.375,0.9,0.99999999,"N2-POOLING","P",0.625,0.375,0.375
"N2","PASS",7,"o0_above_tiny",0.166666666667667,0.375,0.9,0.999999999999,"N2-POOLING","P",0.625,0.375,0.375
"N2","PASS",7,"o0_above_tiny",0.166666666667667,0.375,0.9,0.99999999999999,"N2-POOLING","P",0.625,0.375,0.375
"N2","PASS",7,"o0_above_tiny",0.166666666667667,0.375,0.9,1,"N2-POOLING","P",0.625,0.375,0.375
"N2","PASS",7,"o0_above_tiny",0.166666666667667,0.375,0.99,0,"N2-LOW-TYPE-ONLY","S",0.833333333332333,0.166666666667667,0.375
"N2","PASS",7,"o0_above_tiny",0.166666666667667,0.375,0.99,1e-14,"N2-LOW-TYPE-ONLY","S",0.833333333332325,0.166666666667667,0.375
"N2","PASS",7,"o0_above_tiny",0.166666666667667,0.375,0.99,1e-12,"N2-LOW-TYPE-ONLY","S",0.8333333333315,0.166666666667667,0.375
"N2","PASS",7,"o0_above_tiny",0.166666666667667,0.375,0.99,1e-08,"N2-LOW-TYPE-ONLY","S",0.833333324999,0.166666666667667,0.375
"N2","PASS",7,"o0_above_tiny",0.166666666667667,0.375,0.99,0.05,"N2-LOW-TYPE-ONLY","S",0.791666666665717,0.166666666667667,0.375
"N2","PASS",7,"o0_above_tiny",0.166666666667667,0.375,0.99,0.2499998999991,"N2-LOW-TYPE-ONLY","S",0.625000083333333,0.166666666667667,0.375
"N2","PASS",7,"o0_above_tiny",0.166666666667667,0.375,0.99,0.2499999899991,"N2-LOW-TYPE-ONLY","S",0.625000008333333,0.166666666667667,0.375
"N2","PASS",7,"o0_above_tiny",0.166666666667667,0.375,0.99,0.2499999999981,"N2-LOW-TYPE-ONLY","S",0.625000000000833,0.166666666667667,0.375
"N2","PASS",7,"o0_above_tiny",0.166666666667667,0.375,0.99,0.24999999999909,"N2-LOW-TYPE-ONLY","S",0.625000000000008,0.166666666667667,0.375
"N2","PASS",7,"o0_above_tiny",0.166666666667667,0.375,0.99,0.2499999999991,"N2-LOW-TYPE-ONLY","S",0.625,0.166666666667667,0.375
"N2","PASS",7,"o0_above_tiny",0.166666666667667,0.375,0.99,0.24999999999911,"N2-POOLING","P",0.625,0.375,0.375
"N2","PASS",7,"o0_above_tiny",0.166666666667667,0.375,0.99,0.25,"N2-POOLING","P",0.625,0.375,0.375
"N2","PASS",7,"o0_above_tiny",0.166666666667667,0.375,0.99,0.2500000000001,"N2-POOLING","P",0.625,0.375,0.375
"N2","PASS",7,"o0_above_tiny",0.166666666667667,0.375,0.99,0.2500000099991,"N2-POOLING","P",0.625,0.375,0.375
"N2","PASS",7,"o0_above_tiny",0.166666666667667,0.375,0.99,0.2500000999991,"N2-POOLING","P",0.625,0.375,0.375
"N2","PASS",7,"o0_above_tiny",0.166666666667667,0.375,0.99,0.5,"N2-POOLING","P",0.625,0.375,0.375
"N2","PASS",7,"o0_above_tiny",0.166666666667667,0.375,0.99,0.75,"N2-POOLING","P",0.625,0.375,0.375
"N2","PASS",7,"o0_above_tiny",0.166666666667667,0.375,0.99,0.95,"N2-POOLING","P",0.625,0.375,0.375
"N2","PASS",7,"o0_above_tiny",0.166666666667667,0.375,0.99,0.99999999,"N2-POOLING","P",0.625,0.375,0.375
"N2","PASS",7,"o0_above_tiny",0.166666666667667,0.375,0.99,0.999999999999,"N2-POOLING","P",0.625,0.375,0.375
"N2","PASS",7,"o0_above_tiny",0.166666666667667,0.375,0.99,0.99999999999999,"N2-POOLING","P",0.625,0.375,0.375
"N2","PASS",7,"o0_above_tiny",0.166666666667667,0.375,0.99,1,"N2-POOLING","P",0.625,0.375,0.375
"N3","PASS",5,"below",0.0625,0.125,0.5,0,"N3-C01-BELOW-S","S",0.84375,0.03125,0.0625
"N3","PASS",5,"below",0.0625,0.125,0.5,1e-14,"N3-C01-BELOW-S","S",0.843749999999993,0.03125,0.0625
"N3","PASS",5,"below",0.0625,0.125,0.5,1e-12,"N3-C01-BELOW-S","S",0.843749999999281,0.03125,0.0625
"N3","PASS",5,"below",0.0625,0.125,0.5,1e-08,"N3-C01-BELOW-S","S",0.8437499928125,0.03125,0.0625
"N3","PASS",5,"below",0.0625,0.125,0.5,0.0434781608695652,"N3-C01-BELOW-S","S",0.812500071875,0.03125,0.0625
"N3","PASS",5,"below",0.0625,0.125,0.5,0.0434782508695652,"N3-C01-BELOW-S","S",0.8125000071875,0.03125,0.0625
"N3","PASS",5,"below",0.0625,0.125,0.5,0.0434782608685652,"N3-C01-BELOW-S","S",0.812500000000719,0.03125,0.0625
"N3","PASS",5,"below",0.0625,0.125,0.5,0.0434782608695552,"N3-C01-BELOW-S","S",0.812500000000007,0.03125,0.0625
"N3","PASS",5,"below",0.0625,0.125,0.5,0.0434782608695652,"N3-C01-BELOW-S","S",0.8125,0.03125,0.0625
"N3","PASS",5,"below",0.0625,0.125,0.5,0.0434782608695752,"N3-C02-BELOW-P","P",0.8125,0.0625,0.0625
"N3","PASS",5,"below",0.0625,0.125,0.5,0.0434782608705652,"N3-C02-BELOW-P","P",0.8125,0.0625,0.0625
"N3","PASS",5,"below",0.0625,0.125,0.5,0.0434782708695652,"N3-C02-BELOW-P","P",0.8125,0.0625,0.0625
"N3","PASS",5,"below",0.0625,0.125,0.5,0.0434783608695652,"N3-C02-BELOW-P","P",0.8125,0.0625,0.0625
"N3","PASS",5,"below",0.0625,0.125,0.5,0.05,"N3-C02-BELOW-P","P",0.8125,0.0625,0.0625
"N3","PASS",5,"below",0.0625,0.125,0.5,0.0666665666666667,"N3-C02-BELOW-P","P",0.8125,0.0625,0.0625
"N3","PASS",5,"below",0.0625,0.125,0.5,0.0666666566666667,"N3-C02-BELOW-P","P",0.8125,0.0625,0.0625
"N3","PASS",5,"below",0.0625,0.125,0.5,0.0666666666656667,"N3-C02-BELOW-P","P",0.8125,0.0625,0.0625
"N3","PASS",5,"below",0.0625,0.125,0.5,0.0666666666666567,"N3-C02-BELOW-P","P",0.8125,0.0625,0.0625
"N3","PASS",5,"below",0.0625,0.125,0.5,0.0666666666666667,"N3-C02-BELOW-P","P",0.8125,0.0625,0.0625
"N3","PASS",5,"below",0.0625,0.125,0.5,0.0666666666666767,"N3-C02-BELOW-P","P",0.8125,0.0625,0.0625
"N3","PASS",5,"below",0.0625,0.125,0.5,0.0666666666676667,"N3-C02-BELOW-P","P",0.8125,0.0625,0.0625
"N3","PASS",5,"below",0.0625,0.125,0.5,0.0666666766666667,"N3-C02-BELOW-P","P",0.8125,0.0625,0.0625
"N3","PASS",5,"below",0.0625,0.125,0.5,0.0666667666666667,"N3-C02-BELOW-P","P",0.8125,0.0625,0.0625
"N3","PASS",5,"below",0.0625,0.125,0.5,0.130434682608696,"N3-C02-BELOW-P","P",0.8125,0.0625,0.0625
"N3","PASS",5,"below",0.0625,0.125,0.5,0.130434772608696,"N3-C02-BELOW-P","P",0.8125,0.0625,0.0625
"N3","PASS",5,"below",0.0625,0.125,0.5,0.130434782607696,"N3-C02-BELOW-P","P",0.8125,0.0625,0.0625
"N3","PASS",5,"below",0.0625,0.125,0.5,0.130434782608686,"N3-C02-BELOW-P","P",0.8125,0.0625,0.0625
"N3","PASS",5,"below",0.0625,0.125,0.5,0.130434782608696,"N3-C02-BELOW-P","P",0.8125,0.0625,0.0625
"N3","PASS",5,"below",0.0625,0.125,0.5,0.130434782608706,"N3-C02-BELOW-P","P",0.8125,0.0625,0.0625
"N3","PASS",5,"below",0.0625,0.125,0.5,0.130434782609696,"N3-C02-BELOW-P","P",0.8125,0.0625,0.0625
"N3","PASS",5,"below",0.0625,0.125,0.5,0.130434792608696,"N3-C02-BELOW-P","P",0.8125,0.0625,0.0625
"N3","PASS",5,"below",0.0625,0.125,0.5,0.130434882608696,"N3-C02-BELOW-P","P",0.8125,0.0625,0.0625
"N3","PASS",5,"below",0.0625,0.125,0.5,0.25,"N3-C02-BELOW-P","P",0.8125,0.0625,0.0625
"N3","PASS",5,"below",0.0625,0.125,0.5,0.5,"N3-C02-BELOW-P","P",0.8125,0.0625,0.0625
"N3","PASS",5,"below",0.0625,0.125,0.5,0.75,"N3-C02-BELOW-P","P",0.8125,0.0625,0.0625
"N3","PASS",5,"below",0.0625,0.125,0.5,0.95,"N3-C02-BELOW-P","P",0.8125,0.0625,0.0625
"N3","PASS",5,"below",0.0625,0.125,0.5,0.99999999,"N3-C02-BELOW-P","P",0.8125,0.0625,0.0625
"N3","PASS",5,"below",0.0625,0.125,0.5,0.999999999999,"N3-C02-BELOW-P","P",0.8125,0.0625,0.0625
"N3","PASS",5,"below",0.0625,0.125,0.5,0.99999999999999,"N3-C02-BELOW-P","P",0.8125,0.0625,0.0625
"N3","PASS",5,"below",0.0625,0.125,0.5,1,"N3-C02-BELOW-P","P",0.8125,0.0625,0.0625
"N3","PASS",5,"below",0.0625,0.125,0.9,0,"N3-C01-BELOW-S","S",0.71875,0.05625,0.1125
"N3","PASS",5,"below",0.0625,0.125,0.9,1e-14,"N3-C01-BELOW-S","S",0.718749999999995,0.05625,0.1125
"N3","PASS",5,"below",0.0625,0.125,0.9,1e-12,"N3-C01-BELOW-S","S",0.718749999999506,0.05625,0.1125
"N3","PASS",5,"below",0.0625,0.125,0.9,1e-08,"N3-C01-BELOW-S","S",0.7187499950625,0.05625,0.1125
"N3","PASS",5,"below",0.0625,0.125,0.9,0.05,"N3-C01-BELOW-S","S",0.6940625,0.05625,0.1125
"N3","PASS",5,"below",0.0625,0.125,0.9,0.0666665666666667,"N3-C01-BELOW-S","S",0.685833382708333,0.05625,0.1125
"N3","PASS",5,"below",0.0625,0.125,0.9,0.0666666566666667,"N3-C01-BELOW-S","S",0.685833338270833,0.05625,0.1125
"N3","PASS",5,"below",0.0625,0.125,0.9,0.0666666666656667,"N3-C01-BELOW-S","S",0.685833333333827,0.05625,0.1125
"N3","PASS",5,"below",0.0625,0.125,0.9,0.0666666666666567,"N3-C01-BELOW-S","S",0.685833333333338,0.05625,0.1125
"N3","PASS",5,"below",0.0625,0.125,0.9,0.0666666666666667,"N3-C01-BELOW-S","S",0.685833333333333,0.05625,0.1125
"N3","PASS",5,"below",0.0625,0.125,0.9,0.0666666666666767,"N3-C01-BELOW-S","S",0.685833333333328,0.05625,0.1125
"N3","PASS",5,"below",0.0625,0.125,0.9,0.0666666666676667,"N3-C01-BELOW-S","S",0.68583333333284,0.05625,0.1125
"N3","PASS",5,"below",0.0625,0.125,0.9,0.0666666766666667,"N3-C01-BELOW-S","S",0.685833328395833,0.05625,0.1125
"N3","PASS",5,"below",0.0625,0.125,0.9,0.0666667666666667,"N3-C01-BELOW-S","S",0.685833283958333,0.05625,0.1125
"N3","PASS",5,"below",0.0625,0.125,0.9,0.113923950632911,"N3-C01-BELOW-S","S",0.662500049375,0.05625,0.1125
"N3","PASS",5,"below",0.0625,0.125,0.9,0.113924040632911,"N3-C01-BELOW-S","S",0.6625000049375,0.05625,0.1125
"N3","PASS",5,"below",0.0625,0.125,0.9,0.113924050631911,"N3-C01-BELOW-S","S",0.662500000000494,0.05625,0.1125
"N3","PASS",5,"below",0.0625,0.125,0.9,0.113924050632901,"N3-C01-BELOW-S","S",0.662500000000005,0.05625,0.1125
"N3","PASS",5,"below",0.0625,0.125,0.9,0.113924050632911,"N3-C01-BELOW-S","S",0.6625,0.05625,0.1125
"N3","PASS",5,"below",0.0625,0.125,0.9,0.113924050632921,"N3-C02-BELOW-P","P",0.6625,0.1125,0.1125
"N3","PASS",5,"below",0.0625,0.125,0.9,0.113924050633911,"N3-C02-BELOW-P","P",0.6625,0.1125,0.1125
"N3","PASS",5,"below",0.0625,0.125,0.9,0.113924060632911,"N3-C02-BELOW-P","P",0.6625,0.1125,0.1125
"N3","PASS",5,"below",0.0625,0.125,0.9,0.113924150632911,"N3-C02-BELOW-P","P",0.6625,0.1125,0.1125
"N3","PASS",5,"below",0.0625,0.125,0.9,0.25,"N3-C02-BELOW-P","P",0.6625,0.1125,0.1125
"N3","PASS",5,"below",0.0625,0.125,0.9,0.341772051898734,"N3-C02-BELOW-P","P",0.6625,0.1125,0.1125
"N3","PASS",5,"below",0.0625,0.125,0.9,0.341772141898734,"N3-C02-BELOW-P","P",0.6625,0.1125,0.1125
"N3","PASS",5,"below",0.0625,0.125,0.9,0.341772151897734,"N3-C02-BELOW-P","P",0.6625,0.1125,0.1125
"N3","PASS",5,"below",0.0625,0.125,0.9,0.341772151898724,"N3-C02-BELOW-P","P",0.6625,0.1125,0.1125
"N3","PASS",5,"below",0.0625,0.125,0.9,0.341772151898734,"N3-C02-BELOW-P","P",0.6625,0.1125,0.1125
"N3","PASS",5,"below",0.0625,0.125,0.9,0.341772151898744,"N3-C02-BELOW-P","P",0.6625,0.1125,0.1125
"N3","PASS",5,"below",0.0625,0.125,0.9,0.341772151899734,"N3-C02-BELOW-P","P",0.6625,0.1125,0.1125
"N3","PASS",5,"below",0.0625,0.125,0.9,0.341772161898734,"N3-C02-BELOW-P","P",0.6625,0.1125,0.1125
"N3","PASS",5,"below",0.0625,0.125,0.9,0.341772251898734,"N3-C02-BELOW-P","P",0.6625,0.1125,0.1125
"N3","PASS",5,"below",0.0625,0.125,0.9,0.5,"N3-C02-BELOW-P","P",0.6625,0.1125,0.1125
"N3","PASS",5,"below",0.0625,0.125,0.9,0.75,"N3-C02-BELOW-P","P",0.6625,0.1125,0.1125
"N3","PASS",5,"below",0.0625,0.125,0.9,0.95,"N3-C02-BELOW-P","P",0.6625,0.1125,0.1125
"N3","PASS",5,"below",0.0625,0.125,0.9,0.99999999,"N3-C02-BELOW-P","P",0.6625,0.1125,0.1125
"N3","PASS",5,"below",0.0625,0.125,0.9,0.999999999999,"N3-C02-BELOW-P","P",0.6625,0.1125,0.1125
"N3","PASS",5,"below",0.0625,0.125,0.9,0.99999999999999,"N3-C02-BELOW-P","P",0.6625,0.1125,0.1125
"N3","PASS",5,"below",0.0625,0.125,0.9,1,"N3-C02-BELOW-P","P",0.6625,0.1125,0.1125
"N3","PASS",5,"below",0.0625,0.125,0.99,0,"N3-C01-BELOW-S","S",0.690625,0.061875,0.12375
"N3","PASS",5,"below",0.0625,0.125,0.99,1e-14,"N3-C01-BELOW-S","S",0.690624999999995,0.061875,0.12375
"N3","PASS",5,"below",0.0625,0.125,0.99,1e-12,"N3-C01-BELOW-S","S",0.690624999999557,0.061875,0.12375
"N3","PASS",5,"below",0.0625,0.125,0.99,1e-08,"N3-C01-BELOW-S","S",0.69062499556875,0.061875,0.12375
"N3","PASS",5,"below",0.0625,0.125,0.99,0.05,"N3-C01-BELOW-S","S",0.66846875,0.061875,0.12375
"N3","PASS",5,"below",0.0625,0.125,0.99,0.0666665666666667,"N3-C01-BELOW-S","S",0.661083377645833,0.061875,0.12375
"N3","PASS",5,"below",0.0625,0.125,0.99,0.0666666566666667,"N3-C01-BELOW-S","S",0.661083337764583,0.061875,0.12375
"N3","PASS",5,"below",0.0625,0.125,0.99,0.0666666666656667,"N3-C01-BELOW-S","S",0.661083333333776,0.061875,0.12375
"N3","PASS",5,"below",0.0625,0.125,0.99,0.0666666666666567,"N3-C01-BELOW-S","S",0.661083333333338,0.061875,0.12375
"N3","PASS",5,"below",0.0625,0.125,0.99,0.0666666666666667,"N3-C01-BELOW-S","S",0.661083333333333,0.061875,0.12375
"N3","PASS",5,"below",0.0625,0.125,0.99,0.0666666666666767,"N3-C01-BELOW-S","S",0.661083333333329,0.061875,0.12375
"N3","PASS",5,"below",0.0625,0.125,0.99,0.0666666666676667,"N3-C01-BELOW-S","S",0.66108333333289,0.061875,0.12375
"N3","PASS",5,"below",0.0625,0.125,0.99,0.0666666766666667,"N3-C01-BELOW-S","S",0.661083328902083,0.061875,0.12375
"N3","PASS",5,"below",0.0625,0.125,0.99,0.0666667666666667,"N3-C01-BELOW-S","S",0.661083289020833,0.061875,0.12375
"N3","PASS",5,"below",0.0625,0.125,0.99,0.139633186318759,"N3-C01-BELOW-S","S",0.6287500443125,0.061875,0.12375
"N3","PASS",5,"below",0.0625,0.125,0.99,0.139633276318759,"N3-C01-BELOW-S","S",0.62875000443125,0.061875,0.12375
"N3","PASS",5,"below",0.0625,0.125,0.99,0.139633286317759,"N3-C01-BELOW-S","S",0.628750000000443,0.061875,0.12375
"N3","PASS",5,"below",0.0625,0.125,0.99,0.139633286318749,"N3-C01-BELOW-S","S",0.628750000000004,0.061875,0.12375
"N3","PASS",5,"below",0.0625,0.125,0.99,0.139633286318759,"N3-C01-BELOW-S","S",0.62875,0.061875,0.12375
"N3","PASS",5,"below",0.0625,0.125,0.99,0.139633286318769,"N3-C02-BELOW-P","P",0.62875,0.12375,0.12375
"N3","PASS",5,"below",0.0625,0.125,0.99,0.139633286319759,"N3-C02-BELOW-P","P",0.62875,0.12375,0.12375
"N3","PASS",5,"below",0.0625,0.125,0.99,0.139633296318759,"N3-C02-BELOW-P","P",0.62875,0.12375,0.12375
"N3","PASS",5,"below",0.0625,0.125,0.99,0.139633386318759,"N3-C02-BELOW-P","P",0.62875,0.12375,0.12375
"N3","PASS",5,"below",0.0625,0.125,0.99,0.25,"N3-C02-BELOW-P","P",0.62875,0.12375,0.12375
"N3","PASS",5,"below",0.0625,0.125,0.99,0.418899758956276,"N3-C02-BELOW-P","P",0.62875,0.12375,0.12375
"N3","PASS",5,"below",0.0625,0.125,0.99,0.418899848956276,"N3-C02-BELOW-P","P",0.62875,0.12375,0.12375
"N3","PASS",5,"below",0.0625,0.125,0.99,0.418899858955276,"N3-C02-BELOW-P","P",0.62875,0.12375,0.12375
"N3","PASS",5,"below",0.0625,0.125,0.99,0.418899858956266,"N3-C02-BELOW-P","P",0.62875,0.12375,0.12375
"N3","PASS",5,"below",0.0625,0.125,0.99,0.418899858956276,"N3-C02-BELOW-P","P",0.62875,0.12375,0.12375
"N3","PASS",5,"below",0.0625,0.125,0.99,0.418899858956286,"N3-C02-BELOW-P","P",0.62875,0.12375,0.12375
"N3","PASS",5,"below",0.0625,0.125,0.99,0.418899858957276,"N3-C02-BELOW-P","P",0.62875,0.12375,0.12375
"N3","PASS",5,"below",0.0625,0.125,0.99,0.418899868956276,"N3-C02-BELOW-P","P",0.62875,0.12375,0.12375
"N3","PASS",5,"below",0.0625,0.125,0.99,0.418899958956276,"N3-C02-BELOW-P","P",0.62875,0.12375,0.12375
"N3","PASS",5,"below",0.0625,0.125,0.99,0.5,"N3-C02-BELOW-P","P",0.62875,0.12375,0.12375
"N3","PASS",5,"below",0.0625,0.125,0.99,0.75,"N3-C02-BELOW-P","P",0.62875,0.12375,0.12375
"N3","PASS",5,"below",0.0625,0.125,0.99,0.95,"N3-C02-BELOW-P","P",0.62875,0.12375,0.12375
"N3","PASS",5,"below",0.0625,0.125,0.99,0.99999999,"N3-C02-BELOW-P","P",0.62875,0.12375,0.12375
"N3","PASS",5,"below",0.0625,0.125,0.99,0.999999999999,"N3-C02-BELOW-P","P",0.62875,0.12375,0.12375
"N3","PASS",5,"below",0.0625,0.125,0.99,0.99999999999999,"N3-C02-BELOW-P","P",0.62875,0.12375,0.12375
"N3","PASS",5,"below",0.0625,0.125,0.99,1,"N3-C02-BELOW-P","P",0.62875,0.12375,0.12375
"N3","PASS",5,"o1_equal_low",0.0625,0.25,0.5,0,"N3-C08-O1-EQUAL-S","S",0.84375,0.03125,0.125
"N3","PASS",5,"o1_equal_low",0.0625,0.25,0.5,1e-14,"N3-C08-O1-EQUAL-S","S",0.843749999999993,0.03125,0.125
"N3","PASS",5,"o1_equal_low",0.0625,0.25,0.5,1e-12,"N3-C08-O1-EQUAL-S","S",0.843749999999281,0.03125,0.125
"N3","PASS",5,"o1_equal_low",0.0625,0.25,0.5,1e-08,"N3-C08-O1-EQUAL-S","S",0.8437499928125,0.03125,0.125
"N3","PASS",5,"o1_equal_low",0.0625,0.25,0.5,0.05,"N3-C08-O1-EQUAL-S","S",0.8078125,0.03125,0.125
"N3","PASS",5,"o1_equal_low",0.0625,0.25,0.5,0.130434682608696,"N3-C08-O1-EQUAL-S","S",0.750000071875,0.03125,0.125
"N3","PASS",5,"o1_equal_low",0.0625,0.25,0.5,0.130434772608696,"N3-C08-O1-EQUAL-S","S",0.7500000071875,0.03125,0.125
"N3","PASS",5,"o1_equal_low",0.0625,0.25,0.5,0.130434782607696,"N3-C08-O1-EQUAL-S","S",0.750000000000719,0.03125,0.125
"N3","PASS",5,"o1_equal_low",0.0625,0.25,0.5,0.130434782608686,"N3-C08-O1-EQUAL-S","S",0.750000000000007,0.03125,0.125
"N3","PASS",5,"o1_equal_low",0.0625,0.25,0.5,0.130434782608696,"N3-C08-O1-EQUAL-S","S",0.75,0.03125,0.125
"N3","PASS",5,"o1_equal_low",0.0625,0.25,0.5,0.130434782608706,"N3-C09-O1-EQUAL-E","E",0.75,0.0625,0.25
"N3","PASS",5,"o1_equal_low",0.0625,0.25,0.5,0.130434782609696,"N3-C09-O1-EQUAL-E","E",0.75,0.0625,0.25
"N3","PASS",5,"o1_equal_low",0.0625,0.25,0.5,0.130434792608696,"N3-C09-O1-EQUAL-E","E",0.75,0.0625,0.25
"N3","PASS",5,"o1_equal_low",0.0625,0.25,0.5,0.130434882608696,"N3-C09-O1-EQUAL-E","E",0.75,0.0625,0.25
"N3","PASS",5,"o1_equal_low",0.0625,0.25,0.5,0.1999999,"N3-C09-O1-EQUAL-E","E",0.75,0.0625,0.25
"N3","PASS",5,"o1_equal_low",0.0625,0.25,0.5,0.19999999,"N3-C09-O1-EQUAL-E","E",0.75,0.0625,0.25
"N3","PASS",5,"o1_equal_low",0.0625,0.25,0.5,0.199999999999,"N3-C09-O1-EQUAL-E","E",0.75,0.0625,0.25
"N3","PASS",5,"o1_equal_low",0.0625,0.25,0.5,0.19999999999999,"N3-C09-O1-EQUAL-E","E",0.75,0.0625,0.25
"N3","PASS",5,"o1_equal_low",0.0625,0.25,0.5,0.2,"N3-C09-O1-EQUAL-E","E",0.75,0.0625,0.25
"N3","PASS",5,"o1_equal_low",0.0625,0.25,0.5,0.20000000000001,"N3-C09-O1-EQUAL-E","E",0.75,0.0625,0.25
"N3","PASS",5,"o1_equal_low",0.0625,0.25,0.5,0.200000000001,"N3-C09-O1-EQUAL-E","E",0.75,0.0625,0.25
"N3","PASS",5,"o1_equal_low",0.0625,0.25,0.5,0.20000001,"N3-C09-O1-EQUAL-E","E",0.75,0.0625,0.25
"N3","PASS",5,"o1_equal_low",0.0625,0.25,0.5,0.2000001,"N3-C09-O1-EQUAL-E","E",0.75,0.0625,0.25
"N3","PASS",5,"o1_equal_low",0.0625,0.25,0.5,0.25,"N3-C09-O1-EQUAL-E","E",0.75,0.0625,0.25
"N3","PASS",5,"o1_equal_low",0.0625,0.25,0.5,0.333333233333333,"N3-C09-O1-EQUAL-E","E",0.75,0.0625,0.25
"N3","PASS",5,"o1_equal_low",0.0625,0.25,0.5,0.333333323333333,"N3-C09-O1-EQUAL-E","E",0.75,0.0625,0.25
"N3","PASS",5,"o1_equal_low",0.0625,0.25,0.5,0.333333333332333,"N3-C09-O1-EQUAL-E","E",0.75,0.0625,0.25
"N3","PASS",5,"o1_equal_low",0.0625,0.25,0.5,0.333333333333323,"N3-C09-O1-EQUAL-E","E",0.75,0.0625,0.25
"N3","PASS",5,"o1_equal_low",0.0625,0.25,0.5,0.333333333333333,"N3-C11-O1-EQUAL-EP","E+P",0.75,NA,NA
"N3","PASS",5,"o1_equal_low",0.0625,0.25,0.5,0.333333333333343,"N3-C10-O1-EQUAL-P","P",0.75,0.125,0.125
"N3","PASS",5,"o1_equal_low",0.0625,0.25,0.5,0.333333333334333,"N3-C10-O1-EQUAL-P","P",0.75,0.125,0.125
"N3","PASS",5,"o1_equal_low",0.0625,0.25,0.5,0.333333343333333,"N3-C10-O1-EQUAL-P","P",0.75,0.125,0.125
"N3","PASS",5,"o1_equal_low",0.0625,0.25,0.5,0.333333433333333,"N3-C10-O1-EQUAL-P","P",0.75,0.125,0.125
"N3","PASS",5,"o1_equal_low",0.0625,0.25,0.5,0.5,"N3-C10-O1-EQUAL-P","P",0.75,0.125,0.125
"N3","PASS",5,"o1_equal_low",0.0625,0.25,0.5,0.75,"N3-C10-O1-EQUAL-P","P",0.75,0.125,0.125
"N3","PASS",5,"o1_equal_low",0.0625,0.25,0.5,0.95,"N3-C10-O1-EQUAL-P","P",0.75,0.125,0.125
"N3","PASS",5,"o1_equal_low",0.0625,0.25,0.5,0.99999999,"N3-C10-O1-EQUAL-P","P",0.75,0.125,0.125
"N3","PASS",5,"o1_equal_low",0.0625,0.25,0.5,0.999999999999,"N3-C10-O1-EQUAL-P","P",0.75,0.125,0.125
"N3","PASS",5,"o1_equal_low",0.0625,0.25,0.5,0.99999999999999,"N3-C10-O1-EQUAL-P","P",0.75,0.125,0.125
"N3","PASS",5,"o1_equal_low",0.0625,0.25,0.5,1,"N3-C10-O1-EQUAL-P","P",0.75,0.125,0.125
"N3","PASS",5,"o1_equal_low",0.0625,0.25,0.9,0,"N3-C08-O1-EQUAL-S","S",0.71875,0.05625,0.225
"N3","PASS",5,"o1_equal_low",0.0625,0.25,0.9,1e-14,"N3-C08-O1-EQUAL-S","S",0.718749999999995,0.05625,0.225
"N3","PASS",5,"o1_equal_low",0.0625,0.25,0.9,1e-12,"N3-C08-O1-EQUAL-S","S",0.718749999999506,0.05625,0.225
"N3","PASS",5,"o1_equal_low",0.0625,0.25,0.9,1e-08,"N3-C08-O1-EQUAL-S","S",0.7187499950625,0.05625,0.225
"N3","PASS",5,"o1_equal_low",0.0625,0.25,0.9,0.05,"N3-C08-O1-EQUAL-S","S",0.6940625,0.05625,0.225
"N3","PASS",5,"o1_equal_low",0.0625,0.25,0.9,0.1999999,"N3-C08-O1-EQUAL-S","S",0.620000049375,0.05625,0.225
"N3","PASS",5,"o1_equal_low",0.0625,0.25,0.9,0.19999999,"N3-C08-O1-EQUAL-S","S",0.6200000049375,0.05625,0.225
"N3","PASS",5,"o1_equal_low",0.0625,0.25,0.9,0.199999999999,"N3-C08-O1-EQUAL-S","S",0.620000000000494,0.05625,0.225
"N3","PASS",5,"o1_equal_low",0.0625,0.25,0.9,0.19999999999999,"N3-C08-O1-EQUAL-S","S",0.620000000000005,0.05625,0.225
"N3","PASS",5,"o1_equal_low",0.0625,0.25,0.9,0.2,"N3-C08-O1-EQUAL-S","S",0.62,0.05625,0.225
"N3","PASS",5,"o1_equal_low",0.0625,0.25,0.9,0.20000000000001,"N3-C08-O1-EQUAL-S","S",0.619999999999995,0.05625,0.225
"N3","PASS",5,"o1_equal_low",0.0625,0.25,0.9,0.200000000001,"N3-C08-O1-EQUAL-S","S",0.619999999999506,0.05625,0.225
"N3","PASS",5,"o1_equal_low",0.0625,0.25,0.9,0.20000001,"N3-C08-O1-EQUAL-S","S",0.6199999950625,0.05625,0.225
"N3","PASS",5,"o1_equal_low",0.0625,0.25,0.9,0.2000001,"N3-C08-O1-EQUAL-S","S",0.619999950625,0.05625,0.225
"N3","PASS",5,"o1_equal_low",0.0625,0.25,0.9,0.25,"N3-C08-O1-EQUAL-S","S",0.5953125,0.05625,0.225
"N3","PASS",5,"o1_equal_low",0.0625,0.25,0.9,0.341772051898734,"N3-C08-O1-EQUAL-S","S",0.550000049375,0.05625,0.225
"N3","PASS",5,"o1_equal_low",0.0625,0.25,0.9,0.341772141898734,"N3-C08-O1-EQUAL-S","S",0.5500000049375,0.05625,0.225
"N3","PASS",5,"o1_equal_low",0.0625,0.25,0.9,0.341772151897734,"N3-C08-O1-EQUAL-S","S",0.550000000000494,0.05625,0.225
"N3","PASS",5,"o1_equal_low",0.0625,0.25,0.9,0.341772151898724,"N3-C08-O1-EQUAL-S","S",0.550000000000005,0.05625,0.225
"N3","PASS",5,"o1_equal_low",0.0625,0.25,0.9,0.341772151898734,"N3-C08-O1-EQUAL-S","S",0.55,0.05625,0.225
"N3","PASS",5,"o1_equal_low",0.0625,0.25,0.9,0.341772151898744,"N3-C09-O1-EQUAL-E","E",0.55,0.0625,0.25
"N3","PASS",5,"o1_equal_low",0.0625,0.25,0.9,0.341772151899734,"N3-C09-O1-EQUAL-E","E",0.55,0.0625,0.25
"N3","PASS",5,"o1_equal_low",0.0625,0.25,0.9,0.341772161898734,"N3-C09-O1-EQUAL-E","E",0.55,0.0625,0.25
"N3","PASS",5,"o1_equal_low",0.0625,0.25,0.9,0.341772251898734,"N3-C09-O1-EQUAL-E","E",0.55,0.0625,0.25
"N3","PASS",5,"o1_equal_low",0.0625,0.25,0.9,0.5,"N3-C09-O1-EQUAL-E","E",0.55,0.0625,0.25
"N3","PASS",5,"o1_equal_low",0.0625,0.25,0.9,0.75,"N3-C09-O1-EQUAL-E","E",0.55,0.0625,0.25
"N3","PASS",5,"o1_equal_low",0.0625,0.25,0.9,0.866666566666667,"N3-C09-O1-EQUAL-E","E",0.55,0.0625,0.25
"N3","PASS",5,"o1_equal_low",0.0625,0.25,0.9,0.866666656666667,"N3-C09-O1-EQUAL-E","E",0.55,0.0625,0.25
"N3","PASS",5,"o1_equal_low",0.0625,0.25,0.9,0.866666666665667,"N3-C09-O1-EQUAL-E","E",0.55,0.0625,0.25
"N3","PASS",5,"o1_equal_low",0.0625,0.25,0.9,0.866666666666657,"N3-C09-O1-EQUAL-E","E",0.55,0.0625,0.25
"N3","PASS",5,"o1_equal_low",0.0625,0.25,0.9,0.866666666666667,"N3-C11-O1-EQUAL-EP","E+P",0.55,NA,NA
"N3","PASS",5,"o1_equal_low",0.0625,0.25,0.9,0.866666666666677,"N3-C10-O1-EQUAL-P","P",0.55,0.225,0.225
"N3","PASS",5,"o1_equal_low",0.0625,0.25,0.9,0.866666666667667,"N3-C10-O1-EQUAL-P","P",0.55,0.225,0.225
"N3","PASS",5,"o1_equal_low",0.0625,0.25,0.9,0.866666676666667,"N3-C10-O1-EQUAL-P","P",0.55,0.225,0.225
"N3","PASS",5,"o1_equal_low",0.0625,0.25,0.9,0.866666766666667,"N3-C10-O1-EQUAL-P","P",0.55,0.225,0.225
"N3","PASS",5,"o1_equal_low",0.0625,0.25,0.9,0.95,"N3-C10-O1-EQUAL-P","P",0.55,0.225,0.225
"N3","PASS",5,"o1_equal_low",0.0625,0.25,0.9,0.99999999,"N3-C10-O1-EQUAL-P","P",0.55,0.225,0.225
"N3","PASS",5,"o1_equal_low",0.0625,0.25,0.9,0.999999999999,"N3-C10-O1-EQUAL-P","P",0.55,0.225,0.225
"N3","PASS",5,"o1_equal_low",0.0625,0.25,0.9,0.99999999999999,"N3-C10-O1-EQUAL-P","P",0.55,0.225,0.225
"N3","PASS",5,"o1_equal_low",0.0625,0.25,0.9,1,"N3-C10-O1-EQUAL-P","P",0.55,0.225,0.225
"N3","PASS",5,"o1_equal_low",0.0625,0.25,0.99,0,"N3-C08-O1-EQUAL-S","S",0.690625,0.061875,0.2475
"N3","PASS",5,"o1_equal_low",0.0625,0.25,0.99,1e-14,"N3-C08-O1-EQUAL-S","S",0.690624999999995,0.061875,0.2475
"N3","PASS",5,"o1_equal_low",0.0625,0.25,0.99,1e-12,"N3-C08-O1-EQUAL-S","S",0.690624999999557,0.061875,0.2475
"N3","PASS",5,"o1_equal_low",0.0625,0.25,0.99,1e-08,"N3-C08-O1-EQUAL-S","S",0.69062499556875,0.061875,0.2475
"N3","PASS",5,"o1_equal_low",0.0625,0.25,0.99,0.05,"N3-C08-O1-EQUAL-S","S",0.66846875,0.061875,0.2475
"N3","PASS",5,"o1_equal_low",0.0625,0.25,0.99,0.1999999,"N3-C08-O1-EQUAL-S","S",0.6020000443125,0.061875,0.2475
"N3","PASS",5,"o1_equal_low",0.0625,0.25,0.99,0.19999999,"N3-C08-O1-EQUAL-S","S",0.60200000443125,0.061875,0.2475
"N3","PASS",5,"o1_equal_low",0.0625,0.25,0.99,0.199999999999,"N3-C08-O1-EQUAL-S","S",0.602000000000443,0.061875,0.2475
"N3","PASS",5,"o1_equal_low",0.0625,0.25,0.99,0.19999999999999,"N3-C08-O1-EQUAL-S","S",0.602000000000004,0.061875,0.2475
"N3","PASS",5,"o1_equal_low",0.0625,0.25,0.99,0.2,"N3-C08-O1-EQUAL-S","S",0.602,0.061875,0.2475
"N3","PASS",5,"o1_equal_low",0.0625,0.25,0.99,0.20000000000001,"N3-C08-O1-EQUAL-S","S",0.601999999999996,0.061875,0.2475
"N3","PASS",5,"o1_equal_low",0.0625,0.25,0.99,0.200000000001,"N3-C08-O1-EQUAL-S","S",0.601999999999557,0.061875,0.2475
"N3","PASS",5,"o1_equal_low",0.0625,0.25,0.99,0.20000001,"N3-C08-O1-EQUAL-S","S",0.60199999556875,0.061875,0.2475
"N3","PASS",5,"o1_equal_low",0.0625,0.25,0.99,0.2000001,"N3-C08-O1-EQUAL-S","S",0.6019999556875,0.061875,0.2475
"N3","PASS",5,"o1_equal_low",0.0625,0.25,0.99,0.25,"N3-C08-O1-EQUAL-S","S",0.57984375,0.061875,0.2475
"N3","PASS",5,"o1_equal_low",0.0625,0.25,0.99,0.418899758956276,"N3-C08-O1-EQUAL-S","S",0.5050000443125,0.061875,0.2475
"N3","PASS",5,"o1_equal_low",0.0625,0.25,0.99,0.418899848956276,"N3-C08-O1-EQUAL-S","S",0.50500000443125,0.061875,0.2475
"N3","PASS",5,"o1_equal_low",0.0625,0.25,0.99,0.418899858955276,"N3-C08-O1-EQUAL-S","S",0.505000000000443,0.061875,0.2475
"N3","PASS",5,"o1_equal_low",0.0625,0.25,0.99,0.418899858956266,"N3-C08-O1-EQUAL-S","S",0.505000000000004,0.061875,0.2475
"N3","PASS",5,"o1_equal_low",0.0625,0.25,0.99,0.418899858956276,"N3-C08-O1-EQUAL-S","S",0.505,0.061875,0.2475
"N3","PASS",5,"o1_equal_low",0.0625,0.25,0.99,0.418899858956286,"N3-C09-O1-EQUAL-E","E",0.505,0.0625,0.25
"N3","PASS",5,"o1_equal_low",0.0625,0.25,0.99,0.418899858957276,"N3-C09-O1-EQUAL-E","E",0.505,0.0625,0.25
"N3","PASS",5,"o1_equal_low",0.0625,0.25,0.99,0.418899868956276,"N3-C09-O1-EQUAL-E","E",0.505,0.0625,0.25
"N3","PASS",5,"o1_equal_low",0.0625,0.25,0.99,0.418899958956276,"N3-C09-O1-EQUAL-E","E",0.505,0.0625,0.25
"N3","PASS",5,"o1_equal_low",0.0625,0.25,0.99,0.5,"N3-C09-O1-EQUAL-E","E",0.505,0.0625,0.25
"N3","PASS",5,"o1_equal_low",0.0625,0.25,0.99,0.75,"N3-C09-O1-EQUAL-E","E",0.505,0.0625,0.25
"N3","PASS",5,"o1_equal_low",0.0625,0.25,0.99,0.95,"N3-C09-O1-EQUAL-E","E",0.505,0.0625,0.25
"N3","PASS",5,"o1_equal_low",0.0625,0.25,0.99,0.986666566666667,"N3-C09-O1-EQUAL-E","E",0.505,0.0625,0.25
"N3","PASS",5,"o1_equal_low",0.0625,0.25,0.99,0.986666656666667,"N3-C09-O1-EQUAL-E","E",0.505,0.0625,0.25
"N3","PASS",5,"o1_equal_low",0.0625,0.25,0.99,0.986666666665667,"N3-C09-O1-EQUAL-E","E",0.505,0.0625,0.25
"N3","PASS",5,"o1_equal_low",0.0625,0.25,0.99,0.986666666666657,"N3-C09-O1-EQUAL-E","E",0.505,0.0625,0.25
"N3","PASS",5,"o1_equal_low",0.0625,0.25,0.99,0.986666666666667,"N3-C11-O1-EQUAL-EP","E+P",0.505,NA,NA
"N3","PASS",5,"o1_equal_low",0.0625,0.25,0.99,0.986666666666677,"N3-C10-O1-EQUAL-P","P",0.505,0.2475,0.2475
"N3","PASS",5,"o1_equal_low",0.0625,0.25,0.99,0.986666666667667,"N3-C10-O1-EQUAL-P","P",0.505,0.2475,0.2475
"N3","PASS",5,"o1_equal_low",0.0625,0.25,0.99,0.986666676666667,"N3-C10-O1-EQUAL-P","P",0.505,0.2475,0.2475
"N3","PASS",5,"o1_equal_low",0.0625,0.25,0.99,0.986666766666667,"N3-C10-O1-EQUAL-P","P",0.505,0.2475,0.2475
"N3","PASS",5,"o1_equal_low",0.0625,0.25,0.99,0.99999999,"N3-C10-O1-EQUAL-P","P",0.505,0.2475,0.2475
"N3","PASS",5,"o1_equal_low",0.0625,0.25,0.99,0.999999999999,"N3-C10-O1-EQUAL-P","P",0.505,0.2475,0.2475
"N3","PASS",5,"o1_equal_low",0.0625,0.25,0.99,0.99999999999999,"N3-C10-O1-EQUAL-P","P",0.505,0.2475,0.2475
"N3","PASS",5,"o1_equal_low",0.0625,0.25,0.99,1,"N3-C10-O1-EQUAL-P","P",0.505,0.2475,0.2475
"N3","PASS",5,"o1_equal_mid",0.125,0.25,0.5,0,"N3-C08-O1-EQUAL-S","S",0.8125,0.0625,0.125
"N3","PASS",5,"o1_equal_mid",0.125,0.25,0.5,1e-14,"N3-C08-O1-EQUAL-S","S",0.812499999999993,0.0625,0.125
"N3","PASS",5,"o1_equal_mid",0.125,0.25,0.5,1e-12,"N3-C08-O1-EQUAL-S","S",0.812499999999313,0.0625,0.125
"N3","PASS",5,"o1_equal_mid",0.125,0.25,0.5,1e-08,"N3-C08-O1-EQUAL-S","S",0.812499993125,0.0625,0.125
"N3","PASS",5,"o1_equal_mid",0.125,0.25,0.5,1e-07,"N3-C08-O1-EQUAL-S","S",0.81249993125,0.0625,0.125
"N3","PASS",5,"o1_equal_mid",0.125,0.25,0.5,0.05,"N3-C08-O1-EQUAL-S","S",0.778125,0.0625,0.125
"N3","PASS",5,"o1_equal_mid",0.125,0.25,0.5,0.0909089909090909,"N3-C08-O1-EQUAL-S","S",0.75000006875,0.0625,0.125
"N3","PASS",5,"o1_equal_mid",0.125,0.25,0.5,0.0909090809090909,"N3-C08-O1-EQUAL-S","S",0.750000006875,0.0625,0.125
"N3","PASS",5,"o1_equal_mid",0.125,0.25,0.5,0.0909090909080909,"N3-C08-O1-EQUAL-S","S",0.750000000000687,0.0625,0.125
"N3","PASS",5,"o1_equal_mid",0.125,0.25,0.5,0.0909090909090809,"N3-C08-O1-EQUAL-S","S",0.750000000000007,0.0625,0.125
"N3","PASS",5,"o1_equal_mid",0.125,0.25,0.5,0.0909090909090909,"N3-C08-O1-EQUAL-S","S",0.75,0.0625,0.125
"N3","PASS",5,"o1_equal_mid",0.125,0.25,0.5,0.0909090909091009,"N3-C10-O1-EQUAL-P","P",0.75,0.125,0.125
"N3","PASS",5,"o1_equal_mid",0.125,0.25,0.5,0.0909090909100909,"N3-C10-O1-EQUAL-P","P",0.75,0.125,0.125
"N3","PASS",5,"o1_equal_mid",0.125,0.25,0.5,0.0909091009090909,"N3-C10-O1-EQUAL-P","P",0.75,0.125,0.125
"N3","PASS",5,"o1_equal_mid",0.125,0.25,0.5,0.0909091909090909,"N3-C10-O1-EQUAL-P","P",0.75,0.125,0.125
"N3","PASS",5,"o1_equal_mid",0.125,0.25,0.5,0.142857042857143,"N3-C10-O1-EQUAL-P","P",0.75,0.125,0.125
"N3","PASS",5,"o1_equal_mid",0.125,0.25,0.5,0.142857132857143,"N3-C10-O1-EQUAL-P","P",0.75,0.125,0.125
"N3","PASS",5,"o1_equal_mid",0.125,0.25,0.5,0.142857142856143,"N3-C10-O1-EQUAL-P","P",0.75,0.125,0.125
"N3","PASS",5,"o1_equal_mid",0.125,0.25,0.5,0.142857142857133,"N3-C10-O1-EQUAL-P","P",0.75,0.125,0.125
"N3","PASS",5,"o1_equal_mid",0.125,0.25,0.5,0.142857142857143,"N3-C10-O1-EQUAL-P","P",0.75,0.125,0.125
"N3","PASS",5,"o1_equal_mid",0.125,0.25,0.5,0.142857142857153,"N3-C10-O1-EQUAL-P","P",0.75,0.125,0.125
"N3","PASS",5,"o1_equal_mid",0.125,0.25,0.5,0.142857142858143,"N3-C10-O1-EQUAL-P","P",0.75,0.125,0.125
"N3","PASS",5,"o1_equal_mid",0.125,0.25,0.5,0.142857152857143,"N3-C10-O1-EQUAL-P","P",0.75,0.125,0.125
"N3","PASS",5,"o1_equal_mid",0.125,0.25,0.5,0.142857242857143,"N3-C10-O1-EQUAL-P","P",0.75,0.125,0.125
"N3","PASS",5,"o1_equal_mid",0.125,0.25,0.5,0.25,"N3-C10-O1-EQUAL-P","P",0.75,0.125,0.125
"N3","PASS",5,"o1_equal_mid",0.125,0.25,0.5,0.5,"N3-C10-O1-EQUAL-P","P",0.75,0.125,0.125
"N3","PASS",5,"o1_equal_mid",0.125,0.25,0.5,0.75,"N3-C10-O1-EQUAL-P","P",0.75,0.125,0.125
"N3","PASS",5,"o1_equal_mid",0.125,0.25,0.5,0.95,"N3-C10-O1-EQUAL-P","P",0.75,0.125,0.125
"N3","PASS",5,"o1_equal_mid",0.125,0.25,0.5,0.99999999,"N3-C10-O1-EQUAL-P","P",0.75,0.125,0.125
"N3","PASS",5,"o1_equal_mid",0.125,0.25,0.5,0.999999999999,"N3-C10-O1-EQUAL-P","P",0.75,0.125,0.125
"N3","PASS",5,"o1_equal_mid",0.125,0.25,0.5,0.99999999999999,"N3-C10-O1-EQUAL-P","P",0.75,0.125,0.125
"N3","PASS",5,"o1_equal_mid",0.125,0.25,0.5,1,"N3-C10-O1-EQUAL-P","P",0.75,0.125,0.125
"N3","PASS",5,"o1_equal_mid",0.125,0.25,0.9,0,"N3-C08-O1-EQUAL-S","S",0.6625,0.1125,0.225
"N3","PASS",5,"o1_equal_mid",0.125,0.25,0.9,1e-14,"N3-C08-O1-EQUAL-S","S",0.662499999999996,0.1125,0.225
"N3","PASS",5,"o1_equal_mid",0.125,0.25,0.9,1e-12,"N3-C08-O1-EQUAL-S","S",0.662499999999563,0.1125,0.225
"N3","PASS",5,"o1_equal_mid",0.125,0.25,0.9,1e-08,"N3-C08-O1-EQUAL-S","S",0.662499995625,0.1125,0.225
"N3","PASS",5,"o1_equal_mid",0.125,0.25,0.9,0.05,"N3-C08-O1-EQUAL-S","S",0.640625,0.1125,0.225
"N3","PASS",5,"o1_equal_mid",0.125,0.25,0.9,0.142857042857143,"N3-C08-O1-EQUAL-S","S",0.60000004375,0.1125,0.225
"N3","PASS",5,"o1_equal_mid",0.125,0.25,0.9,0.142857132857143,"N3-C08-O1-EQUAL-S","S",0.600000004375,0.1125,0.225
"N3","PASS",5,"o1_equal_mid",0.125,0.25,0.9,0.142857142856143,"N3-C08-O1-EQUAL-S","S",0.600000000000438,0.1125,0.225
"N3","PASS",5,"o1_equal_mid",0.125,0.25,0.9,0.142857142857133,"N3-C08-O1-EQUAL-S","S",0.600000000000004,0.1125,0.225
"N3","PASS",5,"o1_equal_mid",0.125,0.25,0.9,0.142857142857143,"N3-C08-O1-EQUAL-S","S",0.6,0.1125,0.225
"N3","PASS",5,"o1_equal_mid",0.125,0.25,0.9,0.142857142857153,"N3-C08-O1-EQUAL-S","S",0.599999999999996,0.1125,0.225
"N3","PASS",5,"o1_equal_mid",0.125,0.25,0.9,0.142857142858143,"N3-C08-O1-EQUAL-S","S",0.599999999999563,0.1125,0.225
"N3","PASS",5,"o1_equal_mid",0.125,0.25,0.9,0.142857152857143,"N3-C08-O1-EQUAL-S","S",0.599999995625,0.1125,0.225
"N3","PASS",5,"o1_equal_mid",0.125,0.25,0.9,0.142857242857143,"N3-C08-O1-EQUAL-S","S",0.59999995625,0.1125,0.225
"N3","PASS",5,"o1_equal_mid",0.125,0.25,0.9,0.25,"N3-C08-O1-EQUAL-S","S",0.553125,0.1125,0.225
"N3","PASS",5,"o1_equal_mid",0.125,0.25,0.9,0.257142757142857,"N3-C08-O1-EQUAL-S","S",0.55000004375,0.1125,0.225
"N3","PASS",5,"o1_equal_mid",0.125,0.25,0.9,0.257142847142857,"N3-C08-O1-EQUAL-S","S",0.550000004375,0.1125,0.225
"N3","PASS",5,"o1_equal_mid",0.125,0.25,0.9,0.257142857141857,"N3-C08-O1-EQUAL-S","S",0.550000000000437,0.1125,0.225
"N3","PASS",5,"o1_equal_mid",0.125,0.25,0.9,0.257142857142847,"N3-C08-O1-EQUAL-S","S",0.550000000000004,0.1125,0.225
"N3","PASS",5,"o1_equal_mid",0.125,0.25,0.9,0.257142857142857,"N3-C08-O1-EQUAL-S","S",0.55,0.1125,0.225
"N3","PASS",5,"o1_equal_mid",0.125,0.25,0.9,0.257142857142867,"N3-C09-O1-EQUAL-E","E",0.55,0.125,0.25
"N3","PASS",5,"o1_equal_mid",0.125,0.25,0.9,0.257142857143857,"N3-C09-O1-EQUAL-E","E",0.55,0.125,0.25
"N3","PASS",5,"o1_equal_mid",0.125,0.25,0.9,0.257142867142857,"N3-C09-O1-EQUAL-E","E",0.55,0.125,0.25
"N3","PASS",5,"o1_equal_mid",0.125,0.25,0.9,0.257142957142857,"N3-C09-O1-EQUAL-E","E",0.55,0.125,0.25
"N3","PASS",5,"o1_equal_mid",0.125,0.25,0.9,0.5,"N3-C09-O1-EQUAL-E","E",0.55,0.125,0.25
"N3","PASS",5,"o1_equal_mid",0.125,0.25,0.9,0.75,"N3-C09-O1-EQUAL-E","E",0.55,0.125,0.25
"N3","PASS",5,"o1_equal_mid",0.125,0.25,0.9,0.7999999,"N3-C09-O1-EQUAL-E","E",0.55,0.125,0.25
"N3","PASS",5,"o1_equal_mid",0.125,0.25,0.9,0.79999999,"N3-C09-O1-EQUAL-E","E",0.55,0.125,0.25
"N3","PASS",5,"o1_equal_mid",0.125,0.25,0.9,0.799999999999,"N3-C09-O1-EQUAL-E","E",0.55,0.125,0.25
"N3","PASS",5,"o1_equal_mid",0.125,0.25,0.9,0.79999999999999,"N3-C09-O1-EQUAL-E","E",0.55,0.125,0.25
"N3","PASS",5,"o1_equal_mid",0.125,0.25,0.9,0.8,"N3-C11-O1-EQUAL-EP","E+P",0.55,NA,NA
"N3","PASS",5,"o1_equal_mid",0.125,0.25,0.9,0.80000000000001,"N3-C10-O1-EQUAL-P","P",0.55,0.225,0.225
"N3","PASS",5,"o1_equal_mid",0.125,0.25,0.9,0.800000000001,"N3-C10-O1-EQUAL-P","P",0.55,0.225,0.225
"N3","PASS",5,"o1_equal_mid",0.125,0.25,0.9,0.80000001,"N3-C10-O1-EQUAL-P","P",0.55,0.225,0.225
"N3","PASS",5,"o1_equal_mid",0.125,0.25,0.9,0.8000001,"N3-C10-O1-EQUAL-P","P",0.55,0.225,0.225
"N3","PASS",5,"o1_equal_mid",0.125,0.25,0.9,0.95,"N3-C10-O1-EQUAL-P","P",0.55,0.225,0.225
"N3","PASS",5,"o1_equal_mid",0.125,0.25,0.9,0.99999999,"N3-C10-O1-EQUAL-P","P",0.55,0.225,0.225
"N3","PASS",5,"o1_equal_mid",0.125,0.25,0.9,0.999999999999,"N3-C10-O1-EQUAL-P","P",0.55,0.225,0.225
"N3","PASS",5,"o1_equal_mid",0.125,0.25,0.9,0.99999999999999,"N3-C10-O1-EQUAL-P","P",0.55,0.225,0.225
"N3","PASS",5,"o1_equal_mid",0.125,0.25,0.9,1,"N3-C10-O1-EQUAL-P","P",0.55,0.225,0.225
"N3","PASS",5,"o1_equal_mid",0.125,0.25,0.99,0,"N3-C08-O1-EQUAL-S","S",0.62875,0.12375,0.2475
"N3","PASS",5,"o1_equal_mid",0.125,0.25,0.99,1e-14,"N3-C08-O1-EQUAL-S","S",0.628749999999996,0.12375,0.2475
"N3","PASS",5,"o1_equal_mid",0.125,0.25,0.99,1e-12,"N3-C08-O1-EQUAL-S","S",0.628749999999619,0.12375,0.2475
"N3","PASS",5,"o1_equal_mid",0.125,0.25,0.99,1e-08,"N3-C08-O1-EQUAL-S","S",0.6287499961875,0.12375,0.2475
"N3","PASS",5,"o1_equal_mid",0.125,0.25,0.99,0.05,"N3-C08-O1-EQUAL-S","S",0.6096875,0.12375,0.2475
"N3","PASS",5,"o1_equal_mid",0.125,0.25,0.99,0.142857042857143,"N3-C08-O1-EQUAL-S","S",0.574285752410714,0.12375,0.2475
"N3","PASS",5,"o1_equal_mid",0.125,0.25,0.99,0.142857132857143,"N3-C08-O1-EQUAL-S","S",0.574285718098214,0.12375,0.2475
"N3","PASS",5,"o1_equal_mid",0.125,0.25,0.99,0.142857142856143,"N3-C08-O1-EQUAL-S","S",0.574285714286096,0.12375,0.2475
"N3","PASS",5,"o1_equal_mid",0.125,0.25,0.99,0.142857142857133,"N3-C08-O1-EQUAL-S","S",0.574285714285718,0.12375,0.2475
"N3","PASS",5,"o1_equal_mid",0.125,0.25,0.99,0.142857142857143,"N3-C08-O1-EQUAL-S","S",0.574285714285714,0.12375,0.2475
"N3","PASS",5,"o1_equal_mid",0.125,0.25,0.99,0.142857142857153,"N3-C08-O1-EQUAL-S","S",0.57428571428571,0.12375,0.2475
"N3","PASS",5,"o1_equal_mid",0.125,0.25,0.99,0.142857142858143,"N3-C08-O1-EQUAL-S","S",0.574285714285333,0.12375,0.2475
"N3","PASS",5,"o1_equal_mid",0.125,0.25,0.99,0.142857152857143,"N3-C08-O1-EQUAL-S","S",0.574285710473214,0.12375,0.2475
"N3","PASS",5,"o1_equal_mid",0.125,0.25,0.99,0.142857242857143,"N3-C08-O1-EQUAL-S","S",0.574285676160714,0.12375,0.2475
"N3","PASS",5,"o1_equal_mid",0.125,0.25,0.99,0.25,"N3-C08-O1-EQUAL-S","S",0.5334375,0.12375,0.2475
"N3","PASS",5,"o1_equal_mid",0.125,0.25,0.99,0.324590063934426,"N3-C08-O1-EQUAL-S","S",0.505000038125,0.12375,0.2475
"N3","PASS",5,"o1_equal_mid",0.125,0.25,0.99,0.324590153934426,"N3-C08-O1-EQUAL-S","S",0.5050000038125,0.12375,0.2475
"N3","PASS",5,"o1_equal_mid",0.125,0.25,0.99,0.324590163933426,"N3-C08-O1-EQUAL-S","S",0.505000000000381,0.12375,0.2475
"N3","PASS",5,"o1_equal_mid",0.125,0.25,0.99,0.324590163934416,"N3-C08-O1-EQUAL-S","S",0.505000000000004,0.12375,0.2475
"N3","PASS",5,"o1_equal_mid",0.125,0.25,0.99,0.324590163934426,"N3-C08-O1-EQUAL-S","S",0.505,0.12375,0.2475
"N3","PASS",5,"o1_equal_mid",0.125,0.25,0.99,0.324590163934436,"N3-C09-O1-EQUAL-E","E",0.505,0.125,0.25
"N3","PASS",5,"o1_equal_mid",0.125,0.25,0.99,0.324590163935426,"N3-C09-O1-EQUAL-E","E",0.505,0.125,0.25
"N3","PASS",5,"o1_equal_mid",0.125,0.25,0.99,0.324590173934426,"N3-C09-O1-EQUAL-E","E",0.505,0.125,0.25
"N3","PASS",5,"o1_equal_mid",0.125,0.25,0.99,0.324590263934426,"N3-C09-O1-EQUAL-E","E",0.505,0.125,0.25
"N3","PASS",5,"o1_equal_mid",0.125,0.25,0.99,0.5,"N3-C09-O1-EQUAL-E","E",0.505,0.125,0.25
"N3","PASS",5,"o1_equal_mid",0.125,0.25,0.99,0.75,"N3-C09-O1-EQUAL-E","E",0.505,0.125,0.25
"N3","PASS",5,"o1_equal_mid",0.125,0.25,0.99,0.95,"N3-C09-O1-EQUAL-E","E",0.505,0.125,0.25
"N3","PASS",5,"o1_equal_mid",0.125,0.25,0.99,0.9799999,"N3-C09-O1-EQUAL-E","E",0.505,0.125,0.25
"N3","PASS",5,"o1_equal_mid",0.125,0.25,0.99,0.97999999,"N3-C09-O1-EQUAL-E","E",0.505,0.125,0.25
"N3","PASS",5,"o1_equal_mid",0.125,0.25,0.99,0.979999999999,"N3-C09-O1-EQUAL-E","E",0.505,0.125,0.25
"N3","PASS",5,"o1_equal_mid",0.125,0.25,0.99,0.97999999999999,"N3-C09-O1-EQUAL-E","E",0.505,0.125,0.25
"N3","PASS",5,"o1_equal_mid",0.125,0.25,0.99,0.98,"N3-C11-O1-EQUAL-EP","E+P",0.505,NA,NA
"N3","PASS",5,"o1_equal_mid",0.125,0.25,0.99,0.98000000000001,"N3-C10-O1-EQUAL-P","P",0.505,0.2475,0.2475
"N3","PASS",5,"o1_equal_mid",0.125,0.25,0.99,0.980000000001,"N3-C10-O1-EQUAL-P","P",0.505,0.2475,0.2475
"N3","PASS",5,"o1_equal_mid",0.125,0.25,0.99,0.98000001,"N3-C10-O1-EQUAL-P","P",0.505,0.2475,0.2475
"N3","PASS",5,"o1_equal_mid",0.125,0.25,0.99,0.9800001,"N3-C10-O1-EQUAL-P","P",0.505,0.2475,0.2475
"N3","PASS",5,"o1_equal_mid",0.125,0.25,0.99,0.99999999,"N3-C10-O1-EQUAL-P","P",0.505,0.2475,0.2475
"N3","PASS",5,"o1_equal_mid",0.125,0.25,0.99,0.999999999999,"N3-C10-O1-EQUAL-P","P",0.505,0.2475,0.2475
"N3","PASS",5,"o1_equal_mid",0.125,0.25,0.99,0.99999999999999,"N3-C10-O1-EQUAL-P","P",0.505,0.2475,0.2475
"N3","PASS",5,"o1_equal_mid",0.125,0.25,0.99,1,"N3-C10-O1-EQUAL-P","P",0.505,0.2475,0.2475
"N3","PASS",5,"cross",0.125,0.4375,0.5,0,"N3-C03-CROSS-S","S",0.8125,0.0625,0.21875
"N3","PASS",5,"cross",0.125,0.4375,0.5,1e-14,"N3-C03-CROSS-S","S",0.812499999999993,0.0625,0.21875
"N3","PASS",5,"cross",0.125,0.4375,0.5,1e-12,"N3-C03-CROSS-S","S",0.812499999999313,0.0625,0.21875
"N3","PASS",5,"cross",0.125,0.4375,0.5,1e-08,"N3-C03-CROSS-S","S",0.812499993125,0.0625,0.21875
"N3","PASS",5,"cross",0.125,0.4375,0.5,0.05,"N3-C03-CROSS-S","S",0.778125,0.0625,0.21875
"N3","PASS",5,"cross",0.125,0.4375,0.5,0.0909089909090909,"N3-C03-CROSS-S","S",0.75000006875,0.0625,0.21875
"N3","PASS",5,"cross",0.125,0.4375,0.5,0.0909090809090909,"N3-C03-CROSS-S","S",0.750000006875,0.0625,0.21875
"N3","PASS",5,"cross",0.125,0.4375,0.5,0.0909090909080909,"N3-C03-CROSS-S","S",0.750000000000687,0.0625,0.21875
"N3","PASS",5,"cross",0.125,0.4375,0.5,0.0909090909090809,"N3-C03-CROSS-S","S",0.750000000000007,0.0625,0.21875
"N3","PASS",5,"cross",0.125,0.4375,0.5,0.0909090909090909,"N3-C03-CROSS-S","S",0.75,0.0625,0.21875
"N3","PASS",5,"cross",0.125,0.4375,0.5,0.0909090909091009,"N3-C04-CROSS-E","E",0.75,0.125,0.4375
"N3","PASS",5,"cross",0.125,0.4375,0.5,0.0909090909100909,"N3-C04-CROSS-E","E",0.75,0.125,0.4375
"N3","PASS",5,"cross",0.125,0.4375,0.5,0.0909091009090909,"N3-C04-CROSS-E","E",0.75,0.125,0.4375
"N3","PASS",5,"cross",0.125,0.4375,0.5,0.0909091909090909,"N3-C04-CROSS-E","E",0.75,0.125,0.4375
"N3","PASS",5,"cross",0.125,0.4375,0.5,0.25,"N3-C04-CROSS-E","E",0.75,0.125,0.4375
"N3","PASS",5,"cross",0.125,0.4375,0.5,0.357142757142857,"N3-C04-CROSS-E","E",0.75,0.125,0.4375
"N3","PASS",5,"cross",0.125,0.4375,0.5,0.357142847142857,"N3-C04-CROSS-E","E",0.75,0.125,0.4375
"N3","PASS",5,"cross",0.125,0.4375,0.5,0.357142857141857,"N3-C04-CROSS-E","E",0.75,0.125,0.4375
"N3","PASS",5,"cross",0.125,0.4375,0.5,0.357142857142847,"N3-C04-CROSS-E","E",0.75,0.125,0.4375
"N3","PASS",5,"cross",0.125,0.4375,0.5,0.357142857142857,"N3-C04-CROSS-E","E",0.75,0.125,0.4375
"N3","PASS",5,"cross",0.125,0.4375,0.5,0.357142857142867,"N3-C04-CROSS-E","E",0.75,0.125,0.4375
"N3","PASS",5,"cross",0.125,0.4375,0.5,0.357142857143857,"N3-C04-CROSS-E","E",0.75,0.125,0.4375
"N3","PASS",5,"cross",0.125,0.4375,0.5,0.357142867142857,"N3-C04-CROSS-E","E",0.75,0.125,0.4375
"N3","PASS",5,"cross",0.125,0.4375,0.5,0.357142957142857,"N3-C04-CROSS-E","E",0.75,0.125,0.4375
"N3","PASS",5,"cross",0.125,0.4375,0.5,0.5,"N3-C04-CROSS-E","E",0.75,0.125,0.4375
"N3","PASS",5,"cross",0.125,0.4375,0.5,0.75,"N3-C04-CROSS-E","E",0.75,0.125,0.4375
"N3","PASS",5,"cross",0.125,0.4375,0.5,0.95,"N3-C04-CROSS-E","E",0.75,0.125,0.4375
"N3","PASS",5,"cross",0.125,0.4375,0.5,0.99999999,"N3-C04-CROSS-E","E",0.75,0.125,0.4375
"N3","PASS",5,"cross",0.125,0.4375,0.5,0.999999999999,"N3-C04-CROSS-E","E",0.75,0.125,0.4375
"N3","PASS",5,"cross",0.125,0.4375,0.5,0.99999999999999,"N3-C04-CROSS-E","E",0.75,0.125,0.4375
"N3","PASS",5,"cross",0.125,0.4375,0.5,1,"N3-C04-CROSS-E","E",0.75,0.125,0.4375
"N3","PASS",5,"cross",0.125,0.4375,0.9,0,"N3-C03-CROSS-S","S",0.6625,0.1125,0.39375
"N3","PASS",5,"cross",0.125,0.4375,0.9,1e-14,"N3-C03-CROSS-S","S",0.662499999999996,0.1125,0.39375
"N3","PASS",5,"cross",0.125,0.4375,0.9,1e-12,"N3-C03-CROSS-S","S",0.662499999999563,0.1125,0.39375
"N3","PASS",5,"cross",0.125,0.4375,0.9,1e-08,"N3-C03-CROSS-S","S",0.662499995625,0.1125,0.39375
"N3","PASS",5,"cross",0.125,0.4375,0.9,0.05,"N3-C03-CROSS-S","S",0.640625,0.1125,0.39375
"N3","PASS",5,"cross",0.125,0.4375,0.9,0.25,"N3-C03-CROSS-S","S",0.553125,0.1125,0.39375
"N3","PASS",5,"cross",0.125,0.4375,0.9,0.257142757142857,"N3-C03-CROSS-S","S",0.55000004375,0.1125,0.39375
"N3","PASS",5,"cross",0.125,0.4375,0.9,0.257142847142857,"N3-C03-CROSS-S","S",0.550000004375,0.1125,0.39375
"N3","PASS",5,"cross",0.125,0.4375,0.9,0.257142857141857,"N3-C03-CROSS-S","S",0.550000000000437,0.1125,0.39375
"N3","PASS",5,"cross",0.125,0.4375,0.9,0.257142857142847,"N3-C03-CROSS-S","S",0.550000000000004,0.1125,0.39375
"N3","PASS",5,"cross",0.125,0.4375,0.9,0.257142857142857,"N3-C03-CROSS-S","S",0.55,0.1125,0.39375
"N3","PASS",5,"cross",0.125,0.4375,0.9,0.257142857142867,"N3-C04-CROSS-E","E",0.55,0.125,0.4375
"N3","PASS",5,"cross",0.125,0.4375,0.9,0.257142857143857,"N3-C04-CROSS-E","E",0.55,0.125,0.4375
"N3","PASS",5,"cross",0.125,0.4375,0.9,0.257142867142857,"N3-C04-CROSS-E","E",0.55,0.125,0.4375
"N3","PASS",5,"cross",0.125,0.4375,0.9,0.257142957142857,"N3-C04-CROSS-E","E",0.55,0.125,0.4375
"N3","PASS",5,"cross",0.125,0.4375,0.9,0.357142757142857,"N3-C04-CROSS-E","E",0.55,0.125,0.4375
"N3","PASS",5,"cross",0.125,0.4375,0.9,0.357142847142857,"N3-C04-CROSS-E","E",0.55,0.125,0.4375
"N3","PASS",5,"cross",0.125,0.4375,0.9,0.357142857141857,"N3-C04-CROSS-E","E",0.55,0.125,0.4375
"N3","PASS",5,"cross",0.125,0.4375,0.9,0.357142857142847,"N3-C04-CROSS-E","E",0.55,0.125,0.4375
"N3","PASS",5,"cross",0.125,0.4375,0.9,0.357142857142857,"N3-C04-CROSS-E","E",0.55,0.125,0.4375
"N3","PASS",5,"cross",0.125,0.4375,0.9,0.357142857142867,"N3-C04-CROSS-E","E",0.55,0.125,0.4375
"N3","PASS",5,"cross",0.125,0.4375,0.9,0.357142857143857,"N3-C04-CROSS-E","E",0.55,0.125,0.4375
"N3","PASS",5,"cross",0.125,0.4375,0.9,0.357142867142857,"N3-C04-CROSS-E","E",0.55,0.125,0.4375
"N3","PASS",5,"cross",0.125,0.4375,0.9,0.357142957142857,"N3-C04-CROSS-E","E",0.55,0.125,0.4375
"N3","PASS",5,"cross",0.125,0.4375,0.9,0.5,"N3-C04-CROSS-E","E",0.55,0.125,0.4375
"N3","PASS",5,"cross",0.125,0.4375,0.9,0.75,"N3-C04-CROSS-E","E",0.55,0.125,0.4375
"N3","PASS",5,"cross",0.125,0.4375,0.9,0.95,"N3-C04-CROSS-E","E",0.55,0.125,0.4375
"N3","PASS",5,"cross",0.125,0.4375,0.9,0.99999999,"N3-C04-CROSS-E","E",0.55,0.125,0.4375
"N3","PASS",5,"cross",0.125,0.4375,0.9,0.999999999999,"N3-C04-CROSS-E","E",0.55,0.125,0.4375
"N3","PASS",5,"cross",0.125,0.4375,0.9,0.99999999999999,"N3-C04-CROSS-E","E",0.55,0.125,0.4375
"N3","PASS",5,"cross",0.125,0.4375,0.9,1,"N3-C04-CROSS-E","E",0.55,0.125,0.4375
"N3","PASS",5,"cross",0.125,0.4375,0.99,0,"N3-C03-CROSS-S","S",0.62875,0.12375,0.433125
"N3","PASS",5,"cross",0.125,0.4375,0.99,1e-14,"N3-C03-CROSS-S","S",0.628749999999996,0.12375,0.433125
"N3","PASS",5,"cross",0.125,0.4375,0.99,1e-12,"N3-C03-CROSS-S","S",0.628749999999619,0.12375,0.433125
"N3","PASS",5,"cross",0.125,0.4375,0.99,1e-08,"N3-C03-CROSS-S","S",0.6287499961875,0.12375,0.433125
"N3","PASS",5,"cross",0.125,0.4375,0.99,0.05,"N3-C03-CROSS-S","S",0.6096875,0.12375,0.433125
"N3","PASS",5,"cross",0.125,0.4375,0.99,0.25,"N3-C03-CROSS-S","S",0.5334375,0.12375,0.433125
"N3","PASS",5,"cross",0.125,0.4375,0.99,0.324590063934426,"N3-C03-CROSS-S","S",0.505000038125,0.12375,0.433125
"N3","PASS",5,"cross",0.125,0.4375,0.99,0.324590153934426,"N3-C03-CROSS-S","S",0.5050000038125,0.12375,0.433125
"N3","PASS",5,"cross",0.125,0.4375,0.99,0.324590163933426,"N3-C03-CROSS-S","S",0.505000000000381,0.12375,0.433125
"N3","PASS",5,"cross",0.125,0.4375,0.99,0.324590163934416,"N3-C03-CROSS-S","S",0.505000000000004,0.12375,0.433125
"N3","PASS",5,"cross",0.125,0.4375,0.99,0.324590163934426,"N3-C03-CROSS-S","S",0.505,0.12375,0.433125
"N3","PASS",5,"cross",0.125,0.4375,0.99,0.324590163934436,"N3-C04-CROSS-E","E",0.505,0.125,0.4375
"N3","PASS",5,"cross",0.125,0.4375,0.99,0.324590163935426,"N3-C04-CROSS-E","E",0.505,0.125,0.4375
"N3","PASS",5,"cross",0.125,0.4375,0.99,0.324590173934426,"N3-C04-CROSS-E","E",0.505,0.125,0.4375
"N3","PASS",5,"cross",0.125,0.4375,0.99,0.324590263934426,"N3-C04-CROSS-E","E",0.505,0.125,0.4375
"N3","PASS",5,"cross",0.125,0.4375,0.99,0.357142757142857,"N3-C04-CROSS-E","E",0.505,0.125,0.4375
"N3","PASS",5,"cross",0.125,0.4375,0.99,0.357142847142857,"N3-C04-CROSS-E","E",0.505,0.125,0.4375
"N3","PASS",5,"cross",0.125,0.4375,0.99,0.357142857141857,"N3-C04-CROSS-E","E",0.505,0.125,0.4375
"N3","PASS",5,"cross",0.125,0.4375,0.99,0.357142857142847,"N3-C04-CROSS-E","E",0.505,0.125,0.4375
"N3","PASS",5,"cross",0.125,0.4375,0.99,0.357142857142857,"N3-C04-CROSS-E","E",0.505,0.125,0.4375
"N3","PASS",5,"cross",0.125,0.4375,0.99,0.357142857142867,"N3-C04-CROSS-E","E",0.505,0.125,0.4375
"N3","PASS",5,"cross",0.125,0.4375,0.99,0.357142857143857,"N3-C04-CROSS-E","E",0.505,0.125,0.4375
"N3","PASS",5,"cross",0.125,0.4375,0.99,0.357142867142857,"N3-C04-CROSS-E","E",0.505,0.125,0.4375
"N3","PASS",5,"cross",0.125,0.4375,0.99,0.357142957142857,"N3-C04-CROSS-E","E",0.505,0.125,0.4375
"N3","PASS",5,"cross",0.125,0.4375,0.99,0.5,"N3-C04-CROSS-E","E",0.505,0.125,0.4375
"N3","PASS",5,"cross",0.125,0.4375,0.99,0.75,"N3-C04-CROSS-E","E",0.505,0.125,0.4375
"N3","PASS",5,"cross",0.125,0.4375,0.99,0.95,"N3-C04-CROSS-E","E",0.505,0.125,0.4375
"N3","PASS",5,"cross",0.125,0.4375,0.99,0.99999999,"N3-C04-CROSS-E","E",0.505,0.125,0.4375
"N3","PASS",5,"cross",0.125,0.4375,0.99,0.999999999999,"N3-C04-CROSS-E","E",0.505,0.125,0.4375
"N3","PASS",5,"cross",0.125,0.4375,0.99,0.99999999999999,"N3-C04-CROSS-E","E",0.505,0.125,0.4375
"N3","PASS",5,"cross",0.125,0.4375,0.99,1,"N3-C04-CROSS-E","E",0.505,0.125,0.4375
"N3","PASS",5,"o0_equal",0.25,0.4375,0.5,0,"N3-C06-O0-EQUAL-S","S",0.75,0.125,0.21875
"N3","PASS",5,"o0_equal",0.25,0.4375,0.5,1e-14,"N3-C07-O0-EQUAL-E","E",0.75,0.25,0.4375
"N3","PASS",5,"o0_equal",0.25,0.4375,0.5,1e-12,"N3-C07-O0-EQUAL-E","E",0.75,0.25,0.4375
"N3","PASS",5,"o0_equal",0.25,0.4375,0.5,1e-08,"N3-C07-O0-EQUAL-E","E",0.75,0.25,0.4375
"N3","PASS",5,"o0_equal",0.25,0.4375,0.5,0.05,"N3-C07-O0-EQUAL-E","E",0.75,0.25,0.4375
"N3","PASS",5,"o0_equal",0.25,0.4375,0.5,0.2499999,"N3-C07-O0-EQUAL-E","E",0.75,0.25,0.4375
"N3","PASS",5,"o0_equal",0.25,0.4375,0.5,0.24999999,"N3-C07-O0-EQUAL-E","E",0.75,0.25,0.4375
"N3","PASS",5,"o0_equal",0.25,0.4375,0.5,0.249999999999,"N3-C07-O0-EQUAL-E","E",0.75,0.25,0.4375
"N3","PASS",5,"o0_equal",0.25,0.4375,0.5,0.24999999999999,"N3-C07-O0-EQUAL-E","E",0.75,0.25,0.4375
"N3","PASS",5,"o0_equal",0.25,0.4375,0.5,0.25,"N3-C07-O0-EQUAL-E","E",0.75,0.25,0.4375
"N3","PASS",5,"o0_equal",0.25,0.4375,0.5,0.25000000000001,"N3-C07-O0-EQUAL-E","E",0.75,0.25,0.4375
"N3","PASS",5,"o0_equal",0.25,0.4375,0.5,0.250000000001,"N3-C07-O0-EQUAL-E","E",0.75,0.25,0.4375
"N3","PASS",5,"o0_equal",0.25,0.4375,0.5,0.25000001,"N3-C07-O0-EQUAL-E","E",0.75,0.25,0.4375
"N3","PASS",5,"o0_equal",0.25,0.4375,0.5,0.2500001,"N3-C07-O0-EQUAL-E","E",0.75,0.25,0.4375
"N3","PASS",5,"o0_equal",0.25,0.4375,0.5,0.5,"N3-C07-O0-EQUAL-E","E",0.75,0.25,0.4375
"N3","PASS",5,"o0_equal",0.25,0.4375,0.5,0.75,"N3-C07-O0-EQUAL-E","E",0.75,0.25,0.4375
"N3","PASS",5,"o0_equal",0.25,0.4375,0.5,0.95,"N3-C07-O0-EQUAL-E","E",0.75,0.25,0.4375
"N3","PASS",5,"o0_equal",0.25,0.4375,0.5,0.99999999,"N3-C07-O0-EQUAL-E","E",0.75,0.25,0.4375
"N3","PASS",5,"o0_equal",0.25,0.4375,0.5,0.999999999999,"N3-C07-O0-EQUAL-E","E",0.75,0.25,0.4375
"N3","PASS",5,"o0_equal",0.25,0.4375,0.5,0.99999999999999,"N3-C07-O0-EQUAL-E","E",0.75,0.25,0.4375
"N3","PASS",5,"o0_equal",0.25,0.4375,0.5,1,"N3-C07-O0-EQUAL-E","E",0.75,0.25,0.4375
"N3","PASS",5,"o0_equal",0.25,0.4375,0.9,0,"N3-C06-O0-EQUAL-S","S",0.55,0.225,0.39375
"N3","PASS",5,"o0_equal",0.25,0.4375,0.9,1e-14,"N3-C07-O0-EQUAL-E","E",0.55,0.25,0.4375
"N3","PASS",5,"o0_equal",0.25,0.4375,0.9,1e-12,"N3-C07-O0-EQUAL-E","E",0.55,0.25,0.4375
"N3","PASS",5,"o0_equal",0.25,0.4375,0.9,1e-08,"N3-C07-O0-EQUAL-E","E",0.55,0.25,0.4375
"N3","PASS",5,"o0_equal",0.25,0.4375,0.9,0.05,"N3-C07-O0-EQUAL-E","E",0.55,0.25,0.4375
"N3","PASS",5,"o0_equal",0.25,0.4375,0.9,0.2499999,"N3-C07-O0-EQUAL-E","E",0.55,0.25,0.4375
"N3","PASS",5,"o0_equal",0.25,0.4375,0.9,0.24999999,"N3-C07-O0-EQUAL-E","E",0.55,0.25,0.4375
"N3","PASS",5,"o0_equal",0.25,0.4375,0.9,0.249999999999,"N3-C07-O0-EQUAL-E","E",0.55,0.25,0.4375
"N3","PASS",5,"o0_equal",0.25,0.4375,0.9,0.24999999999999,"N3-C07-O0-EQUAL-E","E",0.55,0.25,0.4375
"N3","PASS",5,"o0_equal",0.25,0.4375,0.9,0.25,"N3-C07-O0-EQUAL-E","E",0.55,0.25,0.4375
"N3","PASS",5,"o0_equal",0.25,0.4375,0.9,0.25000000000001,"N3-C07-O0-EQUAL-E","E",0.55,0.25,0.4375
"N3","PASS",5,"o0_equal",0.25,0.4375,0.9,0.250000000001,"N3-C07-O0-EQUAL-E","E",0.55,0.25,0.4375
"N3","PASS",5,"o0_equal",0.25,0.4375,0.9,0.25000001,"N3-C07-O0-EQUAL-E","E",0.55,0.25,0.4375
"N3","PASS",5,"o0_equal",0.25,0.4375,0.9,0.2500001,"N3-C07-O0-EQUAL-E","E",0.55,0.25,0.4375
"N3","PASS",5,"o0_equal",0.25,0.4375,0.9,0.5,"N3-C07-O0-EQUAL-E","E",0.55,0.25,0.4375
"N3","PASS",5,"o0_equal",0.25,0.4375,0.9,0.75,"N3-C07-O0-EQUAL-E","E",0.55,0.25,0.4375
"N3","PASS",5,"o0_equal",0.25,0.4375,0.9,0.95,"N3-C07-O0-EQUAL-E","E",0.55,0.25,0.4375
"N3","PASS",5,"o0_equal",0.25,0.4375,0.9,0.99999999,"N3-C07-O0-EQUAL-E","E",0.55,0.25,0.4375
"N3","PASS",5,"o0_equal",0.25,0.4375,0.9,0.999999999999,"N3-C07-O0-EQUAL-E","E",0.55,0.25,0.4375
"N3","PASS",5,"o0_equal",0.25,0.4375,0.9,0.99999999999999,"N3-C07-O0-EQUAL-E","E",0.55,0.25,0.4375
"N3","PASS",5,"o0_equal",0.25,0.4375,0.9,1,"N3-C07-O0-EQUAL-E","E",0.55,0.25,0.4375
"N3","PASS",5,"o0_equal",0.25,0.4375,0.99,0,"N3-C06-O0-EQUAL-S","S",0.505,0.2475,0.433125
"N3","PASS",5,"o0_equal",0.25,0.4375,0.99,1e-14,"N3-C07-O0-EQUAL-E","E",0.505,0.25,0.4375
"N3","PASS",5,"o0_equal",0.25,0.4375,0.99,1e-12,"N3-C07-O0-EQUAL-E","E",0.505,0.25,0.4375
"N3","PASS",5,"o0_equal",0.25,0.4375,0.99,1e-08,"N3-C07-O0-EQUAL-E","E",0.505,0.25,0.4375
"N3","PASS",5,"o0_equal",0.25,0.4375,0.99,0.05,"N3-C07-O0-EQUAL-E","E",0.505,0.25,0.4375
"N3","PASS",5,"o0_equal",0.25,0.4375,0.99,0.2499999,"N3-C07-O0-EQUAL-E","E",0.505,0.25,0.4375
"N3","PASS",5,"o0_equal",0.25,0.4375,0.99,0.24999999,"N3-C07-O0-EQUAL-E","E",0.505,0.25,0.4375
"N3","PASS",5,"o0_equal",0.25,0.4375,0.99,0.249999999999,"N3-C07-O0-EQUAL-E","E",0.505,0.25,0.4375
"N3","PASS",5,"o0_equal",0.25,0.4375,0.99,0.24999999999999,"N3-C07-O0-EQUAL-E","E",0.505,0.25,0.4375
"N3","PASS",5,"o0_equal",0.25,0.4375,0.99,0.25,"N3-C07-O0-EQUAL-E","E",0.505,0.25,0.4375
"N3","PASS",5,"o0_equal",0.25,0.4375,0.99,0.25000000000001,"N3-C07-O0-EQUAL-E","E",0.505,0.25,0.4375
"N3","PASS",5,"o0_equal",0.25,0.4375,0.99,0.250000000001,"N3-C07-O0-EQUAL-E","E",0.505,0.25,0.4375
"N3","PASS",5,"o0_equal",0.25,0.4375,0.99,0.25000001,"N3-C07-O0-EQUAL-E","E",0.505,0.25,0.4375
"N3","PASS",5,"o0_equal",0.25,0.4375,0.99,0.2500001,"N3-C07-O0-EQUAL-E","E",0.505,0.25,0.4375
"N3","PASS",5,"o0_equal",0.25,0.4375,0.99,0.5,"N3-C07-O0-EQUAL-E","E",0.505,0.25,0.4375
"N3","PASS",5,"o0_equal",0.25,0.4375,0.99,0.75,"N3-C07-O0-EQUAL-E","E",0.505,0.25,0.4375
"N3","PASS",5,"o0_equal",0.25,0.4375,0.99,0.95,"N3-C07-O0-EQUAL-E","E",0.505,0.25,0.4375
"N3","PASS",5,"o0_equal",0.25,0.4375,0.99,0.99999999,"N3-C07-O0-EQUAL-E","E",0.505,0.25,0.4375
"N3","PASS",5,"o0_equal",0.25,0.4375,0.99,0.999999999999,"N3-C07-O0-EQUAL-E","E",0.505,0.25,0.4375
"N3","PASS",5,"o0_equal",0.25,0.4375,0.99,0.99999999999999,"N3-C07-O0-EQUAL-E","E",0.505,0.25,0.4375
"N3","PASS",5,"o0_equal",0.25,0.4375,0.99,1,"N3-C07-O0-EQUAL-E","E",0.505,0.25,0.4375
"N3","PASS",5,"above",0.4,0.5875,0.5,0,"N3-C05-ABOVE-E","E",0.75,0.4,0.5875
"N3","PASS",5,"above",0.4,0.5875,0.5,1e-14,"N3-C05-ABOVE-E","E",0.75,0.4,0.5875
"N3","PASS",5,"above",0.4,0.5875,0.5,1e-12,"N3-C05-ABOVE-E","E",0.75,0.4,0.5875
"N3","PASS",5,"above",0.4,0.5875,0.5,1e-08,"N3-C05-ABOVE-E","E",0.75,0.4,0.5875
"N3","PASS",5,"above",0.4,0.5875,0.5,0.05,"N3-C05-ABOVE-E","E",0.75,0.4,0.5875
"N3","PASS",5,"above",0.4,0.5875,0.5,0.25,"N3-C05-ABOVE-E","E",0.75,0.4,0.5875
"N3","PASS",5,"above",0.4,0.5875,0.5,0.3124999,"N3-C05-ABOVE-E","E",0.75,0.4,0.5875
"N3","PASS",5,"above",0.4,0.5875,0.5,0.31249999,"N3-C05-ABOVE-E","E",0.75,0.4,0.5875
"N3","PASS",5,"above",0.4,0.5875,0.5,0.312499999999,"N3-C05-ABOVE-E","E",0.75,0.4,0.5875
"N3","PASS",5,"above",0.4,0.5875,0.5,0.31249999999999,"N3-C05-ABOVE-E","E",0.75,0.4,0.5875
"N3","PASS",5,"above",0.4,0.5875,0.5,0.3125,"N3-C05-ABOVE-E","E",0.75,0.4,0.5875
"N3","PASS",5,"above",0.4,0.5875,0.5,0.31250000000001,"N3-C05-ABOVE-E","E",0.75,0.4,0.5875
"N3","PASS",5,"above",0.4,0.5875,0.5,0.312500000001,"N3-C05-ABOVE-E","E",0.75,0.4,0.5875
"N3","PASS",5,"above",0.4,0.5875,0.5,0.31250001,"N3-C05-ABOVE-E","E",0.75,0.4,0.5875
"N3","PASS",5,"above",0.4,0.5875,0.5,0.3125001,"N3-C05-ABOVE-E","E",0.75,0.4,0.5875
"N3","PASS",5,"above",0.4,0.5875,0.5,0.5,"N3-C05-ABOVE-E","E",0.75,0.4,0.5875
"N3","PASS",5,"above",0.4,0.5875,0.5,0.75,"N3-C05-ABOVE-E","E",0.75,0.4,0.5875
"N3","PASS",5,"above",0.4,0.5875,0.5,0.95,"N3-C05-ABOVE-E","E",0.75,0.4,0.5875
"N3","PASS",5,"above",0.4,0.5875,0.5,0.99999999,"N3-C05-ABOVE-E","E",0.75,0.4,0.5875
"N3","PASS",5,"above",0.4,0.5875,0.5,0.999999999999,"N3-C05-ABOVE-E","E",0.75,0.4,0.5875
"N3","PASS",5,"above",0.4,0.5875,0.5,0.99999999999999,"N3-C05-ABOVE-E","E",0.75,0.4,0.5875
"N3","PASS",5,"above",0.4,0.5875,0.5,1,"N3-C05-ABOVE-E","E",0.75,0.4,0.5875
"N3","PASS",5,"above",0.4,0.5875,0.9,0,"N3-C05-ABOVE-E","E",0.55,0.4,0.5875
"N3","PASS",5,"above",0.4,0.5875,0.9,1e-14,"N3-C05-ABOVE-E","E",0.55,0.4,0.5875
"N3","PASS",5,"above",0.4,0.5875,0.9,1e-12,"N3-C05-ABOVE-E","E",0.55,0.4,0.5875
"N3","PASS",5,"above",0.4,0.5875,0.9,1e-08,"N3-C05-ABOVE-E","E",0.55,0.4,0.5875
"N3","PASS",5,"above",0.4,0.5875,0.9,0.05,"N3-C05-ABOVE-E","E",0.55,0.4,0.5875
"N3","PASS",5,"above",0.4,0.5875,0.9,0.25,"N3-C05-ABOVE-E","E",0.55,0.4,0.5875
"N3","PASS",5,"above",0.4,0.5875,0.9,0.3124999,"N3-C05-ABOVE-E","E",0.55,0.4,0.5875
"N3","PASS",5,"above",0.4,0.5875,0.9,0.31249999,"N3-C05-ABOVE-E","E",0.55,0.4,0.5875
"N3","PASS",5,"above",0.4,0.5875,0.9,0.312499999999,"N3-C05-ABOVE-E","E",0.55,0.4,0.5875
"N3","PASS",5,"above",0.4,0.5875,0.9,0.31249999999999,"N3-C05-ABOVE-E","E",0.55,0.4,0.5875
"N3","PASS",5,"above",0.4,0.5875,0.9,0.3125,"N3-C05-ABOVE-E","E",0.55,0.4,0.5875
"N3","PASS",5,"above",0.4,0.5875,0.9,0.31250000000001,"N3-C05-ABOVE-E","E",0.55,0.4,0.5875
"N3","PASS",5,"above",0.4,0.5875,0.9,0.312500000001,"N3-C05-ABOVE-E","E",0.55,0.4,0.5875
"N3","PASS",5,"above",0.4,0.5875,0.9,0.31250001,"N3-C05-ABOVE-E","E",0.55,0.4,0.5875
"N3","PASS",5,"above",0.4,0.5875,0.9,0.3125001,"N3-C05-ABOVE-E","E",0.55,0.4,0.5875
"N3","PASS",5,"above",0.4,0.5875,0.9,0.5,"N3-C05-ABOVE-E","E",0.55,0.4,0.5875
"N3","PASS",5,"above",0.4,0.5875,0.9,0.75,"N3-C05-ABOVE-E","E",0.55,0.4,0.5875
"N3","PASS",5,"above",0.4,0.5875,0.9,0.95,"N3-C05-ABOVE-E","E",0.55,0.4,0.5875
"N3","PASS",5,"above",0.4,0.5875,0.9,0.99999999,"N3-C05-ABOVE-E","E",0.55,0.4,0.5875
"N3","PASS",5,"above",0.4,0.5875,0.9,0.999999999999,"N3-C05-ABOVE-E","E",0.55,0.4,0.5875
"N3","PASS",5,"above",0.4,0.5875,0.9,0.99999999999999,"N3-C05-ABOVE-E","E",0.55,0.4,0.5875
"N3","PASS",5,"above",0.4,0.5875,0.9,1,"N3-C05-ABOVE-E","E",0.55,0.4,0.5875
"N3","PASS",5,"above",0.4,0.5875,0.99,0,"N3-C05-ABOVE-E","E",0.505,0.4,0.5875
"N3","PASS",5,"above",0.4,0.5875,0.99,1e-14,"N3-C05-ABOVE-E","E",0.505,0.4,0.5875
"N3","PASS",5,"above",0.4,0.5875,0.99,1e-12,"N3-C05-ABOVE-E","E",0.505,0.4,0.5875
"N3","PASS",5,"above",0.4,0.5875,0.99,1e-08,"N3-C05-ABOVE-E","E",0.505,0.4,0.5875
"N3","PASS",5,"above",0.4,0.5875,0.99,0.05,"N3-C05-ABOVE-E","E",0.505,0.4,0.5875
"N3","PASS",5,"above",0.4,0.5875,0.99,0.25,"N3-C05-ABOVE-E","E",0.505,0.4,0.5875
"N3","PASS",5,"above",0.4,0.5875,0.99,0.3124999,"N3-C05-ABOVE-E","E",0.505,0.4,0.5875
"N3","PASS",5,"above",0.4,0.5875,0.99,0.31249999,"N3-C05-ABOVE-E","E",0.505,0.4,0.5875
"N3","PASS",5,"above",0.4,0.5875,0.99,0.312499999999,"N3-C05-ABOVE-E","E",0.505,0.4,0.5875
"N3","PASS",5,"above",0.4,0.5875,0.99,0.31249999999999,"N3-C05-ABOVE-E","E",0.505,0.4,0.5875
"N3","PASS",5,"above",0.4,0.5875,0.99,0.3125,"N3-C05-ABOVE-E","E",0.505,0.4,0.5875
"N3","PASS",5,"above",0.4,0.5875,0.99,0.31250000000001,"N3-C05-ABOVE-E","E",0.505,0.4,0.5875
"N3","PASS",5,"above",0.4,0.5875,0.99,0.312500000001,"N3-C05-ABOVE-E","E",0.505,0.4,0.5875
"N3","PASS",5,"above",0.4,0.5875,0.99,0.31250001,"N3-C05-ABOVE-E","E",0.505,0.4,0.5875
"N3","PASS",5,"above",0.4,0.5875,0.99,0.3125001,"N3-C05-ABOVE-E","E",0.505,0.4,0.5875
"N3","PASS",5,"above",0.4,0.5875,0.99,0.5,"N3-C05-ABOVE-E","E",0.505,0.4,0.5875
"N3","PASS",5,"above",0.4,0.5875,0.99,0.75,"N3-C05-ABOVE-E","E",0.505,0.4,0.5875
"N3","PASS",5,"above",0.4,0.5875,0.99,0.95,"N3-C05-ABOVE-E","E",0.505,0.4,0.5875
"N3","PASS",5,"above",0.4,0.5875,0.99,0.99999999,"N3-C05-ABOVE-E","E",0.505,0.4,0.5875
"N3","PASS",5,"above",0.4,0.5875,0.99,0.999999999999,"N3-C05-ABOVE-E","E",0.505,0.4,0.5875
"N3","PASS",5,"above",0.4,0.5875,0.99,0.99999999999999,"N3-C05-ABOVE-E","E",0.505,0.4,0.5875
"N3","PASS",5,"above",0.4,0.5875,0.99,1,"N3-C05-ABOVE-E","E",0.505,0.4,0.5875
"N3","PASS",5,"wide_cross",0.025,0.775,0.5,0,"N3-C03-CROSS-S","S",0.8625,0.0125,0.3875
"N3","PASS",5,"wide_cross",0.025,0.775,0.5,1e-14,"N3-C03-CROSS-S","S",0.862499999999993,0.0125,0.3875
"N3","PASS",5,"wide_cross",0.025,0.775,0.5,1e-12,"N3-C03-CROSS-S","S",0.862499999999263,0.0125,0.3875
"N3","PASS",5,"wide_cross",0.025,0.775,0.5,1e-08,"N3-C03-CROSS-S","S",0.862499992625,0.0125,0.3875
"N3","PASS",5,"wide_cross",0.025,0.775,0.5,0.05,"N3-C03-CROSS-S","S",0.825625,0.0125,0.3875
"N3","PASS",5,"wide_cross",0.025,0.775,0.5,0.152542272881356,"N3-C03-CROSS-S","S",0.75000007375,0.0125,0.3875
"N3","PASS",5,"wide_cross",0.025,0.775,0.5,0.152542362881356,"N3-C03-CROSS-S","S",0.750000007375,0.0125,0.3875
"N3","PASS",5,"wide_cross",0.025,0.775,0.5,0.152542372880356,"N3-C03-CROSS-S","S",0.750000000000738,0.0125,0.3875
"N3","PASS",5,"wide_cross",0.025,0.775,0.5,0.152542372881346,"N3-C03-CROSS-S","S",0.750000000000007,0.0125,0.3875
"N3","PASS",5,"wide_cross",0.025,0.775,0.5,0.152542372881356,"N3-C03-CROSS-S","S",0.75,0.0125,0.3875
"N3","PASS",5,"wide_cross",0.025,0.775,0.5,0.152542372881366,"N3-C04-CROSS-E","E",0.75,0.025,0.775
"N3","PASS",5,"wide_cross",0.025,0.775,0.5,0.152542372882356,"N3-C04-CROSS-E","E",0.75,0.025,0.775
"N3","PASS",5,"wide_cross",0.025,0.775,0.5,0.152542382881356,"N3-C04-CROSS-E","E",0.75,0.025,0.775
"N3","PASS",5,"wide_cross",0.025,0.775,0.5,0.152542472881356,"N3-C04-CROSS-E","E",0.75,0.025,0.775
"N3","PASS",5,"wide_cross",0.025,0.775,0.5,0.25,"N3-C04-CROSS-E","E",0.75,0.025,0.775
"N3","PASS",5,"wide_cross",0.025,0.775,0.5,0.5,"N3-C04-CROSS-E","E",0.75,0.025,0.775
"N3","PASS",5,"wide_cross",0.025,0.775,0.5,0.75,"N3-C04-CROSS-E","E",0.75,0.025,0.775
"N3","PASS",5,"wide_cross",0.025,0.775,0.5,0.769230669230769,"N3-C04-CROSS-E","E",0.75,0.025,0.775
"N3","PASS",5,"wide_cross",0.025,0.775,0.5,0.769230759230769,"N3-C04-CROSS-E","E",0.75,0.025,0.775
"N3","PASS",5,"wide_cross",0.025,0.775,0.5,0.769230769229769,"N3-C04-CROSS-E","E",0.75,0.025,0.775
"N3","PASS",5,"wide_cross",0.025,0.775,0.5,0.769230769230759,"N3-C04-CROSS-E","E",0.75,0.025,0.775
"N3","PASS",5,"wide_cross",0.025,0.775,0.5,0.769230769230769,"N3-C04-CROSS-E","E",0.75,0.025,0.775
"N3","PASS",5,"wide_cross",0.025,0.775,0.5,0.769230769230779,"N3-C04-CROSS-E","E",0.75,0.025,0.775
"N3","PASS",5,"wide_cross",0.025,0.775,0.5,0.769230769231769,"N3-C04-CROSS-E","E",0.75,0.025,0.775
"N3","PASS",5,"wide_cross",0.025,0.775,0.5,0.769230779230769,"N3-C04-CROSS-E","E",0.75,0.025,0.775
"N3","PASS",5,"wide_cross",0.025,0.775,0.5,0.769230869230769,"N3-C04-CROSS-E","E",0.75,0.025,0.775
"N3","PASS",5,"wide_cross",0.025,0.775,0.5,0.95,"N3-C04-CROSS-E","E",0.75,0.025,0.775
"N3","PASS",5,"wide_cross",0.025,0.775,0.5,0.99999999,"N3-C04-CROSS-E","E",0.75,0.025,0.775
"N3","PASS",5,"wide_cross",0.025,0.775,0.5,0.999999999999,"N3-C04-CROSS-E","E",0.75,0.025,0.775
"N3","PASS",5,"wide_cross",0.025,0.775,0.5,0.99999999999999,"N3-C04-CROSS-E","E",0.75,0.025,0.775
"N3","PASS",5,"wide_cross",0.025,0.775,0.5,1,"N3-C04-CROSS-E","E",0.75,0.025,0.775
"N3","PASS",5,"wide_cross",0.025,0.775,0.9,0,"N3-C03-CROSS-S","S",0.7525,0.0225,0.6975
"N3","PASS",5,"wide_cross",0.025,0.775,0.9,1e-14,"N3-C03-CROSS-S","S",0.752499999999995,0.0225,0.6975
"N3","PASS",5,"wide_cross",0.025,0.775,0.9,1e-12,"N3-C03-CROSS-S","S",0.752499999999473,0.0225,0.6975
"N3","PASS",5,"wide_cross",0.025,0.775,0.9,1e-08,"N3-C03-CROSS-S","S",0.752499994725,0.0225,0.6975
"N3","PASS",5,"wide_cross",0.025,0.775,0.9,0.05,"N3-C03-CROSS-S","S",0.726125,0.0225,0.6975
"N3","PASS",5,"wide_cross",0.025,0.775,0.9,0.25,"N3-C03-CROSS-S","S",0.620625,0.0225,0.6975
"N3","PASS",5,"wide_cross",0.025,0.775,0.9,0.383886155924171,"N3-C03-CROSS-S","S",0.55000005275,0.0225,0.6975
"N3","PASS",5,"wide_cross",0.025,0.775,0.9,0.383886245924171,"N3-C03-CROSS-S","S",0.550000005275,0.0225,0.6975
"N3","PASS",5,"wide_cross",0.025,0.775,0.9,0.383886255923171,"N3-C03-CROSS-S","S",0.550000000000528,0.0225,0.6975
"N3","PASS",5,"wide_cross",0.025,0.775,0.9,0.383886255924161,"N3-C03-CROSS-S","S",0.550000000000005,0.0225,0.6975
"N3","PASS",5,"wide_cross",0.025,0.775,0.9,0.383886255924171,"N3-C03-CROSS-S","S",0.55,0.0225,0.6975
"N3","PASS",5,"wide_cross",0.025,0.775,0.9,0.383886255924181,"N3-C04-CROSS-E","E",0.55,0.025,0.775
"N3","PASS",5,"wide_cross",0.025,0.775,0.9,0.383886255925171,"N3-C04-CROSS-E","E",0.55,0.025,0.775
"N3","PASS",5,"wide_cross",0.025,0.775,0.9,0.383886265924171,"N3-C04-CROSS-E","E",0.55,0.025,0.775
"N3","PASS",5,"wide_cross",0.025,0.775,0.9,0.383886355924171,"N3-C04-CROSS-E","E",0.55,0.025,0.775
"N3","PASS",5,"wide_cross",0.025,0.775,0.9,0.5,"N3-C04-CROSS-E","E",0.55,0.025,0.775
"N3","PASS",5,"wide_cross",0.025,0.775,0.9,0.75,"N3-C04-CROSS-E","E",0.55,0.025,0.775
"N3","PASS",5,"wide_cross",0.025,0.775,0.9,0.769230669230769,"N3-C04-CROSS-E","E",0.55,0.025,0.775
"N3","PASS",5,"wide_cross",0.025,0.775,0.9,0.769230759230769,"N3-C04-CROSS-E","E",0.55,0.025,0.775
"N3","PASS",5,"wide_cross",0.025,0.775,0.9,0.769230769229769,"N3-C04-CROSS-E","E",0.55,0.025,0.775
"N3","PASS",5,"wide_cross",0.025,0.775,0.9,0.769230769230759,"N3-C04-CROSS-E","E",0.55,0.025,0.775
"N3","PASS",5,"wide_cross",0.025,0.775,0.9,0.769230769230769,"N3-C04-CROSS-E","E",0.55,0.025,0.775
"N3","PASS",5,"wide_cross",0.025,0.775,0.9,0.769230769230779,"N3-C04-CROSS-E","E",0.55,0.025,0.775
"N3","PASS",5,"wide_cross",0.025,0.775,0.9,0.769230769231769,"N3-C04-CROSS-E","E",0.55,0.025,0.775
"N3","PASS",5,"wide_cross",0.025,0.775,0.9,0.769230779230769,"N3-C04-CROSS-E","E",0.55,0.025,0.775
"N3","PASS",5,"wide_cross",0.025,0.775,0.9,0.769230869230769,"N3-C04-CROSS-E","E",0.55,0.025,0.775
"N3","PASS",5,"wide_cross",0.025,0.775,0.9,0.95,"N3-C04-CROSS-E","E",0.55,0.025,0.775
"N3","PASS",5,"wide_cross",0.025,0.775,0.9,0.99999999,"N3-C04-CROSS-E","E",0.55,0.025,0.775
"N3","PASS",5,"wide_cross",0.025,0.775,0.9,0.999999999999,"N3-C04-CROSS-E","E",0.55,0.025,0.775
"N3","PASS",5,"wide_cross",0.025,0.775,0.9,0.99999999999999,"N3-C04-CROSS-E","E",0.55,0.025,0.775
"N3","PASS",5,"wide_cross",0.025,0.775,0.9,1,"N3-C04-CROSS-E","E",0.55,0.025,0.775
"N3","PASS",5,"wide_cross",0.025,0.775,0.99,0,"N3-C03-CROSS-S","S",0.72775,0.02475,0.76725
"N3","PASS",5,"wide_cross",0.025,0.775,0.99,1e-14,"N3-C03-CROSS-S","S",0.727749999999995,0.02475,0.76725
"N3","PASS",5,"wide_cross",0.025,0.775,0.99,1e-12,"N3-C03-CROSS-S","S",0.72774999999952,0.02475,0.76725
"N3","PASS",5,"wide_cross",0.025,0.775,0.99,1e-08,"N3-C03-CROSS-S","S",0.7277499951975,0.02475,0.76725
"N3","PASS",5,"wide_cross",0.025,0.775,0.99,0.05,"N3-C03-CROSS-S","S",0.7037375,0.02475,0.76725
"N3","PASS",5,"wide_cross",0.025,0.775,0.99,0.25,"N3-C03-CROSS-S","S",0.6076875,0.02475,0.76725
"N3","PASS",5,"wide_cross",0.025,0.775,0.99,0.463820826600729,"N3-C03-CROSS-S","S",0.505000048025,0.02475,0.76725
"N3","PASS",5,"wide_cross",0.025,0.775,0.99,0.463820916600729,"N3-C03-CROSS-S","S",0.5050000048025,0.02475,0.76725
"N3","PASS",5,"wide_cross",0.025,0.775,0.99,0.463820926599729,"N3-C03-CROSS-S","S",0.50500000000048,0.02475,0.76725
"N3","PASS",5,"wide_cross",0.025,0.775,0.99,0.463820926600719,"N3-C03-CROSS-S","S",0.505000000000005,0.02475,0.76725
"N3","PASS",5,"wide_cross",0.025,0.775,0.99,0.463820926600729,"N3-C03-CROSS-S","S",0.505,0.02475,0.76725
"N3","PASS",5,"wide_cross",0.025,0.775,0.99,0.463820926600739,"N3-C04-CROSS-E","E",0.505,0.025,0.775
"N3","PASS",5,"wide_cross",0.025,0.775,0.99,0.463820926601729,"N3-C04-CROSS-E","E",0.505,0.025,0.775
"N3","PASS",5,"wide_cross",0.025,0.775,0.99,0.463820936600729,"N3-C04-CROSS-E","E",0.505,0.025,0.775
"N3","PASS",5,"wide_cross",0.025,0.775,0.99,0.463821026600729,"N3-C04-CROSS-E","E",0.505,0.025,0.775
"N3","PASS",5,"wide_cross",0.025,0.775,0.99,0.5,"N3-C04-CROSS-E","E",0.505,0.025,0.775
"N3","PASS",5,"wide_cross",0.025,0.775,0.99,0.75,"N3-C04-CROSS-E","E",0.505,0.025,0.775
"N3","PASS",5,"wide_cross",0.025,0.775,0.99,0.769230669230769,"N3-C04-CROSS-E","E",0.505,0.025,0.775
"N3","PASS",5,"wide_cross",0.025,0.775,0.99,0.769230759230769,"N3-C04-CROSS-E","E",0.505,0.025,0.775
"N3","PASS",5,"wide_cross",0.025,0.775,0.99,0.769230769229769,"N3-C04-CROSS-E","E",0.505,0.025,0.775
"N3","PASS",5,"wide_cross",0.025,0.775,0.99,0.769230769230759,"N3-C04-CROSS-E","E",0.505,0.025,0.775
"N3","PASS",5,"wide_cross",0.025,0.775,0.99,0.769230769230769,"N3-C04-CROSS-E","E",0.505,0.025,0.775
"N3","PASS",5,"wide_cross",0.025,0.775,0.99,0.769230769230779,"N3-C04-CROSS-E","E",0.505,0.025,0.775
"N3","PASS",5,"wide_cross",0.025,0.775,0.99,0.769230769231769,"N3-C04-CROSS-E","E",0.505,0.025,0.775
"N3","PASS",5,"wide_cross",0.025,0.775,0.99,0.769230779230769,"N3-C04-CROSS-E","E",0.505,0.025,0.775
"N3","PASS",5,"wide_cross",0.025,0.775,0.99,0.769230869230769,"N3-C04-CROSS-E","E",0.505,0.025,0.775
"N3","PASS",5,"wide_cross",0.025,0.775,0.99,0.95,"N3-C04-CROSS-E","E",0.505,0.025,0.775
"N3","PASS",5,"wide_cross",0.025,0.775,0.99,0.99999999,"N3-C04-CROSS-E","E",0.505,0.025,0.775
"N3","PASS",5,"wide_cross",0.025,0.775,0.99,0.999999999999,"N3-C04-CROSS-E","E",0.505,0.025,0.775
"N3","PASS",5,"wide_cross",0.025,0.775,0.99,0.99999999999999,"N3-C04-CROSS-E","E",0.505,0.025,0.775
"N3","PASS",5,"wide_cross",0.025,0.775,0.99,1,"N3-C04-CROSS-E","E",0.505,0.025,0.775
"N3","PASS",5,"o1_below_tiny",0.125,0.249999999999,0.5,0,"N3-C01-BELOW-S","S",0.8125,0.0625,0.1249999999995
"N3","PASS",5,"o1_below_tiny",0.125,0.249999999999,0.5,1e-14,"N3-C01-BELOW-S","S",0.812499999999993,0.0625,0.1249999999995
"N3","PASS",5,"o1_below_tiny",0.125,0.249999999999,0.5,1e-12,"N3-C01-BELOW-S","S",0.812499999999313,0.0625,0.1249999999995
"N3","PASS",5,"o1_below_tiny",0.125,0.249999999999,0.5,1e-08,"N3-C01-BELOW-S","S",0.812499993125,0.0625,0.1249999999995
"N3","PASS",5,"o1_below_tiny",0.125,0.249999999999,0.5,0.05,"N3-C01-BELOW-S","S",0.778125,0.0625,0.1249999999995
"N3","PASS",5,"o1_below_tiny",0.125,0.249999999999,0.5,0.0909089909083636,"N3-C01-BELOW-S","S",0.7500000687505,0.0625,0.1249999999995
"N3","PASS",5,"o1_below_tiny",0.125,0.249999999999,0.5,0.0909089909090909,"N3-C01-BELOW-S","S",0.75000006875,0.0625,0.1249999999995
"N3","PASS",5,"o1_below_tiny",0.125,0.249999999999,0.5,0.0909090809083636,"N3-C01-BELOW-S","S",0.7500000068755,0.0625,0.1249999999995
"N3","PASS",5,"o1_below_tiny",0.125,0.249999999999,0.5,0.0909090809090909,"N3-C01-BELOW-S","S",0.750000006875,0.0625,0.1249999999995
"N3","PASS",5,"o1_below_tiny",0.125,0.249999999999,0.5,0.0909090909073636,"N3-C01-BELOW-S","S",0.750000000001187,0.0625,0.1249999999995
"N3","PASS",5,"o1_below_tiny",0.125,0.249999999999,0.5,0.0909090909080909,"N3-C01-BELOW-S","S",0.750000000000687,0.0625,0.1249999999995
"N3","PASS",5,"o1_below_tiny",0.125,0.249999999999,0.5,0.0909090909083536,"N3-C01-BELOW-S","S",0.750000000000507,0.0625,0.1249999999995
"N3","PASS",5,"o1_below_tiny",0.125,0.249999999999,0.5,0.0909090909083636,"N3-C01-BELOW-S","S",0.7500000000005,0.0625,0.1249999999995
"N3","PASS",5,"o1_below_tiny",0.125,0.249999999999,0.5,0.0909090909083736,"N3-C02-BELOW-P","P",0.7500000000005,0.1249999999995,0.1249999999995
"N3","PASS",5,"o1_below_tiny",0.125,0.249999999999,0.5,0.0909090909090809,"N3-C02-BELOW-P","P",0.7500000000005,0.1249999999995,0.1249999999995
"N3","PASS",5,"o1_below_tiny",0.125,0.249999999999,0.5,0.0909090909090909,"N3-C02-BELOW-P","P",0.7500000000005,0.1249999999995,0.1249999999995
"N3","PASS",5,"o1_below_tiny",0.125,0.249999999999,0.5,0.0909090909091009,"N3-C02-BELOW-P","P",0.7500000000005,0.1249999999995,0.1249999999995
"N3","PASS",5,"o1_below_tiny",0.125,0.249999999999,0.5,0.0909090909093636,"N3-C02-BELOW-P","P",0.7500000000005,0.1249999999995,0.1249999999995
"N3","PASS",5,"o1_below_tiny",0.125,0.249999999999,0.5,0.0909090909100909,"N3-C02-BELOW-P","P",0.7500000000005,0.1249999999995,0.1249999999995
"N3","PASS",5,"o1_below_tiny",0.125,0.249999999999,0.5,0.0909091009083636,"N3-C02-BELOW-P","P",0.7500000000005,0.1249999999995,0.1249999999995
"N3","PASS",5,"o1_below_tiny",0.125,0.249999999999,0.5,0.0909091009090909,"N3-C02-BELOW-P","P",0.7500000000005,0.1249999999995,0.1249999999995
"N3","PASS",5,"o1_below_tiny",0.125,0.249999999999,0.5,0.0909091909083636,"N3-C02-BELOW-P","P",0.7500000000005,0.1249999999995,0.1249999999995
"N3","PASS",5,"o1_below_tiny",0.125,0.249999999999,0.5,0.0909091909090909,"N3-C02-BELOW-P","P",0.7500000000005,0.1249999999995,0.1249999999995
"N3","PASS",5,"o1_below_tiny",0.125,0.249999999999,0.5,0.142857042856,"N3-C02-BELOW-P","P",0.7500000000005,0.1249999999995,0.1249999999995
"N3","PASS",5,"o1_below_tiny",0.125,0.249999999999,0.5,0.142857132856,"N3-C02-BELOW-P","P",0.7500000000005,0.1249999999995,0.1249999999995
"N3","PASS",5,"o1_below_tiny",0.125,0.249999999999,0.5,0.142857142855,"N3-C02-BELOW-P","P",0.7500000000005,0.1249999999995,0.1249999999995
"N3","PASS",5,"o1_below_tiny",0.125,0.249999999999,0.5,0.14285714285599,"N3-C02-BELOW-P","P",0.7500000000005,0.1249999999995,0.1249999999995
"N3","PASS",5,"o1_below_tiny",0.125,0.249999999999,0.5,0.142857142856,"N3-C02-BELOW-P","P",0.7500000000005,0.1249999999995,0.1249999999995
"N3","PASS",5,"o1_below_tiny",0.125,0.249999999999,0.5,0.14285714285601,"N3-C02-BELOW-P","P",0.7500000000005,0.1249999999995,0.1249999999995
"N3","PASS",5,"o1_below_tiny",0.125,0.249999999999,0.5,0.142857142857,"N3-C02-BELOW-P","P",0.7500000000005,0.1249999999995,0.1249999999995
"N3","PASS",5,"o1_below_tiny",0.125,0.249999999999,0.5,0.142857152856,"N3-C02-BELOW-P","P",0.7500000000005,0.1249999999995,0.1249999999995
"N3","PASS",5,"o1_below_tiny",0.125,0.249999999999,0.5,0.142857242856,"N3-C02-BELOW-P","P",0.7500000000005,0.1249999999995,0.1249999999995
"N3","PASS",5,"o1_below_tiny",0.125,0.249999999999,0.5,0.25,"N3-C02-BELOW-P","P",0.7500000000005,0.1249999999995,0.1249999999995
"N3","PASS",5,"o1_below_tiny",0.125,0.249999999999,0.5,0.5,"N3-C02-BELOW-P","P",0.7500000000005,0.1249999999995,0.1249999999995
"N3","PASS",5,"o1_below_tiny",0.125,0.249999999999,0.5,0.75,"N3-C02-BELOW-P","P",0.7500000000005,0.1249999999995,0.1249999999995
"N3","PASS",5,"o1_below_tiny",0.125,0.249999999999,0.5,0.95,"N3-C02-BELOW-P","P",0.7500000000005,0.1249999999995,0.1249999999995
"N3","PASS",5,"o1_below_tiny",0.125,0.249999999999,0.5,0.99999999,"N3-C02-BELOW-P","P",0.7500000000005,0.1249999999995,0.1249999999995
"N3","PASS",5,"o1_below_tiny",0.125,0.249999999999,0.5,0.999999999999,"N3-C02-BELOW-P","P",0.7500000000005,0.1249999999995,0.1249999999995
"N3","PASS",5,"o1_below_tiny",0.125,0.249999999999,0.5,0.99999999999999,"N3-C02-BELOW-P","P",0.7500000000005,0.1249999999995,0.1249999999995
"N3","PASS",5,"o1_below_tiny",0.125,0.249999999999,0.5,1,"N3-C02-BELOW-P","P",0.7500000000005,0.1249999999995,0.1249999999995
"N3","PASS",5,"o1_below_tiny",0.125,0.249999999999,0.9,0,"N3-C01-BELOW-S","S",0.6625,0.1125,0.2249999999991
"N3","PASS",5,"o1_below_tiny",0.125,0.249999999999,0.9,1e-14,"N3-C01-BELOW-S","S",0.662499999999996,0.1125,0.2249999999991
"N3","PASS",5,"o1_below_tiny",0.125,0.249999999999,0.9,1e-12,"N3-C01-BELOW-S","S",0.662499999999563,0.1125,0.2249999999991
"N3","PASS",5,"o1_below_tiny",0.125,0.249999999999,0.9,1e-08,"N3-C01-BELOW-S","S",0.662499995625,0.1125,0.2249999999991
"N3","PASS",5,"o1_below_tiny",0.125,0.249999999999,0.9,0.05,"N3-C01-BELOW-S","S",0.640625,0.1125,0.2249999999991
"N3","PASS",5,"o1_below_tiny",0.125,0.249999999999,0.9,0.142857042856,"N3-C01-BELOW-S","S",0.6000000437505,0.1125,0.2249999999991
"N3","PASS",5,"o1_below_tiny",0.125,0.249999999999,0.9,0.142857132856,"N3-C01-BELOW-S","S",0.6000000043755,0.1125,0.2249999999991
"N3","PASS",5,"o1_below_tiny",0.125,0.249999999999,0.9,0.142857142855,"N3-C01-BELOW-S","S",0.600000000000937,0.1125,0.2249999999991
"N3","PASS",5,"o1_below_tiny",0.125,0.249999999999,0.9,0.14285714285599,"N3-C01-BELOW-S","S",0.600000000000504,0.1125,0.2249999999991
"N3","PASS",5,"o1_below_tiny",0.125,0.249999999999,0.9,0.142857142856,"N3-C01-BELOW-S","S",0.6000000000005,0.1125,0.2249999999991
"N3","PASS",5,"o1_below_tiny",0.125,0.249999999999,0.9,0.14285714285601,"N3-C01-BELOW-S","S",0.600000000000496,0.1125,0.2249999999991
"N3","PASS",5,"o1_below_tiny",0.125,0.249999999999,0.9,0.142857142857,"N3-C01-BELOW-S","S",0.600000000000062,0.1125,0.2249999999991
"N3","PASS",5,"o1_below_tiny",0.125,0.249999999999,0.9,0.142857152856,"N3-C01-BELOW-S","S",0.5999999956255,0.1125,0.2249999999991
"N3","PASS",5,"o1_below_tiny",0.125,0.249999999999,0.9,0.142857242856,"N3-C01-BELOW-S","S",0.5999999562505,0.1125,0.2249999999991
"N3","PASS",5,"o1_below_tiny",0.125,0.249999999999,0.9,0.25,"N3-C01-BELOW-S","S",0.553125,0.1125,0.2249999999991
"N3","PASS",5,"o1_below_tiny",0.125,0.249999999999,0.9,0.2571427571408,"N3-C01-BELOW-S","S",0.5500000437509,0.1125,0.2249999999991
"N3","PASS",5,"o1_below_tiny",0.125,0.249999999999,0.9,0.257142757142857,"N3-C01-BELOW-S","S",0.55000004375,0.1125,0.2249999999991
"N3","PASS",5,"o1_below_tiny",0.125,0.249999999999,0.9,0.2571428471408,"N3-C01-BELOW-S","S",0.5500000043759,0.1125,0.2249999999991
"N3","PASS",5,"o1_below_tiny",0.125,0.249999999999,0.9,0.257142847142857,"N3-C01-BELOW-S","S",0.550000004375,0.1125,0.2249999999991
"N3","PASS",5,"o1_below_tiny",0.125,0.249999999999,0.9,0.2571428571398,"N3-C01-BELOW-S","S",0.550000000001338,0.1125,0.2249999999991
"N3","PASS",5,"o1_below_tiny",0.125,0.249999999999,0.9,0.25714285714079,"N3-C01-BELOW-S","S",0.550000000000904,0.1125,0.2249999999991
"N3","PASS",5,"o1_below_tiny",0.125,0.249999999999,0.9,0.2571428571408,"N3-C01-BELOW-S","S",0.5500000000009,0.1125,0.2249999999991
"N3","PASS",5,"o1_below_tiny",0.125,0.249999999999,0.9,0.25714285714081,"N3-C02-BELOW-P","P",0.5500000000009,0.2249999999991,0.2249999999991
"N3","PASS",5,"o1_below_tiny",0.125,0.249999999999,0.9,0.2571428571418,"N3-C02-BELOW-P","P",0.5500000000009,0.2249999999991,0.2249999999991
"N3","PASS",5,"o1_below_tiny",0.125,0.249999999999,0.9,0.257142857141857,"N3-C02-BELOW-P","P",0.5500000000009,0.2249999999991,0.2249999999991
"N3","PASS",5,"o1_below_tiny",0.125,0.249999999999,0.9,0.257142857142847,"N3-C02-BELOW-P","P",0.5500000000009,0.2249999999991,0.2249999999991
"N3","PASS",5,"o1_below_tiny",0.125,0.249999999999,0.9,0.257142857142857,"N3-C02-BELOW-P","P",0.5500000000009,0.2249999999991,0.2249999999991
"N3","PASS",5,"o1_below_tiny",0.125,0.249999999999,0.9,0.257142857142867,"N3-C02-BELOW-P","P",0.5500000000009,0.2249999999991,0.2249999999991
"N3","PASS",5,"o1_below_tiny",0.125,0.249999999999,0.9,0.257142857143857,"N3-C02-BELOW-P","P",0.5500000000009,0.2249999999991,0.2249999999991
"N3","PASS",5,"o1_below_tiny",0.125,0.249999999999,0.9,0.2571428671408,"N3-C02-BELOW-P","P",0.5500000000009,0.2249999999991,0.2249999999991
"N3","PASS",5,"o1_below_tiny",0.125,0.249999999999,0.9,0.257142867142857,"N3-C02-BELOW-P","P",0.5500000000009,0.2249999999991,0.2249999999991
"N3","PASS",5,"o1_below_tiny",0.125,0.249999999999,0.9,0.2571429571408,"N3-C02-BELOW-P","P",0.5500000000009,0.2249999999991,0.2249999999991
"N3","PASS",5,"o1_below_tiny",0.125,0.249999999999,0.9,0.257142957142857,"N3-C02-BELOW-P","P",0.5500000000009,0.2249999999991,0.2249999999991
"N3","PASS",5,"o1_below_tiny",0.125,0.249999999999,0.9,0.5,"N3-C02-BELOW-P","P",0.5500000000009,0.2249999999991,0.2249999999991
"N3","PASS",5,"o1_below_tiny",0.125,0.249999999999,0.9,0.75,"N3-C02-BELOW-P","P",0.5500000000009,0.2249999999991,0.2249999999991
"N3","PASS",5,"o1_below_tiny",0.125,0.249999999999,0.9,0.95,"N3-C02-BELOW-P","P",0.5500000000009,0.2249999999991,0.2249999999991
"N3","PASS",5,"o1_below_tiny",0.125,0.249999999999,0.9,0.99999999,"N3-C02-BELOW-P","P",0.5500000000009,0.2249999999991,0.2249999999991
"N3","PASS",5,"o1_below_tiny",0.125,0.249999999999,0.9,0.999999999999,"N3-C02-BELOW-P","P",0.5500000000009,0.2249999999991,0.2249999999991
"N3","PASS",5,"o1_below_tiny",0.125,0.249999999999,0.9,0.99999999999999,"N3-C02-BELOW-P","P",0.5500000000009,0.2249999999991,0.2249999999991
"N3","PASS",5,"o1_below_tiny",0.125,0.249999999999,0.9,1,"N3-C02-BELOW-P","P",0.5500000000009,0.2249999999991,0.2249999999991
"N3","PASS",5,"o1_below_tiny",0.125,0.249999999999,0.99,0,"N3-C01-BELOW-S","S",0.62875,0.12375,0.24749999999901
"N3","PASS",5,"o1_below_tiny",0.125,0.249999999999,0.99,1e-14,"N3-C01-BELOW-S","S",0.628749999999996,0.12375,0.24749999999901
"N3","PASS",5,"o1_below_tiny",0.125,0.249999999999,0.99,1e-12,"N3-C01-BELOW-S","S",0.628749999999619,0.12375,0.24749999999901
"N3","PASS",5,"o1_below_tiny",0.125,0.249999999999,0.99,1e-08,"N3-C01-BELOW-S","S",0.6287499961875,0.12375,0.24749999999901
"N3","PASS",5,"o1_below_tiny",0.125,0.249999999999,0.99,0.05,"N3-C01-BELOW-S","S",0.6096875,0.12375,0.24749999999901
"N3","PASS",5,"o1_below_tiny",0.125,0.249999999999,0.99,0.142857042856,"N3-C01-BELOW-S","S",0.57428575241115,0.12375,0.24749999999901
"N3","PASS",5,"o1_below_tiny",0.125,0.249999999999,0.99,0.142857132856,"N3-C01-BELOW-S","S",0.57428571809865,0.12375,0.24749999999901
"N3","PASS",5,"o1_below_tiny",0.125,0.249999999999,0.99,0.142857142855,"N3-C01-BELOW-S","S",0.574285714286531,0.12375,0.24749999999901
"N3","PASS",5,"o1_below_tiny",0.125,0.249999999999,0.99,0.14285714285599,"N3-C01-BELOW-S","S",0.574285714286154,0.12375,0.24749999999901
"N3","PASS",5,"o1_below_tiny",0.125,0.249999999999,0.99,0.142857142856,"N3-C01-BELOW-S","S",0.57428571428615,0.12375,0.24749999999901
"N3","PASS",5,"o1_below_tiny",0.125,0.249999999999,0.99,0.14285714285601,"N3-C01-BELOW-S","S",0.574285714286146,0.12375,0.24749999999901
"N3","PASS",5,"o1_below_tiny",0.125,0.249999999999,0.99,0.142857142857,"N3-C01-BELOW-S","S",0.574285714285769,0.12375,0.24749999999901
"N3","PASS",5,"o1_below_tiny",0.125,0.249999999999,0.99,0.142857152856,"N3-C01-BELOW-S","S",0.57428571047365,0.12375,0.24749999999901
"N3","PASS",5,"o1_below_tiny",0.125,0.249999999999,0.99,0.142857242856,"N3-C01-BELOW-S","S",0.57428567616115,0.12375,0.24749999999901
"N3","PASS",5,"o1_below_tiny",0.125,0.249999999999,0.99,0.25,"N3-C01-BELOW-S","S",0.5334375,0.12375,0.24749999999901
"N3","PASS",5,"o1_below_tiny",0.125,0.249999999999,0.99,0.32459006393183,"N3-C01-BELOW-S","S",0.50500003812599,0.12375,0.24749999999901
"N3","PASS",5,"o1_below_tiny",0.125,0.249999999999,0.99,0.324590063934426,"N3-C01-BELOW-S","S",0.505000038125,0.12375,0.24749999999901
"N3","PASS",5,"o1_below_tiny",0.125,0.249999999999,0.99,0.32459015393183,"N3-C01-BELOW-S","S",0.50500000381349,0.12375,0.24749999999901
"N3","PASS",5,"o1_below_tiny",0.125,0.249999999999,0.99,0.324590153934426,"N3-C01-BELOW-S","S",0.5050000038125,0.12375,0.24749999999901
"N3","PASS",5,"o1_below_tiny",0.125,0.249999999999,0.99,0.32459016393083,"N3-C01-BELOW-S","S",0.505000000001371,0.12375,0.24749999999901
"N3","PASS",5,"o1_below_tiny",0.125,0.249999999999,0.99,0.32459016393182,"N3-C01-BELOW-S","S",0.505000000000994,0.12375,0.24749999999901
"N3","PASS",5,"o1_below_tiny",0.125,0.249999999999,0.99,0.32459016393183,"N3-C01-BELOW-S","S",0.50500000000099,0.12375,0.24749999999901
"N3","PASS",5,"o1_below_tiny",0.125,0.249999999999,0.99,0.32459016393184,"N3-C02-BELOW-P","P",0.50500000000099,0.24749999999901,0.24749999999901
"N3","PASS",5,"o1_below_tiny",0.125,0.249999999999,0.99,0.32459016393283,"N3-C02-BELOW-P","P",0.50500000000099,0.24749999999901,0.24749999999901
"N3","PASS",5,"o1_below_tiny",0.125,0.249999999999,0.99,0.324590163933426,"N3-C02-BELOW-P","P",0.50500000000099,0.24749999999901,0.24749999999901
"N3","PASS",5,"o1_below_tiny",0.125,0.249999999999,0.99,0.324590163934416,"N3-C02-BELOW-P","P",0.50500000000099,0.24749999999901,0.24749999999901
"N3","PASS",5,"o1_below_tiny",0.125,0.249999999999,0.99,0.324590163934426,"N3-C02-BELOW-P","P",0.50500000000099,0.24749999999901,0.24749999999901
"N3","PASS",5,"o1_below_tiny",0.125,0.249999999999,0.99,0.324590163934436,"N3-C02-BELOW-P","P",0.50500000000099,0.24749999999901,0.24749999999901
"N3","PASS",5,"o1_below_tiny",0.125,0.249999999999,0.99,0.324590163935426,"N3-C02-BELOW-P","P",0.50500000000099,0.24749999999901,0.24749999999901
"N3","PASS",5,"o1_below_tiny",0.125,0.249999999999,0.99,0.32459017393183,"N3-C02-BELOW-P","P",0.50500000000099,0.24749999999901,0.24749999999901
"N3","PASS",5,"o1_below_tiny",0.125,0.249999999999,0.99,0.324590173934426,"N3-C02-BELOW-P","P",0.50500000000099,0.24749999999901,0.24749999999901
"N3","PASS",5,"o1_below_tiny",0.125,0.249999999999,0.99,0.32459026393183,"N3-C02-BELOW-P","P",0.50500000000099,0.24749999999901,0.24749999999901
"N3","PASS",5,"o1_below_tiny",0.125,0.249999999999,0.99,0.324590263934426,"N3-C02-BELOW-P","P",0.50500000000099,0.24749999999901,0.24749999999901
"N3","PASS",5,"o1_below_tiny",0.125,0.249999999999,0.99,0.5,"N3-C02-BELOW-P","P",0.50500000000099,0.24749999999901,0.24749999999901
"N3","PASS",5,"o1_below_tiny",0.125,0.249999999999,0.99,0.75,"N3-C02-BELOW-P","P",0.50500000000099,0.24749999999901,0.24749999999901
"N3","PASS",5,"o1_below_tiny",0.125,0.249999999999,0.99,0.95,"N3-C02-BELOW-P","P",0.50500000000099,0.24749999999901,0.24749999999901
"N3","PASS",5,"o1_below_tiny",0.125,0.249999999999,0.99,0.99999999,"N3-C02-BELOW-P","P",0.50500000000099,0.24749999999901,0.24749999999901
"N3","PASS",5,"o1_below_tiny",0.125,0.249999999999,0.99,0.999999999999,"N3-C02-BELOW-P","P",0.50500000000099,0.24749999999901,0.24749999999901
"N3","PASS",5,"o1_below_tiny",0.125,0.249999999999,0.99,0.99999999999999,"N3-C02-BELOW-P","P",0.50500000000099,0.24749999999901,0.24749999999901
"N3","PASS",5,"o1_below_tiny",0.125,0.249999999999,0.99,1,"N3-C02-BELOW-P","P",0.50500000000099,0.24749999999901,0.24749999999901
"N3","PASS",5,"o1_above_tiny",0.125,0.250000000001,0.5,0,"N3-C03-CROSS-S","S",0.8125,0.0625,0.1250000000005
"N3","PASS",5,"o1_above_tiny",0.125,0.250000000001,0.5,1e-14,"N3-C03-CROSS-S","S",0.812499999999993,0.0625,0.1250000000005
"N3","PASS",5,"o1_above_tiny",0.125,0.250000000001,0.5,1e-12,"N3-C03-CROSS-S","S",0.812499999999313,0.0625,0.1250000000005
"N3","PASS",5,"o1_above_tiny",0.125,0.250000000001,0.5,1e-08,"N3-C03-CROSS-S","S",0.812499993125,0.0625,0.1250000000005
"N3","PASS",5,"o1_above_tiny",0.125,0.250000000001,0.5,0.05,"N3-C03-CROSS-S","S",0.778125,0.0625,0.1250000000005
"N3","PASS",5,"o1_above_tiny",0.125,0.250000000001,0.5,0.0909089909090909,"N3-C03-CROSS-S","S",0.75000006875,0.0625,0.1250000000005
"N3","PASS",5,"o1_above_tiny",0.125,0.250000000001,0.5,0.0909090809090909,"N3-C03-CROSS-S","S",0.750000006875,0.0625,0.1250000000005
"N3","PASS",5,"o1_above_tiny",0.125,0.250000000001,0.5,0.0909090909080909,"N3-C03-CROSS-S","S",0.750000000000687,0.0625,0.1250000000005
"N3","PASS",5,"o1_above_tiny",0.125,0.250000000001,0.5,0.0909090909090809,"N3-C03-CROSS-S","S",0.750000000000007,0.0625,0.1250000000005
"N3","PASS",5,"o1_above_tiny",0.125,0.250000000001,0.5,0.0909090909090909,"N3-C03-CROSS-S","S",0.75,0.0625,0.1250000000005
"N3","PASS",5,"o1_above_tiny",0.125,0.250000000001,0.5,0.0909090909091009,"N3-C04-CROSS-E","E",0.75,0.125,0.250000000001
"N3","PASS",5,"o1_above_tiny",0.125,0.250000000001,0.5,0.0909090909100909,"N3-C04-CROSS-E","E",0.75,0.125,0.250000000001
"N3","PASS",5,"o1_above_tiny",0.125,0.250000000001,0.5,0.0909091009090909,"N3-C04-CROSS-E","E",0.75,0.125,0.250000000001
"N3","PASS",5,"o1_above_tiny",0.125,0.250000000001,0.5,0.0909091909090909,"N3-C04-CROSS-E","E",0.75,0.125,0.250000000001
"N3","PASS",5,"o1_above_tiny",0.125,0.250000000001,0.5,0.142857042858286,"N3-C04-CROSS-E","E",0.75,0.125,0.250000000001
"N3","PASS",5,"o1_above_tiny",0.125,0.250000000001,0.5,0.142857132858286,"N3-C04-CROSS-E","E",0.75,0.125,0.250000000001
"N3","PASS",5,"o1_above_tiny",0.125,0.250000000001,0.5,0.142857142857286,"N3-C04-CROSS-E","E",0.75,0.125,0.250000000001
"N3","PASS",5,"o1_above_tiny",0.125,0.250000000001,0.5,0.142857142858276,"N3-C04-CROSS-E","E",0.75,0.125,0.250000000001
"N3","PASS",5,"o1_above_tiny",0.125,0.250000000001,0.5,0.142857142858286,"N3-C04-CROSS-E","E",0.75,0.125,0.250000000001
"N3","PASS",5,"o1_above_tiny",0.125,0.250000000001,0.5,0.142857142858296,"N3-C04-CROSS-E","E",0.75,0.125,0.250000000001
"N3","PASS",5,"o1_above_tiny",0.125,0.250000000001,0.5,0.142857142859286,"N3-C04-CROSS-E","E",0.75,0.125,0.250000000001
"N3","PASS",5,"o1_above_tiny",0.125,0.250000000001,0.5,0.142857152858286,"N3-C04-CROSS-E","E",0.75,0.125,0.250000000001
"N3","PASS",5,"o1_above_tiny",0.125,0.250000000001,0.5,0.142857242858286,"N3-C04-CROSS-E","E",0.75,0.125,0.250000000001
"N3","PASS",5,"o1_above_tiny",0.125,0.250000000001,0.5,0.25,"N3-C04-CROSS-E","E",0.75,0.125,0.250000000001
"N3","PASS",5,"o1_above_tiny",0.125,0.250000000001,0.5,0.5,"N3-C04-CROSS-E","E",0.75,0.125,0.250000000001
"N3","PASS",5,"o1_above_tiny",0.125,0.250000000001,0.5,0.75,"N3-C04-CROSS-E","E",0.75,0.125,0.250000000001
"N3","PASS",5,"o1_above_tiny",0.125,0.250000000001,0.5,0.95,"N3-C04-CROSS-E","E",0.75,0.125,0.250000000001
"N3","PASS",5,"o1_above_tiny",0.125,0.250000000001,0.5,0.99999999,"N3-C04-CROSS-E","E",0.75,0.125,0.250000000001
"N3","PASS",5,"o1_above_tiny",0.125,0.250000000001,0.5,0.999999999999,"N3-C04-CROSS-E","E",0.75,0.125,0.250000000001
"N3","PASS",5,"o1_above_tiny",0.125,0.250000000001,0.5,0.99999999999999,"N3-C04-CROSS-E","E",0.75,0.125,0.250000000001
"N3","PASS",5,"o1_above_tiny",0.125,0.250000000001,0.5,1,"N3-C04-CROSS-E","E",0.75,0.125,0.250000000001
"N3","PASS",5,"o1_above_tiny",0.125,0.250000000001,0.9,0,"N3-C03-CROSS-S","S",0.6625,0.1125,0.2250000000009
"N3","PASS",5,"o1_above_tiny",0.125,0.250000000001,0.9,1e-14,"N3-C03-CROSS-S","S",0.662499999999996,0.1125,0.2250000000009
"N3","PASS",5,"o1_above_tiny",0.125,0.250000000001,0.9,1e-12,"N3-C03-CROSS-S","S",0.662499999999563,0.1125,0.2250000000009
"N3","PASS",5,"o1_above_tiny",0.125,0.250000000001,0.9,1e-08,"N3-C03-CROSS-S","S",0.662499995625,0.1125,0.2250000000009
"N3","PASS",5,"o1_above_tiny",0.125,0.250000000001,0.9,0.05,"N3-C03-CROSS-S","S",0.640625,0.1125,0.2250000000009
"N3","PASS",5,"o1_above_tiny",0.125,0.250000000001,0.9,0.142857042858286,"N3-C03-CROSS-S","S",0.6000000437495,0.1125,0.2250000000009
"N3","PASS",5,"o1_above_tiny",0.125,0.250000000001,0.9,0.142857132858286,"N3-C03-CROSS-S","S",0.6000000043745,0.1125,0.2250000000009
"N3","PASS",5,"o1_above_tiny",0.125,0.250000000001,0.9,0.142857142857286,"N3-C03-CROSS-S","S",0.599999999999937,0.1125,0.2250000000009
"N3","PASS",5,"o1_above_tiny",0.125,0.250000000001,0.9,0.142857142858276,"N3-C03-CROSS-S","S",0.599999999999504,0.1125,0.2250000000009
"N3","PASS",5,"o1_above_tiny",0.125,0.250000000001,0.9,0.142857142858286,"N3-C03-CROSS-S","S",0.5999999999995,0.1125,0.2250000000009
"N3","PASS",5,"o1_above_tiny",0.125,0.250000000001,0.9,0.142857142858296,"N3-C03-CROSS-S","S",0.599999999999496,0.1125,0.2250000000009
"N3","PASS",5,"o1_above_tiny",0.125,0.250000000001,0.9,0.142857142859286,"N3-C03-CROSS-S","S",0.599999999999063,0.1125,0.2250000000009
"N3","PASS",5,"o1_above_tiny",0.125,0.250000000001,0.9,0.142857152858286,"N3-C03-CROSS-S","S",0.5999999956245,0.1125,0.2250000000009
"N3","PASS",5,"o1_above_tiny",0.125,0.250000000001,0.9,0.142857242858286,"N3-C03-CROSS-S","S",0.5999999562495,0.1125,0.2250000000009
"N3","PASS",5,"o1_above_tiny",0.125,0.250000000001,0.9,0.25,"N3-C03-CROSS-S","S",0.553125,0.1125,0.2250000000009
"N3","PASS",5,"o1_above_tiny",0.125,0.250000000001,0.9,0.257142757142857,"N3-C03-CROSS-S","S",0.55000004375,0.1125,0.2250000000009
"N3","PASS",5,"o1_above_tiny",0.125,0.250000000001,0.9,0.257142847142857,"N3-C03-CROSS-S","S",0.550000004375,0.1125,0.2250000000009
"N3","PASS",5,"o1_above_tiny",0.125,0.250000000001,0.9,0.257142857141857,"N3-C03-CROSS-S","S",0.550000000000437,0.1125,0.2250000000009
"N3","PASS",5,"o1_above_tiny",0.125,0.250000000001,0.9,0.257142857142847,"N3-C03-CROSS-S","S",0.550000000000004,0.1125,0.2250000000009
"N3","PASS",5,"o1_above_tiny",0.125,0.250000000001,0.9,0.257142857142857,"N3-C03-CROSS-S","S",0.55,0.1125,0.2250000000009
"N3","PASS",5,"o1_above_tiny",0.125,0.250000000001,0.9,0.257142857142867,"N3-C04-CROSS-E","E",0.55,0.125,0.250000000001
"N3","PASS",5,"o1_above_tiny",0.125,0.250000000001,0.9,0.257142857143857,"N3-C04-CROSS-E","E",0.55,0.125,0.250000000001
"N3","PASS",5,"o1_above_tiny",0.125,0.250000000001,0.9,0.257142867142857,"N3-C04-CROSS-E","E",0.55,0.125,0.250000000001
"N3","PASS",5,"o1_above_tiny",0.125,0.250000000001,0.9,0.257142957142857,"N3-C04-CROSS-E","E",0.55,0.125,0.250000000001
"N3","PASS",5,"o1_above_tiny",0.125,0.250000000001,0.9,0.5,"N3-C04-CROSS-E","E",0.55,0.125,0.250000000001
"N3","PASS",5,"o1_above_tiny",0.125,0.250000000001,0.9,0.75,"N3-C04-CROSS-E","E",0.55,0.125,0.250000000001
"N3","PASS",5,"o1_above_tiny",0.125,0.250000000001,0.9,0.95,"N3-C04-CROSS-E","E",0.55,0.125,0.250000000001
"N3","PASS",5,"o1_above_tiny",0.125,0.250000000001,0.9,0.99999999,"N3-C04-CROSS-E","E",0.55,0.125,0.250000000001
"N3","PASS",5,"o1_above_tiny",0.125,0.250000000001,0.9,0.999999999999,"N3-C04-CROSS-E","E",0.55,0.125,0.250000000001
"N3","PASS",5,"o1_above_tiny",0.125,0.250000000001,0.9,0.99999999999999,"N3-C04-CROSS-E","E",0.55,0.125,0.250000000001
"N3","PASS",5,"o1_above_tiny",0.125,0.250000000001,0.9,1,"N3-C04-CROSS-E","E",0.55,0.125,0.250000000001
"N3","PASS",5,"o1_above_tiny",0.125,0.250000000001,0.99,0,"N3-C03-CROSS-S","S",0.62875,0.12375,0.24750000000099
"N3","PASS",5,"o1_above_tiny",0.125,0.250000000001,0.99,1e-14,"N3-C03-CROSS-S","S",0.628749999999996,0.12375,0.24750000000099
"N3","PASS",5,"o1_above_tiny",0.125,0.250000000001,0.99,1e-12,"N3-C03-CROSS-S","S",0.628749999999619,0.12375,0.24750000000099
"N3","PASS",5,"o1_above_tiny",0.125,0.250000000001,0.99,1e-08,"N3-C03-CROSS-S","S",0.6287499961875,0.12375,0.24750000000099
"N3","PASS",5,"o1_above_tiny",0.125,0.250000000001,0.99,0.05,"N3-C03-CROSS-S","S",0.6096875,0.12375,0.24750000000099
"N3","PASS",5,"o1_above_tiny",0.125,0.250000000001,0.99,0.142857042858286,"N3-C03-CROSS-S","S",0.574285752410278,0.12375,0.24750000000099
"N3","PASS",5,"o1_above_tiny",0.125,0.250000000001,0.99,0.142857132858286,"N3-C03-CROSS-S","S",0.574285718097779,0.12375,0.24750000000099
"N3","PASS",5,"o1_above_tiny",0.125,0.250000000001,0.99,0.142857142857286,"N3-C03-CROSS-S","S",0.57428571428566,0.12375,0.24750000000099
"N3","PASS",5,"o1_above_tiny",0.125,0.250000000001,0.99,0.142857142858276,"N3-C03-CROSS-S","S",0.574285714285282,0.12375,0.24750000000099
"N3","PASS",5,"o1_above_tiny",0.125,0.250000000001,0.99,0.142857142858286,"N3-C03-CROSS-S","S",0.574285714285279,0.12375,0.24750000000099
"N3","PASS",5,"o1_above_tiny",0.125,0.250000000001,0.99,0.142857142858296,"N3-C03-CROSS-S","S",0.574285714285275,0.12375,0.24750000000099
"N3","PASS",5,"o1_above_tiny",0.125,0.250000000001,0.99,0.142857142859286,"N3-C03-CROSS-S","S",0.574285714284897,0.12375,0.24750000000099
"N3","PASS",5,"o1_above_tiny",0.125,0.250000000001,0.99,0.142857152858286,"N3-C03-CROSS-S","S",0.574285710472779,0.12375,0.24750000000099
"N3","PASS",5,"o1_above_tiny",0.125,0.250000000001,0.99,0.142857242858286,"N3-C03-CROSS-S","S",0.574285676160278,0.12375,0.24750000000099
"N3","PASS",5,"o1_above_tiny",0.125,0.250000000001,0.99,0.25,"N3-C03-CROSS-S","S",0.5334375,0.12375,0.24750000000099
"N3","PASS",5,"o1_above_tiny",0.125,0.250000000001,0.99,0.324590063934426,"N3-C03-CROSS-S","S",0.505000038125,0.12375,0.24750000000099
"N3","PASS",5,"o1_above_tiny",0.125,0.250000000001,0.99,0.324590153934426,"N3-C03-CROSS-S","S",0.5050000038125,0.12375,0.24750000000099
"N3","PASS",5,"o1_above_tiny",0.125,0.250000000001,0.99,0.324590163933426,"N3-C03-CROSS-S","S",0.505000000000381,0.12375,0.24750000000099
"N3","PASS",5,"o1_above_tiny",0.125,0.250000000001,0.99,0.324590163934416,"N3-C03-CROSS-S","S",0.505000000000004,0.12375,0.24750000000099
"N3","PASS",5,"o1_above_tiny",0.125,0.250000000001,0.99,0.324590163934426,"N3-C03-CROSS-S","S",0.505,0.12375,0.24750000000099
"N3","PASS",5,"o1_above_tiny",0.125,0.250000000001,0.99,0.324590163934436,"N3-C04-CROSS-E","E",0.505,0.125,0.250000000001
"N3","PASS",5,"o1_above_tiny",0.125,0.250000000001,0.99,0.324590163935426,"N3-C04-CROSS-E","E",0.505,0.125,0.250000000001
"N3","PASS",5,"o1_above_tiny",0.125,0.250000000001,0.99,0.324590173934426,"N3-C04-CROSS-E","E",0.505,0.125,0.250000000001
"N3","PASS",5,"o1_above_tiny",0.125,0.250000000001,0.99,0.324590263934426,"N3-C04-CROSS-E","E",0.505,0.125,0.250000000001
"N3","PASS",5,"o1_above_tiny",0.125,0.250000000001,0.99,0.5,"N3-C04-CROSS-E","E",0.505,0.125,0.250000000001
"N3","PASS",5,"o1_above_tiny",0.125,0.250000000001,0.99,0.75,"N3-C04-CROSS-E","E",0.505,0.125,0.250000000001
"N3","PASS",5,"o1_above_tiny",0.125,0.250000000001,0.99,0.95,"N3-C04-CROSS-E","E",0.505,0.125,0.250000000001
"N3","PASS",5,"o1_above_tiny",0.125,0.250000000001,0.99,0.99999999,"N3-C04-CROSS-E","E",0.505,0.125,0.250000000001
"N3","PASS",5,"o1_above_tiny",0.125,0.250000000001,0.99,0.999999999999,"N3-C04-CROSS-E","E",0.505,0.125,0.250000000001
"N3","PASS",5,"o1_above_tiny",0.125,0.250000000001,0.99,0.99999999999999,"N3-C04-CROSS-E","E",0.505,0.125,0.250000000001
"N3","PASS",5,"o1_above_tiny",0.125,0.250000000001,0.99,1,"N3-C04-CROSS-E","E",0.505,0.125,0.250000000001
"N3","PASS",5,"o0_below_tiny",0.249999999999,0.4375,0.5,0,"N3-C03-CROSS-S","S",0.7500000000005,0.1249999999995,0.21875
"N3","PASS",5,"o0_below_tiny",0.249999999999,0.4375,0.5,1e-14,"N3-C03-CROSS-S","S",0.750000000000494,0.1249999999995,0.21875
"N3","PASS",5,"o0_below_tiny",0.249999999999,0.4375,0.5,7.90004507083755e-13,"N3-C03-CROSS-S","S",0.750000000000006,0.1249999999995,0.21875
"N3","PASS",5,"o0_below_tiny",0.249999999999,0.4375,0.5,8.00004507083755e-13,"N3-C03-CROSS-S","S",0.75,0.1249999999995,0.21875
"N3","PASS",5,"o0_below_tiny",0.249999999999,0.4375,0.5,8.10004507083755e-13,"N3-C04-CROSS-E","E",0.75,0.249999999999,0.4375
"N3","PASS",5,"o0_below_tiny",0.249999999999,0.4375,0.5,1e-12,"N3-C04-CROSS-E","E",0.75,0.249999999999,0.4375
"N3","PASS",5,"o0_below_tiny",0.249999999999,0.4375,0.5,1.80000450708376e-12,"N3-C04-CROSS-E","E",0.75,0.249999999999,0.4375
"N3","PASS",5,"o0_below_tiny",0.249999999999,0.4375,0.5,1e-08,"N3-C04-CROSS-E","E",0.75,0.249999999999,0.4375
"N3","PASS",5,"o0_below_tiny",0.249999999999,0.4375,0.5,1.00008000045071e-08,"N3-C04-CROSS-E","E",0.75,0.249999999999,0.4375
"N3","PASS",5,"o0_below_tiny",0.249999999999,0.4375,0.5,1.00000800004507e-07,"N3-C04-CROSS-E","E",0.75,0.249999999999,0.4375
"N3","PASS",5,"o0_below_tiny",0.249999999999,0.4375,0.5,0.05,"N3-C04-CROSS-E","E",0.75,0.249999999999,0.4375
"N3","PASS",5,"o0_below_tiny",0.249999999999,0.4375,0.5,0.249999900001,"N3-C04-CROSS-E","E",0.75,0.249999999999,0.4375
"N3","PASS",5,"o0_below_tiny",0.249999999999,0.4375,0.5,0.249999990001,"N3-C04-CROSS-E","E",0.75,0.249999999999,0.4375
"N3","PASS",5,"o0_below_tiny",0.249999999999,0.4375,0.5,0.25,"N3-C04-CROSS-E","E",0.75,0.249999999999,0.4375
"N3","PASS",5,"o0_below_tiny",0.249999999999,0.4375,0.5,0.25,"N3-C04-CROSS-E","E",0.75,0.249999999999,0.4375
"N3","PASS",5,"o0_below_tiny",0.249999999999,0.4375,0.5,0.25000000000099,"N3-C04-CROSS-E","E",0.75,0.249999999999,0.4375
"N3","PASS",5,"o0_below_tiny",0.249999999999,0.4375,0.5,0.250000000001,"N3-C04-CROSS-E","E",0.75,0.249999999999,0.4375
"N3","PASS",5,"o0_below_tiny",0.249999999999,0.4375,0.5,0.25000000000101,"N3-C04-CROSS-E","E",0.75,0.249999999999,0.4375
"N3","PASS",5,"o0_below_tiny",0.249999999999,0.4375,0.5,0.250000000002,"N3-C04-CROSS-E","E",0.75,0.249999999999,0.4375
"N3","PASS",5,"o0_below_tiny",0.249999999999,0.4375,0.5,0.250000010001,"N3-C04-CROSS-E","E",0.75,0.249999999999,0.4375
"N3","PASS",5,"o0_below_tiny",0.249999999999,0.4375,0.5,0.250000100001,"N3-C04-CROSS-E","E",0.75,0.249999999999,0.4375
"N3","PASS",5,"o0_below_tiny",0.249999999999,0.4375,0.5,0.5,"N3-C04-CROSS-E","E",0.75,0.249999999999,0.4375
"N3","PASS",5,"o0_below_tiny",0.249999999999,0.4375,0.5,0.75,"N3-C04-CROSS-E","E",0.75,0.249999999999,0.4375
"N3","PASS",5,"o0_below_tiny",0.249999999999,0.4375,0.5,0.95,"N3-C04-CROSS-E","E",0.75,0.249999999999,0.4375
"N3","PASS",5,"o0_below_tiny",0.249999999999,0.4375,0.5,0.99999999,"N3-C04-CROSS-E","E",0.75,0.249999999999,0.4375
"N3","PASS",5,"o0_below_tiny",0.249999999999,0.4375,0.5,0.999999999999,"N3-C04-CROSS-E","E",0.75,0.249999999999,0.4375
"N3","PASS",5,"o0_below_tiny",0.249999999999,0.4375,0.5,0.99999999999999,"N3-C04-CROSS-E","E",0.75,0.249999999999,0.4375
"N3","PASS",5,"o0_below_tiny",0.249999999999,0.4375,0.5,1,"N3-C04-CROSS-E","E",0.75,0.249999999999,0.4375
"N3","PASS",5,"o0_below_tiny",0.249999999999,0.4375,0.9,0,"N3-C03-CROSS-S","S",0.5500000000009,0.2249999999991,0.39375
"N3","PASS",5,"o0_below_tiny",0.249999999999,0.4375,0.9,1e-14,"N3-C03-CROSS-S","S",0.550000000000897,0.2249999999991,0.39375
"N3","PASS",5,"o0_below_tiny",0.249999999999,0.4375,0.9,1e-12,"N3-C03-CROSS-S","S",0.550000000000575,0.2249999999991,0.39375
"N3","PASS",5,"o0_below_tiny",0.249999999999,0.4375,0.9,1.76924637066909e-12,"N3-C03-CROSS-S","S",0.550000000000325,0.2249999999991,0.39375
"N3","PASS",5,"o0_below_tiny",0.249999999999,0.4375,0.9,2.75924637066908e-12,"N3-C03-CROSS-S","S",0.550000000000003,0.2249999999991,0.39375
"N3","PASS",5,"o0_below_tiny",0.249999999999,0.4375,0.9,2.76924637066909e-12,"N3-C03-CROSS-S","S",0.55,0.2249999999991,0.39375
"N3","PASS",5,"o0_below_tiny",0.249999999999,0.4375,0.9,2.77924637066909e-12,"N3-C04-CROSS-E","E",0.55,0.249999999999,0.4375
"N3","PASS",5,"o0_below_tiny",0.249999999999,0.4375,0.9,3.76924637066908e-12,"N3-C04-CROSS-E","E",0.55,0.249999999999,0.4375
"N3","PASS",5,"o0_below_tiny",0.249999999999,0.4375,0.9,1e-08,"N3-C04-CROSS-E","E",0.55,0.249999999999,0.4375
"N3","PASS",5,"o0_below_tiny",0.249999999999,0.4375,0.9,1.00027692463707e-08,"N3-C04-CROSS-E","E",0.55,0.249999999999,0.4375
"N3","PASS",5,"o0_below_tiny",0.249999999999,0.4375,0.9,1.00002769246371e-07,"N3-C04-CROSS-E","E",0.55,0.249999999999,0.4375
"N3","PASS",5,"o0_below_tiny",0.249999999999,0.4375,0.9,0.05,"N3-C04-CROSS-E","E",0.55,0.249999999999,0.4375
"N3","PASS",5,"o0_below_tiny",0.249999999999,0.4375,0.9,0.249999900001,"N3-C04-CROSS-E","E",0.55,0.249999999999,0.4375
"N3","PASS",5,"o0_below_tiny",0.249999999999,0.4375,0.9,0.249999990001,"N3-C04-CROSS-E","E",0.55,0.249999999999,0.4375
"N3","PASS",5,"o0_below_tiny",0.249999999999,0.4375,0.9,0.25,"N3-C04-CROSS-E","E",0.55,0.249999999999,0.4375
"N3","PASS",5,"o0_below_tiny",0.249999999999,0.4375,0.9,0.25,"N3-C04-CROSS-E","E",0.55,0.249999999999,0.4375
"N3","PASS",5,"o0_below_tiny",0.249999999999,0.4375,0.9,0.25000000000099,"N3-C04-CROSS-E","E",0.55,0.249999999999,0.4375
"N3","PASS",5,"o0_below_tiny",0.249999999999,0.4375,0.9,0.250000000001,"N3-C04-CROSS-E","E",0.55,0.249999999999,0.4375
"N3","PASS",5,"o0_below_tiny",0.249999999999,0.4375,0.9,0.25000000000101,"N3-C04-CROSS-E","E",0.55,0.249999999999,0.4375
"N3","PASS",5,"o0_below_tiny",0.249999999999,0.4375,0.9,0.250000000002,"N3-C04-CROSS-E","E",0.55,0.249999999999,0.4375
"N3","PASS",5,"o0_below_tiny",0.249999999999,0.4375,0.9,0.250000010001,"N3-C04-CROSS-E","E",0.55,0.249999999999,0.4375
"N3","PASS",5,"o0_below_tiny",0.249999999999,0.4375,0.9,0.250000100001,"N3-C04-CROSS-E","E",0.55,0.249999999999,0.4375
"N3","PASS",5,"o0_below_tiny",0.249999999999,0.4375,0.9,0.5,"N3-C04-CROSS-E","E",0.55,0.249999999999,0.4375
"N3","PASS",5,"o0_below_tiny",0.249999999999,0.4375,0.9,0.75,"N3-C04-CROSS-E","E",0.55,0.249999999999,0.4375
"N3","PASS",5,"o0_below_tiny",0.249999999999,0.4375,0.9,0.95,"N3-C04-CROSS-E","E",0.55,0.249999999999,0.4375
"N3","PASS",5,"o0_below_tiny",0.249999999999,0.4375,0.9,0.99999999,"N3-C04-CROSS-E","E",0.55,0.249999999999,0.4375
"N3","PASS",5,"o0_below_tiny",0.249999999999,0.4375,0.9,0.999999999999,"N3-C04-CROSS-E","E",0.55,0.249999999999,0.4375
"N3","PASS",5,"o0_below_tiny",0.249999999999,0.4375,0.9,0.99999999999999,"N3-C04-CROSS-E","E",0.55,0.249999999999,0.4375
"N3","PASS",5,"o0_below_tiny",0.249999999999,0.4375,0.9,1,"N3-C04-CROSS-E","E",0.55,0.249999999999,0.4375
"N3","PASS",5,"o0_below_tiny",0.249999999999,0.4375,0.99,0,"N3-C03-CROSS-S","S",0.50500000000099,0.24749999999901,0.433125
"N3","PASS",5,"o0_below_tiny",0.249999999999,0.4375,0.99,1e-14,"N3-C03-CROSS-S","S",0.505000000000987,0.24749999999901,0.433125
"N3","PASS",5,"o0_below_tiny",0.249999999999,0.4375,0.99,1e-12,"N3-C03-CROSS-S","S",0.505000000000732,0.24749999999901,0.433125
"N3","PASS",5,"o0_below_tiny",0.249999999999,0.4375,0.99,2.84468185441993e-12,"N3-C03-CROSS-S","S",0.505000000000257,0.24749999999901,0.433125
"N3","PASS",5,"o0_below_tiny",0.249999999999,0.4375,0.99,3.83468185441993e-12,"N3-C03-CROSS-S","S",0.505000000000003,0.24749999999901,0.433125
"N3","PASS",5,"o0_below_tiny",0.249999999999,0.4375,0.99,3.84468185441993e-12,"N3-C03-CROSS-S","S",0.505,0.24749999999901,0.433125
"N3","PASS",5,"o0_below_tiny",0.249999999999,0.4375,0.99,3.85468185441993e-12,"N3-C04-CROSS-E","E",0.505,0.249999999999,0.4375
"N3","PASS",5,"o0_below_tiny",0.249999999999,0.4375,0.99,4.84468185441993e-12,"N3-C04-CROSS-E","E",0.505,0.249999999999,0.4375
"N3","PASS",5,"o0_below_tiny",0.249999999999,0.4375,0.99,1e-08,"N3-C04-CROSS-E","E",0.505,0.249999999999,0.4375
"N3","PASS",5,"o0_below_tiny",0.249999999999,0.4375,0.99,1.00038446818544e-08,"N3-C04-CROSS-E","E",0.505,0.249999999999,0.4375
"N3","PASS",5,"o0_below_tiny",0.249999999999,0.4375,0.99,1.00003844681854e-07,"N3-C04-CROSS-E","E",0.505,0.249999999999,0.4375
"N3","PASS",5,"o0_below_tiny",0.249999999999,0.4375,0.99,0.05,"N3-C04-CROSS-E","E",0.505,0.249999999999,0.4375
"N3","PASS",5,"o0_below_tiny",0.249999999999,0.4375,0.99,0.249999900001,"N3-C04-CROSS-E","E",0.505,0.249999999999,0.4375
"N3","PASS",5,"o0_below_tiny",0.249999999999,0.4375,0.99,0.249999990001,"N3-C04-CROSS-E","E",0.505,0.249999999999,0.4375
"N3","PASS",5,"o0_below_tiny",0.249999999999,0.4375,0.99,0.25,"N3-C04-CROSS-E","E",0.505,0.249999999999,0.4375
"N3","PASS",5,"o0_below_tiny",0.249999999999,0.4375,0.99,0.25,"N3-C04-CROSS-E","E",0.505,0.249999999999,0.4375
"N3","PASS",5,"o0_below_tiny",0.249999999999,0.4375,0.99,0.25000000000099,"N3-C04-CROSS-E","E",0.505,0.249999999999,0.4375
"N3","PASS",5,"o0_below_tiny",0.249999999999,0.4375,0.99,0.250000000001,"N3-C04-CROSS-E","E",0.505,0.249999999999,0.4375
"N3","PASS",5,"o0_below_tiny",0.249999999999,0.4375,0.99,0.25000000000101,"N3-C04-CROSS-E","E",0.505,0.249999999999,0.4375
"N3","PASS",5,"o0_below_tiny",0.249999999999,0.4375,0.99,0.250000000002,"N3-C04-CROSS-E","E",0.505,0.249999999999,0.4375
"N3","PASS",5,"o0_below_tiny",0.249999999999,0.4375,0.99,0.250000010001,"N3-C04-CROSS-E","E",0.505,0.249999999999,0.4375
"N3","PASS",5,"o0_below_tiny",0.249999999999,0.4375,0.99,0.250000100001,"N3-C04-CROSS-E","E",0.505,0.249999999999,0.4375
"N3","PASS",5,"o0_below_tiny",0.249999999999,0.4375,0.99,0.5,"N3-C04-CROSS-E","E",0.505,0.249999999999,0.4375
"N3","PASS",5,"o0_below_tiny",0.249999999999,0.4375,0.99,0.75,"N3-C04-CROSS-E","E",0.505,0.249999999999,0.4375
"N3","PASS",5,"o0_below_tiny",0.249999999999,0.4375,0.99,0.95,"N3-C04-CROSS-E","E",0.505,0.249999999999,0.4375
"N3","PASS",5,"o0_below_tiny",0.249999999999,0.4375,0.99,0.99999999,"N3-C04-CROSS-E","E",0.505,0.249999999999,0.4375
"N3","PASS",5,"o0_below_tiny",0.249999999999,0.4375,0.99,0.999999999999,"N3-C04-CROSS-E","E",0.505,0.249999999999,0.4375
"N3","PASS",5,"o0_below_tiny",0.249999999999,0.4375,0.99,0.99999999999999,"N3-C04-CROSS-E","E",0.505,0.249999999999,0.4375
"N3","PASS",5,"o0_below_tiny",0.249999999999,0.4375,0.99,1,"N3-C04-CROSS-E","E",0.505,0.249999999999,0.4375
"N3","PASS",5,"o0_above_tiny",0.250000000001,0.4375,0.5,0,"N3-C05-ABOVE-E","E",0.75,0.250000000001,0.4375
"N3","PASS",5,"o0_above_tiny",0.250000000001,0.4375,0.5,1e-14,"N3-C05-ABOVE-E","E",0.75,0.250000000001,0.4375
"N3","PASS",5,"o0_above_tiny",0.250000000001,0.4375,0.5,1e-12,"N3-C05-ABOVE-E","E",0.75,0.250000000001,0.4375
"N3","PASS",5,"o0_above_tiny",0.250000000001,0.4375,0.5,1e-08,"N3-C05-ABOVE-E","E",0.75,0.250000000001,0.4375
"N3","PASS",5,"o0_above_tiny",0.250000000001,0.4375,0.5,0.05,"N3-C05-ABOVE-E","E",0.75,0.250000000001,0.4375
"N3","PASS",5,"o0_above_tiny",0.250000000001,0.4375,0.5,0.249999899999,"N3-C05-ABOVE-E","E",0.75,0.250000000001,0.4375
"N3","PASS",5,"o0_above_tiny",0.250000000001,0.4375,0.5,0.249999989999,"N3-C05-ABOVE-E","E",0.75,0.250000000001,0.4375
"N3","PASS",5,"o0_above_tiny",0.250000000001,0.4375,0.5,0.249999999998,"N3-C05-ABOVE-E","E",0.75,0.250000000001,0.4375
"N3","PASS",5,"o0_above_tiny",0.250000000001,0.4375,0.5,0.24999999999899,"N3-C05-ABOVE-E","E",0.75,0.250000000001,0.4375
"N3","PASS",5,"o0_above_tiny",0.250000000001,0.4375,0.5,0.249999999999,"N3-C05-ABOVE-E","E",0.75,0.250000000001,0.4375
"N3","PASS",5,"o0_above_tiny",0.250000000001,0.4375,0.5,0.24999999999901,"N3-C05-ABOVE-E","E",0.75,0.250000000001,0.4375
"N3","PASS",5,"o0_above_tiny",0.250000000001,0.4375,0.5,0.25,"N3-C05-ABOVE-E","E",0.75,0.250000000001,0.4375
"N3","PASS",5,"o0_above_tiny",0.250000000001,0.4375,0.5,0.250000009999,"N3-C05-ABOVE-E","E",0.75,0.250000000001,0.4375
"N3","PASS",5,"o0_above_tiny",0.250000000001,0.4375,0.5,0.250000099999,"N3-C05-ABOVE-E","E",0.75,0.250000000001,0.4375
"N3","PASS",5,"o0_above_tiny",0.250000000001,0.4375,0.5,0.5,"N3-C05-ABOVE-E","E",0.75,0.250000000001,0.4375
"N3","PASS",5,"o0_above_tiny",0.250000000001,0.4375,0.5,0.75,"N3-C05-ABOVE-E","E",0.75,0.250000000001,0.4375
"N3","PASS",5,"o0_above_tiny",0.250000000001,0.4375,0.5,0.95,"N3-C05-ABOVE-E","E",0.75,0.250000000001,0.4375
"N3","PASS",5,"o0_above_tiny",0.250000000001,0.4375,0.5,0.99999999,"N3-C05-ABOVE-E","E",0.75,0.250000000001,0.4375
"N3","PASS",5,"o0_above_tiny",0.250000000001,0.4375,0.5,0.999999999999,"N3-C05-ABOVE-E","E",0.75,0.250000000001,0.4375
"N3","PASS",5,"o0_above_tiny",0.250000000001,0.4375,0.5,0.99999999999999,"N3-C05-ABOVE-E","E",0.75,0.250000000001,0.4375
"N3","PASS",5,"o0_above_tiny",0.250000000001,0.4375,0.5,1,"N3-C05-ABOVE-E","E",0.75,0.250000000001,0.4375
"N3","PASS",5,"o0_above_tiny",0.250000000001,0.4375,0.9,0,"N3-C05-ABOVE-E","E",0.55,0.250000000001,0.4375
"N3","PASS",5,"o0_above_tiny",0.250000000001,0.4375,0.9,1e-14,"N3-C05-ABOVE-E","E",0.55,0.250000000001,0.4375
"N3","PASS",5,"o0_above_tiny",0.250000000001,0.4375,0.9,1e-12,"N3-C05-ABOVE-E","E",0.55,0.250000000001,0.4375
"N3","PASS",5,"o0_above_tiny",0.250000000001,0.4375,0.9,1e-08,"N3-C05-ABOVE-E","E",0.55,0.250000000001,0.4375
"N3","PASS",5,"o0_above_tiny",0.250000000001,0.4375,0.9,0.05,"N3-C05-ABOVE-E","E",0.55,0.250000000001,0.4375
"N3","PASS",5,"o0_above_tiny",0.250000000001,0.4375,0.9,0.249999899999,"N3-C05-ABOVE-E","E",0.55,0.250000000001,0.4375
"N3","PASS",5,"o0_above_tiny",0.250000000001,0.4375,0.9,0.249999989999,"N3-C05-ABOVE-E","E",0.55,0.250000000001,0.4375
"N3","PASS",5,"o0_above_tiny",0.250000000001,0.4375,0.9,0.249999999998,"N3-C05-ABOVE-E","E",0.55,0.250000000001,0.4375
"N3","PASS",5,"o0_above_tiny",0.250000000001,0.4375,0.9,0.24999999999899,"N3-C05-ABOVE-E","E",0.55,0.250000000001,0.4375
"N3","PASS",5,"o0_above_tiny",0.250000000001,0.4375,0.9,0.249999999999,"N3-C05-ABOVE-E","E",0.55,0.250000000001,0.4375
"N3","PASS",5,"o0_above_tiny",0.250000000001,0.4375,0.9,0.24999999999901,"N3-C05-ABOVE-E","E",0.55,0.250000000001,0.4375
"N3","PASS",5,"o0_above_tiny",0.250000000001,0.4375,0.9,0.25,"N3-C05-ABOVE-E","E",0.55,0.250000000001,0.4375
"N3","PASS",5,"o0_above_tiny",0.250000000001,0.4375,0.9,0.250000009999,"N3-C05-ABOVE-E","E",0.55,0.250000000001,0.4375
"N3","PASS",5,"o0_above_tiny",0.250000000001,0.4375,0.9,0.250000099999,"N3-C05-ABOVE-E","E",0.55,0.250000000001,0.4375
"N3","PASS",5,"o0_above_tiny",0.250000000001,0.4375,0.9,0.5,"N3-C05-ABOVE-E","E",0.55,0.250000000001,0.4375
"N3","PASS",5,"o0_above_tiny",0.250000000001,0.4375,0.9,0.75,"N3-C05-ABOVE-E","E",0.55,0.250000000001,0.4375
"N3","PASS",5,"o0_above_tiny",0.250000000001,0.4375,0.9,0.95,"N3-C05-ABOVE-E","E",0.55,0.250000000001,0.4375
"N3","PASS",5,"o0_above_tiny",0.250000000001,0.4375,0.9,0.99999999,"N3-C05-ABOVE-E","E",0.55,0.250000000001,0.4375
"N3","PASS",5,"o0_above_tiny",0.250000000001,0.4375,0.9,0.999999999999,"N3-C05-ABOVE-E","E",0.55,0.250000000001,0.4375
"N3","PASS",5,"o0_above_tiny",0.250000000001,0.4375,0.9,0.99999999999999,"N3-C05-ABOVE-E","E",0.55,0.250000000001,0.4375
"N3","PASS",5,"o0_above_tiny",0.250000000001,0.4375,0.9,1,"N3-C05-ABOVE-E","E",0.55,0.250000000001,0.4375
"N3","PASS",5,"o0_above_tiny",0.250000000001,0.4375,0.99,0,"N3-C05-ABOVE-E","E",0.505,0.250000000001,0.4375
"N3","PASS",5,"o0_above_tiny",0.250000000001,0.4375,0.99,1e-14,"N3-C05-ABOVE-E","E",0.505,0.250000000001,0.4375
"N3","PASS",5,"o0_above_tiny",0.250000000001,0.4375,0.99,1e-12,"N3-C05-ABOVE-E","E",0.505,0.250000000001,0.4375
"N3","PASS",5,"o0_above_tiny",0.250000000001,0.4375,0.99,1e-08,"N3-C05-ABOVE-E","E",0.505,0.250000000001,0.4375
"N3","PASS",5,"o0_above_tiny",0.250000000001,0.4375,0.99,0.05,"N3-C05-ABOVE-E","E",0.505,0.250000000001,0.4375
"N3","PASS",5,"o0_above_tiny",0.250000000001,0.4375,0.99,0.249999899999,"N3-C05-ABOVE-E","E",0.505,0.250000000001,0.4375
"N3","PASS",5,"o0_above_tiny",0.250000000001,0.4375,0.99,0.249999989999,"N3-C05-ABOVE-E","E",0.505,0.250000000001,0.4375
"N3","PASS",5,"o0_above_tiny",0.250000000001,0.4375,0.99,0.249999999998,"N3-C05-ABOVE-E","E",0.505,0.250000000001,0.4375
"N3","PASS",5,"o0_above_tiny",0.250000000001,0.4375,0.99,0.24999999999899,"N3-C05-ABOVE-E","E",0.505,0.250000000001,0.4375
"N3","PASS",5,"o0_above_tiny",0.250000000001,0.4375,0.99,0.249999999999,"N3-C05-ABOVE-E","E",0.505,0.250000000001,0.4375
"N3","PASS",5,"o0_above_tiny",0.250000000001,0.4375,0.99,0.24999999999901,"N3-C05-ABOVE-E","E",0.505,0.250000000001,0.4375
"N3","PASS",5,"o0_above_tiny",0.250000000001,0.4375,0.99,0.25,"N3-C05-ABOVE-E","E",0.505,0.250000000001,0.4375
"N3","PASS",5,"o0_above_tiny",0.250000000001,0.4375,0.99,0.250000009999,"N3-C05-ABOVE-E","E",0.505,0.250000000001,0.4375
"N3","PASS",5,"o0_above_tiny",0.250000000001,0.4375,0.99,0.250000099999,"N3-C05-ABOVE-E","E",0.505,0.250000000001,0.4375
"N3","PASS",5,"o0_above_tiny",0.250000000001,0.4375,0.99,0.5,"N3-C05-ABOVE-E","E",0.505,0.250000000001,0.4375
"N3","PASS",5,"o0_above_tiny",0.250000000001,0.4375,0.99,0.75,"N3-C05-ABOVE-E","E",0.505,0.250000000001,0.4375
"N3","PASS",5,"o0_above_tiny",0.250000000001,0.4375,0.99,0.95,"N3-C05-ABOVE-E","E",0.505,0.250000000001,0.4375
"N3","PASS",5,"o0_above_tiny",0.250000000001,0.4375,0.99,0.99999999,"N3-C05-ABOVE-E","E",0.505,0.250000000001,0.4375
"N3","PASS",5,"o0_above_tiny",0.250000000001,0.4375,0.99,0.999999999999,"N3-C05-ABOVE-E","E",0.505,0.250000000001,0.4375
"N3","PASS",5,"o0_above_tiny",0.250000000001,0.4375,0.99,0.99999999999999,"N3-C05-ABOVE-E","E",0.505,0.250000000001,0.4375
"N3","PASS",5,"o0_above_tiny",0.250000000001,0.4375,0.99,1,"N3-C05-ABOVE-E","E",0.505,0.250000000001,0.4375
"N3","PASS",7,"below",0.0416666666666667,0.0833333333333333,0.5,0,"N3-C01-BELOW-S","S",0.8125,0.0208333333333333,0.0416666666666667
"N3","PASS",7,"below",0.0416666666666667,0.0833333333333333,0.5,1e-14,"N3-C01-BELOW-S","S",0.812499999999993,0.0208333333333333,0.0416666666666667
"N3","PASS",7,"below",0.0416666666666667,0.0833333333333333,0.5,1e-12,"N3-C01-BELOW-S","S",0.812499999999271,0.0208333333333333,0.0416666666666667
"N3","PASS",7,"below",0.0416666666666667,0.0833333333333333,0.5,1e-08,"N3-C01-BELOW-S","S",0.812499992708333,0.0208333333333333,0.0416666666666667
"N3","PASS",7,"below",0.0416666666666667,0.0833333333333333,0.5,0.0285713285714286,"N3-C01-BELOW-S","S",0.791666739583333,0.0208333333333333,0.0416666666666667
"N3","PASS",7,"below",0.0416666666666667,0.0833333333333333,0.5,0.0285714185714286,"N3-C01-BELOW-S","S",0.791666673958333,0.0208333333333333,0.0416666666666667
"N3","PASS",7,"below",0.0416666666666667,0.0833333333333333,0.5,0.0285714285704286,"N3-C01-BELOW-S","S",0.791666666667396,0.0208333333333333,0.0416666666666667
"N3","PASS",7,"below",0.0416666666666667,0.0833333333333333,0.5,0.0285714285714186,"N3-C01-BELOW-S","S",0.791666666666674,0.0208333333333333,0.0416666666666667
"N3","PASS",7,"below",0.0416666666666667,0.0833333333333333,0.5,0.0285714285714286,"N3-C01-BELOW-S","S",0.791666666666667,0.0208333333333333,0.0416666666666667
"N3","PASS",7,"below",0.0416666666666667,0.0833333333333333,0.5,0.0285714285714386,"N3-C02-BELOW-P","P",0.791666666666667,0.0416666666666667,0.0416666666666667
"N3","PASS",7,"below",0.0416666666666667,0.0833333333333333,0.5,0.0285714285724286,"N3-C02-BELOW-P","P",0.791666666666667,0.0416666666666667,0.0416666666666667
"N3","PASS",7,"below",0.0416666666666667,0.0833333333333333,0.5,0.0285714385714286,"N3-C02-BELOW-P","P",0.791666666666667,0.0416666666666667,0.0416666666666667
"N3","PASS",7,"below",0.0416666666666667,0.0833333333333333,0.5,0.0285715285714286,"N3-C02-BELOW-P","P",0.791666666666667,0.0416666666666667,0.0416666666666667
"N3","PASS",7,"below",0.0416666666666667,0.0833333333333333,0.5,0.0434781608695652,"N3-C02-BELOW-P","P",0.791666666666667,0.0416666666666667,0.0416666666666667
"N3","PASS",7,"below",0.0416666666666667,0.0833333333333333,0.5,0.0434782508695652,"N3-C02-BELOW-P","P",0.791666666666667,0.0416666666666667,0.0416666666666667
"N3","PASS",7,"below",0.0416666666666667,0.0833333333333333,0.5,0.0434782608685652,"N3-C02-BELOW-P","P",0.791666666666667,0.0416666666666667,0.0416666666666667
"N3","PASS",7,"below",0.0416666666666667,0.0833333333333333,0.5,0.0434782608695552,"N3-C02-BELOW-P","P",0.791666666666667,0.0416666666666667,0.0416666666666667
"N3","PASS",7,"below",0.0416666666666667,0.0833333333333333,0.5,0.0434782608695652,"N3-C02-BELOW-P","P",0.791666666666667,0.0416666666666667,0.0416666666666667
"N3","PASS",7,"below",0.0416666666666667,0.0833333333333333,0.5,0.0434782608695752,"N3-C02-BELOW-P","P",0.791666666666667,0.0416666666666667,0.0416666666666667
"N3","PASS",7,"below",0.0416666666666667,0.0833333333333333,0.5,0.0434782608705652,"N3-C02-BELOW-P","P",0.791666666666667,0.0416666666666667,0.0416666666666667
"N3","PASS",7,"below",0.0416666666666667,0.0833333333333333,0.5,0.0434782708695652,"N3-C02-BELOW-P","P",0.791666666666667,0.0416666666666667,0.0416666666666667
"N3","PASS",7,"below",0.0416666666666667,0.0833333333333333,0.5,0.0434783608695652,"N3-C02-BELOW-P","P",0.791666666666667,0.0416666666666667,0.0416666666666667
"N3","PASS",7,"below",0.0416666666666667,0.0833333333333333,0.5,0.05,"N3-C02-BELOW-P","P",0.791666666666667,0.0416666666666667,0.0416666666666667
"N3","PASS",7,"below",0.0416666666666667,0.0833333333333333,0.5,0.0857141857142857,"N3-C02-BELOW-P","P",0.791666666666667,0.0416666666666667,0.0416666666666667
"N3","PASS",7,"below",0.0416666666666667,0.0833333333333333,0.5,0.0857142757142857,"N3-C02-BELOW-P","P",0.791666666666667,0.0416666666666667,0.0416666666666667
"N3","PASS",7,"below",0.0416666666666667,0.0833333333333333,0.5,0.0857142857132857,"N3-C02-BELOW-P","P",0.791666666666667,0.0416666666666667,0.0416666666666667
"N3","PASS",7,"below",0.0416666666666667,0.0833333333333333,0.5,0.0857142857142757,"N3-C02-BELOW-P","P",0.791666666666667,0.0416666666666667,0.0416666666666667
"N3","PASS",7,"below",0.0416666666666667,0.0833333333333333,0.5,0.0857142857142857,"N3-C02-BELOW-P","P",0.791666666666667,0.0416666666666667,0.0416666666666667
"N3","PASS",7,"below",0.0416666666666667,0.0833333333333333,0.5,0.0857142857142957,"N3-C02-BELOW-P","P",0.791666666666667,0.0416666666666667,0.0416666666666667
"N3","PASS",7,"below",0.0416666666666667,0.0833333333333333,0.5,0.0857142857152857,"N3-C02-BELOW-P","P",0.791666666666667,0.0416666666666667,0.0416666666666667
"N3","PASS",7,"below",0.0416666666666667,0.0833333333333333,0.5,0.0857142957142857,"N3-C02-BELOW-P","P",0.791666666666667,0.0416666666666667,0.0416666666666667
"N3","PASS",7,"below",0.0416666666666667,0.0833333333333333,0.5,0.0857143857142857,"N3-C02-BELOW-P","P",0.791666666666667,0.0416666666666667,0.0416666666666667
"N3","PASS",7,"below",0.0416666666666667,0.0833333333333333,0.5,0.25,"N3-C02-BELOW-P","P",0.791666666666667,0.0416666666666667,0.0416666666666667
"N3","PASS",7,"below",0.0416666666666667,0.0833333333333333,0.5,0.5,"N3-C02-BELOW-P","P",0.791666666666667,0.0416666666666667,0.0416666666666667
"N3","PASS",7,"below",0.0416666666666667,0.0833333333333333,0.5,0.75,"N3-C02-BELOW-P","P",0.791666666666667,0.0416666666666667,0.0416666666666667
"N3","PASS",7,"below",0.0416666666666667,0.0833333333333333,0.5,0.95,"N3-C02-BELOW-P","P",0.791666666666667,0.0416666666666667,0.0416666666666667
"N3","PASS",7,"below",0.0416666666666667,0.0833333333333333,0.5,0.99999999,"N3-C02-BELOW-P","P",0.791666666666667,0.0416666666666667,0.0416666666666667
"N3","PASS",7,"below",0.0416666666666667,0.0833333333333333,0.5,0.999999999999,"N3-C02-BELOW-P","P",0.791666666666667,0.0416666666666667,0.0416666666666667
"N3","PASS",7,"below",0.0416666666666667,0.0833333333333333,0.5,0.99999999999999,"N3-C02-BELOW-P","P",0.791666666666667,0.0416666666666667,0.0416666666666667
"N3","PASS",7,"below",0.0416666666666667,0.0833333333333333,0.5,1,"N3-C02-BELOW-P","P",0.791666666666667,0.0416666666666667,0.0416666666666667
"N3","PASS",7,"below",0.0416666666666667,0.0833333333333333,0.9,0,"N3-C01-BELOW-S","S",0.6625,0.0375,0.075
"N3","PASS",7,"below",0.0416666666666667,0.0833333333333333,0.9,1e-14,"N3-C01-BELOW-S","S",0.662499999999995,0.0375,0.075
"N3","PASS",7,"below",0.0416666666666667,0.0833333333333333,0.9,1e-12,"N3-C01-BELOW-S","S",0.662499999999487,0.0375,0.075
"N3","PASS",7,"below",0.0416666666666667,0.0833333333333333,0.9,1e-08,"N3-C01-BELOW-S","S",0.662499994875,0.0375,0.075
"N3","PASS",7,"below",0.0416666666666667,0.0833333333333333,0.9,0.0434781608695652,"N3-C01-BELOW-S","S",0.640217442554348,0.0375,0.075
"N3","PASS",7,"below",0.0416666666666667,0.0833333333333333,0.9,0.0434782508695652,"N3-C01-BELOW-S","S",0.640217396429348,0.0375,0.075
"N3","PASS",7,"below",0.0416666666666667,0.0833333333333333,0.9,0.0434782608685652,"N3-C01-BELOW-S","S",0.64021739130486,0.0375,0.075
"N3","PASS",7,"below",0.0416666666666667,0.0833333333333333,0.9,0.0434782608695552,"N3-C01-BELOW-S","S",0.640217391304353,0.0375,0.075
"N3","PASS",7,"below",0.0416666666666667,0.0833333333333333,0.9,0.0434782608695652,"N3-C01-BELOW-S","S",0.640217391304348,0.0375,0.075
"N3","PASS",7,"below",0.0416666666666667,0.0833333333333333,0.9,0.0434782608695752,"N3-C01-BELOW-S","S",0.640217391304343,0.0375,0.075
"N3","PASS",7,"below",0.0416666666666667,0.0833333333333333,0.9,0.0434782608705652,"N3-C01-BELOW-S","S",0.640217391303835,0.0375,0.075
"N3","PASS",7,"below",0.0416666666666667,0.0833333333333333,0.9,0.0434782708695652,"N3-C01-BELOW-S","S",0.640217386179348,0.0375,0.075
"N3","PASS",7,"below",0.0416666666666667,0.0833333333333333,0.9,0.0434783608695652,"N3-C01-BELOW-S","S",0.640217340054348,0.0375,0.075
"N3","PASS",7,"below",0.0416666666666667,0.0833333333333333,0.9,0.05,"N3-C01-BELOW-S","S",0.636875,0.0375,0.075
"N3","PASS",7,"below",0.0416666666666667,0.0833333333333333,0.9,0.0731706317073171,"N3-C01-BELOW-S","S",0.62500005125,0.0375,0.075
"N3","PASS",7,"below",0.0416666666666667,0.0833333333333333,0.9,0.0731707217073171,"N3-C01-BELOW-S","S",0.625000005125,0.0375,0.075
"N3","PASS",7,"below",0.0416666666666667,0.0833333333333333,0.9,0.0731707317063171,"N3-C01-BELOW-S","S",0.625000000000512,0.0375,0.075
"N3","PASS",7,"below",0.0416666666666667,0.0833333333333333,0.9,0.0731707317073071,"N3-C01-BELOW-S","S",0.625000000000005,0.0375,0.075
"N3","PASS",7,"below",0.0416666666666667,0.0833333333333333,0.9,0.0731707317073171,"N3-C01-BELOW-S","S",0.625,0.0375,0.075
"N3","PASS",7,"below",0.0416666666666667,0.0833333333333333,0.9,0.0731707317073271,"N3-C02-BELOW-P","P",0.625,0.075,0.075
"N3","PASS",7,"below",0.0416666666666667,0.0833333333333333,0.9,0.0731707317083171,"N3-C02-BELOW-P","P",0.625,0.075,0.075
"N3","PASS",7,"below",0.0416666666666667,0.0833333333333333,0.9,0.0731707417073171,"N3-C02-BELOW-P","P",0.625,0.075,0.075
"N3","PASS",7,"below",0.0416666666666667,0.0833333333333333,0.9,0.0731708317073171,"N3-C02-BELOW-P","P",0.625,0.075,0.075
"N3","PASS",7,"below",0.0416666666666667,0.0833333333333333,0.9,0.219512095121951,"N3-C02-BELOW-P","P",0.625,0.075,0.075
"N3","PASS",7,"below",0.0416666666666667,0.0833333333333333,0.9,0.219512185121951,"N3-C02-BELOW-P","P",0.625,0.075,0.075
"N3","PASS",7,"below",0.0416666666666667,0.0833333333333333,0.9,0.219512195120951,"N3-C02-BELOW-P","P",0.625,0.075,0.075
"N3","PASS",7,"below",0.0416666666666667,0.0833333333333333,0.9,0.219512195121941,"N3-C02-BELOW-P","P",0.625,0.075,0.075
"N3","PASS",7,"below",0.0416666666666667,0.0833333333333333,0.9,0.219512195121951,"N3-C02-BELOW-P","P",0.625,0.075,0.075
"N3","PASS",7,"below",0.0416666666666667,0.0833333333333333,0.9,0.219512195121961,"N3-C02-BELOW-P","P",0.625,0.075,0.075
"N3","PASS",7,"below",0.0416666666666667,0.0833333333333333,0.9,0.219512195122951,"N3-C02-BELOW-P","P",0.625,0.075,0.075
"N3","PASS",7,"below",0.0416666666666667,0.0833333333333333,0.9,0.219512205121951,"N3-C02-BELOW-P","P",0.625,0.075,0.075
"N3","PASS",7,"below",0.0416666666666667,0.0833333333333333,0.9,0.219512295121951,"N3-C02-BELOW-P","P",0.625,0.075,0.075
"N3","PASS",7,"below",0.0416666666666667,0.0833333333333333,0.9,0.25,"N3-C02-BELOW-P","P",0.625,0.075,0.075
"N3","PASS",7,"below",0.0416666666666667,0.0833333333333333,0.9,0.5,"N3-C02-BELOW-P","P",0.625,0.075,0.075
"N3","PASS",7,"below",0.0416666666666667,0.0833333333333333,0.9,0.75,"N3-C02-BELOW-P","P",0.625,0.075,0.075
"N3","PASS",7,"below",0.0416666666666667,0.0833333333333333,0.9,0.95,"N3-C02-BELOW-P","P",0.625,0.075,0.075
"N3","PASS",7,"below",0.0416666666666667,0.0833333333333333,0.9,0.99999999,"N3-C02-BELOW-P","P",0.625,0.075,0.075
"N3","PASS",7,"below",0.0416666666666667,0.0833333333333333,0.9,0.999999999999,"N3-C02-BELOW-P","P",0.625,0.075,0.075
"N3","PASS",7,"below",0.0416666666666667,0.0833333333333333,0.9,0.99999999999999,"N3-C02-BELOW-P","P",0.625,0.075,0.075
"N3","PASS",7,"below",0.0416666666666667,0.0833333333333333,0.9,1,"N3-C02-BELOW-P","P",0.625,0.075,0.075
"N3","PASS",7,"below",0.0416666666666667,0.0833333333333333,0.99,0,"N3-C01-BELOW-S","S",0.62875,0.04125,0.0825
"N3","PASS",7,"below",0.0416666666666667,0.0833333333333333,0.99,1e-14,"N3-C01-BELOW-S","S",0.628749999999995,0.04125,0.0825
"N3","PASS",7,"below",0.0416666666666667,0.0833333333333333,0.99,1e-12,"N3-C01-BELOW-S","S",0.628749999999536,0.04125,0.0825
"N3","PASS",7,"below",0.0416666666666667,0.0833333333333333,0.99,1e-08,"N3-C01-BELOW-S","S",0.6287499953625,0.04125,0.0825
"N3","PASS",7,"below",0.0416666666666667,0.0833333333333333,0.99,0.0434781608695652,"N3-C01-BELOW-S","S",0.608587002896739,0.04125,0.0825
"N3","PASS",7,"below",0.0416666666666667,0.0833333333333333,0.99,0.0434782508695652,"N3-C01-BELOW-S","S",0.608586961159239,0.04125,0.0825
"N3","PASS",7,"below",0.0416666666666667,0.0833333333333333,0.99,0.0434782608685652,"N3-C01-BELOW-S","S",0.608586956522203,0.04125,0.0825
"N3","PASS",7,"below",0.0416666666666667,0.0833333333333333,0.99,0.0434782608695552,"N3-C01-BELOW-S","S",0.608586956521744,0.04125,0.0825
"N3","PASS",7,"below",0.0416666666666667,0.0833333333333333,0.99,0.0434782608695652,"N3-C01-BELOW-S","S",0.608586956521739,0.04125,0.0825
"N3","PASS",7,"below",0.0416666666666667,0.0833333333333333,0.99,0.0434782608695752,"N3-C01-BELOW-S","S",0.608586956521734,0.04125,0.0825
"N3","PASS",7,"below",0.0416666666666667,0.0833333333333333,0.99,0.0434782608705652,"N3-C01-BELOW-S","S",0.608586956521275,0.04125,0.0825
"N3","PASS",7,"below",0.0416666666666667,0.0833333333333333,0.99,0.0434782708695652,"N3-C01-BELOW-S","S",0.608586951884239,0.04125,0.0825
"N3","PASS",7,"below",0.0416666666666667,0.0833333333333333,0.99,0.0434783608695652,"N3-C01-BELOW-S","S",0.608586910146739,0.04125,0.0825
"N3","PASS",7,"below",0.0416666666666667,0.0833333333333333,0.99,0.05,"N3-C01-BELOW-S","S",0.6055625,0.04125,0.0825
"N3","PASS",7,"below",0.0416666666666667,0.0833333333333333,0.99,0.0889486870619946,"N3-C01-BELOW-S","S",0.587500046375,0.04125,0.0825
"N3","PASS",7,"below",0.0416666666666667,0.0833333333333333,0.99,0.0889487770619946,"N3-C01-BELOW-S","S",0.5875000046375,0.04125,0.0825
"N3","PASS",7,"below",0.0416666666666667,0.0833333333333333,0.99,0.0889487870609946,"N3-C01-BELOW-S","S",0.587500000000464,0.04125,0.0825
"N3","PASS",7,"below",0.0416666666666667,0.0833333333333333,0.99,0.0889487870619846,"N3-C01-BELOW-S","S",0.587500000000005,0.04125,0.0825
"N3","PASS",7,"below",0.0416666666666667,0.0833333333333333,0.99,0.0889487870619946,"N3-C01-BELOW-S","S",0.5875,0.04125,0.0825
"N3","PASS",7,"below",0.0416666666666667,0.0833333333333333,0.99,0.0889487870620046,"N3-C02-BELOW-P","P",0.5875,0.0825,0.0825
"N3","PASS",7,"below",0.0416666666666667,0.0833333333333333,0.99,0.0889487870629946,"N3-C02-BELOW-P","P",0.5875,0.0825,0.0825
"N3","PASS",7,"below",0.0416666666666667,0.0833333333333333,0.99,0.0889487970619946,"N3-C02-BELOW-P","P",0.5875,0.0825,0.0825
"N3","PASS",7,"below",0.0416666666666667,0.0833333333333333,0.99,0.0889488870619946,"N3-C02-BELOW-P","P",0.5875,0.0825,0.0825
"N3","PASS",7,"below",0.0416666666666667,0.0833333333333333,0.99,0.25,"N3-C02-BELOW-P","P",0.5875,0.0825,0.0825
"N3","PASS",7,"below",0.0416666666666667,0.0833333333333333,0.99,0.266846261185984,"N3-C02-BELOW-P","P",0.5875,0.0825,0.0825
"N3","PASS",7,"below",0.0416666666666667,0.0833333333333333,0.99,0.266846351185984,"N3-C02-BELOW-P","P",0.5875,0.0825,0.0825
"N3","PASS",7,"below",0.0416666666666667,0.0833333333333333,0.99,0.266846361184984,"N3-C02-BELOW-P","P",0.5875,0.0825,0.0825
"N3","PASS",7,"below",0.0416666666666667,0.0833333333333333,0.99,0.266846361185974,"N3-C02-BELOW-P","P",0.5875,0.0825,0.0825
"N3","PASS",7,"below",0.0416666666666667,0.0833333333333333,0.99,0.266846361185984,"N3-C02-BELOW-P","P",0.5875,0.0825,0.0825
"N3","PASS",7,"below",0.0416666666666667,0.0833333333333333,0.99,0.266846361185994,"N3-C02-BELOW-P","P",0.5875,0.0825,0.0825
"N3","PASS",7,"below",0.0416666666666667,0.0833333333333333,0.99,0.266846361186984,"N3-C02-BELOW-P","P",0.5875,0.0825,0.0825
"N3","PASS",7,"below",0.0416666666666667,0.0833333333333333,0.99,0.266846371185984,"N3-C02-BELOW-P","P",0.5875,0.0825,0.0825
"N3","PASS",7,"below",0.0416666666666667,0.0833333333333333,0.99,0.266846461185984,"N3-C02-BELOW-P","P",0.5875,0.0825,0.0825
"N3","PASS",7,"below",0.0416666666666667,0.0833333333333333,0.99,0.5,"N3-C02-BELOW-P","P",0.5875,0.0825,0.0825
"N3","PASS",7,"below",0.0416666666666667,0.0833333333333333,0.99,0.75,"N3-C02-BELOW-P","P",0.5875,0.0825,0.0825
"N3","PASS",7,"below",0.0416666666666667,0.0833333333333333,0.99,0.95,"N3-C02-BELOW-P","P",0.5875,0.0825,0.0825
"N3","PASS",7,"below",0.0416666666666667,0.0833333333333333,0.99,0.99999999,"N3-C02-BELOW-P","P",0.5875,0.0825,0.0825
"N3","PASS",7,"below",0.0416666666666667,0.0833333333333333,0.99,0.999999999999,"N3-C02-BELOW-P","P",0.5875,0.0825,0.0825
"N3","PASS",7,"below",0.0416666666666667,0.0833333333333333,0.99,0.99999999999999,"N3-C02-BELOW-P","P",0.5875,0.0825,0.0825
"N3","PASS",7,"below",0.0416666666666667,0.0833333333333333,0.99,1,"N3-C02-BELOW-P","P",0.5875,0.0825,0.0825
"N3","PASS",7,"o1_equal_low",0.0416666666666667,0.166666666666667,0.5,0,"N3-C08-O1-EQUAL-S","S",0.8125,0.0208333333333333,0.0833333333333333
"N3","PASS",7,"o1_equal_low",0.0416666666666667,0.166666666666667,0.5,1e-14,"N3-C08-O1-EQUAL-S","S",0.812499999999993,0.0208333333333333,0.0833333333333333
"N3","PASS",7,"o1_equal_low",0.0416666666666667,0.166666666666667,0.5,1e-12,"N3-C08-O1-EQUAL-S","S",0.812499999999271,0.0208333333333333,0.0833333333333333
"N3","PASS",7,"o1_equal_low",0.0416666666666667,0.166666666666667,0.5,1e-08,"N3-C08-O1-EQUAL-S","S",0.812499992708333,0.0208333333333333,0.0833333333333333
"N3","PASS",7,"o1_equal_low",0.0416666666666667,0.166666666666667,0.5,0.05,"N3-C08-O1-EQUAL-S","S",0.776041666666667,0.0208333333333333,0.0833333333333333
"N3","PASS",7,"o1_equal_low",0.0416666666666667,0.166666666666667,0.5,0.0857141857142857,"N3-C08-O1-EQUAL-S","S",0.750000072916667,0.0208333333333333,0.0833333333333333
"N3","PASS",7,"o1_equal_low",0.0416666666666667,0.166666666666667,0.5,0.0857142757142857,"N3-C08-O1-EQUAL-S","S",0.750000007291667,0.0208333333333333,0.0833333333333333
"N3","PASS",7,"o1_equal_low",0.0416666666666667,0.166666666666667,0.5,0.0857142857132857,"N3-C08-O1-EQUAL-S","S",0.750000000000729,0.0208333333333333,0.0833333333333333
"N3","PASS",7,"o1_equal_low",0.0416666666666667,0.166666666666667,0.5,0.0857142857142757,"N3-C08-O1-EQUAL-S","S",0.750000000000007,0.0208333333333333,0.0833333333333333
"N3","PASS",7,"o1_equal_low",0.0416666666666667,0.166666666666667,0.5,0.0857142857142857,"N3-C08-O1-EQUAL-S","S",0.75,0.0208333333333333,0.0833333333333333
"N3","PASS",7,"o1_equal_low",0.0416666666666667,0.166666666666667,0.5,0.0857142857142957,"N3-C09-O1-EQUAL-E","E",0.75,0.0416666666666667,0.166666666666667
"N3","PASS",7,"o1_equal_low",0.0416666666666667,0.166666666666667,0.5,0.0857142857152857,"N3-C09-O1-EQUAL-E","E",0.75,0.0416666666666667,0.166666666666667
"N3","PASS",7,"o1_equal_low",0.0416666666666667,0.166666666666667,0.5,0.0857142957142857,"N3-C09-O1-EQUAL-E","E",0.75,0.0416666666666667,0.166666666666667
"N3","PASS",7,"o1_equal_low",0.0416666666666667,0.166666666666667,0.5,0.0857143857142857,"N3-C09-O1-EQUAL-E","E",0.75,0.0416666666666667,0.166666666666667
"N3","PASS",7,"o1_equal_low",0.0416666666666667,0.166666666666667,0.5,0.130434682608696,"N3-C09-O1-EQUAL-E","E",0.75,0.0416666666666667,0.166666666666667
"N3","PASS",7,"o1_equal_low",0.0416666666666667,0.166666666666667,0.5,0.130434772608696,"N3-C09-O1-EQUAL-E","E",0.75,0.0416666666666667,0.166666666666667
"N3","PASS",7,"o1_equal_low",0.0416666666666667,0.166666666666667,0.5,0.130434782607696,"N3-C09-O1-EQUAL-E","E",0.75,0.0416666666666667,0.166666666666667
"N3","PASS",7,"o1_equal_low",0.0416666666666667,0.166666666666667,0.5,0.130434782608686,"N3-C09-O1-EQUAL-E","E",0.75,0.0416666666666667,0.166666666666667
"N3","PASS",7,"o1_equal_low",0.0416666666666667,0.166666666666667,0.5,0.130434782608696,"N3-C09-O1-EQUAL-E","E",0.75,0.0416666666666667,0.166666666666667
"N3","PASS",7,"o1_equal_low",0.0416666666666667,0.166666666666667,0.5,0.130434782608706,"N3-C09-O1-EQUAL-E","E",0.75,0.0416666666666667,0.166666666666667
"N3","PASS",7,"o1_equal_low",0.0416666666666667,0.166666666666667,0.5,0.130434782609696,"N3-C09-O1-EQUAL-E","E",0.75,0.0416666666666667,0.166666666666667
"N3","PASS",7,"o1_equal_low",0.0416666666666667,0.166666666666667,0.5,0.130434792608696,"N3-C09-O1-EQUAL-E","E",0.75,0.0416666666666667,0.166666666666667
"N3","PASS",7,"o1_equal_low",0.0416666666666667,0.166666666666667,0.5,0.130434882608696,"N3-C09-O1-EQUAL-E","E",0.75,0.0416666666666667,0.166666666666667
"N3","PASS",7,"o1_equal_low",0.0416666666666667,0.166666666666667,0.5,0.25,"N3-C09-O1-EQUAL-E","E",0.75,0.0416666666666667,0.166666666666667
"N3","PASS",7,"o1_equal_low",0.0416666666666667,0.166666666666667,0.5,0.333333233333333,"N3-C09-O1-EQUAL-E","E",0.75,0.0416666666666667,0.166666666666667
"N3","PASS",7,"o1_equal_low",0.0416666666666667,0.166666666666667,0.5,0.333333323333333,"N3-C09-O1-EQUAL-E","E",0.75,0.0416666666666667,0.166666666666667
"N3","PASS",7,"o1_equal_low",0.0416666666666667,0.166666666666667,0.5,0.333333333332333,"N3-C09-O1-EQUAL-E","E",0.75,0.0416666666666667,0.166666666666667
"N3","PASS",7,"o1_equal_low",0.0416666666666667,0.166666666666667,0.5,0.333333333333323,"N3-C09-O1-EQUAL-E","E",0.75,0.0416666666666667,0.166666666666667
"N3","PASS",7,"o1_equal_low",0.0416666666666667,0.166666666666667,0.5,0.333333333333333,"N3-C11-O1-EQUAL-EP","E+P",0.75,NA,NA
"N3","PASS",7,"o1_equal_low",0.0416666666666667,0.166666666666667,0.5,0.333333333333343,"N3-C10-O1-EQUAL-P","P",0.75,0.0833333333333333,0.0833333333333333
"N3","PASS",7,"o1_equal_low",0.0416666666666667,0.166666666666667,0.5,0.333333333334333,"N3-C10-O1-EQUAL-P","P",0.75,0.0833333333333333,0.0833333333333333
"N3","PASS",7,"o1_equal_low",0.0416666666666667,0.166666666666667,0.5,0.333333343333333,"N3-C10-O1-EQUAL-P","P",0.75,0.0833333333333333,0.0833333333333333
"N3","PASS",7,"o1_equal_low",0.0416666666666667,0.166666666666667,0.5,0.333333433333333,"N3-C10-O1-EQUAL-P","P",0.75,0.0833333333333333,0.0833333333333333
"N3","PASS",7,"o1_equal_low",0.0416666666666667,0.166666666666667,0.5,0.5,"N3-C10-O1-EQUAL-P","P",0.75,0.0833333333333333,0.0833333333333333
"N3","PASS",7,"o1_equal_low",0.0416666666666667,0.166666666666667,0.5,0.75,"N3-C10-O1-EQUAL-P","P",0.75,0.0833333333333333,0.0833333333333333
"N3","PASS",7,"o1_equal_low",0.0416666666666667,0.166666666666667,0.5,0.95,"N3-C10-O1-EQUAL-P","P",0.75,0.0833333333333333,0.0833333333333333
"N3","PASS",7,"o1_equal_low",0.0416666666666667,0.166666666666667,0.5,0.99999999,"N3-C10-O1-EQUAL-P","P",0.75,0.0833333333333333,0.0833333333333333
"N3","PASS",7,"o1_equal_low",0.0416666666666667,0.166666666666667,0.5,0.999999999999,"N3-C10-O1-EQUAL-P","P",0.75,0.0833333333333333,0.0833333333333333
"N3","PASS",7,"o1_equal_low",0.0416666666666667,0.166666666666667,0.5,0.99999999999999,"N3-C10-O1-EQUAL-P","P",0.75,0.0833333333333333,0.0833333333333333
"N3","PASS",7,"o1_equal_low",0.0416666666666667,0.166666666666667,0.5,1,"N3-C10-O1-EQUAL-P","P",0.75,0.0833333333333333,0.0833333333333333
"N3","PASS",7,"o1_equal_low",0.0416666666666667,0.166666666666667,0.9,0,"N3-C08-O1-EQUAL-S","S",0.6625,0.0375,0.15
"N3","PASS",7,"o1_equal_low",0.0416666666666667,0.166666666666667,0.9,1e-14,"N3-C08-O1-EQUAL-S","S",0.662499999999995,0.0375,0.15
"N3","PASS",7,"o1_equal_low",0.0416666666666667,0.166666666666667,0.9,1e-12,"N3-C08-O1-EQUAL-S","S",0.662499999999487,0.0375,0.15
"N3","PASS",7,"o1_equal_low",0.0416666666666667,0.166666666666667,0.9,1e-08,"N3-C08-O1-EQUAL-S","S",0.662499994875,0.0375,0.15
"N3","PASS",7,"o1_equal_low",0.0416666666666667,0.166666666666667,0.9,0.05,"N3-C08-O1-EQUAL-S","S",0.636875,0.0375,0.15
"N3","PASS",7,"o1_equal_low",0.0416666666666667,0.166666666666667,0.9,0.130434682608696,"N3-C08-O1-EQUAL-S","S",0.595652225163044,0.0375,0.15
"N3","PASS",7,"o1_equal_low",0.0416666666666667,0.166666666666667,0.9,0.130434772608696,"N3-C08-O1-EQUAL-S","S",0.595652179038043,0.0375,0.15
"N3","PASS",7,"o1_equal_low",0.0416666666666667,0.166666666666667,0.9,0.130434782607696,"N3-C08-O1-EQUAL-S","S",0.595652173913556,0.0375,0.15
"N3","PASS",7,"o1_equal_low",0.0416666666666667,0.166666666666667,0.9,0.130434782608686,"N3-C08-O1-EQUAL-S","S",0.595652173913048,0.0375,0.15
"N3","PASS",7,"o1_equal_low",0.0416666666666667,0.166666666666667,0.9,0.130434782608696,"N3-C08-O1-EQUAL-S","S",0.595652173913043,0.0375,0.15
"N3","PASS",7,"o1_equal_low",0.0416666666666667,0.166666666666667,0.9,0.130434782608706,"N3-C08-O1-EQUAL-S","S",0.595652173913038,0.0375,0.15
"N3","PASS",7,"o1_equal_low",0.0416666666666667,0.166666666666667,0.9,0.130434782609696,"N3-C08-O1-EQUAL-S","S",0.595652173912531,0.0375,0.15
"N3","PASS",7,"o1_equal_low",0.0416666666666667,0.166666666666667,0.9,0.130434792608696,"N3-C08-O1-EQUAL-S","S",0.595652168788044,0.0375,0.15
"N3","PASS",7,"o1_equal_low",0.0416666666666667,0.166666666666667,0.9,0.130434882608696,"N3-C08-O1-EQUAL-S","S",0.595652122663043,0.0375,0.15
"N3","PASS",7,"o1_equal_low",0.0416666666666667,0.166666666666667,0.9,0.219512095121951,"N3-C08-O1-EQUAL-S","S",0.55000005125,0.0375,0.15
"N3","PASS",7,"o1_equal_low",0.0416666666666667,0.166666666666667,0.9,0.219512185121951,"N3-C08-O1-EQUAL-S","S",0.550000005125,0.0375,0.15
"N3","PASS",7,"o1_equal_low",0.0416666666666667,0.166666666666667,0.9,0.219512195120951,"N3-C08-O1-EQUAL-S","S",0.550000000000513,0.0375,0.15
"N3","PASS",7,"o1_equal_low",0.0416666666666667,0.166666666666667,0.9,0.219512195121941,"N3-C08-O1-EQUAL-S","S",0.550000000000005,0.0375,0.15
"N3","PASS",7,"o1_equal_low",0.0416666666666667,0.166666666666667,0.9,0.219512195121951,"N3-C08-O1-EQUAL-S","S",0.55,0.0375,0.15
"N3","PASS",7,"o1_equal_low",0.0416666666666667,0.166666666666667,0.9,0.219512195121961,"N3-C09-O1-EQUAL-E","E",0.55,0.0416666666666667,0.166666666666667
"N3","PASS",7,"o1_equal_low",0.0416666666666667,0.166666666666667,0.9,0.219512195122951,"N3-C09-O1-EQUAL-E","E",0.55,0.0416666666666667,0.166666666666667
"N3","PASS",7,"o1_equal_low",0.0416666666666667,0.166666666666667,0.9,0.219512205121951,"N3-C09-O1-EQUAL-E","E",0.55,0.0416666666666667,0.166666666666667
"N3","PASS",7,"o1_equal_low",0.0416666666666667,0.166666666666667,0.9,0.219512295121951,"N3-C09-O1-EQUAL-E","E",0.55,0.0416666666666667,0.166666666666667
"N3","PASS",7,"o1_equal_low",0.0416666666666667,0.166666666666667,0.9,0.25,"N3-C09-O1-EQUAL-E","E",0.55,0.0416666666666667,0.166666666666667
"N3","PASS",7,"o1_equal_low",0.0416666666666667,0.166666666666667,0.9,0.5,"N3-C09-O1-EQUAL-E","E",0.55,0.0416666666666667,0.166666666666667
"N3","PASS",7,"o1_equal_low",0.0416666666666667,0.166666666666667,0.9,0.75,"N3-C09-O1-EQUAL-E","E",0.55,0.0416666666666667,0.166666666666667
"N3","PASS",7,"o1_equal_low",0.0416666666666667,0.166666666666667,0.9,0.866666566666667,"N3-C09-O1-EQUAL-E","E",0.55,0.0416666666666667,0.166666666666667
"N3","PASS",7,"o1_equal_low",0.0416666666666667,0.166666666666667,0.9,0.866666656666667,"N3-C09-O1-EQUAL-E","E",0.55,0.0416666666666667,0.166666666666667
"N3","PASS",7,"o1_equal_low",0.0416666666666667,0.166666666666667,0.9,0.866666666665667,"N3-C09-O1-EQUAL-E","E",0.55,0.0416666666666667,0.166666666666667
"N3","PASS",7,"o1_equal_low",0.0416666666666667,0.166666666666667,0.9,0.866666666666657,"N3-C09-O1-EQUAL-E","E",0.55,0.0416666666666667,0.166666666666667
"N3","PASS",7,"o1_equal_low",0.0416666666666667,0.166666666666667,0.9,0.866666666666667,"N3-C11-O1-EQUAL-EP","E+P",0.55,NA,NA
"N3","PASS",7,"o1_equal_low",0.0416666666666667,0.166666666666667,0.9,0.866666666666677,"N3-C10-O1-EQUAL-P","P",0.55,0.15,0.15
"N3","PASS",7,"o1_equal_low",0.0416666666666667,0.166666666666667,0.9,0.866666666667667,"N3-C10-O1-EQUAL-P","P",0.55,0.15,0.15
"N3","PASS",7,"o1_equal_low",0.0416666666666667,0.166666666666667,0.9,0.866666676666667,"N3-C10-O1-EQUAL-P","P",0.55,0.15,0.15
"N3","PASS",7,"o1_equal_low",0.0416666666666667,0.166666666666667,0.9,0.866666766666667,"N3-C10-O1-EQUAL-P","P",0.55,0.15,0.15
"N3","PASS",7,"o1_equal_low",0.0416666666666667,0.166666666666667,0.9,0.95,"N3-C10-O1-EQUAL-P","P",0.55,0.15,0.15
"N3","PASS",7,"o1_equal_low",0.0416666666666667,0.166666666666667,0.9,0.99999999,"N3-C10-O1-EQUAL-P","P",0.55,0.15,0.15
"N3","PASS",7,"o1_equal_low",0.0416666666666667,0.166666666666667,0.9,0.999999999999,"N3-C10-O1-EQUAL-P","P",0.55,0.15,0.15
"N3","PASS",7,"o1_equal_low",0.0416666666666667,0.166666666666667,0.9,0.99999999999999,"N3-C10-O1-EQUAL-P","P",0.55,0.15,0.15
"N3","PASS",7,"o1_equal_low",0.0416666666666667,0.166666666666667,0.9,1,"N3-C10-O1-EQUAL-P","P",0.55,0.15,0.15
"N3","PASS",7,"o1_equal_low",0.0416666666666667,0.166666666666667,0.99,0,"N3-C08-O1-EQUAL-S","S",0.62875,0.04125,0.165
"N3","PASS",7,"o1_equal_low",0.0416666666666667,0.166666666666667,0.99,1e-14,"N3-C08-O1-EQUAL-S","S",0.628749999999995,0.04125,0.165
"N3","PASS",7,"o1_equal_low",0.0416666666666667,0.166666666666667,0.99,1e-12,"N3-C08-O1-EQUAL-S","S",0.628749999999536,0.04125,0.165
"N3","PASS",7,"o1_equal_low",0.0416666666666667,0.166666666666667,0.99,1e-08,"N3-C08-O1-EQUAL-S","S",0.6287499953625,0.04125,0.165
"N3","PASS",7,"o1_equal_low",0.0416666666666667,0.166666666666667,0.99,0.05,"N3-C08-O1-EQUAL-S","S",0.6055625,0.04125,0.165
"N3","PASS",7,"o1_equal_low",0.0416666666666667,0.166666666666667,0.99,0.130434682608696,"N3-C08-O1-EQUAL-S","S",0.568260915940217,0.04125,0.165
"N3","PASS",7,"o1_equal_low",0.0416666666666667,0.166666666666667,0.99,0.130434772608696,"N3-C08-O1-EQUAL-S","S",0.568260874202717,0.04125,0.165
"N3","PASS",7,"o1_equal_low",0.0416666666666667,0.166666666666667,0.99,0.130434782607696,"N3-C08-O1-EQUAL-S","S",0.568260869565681,0.04125,0.165
"N3","PASS",7,"o1_equal_low",0.0416666666666667,0.166666666666667,0.99,0.130434782608686,"N3-C08-O1-EQUAL-S","S",0.568260869565222,0.04125,0.165
"N3","PASS",7,"o1_equal_low",0.0416666666666667,0.166666666666667,0.99,0.130434782608696,"N3-C08-O1-EQUAL-S","S",0.568260869565217,0.04125,0.165
"N3","PASS",7,"o1_equal_low",0.0416666666666667,0.166666666666667,0.99,0.130434782608706,"N3-C08-O1-EQUAL-S","S",0.568260869565213,0.04125,0.165
"N3","PASS",7,"o1_equal_low",0.0416666666666667,0.166666666666667,0.99,0.130434782609696,"N3-C08-O1-EQUAL-S","S",0.568260869564754,0.04125,0.165
"N3","PASS",7,"o1_equal_low",0.0416666666666667,0.166666666666667,0.99,0.130434792608696,"N3-C08-O1-EQUAL-S","S",0.568260864927717,0.04125,0.165
"N3","PASS",7,"o1_equal_low",0.0416666666666667,0.166666666666667,0.99,0.130434882608696,"N3-C08-O1-EQUAL-S","S",0.568260823190217,0.04125,0.165
"N3","PASS",7,"o1_equal_low",0.0416666666666667,0.166666666666667,0.99,0.25,"N3-C08-O1-EQUAL-S","S",0.5128125,0.04125,0.165
"N3","PASS",7,"o1_equal_low",0.0416666666666667,0.166666666666667,0.99,0.266846261185984,"N3-C08-O1-EQUAL-S","S",0.505000046375,0.04125,0.165
"N3","PASS",7,"o1_equal_low",0.0416666666666667,0.166666666666667,0.99,0.266846351185984,"N3-C08-O1-EQUAL-S","S",0.5050000046375,0.04125,0.165
"N3","PASS",7,"o1_equal_low",0.0416666666666667,0.166666666666667,0.99,0.266846361184984,"N3-C08-O1-EQUAL-S","S",0.505000000000464,0.04125,0.165
"N3","PASS",7,"o1_equal_low",0.0416666666666667,0.166666666666667,0.99,0.266846361185974,"N3-C08-O1-EQUAL-S","S",0.505000000000005,0.04125,0.165
"N3","PASS",7,"o1_equal_low",0.0416666666666667,0.166666666666667,0.99,0.266846361185984,"N3-C08-O1-EQUAL-S","S",0.505,0.04125,0.165
"N3","PASS",7,"o1_equal_low",0.0416666666666667,0.166666666666667,0.99,0.266846361185994,"N3-C09-O1-EQUAL-E","E",0.505,0.0416666666666667,0.166666666666667
"N3","PASS",7,"o1_equal_low",0.0416666666666667,0.166666666666667,0.99,0.266846361186984,"N3-C09-O1-EQUAL-E","E",0.505,0.0416666666666667,0.166666666666667
"N3","PASS",7,"o1_equal_low",0.0416666666666667,0.166666666666667,0.99,0.266846371185984,"N3-C09-O1-EQUAL-E","E",0.505,0.0416666666666667,0.166666666666667
"N3","PASS",7,"o1_equal_low",0.0416666666666667,0.166666666666667,0.99,0.266846461185984,"N3-C09-O1-EQUAL-E","E",0.505,0.0416666666666667,0.166666666666667
"N3","PASS",7,"o1_equal_low",0.0416666666666667,0.166666666666667,0.99,0.5,"N3-C09-O1-EQUAL-E","E",0.505,0.0416666666666667,0.166666666666667
"N3","PASS",7,"o1_equal_low",0.0416666666666667,0.166666666666667,0.99,0.75,"N3-C09-O1-EQUAL-E","E",0.505,0.0416666666666667,0.166666666666667
"N3","PASS",7,"o1_equal_low",0.0416666666666667,0.166666666666667,0.99,0.95,"N3-C09-O1-EQUAL-E","E",0.505,0.0416666666666667,0.166666666666667
"N3","PASS",7,"o1_equal_low",0.0416666666666667,0.166666666666667,0.99,0.986666566666667,"N3-C09-O1-EQUAL-E","E",0.505,0.0416666666666667,0.166666666666667
"N3","PASS",7,"o1_equal_low",0.0416666666666667,0.166666666666667,0.99,0.986666656666667,"N3-C09-O1-EQUAL-E","E",0.505,0.0416666666666667,0.166666666666667
"N3","PASS",7,"o1_equal_low",0.0416666666666667,0.166666666666667,0.99,0.986666666665667,"N3-C09-O1-EQUAL-E","E",0.505,0.0416666666666667,0.166666666666667
"N3","PASS",7,"o1_equal_low",0.0416666666666667,0.166666666666667,0.99,0.986666666666657,"N3-C09-O1-EQUAL-E","E",0.505,0.0416666666666667,0.166666666666667
"N3","PASS",7,"o1_equal_low",0.0416666666666667,0.166666666666667,0.99,0.986666666666667,"N3-C11-O1-EQUAL-EP","E+P",0.505,NA,NA
"N3","PASS",7,"o1_equal_low",0.0416666666666667,0.166666666666667,0.99,0.986666666666677,"N3-C10-O1-EQUAL-P","P",0.505,0.165,0.165
"N3","PASS",7,"o1_equal_low",0.0416666666666667,0.166666666666667,0.99,0.986666666667667,"N3-C10-O1-EQUAL-P","P",0.505,0.165,0.165
"N3","PASS",7,"o1_equal_low",0.0416666666666667,0.166666666666667,0.99,0.986666676666667,"N3-C10-O1-EQUAL-P","P",0.505,0.165,0.165
"N3","PASS",7,"o1_equal_low",0.0416666666666667,0.166666666666667,0.99,0.986666766666667,"N3-C10-O1-EQUAL-P","P",0.505,0.165,0.165
"N3","PASS",7,"o1_equal_low",0.0416666666666667,0.166666666666667,0.99,0.99999999,"N3-C10-O1-EQUAL-P","P",0.505,0.165,0.165
"N3","PASS",7,"o1_equal_low",0.0416666666666667,0.166666666666667,0.99,0.999999999999,"N3-C10-O1-EQUAL-P","P",0.505,0.165,0.165
"N3","PASS",7,"o1_equal_low",0.0416666666666667,0.166666666666667,0.99,0.99999999999999,"N3-C10-O1-EQUAL-P","P",0.505,0.165,0.165
"N3","PASS",7,"o1_equal_low",0.0416666666666667,0.166666666666667,0.99,1,"N3-C10-O1-EQUAL-P","P",0.505,0.165,0.165
"N3","PASS",7,"o1_equal_mid",0.0833333333333333,0.166666666666667,0.5,0,"N3-C08-O1-EQUAL-S","S",0.791666666666667,0.0416666666666667,0.0833333333333333
"N3","PASS",7,"o1_equal_mid",0.0833333333333333,0.166666666666667,0.5,1e-14,"N3-C08-O1-EQUAL-S","S",0.79166666666666,0.0416666666666667,0.0833333333333333
"N3","PASS",7,"o1_equal_mid",0.0833333333333333,0.166666666666667,0.5,1e-12,"N3-C08-O1-EQUAL-S","S",0.791666666665958,0.0416666666666667,0.0833333333333333
"N3","PASS",7,"o1_equal_mid",0.0833333333333333,0.166666666666667,0.5,1e-08,"N3-C08-O1-EQUAL-S","S",0.791666659583333,0.0416666666666667,0.0833333333333333
"N3","PASS",7,"o1_equal_mid",0.0833333333333333,0.166666666666667,0.5,1e-07,"N3-C08-O1-EQUAL-S","S",0.791666595833333,0.0416666666666667,0.0833333333333333
"N3","PASS",7,"o1_equal_mid",0.0833333333333333,0.166666666666667,0.5,0.05,"N3-C08-O1-EQUAL-S","S",0.75625,0.0416666666666667,0.0833333333333333
"N3","PASS",7,"o1_equal_mid",0.0833333333333333,0.166666666666667,0.5,0.0588234294117647,"N3-C08-O1-EQUAL-S","S",0.750000070833333,0.0416666666666667,0.0833333333333333
"N3","PASS",7,"o1_equal_mid",0.0833333333333333,0.166666666666667,0.5,0.0588235194117647,"N3-C08-O1-EQUAL-S","S",0.750000007083333,0.0416666666666667,0.0833333333333333
"N3","PASS",7,"o1_equal_mid",0.0833333333333333,0.166666666666667,0.5,0.0588235294107647,"N3-C08-O1-EQUAL-S","S",0.750000000000708,0.0416666666666667,0.0833333333333333
"N3","PASS",7,"o1_equal_mid",0.0833333333333333,0.166666666666667,0.5,0.0588235294117547,"N3-C08-O1-EQUAL-S","S",0.750000000000007,0.0416666666666667,0.0833333333333333
"N3","PASS",7,"o1_equal_mid",0.0833333333333333,0.166666666666667,0.5,0.0588235294117647,"N3-C08-O1-EQUAL-S","S",0.75,0.0416666666666667,0.0833333333333333
"N3","PASS",7,"o1_equal_mid",0.0833333333333333,0.166666666666667,0.5,0.0588235294117747,"N3-C10-O1-EQUAL-P","P",0.75,0.0833333333333333,0.0833333333333333
"N3","PASS",7,"o1_equal_mid",0.0833333333333333,0.166666666666667,0.5,0.0588235294127647,"N3-C10-O1-EQUAL-P","P",0.75,0.0833333333333333,0.0833333333333333
"N3","PASS",7,"o1_equal_mid",0.0833333333333333,0.166666666666667,0.5,0.0588235394117647,"N3-C10-O1-EQUAL-P","P",0.75,0.0833333333333333,0.0833333333333333
"N3","PASS",7,"o1_equal_mid",0.0833333333333333,0.166666666666667,0.5,0.0588236294117647,"N3-C10-O1-EQUAL-P","P",0.75,0.0833333333333333,0.0833333333333333
"N3","PASS",7,"o1_equal_mid",0.0833333333333333,0.166666666666667,0.5,0.0909089909090909,"N3-C10-O1-EQUAL-P","P",0.75,0.0833333333333333,0.0833333333333333
"N3","PASS",7,"o1_equal_mid",0.0833333333333333,0.166666666666667,0.5,0.0909090809090909,"N3-C10-O1-EQUAL-P","P",0.75,0.0833333333333333,0.0833333333333333
"N3","PASS",7,"o1_equal_mid",0.0833333333333333,0.166666666666667,0.5,0.0909090909080909,"N3-C10-O1-EQUAL-P","P",0.75,0.0833333333333333,0.0833333333333333
"N3","PASS",7,"o1_equal_mid",0.0833333333333333,0.166666666666667,0.5,0.0909090909090809,"N3-C10-O1-EQUAL-P","P",0.75,0.0833333333333333,0.0833333333333333
"N3","PASS",7,"o1_equal_mid",0.0833333333333333,0.166666666666667,0.5,0.0909090909090909,"N3-C10-O1-EQUAL-P","P",0.75,0.0833333333333333,0.0833333333333333
"N3","PASS",7,"o1_equal_mid",0.0833333333333333,0.166666666666667,0.5,0.0909090909091009,"N3-C10-O1-EQUAL-P","P",0.75,0.0833333333333333,0.0833333333333333
"N3","PASS",7,"o1_equal_mid",0.0833333333333333,0.166666666666667,0.5,0.0909090909100909,"N3-C10-O1-EQUAL-P","P",0.75,0.0833333333333333,0.0833333333333333
"N3","PASS",7,"o1_equal_mid",0.0833333333333333,0.166666666666667,0.5,0.0909091009090909,"N3-C10-O1-EQUAL-P","P",0.75,0.0833333333333333,0.0833333333333333
"N3","PASS",7,"o1_equal_mid",0.0833333333333333,0.166666666666667,0.5,0.0909091909090909,"N3-C10-O1-EQUAL-P","P",0.75,0.0833333333333333,0.0833333333333333
"N3","PASS",7,"o1_equal_mid",0.0833333333333333,0.166666666666667,0.5,0.25,"N3-C10-O1-EQUAL-P","P",0.75,0.0833333333333333,0.0833333333333333
"N3","PASS",7,"o1_equal_mid",0.0833333333333333,0.166666666666667,0.5,0.5,"N3-C10-O1-EQUAL-P","P",0.75,0.0833333333333333,0.0833333333333333
"N3","PASS",7,"o1_equal_mid",0.0833333333333333,0.166666666666667,0.5,0.75,"N3-C10-O1-EQUAL-P","P",0.75,0.0833333333333333,0.0833333333333333
"N3","PASS",7,"o1_equal_mid",0.0833333333333333,0.166666666666667,0.5,0.95,"N3-C10-O1-EQUAL-P","P",0.75,0.0833333333333333,0.0833333333333333
"N3","PASS",7,"o1_equal_mid",0.0833333333333333,0.166666666666667,0.5,0.99999999,"N3-C10-O1-EQUAL-P","P",0.75,0.0833333333333333,0.0833333333333333
"N3","PASS",7,"o1_equal_mid",0.0833333333333333,0.166666666666667,0.5,0.999999999999,"N3-C10-O1-EQUAL-P","P",0.75,0.0833333333333333,0.0833333333333333
"N3","PASS",7,"o1_equal_mid",0.0833333333333333,0.166666666666667,0.5,0.99999999999999,"N3-C10-O1-EQUAL-P","P",0.75,0.0833333333333333,0.0833333333333333
"N3","PASS",7,"o1_equal_mid",0.0833333333333333,0.166666666666667,0.5,1,"N3-C10-O1-EQUAL-P","P",0.75,0.0833333333333333,0.0833333333333333
"N3","PASS",7,"o1_equal_mid",0.0833333333333333,0.166666666666667,0.9,0,"N3-C08-O1-EQUAL-S","S",0.625,0.075,0.15
"N3","PASS",7,"o1_equal_mid",0.0833333333333333,0.166666666666667,0.9,1e-14,"N3-C08-O1-EQUAL-S","S",0.624999999999995,0.075,0.15
"N3","PASS",7,"o1_equal_mid",0.0833333333333333,0.166666666666667,0.9,1e-12,"N3-C08-O1-EQUAL-S","S",0.624999999999525,0.075,0.15
"N3","PASS",7,"o1_equal_mid",0.0833333333333333,0.166666666666667,0.9,1e-08,"N3-C08-O1-EQUAL-S","S",0.62499999525,0.075,0.15
"N3","PASS",7,"o1_equal_mid",0.0833333333333333,0.166666666666667,0.9,0.05,"N3-C08-O1-EQUAL-S","S",0.60125,0.075,0.15
"N3","PASS",7,"o1_equal_mid",0.0833333333333333,0.166666666666667,0.9,0.0909089909090909,"N3-C08-O1-EQUAL-S","S",0.581818229318182,0.075,0.15
"N3","PASS",7,"o1_equal_mid",0.0833333333333333,0.166666666666667,0.9,0.0909090809090909,"N3-C08-O1-EQUAL-S","S",0.581818186568182,0.075,0.15
"N3","PASS",7,"o1_equal_mid",0.0833333333333333,0.166666666666667,0.9,0.0909090909080909,"N3-C08-O1-EQUAL-S","S",0.581818181818657,0.075,0.15
"N3","PASS",7,"o1_equal_mid",0.0833333333333333,0.166666666666667,0.9,0.0909090909090809,"N3-C08-O1-EQUAL-S","S",0.581818181818187,0.075,0.15
"N3","PASS",7,"o1_equal_mid",0.0833333333333333,0.166666666666667,0.9,0.0909090909090909,"N3-C08-O1-EQUAL-S","S",0.581818181818182,0.075,0.15
"N3","PASS",7,"o1_equal_mid",0.0833333333333333,0.166666666666667,0.9,0.0909090909091009,"N3-C08-O1-EQUAL-S","S",0.581818181818177,0.075,0.15
"N3","PASS",7,"o1_equal_mid",0.0833333333333333,0.166666666666667,0.9,0.0909090909100909,"N3-C08-O1-EQUAL-S","S",0.581818181817707,0.075,0.15
"N3","PASS",7,"o1_equal_mid",0.0833333333333333,0.166666666666667,0.9,0.0909091009090909,"N3-C08-O1-EQUAL-S","S",0.581818177068182,0.075,0.15
"N3","PASS",7,"o1_equal_mid",0.0833333333333333,0.166666666666667,0.9,0.0909091909090909,"N3-C08-O1-EQUAL-S","S",0.581818134318182,0.075,0.15
"N3","PASS",7,"o1_equal_mid",0.0833333333333333,0.166666666666667,0.9,0.157894636842105,"N3-C08-O1-EQUAL-S","S",0.5500000475,0.075,0.15
"N3","PASS",7,"o1_equal_mid",0.0833333333333333,0.166666666666667,0.9,0.157894726842105,"N3-C08-O1-EQUAL-S","S",0.55000000475,0.075,0.15
"N3","PASS",7,"o1_equal_mid",0.0833333333333333,0.166666666666667,0.9,0.157894736841105,"N3-C08-O1-EQUAL-S","S",0.550000000000475,0.075,0.15
"N3","PASS",7,"o1_equal_mid",0.0833333333333333,0.166666666666667,0.9,0.157894736842095,"N3-C08-O1-EQUAL-S","S",0.550000000000005,0.075,0.15
"N3","PASS",7,"o1_equal_mid",0.0833333333333333,0.166666666666667,0.9,0.157894736842105,"N3-C08-O1-EQUAL-S","S",0.55,0.075,0.15
"N3","PASS",7,"o1_equal_mid",0.0833333333333333,0.166666666666667,0.9,0.157894736842115,"N3-C09-O1-EQUAL-E","E",0.55,0.0833333333333333,0.166666666666667
"N3","PASS",7,"o1_equal_mid",0.0833333333333333,0.166666666666667,0.9,0.157894736843105,"N3-C09-O1-EQUAL-E","E",0.55,0.0833333333333333,0.166666666666667
"N3","PASS",7,"o1_equal_mid",0.0833333333333333,0.166666666666667,0.9,0.157894746842105,"N3-C09-O1-EQUAL-E","E",0.55,0.0833333333333333,0.166666666666667
"N3","PASS",7,"o1_equal_mid",0.0833333333333333,0.166666666666667,0.9,0.157894836842105,"N3-C09-O1-EQUAL-E","E",0.55,0.0833333333333333,0.166666666666667
"N3","PASS",7,"o1_equal_mid",0.0833333333333333,0.166666666666667,0.9,0.25,"N3-C09-O1-EQUAL-E","E",0.55,0.0833333333333333,0.166666666666667
"N3","PASS",7,"o1_equal_mid",0.0833333333333333,0.166666666666667,0.9,0.5,"N3-C09-O1-EQUAL-E","E",0.55,0.0833333333333333,0.166666666666667
"N3","PASS",7,"o1_equal_mid",0.0833333333333333,0.166666666666667,0.9,0.75,"N3-C09-O1-EQUAL-E","E",0.55,0.0833333333333333,0.166666666666667
"N3","PASS",7,"o1_equal_mid",0.0833333333333333,0.166666666666667,0.9,0.7999999,"N3-C09-O1-EQUAL-E","E",0.55,0.0833333333333333,0.166666666666667
"N3","PASS",7,"o1_equal_mid",0.0833333333333333,0.166666666666667,0.9,0.79999999,"N3-C09-O1-EQUAL-E","E",0.55,0.0833333333333333,0.166666666666667
"N3","PASS",7,"o1_equal_mid",0.0833333333333333,0.166666666666667,0.9,0.799999999999,"N3-C09-O1-EQUAL-E","E",0.55,0.0833333333333333,0.166666666666667
"N3","PASS",7,"o1_equal_mid",0.0833333333333333,0.166666666666667,0.9,0.79999999999999,"N3-C09-O1-EQUAL-E","E",0.55,0.0833333333333333,0.166666666666667
"N3","PASS",7,"o1_equal_mid",0.0833333333333333,0.166666666666667,0.9,0.8,"N3-C11-O1-EQUAL-EP","E+P",0.55,NA,NA
"N3","PASS",7,"o1_equal_mid",0.0833333333333333,0.166666666666667,0.9,0.80000000000001,"N3-C10-O1-EQUAL-P","P",0.55,0.15,0.15
"N3","PASS",7,"o1_equal_mid",0.0833333333333333,0.166666666666667,0.9,0.800000000001,"N3-C10-O1-EQUAL-P","P",0.55,0.15,0.15
"N3","PASS",7,"o1_equal_mid",0.0833333333333333,0.166666666666667,0.9,0.80000001,"N3-C10-O1-EQUAL-P","P",0.55,0.15,0.15
"N3","PASS",7,"o1_equal_mid",0.0833333333333333,0.166666666666667,0.9,0.8000001,"N3-C10-O1-EQUAL-P","P",0.55,0.15,0.15
"N3","PASS",7,"o1_equal_mid",0.0833333333333333,0.166666666666667,0.9,0.95,"N3-C10-O1-EQUAL-P","P",0.55,0.15,0.15
"N3","PASS",7,"o1_equal_mid",0.0833333333333333,0.166666666666667,0.9,0.99999999,"N3-C10-O1-EQUAL-P","P",0.55,0.15,0.15
"N3","PASS",7,"o1_equal_mid",0.0833333333333333,0.166666666666667,0.9,0.999999999999,"N3-C10-O1-EQUAL-P","P",0.55,0.15,0.15
"N3","PASS",7,"o1_equal_mid",0.0833333333333333,0.166666666666667,0.9,0.99999999999999,"N3-C10-O1-EQUAL-P","P",0.55,0.15,0.15
"N3","PASS",7,"o1_equal_mid",0.0833333333333333,0.166666666666667,0.9,1,"N3-C10-O1-EQUAL-P","P",0.55,0.15,0.15
"N3","PASS",7,"o1_equal_mid",0.0833333333333333,0.166666666666667,0.99,0,"N3-C08-O1-EQUAL-S","S",0.5875,0.0825,0.165
"N3","PASS",7,"o1_equal_mid",0.0833333333333333,0.166666666666667,0.99,1e-14,"N3-C08-O1-EQUAL-S","S",0.587499999999996,0.0825,0.165
"N3","PASS",7,"o1_equal_mid",0.0833333333333333,0.166666666666667,0.99,1e-12,"N3-C08-O1-EQUAL-S","S",0.587499999999577,0.0825,0.165
"N3","PASS",7,"o1_equal_mid",0.0833333333333333,0.166666666666667,0.99,1e-08,"N3-C08-O1-EQUAL-S","S",0.587499995775,0.0825,0.165
"N3","PASS",7,"o1_equal_mid",0.0833333333333333,0.166666666666667,0.99,0.05,"N3-C08-O1-EQUAL-S","S",0.566375,0.0825,0.165
"N3","PASS",7,"o1_equal_mid",0.0833333333333333,0.166666666666667,0.99,0.0909089909090909,"N3-C08-O1-EQUAL-S","S",0.549090951340909,0.0825,0.165
"N3","PASS",7,"o1_equal_mid",0.0833333333333333,0.166666666666667,0.99,0.0909090809090909,"N3-C08-O1-EQUAL-S","S",0.549090913315909,0.0825,0.165
"N3","PASS",7,"o1_equal_mid",0.0833333333333333,0.166666666666667,0.99,0.0909090909080909,"N3-C08-O1-EQUAL-S","S",0.549090909091332,0.0825,0.165
"N3","PASS",7,"o1_equal_mid",0.0833333333333333,0.166666666666667,0.99,0.0909090909090809,"N3-C08-O1-EQUAL-S","S",0.549090909090913,0.0825,0.165
"N3","PASS",7,"o1_equal_mid",0.0833333333333333,0.166666666666667,0.99,0.0909090909090909,"N3-C08-O1-EQUAL-S","S",0.549090909090909,0.0825,0.165
"N3","PASS",7,"o1_equal_mid",0.0833333333333333,0.166666666666667,0.99,0.0909090909091009,"N3-C08-O1-EQUAL-S","S",0.549090909090905,0.0825,0.165
"N3","PASS",7,"o1_equal_mid",0.0833333333333333,0.166666666666667,0.99,0.0909090909100909,"N3-C08-O1-EQUAL-S","S",0.549090909090487,0.0825,0.165
"N3","PASS",7,"o1_equal_mid",0.0833333333333333,0.166666666666667,0.99,0.0909091009090909,"N3-C08-O1-EQUAL-S","S",0.549090904865909,0.0825,0.165
"N3","PASS",7,"o1_equal_mid",0.0833333333333333,0.166666666666667,0.99,0.0909091909090909,"N3-C08-O1-EQUAL-S","S",0.549090866840909,0.0825,0.165
"N3","PASS",7,"o1_equal_mid",0.0833333333333333,0.166666666666667,0.99,0.195266172189349,"N3-C08-O1-EQUAL-S","S",0.50500004225,0.0825,0.165
"N3","PASS",7,"o1_equal_mid",0.0833333333333333,0.166666666666667,0.99,0.195266262189349,"N3-C08-O1-EQUAL-S","S",0.505000004225,0.0825,0.165
"N3","PASS",7,"o1_equal_mid",0.0833333333333333,0.166666666666667,0.99,0.195266272188349,"N3-C08-O1-EQUAL-S","S",0.505000000000422,0.0825,0.165
"N3","PASS",7,"o1_equal_mid",0.0833333333333333,0.166666666666667,0.99,0.195266272189339,"N3-C08-O1-EQUAL-S","S",0.505000000000004,0.0825,0.165
"N3","PASS",7,"o1_equal_mid",0.0833333333333333,0.166666666666667,0.99,0.195266272189349,"N3-C08-O1-EQUAL-S","S",0.505,0.0825,0.165
"N3","PASS",7,"o1_equal_mid",0.0833333333333333,0.166666666666667,0.99,0.195266272189359,"N3-C09-O1-EQUAL-E","E",0.505,0.0833333333333333,0.166666666666667
"N3","PASS",7,"o1_equal_mid",0.0833333333333333,0.166666666666667,0.99,0.195266272190349,"N3-C09-O1-EQUAL-E","E",0.505,0.0833333333333333,0.166666666666667
"N3","PASS",7,"o1_equal_mid",0.0833333333333333,0.166666666666667,0.99,0.195266282189349,"N3-C09-O1-EQUAL-E","E",0.505,0.0833333333333333,0.166666666666667
"N3","PASS",7,"o1_equal_mid",0.0833333333333333,0.166666666666667,0.99,0.195266372189349,"N3-C09-O1-EQUAL-E","E",0.505,0.0833333333333333,0.166666666666667
"N3","PASS",7,"o1_equal_mid",0.0833333333333333,0.166666666666667,0.99,0.25,"N3-C09-O1-EQUAL-E","E",0.505,0.0833333333333333,0.166666666666667
"N3","PASS",7,"o1_equal_mid",0.0833333333333333,0.166666666666667,0.99,0.5,"N3-C09-O1-EQUAL-E","E",0.505,0.0833333333333333,0.166666666666667
"N3","PASS",7,"o1_equal_mid",0.0833333333333333,0.166666666666667,0.99,0.75,"N3-C09-O1-EQUAL-E","E",0.505,0.0833333333333333,0.166666666666667
"N3","PASS",7,"o1_equal_mid",0.0833333333333333,0.166666666666667,0.99,0.95,"N3-C09-O1-EQUAL-E","E",0.505,0.0833333333333333,0.166666666666667
"N3","PASS",7,"o1_equal_mid",0.0833333333333333,0.166666666666667,0.99,0.9799999,"N3-C09-O1-EQUAL-E","E",0.505,0.0833333333333333,0.166666666666667
"N3","PASS",7,"o1_equal_mid",0.0833333333333333,0.166666666666667,0.99,0.97999999,"N3-C09-O1-EQUAL-E","E",0.505,0.0833333333333333,0.166666666666667
"N3","PASS",7,"o1_equal_mid",0.0833333333333333,0.166666666666667,0.99,0.979999999999,"N3-C09-O1-EQUAL-E","E",0.505,0.0833333333333333,0.166666666666667
"N3","PASS",7,"o1_equal_mid",0.0833333333333333,0.166666666666667,0.99,0.97999999999999,"N3-C09-O1-EQUAL-E","E",0.505,0.0833333333333333,0.166666666666667
"N3","PASS",7,"o1_equal_mid",0.0833333333333333,0.166666666666667,0.99,0.98,"N3-C11-O1-EQUAL-EP","E+P",0.505,NA,NA
"N3","PASS",7,"o1_equal_mid",0.0833333333333333,0.166666666666667,0.99,0.98000000000001,"N3-C10-O1-EQUAL-P","P",0.505,0.165,0.165
"N3","PASS",7,"o1_equal_mid",0.0833333333333333,0.166666666666667,0.99,0.980000000001,"N3-C10-O1-EQUAL-P","P",0.505,0.165,0.165
"N3","PASS",7,"o1_equal_mid",0.0833333333333333,0.166666666666667,0.99,0.98000001,"N3-C10-O1-EQUAL-P","P",0.505,0.165,0.165
"N3","PASS",7,"o1_equal_mid",0.0833333333333333,0.166666666666667,0.99,0.9800001,"N3-C10-O1-EQUAL-P","P",0.505,0.165,0.165
"N3","PASS",7,"o1_equal_mid",0.0833333333333333,0.166666666666667,0.99,0.99999999,"N3-C10-O1-EQUAL-P","P",0.505,0.165,0.165
"N3","PASS",7,"o1_equal_mid",0.0833333333333333,0.166666666666667,0.99,0.999999999999,"N3-C10-O1-EQUAL-P","P",0.505,0.165,0.165
"N3","PASS",7,"o1_equal_mid",0.0833333333333333,0.166666666666667,0.99,0.99999999999999,"N3-C10-O1-EQUAL-P","P",0.505,0.165,0.165
"N3","PASS",7,"o1_equal_mid",0.0833333333333333,0.166666666666667,0.99,1,"N3-C10-O1-EQUAL-P","P",0.505,0.165,0.165
"N3","PASS",7,"cross",0.0833333333333333,0.375,0.5,0,"N3-C03-CROSS-S","S",0.791666666666667,0.0416666666666667,0.1875
"N3","PASS",7,"cross",0.0833333333333333,0.375,0.5,1e-14,"N3-C03-CROSS-S","S",0.79166666666666,0.0416666666666667,0.1875
"N3","PASS",7,"cross",0.0833333333333333,0.375,0.5,1e-12,"N3-C03-CROSS-S","S",0.791666666665958,0.0416666666666667,0.1875
"N3","PASS",7,"cross",0.0833333333333333,0.375,0.5,1e-08,"N3-C03-CROSS-S","S",0.791666659583333,0.0416666666666667,0.1875
"N3","PASS",7,"cross",0.0833333333333333,0.375,0.5,0.05,"N3-C03-CROSS-S","S",0.75625,0.0416666666666667,0.1875
"N3","PASS",7,"cross",0.0833333333333333,0.375,0.5,0.0588234294117647,"N3-C03-CROSS-S","S",0.750000070833333,0.0416666666666667,0.1875
"N3","PASS",7,"cross",0.0833333333333333,0.375,0.5,0.0588235194117647,"N3-C03-CROSS-S","S",0.750000007083333,0.0416666666666667,0.1875
"N3","PASS",7,"cross",0.0833333333333333,0.375,0.5,0.0588235294107647,"N3-C03-CROSS-S","S",0.750000000000708,0.0416666666666667,0.1875
"N3","PASS",7,"cross",0.0833333333333333,0.375,0.5,0.0588235294117547,"N3-C03-CROSS-S","S",0.750000000000007,0.0416666666666667,0.1875
"N3","PASS",7,"cross",0.0833333333333333,0.375,0.5,0.0588235294117647,"N3-C03-CROSS-S","S",0.75,0.0416666666666667,0.1875
"N3","PASS",7,"cross",0.0833333333333333,0.375,0.5,0.0588235294117747,"N3-C04-CROSS-E","E",0.75,0.0833333333333333,0.375
"N3","PASS",7,"cross",0.0833333333333333,0.375,0.5,0.0588235294127647,"N3-C04-CROSS-E","E",0.75,0.0833333333333333,0.375
"N3","PASS",7,"cross",0.0833333333333333,0.375,0.5,0.0588235394117647,"N3-C04-CROSS-E","E",0.75,0.0833333333333333,0.375
"N3","PASS",7,"cross",0.0833333333333333,0.375,0.5,0.0588236294117647,"N3-C04-CROSS-E","E",0.75,0.0833333333333333,0.375
"N3","PASS",7,"cross",0.0833333333333333,0.375,0.5,0.25,"N3-C04-CROSS-E","E",0.75,0.0833333333333333,0.375
"N3","PASS",7,"cross",0.0833333333333333,0.375,0.5,0.318181718181818,"N3-C04-CROSS-E","E",0.75,0.0833333333333333,0.375
"N3","PASS",7,"cross",0.0833333333333333,0.375,0.5,0.318181808181818,"N3-C04-CROSS-E","E",0.75,0.0833333333333333,0.375
"N3","PASS",7,"cross",0.0833333333333333,0.375,0.5,0.318181818180818,"N3-C04-CROSS-E","E",0.75,0.0833333333333333,0.375
"N3","PASS",7,"cross",0.0833333333333333,0.375,0.5,0.318181818181808,"N3-C04-CROSS-E","E",0.75,0.0833333333333333,0.375
"N3","PASS",7,"cross",0.0833333333333333,0.375,0.5,0.318181818181818,"N3-C04-CROSS-E","E",0.75,0.0833333333333333,0.375
"N3","PASS",7,"cross",0.0833333333333333,0.375,0.5,0.318181818181828,"N3-C04-CROSS-E","E",0.75,0.0833333333333333,0.375
"N3","PASS",7,"cross",0.0833333333333333,0.375,0.5,0.318181818182818,"N3-C04-CROSS-E","E",0.75,0.0833333333333333,0.375
"N3","PASS",7,"cross",0.0833333333333333,0.375,0.5,0.318181828181818,"N3-C04-CROSS-E","E",0.75,0.0833333333333333,0.375
"N3","PASS",7,"cross",0.0833333333333333,0.375,0.5,0.318181918181818,"N3-C04-CROSS-E","E",0.75,0.0833333333333333,0.375
"N3","PASS",7,"cross",0.0833333333333333,0.375,0.5,0.5,"N3-C04-CROSS-E","E",0.75,0.0833333333333333,0.375
"N3","PASS",7,"cross",0.0833333333333333,0.375,0.5,0.75,"N3-C04-CROSS-E","E",0.75,0.0833333333333333,0.375
"N3","PASS",7,"cross",0.0833333333333333,0.375,0.5,0.95,"N3-C04-CROSS-E","E",0.75,0.0833333333333333,0.375
"N3","PASS",7,"cross",0.0833333333333333,0.375,0.5,0.99999999,"N3-C04-CROSS-E","E",0.75,0.0833333333333333,0.375
"N3","PASS",7,"cross",0.0833333333333333,0.375,0.5,0.999999999999,"N3-C04-CROSS-E","E",0.75,0.0833333333333333,0.375
"N3","PASS",7,"cross",0.0833333333333333,0.375,0.5,0.99999999999999,"N3-C04-CROSS-E","E",0.75,0.0833333333333333,0.375
"N3","PASS",7,"cross",0.0833333333333333,0.375,0.5,1,"N3-C04-CROSS-E","E",0.75,0.0833333333333333,0.375
"N3","PASS",7,"cross",0.0833333333333333,0.375,0.9,0,"N3-C03-CROSS-S","S",0.625,0.075,0.3375
"N3","PASS",7,"cross",0.0833333333333333,0.375,0.9,1e-14,"N3-C03-CROSS-S","S",0.624999999999995,0.075,0.3375
"N3","PASS",7,"cross",0.0833333333333333,0.375,0.9,1e-12,"N3-C03-CROSS-S","S",0.624999999999525,0.075,0.3375
"N3","PASS",7,"cross",0.0833333333333333,0.375,0.9,1e-08,"N3-C03-CROSS-S","S",0.62499999525,0.075,0.3375
"N3","PASS",7,"cross",0.0833333333333333,0.375,0.9,0.05,"N3-C03-CROSS-S","S",0.60125,0.075,0.3375
"N3","PASS",7,"cross",0.0833333333333333,0.375,0.9,0.157894636842105,"N3-C03-CROSS-S","S",0.5500000475,0.075,0.3375
"N3","PASS",7,"cross",0.0833333333333333,0.375,0.9,0.157894726842105,"N3-C03-CROSS-S","S",0.55000000475,0.075,0.3375
"N3","PASS",7,"cross",0.0833333333333333,0.375,0.9,0.157894736841105,"N3-C03-CROSS-S","S",0.550000000000475,0.075,0.3375
"N3","PASS",7,"cross",0.0833333333333333,0.375,0.9,0.157894736842095,"N3-C03-CROSS-S","S",0.550000000000005,0.075,0.3375
"N3","PASS",7,"cross",0.0833333333333333,0.375,0.9,0.157894736842105,"N3-C03-CROSS-S","S",0.55,0.075,0.3375
"N3","PASS",7,"cross",0.0833333333333333,0.375,0.9,0.157894736842115,"N3-C04-CROSS-E","E",0.55,0.0833333333333333,0.375
"N3","PASS",7,"cross",0.0833333333333333,0.375,0.9,0.157894736843105,"N3-C04-CROSS-E","E",0.55,0.0833333333333333,0.375
"N3","PASS",7,"cross",0.0833333333333333,0.375,0.9,0.157894746842105,"N3-C04-CROSS-E","E",0.55,0.0833333333333333,0.375
"N3","PASS",7,"cross",0.0833333333333333,0.375,0.9,0.157894836842105,"N3-C04-CROSS-E","E",0.55,0.0833333333333333,0.375
"N3","PASS",7,"cross",0.0833333333333333,0.375,0.9,0.25,"N3-C04-CROSS-E","E",0.55,0.0833333333333333,0.375
"N3","PASS",7,"cross",0.0833333333333333,0.375,0.9,0.318181718181818,"N3-C04-CROSS-E","E",0.55,0.0833333333333333,0.375
"N3","PASS",7,"cross",0.0833333333333333,0.375,0.9,0.318181808181818,"N3-C04-CROSS-E","E",0.55,0.0833333333333333,0.375
"N3","PASS",7,"cross",0.0833333333333333,0.375,0.9,0.318181818180818,"N3-C04-CROSS-E","E",0.55,0.0833333333333333,0.375
"N3","PASS",7,"cross",0.0833333333333333,0.375,0.9,0.318181818181808,"N3-C04-CROSS-E","E",0.55,0.0833333333333333,0.375
"N3","PASS",7,"cross",0.0833333333333333,0.375,0.9,0.318181818181818,"N3-C04-CROSS-E","E",0.55,0.0833333333333333,0.375
"N3","PASS",7,"cross",0.0833333333333333,0.375,0.9,0.318181818181828,"N3-C04-CROSS-E","E",0.55,0.0833333333333333,0.375
"N3","PASS",7,"cross",0.0833333333333333,0.375,0.9,0.318181818182818,"N3-C04-CROSS-E","E",0.55,0.0833333333333333,0.375
"N3","PASS",7,"cross",0.0833333333333333,0.375,0.9,0.318181828181818,"N3-C04-CROSS-E","E",0.55,0.0833333333333333,0.375
"N3","PASS",7,"cross",0.0833333333333333,0.375,0.9,0.318181918181818,"N3-C04-CROSS-E","E",0.55,0.0833333333333333,0.375
"N3","PASS",7,"cross",0.0833333333333333,0.375,0.9,0.5,"N3-C04-CROSS-E","E",0.55,0.0833333333333333,0.375
"N3","PASS",7,"cross",0.0833333333333333,0.375,0.9,0.75,"N3-C04-CROSS-E","E",0.55,0.0833333333333333,0.375
"N3","PASS",7,"cross",0.0833333333333333,0.375,0.9,0.95,"N3-C04-CROSS-E","E",0.55,0.0833333333333333,0.375
"N3","PASS",7,"cross",0.0833333333333333,0.375,0.9,0.99999999,"N3-C04-CROSS-E","E",0.55,0.0833333333333333,0.375
"N3","PASS",7,"cross",0.0833333333333333,0.375,0.9,0.999999999999,"N3-C04-CROSS-E","E",0.55,0.0833333333333333,0.375
"N3","PASS",7,"cross",0.0833333333333333,0.375,0.9,0.99999999999999,"N3-C04-CROSS-E","E",0.55,0.0833333333333333,0.375
"N3","PASS",7,"cross",0.0833333333333333,0.375,0.9,1,"N3-C04-CROSS-E","E",0.55,0.0833333333333333,0.375
"N3","PASS",7,"cross",0.0833333333333333,0.375,0.99,0,"N3-C03-CROSS-S","S",0.5875,0.0825,0.37125
"N3","PASS",7,"cross",0.0833333333333333,0.375,0.99,1e-14,"N3-C03-CROSS-S","S",0.587499999999996,0.0825,0.37125
"N3","PASS",7,"cross",0.0833333333333333,0.375,0.99,1e-12,"N3-C03-CROSS-S","S",0.587499999999577,0.0825,0.37125
"N3","PASS",7,"cross",0.0833333333333333,0.375,0.99,1e-08,"N3-C03-CROSS-S","S",0.587499995775,0.0825,0.37125
"N3","PASS",7,"cross",0.0833333333333333,0.375,0.99,0.05,"N3-C03-CROSS-S","S",0.566375,0.0825,0.37125
"N3","PASS",7,"cross",0.0833333333333333,0.375,0.99,0.195266172189349,"N3-C03-CROSS-S","S",0.50500004225,0.0825,0.37125
"N3","PASS",7,"cross",0.0833333333333333,0.375,0.99,0.195266262189349,"N3-C03-CROSS-S","S",0.505000004225,0.0825,0.37125
"N3","PASS",7,"cross",0.0833333333333333,0.375,0.99,0.195266272188349,"N3-C03-CROSS-S","S",0.505000000000422,0.0825,0.37125
"N3","PASS",7,"cross",0.0833333333333333,0.375,0.99,0.195266272189339,"N3-C03-CROSS-S","S",0.505000000000004,0.0825,0.37125
"N3","PASS",7,"cross",0.0833333333333333,0.375,0.99,0.195266272189349,"N3-C03-CROSS-S","S",0.505,0.0825,0.37125
"N3","PASS",7,"cross",0.0833333333333333,0.375,0.99,0.195266272189359,"N3-C04-CROSS-E","E",0.505,0.0833333333333333,0.375
"N3","PASS",7,"cross",0.0833333333333333,0.375,0.99,0.195266272190349,"N3-C04-CROSS-E","E",0.505,0.0833333333333333,0.375
"N3","PASS",7,"cross",0.0833333333333333,0.375,0.99,0.195266282189349,"N3-C04-CROSS-E","E",0.505,0.0833333333333333,0.375
"N3","PASS",7,"cross",0.0833333333333333,0.375,0.99,0.195266372189349,"N3-C04-CROSS-E","E",0.505,0.0833333333333333,0.375
"N3","PASS",7,"cross",0.0833333333333333,0.375,0.99,0.25,"N3-C04-CROSS-E","E",0.505,0.0833333333333333,0.375
"N3","PASS",7,"cross",0.0833333333333333,0.375,0.99,0.318181718181818,"N3-C04-CROSS-E","E",0.505,0.0833333333333333,0.375
"N3","PASS",7,"cross",0.0833333333333333,0.375,0.99,0.318181808181818,"N3-C04-CROSS-E","E",0.505,0.0833333333333333,0.375
"N3","PASS",7,"cross",0.0833333333333333,0.375,0.99,0.318181818180818,"N3-C04-CROSS-E","E",0.505,0.0833333333333333,0.375
"N3","PASS",7,"cross",0.0833333333333333,0.375,0.99,0.318181818181808,"N3-C04-CROSS-E","E",0.505,0.0833333333333333,0.375
"N3","PASS",7,"cross",0.0833333333333333,0.375,0.99,0.318181818181818,"N3-C04-CROSS-E","E",0.505,0.0833333333333333,0.375
"N3","PASS",7,"cross",0.0833333333333333,0.375,0.99,0.318181818181828,"N3-C04-CROSS-E","E",0.505,0.0833333333333333,0.375
"N3","PASS",7,"cross",0.0833333333333333,0.375,0.99,0.318181818182818,"N3-C04-CROSS-E","E",0.505,0.0833333333333333,0.375
"N3","PASS",7,"cross",0.0833333333333333,0.375,0.99,0.318181828181818,"N3-C04-CROSS-E","E",0.505,0.0833333333333333,0.375
"N3","PASS",7,"cross",0.0833333333333333,0.375,0.99,0.318181918181818,"N3-C04-CROSS-E","E",0.505,0.0833333333333333,0.375
"N3","PASS",7,"cross",0.0833333333333333,0.375,0.99,0.5,"N3-C04-CROSS-E","E",0.505,0.0833333333333333,0.375
"N3","PASS",7,"cross",0.0833333333333333,0.375,0.99,0.75,"N3-C04-CROSS-E","E",0.505,0.0833333333333333,0.375
"N3","PASS",7,"cross",0.0833333333333333,0.375,0.99,0.95,"N3-C04-CROSS-E","E",0.505,0.0833333333333333,0.375
"N3","PASS",7,"cross",0.0833333333333333,0.375,0.99,0.99999999,"N3-C04-CROSS-E","E",0.505,0.0833333333333333,0.375
"N3","PASS",7,"cross",0.0833333333333333,0.375,0.99,0.999999999999,"N3-C04-CROSS-E","E",0.505,0.0833333333333333,0.375
"N3","PASS",7,"cross",0.0833333333333333,0.375,0.99,0.99999999999999,"N3-C04-CROSS-E","E",0.505,0.0833333333333333,0.375
"N3","PASS",7,"cross",0.0833333333333333,0.375,0.99,1,"N3-C04-CROSS-E","E",0.505,0.0833333333333333,0.375
"N3","PASS",7,"o0_equal",0.166666666666667,0.375,0.5,0,"N3-C06-O0-EQUAL-S","S",0.75,0.0833333333333333,0.1875
"N3","PASS",7,"o0_equal",0.166666666666667,0.375,0.5,1e-14,"N3-C07-O0-EQUAL-E","E",0.75,0.166666666666667,0.375
"N3","PASS",7,"o0_equal",0.166666666666667,0.375,0.5,1e-12,"N3-C07-O0-EQUAL-E","E",0.75,0.166666666666667,0.375
"N3","PASS",7,"o0_equal",0.166666666666667,0.375,0.5,1e-08,"N3-C07-O0-EQUAL-E","E",0.75,0.166666666666667,0.375
"N3","PASS",7,"o0_equal",0.166666666666667,0.375,0.5,0.05,"N3-C07-O0-EQUAL-E","E",0.75,0.166666666666667,0.375
"N3","PASS",7,"o0_equal",0.166666666666667,0.375,0.5,0.2499999,"N3-C07-O0-EQUAL-E","E",0.75,0.166666666666667,0.375
"N3","PASS",7,"o0_equal",0.166666666666667,0.375,0.5,0.24999999,"N3-C07-O0-EQUAL-E","E",0.75,0.166666666666667,0.375
"N3","PASS",7,"o0_equal",0.166666666666667,0.375,0.5,0.249999999999,"N3-C07-O0-EQUAL-E","E",0.75,0.166666666666667,0.375
"N3","PASS",7,"o0_equal",0.166666666666667,0.375,0.5,0.24999999999999,"N3-C07-O0-EQUAL-E","E",0.75,0.166666666666667,0.375
"N3","PASS",7,"o0_equal",0.166666666666667,0.375,0.5,0.25,"N3-C07-O0-EQUAL-E","E",0.75,0.166666666666667,0.375
"N3","PASS",7,"o0_equal",0.166666666666667,0.375,0.5,0.25000000000001,"N3-C07-O0-EQUAL-E","E",0.75,0.166666666666667,0.375
"N3","PASS",7,"o0_equal",0.166666666666667,0.375,0.5,0.250000000001,"N3-C07-O0-EQUAL-E","E",0.75,0.166666666666667,0.375
"N3","PASS",7,"o0_equal",0.166666666666667,0.375,0.5,0.25000001,"N3-C07-O0-EQUAL-E","E",0.75,0.166666666666667,0.375
"N3","PASS",7,"o0_equal",0.166666666666667,0.375,0.5,0.2500001,"N3-C07-O0-EQUAL-E","E",0.75,0.166666666666667,0.375
"N3","PASS",7,"o0_equal",0.166666666666667,0.375,0.5,0.5,"N3-C07-O0-EQUAL-E","E",0.75,0.166666666666667,0.375
"N3","PASS",7,"o0_equal",0.166666666666667,0.375,0.5,0.75,"N3-C07-O0-EQUAL-E","E",0.75,0.166666666666667,0.375
"N3","PASS",7,"o0_equal",0.166666666666667,0.375,0.5,0.95,"N3-C07-O0-EQUAL-E","E",0.75,0.166666666666667,0.375
"N3","PASS",7,"o0_equal",0.166666666666667,0.375,0.5,0.99999999,"N3-C07-O0-EQUAL-E","E",0.75,0.166666666666667,0.375
"N3","PASS",7,"o0_equal",0.166666666666667,0.375,0.5,0.999999999999,"N3-C07-O0-EQUAL-E","E",0.75,0.166666666666667,0.375
"N3","PASS",7,"o0_equal",0.166666666666667,0.375,0.5,0.99999999999999,"N3-C07-O0-EQUAL-E","E",0.75,0.166666666666667,0.375
"N3","PASS",7,"o0_equal",0.166666666666667,0.375,0.5,1,"N3-C07-O0-EQUAL-E","E",0.75,0.166666666666667,0.375
"N3","PASS",7,"o0_equal",0.166666666666667,0.375,0.9,0,"N3-C06-O0-EQUAL-S","S",0.55,0.15,0.3375
"N3","PASS",7,"o0_equal",0.166666666666667,0.375,0.9,1e-14,"N3-C07-O0-EQUAL-E","E",0.55,0.166666666666667,0.375
"N3","PASS",7,"o0_equal",0.166666666666667,0.375,0.9,1e-12,"N3-C07-O0-EQUAL-E","E",0.55,0.166666666666667,0.375
"N3","PASS",7,"o0_equal",0.166666666666667,0.375,0.9,1e-08,"N3-C07-O0-EQUAL-E","E",0.55,0.166666666666667,0.375
"N3","PASS",7,"o0_equal",0.166666666666667,0.375,0.9,0.05,"N3-C07-O0-EQUAL-E","E",0.55,0.166666666666667,0.375
"N3","PASS",7,"o0_equal",0.166666666666667,0.375,0.9,0.2499999,"N3-C07-O0-EQUAL-E","E",0.55,0.166666666666667,0.375
"N3","PASS",7,"o0_equal",0.166666666666667,0.375,0.9,0.24999999,"N3-C07-O0-EQUAL-E","E",0.55,0.166666666666667,0.375
"N3","PASS",7,"o0_equal",0.166666666666667,0.375,0.9,0.249999999999,"N3-C07-O0-EQUAL-E","E",0.55,0.166666666666667,0.375
"N3","PASS",7,"o0_equal",0.166666666666667,0.375,0.9,0.24999999999999,"N3-C07-O0-EQUAL-E","E",0.55,0.166666666666667,0.375
"N3","PASS",7,"o0_equal",0.166666666666667,0.375,0.9,0.25,"N3-C07-O0-EQUAL-E","E",0.55,0.166666666666667,0.375
"N3","PASS",7,"o0_equal",0.166666666666667,0.375,0.9,0.25000000000001,"N3-C07-O0-EQUAL-E","E",0.55,0.166666666666667,0.375
"N3","PASS",7,"o0_equal",0.166666666666667,0.375,0.9,0.250000000001,"N3-C07-O0-EQUAL-E","E",0.55,0.166666666666667,0.375
"N3","PASS",7,"o0_equal",0.166666666666667,0.375,0.9,0.25000001,"N3-C07-O0-EQUAL-E","E",0.55,0.166666666666667,0.375
"N3","PASS",7,"o0_equal",0.166666666666667,0.375,0.9,0.2500001,"N3-C07-O0-EQUAL-E","E",0.55,0.166666666666667,0.375
"N3","PASS",7,"o0_equal",0.166666666666667,0.375,0.9,0.5,"N3-C07-O0-EQUAL-E","E",0.55,0.166666666666667,0.375
"N3","PASS",7,"o0_equal",0.166666666666667,0.375,0.9,0.75,"N3-C07-O0-EQUAL-E","E",0.55,0.166666666666667,0.375
"N3","PASS",7,"o0_equal",0.166666666666667,0.375,0.9,0.95,"N3-C07-O0-EQUAL-E","E",0.55,0.166666666666667,0.375
"N3","PASS",7,"o0_equal",0.166666666666667,0.375,0.9,0.99999999,"N3-C07-O0-EQUAL-E","E",0.55,0.166666666666667,0.375
"N3","PASS",7,"o0_equal",0.166666666666667,0.375,0.9,0.999999999999,"N3-C07-O0-EQUAL-E","E",0.55,0.166666666666667,0.375
"N3","PASS",7,"o0_equal",0.166666666666667,0.375,0.9,0.99999999999999,"N3-C07-O0-EQUAL-E","E",0.55,0.166666666666667,0.375
"N3","PASS",7,"o0_equal",0.166666666666667,0.375,0.9,1,"N3-C07-O0-EQUAL-E","E",0.55,0.166666666666667,0.375
"N3","PASS",7,"o0_equal",0.166666666666667,0.375,0.99,0,"N3-C06-O0-EQUAL-S","S",0.505,0.165,0.37125
"N3","PASS",7,"o0_equal",0.166666666666667,0.375,0.99,1e-14,"N3-C07-O0-EQUAL-E","E",0.505,0.166666666666667,0.375
"N3","PASS",7,"o0_equal",0.166666666666667,0.375,0.99,1e-12,"N3-C07-O0-EQUAL-E","E",0.505,0.166666666666667,0.375
"N3","PASS",7,"o0_equal",0.166666666666667,0.375,0.99,1e-08,"N3-C07-O0-EQUAL-E","E",0.505,0.166666666666667,0.375
"N3","PASS",7,"o0_equal",0.166666666666667,0.375,0.99,0.05,"N3-C07-O0-EQUAL-E","E",0.505,0.166666666666667,0.375
"N3","PASS",7,"o0_equal",0.166666666666667,0.375,0.99,0.2499999,"N3-C07-O0-EQUAL-E","E",0.505,0.166666666666667,0.375
"N3","PASS",7,"o0_equal",0.166666666666667,0.375,0.99,0.24999999,"N3-C07-O0-EQUAL-E","E",0.505,0.166666666666667,0.375
"N3","PASS",7,"o0_equal",0.166666666666667,0.375,0.99,0.249999999999,"N3-C07-O0-EQUAL-E","E",0.505,0.166666666666667,0.375
"N3","PASS",7,"o0_equal",0.166666666666667,0.375,0.99,0.24999999999999,"N3-C07-O0-EQUAL-E","E",0.505,0.166666666666667,0.375
"N3","PASS",7,"o0_equal",0.166666666666667,0.375,0.99,0.25,"N3-C07-O0-EQUAL-E","E",0.505,0.166666666666667,0.375
"N3","PASS",7,"o0_equal",0.166666666666667,0.375,0.99,0.25000000000001,"N3-C07-O0-EQUAL-E","E",0.505,0.166666666666667,0.375
"N3","PASS",7,"o0_equal",0.166666666666667,0.375,0.99,0.250000000001,"N3-C07-O0-EQUAL-E","E",0.505,0.166666666666667,0.375
"N3","PASS",7,"o0_equal",0.166666666666667,0.375,0.99,0.25000001,"N3-C07-O0-EQUAL-E","E",0.505,0.166666666666667,0.375
"N3","PASS",7,"o0_equal",0.166666666666667,0.375,0.99,0.2500001,"N3-C07-O0-EQUAL-E","E",0.505,0.166666666666667,0.375
"N3","PASS",7,"o0_equal",0.166666666666667,0.375,0.99,0.5,"N3-C07-O0-EQUAL-E","E",0.505,0.166666666666667,0.375
"N3","PASS",7,"o0_equal",0.166666666666667,0.375,0.99,0.75,"N3-C07-O0-EQUAL-E","E",0.505,0.166666666666667,0.375
"N3","PASS",7,"o0_equal",0.166666666666667,0.375,0.99,0.95,"N3-C07-O0-EQUAL-E","E",0.505,0.166666666666667,0.375
"N3","PASS",7,"o0_equal",0.166666666666667,0.375,0.99,0.99999999,"N3-C07-O0-EQUAL-E","E",0.505,0.166666666666667,0.375
"N3","PASS",7,"o0_equal",0.166666666666667,0.375,0.99,0.999999999999,"N3-C07-O0-EQUAL-E","E",0.505,0.166666666666667,0.375
"N3","PASS",7,"o0_equal",0.166666666666667,0.375,0.99,0.99999999999999,"N3-C07-O0-EQUAL-E","E",0.505,0.166666666666667,0.375
"N3","PASS",7,"o0_equal",0.166666666666667,0.375,0.99,1,"N3-C07-O0-EQUAL-E","E",0.505,0.166666666666667,0.375
"N3","PASS",7,"above",0.333333333333333,0.541666666666667,0.5,0,"N3-C05-ABOVE-E","E",0.75,0.333333333333333,0.541666666666667
"N3","PASS",7,"above",0.333333333333333,0.541666666666667,0.5,1e-14,"N3-C05-ABOVE-E","E",0.75,0.333333333333333,0.541666666666667
"N3","PASS",7,"above",0.333333333333333,0.541666666666667,0.5,1e-12,"N3-C05-ABOVE-E","E",0.75,0.333333333333333,0.541666666666667
"N3","PASS",7,"above",0.333333333333333,0.541666666666667,0.5,1e-08,"N3-C05-ABOVE-E","E",0.75,0.333333333333333,0.541666666666667
"N3","PASS",7,"above",0.333333333333333,0.541666666666667,0.5,0.05,"N3-C05-ABOVE-E","E",0.75,0.333333333333333,0.541666666666667
"N3","PASS",7,"above",0.333333333333333,0.541666666666667,0.5,0.25,"N3-C05-ABOVE-E","E",0.75,0.333333333333333,0.541666666666667
"N3","PASS",7,"above",0.333333333333333,0.541666666666667,0.5,0.3124999,"N3-C05-ABOVE-E","E",0.75,0.333333333333333,0.541666666666667
"N3","PASS",7,"above",0.333333333333333,0.541666666666667,0.5,0.31249999,"N3-C05-ABOVE-E","E",0.75,0.333333333333333,0.541666666666667
"N3","PASS",7,"above",0.333333333333333,0.541666666666667,0.5,0.312499999999,"N3-C05-ABOVE-E","E",0.75,0.333333333333333,0.541666666666667
"N3","PASS",7,"above",0.333333333333333,0.541666666666667,0.5,0.31249999999999,"N3-C05-ABOVE-E","E",0.75,0.333333333333333,0.541666666666667
"N3","PASS",7,"above",0.333333333333333,0.541666666666667,0.5,0.3125,"N3-C05-ABOVE-E","E",0.75,0.333333333333333,0.541666666666667
"N3","PASS",7,"above",0.333333333333333,0.541666666666667,0.5,0.31250000000001,"N3-C05-ABOVE-E","E",0.75,0.333333333333333,0.541666666666667
"N3","PASS",7,"above",0.333333333333333,0.541666666666667,0.5,0.312500000001,"N3-C05-ABOVE-E","E",0.75,0.333333333333333,0.541666666666667
"N3","PASS",7,"above",0.333333333333333,0.541666666666667,0.5,0.31250001,"N3-C05-ABOVE-E","E",0.75,0.333333333333333,0.541666666666667
"N3","PASS",7,"above",0.333333333333333,0.541666666666667,0.5,0.3125001,"N3-C05-ABOVE-E","E",0.75,0.333333333333333,0.541666666666667
"N3","PASS",7,"above",0.333333333333333,0.541666666666667,0.5,0.5,"N3-C05-ABOVE-E","E",0.75,0.333333333333333,0.541666666666667
"N3","PASS",7,"above",0.333333333333333,0.541666666666667,0.5,0.75,"N3-C05-ABOVE-E","E",0.75,0.333333333333333,0.541666666666667
"N3","PASS",7,"above",0.333333333333333,0.541666666666667,0.5,0.95,"N3-C05-ABOVE-E","E",0.75,0.333333333333333,0.541666666666667
"N3","PASS",7,"above",0.333333333333333,0.541666666666667,0.5,0.99999999,"N3-C05-ABOVE-E","E",0.75,0.333333333333333,0.541666666666667
"N3","PASS",7,"above",0.333333333333333,0.541666666666667,0.5,0.999999999999,"N3-C05-ABOVE-E","E",0.75,0.333333333333333,0.541666666666667
"N3","PASS",7,"above",0.333333333333333,0.541666666666667,0.5,0.99999999999999,"N3-C05-ABOVE-E","E",0.75,0.333333333333333,0.541666666666667
"N3","PASS",7,"above",0.333333333333333,0.541666666666667,0.5,1,"N3-C05-ABOVE-E","E",0.75,0.333333333333333,0.541666666666667
"N3","PASS",7,"above",0.333333333333333,0.541666666666667,0.9,0,"N3-C05-ABOVE-E","E",0.55,0.333333333333333,0.541666666666667
"N3","PASS",7,"above",0.333333333333333,0.541666666666667,0.9,1e-14,"N3-C05-ABOVE-E","E",0.55,0.333333333333333,0.541666666666667
"N3","PASS",7,"above",0.333333333333333,0.541666666666667,0.9,1e-12,"N3-C05-ABOVE-E","E",0.55,0.333333333333333,0.541666666666667
"N3","PASS",7,"above",0.333333333333333,0.541666666666667,0.9,1e-08,"N3-C05-ABOVE-E","E",0.55,0.333333333333333,0.541666666666667
"N3","PASS",7,"above",0.333333333333333,0.541666666666667,0.9,0.05,"N3-C05-ABOVE-E","E",0.55,0.333333333333333,0.541666666666667
"N3","PASS",7,"above",0.333333333333333,0.541666666666667,0.9,0.25,"N3-C05-ABOVE-E","E",0.55,0.333333333333333,0.541666666666667
"N3","PASS",7,"above",0.333333333333333,0.541666666666667,0.9,0.3124999,"N3-C05-ABOVE-E","E",0.55,0.333333333333333,0.541666666666667
"N3","PASS",7,"above",0.333333333333333,0.541666666666667,0.9,0.31249999,"N3-C05-ABOVE-E","E",0.55,0.333333333333333,0.541666666666667
"N3","PASS",7,"above",0.333333333333333,0.541666666666667,0.9,0.312499999999,"N3-C05-ABOVE-E","E",0.55,0.333333333333333,0.541666666666667
"N3","PASS",7,"above",0.333333333333333,0.541666666666667,0.9,0.31249999999999,"N3-C05-ABOVE-E","E",0.55,0.333333333333333,0.541666666666667
"N3","PASS",7,"above",0.333333333333333,0.541666666666667,0.9,0.3125,"N3-C05-ABOVE-E","E",0.55,0.333333333333333,0.541666666666667
"N3","PASS",7,"above",0.333333333333333,0.541666666666667,0.9,0.31250000000001,"N3-C05-ABOVE-E","E",0.55,0.333333333333333,0.541666666666667
"N3","PASS",7,"above",0.333333333333333,0.541666666666667,0.9,0.312500000001,"N3-C05-ABOVE-E","E",0.55,0.333333333333333,0.541666666666667
"N3","PASS",7,"above",0.333333333333333,0.541666666666667,0.9,0.31250001,"N3-C05-ABOVE-E","E",0.55,0.333333333333333,0.541666666666667
"N3","PASS",7,"above",0.333333333333333,0.541666666666667,0.9,0.3125001,"N3-C05-ABOVE-E","E",0.55,0.333333333333333,0.541666666666667
"N3","PASS",7,"above",0.333333333333333,0.541666666666667,0.9,0.5,"N3-C05-ABOVE-E","E",0.55,0.333333333333333,0.541666666666667
"N3","PASS",7,"above",0.333333333333333,0.541666666666667,0.9,0.75,"N3-C05-ABOVE-E","E",0.55,0.333333333333333,0.541666666666667
"N3","PASS",7,"above",0.333333333333333,0.541666666666667,0.9,0.95,"N3-C05-ABOVE-E","E",0.55,0.333333333333333,0.541666666666667
"N3","PASS",7,"above",0.333333333333333,0.541666666666667,0.9,0.99999999,"N3-C05-ABOVE-E","E",0.55,0.333333333333333,0.541666666666667
"N3","PASS",7,"above",0.333333333333333,0.541666666666667,0.9,0.999999999999,"N3-C05-ABOVE-E","E",0.55,0.333333333333333,0.541666666666667
"N3","PASS",7,"above",0.333333333333333,0.541666666666667,0.9,0.99999999999999,"N3-C05-ABOVE-E","E",0.55,0.333333333333333,0.541666666666667
"N3","PASS",7,"above",0.333333333333333,0.541666666666667,0.9,1,"N3-C05-ABOVE-E","E",0.55,0.333333333333333,0.541666666666667
"N3","PASS",7,"above",0.333333333333333,0.541666666666667,0.99,0,"N3-C05-ABOVE-E","E",0.505,0.333333333333333,0.541666666666667
"N3","PASS",7,"above",0.333333333333333,0.541666666666667,0.99,1e-14,"N3-C05-ABOVE-E","E",0.505,0.333333333333333,0.541666666666667
"N3","PASS",7,"above",0.333333333333333,0.541666666666667,0.99,1e-12,"N3-C05-ABOVE-E","E",0.505,0.333333333333333,0.541666666666667
"N3","PASS",7,"above",0.333333333333333,0.541666666666667,0.99,1e-08,"N3-C05-ABOVE-E","E",0.505,0.333333333333333,0.541666666666667
"N3","PASS",7,"above",0.333333333333333,0.541666666666667,0.99,0.05,"N3-C05-ABOVE-E","E",0.505,0.333333333333333,0.541666666666667
"N3","PASS",7,"above",0.333333333333333,0.541666666666667,0.99,0.25,"N3-C05-ABOVE-E","E",0.505,0.333333333333333,0.541666666666667
"N3","PASS",7,"above",0.333333333333333,0.541666666666667,0.99,0.3124999,"N3-C05-ABOVE-E","E",0.505,0.333333333333333,0.541666666666667
"N3","PASS",7,"above",0.333333333333333,0.541666666666667,0.99,0.31249999,"N3-C05-ABOVE-E","E",0.505,0.333333333333333,0.541666666666667
"N3","PASS",7,"above",0.333333333333333,0.541666666666667,0.99,0.312499999999,"N3-C05-ABOVE-E","E",0.505,0.333333333333333,0.541666666666667
"N3","PASS",7,"above",0.333333333333333,0.541666666666667,0.99,0.31249999999999,"N3-C05-ABOVE-E","E",0.505,0.333333333333333,0.541666666666667
"N3","PASS",7,"above",0.333333333333333,0.541666666666667,0.99,0.3125,"N3-C05-ABOVE-E","E",0.505,0.333333333333333,0.541666666666667
"N3","PASS",7,"above",0.333333333333333,0.541666666666667,0.99,0.31250000000001,"N3-C05-ABOVE-E","E",0.505,0.333333333333333,0.541666666666667
"N3","PASS",7,"above",0.333333333333333,0.541666666666667,0.99,0.312500000001,"N3-C05-ABOVE-E","E",0.505,0.333333333333333,0.541666666666667
"N3","PASS",7,"above",0.333333333333333,0.541666666666667,0.99,0.31250001,"N3-C05-ABOVE-E","E",0.505,0.333333333333333,0.541666666666667
"N3","PASS",7,"above",0.333333333333333,0.541666666666667,0.99,0.3125001,"N3-C05-ABOVE-E","E",0.505,0.333333333333333,0.541666666666667
"N3","PASS",7,"above",0.333333333333333,0.541666666666667,0.99,0.5,"N3-C05-ABOVE-E","E",0.505,0.333333333333333,0.541666666666667
"N3","PASS",7,"above",0.333333333333333,0.541666666666667,0.99,0.75,"N3-C05-ABOVE-E","E",0.505,0.333333333333333,0.541666666666667
"N3","PASS",7,"above",0.333333333333333,0.541666666666667,0.99,0.95,"N3-C05-ABOVE-E","E",0.505,0.333333333333333,0.541666666666667
"N3","PASS",7,"above",0.333333333333333,0.541666666666667,0.99,0.99999999,"N3-C05-ABOVE-E","E",0.505,0.333333333333333,0.541666666666667
"N3","PASS",7,"above",0.333333333333333,0.541666666666667,0.99,0.999999999999,"N3-C05-ABOVE-E","E",0.505,0.333333333333333,0.541666666666667
"N3","PASS",7,"above",0.333333333333333,0.541666666666667,0.99,0.99999999999999,"N3-C05-ABOVE-E","E",0.505,0.333333333333333,0.541666666666667
"N3","PASS",7,"above",0.333333333333333,0.541666666666667,0.99,1,"N3-C05-ABOVE-E","E",0.505,0.333333333333333,0.541666666666667
"N3","PASS",7,"wide_cross",0.0166666666666667,0.75,0.5,0,"N3-C03-CROSS-S","S",0.825,0.00833333333333333,0.375
"N3","PASS",7,"wide_cross",0.0166666666666667,0.75,0.5,1e-14,"N3-C03-CROSS-S","S",0.824999999999993,0.00833333333333333,0.375
"N3","PASS",7,"wide_cross",0.0166666666666667,0.75,0.5,1e-12,"N3-C03-CROSS-S","S",0.824999999999258,0.00833333333333333,0.375
"N3","PASS",7,"wide_cross",0.0166666666666667,0.75,0.5,1e-08,"N3-C03-CROSS-S","S",0.824999992583333,0.00833333333333333,0.375
"N3","PASS",7,"wide_cross",0.0166666666666667,0.75,0.5,0.05,"N3-C03-CROSS-S","S",0.787916666666667,0.00833333333333333,0.375
"N3","PASS",7,"wide_cross",0.0166666666666667,0.75,0.5,0.101123495505618,"N3-C03-CROSS-S","S",0.750000074166667,0.00833333333333333,0.375
"N3","PASS",7,"wide_cross",0.0166666666666667,0.75,0.5,0.101123585505618,"N3-C03-CROSS-S","S",0.750000007416667,0.00833333333333333,0.375
"N3","PASS",7,"wide_cross",0.0166666666666667,0.75,0.5,0.101123595504618,"N3-C03-CROSS-S","S",0.750000000000742,0.00833333333333333,0.375
"N3","PASS",7,"wide_cross",0.0166666666666667,0.75,0.5,0.101123595505608,"N3-C03-CROSS-S","S",0.750000000000007,0.00833333333333333,0.375
"N3","PASS",7,"wide_cross",0.0166666666666667,0.75,0.5,0.101123595505618,"N3-C03-CROSS-S","S",0.75,0.00833333333333333,0.375
"N3","PASS",7,"wide_cross",0.0166666666666667,0.75,0.5,0.101123595505628,"N3-C04-CROSS-E","E",0.75,0.0166666666666667,0.75
"N3","PASS",7,"wide_cross",0.0166666666666667,0.75,0.5,0.101123595506618,"N3-C04-CROSS-E","E",0.75,0.0166666666666667,0.75
"N3","PASS",7,"wide_cross",0.0166666666666667,0.75,0.5,0.101123605505618,"N3-C04-CROSS-E","E",0.75,0.0166666666666667,0.75
"N3","PASS",7,"wide_cross",0.0166666666666667,0.75,0.5,0.101123695505618,"N3-C04-CROSS-E","E",0.75,0.0166666666666667,0.75
"N3","PASS",7,"wide_cross",0.0166666666666667,0.75,0.5,0.25,"N3-C04-CROSS-E","E",0.75,0.0166666666666667,0.75
"N3","PASS",7,"wide_cross",0.0166666666666667,0.75,0.5,0.5,"N3-C04-CROSS-E","E",0.75,0.0166666666666667,0.75
"N3","PASS",7,"wide_cross",0.0166666666666667,0.75,0.5,0.745762611864407,"N3-C04-CROSS-E","E",0.75,0.0166666666666667,0.75
"N3","PASS",7,"wide_cross",0.0166666666666667,0.75,0.5,0.745762701864407,"N3-C04-CROSS-E","E",0.75,0.0166666666666667,0.75
"N3","PASS",7,"wide_cross",0.0166666666666667,0.75,0.5,0.745762711863407,"N3-C04-CROSS-E","E",0.75,0.0166666666666667,0.75
"N3","PASS",7,"wide_cross",0.0166666666666667,0.75,0.5,0.745762711864397,"N3-C04-CROSS-E","E",0.75,0.0166666666666667,0.75
"N3","PASS",7,"wide_cross",0.0166666666666667,0.75,0.5,0.745762711864407,"N3-C04-CROSS-E","E",0.75,0.0166666666666667,0.75
"N3","PASS",7,"wide_cross",0.0166666666666667,0.75,0.5,0.745762711864417,"N3-C04-CROSS-E","E",0.75,0.0166666666666667,0.75
"N3","PASS",7,"wide_cross",0.0166666666666667,0.75,0.5,0.745762711865407,"N3-C04-CROSS-E","E",0.75,0.0166666666666667,0.75
"N3","PASS",7,"wide_cross",0.0166666666666667,0.75,0.5,0.745762721864407,"N3-C04-CROSS-E","E",0.75,0.0166666666666667,0.75
"N3","PASS",7,"wide_cross",0.0166666666666667,0.75,0.5,0.745762811864407,"N3-C04-CROSS-E","E",0.75,0.0166666666666667,0.75
"N3","PASS",7,"wide_cross",0.0166666666666667,0.75,0.5,0.75,"N3-C04-CROSS-E","E",0.75,0.0166666666666667,0.75
"N3","PASS",7,"wide_cross",0.0166666666666667,0.75,0.5,0.95,"N3-C04-CROSS-E","E",0.75,0.0166666666666667,0.75
"N3","PASS",7,"wide_cross",0.0166666666666667,0.75,0.5,0.99999999,"N3-C04-CROSS-E","E",0.75,0.0166666666666667,0.75
"N3","PASS",7,"wide_cross",0.0166666666666667,0.75,0.5,0.999999999999,"N3-C04-CROSS-E","E",0.75,0.0166666666666667,0.75
"N3","PASS",7,"wide_cross",0.0166666666666667,0.75,0.5,0.99999999999999,"N3-C04-CROSS-E","E",0.75,0.0166666666666667,0.75
"N3","PASS",7,"wide_cross",0.0166666666666667,0.75,0.5,1,"N3-C04-CROSS-E","E",0.75,0.0166666666666667,0.75
"N3","PASS",7,"wide_cross",0.0166666666666667,0.75,0.9,0,"N3-C03-CROSS-S","S",0.685,0.015,0.675
"N3","PASS",7,"wide_cross",0.0166666666666667,0.75,0.9,1e-14,"N3-C03-CROSS-S","S",0.684999999999995,0.015,0.675
"N3","PASS",7,"wide_cross",0.0166666666666667,0.75,0.9,1e-12,"N3-C03-CROSS-S","S",0.684999999999465,0.015,0.675
"N3","PASS",7,"wide_cross",0.0166666666666667,0.75,0.9,1e-08,"N3-C03-CROSS-S","S",0.68499999465,0.015,0.675
"N3","PASS",7,"wide_cross",0.0166666666666667,0.75,0.9,0.05,"N3-C03-CROSS-S","S",0.65825,0.015,0.675
"N3","PASS",7,"wide_cross",0.0166666666666667,0.75,0.9,0.25,"N3-C03-CROSS-S","S",0.55125,0.015,0.675
"N3","PASS",7,"wide_cross",0.0166666666666667,0.75,0.9,0.252336348598131,"N3-C03-CROSS-S","S",0.5500000535,0.015,0.675
"N3","PASS",7,"wide_cross",0.0166666666666667,0.75,0.9,0.252336438598131,"N3-C03-CROSS-S","S",0.55000000535,0.015,0.675
"N3","PASS",7,"wide_cross",0.0166666666666667,0.75,0.9,0.252336448597131,"N3-C03-CROSS-S","S",0.550000000000535,0.015,0.675
"N3","PASS",7,"wide_cross",0.0166666666666667,0.75,0.9,0.252336448598121,"N3-C03-CROSS-S","S",0.550000000000005,0.015,0.675
"N3","PASS",7,"wide_cross",0.0166666666666667,0.75,0.9,0.252336448598131,"N3-C03-CROSS-S","S",0.55,0.015,0.675
"N3","PASS",7,"wide_cross",0.0166666666666667,0.75,0.9,0.252336448598141,"N3-C04-CROSS-E","E",0.55,0.0166666666666667,0.75
"N3","PASS",7,"wide_cross",0.0166666666666667,0.75,0.9,0.252336448599131,"N3-C04-CROSS-E","E",0.55,0.0166666666666667,0.75
"N3","PASS",7,"wide_cross",0.0166666666666667,0.75,0.9,0.252336458598131,"N3-C04-CROSS-E","E",0.55,0.0166666666666667,0.75
"N3","PASS",7,"wide_cross",0.0166666666666667,0.75,0.9,0.252336548598131,"N3-C04-CROSS-E","E",0.55,0.0166666666666667,0.75
"N3","PASS",7,"wide_cross",0.0166666666666667,0.75,0.9,0.5,"N3-C04-CROSS-E","E",0.55,0.0166666666666667,0.75
"N3","PASS",7,"wide_cross",0.0166666666666667,0.75,0.9,0.745762611864407,"N3-C04-CROSS-E","E",0.55,0.0166666666666667,0.75
"N3","PASS",7,"wide_cross",0.0166666666666667,0.75,0.9,0.745762701864407,"N3-C04-CROSS-E","E",0.55,0.0166666666666667,0.75
"N3","PASS",7,"wide_cross",0.0166666666666667,0.75,0.9,0.745762711863407,"N3-C04-CROSS-E","E",0.55,0.0166666666666667,0.75
"N3","PASS",7,"wide_cross",0.0166666666666667,0.75,0.9,0.745762711864397,"N3-C04-CROSS-E","E",0.55,0.0166666666666667,0.75
"N3","PASS",7,"wide_cross",0.0166666666666667,0.75,0.9,0.745762711864407,"N3-C04-CROSS-E","E",0.55,0.0166666666666667,0.75
"N3","PASS",7,"wide_cross",0.0166666666666667,0.75,0.9,0.745762711864417,"N3-C04-CROSS-E","E",0.55,0.0166666666666667,0.75
"N3","PASS",7,"wide_cross",0.0166666666666667,0.75,0.9,0.745762711865407,"N3-C04-CROSS-E","E",0.55,0.0166666666666667,0.75
"N3","PASS",7,"wide_cross",0.0166666666666667,0.75,0.9,0.745762721864407,"N3-C04-CROSS-E","E",0.55,0.0166666666666667,0.75
"N3","PASS",7,"wide_cross",0.0166666666666667,0.75,0.9,0.745762811864407,"N3-C04-CROSS-E","E",0.55,0.0166666666666667,0.75
"N3","PASS",7,"wide_cross",0.0166666666666667,0.75,0.9,0.75,"N3-C04-CROSS-E","E",0.55,0.0166666666666667,0.75
"N3","PASS",7,"wide_cross",0.0166666666666667,0.75,0.9,0.95,"N3-C04-CROSS-E","E",0.55,0.0166666666666667,0.75
"N3","PASS",7,"wide_cross",0.0166666666666667,0.75,0.9,0.99999999,"N3-C04-CROSS-E","E",0.55,0.0166666666666667,0.75
"N3","PASS",7,"wide_cross",0.0166666666666667,0.75,0.9,0.999999999999,"N3-C04-CROSS-E","E",0.55,0.0166666666666667,0.75
"N3","PASS",7,"wide_cross",0.0166666666666667,0.75,0.9,0.99999999999999,"N3-C04-CROSS-E","E",0.55,0.0166666666666667,0.75
"N3","PASS",7,"wide_cross",0.0166666666666667,0.75,0.9,1,"N3-C04-CROSS-E","E",0.55,0.0166666666666667,0.75
"N3","PASS",7,"wide_cross",0.0166666666666667,0.75,0.99,0,"N3-C03-CROSS-S","S",0.6535,0.0165,0.7425
"N3","PASS",7,"wide_cross",0.0166666666666667,0.75,0.99,1e-14,"N3-C03-CROSS-S","S",0.653499999999995,0.0165,0.7425
"N3","PASS",7,"wide_cross",0.0166666666666667,0.75,0.99,1e-12,"N3-C03-CROSS-S","S",0.653499999999511,0.0165,0.7425
"N3","PASS",7,"wide_cross",0.0166666666666667,0.75,0.99,1e-08,"N3-C03-CROSS-S","S",0.653499995115,0.0165,0.7425
"N3","PASS",7,"wide_cross",0.0166666666666667,0.75,0.99,0.05,"N3-C03-CROSS-S","S",0.629075,0.0165,0.7425
"N3","PASS",7,"wide_cross",0.0166666666666667,0.75,0.99,0.25,"N3-C03-CROSS-S","S",0.531375,0.0165,0.7425
"N3","PASS",7,"wide_cross",0.0166666666666667,0.75,0.99,0.303991711668373,"N3-C03-CROSS-S","S",0.50500004885,0.0165,0.7425
"N3","PASS",7,"wide_cross",0.0166666666666667,0.75,0.99,0.303991801668373,"N3-C03-CROSS-S","S",0.505000004885,0.0165,0.7425
"N3","PASS",7,"wide_cross",0.0166666666666667,0.75,0.99,0.303991811667373,"N3-C03-CROSS-S","S",0.505000000000489,0.0165,0.7425
"N3","PASS",7,"wide_cross",0.0166666666666667,0.75,0.99,0.303991811668363,"N3-C03-CROSS-S","S",0.505000000000005,0.0165,0.7425
"N3","PASS",7,"wide_cross",0.0166666666666667,0.75,0.99,0.303991811668373,"N3-C03-CROSS-S","S",0.505,0.0165,0.7425
"N3","PASS",7,"wide_cross",0.0166666666666667,0.75,0.99,0.303991811668383,"N3-C04-CROSS-E","E",0.505,0.0166666666666667,0.75
"N3","PASS",7,"wide_cross",0.0166666666666667,0.75,0.99,0.303991811669373,"N3-C04-CROSS-E","E",0.505,0.0166666666666667,0.75
"N3","PASS",7,"wide_cross",0.0166666666666667,0.75,0.99,0.303991821668373,"N3-C04-CROSS-E","E",0.505,0.0166666666666667,0.75
"N3","PASS",7,"wide_cross",0.0166666666666667,0.75,0.99,0.303991911668373,"N3-C04-CROSS-E","E",0.505,0.0166666666666667,0.75
"N3","PASS",7,"wide_cross",0.0166666666666667,0.75,0.99,0.5,"N3-C04-CROSS-E","E",0.505,0.0166666666666667,0.75
"N3","PASS",7,"wide_cross",0.0166666666666667,0.75,0.99,0.745762611864407,"N3-C04-CROSS-E","E",0.505,0.0166666666666667,0.75
"N3","PASS",7,"wide_cross",0.0166666666666667,0.75,0.99,0.745762701864407,"N3-C04-CROSS-E","E",0.505,0.0166666666666667,0.75
"N3","PASS",7,"wide_cross",0.0166666666666667,0.75,0.99,0.745762711863407,"N3-C04-CROSS-E","E",0.505,0.0166666666666667,0.75
"N3","PASS",7,"wide_cross",0.0166666666666667,0.75,0.99,0.745762711864397,"N3-C04-CROSS-E","E",0.505,0.0166666666666667,0.75
"N3","PASS",7,"wide_cross",0.0166666666666667,0.75,0.99,0.745762711864407,"N3-C04-CROSS-E","E",0.505,0.0166666666666667,0.75
"N3","PASS",7,"wide_cross",0.0166666666666667,0.75,0.99,0.745762711864417,"N3-C04-CROSS-E","E",0.505,0.0166666666666667,0.75
"N3","PASS",7,"wide_cross",0.0166666666666667,0.75,0.99,0.745762711865407,"N3-C04-CROSS-E","E",0.505,0.0166666666666667,0.75
"N3","PASS",7,"wide_cross",0.0166666666666667,0.75,0.99,0.745762721864407,"N3-C04-CROSS-E","E",0.505,0.0166666666666667,0.75
"N3","PASS",7,"wide_cross",0.0166666666666667,0.75,0.99,0.745762811864407,"N3-C04-CROSS-E","E",0.505,0.0166666666666667,0.75
"N3","PASS",7,"wide_cross",0.0166666666666667,0.75,0.99,0.75,"N3-C04-CROSS-E","E",0.505,0.0166666666666667,0.75
"N3","PASS",7,"wide_cross",0.0166666666666667,0.75,0.99,0.95,"N3-C04-CROSS-E","E",0.505,0.0166666666666667,0.75
"N3","PASS",7,"wide_cross",0.0166666666666667,0.75,0.99,0.99999999,"N3-C04-CROSS-E","E",0.505,0.0166666666666667,0.75
"N3","PASS",7,"wide_cross",0.0166666666666667,0.75,0.99,0.999999999999,"N3-C04-CROSS-E","E",0.505,0.0166666666666667,0.75
"N3","PASS",7,"wide_cross",0.0166666666666667,0.75,0.99,0.99999999999999,"N3-C04-CROSS-E","E",0.505,0.0166666666666667,0.75
"N3","PASS",7,"wide_cross",0.0166666666666667,0.75,0.99,1,"N3-C04-CROSS-E","E",0.505,0.0166666666666667,0.75
"N3","PASS",7,"o1_below_tiny",0.0833333333333333,0.166666666665667,0.5,0,"N3-C01-BELOW-S","S",0.791666666666667,0.0416666666666667,0.0833333333328333
"N3","PASS",7,"o1_below_tiny",0.0833333333333333,0.166666666665667,0.5,1e-14,"N3-C01-BELOW-S","S",0.79166666666666,0.0416666666666667,0.0833333333328333
"N3","PASS",7,"o1_below_tiny",0.0833333333333333,0.166666666665667,0.5,1e-12,"N3-C01-BELOW-S","S",0.791666666665958,0.0416666666666667,0.0833333333328333
"N3","PASS",7,"o1_below_tiny",0.0833333333333333,0.166666666665667,0.5,1e-08,"N3-C01-BELOW-S","S",0.791666659583333,0.0416666666666667,0.0833333333328333
"N3","PASS",7,"o1_below_tiny",0.0833333333333333,0.166666666665667,0.5,0.05,"N3-C01-BELOW-S","S",0.75625,0.0416666666666667,0.0833333333328333
"N3","PASS",7,"o1_below_tiny",0.0833333333333333,0.166666666665667,0.5,0.0588234294110588,"N3-C01-BELOW-S","S",0.750000070833833,0.0416666666666667,0.0833333333328333
"N3","PASS",7,"o1_below_tiny",0.0833333333333333,0.166666666665667,0.5,0.0588234294117647,"N3-C01-BELOW-S","S",0.750000070833333,0.0416666666666667,0.0833333333328333
"N3","PASS",7,"o1_below_tiny",0.0833333333333333,0.166666666665667,0.5,0.0588235194110588,"N3-C01-BELOW-S","S",0.750000007083833,0.0416666666666667,0.0833333333328333
"N3","PASS",7,"o1_below_tiny",0.0833333333333333,0.166666666665667,0.5,0.0588235194117647,"N3-C01-BELOW-S","S",0.750000007083333,0.0416666666666667,0.0833333333328333
"N3","PASS",7,"o1_below_tiny",0.0833333333333333,0.166666666665667,0.5,0.0588235294100588,"N3-C01-BELOW-S","S",0.750000000001208,0.0416666666666667,0.0833333333328333
"N3","PASS",7,"o1_below_tiny",0.0833333333333333,0.166666666665667,0.5,0.0588235294107647,"N3-C01-BELOW-S","S",0.750000000000708,0.0416666666666667,0.0833333333328333
"N3","PASS",7,"o1_below_tiny",0.0833333333333333,0.166666666665667,0.5,0.0588235294110488,"N3-C01-BELOW-S","S",0.750000000000507,0.0416666666666667,0.0833333333328333
"N3","PASS",7,"o1_below_tiny",0.0833333333333333,0.166666666665667,0.5,0.0588235294110588,"N3-C01-BELOW-S","S",0.7500000000005,0.0416666666666667,0.0833333333328333
"N3","PASS",7,"o1_below_tiny",0.0833333333333333,0.166666666665667,0.5,0.0588235294110688,"N3-C02-BELOW-P","P",0.7500000000005,0.0833333333328333,0.0833333333328333
"N3","PASS",7,"o1_below_tiny",0.0833333333333333,0.166666666665667,0.5,0.0588235294117547,"N3-C02-BELOW-P","P",0.7500000000005,0.0833333333328333,0.0833333333328333
"N3","PASS",7,"o1_below_tiny",0.0833333333333333,0.166666666665667,0.5,0.0588235294117647,"N3-C02-BELOW-P","P",0.7500000000005,0.0833333333328333,0.0833333333328333
"N3","PASS",7,"o1_below_tiny",0.0833333333333333,0.166666666665667,0.5,0.0588235294117747,"N3-C02-BELOW-P","P",0.7500000000005,0.0833333333328333,0.0833333333328333
"N3","PASS",7,"o1_below_tiny",0.0833333333333333,0.166666666665667,0.5,0.0588235294120588,"N3-C02-BELOW-P","P",0.7500000000005,0.0833333333328333,0.0833333333328333
"N3","PASS",7,"o1_below_tiny",0.0833333333333333,0.166666666665667,0.5,0.0588235294127647,"N3-C02-BELOW-P","P",0.7500000000005,0.0833333333328333,0.0833333333328333
"N3","PASS",7,"o1_below_tiny",0.0833333333333333,0.166666666665667,0.5,0.0588235394110588,"N3-C02-BELOW-P","P",0.7500000000005,0.0833333333328333,0.0833333333328333
"N3","PASS",7,"o1_below_tiny",0.0833333333333333,0.166666666665667,0.5,0.0588235394117647,"N3-C02-BELOW-P","P",0.7500000000005,0.0833333333328333,0.0833333333328333
"N3","PASS",7,"o1_below_tiny",0.0833333333333333,0.166666666665667,0.5,0.0588236294110588,"N3-C02-BELOW-P","P",0.7500000000005,0.0833333333328333,0.0833333333328333
"N3","PASS",7,"o1_below_tiny",0.0833333333333333,0.166666666665667,0.5,0.0588236294117647,"N3-C02-BELOW-P","P",0.7500000000005,0.0833333333328333,0.0833333333328333
"N3","PASS",7,"o1_below_tiny",0.0833333333333333,0.166666666665667,0.5,0.090908990908,"N3-C02-BELOW-P","P",0.7500000000005,0.0833333333328333,0.0833333333328333
"N3","PASS",7,"o1_below_tiny",0.0833333333333333,0.166666666665667,0.5,0.090909080908,"N3-C02-BELOW-P","P",0.7500000000005,0.0833333333328333,0.0833333333328333
"N3","PASS",7,"o1_below_tiny",0.0833333333333333,0.166666666665667,0.5,0.090909090907,"N3-C02-BELOW-P","P",0.7500000000005,0.0833333333328333,0.0833333333328333
"N3","PASS",7,"o1_below_tiny",0.0833333333333333,0.166666666665667,0.5,0.09090909090799,"N3-C02-BELOW-P","P",0.7500000000005,0.0833333333328333,0.0833333333328333
"N3","PASS",7,"o1_below_tiny",0.0833333333333333,0.166666666665667,0.5,0.090909090908,"N3-C02-BELOW-P","P",0.7500000000005,0.0833333333328333,0.0833333333328333
"N3","PASS",7,"o1_below_tiny",0.0833333333333333,0.166666666665667,0.5,0.09090909090801,"N3-C02-BELOW-P","P",0.7500000000005,0.0833333333328333,0.0833333333328333
"N3","PASS",7,"o1_below_tiny",0.0833333333333333,0.166666666665667,0.5,0.090909090909,"N3-C02-BELOW-P","P",0.7500000000005,0.0833333333328333,0.0833333333328333
"N3","PASS",7,"o1_below_tiny",0.0833333333333333,0.166666666665667,0.5,0.090909100908,"N3-C02-BELOW-P","P",0.7500000000005,0.0833333333328333,0.0833333333328333
"N3","PASS",7,"o1_below_tiny",0.0833333333333333,0.166666666665667,0.5,0.090909190908,"N3-C02-BELOW-P","P",0.7500000000005,0.0833333333328333,0.0833333333328333
"N3","PASS",7,"o1_below_tiny",0.0833333333333333,0.166666666665667,0.5,0.25,"N3-C02-BELOW-P","P",0.7500000000005,0.0833333333328333,0.0833333333328333
"N3","PASS",7,"o1_below_tiny",0.0833333333333333,0.166666666665667,0.5,0.5,"N3-C02-BELOW-P","P",0.7500000000005,0.0833333333328333,0.0833333333328333
"N3","PASS",7,"o1_below_tiny",0.0833333333333333,0.166666666665667,0.5,0.75,"N3-C02-BELOW-P","P",0.7500000000005,0.0833333333328333,0.0833333333328333
"N3","PASS",7,"o1_below_tiny",0.0833333333333333,0.166666666665667,0.5,0.95,"N3-C02-BELOW-P","P",0.7500000000005,0.0833333333328333,0.0833333333328333
"N3","PASS",7,"o1_below_tiny",0.0833333333333333,0.166666666665667,0.5,0.99999999,"N3-C02-BELOW-P","P",0.7500000000005,0.0833333333328333,0.0833333333328333
"N3","PASS",7,"o1_below_tiny",0.0833333333333333,0.166666666665667,0.5,0.999999999999,"N3-C02-BELOW-P","P",0.7500000000005,0.0833333333328333,0.0833333333328333
"N3","PASS",7,"o1_below_tiny",0.0833333333333333,0.166666666665667,0.5,0.99999999999999,"N3-C02-BELOW-P","P",0.7500000000005,0.0833333333328333,0.0833333333328333
"N3","PASS",7,"o1_below_tiny",0.0833333333333333,0.166666666665667,0.5,1,"N3-C02-BELOW-P","P",0.7500000000005,0.0833333333328333,0.0833333333328333
"N3","PASS",7,"o1_below_tiny",0.0833333333333333,0.166666666665667,0.9,0,"N3-C01-BELOW-S","S",0.625,0.075,0.1499999999991
"N3","PASS",7,"o1_below_tiny",0.0833333333333333,0.166666666665667,0.9,1e-14,"N3-C01-BELOW-S","S",0.624999999999995,0.075,0.1499999999991
"N3","PASS",7,"o1_below_tiny",0.0833333333333333,0.166666666665667,0.9,1e-12,"N3-C01-BELOW-S","S",0.624999999999525,0.075,0.1499999999991
"N3","PASS",7,"o1_below_tiny",0.0833333333333333,0.166666666665667,0.9,1e-08,"N3-C01-BELOW-S","S",0.62499999525,0.075,0.1499999999991
"N3","PASS",7,"o1_below_tiny",0.0833333333333333,0.166666666665667,0.9,0.05,"N3-C01-BELOW-S","S",0.60125,0.075,0.1499999999991
"N3","PASS",7,"o1_below_tiny",0.0833333333333333,0.166666666665667,0.9,0.090908990908,"N3-C01-BELOW-S","S",0.5818182293187,0.075,0.1499999999991
"N3","PASS",7,"o1_below_tiny",0.0833333333333333,0.166666666665667,0.9,0.090909080908,"N3-C01-BELOW-S","S",0.5818181865687,0.075,0.1499999999991
"N3","PASS",7,"o1_below_tiny",0.0833333333333333,0.166666666665667,0.9,0.090909090907,"N3-C01-BELOW-S","S",0.581818181819175,0.075,0.1499999999991
"N3","PASS",7,"o1_below_tiny",0.0833333333333333,0.166666666665667,0.9,0.09090909090799,"N3-C01-BELOW-S","S",0.581818181818705,0.075,0.1499999999991
"N3","PASS",7,"o1_below_tiny",0.0833333333333333,0.166666666665667,0.9,0.090909090908,"N3-C01-BELOW-S","S",0.5818181818187,0.075,0.1499999999991
"N3","PASS",7,"o1_below_tiny",0.0833333333333333,0.166666666665667,0.9,0.09090909090801,"N3-C01-BELOW-S","S",0.581818181818695,0.075,0.1499999999991
"N3","PASS",7,"o1_below_tiny",0.0833333333333333,0.166666666665667,0.9,0.090909090909,"N3-C01-BELOW-S","S",0.581818181818225,0.075,0.1499999999991
"N3","PASS",7,"o1_below_tiny",0.0833333333333333,0.166666666665667,0.9,0.090909100908,"N3-C01-BELOW-S","S",0.5818181770687,0.075,0.1499999999991
"N3","PASS",7,"o1_below_tiny",0.0833333333333333,0.166666666665667,0.9,0.090909190908,"N3-C01-BELOW-S","S",0.5818181343187,0.075,0.1499999999991
"N3","PASS",7,"o1_below_tiny",0.0833333333333333,0.166666666665667,0.9,0.15789463684021,"N3-C01-BELOW-S","S",0.5500000475009,0.075,0.1499999999991
"N3","PASS",7,"o1_below_tiny",0.0833333333333333,0.166666666665667,0.9,0.157894636842105,"N3-C01-BELOW-S","S",0.5500000475,0.075,0.1499999999991
"N3","PASS",7,"o1_below_tiny",0.0833333333333333,0.166666666665667,0.9,0.15789472684021,"N3-C01-BELOW-S","S",0.5500000047509,0.075,0.1499999999991
"N3","PASS",7,"o1_below_tiny",0.0833333333333333,0.166666666665667,0.9,0.157894726842105,"N3-C01-BELOW-S","S",0.55000000475,0.075,0.1499999999991
"N3","PASS",7,"o1_below_tiny",0.0833333333333333,0.166666666665667,0.9,0.15789473683921,"N3-C01-BELOW-S","S",0.550000000001375,0.075,0.1499999999991
"N3","PASS",7,"o1_below_tiny",0.0833333333333333,0.166666666665667,0.9,0.1578947368402,"N3-C01-BELOW-S","S",0.550000000000905,0.075,0.1499999999991
"N3","PASS",7,"o1_below_tiny",0.0833333333333333,0.166666666665667,0.9,0.15789473684021,"N3-C01-BELOW-S","S",0.5500000000009,0.075,0.1499999999991
"N3","PASS",7,"o1_below_tiny",0.0833333333333333,0.166666666665667,0.9,0.15789473684022,"N3-C02-BELOW-P","P",0.5500000000009,0.1499999999991,0.1499999999991
"N3","PASS",7,"o1_below_tiny",0.0833333333333333,0.166666666665667,0.9,0.157894736841105,"N3-C02-BELOW-P","P",0.5500000000009,0.1499999999991,0.1499999999991
"N3","PASS",7,"o1_below_tiny",0.0833333333333333,0.166666666665667,0.9,0.15789473684121,"N3-C02-BELOW-P","P",0.5500000000009,0.1499999999991,0.1499999999991
"N3","PASS",7,"o1_below_tiny",0.0833333333333333,0.166666666665667,0.9,0.157894736842095,"N3-C02-BELOW-P","P",0.5500000000009,0.1499999999991,0.1499999999991
"N3","PASS",7,"o1_below_tiny",0.0833333333333333,0.166666666665667,0.9,0.157894736842105,"N3-C02-BELOW-P","P",0.5500000000009,0.1499999999991,0.1499999999991
"N3","PASS",7,"o1_below_tiny",0.0833333333333333,0.166666666665667,0.9,0.157894736842115,"N3-C02-BELOW-P","P",0.5500000000009,0.1499999999991,0.1499999999991
"N3","PASS",7,"o1_below_tiny",0.0833333333333333,0.166666666665667,0.9,0.157894736843105,"N3-C02-BELOW-P","P",0.5500000000009,0.1499999999991,0.1499999999991
"N3","PASS",7,"o1_below_tiny",0.0833333333333333,0.166666666665667,0.9,0.15789474684021,"N3-C02-BELOW-P","P",0.5500000000009,0.1499999999991,0.1499999999991
"N3","PASS",7,"o1_below_tiny",0.0833333333333333,0.166666666665667,0.9,0.157894746842105,"N3-C02-BELOW-P","P",0.5500000000009,0.1499999999991,0.1499999999991
"N3","PASS",7,"o1_below_tiny",0.0833333333333333,0.166666666665667,0.9,0.15789483684021,"N3-C02-BELOW-P","P",0.5500000000009,0.1499999999991,0.1499999999991
"N3","PASS",7,"o1_below_tiny",0.0833333333333333,0.166666666665667,0.9,0.157894836842105,"N3-C02-BELOW-P","P",0.5500000000009,0.1499999999991,0.1499999999991
"N3","PASS",7,"o1_below_tiny",0.0833333333333333,0.166666666665667,0.9,0.25,"N3-C02-BELOW-P","P",0.5500000000009,0.1499999999991,0.1499999999991
"N3","PASS",7,"o1_below_tiny",0.0833333333333333,0.166666666665667,0.9,0.5,"N3-C02-BELOW-P","P",0.5500000000009,0.1499999999991,0.1499999999991
"N3","PASS",7,"o1_below_tiny",0.0833333333333333,0.166666666665667,0.9,0.75,"N3-C02-BELOW-P","P",0.5500000000009,0.1499999999991,0.1499999999991
"N3","PASS",7,"o1_below_tiny",0.0833333333333333,0.166666666665667,0.9,0.95,"N3-C02-BELOW-P","P",0.5500000000009,0.1499999999991,0.1499999999991
"N3","PASS",7,"o1_below_tiny",0.0833333333333333,0.166666666665667,0.9,0.99999999,"N3-C02-BELOW-P","P",0.5500000000009,0.1499999999991,0.1499999999991
"N3","PASS",7,"o1_below_tiny",0.0833333333333333,0.166666666665667,0.9,0.999999999999,"N3-C02-BELOW-P","P",0.5500000000009,0.1499999999991,0.1499999999991
"N3","PASS",7,"o1_below_tiny",0.0833333333333333,0.166666666665667,0.9,0.99999999999999,"N3-C02-BELOW-P","P",0.5500000000009,0.1499999999991,0.1499999999991
"N3","PASS",7,"o1_below_tiny",0.0833333333333333,0.166666666665667,0.9,1,"N3-C02-BELOW-P","P",0.5500000000009,0.1499999999991,0.1499999999991
"N3","PASS",7,"o1_below_tiny",0.0833333333333333,0.166666666665667,0.99,0,"N3-C01-BELOW-S","S",0.5875,0.0825,0.16499999999901
"N3","PASS",7,"o1_below_tiny",0.0833333333333333,0.166666666665667,0.99,1e-14,"N3-C01-BELOW-S","S",0.587499999999996,0.0825,0.16499999999901
"N3","PASS",7,"o1_below_tiny",0.0833333333333333,0.166666666665667,0.99,1e-12,"N3-C01-BELOW-S","S",0.587499999999577,0.0825,0.16499999999901
"N3","PASS",7,"o1_below_tiny",0.0833333333333333,0.166666666665667,0.99,1e-08,"N3-C01-BELOW-S","S",0.587499995775,0.0825,0.16499999999901
"N3","PASS",7,"o1_below_tiny",0.0833333333333333,0.166666666665667,0.99,0.05,"N3-C01-BELOW-S","S",0.566375,0.0825,0.16499999999901
"N3","PASS",7,"o1_below_tiny",0.0833333333333333,0.166666666665667,0.99,0.090908990908,"N3-C01-BELOW-S","S",0.54909095134137,0.0825,0.16499999999901
"N3","PASS",7,"o1_below_tiny",0.0833333333333333,0.166666666665667,0.99,0.090909080908,"N3-C01-BELOW-S","S",0.54909091331637,0.0825,0.16499999999901
"N3","PASS",7,"o1_below_tiny",0.0833333333333333,0.166666666665667,0.99,0.090909090907,"N3-C01-BELOW-S","S",0.549090909091792,0.0825,0.16499999999901
"N3","PASS",7,"o1_below_tiny",0.0833333333333333,0.166666666665667,0.99,0.09090909090799,"N3-C01-BELOW-S","S",0.549090909091374,0.0825,0.16499999999901
"N3","PASS",7,"o1_below_tiny",0.0833333333333333,0.166666666665667,0.99,0.090909090908,"N3-C01-BELOW-S","S",0.54909090909137,0.0825,0.16499999999901
"N3","PASS",7,"o1_below_tiny",0.0833333333333333,0.166666666665667,0.99,0.09090909090801,"N3-C01-BELOW-S","S",0.549090909091366,0.0825,0.16499999999901
"N3","PASS",7,"o1_below_tiny",0.0833333333333333,0.166666666665667,0.99,0.090909090909,"N3-C01-BELOW-S","S",0.549090909090947,0.0825,0.16499999999901
"N3","PASS",7,"o1_below_tiny",0.0833333333333333,0.166666666665667,0.99,0.090909100908,"N3-C01-BELOW-S","S",0.54909090486637,0.0825,0.16499999999901
"N3","PASS",7,"o1_below_tiny",0.0833333333333333,0.166666666665667,0.99,0.090909190908,"N3-C01-BELOW-S","S",0.54909086684137,0.0825,0.16499999999901
"N3","PASS",7,"o1_below_tiny",0.0833333333333333,0.166666666665667,0.99,0.195266172187006,"N3-C01-BELOW-S","S",0.50500004225099,0.0825,0.16499999999901
"N3","PASS",7,"o1_below_tiny",0.0833333333333333,0.166666666665667,0.99,0.195266172189349,"N3-C01-BELOW-S","S",0.50500004225,0.0825,0.16499999999901
"N3","PASS",7,"o1_below_tiny",0.0833333333333333,0.166666666665667,0.99,0.195266262187006,"N3-C01-BELOW-S","S",0.50500000422599,0.0825,0.16499999999901
"N3","PASS",7,"o1_below_tiny",0.0833333333333333,0.166666666665667,0.99,0.195266262189349,"N3-C01-BELOW-S","S",0.505000004225,0.0825,0.16499999999901
"N3","PASS",7,"o1_below_tiny",0.0833333333333333,0.166666666665667,0.99,0.195266272186006,"N3-C01-BELOW-S","S",0.505000000001412,0.0825,0.16499999999901
"N3","PASS",7,"o1_below_tiny",0.0833333333333333,0.166666666665667,0.99,0.195266272186996,"N3-C01-BELOW-S","S",0.505000000000994,0.0825,0.16499999999901
"N3","PASS",7,"o1_below_tiny",0.0833333333333333,0.166666666665667,0.99,0.195266272187006,"N3-C01-BELOW-S","S",0.50500000000099,0.0825,0.16499999999901
"N3","PASS",7,"o1_below_tiny",0.0833333333333333,0.166666666665667,0.99,0.195266272187016,"N3-C02-BELOW-P","P",0.50500000000099,0.16499999999901,0.16499999999901
"N3","PASS",7,"o1_below_tiny",0.0833333333333333,0.166666666665667,0.99,0.195266272188006,"N3-C02-BELOW-P","P",0.50500000000099,0.16499999999901,0.16499999999901
"N3","PASS",7,"o1_below_tiny",0.0833333333333333,0.166666666665667,0.99,0.195266272188349,"N3-C02-BELOW-P","P",0.50500000000099,0.16499999999901,0.16499999999901
"N3","PASS",7,"o1_below_tiny",0.0833333333333333,0.166666666665667,0.99,0.195266272189339,"N3-C02-BELOW-P","P",0.50500000000099,0.16499999999901,0.16499999999901
"N3","PASS",7,"o1_below_tiny",0.0833333333333333,0.166666666665667,0.99,0.195266272189349,"N3-C02-BELOW-P","P",0.50500000000099,0.16499999999901,0.16499999999901
"N3","PASS",7,"o1_below_tiny",0.0833333333333333,0.166666666665667,0.99,0.195266272189359,"N3-C02-BELOW-P","P",0.50500000000099,0.16499999999901,0.16499999999901
"N3","PASS",7,"o1_below_tiny",0.0833333333333333,0.166666666665667,0.99,0.195266272190349,"N3-C02-BELOW-P","P",0.50500000000099,0.16499999999901,0.16499999999901
"N3","PASS",7,"o1_below_tiny",0.0833333333333333,0.166666666665667,0.99,0.195266282187006,"N3-C02-BELOW-P","P",0.50500000000099,0.16499999999901,0.16499999999901
"N3","PASS",7,"o1_below_tiny",0.0833333333333333,0.166666666665667,0.99,0.195266282189349,"N3-C02-BELOW-P","P",0.50500000000099,0.16499999999901,0.16499999999901
"N3","PASS",7,"o1_below_tiny",0.0833333333333333,0.166666666665667,0.99,0.195266372187006,"N3-C02-BELOW-P","P",0.50500000000099,0.16499999999901,0.16499999999901
"N3","PASS",7,"o1_below_tiny",0.0833333333333333,0.166666666665667,0.99,0.195266372189349,"N3-C02-BELOW-P","P",0.50500000000099,0.16499999999901,0.16499999999901
"N3","PASS",7,"o1_below_tiny",0.0833333333333333,0.166666666665667,0.99,0.25,"N3-C02-BELOW-P","P",0.50500000000099,0.16499999999901,0.16499999999901
"N3","PASS",7,"o1_below_tiny",0.0833333333333333,0.166666666665667,0.99,0.5,"N3-C02-BELOW-P","P",0.50500000000099,0.16499999999901,0.16499999999901
"N3","PASS",7,"o1_below_tiny",0.0833333333333333,0.166666666665667,0.99,0.75,"N3-C02-BELOW-P","P",0.50500000000099,0.16499999999901,0.16499999999901
"N3","PASS",7,"o1_below_tiny",0.0833333333333333,0.166666666665667,0.99,0.95,"N3-C02-BELOW-P","P",0.50500000000099,0.16499999999901,0.16499999999901
"N3","PASS",7,"o1_below_tiny",0.0833333333333333,0.166666666665667,0.99,0.99999999,"N3-C02-BELOW-P","P",0.50500000000099,0.16499999999901,0.16499999999901
"N3","PASS",7,"o1_below_tiny",0.0833333333333333,0.166666666665667,0.99,0.999999999999,"N3-C02-BELOW-P","P",0.50500000000099,0.16499999999901,0.16499999999901
"N3","PASS",7,"o1_below_tiny",0.0833333333333333,0.166666666665667,0.99,0.99999999999999,"N3-C02-BELOW-P","P",0.50500000000099,0.16499999999901,0.16499999999901
"N3","PASS",7,"o1_below_tiny",0.0833333333333333,0.166666666665667,0.99,1,"N3-C02-BELOW-P","P",0.50500000000099,0.16499999999901,0.16499999999901
"N3","PASS",7,"o1_above_tiny",0.0833333333333333,0.166666666667667,0.5,0,"N3-C03-CROSS-S","S",0.791666666666667,0.0416666666666667,0.0833333333338333
"N3","PASS",7,"o1_above_tiny",0.0833333333333333,0.166666666667667,0.5,1e-14,"N3-C03-CROSS-S","S",0.79166666666666,0.0416666666666667,0.0833333333338333
"N3","PASS",7,"o1_above_tiny",0.0833333333333333,0.166666666667667,0.5,1e-12,"N3-C03-CROSS-S","S",0.791666666665958,0.0416666666666667,0.0833333333338333
"N3","PASS",7,"o1_above_tiny",0.0833333333333333,0.166666666667667,0.5,1e-08,"N3-C03-CROSS-S","S",0.791666659583333,0.0416666666666667,0.0833333333338333
"N3","PASS",7,"o1_above_tiny",0.0833333333333333,0.166666666667667,0.5,0.05,"N3-C03-CROSS-S","S",0.75625,0.0416666666666667,0.0833333333338333
"N3","PASS",7,"o1_above_tiny",0.0833333333333333,0.166666666667667,0.5,0.0588234294117647,"N3-C03-CROSS-S","S",0.750000070833333,0.0416666666666667,0.0833333333338333
"N3","PASS",7,"o1_above_tiny",0.0833333333333333,0.166666666667667,0.5,0.0588235194117647,"N3-C03-CROSS-S","S",0.750000007083333,0.0416666666666667,0.0833333333338333
"N3","PASS",7,"o1_above_tiny",0.0833333333333333,0.166666666667667,0.5,0.0588235294107647,"N3-C03-CROSS-S","S",0.750000000000708,0.0416666666666667,0.0833333333338333
"N3","PASS",7,"o1_above_tiny",0.0833333333333333,0.166666666667667,0.5,0.0588235294117547,"N3-C03-CROSS-S","S",0.750000000000007,0.0416666666666667,0.0833333333338333
"N3","PASS",7,"o1_above_tiny",0.0833333333333333,0.166666666667667,0.5,0.0588235294117647,"N3-C03-CROSS-S","S",0.75,0.0416666666666667,0.0833333333338333
"N3","PASS",7,"o1_above_tiny",0.0833333333333333,0.166666666667667,0.5,0.0588235294117747,"N3-C04-CROSS-E","E",0.75,0.0833333333333333,0.166666666667667
"N3","PASS",7,"o1_above_tiny",0.0833333333333333,0.166666666667667,0.5,0.0588235294127647,"N3-C04-CROSS-E","E",0.75,0.0833333333333333,0.166666666667667
"N3","PASS",7,"o1_above_tiny",0.0833333333333333,0.166666666667667,0.5,0.0588235394117647,"N3-C04-CROSS-E","E",0.75,0.0833333333333333,0.166666666667667
"N3","PASS",7,"o1_above_tiny",0.0833333333333333,0.166666666667667,0.5,0.0588236294117647,"N3-C04-CROSS-E","E",0.75,0.0833333333333333,0.166666666667667
"N3","PASS",7,"o1_above_tiny",0.0833333333333333,0.166666666667667,0.5,0.0909089909101818,"N3-C04-CROSS-E","E",0.75,0.0833333333333333,0.166666666667667
"N3","PASS",7,"o1_above_tiny",0.0833333333333333,0.166666666667667,0.5,0.0909090809101818,"N3-C04-CROSS-E","E",0.75,0.0833333333333333,0.166666666667667
"N3","PASS",7,"o1_above_tiny",0.0833333333333333,0.166666666667667,0.5,0.0909090909091818,"N3-C04-CROSS-E","E",0.75,0.0833333333333333,0.166666666667667
"N3","PASS",7,"o1_above_tiny",0.0833333333333333,0.166666666667667,0.5,0.0909090909101718,"N3-C04-CROSS-E","E",0.75,0.0833333333333333,0.166666666667667
"N3","PASS",7,"o1_above_tiny",0.0833333333333333,0.166666666667667,0.5,0.0909090909101818,"N3-C04-CROSS-E","E",0.75,0.0833333333333333,0.166666666667667
"N3","PASS",7,"o1_above_tiny",0.0833333333333333,0.166666666667667,0.5,0.0909090909101918,"N3-C04-CROSS-E","E",0.75,0.0833333333333333,0.166666666667667
"N3","PASS",7,"o1_above_tiny",0.0833333333333333,0.166666666667667,0.5,0.0909090909111818,"N3-C04-CROSS-E","E",0.75,0.0833333333333333,0.166666666667667
"N3","PASS",7,"o1_above_tiny",0.0833333333333333,0.166666666667667,0.5,0.0909091009101818,"N3-C04-CROSS-E","E",0.75,0.0833333333333333,0.166666666667667
"N3","PASS",7,"o1_above_tiny",0.0833333333333333,0.166666666667667,0.5,0.0909091909101818,"N3-C04-CROSS-E","E",0.75,0.0833333333333333,0.166666666667667
"N3","PASS",7,"o1_above_tiny",0.0833333333333333,0.166666666667667,0.5,0.25,"N3-C04-CROSS-E","E",0.75,0.0833333333333333,0.166666666667667
"N3","PASS",7,"o1_above_tiny",0.0833333333333333,0.166666666667667,0.5,0.5,"N3-C04-CROSS-E","E",0.75,0.0833333333333333,0.166666666667667
"N3","PASS",7,"o1_above_tiny",0.0833333333333333,0.166666666667667,0.5,0.75,"N3-C04-CROSS-E","E",0.75,0.0833333333333333,0.166666666667667
"N3","PASS",7,"o1_above_tiny",0.0833333333333333,0.166666666667667,0.5,0.95,"N3-C04-CROSS-E","E",0.75,0.0833333333333333,0.166666666667667
"N3","PASS",7,"o1_above_tiny",0.0833333333333333,0.166666666667667,0.5,0.99999999,"N3-C04-CROSS-E","E",0.75,0.0833333333333333,0.166666666667667
"N3","PASS",7,"o1_above_tiny",0.0833333333333333,0.166666666667667,0.5,0.999999999999,"N3-C04-CROSS-E","E",0.75,0.0833333333333333,0.166666666667667
"N3","PASS",7,"o1_above_tiny",0.0833333333333333,0.166666666667667,0.5,0.99999999999999,"N3-C04-CROSS-E","E",0.75,0.0833333333333333,0.166666666667667
"N3","PASS",7,"o1_above_tiny",0.0833333333333333,0.166666666667667,0.5,1,"N3-C04-CROSS-E","E",0.75,0.0833333333333333,0.166666666667667
"N3","PASS",7,"o1_above_tiny",0.0833333333333333,0.166666666667667,0.9,0,"N3-C03-CROSS-S","S",0.625,0.075,0.1500000000009
"N3","PASS",7,"o1_above_tiny",0.0833333333333333,0.166666666667667,0.9,1e-14,"N3-C03-CROSS-S","S",0.624999999999995,0.075,0.1500000000009
"N3","PASS",7,"o1_above_tiny",0.0833333333333333,0.166666666667667,0.9,1e-12,"N3-C03-CROSS-S","S",0.624999999999525,0.075,0.1500000000009
"N3","PASS",7,"o1_above_tiny",0.0833333333333333,0.166666666667667,0.9,1e-08,"N3-C03-CROSS-S","S",0.62499999525,0.075,0.1500000000009
"N3","PASS",7,"o1_above_tiny",0.0833333333333333,0.166666666667667,0.9,0.05,"N3-C03-CROSS-S","S",0.60125,0.075,0.1500000000009
"N3","PASS",7,"o1_above_tiny",0.0833333333333333,0.166666666667667,0.9,0.0909089909101818,"N3-C03-CROSS-S","S",0.581818229317664,0.075,0.1500000000009
"N3","PASS",7,"o1_above_tiny",0.0833333333333333,0.166666666667667,0.9,0.0909090809101818,"N3-C03-CROSS-S","S",0.581818186567664,0.075,0.1500000000009
"N3","PASS",7,"o1_above_tiny",0.0833333333333333,0.166666666667667,0.9,0.0909090909091818,"N3-C03-CROSS-S","S",0.581818181818139,0.075,0.1500000000009
"N3","PASS",7,"o1_above_tiny",0.0833333333333333,0.166666666667667,0.9,0.0909090909101718,"N3-C03-CROSS-S","S",0.581818181817668,0.075,0.1500000000009
"N3","PASS",7,"o1_above_tiny",0.0833333333333333,0.166666666667667,0.9,0.0909090909101818,"N3-C03-CROSS-S","S",0.581818181817664,0.075,0.1500000000009
"N3","PASS",7,"o1_above_tiny",0.0833333333333333,0.166666666667667,0.9,0.0909090909101918,"N3-C03-CROSS-S","S",0.581818181817659,0.075,0.1500000000009
"N3","PASS",7,"o1_above_tiny",0.0833333333333333,0.166666666667667,0.9,0.0909090909111818,"N3-C03-CROSS-S","S",0.581818181817189,0.075,0.1500000000009
"N3","PASS",7,"o1_above_tiny",0.0833333333333333,0.166666666667667,0.9,0.0909091009101818,"N3-C03-CROSS-S","S",0.581818177067664,0.075,0.1500000000009
"N3","PASS",7,"o1_above_tiny",0.0833333333333333,0.166666666667667,0.9,0.0909091909101818,"N3-C03-CROSS-S","S",0.581818134317664,0.075,0.1500000000009
"N3","PASS",7,"o1_above_tiny",0.0833333333333333,0.166666666667667,0.9,0.157894636842105,"N3-C03-CROSS-S","S",0.5500000475,0.075,0.1500000000009
"N3","PASS",7,"o1_above_tiny",0.0833333333333333,0.166666666667667,0.9,0.157894726842105,"N3-C03-CROSS-S","S",0.55000000475,0.075,0.1500000000009
"N3","PASS",7,"o1_above_tiny",0.0833333333333333,0.166666666667667,0.9,0.157894736841105,"N3-C03-CROSS-S","S",0.550000000000475,0.075,0.1500000000009
"N3","PASS",7,"o1_above_tiny",0.0833333333333333,0.166666666667667,0.9,0.157894736842095,"N3-C03-CROSS-S","S",0.550000000000005,0.075,0.1500000000009
"N3","PASS",7,"o1_above_tiny",0.0833333333333333,0.166666666667667,0.9,0.157894736842105,"N3-C03-CROSS-S","S",0.55,0.075,0.1500000000009
"N3","PASS",7,"o1_above_tiny",0.0833333333333333,0.166666666667667,0.9,0.157894736842115,"N3-C04-CROSS-E","E",0.55,0.0833333333333333,0.166666666667667
"N3","PASS",7,"o1_above_tiny",0.0833333333333333,0.166666666667667,0.9,0.157894736843105,"N3-C04-CROSS-E","E",0.55,0.0833333333333333,0.166666666667667
"N3","PASS",7,"o1_above_tiny",0.0833333333333333,0.166666666667667,0.9,0.157894746842105,"N3-C04-CROSS-E","E",0.55,0.0833333333333333,0.166666666667667
"N3","PASS",7,"o1_above_tiny",0.0833333333333333,0.166666666667667,0.9,0.157894836842105,"N3-C04-CROSS-E","E",0.55,0.0833333333333333,0.166666666667667
"N3","PASS",7,"o1_above_tiny",0.0833333333333333,0.166666666667667,0.9,0.25,"N3-C04-CROSS-E","E",0.55,0.0833333333333333,0.166666666667667
"N3","PASS",7,"o1_above_tiny",0.0833333333333333,0.166666666667667,0.9,0.5,"N3-C04-CROSS-E","E",0.55,0.0833333333333333,0.166666666667667
"N3","PASS",7,"o1_above_tiny",0.0833333333333333,0.166666666667667,0.9,0.75,"N3-C04-CROSS-E","E",0.55,0.0833333333333333,0.166666666667667
"N3","PASS",7,"o1_above_tiny",0.0833333333333333,0.166666666667667,0.9,0.95,"N3-C04-CROSS-E","E",0.55,0.0833333333333333,0.166666666667667
"N3","PASS",7,"o1_above_tiny",0.0833333333333333,0.166666666667667,0.9,0.99999999,"N3-C04-CROSS-E","E",0.55,0.0833333333333333,0.166666666667667
"N3","PASS",7,"o1_above_tiny",0.0833333333333333,0.166666666667667,0.9,0.999999999999,"N3-C04-CROSS-E","E",0.55,0.0833333333333333,0.166666666667667
"N3","PASS",7,"o1_above_tiny",0.0833333333333333,0.166666666667667,0.9,0.99999999999999,"N3-C04-CROSS-E","E",0.55,0.0833333333333333,0.166666666667667
"N3","PASS",7,"o1_above_tiny",0.0833333333333333,0.166666666667667,0.9,1,"N3-C04-CROSS-E","E",0.55,0.0833333333333333,0.166666666667667
"N3","PASS",7,"o1_above_tiny",0.0833333333333333,0.166666666667667,0.99,0,"N3-C03-CROSS-S","S",0.5875,0.0825,0.16500000000099
"N3","PASS",7,"o1_above_tiny",0.0833333333333333,0.166666666667667,0.99,1e-14,"N3-C03-CROSS-S","S",0.587499999999996,0.0825,0.16500000000099
"N3","PASS",7,"o1_above_tiny",0.0833333333333333,0.166666666667667,0.99,1e-12,"N3-C03-CROSS-S","S",0.587499999999577,0.0825,0.16500000000099
"N3","PASS",7,"o1_above_tiny",0.0833333333333333,0.166666666667667,0.99,1e-08,"N3-C03-CROSS-S","S",0.587499995775,0.0825,0.16500000000099
"N3","PASS",7,"o1_above_tiny",0.0833333333333333,0.166666666667667,0.99,0.05,"N3-C03-CROSS-S","S",0.566375,0.0825,0.16500000000099
"N3","PASS",7,"o1_above_tiny",0.0833333333333333,0.166666666667667,0.99,0.0909089909101818,"N3-C03-CROSS-S","S",0.549090951340448,0.0825,0.16500000000099
"N3","PASS",7,"o1_above_tiny",0.0833333333333333,0.166666666667667,0.99,0.0909090809101818,"N3-C03-CROSS-S","S",0.549090913315448,0.0825,0.16500000000099
"N3","PASS",7,"o1_above_tiny",0.0833333333333333,0.166666666667667,0.99,0.0909090909091818,"N3-C03-CROSS-S","S",0.549090909090871,0.0825,0.16500000000099
"N3","PASS",7,"o1_above_tiny",0.0833333333333333,0.166666666667667,0.99,0.0909090909101718,"N3-C03-CROSS-S","S",0.549090909090452,0.0825,0.16500000000099
"N3","PASS",7,"o1_above_tiny",0.0833333333333333,0.166666666667667,0.99,0.0909090909101818,"N3-C03-CROSS-S","S",0.549090909090448,0.0825,0.16500000000099
"N3","PASS",7,"o1_above_tiny",0.0833333333333333,0.166666666667667,0.99,0.0909090909101918,"N3-C03-CROSS-S","S",0.549090909090444,0.0825,0.16500000000099
"N3","PASS",7,"o1_above_tiny",0.0833333333333333,0.166666666667667,0.99,0.0909090909111818,"N3-C03-CROSS-S","S",0.549090909090026,0.0825,0.16500000000099
"N3","PASS",7,"o1_above_tiny",0.0833333333333333,0.166666666667667,0.99,0.0909091009101818,"N3-C03-CROSS-S","S",0.549090904865448,0.0825,0.16500000000099
"N3","PASS",7,"o1_above_tiny",0.0833333333333333,0.166666666667667,0.99,0.0909091909101818,"N3-C03-CROSS-S","S",0.549090866840448,0.0825,0.16500000000099
"N3","PASS",7,"o1_above_tiny",0.0833333333333333,0.166666666667667,0.99,0.195266172189349,"N3-C03-CROSS-S","S",0.50500004225,0.0825,0.16500000000099
"N3","PASS",7,"o1_above_tiny",0.0833333333333333,0.166666666667667,0.99,0.195266262189349,"N3-C03-CROSS-S","S",0.505000004225,0.0825,0.16500000000099
"N3","PASS",7,"o1_above_tiny",0.0833333333333333,0.166666666667667,0.99,0.195266272188349,"N3-C03-CROSS-S","S",0.505000000000422,0.0825,0.16500000000099
"N3","PASS",7,"o1_above_tiny",0.0833333333333333,0.166666666667667,0.99,0.195266272189339,"N3-C03-CROSS-S","S",0.505000000000004,0.0825,0.16500000000099
"N3","PASS",7,"o1_above_tiny",0.0833333333333333,0.166666666667667,0.99,0.195266272189349,"N3-C03-CROSS-S","S",0.505,0.0825,0.16500000000099
"N3","PASS",7,"o1_above_tiny",0.0833333333333333,0.166666666667667,0.99,0.195266272189359,"N3-C04-CROSS-E","E",0.505,0.0833333333333333,0.166666666667667
"N3","PASS",7,"o1_above_tiny",0.0833333333333333,0.166666666667667,0.99,0.195266272190349,"N3-C04-CROSS-E","E",0.505,0.0833333333333333,0.166666666667667
"N3","PASS",7,"o1_above_tiny",0.0833333333333333,0.166666666667667,0.99,0.195266282189349,"N3-C04-CROSS-E","E",0.505,0.0833333333333333,0.166666666667667
"N3","PASS",7,"o1_above_tiny",0.0833333333333333,0.166666666667667,0.99,0.195266372189349,"N3-C04-CROSS-E","E",0.505,0.0833333333333333,0.166666666667667
"N3","PASS",7,"o1_above_tiny",0.0833333333333333,0.166666666667667,0.99,0.25,"N3-C04-CROSS-E","E",0.505,0.0833333333333333,0.166666666667667
"N3","PASS",7,"o1_above_tiny",0.0833333333333333,0.166666666667667,0.99,0.5,"N3-C04-CROSS-E","E",0.505,0.0833333333333333,0.166666666667667
"N3","PASS",7,"o1_above_tiny",0.0833333333333333,0.166666666667667,0.99,0.75,"N3-C04-CROSS-E","E",0.505,0.0833333333333333,0.166666666667667
"N3","PASS",7,"o1_above_tiny",0.0833333333333333,0.166666666667667,0.99,0.95,"N3-C04-CROSS-E","E",0.505,0.0833333333333333,0.166666666667667
"N3","PASS",7,"o1_above_tiny",0.0833333333333333,0.166666666667667,0.99,0.99999999,"N3-C04-CROSS-E","E",0.505,0.0833333333333333,0.166666666667667
"N3","PASS",7,"o1_above_tiny",0.0833333333333333,0.166666666667667,0.99,0.999999999999,"N3-C04-CROSS-E","E",0.505,0.0833333333333333,0.166666666667667
"N3","PASS",7,"o1_above_tiny",0.0833333333333333,0.166666666667667,0.99,0.99999999999999,"N3-C04-CROSS-E","E",0.505,0.0833333333333333,0.166666666667667
"N3","PASS",7,"o1_above_tiny",0.0833333333333333,0.166666666667667,0.99,1,"N3-C04-CROSS-E","E",0.505,0.0833333333333333,0.166666666667667
"N3","PASS",7,"o0_below_tiny",0.166666666665667,0.375,0.5,0,"N3-C03-CROSS-S","S",0.7500000000005,0.0833333333328333,0.1875
"N3","PASS",7,"o0_below_tiny",0.166666666665667,0.375,0.5,1e-14,"N3-C03-CROSS-S","S",0.750000000000493,0.0833333333328333,0.1875
"N3","PASS",7,"o0_below_tiny",0.166666666665667,0.375,0.5,7.40004225391058e-13,"N3-C03-CROSS-S","S",0.750000000000007,0.0833333333328333,0.1875
"N3","PASS",7,"o0_below_tiny",0.166666666665667,0.375,0.5,7.50004225391058e-13,"N3-C03-CROSS-S","S",0.75,0.0833333333328333,0.1875
"N3","PASS",7,"o0_below_tiny",0.166666666665667,0.375,0.5,7.60004225391058e-13,"N3-C04-CROSS-E","E",0.75,0.166666666665667,0.375
"N3","PASS",7,"o0_below_tiny",0.166666666665667,0.375,0.5,1e-12,"N3-C04-CROSS-E","E",0.75,0.166666666665667,0.375
"N3","PASS",7,"o0_below_tiny",0.166666666665667,0.375,0.5,1.75000422539106e-12,"N3-C04-CROSS-E","E",0.75,0.166666666665667,0.375
"N3","PASS",7,"o0_below_tiny",0.166666666665667,0.375,0.5,1e-08,"N3-C04-CROSS-E","E",0.75,0.166666666665667,0.375
"N3","PASS",7,"o0_below_tiny",0.166666666665667,0.375,0.5,1.00007500042254e-08,"N3-C04-CROSS-E","E",0.75,0.166666666665667,0.375
"N3","PASS",7,"o0_below_tiny",0.166666666665667,0.375,0.5,1.00000750004225e-07,"N3-C04-CROSS-E","E",0.75,0.166666666665667,0.375
"N3","PASS",7,"o0_below_tiny",0.166666666665667,0.375,0.5,0.05,"N3-C04-CROSS-E","E",0.75,0.166666666665667,0.375
"N3","PASS",7,"o0_below_tiny",0.166666666665667,0.375,0.5,0.2499999000009,"N3-C04-CROSS-E","E",0.75,0.166666666665667,0.375
"N3","PASS",7,"o0_below_tiny",0.166666666665667,0.375,0.5,0.2499999900009,"N3-C04-CROSS-E","E",0.75,0.166666666665667,0.375
"N3","PASS",7,"o0_below_tiny",0.166666666665667,0.375,0.5,0.2499999999999,"N3-C04-CROSS-E","E",0.75,0.166666666665667,0.375
"N3","PASS",7,"o0_below_tiny",0.166666666665667,0.375,0.5,0.25,"N3-C04-CROSS-E","E",0.75,0.166666666665667,0.375
"N3","PASS",7,"o0_below_tiny",0.166666666665667,0.375,0.5,0.25000000000089,"N3-C04-CROSS-E","E",0.75,0.166666666665667,0.375
"N3","PASS",7,"o0_below_tiny",0.166666666665667,0.375,0.5,0.2500000000009,"N3-C04-CROSS-E","E",0.75,0.166666666665667,0.375
"N3","PASS",7,"o0_below_tiny",0.166666666665667,0.375,0.5,0.25000000000091,"N3-C04-CROSS-E","E",0.75,0.166666666665667,0.375
"N3","PASS",7,"o0_below_tiny",0.166666666665667,0.375,0.5,0.2500000000019,"N3-C04-CROSS-E","E",0.75,0.166666666665667,0.375
"N3","PASS",7,"o0_below_tiny",0.166666666665667,0.375,0.5,0.2500000100009,"N3-C04-CROSS-E","E",0.75,0.166666666665667,0.375
"N3","PASS",7,"o0_below_tiny",0.166666666665667,0.375,0.5,0.2500001000009,"N3-C04-CROSS-E","E",0.75,0.166666666665667,0.375
"N3","PASS",7,"o0_below_tiny",0.166666666665667,0.375,0.5,0.5,"N3-C04-CROSS-E","E",0.75,0.166666666665667,0.375
"N3","PASS",7,"o0_below_tiny",0.166666666665667,0.375,0.5,0.75,"N3-C04-CROSS-E","E",0.75,0.166666666665667,0.375
"N3","PASS",7,"o0_below_tiny",0.166666666665667,0.375,0.5,0.95,"N3-C04-CROSS-E","E",0.75,0.166666666665667,0.375
"N3","PASS",7,"o0_below_tiny",0.166666666665667,0.375,0.5,0.99999999,"N3-C04-CROSS-E","E",0.75,0.166666666665667,0.375
"N3","PASS",7,"o0_below_tiny",0.166666666665667,0.375,0.5,0.999999999999,"N3-C04-CROSS-E","E",0.75,0.166666666665667,0.375
"N3","PASS",7,"o0_below_tiny",0.166666666665667,0.375,0.5,0.99999999999999,"N3-C04-CROSS-E","E",0.75,0.166666666665667,0.375
"N3","PASS",7,"o0_below_tiny",0.166666666665667,0.375,0.5,1,"N3-C04-CROSS-E","E",0.75,0.166666666665667,0.375
"N3","PASS",7,"o0_below_tiny",0.166666666665667,0.375,0.9,0,"N3-C03-CROSS-S","S",0.5500000000009,0.1499999999991,0.3375
"N3","PASS",7,"o0_below_tiny",0.166666666665667,0.375,0.9,1e-14,"N3-C03-CROSS-S","S",0.550000000000896,0.1499999999991,0.3375
"N3","PASS",7,"o0_below_tiny",0.166666666665667,0.375,0.9,1e-12,"N3-C03-CROSS-S","S",0.5500000000005,0.1499999999991,0.3375
"N3","PASS",7,"o0_below_tiny",0.166666666665667,0.375,0.9,1.2500126761698e-12,"N3-C03-CROSS-S","S",0.5500000000004,0.1499999999991,0.3375
"N3","PASS",7,"o0_below_tiny",0.166666666665667,0.375,0.9,2.2400126761698e-12,"N3-C03-CROSS-S","S",0.550000000000004,0.1499999999991,0.3375
"N3","PASS",7,"o0_below_tiny",0.166666666665667,0.375,0.9,2.2500126761698e-12,"N3-C03-CROSS-S","S",0.55,0.1499999999991,0.3375
"N3","PASS",7,"o0_below_tiny",0.166666666665667,0.375,0.9,2.2600126761698e-12,"N3-C04-CROSS-E","E",0.55,0.166666666665667,0.375
"N3","PASS",7,"o0_below_tiny",0.166666666665667,0.375,0.9,3.2500126761698e-12,"N3-C04-CROSS-E","E",0.55,0.166666666665667,0.375
"N3","PASS",7,"o0_below_tiny",0.166666666665667,0.375,0.9,1e-08,"N3-C04-CROSS-E","E",0.55,0.166666666665667,0.375
"N3","PASS",7,"o0_below_tiny",0.166666666665667,0.375,0.9,1.00022500126762e-08,"N3-C04-CROSS-E","E",0.55,0.166666666665667,0.375
"N3","PASS",7,"o0_below_tiny",0.166666666665667,0.375,0.9,1.00002250012676e-07,"N3-C04-CROSS-E","E",0.55,0.166666666665667,0.375
"N3","PASS",7,"o0_below_tiny",0.166666666665667,0.375,0.9,0.05,"N3-C04-CROSS-E","E",0.55,0.166666666665667,0.375
"N3","PASS",7,"o0_below_tiny",0.166666666665667,0.375,0.9,0.2499999000009,"N3-C04-CROSS-E","E",0.55,0.166666666665667,0.375
"N3","PASS",7,"o0_below_tiny",0.166666666665667,0.375,0.9,0.2499999900009,"N3-C04-CROSS-E","E",0.55,0.166666666665667,0.375
"N3","PASS",7,"o0_below_tiny",0.166666666665667,0.375,0.9,0.2499999999999,"N3-C04-CROSS-E","E",0.55,0.166666666665667,0.375
"N3","PASS",7,"o0_below_tiny",0.166666666665667,0.375,0.9,0.25,"N3-C04-CROSS-E","E",0.55,0.166666666665667,0.375
"N3","PASS",7,"o0_below_tiny",0.166666666665667,0.375,0.9,0.25000000000089,"N3-C04-CROSS-E","E",0.55,0.166666666665667,0.375
"N3","PASS",7,"o0_below_tiny",0.166666666665667,0.375,0.9,0.2500000000009,"N3-C04-CROSS-E","E",0.55,0.166666666665667,0.375
"N3","PASS",7,"o0_below_tiny",0.166666666665667,0.375,0.9,0.25000000000091,"N3-C04-CROSS-E","E",0.55,0.166666666665667,0.375
"N3","PASS",7,"o0_below_tiny",0.166666666665667,0.375,0.9,0.2500000000019,"N3-C04-CROSS-E","E",0.55,0.166666666665667,0.375
"N3","PASS",7,"o0_below_tiny",0.166666666665667,0.375,0.9,0.2500000100009,"N3-C04-CROSS-E","E",0.55,0.166666666665667,0.375
"N3","PASS",7,"o0_below_tiny",0.166666666665667,0.375,0.9,0.2500001000009,"N3-C04-CROSS-E","E",0.55,0.166666666665667,0.375
"N3","PASS",7,"o0_below_tiny",0.166666666665667,0.375,0.9,0.5,"N3-C04-CROSS-E","E",0.55,0.166666666665667,0.375
"N3","PASS",7,"o0_below_tiny",0.166666666665667,0.375,0.9,0.75,"N3-C04-CROSS-E","E",0.55,0.166666666665667,0.375
"N3","PASS",7,"o0_below_tiny",0.166666666665667,0.375,0.9,0.95,"N3-C04-CROSS-E","E",0.55,0.166666666665667,0.375
"N3","PASS",7,"o0_below_tiny",0.166666666665667,0.375,0.9,0.99999999,"N3-C04-CROSS-E","E",0.55,0.166666666665667,0.375
"N3","PASS",7,"o0_below_tiny",0.166666666665667,0.375,0.9,0.999999999999,"N3-C04-CROSS-E","E",0.55,0.166666666665667,0.375
"N3","PASS",7,"o0_below_tiny",0.166666666665667,0.375,0.9,0.99999999999999,"N3-C04-CROSS-E","E",0.55,0.166666666665667,0.375
"N3","PASS",7,"o0_below_tiny",0.166666666665667,0.375,0.9,1,"N3-C04-CROSS-E","E",0.55,0.166666666665667,0.375
"N3","PASS",7,"o0_below_tiny",0.166666666665667,0.375,0.99,0,"N3-C03-CROSS-S","S",0.50500000000099,0.16499999999901,0.37125
"N3","PASS",7,"o0_below_tiny",0.166666666665667,0.375,0.99,1e-14,"N3-C03-CROSS-S","S",0.505000000000987,0.16499999999901,0.37125
"N3","PASS",7,"o0_below_tiny",0.166666666665667,0.375,0.99,1e-12,"N3-C03-CROSS-S","S",0.50500000000065,0.16499999999901,0.37125
"N3","PASS",7,"o0_below_tiny",0.166666666665667,0.375,0.99,1.91178111033546e-12,"N3-C03-CROSS-S","S",0.50500000000034,0.16499999999901,0.37125
"N3","PASS",7,"o0_below_tiny",0.166666666665667,0.375,0.99,2.90178111033546e-12,"N3-C03-CROSS-S","S",0.505000000000003,0.16499999999901,0.37125
"N3","PASS",7,"o0_below_tiny",0.166666666665667,0.375,0.99,2.91178111033546e-12,"N3-C03-CROSS-S","S",0.505,0.16499999999901,0.37125
"N3","PASS",7,"o0_below_tiny",0.166666666665667,0.375,0.99,2.92178111033546e-12,"N3-C04-CROSS-E","E",0.505,0.166666666665667,0.375
"N3","PASS",7,"o0_below_tiny",0.166666666665667,0.375,0.99,3.91178111033546e-12,"N3-C04-CROSS-E","E",0.505,0.166666666665667,0.375
"N3","PASS",7,"o0_below_tiny",0.166666666665667,0.375,0.99,1e-08,"N3-C04-CROSS-E","E",0.505,0.166666666665667,0.375
"N3","PASS",7,"o0_below_tiny",0.166666666665667,0.375,0.99,1.00029117811103e-08,"N3-C04-CROSS-E","E",0.505,0.166666666665667,0.375
"N3","PASS",7,"o0_below_tiny",0.166666666665667,0.375,0.99,1.0000291178111e-07,"N3-C04-CROSS-E","E",0.505,0.166666666665667,0.375
"N3","PASS",7,"o0_below_tiny",0.166666666665667,0.375,0.99,0.05,"N3-C04-CROSS-E","E",0.505,0.166666666665667,0.375
"N3","PASS",7,"o0_below_tiny",0.166666666665667,0.375,0.99,0.2499999000009,"N3-C04-CROSS-E","E",0.505,0.166666666665667,0.375
"N3","PASS",7,"o0_below_tiny",0.166666666665667,0.375,0.99,0.2499999900009,"N3-C04-CROSS-E","E",0.505,0.166666666665667,0.375
"N3","PASS",7,"o0_below_tiny",0.166666666665667,0.375,0.99,0.2499999999999,"N3-C04-CROSS-E","E",0.505,0.166666666665667,0.375
"N3","PASS",7,"o0_below_tiny",0.166666666665667,0.375,0.99,0.25,"N3-C04-CROSS-E","E",0.505,0.166666666665667,0.375
"N3","PASS",7,"o0_below_tiny",0.166666666665667,0.375,0.99,0.25000000000089,"N3-C04-CROSS-E","E",0.505,0.166666666665667,0.375
"N3","PASS",7,"o0_below_tiny",0.166666666665667,0.375,0.99,0.2500000000009,"N3-C04-CROSS-E","E",0.505,0.166666666665667,0.375
"N3","PASS",7,"o0_below_tiny",0.166666666665667,0.375,0.99,0.25000000000091,"N3-C04-CROSS-E","E",0.505,0.166666666665667,0.375
"N3","PASS",7,"o0_below_tiny",0.166666666665667,0.375,0.99,0.2500000000019,"N3-C04-CROSS-E","E",0.505,0.166666666665667,0.375
"N3","PASS",7,"o0_below_tiny",0.166666666665667,0.375,0.99,0.2500000100009,"N3-C04-CROSS-E","E",0.505,0.166666666665667,0.375
"N3","PASS",7,"o0_below_tiny",0.166666666665667,0.375,0.99,0.2500001000009,"N3-C04-CROSS-E","E",0.505,0.166666666665667,0.375
"N3","PASS",7,"o0_below_tiny",0.166666666665667,0.375,0.99,0.5,"N3-C04-CROSS-E","E",0.505,0.166666666665667,0.375
"N3","PASS",7,"o0_below_tiny",0.166666666665667,0.375,0.99,0.75,"N3-C04-CROSS-E","E",0.505,0.166666666665667,0.375
"N3","PASS",7,"o0_below_tiny",0.166666666665667,0.375,0.99,0.95,"N3-C04-CROSS-E","E",0.505,0.166666666665667,0.375
"N3","PASS",7,"o0_below_tiny",0.166666666665667,0.375,0.99,0.99999999,"N3-C04-CROSS-E","E",0.505,0.166666666665667,0.375
"N3","PASS",7,"o0_below_tiny",0.166666666665667,0.375,0.99,0.999999999999,"N3-C04-CROSS-E","E",0.505,0.166666666665667,0.375
"N3","PASS",7,"o0_below_tiny",0.166666666665667,0.375,0.99,0.99999999999999,"N3-C04-CROSS-E","E",0.505,0.166666666665667,0.375
"N3","PASS",7,"o0_below_tiny",0.166666666665667,0.375,0.99,1,"N3-C04-CROSS-E","E",0.505,0.166666666665667,0.375
"N3","PASS",7,"o0_above_tiny",0.166666666667667,0.375,0.5,0,"N3-C05-ABOVE-E","E",0.75,0.166666666667667,0.375
"N3","PASS",7,"o0_above_tiny",0.166666666667667,0.375,0.5,1e-14,"N3-C05-ABOVE-E","E",0.75,0.166666666667667,0.375
"N3","PASS",7,"o0_above_tiny",0.166666666667667,0.375,0.5,1e-12,"N3-C05-ABOVE-E","E",0.75,0.166666666667667,0.375
"N3","PASS",7,"o0_above_tiny",0.166666666667667,0.375,0.5,1e-08,"N3-C05-ABOVE-E","E",0.75,0.166666666667667,0.375
"N3","PASS",7,"o0_above_tiny",0.166666666667667,0.375,0.5,0.05,"N3-C05-ABOVE-E","E",0.75,0.166666666667667,0.375
"N3","PASS",7,"o0_above_tiny",0.166666666667667,0.375,0.5,0.2499998999991,"N3-C05-ABOVE-E","E",0.75,0.166666666667667,0.375
"N3","PASS",7,"o0_above_tiny",0.166666666667667,0.375,0.5,0.2499999899991,"N3-C05-ABOVE-E","E",0.75,0.166666666667667,0.375
"N3","PASS",7,"o0_above_tiny",0.166666666667667,0.375,0.5,0.2499999999981,"N3-C05-ABOVE-E","E",0.75,0.166666666667667,0.375
"N3","PASS",7,"o0_above_tiny",0.166666666667667,0.375,0.5,0.24999999999909,"N3-C05-ABOVE-E","E",0.75,0.166666666667667,0.375
"N3","PASS",7,"o0_above_tiny",0.166666666667667,0.375,0.5,0.2499999999991,"N3-C05-ABOVE-E","E",0.75,0.166666666667667,0.375
"N3","PASS",7,"o0_above_tiny",0.166666666667667,0.375,0.5,0.24999999999911,"N3-C05-ABOVE-E","E",0.75,0.166666666667667,0.375
"N3","PASS",7,"o0_above_tiny",0.166666666667667,0.375,0.5,0.25,"N3-C05-ABOVE-E","E",0.75,0.166666666667667,0.375
"N3","PASS",7,"o0_above_tiny",0.166666666667667,0.375,0.5,0.2500000000001,"N3-C05-ABOVE-E","E",0.75,0.166666666667667,0.375
"N3","PASS",7,"o0_above_tiny",0.166666666667667,0.375,0.5,0.2500000099991,"N3-C05-ABOVE-E","E",0.75,0.166666666667667,0.375
"N3","PASS",7,"o0_above_tiny",0.166666666667667,0.375,0.5,0.2500000999991,"N3-C05-ABOVE-E","E",0.75,0.166666666667667,0.375
"N3","PASS",7,"o0_above_tiny",0.166666666667667,0.375,0.5,0.5,"N3-C05-ABOVE-E","E",0.75,0.166666666667667,0.375
"N3","PASS",7,"o0_above_tiny",0.166666666667667,0.375,0.5,0.75,"N3-C05-ABOVE-E","E",0.75,0.166666666667667,0.375
"N3","PASS",7,"o0_above_tiny",0.166666666667667,0.375,0.5,0.95,"N3-C05-ABOVE-E","E",0.75,0.166666666667667,0.375
"N3","PASS",7,"o0_above_tiny",0.166666666667667,0.375,0.5,0.99999999,"N3-C05-ABOVE-E","E",0.75,0.166666666667667,0.375
"N3","PASS",7,"o0_above_tiny",0.166666666667667,0.375,0.5,0.999999999999,"N3-C05-ABOVE-E","E",0.75,0.166666666667667,0.375
"N3","PASS",7,"o0_above_tiny",0.166666666667667,0.375,0.5,0.99999999999999,"N3-C05-ABOVE-E","E",0.75,0.166666666667667,0.375
"N3","PASS",7,"o0_above_tiny",0.166666666667667,0.375,0.5,1,"N3-C05-ABOVE-E","E",0.75,0.166666666667667,0.375
"N3","PASS",7,"o0_above_tiny",0.166666666667667,0.375,0.9,0,"N3-C05-ABOVE-E","E",0.55,0.166666666667667,0.375
"N3","PASS",7,"o0_above_tiny",0.166666666667667,0.375,0.9,1e-14,"N3-C05-ABOVE-E","E",0.55,0.166666666667667,0.375
"N3","PASS",7,"o0_above_tiny",0.166666666667667,0.375,0.9,1e-12,"N3-C05-ABOVE-E","E",0.55,0.166666666667667,0.375
"N3","PASS",7,"o0_above_tiny",0.166666666667667,0.375,0.9,1e-08,"N3-C05-ABOVE-E","E",0.55,0.166666666667667,0.375
"N3","PASS",7,"o0_above_tiny",0.166666666667667,0.375,0.9,0.05,"N3-C05-ABOVE-E","E",0.55,0.166666666667667,0.375
"N3","PASS",7,"o0_above_tiny",0.166666666667667,0.375,0.9,0.2499998999991,"N3-C05-ABOVE-E","E",0.55,0.166666666667667,0.375
"N3","PASS",7,"o0_above_tiny",0.166666666667667,0.375,0.9,0.2499999899991,"N3-C05-ABOVE-E","E",0.55,0.166666666667667,0.375
"N3","PASS",7,"o0_above_tiny",0.166666666667667,0.375,0.9,0.2499999999981,"N3-C05-ABOVE-E","E",0.55,0.166666666667667,0.375
"N3","PASS",7,"o0_above_tiny",0.166666666667667,0.375,0.9,0.24999999999909,"N3-C05-ABOVE-E","E",0.55,0.166666666667667,0.375
"N3","PASS",7,"o0_above_tiny",0.166666666667667,0.375,0.9,0.2499999999991,"N3-C05-ABOVE-E","E",0.55,0.166666666667667,0.375
"N3","PASS",7,"o0_above_tiny",0.166666666667667,0.375,0.9,0.24999999999911,"N3-C05-ABOVE-E","E",0.55,0.166666666667667,0.375
"N3","PASS",7,"o0_above_tiny",0.166666666667667,0.375,0.9,0.25,"N3-C05-ABOVE-E","E",0.55,0.166666666667667,0.375
"N3","PASS",7,"o0_above_tiny",0.166666666667667,0.375,0.9,0.2500000000001,"N3-C05-ABOVE-E","E",0.55,0.166666666667667,0.375
"N3","PASS",7,"o0_above_tiny",0.166666666667667,0.375,0.9,0.2500000099991,"N3-C05-ABOVE-E","E",0.55,0.166666666667667,0.375
"N3","PASS",7,"o0_above_tiny",0.166666666667667,0.375,0.9,0.2500000999991,"N3-C05-ABOVE-E","E",0.55,0.166666666667667,0.375
"N3","PASS",7,"o0_above_tiny",0.166666666667667,0.375,0.9,0.5,"N3-C05-ABOVE-E","E",0.55,0.166666666667667,0.375
"N3","PASS",7,"o0_above_tiny",0.166666666667667,0.375,0.9,0.75,"N3-C05-ABOVE-E","E",0.55,0.166666666667667,0.375
"N3","PASS",7,"o0_above_tiny",0.166666666667667,0.375,0.9,0.95,"N3-C05-ABOVE-E","E",0.55,0.166666666667667,0.375
"N3","PASS",7,"o0_above_tiny",0.166666666667667,0.375,0.9,0.99999999,"N3-C05-ABOVE-E","E",0.55,0.166666666667667,0.375
"N3","PASS",7,"o0_above_tiny",0.166666666667667,0.375,0.9,0.999999999999,"N3-C05-ABOVE-E","E",0.55,0.166666666667667,0.375
"N3","PASS",7,"o0_above_tiny",0.166666666667667,0.375,0.9,0.99999999999999,"N3-C05-ABOVE-E","E",0.55,0.166666666667667,0.375
"N3","PASS",7,"o0_above_tiny",0.166666666667667,0.375,0.9,1,"N3-C05-ABOVE-E","E",0.55,0.166666666667667,0.375
"N3","PASS",7,"o0_above_tiny",0.166666666667667,0.375,0.99,0,"N3-C05-ABOVE-E","E",0.505,0.166666666667667,0.375
"N3","PASS",7,"o0_above_tiny",0.166666666667667,0.375,0.99,1e-14,"N3-C05-ABOVE-E","E",0.505,0.166666666667667,0.375
"N3","PASS",7,"o0_above_tiny",0.166666666667667,0.375,0.99,1e-12,"N3-C05-ABOVE-E","E",0.505,0.166666666667667,0.375
"N3","PASS",7,"o0_above_tiny",0.166666666667667,0.375,0.99,1e-08,"N3-C05-ABOVE-E","E",0.505,0.166666666667667,0.375
"N3","PASS",7,"o0_above_tiny",0.166666666667667,0.375,0.99,0.05,"N3-C05-ABOVE-E","E",0.505,0.166666666667667,0.375
"N3","PASS",7,"o0_above_tiny",0.166666666667667,0.375,0.99,0.2499998999991,"N3-C05-ABOVE-E","E",0.505,0.166666666667667,0.375
"N3","PASS",7,"o0_above_tiny",0.166666666667667,0.375,0.99,0.2499999899991,"N3-C05-ABOVE-E","E",0.505,0.166666666667667,0.375
"N3","PASS",7,"o0_above_tiny",0.166666666667667,0.375,0.99,0.2499999999981,"N3-C05-ABOVE-E","E",0.505,0.166666666667667,0.375
"N3","PASS",7,"o0_above_tiny",0.166666666667667,0.375,0.99,0.24999999999909,"N3-C05-ABOVE-E","E",0.505,0.166666666667667,0.375
"N3","PASS",7,"o0_above_tiny",0.166666666667667,0.375,0.99,0.2499999999991,"N3-C05-ABOVE-E","E",0.505,0.166666666667667,0.375
"N3","PASS",7,"o0_above_tiny",0.166666666667667,0.375,0.99,0.24999999999911,"N3-C05-ABOVE-E","E",0.505,0.166666666667667,0.375
"N3","PASS",7,"o0_above_tiny",0.166666666667667,0.375,0.99,0.25,"N3-C05-ABOVE-E","E",0.505,0.166666666667667,0.375
"N3","PASS",7,"o0_above_tiny",0.166666666667667,0.375,0.99,0.2500000000001,"N3-C05-ABOVE-E","E",0.505,0.166666666667667,0.375
"N3","PASS",7,"o0_above_tiny",0.166666666667667,0.375,0.99,0.2500000099991,"N3-C05-ABOVE-E","E",0.505,0.166666666667667,0.375
"N3","PASS",7,"o0_above_tiny",0.166666666667667,0.375,0.99,0.2500000999991,"N3-C05-ABOVE-E","E",0.505,0.166666666667667,0.375
"N3","PASS",7,"o0_above_tiny",0.166666666667667,0.375,0.99,0.5,"N3-C05-ABOVE-E","E",0.505,0.166666666667667,0.375
"N3","PASS",7,"o0_above_tiny",0.166666666667667,0.375,0.99,0.75,"N3-C05-ABOVE-E","E",0.505,0.166666666667667,0.375
"N3","PASS",7,"o0_above_tiny",0.166666666667667,0.375,0.99,0.95,"N3-C05-ABOVE-E","E",0.505,0.166666666667667,0.375
"N3","PASS",7,"o0_above_tiny",0.166666666667667,0.375,0.99,0.99999999,"N3-C05-ABOVE-E","E",0.505,0.166666666667667,0.375
"N3","PASS",7,"o0_above_tiny",0.166666666667667,0.375,0.99,0.999999999999,"N3-C05-ABOVE-E","E",0.505,0.166666666667667,0.375
"N3","PASS",7,"o0_above_tiny",0.166666666667667,0.375,0.99,0.99999999999999,"N3-C05-ABOVE-E","E",0.505,0.166666666667667,0.375
"N3","PASS",7,"o0_above_tiny",0.166666666667667,0.375,0.99,1,"N3-C05-ABOVE-E","E",0.505,0.166666666667667,0.375
"N4","PASS",5,"below",0.0625,0.125,0.5,0,"N4-NU-ZERO","L",0.6171875,0.03125,0.0625
"N4","PASS",5,"below",0.0625,0.125,0.5,1e-14,"N4-NO-PURE-PBE","NONE",NA,NA,NA
"N4","PASS",5,"below",0.0625,0.125,0.5,1e-12,"N4-NO-PURE-PBE","NONE",NA,NA,NA
"N4","PASS",5,"below",0.0625,0.125,0.5,1e-08,"N4-NO-PURE-PBE","NONE",NA,NA,NA
"N4","PASS",5,"below",0.0625,0.125,0.5,0.0434781608695652,"N4-NO-PURE-PBE","NONE",NA,NA,NA
"N4","PASS",5,"below",0.0625,0.125,0.5,0.0434782508695652,"N4-NO-PURE-PBE","NONE",NA,NA,NA
"N4","PASS",5,"below",0.0625,0.125,0.5,0.0434782608685652,"N4-NO-PURE-PBE","NONE",NA,NA,NA
"N4","PASS",5,"below",0.0625,0.125,0.5,0.0434782608695552,"N4-NO-PURE-PBE","NONE",NA,NA,NA
"N4","PASS",5,"below",0.0625,0.125,0.5,0.0434782608695652,"N4-NO-PURE-PBE","NONE",NA,NA,NA
"N4","PASS",5,"below",0.0625,0.125,0.5,0.0434782608695752,"N4-NO-PURE-PBE","NONE",NA,NA,NA
"N4","PASS",5,"below",0.0625,0.125,0.5,0.0434782608705652,"N4-NO-PURE-PBE","NONE",NA,NA,NA
"N4","PASS",5,"below",0.0625,0.125,0.5,0.0434782708695652,"N4-NO-PURE-PBE","NONE",NA,NA,NA
"N4","PASS",5,"below",0.0625,0.125,0.5,0.0434783608695652,"N4-NO-PURE-PBE","NONE",NA,NA,NA
"N4","PASS",5,"below",0.0625,0.125,0.5,0.05,"N4-NO-PURE-PBE","NONE",NA,NA,NA
"N4","PASS",5,"below",0.0625,0.125,0.5,0.0666665666666667,"N4-NO-PURE-PBE","NONE",NA,NA,NA
"N4","PASS",5,"below",0.0625,0.125,0.5,0.0666666566666667,"N4-NO-PURE-PBE","NONE",NA,NA,NA
"N4","PASS",5,"below",0.0625,0.125,0.5,0.0666666666656667,"N4-NO-PURE-PBE","NONE",NA,NA,NA
"N4","PASS",5,"below",0.0625,0.125,0.5,0.0666666666666567,"N4-NO-PURE-PBE","NONE",NA,NA,NA
"N4","PASS",5,"below",0.0625,0.125,0.5,0.0666666666666667,"N4-NO-PURE-PBE","NONE",NA,NA,NA
"N4","PASS",5,"below",0.0625,0.125,0.5,0.0666666666666767,"N4-HIGH-PRIOR","P",0.609375,0.0625,0.0625
"N4","PASS",5,"below",0.0625,0.125,0.5,0.0666666666676667,"N4-HIGH-PRIOR","P",0.609375,0.0625,0.0625
"N4","PASS",5,"below",0.0625,0.125,0.5,0.0666666766666667,"N4-HIGH-PRIOR","P",0.609375,0.0625,0.0625
"N4","PASS",5,"below",0.0625,0.125,0.5,0.0666667666666667,"N4-HIGH-PRIOR","P",0.609375,0.0625,0.0625
"N4","PASS",5,"below",0.0625,0.125,0.5,0.130434682608696,"N4-HIGH-PRIOR","P",0.609375,0.0625,0.0625
"N4","PASS",5,"below",0.0625,0.125,0.5,0.130434772608696,"N4-HIGH-PRIOR","P",0.609375,0.0625,0.0625
"N4","PASS",5,"below",0.0625,0.125,0.5,0.130434782607696,"N4-HIGH-PRIOR","P",0.609375,0.0625,0.0625
"N4","PASS",5,"below",0.0625,0.125,0.5,0.130434782608686,"N4-HIGH-PRIOR","P",0.609375,0.0625,0.0625
"N4","PASS",5,"below",0.0625,0.125,0.5,0.130434782608696,"N4-HIGH-PRIOR","P",0.609375,0.0625,0.0625
"N4","PASS",5,"below",0.0625,0.125,0.5,0.130434782608706,"N4-HIGH-PRIOR","P",0.609375,0.0625,0.0625
"N4","PASS",5,"below",0.0625,0.125,0.5,0.130434782609696,"N4-HIGH-PRIOR","P",0.609375,0.0625,0.0625
"N4","PASS",5,"below",0.0625,0.125,0.5,0.130434792608696,"N4-HIGH-PRIOR","P",0.609375,0.0625,0.0625
"N4","PASS",5,"below",0.0625,0.125,0.5,0.130434882608696,"N4-HIGH-PRIOR","P",0.609375,0.0625,0.0625
"N4","PASS",5,"below",0.0625,0.125,0.5,0.25,"N4-HIGH-PRIOR","P",0.609375,0.0625,0.0625
"N4","PASS",5,"below",0.0625,0.125,0.5,0.5,"N4-HIGH-PRIOR","P",0.609375,0.0625,0.0625
"N4","PASS",5,"below",0.0625,0.125,0.5,0.75,"N4-HIGH-PRIOR","P",0.609375,0.0625,0.0625
"N4","PASS",5,"below",0.0625,0.125,0.5,0.95,"N4-HIGH-PRIOR","P",0.609375,0.0625,0.0625
"N4","PASS",5,"below",0.0625,0.125,0.5,0.99999999,"N4-HIGH-PRIOR","P",0.609375,0.0625,0.0625
"N4","PASS",5,"below",0.0625,0.125,0.5,0.999999999999,"N4-HIGH-PRIOR","P",0.609375,0.0625,0.0625
"N4","PASS",5,"below",0.0625,0.125,0.5,0.99999999999999,"N4-HIGH-PRIOR","P",0.609375,0.0625,0.0625
"N4","PASS",5,"below",0.0625,0.125,0.5,1,"N4-HIGH-PRIOR","P",0.609375,0.0625,0.0625
"N4","PASS",5,"below",0.0625,0.125,0.9,0,"N4-NU-ZERO","L",0.3109375,0.05625,0.1125
"N4","PASS",5,"below",0.0625,0.125,0.9,1e-14,"N4-NO-PURE-PBE","NONE",NA,NA,NA
"N4","PASS",5,"below",0.0625,0.125,0.9,1e-12,"N4-NO-PURE-PBE","NONE",NA,NA,NA
"N4","PASS",5,"below",0.0625,0.125,0.9,1e-08,"N4-NO-PURE-PBE","NONE",NA,NA,NA
"N4","PASS",5,"below",0.0625,0.125,0.9,0.05,"N4-NO-PURE-PBE","NONE",NA,NA,NA
"N4","PASS",5,"below",0.0625,0.125,0.9,0.0666665666666667,"N4-NO-PURE-PBE","NONE",NA,NA,NA
"N4","PASS",5,"below",0.0625,0.125,0.9,0.0666666566666667,"N4-NO-PURE-PBE","NONE",NA,NA,NA
"N4","PASS",5,"below",0.0625,0.125,0.9,0.0666666666656667,"N4-NO-PURE-PBE","NONE",NA,NA,NA
"N4","PASS",5,"below",0.0625,0.125,0.9,0.0666666666666567,"N4-NO-PURE-PBE","NONE",NA,NA,NA
"N4","PASS",5,"below",0.0625,0.125,0.9,0.0666666666666667,"N4-NO-PURE-PBE","NONE",NA,NA,NA
"N4","PASS",5,"below",0.0625,0.125,0.9,0.0666666666666767,"N4-HIGH-PRIOR","P",0.296875,0.1125,0.1125
"N4","PASS",5,"below",0.0625,0.125,0.9,0.0666666666676667,"N4-HIGH-PRIOR","P",0.296875,0.1125,0.1125
"N4","PASS",5,"below",0.0625,0.125,0.9,0.0666666766666667,"N4-HIGH-PRIOR","P",0.296875,0.1125,0.1125
"N4","PASS",5,"below",0.0625,0.125,0.9,0.0666667666666667,"N4-HIGH-PRIOR","P",0.296875,0.1125,0.1125
"N4","PASS",5,"below",0.0625,0.125,0.9,0.113923950632911,"N4-HIGH-PRIOR","P",0.296875,0.1125,0.1125
"N4","PASS",5,"below",0.0625,0.125,0.9,0.113924040632911,"N4-HIGH-PRIOR","P",0.296875,0.1125,0.1125
"N4","PASS",5,"below",0.0625,0.125,0.9,0.113924050631911,"N4-HIGH-PRIOR","P",0.296875,0.1125,0.1125
"N4","PASS",5,"below",0.0625,0.125,0.9,0.113924050632901,"N4-HIGH-PRIOR","P",0.296875,0.1125,0.1125
"N4","PASS",5,"below",0.0625,0.125,0.9,0.113924050632911,"N4-HIGH-PRIOR","P",0.296875,0.1125,0.1125
"N4","PASS",5,"below",0.0625,0.125,0.9,0.113924050632921,"N4-HIGH-PRIOR","P",0.296875,0.1125,0.1125
"N4","PASS",5,"below",0.0625,0.125,0.9,0.113924050633911,"N4-HIGH-PRIOR","P",0.296875,0.1125,0.1125
"N4","PASS",5,"below",0.0625,0.125,0.9,0.113924060632911,"N4-HIGH-PRIOR","P",0.296875,0.1125,0.1125
"N4","PASS",5,"below",0.0625,0.125,0.9,0.113924150632911,"N4-HIGH-PRIOR","P",0.296875,0.1125,0.1125
"N4","PASS",5,"below",0.0625,0.125,0.9,0.25,"N4-HIGH-PRIOR","P",0.296875,0.1125,0.1125
"N4","PASS",5,"below",0.0625,0.125,0.9,0.341772051898734,"N4-HIGH-PRIOR","P",0.296875,0.1125,0.1125
"N4","PASS",5,"below",0.0625,0.125,0.9,0.341772141898734,"N4-HIGH-PRIOR","P",0.296875,0.1125,0.1125
"N4","PASS",5,"below",0.0625,0.125,0.9,0.341772151897734,"N4-HIGH-PRIOR","P",0.296875,0.1125,0.1125
"N4","PASS",5,"below",0.0625,0.125,0.9,0.341772151898724,"N4-HIGH-PRIOR","P",0.296875,0.1125,0.1125
"N4","PASS",5,"below",0.0625,0.125,0.9,0.341772151898734,"N4-HIGH-PRIOR","P",0.296875,0.1125,0.1125
"N4","PASS",5,"below",0.0625,0.125,0.9,0.341772151898744,"N4-HIGH-PRIOR","P",0.296875,0.1125,0.1125
"N4","PASS",5,"below",0.0625,0.125,0.9,0.341772151899734,"N4-HIGH-PRIOR","P",0.296875,0.1125,0.1125
"N4","PASS",5,"below",0.0625,0.125,0.9,0.341772161898734,"N4-HIGH-PRIOR","P",0.296875,0.1125,0.1125
"N4","PASS",5,"below",0.0625,0.125,0.9,0.341772251898734,"N4-HIGH-PRIOR","P",0.296875,0.1125,0.1125
"N4","PASS",5,"below",0.0625,0.125,0.9,0.5,"N4-HIGH-PRIOR","P",0.296875,0.1125,0.1125
"N4","PASS",5,"below",0.0625,0.125,0.9,0.75,"N4-HIGH-PRIOR","P",0.296875,0.1125,0.1125
"N4","PASS",5,"below",0.0625,0.125,0.9,0.95,"N4-HIGH-PRIOR","P",0.296875,0.1125,0.1125
"N4","PASS",5,"below",0.0625,0.125,0.9,0.99999999,"N4-HIGH-PRIOR","P",0.296875,0.1125,0.1125
"N4","PASS",5,"below",0.0625,0.125,0.9,0.999999999999,"N4-HIGH-PRIOR","P",0.296875,0.1125,0.1125
"N4","PASS",5,"below",0.0625,0.125,0.9,0.99999999999999,"N4-HIGH-PRIOR","P",0.296875,0.1125,0.1125
"N4","PASS",5,"below",0.0625,0.125,0.9,1,"N4-HIGH-PRIOR","P",0.296875,0.1125,0.1125
"N4","PASS",5,"below",0.0625,0.125,0.99,0,"N4-NU-ZERO","L",0.24203125,0.061875,0.12375
"N4","PASS",5,"below",0.0625,0.125,0.99,1e-14,"N4-NO-PURE-PBE","NONE",NA,NA,NA
"N4","PASS",5,"below",0.0625,0.125,0.99,1e-12,"N4-NO-PURE-PBE","NONE",NA,NA,NA
"N4","PASS",5,"below",0.0625,0.125,0.99,1e-08,"N4-NO-PURE-PBE","NONE",NA,NA,NA
"N4","PASS",5,"below",0.0625,0.125,0.99,0.05,"N4-NO-PURE-PBE","NONE",NA,NA,NA
"N4","PASS",5,"below",0.0625,0.125,0.99,0.0666665666666667,"N4-NO-PURE-PBE","NONE",NA,NA,NA
"N4","PASS",5,"below",0.0625,0.125,0.99,0.0666666566666667,"N4-NO-PURE-PBE","NONE",NA,NA,NA
"N4","PASS",5,"below",0.0625,0.125,0.99,0.0666666666656667,"N4-NO-PURE-PBE","NONE",NA,NA,NA
"N4","PASS",5,"below",0.0625,0.125,0.99,0.0666666666666567,"N4-NO-PURE-PBE","NONE",NA,NA,NA
"N4","PASS",5,"below",0.0625,0.125,0.99,0.0666666666666667,"N4-NO-PURE-PBE","NONE",NA,NA,NA
"N4","PASS",5,"below",0.0625,0.125,0.99,0.0666666666666767,"N4-HIGH-PRIOR","P",0.2265625,0.12375,0.12375
"N4","PASS",5,"below",0.0625,0.125,0.99,0.0666666666676667,"N4-HIGH-PRIOR","P",0.2265625,0.12375,0.12375
"N4","PASS",5,"below",0.0625,0.125,0.99,0.0666666766666667,"N4-HIGH-PRIOR","P",0.2265625,0.12375,0.12375
"N4","PASS",5,"below",0.0625,0.125,0.99,0.0666667666666667,"N4-HIGH-PRIOR","P",0.2265625,0.12375,0.12375
"N4","PASS",5,"below",0.0625,0.125,0.99,0.139633186318759,"N4-HIGH-PRIOR","P",0.2265625,0.12375,0.12375
"N4","PASS",5,"below",0.0625,0.125,0.99,0.139633276318759,"N4-HIGH-PRIOR","P",0.2265625,0.12375,0.12375
"N4","PASS",5,"below",0.0625,0.125,0.99,0.139633286317759,"N4-HIGH-PRIOR","P",0.2265625,0.12375,0.12375
"N4","PASS",5,"below",0.0625,0.125,0.99,0.139633286318749,"N4-HIGH-PRIOR","P",0.2265625,0.12375,0.12375
"N4","PASS",5,"below",0.0625,0.125,0.99,0.139633286318759,"N4-HIGH-PRIOR","P",0.2265625,0.12375,0.12375
"N4","PASS",5,"below",0.0625,0.125,0.99,0.139633286318769,"N4-HIGH-PRIOR","P",0.2265625,0.12375,0.12375
"N4","PASS",5,"below",0.0625,0.125,0.99,0.139633286319759,"N4-HIGH-PRIOR","P",0.2265625,0.12375,0.12375
"N4","PASS",5,"below",0.0625,0.125,0.99,0.139633296318759,"N4-HIGH-PRIOR","P",0.2265625,0.12375,0.12375
"N4","PASS",5,"below",0.0625,0.125,0.99,0.139633386318759,"N4-HIGH-PRIOR","P",0.2265625,0.12375,0.12375
"N4","PASS",5,"below",0.0625,0.125,0.99,0.25,"N4-HIGH-PRIOR","P",0.2265625,0.12375,0.12375
"N4","PASS",5,"below",0.0625,0.125,0.99,0.418899758956276,"N4-HIGH-PRIOR","P",0.2265625,0.12375,0.12375
"N4","PASS",5,"below",0.0625,0.125,0.99,0.418899848956276,"N4-HIGH-PRIOR","P",0.2265625,0.12375,0.12375
"N4","PASS",5,"below",0.0625,0.125,0.99,0.418899858955276,"N4-HIGH-PRIOR","P",0.2265625,0.12375,0.12375
"N4","PASS",5,"below",0.0625,0.125,0.99,0.418899858956266,"N4-HIGH-PRIOR","P",0.2265625,0.12375,0.12375
"N4","PASS",5,"below",0.0625,0.125,0.99,0.418899858956276,"N4-HIGH-PRIOR","P",0.2265625,0.12375,0.12375
"N4","PASS",5,"below",0.0625,0.125,0.99,0.418899858956286,"N4-HIGH-PRIOR","P",0.2265625,0.12375,0.12375
"N4","PASS",5,"below",0.0625,0.125,0.99,0.418899858957276,"N4-HIGH-PRIOR","P",0.2265625,0.12375,0.12375
"N4","PASS",5,"below",0.0625,0.125,0.99,0.418899868956276,"N4-HIGH-PRIOR","P",0.2265625,0.12375,0.12375
"N4","PASS",5,"below",0.0625,0.125,0.99,0.418899958956276,"N4-HIGH-PRIOR","P",0.2265625,0.12375,0.12375
"N4","PASS",5,"below",0.0625,0.125,0.99,0.5,"N4-HIGH-PRIOR","P",0.2265625,0.12375,0.12375
"N4","PASS",5,"below",0.0625,0.125,0.99,0.75,"N4-HIGH-PRIOR","P",0.2265625,0.12375,0.12375
"N4","PASS",5,"below",0.0625,0.125,0.99,0.95,"N4-HIGH-PRIOR","P",0.2265625,0.12375,0.12375
"N4","PASS",5,"below",0.0625,0.125,0.99,0.99999999,"N4-HIGH-PRIOR","P",0.2265625,0.12375,0.12375
"N4","PASS",5,"below",0.0625,0.125,0.99,0.999999999999,"N4-HIGH-PRIOR","P",0.2265625,0.12375,0.12375
"N4","PASS",5,"below",0.0625,0.125,0.99,0.99999999999999,"N4-HIGH-PRIOR","P",0.2265625,0.12375,0.12375
"N4","PASS",5,"below",0.0625,0.125,0.99,1,"N4-HIGH-PRIOR","P",0.2265625,0.12375,0.12375
"N4","PASS",5,"o1_equal_low",0.0625,0.25,0.5,0,"N4-NU-ZERO","L",0.6171875,0.03125,0.125
"N4","PASS",5,"o1_equal_low",0.0625,0.25,0.5,1e-14,"N4-NO-PURE-PBE","NONE",NA,NA,NA
"N4","PASS",5,"o1_equal_low",0.0625,0.25,0.5,1e-12,"N4-NO-PURE-PBE","NONE",NA,NA,NA
"N4","PASS",5,"o1_equal_low",0.0625,0.25,0.5,1e-08,"N4-NO-PURE-PBE","NONE",NA,NA,NA
"N4","PASS",5,"o1_equal_low",0.0625,0.25,0.5,0.05,"N4-NO-PURE-PBE","NONE",NA,NA,NA
"N4","PASS",5,"o1_equal_low",0.0625,0.25,0.5,0.130434682608696,"N4-NO-PURE-PBE","NONE",NA,NA,NA
"N4","PASS",5,"o1_equal_low",0.0625,0.25,0.5,0.130434772608696,"N4-NO-PURE-PBE","NONE",NA,NA,NA
"N4","PASS",5,"o1_equal_low",0.0625,0.25,0.5,0.130434782607696,"N4-NO-PURE-PBE","NONE",NA,NA,NA
"N4","PASS",5,"o1_equal_low",0.0625,0.25,0.5,0.130434782608686,"N4-NO-PURE-PBE","NONE",NA,NA,NA
"N4","PASS",5,"o1_equal_low",0.0625,0.25,0.5,0.130434782608696,"N4-NO-PURE-PBE","NONE",NA,NA,NA
"N4","PASS",5,"o1_equal_low",0.0625,0.25,0.5,0.130434782608706,"N4-NO-PURE-PBE","NONE",NA,NA,NA
"N4","PASS",5,"o1_equal_low",0.0625,0.25,0.5,0.130434782609696,"N4-NO-PURE-PBE","NONE",NA,NA,NA
"N4","PASS",5,"o1_equal_low",0.0625,0.25,0.5,0.130434792608696,"N4-NO-PURE-PBE","NONE",NA,NA,NA
"N4","PASS",5,"o1_equal_low",0.0625,0.25,0.5,0.130434882608696,"N4-NO-PURE-PBE","NONE",NA,NA,NA
"N4","PASS",5,"o1_equal_low",0.0625,0.25,0.5,0.1999999,"N4-NO-PURE-PBE","NONE",NA,NA,NA
"N4","PASS",5,"o1_equal_low",0.0625,0.25,0.5,0.19999999,"N4-NO-PURE-PBE","NONE",NA,NA,NA
"N4","PASS",5,"o1_equal_low",0.0625,0.25,0.5,0.199999999999,"N4-NO-PURE-PBE","NONE",NA,NA,NA
"N4","PASS",5,"o1_equal_low",0.0625,0.25,0.5,0.19999999999999,"N4-NO-PURE-PBE","NONE",NA,NA,NA
"N4","PASS",5,"o1_equal_low",0.0625,0.25,0.5,0.2,"N4-NO-PURE-PBE","NONE",NA,NA,NA
"N4","PASS",5,"o1_equal_low",0.0625,0.25,0.5,0.20000000000001,"N4-HIGH-PRIOR","P",0.59375,0.125,0.125
"N4","PASS",5,"o1_equal_low",0.0625,0.25,0.5,0.200000000001,"N4-HIGH-PRIOR","P",0.59375,0.125,0.125
"N4","PASS",5,"o1_equal_low",0.0625,0.25,0.5,0.20000001,"N4-HIGH-PRIOR","P",0.59375,0.125,0.125
"N4","PASS",5,"o1_equal_low",0.0625,0.25,0.5,0.2000001,"N4-HIGH-PRIOR","P",0.59375,0.125,0.125
"N4","PASS",5,"o1_equal_low",0.0625,0.25,0.5,0.25,"N4-HIGH-PRIOR","P",0.59375,0.125,0.125
"N4","PASS",5,"o1_equal_low",0.0625,0.25,0.5,0.333333233333333,"N4-HIGH-PRIOR","P",0.59375,0.125,0.125
"N4","PASS",5,"o1_equal_low",0.0625,0.25,0.5,0.333333323333333,"N4-HIGH-PRIOR","P",0.59375,0.125,0.125
"N4","PASS",5,"o1_equal_low",0.0625,0.25,0.5,0.333333333332333,"N4-HIGH-PRIOR","P",0.59375,0.125,0.125
"N4","PASS",5,"o1_equal_low",0.0625,0.25,0.5,0.333333333333323,"N4-HIGH-PRIOR","P",0.59375,0.125,0.125
"N4","PASS",5,"o1_equal_low",0.0625,0.25,0.5,0.333333333333333,"N4-HIGH-PRIOR","P",0.59375,0.125,0.125
"N4","PASS",5,"o1_equal_low",0.0625,0.25,0.5,0.333333333333343,"N4-HIGH-PRIOR","P",0.59375,0.125,0.125
"N4","PASS",5,"o1_equal_low",0.0625,0.25,0.5,0.333333333334333,"N4-HIGH-PRIOR","P",0.59375,0.125,0.125
"N4","PASS",5,"o1_equal_low",0.0625,0.25,0.5,0.333333343333333,"N4-HIGH-PRIOR","P",0.59375,0.125,0.125
"N4","PASS",5,"o1_equal_low",0.0625,0.25,0.5,0.333333433333333,"N4-HIGH-PRIOR","P",0.59375,0.125,0.125
"N4","PASS",5,"o1_equal_low",0.0625,0.25,0.5,0.5,"N4-HIGH-PRIOR","P",0.59375,0.125,0.125
"N4","PASS",5,"o1_equal_low",0.0625,0.25,0.5,0.75,"N4-HIGH-PRIOR","P",0.59375,0.125,0.125
"N4","PASS",5,"o1_equal_low",0.0625,0.25,0.5,0.95,"N4-HIGH-PRIOR","P",0.59375,0.125,0.125
"N4","PASS",5,"o1_equal_low",0.0625,0.25,0.5,0.99999999,"N4-HIGH-PRIOR","P",0.59375,0.125,0.125
"N4","PASS",5,"o1_equal_low",0.0625,0.25,0.5,0.999999999999,"N4-HIGH-PRIOR","P",0.59375,0.125,0.125
"N4","PASS",5,"o1_equal_low",0.0625,0.25,0.5,0.99999999999999,"N4-HIGH-PRIOR","P",0.59375,0.125,0.125
"N4","PASS",5,"o1_equal_low",0.0625,0.25,0.5,1,"N4-HIGH-PRIOR","P",0.59375,0.125,0.125
"N4","PASS",5,"o1_equal_low",0.0625,0.25,0.9,0,"N4-NU-ZERO","L",0.3109375,0.05625,0.225
"N4","PASS",5,"o1_equal_low",0.0625,0.25,0.9,1e-14,"N4-NO-PURE-PBE","NONE",NA,NA,NA
"N4","PASS",5,"o1_equal_low",0.0625,0.25,0.9,1e-12,"N4-NO-PURE-PBE","NONE",NA,NA,NA
"N4","PASS",5,"o1_equal_low",0.0625,0.25,0.9,1e-08,"N4-NO-PURE-PBE","NONE",NA,NA,NA
"N4","PASS",5,"o1_equal_low",0.0625,0.25,0.9,0.05,"N4-NO-PURE-PBE","NONE",NA,NA,NA
"N4","PASS",5,"o1_equal_low",0.0625,0.25,0.9,0.1999999,"N4-NO-PURE-PBE","NONE",NA,NA,NA
"N4","PASS",5,"o1_equal_low",0.0625,0.25,0.9,0.19999999,"N4-NO-PURE-PBE","NONE",NA,NA,NA
"N4","PASS",5,"o1_equal_low",0.0625,0.25,0.9,0.199999999999,"N4-NO-PURE-PBE","NONE",NA,NA,NA
"N4","PASS",5,"o1_equal_low",0.0625,0.25,0.9,0.19999999999999,"N4-NO-PURE-PBE","NONE",NA,NA,NA
"N4","PASS",5,"o1_equal_low",0.0625,0.25,0.9,0.2,"N4-NO-PURE-PBE","NONE",NA,NA,NA
"N4","PASS",5,"o1_equal_low",0.0625,0.25,0.9,0.20000000000001,"N4-HIGH-PRIOR","P",0.26875,0.225,0.225
"N4","PASS",5,"o1_equal_low",0.0625,0.25,0.9,0.200000000001,"N4-HIGH-PRIOR","P",0.26875,0.225,0.225
"N4","PASS",5,"o1_equal_low",0.0625,0.25,0.9,0.20000001,"N4-HIGH-PRIOR","P",0.26875,0.225,0.225
"N4","PASS",5,"o1_equal_low",0.0625,0.25,0.9,0.2000001,"N4-HIGH-PRIOR","P",0.26875,0.225,0.225
"N4","PASS",5,"o1_equal_low",0.0625,0.25,0.9,0.25,"N4-HIGH-PRIOR","P",0.26875,0.225,0.225
"N4","PASS",5,"o1_equal_low",0.0625,0.25,0.9,0.341772051898734,"N4-HIGH-PRIOR","P",0.26875,0.225,0.225
"N4","PASS",5,"o1_equal_low",0.0625,0.25,0.9,0.341772141898734,"N4-HIGH-PRIOR","P",0.26875,0.225,0.225
"N4","PASS",5,"o1_equal_low",0.0625,0.25,0.9,0.341772151897734,"N4-HIGH-PRIOR","P",0.26875,0.225,0.225
"N4","PASS",5,"o1_equal_low",0.0625,0.25,0.9,0.341772151898724,"N4-HIGH-PRIOR","P",0.26875,0.225,0.225
"N4","PASS",5,"o1_equal_low",0.0625,0.25,0.9,0.341772151898734,"N4-HIGH-PRIOR","P",0.26875,0.225,0.225
"N4","PASS",5,"o1_equal_low",0.0625,0.25,0.9,0.341772151898744,"N4-HIGH-PRIOR","P",0.26875,0.225,0.225
"N4","PASS",5,"o1_equal_low",0.0625,0.25,0.9,0.341772151899734,"N4-HIGH-PRIOR","P",0.26875,0.225,0.225
"N4","PASS",5,"o1_equal_low",0.0625,0.25,0.9,0.341772161898734,"N4-HIGH-PRIOR","P",0.26875,0.225,0.225
"N4","PASS",5,"o1_equal_low",0.0625,0.25,0.9,0.341772251898734,"N4-HIGH-PRIOR","P",0.26875,0.225,0.225
"N4","PASS",5,"o1_equal_low",0.0625,0.25,0.9,0.5,"N4-HIGH-PRIOR","P",0.26875,0.225,0.225
"N4","PASS",5,"o1_equal_low",0.0625,0.25,0.9,0.75,"N4-HIGH-PRIOR","P",0.26875,0.225,0.225
"N4","PASS",5,"o1_equal_low",0.0625,0.25,0.9,0.866666566666667,"N4-HIGH-PRIOR","P",0.26875,0.225,0.225
"N4","PASS",5,"o1_equal_low",0.0625,0.25,0.9,0.866666656666667,"N4-HIGH-PRIOR","P",0.26875,0.225,0.225
"N4","PASS",5,"o1_equal_low",0.0625,0.25,0.9,0.866666666665667,"N4-HIGH-PRIOR","P",0.26875,0.225,0.225
"N4","PASS",5,"o1_equal_low",0.0625,0.25,0.9,0.866666666666657,"N4-HIGH-PRIOR","P",0.26875,0.225,0.225
"N4","PASS",5,"o1_equal_low",0.0625,0.25,0.9,0.866666666666667,"N4-HIGH-PRIOR","P",0.26875,0.225,0.225
"N4","PASS",5,"o1_equal_low",0.0625,0.25,0.9,0.866666666666677,"N4-HIGH-PRIOR","P",0.26875,0.225,0.225
"N4","PASS",5,"o1_equal_low",0.0625,0.25,0.9,0.866666666667667,"N4-HIGH-PRIOR","P",0.26875,0.225,0.225
"N4","PASS",5,"o1_equal_low",0.0625,0.25,0.9,0.866666676666667,"N4-HIGH-PRIOR","P",0.26875,0.225,0.225
"N4","PASS",5,"o1_equal_low",0.0625,0.25,0.9,0.866666766666667,"N4-HIGH-PRIOR","P",0.26875,0.225,0.225
"N4","PASS",5,"o1_equal_low",0.0625,0.25,0.9,0.95,"N4-HIGH-PRIOR","P",0.26875,0.225,0.225
"N4","PASS",5,"o1_equal_low",0.0625,0.25,0.9,0.99999999,"N4-HIGH-PRIOR","P",0.26875,0.225,0.225
"N4","PASS",5,"o1_equal_low",0.0625,0.25,0.9,0.999999999999,"N4-HIGH-PRIOR","P",0.26875,0.225,0.225
"N4","PASS",5,"o1_equal_low",0.0625,0.25,0.9,0.99999999999999,"N4-HIGH-PRIOR","P",0.26875,0.225,0.225
"N4","PASS",5,"o1_equal_low",0.0625,0.25,0.9,1,"N4-HIGH-PRIOR","P",0.26875,0.225,0.225
"N4","PASS",5,"o1_equal_low",0.0625,0.25,0.99,0,"N4-NU-ZERO","L",0.24203125,0.061875,0.2475
"N4","PASS",5,"o1_equal_low",0.0625,0.25,0.99,1e-14,"N4-NO-PURE-PBE","NONE",NA,NA,NA
"N4","PASS",5,"o1_equal_low",0.0625,0.25,0.99,1e-12,"N4-NO-PURE-PBE","NONE",NA,NA,NA
"N4","PASS",5,"o1_equal_low",0.0625,0.25,0.99,1e-08,"N4-NO-PURE-PBE","NONE",NA,NA,NA
"N4","PASS",5,"o1_equal_low",0.0625,0.25,0.99,0.05,"N4-NO-PURE-PBE","NONE",NA,NA,NA
"N4","PASS",5,"o1_equal_low",0.0625,0.25,0.99,0.1999999,"N4-NO-PURE-PBE","NONE",NA,NA,NA
"N4","PASS",5,"o1_equal_low",0.0625,0.25,0.99,0.19999999,"N4-NO-PURE-PBE","NONE",NA,NA,NA
"N4","PASS",5,"o1_equal_low",0.0625,0.25,0.99,0.199999999999,"N4-NO-PURE-PBE","NONE",NA,NA,NA
"N4","PASS",5,"o1_equal_low",0.0625,0.25,0.99,0.19999999999999,"N4-NO-PURE-PBE","NONE",NA,NA,NA
"N4","PASS",5,"o1_equal_low",0.0625,0.25,0.99,0.2,"N4-NO-PURE-PBE","NONE",NA,NA,NA
"N4","PASS",5,"o1_equal_low",0.0625,0.25,0.99,0.20000000000001,"N4-HIGH-PRIOR","P",0.195625,0.2475,0.2475
"N4","PASS",5,"o1_equal_low",0.0625,0.25,0.99,0.200000000001,"N4-HIGH-PRIOR","P",0.195625,0.2475,0.2475
"N4","PASS",5,"o1_equal_low",0.0625,0.25,0.99,0.20000001,"N4-HIGH-PRIOR","P",0.195625,0.2475,0.2475
"N4","PASS",5,"o1_equal_low",0.0625,0.25,0.99,0.2000001,"N4-HIGH-PRIOR","P",0.195625,0.2475,0.2475
"N4","PASS",5,"o1_equal_low",0.0625,0.25,0.99,0.25,"N4-HIGH-PRIOR","P",0.195625,0.2475,0.2475
"N4","PASS",5,"o1_equal_low",0.0625,0.25,0.99,0.418899758956276,"N4-HIGH-PRIOR","P",0.195625,0.2475,0.2475
"N4","PASS",5,"o1_equal_low",0.0625,0.25,0.99,0.418899848956276,"N4-HIGH-PRIOR","P",0.195625,0.2475,0.2475
"N4","PASS",5,"o1_equal_low",0.0625,0.25,0.99,0.418899858955276,"N4-HIGH-PRIOR","P",0.195625,0.2475,0.2475
"N4","PASS",5,"o1_equal_low",0.0625,0.25,0.99,0.418899858956266,"N4-HIGH-PRIOR","P",0.195625,0.2475,0.2475
"N4","PASS",5,"o1_equal_low",0.0625,0.25,0.99,0.418899858956276,"N4-HIGH-PRIOR","P",0.195625,0.2475,0.2475
"N4","PASS",5,"o1_equal_low",0.0625,0.25,0.99,0.418899858956286,"N4-HIGH-PRIOR","P",0.195625,0.2475,0.2475
"N4","PASS",5,"o1_equal_low",0.0625,0.25,0.99,0.418899858957276,"N4-HIGH-PRIOR","P",0.195625,0.2475,0.2475
"N4","PASS",5,"o1_equal_low",0.0625,0.25,0.99,0.418899868956276,"N4-HIGH-PRIOR","P",0.195625,0.2475,0.2475
"N4","PASS",5,"o1_equal_low",0.0625,0.25,0.99,0.418899958956276,"N4-HIGH-PRIOR","P",0.195625,0.2475,0.2475
"N4","PASS",5,"o1_equal_low",0.0625,0.25,0.99,0.5,"N4-HIGH-PRIOR","P",0.195625,0.2475,0.2475
"N4","PASS",5,"o1_equal_low",0.0625,0.25,0.99,0.75,"N4-HIGH-PRIOR","P",0.195625,0.2475,0.2475
"N4","PASS",5,"o1_equal_low",0.0625,0.25,0.99,0.95,"N4-HIGH-PRIOR","P",0.195625,0.2475,0.2475
"N4","PASS",5,"o1_equal_low",0.0625,0.25,0.99,0.986666566666667,"N4-HIGH-PRIOR","P",0.195625,0.2475,0.2475
"N4","PASS",5,"o1_equal_low",0.0625,0.25,0.99,0.986666656666667,"N4-HIGH-PRIOR","P",0.195625,0.2475,0.2475
"N4","PASS",5,"o1_equal_low",0.0625,0.25,0.99,0.986666666665667,"N4-HIGH-PRIOR","P",0.195625,0.2475,0.2475
"N4","PASS",5,"o1_equal_low",0.0625,0.25,0.99,0.986666666666657,"N4-HIGH-PRIOR","P",0.195625,0.2475,0.2475
"N4","PASS",5,"o1_equal_low",0.0625,0.25,0.99,0.986666666666667,"N4-HIGH-PRIOR","P",0.195625,0.2475,0.2475
"N4","PASS",5,"o1_equal_low",0.0625,0.25,0.99,0.986666666666677,"N4-HIGH-PRIOR","P",0.195625,0.2475,0.2475
"N4","PASS",5,"o1_equal_low",0.0625,0.25,0.99,0.986666666667667,"N4-HIGH-PRIOR","P",0.195625,0.2475,0.2475
"N4","PASS",5,"o1_equal_low",0.0625,0.25,0.99,0.986666676666667,"N4-HIGH-PRIOR","P",0.195625,0.2475,0.2475
"N4","PASS",5,"o1_equal_low",0.0625,0.25,0.99,0.986666766666667,"N4-HIGH-PRIOR","P",0.195625,0.2475,0.2475
"N4","PASS",5,"o1_equal_low",0.0625,0.25,0.99,0.99999999,"N4-HIGH-PRIOR","P",0.195625,0.2475,0.2475
"N4","PASS",5,"o1_equal_low",0.0625,0.25,0.99,0.999999999999,"N4-HIGH-PRIOR","P",0.195625,0.2475,0.2475
"N4","PASS",5,"o1_equal_low",0.0625,0.25,0.99,0.99999999999999,"N4-HIGH-PRIOR","P",0.195625,0.2475,0.2475
"N4","PASS",5,"o1_equal_low",0.0625,0.25,0.99,1,"N4-HIGH-PRIOR","P",0.195625,0.2475,0.2475
"N4","PASS",5,"o1_equal_mid",0.125,0.25,0.5,0,"N4-NU-ZERO","L",0.609375,0.0625,0.125
"N4","PASS",5,"o1_equal_mid",0.125,0.25,0.5,1e-14,"N4-NO-PURE-PBE","NONE",NA,NA,NA
"N4","PASS",5,"o1_equal_mid",0.125,0.25,0.5,1e-12,"N4-NO-PURE-PBE","NONE",NA,NA,NA
"N4","PASS",5,"o1_equal_mid",0.125,0.25,0.5,1e-08,"N4-NO-PURE-PBE","NONE",NA,NA,NA
"N4","PASS",5,"o1_equal_mid",0.125,0.25,0.5,1e-07,"N4-NO-PURE-PBE","NONE",NA,NA,NA
"N4","PASS",5,"o1_equal_mid",0.125,0.25,0.5,0.05,"N4-NO-PURE-PBE","NONE",NA,NA,NA
"N4","PASS",5,"o1_equal_mid",0.125,0.25,0.5,0.0909089909090909,"N4-NO-PURE-PBE","NONE",NA,NA,NA
"N4","PASS",5,"o1_equal_mid",0.125,0.25,0.5,0.0909090809090909,"N4-NO-PURE-PBE","NONE",NA,NA,NA
"N4","PASS",5,"o1_equal_mid",0.125,0.25,0.5,0.0909090909080909,"N4-NO-PURE-PBE","NONE",NA,NA,NA
"N4","PASS",5,"o1_equal_mid",0.125,0.25,0.5,0.0909090909090809,"N4-NO-PURE-PBE","NONE",NA,NA,NA
"N4","PASS",5,"o1_equal_mid",0.125,0.25,0.5,0.0909090909090909,"N4-NO-PURE-PBE","NONE",NA,NA,NA
"N4","PASS",5,"o1_equal_mid",0.125,0.25,0.5,0.0909090909091009,"N4-NO-PURE-PBE","NONE",NA,NA,NA
"N4","PASS",5,"o1_equal_mid",0.125,0.25,0.5,0.0909090909100909,"N4-NO-PURE-PBE","NONE",NA,NA,NA
"N4","PASS",5,"o1_equal_mid",0.125,0.25,0.5,0.0909091009090909,"N4-NO-PURE-PBE","NONE",NA,NA,NA
"N4","PASS",5,"o1_equal_mid",0.125,0.25,0.5,0.0909091909090909,"N4-NO-PURE-PBE","NONE",NA,NA,NA
"N4","PASS",5,"o1_equal_mid",0.125,0.25,0.5,0.142857042857143,"N4-NO-PURE-PBE","NONE",NA,NA,NA
"N4","PASS",5,"o1_equal_mid",0.125,0.25,0.5,0.142857132857143,"N4-NO-PURE-PBE","NONE",NA,NA,NA
"N4","PASS",5,"o1_equal_mid",0.125,0.25,0.5,0.142857142856143,"N4-NO-PURE-PBE","NONE",NA,NA,NA
"N4","PASS",5,"o1_equal_mid",0.125,0.25,0.5,0.142857142857133,"N4-NO-PURE-PBE","NONE",NA,NA,NA
"N4","PASS",5,"o1_equal_mid",0.125,0.25,0.5,0.142857142857143,"N4-NO-PURE-PBE","NONE",NA,NA,NA
"N4","PASS",5,"o1_equal_mid",0.125,0.25,0.5,0.142857142857153,"N4-HIGH-PRIOR","P",0.59375,0.125,0.125
"N4","PASS",5,"o1_equal_mid",0.125,0.25,0.5,0.142857142858143,"N4-HIGH-PRIOR","P",0.59375,0.125,0.125
"N4","PASS",5,"o1_equal_mid",0.125,0.25,0.5,0.142857152857143,"N4-HIGH-PRIOR","P",0.59375,0.125,0.125
"N4","PASS",5,"o1_equal_mid",0.125,0.25,0.5,0.142857242857143,"N4-HIGH-PRIOR","P",0.59375,0.125,0.125
"N4","PASS",5,"o1_equal_mid",0.125,0.25,0.5,0.25,"N4-HIGH-PRIOR","P",0.59375,0.125,0.125
"N4","PASS",5,"o1_equal_mid",0.125,0.25,0.5,0.5,"N4-HIGH-PRIOR","P",0.59375,0.125,0.125
"N4","PASS",5,"o1_equal_mid",0.125,0.25,0.5,0.75,"N4-HIGH-PRIOR","P",0.59375,0.125,0.125
"N4","PASS",5,"o1_equal_mid",0.125,0.25,0.5,0.95,"N4-HIGH-PRIOR","P",0.59375,0.125,0.125
"N4","PASS",5,"o1_equal_mid",0.125,0.25,0.5,0.99999999,"N4-HIGH-PRIOR","P",0.59375,0.125,0.125
"N4","PASS",5,"o1_equal_mid",0.125,0.25,0.5,0.999999999999,"N4-HIGH-PRIOR","P",0.59375,0.125,0.125
"N4","PASS",5,"o1_equal_mid",0.125,0.25,0.5,0.99999999999999,"N4-HIGH-PRIOR","P",0.59375,0.125,0.125
"N4","PASS",5,"o1_equal_mid",0.125,0.25,0.5,1,"N4-HIGH-PRIOR","P",0.59375,0.125,0.125
"N4","PASS",5,"o1_equal_mid",0.125,0.25,0.9,0,"N4-NU-ZERO","L",0.296875,0.1125,0.225
"N4","PASS",5,"o1_equal_mid",0.125,0.25,0.9,1e-14,"N4-NO-PURE-PBE","NONE",NA,NA,NA
"N4","PASS",5,"o1_equal_mid",0.125,0.25,0.9,1e-12,"N4-NO-PURE-PBE","NONE",NA,NA,NA
"N4","PASS",5,"o1_equal_mid",0.125,0.25,0.9,1e-08,"N4-NO-PURE-PBE","NONE",NA,NA,NA
"N4","PASS",5,"o1_equal_mid",0.125,0.25,0.9,0.05,"N4-NO-PURE-PBE","NONE",NA,NA,NA
"N4","PASS",5,"o1_equal_mid",0.125,0.25,0.9,0.142857042857143,"N4-NO-PURE-PBE","NONE",NA,NA,NA
"N4","PASS",5,"o1_equal_mid",0.125,0.25,0.9,0.142857132857143,"N4-NO-PURE-PBE","NONE",NA,NA,NA
"N4","PASS",5,"o1_equal_mid",0.125,0.25,0.9,0.142857142856143,"N4-NO-PURE-PBE","NONE",NA,NA,NA
"N4","PASS",5,"o1_equal_mid",0.125,0.25,0.9,0.142857142857133,"N4-NO-PURE-PBE","NONE",NA,NA,NA
"N4","PASS",5,"o1_equal_mid",0.125,0.25,0.9,0.142857142857143,"N4-NO-PURE-PBE","NONE",NA,NA,NA
"N4","PASS",5,"o1_equal_mid",0.125,0.25,0.9,0.142857142857153,"N4-HIGH-PRIOR","P",0.26875,0.225,0.225
"N4","PASS",5,"o1_equal_mid",0.125,0.25,0.9,0.142857142858143,"N4-HIGH-PRIOR","P",0.26875,0.225,0.225
"N4","PASS",5,"o1_equal_mid",0.125,0.25,0.9,0.142857152857143,"N4-HIGH-PRIOR","P",0.26875,0.225,0.225
"N4","PASS",5,"o1_equal_mid",0.125,0.25,0.9,0.142857242857143,"N4-HIGH-PRIOR","P",0.26875,0.225,0.225
"N4","PASS",5,"o1_equal_mid",0.125,0.25,0.9,0.25,"N4-HIGH-PRIOR","P",0.26875,0.225,0.225
"N4","PASS",5,"o1_equal_mid",0.125,0.25,0.9,0.257142757142857,"N4-HIGH-PRIOR","P",0.26875,0.225,0.225
"N4","PASS",5,"o1_equal_mid",0.125,0.25,0.9,0.257142847142857,"N4-HIGH-PRIOR","P",0.26875,0.225,0.225
"N4","PASS",5,"o1_equal_mid",0.125,0.25,0.9,0.257142857141857,"N4-HIGH-PRIOR","P",0.26875,0.225,0.225
"N4","PASS",5,"o1_equal_mid",0.125,0.25,0.9,0.257142857142847,"N4-HIGH-PRIOR","P",0.26875,0.225,0.225
"N4","PASS",5,"o1_equal_mid",0.125,0.25,0.9,0.257142857142857,"N4-HIGH-PRIOR","P",0.26875,0.225,0.225
"N4","PASS",5,"o1_equal_mid",0.125,0.25,0.9,0.257142857142867,"N4-HIGH-PRIOR","P",0.26875,0.225,0.225
"N4","PASS",5,"o1_equal_mid",0.125,0.25,0.9,0.257142857143857,"N4-HIGH-PRIOR","P",0.26875,0.225,0.225
"N4","PASS",5,"o1_equal_mid",0.125,0.25,0.9,0.257142867142857,"N4-HIGH-PRIOR","P",0.26875,0.225,0.225
"N4","PASS",5,"o1_equal_mid",0.125,0.25,0.9,0.257142957142857,"N4-HIGH-PRIOR","P",0.26875,0.225,0.225
"N4","PASS",5,"o1_equal_mid",0.125,0.25,0.9,0.5,"N4-HIGH-PRIOR","P",0.26875,0.225,0.225
"N4","PASS",5,"o1_equal_mid",0.125,0.25,0.9,0.75,"N4-HIGH-PRIOR","P",0.26875,0.225,0.225
"N4","PASS",5,"o1_equal_mid",0.125,0.25,0.9,0.7999999,"N4-HIGH-PRIOR","P",0.26875,0.225,0.225
"N4","PASS",5,"o1_equal_mid",0.125,0.25,0.9,0.79999999,"N4-HIGH-PRIOR","P",0.26875,0.225,0.225
"N4","PASS",5,"o1_equal_mid",0.125,0.25,0.9,0.799999999999,"N4-HIGH-PRIOR","P",0.26875,0.225,0.225
"N4","PASS",5,"o1_equal_mid",0.125,0.25,0.9,0.79999999999999,"N4-HIGH-PRIOR","P",0.26875,0.225,0.225
"N4","PASS",5,"o1_equal_mid",0.125,0.25,0.9,0.8,"N4-HIGH-PRIOR","P",0.26875,0.225,0.225
"N4","PASS",5,"o1_equal_mid",0.125,0.25,0.9,0.80000000000001,"N4-HIGH-PRIOR","P",0.26875,0.225,0.225
"N4","PASS",5,"o1_equal_mid",0.125,0.25,0.9,0.800000000001,"N4-HIGH-PRIOR","P",0.26875,0.225,0.225
"N4","PASS",5,"o1_equal_mid",0.125,0.25,0.9,0.80000001,"N4-HIGH-PRIOR","P",0.26875,0.225,0.225
"N4","PASS",5,"o1_equal_mid",0.125,0.25,0.9,0.8000001,"N4-HIGH-PRIOR","P",0.26875,0.225,0.225
"N4","PASS",5,"o1_equal_mid",0.125,0.25,0.9,0.95,"N4-HIGH-PRIOR","P",0.26875,0.225,0.225
"N4","PASS",5,"o1_equal_mid",0.125,0.25,0.9,0.99999999,"N4-HIGH-PRIOR","P",0.26875,0.225,0.225
"N4","PASS",5,"o1_equal_mid",0.125,0.25,0.9,0.999999999999,"N4-HIGH-PRIOR","P",0.26875,0.225,0.225
"N4","PASS",5,"o1_equal_mid",0.125,0.25,0.9,0.99999999999999,"N4-HIGH-PRIOR","P",0.26875,0.225,0.225
"N4","PASS",5,"o1_equal_mid",0.125,0.25,0.9,1,"N4-HIGH-PRIOR","P",0.26875,0.225,0.225
"N4","PASS",5,"o1_equal_mid",0.125,0.25,0.99,0,"N4-NU-ZERO","L",0.2265625,0.12375,0.2475
"N4","PASS",5,"o1_equal_mid",0.125,0.25,0.99,1e-14,"N4-NO-PURE-PBE","NONE",NA,NA,NA
"N4","PASS",5,"o1_equal_mid",0.125,0.25,0.99,1e-12,"N4-NO-PURE-PBE","NONE",NA,NA,NA
"N4","PASS",5,"o1_equal_mid",0.125,0.25,0.99,1e-08,"N4-NO-PURE-PBE","NONE",NA,NA,NA
"N4","PASS",5,"o1_equal_mid",0.125,0.25,0.99,0.05,"N4-NO-PURE-PBE","NONE",NA,NA,NA
"N4","PASS",5,"o1_equal_mid",0.125,0.25,0.99,0.142857042857143,"N4-NO-PURE-PBE","NONE",NA,NA,NA
"N4","PASS",5,"o1_equal_mid",0.125,0.25,0.99,0.142857132857143,"N4-NO-PURE-PBE","NONE",NA,NA,NA
"N4","PASS",5,"o1_equal_mid",0.125,0.25,0.99,0.142857142856143,"N4-NO-PURE-PBE","NONE",NA,NA,NA
"N4","PASS",5,"o1_equal_mid",0.125,0.25,0.99,0.142857142857133,"N4-NO-PURE-PBE","NONE",NA,NA,NA
"N4","PASS",5,"o1_equal_mid",0.125,0.25,0.99,0.142857142857143,"N4-NO-PURE-PBE","NONE",NA,NA,NA
"N4","PASS",5,"o1_equal_mid",0.125,0.25,0.99,0.142857142857153,"N4-HIGH-PRIOR","P",0.195625,0.2475,0.2475
"N4","PASS",5,"o1_equal_mid",0.125,0.25,0.99,0.142857142858143,"N4-HIGH-PRIOR","P",0.195625,0.2475,0.2475
"N4","PASS",5,"o1_equal_mid",0.125,0.25,0.99,0.142857152857143,"N4-HIGH-PRIOR","P",0.195625,0.2475,0.2475
"N4","PASS",5,"o1_equal_mid",0.125,0.25,0.99,0.142857242857143,"N4-HIGH-PRIOR","P",0.195625,0.2475,0.2475
"N4","PASS",5,"o1_equal_mid",0.125,0.25,0.99,0.25,"N4-HIGH-PRIOR","P",0.195625,0.2475,0.2475
"N4","PASS",5,"o1_equal_mid",0.125,0.25,0.99,0.324590063934426,"N4-HIGH-PRIOR","P",0.195625,0.2475,0.2475
"N4","PASS",5,"o1_equal_mid",0.125,0.25,0.99,0.324590153934426,"N4-HIGH-PRIOR","P",0.195625,0.2475,0.2475
"N4","PASS",5,"o1_equal_mid",0.125,0.25,0.99,0.324590163933426,"N4-HIGH-PRIOR","P",0.195625,0.2475,0.2475
"N4","PASS",5,"o1_equal_mid",0.125,0.25,0.99,0.324590163934416,"N4-HIGH-PRIOR","P",0.195625,0.2475,0.2475
"N4","PASS",5,"o1_equal_mid",0.125,0.25,0.99,0.324590163934426,"N4-HIGH-PRIOR","P",0.195625,0.2475,0.2475
"N4","PASS",5,"o1_equal_mid",0.125,0.25,0.99,0.324590163934436,"N4-HIGH-PRIOR","P",0.195625,0.2475,0.2475
"N4","PASS",5,"o1_equal_mid",0.125,0.25,0.99,0.324590163935426,"N4-HIGH-PRIOR","P",0.195625,0.2475,0.2475
"N4","PASS",5,"o1_equal_mid",0.125,0.25,0.99,0.324590173934426,"N4-HIGH-PRIOR","P",0.195625,0.2475,0.2475
"N4","PASS",5,"o1_equal_mid",0.125,0.25,0.99,0.324590263934426,"N4-HIGH-PRIOR","P",0.195625,0.2475,0.2475
"N4","PASS",5,"o1_equal_mid",0.125,0.25,0.99,0.5,"N4-HIGH-PRIOR","P",0.195625,0.2475,0.2475
"N4","PASS",5,"o1_equal_mid",0.125,0.25,0.99,0.75,"N4-HIGH-PRIOR","P",0.195625,0.2475,0.2475
"N4","PASS",5,"o1_equal_mid",0.125,0.25,0.99,0.95,"N4-HIGH-PRIOR","P",0.195625,0.2475,0.2475
"N4","PASS",5,"o1_equal_mid",0.125,0.25,0.99,0.9799999,"N4-HIGH-PRIOR","P",0.195625,0.2475,0.2475
"N4","PASS",5,"o1_equal_mid",0.125,0.25,0.99,0.97999999,"N4-HIGH-PRIOR","P",0.195625,0.2475,0.2475
"N4","PASS",5,"o1_equal_mid",0.125,0.25,0.99,0.979999999999,"N4-HIGH-PRIOR","P",0.195625,0.2475,0.2475
"N4","PASS",5,"o1_equal_mid",0.125,0.25,0.99,0.97999999999999,"N4-HIGH-PRIOR","P",0.195625,0.2475,0.2475
"N4","PASS",5,"o1_equal_mid",0.125,0.25,0.99,0.98,"N4-HIGH-PRIOR","P",0.195625,0.2475,0.2475
"N4","PASS",5,"o1_equal_mid",0.125,0.25,0.99,0.98000000000001,"N4-HIGH-PRIOR","P",0.195625,0.2475,0.2475
"N4","PASS",5,"o1_equal_mid",0.125,0.25,0.99,0.980000000001,"N4-HIGH-PRIOR","P",0.195625,0.2475,0.2475
"N4","PASS",5,"o1_equal_mid",0.125,0.25,0.99,0.98000001,"N4-HIGH-PRIOR","P",0.195625,0.2475,0.2475
"N4","PASS",5,"o1_equal_mid",0.125,0.25,0.99,0.9800001,"N4-HIGH-PRIOR","P",0.195625,0.2475,0.2475
"N4","PASS",5,"o1_equal_mid",0.125,0.25,0.99,0.99999999,"N4-HIGH-PRIOR","P",0.195625,0.2475,0.2475
"N4","PASS",5,"o1_equal_mid",0.125,0.25,0.99,0.999999999999,"N4-HIGH-PRIOR","P",0.195625,0.2475,0.2475
"N4","PASS",5,"o1_equal_mid",0.125,0.25,0.99,0.99999999999999,"N4-HIGH-PRIOR","P",0.195625,0.2475,0.2475
"N4","PASS",5,"o1_equal_mid",0.125,0.25,0.99,1,"N4-HIGH-PRIOR","P",0.195625,0.2475,0.2475
"N4","PASS",5,"cross",0.125,0.4375,0.5,0,"N4-NU-ZERO","L",0.609375,0.0625,0.21875
"N4","PASS",5,"cross",0.125,0.4375,0.5,1e-14,"N4-NO-PURE-PBE","NONE",NA,NA,NA
"N4","PASS",5,"cross",0.125,0.4375,0.5,1e-12,"N4-NO-PURE-PBE","NONE",NA,NA,NA
"N4","PASS",5,"cross",0.125,0.4375,0.5,1e-08,"N4-NO-PURE-PBE","NONE",NA,NA,NA
"N4","PASS",5,"cross",0.125,0.4375,0.5,0.05,"N4-NO-PURE-PBE","NONE",NA,NA,NA
"N4","PASS",5,"cross",0.125,0.4375,0.5,0.0909089909090909,"N4-NO-PURE-PBE","NONE",NA,NA,NA
"N4","PASS",5,"cross",0.125,0.4375,0.5,0.0909090809090909,"N4-NO-PURE-PBE","NONE",NA,NA,NA
"N4","PASS",5,"cross",0.125,0.4375,0.5,0.0909090909080909,"N4-NO-PURE-PBE","NONE",NA,NA,NA
"N4","PASS",5,"cross",0.125,0.4375,0.5,0.0909090909090809,"N4-NO-PURE-PBE","NONE",NA,NA,NA
"N4","PASS",5,"cross",0.125,0.4375,0.5,0.0909090909090909,"N4-NO-PURE-PBE","NONE",NA,NA,NA
"N4","PASS",5,"cross",0.125,0.4375,0.5,0.0909090909091009,"N4-NO-PURE-PBE","NONE",NA,NA,NA
"N4","PASS",5,"cross",0.125,0.4375,0.5,0.0909090909100909,"N4-NO-PURE-PBE","NONE",NA,NA,NA
"N4","PASS",5,"cross",0.125,0.4375,0.5,0.0909091009090909,"N4-NO-PURE-PBE","NONE",NA,NA,NA
"N4","PASS",5,"cross",0.125,0.4375,0.5,0.0909091909090909,"N4-NO-PURE-PBE","NONE",NA,NA,NA
"N4","PASS",5,"cross",0.125,0.4375,0.5,0.25,"N4-NO-PURE-PBE","NONE",NA,NA,NA
"N4","PASS",5,"cross",0.125,0.4375,0.5,0.357142757142857,"N4-NO-PURE-PBE","NONE",NA,NA,NA
"N4","PASS",5,"cross",0.125,0.4375,0.5,0.357142847142857,"N4-NO-PURE-PBE","NONE",NA,NA,NA
"N4","PASS",5,"cross",0.125,0.4375,0.5,0.357142857141857,"N4-NO-PURE-PBE","NONE",NA,NA,NA
"N4","PASS",5,"cross",0.125,0.4375,0.5,0.357142857142847,"N4-NO-PURE-PBE","NONE",NA,NA,NA
"N4","PASS",5,"cross",0.125,0.4375,0.5,0.357142857142857,"N4-NO-PURE-PBE","NONE",NA,NA,NA
"N4","PASS",5,"cross",0.125,0.4375,0.5,0.357142857142867,"N4-HIGH-PRIOR","P",0.5703125,0.21875,0.21875
"N4","PASS",5,"cross",0.125,0.4375,0.5,0.357142857143857,"N4-HIGH-PRIOR","P",0.5703125,0.21875,0.21875
"N4","PASS",5,"cross",0.125,0.4375,0.5,0.357142867142857,"N4-HIGH-PRIOR","P",0.5703125,0.21875,0.21875
"N4","PASS",5,"cross",0.125,0.4375,0.5,0.357142957142857,"N4-HIGH-PRIOR","P",0.5703125,0.21875,0.21875
"N4","PASS",5,"cross",0.125,0.4375,0.5,0.5,"N4-HIGH-PRIOR","P",0.5703125,0.21875,0.21875
"N4","PASS",5,"cross",0.125,0.4375,0.5,0.75,"N4-HIGH-PRIOR","P",0.5703125,0.21875,0.21875
"N4","PASS",5,"cross",0.125,0.4375,0.5,0.95,"N4-HIGH-PRIOR","P",0.5703125,0.21875,0.21875
"N4","PASS",5,"cross",0.125,0.4375,0.5,0.99999999,"N4-HIGH-PRIOR","P",0.5703125,0.21875,0.21875
"N4","PASS",5,"cross",0.125,0.4375,0.5,0.999999999999,"N4-HIGH-PRIOR","P",0.5703125,0.21875,0.21875
"N4","PASS",5,"cross",0.125,0.4375,0.5,0.99999999999999,"N4-HIGH-PRIOR","P",0.5703125,0.21875,0.21875
"N4","PASS",5,"cross",0.125,0.4375,0.5,1,"N4-HIGH-PRIOR","P",0.5703125,0.21875,0.21875
"N4","PASS",5,"cross",0.125,0.4375,0.9,0,"N4-NU-ZERO","L",0.296875,0.1125,0.39375
"N4","PASS",5,"cross",0.125,0.4375,0.9,1e-14,"N4-NO-PURE-PBE","NONE",NA,NA,NA
"N4","PASS",5,"cross",0.125,0.4375,0.9,1e-12,"N4-NO-PURE-PBE","NONE",NA,NA,NA
"N4","PASS",5,"cross",0.125,0.4375,0.9,1e-08,"N4-NO-PURE-PBE","NONE",NA,NA,NA
"N4","PASS",5,"cross",0.125,0.4375,0.9,0.05,"N4-NO-PURE-PBE","NONE",NA,NA,NA
"N4","PASS",5,"cross",0.125,0.4375,0.9,0.25,"N4-NO-PURE-PBE","NONE",NA,NA,NA
"N4","PASS",5,"cross",0.125,0.4375,0.9,0.257142757142857,"N4-NO-PURE-PBE","NONE",NA,NA,NA
"N4","PASS",5,"cross",0.125,0.4375,0.9,0.257142847142857,"N4-NO-PURE-PBE","NONE",NA,NA,NA
"N4","PASS",5,"cross",0.125,0.4375,0.9,0.257142857141857,"N4-NO-PURE-PBE","NONE",NA,NA,NA
"N4","PASS",5,"cross",0.125,0.4375,0.9,0.257142857142847,"N4-NO-PURE-PBE","NONE",NA,NA,NA
"N4","PASS",5,"cross",0.125,0.4375,0.9,0.257142857142857,"N4-NO-PURE-PBE","NONE",NA,NA,NA
"N4","PASS",5,"cross",0.125,0.4375,0.9,0.257142857142867,"N4-NO-PURE-PBE","NONE",NA,NA,NA
"N4","PASS",5,"cross",0.125,0.4375,0.9,0.257142857143857,"N4-NO-PURE-PBE","NONE",NA,NA,NA
"N4","PASS",5,"cross",0.125,0.4375,0.9,0.257142867142857,"N4-NO-PURE-PBE","NONE",NA,NA,NA
"N4","PASS",5,"cross",0.125,0.4375,0.9,0.257142957142857,"N4-NO-PURE-PBE","NONE",NA,NA,NA
"N4","PASS",5,"cross",0.125,0.4375,0.9,0.357142757142857,"N4-NO-PURE-PBE","NONE",NA,NA,NA
"N4","PASS",5,"cross",0.125,0.4375,0.9,0.357142847142857,"N4-NO-PURE-PBE","NONE",NA,NA,NA
"N4","PASS",5,"cross",0.125,0.4375,0.9,0.357142857141857,"N4-NO-PURE-PBE","NONE",NA,NA,NA
"N4","PASS",5,"cross",0.125,0.4375,0.9,0.357142857142847,"N4-NO-PURE-PBE","NONE",NA,NA,NA
"N4","PASS",5,"cross",0.125,0.4375,0.9,0.357142857142857,"N4-NO-PURE-PBE","NONE",NA,NA,NA
"N4","PASS",5,"cross",0.125,0.4375,0.9,0.357142857142867,"N4-HIGH-PRIOR","P",0.2265625,0.39375,0.39375
"N4","PASS",5,"cross",0.125,0.4375,0.9,0.357142857143857,"N4-HIGH-PRIOR","P",0.2265625,0.39375,0.39375
"N4","PASS",5,"cross",0.125,0.4375,0.9,0.357142867142857,"N4-HIGH-PRIOR","P",0.2265625,0.39375,0.39375
"N4","PASS",5,"cross",0.125,0.4375,0.9,0.357142957142857,"N4-HIGH-PRIOR","P",0.2265625,0.39375,0.39375
"N4","PASS",5,"cross",0.125,0.4375,0.9,0.5,"N4-HIGH-PRIOR","P",0.2265625,0.39375,0.39375
"N4","PASS",5,"cross",0.125,0.4375,0.9,0.75,"N4-HIGH-PRIOR","P",0.2265625,0.39375,0.39375
"N4","PASS",5,"cross",0.125,0.4375,0.9,0.95,"N4-HIGH-PRIOR","P",0.2265625,0.39375,0.39375
"N4","PASS",5,"cross",0.125,0.4375,0.9,0.99999999,"N4-HIGH-PRIOR","P",0.2265625,0.39375,0.39375
"N4","PASS",5,"cross",0.125,0.4375,0.9,0.999999999999,"N4-HIGH-PRIOR","P",0.2265625,0.39375,0.39375
"N4","PASS",5,"cross",0.125,0.4375,0.9,0.99999999999999,"N4-HIGH-PRIOR","P",0.2265625,0.39375,0.39375
"N4","PASS",5,"cross",0.125,0.4375,0.9,1,"N4-HIGH-PRIOR","P",0.2265625,0.39375,0.39375
"N4","PASS",5,"cross",0.125,0.4375,0.99,0,"N4-NU-ZERO","L",0.2265625,0.12375,0.433125
"N4","PASS",5,"cross",0.125,0.4375,0.99,1e-14,"N4-NO-PURE-PBE","NONE",NA,NA,NA
"N4","PASS",5,"cross",0.125,0.4375,0.99,1e-12,"N4-NO-PURE-PBE","NONE",NA,NA,NA
"N4","PASS",5,"cross",0.125,0.4375,0.99,1e-08,"N4-NO-PURE-PBE","NONE",NA,NA,NA
"N4","PASS",5,"cross",0.125,0.4375,0.99,0.05,"N4-NO-PURE-PBE","NONE",NA,NA,NA
"N4","PASS",5,"cross",0.125,0.4375,0.99,0.25,"N4-NO-PURE-PBE","NONE",NA,NA,NA
"N4","PASS",5,"cross",0.125,0.4375,0.99,0.324590063934426,"N4-NO-PURE-PBE","NONE",NA,NA,NA
"N4","PASS",5,"cross",0.125,0.4375,0.99,0.324590153934426,"N4-NO-PURE-PBE","NONE",NA,NA,NA
"N4","PASS",5,"cross",0.125,0.4375,0.99,0.324590163933426,"N4-NO-PURE-PBE","NONE",NA,NA,NA
"N4","PASS",5,"cross",0.125,0.4375,0.99,0.324590163934416,"N4-NO-PURE-PBE","NONE",NA,NA,NA
"N4","PASS",5,"cross",0.125,0.4375,0.99,0.324590163934426,"N4-NO-PURE-PBE","NONE",NA,NA,NA
"N4","PASS",5,"cross",0.125,0.4375,0.99,0.324590163934436,"N4-NO-PURE-PBE","NONE",NA,NA,NA
"N4","PASS",5,"cross",0.125,0.4375,0.99,0.324590163935426,"N4-NO-PURE-PBE","NONE",NA,NA,NA
"N4","PASS",5,"cross",0.125,0.4375,0.99,0.324590173934426,"N4-NO-PURE-PBE","NONE",NA,NA,NA
"N4","PASS",5,"cross",0.125,0.4375,0.99,0.324590263934426,"N4-NO-PURE-PBE","NONE",NA,NA,NA
"N4","PASS",5,"cross",0.125,0.4375,0.99,0.357142757142857,"N4-NO-PURE-PBE","NONE",NA,NA,NA
"N4","PASS",5,"cross",0.125,0.4375,0.99,0.357142847142857,"N4-NO-PURE-PBE","NONE",NA,NA,NA
"N4","PASS",5,"cross",0.125,0.4375,0.99,0.357142857141857,"N4-NO-PURE-PBE","NONE",NA,NA,NA
"N4","PASS",5,"cross",0.125,0.4375,0.99,0.357142857142847,"N4-NO-PURE-PBE","NONE",NA,NA,NA
"N4","PASS",5,"cross",0.125,0.4375,0.99,0.357142857142857,"N4-NO-PURE-PBE","NONE",NA,NA,NA
"N4","PASS",5,"cross",0.125,0.4375,0.99,0.357142857142867,"N4-HIGH-PRIOR","P",0.14921875,0.433125,0.433125
"N4","PASS",5,"cross",0.125,0.4375,0.99,0.357142857143857,"N4-HIGH-PRIOR","P",0.14921875,0.433125,0.433125
"N4","PASS",5,"cross",0.125,0.4375,0.99,0.357142867142857,"N4-HIGH-PRIOR","P",0.14921875,0.433125,0.433125
"N4","PASS",5,"cross",0.125,0.4375,0.99,0.357142957142857,"N4-HIGH-PRIOR","P",0.14921875,0.433125,0.433125
"N4","PASS",5,"cross",0.125,0.4375,0.99,0.5,"N4-HIGH-PRIOR","P",0.14921875,0.433125,0.433125
"N4","PASS",5,"cross",0.125,0.4375,0.99,0.75,"N4-HIGH-PRIOR","P",0.14921875,0.433125,0.433125
"N4","PASS",5,"cross",0.125,0.4375,0.99,0.95,"N4-HIGH-PRIOR","P",0.14921875,0.433125,0.433125
"N4","PASS",5,"cross",0.125,0.4375,0.99,0.99999999,"N4-HIGH-PRIOR","P",0.14921875,0.433125,0.433125
"N4","PASS",5,"cross",0.125,0.4375,0.99,0.999999999999,"N4-HIGH-PRIOR","P",0.14921875,0.433125,0.433125
"N4","PASS",5,"cross",0.125,0.4375,0.99,0.99999999999999,"N4-HIGH-PRIOR","P",0.14921875,0.433125,0.433125
"N4","PASS",5,"cross",0.125,0.4375,0.99,1,"N4-HIGH-PRIOR","P",0.14921875,0.433125,0.433125
"N4","PASS",5,"o0_equal",0.25,0.4375,0.5,0,"N4-NU-ZERO","L",0.59375,0.125,0.21875
"N4","PASS",5,"o0_equal",0.25,0.4375,0.5,1e-14,"N4-NO-PURE-PBE","NONE",NA,NA,NA
"N4","PASS",5,"o0_equal",0.25,0.4375,0.5,1e-12,"N4-NO-PURE-PBE","NONE",NA,NA,NA
"N4","PASS",5,"o0_equal",0.25,0.4375,0.5,1e-08,"N4-NO-PURE-PBE","NONE",NA,NA,NA
"N4","PASS",5,"o0_equal",0.25,0.4375,0.5,0.05,"N4-NO-PURE-PBE","NONE",NA,NA,NA
"N4","PASS",5,"o0_equal",0.25,0.4375,0.5,0.2499999,"N4-NO-PURE-PBE","NONE",NA,NA,NA
"N4","PASS",5,"o0_equal",0.25,0.4375,0.5,0.24999999,"N4-NO-PURE-PBE","NONE",NA,NA,NA
"N4","PASS",5,"o0_equal",0.25,0.4375,0.5,0.249999999999,"N4-NO-PURE-PBE","NONE",NA,NA,NA
"N4","PASS",5,"o0_equal",0.25,0.4375,0.5,0.24999999999999,"N4-NO-PURE-PBE","NONE",NA,NA,NA
"N4","PASS",5,"o0_equal",0.25,0.4375,0.5,0.25,"N4-NO-PURE-PBE","NONE",NA,NA,NA
"N4","PASS",5,"o0_equal",0.25,0.4375,0.5,0.25000000000001,"N4-HIGH-PRIOR","P",0.5703125,0.21875,0.21875
"N4","PASS",5,"o0_equal",0.25,0.4375,0.5,0.250000000001,"N4-HIGH-PRIOR","P",0.5703125,0.21875,0.21875
"N4","PASS",5,"o0_equal",0.25,0.4375,0.5,0.25000001,"N4-HIGH-PRIOR","P",0.5703125,0.21875,0.21875
"N4","PASS",5,"o0_equal",0.25,0.4375,0.5,0.2500001,"N4-HIGH-PRIOR","P",0.5703125,0.21875,0.21875
"N4","PASS",5,"o0_equal",0.25,0.4375,0.5,0.5,"N4-HIGH-PRIOR","P",0.5703125,0.21875,0.21875
"N4","PASS",5,"o0_equal",0.25,0.4375,0.5,0.75,"N4-HIGH-PRIOR","P",0.5703125,0.21875,0.21875
"N4","PASS",5,"o0_equal",0.25,0.4375,0.5,0.95,"N4-HIGH-PRIOR","P",0.5703125,0.21875,0.21875
"N4","PASS",5,"o0_equal",0.25,0.4375,0.5,0.99999999,"N4-HIGH-PRIOR","P",0.5703125,0.21875,0.21875
"N4","PASS",5,"o0_equal",0.25,0.4375,0.5,0.999999999999,"N4-HIGH-PRIOR","P",0.5703125,0.21875,0.21875
"N4","PASS",5,"o0_equal",0.25,0.4375,0.5,0.99999999999999,"N4-HIGH-PRIOR","P",0.5703125,0.21875,0.21875
"N4","PASS",5,"o0_equal",0.25,0.4375,0.5,1,"N4-HIGH-PRIOR","P",0.5703125,0.21875,0.21875
"N4","PASS",5,"o0_equal",0.25,0.4375,0.9,0,"N4-NU-ZERO","L",0.26875,0.225,0.39375
"N4","PASS",5,"o0_equal",0.25,0.4375,0.9,1e-14,"N4-NO-PURE-PBE","NONE",NA,NA,NA
"N4","PASS",5,"o0_equal",0.25,0.4375,0.9,1e-12,"N4-NO-PURE-PBE","NONE",NA,NA,NA
"N4","PASS",5,"o0_equal",0.25,0.4375,0.9,1e-08,"N4-NO-PURE-PBE","NONE",NA,NA,NA
"N4","PASS",5,"o0_equal",0.25,0.4375,0.9,0.05,"N4-NO-PURE-PBE","NONE",NA,NA,NA
"N4","PASS",5,"o0_equal",0.25,0.4375,0.9,0.2499999,"N4-NO-PURE-PBE","NONE",NA,NA,NA
"N4","PASS",5,"o0_equal",0.25,0.4375,0.9,0.24999999,"N4-NO-PURE-PBE","NONE",NA,NA,NA
"N4","PASS",5,"o0_equal",0.25,0.4375,0.9,0.249999999999,"N4-NO-PURE-PBE","NONE",NA,NA,NA
"N4","PASS",5,"o0_equal",0.25,0.4375,0.9,0.24999999999999,"N4-NO-PURE-PBE","NONE",NA,NA,NA
"N4","PASS",5,"o0_equal",0.25,0.4375,0.9,0.25,"N4-NO-PURE-PBE","NONE",NA,NA,NA
"N4","PASS",5,"o0_equal",0.25,0.4375,0.9,0.25000000000001,"N4-HIGH-PRIOR","P",0.2265625,0.39375,0.39375
"N4","PASS",5,"o0_equal",0.25,0.4375,0.9,0.250000000001,"N4-HIGH-PRIOR","P",0.2265625,0.39375,0.39375
"N4","PASS",5,"o0_equal",0.25,0.4375,0.9,0.25000001,"N4-HIGH-PRIOR","P",0.2265625,0.39375,0.39375
"N4","PASS",5,"o0_equal",0.25,0.4375,0.9,0.2500001,"N4-HIGH-PRIOR","P",0.2265625,0.39375,0.39375
"N4","PASS",5,"o0_equal",0.25,0.4375,0.9,0.5,"N4-HIGH-PRIOR","P",0.2265625,0.39375,0.39375
"N4","PASS",5,"o0_equal",0.25,0.4375,0.9,0.75,"N4-HIGH-PRIOR","P",0.2265625,0.39375,0.39375
"N4","PASS",5,"o0_equal",0.25,0.4375,0.9,0.95,"N4-HIGH-PRIOR","P",0.2265625,0.39375,0.39375
"N4","PASS",5,"o0_equal",0.25,0.4375,0.9,0.99999999,"N4-HIGH-PRIOR","P",0.2265625,0.39375,0.39375
"N4","PASS",5,"o0_equal",0.25,0.4375,0.9,0.999999999999,"N4-HIGH-PRIOR","P",0.2265625,0.39375,0.39375
"N4","PASS",5,"o0_equal",0.25,0.4375,0.9,0.99999999999999,"N4-HIGH-PRIOR","P",0.2265625,0.39375,0.39375
"N4","PASS",5,"o0_equal",0.25,0.4375,0.9,1,"N4-HIGH-PRIOR","P",0.2265625,0.39375,0.39375
"N4","PASS",5,"o0_equal",0.25,0.4375,0.99,0,"N4-NU-ZERO","L",0.195625,0.2475,0.433125
"N4","PASS",5,"o0_equal",0.25,0.4375,0.99,1e-14,"N4-NO-PURE-PBE","NONE",NA,NA,NA
"N4","PASS",5,"o0_equal",0.25,0.4375,0.99,1e-12,"N4-NO-PURE-PBE","NONE",NA,NA,NA
"N4","PASS",5,"o0_equal",0.25,0.4375,0.99,1e-08,"N4-NO-PURE-PBE","NONE",NA,NA,NA
"N4","PASS",5,"o0_equal",0.25,0.4375,0.99,0.05,"N4-NO-PURE-PBE","NONE",NA,NA,NA
"N4","PASS",5,"o0_equal",0.25,0.4375,0.99,0.2499999,"N4-NO-PURE-PBE","NONE",NA,NA,NA
"N4","PASS",5,"o0_equal",0.25,0.4375,0.99,0.24999999,"N4-NO-PURE-PBE","NONE",NA,NA,NA
"N4","PASS",5,"o0_equal",0.25,0.4375,0.99,0.249999999999,"N4-NO-PURE-PBE","NONE",NA,NA,NA
"N4","PASS",5,"o0_equal",0.25,0.4375,0.99,0.24999999999999,"N4-NO-PURE-PBE","NONE",NA,NA,NA
"N4","PASS",5,"o0_equal",0.25,0.4375,0.99,0.25,"N4-NO-PURE-PBE","NONE",NA,NA,NA
"N4","PASS",5,"o0_equal",0.25,0.4375,0.99,0.25000000000001,"N4-HIGH-PRIOR","P",0.14921875,0.433125,0.433125
"N4","PASS",5,"o0_equal",0.25,0.4375,0.99,0.250000000001,"N4-HIGH-PRIOR","P",0.14921875,0.433125,0.433125
"N4","PASS",5,"o0_equal",0.25,0.4375,0.99,0.25000001,"N4-HIGH-PRIOR","P",0.14921875,0.433125,0.433125
"N4","PASS",5,"o0_equal",0.25,0.4375,0.99,0.2500001,"N4-HIGH-PRIOR","P",0.14921875,0.433125,0.433125
"N4","PASS",5,"o0_equal",0.25,0.4375,0.99,0.5,"N4-HIGH-PRIOR","P",0.14921875,0.433125,0.433125
"N4","PASS",5,"o0_equal",0.25,0.4375,0.99,0.75,"N4-HIGH-PRIOR","P",0.14921875,0.433125,0.433125
"N4","PASS",5,"o0_equal",0.25,0.4375,0.99,0.95,"N4-HIGH-PRIOR","P",0.14921875,0.433125,0.433125
"N4","PASS",5,"o0_equal",0.25,0.4375,0.99,0.99999999,"N4-HIGH-PRIOR","P",0.14921875,0.433125,0.433125
"N4","PASS",5,"o0_equal",0.25,0.4375,0.99,0.999999999999,"N4-HIGH-PRIOR","P",0.14921875,0.433125,0.433125
"N4","PASS",5,"o0_equal",0.25,0.4375,0.99,0.99999999999999,"N4-HIGH-PRIOR","P",0.14921875,0.433125,0.433125
"N4","PASS",5,"o0_equal",0.25,0.4375,0.99,1,"N4-HIGH-PRIOR","P",0.14921875,0.433125,0.433125
"N4","PASS",5,"above",0.4,0.5875,0.5,0,"N4-NU-ZERO","L",0.575,0.2,0.29375
"N4","PASS",5,"above",0.4,0.5875,0.5,1e-14,"N4-NO-PURE-PBE","NONE",NA,NA,NA
"N4","PASS",5,"above",0.4,0.5875,0.5,1e-12,"N4-NO-PURE-PBE","NONE",NA,NA,NA
"N4","PASS",5,"above",0.4,0.5875,0.5,1e-08,"N4-NO-PURE-PBE","NONE",NA,NA,NA
"N4","PASS",5,"above",0.4,0.5875,0.5,0.05,"N4-NO-PURE-PBE","NONE",NA,NA,NA
"N4","PASS",5,"above",0.4,0.5875,0.5,0.25,"N4-NO-PURE-PBE","NONE",NA,NA,NA
"N4","PASS",5,"above",0.4,0.5875,0.5,0.3124999,"N4-NO-PURE-PBE","NONE",NA,NA,NA
"N4","PASS",5,"above",0.4,0.5875,0.5,0.31249999,"N4-NO-PURE-PBE","NONE",NA,NA,NA
"N4","PASS",5,"above",0.4,0.5875,0.5,0.312499999999,"N4-NO-PURE-PBE","NONE",NA,NA,NA
"N4","PASS",5,"above",0.4,0.5875,0.5,0.31249999999999,"N4-NO-PURE-PBE","NONE",NA,NA,NA
"N4","PASS",5,"above",0.4,0.5875,0.5,0.3125,"N4-NO-PURE-PBE","NONE",NA,NA,NA
"N4","PASS",5,"above",0.4,0.5875,0.5,0.31250000000001,"N4-HIGH-PRIOR","P",0.5515625,0.29375,0.29375
"N4","PASS",5,"above",0.4,0.5875,0.5,0.312500000001,"N4-HIGH-PRIOR","P",0.5515625,0.29375,0.29375
"N4","PASS",5,"above",0.4,0.5875,0.5,0.31250001,"N4-HIGH-PRIOR","P",0.5515625,0.29375,0.29375
"N4","PASS",5,"above",0.4,0.5875,0.5,0.3125001,"N4-HIGH-PRIOR","P",0.5515625,0.29375,0.29375
"N4","PASS",5,"above",0.4,0.5875,0.5,0.5,"N4-HIGH-PRIOR","P",0.5515625,0.29375,0.29375
"N4","PASS",5,"above",0.4,0.5875,0.5,0.75,"N4-HIGH-PRIOR","P",0.5515625,0.29375,0.29375
"N4","PASS",5,"above",0.4,0.5875,0.5,0.95,"N4-HIGH-PRIOR","P",0.5515625,0.29375,0.29375
"N4","PASS",5,"above",0.4,0.5875,0.5,0.99999999,"N4-HIGH-PRIOR","P",0.5515625,0.29375,0.29375
"N4","PASS",5,"above",0.4,0.5875,0.5,0.999999999999,"N4-HIGH-PRIOR","P",0.5515625,0.29375,0.29375
"N4","PASS",5,"above",0.4,0.5875,0.5,0.99999999999999,"N4-HIGH-PRIOR","P",0.5515625,0.29375,0.29375
"N4","PASS",5,"above",0.4,0.5875,0.5,1,"N4-HIGH-PRIOR","P",0.5515625,0.29375,0.29375
"N4","PASS",5,"above",0.4,0.5875,0.9,0,"N4-NU-ZERO","L",0.235,0.36,0.52875
"N4","PASS",5,"above",0.4,0.5875,0.9,1e-14,"N4-NO-PURE-PBE","NONE",NA,NA,NA
"N4","PASS",5,"above",0.4,0.5875,0.9,1e-12,"N4-NO-PURE-PBE","NONE",NA,NA,NA
"N4","PASS",5,"above",0.4,0.5875,0.9,1e-08,"N4-NO-PURE-PBE","NONE",NA,NA,NA
"N4","PASS",5,"above",0.4,0.5875,0.9,0.05,"N4-NO-PURE-PBE","NONE",NA,NA,NA
"N4","PASS",5,"above",0.4,0.5875,0.9,0.25,"N4-NO-PURE-PBE","NONE",NA,NA,NA
"N4","PASS",5,"above",0.4,0.5875,0.9,0.3124999,"N4-NO-PURE-PBE","NONE",NA,NA,NA
"N4","PASS",5,"above",0.4,0.5875,0.9,0.31249999,"N4-NO-PURE-PBE","NONE",NA,NA,NA
"N4","PASS",5,"above",0.4,0.5875,0.9,0.312499999999,"N4-NO-PURE-PBE","NONE",NA,NA,NA
"N4","PASS",5,"above",0.4,0.5875,0.9,0.31249999999999,"N4-NO-PURE-PBE","NONE",NA,NA,NA
"N4","PASS",5,"above",0.4,0.5875,0.9,0.3125,"N4-NO-PURE-PBE","NONE",NA,NA,NA
"N4","PASS",5,"above",0.4,0.5875,0.9,0.31250000000001,"N4-HIGH-PRIOR","P",0.1928125,0.52875,0.52875
"N4","PASS",5,"above",0.4,0.5875,0.9,0.312500000001,"N4-HIGH-PRIOR","P",0.1928125,0.52875,0.52875
"N4","PASS",5,"above",0.4,0.5875,0.9,0.31250001,"N4-HIGH-PRIOR","P",0.1928125,0.52875,0.52875
"N4","PASS",5,"above",0.4,0.5875,0.9,0.3125001,"N4-HIGH-PRIOR","P",0.1928125,0.52875,0.52875
"N4","PASS",5,"above",0.4,0.5875,0.9,0.5,"N4-HIGH-PRIOR","P",0.1928125,0.52875,0.52875
"N4","PASS",5,"above",0.4,0.5875,0.9,0.75,"N4-HIGH-PRIOR","P",0.1928125,0.52875,0.52875
"N4","PASS",5,"above",0.4,0.5875,0.9,0.95,"N4-HIGH-PRIOR","P",0.1928125,0.52875,0.52875
"N4","PASS",5,"above",0.4,0.5875,0.9,0.99999999,"N4-HIGH-PRIOR","P",0.1928125,0.52875,0.52875
"N4","PASS",5,"above",0.4,0.5875,0.9,0.999999999999,"N4-HIGH-PRIOR","P",0.1928125,0.52875,0.52875
"N4","PASS",5,"above",0.4,0.5875,0.9,0.99999999999999,"N4-HIGH-PRIOR","P",0.1928125,0.52875,0.52875
"N4","PASS",5,"above",0.4,0.5875,0.9,1,"N4-HIGH-PRIOR","P",0.1928125,0.52875,0.52875
"N4","PASS",5,"above",0.4,0.5875,0.99,0,"N4-NU-ZERO","L",0.1585,0.396,0.581625
"N4","PASS",5,"above",0.4,0.5875,0.99,1e-14,"N4-NO-PURE-PBE","NONE",NA,NA,NA
"N4","PASS",5,"above",0.4,0.5875,0.99,1e-12,"N4-NO-PURE-PBE","NONE",NA,NA,NA
"N4","PASS",5,"above",0.4,0.5875,0.99,1e-08,"N4-NO-PURE-PBE","NONE",NA,NA,NA
"N4","PASS",5,"above",0.4,0.5875,0.99,0.05,"N4-NO-PURE-PBE","NONE",NA,NA,NA
"N4","PASS",5,"above",0.4,0.5875,0.99,0.25,"N4-NO-PURE-PBE","NONE",NA,NA,NA
"N4","PASS",5,"above",0.4,0.5875,0.99,0.3124999,"N4-NO-PURE-PBE","NONE",NA,NA,NA
"N4","PASS",5,"above",0.4,0.5875,0.99,0.31249999,"N4-NO-PURE-PBE","NONE",NA,NA,NA
"N4","PASS",5,"above",0.4,0.5875,0.99,0.312499999999,"N4-NO-PURE-PBE","NONE",NA,NA,NA
"N4","PASS",5,"above",0.4,0.5875,0.99,0.31249999999999,"N4-NO-PURE-PBE","NONE",NA,NA,NA
"N4","PASS",5,"above",0.4,0.5875,0.99,0.3125,"N4-NO-PURE-PBE","NONE",NA,NA,NA
"N4","PASS",5,"above",0.4,0.5875,0.99,0.31250000000001,"N4-HIGH-PRIOR","P",0.11209375,0.581625,0.581625
"N4","PASS",5,"above",0.4,0.5875,0.99,0.312500000001,"N4-HIGH-PRIOR","P",0.11209375,0.581625,0.581625
"N4","PASS",5,"above",0.4,0.5875,0.99,0.31250001,"N4-HIGH-PRIOR","P",0.11209375,0.581625,0.581625
"N4","PASS",5,"above",0.4,0.5875,0.99,0.3125001,"N4-HIGH-PRIOR","P",0.11209375,0.581625,0.581625
"N4","PASS",5,"above",0.4,0.5875,0.99,0.5,"N4-HIGH-PRIOR","P",0.11209375,0.581625,0.581625
"N4","PASS",5,"above",0.4,0.5875,0.99,0.75,"N4-HIGH-PRIOR","P",0.11209375,0.581625,0.581625
"N4","PASS",5,"above",0.4,0.5875,0.99,0.95,"N4-HIGH-PRIOR","P",0.11209375,0.581625,0.581625
"N4","PASS",5,"above",0.4,0.5875,0.99,0.99999999,"N4-HIGH-PRIOR","P",0.11209375,0.581625,0.581625
"N4","PASS",5,"above",0.4,0.5875,0.99,0.999999999999,"N4-HIGH-PRIOR","P",0.11209375,0.581625,0.581625
"N4","PASS",5,"above",0.4,0.5875,0.99,0.99999999999999,"N4-HIGH-PRIOR","P",0.11209375,0.581625,0.581625
"N4","PASS",5,"above",0.4,0.5875,0.99,1,"N4-HIGH-PRIOR","P",0.11209375,0.581625,0.581625
"N4","PASS",5,"wide_cross",0.025,0.775,0.5,0,"N4-NU-ZERO","L",0.621875,0.0125,0.3875
"N4","PASS",5,"wide_cross",0.025,0.775,0.5,1e-14,"N4-NO-PURE-PBE","NONE",NA,NA,NA
"N4","PASS",5,"wide_cross",0.025,0.775,0.5,1e-12,"N4-NO-PURE-PBE","NONE",NA,NA,NA
"N4","PASS",5,"wide_cross",0.025,0.775,0.5,1e-08,"N4-NO-PURE-PBE","NONE",NA,NA,NA
"N4","PASS",5,"wide_cross",0.025,0.775,0.5,0.05,"N4-NO-PURE-PBE","NONE",NA,NA,NA
"N4","PASS",5,"wide_cross",0.025,0.775,0.5,0.152542272881356,"N4-NO-PURE-PBE","NONE",NA,NA,NA
"N4","PASS",5,"wide_cross",0.025,0.775,0.5,0.152542362881356,"N4-NO-PURE-PBE","NONE",NA,NA,NA
"N4","PASS",5,"wide_cross",0.025,0.775,0.5,0.152542372880356,"N4-NO-PURE-PBE","NONE",NA,NA,NA
"N4","PASS",5,"wide_cross",0.025,0.775,0.5,0.152542372881346,"N4-NO-PURE-PBE","NONE",NA,NA,NA
"N4","PASS",5,"wide_cross",0.025,0.775,0.5,0.152542372881356,"N4-NO-PURE-PBE","NONE",NA,NA,NA
"N4","PASS",5,"wide_cross",0.025,0.775,0.5,0.152542372881366,"N4-NO-PURE-PBE","NONE",NA,NA,NA
"N4","PASS",5,"wide_cross",0.025,0.775,0.5,0.152542372882356,"N4-NO-PURE-PBE","NONE",NA,NA,NA
"N4","PASS",5,"wide_cross",0.025,0.775,0.5,0.152542382881356,"N4-NO-PURE-PBE","NONE",NA,NA,NA
"N4","PASS",5,"wide_cross",0.025,0.775,0.5,0.152542472881356,"N4-NO-PURE-PBE","NONE",NA,NA,NA
"N4","PASS",5,"wide_cross",0.025,0.775,0.5,0.25,"N4-NO-PURE-PBE","NONE",NA,NA,NA
"N4","PASS",5,"wide_cross",0.025,0.775,0.5,0.5,"N4-NO-PURE-PBE","NONE",NA,NA,NA
"N4","PASS",5,"wide_cross",0.025,0.775,0.5,0.75,"N4-NO-PURE-PBE","NONE",NA,NA,NA
"N4","PASS",5,"wide_cross",0.025,0.775,0.5,0.769230669230769,"N4-NO-PURE-PBE","NONE",NA,NA,NA
"N4","PASS",5,"wide_cross",0.025,0.775,0.5,0.769230759230769,"N4-NO-PURE-PBE","NONE",NA,NA,NA
"N4","PASS",5,"wide_cross",0.025,0.775,0.5,0.769230769229769,"N4-NO-PURE-PBE","NONE",NA,NA,NA
"N4","PASS",5,"wide_cross",0.025,0.775,0.5,0.769230769230759,"N4-NO-PURE-PBE","NONE",NA,NA,NA
"N4","PASS",5,"wide_cross",0.025,0.775,0.5,0.769230769230769,"N4-NO-PURE-PBE","NONE",NA,NA,NA
"N4","PASS",5,"wide_cross",0.025,0.775,0.5,0.769230769230779,"N4-HIGH-PRIOR","P",0.528125,0.3875,0.3875
"N4","PASS",5,"wide_cross",0.025,0.775,0.5,0.769230769231769,"N4-HIGH-PRIOR","P",0.528125,0.3875,0.3875
"N4","PASS",5,"wide_cross",0.025,0.775,0.5,0.769230779230769,"N4-HIGH-PRIOR","P",0.528125,0.3875,0.3875
"N4","PASS",5,"wide_cross",0.025,0.775,0.5,0.769230869230769,"N4-HIGH-PRIOR","P",0.528125,0.3875,0.3875
"N4","PASS",5,"wide_cross",0.025,0.775,0.5,0.95,"N4-HIGH-PRIOR","P",0.528125,0.3875,0.3875
"N4","PASS",5,"wide_cross",0.025,0.775,0.5,0.99999999,"N4-HIGH-PRIOR","P",0.528125,0.3875,0.3875
"N4","PASS",5,"wide_cross",0.025,0.775,0.5,0.999999999999,"N4-HIGH-PRIOR","P",0.528125,0.3875,0.3875
"N4","PASS",5,"wide_cross",0.025,0.775,0.5,0.99999999999999,"N4-HIGH-PRIOR","P",0.528125,0.3875,0.3875
"N4","PASS",5,"wide_cross",0.025,0.775,0.5,1,"N4-HIGH-PRIOR","P",0.528125,0.3875,0.3875
"N4","PASS",5,"wide_cross",0.025,0.775,0.9,0,"N4-NU-ZERO","L",0.319375,0.0225,0.6975
"N4","PASS",5,"wide_cross",0.025,0.775,0.9,1e-14,"N4-NO-PURE-PBE","NONE",NA,NA,NA
"N4","PASS",5,"wide_cross",0.025,0.775,0.9,1e-12,"N4-NO-PURE-PBE","NONE",NA,NA,NA
"N4","PASS",5,"wide_cross",0.025,0.775,0.9,1e-08,"N4-NO-PURE-PBE","NONE",NA,NA,NA
"N4","PASS",5,"wide_cross",0.025,0.775,0.9,0.05,"N4-NO-PURE-PBE","NONE",NA,NA,NA
"N4","PASS",5,"wide_cross",0.025,0.775,0.9,0.25,"N4-NO-PURE-PBE","NONE",NA,NA,NA
"N4","PASS",5,"wide_cross",0.025,0.775,0.9,0.383886155924171,"N4-NO-PURE-PBE","NONE",NA,NA,NA
"N4","PASS",5,"wide_cross",0.025,0.775,0.9,0.383886245924171,"N4-NO-PURE-PBE","NONE",NA,NA,NA
"N4","PASS",5,"wide_cross",0.025,0.775,0.9,0.383886255923171,"N4-NO-PURE-PBE","NONE",NA,NA,NA
"N4","PASS",5,"wide_cross",0.025,0.775,0.9,0.383886255924161,"N4-NO-PURE-PBE","NONE",NA,NA,NA
"N4","PASS",5,"wide_cross",0.025,0.775,0.9,0.383886255924171,"N4-NO-PURE-PBE","NONE",NA,NA,NA
"N4","PASS",5,"wide_cross",0.025,0.775,0.9,0.383886255924181,"N4-NO-PURE-PBE","NONE",NA,NA,NA
"N4","PASS",5,"wide_cross",0.025,0.775,0.9,0.383886255925171,"N4-NO-PURE-PBE","NONE",NA,NA,NA
"N4","PASS",5,"wide_cross",0.025,0.775,0.9,0.383886265924171,"N4-NO-PURE-PBE","NONE",NA,NA,NA
"N4","PASS",5,"wide_cross",0.025,0.775,0.9,0.383886355924171,"N4-NO-PURE-PBE","NONE",NA,NA,NA
"N4","PASS",5,"wide_cross",0.025,0.775,0.9,0.5,"N4-NO-PURE-PBE","NONE",NA,NA,NA
"N4","PASS",5,"wide_cross",0.025,0.775,0.9,0.75,"N4-NO-PURE-PBE","NONE",NA,NA,NA
"N4","PASS",5,"wide_cross",0.025,0.775,0.9,0.769230669230769,"N4-NO-PURE-PBE","NONE",NA,NA,NA
"N4","PASS",5,"wide_cross",0.025,0.775,0.9,0.769230759230769,"N4-NO-PURE-PBE","NONE",NA,NA,NA
"N4","PASS",5,"wide_cross",0.025,0.775,0.9,0.769230769229769,"N4-NO-PURE-PBE","NONE",NA,NA,NA
"N4","PASS",5,"wide_cross",0.025,0.775,0.9,0.769230769230759,"N4-NO-PURE-PBE","NONE",NA,NA,NA
"N4","PASS",5,"wide_cross",0.025,0.775,0.9,0.769230769230769,"N4-NO-PURE-PBE","NONE",NA,NA,NA
"N4","PASS",5,"wide_cross",0.025,0.775,0.9,0.769230769230779,"N4-HIGH-PRIOR","P",0.150625,0.6975,0.6975
"N4","PASS",5,"wide_cross",0.025,0.775,0.9,0.769230769231769,"N4-HIGH-PRIOR","P",0.150625,0.6975,0.6975
"N4","PASS",5,"wide_cross",0.025,0.775,0.9,0.769230779230769,"N4-HIGH-PRIOR","P",0.150625,0.6975,0.6975
"N4","PASS",5,"wide_cross",0.025,0.775,0.9,0.769230869230769,"N4-HIGH-PRIOR","P",0.150625,0.6975,0.6975
"N4","PASS",5,"wide_cross",0.025,0.775,0.9,0.95,"N4-HIGH-PRIOR","P",0.150625,0.6975,0.6975
"N4","PASS",5,"wide_cross",0.025,0.775,0.9,0.99999999,"N4-HIGH-PRIOR","P",0.150625,0.6975,0.6975
"N4","PASS",5,"wide_cross",0.025,0.775,0.9,0.999999999999,"N4-HIGH-PRIOR","P",0.150625,0.6975,0.6975
"N4","PASS",5,"wide_cross",0.025,0.775,0.9,0.99999999999999,"N4-HIGH-PRIOR","P",0.150625,0.6975,0.6975
"N4","PASS",5,"wide_cross",0.025,0.775,0.9,1,"N4-HIGH-PRIOR","P",0.150625,0.6975,0.6975
"N4","PASS",5,"wide_cross",0.025,0.775,0.99,0,"N4-NU-ZERO","L",0.2513125,0.02475,0.76725
"N4","PASS",5,"wide_cross",0.025,0.775,0.99,1e-14,"N4-NO-PURE-PBE","NONE",NA,NA,NA
"N4","PASS",5,"wide_cross",0.025,0.775,0.99,1e-12,"N4-NO-PURE-PBE","NONE",NA,NA,NA
"N4","PASS",5,"wide_cross",0.025,0.775,0.99,1e-08,"N4-NO-PURE-PBE","NONE",NA,NA,NA
"N4","PASS",5,"wide_cross",0.025,0.775,0.99,0.05,"N4-NO-PURE-PBE","NONE",NA,NA,NA
"N4","PASS",5,"wide_cross",0.025,0.775,0.99,0.25,"N4-NO-PURE-PBE","NONE",NA,NA,NA
"N4","PASS",5,"wide_cross",0.025,0.775,0.99,0.463820826600729,"N4-NO-PURE-PBE","NONE",NA,NA,NA
"N4","PASS",5,"wide_cross",0.025,0.775,0.99,0.463820916600729,"N4-NO-PURE-PBE","NONE",NA,NA,NA
"N4","PASS",5,"wide_cross",0.025,0.775,0.99,0.463820926599729,"N4-NO-PURE-PBE","NONE",NA,NA,NA
"N4","PASS",5,"wide_cross",0.025,0.775,0.99,0.463820926600719,"N4-NO-PURE-PBE","NONE",NA,NA,NA
"N4","PASS",5,"wide_cross",0.025,0.775,0.99,0.463820926600729,"N4-NO-PURE-PBE","NONE",NA,NA,NA
"N4","PASS",5,"wide_cross",0.025,0.775,0.99,0.463820926600739,"N4-NO-PURE-PBE","NONE",NA,NA,NA
"N4","PASS",5,"wide_cross",0.025,0.775,0.99,0.463820926601729,"N4-NO-PURE-PBE","NONE",NA,NA,NA
"N4","PASS",5,"wide_cross",0.025,0.775,0.99,0.463820936600729,"N4-NO-PURE-PBE","NONE",NA,NA,NA
"N4","PASS",5,"wide_cross",0.025,0.775,0.99,0.463821026600729,"N4-NO-PURE-PBE","NONE",NA,NA,NA
"N4","PASS",5,"wide_cross",0.025,0.775,0.99,0.5,"N4-NO-PURE-PBE","NONE",NA,NA,NA
"N4","PASS",5,"wide_cross",0.025,0.775,0.99,0.75,"N4-NO-PURE-PBE","NONE",NA,NA,NA
"N4","PASS",5,"wide_cross",0.025,0.775,0.99,0.769230669230769,"N4-NO-PURE-PBE","NONE",NA,NA,NA
"N4","PASS",5,"wide_cross",0.025,0.775,0.99,0.769230759230769,"N4-NO-PURE-PBE","NONE",NA,NA,NA
"N4","PASS",5,"wide_cross",0.025,0.775,0.99,0.769230769229769,"N4-NO-PURE-PBE","NONE",NA,NA,NA
"N4","PASS",5,"wide_cross",0.025,0.775,0.99,0.769230769230759,"N4-NO-PURE-PBE","NONE",NA,NA,NA
"N4","PASS",5,"wide_cross",0.025,0.775,0.99,0.769230769230769,"N4-NO-PURE-PBE","NONE",NA,NA,NA
"N4","PASS",5,"wide_cross",0.025,0.775,0.99,0.769230769230779,"N4-HIGH-PRIOR","P",0.0656875000000001,0.76725,0.76725
"N4","PASS",5,"wide_cross",0.025,0.775,0.99,0.769230769231769,"N4-HIGH-PRIOR","P",0.0656875000000001,0.76725,0.76725
"N4","PASS",5,"wide_cross",0.025,0.775,0.99,0.769230779230769,"N4-HIGH-PRIOR","P",0.0656875000000001,0.76725,0.76725
"N4","PASS",5,"wide_cross",0.025,0.775,0.99,0.769230869230769,"N4-HIGH-PRIOR","P",0.0656875000000001,0.76725,0.76725
"N4","PASS",5,"wide_cross",0.025,0.775,0.99,0.95,"N4-HIGH-PRIOR","P",0.0656875000000001,0.76725,0.76725
"N4","PASS",5,"wide_cross",0.025,0.775,0.99,0.99999999,"N4-HIGH-PRIOR","P",0.0656875000000001,0.76725,0.76725
"N4","PASS",5,"wide_cross",0.025,0.775,0.99,0.999999999999,"N4-HIGH-PRIOR","P",0.0656875000000001,0.76725,0.76725
"N4","PASS",5,"wide_cross",0.025,0.775,0.99,0.99999999999999,"N4-HIGH-PRIOR","P",0.0656875000000001,0.76725,0.76725
"N4","PASS",5,"wide_cross",0.025,0.775,0.99,1,"N4-HIGH-PRIOR","P",0.0656875000000001,0.76725,0.76725
"N4","PASS",5,"o1_below_tiny",0.125,0.249999999999,0.5,0,"N4-NU-ZERO","L",0.609375,0.0625,0.1249999999995
"N4","PASS",5,"o1_below_tiny",0.125,0.249999999999,0.5,1e-14,"N4-NO-PURE-PBE","NONE",NA,NA,NA
"N4","PASS",5,"o1_below_tiny",0.125,0.249999999999,0.5,1e-12,"N4-NO-PURE-PBE","NONE",NA,NA,NA
"N4","PASS",5,"o1_below_tiny",0.125,0.249999999999,0.5,1e-08,"N4-NO-PURE-PBE","NONE",NA,NA,NA
"N4","PASS",5,"o1_below_tiny",0.125,0.249999999999,0.5,0.05,"N4-NO-PURE-PBE","NONE",NA,NA,NA
"N4","PASS",5,"o1_below_tiny",0.125,0.249999999999,0.5,0.0909089909083636,"N4-NO-PURE-PBE","NONE",NA,NA,NA
"N4","PASS",5,"o1_below_tiny",0.125,0.249999999999,0.5,0.0909089909090909,"N4-NO-PURE-PBE","NONE",NA,NA,NA
"N4","PASS",5,"o1_below_tiny",0.125,0.249999999999,0.5,0.0909090809083636,"N4-NO-PURE-PBE","NONE",NA,NA,NA
"N4","PASS",5,"o1_below_tiny",0.125,0.249999999999,0.5,0.0909090809090909,"N4-NO-PURE-PBE","NONE",NA,NA,NA
"N4","PASS",5,"o1_below_tiny",0.125,0.249999999999,0.5,0.0909090909073636,"N4-NO-PURE-PBE","NONE",NA,NA,NA
"N4","PASS",5,"o1_below_tiny",0.125,0.249999999999,0.5,0.0909090909080909,"N4-NO-PURE-PBE","NONE",NA,NA,NA
"N4","PASS",5,"o1_below_tiny",0.125,0.249999999999,0.5,0.0909090909083536,"N4-NO-PURE-PBE","NONE",NA,NA,NA
"N4","PASS",5,"o1_below_tiny",0.125,0.249999999999,0.5,0.0909090909083636,"N4-NO-PURE-PBE","NONE",NA,NA,NA
"N4","PASS",5,"o1_below_tiny",0.125,0.249999999999,0.5,0.0909090909083736,"N4-NO-PURE-PBE","NONE",NA,NA,NA
"N4","PASS",5,"o1_below_tiny",0.125,0.249999999999,0.5,0.0909090909090809,"N4-NO-PURE-PBE","NONE",NA,NA,NA
"N4","PASS",5,"o1_below_tiny",0.125,0.249999999999,0.5,0.0909090909090909,"N4-NO-PURE-PBE","NONE",NA,NA,NA
"N4","PASS",5,"o1_below_tiny",0.125,0.249999999999,0.5,0.0909090909091009,"N4-NO-PURE-PBE","NONE",NA,NA,NA
"N4","PASS",5,"o1_below_tiny",0.125,0.249999999999,0.5,0.0909090909093636,"N4-NO-PURE-PBE","NONE",NA,NA,NA
"N4","PASS",5,"o1_below_tiny",0.125,0.249999999999,0.5,0.0909090909100909,"N4-NO-PURE-PBE","NONE",NA,NA,NA
"N4","PASS",5,"o1_below_tiny",0.125,0.249999999999,0.5,0.0909091009083636,"N4-NO-PURE-PBE","NONE",NA,NA,NA
"N4","PASS",5,"o1_below_tiny",0.125,0.249999999999,0.5,0.0909091009090909,"N4-NO-PURE-PBE","NONE",NA,NA,NA
"N4","PASS",5,"o1_below_tiny",0.125,0.249999999999,0.5,0.0909091909083636,"N4-NO-PURE-PBE","NONE",NA,NA,NA
"N4","PASS",5,"o1_below_tiny",0.125,0.249999999999,0.5,0.0909091909090909,"N4-NO-PURE-PBE","NONE",NA,NA,NA
"N4","PASS",5,"o1_below_tiny",0.125,0.249999999999,0.5,0.142857042856,"N4-NO-PURE-PBE","NONE",NA,NA,NA
"N4","PASS",5,"o1_below_tiny",0.125,0.249999999999,0.5,0.142857132856,"N4-NO-PURE-PBE","NONE",NA,NA,NA
"N4","PASS",5,"o1_below_tiny",0.125,0.249999999999,0.5,0.142857142855,"N4-NO-PURE-PBE","NONE",NA,NA,NA
"N4","PASS",5,"o1_below_tiny",0.125,0.249999999999,0.5,0.14285714285599,"N4-NO-PURE-PBE","NONE",NA,NA,NA
"N4","PASS",5,"o1_below_tiny",0.125,0.249999999999,0.5,0.142857142856,"N4-NO-PURE-PBE","NONE",NA,NA,NA
"N4","PASS",5,"o1_below_tiny",0.125,0.249999999999,0.5,0.14285714285601,"N4-HIGH-PRIOR","P",0.593750000000125,0.1249999999995,0.1249999999995
"N4","PASS",5,"o1_below_tiny",0.125,0.249999999999,0.5,0.142857142857,"N4-HIGH-PRIOR","P",0.593750000000125,0.1249999999995,0.1249999999995
"N4","PASS",5,"o1_below_tiny",0.125,0.249999999999,0.5,0.142857152856,"N4-HIGH-PRIOR","P",0.593750000000125,0.1249999999995,0.1249999999995
"N4","PASS",5,"o1_below_tiny",0.125,0.249999999999,0.5,0.142857242856,"N4-HIGH-PRIOR","P",0.593750000000125,0.1249999999995,0.1249999999995
"N4","PASS",5,"o1_below_tiny",0.125,0.249999999999,0.5,0.25,"N4-HIGH-PRIOR","P",0.593750000000125,0.1249999999995,0.1249999999995
"N4","PASS",5,"o1_below_tiny",0.125,0.249999999999,0.5,0.5,"N4-HIGH-PRIOR","P",0.593750000000125,0.1249999999995,0.1249999999995
"N4","PASS",5,"o1_below_tiny",0.125,0.249999999999,0.5,0.75,"N4-HIGH-PRIOR","P",0.593750000000125,0.1249999999995,0.1249999999995
"N4","PASS",5,"o1_below_tiny",0.125,0.249999999999,0.5,0.95,"N4-HIGH-PRIOR","P",0.593750000000125,0.1249999999995,0.1249999999995
"N4","PASS",5,"o1_below_tiny",0.125,0.249999999999,0.5,0.99999999,"N4-HIGH-PRIOR","P",0.593750000000125,0.1249999999995,0.1249999999995
"N4","PASS",5,"o1_below_tiny",0.125,0.249999999999,0.5,0.999999999999,"N4-HIGH-PRIOR","P",0.593750000000125,0.1249999999995,0.1249999999995
"N4","PASS",5,"o1_below_tiny",0.125,0.249999999999,0.5,0.99999999999999,"N4-HIGH-PRIOR","P",0.593750000000125,0.1249999999995,0.1249999999995
"N4","PASS",5,"o1_below_tiny",0.125,0.249999999999,0.5,1,"N4-HIGH-PRIOR","P",0.593750000000125,0.1249999999995,0.1249999999995
"N4","PASS",5,"o1_below_tiny",0.125,0.249999999999,0.9,0,"N4-NU-ZERO","L",0.296875,0.1125,0.2249999999991
"N4","PASS",5,"o1_below_tiny",0.125,0.249999999999,0.9,1e-14,"N4-NO-PURE-PBE","NONE",NA,NA,NA
"N4","PASS",5,"o1_below_tiny",0.125,0.249999999999,0.9,1e-12,"N4-NO-PURE-PBE","NONE",NA,NA,NA
"N4","PASS",5,"o1_below_tiny",0.125,0.249999999999,0.9,1e-08,"N4-NO-PURE-PBE","NONE",NA,NA,NA
"N4","PASS",5,"o1_below_tiny",0.125,0.249999999999,0.9,0.05,"N4-NO-PURE-PBE","NONE",NA,NA,NA
"N4","PASS",5,"o1_below_tiny",0.125,0.249999999999,0.9,0.142857042856,"N4-NO-PURE-PBE","NONE",NA,NA,NA
"N4","PASS",5,"o1_below_tiny",0.125,0.249999999999,0.9,0.142857132856,"N4-NO-PURE-PBE","NONE",NA,NA,NA
"N4","PASS",5,"o1_below_tiny",0.125,0.249999999999,0.9,0.142857142855,"N4-NO-PURE-PBE","NONE",NA,NA,NA
"N4","PASS",5,"o1_below_tiny",0.125,0.249999999999,0.9,0.14285714285599,"N4-NO-PURE-PBE","NONE",NA,NA,NA
"N4","PASS",5,"o1_below_tiny",0.125,0.249999999999,0.9,0.142857142856,"N4-NO-PURE-PBE","NONE",NA,NA,NA
"N4","PASS",5,"o1_below_tiny",0.125,0.249999999999,0.9,0.14285714285601,"N4-HIGH-PRIOR","P",0.268750000000225,0.2249999999991,0.2249999999991
"N4","PASS",5,"o1_below_tiny",0.125,0.249999999999,0.9,0.142857142857,"N4-HIGH-PRIOR","P",0.268750000000225,0.2249999999991,0.2249999999991
"N4","PASS",5,"o1_below_tiny",0.125,0.249999999999,0.9,0.142857152856,"N4-HIGH-PRIOR","P",0.268750000000225,0.2249999999991,0.2249999999991
"N4","PASS",5,"o1_below_tiny",0.125,0.249999999999,0.9,0.142857242856,"N4-HIGH-PRIOR","P",0.268750000000225,0.2249999999991,0.2249999999991
"N4","PASS",5,"o1_below_tiny",0.125,0.249999999999,0.9,0.25,"N4-HIGH-PRIOR","P",0.268750000000225,0.2249999999991,0.2249999999991
"N4","PASS",5,"o1_below_tiny",0.125,0.249999999999,0.9,0.2571427571408,"N4-HIGH-PRIOR","P",0.268750000000225,0.2249999999991,0.2249999999991
"N4","PASS",5,"o1_below_tiny",0.125,0.249999999999,0.9,0.257142757142857,"N4-HIGH-PRIOR","P",0.268750000000225,0.2249999999991,0.2249999999991
"N4","PASS",5,"o1_below_tiny",0.125,0.249999999999,0.9,0.2571428471408,"N4-HIGH-PRIOR","P",0.268750000000225,0.2249999999991,0.2249999999991
"N4","PASS",5,"o1_below_tiny",0.125,0.249999999999,0.9,0.257142847142857,"N4-HIGH-PRIOR","P",0.268750000000225,0.2249999999991,0.2249999999991
"N4","PASS",5,"o1_below_tiny",0.125,0.249999999999,0.9,0.2571428571398,"N4-HIGH-PRIOR","P",0.268750000000225,0.2249999999991,0.2249999999991
"N4","PASS",5,"o1_below_tiny",0.125,0.249999999999,0.9,0.25714285714079,"N4-HIGH-PRIOR","P",0.268750000000225,0.2249999999991,0.2249999999991
"N4","PASS",5,"o1_below_tiny",0.125,0.249999999999,0.9,0.2571428571408,"N4-HIGH-PRIOR","P",0.268750000000225,0.2249999999991,0.2249999999991
"N4","PASS",5,"o1_below_tiny",0.125,0.249999999999,0.9,0.25714285714081,"N4-HIGH-PRIOR","P",0.268750000000225,0.2249999999991,0.2249999999991
"N4","PASS",5,"o1_below_tiny",0.125,0.249999999999,0.9,0.2571428571418,"N4-HIGH-PRIOR","P",0.268750000000225,0.2249999999991,0.2249999999991
"N4","PASS",5,"o1_below_tiny",0.125,0.249999999999,0.9,0.257142857141857,"N4-HIGH-PRIOR","P",0.268750000000225,0.2249999999991,0.2249999999991
"N4","PASS",5,"o1_below_tiny",0.125,0.249999999999,0.9,0.257142857142847,"N4-HIGH-PRIOR","P",0.268750000000225,0.2249999999991,0.2249999999991
"N4","PASS",5,"o1_below_tiny",0.125,0.249999999999,0.9,0.257142857142857,"N4-HIGH-PRIOR","P",0.268750000000225,0.2249999999991,0.2249999999991
"N4","PASS",5,"o1_below_tiny",0.125,0.249999999999,0.9,0.257142857142867,"N4-HIGH-PRIOR","P",0.268750000000225,0.2249999999991,0.2249999999991
"N4","PASS",5,"o1_below_tiny",0.125,0.249999999999,0.9,0.257142857143857,"N4-HIGH-PRIOR","P",0.268750000000225,0.2249999999991,0.2249999999991
"N4","PASS",5,"o1_below_tiny",0.125,0.249999999999,0.9,0.2571428671408,"N4-HIGH-PRIOR","P",0.268750000000225,0.2249999999991,0.2249999999991
"N4","PASS",5,"o1_below_tiny",0.125,0.249999999999,0.9,0.257142867142857,"N4-HIGH-PRIOR","P",0.268750000000225,0.2249999999991,0.2249999999991
"N4","PASS",5,"o1_below_tiny",0.125,0.249999999999,0.9,0.2571429571408,"N4-HIGH-PRIOR","P",0.268750000000225,0.2249999999991,0.2249999999991
"N4","PASS",5,"o1_below_tiny",0.125,0.249999999999,0.9,0.257142957142857,"N4-HIGH-PRIOR","P",0.268750000000225,0.2249999999991,0.2249999999991
"N4","PASS",5,"o1_below_tiny",0.125,0.249999999999,0.9,0.5,"N4-HIGH-PRIOR","P",0.268750000000225,0.2249999999991,0.2249999999991
"N4","PASS",5,"o1_below_tiny",0.125,0.249999999999,0.9,0.75,"N4-HIGH-PRIOR","P",0.268750000000225,0.2249999999991,0.2249999999991
"N4","PASS",5,"o1_below_tiny",0.125,0.249999999999,0.9,0.95,"N4-HIGH-PRIOR","P",0.268750000000225,0.2249999999991,0.2249999999991
"N4","PASS",5,"o1_below_tiny",0.125,0.249999999999,0.9,0.99999999,"N4-HIGH-PRIOR","P",0.268750000000225,0.2249999999991,0.2249999999991
"N4","PASS",5,"o1_below_tiny",0.125,0.249999999999,0.9,0.999999999999,"N4-HIGH-PRIOR","P",0.268750000000225,0.2249999999991,0.2249999999991
"N4","PASS",5,"o1_below_tiny",0.125,0.249999999999,0.9,0.99999999999999,"N4-HIGH-PRIOR","P",0.268750000000225,0.2249999999991,0.2249999999991
"N4","PASS",5,"o1_below_tiny",0.125,0.249999999999,0.9,1,"N4-HIGH-PRIOR","P",0.268750000000225,0.2249999999991,0.2249999999991
"N4","PASS",5,"o1_below_tiny",0.125,0.249999999999,0.99,0,"N4-NU-ZERO","L",0.2265625,0.12375,0.24749999999901
"N4","PASS",5,"o1_below_tiny",0.125,0.249999999999,0.99,1e-14,"N4-NO-PURE-PBE","NONE",NA,NA,NA
"N4","PASS",5,"o1_below_tiny",0.125,0.249999999999,0.99,1e-12,"N4-NO-PURE-PBE","NONE",NA,NA,NA
"N4","PASS",5,"o1_below_tiny",0.125,0.249999999999,0.99,1e-08,"N4-NO-PURE-PBE","NONE",NA,NA,NA
"N4","PASS",5,"o1_below_tiny",0.125,0.249999999999,0.99,0.05,"N4-NO-PURE-PBE","NONE",NA,NA,NA
"N4","PASS",5,"o1_below_tiny",0.125,0.249999999999,0.99,0.142857042856,"N4-NO-PURE-PBE","NONE",NA,NA,NA
"N4","PASS",5,"o1_below_tiny",0.125,0.249999999999,0.99,0.142857132856,"N4-NO-PURE-PBE","NONE",NA,NA,NA
"N4","PASS",5,"o1_below_tiny",0.125,0.249999999999,0.99,0.142857142855,"N4-NO-PURE-PBE","NONE",NA,NA,NA
"N4","PASS",5,"o1_below_tiny",0.125,0.249999999999,0.99,0.14285714285599,"N4-NO-PURE-PBE","NONE",NA,NA,NA
"N4","PASS",5,"o1_below_tiny",0.125,0.249999999999,0.99,0.142857142856,"N4-NO-PURE-PBE","NONE",NA,NA,NA
"N4","PASS",5,"o1_below_tiny",0.125,0.249999999999,0.99,0.14285714285601,"N4-HIGH-PRIOR","P",0.195625000000248,0.24749999999901,0.24749999999901
"N4","PASS",5,"o1_below_tiny",0.125,0.249999999999,0.99,0.142857142857,"N4-HIGH-PRIOR","P",0.195625000000248,0.24749999999901,0.24749999999901
"N4","PASS",5,"o1_below_tiny",0.125,0.249999999999,0.99,0.142857152856,"N4-HIGH-PRIOR","P",0.195625000000248,0.24749999999901,0.24749999999901
"N4","PASS",5,"o1_below_tiny",0.125,0.249999999999,0.99,0.142857242856,"N4-HIGH-PRIOR","P",0.195625000000248,0.24749999999901,0.24749999999901
"N4","PASS",5,"o1_below_tiny",0.125,0.249999999999,0.99,0.25,"N4-HIGH-PRIOR","P",0.195625000000248,0.24749999999901,0.24749999999901
"N4","PASS",5,"o1_below_tiny",0.125,0.249999999999,0.99,0.32459006393183,"N4-HIGH-PRIOR","P",0.195625000000248,0.24749999999901,0.24749999999901
"N4","PASS",5,"o1_below_tiny",0.125,0.249999999999,0.99,0.324590063934426,"N4-HIGH-PRIOR","P",0.195625000000248,0.24749999999901,0.24749999999901
"N4","PASS",5,"o1_below_tiny",0.125,0.249999999999,0.99,0.32459015393183,"N4-HIGH-PRIOR","P",0.195625000000248,0.24749999999901,0.24749999999901
"N4","PASS",5,"o1_below_tiny",0.125,0.249999999999,0.99,0.324590153934426,"N4-HIGH-PRIOR","P",0.195625000000248,0.24749999999901,0.24749999999901
"N4","PASS",5,"o1_below_tiny",0.125,0.249999999999,0.99,0.32459016393083,"N4-HIGH-PRIOR","P",0.195625000000248,0.24749999999901,0.24749999999901
"N4","PASS",5,"o1_below_tiny",0.125,0.249999999999,0.99,0.32459016393182,"N4-HIGH-PRIOR","P",0.195625000000248,0.24749999999901,0.24749999999901
"N4","PASS",5,"o1_below_tiny",0.125,0.249999999999,0.99,0.32459016393183,"N4-HIGH-PRIOR","P",0.195625000000248,0.24749999999901,0.24749999999901
"N4","PASS",5,"o1_below_tiny",0.125,0.249999999999,0.99,0.32459016393184,"N4-HIGH-PRIOR","P",0.195625000000248,0.24749999999901,0.24749999999901
"N4","PASS",5,"o1_below_tiny",0.125,0.249999999999,0.99,0.32459016393283,"N4-HIGH-PRIOR","P",0.195625000000248,0.24749999999901,0.24749999999901
"N4","PASS",5,"o1_below_tiny",0.125,0.249999999999,0.99,0.324590163933426,"N4-HIGH-PRIOR","P",0.195625000000248,0.24749999999901,0.24749999999901
"N4","PASS",5,"o1_below_tiny",0.125,0.249999999999,0.99,0.324590163934416,"N4-HIGH-PRIOR","P",0.195625000000248,0.24749999999901,0.24749999999901
"N4","PASS",5,"o1_below_tiny",0.125,0.249999999999,0.99,0.324590163934426,"N4-HIGH-PRIOR","P",0.195625000000248,0.24749999999901,0.24749999999901
"N4","PASS",5,"o1_below_tiny",0.125,0.249999999999,0.99,0.324590163934436,"N4-HIGH-PRIOR","P",0.195625000000248,0.24749999999901,0.24749999999901
"N4","PASS",5,"o1_below_tiny",0.125,0.249999999999,0.99,0.324590163935426,"N4-HIGH-PRIOR","P",0.195625000000248,0.24749999999901,0.24749999999901
"N4","PASS",5,"o1_below_tiny",0.125,0.249999999999,0.99,0.32459017393183,"N4-HIGH-PRIOR","P",0.195625000000248,0.24749999999901,0.24749999999901
"N4","PASS",5,"o1_below_tiny",0.125,0.249999999999,0.99,0.324590173934426,"N4-HIGH-PRIOR","P",0.195625000000248,0.24749999999901,0.24749999999901
"N4","PASS",5,"o1_below_tiny",0.125,0.249999999999,0.99,0.32459026393183,"N4-HIGH-PRIOR","P",0.195625000000248,0.24749999999901,0.24749999999901
"N4","PASS",5,"o1_below_tiny",0.125,0.249999999999,0.99,0.324590263934426,"N4-HIGH-PRIOR","P",0.195625000000248,0.24749999999901,0.24749999999901
"N4","PASS",5,"o1_below_tiny",0.125,0.249999999999,0.99,0.5,"N4-HIGH-PRIOR","P",0.195625000000248,0.24749999999901,0.24749999999901
"N4","PASS",5,"o1_below_tiny",0.125,0.249999999999,0.99,0.75,"N4-HIGH-PRIOR","P",0.195625000000248,0.24749999999901,0.24749999999901
"N4","PASS",5,"o1_below_tiny",0.125,0.249999999999,0.99,0.95,"N4-HIGH-PRIOR","P",0.195625000000248,0.24749999999901,0.24749999999901
"N4","PASS",5,"o1_below_tiny",0.125,0.249999999999,0.99,0.99999999,"N4-HIGH-PRIOR","P",0.195625000000248,0.24749999999901,0.24749999999901
"N4","PASS",5,"o1_below_tiny",0.125,0.249999999999,0.99,0.999999999999,"N4-HIGH-PRIOR","P",0.195625000000248,0.24749999999901,0.24749999999901
"N4","PASS",5,"o1_below_tiny",0.125,0.249999999999,0.99,0.99999999999999,"N4-HIGH-PRIOR","P",0.195625000000248,0.24749999999901,0.24749999999901
"N4","PASS",5,"o1_below_tiny",0.125,0.249999999999,0.99,1,"N4-HIGH-PRIOR","P",0.195625000000248,0.24749999999901,0.24749999999901
"N4","PASS",5,"o1_above_tiny",0.125,0.250000000001,0.5,0,"N4-NU-ZERO","L",0.609375,0.0625,0.1250000000005
"N4","PASS",5,"o1_above_tiny",0.125,0.250000000001,0.5,1e-14,"N4-NO-PURE-PBE","NONE",NA,NA,NA
"N4","PASS",5,"o1_above_tiny",0.125,0.250000000001,0.5,1e-12,"N4-NO-PURE-PBE","NONE",NA,NA,NA
"N4","PASS",5,"o1_above_tiny",0.125,0.250000000001,0.5,1e-08,"N4-NO-PURE-PBE","NONE",NA,NA,NA
"N4","PASS",5,"o1_above_tiny",0.125,0.250000000001,0.5,0.05,"N4-NO-PURE-PBE","NONE",NA,NA,NA
"N4","PASS",5,"o1_above_tiny",0.125,0.250000000001,0.5,0.0909089909090909,"N4-NO-PURE-PBE","NONE",NA,NA,NA
"N4","PASS",5,"o1_above_tiny",0.125,0.250000000001,0.5,0.0909090809090909,"N4-NO-PURE-PBE","NONE",NA,NA,NA
"N4","PASS",5,"o1_above_tiny",0.125,0.250000000001,0.5,0.0909090909080909,"N4-NO-PURE-PBE","NONE",NA,NA,NA
"N4","PASS",5,"o1_above_tiny",0.125,0.250000000001,0.5,0.0909090909090809,"N4-NO-PURE-PBE","NONE",NA,NA,NA
"N4","PASS",5,"o1_above_tiny",0.125,0.250000000001,0.5,0.0909090909090909,"N4-NO-PURE-PBE","NONE",NA,NA,NA
"N4","PASS",5,"o1_above_tiny",0.125,0.250000000001,0.5,0.0909090909091009,"N4-NO-PURE-PBE","NONE",NA,NA,NA
"N4","PASS",5,"o1_above_tiny",0.125,0.250000000001,0.5,0.0909090909100909,"N4-NO-PURE-PBE","NONE",NA,NA,NA
"N4","PASS",5,"o1_above_tiny",0.125,0.250000000001,0.5,0.0909091009090909,"N4-NO-PURE-PBE","NONE",NA,NA,NA
"N4","PASS",5,"o1_above_tiny",0.125,0.250000000001,0.5,0.0909091909090909,"N4-NO-PURE-PBE","NONE",NA,NA,NA
"N4","PASS",5,"o1_above_tiny",0.125,0.250000000001,0.5,0.142857042858286,"N4-NO-PURE-PBE","NONE",NA,NA,NA
"N4","PASS",5,"o1_above_tiny",0.125,0.250000000001,0.5,0.142857132858286,"N4-NO-PURE-PBE","NONE",NA,NA,NA
"N4","PASS",5,"o1_above_tiny",0.125,0.250000000001,0.5,0.142857142857286,"N4-NO-PURE-PBE","NONE",NA,NA,NA
"N4","PASS",5,"o1_above_tiny",0.125,0.250000000001,0.5,0.142857142858276,"N4-NO-PURE-PBE","NONE",NA,NA,NA
"N4","PASS",5,"o1_above_tiny",0.125,0.250000000001,0.5,0.142857142858286,"N4-NO-PURE-PBE","NONE",NA,NA,NA
"N4","PASS",5,"o1_above_tiny",0.125,0.250000000001,0.5,0.142857142858296,"N4-HIGH-PRIOR","P",0.593749999999875,0.1250000000005,0.1250000000005
"N4","PASS",5,"o1_above_tiny",0.125,0.250000000001,0.5,0.142857142859286,"N4-HIGH-PRIOR","P",0.593749999999875,0.1250000000005,0.1250000000005
"N4","PASS",5,"o1_above_tiny",0.125,0.250000000001,0.5,0.142857152858286,"N4-HIGH-PRIOR","P",0.593749999999875,0.1250000000005,0.1250000000005
"N4","PASS",5,"o1_above_tiny",0.125,0.250000000001,0.5,0.142857242858286,"N4-HIGH-PRIOR","P",0.593749999999875,0.1250000000005,0.1250000000005
"N4","PASS",5,"o1_above_tiny",0.125,0.250000000001,0.5,0.25,"N4-HIGH-PRIOR","P",0.593749999999875,0.1250000000005,0.1250000000005
"N4","PASS",5,"o1_above_tiny",0.125,0.250000000001,0.5,0.5,"N4-HIGH-PRIOR","P",0.593749999999875,0.1250000000005,0.1250000000005
"N4","PASS",5,"o1_above_tiny",0.125,0.250000000001,0.5,0.75,"N4-HIGH-PRIOR","P",0.593749999999875,0.1250000000005,0.1250000000005
"N4","PASS",5,"o1_above_tiny",0.125,0.250000000001,0.5,0.95,"N4-HIGH-PRIOR","P",0.593749999999875,0.1250000000005,0.1250000000005
"N4","PASS",5,"o1_above_tiny",0.125,0.250000000001,0.5,0.99999999,"N4-HIGH-PRIOR","P",0.593749999999875,0.1250000000005,0.1250000000005
"N4","PASS",5,"o1_above_tiny",0.125,0.250000000001,0.5,0.999999999999,"N4-HIGH-PRIOR","P",0.593749999999875,0.1250000000005,0.1250000000005
"N4","PASS",5,"o1_above_tiny",0.125,0.250000000001,0.5,0.99999999999999,"N4-HIGH-PRIOR","P",0.593749999999875,0.1250000000005,0.1250000000005
"N4","PASS",5,"o1_above_tiny",0.125,0.250000000001,0.5,1,"N4-HIGH-PRIOR","P",0.593749999999875,0.1250000000005,0.1250000000005
"N4","PASS",5,"o1_above_tiny",0.125,0.250000000001,0.9,0,"N4-NU-ZERO","L",0.296875,0.1125,0.2250000000009
"N4","PASS",5,"o1_above_tiny",0.125,0.250000000001,0.9,1e-14,"N4-NO-PURE-PBE","NONE",NA,NA,NA
"N4","PASS",5,"o1_above_tiny",0.125,0.250000000001,0.9,1e-12,"N4-NO-PURE-PBE","NONE",NA,NA,NA
"N4","PASS",5,"o1_above_tiny",0.125,0.250000000001,0.9,1e-08,"N4-NO-PURE-PBE","NONE",NA,NA,NA
"N4","PASS",5,"o1_above_tiny",0.125,0.250000000001,0.9,0.05,"N4-NO-PURE-PBE","NONE",NA,NA,NA
"N4","PASS",5,"o1_above_tiny",0.125,0.250000000001,0.9,0.142857042858286,"N4-NO-PURE-PBE","NONE",NA,NA,NA
"N4","PASS",5,"o1_above_tiny",0.125,0.250000000001,0.9,0.142857132858286,"N4-NO-PURE-PBE","NONE",NA,NA,NA
"N4","PASS",5,"o1_above_tiny",0.125,0.250000000001,0.9,0.142857142857286,"N4-NO-PURE-PBE","NONE",NA,NA,NA
"N4","PASS",5,"o1_above_tiny",0.125,0.250000000001,0.9,0.142857142858276,"N4-NO-PURE-PBE","NONE",NA,NA,NA
"N4","PASS",5,"o1_above_tiny",0.125,0.250000000001,0.9,0.142857142858286,"N4-NO-PURE-PBE","NONE",NA,NA,NA
"N4","PASS",5,"o1_above_tiny",0.125,0.250000000001,0.9,0.142857142858296,"N4-HIGH-PRIOR","P",0.268749999999775,0.2250000000009,0.2250000000009
"N4","PASS",5,"o1_above_tiny",0.125,0.250000000001,0.9,0.142857142859286,"N4-HIGH-PRIOR","P",0.268749999999775,0.2250000000009,0.2250000000009
"N4","PASS",5,"o1_above_tiny",0.125,0.250000000001,0.9,0.142857152858286,"N4-HIGH-PRIOR","P",0.268749999999775,0.2250000000009,0.2250000000009
"N4","PASS",5,"o1_above_tiny",0.125,0.250000000001,0.9,0.142857242858286,"N4-HIGH-PRIOR","P",0.268749999999775,0.2250000000009,0.2250000000009
"N4","PASS",5,"o1_above_tiny",0.125,0.250000000001,0.9,0.25,"N4-HIGH-PRIOR","P",0.268749999999775,0.2250000000009,0.2250000000009
"N4","PASS",5,"o1_above_tiny",0.125,0.250000000001,0.9,0.257142757142857,"N4-HIGH-PRIOR","P",0.268749999999775,0.2250000000009,0.2250000000009
"N4","PASS",5,"o1_above_tiny",0.125,0.250000000001,0.9,0.257142847142857,"N4-HIGH-PRIOR","P",0.268749999999775,0.2250000000009,0.2250000000009
"N4","PASS",5,"o1_above_tiny",0.125,0.250000000001,0.9,0.257142857141857,"N4-HIGH-PRIOR","P",0.268749999999775,0.2250000000009,0.2250000000009
"N4","PASS",5,"o1_above_tiny",0.125,0.250000000001,0.9,0.257142857142847,"N4-HIGH-PRIOR","P",0.268749999999775,0.2250000000009,0.2250000000009
"N4","PASS",5,"o1_above_tiny",0.125,0.250000000001,0.9,0.257142857142857,"N4-HIGH-PRIOR","P",0.268749999999775,0.2250000000009,0.2250000000009
"N4","PASS",5,"o1_above_tiny",0.125,0.250000000001,0.9,0.257142857142867,"N4-HIGH-PRIOR","P",0.268749999999775,0.2250000000009,0.2250000000009
"N4","PASS",5,"o1_above_tiny",0.125,0.250000000001,0.9,0.257142857143857,"N4-HIGH-PRIOR","P",0.268749999999775,0.2250000000009,0.2250000000009
"N4","PASS",5,"o1_above_tiny",0.125,0.250000000001,0.9,0.257142867142857,"N4-HIGH-PRIOR","P",0.268749999999775,0.2250000000009,0.2250000000009
"N4","PASS",5,"o1_above_tiny",0.125,0.250000000001,0.9,0.257142957142857,"N4-HIGH-PRIOR","P",0.268749999999775,0.2250000000009,0.2250000000009
"N4","PASS",5,"o1_above_tiny",0.125,0.250000000001,0.9,0.5,"N4-HIGH-PRIOR","P",0.268749999999775,0.2250000000009,0.2250000000009
"N4","PASS",5,"o1_above_tiny",0.125,0.250000000001,0.9,0.75,"N4-HIGH-PRIOR","P",0.268749999999775,0.2250000000009,0.2250000000009
"N4","PASS",5,"o1_above_tiny",0.125,0.250000000001,0.9,0.95,"N4-HIGH-PRIOR","P",0.268749999999775,0.2250000000009,0.2250000000009
"N4","PASS",5,"o1_above_tiny",0.125,0.250000000001,0.9,0.99999999,"N4-HIGH-PRIOR","P",0.268749999999775,0.2250000000009,0.2250000000009
"N4","PASS",5,"o1_above_tiny",0.125,0.250000000001,0.9,0.999999999999,"N4-HIGH-PRIOR","P",0.268749999999775,0.2250000000009,0.2250000000009
"N4","PASS",5,"o1_above_tiny",0.125,0.250000000001,0.9,0.99999999999999,"N4-HIGH-PRIOR","P",0.268749999999775,0.2250000000009,0.2250000000009
"N4","PASS",5,"o1_above_tiny",0.125,0.250000000001,0.9,1,"N4-HIGH-PRIOR","P",0.268749999999775,0.2250000000009,0.2250000000009
"N4","PASS",5,"o1_above_tiny",0.125,0.250000000001,0.99,0,"N4-NU-ZERO","L",0.2265625,0.12375,0.24750000000099
"N4","PASS",5,"o1_above_tiny",0.125,0.250000000001,0.99,1e-14,"N4-NO-PURE-PBE","NONE",NA,NA,NA
"N4","PASS",5,"o1_above_tiny",0.125,0.250000000001,0.99,1e-12,"N4-NO-PURE-PBE","NONE",NA,NA,NA
"N4","PASS",5,"o1_above_tiny",0.125,0.250000000001,0.99,1e-08,"N4-NO-PURE-PBE","NONE",NA,NA,NA
"N4","PASS",5,"o1_above_tiny",0.125,0.250000000001,0.99,0.05,"N4-NO-PURE-PBE","NONE",NA,NA,NA
"N4","PASS",5,"o1_above_tiny",0.125,0.250000000001,0.99,0.142857042858286,"N4-NO-PURE-PBE","NONE",NA,NA,NA
"N4","PASS",5,"o1_above_tiny",0.125,0.250000000001,0.99,0.142857132858286,"N4-NO-PURE-PBE","NONE",NA,NA,NA
"N4","PASS",5,"o1_above_tiny",0.125,0.250000000001,0.99,0.142857142857286,"N4-NO-PURE-PBE","NONE",NA,NA,NA
"N4","PASS",5,"o1_above_tiny",0.125,0.250000000001,0.99,0.142857142858276,"N4-NO-PURE-PBE","NONE",NA,NA,NA
"N4","PASS",5,"o1_above_tiny",0.125,0.250000000001,0.99,0.142857142858286,"N4-NO-PURE-PBE","NONE",NA,NA,NA
"N4","PASS",5,"o1_above_tiny",0.125,0.250000000001,0.99,0.142857142858296,"N4-HIGH-PRIOR","P",0.195624999999753,0.24750000000099,0.24750000000099
"N4","PASS",5,"o1_above_tiny",0.125,0.250000000001,0.99,0.142857142859286,"N4-HIGH-PRIOR","P",0.195624999999753,0.24750000000099,0.24750000000099
"N4","PASS",5,"o1_above_tiny",0.125,0.250000000001,0.99,0.142857152858286,"N4-HIGH-PRIOR","P",0.195624999999753,0.24750000000099,0.24750000000099
"N4","PASS",5,"o1_above_tiny",0.125,0.250000000001,0.99,0.142857242858286,"N4-HIGH-PRIOR","P",0.195624999999753,0.24750000000099,0.24750000000099
"N4","PASS",5,"o1_above_tiny",0.125,0.250000000001,0.99,0.25,"N4-HIGH-PRIOR","P",0.195624999999753,0.24750000000099,0.24750000000099
"N4","PASS",5,"o1_above_tiny",0.125,0.250000000001,0.99,0.324590063934426,"N4-HIGH-PRIOR","P",0.195624999999753,0.24750000000099,0.24750000000099
"N4","PASS",5,"o1_above_tiny",0.125,0.250000000001,0.99,0.324590153934426,"N4-HIGH-PRIOR","P",0.195624999999753,0.24750000000099,0.24750000000099
"N4","PASS",5,"o1_above_tiny",0.125,0.250000000001,0.99,0.324590163933426,"N4-HIGH-PRIOR","P",0.195624999999753,0.24750000000099,0.24750000000099
"N4","PASS",5,"o1_above_tiny",0.125,0.250000000001,0.99,0.324590163934416,"N4-HIGH-PRIOR","P",0.195624999999753,0.24750000000099,0.24750000000099
"N4","PASS",5,"o1_above_tiny",0.125,0.250000000001,0.99,0.324590163934426,"N4-HIGH-PRIOR","P",0.195624999999753,0.24750000000099,0.24750000000099
"N4","PASS",5,"o1_above_tiny",0.125,0.250000000001,0.99,0.324590163934436,"N4-HIGH-PRIOR","P",0.195624999999753,0.24750000000099,0.24750000000099
"N4","PASS",5,"o1_above_tiny",0.125,0.250000000001,0.99,0.324590163935426,"N4-HIGH-PRIOR","P",0.195624999999753,0.24750000000099,0.24750000000099
"N4","PASS",5,"o1_above_tiny",0.125,0.250000000001,0.99,0.324590173934426,"N4-HIGH-PRIOR","P",0.195624999999753,0.24750000000099,0.24750000000099
"N4","PASS",5,"o1_above_tiny",0.125,0.250000000001,0.99,0.324590263934426,"N4-HIGH-PRIOR","P",0.195624999999753,0.24750000000099,0.24750000000099
"N4","PASS",5,"o1_above_tiny",0.125,0.250000000001,0.99,0.5,"N4-HIGH-PRIOR","P",0.195624999999753,0.24750000000099,0.24750000000099
"N4","PASS",5,"o1_above_tiny",0.125,0.250000000001,0.99,0.75,"N4-HIGH-PRIOR","P",0.195624999999753,0.24750000000099,0.24750000000099
"N4","PASS",5,"o1_above_tiny",0.125,0.250000000001,0.99,0.95,"N4-HIGH-PRIOR","P",0.195624999999753,0.24750000000099,0.24750000000099
"N4","PASS",5,"o1_above_tiny",0.125,0.250000000001,0.99,0.99999999,"N4-HIGH-PRIOR","P",0.195624999999753,0.24750000000099,0.24750000000099
"N4","PASS",5,"o1_above_tiny",0.125,0.250000000001,0.99,0.999999999999,"N4-HIGH-PRIOR","P",0.195624999999753,0.24750000000099,0.24750000000099
"N4","PASS",5,"o1_above_tiny",0.125,0.250000000001,0.99,0.99999999999999,"N4-HIGH-PRIOR","P",0.195624999999753,0.24750000000099,0.24750000000099
"N4","PASS",5,"o1_above_tiny",0.125,0.250000000001,0.99,1,"N4-HIGH-PRIOR","P",0.195624999999753,0.24750000000099,0.24750000000099
"N4","PASS",5,"o0_below_tiny",0.249999999999,0.4375,0.5,0,"N4-NU-ZERO","L",0.593750000000125,0.1249999999995,0.21875
"N4","PASS",5,"o0_below_tiny",0.249999999999,0.4375,0.5,1e-14,"N4-NO-PURE-PBE","NONE",NA,NA,NA
"N4","PASS",5,"o0_below_tiny",0.249999999999,0.4375,0.5,7.90004507083755e-13,"N4-NO-PURE-PBE","NONE",NA,NA,NA
"N4","PASS",5,"o0_below_tiny",0.249999999999,0.4375,0.5,8.00004507083755e-13,"N4-NO-PURE-PBE","NONE",NA,NA,NA
"N4","PASS",5,"o0_below_tiny",0.249999999999,0.4375,0.5,8.10004507083755e-13,"N4-NO-PURE-PBE","NONE",NA,NA,NA
"N4","PASS",5,"o0_below_tiny",0.249999999999,0.4375,0.5,1e-12,"N4-NO-PURE-PBE","NONE",NA,NA,NA
"N4","PASS",5,"o0_below_tiny",0.249999999999,0.4375,0.5,1.80000450708376e-12,"N4-NO-PURE-PBE","NONE",NA,NA,NA
"N4","PASS",5,"o0_below_tiny",0.249999999999,0.4375,0.5,1e-08,"N4-NO-PURE-PBE","NONE",NA,NA,NA
"N4","PASS",5,"o0_below_tiny",0.249999999999,0.4375,0.5,1.00008000045071e-08,"N4-NO-PURE-PBE","NONE",NA,NA,NA
"N4","PASS",5,"o0_below_tiny",0.249999999999,0.4375,0.5,1.00000800004507e-07,"N4-NO-PURE-PBE","NONE",NA,NA,NA
"N4","PASS",5,"o0_below_tiny",0.249999999999,0.4375,0.5,0.05,"N4-NO-PURE-PBE","NONE",NA,NA,NA
"N4","PASS",5,"o0_below_tiny",0.249999999999,0.4375,0.5,0.249999900001,"N4-NO-PURE-PBE","NONE",NA,NA,NA
"N4","PASS",5,"o0_below_tiny",0.249999999999,0.4375,0.5,0.249999990001,"N4-NO-PURE-PBE","NONE",NA,NA,NA
"N4","PASS",5,"o0_below_tiny",0.249999999999,0.4375,0.5,0.25,"N4-NO-PURE-PBE","NONE",NA,NA,NA
"N4","PASS",5,"o0_below_tiny",0.249999999999,0.4375,0.5,0.25,"N4-NO-PURE-PBE","NONE",NA,NA,NA
"N4","PASS",5,"o0_below_tiny",0.249999999999,0.4375,0.5,0.25000000000099,"N4-NO-PURE-PBE","NONE",NA,NA,NA
"N4","PASS",5,"o0_below_tiny",0.249999999999,0.4375,0.5,0.250000000001,"N4-NO-PURE-PBE","NONE",NA,NA,NA
"N4","PASS",5,"o0_below_tiny",0.249999999999,0.4375,0.5,0.25000000000101,"N4-HIGH-PRIOR","P",0.5703125,0.21875,0.21875
"N4","PASS",5,"o0_below_tiny",0.249999999999,0.4375,0.5,0.250000000002,"N4-HIGH-PRIOR","P",0.5703125,0.21875,0.21875
"N4","PASS",5,"o0_below_tiny",0.249999999999,0.4375,0.5,0.250000010001,"N4-HIGH-PRIOR","P",0.5703125,0.21875,0.21875
"N4","PASS",5,"o0_below_tiny",0.249999999999,0.4375,0.5,0.250000100001,"N4-HIGH-PRIOR","P",0.5703125,0.21875,0.21875
"N4","PASS",5,"o0_below_tiny",0.249999999999,0.4375,0.5,0.5,"N4-HIGH-PRIOR","P",0.5703125,0.21875,0.21875
"N4","PASS",5,"o0_below_tiny",0.249999999999,0.4375,0.5,0.75,"N4-HIGH-PRIOR","P",0.5703125,0.21875,0.21875
"N4","PASS",5,"o0_below_tiny",0.249999999999,0.4375,0.5,0.95,"N4-HIGH-PRIOR","P",0.5703125,0.21875,0.21875
"N4","PASS",5,"o0_below_tiny",0.249999999999,0.4375,0.5,0.99999999,"N4-HIGH-PRIOR","P",0.5703125,0.21875,0.21875
"N4","PASS",5,"o0_below_tiny",0.249999999999,0.4375,0.5,0.999999999999,"N4-HIGH-PRIOR","P",0.5703125,0.21875,0.21875
"N4","PASS",5,"o0_below_tiny",0.249999999999,0.4375,0.5,0.99999999999999,"N4-HIGH-PRIOR","P",0.5703125,0.21875,0.21875
"N4","PASS",5,"o0_below_tiny",0.249999999999,0.4375,0.5,1,"N4-HIGH-PRIOR","P",0.5703125,0.21875,0.21875
"N4","PASS",5,"o0_below_tiny",0.249999999999,0.4375,0.9,0,"N4-NU-ZERO","L",0.268750000000225,0.2249999999991,0.39375
"N4","PASS",5,"o0_below_tiny",0.249999999999,0.4375,0.9,1e-14,"N4-NO-PURE-PBE","NONE",NA,NA,NA
"N4","PASS",5,"o0_below_tiny",0.249999999999,0.4375,0.9,1e-12,"N4-NO-PURE-PBE","NONE",NA,NA,NA
"N4","PASS",5,"o0_below_tiny",0.249999999999,0.4375,0.9,1.76924637066909e-12,"N4-NO-PURE-PBE","NONE",NA,NA,NA
"N4","PASS",5,"o0_below_tiny",0.249999999999,0.4375,0.9,2.75924637066908e-12,"N4-NO-PURE-PBE","NONE",NA,NA,NA
"N4","PASS",5,"o0_below_tiny",0.249999999999,0.4375,0.9,2.76924637066909e-12,"N4-NO-PURE-PBE","NONE",NA,NA,NA
"N4","PASS",5,"o0_below_tiny",0.249999999999,0.4375,0.9,2.77924637066909e-12,"N4-NO-PURE-PBE","NONE",NA,NA,NA
"N4","PASS",5,"o0_below_tiny",0.249999999999,0.4375,0.9,3.76924637066908e-12,"N4-NO-PURE-PBE","NONE",NA,NA,NA
"N4","PASS",5,"o0_below_tiny",0.249999999999,0.4375,0.9,1e-08,"N4-NO-PURE-PBE","NONE",NA,NA,NA
"N4","PASS",5,"o0_below_tiny",0.249999999999,0.4375,0.9,1.00027692463707e-08,"N4-NO-PURE-PBE","NONE",NA,NA,NA
"N4","PASS",5,"o0_below_tiny",0.249999999999,0.4375,0.9,1.00002769246371e-07,"N4-NO-PURE-PBE","NONE",NA,NA,NA
"N4","PASS",5,"o0_below_tiny",0.249999999999,0.4375,0.9,0.05,"N4-NO-PURE-PBE","NONE",NA,NA,NA
"N4","PASS",5,"o0_below_tiny",0.249999999999,0.4375,0.9,0.249999900001,"N4-NO-PURE-PBE","NONE",NA,NA,NA
"N4","PASS",5,"o0_below_tiny",0.249999999999,0.4375,0.9,0.249999990001,"N4-NO-PURE-PBE","NONE",NA,NA,NA
"N4","PASS",5,"o0_below_tiny",0.249999999999,0.4375,0.9,0.25,"N4-NO-PURE-PBE","NONE",NA,NA,NA
"N4","PASS",5,"o0_below_tiny",0.249999999999,0.4375,0.9,0.25,"N4-NO-PURE-PBE","NONE",NA,NA,NA
"N4","PASS",5,"o0_below_tiny",0.249999999999,0.4375,0.9,0.25000000000099,"N4-NO-PURE-PBE","NONE",NA,NA,NA
"N4","PASS",5,"o0_below_tiny",0.249999999999,0.4375,0.9,0.250000000001,"N4-NO-PURE-PBE","NONE",NA,NA,NA
"N4","PASS",5,"o0_below_tiny",0.249999999999,0.4375,0.9,0.25000000000101,"N4-HIGH-PRIOR","P",0.2265625,0.39375,0.39375
"N4","PASS",5,"o0_below_tiny",0.249999999999,0.4375,0.9,0.250000000002,"N4-HIGH-PRIOR","P",0.2265625,0.39375,0.39375
"N4","PASS",5,"o0_below_tiny",0.249999999999,0.4375,0.9,0.250000010001,"N4-HIGH-PRIOR","P",0.2265625,0.39375,0.39375
"N4","PASS",5,"o0_below_tiny",0.249999999999,0.4375,0.9,0.250000100001,"N4-HIGH-PRIOR","P",0.2265625,0.39375,0.39375
"N4","PASS",5,"o0_below_tiny",0.249999999999,0.4375,0.9,0.5,"N4-HIGH-PRIOR","P",0.2265625,0.39375,0.39375
"N4","PASS",5,"o0_below_tiny",0.249999999999,0.4375,0.9,0.75,"N4-HIGH-PRIOR","P",0.2265625,0.39375,0.39375
"N4","PASS",5,"o0_below_tiny",0.249999999999,0.4375,0.9,0.95,"N4-HIGH-PRIOR","P",0.2265625,0.39375,0.39375
"N4","PASS",5,"o0_below_tiny",0.249999999999,0.4375,0.9,0.99999999,"N4-HIGH-PRIOR","P",0.2265625,0.39375,0.39375
"N4","PASS",5,"o0_below_tiny",0.249999999999,0.4375,0.9,0.999999999999,"N4-HIGH-PRIOR","P",0.2265625,0.39375,0.39375
"N4","PASS",5,"o0_below_tiny",0.249999999999,0.4375,0.9,0.99999999999999,"N4-HIGH-PRIOR","P",0.2265625,0.39375,0.39375
"N4","PASS",5,"o0_below_tiny",0.249999999999,0.4375,0.9,1,"N4-HIGH-PRIOR","P",0.2265625,0.39375,0.39375
"N4","PASS",5,"o0_below_tiny",0.249999999999,0.4375,0.99,0,"N4-NU-ZERO","L",0.195625000000248,0.24749999999901,0.433125
"N4","PASS",5,"o0_below_tiny",0.249999999999,0.4375,0.99,1e-14,"N4-NO-PURE-PBE","NONE",NA,NA,NA
"N4","PASS",5,"o0_below_tiny",0.249999999999,0.4375,0.99,1e-12,"N4-NO-PURE-PBE","NONE",NA,NA,NA
"N4","PASS",5,"o0_below_tiny",0.249999999999,0.4375,0.99,2.84468185441993e-12,"N4-NO-PURE-PBE","NONE",NA,NA,NA
"N4","PASS",5,"o0_below_tiny",0.249999999999,0.4375,0.99,3.83468185441993e-12,"N4-NO-PURE-PBE","NONE",NA,NA,NA
"N4","PASS",5,"o0_below_tiny",0.249999999999,0.4375,0.99,3.84468185441993e-12,"N4-NO-PURE-PBE","NONE",NA,NA,NA
"N4","PASS",5,"o0_below_tiny",0.249999999999,0.4375,0.99,3.85468185441993e-12,"N4-NO-PURE-PBE","NONE",NA,NA,NA
"N4","PASS",5,"o0_below_tiny",0.249999999999,0.4375,0.99,4.84468185441993e-12,"N4-NO-PURE-PBE","NONE",NA,NA,NA
"N4","PASS",5,"o0_below_tiny",0.249999999999,0.4375,0.99,1e-08,"N4-NO-PURE-PBE","NONE",NA,NA,NA
"N4","PASS",5,"o0_below_tiny",0.249999999999,0.4375,0.99,1.00038446818544e-08,"N4-NO-PURE-PBE","NONE",NA,NA,NA
"N4","PASS",5,"o0_below_tiny",0.249999999999,0.4375,0.99,1.00003844681854e-07,"N4-NO-PURE-PBE","NONE",NA,NA,NA
"N4","PASS",5,"o0_below_tiny",0.249999999999,0.4375,0.99,0.05,"N4-NO-PURE-PBE","NONE",NA,NA,NA
"N4","PASS",5,"o0_below_tiny",0.249999999999,0.4375,0.99,0.249999900001,"N4-NO-PURE-PBE","NONE",NA,NA,NA
"N4","PASS",5,"o0_below_tiny",0.249999999999,0.4375,0.99,0.249999990001,"N4-NO-PURE-PBE","NONE",NA,NA,NA
"N4","PASS",5,"o0_below_tiny",0.249999999999,0.4375,0.99,0.25,"N4-NO-PURE-PBE","NONE",NA,NA,NA
"N4","PASS",5,"o0_below_tiny",0.249999999999,0.4375,0.99,0.25,"N4-NO-PURE-PBE","NONE",NA,NA,NA
"N4","PASS",5,"o0_below_tiny",0.249999999999,0.4375,0.99,0.25000000000099,"N4-NO-PURE-PBE","NONE",NA,NA,NA
"N4","PASS",5,"o0_below_tiny",0.249999999999,0.4375,0.99,0.250000000001,"N4-NO-PURE-PBE","NONE",NA,NA,NA
"N4","PASS",5,"o0_below_tiny",0.249999999999,0.4375,0.99,0.25000000000101,"N4-HIGH-PRIOR","P",0.14921875,0.433125,0.433125
"N4","PASS",5,"o0_below_tiny",0.249999999999,0.4375,0.99,0.250000000002,"N4-HIGH-PRIOR","P",0.14921875,0.433125,0.433125
"N4","PASS",5,"o0_below_tiny",0.249999999999,0.4375,0.99,0.250000010001,"N4-HIGH-PRIOR","P",0.14921875,0.433125,0.433125
"N4","PASS",5,"o0_below_tiny",0.249999999999,0.4375,0.99,0.250000100001,"N4-HIGH-PRIOR","P",0.14921875,0.433125,0.433125
"N4","PASS",5,"o0_below_tiny",0.249999999999,0.4375,0.99,0.5,"N4-HIGH-PRIOR","P",0.14921875,0.433125,0.433125
"N4","PASS",5,"o0_below_tiny",0.249999999999,0.4375,0.99,0.75,"N4-HIGH-PRIOR","P",0.14921875,0.433125,0.433125
"N4","PASS",5,"o0_below_tiny",0.249999999999,0.4375,0.99,0.95,"N4-HIGH-PRIOR","P",0.14921875,0.433125,0.433125
"N4","PASS",5,"o0_below_tiny",0.249999999999,0.4375,0.99,0.99999999,"N4-HIGH-PRIOR","P",0.14921875,0.433125,0.433125
"N4","PASS",5,"o0_below_tiny",0.249999999999,0.4375,0.99,0.999999999999,"N4-HIGH-PRIOR","P",0.14921875,0.433125,0.433125
"N4","PASS",5,"o0_below_tiny",0.249999999999,0.4375,0.99,0.99999999999999,"N4-HIGH-PRIOR","P",0.14921875,0.433125,0.433125
"N4","PASS",5,"o0_below_tiny",0.249999999999,0.4375,0.99,1,"N4-HIGH-PRIOR","P",0.14921875,0.433125,0.433125
"N4","PASS",5,"o0_above_tiny",0.250000000001,0.4375,0.5,0,"N4-NU-ZERO","L",0.593749999999875,0.1250000000005,0.21875
"N4","PASS",5,"o0_above_tiny",0.250000000001,0.4375,0.5,1e-14,"N4-NO-PURE-PBE","NONE",NA,NA,NA
"N4","PASS",5,"o0_above_tiny",0.250000000001,0.4375,0.5,1e-12,"N4-NO-PURE-PBE","NONE",NA,NA,NA
"N4","PASS",5,"o0_above_tiny",0.250000000001,0.4375,0.5,1e-08,"N4-NO-PURE-PBE","NONE",NA,NA,NA
"N4","PASS",5,"o0_above_tiny",0.250000000001,0.4375,0.5,0.05,"N4-NO-PURE-PBE","NONE",NA,NA,NA
"N4","PASS",5,"o0_above_tiny",0.250000000001,0.4375,0.5,0.249999899999,"N4-NO-PURE-PBE","NONE",NA,NA,NA
"N4","PASS",5,"o0_above_tiny",0.250000000001,0.4375,0.5,0.249999989999,"N4-NO-PURE-PBE","NONE",NA,NA,NA
"N4","PASS",5,"o0_above_tiny",0.250000000001,0.4375,0.5,0.249999999998,"N4-NO-PURE-PBE","NONE",NA,NA,NA
"N4","PASS",5,"o0_above_tiny",0.250000000001,0.4375,0.5,0.24999999999899,"N4-NO-PURE-PBE","NONE",NA,NA,NA
"N4","PASS",5,"o0_above_tiny",0.250000000001,0.4375,0.5,0.249999999999,"N4-NO-PURE-PBE","NONE",NA,NA,NA
"N4","PASS",5,"o0_above_tiny",0.250000000001,0.4375,0.5,0.24999999999901,"N4-HIGH-PRIOR","P",0.5703125,0.21875,0.21875
"N4","PASS",5,"o0_above_tiny",0.250000000001,0.4375,0.5,0.25,"N4-HIGH-PRIOR","P",0.5703125,0.21875,0.21875
"N4","PASS",5,"o0_above_tiny",0.250000000001,0.4375,0.5,0.250000009999,"N4-HIGH-PRIOR","P",0.5703125,0.21875,0.21875
"N4","PASS",5,"o0_above_tiny",0.250000000001,0.4375,0.5,0.250000099999,"N4-HIGH-PRIOR","P",0.5703125,0.21875,0.21875
"N4","PASS",5,"o0_above_tiny",0.250000000001,0.4375,0.5,0.5,"N4-HIGH-PRIOR","P",0.5703125,0.21875,0.21875
"N4","PASS",5,"o0_above_tiny",0.250000000001,0.4375,0.5,0.75,"N4-HIGH-PRIOR","P",0.5703125,0.21875,0.21875
"N4","PASS",5,"o0_above_tiny",0.250000000001,0.4375,0.5,0.95,"N4-HIGH-PRIOR","P",0.5703125,0.21875,0.21875
"N4","PASS",5,"o0_above_tiny",0.250000000001,0.4375,0.5,0.99999999,"N4-HIGH-PRIOR","P",0.5703125,0.21875,0.21875
"N4","PASS",5,"o0_above_tiny",0.250000000001,0.4375,0.5,0.999999999999,"N4-HIGH-PRIOR","P",0.5703125,0.21875,0.21875
"N4","PASS",5,"o0_above_tiny",0.250000000001,0.4375,0.5,0.99999999999999,"N4-HIGH-PRIOR","P",0.5703125,0.21875,0.21875
"N4","PASS",5,"o0_above_tiny",0.250000000001,0.4375,0.5,1,"N4-HIGH-PRIOR","P",0.5703125,0.21875,0.21875
"N4","PASS",5,"o0_above_tiny",0.250000000001,0.4375,0.9,0,"N4-NU-ZERO","L",0.268749999999775,0.2250000000009,0.39375
"N4","PASS",5,"o0_above_tiny",0.250000000001,0.4375,0.9,1e-14,"N4-NO-PURE-PBE","NONE",NA,NA,NA
"N4","PASS",5,"o0_above_tiny",0.250000000001,0.4375,0.9,1e-12,"N4-NO-PURE-PBE","NONE",NA,NA,NA
"N4","PASS",5,"o0_above_tiny",0.250000000001,0.4375,0.9,1e-08,"N4-NO-PURE-PBE","NONE",NA,NA,NA
"N4","PASS",5,"o0_above_tiny",0.250000000001,0.4375,0.9,0.05,"N4-NO-PURE-PBE","NONE",NA,NA,NA
"N4","PASS",5,"o0_above_tiny",0.250000000001,0.4375,0.9,0.249999899999,"N4-NO-PURE-PBE","NONE",NA,NA,NA
"N4","PASS",5,"o0_above_tiny",0.250000000001,0.4375,0.9,0.249999989999,"N4-NO-PURE-PBE","NONE",NA,NA,NA
"N4","PASS",5,"o0_above_tiny",0.250000000001,0.4375,0.9,0.249999999998,"N4-NO-PURE-PBE","NONE",NA,NA,NA
"N4","PASS",5,"o0_above_tiny",0.250000000001,0.4375,0.9,0.24999999999899,"N4-NO-PURE-PBE","NONE",NA,NA,NA
"N4","PASS",5,"o0_above_tiny",0.250000000001,0.4375,0.9,0.249999999999,"N4-NO-PURE-PBE","NONE",NA,NA,NA
"N4","PASS",5,"o0_above_tiny",0.250000000001,0.4375,0.9,0.24999999999901,"N4-HIGH-PRIOR","P",0.2265625,0.39375,0.39375
"N4","PASS",5,"o0_above_tiny",0.250000000001,0.4375,0.9,0.25,"N4-HIGH-PRIOR","P",0.2265625,0.39375,0.39375
"N4","PASS",5,"o0_above_tiny",0.250000000001,0.4375,0.9,0.250000009999,"N4-HIGH-PRIOR","P",0.2265625,0.39375,0.39375
"N4","PASS",5,"o0_above_tiny",0.250000000001,0.4375,0.9,0.250000099999,"N4-HIGH-PRIOR","P",0.2265625,0.39375,0.39375
"N4","PASS",5,"o0_above_tiny",0.250000000001,0.4375,0.9,0.5,"N4-HIGH-PRIOR","P",0.2265625,0.39375,0.39375
"N4","PASS",5,"o0_above_tiny",0.250000000001,0.4375,0.9,0.75,"N4-HIGH-PRIOR","P",0.2265625,0.39375,0.39375
"N4","PASS",5,"o0_above_tiny",0.250000000001,0.4375,0.9,0.95,"N4-HIGH-PRIOR","P",0.2265625,0.39375,0.39375
"N4","PASS",5,"o0_above_tiny",0.250000000001,0.4375,0.9,0.99999999,"N4-HIGH-PRIOR","P",0.2265625,0.39375,0.39375
"N4","PASS",5,"o0_above_tiny",0.250000000001,0.4375,0.9,0.999999999999,"N4-HIGH-PRIOR","P",0.2265625,0.39375,0.39375
"N4","PASS",5,"o0_above_tiny",0.250000000001,0.4375,0.9,0.99999999999999,"N4-HIGH-PRIOR","P",0.2265625,0.39375,0.39375
"N4","PASS",5,"o0_above_tiny",0.250000000001,0.4375,0.9,1,"N4-HIGH-PRIOR","P",0.2265625,0.39375,0.39375
"N4","PASS",5,"o0_above_tiny",0.250000000001,0.4375,0.99,0,"N4-NU-ZERO","L",0.195624999999753,0.24750000000099,0.433125
"N4","PASS",5,"o0_above_tiny",0.250000000001,0.4375,0.99,1e-14,"N4-NO-PURE-PBE","NONE",NA,NA,NA
"N4","PASS",5,"o0_above_tiny",0.250000000001,0.4375,0.99,1e-12,"N4-NO-PURE-PBE","NONE",NA,NA,NA
"N4","PASS",5,"o0_above_tiny",0.250000000001,0.4375,0.99,1e-08,"N4-NO-PURE-PBE","NONE",NA,NA,NA
"N4","PASS",5,"o0_above_tiny",0.250000000001,0.4375,0.99,0.05,"N4-NO-PURE-PBE","NONE",NA,NA,NA
"N4","PASS",5,"o0_above_tiny",0.250000000001,0.4375,0.99,0.249999899999,"N4-NO-PURE-PBE","NONE",NA,NA,NA
"N4","PASS",5,"o0_above_tiny",0.250000000001,0.4375,0.99,0.249999989999,"N4-NO-PURE-PBE","NONE",NA,NA,NA
"N4","PASS",5,"o0_above_tiny",0.250000000001,0.4375,0.99,0.249999999998,"N4-NO-PURE-PBE","NONE",NA,NA,NA
"N4","PASS",5,"o0_above_tiny",0.250000000001,0.4375,0.99,0.24999999999899,"N4-NO-PURE-PBE","NONE",NA,NA,NA
"N4","PASS",5,"o0_above_tiny",0.250000000001,0.4375,0.99,0.249999999999,"N4-NO-PURE-PBE","NONE",NA,NA,NA
"N4","PASS",5,"o0_above_tiny",0.250000000001,0.4375,0.99,0.24999999999901,"N4-HIGH-PRIOR","P",0.14921875,0.433125,0.433125
"N4","PASS",5,"o0_above_tiny",0.250000000001,0.4375,0.99,0.25,"N4-HIGH-PRIOR","P",0.14921875,0.433125,0.433125
"N4","PASS",5,"o0_above_tiny",0.250000000001,0.4375,0.99,0.250000009999,"N4-HIGH-PRIOR","P",0.14921875,0.433125,0.433125
"N4","PASS",5,"o0_above_tiny",0.250000000001,0.4375,0.99,0.250000099999,"N4-HIGH-PRIOR","P",0.14921875,0.433125,0.433125
"N4","PASS",5,"o0_above_tiny",0.250000000001,0.4375,0.99,0.5,"N4-HIGH-PRIOR","P",0.14921875,0.433125,0.433125
"N4","PASS",5,"o0_above_tiny",0.250000000001,0.4375,0.99,0.75,"N4-HIGH-PRIOR","P",0.14921875,0.433125,0.433125
"N4","PASS",5,"o0_above_tiny",0.250000000001,0.4375,0.99,0.95,"N4-HIGH-PRIOR","P",0.14921875,0.433125,0.433125
"N4","PASS",5,"o0_above_tiny",0.250000000001,0.4375,0.99,0.99999999,"N4-HIGH-PRIOR","P",0.14921875,0.433125,0.433125
"N4","PASS",5,"o0_above_tiny",0.250000000001,0.4375,0.99,0.999999999999,"N4-HIGH-PRIOR","P",0.14921875,0.433125,0.433125
"N4","PASS",5,"o0_above_tiny",0.250000000001,0.4375,0.99,0.99999999999999,"N4-HIGH-PRIOR","P",0.14921875,0.433125,0.433125
"N4","PASS",5,"o0_above_tiny",0.250000000001,0.4375,0.99,1,"N4-HIGH-PRIOR","P",0.14921875,0.433125,0.433125
"N4","PASS",7,"below",0.0416666666666667,0.0833333333333333,0.5,0,"N4-NU-ZERO","L",0.579861111111111,0.0208333333333333,0.0416666666666667
"N4","PASS",7,"below",0.0416666666666667,0.0833333333333333,0.5,1e-14,"N4-NO-PURE-PBE","NONE",NA,NA,NA
"N4","PASS",7,"below",0.0416666666666667,0.0833333333333333,0.5,1e-12,"N4-NO-PURE-PBE","NONE",NA,NA,NA
"N4","PASS",7,"below",0.0416666666666667,0.0833333333333333,0.5,1e-08,"N4-NO-PURE-PBE","NONE",NA,NA,NA
"N4","PASS",7,"below",0.0416666666666667,0.0833333333333333,0.5,0.0285713285714286,"N4-NO-PURE-PBE","NONE",NA,NA,NA
"N4","PASS",7,"below",0.0416666666666667,0.0833333333333333,0.5,0.0285714185714286,"N4-NO-PURE-PBE","NONE",NA,NA,NA
"N4","PASS",7,"below",0.0416666666666667,0.0833333333333333,0.5,0.0285714285704286,"N4-NO-PURE-PBE","NONE",NA,NA,NA
"N4","PASS",7,"below",0.0416666666666667,0.0833333333333333,0.5,0.0285714285714186,"N4-NO-PURE-PBE","NONE",NA,NA,NA
"N4","PASS",7,"below",0.0416666666666667,0.0833333333333333,0.5,0.0285714285714286,"N4-NO-PURE-PBE","NONE",NA,NA,NA
"N4","PASS",7,"below",0.0416666666666667,0.0833333333333333,0.5,0.0285714285714386,"N4-NO-PURE-PBE","NONE",NA,NA,NA
"N4","PASS",7,"below",0.0416666666666667,0.0833333333333333,0.5,0.0285714285724286,"N4-NO-PURE-PBE","NONE",NA,NA,NA
"N4","PASS",7,"below",0.0416666666666667,0.0833333333333333,0.5,0.0285714385714286,"N4-NO-PURE-PBE","NONE",NA,NA,NA
"N4","PASS",7,"below",0.0416666666666667,0.0833333333333333,0.5,0.0285715285714286,"N4-NO-PURE-PBE","NONE",NA,NA,NA
"N4","PASS",7,"below",0.0416666666666667,0.0833333333333333,0.5,0.0434781608695652,"N4-NO-PURE-PBE","NONE",NA,NA,NA
"N4","PASS",7,"below",0.0416666666666667,0.0833333333333333,0.5,0.0434782508695652,"N4-NO-PURE-PBE","NONE",NA,NA,NA
"N4","PASS",7,"below",0.0416666666666667,0.0833333333333333,0.5,0.0434782608685652,"N4-NO-PURE-PBE","NONE",NA,NA,NA
"N4","PASS",7,"below",0.0416666666666667,0.0833333333333333,0.5,0.0434782608695552,"N4-NO-PURE-PBE","NONE",NA,NA,NA
"N4","PASS",7,"below",0.0416666666666667,0.0833333333333333,0.5,0.0434782608695652,"N4-NO-PURE-PBE","NONE",NA,NA,NA
"N4","PASS",7,"below",0.0416666666666667,0.0833333333333333,0.5,0.0434782608695752,"N4-HIGH-PRIOR","P",0.576388888888889,0.0416666666666667,0.0416666666666667
"N4","PASS",7,"below",0.0416666666666667,0.0833333333333333,0.5,0.0434782608705652,"N4-HIGH-PRIOR","P",0.576388888888889,0.0416666666666667,0.0416666666666667
"N4","PASS",7,"below",0.0416666666666667,0.0833333333333333,0.5,0.0434782708695652,"N4-HIGH-PRIOR","P",0.576388888888889,0.0416666666666667,0.0416666666666667
"N4","PASS",7,"below",0.0416666666666667,0.0833333333333333,0.5,0.0434783608695652,"N4-HIGH-PRIOR","P",0.576388888888889,0.0416666666666667,0.0416666666666667
"N4","PASS",7,"below",0.0416666666666667,0.0833333333333333,0.5,0.05,"N4-HIGH-PRIOR","P",0.576388888888889,0.0416666666666667,0.0416666666666667
"N4","PASS",7,"below",0.0416666666666667,0.0833333333333333,0.5,0.0857141857142857,"N4-HIGH-PRIOR","P",0.576388888888889,0.0416666666666667,0.0416666666666667
"N4","PASS",7,"below",0.0416666666666667,0.0833333333333333,0.5,0.0857142757142857,"N4-HIGH-PRIOR","P",0.576388888888889,0.0416666666666667,0.0416666666666667
"N4","PASS",7,"below",0.0416666666666667,0.0833333333333333,0.5,0.0857142857132857,"N4-HIGH-PRIOR","P",0.576388888888889,0.0416666666666667,0.0416666666666667
"N4","PASS",7,"below",0.0416666666666667,0.0833333333333333,0.5,0.0857142857142757,"N4-HIGH-PRIOR","P",0.576388888888889,0.0416666666666667,0.0416666666666667
"N4","PASS",7,"below",0.0416666666666667,0.0833333333333333,0.5,0.0857142857142857,"N4-HIGH-PRIOR","P",0.576388888888889,0.0416666666666667,0.0416666666666667
"N4","PASS",7,"below",0.0416666666666667,0.0833333333333333,0.5,0.0857142857142957,"N4-HIGH-PRIOR","P",0.576388888888889,0.0416666666666667,0.0416666666666667
"N4","PASS",7,"below",0.0416666666666667,0.0833333333333333,0.5,0.0857142857152857,"N4-HIGH-PRIOR","P",0.576388888888889,0.0416666666666667,0.0416666666666667
"N4","PASS",7,"below",0.0416666666666667,0.0833333333333333,0.5,0.0857142957142857,"N4-HIGH-PRIOR","P",0.576388888888889,0.0416666666666667,0.0416666666666667
"N4","PASS",7,"below",0.0416666666666667,0.0833333333333333,0.5,0.0857143857142857,"N4-HIGH-PRIOR","P",0.576388888888889,0.0416666666666667,0.0416666666666667
"N4","PASS",7,"below",0.0416666666666667,0.0833333333333333,0.5,0.25,"N4-HIGH-PRIOR","P",0.576388888888889,0.0416666666666667,0.0416666666666667
"N4","PASS",7,"below",0.0416666666666667,0.0833333333333333,0.5,0.5,"N4-HIGH-PRIOR","P",0.576388888888889,0.0416666666666667,0.0416666666666667
"N4","PASS",7,"below",0.0416666666666667,0.0833333333333333,0.5,0.75,"N4-HIGH-PRIOR","P",0.576388888888889,0.0416666666666667,0.0416666666666667
"N4","PASS",7,"below",0.0416666666666667,0.0833333333333333,0.5,0.95,"N4-HIGH-PRIOR","P",0.576388888888889,0.0416666666666667,0.0416666666666667
"N4","PASS",7,"below",0.0416666666666667,0.0833333333333333,0.5,0.99999999,"N4-HIGH-PRIOR","P",0.576388888888889,0.0416666666666667,0.0416666666666667
"N4","PASS",7,"below",0.0416666666666667,0.0833333333333333,0.5,0.999999999999,"N4-HIGH-PRIOR","P",0.576388888888889,0.0416666666666667,0.0416666666666667
"N4","PASS",7,"below",0.0416666666666667,0.0833333333333333,0.5,0.99999999999999,"N4-HIGH-PRIOR","P",0.576388888888889,0.0416666666666667,0.0416666666666667
"N4","PASS",7,"below",0.0416666666666667,0.0833333333333333,0.5,1,"N4-HIGH-PRIOR","P",0.576388888888889,0.0416666666666667,0.0416666666666667
"N4","PASS",7,"below",0.0416666666666667,0.0833333333333333,0.9,0,"N4-NU-ZERO","L",0.24375,0.0375,0.075
"N4","PASS",7,"below",0.0416666666666667,0.0833333333333333,0.9,1e-14,"N4-NO-PURE-PBE","NONE",NA,NA,NA
"N4","PASS",7,"below",0.0416666666666667,0.0833333333333333,0.9,1e-12,"N4-NO-PURE-PBE","NONE",NA,NA,NA
"N4","PASS",7,"below",0.0416666666666667,0.0833333333333333,0.9,1e-08,"N4-NO-PURE-PBE","NONE",NA,NA,NA
"N4","PASS",7,"below",0.0416666666666667,0.0833333333333333,0.9,0.0434781608695652,"N4-NO-PURE-PBE","NONE",NA,NA,NA
"N4","PASS",7,"below",0.0416666666666667,0.0833333333333333,0.9,0.0434782508695652,"N4-NO-PURE-PBE","NONE",NA,NA,NA
"N4","PASS",7,"below",0.0416666666666667,0.0833333333333333,0.9,0.0434782608685652,"N4-NO-PURE-PBE","NONE",NA,NA,NA
"N4","PASS",7,"below",0.0416666666666667,0.0833333333333333,0.9,0.0434782608695552,"N4-NO-PURE-PBE","NONE",NA,NA,NA
"N4","PASS",7,"below",0.0416666666666667,0.0833333333333333,0.9,0.0434782608695652,"N4-NO-PURE-PBE","NONE",NA,NA,NA
"N4","PASS",7,"below",0.0416666666666667,0.0833333333333333,0.9,0.0434782608695752,"N4-HIGH-PRIOR","P",0.2375,0.075,0.075
"N4","PASS",7,"below",0.0416666666666667,0.0833333333333333,0.9,0.0434782608705652,"N4-HIGH-PRIOR","P",0.2375,0.075,0.075
"N4","PASS",7,"below",0.0416666666666667,0.0833333333333333,0.9,0.0434782708695652,"N4-HIGH-PRIOR","P",0.2375,0.075,0.075
"N4","PASS",7,"below",0.0416666666666667,0.0833333333333333,0.9,0.0434783608695652,"N4-HIGH-PRIOR","P",0.2375,0.075,0.075
"N4","PASS",7,"below",0.0416666666666667,0.0833333333333333,0.9,0.05,"N4-HIGH-PRIOR","P",0.2375,0.075,0.075
"N4","PASS",7,"below",0.0416666666666667,0.0833333333333333,0.9,0.0731706317073171,"N4-HIGH-PRIOR","P",0.2375,0.075,0.075
"N4","PASS",7,"below",0.0416666666666667,0.0833333333333333,0.9,0.0731707217073171,"N4-HIGH-PRIOR","P",0.2375,0.075,0.075
"N4","PASS",7,"below",0.0416666666666667,0.0833333333333333,0.9,0.0731707317063171,"N4-HIGH-PRIOR","P",0.2375,0.075,0.075
"N4","PASS",7,"below",0.0416666666666667,0.0833333333333333,0.9,0.0731707317073071,"N4-HIGH-PRIOR","P",0.2375,0.075,0.075
"N4","PASS",7,"below",0.0416666666666667,0.0833333333333333,0.9,0.0731707317073171,"N4-HIGH-PRIOR","P",0.2375,0.075,0.075
"N4","PASS",7,"below",0.0416666666666667,0.0833333333333333,0.9,0.0731707317073271,"N4-HIGH-PRIOR","P",0.2375,0.075,0.075
"N4","PASS",7,"below",0.0416666666666667,0.0833333333333333,0.9,0.0731707317083171,"N4-HIGH-PRIOR","P",0.2375,0.075,0.075
"N4","PASS",7,"below",0.0416666666666667,0.0833333333333333,0.9,0.0731707417073171,"N4-HIGH-PRIOR","P",0.2375,0.075,0.075
"N4","PASS",7,"below",0.0416666666666667,0.0833333333333333,0.9,0.0731708317073171,"N4-HIGH-PRIOR","P",0.2375,0.075,0.075
"N4","PASS",7,"below",0.0416666666666667,0.0833333333333333,0.9,0.219512095121951,"N4-HIGH-PRIOR","P",0.2375,0.075,0.075
"N4","PASS",7,"below",0.0416666666666667,0.0833333333333333,0.9,0.219512185121951,"N4-HIGH-PRIOR","P",0.2375,0.075,0.075
"N4","PASS",7,"below",0.0416666666666667,0.0833333333333333,0.9,0.219512195120951,"N4-HIGH-PRIOR","P",0.2375,0.075,0.075
"N4","PASS",7,"below",0.0416666666666667,0.0833333333333333,0.9,0.219512195121941,"N4-HIGH-PRIOR","P",0.2375,0.075,0.075
"N4","PASS",7,"below",0.0416666666666667,0.0833333333333333,0.9,0.219512195121951,"N4-HIGH-PRIOR","P",0.2375,0.075,0.075
"N4","PASS",7,"below",0.0416666666666667,0.0833333333333333,0.9,0.219512195121961,"N4-HIGH-PRIOR","P",0.2375,0.075,0.075
"N4","PASS",7,"below",0.0416666666666667,0.0833333333333333,0.9,0.219512195122951,"N4-HIGH-PRIOR","P",0.2375,0.075,0.075
"N4","PASS",7,"below",0.0416666666666667,0.0833333333333333,0.9,0.219512205121951,"N4-HIGH-PRIOR","P",0.2375,0.075,0.075
"N4","PASS",7,"below",0.0416666666666667,0.0833333333333333,0.9,0.219512295121951,"N4-HIGH-PRIOR","P",0.2375,0.075,0.075
"N4","PASS",7,"below",0.0416666666666667,0.0833333333333333,0.9,0.25,"N4-HIGH-PRIOR","P",0.2375,0.075,0.075
"N4","PASS",7,"below",0.0416666666666667,0.0833333333333333,0.9,0.5,"N4-HIGH-PRIOR","P",0.2375,0.075,0.075
"N4","PASS",7,"below",0.0416666666666667,0.0833333333333333,0.9,0.75,"N4-HIGH-PRIOR","P",0.2375,0.075,0.075
"N4","PASS",7,"below",0.0416666666666667,0.0833333333333333,0.9,0.95,"N4-HIGH-PRIOR","P",0.2375,0.075,0.075
"N4","PASS",7,"below",0.0416666666666667,0.0833333333333333,0.9,0.99999999,"N4-HIGH-PRIOR","P",0.2375,0.075,0.075
"N4","PASS",7,"below",0.0416666666666667,0.0833333333333333,0.9,0.999999999999,"N4-HIGH-PRIOR","P",0.2375,0.075,0.075
"N4","PASS",7,"below",0.0416666666666667,0.0833333333333333,0.9,0.99999999999999,"N4-HIGH-PRIOR","P",0.2375,0.075,0.075
"N4","PASS",7,"below",0.0416666666666667,0.0833333333333333,0.9,1,"N4-HIGH-PRIOR","P",0.2375,0.075,0.075
"N4","PASS",7,"below",0.0416666666666667,0.0833333333333333,0.99,0,"N4-NU-ZERO","L",0.168125,0.04125,0.0825
"N4","PASS",7,"below",0.0416666666666667,0.0833333333333333,0.99,1e-14,"N4-NO-PURE-PBE","NONE",NA,NA,NA
"N4","PASS",7,"below",0.0416666666666667,0.0833333333333333,0.99,1e-12,"N4-NO-PURE-PBE","NONE",NA,NA,NA
"N4","PASS",7,"below",0.0416666666666667,0.0833333333333333,0.99,1e-08,"N4-NO-PURE-PBE","NONE",NA,NA,NA
"N4","PASS",7,"below",0.0416666666666667,0.0833333333333333,0.99,0.0434781608695652,"N4-NO-PURE-PBE","NONE",NA,NA,NA
"N4","PASS",7,"below",0.0416666666666667,0.0833333333333333,0.99,0.0434782508695652,"N4-NO-PURE-PBE","NONE",NA,NA,NA
"N4","PASS",7,"below",0.0416666666666667,0.0833333333333333,0.99,0.0434782608685652,"N4-NO-PURE-PBE","NONE",NA,NA,NA
"N4","PASS",7,"below",0.0416666666666667,0.0833333333333333,0.99,0.0434782608695552,"N4-NO-PURE-PBE","NONE",NA,NA,NA
"N4","PASS",7,"below",0.0416666666666667,0.0833333333333333,0.99,0.0434782608695652,"N4-NO-PURE-PBE","NONE",NA,NA,NA
"N4","PASS",7,"below",0.0416666666666667,0.0833333333333333,0.99,0.0434782608695752,"N4-HIGH-PRIOR","P",0.16125,0.0825,0.0825
"N4","PASS",7,"below",0.0416666666666667,0.0833333333333333,0.99,0.0434782608705652,"N4-HIGH-PRIOR","P",0.16125,0.0825,0.0825
"N4","PASS",7,"below",0.0416666666666667,0.0833333333333333,0.99,0.0434782708695652,"N4-HIGH-PRIOR","P",0.16125,0.0825,0.0825
"N4","PASS",7,"below",0.0416666666666667,0.0833333333333333,0.99,0.0434783608695652,"N4-HIGH-PRIOR","P",0.16125,0.0825,0.0825
"N4","PASS",7,"below",0.0416666666666667,0.0833333333333333,0.99,0.05,"N4-HIGH-PRIOR","P",0.16125,0.0825,0.0825
"N4","PASS",7,"below",0.0416666666666667,0.0833333333333333,0.99,0.0889486870619946,"N4-HIGH-PRIOR","P",0.16125,0.0825,0.0825
"N4","PASS",7,"below",0.0416666666666667,0.0833333333333333,0.99,0.0889487770619946,"N4-HIGH-PRIOR","P",0.16125,0.0825,0.0825
"N4","PASS",7,"below",0.0416666666666667,0.0833333333333333,0.99,0.0889487870609946,"N4-HIGH-PRIOR","P",0.16125,0.0825,0.0825
"N4","PASS",7,"below",0.0416666666666667,0.0833333333333333,0.99,0.0889487870619846,"N4-HIGH-PRIOR","P",0.16125,0.0825,0.0825
"N4","PASS",7,"below",0.0416666666666667,0.0833333333333333,0.99,0.0889487870619946,"N4-HIGH-PRIOR","P",0.16125,0.0825,0.0825
"N4","PASS",7,"below",0.0416666666666667,0.0833333333333333,0.99,0.0889487870620046,"N4-HIGH-PRIOR","P",0.16125,0.0825,0.0825
"N4","PASS",7,"below",0.0416666666666667,0.0833333333333333,0.99,0.0889487870629946,"N4-HIGH-PRIOR","P",0.16125,0.0825,0.0825
"N4","PASS",7,"below",0.0416666666666667,0.0833333333333333,0.99,0.0889487970619946,"N4-HIGH-PRIOR","P",0.16125,0.0825,0.0825
"N4","PASS",7,"below",0.0416666666666667,0.0833333333333333,0.99,0.0889488870619946,"N4-HIGH-PRIOR","P",0.16125,0.0825,0.0825
"N4","PASS",7,"below",0.0416666666666667,0.0833333333333333,0.99,0.25,"N4-HIGH-PRIOR","P",0.16125,0.0825,0.0825
"N4","PASS",7,"below",0.0416666666666667,0.0833333333333333,0.99,0.266846261185984,"N4-HIGH-PRIOR","P",0.16125,0.0825,0.0825
"N4","PASS",7,"below",0.0416666666666667,0.0833333333333333,0.99,0.266846351185984,"N4-HIGH-PRIOR","P",0.16125,0.0825,0.0825
"N4","PASS",7,"below",0.0416666666666667,0.0833333333333333,0.99,0.266846361184984,"N4-HIGH-PRIOR","P",0.16125,0.0825,0.0825
"N4","PASS",7,"below",0.0416666666666667,0.0833333333333333,0.99,0.266846361185974,"N4-HIGH-PRIOR","P",0.16125,0.0825,0.0825
"N4","PASS",7,"below",0.0416666666666667,0.0833333333333333,0.99,0.266846361185984,"N4-HIGH-PRIOR","P",0.16125,0.0825,0.0825
"N4","PASS",7,"below",0.0416666666666667,0.0833333333333333,0.99,0.266846361185994,"N4-HIGH-PRIOR","P",0.16125,0.0825,0.0825
"N4","PASS",7,"below",0.0416666666666667,0.0833333333333333,0.99,0.266846361186984,"N4-HIGH-PRIOR","P",0.16125,0.0825,0.0825
"N4","PASS",7,"below",0.0416666666666667,0.0833333333333333,0.99,0.266846371185984,"N4-HIGH-PRIOR","P",0.16125,0.0825,0.0825
"N4","PASS",7,"below",0.0416666666666667,0.0833333333333333,0.99,0.266846461185984,"N4-HIGH-PRIOR","P",0.16125,0.0825,0.0825
"N4","PASS",7,"below",0.0416666666666667,0.0833333333333333,0.99,0.5,"N4-HIGH-PRIOR","P",0.16125,0.0825,0.0825
"N4","PASS",7,"below",0.0416666666666667,0.0833333333333333,0.99,0.75,"N4-HIGH-PRIOR","P",0.16125,0.0825,0.0825
"N4","PASS",7,"below",0.0416666666666667,0.0833333333333333,0.99,0.95,"N4-HIGH-PRIOR","P",0.16125,0.0825,0.0825
"N4","PASS",7,"below",0.0416666666666667,0.0833333333333333,0.99,0.99999999,"N4-HIGH-PRIOR","P",0.16125,0.0825,0.0825
"N4","PASS",7,"below",0.0416666666666667,0.0833333333333333,0.99,0.999999999999,"N4-HIGH-PRIOR","P",0.16125,0.0825,0.0825
"N4","PASS",7,"below",0.0416666666666667,0.0833333333333333,0.99,0.99999999999999,"N4-HIGH-PRIOR","P",0.16125,0.0825,0.0825
"N4","PASS",7,"below",0.0416666666666667,0.0833333333333333,0.99,1,"N4-HIGH-PRIOR","P",0.16125,0.0825,0.0825
"N4","PASS",7,"o1_equal_low",0.0416666666666667,0.166666666666667,0.5,0,"N4-NU-ZERO","L",0.579861111111111,0.0208333333333333,0.0833333333333333
"N4","PASS",7,"o1_equal_low",0.0416666666666667,0.166666666666667,0.5,1e-14,"N4-NO-PURE-PBE","NONE",NA,NA,NA
"N4","PASS",7,"o1_equal_low",0.0416666666666667,0.166666666666667,0.5,1e-12,"N4-NO-PURE-PBE","NONE",NA,NA,NA
"N4","PASS",7,"o1_equal_low",0.0416666666666667,0.166666666666667,0.5,1e-08,"N4-NO-PURE-PBE","NONE",NA,NA,NA
"N4","PASS",7,"o1_equal_low",0.0416666666666667,0.166666666666667,0.5,0.05,"N4-NO-PURE-PBE","NONE",NA,NA,NA
"N4","PASS",7,"o1_equal_low",0.0416666666666667,0.166666666666667,0.5,0.0857141857142857,"N4-NO-PURE-PBE","NONE",NA,NA,NA
"N4","PASS",7,"o1_equal_low",0.0416666666666667,0.166666666666667,0.5,0.0857142757142857,"N4-NO-PURE-PBE","NONE",NA,NA,NA
"N4","PASS",7,"o1_equal_low",0.0416666666666667,0.166666666666667,0.5,0.0857142857132857,"N4-NO-PURE-PBE","NONE",NA,NA,NA
"N4","PASS",7,"o1_equal_low",0.0416666666666667,0.166666666666667,0.5,0.0857142857142757,"N4-NO-PURE-PBE","NONE",NA,NA,NA
"N4","PASS",7,"o1_equal_low",0.0416666666666667,0.166666666666667,0.5,0.0857142857142857,"N4-NO-PURE-PBE","NONE",NA,NA,NA
"N4","PASS",7,"o1_equal_low",0.0416666666666667,0.166666666666667,0.5,0.0857142857142957,"N4-NO-PURE-PBE","NONE",NA,NA,NA
"N4","PASS",7,"o1_equal_low",0.0416666666666667,0.166666666666667,0.5,0.0857142857152857,"N4-NO-PURE-PBE","NONE",NA,NA,NA
"N4","PASS",7,"o1_equal_low",0.0416666666666667,0.166666666666667,0.5,0.0857142957142857,"N4-NO-PURE-PBE","NONE",NA,NA,NA
"N4","PASS",7,"o1_equal_low",0.0416666666666667,0.166666666666667,0.5,0.0857143857142857,"N4-NO-PURE-PBE","NONE",NA,NA,NA
"N4","PASS",7,"o1_equal_low",0.0416666666666667,0.166666666666667,0.5,0.130434682608696,"N4-NO-PURE-PBE","NONE",NA,NA,NA
"N4","PASS",7,"o1_equal_low",0.0416666666666667,0.166666666666667,0.5,0.130434772608696,"N4-NO-PURE-PBE","NONE",NA,NA,NA
"N4","PASS",7,"o1_equal_low",0.0416666666666667,0.166666666666667,0.5,0.130434782607696,"N4-NO-PURE-PBE","NONE",NA,NA,NA
"N4","PASS",7,"o1_equal_low",0.0416666666666667,0.166666666666667,0.5,0.130434782608686,"N4-NO-PURE-PBE","NONE",NA,NA,NA
"N4","PASS",7,"o1_equal_low",0.0416666666666667,0.166666666666667,0.5,0.130434782608696,"N4-NO-PURE-PBE","NONE",NA,NA,NA
"N4","PASS",7,"o1_equal_low",0.0416666666666667,0.166666666666667,0.5,0.130434782608706,"N4-HIGH-PRIOR","P",0.569444444444444,0.0833333333333333,0.0833333333333333
"N4","PASS",7,"o1_equal_low",0.0416666666666667,0.166666666666667,0.5,0.130434782609696,"N4-HIGH-PRIOR","P",0.569444444444444,0.0833333333333333,0.0833333333333333
"N4","PASS",7,"o1_equal_low",0.0416666666666667,0.166666666666667,0.5,0.130434792608696,"N4-HIGH-PRIOR","P",0.569444444444444,0.0833333333333333,0.0833333333333333
"N4","PASS",7,"o1_equal_low",0.0416666666666667,0.166666666666667,0.5,0.130434882608696,"N4-HIGH-PRIOR","P",0.569444444444444,0.0833333333333333,0.0833333333333333
"N4","PASS",7,"o1_equal_low",0.0416666666666667,0.166666666666667,0.5,0.25,"N4-HIGH-PRIOR","P",0.569444444444444,0.0833333333333333,0.0833333333333333
"N4","PASS",7,"o1_equal_low",0.0416666666666667,0.166666666666667,0.5,0.333333233333333,"N4-HIGH-PRIOR","P",0.569444444444444,0.0833333333333333,0.0833333333333333
"N4","PASS",7,"o1_equal_low",0.0416666666666667,0.166666666666667,0.5,0.333333323333333,"N4-HIGH-PRIOR","P",0.569444444444444,0.0833333333333333,0.0833333333333333
"N4","PASS",7,"o1_equal_low",0.0416666666666667,0.166666666666667,0.5,0.333333333332333,"N4-HIGH-PRIOR","P",0.569444444444444,0.0833333333333333,0.0833333333333333
"N4","PASS",7,"o1_equal_low",0.0416666666666667,0.166666666666667,0.5,0.333333333333323,"N4-HIGH-PRIOR","P",0.569444444444444,0.0833333333333333,0.0833333333333333
"N4","PASS",7,"o1_equal_low",0.0416666666666667,0.166666666666667,0.5,0.333333333333333,"N4-HIGH-PRIOR","P",0.569444444444444,0.0833333333333333,0.0833333333333333
"N4","PASS",7,"o1_equal_low",0.0416666666666667,0.166666666666667,0.5,0.333333333333343,"N4-HIGH-PRIOR","P",0.569444444444444,0.0833333333333333,0.0833333333333333
"N4","PASS",7,"o1_equal_low",0.0416666666666667,0.166666666666667,0.5,0.333333333334333,"N4-HIGH-PRIOR","P",0.569444444444444,0.0833333333333333,0.0833333333333333
"N4","PASS",7,"o1_equal_low",0.0416666666666667,0.166666666666667,0.5,0.333333343333333,"N4-HIGH-PRIOR","P",0.569444444444444,0.0833333333333333,0.0833333333333333
"N4","PASS",7,"o1_equal_low",0.0416666666666667,0.166666666666667,0.5,0.333333433333333,"N4-HIGH-PRIOR","P",0.569444444444444,0.0833333333333333,0.0833333333333333
"N4","PASS",7,"o1_equal_low",0.0416666666666667,0.166666666666667,0.5,0.5,"N4-HIGH-PRIOR","P",0.569444444444444,0.0833333333333333,0.0833333333333333
"N4","PASS",7,"o1_equal_low",0.0416666666666667,0.166666666666667,0.5,0.75,"N4-HIGH-PRIOR","P",0.569444444444444,0.0833333333333333,0.0833333333333333
"N4","PASS",7,"o1_equal_low",0.0416666666666667,0.166666666666667,0.5,0.95,"N4-HIGH-PRIOR","P",0.569444444444444,0.0833333333333333,0.0833333333333333
"N4","PASS",7,"o1_equal_low",0.0416666666666667,0.166666666666667,0.5,0.99999999,"N4-HIGH-PRIOR","P",0.569444444444444,0.0833333333333333,0.0833333333333333
"N4","PASS",7,"o1_equal_low",0.0416666666666667,0.166666666666667,0.5,0.999999999999,"N4-HIGH-PRIOR","P",0.569444444444444,0.0833333333333333,0.0833333333333333
"N4","PASS",7,"o1_equal_low",0.0416666666666667,0.166666666666667,0.5,0.99999999999999,"N4-HIGH-PRIOR","P",0.569444444444444,0.0833333333333333,0.0833333333333333
"N4","PASS",7,"o1_equal_low",0.0416666666666667,0.166666666666667,0.5,1,"N4-HIGH-PRIOR","P",0.569444444444444,0.0833333333333333,0.0833333333333333
"N4","PASS",7,"o1_equal_low",0.0416666666666667,0.166666666666667,0.9,0,"N4-NU-ZERO","L",0.24375,0.0375,0.15
"N4","PASS",7,"o1_equal_low",0.0416666666666667,0.166666666666667,0.9,1e-14,"N4-NO-PURE-PBE","NONE",NA,NA,NA
"N4","PASS",7,"o1_equal_low",0.0416666666666667,0.166666666666667,0.9,1e-12,"N4-NO-PURE-PBE","NONE",NA,NA,NA
"N4","PASS",7,"o1_equal_low",0.0416666666666667,0.166666666666667,0.9,1e-08,"N4-NO-PURE-PBE","NONE",NA,NA,NA
"N4","PASS",7,"o1_equal_low",0.0416666666666667,0.166666666666667,0.9,0.05,"N4-NO-PURE-PBE","NONE",NA,NA,NA
"N4","PASS",7,"o1_equal_low",0.0416666666666667,0.166666666666667,0.9,0.130434682608696,"N4-NO-PURE-PBE","NONE",NA,NA,NA
"N4","PASS",7,"o1_equal_low",0.0416666666666667,0.166666666666667,0.9,0.130434772608696,"N4-NO-PURE-PBE","NONE",NA,NA,NA
"N4","PASS",7,"o1_equal_low",0.0416666666666667,0.166666666666667,0.9,0.130434782607696,"N4-NO-PURE-PBE","NONE",NA,NA,NA
"N4","PASS",7,"o1_equal_low",0.0416666666666667,0.166666666666667,0.9,0.130434782608686,"N4-NO-PURE-PBE","NONE",NA,NA,NA
"N4","PASS",7,"o1_equal_low",0.0416666666666667,0.166666666666667,0.9,0.130434782608696,"N4-NO-PURE-PBE","NONE",NA,NA,NA
"N4","PASS",7,"o1_equal_low",0.0416666666666667,0.166666666666667,0.9,0.130434782608706,"N4-HIGH-PRIOR","P",0.225,0.15,0.15
"N4","PASS",7,"o1_equal_low",0.0416666666666667,0.166666666666667,0.9,0.130434782609696,"N4-HIGH-PRIOR","P",0.225,0.15,0.15
"N4","PASS",7,"o1_equal_low",0.0416666666666667,0.166666666666667,0.9,0.130434792608696,"N4-HIGH-PRIOR","P",0.225,0.15,0.15
"N4","PASS",7,"o1_equal_low",0.0416666666666667,0.166666666666667,0.9,0.130434882608696,"N4-HIGH-PRIOR","P",0.225,0.15,0.15
"N4","PASS",7,"o1_equal_low",0.0416666666666667,0.166666666666667,0.9,0.219512095121951,"N4-HIGH-PRIOR","P",0.225,0.15,0.15
"N4","PASS",7,"o1_equal_low",0.0416666666666667,0.166666666666667,0.9,0.219512185121951,"N4-HIGH-PRIOR","P",0.225,0.15,0.15
"N4","PASS",7,"o1_equal_low",0.0416666666666667,0.166666666666667,0.9,0.219512195120951,"N4-HIGH-PRIOR","P",0.225,0.15,0.15
"N4","PASS",7,"o1_equal_low",0.0416666666666667,0.166666666666667,0.9,0.219512195121941,"N4-HIGH-PRIOR","P",0.225,0.15,0.15
"N4","PASS",7,"o1_equal_low",0.0416666666666667,0.166666666666667,0.9,0.219512195121951,"N4-HIGH-PRIOR","P",0.225,0.15,0.15
"N4","PASS",7,"o1_equal_low",0.0416666666666667,0.166666666666667,0.9,0.219512195121961,"N4-HIGH-PRIOR","P",0.225,0.15,0.15
"N4","PASS",7,"o1_equal_low",0.0416666666666667,0.166666666666667,0.9,0.219512195122951,"N4-HIGH-PRIOR","P",0.225,0.15,0.15
"N4","PASS",7,"o1_equal_low",0.0416666666666667,0.166666666666667,0.9,0.219512205121951,"N4-HIGH-PRIOR","P",0.225,0.15,0.15
"N4","PASS",7,"o1_equal_low",0.0416666666666667,0.166666666666667,0.9,0.219512295121951,"N4-HIGH-PRIOR","P",0.225,0.15,0.15
"N4","PASS",7,"o1_equal_low",0.0416666666666667,0.166666666666667,0.9,0.25,"N4-HIGH-PRIOR","P",0.225,0.15,0.15
"N4","PASS",7,"o1_equal_low",0.0416666666666667,0.166666666666667,0.9,0.5,"N4-HIGH-PRIOR","P",0.225,0.15,0.15
"N4","PASS",7,"o1_equal_low",0.0416666666666667,0.166666666666667,0.9,0.75,"N4-HIGH-PRIOR","P",0.225,0.15,0.15
"N4","PASS",7,"o1_equal_low",0.0416666666666667,0.166666666666667,0.9,0.866666566666667,"N4-HIGH-PRIOR","P",0.225,0.15,0.15
"N4","PASS",7,"o1_equal_low",0.0416666666666667,0.166666666666667,0.9,0.866666656666667,"N4-HIGH-PRIOR","P",0.225,0.15,0.15
"N4","PASS",7,"o1_equal_low",0.0416666666666667,0.166666666666667,0.9,0.866666666665667,"N4-HIGH-PRIOR","P",0.225,0.15,0.15
"N4","PASS",7,"o1_equal_low",0.0416666666666667,0.166666666666667,0.9,0.866666666666657,"N4-HIGH-PRIOR","P",0.225,0.15,0.15
"N4","PASS",7,"o1_equal_low",0.0416666666666667,0.166666666666667,0.9,0.866666666666667,"N4-HIGH-PRIOR","P",0.225,0.15,0.15
"N4","PASS",7,"o1_equal_low",0.0416666666666667,0.166666666666667,0.9,0.866666666666677,"N4-HIGH-PRIOR","P",0.225,0.15,0.15
"N4","PASS",7,"o1_equal_low",0.0416666666666667,0.166666666666667,0.9,0.866666666667667,"N4-HIGH-PRIOR","P",0.225,0.15,0.15
"N4","PASS",7,"o1_equal_low",0.0416666666666667,0.166666666666667,0.9,0.866666676666667,"N4-HIGH-PRIOR","P",0.225,0.15,0.15
"N4","PASS",7,"o1_equal_low",0.0416666666666667,0.166666666666667,0.9,0.866666766666667,"N4-HIGH-PRIOR","P",0.225,0.15,0.15
"N4","PASS",7,"o1_equal_low",0.0416666666666667,0.166666666666667,0.9,0.95,"N4-HIGH-PRIOR","P",0.225,0.15,0.15
"N4","PASS",7,"o1_equal_low",0.0416666666666667,0.166666666666667,0.9,0.99999999,"N4-HIGH-PRIOR","P",0.225,0.15,0.15
"N4","PASS",7,"o1_equal_low",0.0416666666666667,0.166666666666667,0.9,0.999999999999,"N4-HIGH-PRIOR","P",0.225,0.15,0.15
"N4","PASS",7,"o1_equal_low",0.0416666666666667,0.166666666666667,0.9,0.99999999999999,"N4-HIGH-PRIOR","P",0.225,0.15,0.15
"N4","PASS",7,"o1_equal_low",0.0416666666666667,0.166666666666667,0.9,1,"N4-HIGH-PRIOR","P",0.225,0.15,0.15
"N4","PASS",7,"o1_equal_low",0.0416666666666667,0.166666666666667,0.99,0,"N4-NU-ZERO","L",0.168125,0.04125,0.165
"N4","PASS",7,"o1_equal_low",0.0416666666666667,0.166666666666667,0.99,1e-14,"N4-NO-PURE-PBE","NONE",NA,NA,NA
"N4","PASS",7,"o1_equal_low",0.0416666666666667,0.166666666666667,0.99,1e-12,"N4-NO-PURE-PBE","NONE",NA,NA,NA
"N4","PASS",7,"o1_equal_low",0.0416666666666667,0.166666666666667,0.99,1e-08,"N4-NO-PURE-PBE","NONE",NA,NA,NA
"N4","PASS",7,"o1_equal_low",0.0416666666666667,0.166666666666667,0.99,0.05,"N4-NO-PURE-PBE","NONE",NA,NA,NA
"N4","PASS",7,"o1_equal_low",0.0416666666666667,0.166666666666667,0.99,0.130434682608696,"N4-NO-PURE-PBE","NONE",NA,NA,NA
"N4","PASS",7,"o1_equal_low",0.0416666666666667,0.166666666666667,0.99,0.130434772608696,"N4-NO-PURE-PBE","NONE",NA,NA,NA
"N4","PASS",7,"o1_equal_low",0.0416666666666667,0.166666666666667,0.99,0.130434782607696,"N4-NO-PURE-PBE","NONE",NA,NA,NA
"N4","PASS",7,"o1_equal_low",0.0416666666666667,0.166666666666667,0.99,0.130434782608686,"N4-NO-PURE-PBE","NONE",NA,NA,NA
"N4","PASS",7,"o1_equal_low",0.0416666666666667,0.166666666666667,0.99,0.130434782608696,"N4-NO-PURE-PBE","NONE",NA,NA,NA
"N4","PASS",7,"o1_equal_low",0.0416666666666667,0.166666666666667,0.99,0.130434782608706,"N4-HIGH-PRIOR","P",0.1475,0.165,0.165
"N4","PASS",7,"o1_equal_low",0.0416666666666667,0.166666666666667,0.99,0.130434782609696,"N4-HIGH-PRIOR","P",0.1475,0.165,0.165
"N4","PASS",7,"o1_equal_low",0.0416666666666667,0.166666666666667,0.99,0.130434792608696,"N4-HIGH-PRIOR","P",0.1475,0.165,0.165
"N4","PASS",7,"o1_equal_low",0.0416666666666667,0.166666666666667,0.99,0.130434882608696,"N4-HIGH-PRIOR","P",0.1475,0.165,0.165
"N4","PASS",7,"o1_equal_low",0.0416666666666667,0.166666666666667,0.99,0.25,"N4-HIGH-PRIOR","P",0.1475,0.165,0.165
"N4","PASS",7,"o1_equal_low",0.0416666666666667,0.166666666666667,0.99,0.266846261185984,"N4-HIGH-PRIOR","P",0.1475,0.165,0.165
"N4","PASS",7,"o1_equal_low",0.0416666666666667,0.166666666666667,0.99,0.266846351185984,"N4-HIGH-PRIOR","P",0.1475,0.165,0.165
"N4","PASS",7,"o1_equal_low",0.0416666666666667,0.166666666666667,0.99,0.266846361184984,"N4-HIGH-PRIOR","P",0.1475,0.165,0.165
"N4","PASS",7,"o1_equal_low",0.0416666666666667,0.166666666666667,0.99,0.266846361185974,"N4-HIGH-PRIOR","P",0.1475,0.165,0.165
"N4","PASS",7,"o1_equal_low",0.0416666666666667,0.166666666666667,0.99,0.266846361185984,"N4-HIGH-PRIOR","P",0.1475,0.165,0.165
"N4","PASS",7,"o1_equal_low",0.0416666666666667,0.166666666666667,0.99,0.266846361185994,"N4-HIGH-PRIOR","P",0.1475,0.165,0.165
"N4","PASS",7,"o1_equal_low",0.0416666666666667,0.166666666666667,0.99,0.266846361186984,"N4-HIGH-PRIOR","P",0.1475,0.165,0.165
"N4","PASS",7,"o1_equal_low",0.0416666666666667,0.166666666666667,0.99,0.266846371185984,"N4-HIGH-PRIOR","P",0.1475,0.165,0.165
"N4","PASS",7,"o1_equal_low",0.0416666666666667,0.166666666666667,0.99,0.266846461185984,"N4-HIGH-PRIOR","P",0.1475,0.165,0.165
"N4","PASS",7,"o1_equal_low",0.0416666666666667,0.166666666666667,0.99,0.5,"N4-HIGH-PRIOR","P",0.1475,0.165,0.165
"N4","PASS",7,"o1_equal_low",0.0416666666666667,0.166666666666667,0.99,0.75,"N4-HIGH-PRIOR","P",0.1475,0.165,0.165
"N4","PASS",7,"o1_equal_low",0.0416666666666667,0.166666666666667,0.99,0.95,"N4-HIGH-PRIOR","P",0.1475,0.165,0.165
"N4","PASS",7,"o1_equal_low",0.0416666666666667,0.166666666666667,0.99,0.986666566666667,"N4-HIGH-PRIOR","P",0.1475,0.165,0.165
"N4","PASS",7,"o1_equal_low",0.0416666666666667,0.166666666666667,0.99,0.986666656666667,"N4-HIGH-PRIOR","P",0.1475,0.165,0.165
"N4","PASS",7,"o1_equal_low",0.0416666666666667,0.166666666666667,0.99,0.986666666665667,"N4-HIGH-PRIOR","P",0.1475,0.165,0.165
"N4","PASS",7,"o1_equal_low",0.0416666666666667,0.166666666666667,0.99,0.986666666666657,"N4-HIGH-PRIOR","P",0.1475,0.165,0.165
"N4","PASS",7,"o1_equal_low",0.0416666666666667,0.166666666666667,0.99,0.986666666666667,"N4-HIGH-PRIOR","P",0.1475,0.165,0.165
"N4","PASS",7,"o1_equal_low",0.0416666666666667,0.166666666666667,0.99,0.986666666666677,"N4-HIGH-PRIOR","P",0.1475,0.165,0.165
"N4","PASS",7,"o1_equal_low",0.0416666666666667,0.166666666666667,0.99,0.986666666667667,"N4-HIGH-PRIOR","P",0.1475,0.165,0.165
"N4","PASS",7,"o1_equal_low",0.0416666666666667,0.166666666666667,0.99,0.986666676666667,"N4-HIGH-PRIOR","P",0.1475,0.165,0.165
"N4","PASS",7,"o1_equal_low",0.0416666666666667,0.166666666666667,0.99,0.986666766666667,"N4-HIGH-PRIOR","P",0.1475,0.165,0.165
"N4","PASS",7,"o1_equal_low",0.0416666666666667,0.166666666666667,0.99,0.99999999,"N4-HIGH-PRIOR","P",0.1475,0.165,0.165
"N4","PASS",7,"o1_equal_low",0.0416666666666667,0.166666666666667,0.99,0.999999999999,"N4-HIGH-PRIOR","P",0.1475,0.165,0.165
"N4","PASS",7,"o1_equal_low",0.0416666666666667,0.166666666666667,0.99,0.99999999999999,"N4-HIGH-PRIOR","P",0.1475,0.165,0.165
"N4","PASS",7,"o1_equal_low",0.0416666666666667,0.166666666666667,0.99,1,"N4-HIGH-PRIOR","P",0.1475,0.165,0.165
"N4","PASS",7,"o1_equal_mid",0.0833333333333333,0.166666666666667,0.5,0,"N4-NU-ZERO","L",0.576388888888889,0.0416666666666667,0.0833333333333333
"N4","PASS",7,"o1_equal_mid",0.0833333333333333,0.166666666666667,0.5,1e-14,"N4-NO-PURE-PBE","NONE",NA,NA,NA
"N4","PASS",7,"o1_equal_mid",0.0833333333333333,0.166666666666667,0.5,1e-12,"N4-NO-PURE-PBE","NONE",NA,NA,NA
"N4","PASS",7,"o1_equal_mid",0.0833333333333333,0.166666666666667,0.5,1e-08,"N4-NO-PURE-PBE","NONE",NA,NA,NA
"N4","PASS",7,"o1_equal_mid",0.0833333333333333,0.166666666666667,0.5,1e-07,"N4-NO-PURE-PBE","NONE",NA,NA,NA
"N4","PASS",7,"o1_equal_mid",0.0833333333333333,0.166666666666667,0.5,0.05,"N4-NO-PURE-PBE","NONE",NA,NA,NA
"N4","PASS",7,"o1_equal_mid",0.0833333333333333,0.166666666666667,0.5,0.0588234294117647,"N4-NO-PURE-PBE","NONE",NA,NA,NA
"N4","PASS",7,"o1_equal_mid",0.0833333333333333,0.166666666666667,0.5,0.0588235194117647,"N4-NO-PURE-PBE","NONE",NA,NA,NA
"N4","PASS",7,"o1_equal_mid",0.0833333333333333,0.166666666666667,0.5,0.0588235294107647,"N4-NO-PURE-PBE","NONE",NA,NA,NA
"N4","PASS",7,"o1_equal_mid",0.0833333333333333,0.166666666666667,0.5,0.0588235294117547,"N4-NO-PURE-PBE","NONE",NA,NA,NA
"N4","PASS",7,"o1_equal_mid",0.0833333333333333,0.166666666666667,0.5,0.0588235294117647,"N4-NO-PURE-PBE","NONE",NA,NA,NA
"N4","PASS",7,"o1_equal_mid",0.0833333333333333,0.166666666666667,0.5,0.0588235294117747,"N4-NO-PURE-PBE","NONE",NA,NA,NA
"N4","PASS",7,"o1_equal_mid",0.0833333333333333,0.166666666666667,0.5,0.0588235294127647,"N4-NO-PURE-PBE","NONE",NA,NA,NA
"N4","PASS",7,"o1_equal_mid",0.0833333333333333,0.166666666666667,0.5,0.0588235394117647,"N4-NO-PURE-PBE","NONE",NA,NA,NA
"N4","PASS",7,"o1_equal_mid",0.0833333333333333,0.166666666666667,0.5,0.0588236294117647,"N4-NO-PURE-PBE","NONE",NA,NA,NA
"N4","PASS",7,"o1_equal_mid",0.0833333333333333,0.166666666666667,0.5,0.0909089909090909,"N4-NO-PURE-PBE","NONE",NA,NA,NA
"N4","PASS",7,"o1_equal_mid",0.0833333333333333,0.166666666666667,0.5,0.0909090809090909,"N4-NO-PURE-PBE","NONE",NA,NA,NA
"N4","PASS",7,"o1_equal_mid",0.0833333333333333,0.166666666666667,0.5,0.0909090909080909,"N4-NO-PURE-PBE","NONE",NA,NA,NA
"N4","PASS",7,"o1_equal_mid",0.0833333333333333,0.166666666666667,0.5,0.0909090909090809,"N4-NO-PURE-PBE","NONE",NA,NA,NA
"N4","PASS",7,"o1_equal_mid",0.0833333333333333,0.166666666666667,0.5,0.0909090909090909,"N4-NO-PURE-PBE","NONE",NA,NA,NA
"N4","PASS",7,"o1_equal_mid",0.0833333333333333,0.166666666666667,0.5,0.0909090909091009,"N4-HIGH-PRIOR","P",0.569444444444444,0.0833333333333333,0.0833333333333333
"N4","PASS",7,"o1_equal_mid",0.0833333333333333,0.166666666666667,0.5,0.0909090909100909,"N4-HIGH-PRIOR","P",0.569444444444444,0.0833333333333333,0.0833333333333333
"N4","PASS",7,"o1_equal_mid",0.0833333333333333,0.166666666666667,0.5,0.0909091009090909,"N4-HIGH-PRIOR","P",0.569444444444444,0.0833333333333333,0.0833333333333333
"N4","PASS",7,"o1_equal_mid",0.0833333333333333,0.166666666666667,0.5,0.0909091909090909,"N4-HIGH-PRIOR","P",0.569444444444444,0.0833333333333333,0.0833333333333333
"N4","PASS",7,"o1_equal_mid",0.0833333333333333,0.166666666666667,0.5,0.25,"N4-HIGH-PRIOR","P",0.569444444444444,0.0833333333333333,0.0833333333333333
"N4","PASS",7,"o1_equal_mid",0.0833333333333333,0.166666666666667,0.5,0.5,"N4-HIGH-PRIOR","P",0.569444444444444,0.0833333333333333,0.0833333333333333
"N4","PASS",7,"o1_equal_mid",0.0833333333333333,0.166666666666667,0.5,0.75,"N4-HIGH-PRIOR","P",0.569444444444444,0.0833333333333333,0.0833333333333333
"N4","PASS",7,"o1_equal_mid",0.0833333333333333,0.166666666666667,0.5,0.95,"N4-HIGH-PRIOR","P",0.569444444444444,0.0833333333333333,0.0833333333333333
"N4","PASS",7,"o1_equal_mid",0.0833333333333333,0.166666666666667,0.5,0.99999999,"N4-HIGH-PRIOR","P",0.569444444444444,0.0833333333333333,0.0833333333333333
"N4","PASS",7,"o1_equal_mid",0.0833333333333333,0.166666666666667,0.5,0.999999999999,"N4-HIGH-PRIOR","P",0.569444444444444,0.0833333333333333,0.0833333333333333
"N4","PASS",7,"o1_equal_mid",0.0833333333333333,0.166666666666667,0.5,0.99999999999999,"N4-HIGH-PRIOR","P",0.569444444444444,0.0833333333333333,0.0833333333333333
"N4","PASS",7,"o1_equal_mid",0.0833333333333333,0.166666666666667,0.5,1,"N4-HIGH-PRIOR","P",0.569444444444444,0.0833333333333333,0.0833333333333333
"N4","PASS",7,"o1_equal_mid",0.0833333333333333,0.166666666666667,0.9,0,"N4-NU-ZERO","L",0.2375,0.075,0.15
"N4","PASS",7,"o1_equal_mid",0.0833333333333333,0.166666666666667,0.9,1e-14,"N4-NO-PURE-PBE","NONE",NA,NA,NA
"N4","PASS",7,"o1_equal_mid",0.0833333333333333,0.166666666666667,0.9,1e-12,"N4-NO-PURE-PBE","NONE",NA,NA,NA
"N4","PASS",7,"o1_equal_mid",0.0833333333333333,0.166666666666667,0.9,1e-08,"N4-NO-PURE-PBE","NONE",NA,NA,NA
"N4","PASS",7,"o1_equal_mid",0.0833333333333333,0.166666666666667,0.9,0.05,"N4-NO-PURE-PBE","NONE",NA,NA,NA
"N4","PASS",7,"o1_equal_mid",0.0833333333333333,0.166666666666667,0.9,0.0909089909090909,"N4-NO-PURE-PBE","NONE",NA,NA,NA
"N4","PASS",7,"o1_equal_mid",0.0833333333333333,0.166666666666667,0.9,0.0909090809090909,"N4-NO-PURE-PBE","NONE",NA,NA,NA
"N4","PASS",7,"o1_equal_mid",0.0833333333333333,0.166666666666667,0.9,0.0909090909080909,"N4-NO-PURE-PBE","NONE",NA,NA,NA
"N4","PASS",7,"o1_equal_mid",0.0833333333333333,0.166666666666667,0.9,0.0909090909090809,"N4-NO-PURE-PBE","NONE",NA,NA,NA
"N4","PASS",7,"o1_equal_mid",0.0833333333333333,0.166666666666667,0.9,0.0909090909090909,"N4-NO-PURE-PBE","NONE",NA,NA,NA
"N4","PASS",7,"o1_equal_mid",0.0833333333333333,0.166666666666667,0.9,0.0909090909091009,"N4-HIGH-PRIOR","P",0.225,0.15,0.15
"N4","PASS",7,"o1_equal_mid",0.0833333333333333,0.166666666666667,0.9,0.0909090909100909,"N4-HIGH-PRIOR","P",0.225,0.15,0.15
"N4","PASS",7,"o1_equal_mid",0.0833333333333333,0.166666666666667,0.9,0.0909091009090909,"N4-HIGH-PRIOR","P",0.225,0.15,0.15
"N4","PASS",7,"o1_equal_mid",0.0833333333333333,0.166666666666667,0.9,0.0909091909090909,"N4-HIGH-PRIOR","P",0.225,0.15,0.15
"N4","PASS",7,"o1_equal_mid",0.0833333333333333,0.166666666666667,0.9,0.157894636842105,"N4-HIGH-PRIOR","P",0.225,0.15,0.15
"N4","PASS",7,"o1_equal_mid",0.0833333333333333,0.166666666666667,0.9,0.157894726842105,"N4-HIGH-PRIOR","P",0.225,0.15,0.15
"N4","PASS",7,"o1_equal_mid",0.0833333333333333,0.166666666666667,0.9,0.157894736841105,"N4-HIGH-PRIOR","P",0.225,0.15,0.15
"N4","PASS",7,"o1_equal_mid",0.0833333333333333,0.166666666666667,0.9,0.157894736842095,"N4-HIGH-PRIOR","P",0.225,0.15,0.15
"N4","PASS",7,"o1_equal_mid",0.0833333333333333,0.166666666666667,0.9,0.157894736842105,"N4-HIGH-PRIOR","P",0.225,0.15,0.15
"N4","PASS",7,"o1_equal_mid",0.0833333333333333,0.166666666666667,0.9,0.157894736842115,"N4-HIGH-PRIOR","P",0.225,0.15,0.15
"N4","PASS",7,"o1_equal_mid",0.0833333333333333,0.166666666666667,0.9,0.157894736843105,"N4-HIGH-PRIOR","P",0.225,0.15,0.15
"N4","PASS",7,"o1_equal_mid",0.0833333333333333,0.166666666666667,0.9,0.157894746842105,"N4-HIGH-PRIOR","P",0.225,0.15,0.15
"N4","PASS",7,"o1_equal_mid",0.0833333333333333,0.166666666666667,0.9,0.157894836842105,"N4-HIGH-PRIOR","P",0.225,0.15,0.15
"N4","PASS",7,"o1_equal_mid",0.0833333333333333,0.166666666666667,0.9,0.25,"N4-HIGH-PRIOR","P",0.225,0.15,0.15
"N4","PASS",7,"o1_equal_mid",0.0833333333333333,0.166666666666667,0.9,0.5,"N4-HIGH-PRIOR","P",0.225,0.15,0.15
"N4","PASS",7,"o1_equal_mid",0.0833333333333333,0.166666666666667,0.9,0.75,"N4-HIGH-PRIOR","P",0.225,0.15,0.15
"N4","PASS",7,"o1_equal_mid",0.0833333333333333,0.166666666666667,0.9,0.7999999,"N4-HIGH-PRIOR","P",0.225,0.15,0.15
"N4","PASS",7,"o1_equal_mid",0.0833333333333333,0.166666666666667,0.9,0.79999999,"N4-HIGH-PRIOR","P",0.225,0.15,0.15
"N4","PASS",7,"o1_equal_mid",0.0833333333333333,0.166666666666667,0.9,0.799999999999,"N4-HIGH-PRIOR","P",0.225,0.15,0.15
"N4","PASS",7,"o1_equal_mid",0.0833333333333333,0.166666666666667,0.9,0.79999999999999,"N4-HIGH-PRIOR","P",0.225,0.15,0.15
"N4","PASS",7,"o1_equal_mid",0.0833333333333333,0.166666666666667,0.9,0.8,"N4-HIGH-PRIOR","P",0.225,0.15,0.15
"N4","PASS",7,"o1_equal_mid",0.0833333333333333,0.166666666666667,0.9,0.80000000000001,"N4-HIGH-PRIOR","P",0.225,0.15,0.15
"N4","PASS",7,"o1_equal_mid",0.0833333333333333,0.166666666666667,0.9,0.800000000001,"N4-HIGH-PRIOR","P",0.225,0.15,0.15
"N4","PASS",7,"o1_equal_mid",0.0833333333333333,0.166666666666667,0.9,0.80000001,"N4-HIGH-PRIOR","P",0.225,0.15,0.15
"N4","PASS",7,"o1_equal_mid",0.0833333333333333,0.166666666666667,0.9,0.8000001,"N4-HIGH-PRIOR","P",0.225,0.15,0.15
"N4","PASS",7,"o1_equal_mid",0.0833333333333333,0.166666666666667,0.9,0.95,"N4-HIGH-PRIOR","P",0.225,0.15,0.15
"N4","PASS",7,"o1_equal_mid",0.0833333333333333,0.166666666666667,0.9,0.99999999,"N4-HIGH-PRIOR","P",0.225,0.15,0.15
"N4","PASS",7,"o1_equal_mid",0.0833333333333333,0.166666666666667,0.9,0.999999999999,"N4-HIGH-PRIOR","P",0.225,0.15,0.15
"N4","PASS",7,"o1_equal_mid",0.0833333333333333,0.166666666666667,0.9,0.99999999999999,"N4-HIGH-PRIOR","P",0.225,0.15,0.15
"N4","PASS",7,"o1_equal_mid",0.0833333333333333,0.166666666666667,0.9,1,"N4-HIGH-PRIOR","P",0.225,0.15,0.15
"N4","PASS",7,"o1_equal_mid",0.0833333333333333,0.166666666666667,0.99,0,"N4-NU-ZERO","L",0.16125,0.0825,0.165
"N4","PASS",7,"o1_equal_mid",0.0833333333333333,0.166666666666667,0.99,1e-14,"N4-NO-PURE-PBE","NONE",NA,NA,NA
"N4","PASS",7,"o1_equal_mid",0.0833333333333333,0.166666666666667,0.99,1e-12,"N4-NO-PURE-PBE","NONE",NA,NA,NA
"N4","PASS",7,"o1_equal_mid",0.0833333333333333,0.166666666666667,0.99,1e-08,"N4-NO-PURE-PBE","NONE",NA,NA,NA
"N4","PASS",7,"o1_equal_mid",0.0833333333333333,0.166666666666667,0.99,0.05,"N4-NO-PURE-PBE","NONE",NA,NA,NA
"N4","PASS",7,"o1_equal_mid",0.0833333333333333,0.166666666666667,0.99,0.0909089909090909,"N4-NO-PURE-PBE","NONE",NA,NA,NA
"N4","PASS",7,"o1_equal_mid",0.0833333333333333,0.166666666666667,0.99,0.0909090809090909,"N4-NO-PURE-PBE","NONE",NA,NA,NA
"N4","PASS",7,"o1_equal_mid",0.0833333333333333,0.166666666666667,0.99,0.0909090909080909,"N4-NO-PURE-PBE","NONE",NA,NA,NA
"N4","PASS",7,"o1_equal_mid",0.0833333333333333,0.166666666666667,0.99,0.0909090909090809,"N4-NO-PURE-PBE","NONE",NA,NA,NA
"N4","PASS",7,"o1_equal_mid",0.0833333333333333,0.166666666666667,0.99,0.0909090909090909,"N4-NO-PURE-PBE","NONE",NA,NA,NA
"N4","PASS",7,"o1_equal_mid",0.0833333333333333,0.166666666666667,0.99,0.0909090909091009,"N4-HIGH-PRIOR","P",0.1475,0.165,0.165
"N4","PASS",7,"o1_equal_mid",0.0833333333333333,0.166666666666667,0.99,0.0909090909100909,"N4-HIGH-PRIOR","P",0.1475,0.165,0.165
"N4","PASS",7,"o1_equal_mid",0.0833333333333333,0.166666666666667,0.99,0.0909091009090909,"N4-HIGH-PRIOR","P",0.1475,0.165,0.165
"N4","PASS",7,"o1_equal_mid",0.0833333333333333,0.166666666666667,0.99,0.0909091909090909,"N4-HIGH-PRIOR","P",0.1475,0.165,0.165
"N4","PASS",7,"o1_equal_mid",0.0833333333333333,0.166666666666667,0.99,0.195266172189349,"N4-HIGH-PRIOR","P",0.1475,0.165,0.165
"N4","PASS",7,"o1_equal_mid",0.0833333333333333,0.166666666666667,0.99,0.195266262189349,"N4-HIGH-PRIOR","P",0.1475,0.165,0.165
"N4","PASS",7,"o1_equal_mid",0.0833333333333333,0.166666666666667,0.99,0.195266272188349,"N4-HIGH-PRIOR","P",0.1475,0.165,0.165
"N4","PASS",7,"o1_equal_mid",0.0833333333333333,0.166666666666667,0.99,0.195266272189339,"N4-HIGH-PRIOR","P",0.1475,0.165,0.165
"N4","PASS",7,"o1_equal_mid",0.0833333333333333,0.166666666666667,0.99,0.195266272189349,"N4-HIGH-PRIOR","P",0.1475,0.165,0.165
"N4","PASS",7,"o1_equal_mid",0.0833333333333333,0.166666666666667,0.99,0.195266272189359,"N4-HIGH-PRIOR","P",0.1475,0.165,0.165
"N4","PASS",7,"o1_equal_mid",0.0833333333333333,0.166666666666667,0.99,0.195266272190349,"N4-HIGH-PRIOR","P",0.1475,0.165,0.165
"N4","PASS",7,"o1_equal_mid",0.0833333333333333,0.166666666666667,0.99,0.195266282189349,"N4-HIGH-PRIOR","P",0.1475,0.165,0.165
"N4","PASS",7,"o1_equal_mid",0.0833333333333333,0.166666666666667,0.99,0.195266372189349,"N4-HIGH-PRIOR","P",0.1475,0.165,0.165
"N4","PASS",7,"o1_equal_mid",0.0833333333333333,0.166666666666667,0.99,0.25,"N4-HIGH-PRIOR","P",0.1475,0.165,0.165
"N4","PASS",7,"o1_equal_mid",0.0833333333333333,0.166666666666667,0.99,0.5,"N4-HIGH-PRIOR","P",0.1475,0.165,0.165
"N4","PASS",7,"o1_equal_mid",0.0833333333333333,0.166666666666667,0.99,0.75,"N4-HIGH-PRIOR","P",0.1475,0.165,0.165
"N4","PASS",7,"o1_equal_mid",0.0833333333333333,0.166666666666667,0.99,0.95,"N4-HIGH-PRIOR","P",0.1475,0.165,0.165
"N4","PASS",7,"o1_equal_mid",0.0833333333333333,0.166666666666667,0.99,0.9799999,"N4-HIGH-PRIOR","P",0.1475,0.165,0.165
"N4","PASS",7,"o1_equal_mid",0.0833333333333333,0.166666666666667,0.99,0.97999999,"N4-HIGH-PRIOR","P",0.1475,0.165,0.165
"N4","PASS",7,"o1_equal_mid",0.0833333333333333,0.166666666666667,0.99,0.979999999999,"N4-HIGH-PRIOR","P",0.1475,0.165,0.165
"N4","PASS",7,"o1_equal_mid",0.0833333333333333,0.166666666666667,0.99,0.97999999999999,"N4-HIGH-PRIOR","P",0.1475,0.165,0.165
"N4","PASS",7,"o1_equal_mid",0.0833333333333333,0.166666666666667,0.99,0.98,"N4-HIGH-PRIOR","P",0.1475,0.165,0.165
"N4","PASS",7,"o1_equal_mid",0.0833333333333333,0.166666666666667,0.99,0.98000000000001,"N4-HIGH-PRIOR","P",0.1475,0.165,0.165
"N4","PASS",7,"o1_equal_mid",0.0833333333333333,0.166666666666667,0.99,0.980000000001,"N4-HIGH-PRIOR","P",0.1475,0.165,0.165
"N4","PASS",7,"o1_equal_mid",0.0833333333333333,0.166666666666667,0.99,0.98000001,"N4-HIGH-PRIOR","P",0.1475,0.165,0.165
"N4","PASS",7,"o1_equal_mid",0.0833333333333333,0.166666666666667,0.99,0.9800001,"N4-HIGH-PRIOR","P",0.1475,0.165,0.165
"N4","PASS",7,"o1_equal_mid",0.0833333333333333,0.166666666666667,0.99,0.99999999,"N4-HIGH-PRIOR","P",0.1475,0.165,0.165
"N4","PASS",7,"o1_equal_mid",0.0833333333333333,0.166666666666667,0.99,0.999999999999,"N4-HIGH-PRIOR","P",0.1475,0.165,0.165
"N4","PASS",7,"o1_equal_mid",0.0833333333333333,0.166666666666667,0.99,0.99999999999999,"N4-HIGH-PRIOR","P",0.1475,0.165,0.165
"N4","PASS",7,"o1_equal_mid",0.0833333333333333,0.166666666666667,0.99,1,"N4-HIGH-PRIOR","P",0.1475,0.165,0.165
"N4","PASS",7,"cross",0.0833333333333333,0.375,0.5,0,"N4-NU-ZERO","L",0.576388888888889,0.0416666666666667,0.1875
"N4","PASS",7,"cross",0.0833333333333333,0.375,0.5,1e-14,"N4-NO-PURE-PBE","NONE",NA,NA,NA
"N4","PASS",7,"cross",0.0833333333333333,0.375,0.5,1e-12,"N4-NO-PURE-PBE","NONE",NA,NA,NA
"N4","PASS",7,"cross",0.0833333333333333,0.375,0.5,1e-08,"N4-NO-PURE-PBE","NONE",NA,NA,NA
"N4","PASS",7,"cross",0.0833333333333333,0.375,0.5,0.05,"N4-NO-PURE-PBE","NONE",NA,NA,NA
"N4","PASS",7,"cross",0.0833333333333333,0.375,0.5,0.0588234294117647,"N4-NO-PURE-PBE","NONE",NA,NA,NA
"N4","PASS",7,"cross",0.0833333333333333,0.375,0.5,0.0588235194117647,"N4-NO-PURE-PBE","NONE",NA,NA,NA
"N4","PASS",7,"cross",0.0833333333333333,0.375,0.5,0.0588235294107647,"N4-NO-PURE-PBE","NONE",NA,NA,NA
"N4","PASS",7,"cross",0.0833333333333333,0.375,0.5,0.0588235294117547,"N4-NO-PURE-PBE","NONE",NA,NA,NA
"N4","PASS",7,"cross",0.0833333333333333,0.375,0.5,0.0588235294117647,"N4-NO-PURE-PBE","NONE",NA,NA,NA
"N4","PASS",7,"cross",0.0833333333333333,0.375,0.5,0.0588235294117747,"N4-NO-PURE-PBE","NONE",NA,NA,NA
"N4","PASS",7,"cross",0.0833333333333333,0.375,0.5,0.0588235294127647,"N4-NO-PURE-PBE","NONE",NA,NA,NA
"N4","PASS",7,"cross",0.0833333333333333,0.375,0.5,0.0588235394117647,"N4-NO-PURE-PBE","NONE",NA,NA,NA
"N4","PASS",7,"cross",0.0833333333333333,0.375,0.5,0.0588236294117647,"N4-NO-PURE-PBE","NONE",NA,NA,NA
"N4","PASS",7,"cross",0.0833333333333333,0.375,0.5,0.25,"N4-NO-PURE-PBE","NONE",NA,NA,NA
"N4","PASS",7,"cross",0.0833333333333333,0.375,0.5,0.318181718181818,"N4-NO-PURE-PBE","NONE",NA,NA,NA
"N4","PASS",7,"cross",0.0833333333333333,0.375,0.5,0.318181808181818,"N4-NO-PURE-PBE","NONE",NA,NA,NA
"N4","PASS",7,"cross",0.0833333333333333,0.375,0.5,0.318181818180818,"N4-NO-PURE-PBE","NONE",NA,NA,NA
"N4","PASS",7,"cross",0.0833333333333333,0.375,0.5,0.318181818181808,"N4-NO-PURE-PBE","NONE",NA,NA,NA
"N4","PASS",7,"cross",0.0833333333333333,0.375,0.5,0.318181818181818,"N4-NO-PURE-PBE","NONE",NA,NA,NA
"N4","PASS",7,"cross",0.0833333333333333,0.375,0.5,0.318181818181828,"N4-HIGH-PRIOR","P",0.552083333333333,0.1875,0.1875
"N4","PASS",7,"cross",0.0833333333333333,0.375,0.5,0.318181818182818,"N4-HIGH-PRIOR","P",0.552083333333333,0.1875,0.1875
"N4","PASS",7,"cross",0.0833333333333333,0.375,0.5,0.318181828181818,"N4-HIGH-PRIOR","P",0.552083333333333,0.1875,0.1875
"N4","PASS",7,"cross",0.0833333333333333,0.375,0.5,0.318181918181818,"N4-HIGH-PRIOR","P",0.552083333333333,0.1875,0.1875
"N4","PASS",7,"cross",0.0833333333333333,0.375,0.5,0.5,"N4-HIGH-PRIOR","P",0.552083333333333,0.1875,0.1875
"N4","PASS",7,"cross",0.0833333333333333,0.375,0.5,0.75,"N4-HIGH-PRIOR","P",0.552083333333333,0.1875,0.1875
"N4","PASS",7,"cross",0.0833333333333333,0.375,0.5,0.95,"N4-HIGH-PRIOR","P",0.552083333333333,0.1875,0.1875
"N4","PASS",7,"cross",0.0833333333333333,0.375,0.5,0.99999999,"N4-HIGH-PRIOR","P",0.552083333333333,0.1875,0.1875
"N4","PASS",7,"cross",0.0833333333333333,0.375,0.5,0.999999999999,"N4-HIGH-PRIOR","P",0.552083333333333,0.1875,0.1875
"N4","PASS",7,"cross",0.0833333333333333,0.375,0.5,0.99999999999999,"N4-HIGH-PRIOR","P",0.552083333333333,0.1875,0.1875
"N4","PASS",7,"cross",0.0833333333333333,0.375,0.5,1,"N4-HIGH-PRIOR","P",0.552083333333333,0.1875,0.1875
"N4","PASS",7,"cross",0.0833333333333333,0.375,0.9,0,"N4-NU-ZERO","L",0.2375,0.075,0.3375
"N4","PASS",7,"cross",0.0833333333333333,0.375,0.9,1e-14,"N4-NO-PURE-PBE","NONE",NA,NA,NA
"N4","PASS",7,"cross",0.0833333333333333,0.375,0.9,1e-12,"N4-NO-PURE-PBE","NONE",NA,NA,NA
"N4","PASS",7,"cross",0.0833333333333333,0.375,0.9,1e-08,"N4-NO-PURE-PBE","NONE",NA,NA,NA
"N4","PASS",7,"cross",0.0833333333333333,0.375,0.9,0.05,"N4-NO-PURE-PBE","NONE",NA,NA,NA
"N4","PASS",7,"cross",0.0833333333333333,0.375,0.9,0.157894636842105,"N4-NO-PURE-PBE","NONE",NA,NA,NA
"N4","PASS",7,"cross",0.0833333333333333,0.375,0.9,0.157894726842105,"N4-NO-PURE-PBE","NONE",NA,NA,NA
"N4","PASS",7,"cross",0.0833333333333333,0.375,0.9,0.157894736841105,"N4-NO-PURE-PBE","NONE",NA,NA,NA
"N4","PASS",7,"cross",0.0833333333333333,0.375,0.9,0.157894736842095,"N4-NO-PURE-PBE","NONE",NA,NA,NA
"N4","PASS",7,"cross",0.0833333333333333,0.375,0.9,0.157894736842105,"N4-NO-PURE-PBE","NONE",NA,NA,NA
"N4","PASS",7,"cross",0.0833333333333333,0.375,0.9,0.157894736842115,"N4-NO-PURE-PBE","NONE",NA,NA,NA
"N4","PASS",7,"cross",0.0833333333333333,0.375,0.9,0.157894736843105,"N4-NO-PURE-PBE","NONE",NA,NA,NA
"N4","PASS",7,"cross",0.0833333333333333,0.375,0.9,0.157894746842105,"N4-NO-PURE-PBE","NONE",NA,NA,NA
"N4","PASS",7,"cross",0.0833333333333333,0.375,0.9,0.157894836842105,"N4-NO-PURE-PBE","NONE",NA,NA,NA
"N4","PASS",7,"cross",0.0833333333333333,0.375,0.9,0.25,"N4-NO-PURE-PBE","NONE",NA,NA,NA
"N4","PASS",7,"cross",0.0833333333333333,0.375,0.9,0.318181718181818,"N4-NO-PURE-PBE","NONE",NA,NA,NA
"N4","PASS",7,"cross",0.0833333333333333,0.375,0.9,0.318181808181818,"N4-NO-PURE-PBE","NONE",NA,NA,NA
"N4","PASS",7,"cross",0.0833333333333333,0.375,0.9,0.318181818180818,"N4-NO-PURE-PBE","NONE",NA,NA,NA
"N4","PASS",7,"cross",0.0833333333333333,0.375,0.9,0.318181818181808,"N4-NO-PURE-PBE","NONE",NA,NA,NA
"N4","PASS",7,"cross",0.0833333333333333,0.375,0.9,0.318181818181818,"N4-NO-PURE-PBE","NONE",NA,NA,NA
"N4","PASS",7,"cross",0.0833333333333333,0.375,0.9,0.318181818181828,"N4-HIGH-PRIOR","P",0.19375,0.3375,0.3375
"N4","PASS",7,"cross",0.0833333333333333,0.375,0.9,0.318181818182818,"N4-HIGH-PRIOR","P",0.19375,0.3375,0.3375
"N4","PASS",7,"cross",0.0833333333333333,0.375,0.9,0.318181828181818,"N4-HIGH-PRIOR","P",0.19375,0.3375,0.3375
"N4","PASS",7,"cross",0.0833333333333333,0.375,0.9,0.318181918181818,"N4-HIGH-PRIOR","P",0.19375,0.3375,0.3375
"N4","PASS",7,"cross",0.0833333333333333,0.375,0.9,0.5,"N4-HIGH-PRIOR","P",0.19375,0.3375,0.3375
"N4","PASS",7,"cross",0.0833333333333333,0.375,0.9,0.75,"N4-HIGH-PRIOR","P",0.19375,0.3375,0.3375
"N4","PASS",7,"cross",0.0833333333333333,0.375,0.9,0.95,"N4-HIGH-PRIOR","P",0.19375,0.3375,0.3375
"N4","PASS",7,"cross",0.0833333333333333,0.375,0.9,0.99999999,"N4-HIGH-PRIOR","P",0.19375,0.3375,0.3375
"N4","PASS",7,"cross",0.0833333333333333,0.375,0.9,0.999999999999,"N4-HIGH-PRIOR","P",0.19375,0.3375,0.3375
"N4","PASS",7,"cross",0.0833333333333333,0.375,0.9,0.99999999999999,"N4-HIGH-PRIOR","P",0.19375,0.3375,0.3375
"N4","PASS",7,"cross",0.0833333333333333,0.375,0.9,1,"N4-HIGH-PRIOR","P",0.19375,0.3375,0.3375
"N4","PASS",7,"cross",0.0833333333333333,0.375,0.99,0,"N4-NU-ZERO","L",0.16125,0.0825,0.37125
"N4","PASS",7,"cross",0.0833333333333333,0.375,0.99,1e-14,"N4-NO-PURE-PBE","NONE",NA,NA,NA
"N4","PASS",7,"cross",0.0833333333333333,0.375,0.99,1e-12,"N4-NO-PURE-PBE","NONE",NA,NA,NA
"N4","PASS",7,"cross",0.0833333333333333,0.375,0.99,1e-08,"N4-NO-PURE-PBE","NONE",NA,NA,NA
"N4","PASS",7,"cross",0.0833333333333333,0.375,0.99,0.05,"N4-NO-PURE-PBE","NONE",NA,NA,NA
"N4","PASS",7,"cross",0.0833333333333333,0.375,0.99,0.195266172189349,"N4-NO-PURE-PBE","NONE",NA,NA,NA
"N4","PASS",7,"cross",0.0833333333333333,0.375,0.99,0.195266262189349,"N4-NO-PURE-PBE","NONE",NA,NA,NA
"N4","PASS",7,"cross",0.0833333333333333,0.375,0.99,0.195266272188349,"N4-NO-PURE-PBE","NONE",NA,NA,NA
"N4","PASS",7,"cross",0.0833333333333333,0.375,0.99,0.195266272189339,"N4-NO-PURE-PBE","NONE",NA,NA,NA
"N4","PASS",7,"cross",0.0833333333333333,0.375,0.99,0.195266272189349,"N4-NO-PURE-PBE","NONE",NA,NA,NA
"N4","PASS",7,"cross",0.0833333333333333,0.375,0.99,0.195266272189359,"N4-NO-PURE-PBE","NONE",NA,NA,NA
"N4","PASS",7,"cross",0.0833333333333333,0.375,0.99,0.195266272190349,"N4-NO-PURE-PBE","NONE",NA,NA,NA
"N4","PASS",7,"cross",0.0833333333333333,0.375,0.99,0.195266282189349,"N4-NO-PURE-PBE","NONE",NA,NA,NA
"N4","PASS",7,"cross",0.0833333333333333,0.375,0.99,0.195266372189349,"N4-NO-PURE-PBE","NONE",NA,NA,NA
"N4","PASS",7,"cross",0.0833333333333333,0.375,0.99,0.25,"N4-NO-PURE-PBE","NONE",NA,NA,NA
"N4","PASS",7,"cross",0.0833333333333333,0.375,0.99,0.318181718181818,"N4-NO-PURE-PBE","NONE",NA,NA,NA
"N4","PASS",7,"cross",0.0833333333333333,0.375,0.99,0.318181808181818,"N4-NO-PURE-PBE","NONE",NA,NA,NA
"N4","PASS",7,"cross",0.0833333333333333,0.375,0.99,0.318181818180818,"N4-NO-PURE-PBE","NONE",NA,NA,NA
"N4","PASS",7,"cross",0.0833333333333333,0.375,0.99,0.318181818181808,"N4-NO-PURE-PBE","NONE",NA,NA,NA
"N4","PASS",7,"cross",0.0833333333333333,0.375,0.99,0.318181818181818,"N4-NO-PURE-PBE","NONE",NA,NA,NA
"N4","PASS",7,"cross",0.0833333333333333,0.375,0.99,0.318181818181828,"N4-HIGH-PRIOR","P",0.113125,0.37125,0.37125
"N4","PASS",7,"cross",0.0833333333333333,0.375,0.99,0.318181818182818,"N4-HIGH-PRIOR","P",0.113125,0.37125,0.37125
"N4","PASS",7,"cross",0.0833333333333333,0.375,0.99,0.318181828181818,"N4-HIGH-PRIOR","P",0.113125,0.37125,0.37125
"N4","PASS",7,"cross",0.0833333333333333,0.375,0.99,0.318181918181818,"N4-HIGH-PRIOR","P",0.113125,0.37125,0.37125
"N4","PASS",7,"cross",0.0833333333333333,0.375,0.99,0.5,"N4-HIGH-PRIOR","P",0.113125,0.37125,0.37125
"N4","PASS",7,"cross",0.0833333333333333,0.375,0.99,0.75,"N4-HIGH-PRIOR","P",0.113125,0.37125,0.37125
"N4","PASS",7,"cross",0.0833333333333333,0.375,0.99,0.95,"N4-HIGH-PRIOR","P",0.113125,0.37125,0.37125
"N4","PASS",7,"cross",0.0833333333333333,0.375,0.99,0.99999999,"N4-HIGH-PRIOR","P",0.113125,0.37125,0.37125
"N4","PASS",7,"cross",0.0833333333333333,0.375,0.99,0.999999999999,"N4-HIGH-PRIOR","P",0.113125,0.37125,0.37125
"N4","PASS",7,"cross",0.0833333333333333,0.375,0.99,0.99999999999999,"N4-HIGH-PRIOR","P",0.113125,0.37125,0.37125
"N4","PASS",7,"cross",0.0833333333333333,0.375,0.99,1,"N4-HIGH-PRIOR","P",0.113125,0.37125,0.37125
"N4","PASS",7,"o0_equal",0.166666666666667,0.375,0.5,0,"N4-NU-ZERO","L",0.569444444444444,0.0833333333333333,0.1875
"N4","PASS",7,"o0_equal",0.166666666666667,0.375,0.5,1e-14,"N4-NO-PURE-PBE","NONE",NA,NA,NA
"N4","PASS",7,"o0_equal",0.166666666666667,0.375,0.5,1e-12,"N4-NO-PURE-PBE","NONE",NA,NA,NA
"N4","PASS",7,"o0_equal",0.166666666666667,0.375,0.5,1e-08,"N4-NO-PURE-PBE","NONE",NA,NA,NA
"N4","PASS",7,"o0_equal",0.166666666666667,0.375,0.5,0.05,"N4-NO-PURE-PBE","NONE",NA,NA,NA
"N4","PASS",7,"o0_equal",0.166666666666667,0.375,0.5,0.2499999,"N4-NO-PURE-PBE","NONE",NA,NA,NA
"N4","PASS",7,"o0_equal",0.166666666666667,0.375,0.5,0.24999999,"N4-NO-PURE-PBE","NONE",NA,NA,NA
"N4","PASS",7,"o0_equal",0.166666666666667,0.375,0.5,0.249999999999,"N4-NO-PURE-PBE","NONE",NA,NA,NA
"N4","PASS",7,"o0_equal",0.166666666666667,0.375,0.5,0.24999999999999,"N4-NO-PURE-PBE","NONE",NA,NA,NA
"N4","PASS",7,"o0_equal",0.166666666666667,0.375,0.5,0.25,"N4-NO-PURE-PBE","NONE",NA,NA,NA
"N4","PASS",7,"o0_equal",0.166666666666667,0.375,0.5,0.25000000000001,"N4-HIGH-PRIOR","P",0.552083333333333,0.1875,0.1875
"N4","PASS",7,"o0_equal",0.166666666666667,0.375,0.5,0.250000000001,"N4-HIGH-PRIOR","P",0.552083333333333,0.1875,0.1875
"N4","PASS",7,"o0_equal",0.166666666666667,0.375,0.5,0.25000001,"N4-HIGH-PRIOR","P",0.552083333333333,0.1875,0.1875
"N4","PASS",7,"o0_equal",0.166666666666667,0.375,0.5,0.2500001,"N4-HIGH-PRIOR","P",0.552083333333333,0.1875,0.1875
"N4","PASS",7,"o0_equal",0.166666666666667,0.375,0.5,0.5,"N4-HIGH-PRIOR","P",0.552083333333333,0.1875,0.1875
"N4","PASS",7,"o0_equal",0.166666666666667,0.375,0.5,0.75,"N4-HIGH-PRIOR","P",0.552083333333333,0.1875,0.1875
"N4","PASS",7,"o0_equal",0.166666666666667,0.375,0.5,0.95,"N4-HIGH-PRIOR","P",0.552083333333333,0.1875,0.1875
"N4","PASS",7,"o0_equal",0.166666666666667,0.375,0.5,0.99999999,"N4-HIGH-PRIOR","P",0.552083333333333,0.1875,0.1875
"N4","PASS",7,"o0_equal",0.166666666666667,0.375,0.5,0.999999999999,"N4-HIGH-PRIOR","P",0.552083333333333,0.1875,0.1875
"N4","PASS",7,"o0_equal",0.166666666666667,0.375,0.5,0.99999999999999,"N4-HIGH-PRIOR","P",0.552083333333333,0.1875,0.1875
"N4","PASS",7,"o0_equal",0.166666666666667,0.375,0.5,1,"N4-HIGH-PRIOR","P",0.552083333333333,0.1875,0.1875
"N4","PASS",7,"o0_equal",0.166666666666667,0.375,0.9,0,"N4-NU-ZERO","L",0.225,0.15,0.3375
"N4","PASS",7,"o0_equal",0.166666666666667,0.375,0.9,1e-14,"N4-NO-PURE-PBE","NONE",NA,NA,NA
"N4","PASS",7,"o0_equal",0.166666666666667,0.375,0.9,1e-12,"N4-NO-PURE-PBE","NONE",NA,NA,NA
"N4","PASS",7,"o0_equal",0.166666666666667,0.375,0.9,1e-08,"N4-NO-PURE-PBE","NONE",NA,NA,NA
"N4","PASS",7,"o0_equal",0.166666666666667,0.375,0.9,0.05,"N4-NO-PURE-PBE","NONE",NA,NA,NA
"N4","PASS",7,"o0_equal",0.166666666666667,0.375,0.9,0.2499999,"N4-NO-PURE-PBE","NONE",NA,NA,NA
"N4","PASS",7,"o0_equal",0.166666666666667,0.375,0.9,0.24999999,"N4-NO-PURE-PBE","NONE",NA,NA,NA
"N4","PASS",7,"o0_equal",0.166666666666667,0.375,0.9,0.249999999999,"N4-NO-PURE-PBE","NONE",NA,NA,NA
"N4","PASS",7,"o0_equal",0.166666666666667,0.375,0.9,0.24999999999999,"N4-NO-PURE-PBE","NONE",NA,NA,NA
"N4","PASS",7,"o0_equal",0.166666666666667,0.375,0.9,0.25,"N4-NO-PURE-PBE","NONE",NA,NA,NA
"N4","PASS",7,"o0_equal",0.166666666666667,0.375,0.9,0.25000000000001,"N4-HIGH-PRIOR","P",0.19375,0.3375,0.3375
"N4","PASS",7,"o0_equal",0.166666666666667,0.375,0.9,0.250000000001,"N4-HIGH-PRIOR","P",0.19375,0.3375,0.3375
"N4","PASS",7,"o0_equal",0.166666666666667,0.375,0.9,0.25000001,"N4-HIGH-PRIOR","P",0.19375,0.3375,0.3375
"N4","PASS",7,"o0_equal",0.166666666666667,0.375,0.9,0.2500001,"N4-HIGH-PRIOR","P",0.19375,0.3375,0.3375
"N4","PASS",7,"o0_equal",0.166666666666667,0.375,0.9,0.5,"N4-HIGH-PRIOR","P",0.19375,0.3375,0.3375
"N4","PASS",7,"o0_equal",0.166666666666667,0.375,0.9,0.75,"N4-HIGH-PRIOR","P",0.19375,0.3375,0.3375
"N4","PASS",7,"o0_equal",0.166666666666667,0.375,0.9,0.95,"N4-HIGH-PRIOR","P",0.19375,0.3375,0.3375
"N4","PASS",7,"o0_equal",0.166666666666667,0.375,0.9,0.99999999,"N4-HIGH-PRIOR","P",0.19375,0.3375,0.3375
"N4","PASS",7,"o0_equal",0.166666666666667,0.375,0.9,0.999999999999,"N4-HIGH-PRIOR","P",0.19375,0.3375,0.3375
"N4","PASS",7,"o0_equal",0.166666666666667,0.375,0.9,0.99999999999999,"N4-HIGH-PRIOR","P",0.19375,0.3375,0.3375
"N4","PASS",7,"o0_equal",0.166666666666667,0.375,0.9,1,"N4-HIGH-PRIOR","P",0.19375,0.3375,0.3375
"N4","PASS",7,"o0_equal",0.166666666666667,0.375,0.99,0,"N4-NU-ZERO","L",0.1475,0.165,0.37125
"N4","PASS",7,"o0_equal",0.166666666666667,0.375,0.99,1e-14,"N4-NO-PURE-PBE","NONE",NA,NA,NA
"N4","PASS",7,"o0_equal",0.166666666666667,0.375,0.99,1e-12,"N4-NO-PURE-PBE","NONE",NA,NA,NA
"N4","PASS",7,"o0_equal",0.166666666666667,0.375,0.99,1e-08,"N4-NO-PURE-PBE","NONE",NA,NA,NA
"N4","PASS",7,"o0_equal",0.166666666666667,0.375,0.99,0.05,"N4-NO-PURE-PBE","NONE",NA,NA,NA
"N4","PASS",7,"o0_equal",0.166666666666667,0.375,0.99,0.2499999,"N4-NO-PURE-PBE","NONE",NA,NA,NA
"N4","PASS",7,"o0_equal",0.166666666666667,0.375,0.99,0.24999999,"N4-NO-PURE-PBE","NONE",NA,NA,NA
"N4","PASS",7,"o0_equal",0.166666666666667,0.375,0.99,0.249999999999,"N4-NO-PURE-PBE","NONE",NA,NA,NA
"N4","PASS",7,"o0_equal",0.166666666666667,0.375,0.99,0.24999999999999,"N4-NO-PURE-PBE","NONE",NA,NA,NA
"N4","PASS",7,"o0_equal",0.166666666666667,0.375,0.99,0.25,"N4-NO-PURE-PBE","NONE",NA,NA,NA
"N4","PASS",7,"o0_equal",0.166666666666667,0.375,0.99,0.25000000000001,"N4-HIGH-PRIOR","P",0.113125,0.37125,0.37125
"N4","PASS",7,"o0_equal",0.166666666666667,0.375,0.99,0.250000000001,"N4-HIGH-PRIOR","P",0.113125,0.37125,0.37125
"N4","PASS",7,"o0_equal",0.166666666666667,0.375,0.99,0.25000001,"N4-HIGH-PRIOR","P",0.113125,0.37125,0.37125
"N4","PASS",7,"o0_equal",0.166666666666667,0.375,0.99,0.2500001,"N4-HIGH-PRIOR","P",0.113125,0.37125,0.37125
"N4","PASS",7,"o0_equal",0.166666666666667,0.375,0.99,0.5,"N4-HIGH-PRIOR","P",0.113125,0.37125,0.37125
"N4","PASS",7,"o0_equal",0.166666666666667,0.375,0.99,0.75,"N4-HIGH-PRIOR","P",0.113125,0.37125,0.37125
"N4","PASS",7,"o0_equal",0.166666666666667,0.375,0.99,0.95,"N4-HIGH-PRIOR","P",0.113125,0.37125,0.37125
"N4","PASS",7,"o0_equal",0.166666666666667,0.375,0.99,0.99999999,"N4-HIGH-PRIOR","P",0.113125,0.37125,0.37125
"N4","PASS",7,"o0_equal",0.166666666666667,0.375,0.99,0.999999999999,"N4-HIGH-PRIOR","P",0.113125,0.37125,0.37125
"N4","PASS",7,"o0_equal",0.166666666666667,0.375,0.99,0.99999999999999,"N4-HIGH-PRIOR","P",0.113125,0.37125,0.37125
"N4","PASS",7,"o0_equal",0.166666666666667,0.375,0.99,1,"N4-HIGH-PRIOR","P",0.113125,0.37125,0.37125
"N4","PASS",7,"above",0.333333333333333,0.541666666666667,0.5,0,"N4-NU-ZERO","L",0.555555555555555,0.166666666666667,0.270833333333333
"N4","PASS",7,"above",0.333333333333333,0.541666666666667,0.5,1e-14,"N4-NO-PURE-PBE","NONE",NA,NA,NA
"N4","PASS",7,"above",0.333333333333333,0.541666666666667,0.5,1e-12,"N4-NO-PURE-PBE","NONE",NA,NA,NA
"N4","PASS",7,"above",0.333333333333333,0.541666666666667,0.5,1e-08,"N4-NO-PURE-PBE","NONE",NA,NA,NA
"N4","PASS",7,"above",0.333333333333333,0.541666666666667,0.5,0.05,"N4-NO-PURE-PBE","NONE",NA,NA,NA
"N4","PASS",7,"above",0.333333333333333,0.541666666666667,0.5,0.25,"N4-NO-PURE-PBE","NONE",NA,NA,NA
"N4","PASS",7,"above",0.333333333333333,0.541666666666667,0.5,0.3124999,"N4-NO-PURE-PBE","NONE",NA,NA,NA
"N4","PASS",7,"above",0.333333333333333,0.541666666666667,0.5,0.31249999,"N4-NO-PURE-PBE","NONE",NA,NA,NA
"N4","PASS",7,"above",0.333333333333333,0.541666666666667,0.5,0.312499999999,"N4-NO-PURE-PBE","NONE",NA,NA,NA
"N4","PASS",7,"above",0.333333333333333,0.541666666666667,0.5,0.31249999999999,"N4-NO-PURE-PBE","NONE",NA,NA,NA
"N4","PASS",7,"above",0.333333333333333,0.541666666666667,0.5,0.3125,"N4-NO-PURE-PBE","NONE",NA,NA,NA
"N4","PASS",7,"above",0.333333333333333,0.541666666666667,0.5,0.31250000000001,"N4-HIGH-PRIOR","P",0.538194444444445,0.270833333333333,0.270833333333333
"N4","PASS",7,"above",0.333333333333333,0.541666666666667,0.5,0.312500000001,"N4-HIGH-PRIOR","P",0.538194444444445,0.270833333333333,0.270833333333333
"N4","PASS",7,"above",0.333333333333333,0.541666666666667,0.5,0.31250001,"N4-HIGH-PRIOR","P",0.538194444444445,0.270833333333333,0.270833333333333
"N4","PASS",7,"above",0.333333333333333,0.541666666666667,0.5,0.3125001,"N4-HIGH-PRIOR","P",0.538194444444445,0.270833333333333,0.270833333333333
"N4","PASS",7,"above",0.333333333333333,0.541666666666667,0.5,0.5,"N4-HIGH-PRIOR","P",0.538194444444445,0.270833333333333,0.270833333333333
"N4","PASS",7,"above",0.333333333333333,0.541666666666667,0.5,0.75,"N4-HIGH-PRIOR","P",0.538194444444445,0.270833333333333,0.270833333333333
"N4","PASS",7,"above",0.333333333333333,0.541666666666667,0.5,0.95,"N4-HIGH-PRIOR","P",0.538194444444445,0.270833333333333,0.270833333333333
"N4","PASS",7,"above",0.333333333333333,0.541666666666667,0.5,0.99999999,"N4-HIGH-PRIOR","P",0.538194444444445,0.270833333333333,0.270833333333333
"N4","PASS",7,"above",0.333333333333333,0.541666666666667,0.5,0.999999999999,"N4-HIGH-PRIOR","P",0.538194444444445,0.270833333333333,0.270833333333333
"N4","PASS",7,"above",0.333333333333333,0.541666666666667,0.5,0.99999999999999,"N4-HIGH-PRIOR","P",0.538194444444445,0.270833333333333,0.270833333333333
"N4","PASS",7,"above",0.333333333333333,0.541666666666667,0.5,1,"N4-HIGH-PRIOR","P",0.538194444444445,0.270833333333333,0.270833333333333
"N4","PASS",7,"above",0.333333333333333,0.541666666666667,0.9,0,"N4-NU-ZERO","L",0.2,0.3,0.4875
"N4","PASS",7,"above",0.333333333333333,0.541666666666667,0.9,1e-14,"N4-NO-PURE-PBE","NONE",NA,NA,NA
"N4","PASS",7,"above",0.333333333333333,0.541666666666667,0.9,1e-12,"N4-NO-PURE-PBE","NONE",NA,NA,NA
"N4","PASS",7,"above",0.333333333333333,0.541666666666667,0.9,1e-08,"N4-NO-PURE-PBE","NONE",NA,NA,NA
"N4","PASS",7,"above",0.333333333333333,0.541666666666667,0.9,0.05,"N4-NO-PURE-PBE","NONE",NA,NA,NA
"N4","PASS",7,"above",0.333333333333333,0.541666666666667,0.9,0.25,"N4-NO-PURE-PBE","NONE",NA,NA,NA
"N4","PASS",7,"above",0.333333333333333,0.541666666666667,0.9,0.3124999,"N4-NO-PURE-PBE","NONE",NA,NA,NA
"N4","PASS",7,"above",0.333333333333333,0.541666666666667,0.9,0.31249999,"N4-NO-PURE-PBE","NONE",NA,NA,NA
"N4","PASS",7,"above",0.333333333333333,0.541666666666667,0.9,0.312499999999,"N4-NO-PURE-PBE","NONE",NA,NA,NA
"N4","PASS",7,"above",0.333333333333333,0.541666666666667,0.9,0.31249999999999,"N4-NO-PURE-PBE","NONE",NA,NA,NA
"N4","PASS",7,"above",0.333333333333333,0.541666666666667,0.9,0.3125,"N4-NO-PURE-PBE","NONE",NA,NA,NA
"N4","PASS",7,"above",0.333333333333333,0.541666666666667,0.9,0.31250000000001,"N4-HIGH-PRIOR","P",0.16875,0.4875,0.4875
"N4","PASS",7,"above",0.333333333333333,0.541666666666667,0.9,0.312500000001,"N4-HIGH-PRIOR","P",0.16875,0.4875,0.4875
"N4","PASS",7,"above",0.333333333333333,0.541666666666667,0.9,0.31250001,"N4-HIGH-PRIOR","P",0.16875,0.4875,0.4875
"N4","PASS",7,"above",0.333333333333333,0.541666666666667,0.9,0.3125001,"N4-HIGH-PRIOR","P",0.16875,0.4875,0.4875
"N4","PASS",7,"above",0.333333333333333,0.541666666666667,0.9,0.5,"N4-HIGH-PRIOR","P",0.16875,0.4875,0.4875
"N4","PASS",7,"above",0.333333333333333,0.541666666666667,0.9,0.75,"N4-HIGH-PRIOR","P",0.16875,0.4875,0.4875
"N4","PASS",7,"above",0.333333333333333,0.541666666666667,0.9,0.95,"N4-HIGH-PRIOR","P",0.16875,0.4875,0.4875
"N4","PASS",7,"above",0.333333333333333,0.541666666666667,0.9,0.99999999,"N4-HIGH-PRIOR","P",0.16875,0.4875,0.4875
"N4","PASS",7,"above",0.333333333333333,0.541666666666667,0.9,0.999999999999,"N4-HIGH-PRIOR","P",0.16875,0.4875,0.4875
"N4","PASS",7,"above",0.333333333333333,0.541666666666667,0.9,0.99999999999999,"N4-HIGH-PRIOR","P",0.16875,0.4875,0.4875
"N4","PASS",7,"above",0.333333333333333,0.541666666666667,0.9,1,"N4-HIGH-PRIOR","P",0.16875,0.4875,0.4875
"N4","PASS",7,"above",0.333333333333333,0.541666666666667,0.99,0,"N4-NU-ZERO","L",0.12,0.33,0.53625
"N4","PASS",7,"above",0.333333333333333,0.541666666666667,0.99,1e-14,"N4-NO-PURE-PBE","NONE",NA,NA,NA
"N4","PASS",7,"above",0.333333333333333,0.541666666666667,0.99,1e-12,"N4-NO-PURE-PBE","NONE",NA,NA,NA
"N4","PASS",7,"above",0.333333333333333,0.541666666666667,0.99,1e-08,"N4-NO-PURE-PBE","NONE",NA,NA,NA
"N4","PASS",7,"above",0.333333333333333,0.541666666666667,0.99,0.05,"N4-NO-PURE-PBE","NONE",NA,NA,NA
"N4","PASS",7,"above",0.333333333333333,0.541666666666667,0.99,0.25,"N4-NO-PURE-PBE","NONE",NA,NA,NA
"N4","PASS",7,"above",0.333333333333333,0.541666666666667,0.99,0.3124999,"N4-NO-PURE-PBE","NONE",NA,NA,NA
"N4","PASS",7,"above",0.333333333333333,0.541666666666667,0.99,0.31249999,"N4-NO-PURE-PBE","NONE",NA,NA,NA
"N4","PASS",7,"above",0.333333333333333,0.541666666666667,0.99,0.312499999999,"N4-NO-PURE-PBE","NONE",NA,NA,NA
"N4","PASS",7,"above",0.333333333333333,0.541666666666667,0.99,0.31249999999999,"N4-NO-PURE-PBE","NONE",NA,NA,NA
"N4","PASS",7,"above",0.333333333333333,0.541666666666667,0.99,0.3125,"N4-NO-PURE-PBE","NONE",NA,NA,NA
"N4","PASS",7,"above",0.333333333333333,0.541666666666667,0.99,0.31250000000001,"N4-HIGH-PRIOR","P",0.085625,0.53625,0.53625
"N4","PASS",7,"above",0.333333333333333,0.541666666666667,0.99,0.312500000001,"N4-HIGH-PRIOR","P",0.085625,0.53625,0.53625
"N4","PASS",7,"above",0.333333333333333,0.541666666666667,0.99,0.31250001,"N4-HIGH-PRIOR","P",0.085625,0.53625,0.53625
"N4","PASS",7,"above",0.333333333333333,0.541666666666667,0.99,0.3125001,"N4-HIGH-PRIOR","P",0.085625,0.53625,0.53625
"N4","PASS",7,"above",0.333333333333333,0.541666666666667,0.99,0.5,"N4-HIGH-PRIOR","P",0.085625,0.53625,0.53625
"N4","PASS",7,"above",0.333333333333333,0.541666666666667,0.99,0.75,"N4-HIGH-PRIOR","P",0.085625,0.53625,0.53625
"N4","PASS",7,"above",0.333333333333333,0.541666666666667,0.99,0.95,"N4-HIGH-PRIOR","P",0.085625,0.53625,0.53625
"N4","PASS",7,"above",0.333333333333333,0.541666666666667,0.99,0.99999999,"N4-HIGH-PRIOR","P",0.085625,0.53625,0.53625
"N4","PASS",7,"above",0.333333333333333,0.541666666666667,0.99,0.999999999999,"N4-HIGH-PRIOR","P",0.085625,0.53625,0.53625
"N4","PASS",7,"above",0.333333333333333,0.541666666666667,0.99,0.99999999999999,"N4-HIGH-PRIOR","P",0.085625,0.53625,0.53625
"N4","PASS",7,"above",0.333333333333333,0.541666666666667,0.99,1,"N4-HIGH-PRIOR","P",0.085625,0.53625,0.53625
"N4","PASS",7,"wide_cross",0.0166666666666667,0.75,0.5,0,"N4-NU-ZERO","L",0.581944444444444,0.00833333333333333,0.375
"N4","PASS",7,"wide_cross",0.0166666666666667,0.75,0.5,1e-14,"N4-NO-PURE-PBE","NONE",NA,NA,NA
"N4","PASS",7,"wide_cross",0.0166666666666667,0.75,0.5,1e-12,"N4-NO-PURE-PBE","NONE",NA,NA,NA
"N4","PASS",7,"wide_cross",0.0166666666666667,0.75,0.5,1e-08,"N4-NO-PURE-PBE","NONE",NA,NA,NA
"N4","PASS",7,"wide_cross",0.0166666666666667,0.75,0.5,0.05,"N4-NO-PURE-PBE","NONE",NA,NA,NA
"N4","PASS",7,"wide_cross",0.0166666666666667,0.75,0.5,0.101123495505618,"N4-NO-PURE-PBE","NONE",NA,NA,NA
"N4","PASS",7,"wide_cross",0.0166666666666667,0.75,0.5,0.101123585505618,"N4-NO-PURE-PBE","NONE",NA,NA,NA
"N4","PASS",7,"wide_cross",0.0166666666666667,0.75,0.5,0.101123595504618,"N4-NO-PURE-PBE","NONE",NA,NA,NA
"N4","PASS",7,"wide_cross",0.0166666666666667,0.75,0.5,0.101123595505608,"N4-NO-PURE-PBE","NONE",NA,NA,NA
"N4","PASS",7,"wide_cross",0.0166666666666667,0.75,0.5,0.101123595505618,"N4-NO-PURE-PBE","NONE",NA,NA,NA
"N4","PASS",7,"wide_cross",0.0166666666666667,0.75,0.5,0.101123595505628,"N4-NO-PURE-PBE","NONE",NA,NA,NA
"N4","PASS",7,"wide_cross",0.0166666666666667,0.75,0.5,0.101123595506618,"N4-NO-PURE-PBE","NONE",NA,NA,NA
"N4","PASS",7,"wide_cross",0.0166666666666667,0.75,0.5,0.101123605505618,"N4-NO-PURE-PBE","NONE",NA,NA,NA
"N4","PASS",7,"wide_cross",0.0166666666666667,0.75,0.5,0.101123695505618,"N4-NO-PURE-PBE","NONE",NA,NA,NA
"N4","PASS",7,"wide_cross",0.0166666666666667,0.75,0.5,0.25,"N4-NO-PURE-PBE","NONE",NA,NA,NA
"N4","PASS",7,"wide_cross",0.0166666666666667,0.75,0.5,0.5,"N4-NO-PURE-PBE","NONE",NA,NA,NA
"N4","PASS",7,"wide_cross",0.0166666666666667,0.75,0.5,0.745762611864407,"N4-NO-PURE-PBE","NONE",NA,NA,NA
"N4","PASS",7,"wide_cross",0.0166666666666667,0.75,0.5,0.745762701864407,"N4-NO-PURE-PBE","NONE",NA,NA,NA
"N4","PASS",7,"wide_cross",0.0166666666666667,0.75,0.5,0.745762711863407,"N4-NO-PURE-PBE","NONE",NA,NA,NA
"N4","PASS",7,"wide_cross",0.0166666666666667,0.75,0.5,0.745762711864397,"N4-NO-PURE-PBE","NONE",NA,NA,NA
"N4","PASS",7,"wide_cross",0.0166666666666667,0.75,0.5,0.745762711864407,"N4-NO-PURE-PBE","NONE",NA,NA,NA
"N4","PASS",7,"wide_cross",0.0166666666666667,0.75,0.5,0.745762711864417,"N4-HIGH-PRIOR","P",0.520833333333333,0.375,0.375
"N4","PASS",7,"wide_cross",0.0166666666666667,0.75,0.5,0.745762711865407,"N4-HIGH-PRIOR","P",0.520833333333333,0.375,0.375
"N4","PASS",7,"wide_cross",0.0166666666666667,0.75,0.5,0.745762721864407,"N4-HIGH-PRIOR","P",0.520833333333333,0.375,0.375
"N4","PASS",7,"wide_cross",0.0166666666666667,0.75,0.5,0.745762811864407,"N4-HIGH-PRIOR","P",0.520833333333333,0.375,0.375
"N4","PASS",7,"wide_cross",0.0166666666666667,0.75,0.5,0.75,"N4-HIGH-PRIOR","P",0.520833333333333,0.375,0.375
"N4","PASS",7,"wide_cross",0.0166666666666667,0.75,0.5,0.95,"N4-HIGH-PRIOR","P",0.520833333333333,0.375,0.375
"N4","PASS",7,"wide_cross",0.0166666666666667,0.75,0.5,0.99999999,"N4-HIGH-PRIOR","P",0.520833333333333,0.375,0.375
"N4","PASS",7,"wide_cross",0.0166666666666667,0.75,0.5,0.999999999999,"N4-HIGH-PRIOR","P",0.520833333333333,0.375,0.375
"N4","PASS",7,"wide_cross",0.0166666666666667,0.75,0.5,0.99999999999999,"N4-HIGH-PRIOR","P",0.520833333333333,0.375,0.375
"N4","PASS",7,"wide_cross",0.0166666666666667,0.75,0.5,1,"N4-HIGH-PRIOR","P",0.520833333333333,0.375,0.375
"N4","PASS",7,"wide_cross",0.0166666666666667,0.75,0.9,0,"N4-NU-ZERO","L",0.2475,0.015,0.675
"N4","PASS",7,"wide_cross",0.0166666666666667,0.75,0.9,1e-14,"N4-NO-PURE-PBE","NONE",NA,NA,NA
"N4","PASS",7,"wide_cross",0.0166666666666667,0.75,0.9,1e-12,"N4-NO-PURE-PBE","NONE",NA,NA,NA
"N4","PASS",7,"wide_cross",0.0166666666666667,0.75,0.9,1e-08,"N4-NO-PURE-PBE","NONE",NA,NA,NA
"N4","PASS",7,"wide_cross",0.0166666666666667,0.75,0.9,0.05,"N4-NO-PURE-PBE","NONE",NA,NA,NA
"N4","PASS",7,"wide_cross",0.0166666666666667,0.75,0.9,0.25,"N4-NO-PURE-PBE","NONE",NA,NA,NA
"N4","PASS",7,"wide_cross",0.0166666666666667,0.75,0.9,0.252336348598131,"N4-NO-PURE-PBE","NONE",NA,NA,NA
"N4","PASS",7,"wide_cross",0.0166666666666667,0.75,0.9,0.252336438598131,"N4-NO-PURE-PBE","NONE",NA,NA,NA
"N4","PASS",7,"wide_cross",0.0166666666666667,0.75,0.9,0.252336448597131,"N4-NO-PURE-PBE","NONE",NA,NA,NA
"N4","PASS",7,"wide_cross",0.0166666666666667,0.75,0.9,0.252336448598121,"N4-NO-PURE-PBE","NONE",NA,NA,NA
"N4","PASS",7,"wide_cross",0.0166666666666667,0.75,0.9,0.252336448598131,"N4-NO-PURE-PBE","NONE",NA,NA,NA
"N4","PASS",7,"wide_cross",0.0166666666666667,0.75,0.9,0.252336448598141,"N4-NO-PURE-PBE","NONE",NA,NA,NA
"N4","PASS",7,"wide_cross",0.0166666666666667,0.75,0.9,0.252336448599131,"N4-NO-PURE-PBE","NONE",NA,NA,NA
"N4","PASS",7,"wide_cross",0.0166666666666667,0.75,0.9,0.252336458598131,"N4-NO-PURE-PBE","NONE",NA,NA,NA
"N4","PASS",7,"wide_cross",0.0166666666666667,0.75,0.9,0.252336548598131,"N4-NO-PURE-PBE","NONE",NA,NA,NA
"N4","PASS",7,"wide_cross",0.0166666666666667,0.75,0.9,0.5,"N4-NO-PURE-PBE","NONE",NA,NA,NA
"N4","PASS",7,"wide_cross",0.0166666666666667,0.75,0.9,0.745762611864407,"N4-NO-PURE-PBE","NONE",NA,NA,NA
"N4","PASS",7,"wide_cross",0.0166666666666667,0.75,0.9,0.745762701864407,"N4-NO-PURE-PBE","NONE",NA,NA,NA
"N4","PASS",7,"wide_cross",0.0166666666666667,0.75,0.9,0.745762711863407,"N4-NO-PURE-PBE","NONE",NA,NA,NA
"N4","PASS",7,"wide_cross",0.0166666666666667,0.75,0.9,0.745762711864397,"N4-NO-PURE-PBE","NONE",NA,NA,NA
"N4","PASS",7,"wide_cross",0.0166666666666667,0.75,0.9,0.745762711864407,"N4-NO-PURE-PBE","NONE",NA,NA,NA
"N4","PASS",7,"wide_cross",0.0166666666666667,0.75,0.9,0.745762711864417,"N4-HIGH-PRIOR","P",0.1375,0.675,0.675
"N4","PASS",7,"wide_cross",0.0166666666666667,0.75,0.9,0.745762711865407,"N4-HIGH-PRIOR","P",0.1375,0.675,0.675
"N4","PASS",7,"wide_cross",0.0166666666666667,0.75,0.9,0.745762721864407,"N4-HIGH-PRIOR","P",0.1375,0.675,0.675
"N4","PASS",7,"wide_cross",0.0166666666666667,0.75,0.9,0.745762811864407,"N4-HIGH-PRIOR","P",0.1375,0.675,0.675
"N4","PASS",7,"wide_cross",0.0166666666666667,0.75,0.9,0.75,"N4-HIGH-PRIOR","P",0.1375,0.675,0.675
"N4","PASS",7,"wide_cross",0.0166666666666667,0.75,0.9,0.95,"N4-HIGH-PRIOR","P",0.1375,0.675,0.675
"N4","PASS",7,"wide_cross",0.0166666666666667,0.75,0.9,0.99999999,"N4-HIGH-PRIOR","P",0.1375,0.675,0.675
"N4","PASS",7,"wide_cross",0.0166666666666667,0.75,0.9,0.999999999999,"N4-HIGH-PRIOR","P",0.1375,0.675,0.675
"N4","PASS",7,"wide_cross",0.0166666666666667,0.75,0.9,0.99999999999999,"N4-HIGH-PRIOR","P",0.1375,0.675,0.675
"N4","PASS",7,"wide_cross",0.0166666666666667,0.75,0.9,1,"N4-HIGH-PRIOR","P",0.1375,0.675,0.675
"N4","PASS",7,"wide_cross",0.0166666666666667,0.75,0.99,0,"N4-NU-ZERO","L",0.17225,0.0165,0.7425
"N4","PASS",7,"wide_cross",0.0166666666666667,0.75,0.99,1e-14,"N4-NO-PURE-PBE","NONE",NA,NA,NA
"N4","PASS",7,"wide_cross",0.0166666666666667,0.75,0.99,1e-12,"N4-NO-PURE-PBE","NONE",NA,NA,NA
"N4","PASS",7,"wide_cross",0.0166666666666667,0.75,0.99,1e-08,"N4-NO-PURE-PBE","NONE",NA,NA,NA
"N4","PASS",7,"wide_cross",0.0166666666666667,0.75,0.99,0.05,"N4-NO-PURE-PBE","NONE",NA,NA,NA
"N4","PASS",7,"wide_cross",0.0166666666666667,0.75,0.99,0.25,"N4-NO-PURE-PBE","NONE",NA,NA,NA
"N4","PASS",7,"wide_cross",0.0166666666666667,0.75,0.99,0.303991711668373,"N4-NO-PURE-PBE","NONE",NA,NA,NA
"N4","PASS",7,"wide_cross",0.0166666666666667,0.75,0.99,0.303991801668373,"N4-NO-PURE-PBE","NONE",NA,NA,NA
"N4","PASS",7,"wide_cross",0.0166666666666667,0.75,0.99,0.303991811667373,"N4-NO-PURE-PBE","NONE",NA,NA,NA
"N4","PASS",7,"wide_cross",0.0166666666666667,0.75,0.99,0.303991811668363,"N4-NO-PURE-PBE","NONE",NA,NA,NA
"N4","PASS",7,"wide_cross",0.0166666666666667,0.75,0.99,0.303991811668373,"N4-NO-PURE-PBE","NONE",NA,NA,NA
"N4","PASS",7,"wide_cross",0.0166666666666667,0.75,0.99,0.303991811668383,"N4-NO-PURE-PBE","NONE",NA,NA,NA
"N4","PASS",7,"wide_cross",0.0166666666666667,0.75,0.99,0.303991811669373,"N4-NO-PURE-PBE","NONE",NA,NA,NA
"N4","PASS",7,"wide_cross",0.0166666666666667,0.75,0.99,0.303991821668373,"N4-NO-PURE-PBE","NONE",NA,NA,NA
"N4","PASS",7,"wide_cross",0.0166666666666667,0.75,0.99,0.303991911668373,"N4-NO-PURE-PBE","NONE",NA,NA,NA
"N4","PASS",7,"wide_cross",0.0166666666666667,0.75,0.99,0.5,"N4-NO-PURE-PBE","NONE",NA,NA,NA
"N4","PASS",7,"wide_cross",0.0166666666666667,0.75,0.99,0.745762611864407,"N4-NO-PURE-PBE","NONE",NA,NA,NA
"N4","PASS",7,"wide_cross",0.0166666666666667,0.75,0.99,0.745762701864407,"N4-NO-PURE-PBE","NONE",NA,NA,NA
"N4","PASS",7,"wide_cross",0.0166666666666667,0.75,0.99,0.745762711863407,"N4-NO-PURE-PBE","NONE",NA,NA,NA
"N4","PASS",7,"wide_cross",0.0166666666666667,0.75,0.99,0.745762711864397,"N4-NO-PURE-PBE","NONE",NA,NA,NA
"N4","PASS",7,"wide_cross",0.0166666666666667,0.75,0.99,0.745762711864407,"N4-NO-PURE-PBE","NONE",NA,NA,NA
"N4","PASS",7,"wide_cross",0.0166666666666667,0.75,0.99,0.745762711864417,"N4-HIGH-PRIOR","P",0.05125,0.7425,0.7425
"N4","PASS",7,"wide_cross",0.0166666666666667,0.75,0.99,0.745762711865407,"N4-HIGH-PRIOR","P",0.05125,0.7425,0.7425
"N4","PASS",7,"wide_cross",0.0166666666666667,0.75,0.99,0.745762721864407,"N4-HIGH-PRIOR","P",0.05125,0.7425,0.7425
"N4","PASS",7,"wide_cross",0.0166666666666667,0.75,0.99,0.745762811864407,"N4-HIGH-PRIOR","P",0.05125,0.7425,0.7425
"N4","PASS",7,"wide_cross",0.0166666666666667,0.75,0.99,0.75,"N4-HIGH-PRIOR","P",0.05125,0.7425,0.7425
"N4","PASS",7,"wide_cross",0.0166666666666667,0.75,0.99,0.95,"N4-HIGH-PRIOR","P",0.05125,0.7425,0.7425
"N4","PASS",7,"wide_cross",0.0166666666666667,0.75,0.99,0.99999999,"N4-HIGH-PRIOR","P",0.05125,0.7425,0.7425
"N4","PASS",7,"wide_cross",0.0166666666666667,0.75,0.99,0.999999999999,"N4-HIGH-PRIOR","P",0.05125,0.7425,0.7425
"N4","PASS",7,"wide_cross",0.0166666666666667,0.75,0.99,0.99999999999999,"N4-HIGH-PRIOR","P",0.05125,0.7425,0.7425
"N4","PASS",7,"wide_cross",0.0166666666666667,0.75,0.99,1,"N4-HIGH-PRIOR","P",0.05125,0.7425,0.7425
"N4","PASS",7,"o1_below_tiny",0.0833333333333333,0.166666666665667,0.5,0,"N4-NU-ZERO","L",0.576388888888889,0.0416666666666667,0.0833333333328333
"N4","PASS",7,"o1_below_tiny",0.0833333333333333,0.166666666665667,0.5,1e-14,"N4-NO-PURE-PBE","NONE",NA,NA,NA
"N4","PASS",7,"o1_below_tiny",0.0833333333333333,0.166666666665667,0.5,1e-12,"N4-NO-PURE-PBE","NONE",NA,NA,NA
"N4","PASS",7,"o1_below_tiny",0.0833333333333333,0.166666666665667,0.5,1e-08,"N4-NO-PURE-PBE","NONE",NA,NA,NA
"N4","PASS",7,"o1_below_tiny",0.0833333333333333,0.166666666665667,0.5,0.05,"N4-NO-PURE-PBE","NONE",NA,NA,NA
"N4","PASS",7,"o1_below_tiny",0.0833333333333333,0.166666666665667,0.5,0.0588234294110588,"N4-NO-PURE-PBE","NONE",NA,NA,NA
"N4","PASS",7,"o1_below_tiny",0.0833333333333333,0.166666666665667,0.5,0.0588234294117647,"N4-NO-PURE-PBE","NONE",NA,NA,NA
"N4","PASS",7,"o1_below_tiny",0.0833333333333333,0.166666666665667,0.5,0.0588235194110588,"N4-NO-PURE-PBE","NONE",NA,NA,NA
"N4","PASS",7,"o1_below_tiny",0.0833333333333333,0.166666666665667,0.5,0.0588235194117647,"N4-NO-PURE-PBE","NONE",NA,NA,NA
"N4","PASS",7,"o1_below_tiny",0.0833333333333333,0.166666666665667,0.5,0.0588235294100588,"N4-NO-PURE-PBE","NONE",NA,NA,NA
"N4","PASS",7,"o1_below_tiny",0.0833333333333333,0.166666666665667,0.5,0.0588235294107647,"N4-NO-PURE-PBE","NONE",NA,NA,NA
"N4","PASS",7,"o1_below_tiny",0.0833333333333333,0.166666666665667,0.5,0.0588235294110488,"N4-NO-PURE-PBE","NONE",NA,NA,NA
"N4","PASS",7,"o1_below_tiny",0.0833333333333333,0.166666666665667,0.5,0.0588235294110588,"N4-NO-PURE-PBE","NONE",NA,NA,NA
"N4","PASS",7,"o1_below_tiny",0.0833333333333333,0.166666666665667,0.5,0.0588235294110688,"N4-NO-PURE-PBE","NONE",NA,NA,NA
"N4","PASS",7,"o1_below_tiny",0.0833333333333333,0.166666666665667,0.5,0.0588235294117547,"N4-NO-PURE-PBE","NONE",NA,NA,NA
"N4","PASS",7,"o1_below_tiny",0.0833333333333333,0.166666666665667,0.5,0.0588235294117647,"N4-NO-PURE-PBE","NONE",NA,NA,NA
"N4","PASS",7,"o1_below_tiny",0.0833333333333333,0.166666666665667,0.5,0.0588235294117747,"N4-NO-PURE-PBE","NONE",NA,NA,NA
"N4","PASS",7,"o1_below_tiny",0.0833333333333333,0.166666666665667,0.5,0.0588235294120588,"N4-NO-PURE-PBE","NONE",NA,NA,NA
"N4","PASS",7,"o1_below_tiny",0.0833333333333333,0.166666666665667,0.5,0.0588235294127647,"N4-NO-PURE-PBE","NONE",NA,NA,NA
"N4","PASS",7,"o1_below_tiny",0.0833333333333333,0.166666666665667,0.5,0.0588235394110588,"N4-NO-PURE-PBE","NONE",NA,NA,NA
"N4","PASS",7,"o1_below_tiny",0.0833333333333333,0.166666666665667,0.5,0.0588235394117647,"N4-NO-PURE-PBE","NONE",NA,NA,NA
"N4","PASS",7,"o1_below_tiny",0.0833333333333333,0.166666666665667,0.5,0.0588236294110588,"N4-NO-PURE-PBE","NONE",NA,NA,NA
"N4","PASS",7,"o1_below_tiny",0.0833333333333333,0.166666666665667,0.5,0.0588236294117647,"N4-NO-PURE-PBE","NONE",NA,NA,NA
"N4","PASS",7,"o1_below_tiny",0.0833333333333333,0.166666666665667,0.5,0.090908990908,"N4-NO-PURE-PBE","NONE",NA,NA,NA
"N4","PASS",7,"o1_below_tiny",0.0833333333333333,0.166666666665667,0.5,0.090909080908,"N4-NO-PURE-PBE","NONE",NA,NA,NA
"N4","PASS",7,"o1_below_tiny",0.0833333333333333,0.166666666665667,0.5,0.090909090907,"N4-NO-PURE-PBE","NONE",NA,NA,NA
"N4","PASS",7,"o1_below_tiny",0.0833333333333333,0.166666666665667,0.5,0.09090909090799,"N4-NO-PURE-PBE","NONE",NA,NA,NA
"N4","PASS",7,"o1_below_tiny",0.0833333333333333,0.166666666665667,0.5,0.090909090908,"N4-NO-PURE-PBE","NONE",NA,NA,NA
"N4","PASS",7,"o1_below_tiny",0.0833333333333333,0.166666666665667,0.5,0.09090909090801,"N4-HIGH-PRIOR","P",0.569444444444528,0.0833333333328333,0.0833333333328333
"N4","PASS",7,"o1_below_tiny",0.0833333333333333,0.166666666665667,0.5,0.090909090909,"N4-HIGH-PRIOR","P",0.569444444444528,0.0833333333328333,0.0833333333328333
"N4","PASS",7,"o1_below_tiny",0.0833333333333333,0.166666666665667,0.5,0.090909100908,"N4-HIGH-PRIOR","P",0.569444444444528,0.0833333333328333,0.0833333333328333
"N4","PASS",7,"o1_below_tiny",0.0833333333333333,0.166666666665667,0.5,0.090909190908,"N4-HIGH-PRIOR","P",0.569444444444528,0.0833333333328333,0.0833333333328333
"N4","PASS",7,"o1_below_tiny",0.0833333333333333,0.166666666665667,0.5,0.25,"N4-HIGH-PRIOR","P",0.569444444444528,0.0833333333328333,0.0833333333328333
"N4","PASS",7,"o1_below_tiny",0.0833333333333333,0.166666666665667,0.5,0.5,"N4-HIGH-PRIOR","P",0.569444444444528,0.0833333333328333,0.0833333333328333
"N4","PASS",7,"o1_below_tiny",0.0833333333333333,0.166666666665667,0.5,0.75,"N4-HIGH-PRIOR","P",0.569444444444528,0.0833333333328333,0.0833333333328333
"N4","PASS",7,"o1_below_tiny",0.0833333333333333,0.166666666665667,0.5,0.95,"N4-HIGH-PRIOR","P",0.569444444444528,0.0833333333328333,0.0833333333328333
"N4","PASS",7,"o1_below_tiny",0.0833333333333333,0.166666666665667,0.5,0.99999999,"N4-HIGH-PRIOR","P",0.569444444444528,0.0833333333328333,0.0833333333328333
"N4","PASS",7,"o1_below_tiny",0.0833333333333333,0.166666666665667,0.5,0.999999999999,"N4-HIGH-PRIOR","P",0.569444444444528,0.0833333333328333,0.0833333333328333
"N4","PASS",7,"o1_below_tiny",0.0833333333333333,0.166666666665667,0.5,0.99999999999999,"N4-HIGH-PRIOR","P",0.569444444444528,0.0833333333328333,0.0833333333328333
"N4","PASS",7,"o1_below_tiny",0.0833333333333333,0.166666666665667,0.5,1,"N4-HIGH-PRIOR","P",0.569444444444528,0.0833333333328333,0.0833333333328333
"N4","PASS",7,"o1_below_tiny",0.0833333333333333,0.166666666665667,0.9,0,"N4-NU-ZERO","L",0.2375,0.075,0.1499999999991
"N4","PASS",7,"o1_below_tiny",0.0833333333333333,0.166666666665667,0.9,1e-14,"N4-NO-PURE-PBE","NONE",NA,NA,NA
"N4","PASS",7,"o1_below_tiny",0.0833333333333333,0.166666666665667,0.9,1e-12,"N4-NO-PURE-PBE","NONE",NA,NA,NA
"N4","PASS",7,"o1_below_tiny",0.0833333333333333,0.166666666665667,0.9,1e-08,"N4-NO-PURE-PBE","NONE",NA,NA,NA
"N4","PASS",7,"o1_below_tiny",0.0833333333333333,0.166666666665667,0.9,0.05,"N4-NO-PURE-PBE","NONE",NA,NA,NA
"N4","PASS",7,"o1_below_tiny",0.0833333333333333,0.166666666665667,0.9,0.090908990908,"N4-NO-PURE-PBE","NONE",NA,NA,NA
"N4","PASS",7,"o1_below_tiny",0.0833333333333333,0.166666666665667,0.9,0.090909080908,"N4-NO-PURE-PBE","NONE",NA,NA,NA
"N4","PASS",7,"o1_below_tiny",0.0833333333333333,0.166666666665667,0.9,0.090909090907,"N4-NO-PURE-PBE","NONE",NA,NA,NA
"N4","PASS",7,"o1_below_tiny",0.0833333333333333,0.166666666665667,0.9,0.09090909090799,"N4-NO-PURE-PBE","NONE",NA,NA,NA
"N4","PASS",7,"o1_below_tiny",0.0833333333333333,0.166666666665667,0.9,0.090909090908,"N4-NO-PURE-PBE","NONE",NA,NA,NA
"N4","PASS",7,"o1_below_tiny",0.0833333333333333,0.166666666665667,0.9,0.09090909090801,"N4-HIGH-PRIOR","P",0.22500000000015,0.1499999999991,0.1499999999991
"N4","PASS",7,"o1_below_tiny",0.0833333333333333,0.166666666665667,0.9,0.090909090909,"N4-HIGH-PRIOR","P",0.22500000000015,0.1499999999991,0.1499999999991
"N4","PASS",7,"o1_below_tiny",0.0833333333333333,0.166666666665667,0.9,0.090909100908,"N4-HIGH-PRIOR","P",0.22500000000015,0.1499999999991,0.1499999999991
"N4","PASS",7,"o1_below_tiny",0.0833333333333333,0.166666666665667,0.9,0.090909190908,"N4-HIGH-PRIOR","P",0.22500000000015,0.1499999999991,0.1499999999991
"N4","PASS",7,"o1_below_tiny",0.0833333333333333,0.166666666665667,0.9,0.15789463684021,"N4-HIGH-PRIOR","P",0.22500000000015,0.1499999999991,0.1499999999991
"N4","PASS",7,"o1_below_tiny",0.0833333333333333,0.166666666665667,0.9,0.157894636842105,"N4-HIGH-PRIOR","P",0.22500000000015,0.1499999999991,0.1499999999991
"N4","PASS",7,"o1_below_tiny",0.0833333333333333,0.166666666665667,0.9,0.15789472684021,"N4-HIGH-PRIOR","P",0.22500000000015,0.1499999999991,0.1499999999991
"N4","PASS",7,"o1_below_tiny",0.0833333333333333,0.166666666665667,0.9,0.157894726842105,"N4-HIGH-PRIOR","P",0.22500000000015,0.1499999999991,0.1499999999991
"N4","PASS",7,"o1_below_tiny",0.0833333333333333,0.166666666665667,0.9,0.15789473683921,"N4-HIGH-PRIOR","P",0.22500000000015,0.1499999999991,0.1499999999991
"N4","PASS",7,"o1_below_tiny",0.0833333333333333,0.166666666665667,0.9,0.1578947368402,"N4-HIGH-PRIOR","P",0.22500000000015,0.1499999999991,0.1499999999991
"N4","PASS",7,"o1_below_tiny",0.0833333333333333,0.166666666665667,0.9,0.15789473684021,"N4-HIGH-PRIOR","P",0.22500000000015,0.1499999999991,0.1499999999991
"N4","PASS",7,"o1_below_tiny",0.0833333333333333,0.166666666665667,0.9,0.15789473684022,"N4-HIGH-PRIOR","P",0.22500000000015,0.1499999999991,0.1499999999991
"N4","PASS",7,"o1_below_tiny",0.0833333333333333,0.166666666665667,0.9,0.157894736841105,"N4-HIGH-PRIOR","P",0.22500000000015,0.1499999999991,0.1499999999991
"N4","PASS",7,"o1_below_tiny",0.0833333333333333,0.166666666665667,0.9,0.15789473684121,"N4-HIGH-PRIOR","P",0.22500000000015,0.1499999999991,0.1499999999991
"N4","PASS",7,"o1_below_tiny",0.0833333333333333,0.166666666665667,0.9,0.157894736842095,"N4-HIGH-PRIOR","P",0.22500000000015,0.1499999999991,0.1499999999991
"N4","PASS",7,"o1_below_tiny",0.0833333333333333,0.166666666665667,0.9,0.157894736842105,"N4-HIGH-PRIOR","P",0.22500000000015,0.1499999999991,0.1499999999991
"N4","PASS",7,"o1_below_tiny",0.0833333333333333,0.166666666665667,0.9,0.157894736842115,"N4-HIGH-PRIOR","P",0.22500000000015,0.1499999999991,0.1499999999991
"N4","PASS",7,"o1_below_tiny",0.0833333333333333,0.166666666665667,0.9,0.157894736843105,"N4-HIGH-PRIOR","P",0.22500000000015,0.1499999999991,0.1499999999991
"N4","PASS",7,"o1_below_tiny",0.0833333333333333,0.166666666665667,0.9,0.15789474684021,"N4-HIGH-PRIOR","P",0.22500000000015,0.1499999999991,0.1499999999991
"N4","PASS",7,"o1_below_tiny",0.0833333333333333,0.166666666665667,0.9,0.157894746842105,"N4-HIGH-PRIOR","P",0.22500000000015,0.1499999999991,0.1499999999991
"N4","PASS",7,"o1_below_tiny",0.0833333333333333,0.166666666665667,0.9,0.15789483684021,"N4-HIGH-PRIOR","P",0.22500000000015,0.1499999999991,0.1499999999991
"N4","PASS",7,"o1_below_tiny",0.0833333333333333,0.166666666665667,0.9,0.157894836842105,"N4-HIGH-PRIOR","P",0.22500000000015,0.1499999999991,0.1499999999991
"N4","PASS",7,"o1_below_tiny",0.0833333333333333,0.166666666665667,0.9,0.25,"N4-HIGH-PRIOR","P",0.22500000000015,0.1499999999991,0.1499999999991
"N4","PASS",7,"o1_below_tiny",0.0833333333333333,0.166666666665667,0.9,0.5,"N4-HIGH-PRIOR","P",0.22500000000015,0.1499999999991,0.1499999999991
"N4","PASS",7,"o1_below_tiny",0.0833333333333333,0.166666666665667,0.9,0.75,"N4-HIGH-PRIOR","P",0.22500000000015,0.1499999999991,0.1499999999991
"N4","PASS",7,"o1_below_tiny",0.0833333333333333,0.166666666665667,0.9,0.95,"N4-HIGH-PRIOR","P",0.22500000000015,0.1499999999991,0.1499999999991
"N4","PASS",7,"o1_below_tiny",0.0833333333333333,0.166666666665667,0.9,0.99999999,"N4-HIGH-PRIOR","P",0.22500000000015,0.1499999999991,0.1499999999991
"N4","PASS",7,"o1_below_tiny",0.0833333333333333,0.166666666665667,0.9,0.999999999999,"N4-HIGH-PRIOR","P",0.22500000000015,0.1499999999991,0.1499999999991
"N4","PASS",7,"o1_below_tiny",0.0833333333333333,0.166666666665667,0.9,0.99999999999999,"N4-HIGH-PRIOR","P",0.22500000000015,0.1499999999991,0.1499999999991
"N4","PASS",7,"o1_below_tiny",0.0833333333333333,0.166666666665667,0.9,1,"N4-HIGH-PRIOR","P",0.22500000000015,0.1499999999991,0.1499999999991
"N4","PASS",7,"o1_below_tiny",0.0833333333333333,0.166666666665667,0.99,0,"N4-NU-ZERO","L",0.16125,0.0825,0.16499999999901
"N4","PASS",7,"o1_below_tiny",0.0833333333333333,0.166666666665667,0.99,1e-14,"N4-NO-PURE-PBE","NONE",NA,NA,NA
"N4","PASS",7,"o1_below_tiny",0.0833333333333333,0.166666666665667,0.99,1e-12,"N4-NO-PURE-PBE","NONE",NA,NA,NA
"N4","PASS",7,"o1_below_tiny",0.0833333333333333,0.166666666665667,0.99,1e-08,"N4-NO-PURE-PBE","NONE",NA,NA,NA
"N4","PASS",7,"o1_below_tiny",0.0833333333333333,0.166666666665667,0.99,0.05,"N4-NO-PURE-PBE","NONE",NA,NA,NA
"N4","PASS",7,"o1_below_tiny",0.0833333333333333,0.166666666665667,0.99,0.090908990908,"N4-NO-PURE-PBE","NONE",NA,NA,NA
"N4","PASS",7,"o1_below_tiny",0.0833333333333333,0.166666666665667,0.99,0.090909080908,"N4-NO-PURE-PBE","NONE",NA,NA,NA
"N4","PASS",7,"o1_below_tiny",0.0833333333333333,0.166666666665667,0.99,0.090909090907,"N4-NO-PURE-PBE","NONE",NA,NA,NA
"N4","PASS",7,"o1_below_tiny",0.0833333333333333,0.166666666665667,0.99,0.09090909090799,"N4-NO-PURE-PBE","NONE",NA,NA,NA
"N4","PASS",7,"o1_below_tiny",0.0833333333333333,0.166666666665667,0.99,0.090909090908,"N4-NO-PURE-PBE","NONE",NA,NA,NA
"N4","PASS",7,"o1_below_tiny",0.0833333333333333,0.166666666665667,0.99,0.09090909090801,"N4-HIGH-PRIOR","P",0.147500000000165,0.16499999999901,0.16499999999901
"N4","PASS",7,"o1_below_tiny",0.0833333333333333,0.166666666665667,0.99,0.090909090909,"N4-HIGH-PRIOR","P",0.147500000000165,0.16499999999901,0.16499999999901
"N4","PASS",7,"o1_below_tiny",0.0833333333333333,0.166666666665667,0.99,0.090909100908,"N4-HIGH-PRIOR","P",0.147500000000165,0.16499999999901,0.16499999999901
"N4","PASS",7,"o1_below_tiny",0.0833333333333333,0.166666666665667,0.99,0.090909190908,"N4-HIGH-PRIOR","P",0.147500000000165,0.16499999999901,0.16499999999901
"N4","PASS",7,"o1_below_tiny",0.0833333333333333,0.166666666665667,0.99,0.195266172187006,"N4-HIGH-PRIOR","P",0.147500000000165,0.16499999999901,0.16499999999901
"N4","PASS",7,"o1_below_tiny",0.0833333333333333,0.166666666665667,0.99,0.195266172189349,"N4-HIGH-PRIOR","P",0.147500000000165,0.16499999999901,0.16499999999901
"N4","PASS",7,"o1_below_tiny",0.0833333333333333,0.166666666665667,0.99,0.195266262187006,"N4-HIGH-PRIOR","P",0.147500000000165,0.16499999999901,0.16499999999901
"N4","PASS",7,"o1_below_tiny",0.0833333333333333,0.166666666665667,0.99,0.195266262189349,"N4-HIGH-PRIOR","P",0.147500000000165,0.16499999999901,0.16499999999901
"N4","PASS",7,"o1_below_tiny",0.0833333333333333,0.166666666665667,0.99,0.195266272186006,"N4-HIGH-PRIOR","P",0.147500000000165,0.16499999999901,0.16499999999901
"N4","PASS",7,"o1_below_tiny",0.0833333333333333,0.166666666665667,0.99,0.195266272186996,"N4-HIGH-PRIOR","P",0.147500000000165,0.16499999999901,0.16499999999901
"N4","PASS",7,"o1_below_tiny",0.0833333333333333,0.166666666665667,0.99,0.195266272187006,"N4-HIGH-PRIOR","P",0.147500000000165,0.16499999999901,0.16499999999901
"N4","PASS",7,"o1_below_tiny",0.0833333333333333,0.166666666665667,0.99,0.195266272187016,"N4-HIGH-PRIOR","P",0.147500000000165,0.16499999999901,0.16499999999901
"N4","PASS",7,"o1_below_tiny",0.0833333333333333,0.166666666665667,0.99,0.195266272188006,"N4-HIGH-PRIOR","P",0.147500000000165,0.16499999999901,0.16499999999901
"N4","PASS",7,"o1_below_tiny",0.0833333333333333,0.166666666665667,0.99,0.195266272188349,"N4-HIGH-PRIOR","P",0.147500000000165,0.16499999999901,0.16499999999901
"N4","PASS",7,"o1_below_tiny",0.0833333333333333,0.166666666665667,0.99,0.195266272189339,"N4-HIGH-PRIOR","P",0.147500000000165,0.16499999999901,0.16499999999901
"N4","PASS",7,"o1_below_tiny",0.0833333333333333,0.166666666665667,0.99,0.195266272189349,"N4-HIGH-PRIOR","P",0.147500000000165,0.16499999999901,0.16499999999901
"N4","PASS",7,"o1_below_tiny",0.0833333333333333,0.166666666665667,0.99,0.195266272189359,"N4-HIGH-PRIOR","P",0.147500000000165,0.16499999999901,0.16499999999901
"N4","PASS",7,"o1_below_tiny",0.0833333333333333,0.166666666665667,0.99,0.195266272190349,"N4-HIGH-PRIOR","P",0.147500000000165,0.16499999999901,0.16499999999901
"N4","PASS",7,"o1_below_tiny",0.0833333333333333,0.166666666665667,0.99,0.195266282187006,"N4-HIGH-PRIOR","P",0.147500000000165,0.16499999999901,0.16499999999901
"N4","PASS",7,"o1_below_tiny",0.0833333333333333,0.166666666665667,0.99,0.195266282189349,"N4-HIGH-PRIOR","P",0.147500000000165,0.16499999999901,0.16499999999901
"N4","PASS",7,"o1_below_tiny",0.0833333333333333,0.166666666665667,0.99,0.195266372187006,"N4-HIGH-PRIOR","P",0.147500000000165,0.16499999999901,0.16499999999901
"N4","PASS",7,"o1_below_tiny",0.0833333333333333,0.166666666665667,0.99,0.195266372189349,"N4-HIGH-PRIOR","P",0.147500000000165,0.16499999999901,0.16499999999901
"N4","PASS",7,"o1_below_tiny",0.0833333333333333,0.166666666665667,0.99,0.25,"N4-HIGH-PRIOR","P",0.147500000000165,0.16499999999901,0.16499999999901
"N4","PASS",7,"o1_below_tiny",0.0833333333333333,0.166666666665667,0.99,0.5,"N4-HIGH-PRIOR","P",0.147500000000165,0.16499999999901,0.16499999999901
"N4","PASS",7,"o1_below_tiny",0.0833333333333333,0.166666666665667,0.99,0.75,"N4-HIGH-PRIOR","P",0.147500000000165,0.16499999999901,0.16499999999901
"N4","PASS",7,"o1_below_tiny",0.0833333333333333,0.166666666665667,0.99,0.95,"N4-HIGH-PRIOR","P",0.147500000000165,0.16499999999901,0.16499999999901
"N4","PASS",7,"o1_below_tiny",0.0833333333333333,0.166666666665667,0.99,0.99999999,"N4-HIGH-PRIOR","P",0.147500000000165,0.16499999999901,0.16499999999901
"N4","PASS",7,"o1_below_tiny",0.0833333333333333,0.166666666665667,0.99,0.999999999999,"N4-HIGH-PRIOR","P",0.147500000000165,0.16499999999901,0.16499999999901
"N4","PASS",7,"o1_below_tiny",0.0833333333333333,0.166666666665667,0.99,0.99999999999999,"N4-HIGH-PRIOR","P",0.147500000000165,0.16499999999901,0.16499999999901
"N4","PASS",7,"o1_below_tiny",0.0833333333333333,0.166666666665667,0.99,1,"N4-HIGH-PRIOR","P",0.147500000000165,0.16499999999901,0.16499999999901
"N4","PASS",7,"o1_above_tiny",0.0833333333333333,0.166666666667667,0.5,0,"N4-NU-ZERO","L",0.576388888888889,0.0416666666666667,0.0833333333338333
"N4","PASS",7,"o1_above_tiny",0.0833333333333333,0.166666666667667,0.5,1e-14,"N4-NO-PURE-PBE","NONE",NA,NA,NA
"N4","PASS",7,"o1_above_tiny",0.0833333333333333,0.166666666667667,0.5,1e-12,"N4-NO-PURE-PBE","NONE",NA,NA,NA
"N4","PASS",7,"o1_above_tiny",0.0833333333333333,0.166666666667667,0.5,1e-08,"N4-NO-PURE-PBE","NONE",NA,NA,NA
"N4","PASS",7,"o1_above_tiny",0.0833333333333333,0.166666666667667,0.5,0.05,"N4-NO-PURE-PBE","NONE",NA,NA,NA
"N4","PASS",7,"o1_above_tiny",0.0833333333333333,0.166666666667667,0.5,0.0588234294117647,"N4-NO-PURE-PBE","NONE",NA,NA,NA
"N4","PASS",7,"o1_above_tiny",0.0833333333333333,0.166666666667667,0.5,0.0588235194117647,"N4-NO-PURE-PBE","NONE",NA,NA,NA
"N4","PASS",7,"o1_above_tiny",0.0833333333333333,0.166666666667667,0.5,0.0588235294107647,"N4-NO-PURE-PBE","NONE",NA,NA,NA
"N4","PASS",7,"o1_above_tiny",0.0833333333333333,0.166666666667667,0.5,0.0588235294117547,"N4-NO-PURE-PBE","NONE",NA,NA,NA
"N4","PASS",7,"o1_above_tiny",0.0833333333333333,0.166666666667667,0.5,0.0588235294117647,"N4-NO-PURE-PBE","NONE",NA,NA,NA
"N4","PASS",7,"o1_above_tiny",0.0833333333333333,0.166666666667667,0.5,0.0588235294117747,"N4-NO-PURE-PBE","NONE",NA,NA,NA
"N4","PASS",7,"o1_above_tiny",0.0833333333333333,0.166666666667667,0.5,0.0588235294127647,"N4-NO-PURE-PBE","NONE",NA,NA,NA
"N4","PASS",7,"o1_above_tiny",0.0833333333333333,0.166666666667667,0.5,0.0588235394117647,"N4-NO-PURE-PBE","NONE",NA,NA,NA
"N4","PASS",7,"o1_above_tiny",0.0833333333333333,0.166666666667667,0.5,0.0588236294117647,"N4-NO-PURE-PBE","NONE",NA,NA,NA
"N4","PASS",7,"o1_above_tiny",0.0833333333333333,0.166666666667667,0.5,0.0909089909101818,"N4-NO-PURE-PBE","NONE",NA,NA,NA
"N4","PASS",7,"o1_above_tiny",0.0833333333333333,0.166666666667667,0.5,0.0909090809101818,"N4-NO-PURE-PBE","NONE",NA,NA,NA
"N4","PASS",7,"o1_above_tiny",0.0833333333333333,0.166666666667667,0.5,0.0909090909091818,"N4-NO-PURE-PBE","NONE",NA,NA,NA
"N4","PASS",7,"o1_above_tiny",0.0833333333333333,0.166666666667667,0.5,0.0909090909101718,"N4-NO-PURE-PBE","NONE",NA,NA,NA
"N4","PASS",7,"o1_above_tiny",0.0833333333333333,0.166666666667667,0.5,0.0909090909101818,"N4-NO-PURE-PBE","NONE",NA,NA,NA
"N4","PASS",7,"o1_above_tiny",0.0833333333333333,0.166666666667667,0.5,0.0909090909101918,"N4-HIGH-PRIOR","P",0.569444444444361,0.0833333333338333,0.0833333333338333
"N4","PASS",7,"o1_above_tiny",0.0833333333333333,0.166666666667667,0.5,0.0909090909111818,"N4-HIGH-PRIOR","P",0.569444444444361,0.0833333333338333,0.0833333333338333
"N4","PASS",7,"o1_above_tiny",0.0833333333333333,0.166666666667667,0.5,0.0909091009101818,"N4-HIGH-PRIOR","P",0.569444444444361,0.0833333333338333,0.0833333333338333
"N4","PASS",7,"o1_above_tiny",0.0833333333333333,0.166666666667667,0.5,0.0909091909101818,"N4-HIGH-PRIOR","P",0.569444444444361,0.0833333333338333,0.0833333333338333
"N4","PASS",7,"o1_above_tiny",0.0833333333333333,0.166666666667667,0.5,0.25,"N4-HIGH-PRIOR","P",0.569444444444361,0.0833333333338333,0.0833333333338333
"N4","PASS",7,"o1_above_tiny",0.0833333333333333,0.166666666667667,0.5,0.5,"N4-HIGH-PRIOR","P",0.569444444444361,0.0833333333338333,0.0833333333338333
"N4","PASS",7,"o1_above_tiny",0.0833333333333333,0.166666666667667,0.5,0.75,"N4-HIGH-PRIOR","P",0.569444444444361,0.0833333333338333,0.0833333333338333
"N4","PASS",7,"o1_above_tiny",0.0833333333333333,0.166666666667667,0.5,0.95,"N4-HIGH-PRIOR","P",0.569444444444361,0.0833333333338333,0.0833333333338333
"N4","PASS",7,"o1_above_tiny",0.0833333333333333,0.166666666667667,0.5,0.99999999,"N4-HIGH-PRIOR","P",0.569444444444361,0.0833333333338333,0.0833333333338333
"N4","PASS",7,"o1_above_tiny",0.0833333333333333,0.166666666667667,0.5,0.999999999999,"N4-HIGH-PRIOR","P",0.569444444444361,0.0833333333338333,0.0833333333338333
"N4","PASS",7,"o1_above_tiny",0.0833333333333333,0.166666666667667,0.5,0.99999999999999,"N4-HIGH-PRIOR","P",0.569444444444361,0.0833333333338333,0.0833333333338333
"N4","PASS",7,"o1_above_tiny",0.0833333333333333,0.166666666667667,0.5,1,"N4-HIGH-PRIOR","P",0.569444444444361,0.0833333333338333,0.0833333333338333
"N4","PASS",7,"o1_above_tiny",0.0833333333333333,0.166666666667667,0.9,0,"N4-NU-ZERO","L",0.2375,0.075,0.1500000000009
"N4","PASS",7,"o1_above_tiny",0.0833333333333333,0.166666666667667,0.9,1e-14,"N4-NO-PURE-PBE","NONE",NA,NA,NA
"N4","PASS",7,"o1_above_tiny",0.0833333333333333,0.166666666667667,0.9,1e-12,"N4-NO-PURE-PBE","NONE",NA,NA,NA
"N4","PASS",7,"o1_above_tiny",0.0833333333333333,0.166666666667667,0.9,1e-08,"N4-NO-PURE-PBE","NONE",NA,NA,NA
"N4","PASS",7,"o1_above_tiny",0.0833333333333333,0.166666666667667,0.9,0.05,"N4-NO-PURE-PBE","NONE",NA,NA,NA
"N4","PASS",7,"o1_above_tiny",0.0833333333333333,0.166666666667667,0.9,0.0909089909101818,"N4-NO-PURE-PBE","NONE",NA,NA,NA
"N4","PASS",7,"o1_above_tiny",0.0833333333333333,0.166666666667667,0.9,0.0909090809101818,"N4-NO-PURE-PBE","NONE",NA,NA,NA
"N4","PASS",7,"o1_above_tiny",0.0833333333333333,0.166666666667667,0.9,0.0909090909091818,"N4-NO-PURE-PBE","NONE",NA,NA,NA
"N4","PASS",7,"o1_above_tiny",0.0833333333333333,0.166666666667667,0.9,0.0909090909101718,"N4-NO-PURE-PBE","NONE",NA,NA,NA
"N4","PASS",7,"o1_above_tiny",0.0833333333333333,0.166666666667667,0.9,0.0909090909101818,"N4-NO-PURE-PBE","NONE",NA,NA,NA
"N4","PASS",7,"o1_above_tiny",0.0833333333333333,0.166666666667667,0.9,0.0909090909101918,"N4-HIGH-PRIOR","P",0.22499999999985,0.1500000000009,0.1500000000009
"N4","PASS",7,"o1_above_tiny",0.0833333333333333,0.166666666667667,0.9,0.0909090909111818,"N4-HIGH-PRIOR","P",0.22499999999985,0.1500000000009,0.1500000000009
"N4","PASS",7,"o1_above_tiny",0.0833333333333333,0.166666666667667,0.9,0.0909091009101818,"N4-HIGH-PRIOR","P",0.22499999999985,0.1500000000009,0.1500000000009
"N4","PASS",7,"o1_above_tiny",0.0833333333333333,0.166666666667667,0.9,0.0909091909101818,"N4-HIGH-PRIOR","P",0.22499999999985,0.1500000000009,0.1500000000009
"N4","PASS",7,"o1_above_tiny",0.0833333333333333,0.166666666667667,0.9,0.157894636842105,"N4-HIGH-PRIOR","P",0.22499999999985,0.1500000000009,0.1500000000009
"N4","PASS",7,"o1_above_tiny",0.0833333333333333,0.166666666667667,0.9,0.157894726842105,"N4-HIGH-PRIOR","P",0.22499999999985,0.1500000000009,0.1500000000009
"N4","PASS",7,"o1_above_tiny",0.0833333333333333,0.166666666667667,0.9,0.157894736841105,"N4-HIGH-PRIOR","P",0.22499999999985,0.1500000000009,0.1500000000009
"N4","PASS",7,"o1_above_tiny",0.0833333333333333,0.166666666667667,0.9,0.157894736842095,"N4-HIGH-PRIOR","P",0.22499999999985,0.1500000000009,0.1500000000009
"N4","PASS",7,"o1_above_tiny",0.0833333333333333,0.166666666667667,0.9,0.157894736842105,"N4-HIGH-PRIOR","P",0.22499999999985,0.1500000000009,0.1500000000009
"N4","PASS",7,"o1_above_tiny",0.0833333333333333,0.166666666667667,0.9,0.157894736842115,"N4-HIGH-PRIOR","P",0.22499999999985,0.1500000000009,0.1500000000009
"N4","PASS",7,"o1_above_tiny",0.0833333333333333,0.166666666667667,0.9,0.157894736843105,"N4-HIGH-PRIOR","P",0.22499999999985,0.1500000000009,0.1500000000009
"N4","PASS",7,"o1_above_tiny",0.0833333333333333,0.166666666667667,0.9,0.157894746842105,"N4-HIGH-PRIOR","P",0.22499999999985,0.1500000000009,0.1500000000009
"N4","PASS",7,"o1_above_tiny",0.0833333333333333,0.166666666667667,0.9,0.157894836842105,"N4-HIGH-PRIOR","P",0.22499999999985,0.1500000000009,0.1500000000009
"N4","PASS",7,"o1_above_tiny",0.0833333333333333,0.166666666667667,0.9,0.25,"N4-HIGH-PRIOR","P",0.22499999999985,0.1500000000009,0.1500000000009
"N4","PASS",7,"o1_above_tiny",0.0833333333333333,0.166666666667667,0.9,0.5,"N4-HIGH-PRIOR","P",0.22499999999985,0.1500000000009,0.1500000000009
"N4","PASS",7,"o1_above_tiny",0.0833333333333333,0.166666666667667,0.9,0.75,"N4-HIGH-PRIOR","P",0.22499999999985,0.1500000000009,0.1500000000009
"N4","PASS",7,"o1_above_tiny",0.0833333333333333,0.166666666667667,0.9,0.95,"N4-HIGH-PRIOR","P",0.22499999999985,0.1500000000009,0.1500000000009
"N4","PASS",7,"o1_above_tiny",0.0833333333333333,0.166666666667667,0.9,0.99999999,"N4-HIGH-PRIOR","P",0.22499999999985,0.1500000000009,0.1500000000009
"N4","PASS",7,"o1_above_tiny",0.0833333333333333,0.166666666667667,0.9,0.999999999999,"N4-HIGH-PRIOR","P",0.22499999999985,0.1500000000009,0.1500000000009
"N4","PASS",7,"o1_above_tiny",0.0833333333333333,0.166666666667667,0.9,0.99999999999999,"N4-HIGH-PRIOR","P",0.22499999999985,0.1500000000009,0.1500000000009
"N4","PASS",7,"o1_above_tiny",0.0833333333333333,0.166666666667667,0.9,1,"N4-HIGH-PRIOR","P",0.22499999999985,0.1500000000009,0.1500000000009
"N4","PASS",7,"o1_above_tiny",0.0833333333333333,0.166666666667667,0.99,0,"N4-NU-ZERO","L",0.16125,0.0825,0.16500000000099
"N4","PASS",7,"o1_above_tiny",0.0833333333333333,0.166666666667667,0.99,1e-14,"N4-NO-PURE-PBE","NONE",NA,NA,NA
"N4","PASS",7,"o1_above_tiny",0.0833333333333333,0.166666666667667,0.99,1e-12,"N4-NO-PURE-PBE","NONE",NA,NA,NA
"N4","PASS",7,"o1_above_tiny",0.0833333333333333,0.166666666667667,0.99,1e-08,"N4-NO-PURE-PBE","NONE",NA,NA,NA
"N4","PASS",7,"o1_above_tiny",0.0833333333333333,0.166666666667667,0.99,0.05,"N4-NO-PURE-PBE","NONE",NA,NA,NA
"N4","PASS",7,"o1_above_tiny",0.0833333333333333,0.166666666667667,0.99,0.0909089909101818,"N4-NO-PURE-PBE","NONE",NA,NA,NA
"N4","PASS",7,"o1_above_tiny",0.0833333333333333,0.166666666667667,0.99,0.0909090809101818,"N4-NO-PURE-PBE","NONE",NA,NA,NA
"N4","PASS",7,"o1_above_tiny",0.0833333333333333,0.166666666667667,0.99,0.0909090909091818,"N4-NO-PURE-PBE","NONE",NA,NA,NA
"N4","PASS",7,"o1_above_tiny",0.0833333333333333,0.166666666667667,0.99,0.0909090909101718,"N4-NO-PURE-PBE","NONE",NA,NA,NA
"N4","PASS",7,"o1_above_tiny",0.0833333333333333,0.166666666667667,0.99,0.0909090909101818,"N4-NO-PURE-PBE","NONE",NA,NA,NA
"N4","PASS",7,"o1_above_tiny",0.0833333333333333,0.166666666667667,0.99,0.0909090909101918,"N4-HIGH-PRIOR","P",0.147499999999835,0.16500000000099,0.16500000000099
"N4","PASS",7,"o1_above_tiny",0.0833333333333333,0.166666666667667,0.99,0.0909090909111818,"N4-HIGH-PRIOR","P",0.147499999999835,0.16500000000099,0.16500000000099
"N4","PASS",7,"o1_above_tiny",0.0833333333333333,0.166666666667667,0.99,0.0909091009101818,"N4-HIGH-PRIOR","P",0.147499999999835,0.16500000000099,0.16500000000099
"N4","PASS",7,"o1_above_tiny",0.0833333333333333,0.166666666667667,0.99,0.0909091909101818,"N4-HIGH-PRIOR","P",0.147499999999835,0.16500000000099,0.16500000000099
"N4","PASS",7,"o1_above_tiny",0.0833333333333333,0.166666666667667,0.99,0.195266172189349,"N4-HIGH-PRIOR","P",0.147499999999835,0.16500000000099,0.16500000000099
"N4","PASS",7,"o1_above_tiny",0.0833333333333333,0.166666666667667,0.99,0.195266262189349,"N4-HIGH-PRIOR","P",0.147499999999835,0.16500000000099,0.16500000000099
"N4","PASS",7,"o1_above_tiny",0.0833333333333333,0.166666666667667,0.99,0.195266272188349,"N4-HIGH-PRIOR","P",0.147499999999835,0.16500000000099,0.16500000000099
"N4","PASS",7,"o1_above_tiny",0.0833333333333333,0.166666666667667,0.99,0.195266272189339,"N4-HIGH-PRIOR","P",0.147499999999835,0.16500000000099,0.16500000000099
"N4","PASS",7,"o1_above_tiny",0.0833333333333333,0.166666666667667,0.99,0.195266272189349,"N4-HIGH-PRIOR","P",0.147499999999835,0.16500000000099,0.16500000000099
"N4","PASS",7,"o1_above_tiny",0.0833333333333333,0.166666666667667,0.99,0.195266272189359,"N4-HIGH-PRIOR","P",0.147499999999835,0.16500000000099,0.16500000000099
"N4","PASS",7,"o1_above_tiny",0.0833333333333333,0.166666666667667,0.99,0.195266272190349,"N4-HIGH-PRIOR","P",0.147499999999835,0.16500000000099,0.16500000000099
"N4","PASS",7,"o1_above_tiny",0.0833333333333333,0.166666666667667,0.99,0.195266282189349,"N4-HIGH-PRIOR","P",0.147499999999835,0.16500000000099,0.16500000000099
"N4","PASS",7,"o1_above_tiny",0.0833333333333333,0.166666666667667,0.99,0.195266372189349,"N4-HIGH-PRIOR","P",0.147499999999835,0.16500000000099,0.16500000000099
"N4","PASS",7,"o1_above_tiny",0.0833333333333333,0.166666666667667,0.99,0.25,"N4-HIGH-PRIOR","P",0.147499999999835,0.16500000000099,0.16500000000099
"N4","PASS",7,"o1_above_tiny",0.0833333333333333,0.166666666667667,0.99,0.5,"N4-HIGH-PRIOR","P",0.147499999999835,0.16500000000099,0.16500000000099
"N4","PASS",7,"o1_above_tiny",0.0833333333333333,0.166666666667667,0.99,0.75,"N4-HIGH-PRIOR","P",0.147499999999835,0.16500000000099,0.16500000000099
"N4","PASS",7,"o1_above_tiny",0.0833333333333333,0.166666666667667,0.99,0.95,"N4-HIGH-PRIOR","P",0.147499999999835,0.16500000000099,0.16500000000099
"N4","PASS",7,"o1_above_tiny",0.0833333333333333,0.166666666667667,0.99,0.99999999,"N4-HIGH-PRIOR","P",0.147499999999835,0.16500000000099,0.16500000000099
"N4","PASS",7,"o1_above_tiny",0.0833333333333333,0.166666666667667,0.99,0.999999999999,"N4-HIGH-PRIOR","P",0.147499999999835,0.16500000000099,0.16500000000099
"N4","PASS",7,"o1_above_tiny",0.0833333333333333,0.166666666667667,0.99,0.99999999999999,"N4-HIGH-PRIOR","P",0.147499999999835,0.16500000000099,0.16500000000099
"N4","PASS",7,"o1_above_tiny",0.0833333333333333,0.166666666667667,0.99,1,"N4-HIGH-PRIOR","P",0.147499999999835,0.16500000000099,0.16500000000099
"N4","PASS",7,"o0_below_tiny",0.166666666665667,0.375,0.5,0,"N4-NU-ZERO","L",0.569444444444528,0.0833333333328333,0.1875
"N4","PASS",7,"o0_below_tiny",0.166666666665667,0.375,0.5,1e-14,"N4-NO-PURE-PBE","NONE",NA,NA,NA
"N4","PASS",7,"o0_below_tiny",0.166666666665667,0.375,0.5,7.40004225391058e-13,"N4-NO-PURE-PBE","NONE",NA,NA,NA
"N4","PASS",7,"o0_below_tiny",0.166666666665667,0.375,0.5,7.50004225391058e-13,"N4-NO-PURE-PBE","NONE",NA,NA,NA
"N4","PASS",7,"o0_below_tiny",0.166666666665667,0.375,0.5,7.60004225391058e-13,"N4-NO-PURE-PBE","NONE",NA,NA,NA
"N4","PASS",7,"o0_below_tiny",0.166666666665667,0.375,0.5,1e-12,"N4-NO-PURE-PBE","NONE",NA,NA,NA
"N4","PASS",7,"o0_below_tiny",0.166666666665667,0.375,0.5,1.75000422539106e-12,"N4-NO-PURE-PBE","NONE",NA,NA,NA
"N4","PASS",7,"o0_below_tiny",0.166666666665667,0.375,0.5,1e-08,"N4-NO-PURE-PBE","NONE",NA,NA,NA
"N4","PASS",7,"o0_below_tiny",0.166666666665667,0.375,0.5,1.00007500042254e-08,"N4-NO-PURE-PBE","NONE",NA,NA,NA
"N4","PASS",7,"o0_below_tiny",0.166666666665667,0.375,0.5,1.00000750004225e-07,"N4-NO-PURE-PBE","NONE",NA,NA,NA
"N4","PASS",7,"o0_below_tiny",0.166666666665667,0.375,0.5,0.05,"N4-NO-PURE-PBE","NONE",NA,NA,NA
"N4","PASS",7,"o0_below_tiny",0.166666666665667,0.375,0.5,0.2499999000009,"N4-NO-PURE-PBE","NONE",NA,NA,NA
"N4","PASS",7,"o0_below_tiny",0.166666666665667,0.375,0.5,0.2499999900009,"N4-NO-PURE-PBE","NONE",NA,NA,NA
"N4","PASS",7,"o0_below_tiny",0.166666666665667,0.375,0.5,0.2499999999999,"N4-NO-PURE-PBE","NONE",NA,NA,NA
"N4","PASS",7,"o0_below_tiny",0.166666666665667,0.375,0.5,0.25,"N4-NO-PURE-PBE","NONE",NA,NA,NA
"N4","PASS",7,"o0_below_tiny",0.166666666665667,0.375,0.5,0.25000000000089,"N4-NO-PURE-PBE","NONE",NA,NA,NA
"N4","PASS",7,"o0_below_tiny",0.166666666665667,0.375,0.5,0.2500000000009,"N4-NO-PURE-PBE","NONE",NA,NA,NA
"N4","PASS",7,"o0_below_tiny",0.166666666665667,0.375,0.5,0.25000000000091,"N4-HIGH-PRIOR","P",0.552083333333333,0.1875,0.1875
"N4","PASS",7,"o0_below_tiny",0.166666666665667,0.375,0.5,0.2500000000019,"N4-HIGH-PRIOR","P",0.552083333333333,0.1875,0.1875
"N4","PASS",7,"o0_below_tiny",0.166666666665667,0.375,0.5,0.2500000100009,"N4-HIGH-PRIOR","P",0.552083333333333,0.1875,0.1875
"N4","PASS",7,"o0_below_tiny",0.166666666665667,0.375,0.5,0.2500001000009,"N4-HIGH-PRIOR","P",0.552083333333333,0.1875,0.1875
"N4","PASS",7,"o0_below_tiny",0.166666666665667,0.375,0.5,0.5,"N4-HIGH-PRIOR","P",0.552083333333333,0.1875,0.1875
"N4","PASS",7,"o0_below_tiny",0.166666666665667,0.375,0.5,0.75,"N4-HIGH-PRIOR","P",0.552083333333333,0.1875,0.1875
"N4","PASS",7,"o0_below_tiny",0.166666666665667,0.375,0.5,0.95,"N4-HIGH-PRIOR","P",0.552083333333333,0.1875,0.1875
"N4","PASS",7,"o0_below_tiny",0.166666666665667,0.375,0.5,0.99999999,"N4-HIGH-PRIOR","P",0.552083333333333,0.1875,0.1875
"N4","PASS",7,"o0_below_tiny",0.166666666665667,0.375,0.5,0.999999999999,"N4-HIGH-PRIOR","P",0.552083333333333,0.1875,0.1875
"N4","PASS",7,"o0_below_tiny",0.166666666665667,0.375,0.5,0.99999999999999,"N4-HIGH-PRIOR","P",0.552083333333333,0.1875,0.1875
"N4","PASS",7,"o0_below_tiny",0.166666666665667,0.375,0.5,1,"N4-HIGH-PRIOR","P",0.552083333333333,0.1875,0.1875
"N4","PASS",7,"o0_below_tiny",0.166666666665667,0.375,0.9,0,"N4-NU-ZERO","L",0.22500000000015,0.1499999999991,0.3375
"N4","PASS",7,"o0_below_tiny",0.166666666665667,0.375,0.9,1e-14,"N4-NO-PURE-PBE","NONE",NA,NA,NA
"N4","PASS",7,"o0_below_tiny",0.166666666665667,0.375,0.9,1e-12,"N4-NO-PURE-PBE","NONE",NA,NA,NA
"N4","PASS",7,"o0_below_tiny",0.166666666665667,0.375,0.9,1.2500126761698e-12,"N4-NO-PURE-PBE","NONE",NA,NA,NA
"N4","PASS",7,"o0_below_tiny",0.166666666665667,0.375,0.9,2.2400126761698e-12,"N4-NO-PURE-PBE","NONE",NA,NA,NA
"N4","PASS",7,"o0_below_tiny",0.166666666665667,0.375,0.9,2.2500126761698e-12,"N4-NO-PURE-PBE","NONE",NA,NA,NA
"N4","PASS",7,"o0_below_tiny",0.166666666665667,0.375,0.9,2.2600126761698e-12,"N4-NO-PURE-PBE","NONE",NA,NA,NA
"N4","PASS",7,"o0_below_tiny",0.166666666665667,0.375,0.9,3.2500126761698e-12,"N4-NO-PURE-PBE","NONE",NA,NA,NA
"N4","PASS",7,"o0_below_tiny",0.166666666665667,0.375,0.9,1e-08,"N4-NO-PURE-PBE","NONE",NA,NA,NA
"N4","PASS",7,"o0_below_tiny",0.166666666665667,0.375,0.9,1.00022500126762e-08,"N4-NO-PURE-PBE","NONE",NA,NA,NA
"N4","PASS",7,"o0_below_tiny",0.166666666665667,0.375,0.9,1.00002250012676e-07,"N4-NO-PURE-PBE","NONE",NA,NA,NA
"N4","PASS",7,"o0_below_tiny",0.166666666665667,0.375,0.9,0.05,"N4-NO-PURE-PBE","NONE",NA,NA,NA
"N4","PASS",7,"o0_below_tiny",0.166666666665667,0.375,0.9,0.2499999000009,"N4-NO-PURE-PBE","NONE",NA,NA,NA
"N4","PASS",7,"o0_below_tiny",0.166666666665667,0.375,0.9,0.2499999900009,"N4-NO-PURE-PBE","NONE",NA,NA,NA
"N4","PASS",7,"o0_below_tiny",0.166666666665667,0.375,0.9,0.2499999999999,"N4-NO-PURE-PBE","NONE",NA,NA,NA
"N4","PASS",7,"o0_below_tiny",0.166666666665667,0.375,0.9,0.25,"N4-NO-PURE-PBE","NONE",NA,NA,NA
"N4","PASS",7,"o0_below_tiny",0.166666666665667,0.375,0.9,0.25000000000089,"N4-NO-PURE-PBE","NONE",NA,NA,NA
"N4","PASS",7,"o0_below_tiny",0.166666666665667,0.375,0.9,0.2500000000009,"N4-NO-PURE-PBE","NONE",NA,NA,NA
"N4","PASS",7,"o0_below_tiny",0.166666666665667,0.375,0.9,0.25000000000091,"N4-HIGH-PRIOR","P",0.19375,0.3375,0.3375
"N4","PASS",7,"o0_below_tiny",0.166666666665667,0.375,0.9,0.2500000000019,"N4-HIGH-PRIOR","P",0.19375,0.3375,0.3375
"N4","PASS",7,"o0_below_tiny",0.166666666665667,0.375,0.9,0.2500000100009,"N4-HIGH-PRIOR","P",0.19375,0.3375,0.3375
"N4","PASS",7,"o0_below_tiny",0.166666666665667,0.375,0.9,0.2500001000009,"N4-HIGH-PRIOR","P",0.19375,0.3375,0.3375
"N4","PASS",7,"o0_below_tiny",0.166666666665667,0.375,0.9,0.5,"N4-HIGH-PRIOR","P",0.19375,0.3375,0.3375
"N4","PASS",7,"o0_below_tiny",0.166666666665667,0.375,0.9,0.75,"N4-HIGH-PRIOR","P",0.19375,0.3375,0.3375
"N4","PASS",7,"o0_below_tiny",0.166666666665667,0.375,0.9,0.95,"N4-HIGH-PRIOR","P",0.19375,0.3375,0.3375
"N4","PASS",7,"o0_below_tiny",0.166666666665667,0.375,0.9,0.99999999,"N4-HIGH-PRIOR","P",0.19375,0.3375,0.3375
"N4","PASS",7,"o0_below_tiny",0.166666666665667,0.375,0.9,0.999999999999,"N4-HIGH-PRIOR","P",0.19375,0.3375,0.3375
"N4","PASS",7,"o0_below_tiny",0.166666666665667,0.375,0.9,0.99999999999999,"N4-HIGH-PRIOR","P",0.19375,0.3375,0.3375
"N4","PASS",7,"o0_below_tiny",0.166666666665667,0.375,0.9,1,"N4-HIGH-PRIOR","P",0.19375,0.3375,0.3375
"N4","PASS",7,"o0_below_tiny",0.166666666665667,0.375,0.99,0,"N4-NU-ZERO","L",0.147500000000165,0.16499999999901,0.37125
"N4","PASS",7,"o0_below_tiny",0.166666666665667,0.375,0.99,1e-14,"N4-NO-PURE-PBE","NONE",NA,NA,NA
"N4","PASS",7,"o0_below_tiny",0.166666666665667,0.375,0.99,1e-12,"N4-NO-PURE-PBE","NONE",NA,NA,NA
"N4","PASS",7,"o0_below_tiny",0.166666666665667,0.375,0.99,1.91178111033546e-12,"N4-NO-PURE-PBE","NONE",NA,NA,NA
"N4","PASS",7,"o0_below_tiny",0.166666666665667,0.375,0.99,2.90178111033546e-12,"N4-NO-PURE-PBE","NONE",NA,NA,NA
"N4","PASS",7,"o0_below_tiny",0.166666666665667,0.375,0.99,2.91178111033546e-12,"N4-NO-PURE-PBE","NONE",NA,NA,NA
"N4","PASS",7,"o0_below_tiny",0.166666666665667,0.375,0.99,2.92178111033546e-12,"N4-NO-PURE-PBE","NONE",NA,NA,NA
"N4","PASS",7,"o0_below_tiny",0.166666666665667,0.375,0.99,3.91178111033546e-12,"N4-NO-PURE-PBE","NONE",NA,NA,NA
"N4","PASS",7,"o0_below_tiny",0.166666666665667,0.375,0.99,1e-08,"N4-NO-PURE-PBE","NONE",NA,NA,NA
"N4","PASS",7,"o0_below_tiny",0.166666666665667,0.375,0.99,1.00029117811103e-08,"N4-NO-PURE-PBE","NONE",NA,NA,NA
"N4","PASS",7,"o0_below_tiny",0.166666666665667,0.375,0.99,1.0000291178111e-07,"N4-NO-PURE-PBE","NONE",NA,NA,NA
"N4","PASS",7,"o0_below_tiny",0.166666666665667,0.375,0.99,0.05,"N4-NO-PURE-PBE","NONE",NA,NA,NA
"N4","PASS",7,"o0_below_tiny",0.166666666665667,0.375,0.99,0.2499999000009,"N4-NO-PURE-PBE","NONE",NA,NA,NA
"N4","PASS",7,"o0_below_tiny",0.166666666665667,0.375,0.99,0.2499999900009,"N4-NO-PURE-PBE","NONE",NA,NA,NA
"N4","PASS",7,"o0_below_tiny",0.166666666665667,0.375,0.99,0.2499999999999,"N4-NO-PURE-PBE","NONE",NA,NA,NA
"N4","PASS",7,"o0_below_tiny",0.166666666665667,0.375,0.99,0.25,"N4-NO-PURE-PBE","NONE",NA,NA,NA
"N4","PASS",7,"o0_below_tiny",0.166666666665667,0.375,0.99,0.25000000000089,"N4-NO-PURE-PBE","NONE",NA,NA,NA
"N4","PASS",7,"o0_below_tiny",0.166666666665667,0.375,0.99,0.2500000000009,"N4-NO-PURE-PBE","NONE",NA,NA,NA
"N4","PASS",7,"o0_below_tiny",0.166666666665667,0.375,0.99,0.25000000000091,"N4-HIGH-PRIOR","P",0.113125,0.37125,0.37125
"N4","PASS",7,"o0_below_tiny",0.166666666665667,0.375,0.99,0.2500000000019,"N4-HIGH-PRIOR","P",0.113125,0.37125,0.37125
"N4","PASS",7,"o0_below_tiny",0.166666666665667,0.375,0.99,0.2500000100009,"N4-HIGH-PRIOR","P",0.113125,0.37125,0.37125
"N4","PASS",7,"o0_below_tiny",0.166666666665667,0.375,0.99,0.2500001000009,"N4-HIGH-PRIOR","P",0.113125,0.37125,0.37125
"N4","PASS",7,"o0_below_tiny",0.166666666665667,0.375,0.99,0.5,"N4-HIGH-PRIOR","P",0.113125,0.37125,0.37125
"N4","PASS",7,"o0_below_tiny",0.166666666665667,0.375,0.99,0.75,"N4-HIGH-PRIOR","P",0.113125,0.37125,0.37125
"N4","PASS",7,"o0_below_tiny",0.166666666665667,0.375,0.99,0.95,"N4-HIGH-PRIOR","P",0.113125,0.37125,0.37125
"N4","PASS",7,"o0_below_tiny",0.166666666665667,0.375,0.99,0.99999999,"N4-HIGH-PRIOR","P",0.113125,0.37125,0.37125
"N4","PASS",7,"o0_below_tiny",0.166666666665667,0.375,0.99,0.999999999999,"N4-HIGH-PRIOR","P",0.113125,0.37125,0.37125
"N4","PASS",7,"o0_below_tiny",0.166666666665667,0.375,0.99,0.99999999999999,"N4-HIGH-PRIOR","P",0.113125,0.37125,0.37125
"N4","PASS",7,"o0_below_tiny",0.166666666665667,0.375,0.99,1,"N4-HIGH-PRIOR","P",0.113125,0.37125,0.37125
"N4","PASS",7,"o0_above_tiny",0.166666666667667,0.375,0.5,0,"N4-NU-ZERO","L",0.569444444444361,0.0833333333338333,0.1875
"N4","PASS",7,"o0_above_tiny",0.166666666667667,0.375,0.5,1e-14,"N4-NO-PURE-PBE","NONE",NA,NA,NA
"N4","PASS",7,"o0_above_tiny",0.166666666667667,0.375,0.5,1e-12,"N4-NO-PURE-PBE","NONE",NA,NA,NA
"N4","PASS",7,"o0_above_tiny",0.166666666667667,0.375,0.5,1e-08,"N4-NO-PURE-PBE","NONE",NA,NA,NA
"N4","PASS",7,"o0_above_tiny",0.166666666667667,0.375,0.5,0.05,"N4-NO-PURE-PBE","NONE",NA,NA,NA
"N4","PASS",7,"o0_above_tiny",0.166666666667667,0.375,0.5,0.2499998999991,"N4-NO-PURE-PBE","NONE",NA,NA,NA
"N4","PASS",7,"o0_above_tiny",0.166666666667667,0.375,0.5,0.2499999899991,"N4-NO-PURE-PBE","NONE",NA,NA,NA
"N4","PASS",7,"o0_above_tiny",0.166666666667667,0.375,0.5,0.2499999999981,"N4-NO-PURE-PBE","NONE",NA,NA,NA
"N4","PASS",7,"o0_above_tiny",0.166666666667667,0.375,0.5,0.24999999999909,"N4-NO-PURE-PBE","NONE",NA,NA,NA
"N4","PASS",7,"o0_above_tiny",0.166666666667667,0.375,0.5,0.2499999999991,"N4-NO-PURE-PBE","NONE",NA,NA,NA
"N4","PASS",7,"o0_above_tiny",0.166666666667667,0.375,0.5,0.24999999999911,"N4-HIGH-PRIOR","P",0.552083333333333,0.1875,0.1875
"N4","PASS",7,"o0_above_tiny",0.166666666667667,0.375,0.5,0.25,"N4-HIGH-PRIOR","P",0.552083333333333,0.1875,0.1875
"N4","PASS",7,"o0_above_tiny",0.166666666667667,0.375,0.5,0.2500000000001,"N4-HIGH-PRIOR","P",0.552083333333333,0.1875,0.1875
"N4","PASS",7,"o0_above_tiny",0.166666666667667,0.375,0.5,0.2500000099991,"N4-HIGH-PRIOR","P",0.552083333333333,0.1875,0.1875
"N4","PASS",7,"o0_above_tiny",0.166666666667667,0.375,0.5,0.2500000999991,"N4-HIGH-PRIOR","P",0.552083333333333,0.1875,0.1875
"N4","PASS",7,"o0_above_tiny",0.166666666667667,0.375,0.5,0.5,"N4-HIGH-PRIOR","P",0.552083333333333,0.1875,0.1875
"N4","PASS",7,"o0_above_tiny",0.166666666667667,0.375,0.5,0.75,"N4-HIGH-PRIOR","P",0.552083333333333,0.1875,0.1875
"N4","PASS",7,"o0_above_tiny",0.166666666667667,0.375,0.5,0.95,"N4-HIGH-PRIOR","P",0.552083333333333,0.1875,0.1875
"N4","PASS",7,"o0_above_tiny",0.166666666667667,0.375,0.5,0.99999999,"N4-HIGH-PRIOR","P",0.552083333333333,0.1875,0.1875
"N4","PASS",7,"o0_above_tiny",0.166666666667667,0.375,0.5,0.999999999999,"N4-HIGH-PRIOR","P",0.552083333333333,0.1875,0.1875
"N4","PASS",7,"o0_above_tiny",0.166666666667667,0.375,0.5,0.99999999999999,"N4-HIGH-PRIOR","P",0.552083333333333,0.1875,0.1875
"N4","PASS",7,"o0_above_tiny",0.166666666667667,0.375,0.5,1,"N4-HIGH-PRIOR","P",0.552083333333333,0.1875,0.1875
"N4","PASS",7,"o0_above_tiny",0.166666666667667,0.375,0.9,0,"N4-NU-ZERO","L",0.22499999999985,0.1500000000009,0.3375
"N4","PASS",7,"o0_above_tiny",0.166666666667667,0.375,0.9,1e-14,"N4-NO-PURE-PBE","NONE",NA,NA,NA
"N4","PASS",7,"o0_above_tiny",0.166666666667667,0.375,0.9,1e-12,"N4-NO-PURE-PBE","NONE",NA,NA,NA
"N4","PASS",7,"o0_above_tiny",0.166666666667667,0.375,0.9,1e-08,"N4-NO-PURE-PBE","NONE",NA,NA,NA
"N4","PASS",7,"o0_above_tiny",0.166666666667667,0.375,0.9,0.05,"N4-NO-PURE-PBE","NONE",NA,NA,NA
"N4","PASS",7,"o0_above_tiny",0.166666666667667,0.375,0.9,0.2499998999991,"N4-NO-PURE-PBE","NONE",NA,NA,NA
"N4","PASS",7,"o0_above_tiny",0.166666666667667,0.375,0.9,0.2499999899991,"N4-NO-PURE-PBE","NONE",NA,NA,NA
"N4","PASS",7,"o0_above_tiny",0.166666666667667,0.375,0.9,0.2499999999981,"N4-NO-PURE-PBE","NONE",NA,NA,NA
"N4","PASS",7,"o0_above_tiny",0.166666666667667,0.375,0.9,0.24999999999909,"N4-NO-PURE-PBE","NONE",NA,NA,NA
"N4","PASS",7,"o0_above_tiny",0.166666666667667,0.375,0.9,0.2499999999991,"N4-NO-PURE-PBE","NONE",NA,NA,NA
"N4","PASS",7,"o0_above_tiny",0.166666666667667,0.375,0.9,0.24999999999911,"N4-HIGH-PRIOR","P",0.19375,0.3375,0.3375
"N4","PASS",7,"o0_above_tiny",0.166666666667667,0.375,0.9,0.25,"N4-HIGH-PRIOR","P",0.19375,0.3375,0.3375
"N4","PASS",7,"o0_above_tiny",0.166666666667667,0.375,0.9,0.2500000000001,"N4-HIGH-PRIOR","P",0.19375,0.3375,0.3375
"N4","PASS",7,"o0_above_tiny",0.166666666667667,0.375,0.9,0.2500000099991,"N4-HIGH-PRIOR","P",0.19375,0.3375,0.3375
"N4","PASS",7,"o0_above_tiny",0.166666666667667,0.375,0.9,0.2500000999991,"N4-HIGH-PRIOR","P",0.19375,0.3375,0.3375
"N4","PASS",7,"o0_above_tiny",0.166666666667667,0.375,0.9,0.5,"N4-HIGH-PRIOR","P",0.19375,0.3375,0.3375
"N4","PASS",7,"o0_above_tiny",0.166666666667667,0.375,0.9,0.75,"N4-HIGH-PRIOR","P",0.19375,0.3375,0.3375
"N4","PASS",7,"o0_above_tiny",0.166666666667667,0.375,0.9,0.95,"N4-HIGH-PRIOR","P",0.19375,0.3375,0.3375
"N4","PASS",7,"o0_above_tiny",0.166666666667667,0.375,0.9,0.99999999,"N4-HIGH-PRIOR","P",0.19375,0.3375,0.3375
"N4","PASS",7,"o0_above_tiny",0.166666666667667,0.375,0.9,0.999999999999,"N4-HIGH-PRIOR","P",0.19375,0.3375,0.3375
"N4","PASS",7,"o0_above_tiny",0.166666666667667,0.375,0.9,0.99999999999999,"N4-HIGH-PRIOR","P",0.19375,0.3375,0.3375
"N4","PASS",7,"o0_above_tiny",0.166666666667667,0.375,0.9,1,"N4-HIGH-PRIOR","P",0.19375,0.3375,0.3375
"N4","PASS",7,"o0_above_tiny",0.166666666667667,0.375,0.99,0,"N4-NU-ZERO","L",0.147499999999835,0.16500000000099,0.37125
"N4","PASS",7,"o0_above_tiny",0.166666666667667,0.375,0.99,1e-14,"N4-NO-PURE-PBE","NONE",NA,NA,NA
"N4","PASS",7,"o0_above_tiny",0.166666666667667,0.375,0.99,1e-12,"N4-NO-PURE-PBE","NONE",NA,NA,NA
"N4","PASS",7,"o0_above_tiny",0.166666666667667,0.375,0.99,1e-08,"N4-NO-PURE-PBE","NONE",NA,NA,NA
"N4","PASS",7,"o0_above_tiny",0.166666666667667,0.375,0.99,0.05,"N4-NO-PURE-PBE","NONE",NA,NA,NA
"N4","PASS",7,"o0_above_tiny",0.166666666667667,0.375,0.99,0.2499998999991,"N4-NO-PURE-PBE","NONE",NA,NA,NA
"N4","PASS",7,"o0_above_tiny",0.166666666667667,0.375,0.99,0.2499999899991,"N4-NO-PURE-PBE","NONE",NA,NA,NA
"N4","PASS",7,"o0_above_tiny",0.166666666667667,0.375,0.99,0.2499999999981,"N4-NO-PURE-PBE","NONE",NA,NA,NA
"N4","PASS",7,"o0_above_tiny",0.166666666667667,0.375,0.99,0.24999999999909,"N4-NO-PURE-PBE","NONE",NA,NA,NA
"N4","PASS",7,"o0_above_tiny",0.166666666667667,0.375,0.99,0.2499999999991,"N4-NO-PURE-PBE","NONE",NA,NA,NA
"N4","PASS",7,"o0_above_tiny",0.166666666667667,0.375,0.99,0.24999999999911,"N4-HIGH-PRIOR","P",0.113125,0.37125,0.37125
"N4","PASS",7,"o0_above_tiny",0.166666666667667,0.375,0.99,0.25,"N4-HIGH-PRIOR","P",0.113125,0.37125,0.37125
"N4","PASS",7,"o0_above_tiny",0.166666666667667,0.375,0.99,0.2500000000001,"N4-HIGH-PRIOR","P",0.113125,0.37125,0.37125
"N4","PASS",7,"o0_above_tiny",0.166666666667667,0.375,0.99,0.2500000099991,"N4-HIGH-PRIOR","P",0.113125,0.37125,0.37125
"N4","PASS",7,"o0_above_tiny",0.166666666667667,0.375,0.99,0.2500000999991,"N4-HIGH-PRIOR","P",0.113125,0.37125,0.37125
"N4","PASS",7,"o0_above_tiny",0.166666666667667,0.375,0.99,0.5,"N4-HIGH-PRIOR","P",0.113125,0.37125,0.37125
"N4","PASS",7,"o0_above_tiny",0.166666666667667,0.375,0.99,0.75,"N4-HIGH-PRIOR","P",0.113125,0.37125,0.37125
"N4","PASS",7,"o0_above_tiny",0.166666666667667,0.375,0.99,0.95,"N4-HIGH-PRIOR","P",0.113125,0.37125,0.37125
"N4","PASS",7,"o0_above_tiny",0.166666666667667,0.375,0.99,0.99999999,"N4-HIGH-PRIOR","P",0.113125,0.37125,0.37125
"N4","PASS",7,"o0_above_tiny",0.166666666667667,0.375,0.99,0.999999999999,"N4-HIGH-PRIOR","P",0.113125,0.37125,0.37125
"N4","PASS",7,"o0_above_tiny",0.166666666667667,0.375,0.99,0.99999999999999,"N4-HIGH-PRIOR","P",0.113125,0.37125,0.37125
"N4","PASS",7,"o0_above_tiny",0.166666666667667,0.375,0.99,1,"N4-HIGH-PRIOR","P",0.113125,0.37125,0.37125
