"o_0","o_1","hegemon_type","region","polygon_id","record_type"
1,1,"Low type","No comparison: no pure-vote PBE (unanimity)","none_Low type","region_polygon"
0,0.35,"Low type","No comparison: no pure-vote PBE (unanimity)","none_Low type","region_polygon"
0,1,"Low type","No comparison: no pure-vote PBE (unanimity)","none_Low type","region_polygon"
1,1,"Low type","No comparison: no pure-vote PBE (unanimity)","none_Low type","region_polygon"
0.0555555555555556,0.25,"Low type","H prefers unanimity","screening_below_Low type","region_polygon"
0,0.213888888888889,"Low type","H prefers unanimity","screening_below_Low type","region_polygon"
0,0.25,"Low type","H prefers unanimity","screening_below_Low type","region_polygon"
0.0555555555555556,0.25,"Low type","H prefers unanimity","screening_cross_Low type","region_polygon"
0,0.25,"Low type","H prefers unanimity","screening_cross_Low type","region_polygon"
0,0.35,"Low type","H prefers unanimity","screening_cross_Low type","region_polygon"
0.0555555555555556,0.386111111111111,"Low type","H prefers unanimity","screening_cross_Low type","region_polygon"
0.0555555555555556,0.25,"Low type","H indifferent","pooling_Low type","region_polygon"
0.25,0.25,"Low type","H indifferent","pooling_Low type","region_polygon"
0,0,"Low type","H indifferent","pooling_Low type","region_polygon"
0,0.213888888888889,"Low type","H indifferent","pooling_Low type","region_polygon"
0.25,0.277777777777778,"Low type","H prefers unanimity","exclusion_cross_u_Low type","region_polygon"
0.225,0.25,"Low type","H prefers unanimity","exclusion_cross_u_Low type","region_polygon"
0.0555555555555556,0.25,"Low type","H prefers unanimity","exclusion_cross_u_Low type","region_polygon"
0.0555555555555556,0.386111111111111,"Low type","H prefers unanimity","exclusion_cross_u_Low type","region_polygon"
0.25,0.5125,"Low type","H prefers unanimity","exclusion_cross_u_Low type","region_polygon"
0.25,0.277777777777778,"Low type","H prefers majority","exclusion_cross_m_Low type","region_polygon"
0.25,0.25,"Low type","H prefers majority","exclusion_cross_m_Low type","region_polygon"
0.25,0.25,"Low type","H prefers majority","exclusion_cross_m_Low type","region_polygon"
0.225,0.25,"Low type","H prefers majority","exclusion_cross_m_Low type","region_polygon"
0.25,0.277777777777778,"Low type","H prefers unanimity","exclusion_above_u_Low type","region_polygon"
0.25,0.5125,"Low type","H prefers unanimity","exclusion_above_u_Low type","region_polygon"
0.759036144578313,0.843373493975904,"Low type","H prefers unanimity","exclusion_above_u_Low type","region_polygon"
0.25,0.25,"Low type","H prefers majority","exclusion_above_m_Low type","region_polygon"
0.25,0.277777777777778,"Low type","H prefers majority","exclusion_above_m_Low type","region_polygon"
0.759036144578313,0.843373493975904,"Low type","H prefers majority","exclusion_above_m_Low type","region_polygon"
1,1,"Low type","H prefers majority","exclusion_above_m_Low type","region_polygon"
1,1,"Low type","H prefers majority","exclusion_above_m_Low type","region_polygon"
1,1,"High type","No comparison: no pure-vote PBE (unanimity)","none_High type","region_polygon"
0,0.35,"High type","No comparison: no pure-vote PBE (unanimity)","none_High type","region_polygon"
0,1,"High type","No comparison: no pure-vote PBE (unanimity)","none_High type","region_polygon"
1,1,"High type","No comparison: no pure-vote PBE (unanimity)","none_High type","region_polygon"
0.0555555555555556,0.25,"High type","H indifferent","screening_below_High type","region_polygon"
0,0.213888888888889,"High type","H indifferent","screening_below_High type","region_polygon"
0,0.25,"High type","H indifferent","screening_below_High type","region_polygon"
0.0555555555555556,0.25,"High type","H indifferent","screening_cross_High type","region_polygon"
0,0.25,"High type","H indifferent","screening_cross_High type","region_polygon"
0,0.35,"High type","H indifferent","screening_cross_High type","region_polygon"
0.0555555555555556,0.386111111111111,"High type","H indifferent","screening_cross_High type","region_polygon"
0.0555555555555556,0.25,"High type","H indifferent","pooling_High type","region_polygon"
0.25,0.25,"High type","H indifferent","pooling_High type","region_polygon"
0,0,"High type","H indifferent","pooling_High type","region_polygon"
0,0.213888888888889,"High type","H indifferent","pooling_High type","region_polygon"
0.25,0.25,"High type","H prefers majority","exclusion_cross_High type","region_polygon"
0.25,0.25,"High type","H prefers majority","exclusion_cross_High type","region_polygon"
0.0555555555555556,0.25,"High type","H prefers majority","exclusion_cross_High type","region_polygon"
0.0555555555555556,0.386111111111111,"High type","H prefers majority","exclusion_cross_High type","region_polygon"
0.25,0.5125,"High type","H prefers majority","exclusion_cross_High type","region_polygon"
0.25,0.25,"High type","H prefers majority","exclusion_above_High type","region_polygon"
0.25,0.5125,"High type","H prefers majority","exclusion_above_High type","region_polygon"
1,1,"High type","H prefers majority","exclusion_above_High type","region_polygon"
1,1,"High type","H prefers majority","exclusion_above_High type","region_polygon"
0,0.35,"Low type","nu = nu*",,"analytic_frontier"
0.00200400801603206,0.351302605210421,"Low type","nu = nu*",,"analytic_frontier"
0.00400801603206413,0.352605210420842,"Low type","nu = nu*",,"analytic_frontier"
0.00601202404809619,0.353907815631263,"Low type","nu = nu*",,"analytic_frontier"
0.00801603206412826,0.355210420841683,"Low type","nu = nu*",,"analytic_frontier"
0.0100200400801603,0.356513026052104,"Low type","nu = nu*",,"analytic_frontier"
0.0120240480961924,0.357815631262525,"Low type","nu = nu*",,"analytic_frontier"
0.0140280561122244,0.359118236472946,"Low type","nu = nu*",,"analytic_frontier"
0.0160320641282565,0.360420841683367,"Low type","nu = nu*",,"analytic_frontier"
0.0180360721442886,0.361723446893788,"Low type","nu = nu*",,"analytic_frontier"
0.0200400801603206,0.363026052104208,"Low type","nu = nu*",,"analytic_frontier"
0.0220440881763527,0.364328657314629,"Low type","nu = nu*",,"analytic_frontier"
0.0240480961923848,0.36563126252505,"Low type","nu = nu*",,"analytic_frontier"
0.0260521042084168,0.366933867735471,"Low type","nu = nu*",,"analytic_frontier"
0.0280561122244489,0.368236472945892,"Low type","nu = nu*",,"analytic_frontier"
0.030060120240481,0.369539078156313,"Low type","nu = nu*",,"analytic_frontier"
0.032064128256513,0.370841683366733,"Low type","nu = nu*",,"analytic_frontier"
0.0340681362725451,0.372144288577154,"Low type","nu = nu*",,"analytic_frontier"
0.0360721442885771,0.373446893787575,"Low type","nu = nu*",,"analytic_frontier"
0.0380761523046092,0.374749498997996,"Low type","nu = nu*",,"analytic_frontier"
0.0400801603206413,0.376052104208417,"Low type","nu = nu*",,"analytic_frontier"
0.0420841683366733,0.377354709418838,"Low type","nu = nu*",,"analytic_frontier"
0.0440881763527054,0.378657314629259,"Low type","nu = nu*",,"analytic_frontier"
0.0460921843687375,0.379959919839679,"Low type","nu = nu*",,"analytic_frontier"
0.0480961923847695,0.3812625250501,"Low type","nu = nu*",,"analytic_frontier"
0.0501002004008016,0.382565130260521,"Low type","nu = nu*",,"analytic_frontier"
0.0521042084168337,0.383867735470942,"Low type","nu = nu*",,"analytic_frontier"
0.0541082164328657,0.385170340681363,"Low type","nu = nu*",,"analytic_frontier"
0.0561122244488978,0.386472945891784,"Low type","nu = nu*",,"analytic_frontier"
0.0581162324649299,0.387775551102204,"Low type","nu = nu*",,"analytic_frontier"
0.0601202404809619,0.389078156312625,"Low type","nu = nu*",,"analytic_frontier"
0.062124248496994,0.390380761523046,"Low type","nu = nu*",,"analytic_frontier"
0.064128256513026,0.391683366733467,"Low type","nu = nu*",,"analytic_frontier"
0.0661322645290581,0.392985971943888,"Low type","nu = nu*",,"analytic_frontier"
0.0681362725450902,0.394288577154309,"Low type","nu = nu*",,"analytic_frontier"
0.0701402805611222,0.395591182364729,"Low type","nu = nu*",,"analytic_frontier"
0.0721442885771543,0.39689378757515,"Low type","nu = nu*",,"analytic_frontier"
0.0741482965931864,0.398196392785571,"Low type","nu = nu*",,"analytic_frontier"
0.0761523046092184,0.399498997995992,"Low type","nu = nu*",,"analytic_frontier"
0.0781563126252505,0.400801603206413,"Low type","nu = nu*",,"analytic_frontier"
0.0801603206412826,0.402104208416834,"Low type","nu = nu*",,"analytic_frontier"
0.0821643286573146,0.403406813627255,"Low type","nu = nu*",,"analytic_frontier"
0.0841683366733467,0.404709418837675,"Low type","nu = nu*",,"analytic_frontier"
0.0861723446893787,0.406012024048096,"Low type","nu = nu*",,"analytic_frontier"
0.0881763527054108,0.407314629258517,"Low type","nu = nu*",,"analytic_frontier"
0.0901803607214429,0.408617234468938,"Low type","nu = nu*",,"analytic_frontier"
0.092184368737475,0.409919839679359,"Low type","nu = nu*",,"analytic_frontier"
0.094188376753507,0.41122244488978,"Low type","nu = nu*",,"analytic_frontier"
0.0961923847695391,0.4125250501002,"Low type","nu = nu*",,"analytic_frontier"
0.0981963927855711,0.413827655310621,"Low type","nu = nu*",,"analytic_frontier"
0.100200400801603,0.415130260521042,"Low type","nu = nu*",,"analytic_frontier"
0.102204408817635,0.416432865731463,"Low type","nu = nu*",,"analytic_frontier"
0.104208416833667,0.417735470941884,"Low type","nu = nu*",,"analytic_frontier"
0.106212424849699,0.419038076152305,"Low type","nu = nu*",,"analytic_frontier"
0.108216432865731,0.420340681362725,"Low type","nu = nu*",,"analytic_frontier"
0.110220440881764,0.421643286573146,"Low type","nu = nu*",,"analytic_frontier"
0.112224448897796,0.422945891783567,"Low type","nu = nu*",,"analytic_frontier"
0.114228456913828,0.424248496993988,"Low type","nu = nu*",,"analytic_frontier"
0.11623246492986,0.425551102204409,"Low type","nu = nu*",,"analytic_frontier"
0.118236472945892,0.42685370741483,"Low type","nu = nu*",,"analytic_frontier"
0.120240480961924,0.42815631262525,"Low type","nu = nu*",,"analytic_frontier"
0.122244488977956,0.429458917835671,"Low type","nu = nu*",,"analytic_frontier"
0.124248496993988,0.430761523046092,"Low type","nu = nu*",,"analytic_frontier"
0.12625250501002,0.432064128256513,"Low type","nu = nu*",,"analytic_frontier"
0.128256513026052,0.433366733466934,"Low type","nu = nu*",,"analytic_frontier"
0.130260521042084,0.434669338677355,"Low type","nu = nu*",,"analytic_frontier"
0.132264529058116,0.435971943887776,"Low type","nu = nu*",,"analytic_frontier"
0.134268537074148,0.437274549098196,"Low type","nu = nu*",,"analytic_frontier"
0.13627254509018,0.438577154308617,"Low type","nu = nu*",,"analytic_frontier"
0.138276553106212,0.439879759519038,"Low type","nu = nu*",,"analytic_frontier"
0.140280561122244,0.441182364729459,"Low type","nu = nu*",,"analytic_frontier"
0.142284569138277,0.44248496993988,"Low type","nu = nu*",,"analytic_frontier"
0.144288577154309,0.443787575150301,"Low type","nu = nu*",,"analytic_frontier"
0.146292585170341,0.445090180360721,"Low type","nu = nu*",,"analytic_frontier"
0.148296593186373,0.446392785571142,"Low type","nu = nu*",,"analytic_frontier"
0.150300601202405,0.447695390781563,"Low type","nu = nu*",,"analytic_frontier"
0.152304609218437,0.448997995991984,"Low type","nu = nu*",,"analytic_frontier"
0.154308617234469,0.450300601202405,"Low type","nu = nu*",,"analytic_frontier"
0.156312625250501,0.451603206412826,"Low type","nu = nu*",,"analytic_frontier"
0.158316633266533,0.452905811623247,"Low type","nu = nu*",,"analytic_frontier"
0.160320641282565,0.454208416833667,"Low type","nu = nu*",,"analytic_frontier"
0.162324649298597,0.455511022044088,"Low type","nu = nu*",,"analytic_frontier"
0.164328657314629,0.456813627254509,"Low type","nu = nu*",,"analytic_frontier"
0.166332665330661,0.45811623246493,"Low type","nu = nu*",,"analytic_frontier"
0.168336673346693,0.459418837675351,"Low type","nu = nu*",,"analytic_frontier"
0.170340681362725,0.460721442885771,"Low type","nu = nu*",,"analytic_frontier"
0.172344689378757,0.462024048096192,"Low type","nu = nu*",,"analytic_frontier"
0.17434869739479,0.463326653306613,"Low type","nu = nu*",,"analytic_frontier"
0.176352705410822,0.464629258517034,"Low type","nu = nu*",,"analytic_frontier"
0.178356713426854,0.465931863727455,"Low type","nu = nu*",,"analytic_frontier"
0.180360721442886,0.467234468937876,"Low type","nu = nu*",,"analytic_frontier"
0.182364729458918,0.468537074148297,"Low type","nu = nu*",,"analytic_frontier"
0.18436873747495,0.469839679358717,"Low type","nu = nu*",,"analytic_frontier"
0.186372745490982,0.471142284569138,"Low type","nu = nu*",,"analytic_frontier"
0.188376753507014,0.472444889779559,"Low type","nu = nu*",,"analytic_frontier"
0.190380761523046,0.47374749498998,"Low type","nu = nu*",,"analytic_frontier"
0.192384769539078,0.475050100200401,"Low type","nu = nu*",,"analytic_frontier"
0.19438877755511,0.476352705410822,"Low type","nu = nu*",,"analytic_frontier"
0.196392785571142,0.477655310621242,"Low type","nu = nu*",,"analytic_frontier"
0.198396793587174,0.478957915831663,"Low type","nu = nu*",,"analytic_frontier"
0.200400801603206,0.480260521042084,"Low type","nu = nu*",,"analytic_frontier"
0.202404809619238,0.481563126252505,"Low type","nu = nu*",,"analytic_frontier"
0.204408817635271,0.482865731462926,"Low type","nu = nu*",,"analytic_frontier"
0.206412825651303,0.484168336673347,"Low type","nu = nu*",,"analytic_frontier"
0.208416833667335,0.485470941883767,"Low type","nu = nu*",,"analytic_frontier"
0.210420841683367,0.486773547094188,"Low type","nu = nu*",,"analytic_frontier"
0.212424849699399,0.488076152304609,"Low type","nu = nu*",,"analytic_frontier"
0.214428857715431,0.48937875751503,"Low type","nu = nu*",,"analytic_frontier"
0.216432865731463,0.490681362725451,"Low type","nu = nu*",,"analytic_frontier"
0.218436873747495,0.491983967935872,"Low type","nu = nu*",,"analytic_frontier"
0.220440881763527,0.493286573146293,"Low type","nu = nu*",,"analytic_frontier"
0.222444889779559,0.494589178356713,"Low type","nu = nu*",,"analytic_frontier"
0.224448897795591,0.495891783567134,"Low type","nu = nu*",,"analytic_frontier"
0.226452905811623,0.497194388777555,"Low type","nu = nu*",,"analytic_frontier"
0.228456913827655,0.498496993987976,"Low type","nu = nu*",,"analytic_frontier"
0.230460921843687,0.499799599198397,"Low type","nu = nu*",,"analytic_frontier"
0.232464929859719,0.501102204408818,"Low type","nu = nu*",,"analytic_frontier"
0.234468937875751,0.502404809619238,"Low type","nu = nu*",,"analytic_frontier"
0.236472945891784,0.503707414829659,"Low type","nu = nu*",,"analytic_frontier"
0.238476953907816,0.50501002004008,"Low type","nu = nu*",,"analytic_frontier"
0.240480961923848,0.506312625250501,"Low type","nu = nu*",,"analytic_frontier"
0.24248496993988,0.507615230460922,"Low type","nu = nu*",,"analytic_frontier"
0.244488977955912,0.508917835671343,"Low type","nu = nu*",,"analytic_frontier"
0.246492985971944,0.510220440881763,"Low type","nu = nu*",,"analytic_frontier"
0.248496993987976,0.511523046092184,"Low type","nu = nu*",,"analytic_frontier"
0.250501002004008,0.512825651302605,"Low type","nu = nu*",,"analytic_frontier"
0.25250501002004,0.514128256513026,"Low type","nu = nu*",,"analytic_frontier"
0.254509018036072,0.515430861723447,"Low type","nu = nu*",,"analytic_frontier"
0.256513026052104,0.516733466933868,"Low type","nu = nu*",,"analytic_frontier"
0.258517034068136,0.518036072144288,"Low type","nu = nu*",,"analytic_frontier"
0.260521042084168,0.519338677354709,"Low type","nu = nu*",,"analytic_frontier"
0.2625250501002,0.52064128256513,"Low type","nu = nu*",,"analytic_frontier"
0.264529058116232,0.521943887775551,"Low type","nu = nu*",,"analytic_frontier"
0.266533066132265,0.523246492985972,"Low type","nu = nu*",,"analytic_frontier"
0.268537074148297,0.524549098196393,"Low type","nu = nu*",,"analytic_frontier"
0.270541082164329,0.525851703406814,"Low type","nu = nu*",,"analytic_frontier"
0.272545090180361,0.527154308617234,"Low type","nu = nu*",,"analytic_frontier"
0.274549098196393,0.528456913827655,"Low type","nu = nu*",,"analytic_frontier"
0.276553106212425,0.529759519038076,"Low type","nu = nu*",,"analytic_frontier"
0.278557114228457,0.531062124248497,"Low type","nu = nu*",,"analytic_frontier"
0.280561122244489,0.532364729458918,"Low type","nu = nu*",,"analytic_frontier"
0.282565130260521,0.533667334669339,"Low type","nu = nu*",,"analytic_frontier"
0.284569138276553,0.53496993987976,"Low type","nu = nu*",,"analytic_frontier"
0.286573146292585,0.53627254509018,"Low type","nu = nu*",,"analytic_frontier"
0.288577154308617,0.537575150300601,"Low type","nu = nu*",,"analytic_frontier"
0.290581162324649,0.538877755511022,"Low type","nu = nu*",,"analytic_frontier"
0.292585170340681,0.540180360721443,"Low type","nu = nu*",,"analytic_frontier"
0.294589178356713,0.541482965931864,"Low type","nu = nu*",,"analytic_frontier"
0.296593186372745,0.542785571142285,"Low type","nu = nu*",,"analytic_frontier"
0.298597194388778,0.544088176352705,"Low type","nu = nu*",,"analytic_frontier"
0.30060120240481,0.545390781563126,"Low type","nu = nu*",,"analytic_frontier"
0.302605210420842,0.546693386773547,"Low type","nu = nu*",,"analytic_frontier"
0.304609218436874,0.547995991983968,"Low type","nu = nu*",,"analytic_frontier"
0.306613226452906,0.549298597194389,"Low type","nu = nu*",,"analytic_frontier"
0.308617234468938,0.55060120240481,"Low type","nu = nu*",,"analytic_frontier"
0.31062124248497,0.55190380761523,"Low type","nu = nu*",,"analytic_frontier"
0.312625250501002,0.553206412825651,"Low type","nu = nu*",,"analytic_frontier"
0.314629258517034,0.554509018036072,"Low type","nu = nu*",,"analytic_frontier"
0.316633266533066,0.555811623246493,"Low type","nu = nu*",,"analytic_frontier"
0.318637274549098,0.557114228456914,"Low type","nu = nu*",,"analytic_frontier"
0.32064128256513,0.558416833667335,"Low type","nu = nu*",,"analytic_frontier"
0.322645290581162,0.559719438877756,"Low type","nu = nu*",,"analytic_frontier"
0.324649298597194,0.561022044088176,"Low type","nu = nu*",,"analytic_frontier"
0.326653306613226,0.562324649298597,"Low type","nu = nu*",,"analytic_frontier"
0.328657314629259,0.563627254509018,"Low type","nu = nu*",,"analytic_frontier"
0.330661322645291,0.564929859719439,"Low type","nu = nu*",,"analytic_frontier"
0.332665330661323,0.56623246492986,"Low type","nu = nu*",,"analytic_frontier"
0.334669338677355,0.56753507014028,"Low type","nu = nu*",,"analytic_frontier"
0.336673346693387,0.568837675350701,"Low type","nu = nu*",,"analytic_frontier"
0.338677354709419,0.570140280561122,"Low type","nu = nu*",,"analytic_frontier"
0.340681362725451,0.571442885771543,"Low type","nu = nu*",,"analytic_frontier"
0.342685370741483,0.572745490981964,"Low type","nu = nu*",,"analytic_frontier"
0.344689378757515,0.574048096192385,"Low type","nu = nu*",,"analytic_frontier"
0.346693386773547,0.575350701402806,"Low type","nu = nu*",,"analytic_frontier"
0.348697394789579,0.576653306613226,"Low type","nu = nu*",,"analytic_frontier"
0.350701402805611,0.577955911823647,"Low type","nu = nu*",,"analytic_frontier"
0.352705410821643,0.579258517034068,"Low type","nu = nu*",,"analytic_frontier"
0.354709418837675,0.580561122244489,"Low type","nu = nu*",,"analytic_frontier"
0.356713426853707,0.58186372745491,"Low type","nu = nu*",,"analytic_frontier"
0.358717434869739,0.583166332665331,"Low type","nu = nu*",,"analytic_frontier"
0.360721442885772,0.584468937875751,"Low type","nu = nu*",,"analytic_frontier"
0.362725450901804,0.585771543086172,"Low type","nu = nu*",,"analytic_frontier"
0.364729458917836,0.587074148296593,"Low type","nu = nu*",,"analytic_frontier"
0.366733466933868,0.588376753507014,"Low type","nu = nu*",,"analytic_frontier"
0.3687374749499,0.589679358717435,"Low type","nu = nu*",,"analytic_frontier"
0.370741482965932,0.590981963927856,"Low type","nu = nu*",,"analytic_frontier"
0.372745490981964,0.592284569138277,"Low type","nu = nu*",,"analytic_frontier"
0.374749498997996,0.593587174348697,"Low type","nu = nu*",,"analytic_frontier"
0.376753507014028,0.594889779559118,"Low type","nu = nu*",,"analytic_frontier"
0.37875751503006,0.596192384769539,"Low type","nu = nu*",,"analytic_frontier"
0.380761523046092,0.59749498997996,"Low type","nu = nu*",,"analytic_frontier"
0.382765531062124,0.598797595190381,"Low type","nu = nu*",,"analytic_frontier"
0.384769539078156,0.600100200400802,"Low type","nu = nu*",,"analytic_frontier"
0.386773547094188,0.601402805611222,"Low type","nu = nu*",,"analytic_frontier"
0.38877755511022,0.602705410821643,"Low type","nu = nu*",,"analytic_frontier"
0.390781563126252,0.604008016032064,"Low type","nu = nu*",,"analytic_frontier"
0.392785571142285,0.605310621242485,"Low type","nu = nu*",,"analytic_frontier"
0.394789579158317,0.606613226452906,"Low type","nu = nu*",,"analytic_frontier"
0.396793587174349,0.607915831663327,"Low type","nu = nu*",,"analytic_frontier"
0.398797595190381,0.609218436873747,"Low type","nu = nu*",,"analytic_frontier"
0.400801603206413,0.610521042084168,"Low type","nu = nu*",,"analytic_frontier"
0.402805611222445,0.611823647294589,"Low type","nu = nu*",,"analytic_frontier"
0.404809619238477,0.61312625250501,"Low type","nu = nu*",,"analytic_frontier"
0.406813627254509,0.614428857715431,"Low type","nu = nu*",,"analytic_frontier"
0.408817635270541,0.615731462925852,"Low type","nu = nu*",,"analytic_frontier"
0.410821643286573,0.617034068136272,"Low type","nu = nu*",,"analytic_frontier"
0.412825651302605,0.618336673346693,"Low type","nu = nu*",,"analytic_frontier"
0.414829659318637,0.619639278557114,"Low type","nu = nu*",,"analytic_frontier"
0.416833667334669,0.620941883767535,"Low type","nu = nu*",,"analytic_frontier"
0.418837675350701,0.622244488977956,"Low type","nu = nu*",,"analytic_frontier"
0.420841683366733,0.623547094188377,"Low type","nu = nu*",,"analytic_frontier"
0.422845691382766,0.624849699398798,"Low type","nu = nu*",,"analytic_frontier"
0.424849699398798,0.626152304609218,"Low type","nu = nu*",,"analytic_frontier"
0.42685370741483,0.627454909819639,"Low type","nu = nu*",,"analytic_frontier"
0.428857715430862,0.62875751503006,"Low type","nu = nu*",,"analytic_frontier"
0.430861723446894,0.630060120240481,"Low type","nu = nu*",,"analytic_frontier"
0.432865731462926,0.631362725450902,"Low type","nu = nu*",,"analytic_frontier"
0.434869739478958,0.632665330661323,"Low type","nu = nu*",,"analytic_frontier"
0.43687374749499,0.633967935871743,"Low type","nu = nu*",,"analytic_frontier"
0.438877755511022,0.635270541082164,"Low type","nu = nu*",,"analytic_frontier"
0.440881763527054,0.636573146292585,"Low type","nu = nu*",,"analytic_frontier"
0.442885771543086,0.637875751503006,"Low type","nu = nu*",,"analytic_frontier"
0.444889779559118,0.639178356713427,"Low type","nu = nu*",,"analytic_frontier"
0.44689378757515,0.640480961923848,"Low type","nu = nu*",,"analytic_frontier"
0.448897795591182,0.641783567134268,"Low type","nu = nu*",,"analytic_frontier"
0.450901803607214,0.643086172344689,"Low type","nu = nu*",,"analytic_frontier"
0.452905811623246,0.64438877755511,"Low type","nu = nu*",,"analytic_frontier"
0.454909819639279,0.645691382765531,"Low type","nu = nu*",,"analytic_frontier"
0.456913827655311,0.646993987975952,"Low type","nu = nu*",,"analytic_frontier"
0.458917835671343,0.648296593186373,"Low type","nu = nu*",,"analytic_frontier"
0.460921843687375,0.649599198396793,"Low type","nu = nu*",,"analytic_frontier"
0.462925851703407,0.650901803607214,"Low type","nu = nu*",,"analytic_frontier"
0.464929859719439,0.652204408817635,"Low type","nu = nu*",,"analytic_frontier"
0.466933867735471,0.653507014028056,"Low type","nu = nu*",,"analytic_frontier"
0.468937875751503,0.654809619238477,"Low type","nu = nu*",,"analytic_frontier"
0.470941883767535,0.656112224448898,"Low type","nu = nu*",,"analytic_frontier"
0.472945891783567,0.657414829659319,"Low type","nu = nu*",,"analytic_frontier"
0.474949899799599,0.65871743486974,"Low type","nu = nu*",,"analytic_frontier"
0.476953907815631,0.66002004008016,"Low type","nu = nu*",,"analytic_frontier"
0.478957915831663,0.661322645290581,"Low type","nu = nu*",,"analytic_frontier"
0.480961923847695,0.662625250501002,"Low type","nu = nu*",,"analytic_frontier"
0.482965931863727,0.663927855711423,"Low type","nu = nu*",,"analytic_frontier"
0.48496993987976,0.665230460921844,"Low type","nu = nu*",,"analytic_frontier"
0.486973947895792,0.666533066132264,"Low type","nu = nu*",,"analytic_frontier"
0.488977955911824,0.667835671342685,"Low type","nu = nu*",,"analytic_frontier"
0.490981963927856,0.669138276553106,"Low type","nu = nu*",,"analytic_frontier"
0.492985971943888,0.670440881763527,"Low type","nu = nu*",,"analytic_frontier"
0.49498997995992,0.671743486973948,"Low type","nu = nu*",,"analytic_frontier"
0.496993987975952,0.673046092184369,"Low type","nu = nu*",,"analytic_frontier"
0.498997995991984,0.67434869739479,"Low type","nu = nu*",,"analytic_frontier"
0.501002004008016,0.67565130260521,"Low type","nu = nu*",,"analytic_frontier"
0.503006012024048,0.676953907815631,"Low type","nu = nu*",,"analytic_frontier"
0.50501002004008,0.678256513026052,"Low type","nu = nu*",,"analytic_frontier"
0.507014028056112,0.679559118236473,"Low type","nu = nu*",,"analytic_frontier"
0.509018036072144,0.680861723446894,"Low type","nu = nu*",,"analytic_frontier"
0.511022044088176,0.682164328657315,"Low type","nu = nu*",,"analytic_frontier"
0.513026052104208,0.683466933867735,"Low type","nu = nu*",,"analytic_frontier"
0.51503006012024,0.684769539078156,"Low type","nu = nu*",,"analytic_frontier"
0.517034068136273,0.686072144288577,"Low type","nu = nu*",,"analytic_frontier"
0.519038076152305,0.687374749498998,"Low type","nu = nu*",,"analytic_frontier"
0.521042084168337,0.688677354709419,"Low type","nu = nu*",,"analytic_frontier"
0.523046092184369,0.68997995991984,"Low type","nu = nu*",,"analytic_frontier"
0.525050100200401,0.69128256513026,"Low type","nu = nu*",,"analytic_frontier"
0.527054108216433,0.692585170340681,"Low type","nu = nu*",,"analytic_frontier"
0.529058116232465,0.693887775551102,"Low type","nu = nu*",,"analytic_frontier"
0.531062124248497,0.695190380761523,"Low type","nu = nu*",,"analytic_frontier"
0.533066132264529,0.696492985971944,"Low type","nu = nu*",,"analytic_frontier"
0.535070140280561,0.697795591182365,"Low type","nu = nu*",,"analytic_frontier"
0.537074148296593,0.699098196392786,"Low type","nu = nu*",,"analytic_frontier"
0.539078156312625,0.700400801603206,"Low type","nu = nu*",,"analytic_frontier"
0.541082164328657,0.701703406813627,"Low type","nu = nu*",,"analytic_frontier"
0.543086172344689,0.703006012024048,"Low type","nu = nu*",,"analytic_frontier"
0.545090180360721,0.704308617234469,"Low type","nu = nu*",,"analytic_frontier"
0.547094188376753,0.70561122244489,"Low type","nu = nu*",,"analytic_frontier"
0.549098196392786,0.706913827655311,"Low type","nu = nu*",,"analytic_frontier"
0.551102204408818,0.708216432865731,"Low type","nu = nu*",,"analytic_frontier"
0.55310621242485,0.709519038076152,"Low type","nu = nu*",,"analytic_frontier"
0.555110220440882,0.710821643286573,"Low type","nu = nu*",,"analytic_frontier"
0.557114228456914,0.712124248496994,"Low type","nu = nu*",,"analytic_frontier"
0.559118236472946,0.713426853707415,"Low type","nu = nu*",,"analytic_frontier"
0.561122244488978,0.714729458917836,"Low type","nu = nu*",,"analytic_frontier"
0.56312625250501,0.716032064128256,"Low type","nu = nu*",,"analytic_frontier"
0.565130260521042,0.717334669338677,"Low type","nu = nu*",,"analytic_frontier"
0.567134268537074,0.718637274549098,"Low type","nu = nu*",,"analytic_frontier"
0.569138276553106,0.719939879759519,"Low type","nu = nu*",,"analytic_frontier"
0.571142284569138,0.72124248496994,"Low type","nu = nu*",,"analytic_frontier"
0.57314629258517,0.722545090180361,"Low type","nu = nu*",,"analytic_frontier"
0.575150300601202,0.723847695390782,"Low type","nu = nu*",,"analytic_frontier"
0.577154308617234,0.725150300601202,"Low type","nu = nu*",,"analytic_frontier"
0.579158316633266,0.726452905811623,"Low type","nu = nu*",,"analytic_frontier"
0.581162324649299,0.727755511022044,"Low type","nu = nu*",,"analytic_frontier"
0.583166332665331,0.729058116232465,"Low type","nu = nu*",,"analytic_frontier"
0.585170340681363,0.730360721442886,"Low type","nu = nu*",,"analytic_frontier"
0.587174348697395,0.731663326653307,"Low type","nu = nu*",,"analytic_frontier"
0.589178356713427,0.732965931863727,"Low type","nu = nu*",,"analytic_frontier"
0.591182364729459,0.734268537074148,"Low type","nu = nu*",,"analytic_frontier"
0.593186372745491,0.735571142284569,"Low type","nu = nu*",,"analytic_frontier"
0.595190380761523,0.73687374749499,"Low type","nu = nu*",,"analytic_frontier"
0.597194388777555,0.738176352705411,"Low type","nu = nu*",,"analytic_frontier"
0.599198396793587,0.739478957915832,"Low type","nu = nu*",,"analytic_frontier"
0.601202404809619,0.740781563126252,"Low type","nu = nu*",,"analytic_frontier"
0.603206412825651,0.742084168336673,"Low type","nu = nu*",,"analytic_frontier"
0.605210420841683,0.743386773547094,"Low type","nu = nu*",,"analytic_frontier"
0.607214428857715,0.744689378757515,"Low type","nu = nu*",,"analytic_frontier"
0.609218436873747,0.745991983967936,"Low type","nu = nu*",,"analytic_frontier"
0.61122244488978,0.747294589178357,"Low type","nu = nu*",,"analytic_frontier"
0.613226452905812,0.748597194388777,"Low type","nu = nu*",,"analytic_frontier"
0.615230460921844,0.749899799599198,"Low type","nu = nu*",,"analytic_frontier"
0.617234468937876,0.751202404809619,"Low type","nu = nu*",,"analytic_frontier"
0.619238476953908,0.75250501002004,"Low type","nu = nu*",,"analytic_frontier"
0.62124248496994,0.753807615230461,"Low type","nu = nu*",,"analytic_frontier"
0.623246492985972,0.755110220440882,"Low type","nu = nu*",,"analytic_frontier"
0.625250501002004,0.756412825651303,"Low type","nu = nu*",,"analytic_frontier"
0.627254509018036,0.757715430861723,"Low type","nu = nu*",,"analytic_frontier"
0.629258517034068,0.759018036072144,"Low type","nu = nu*",,"analytic_frontier"
0.6312625250501,0.760320641282565,"Low type","nu = nu*",,"analytic_frontier"
0.633266533066132,0.761623246492986,"Low type","nu = nu*",,"analytic_frontier"
0.635270541082164,0.762925851703407,"Low type","nu = nu*",,"analytic_frontier"
0.637274549098196,0.764228456913828,"Low type","nu = nu*",,"analytic_frontier"
0.639278557114228,0.765531062124248,"Low type","nu = nu*",,"analytic_frontier"
0.64128256513026,0.766833667334669,"Low type","nu = nu*",,"analytic_frontier"
0.643286573146293,0.76813627254509,"Low type","nu = nu*",,"analytic_frontier"
0.645290581162325,0.769438877755511,"Low type","nu = nu*",,"analytic_frontier"
0.647294589178357,0.770741482965932,"Low type","nu = nu*",,"analytic_frontier"
0.649298597194389,0.772044088176353,"Low type","nu = nu*",,"analytic_frontier"
0.651302605210421,0.773346693386774,"Low type","nu = nu*",,"analytic_frontier"
0.653306613226453,0.774649298597194,"Low type","nu = nu*",,"analytic_frontier"
0.655310621242485,0.775951903807615,"Low type","nu = nu*",,"analytic_frontier"
0.657314629258517,0.777254509018036,"Low type","nu = nu*",,"analytic_frontier"
0.659318637274549,0.778557114228457,"Low type","nu = nu*",,"analytic_frontier"
0.661322645290581,0.779859719438878,"Low type","nu = nu*",,"analytic_frontier"
0.663326653306613,0.781162324649299,"Low type","nu = nu*",,"analytic_frontier"
0.665330661322645,0.78246492985972,"Low type","nu = nu*",,"analytic_frontier"
0.667334669338677,0.78376753507014,"Low type","nu = nu*",,"analytic_frontier"
0.669338677354709,0.785070140280561,"Low type","nu = nu*",,"analytic_frontier"
0.671342685370741,0.786372745490982,"Low type","nu = nu*",,"analytic_frontier"
0.673346693386773,0.787675350701403,"Low type","nu = nu*",,"analytic_frontier"
0.675350701402806,0.788977955911824,"Low type","nu = nu*",,"analytic_frontier"
0.677354709418838,0.790280561122244,"Low type","nu = nu*",,"analytic_frontier"
0.67935871743487,0.791583166332665,"Low type","nu = nu*",,"analytic_frontier"
0.681362725450902,0.792885771543086,"Low type","nu = nu*",,"analytic_frontier"
0.683366733466934,0.794188376753507,"Low type","nu = nu*",,"analytic_frontier"
0.685370741482966,0.795490981963928,"Low type","nu = nu*",,"analytic_frontier"
0.687374749498998,0.796793587174349,"Low type","nu = nu*",,"analytic_frontier"
0.68937875751503,0.79809619238477,"Low type","nu = nu*",,"analytic_frontier"
0.691382765531062,0.79939879759519,"Low type","nu = nu*",,"analytic_frontier"
0.693386773547094,0.800701402805611,"Low type","nu = nu*",,"analytic_frontier"
0.695390781563126,0.802004008016032,"Low type","nu = nu*",,"analytic_frontier"
0.697394789579158,0.803306613226453,"Low type","nu = nu*",,"analytic_frontier"
0.69939879759519,0.804609218436874,"Low type","nu = nu*",,"analytic_frontier"
0.701402805611222,0.805911823647295,"Low type","nu = nu*",,"analytic_frontier"
0.703406813627254,0.807214428857715,"Low type","nu = nu*",,"analytic_frontier"
0.705410821643287,0.808517034068136,"Low type","nu = nu*",,"analytic_frontier"
0.707414829659319,0.809819639278557,"Low type","nu = nu*",,"analytic_frontier"
0.709418837675351,0.811122244488978,"Low type","nu = nu*",,"analytic_frontier"
0.711422845691383,0.812424849699399,"Low type","nu = nu*",,"analytic_frontier"
0.713426853707415,0.81372745490982,"Low type","nu = nu*",,"analytic_frontier"
0.715430861723447,0.81503006012024,"Low type","nu = nu*",,"analytic_frontier"
0.717434869739479,0.816332665330661,"Low type","nu = nu*",,"analytic_frontier"
0.719438877755511,0.817635270541082,"Low type","nu = nu*",,"analytic_frontier"
0.721442885771543,0.818937875751503,"Low type","nu = nu*",,"analytic_frontier"
0.723446893787575,0.820240480961924,"Low type","nu = nu*",,"analytic_frontier"
0.725450901803607,0.821543086172345,"Low type","nu = nu*",,"analytic_frontier"
0.727454909819639,0.822845691382766,"Low type","nu = nu*",,"analytic_frontier"
0.729458917835671,0.824148296593186,"Low type","nu = nu*",,"analytic_frontier"
0.731462925851703,0.825450901803607,"Low type","nu = nu*",,"analytic_frontier"
0.733466933867735,0.826753507014028,"Low type","nu = nu*",,"analytic_frontier"
0.735470941883767,0.828056112224449,"Low type","nu = nu*",,"analytic_frontier"
0.7374749498998,0.82935871743487,"Low type","nu = nu*",,"analytic_frontier"
0.739478957915832,0.830661322645291,"Low type","nu = nu*",,"analytic_frontier"
0.741482965931864,0.831963927855711,"Low type","nu = nu*",,"analytic_frontier"
0.743486973947896,0.833266533066132,"Low type","nu = nu*",,"analytic_frontier"
0.745490981963928,0.834569138276553,"Low type","nu = nu*",,"analytic_frontier"
0.74749498997996,0.835871743486974,"Low type","nu = nu*",,"analytic_frontier"
0.749498997995992,0.837174348697395,"Low type","nu = nu*",,"analytic_frontier"
0.751503006012024,0.838476953907816,"Low type","nu = nu*",,"analytic_frontier"
0.753507014028056,0.839779559118236,"Low type","nu = nu*",,"analytic_frontier"
0.755511022044088,0.841082164328657,"Low type","nu = nu*",,"analytic_frontier"
0.75751503006012,0.842384769539078,"Low type","nu = nu*",,"analytic_frontier"
0.759519038076152,0.843687374749499,"Low type","nu = nu*",,"analytic_frontier"
0.761523046092184,0.84498997995992,"Low type","nu = nu*",,"analytic_frontier"
0.763527054108216,0.846292585170341,"Low type","nu = nu*",,"analytic_frontier"
0.765531062124248,0.847595190380761,"Low type","nu = nu*",,"analytic_frontier"
0.76753507014028,0.848897795591182,"Low type","nu = nu*",,"analytic_frontier"
0.769539078156313,0.850200400801603,"Low type","nu = nu*",,"analytic_frontier"
0.771543086172345,0.851503006012024,"Low type","nu = nu*",,"analytic_frontier"
0.773547094188377,0.852805611222445,"Low type","nu = nu*",,"analytic_frontier"
0.775551102204409,0.854108216432866,"Low type","nu = nu*",,"analytic_frontier"
0.777555110220441,0.855410821643287,"Low type","nu = nu*",,"analytic_frontier"
0.779559118236473,0.856713426853707,"Low type","nu = nu*",,"analytic_frontier"
0.781563126252505,0.858016032064128,"Low type","nu = nu*",,"analytic_frontier"
0.783567134268537,0.859318637274549,"Low type","nu = nu*",,"analytic_frontier"
0.785571142284569,0.86062124248497,"Low type","nu = nu*",,"analytic_frontier"
0.787575150300601,0.861923847695391,"Low type","nu = nu*",,"analytic_frontier"
0.789579158316633,0.863226452905812,"Low type","nu = nu*",,"analytic_frontier"
0.791583166332665,0.864529058116232,"Low type","nu = nu*",,"analytic_frontier"
0.793587174348697,0.865831663326653,"Low type","nu = nu*",,"analytic_frontier"
0.795591182364729,0.867134268537074,"Low type","nu = nu*",,"analytic_frontier"
0.797595190380761,0.868436873747495,"Low type","nu = nu*",,"analytic_frontier"
0.799599198396793,0.869739478957916,"Low type","nu = nu*",,"analytic_frontier"
0.801603206412826,0.871042084168337,"Low type","nu = nu*",,"analytic_frontier"
0.803607214428858,0.872344689378757,"Low type","nu = nu*",,"analytic_frontier"
0.80561122244489,0.873647294589178,"Low type","nu = nu*",,"analytic_frontier"
0.807615230460922,0.874949899799599,"Low type","nu = nu*",,"analytic_frontier"
0.809619238476954,0.87625250501002,"Low type","nu = nu*",,"analytic_frontier"
0.811623246492986,0.877555110220441,"Low type","nu = nu*",,"analytic_frontier"
0.813627254509018,0.878857715430862,"Low type","nu = nu*",,"analytic_frontier"
0.81563126252505,0.880160320641282,"Low type","nu = nu*",,"analytic_frontier"
0.817635270541082,0.881462925851703,"Low type","nu = nu*",,"analytic_frontier"
0.819639278557114,0.882765531062124,"Low type","nu = nu*",,"analytic_frontier"
0.821643286573146,0.884068136272545,"Low type","nu = nu*",,"analytic_frontier"
0.823647294589178,0.885370741482966,"Low type","nu = nu*",,"analytic_frontier"
0.82565130260521,0.886673346693387,"Low type","nu = nu*",,"analytic_frontier"
0.827655310621242,0.887975951903808,"Low type","nu = nu*",,"analytic_frontier"
0.829659318637274,0.889278557114228,"Low type","nu = nu*",,"analytic_frontier"
0.831663326653307,0.890581162324649,"Low type","nu = nu*",,"analytic_frontier"
0.833667334669339,0.89188376753507,"Low type","nu = nu*",,"analytic_frontier"
0.835671342685371,0.893186372745491,"Low type","nu = nu*",,"analytic_frontier"
0.837675350701403,0.894488977955912,"Low type","nu = nu*",,"analytic_frontier"
0.839679358717435,0.895791583166333,"Low type","nu = nu*",,"analytic_frontier"
0.841683366733467,0.897094188376753,"Low type","nu = nu*",,"analytic_frontier"
0.843687374749499,0.898396793587174,"Low type","nu = nu*",,"analytic_frontier"
0.845691382765531,0.899699398797595,"Low type","nu = nu*",,"analytic_frontier"
0.847695390781563,0.901002004008016,"Low type","nu = nu*",,"analytic_frontier"
0.849699398797595,0.902304609218437,"Low type","nu = nu*",,"analytic_frontier"
0.851703406813627,0.903607214428858,"Low type","nu = nu*",,"analytic_frontier"
0.853707414829659,0.904909819639279,"Low type","nu = nu*",,"analytic_frontier"
0.855711422845691,0.906212424849699,"Low type","nu = nu*",,"analytic_frontier"
0.857715430861723,0.90751503006012,"Low type","nu = nu*",,"analytic_frontier"
0.859719438877755,0.908817635270541,"Low type","nu = nu*",,"analytic_frontier"
0.861723446893788,0.910120240480962,"Low type","nu = nu*",,"analytic_frontier"
0.86372745490982,0.911422845691383,"Low type","nu = nu*",,"analytic_frontier"
0.865731462925852,0.912725450901804,"Low type","nu = nu*",,"analytic_frontier"
0.867735470941884,0.914028056112224,"Low type","nu = nu*",,"analytic_frontier"
0.869739478957916,0.915330661322645,"Low type","nu = nu*",,"analytic_frontier"
0.871743486973948,0.916633266533066,"Low type","nu = nu*",,"analytic_frontier"
0.87374749498998,0.917935871743487,"Low type","nu = nu*",,"analytic_frontier"
0.875751503006012,0.919238476953908,"Low type","nu = nu*",,"analytic_frontier"
0.877755511022044,0.920541082164329,"Low type","nu = nu*",,"analytic_frontier"
0.879759519038076,0.921843687374749,"Low type","nu = nu*",,"analytic_frontier"
0.881763527054108,0.92314629258517,"Low type","nu = nu*",,"analytic_frontier"
0.88376753507014,0.924448897795591,"Low type","nu = nu*",,"analytic_frontier"
0.885771543086172,0.925751503006012,"Low type","nu = nu*",,"analytic_frontier"
0.887775551102204,0.927054108216433,"Low type","nu = nu*",,"analytic_frontier"
0.889779559118236,0.928356713426854,"Low type","nu = nu*",,"analytic_frontier"
0.891783567134268,0.929659318637274,"Low type","nu = nu*",,"analytic_frontier"
0.8937875751503,0.930961923847695,"Low type","nu = nu*",,"analytic_frontier"
0.895791583166333,0.932264529058116,"Low type","nu = nu*",,"analytic_frontier"
0.897795591182365,0.933567134268537,"Low type","nu = nu*",,"analytic_frontier"
0.899799599198397,0.934869739478958,"Low type","nu = nu*",,"analytic_frontier"
0.901803607214429,0.936172344689379,"Low type","nu = nu*",,"analytic_frontier"
0.903807615230461,0.9374749498998,"Low type","nu = nu*",,"analytic_frontier"
0.905811623246493,0.93877755511022,"Low type","nu = nu*",,"analytic_frontier"
0.907815631262525,0.940080160320641,"Low type","nu = nu*",,"analytic_frontier"
0.909819639278557,0.941382765531062,"Low type","nu = nu*",,"analytic_frontier"
0.911823647294589,0.942685370741483,"Low type","nu = nu*",,"analytic_frontier"
0.913827655310621,0.943987975951904,"Low type","nu = nu*",,"analytic_frontier"
0.915831663326653,0.945290581162325,"Low type","nu = nu*",,"analytic_frontier"
0.917835671342685,0.946593186372745,"Low type","nu = nu*",,"analytic_frontier"
0.919839679358717,0.947895791583166,"Low type","nu = nu*",,"analytic_frontier"
0.921843687374749,0.949198396793587,"Low type","nu = nu*",,"analytic_frontier"
0.923847695390781,0.950501002004008,"Low type","nu = nu*",,"analytic_frontier"
0.925851703406814,0.951803607214429,"Low type","nu = nu*",,"analytic_frontier"
0.927855711422846,0.95310621242485,"Low type","nu = nu*",,"analytic_frontier"
0.929859719438878,0.95440881763527,"Low type","nu = nu*",,"analytic_frontier"
0.93186372745491,0.955711422845691,"Low type","nu = nu*",,"analytic_frontier"
0.933867735470942,0.957014028056112,"Low type","nu = nu*",,"analytic_frontier"
0.935871743486974,0.958316633266533,"Low type","nu = nu*",,"analytic_frontier"
0.937875751503006,0.959619238476954,"Low type","nu = nu*",,"analytic_frontier"
0.939879759519038,0.960921843687375,"Low type","nu = nu*",,"analytic_frontier"
0.94188376753507,0.962224448897796,"Low type","nu = nu*",,"analytic_frontier"
0.943887775551102,0.963527054108216,"Low type","nu = nu*",,"analytic_frontier"
0.945891783567134,0.964829659318637,"Low type","nu = nu*",,"analytic_frontier"
0.947895791583166,0.966132264529058,"Low type","nu = nu*",,"analytic_frontier"
0.949899799599198,0.967434869739479,"Low type","nu = nu*",,"analytic_frontier"
0.95190380761523,0.9687374749499,"Low type","nu = nu*",,"analytic_frontier"
0.953907815631262,0.970040080160321,"Low type","nu = nu*",,"analytic_frontier"
0.955911823647295,0.971342685370741,"Low type","nu = nu*",,"analytic_frontier"
0.957915831663327,0.972645290581162,"Low type","nu = nu*",,"analytic_frontier"
0.959919839679359,0.973947895791583,"Low type","nu = nu*",,"analytic_frontier"
0.961923847695391,0.975250501002004,"Low type","nu = nu*",,"analytic_frontier"
0.963927855711423,0.976553106212425,"Low type","nu = nu*",,"analytic_frontier"
0.965931863727455,0.977855711422846,"Low type","nu = nu*",,"analytic_frontier"
0.967935871743487,0.979158316633266,"Low type","nu = nu*",,"analytic_frontier"
0.969939879759519,0.980460921843687,"Low type","nu = nu*",,"analytic_frontier"
0.971943887775551,0.981763527054108,"Low type","nu = nu*",,"analytic_frontier"
0.973947895791583,0.983066132264529,"Low type","nu = nu*",,"analytic_frontier"
0.975951903807615,0.98436873747495,"Low type","nu = nu*",,"analytic_frontier"
0.977955911823647,0.985671342685371,"Low type","nu = nu*",,"analytic_frontier"
0.979959919839679,0.986973947895792,"Low type","nu = nu*",,"analytic_frontier"
0.981963927855711,0.988276553106212,"Low type","nu = nu*",,"analytic_frontier"
0.983967935871743,0.989579158316633,"Low type","nu = nu*",,"analytic_frontier"
0.985971943887775,0.990881763527054,"Low type","nu = nu*",,"analytic_frontier"
0.987975951903807,0.992184368737475,"Low type","nu = nu*",,"analytic_frontier"
0.98997995991984,0.993486973947896,"Low type","nu = nu*",,"analytic_frontier"
0.991983967935872,0.994789579158317,"Low type","nu = nu*",,"analytic_frontier"
0.993987975951904,0.996092184368737,"Low type","nu = nu*",,"analytic_frontier"
0.995991983967936,0.997394789579158,"Low type","nu = nu*",,"analytic_frontier"
0.997995991983968,0.998697394789579,"Low type","nu = nu*",,"analytic_frontier"
1,1,"Low type","nu = nu*",,"analytic_frontier"
0,0.213888888888889,"Low type","nu = nu_SP",,"analytic_frontier"
0.00200400801603206,0.21519149409931,"Low type","nu = nu_SP",,"analytic_frontier"
0.00400801603206413,0.216494099309731,"Low type","nu = nu_SP",,"analytic_frontier"
0.00601202404809619,0.217796704520151,"Low type","nu = nu_SP",,"analytic_frontier"
0.00801603206412826,0.219099309730572,"Low type","nu = nu_SP",,"analytic_frontier"
0.0100200400801603,0.220401914940993,"Low type","nu = nu_SP",,"analytic_frontier"
0.0120240480961924,0.221704520151414,"Low type","nu = nu_SP",,"analytic_frontier"
0.0140280561122244,0.223007125361835,"Low type","nu = nu_SP",,"analytic_frontier"
0.0160320641282565,0.224309730572256,"Low type","nu = nu_SP",,"analytic_frontier"
0.0180360721442886,0.225612335782676,"Low type","nu = nu_SP",,"analytic_frontier"
0.0200400801603206,0.226914940993097,"Low type","nu = nu_SP",,"analytic_frontier"
0.0220440881763527,0.228217546203518,"Low type","nu = nu_SP",,"analytic_frontier"
0.0240480961923848,0.229520151413939,"Low type","nu = nu_SP",,"analytic_frontier"
0.0260521042084168,0.23082275662436,"Low type","nu = nu_SP",,"analytic_frontier"
0.0280561122244489,0.232125361834781,"Low type","nu = nu_SP",,"analytic_frontier"
0.030060120240481,0.233427967045201,"Low type","nu = nu_SP",,"analytic_frontier"
0.032064128256513,0.234730572255622,"Low type","nu = nu_SP",,"analytic_frontier"
0.0340681362725451,0.236033177466043,"Low type","nu = nu_SP",,"analytic_frontier"
0.0360721442885771,0.237335782676464,"Low type","nu = nu_SP",,"analytic_frontier"
0.0380761523046092,0.238638387886885,"Low type","nu = nu_SP",,"analytic_frontier"
0.0400801603206413,0.239940993097306,"Low type","nu = nu_SP",,"analytic_frontier"
0.0420841683366733,0.241243598307727,"Low type","nu = nu_SP",,"analytic_frontier"
0.0440881763527054,0.242546203518147,"Low type","nu = nu_SP",,"analytic_frontier"
0.0460921843687375,0.243848808728568,"Low type","nu = nu_SP",,"analytic_frontier"
0.0480961923847695,0.245151413938989,"Low type","nu = nu_SP",,"analytic_frontier"
0.0501002004008016,0.24645401914941,"Low type","nu = nu_SP",,"analytic_frontier"
0.0521042084168337,0.247756624359831,"Low type","nu = nu_SP",,"analytic_frontier"
0.0541082164328657,0.249059229570252,"Low type","nu = nu_SP",,"analytic_frontier"
0.0555555555555556,0.25,"Low type","nu = nu_SE",,"analytic_frontier"
0.0555555555555556,1,"Low type","nu = nu_SE",,"analytic_frontier"
0,0.25,"Low type","o1 = 1/m",,"analytic_frontier"
0.25,0.25,"Low type","o0 = 1/m",,"analytic_frontier"
0.25,1,"Low type","o0 = 1/m",,"analytic_frontier"
0,0,"Low type","o0 = beta o1",,"analytic_frontier"
0.00180360721442886,0.00200400801603206,"Low type","o0 = beta o1",,"analytic_frontier"
0.00360721442885772,0.00400801603206413,"Low type","o0 = beta o1",,"analytic_frontier"
0.00541082164328657,0.00601202404809619,"Low type","o0 = beta o1",,"analytic_frontier"
0.00721442885771543,0.00801603206412826,"Low type","o0 = beta o1",,"analytic_frontier"
0.00901803607214429,0.0100200400801603,"Low type","o0 = beta o1",,"analytic_frontier"
0.0108216432865731,0.0120240480961924,"Low type","o0 = beta o1",,"analytic_frontier"
0.012625250501002,0.0140280561122244,"Low type","o0 = beta o1",,"analytic_frontier"
0.0144288577154309,0.0160320641282565,"Low type","o0 = beta o1",,"analytic_frontier"
0.0162324649298597,0.0180360721442886,"Low type","o0 = beta o1",,"analytic_frontier"
0.0180360721442886,0.0200400801603206,"Low type","o0 = beta o1",,"analytic_frontier"
0.0198396793587174,0.0220440881763527,"Low type","o0 = beta o1",,"analytic_frontier"
0.0216432865731463,0.0240480961923848,"Low type","o0 = beta o1",,"analytic_frontier"
0.0234468937875752,0.0260521042084168,"Low type","o0 = beta o1",,"analytic_frontier"
0.025250501002004,0.0280561122244489,"Low type","o0 = beta o1",,"analytic_frontier"
0.0270541082164329,0.030060120240481,"Low type","o0 = beta o1",,"analytic_frontier"
0.0288577154308617,0.032064128256513,"Low type","o0 = beta o1",,"analytic_frontier"
0.0306613226452906,0.0340681362725451,"Low type","o0 = beta o1",,"analytic_frontier"
0.0324649298597194,0.0360721442885771,"Low type","o0 = beta o1",,"analytic_frontier"
0.0342685370741483,0.0380761523046092,"Low type","o0 = beta o1",,"analytic_frontier"
0.0360721442885772,0.0400801603206413,"Low type","o0 = beta o1",,"analytic_frontier"
0.037875751503006,0.0420841683366733,"Low type","o0 = beta o1",,"analytic_frontier"
0.0396793587174349,0.0440881763527054,"Low type","o0 = beta o1",,"analytic_frontier"
0.0414829659318637,0.0460921843687375,"Low type","o0 = beta o1",,"analytic_frontier"
0.0432865731462926,0.0480961923847695,"Low type","o0 = beta o1",,"analytic_frontier"
0.0450901803607214,0.0501002004008016,"Low type","o0 = beta o1",,"analytic_frontier"
0.0468937875751503,0.0521042084168337,"Low type","o0 = beta o1",,"analytic_frontier"
0.0486973947895792,0.0541082164328657,"Low type","o0 = beta o1",,"analytic_frontier"
0.050501002004008,0.0561122244488978,"Low type","o0 = beta o1",,"analytic_frontier"
0.0523046092184369,0.0581162324649299,"Low type","o0 = beta o1",,"analytic_frontier"
0.0541082164328657,0.0601202404809619,"Low type","o0 = beta o1",,"analytic_frontier"
0.0559118236472946,0.062124248496994,"Low type","o0 = beta o1",,"analytic_frontier"
0.0577154308617234,0.064128256513026,"Low type","o0 = beta o1",,"analytic_frontier"
0.0595190380761523,0.0661322645290581,"Low type","o0 = beta o1",,"analytic_frontier"
0.0613226452905812,0.0681362725450902,"Low type","o0 = beta o1",,"analytic_frontier"
0.06312625250501,0.0701402805611222,"Low type","o0 = beta o1",,"analytic_frontier"
0.0649298597194389,0.0721442885771543,"Low type","o0 = beta o1",,"analytic_frontier"
0.0667334669338677,0.0741482965931864,"Low type","o0 = beta o1",,"analytic_frontier"
0.0685370741482966,0.0761523046092184,"Low type","o0 = beta o1",,"analytic_frontier"
0.0703406813627254,0.0781563126252505,"Low type","o0 = beta o1",,"analytic_frontier"
0.0721442885771543,0.0801603206412826,"Low type","o0 = beta o1",,"analytic_frontier"
0.0739478957915832,0.0821643286573146,"Low type","o0 = beta o1",,"analytic_frontier"
0.075751503006012,0.0841683366733467,"Low type","o0 = beta o1",,"analytic_frontier"
0.0775551102204409,0.0861723446893787,"Low type","o0 = beta o1",,"analytic_frontier"
0.0793587174348697,0.0881763527054108,"Low type","o0 = beta o1",,"analytic_frontier"
0.0811623246492986,0.0901803607214429,"Low type","o0 = beta o1",,"analytic_frontier"
0.0829659318637275,0.092184368737475,"Low type","o0 = beta o1",,"analytic_frontier"
0.0847695390781563,0.094188376753507,"Low type","o0 = beta o1",,"analytic_frontier"
0.0865731462925852,0.0961923847695391,"Low type","o0 = beta o1",,"analytic_frontier"
0.088376753507014,0.0981963927855711,"Low type","o0 = beta o1",,"analytic_frontier"
0.0901803607214429,0.100200400801603,"Low type","o0 = beta o1",,"analytic_frontier"
0.0919839679358717,0.102204408817635,"Low type","o0 = beta o1",,"analytic_frontier"
0.0937875751503006,0.104208416833667,"Low type","o0 = beta o1",,"analytic_frontier"
0.0955911823647295,0.106212424849699,"Low type","o0 = beta o1",,"analytic_frontier"
0.0973947895791583,0.108216432865731,"Low type","o0 = beta o1",,"analytic_frontier"
0.0991983967935872,0.110220440881764,"Low type","o0 = beta o1",,"analytic_frontier"
0.101002004008016,0.112224448897796,"Low type","o0 = beta o1",,"analytic_frontier"
0.102805611222445,0.114228456913828,"Low type","o0 = beta o1",,"analytic_frontier"
0.104609218436874,0.11623246492986,"Low type","o0 = beta o1",,"analytic_frontier"
0.106412825651303,0.118236472945892,"Low type","o0 = beta o1",,"analytic_frontier"
0.108216432865731,0.120240480961924,"Low type","o0 = beta o1",,"analytic_frontier"
0.11002004008016,0.122244488977956,"Low type","o0 = beta o1",,"analytic_frontier"
0.111823647294589,0.124248496993988,"Low type","o0 = beta o1",,"analytic_frontier"
0.113627254509018,0.12625250501002,"Low type","o0 = beta o1",,"analytic_frontier"
0.115430861723447,0.128256513026052,"Low type","o0 = beta o1",,"analytic_frontier"
0.117234468937876,0.130260521042084,"Low type","o0 = beta o1",,"analytic_frontier"
0.119038076152305,0.132264529058116,"Low type","o0 = beta o1",,"analytic_frontier"
0.120841683366733,0.134268537074148,"Low type","o0 = beta o1",,"analytic_frontier"
0.122645290581162,0.13627254509018,"Low type","o0 = beta o1",,"analytic_frontier"
0.124448897795591,0.138276553106212,"Low type","o0 = beta o1",,"analytic_frontier"
0.12625250501002,0.140280561122244,"Low type","o0 = beta o1",,"analytic_frontier"
0.128056112224449,0.142284569138277,"Low type","o0 = beta o1",,"analytic_frontier"
0.129859719438878,0.144288577154309,"Low type","o0 = beta o1",,"analytic_frontier"
0.131663326653307,0.146292585170341,"Low type","o0 = beta o1",,"analytic_frontier"
0.133466933867735,0.148296593186373,"Low type","o0 = beta o1",,"analytic_frontier"
0.135270541082164,0.150300601202405,"Low type","o0 = beta o1",,"analytic_frontier"
0.137074148296593,0.152304609218437,"Low type","o0 = beta o1",,"analytic_frontier"
0.138877755511022,0.154308617234469,"Low type","o0 = beta o1",,"analytic_frontier"
0.140681362725451,0.156312625250501,"Low type","o0 = beta o1",,"analytic_frontier"
0.14248496993988,0.158316633266533,"Low type","o0 = beta o1",,"analytic_frontier"
0.144288577154309,0.160320641282565,"Low type","o0 = beta o1",,"analytic_frontier"
0.146092184368737,0.162324649298597,"Low type","o0 = beta o1",,"analytic_frontier"
0.147895791583166,0.164328657314629,"Low type","o0 = beta o1",,"analytic_frontier"
0.149699398797595,0.166332665330661,"Low type","o0 = beta o1",,"analytic_frontier"
0.151503006012024,0.168336673346693,"Low type","o0 = beta o1",,"analytic_frontier"
0.153306613226453,0.170340681362725,"Low type","o0 = beta o1",,"analytic_frontier"
0.155110220440882,0.172344689378757,"Low type","o0 = beta o1",,"analytic_frontier"
0.156913827655311,0.17434869739479,"Low type","o0 = beta o1",,"analytic_frontier"
0.158717434869739,0.176352705410822,"Low type","o0 = beta o1",,"analytic_frontier"
0.160521042084168,0.178356713426854,"Low type","o0 = beta o1",,"analytic_frontier"
0.162324649298597,0.180360721442886,"Low type","o0 = beta o1",,"analytic_frontier"
0.164128256513026,0.182364729458918,"Low type","o0 = beta o1",,"analytic_frontier"
0.165931863727455,0.18436873747495,"Low type","o0 = beta o1",,"analytic_frontier"
0.167735470941884,0.186372745490982,"Low type","o0 = beta o1",,"analytic_frontier"
0.169539078156313,0.188376753507014,"Low type","o0 = beta o1",,"analytic_frontier"
0.171342685370741,0.190380761523046,"Low type","o0 = beta o1",,"analytic_frontier"
0.17314629258517,0.192384769539078,"Low type","o0 = beta o1",,"analytic_frontier"
0.174949899799599,0.19438877755511,"Low type","o0 = beta o1",,"analytic_frontier"
0.176753507014028,0.196392785571142,"Low type","o0 = beta o1",,"analytic_frontier"
0.178557114228457,0.198396793587174,"Low type","o0 = beta o1",,"analytic_frontier"
0.180360721442886,0.200400801603206,"Low type","o0 = beta o1",,"analytic_frontier"
0.182164328657315,0.202404809619238,"Low type","o0 = beta o1",,"analytic_frontier"
0.183967935871743,0.204408817635271,"Low type","o0 = beta o1",,"analytic_frontier"
0.185771543086172,0.206412825651303,"Low type","o0 = beta o1",,"analytic_frontier"
0.187575150300601,0.208416833667335,"Low type","o0 = beta o1",,"analytic_frontier"
0.18937875751503,0.210420841683367,"Low type","o0 = beta o1",,"analytic_frontier"
0.191182364729459,0.212424849699399,"Low type","o0 = beta o1",,"analytic_frontier"
0.192985971943888,0.214428857715431,"Low type","o0 = beta o1",,"analytic_frontier"
0.194789579158317,0.216432865731463,"Low type","o0 = beta o1",,"analytic_frontier"
0.196593186372745,0.218436873747495,"Low type","o0 = beta o1",,"analytic_frontier"
0.198396793587174,0.220440881763527,"Low type","o0 = beta o1",,"analytic_frontier"
0.200200400801603,0.222444889779559,"Low type","o0 = beta o1",,"analytic_frontier"
0.202004008016032,0.224448897795591,"Low type","o0 = beta o1",,"analytic_frontier"
0.203807615230461,0.226452905811623,"Low type","o0 = beta o1",,"analytic_frontier"
0.20561122244489,0.228456913827655,"Low type","o0 = beta o1",,"analytic_frontier"
0.207414829659319,0.230460921843687,"Low type","o0 = beta o1",,"analytic_frontier"
0.209218436873747,0.232464929859719,"Low type","o0 = beta o1",,"analytic_frontier"
0.211022044088176,0.234468937875751,"Low type","o0 = beta o1",,"analytic_frontier"
0.212825651302605,0.236472945891784,"Low type","o0 = beta o1",,"analytic_frontier"
0.214629258517034,0.238476953907816,"Low type","o0 = beta o1",,"analytic_frontier"
0.216432865731463,0.240480961923848,"Low type","o0 = beta o1",,"analytic_frontier"
0.218236472945892,0.24248496993988,"Low type","o0 = beta o1",,"analytic_frontier"
0.220040080160321,0.244488977955912,"Low type","o0 = beta o1",,"analytic_frontier"
0.221843687374749,0.246492985971944,"Low type","o0 = beta o1",,"analytic_frontier"
0.223647294589178,0.248496993987976,"Low type","o0 = beta o1",,"analytic_frontier"
0.225450901803607,0.250501002004008,"Low type","o0 = beta o1",,"analytic_frontier"
0.227254509018036,0.25250501002004,"Low type","o0 = beta o1",,"analytic_frontier"
0.229058116232465,0.254509018036072,"Low type","o0 = beta o1",,"analytic_frontier"
0.230861723446894,0.256513026052104,"Low type","o0 = beta o1",,"analytic_frontier"
0.232665330661323,0.258517034068136,"Low type","o0 = beta o1",,"analytic_frontier"
0.234468937875751,0.260521042084168,"Low type","o0 = beta o1",,"analytic_frontier"
0.23627254509018,0.2625250501002,"Low type","o0 = beta o1",,"analytic_frontier"
0.238076152304609,0.264529058116232,"Low type","o0 = beta o1",,"analytic_frontier"
0.239879759519038,0.266533066132265,"Low type","o0 = beta o1",,"analytic_frontier"
0.241683366733467,0.268537074148297,"Low type","o0 = beta o1",,"analytic_frontier"
0.243486973947896,0.270541082164329,"Low type","o0 = beta o1",,"analytic_frontier"
0.245290581162325,0.272545090180361,"Low type","o0 = beta o1",,"analytic_frontier"
0.247094188376754,0.274549098196393,"Low type","o0 = beta o1",,"analytic_frontier"
0.248897795591182,0.276553106212425,"Low type","o0 = beta o1",,"analytic_frontier"
0.250701402805611,0.278557114228457,"Low type","o0 = beta o1",,"analytic_frontier"
0.25250501002004,0.280561122244489,"Low type","o0 = beta o1",,"analytic_frontier"
0.254308617234469,0.282565130260521,"Low type","o0 = beta o1",,"analytic_frontier"
0.256112224448898,0.284569138276553,"Low type","o0 = beta o1",,"analytic_frontier"
0.257915831663327,0.286573146292585,"Low type","o0 = beta o1",,"analytic_frontier"
0.259719438877756,0.288577154308617,"Low type","o0 = beta o1",,"analytic_frontier"
0.261523046092184,0.290581162324649,"Low type","o0 = beta o1",,"analytic_frontier"
0.263326653306613,0.292585170340681,"Low type","o0 = beta o1",,"analytic_frontier"
0.265130260521042,0.294589178356713,"Low type","o0 = beta o1",,"analytic_frontier"
0.266933867735471,0.296593186372745,"Low type","o0 = beta o1",,"analytic_frontier"
0.2687374749499,0.298597194388778,"Low type","o0 = beta o1",,"analytic_frontier"
0.270541082164329,0.30060120240481,"Low type","o0 = beta o1",,"analytic_frontier"
0.272344689378757,0.302605210420842,"Low type","o0 = beta o1",,"analytic_frontier"
0.274148296593186,0.304609218436874,"Low type","o0 = beta o1",,"analytic_frontier"
0.275951903807615,0.306613226452906,"Low type","o0 = beta o1",,"analytic_frontier"
0.277755511022044,0.308617234468938,"Low type","o0 = beta o1",,"analytic_frontier"
0.279559118236473,0.31062124248497,"Low type","o0 = beta o1",,"analytic_frontier"
0.281362725450902,0.312625250501002,"Low type","o0 = beta o1",,"analytic_frontier"
0.283166332665331,0.314629258517034,"Low type","o0 = beta o1",,"analytic_frontier"
0.28496993987976,0.316633266533066,"Low type","o0 = beta o1",,"analytic_frontier"
0.286773547094188,0.318637274549098,"Low type","o0 = beta o1",,"analytic_frontier"
0.288577154308617,0.32064128256513,"Low type","o0 = beta o1",,"analytic_frontier"
0.290380761523046,0.322645290581162,"Low type","o0 = beta o1",,"analytic_frontier"
0.292184368737475,0.324649298597194,"Low type","o0 = beta o1",,"analytic_frontier"
0.293987975951904,0.326653306613226,"Low type","o0 = beta o1",,"analytic_frontier"
0.295791583166333,0.328657314629259,"Low type","o0 = beta o1",,"analytic_frontier"
0.297595190380762,0.330661322645291,"Low type","o0 = beta o1",,"analytic_frontier"
0.29939879759519,0.332665330661323,"Low type","o0 = beta o1",,"analytic_frontier"
0.301202404809619,0.334669338677355,"Low type","o0 = beta o1",,"analytic_frontier"
0.303006012024048,0.336673346693387,"Low type","o0 = beta o1",,"analytic_frontier"
0.304809619238477,0.338677354709419,"Low type","o0 = beta o1",,"analytic_frontier"
0.306613226452906,0.340681362725451,"Low type","o0 = beta o1",,"analytic_frontier"
0.308416833667335,0.342685370741483,"Low type","o0 = beta o1",,"analytic_frontier"
0.310220440881763,0.344689378757515,"Low type","o0 = beta o1",,"analytic_frontier"
0.312024048096192,0.346693386773547,"Low type","o0 = beta o1",,"analytic_frontier"
0.313827655310621,0.348697394789579,"Low type","o0 = beta o1",,"analytic_frontier"
0.31563126252505,0.350701402805611,"Low type","o0 = beta o1",,"analytic_frontier"
0.317434869739479,0.352705410821643,"Low type","o0 = beta o1",,"analytic_frontier"
0.319238476953908,0.354709418837675,"Low type","o0 = beta o1",,"analytic_frontier"
0.321042084168337,0.356713426853707,"Low type","o0 = beta o1",,"analytic_frontier"
0.322845691382766,0.358717434869739,"Low type","o0 = beta o1",,"analytic_frontier"
0.324649298597194,0.360721442885772,"Low type","o0 = beta o1",,"analytic_frontier"
0.326452905811623,0.362725450901804,"Low type","o0 = beta o1",,"analytic_frontier"
0.328256513026052,0.364729458917836,"Low type","o0 = beta o1",,"analytic_frontier"
0.330060120240481,0.366733466933868,"Low type","o0 = beta o1",,"analytic_frontier"
0.33186372745491,0.3687374749499,"Low type","o0 = beta o1",,"analytic_frontier"
0.333667334669339,0.370741482965932,"Low type","o0 = beta o1",,"analytic_frontier"
0.335470941883768,0.372745490981964,"Low type","o0 = beta o1",,"analytic_frontier"
0.337274549098196,0.374749498997996,"Low type","o0 = beta o1",,"analytic_frontier"
0.339078156312625,0.376753507014028,"Low type","o0 = beta o1",,"analytic_frontier"
0.340881763527054,0.37875751503006,"Low type","o0 = beta o1",,"analytic_frontier"
0.342685370741483,0.380761523046092,"Low type","o0 = beta o1",,"analytic_frontier"
0.344488977955912,0.382765531062124,"Low type","o0 = beta o1",,"analytic_frontier"
0.346292585170341,0.384769539078156,"Low type","o0 = beta o1",,"analytic_frontier"
0.34809619238477,0.386773547094188,"Low type","o0 = beta o1",,"analytic_frontier"
0.349899799599198,0.38877755511022,"Low type","o0 = beta o1",,"analytic_frontier"
0.351703406813627,0.390781563126252,"Low type","o0 = beta o1",,"analytic_frontier"
0.353507014028056,0.392785571142285,"Low type","o0 = beta o1",,"analytic_frontier"
0.355310621242485,0.394789579158317,"Low type","o0 = beta o1",,"analytic_frontier"
0.357114228456914,0.396793587174349,"Low type","o0 = beta o1",,"analytic_frontier"
0.358917835671343,0.398797595190381,"Low type","o0 = beta o1",,"analytic_frontier"
0.360721442885772,0.400801603206413,"Low type","o0 = beta o1",,"analytic_frontier"
0.3625250501002,0.402805611222445,"Low type","o0 = beta o1",,"analytic_frontier"
0.364328657314629,0.404809619238477,"Low type","o0 = beta o1",,"analytic_frontier"
0.366132264529058,0.406813627254509,"Low type","o0 = beta o1",,"analytic_frontier"
0.367935871743487,0.408817635270541,"Low type","o0 = beta o1",,"analytic_frontier"
0.369739478957916,0.410821643286573,"Low type","o0 = beta o1",,"analytic_frontier"
0.371543086172345,0.412825651302605,"Low type","o0 = beta o1",,"analytic_frontier"
0.373346693386774,0.414829659318637,"Low type","o0 = beta o1",,"analytic_frontier"
0.375150300601202,0.416833667334669,"Low type","o0 = beta o1",,"analytic_frontier"
0.376953907815631,0.418837675350701,"Low type","o0 = beta o1",,"analytic_frontier"
0.37875751503006,0.420841683366733,"Low type","o0 = beta o1",,"analytic_frontier"
0.380561122244489,0.422845691382766,"Low type","o0 = beta o1",,"analytic_frontier"
0.382364729458918,0.424849699398798,"Low type","o0 = beta o1",,"analytic_frontier"
0.384168336673347,0.42685370741483,"Low type","o0 = beta o1",,"analytic_frontier"
0.385971943887776,0.428857715430862,"Low type","o0 = beta o1",,"analytic_frontier"
0.387775551102204,0.430861723446894,"Low type","o0 = beta o1",,"analytic_frontier"
0.389579158316633,0.432865731462926,"Low type","o0 = beta o1",,"analytic_frontier"
0.391382765531062,0.434869739478958,"Low type","o0 = beta o1",,"analytic_frontier"
0.393186372745491,0.43687374749499,"Low type","o0 = beta o1",,"analytic_frontier"
0.39498997995992,0.438877755511022,"Low type","o0 = beta o1",,"analytic_frontier"
0.396793587174349,0.440881763527054,"Low type","o0 = beta o1",,"analytic_frontier"
0.398597194388777,0.442885771543086,"Low type","o0 = beta o1",,"analytic_frontier"
0.400400801603206,0.444889779559118,"Low type","o0 = beta o1",,"analytic_frontier"
0.402204408817635,0.44689378757515,"Low type","o0 = beta o1",,"analytic_frontier"
0.404008016032064,0.448897795591182,"Low type","o0 = beta o1",,"analytic_frontier"
0.405811623246493,0.450901803607214,"Low type","o0 = beta o1",,"analytic_frontier"
0.407615230460922,0.452905811623246,"Low type","o0 = beta o1",,"analytic_frontier"
0.409418837675351,0.454909819639279,"Low type","o0 = beta o1",,"analytic_frontier"
0.41122244488978,0.456913827655311,"Low type","o0 = beta o1",,"analytic_frontier"
0.413026052104208,0.458917835671343,"Low type","o0 = beta o1",,"analytic_frontier"
0.414829659318637,0.460921843687375,"Low type","o0 = beta o1",,"analytic_frontier"
0.416633266533066,0.462925851703407,"Low type","o0 = beta o1",,"analytic_frontier"
0.418436873747495,0.464929859719439,"Low type","o0 = beta o1",,"analytic_frontier"
0.420240480961924,0.466933867735471,"Low type","o0 = beta o1",,"analytic_frontier"
0.422044088176353,0.468937875751503,"Low type","o0 = beta o1",,"analytic_frontier"
0.423847695390782,0.470941883767535,"Low type","o0 = beta o1",,"analytic_frontier"
0.42565130260521,0.472945891783567,"Low type","o0 = beta o1",,"analytic_frontier"
0.427454909819639,0.474949899799599,"Low type","o0 = beta o1",,"analytic_frontier"
0.429258517034068,0.476953907815631,"Low type","o0 = beta o1",,"analytic_frontier"
0.431062124248497,0.478957915831663,"Low type","o0 = beta o1",,"analytic_frontier"
0.432865731462926,0.480961923847695,"Low type","o0 = beta o1",,"analytic_frontier"
0.434669338677355,0.482965931863727,"Low type","o0 = beta o1",,"analytic_frontier"
0.436472945891784,0.48496993987976,"Low type","o0 = beta o1",,"analytic_frontier"
0.438276553106212,0.486973947895792,"Low type","o0 = beta o1",,"analytic_frontier"
0.440080160320641,0.488977955911824,"Low type","o0 = beta o1",,"analytic_frontier"
0.44188376753507,0.490981963927856,"Low type","o0 = beta o1",,"analytic_frontier"
0.443687374749499,0.492985971943888,"Low type","o0 = beta o1",,"analytic_frontier"
0.445490981963928,0.49498997995992,"Low type","o0 = beta o1",,"analytic_frontier"
0.447294589178357,0.496993987975952,"Low type","o0 = beta o1",,"analytic_frontier"
0.449098196392786,0.498997995991984,"Low type","o0 = beta o1",,"analytic_frontier"
0.450901803607214,0.501002004008016,"Low type","o0 = beta o1",,"analytic_frontier"
0.452705410821643,0.503006012024048,"Low type","o0 = beta o1",,"analytic_frontier"
0.454509018036072,0.50501002004008,"Low type","o0 = beta o1",,"analytic_frontier"
0.456312625250501,0.507014028056112,"Low type","o0 = beta o1",,"analytic_frontier"
0.45811623246493,0.509018036072144,"Low type","o0 = beta o1",,"analytic_frontier"
0.459919839679359,0.511022044088176,"Low type","o0 = beta o1",,"analytic_frontier"
0.461723446893788,0.513026052104208,"Low type","o0 = beta o1",,"analytic_frontier"
0.463527054108216,0.51503006012024,"Low type","o0 = beta o1",,"analytic_frontier"
0.465330661322645,0.517034068136273,"Low type","o0 = beta o1",,"analytic_frontier"
0.467134268537074,0.519038076152305,"Low type","o0 = beta o1",,"analytic_frontier"
0.468937875751503,0.521042084168337,"Low type","o0 = beta o1",,"analytic_frontier"
0.470741482965932,0.523046092184369,"Low type","o0 = beta o1",,"analytic_frontier"
0.472545090180361,0.525050100200401,"Low type","o0 = beta o1",,"analytic_frontier"
0.47434869739479,0.527054108216433,"Low type","o0 = beta o1",,"analytic_frontier"
0.476152304609218,0.529058116232465,"Low type","o0 = beta o1",,"analytic_frontier"
0.477955911823647,0.531062124248497,"Low type","o0 = beta o1",,"analytic_frontier"
0.479759519038076,0.533066132264529,"Low type","o0 = beta o1",,"analytic_frontier"
0.481563126252505,0.535070140280561,"Low type","o0 = beta o1",,"analytic_frontier"
0.483366733466934,0.537074148296593,"Low type","o0 = beta o1",,"analytic_frontier"
0.485170340681363,0.539078156312625,"Low type","o0 = beta o1",,"analytic_frontier"
0.486973947895792,0.541082164328657,"Low type","o0 = beta o1",,"analytic_frontier"
0.48877755511022,0.543086172344689,"Low type","o0 = beta o1",,"analytic_frontier"
0.490581162324649,0.545090180360721,"Low type","o0 = beta o1",,"analytic_frontier"
0.492384769539078,0.547094188376753,"Low type","o0 = beta o1",,"analytic_frontier"
0.494188376753507,0.549098196392786,"Low type","o0 = beta o1",,"analytic_frontier"
0.495991983967936,0.551102204408818,"Low type","o0 = beta o1",,"analytic_frontier"
0.497795591182365,0.55310621242485,"Low type","o0 = beta o1",,"analytic_frontier"
0.499599198396794,0.555110220440882,"Low type","o0 = beta o1",,"analytic_frontier"
0.501402805611222,0.557114228456914,"Low type","o0 = beta o1",,"analytic_frontier"
0.503206412825651,0.559118236472946,"Low type","o0 = beta o1",,"analytic_frontier"
0.50501002004008,0.561122244488978,"Low type","o0 = beta o1",,"analytic_frontier"
0.506813627254509,0.56312625250501,"Low type","o0 = beta o1",,"analytic_frontier"
0.508617234468938,0.565130260521042,"Low type","o0 = beta o1",,"analytic_frontier"
0.510420841683367,0.567134268537074,"Low type","o0 = beta o1",,"analytic_frontier"
0.512224448897796,0.569138276553106,"Low type","o0 = beta o1",,"analytic_frontier"
0.514028056112224,0.571142284569138,"Low type","o0 = beta o1",,"analytic_frontier"
0.515831663326653,0.57314629258517,"Low type","o0 = beta o1",,"analytic_frontier"
0.517635270541082,0.575150300601202,"Low type","o0 = beta o1",,"analytic_frontier"
0.519438877755511,0.577154308617234,"Low type","o0 = beta o1",,"analytic_frontier"
0.52124248496994,0.579158316633266,"Low type","o0 = beta o1",,"analytic_frontier"
0.523046092184369,0.581162324649299,"Low type","o0 = beta o1",,"analytic_frontier"
0.524849699398798,0.583166332665331,"Low type","o0 = beta o1",,"analytic_frontier"
0.526653306613226,0.585170340681363,"Low type","o0 = beta o1",,"analytic_frontier"
0.528456913827655,0.587174348697395,"Low type","o0 = beta o1",,"analytic_frontier"
0.530260521042084,0.589178356713427,"Low type","o0 = beta o1",,"analytic_frontier"
0.532064128256513,0.591182364729459,"Low type","o0 = beta o1",,"analytic_frontier"
0.533867735470942,0.593186372745491,"Low type","o0 = beta o1",,"analytic_frontier"
0.535671342685371,0.595190380761523,"Low type","o0 = beta o1",,"analytic_frontier"
0.5374749498998,0.597194388777555,"Low type","o0 = beta o1",,"analytic_frontier"
0.539278557114228,0.599198396793587,"Low type","o0 = beta o1",,"analytic_frontier"
0.541082164328657,0.601202404809619,"Low type","o0 = beta o1",,"analytic_frontier"
0.542885771543086,0.603206412825651,"Low type","o0 = beta o1",,"analytic_frontier"
0.544689378757515,0.605210420841683,"Low type","o0 = beta o1",,"analytic_frontier"
0.546492985971944,0.607214428857715,"Low type","o0 = beta o1",,"analytic_frontier"
0.548296593186373,0.609218436873747,"Low type","o0 = beta o1",,"analytic_frontier"
0.550100200400802,0.61122244488978,"Low type","o0 = beta o1",,"analytic_frontier"
0.55190380761523,0.613226452905812,"Low type","o0 = beta o1",,"analytic_frontier"
0.553707414829659,0.615230460921844,"Low type","o0 = beta o1",,"analytic_frontier"
0.555511022044088,0.617234468937876,"Low type","o0 = beta o1",,"analytic_frontier"
0.557314629258517,0.619238476953908,"Low type","o0 = beta o1",,"analytic_frontier"
0.559118236472946,0.62124248496994,"Low type","o0 = beta o1",,"analytic_frontier"
0.560921843687375,0.623246492985972,"Low type","o0 = beta o1",,"analytic_frontier"
0.562725450901804,0.625250501002004,"Low type","o0 = beta o1",,"analytic_frontier"
0.564529058116232,0.627254509018036,"Low type","o0 = beta o1",,"analytic_frontier"
0.566332665330661,0.629258517034068,"Low type","o0 = beta o1",,"analytic_frontier"
0.56813627254509,0.6312625250501,"Low type","o0 = beta o1",,"analytic_frontier"
0.569939879759519,0.633266533066132,"Low type","o0 = beta o1",,"analytic_frontier"
0.571743486973948,0.635270541082164,"Low type","o0 = beta o1",,"analytic_frontier"
0.573547094188377,0.637274549098196,"Low type","o0 = beta o1",,"analytic_frontier"
0.575350701402806,0.639278557114228,"Low type","o0 = beta o1",,"analytic_frontier"
0.577154308617234,0.64128256513026,"Low type","o0 = beta o1",,"analytic_frontier"
0.578957915831663,0.643286573146293,"Low type","o0 = beta o1",,"analytic_frontier"
0.580761523046092,0.645290581162325,"Low type","o0 = beta o1",,"analytic_frontier"
0.582565130260521,0.647294589178357,"Low type","o0 = beta o1",,"analytic_frontier"
0.58436873747495,0.649298597194389,"Low type","o0 = beta o1",,"analytic_frontier"
0.586172344689379,0.651302605210421,"Low type","o0 = beta o1",,"analytic_frontier"
0.587975951903808,0.653306613226453,"Low type","o0 = beta o1",,"analytic_frontier"
0.589779559118236,0.655310621242485,"Low type","o0 = beta o1",,"analytic_frontier"
0.591583166332665,0.657314629258517,"Low type","o0 = beta o1",,"analytic_frontier"
0.593386773547094,0.659318637274549,"Low type","o0 = beta o1",,"analytic_frontier"
0.595190380761523,0.661322645290581,"Low type","o0 = beta o1",,"analytic_frontier"
0.596993987975952,0.663326653306613,"Low type","o0 = beta o1",,"analytic_frontier"
0.598797595190381,0.665330661322645,"Low type","o0 = beta o1",,"analytic_frontier"
0.60060120240481,0.667334669338677,"Low type","o0 = beta o1",,"analytic_frontier"
0.602404809619238,0.669338677354709,"Low type","o0 = beta o1",,"analytic_frontier"
0.604208416833667,0.671342685370741,"Low type","o0 = beta o1",,"analytic_frontier"
0.606012024048096,0.673346693386773,"Low type","o0 = beta o1",,"analytic_frontier"
0.607815631262525,0.675350701402806,"Low type","o0 = beta o1",,"analytic_frontier"
0.609619238476954,0.677354709418838,"Low type","o0 = beta o1",,"analytic_frontier"
0.611422845691383,0.67935871743487,"Low type","o0 = beta o1",,"analytic_frontier"
0.613226452905812,0.681362725450902,"Low type","o0 = beta o1",,"analytic_frontier"
0.61503006012024,0.683366733466934,"Low type","o0 = beta o1",,"analytic_frontier"
0.616833667334669,0.685370741482966,"Low type","o0 = beta o1",,"analytic_frontier"
0.618637274549098,0.687374749498998,"Low type","o0 = beta o1",,"analytic_frontier"
0.620440881763527,0.68937875751503,"Low type","o0 = beta o1",,"analytic_frontier"
0.622244488977956,0.691382765531062,"Low type","o0 = beta o1",,"analytic_frontier"
0.624048096192385,0.693386773547094,"Low type","o0 = beta o1",,"analytic_frontier"
0.625851703406814,0.695390781563126,"Low type","o0 = beta o1",,"analytic_frontier"
0.627655310621242,0.697394789579158,"Low type","o0 = beta o1",,"analytic_frontier"
0.629458917835671,0.69939879759519,"Low type","o0 = beta o1",,"analytic_frontier"
0.6312625250501,0.701402805611222,"Low type","o0 = beta o1",,"analytic_frontier"
0.633066132264529,0.703406813627254,"Low type","o0 = beta o1",,"analytic_frontier"
0.634869739478958,0.705410821643287,"Low type","o0 = beta o1",,"analytic_frontier"
0.636673346693387,0.707414829659319,"Low type","o0 = beta o1",,"analytic_frontier"
0.638476953907816,0.709418837675351,"Low type","o0 = beta o1",,"analytic_frontier"
0.640280561122244,0.711422845691383,"Low type","o0 = beta o1",,"analytic_frontier"
0.642084168336673,0.713426853707415,"Low type","o0 = beta o1",,"analytic_frontier"
0.643887775551102,0.715430861723447,"Low type","o0 = beta o1",,"analytic_frontier"
0.645691382765531,0.717434869739479,"Low type","o0 = beta o1",,"analytic_frontier"
0.64749498997996,0.719438877755511,"Low type","o0 = beta o1",,"analytic_frontier"
0.649298597194389,0.721442885771543,"Low type","o0 = beta o1",,"analytic_frontier"
0.651102204408818,0.723446893787575,"Low type","o0 = beta o1",,"analytic_frontier"
0.652905811623246,0.725450901803607,"Low type","o0 = beta o1",,"analytic_frontier"
0.654709418837675,0.727454909819639,"Low type","o0 = beta o1",,"analytic_frontier"
0.656513026052104,0.729458917835671,"Low type","o0 = beta o1",,"analytic_frontier"
0.658316633266533,0.731462925851703,"Low type","o0 = beta o1",,"analytic_frontier"
0.660120240480962,0.733466933867735,"Low type","o0 = beta o1",,"analytic_frontier"
0.661923847695391,0.735470941883767,"Low type","o0 = beta o1",,"analytic_frontier"
0.66372745490982,0.7374749498998,"Low type","o0 = beta o1",,"analytic_frontier"
0.665531062124249,0.739478957915832,"Low type","o0 = beta o1",,"analytic_frontier"
0.667334669338677,0.741482965931864,"Low type","o0 = beta o1",,"analytic_frontier"
0.669138276553106,0.743486973947896,"Low type","o0 = beta o1",,"analytic_frontier"
0.670941883767535,0.745490981963928,"Low type","o0 = beta o1",,"analytic_frontier"
0.672745490981964,0.74749498997996,"Low type","o0 = beta o1",,"analytic_frontier"
0.674549098196393,0.749498997995992,"Low type","o0 = beta o1",,"analytic_frontier"
0.676352705410822,0.751503006012024,"Low type","o0 = beta o1",,"analytic_frontier"
0.67815631262525,0.753507014028056,"Low type","o0 = beta o1",,"analytic_frontier"
0.679959919839679,0.755511022044088,"Low type","o0 = beta o1",,"analytic_frontier"
0.681763527054108,0.75751503006012,"Low type","o0 = beta o1",,"analytic_frontier"
0.683567134268537,0.759519038076152,"Low type","o0 = beta o1",,"analytic_frontier"
0.685370741482966,0.761523046092184,"Low type","o0 = beta o1",,"analytic_frontier"
0.687174348697395,0.763527054108216,"Low type","o0 = beta o1",,"analytic_frontier"
0.688977955911824,0.765531062124248,"Low type","o0 = beta o1",,"analytic_frontier"
0.690781563126252,0.76753507014028,"Low type","o0 = beta o1",,"analytic_frontier"
0.692585170340681,0.769539078156313,"Low type","o0 = beta o1",,"analytic_frontier"
0.69438877755511,0.771543086172345,"Low type","o0 = beta o1",,"analytic_frontier"
0.696192384769539,0.773547094188377,"Low type","o0 = beta o1",,"analytic_frontier"
0.697995991983968,0.775551102204409,"Low type","o0 = beta o1",,"analytic_frontier"
0.699799599198397,0.777555110220441,"Low type","o0 = beta o1",,"analytic_frontier"
0.701603206412826,0.779559118236473,"Low type","o0 = beta o1",,"analytic_frontier"
0.703406813627254,0.781563126252505,"Low type","o0 = beta o1",,"analytic_frontier"
0.705210420841683,0.783567134268537,"Low type","o0 = beta o1",,"analytic_frontier"
0.707014028056112,0.785571142284569,"Low type","o0 = beta o1",,"analytic_frontier"
0.708817635270541,0.787575150300601,"Low type","o0 = beta o1",,"analytic_frontier"
0.71062124248497,0.789579158316633,"Low type","o0 = beta o1",,"analytic_frontier"
0.712424849699399,0.791583166332665,"Low type","o0 = beta o1",,"analytic_frontier"
0.714228456913828,0.793587174348697,"Low type","o0 = beta o1",,"analytic_frontier"
0.716032064128256,0.795591182364729,"Low type","o0 = beta o1",,"analytic_frontier"
0.717835671342685,0.797595190380761,"Low type","o0 = beta o1",,"analytic_frontier"
0.719639278557114,0.799599198396793,"Low type","o0 = beta o1",,"analytic_frontier"
0.721442885771543,0.801603206412826,"Low type","o0 = beta o1",,"analytic_frontier"
0.723246492985972,0.803607214428858,"Low type","o0 = beta o1",,"analytic_frontier"
0.725050100200401,0.80561122244489,"Low type","o0 = beta o1",,"analytic_frontier"
0.72685370741483,0.807615230460922,"Low type","o0 = beta o1",,"analytic_frontier"
0.728657314629258,0.809619238476954,"Low type","o0 = beta o1",,"analytic_frontier"
0.730460921843687,0.811623246492986,"Low type","o0 = beta o1",,"analytic_frontier"
0.732264529058116,0.813627254509018,"Low type","o0 = beta o1",,"analytic_frontier"
0.734068136272545,0.81563126252505,"Low type","o0 = beta o1",,"analytic_frontier"
0.735871743486974,0.817635270541082,"Low type","o0 = beta o1",,"analytic_frontier"
0.737675350701403,0.819639278557114,"Low type","o0 = beta o1",,"analytic_frontier"
0.739478957915832,0.821643286573146,"Low type","o0 = beta o1",,"analytic_frontier"
0.74128256513026,0.823647294589178,"Low type","o0 = beta o1",,"analytic_frontier"
0.743086172344689,0.82565130260521,"Low type","o0 = beta o1",,"analytic_frontier"
0.744889779559118,0.827655310621242,"Low type","o0 = beta o1",,"analytic_frontier"
0.746693386773547,0.829659318637274,"Low type","o0 = beta o1",,"analytic_frontier"
0.748496993987976,0.831663326653307,"Low type","o0 = beta o1",,"analytic_frontier"
0.750300601202405,0.833667334669339,"Low type","o0 = beta o1",,"analytic_frontier"
0.752104208416834,0.835671342685371,"Low type","o0 = beta o1",,"analytic_frontier"
0.753907815631263,0.837675350701403,"Low type","o0 = beta o1",,"analytic_frontier"
0.755711422845691,0.839679358717435,"Low type","o0 = beta o1",,"analytic_frontier"
0.75751503006012,0.841683366733467,"Low type","o0 = beta o1",,"analytic_frontier"
0.759318637274549,0.843687374749499,"Low type","o0 = beta o1",,"analytic_frontier"
0.761122244488978,0.845691382765531,"Low type","o0 = beta o1",,"analytic_frontier"
0.762925851703407,0.847695390781563,"Low type","o0 = beta o1",,"analytic_frontier"
0.764729458917836,0.849699398797595,"Low type","o0 = beta o1",,"analytic_frontier"
0.766533066132264,0.851703406813627,"Low type","o0 = beta o1",,"analytic_frontier"
0.768336673346693,0.853707414829659,"Low type","o0 = beta o1",,"analytic_frontier"
0.770140280561122,0.855711422845691,"Low type","o0 = beta o1",,"analytic_frontier"
0.771943887775551,0.857715430861723,"Low type","o0 = beta o1",,"analytic_frontier"
0.77374749498998,0.859719438877755,"Low type","o0 = beta o1",,"analytic_frontier"
0.775551102204409,0.861723446893788,"Low type","o0 = beta o1",,"analytic_frontier"
0.777354709418838,0.86372745490982,"Low type","o0 = beta o1",,"analytic_frontier"
0.779158316633267,0.865731462925852,"Low type","o0 = beta o1",,"analytic_frontier"
0.780961923847695,0.867735470941884,"Low type","o0 = beta o1",,"analytic_frontier"
0.782765531062124,0.869739478957916,"Low type","o0 = beta o1",,"analytic_frontier"
0.784569138276553,0.871743486973948,"Low type","o0 = beta o1",,"analytic_frontier"
0.786372745490982,0.87374749498998,"Low type","o0 = beta o1",,"analytic_frontier"
0.788176352705411,0.875751503006012,"Low type","o0 = beta o1",,"analytic_frontier"
0.78997995991984,0.877755511022044,"Low type","o0 = beta o1",,"analytic_frontier"
0.791783567134268,0.879759519038076,"Low type","o0 = beta o1",,"analytic_frontier"
0.793587174348697,0.881763527054108,"Low type","o0 = beta o1",,"analytic_frontier"
0.795390781563126,0.88376753507014,"Low type","o0 = beta o1",,"analytic_frontier"
0.797194388777555,0.885771543086172,"Low type","o0 = beta o1",,"analytic_frontier"
0.798997995991984,0.887775551102204,"Low type","o0 = beta o1",,"analytic_frontier"
0.800801603206413,0.889779559118236,"Low type","o0 = beta o1",,"analytic_frontier"
0.802605210420842,0.891783567134268,"Low type","o0 = beta o1",,"analytic_frontier"
0.80440881763527,0.8937875751503,"Low type","o0 = beta o1",,"analytic_frontier"
0.806212424849699,0.895791583166333,"Low type","o0 = beta o1",,"analytic_frontier"
0.808016032064128,0.897795591182365,"Low type","o0 = beta o1",,"analytic_frontier"
0.809819639278557,0.899799599198397,"Low type","o0 = beta o1",,"analytic_frontier"
0.811623246492986,0.901803607214429,"Low type","o0 = beta o1",,"analytic_frontier"
0.813426853707415,0.903807615230461,"Low type","o0 = beta o1",,"analytic_frontier"
0.815230460921844,0.905811623246493,"Low type","o0 = beta o1",,"analytic_frontier"
0.817034068136272,0.907815631262525,"Low type","o0 = beta o1",,"analytic_frontier"
0.818837675350701,0.909819639278557,"Low type","o0 = beta o1",,"analytic_frontier"
0.82064128256513,0.911823647294589,"Low type","o0 = beta o1",,"analytic_frontier"
0.822444889779559,0.913827655310621,"Low type","o0 = beta o1",,"analytic_frontier"
0.824248496993988,0.915831663326653,"Low type","o0 = beta o1",,"analytic_frontier"
0.826052104208417,0.917835671342685,"Low type","o0 = beta o1",,"analytic_frontier"
0.827855711422846,0.919839679358717,"Low type","o0 = beta o1",,"analytic_frontier"
0.829659318637274,0.921843687374749,"Low type","o0 = beta o1",,"analytic_frontier"
0.831462925851703,0.923847695390781,"Low type","o0 = beta o1",,"analytic_frontier"
0.833266533066132,0.925851703406814,"Low type","o0 = beta o1",,"analytic_frontier"
0.835070140280561,0.927855711422846,"Low type","o0 = beta o1",,"analytic_frontier"
0.83687374749499,0.929859719438878,"Low type","o0 = beta o1",,"analytic_frontier"
0.838677354709419,0.93186372745491,"Low type","o0 = beta o1",,"analytic_frontier"
0.840480961923848,0.933867735470942,"Low type","o0 = beta o1",,"analytic_frontier"
0.842284569138277,0.935871743486974,"Low type","o0 = beta o1",,"analytic_frontier"
0.844088176352705,0.937875751503006,"Low type","o0 = beta o1",,"analytic_frontier"
0.845891783567134,0.939879759519038,"Low type","o0 = beta o1",,"analytic_frontier"
0.847695390781563,0.94188376753507,"Low type","o0 = beta o1",,"analytic_frontier"
0.849498997995992,0.943887775551102,"Low type","o0 = beta o1",,"analytic_frontier"
0.851302605210421,0.945891783567134,"Low type","o0 = beta o1",,"analytic_frontier"
0.85310621242485,0.947895791583166,"Low type","o0 = beta o1",,"analytic_frontier"
0.854909819639278,0.949899799599198,"Low type","o0 = beta o1",,"analytic_frontier"
0.856713426853707,0.95190380761523,"Low type","o0 = beta o1",,"analytic_frontier"
0.858517034068136,0.953907815631262,"Low type","o0 = beta o1",,"analytic_frontier"
0.860320641282565,0.955911823647295,"Low type","o0 = beta o1",,"analytic_frontier"
0.862124248496994,0.957915831663327,"Low type","o0 = beta o1",,"analytic_frontier"
0.863927855711423,0.959919839679359,"Low type","o0 = beta o1",,"analytic_frontier"
0.865731462925852,0.961923847695391,"Low type","o0 = beta o1",,"analytic_frontier"
0.86753507014028,0.963927855711423,"Low type","o0 = beta o1",,"analytic_frontier"
0.869338677354709,0.965931863727455,"Low type","o0 = beta o1",,"analytic_frontier"
0.871142284569138,0.967935871743487,"Low type","o0 = beta o1",,"analytic_frontier"
0.872945891783567,0.969939879759519,"Low type","o0 = beta o1",,"analytic_frontier"
0.874749498997996,0.971943887775551,"Low type","o0 = beta o1",,"analytic_frontier"
0.876553106212425,0.973947895791583,"Low type","o0 = beta o1",,"analytic_frontier"
0.878356713426854,0.975951903807615,"Low type","o0 = beta o1",,"analytic_frontier"
0.880160320641282,0.977955911823647,"Low type","o0 = beta o1",,"analytic_frontier"
0.881963927855711,0.979959919839679,"Low type","o0 = beta o1",,"analytic_frontier"
0.88376753507014,0.981963927855711,"Low type","o0 = beta o1",,"analytic_frontier"
0.885571142284569,0.983967935871743,"Low type","o0 = beta o1",,"analytic_frontier"
0.887374749498998,0.985971943887775,"Low type","o0 = beta o1",,"analytic_frontier"
0.889178356713427,0.987975951903807,"Low type","o0 = beta o1",,"analytic_frontier"
0.890981963927856,0.98997995991984,"Low type","o0 = beta o1",,"analytic_frontier"
0.892785571142285,0.991983967935872,"Low type","o0 = beta o1",,"analytic_frontier"
0.894589178356713,0.993987975951904,"Low type","o0 = beta o1",,"analytic_frontier"
0.896392785571142,0.995991983967936,"Low type","o0 = beta o1",,"analytic_frontier"
0.898196392785571,0.997995991983968,"Low type","o0 = beta o1",,"analytic_frontier"
0.9,1,"Low type","o0 = beta o1",,"analytic_frontier"
0,0.35,"High type","nu = nu*",,"analytic_frontier"
0.00200400801603206,0.351302605210421,"High type","nu = nu*",,"analytic_frontier"
0.00400801603206413,0.352605210420842,"High type","nu = nu*",,"analytic_frontier"
0.00601202404809619,0.353907815631263,"High type","nu = nu*",,"analytic_frontier"
0.00801603206412826,0.355210420841683,"High type","nu = nu*",,"analytic_frontier"
0.0100200400801603,0.356513026052104,"High type","nu = nu*",,"analytic_frontier"
0.0120240480961924,0.357815631262525,"High type","nu = nu*",,"analytic_frontier"
0.0140280561122244,0.359118236472946,"High type","nu = nu*",,"analytic_frontier"
0.0160320641282565,0.360420841683367,"High type","nu = nu*",,"analytic_frontier"
0.0180360721442886,0.361723446893788,"High type","nu = nu*",,"analytic_frontier"
0.0200400801603206,0.363026052104208,"High type","nu = nu*",,"analytic_frontier"
0.0220440881763527,0.364328657314629,"High type","nu = nu*",,"analytic_frontier"
0.0240480961923848,0.36563126252505,"High type","nu = nu*",,"analytic_frontier"
0.0260521042084168,0.366933867735471,"High type","nu = nu*",,"analytic_frontier"
0.0280561122244489,0.368236472945892,"High type","nu = nu*",,"analytic_frontier"
0.030060120240481,0.369539078156313,"High type","nu = nu*",,"analytic_frontier"
0.032064128256513,0.370841683366733,"High type","nu = nu*",,"analytic_frontier"
0.0340681362725451,0.372144288577154,"High type","nu = nu*",,"analytic_frontier"
0.0360721442885771,0.373446893787575,"High type","nu = nu*",,"analytic_frontier"
0.0380761523046092,0.374749498997996,"High type","nu = nu*",,"analytic_frontier"
0.0400801603206413,0.376052104208417,"High type","nu = nu*",,"analytic_frontier"
0.0420841683366733,0.377354709418838,"High type","nu = nu*",,"analytic_frontier"
0.0440881763527054,0.378657314629259,"High type","nu = nu*",,"analytic_frontier"
0.0460921843687375,0.379959919839679,"High type","nu = nu*",,"analytic_frontier"
0.0480961923847695,0.3812625250501,"High type","nu = nu*",,"analytic_frontier"
0.0501002004008016,0.382565130260521,"High type","nu = nu*",,"analytic_frontier"
0.0521042084168337,0.383867735470942,"High type","nu = nu*",,"analytic_frontier"
0.0541082164328657,0.385170340681363,"High type","nu = nu*",,"analytic_frontier"
0.0561122244488978,0.386472945891784,"High type","nu = nu*",,"analytic_frontier"
0.0581162324649299,0.387775551102204,"High type","nu = nu*",,"analytic_frontier"
0.0601202404809619,0.389078156312625,"High type","nu = nu*",,"analytic_frontier"
0.062124248496994,0.390380761523046,"High type","nu = nu*",,"analytic_frontier"
0.064128256513026,0.391683366733467,"High type","nu = nu*",,"analytic_frontier"
0.0661322645290581,0.392985971943888,"High type","nu = nu*",,"analytic_frontier"
0.0681362725450902,0.394288577154309,"High type","nu = nu*",,"analytic_frontier"
0.0701402805611222,0.395591182364729,"High type","nu = nu*",,"analytic_frontier"
0.0721442885771543,0.39689378757515,"High type","nu = nu*",,"analytic_frontier"
0.0741482965931864,0.398196392785571,"High type","nu = nu*",,"analytic_frontier"
0.0761523046092184,0.399498997995992,"High type","nu = nu*",,"analytic_frontier"
0.0781563126252505,0.400801603206413,"High type","nu = nu*",,"analytic_frontier"
0.0801603206412826,0.402104208416834,"High type","nu = nu*",,"analytic_frontier"
0.0821643286573146,0.403406813627255,"High type","nu = nu*",,"analytic_frontier"
0.0841683366733467,0.404709418837675,"High type","nu = nu*",,"analytic_frontier"
0.0861723446893787,0.406012024048096,"High type","nu = nu*",,"analytic_frontier"
0.0881763527054108,0.407314629258517,"High type","nu = nu*",,"analytic_frontier"
0.0901803607214429,0.408617234468938,"High type","nu = nu*",,"analytic_frontier"
0.092184368737475,0.409919839679359,"High type","nu = nu*",,"analytic_frontier"
0.094188376753507,0.41122244488978,"High type","nu = nu*",,"analytic_frontier"
0.0961923847695391,0.4125250501002,"High type","nu = nu*",,"analytic_frontier"
0.0981963927855711,0.413827655310621,"High type","nu = nu*",,"analytic_frontier"
0.100200400801603,0.415130260521042,"High type","nu = nu*",,"analytic_frontier"
0.102204408817635,0.416432865731463,"High type","nu = nu*",,"analytic_frontier"
0.104208416833667,0.417735470941884,"High type","nu = nu*",,"analytic_frontier"
0.106212424849699,0.419038076152305,"High type","nu = nu*",,"analytic_frontier"
0.108216432865731,0.420340681362725,"High type","nu = nu*",,"analytic_frontier"
0.110220440881764,0.421643286573146,"High type","nu = nu*",,"analytic_frontier"
0.112224448897796,0.422945891783567,"High type","nu = nu*",,"analytic_frontier"
0.114228456913828,0.424248496993988,"High type","nu = nu*",,"analytic_frontier"
0.11623246492986,0.425551102204409,"High type","nu = nu*",,"analytic_frontier"
0.118236472945892,0.42685370741483,"High type","nu = nu*",,"analytic_frontier"
0.120240480961924,0.42815631262525,"High type","nu = nu*",,"analytic_frontier"
0.122244488977956,0.429458917835671,"High type","nu = nu*",,"analytic_frontier"
0.124248496993988,0.430761523046092,"High type","nu = nu*",,"analytic_frontier"
0.12625250501002,0.432064128256513,"High type","nu = nu*",,"analytic_frontier"
0.128256513026052,0.433366733466934,"High type","nu = nu*",,"analytic_frontier"
0.130260521042084,0.434669338677355,"High type","nu = nu*",,"analytic_frontier"
0.132264529058116,0.435971943887776,"High type","nu = nu*",,"analytic_frontier"
0.134268537074148,0.437274549098196,"High type","nu = nu*",,"analytic_frontier"
0.13627254509018,0.438577154308617,"High type","nu = nu*",,"analytic_frontier"
0.138276553106212,0.439879759519038,"High type","nu = nu*",,"analytic_frontier"
0.140280561122244,0.441182364729459,"High type","nu = nu*",,"analytic_frontier"
0.142284569138277,0.44248496993988,"High type","nu = nu*",,"analytic_frontier"
0.144288577154309,0.443787575150301,"High type","nu = nu*",,"analytic_frontier"
0.146292585170341,0.445090180360721,"High type","nu = nu*",,"analytic_frontier"
0.148296593186373,0.446392785571142,"High type","nu = nu*",,"analytic_frontier"
0.150300601202405,0.447695390781563,"High type","nu = nu*",,"analytic_frontier"
0.152304609218437,0.448997995991984,"High type","nu = nu*",,"analytic_frontier"
0.154308617234469,0.450300601202405,"High type","nu = nu*",,"analytic_frontier"
0.156312625250501,0.451603206412826,"High type","nu = nu*",,"analytic_frontier"
0.158316633266533,0.452905811623247,"High type","nu = nu*",,"analytic_frontier"
0.160320641282565,0.454208416833667,"High type","nu = nu*",,"analytic_frontier"
0.162324649298597,0.455511022044088,"High type","nu = nu*",,"analytic_frontier"
0.164328657314629,0.456813627254509,"High type","nu = nu*",,"analytic_frontier"
0.166332665330661,0.45811623246493,"High type","nu = nu*",,"analytic_frontier"
0.168336673346693,0.459418837675351,"High type","nu = nu*",,"analytic_frontier"
0.170340681362725,0.460721442885771,"High type","nu = nu*",,"analytic_frontier"
0.172344689378757,0.462024048096192,"High type","nu = nu*",,"analytic_frontier"
0.17434869739479,0.463326653306613,"High type","nu = nu*",,"analytic_frontier"
0.176352705410822,0.464629258517034,"High type","nu = nu*",,"analytic_frontier"
0.178356713426854,0.465931863727455,"High type","nu = nu*",,"analytic_frontier"
0.180360721442886,0.467234468937876,"High type","nu = nu*",,"analytic_frontier"
0.182364729458918,0.468537074148297,"High type","nu = nu*",,"analytic_frontier"
0.18436873747495,0.469839679358717,"High type","nu = nu*",,"analytic_frontier"
0.186372745490982,0.471142284569138,"High type","nu = nu*",,"analytic_frontier"
0.188376753507014,0.472444889779559,"High type","nu = nu*",,"analytic_frontier"
0.190380761523046,0.47374749498998,"High type","nu = nu*",,"analytic_frontier"
0.192384769539078,0.475050100200401,"High type","nu = nu*",,"analytic_frontier"
0.19438877755511,0.476352705410822,"High type","nu = nu*",,"analytic_frontier"
0.196392785571142,0.477655310621242,"High type","nu = nu*",,"analytic_frontier"
0.198396793587174,0.478957915831663,"High type","nu = nu*",,"analytic_frontier"
0.200400801603206,0.480260521042084,"High type","nu = nu*",,"analytic_frontier"
0.202404809619238,0.481563126252505,"High type","nu = nu*",,"analytic_frontier"
0.204408817635271,0.482865731462926,"High type","nu = nu*",,"analytic_frontier"
0.206412825651303,0.484168336673347,"High type","nu = nu*",,"analytic_frontier"
0.208416833667335,0.485470941883767,"High type","nu = nu*",,"analytic_frontier"
0.210420841683367,0.486773547094188,"High type","nu = nu*",,"analytic_frontier"
0.212424849699399,0.488076152304609,"High type","nu = nu*",,"analytic_frontier"
0.214428857715431,0.48937875751503,"High type","nu = nu*",,"analytic_frontier"
0.216432865731463,0.490681362725451,"High type","nu = nu*",,"analytic_frontier"
0.218436873747495,0.491983967935872,"High type","nu = nu*",,"analytic_frontier"
0.220440881763527,0.493286573146293,"High type","nu = nu*",,"analytic_frontier"
0.222444889779559,0.494589178356713,"High type","nu = nu*",,"analytic_frontier"
0.224448897795591,0.495891783567134,"High type","nu = nu*",,"analytic_frontier"
0.226452905811623,0.497194388777555,"High type","nu = nu*",,"analytic_frontier"
0.228456913827655,0.498496993987976,"High type","nu = nu*",,"analytic_frontier"
0.230460921843687,0.499799599198397,"High type","nu = nu*",,"analytic_frontier"
0.232464929859719,0.501102204408818,"High type","nu = nu*",,"analytic_frontier"
0.234468937875751,0.502404809619238,"High type","nu = nu*",,"analytic_frontier"
0.236472945891784,0.503707414829659,"High type","nu = nu*",,"analytic_frontier"
0.238476953907816,0.50501002004008,"High type","nu = nu*",,"analytic_frontier"
0.240480961923848,0.506312625250501,"High type","nu = nu*",,"analytic_frontier"
0.24248496993988,0.507615230460922,"High type","nu = nu*",,"analytic_frontier"
0.244488977955912,0.508917835671343,"High type","nu = nu*",,"analytic_frontier"
0.246492985971944,0.510220440881763,"High type","nu = nu*",,"analytic_frontier"
0.248496993987976,0.511523046092184,"High type","nu = nu*",,"analytic_frontier"
0.250501002004008,0.512825651302605,"High type","nu = nu*",,"analytic_frontier"
0.25250501002004,0.514128256513026,"High type","nu = nu*",,"analytic_frontier"
0.254509018036072,0.515430861723447,"High type","nu = nu*",,"analytic_frontier"
0.256513026052104,0.516733466933868,"High type","nu = nu*",,"analytic_frontier"
0.258517034068136,0.518036072144288,"High type","nu = nu*",,"analytic_frontier"
0.260521042084168,0.519338677354709,"High type","nu = nu*",,"analytic_frontier"
0.2625250501002,0.52064128256513,"High type","nu = nu*",,"analytic_frontier"
0.264529058116232,0.521943887775551,"High type","nu = nu*",,"analytic_frontier"
0.266533066132265,0.523246492985972,"High type","nu = nu*",,"analytic_frontier"
0.268537074148297,0.524549098196393,"High type","nu = nu*",,"analytic_frontier"
0.270541082164329,0.525851703406814,"High type","nu = nu*",,"analytic_frontier"
0.272545090180361,0.527154308617234,"High type","nu = nu*",,"analytic_frontier"
0.274549098196393,0.528456913827655,"High type","nu = nu*",,"analytic_frontier"
0.276553106212425,0.529759519038076,"High type","nu = nu*",,"analytic_frontier"
0.278557114228457,0.531062124248497,"High type","nu = nu*",,"analytic_frontier"
0.280561122244489,0.532364729458918,"High type","nu = nu*",,"analytic_frontier"
0.282565130260521,0.533667334669339,"High type","nu = nu*",,"analytic_frontier"
0.284569138276553,0.53496993987976,"High type","nu = nu*",,"analytic_frontier"
0.286573146292585,0.53627254509018,"High type","nu = nu*",,"analytic_frontier"
0.288577154308617,0.537575150300601,"High type","nu = nu*",,"analytic_frontier"
0.290581162324649,0.538877755511022,"High type","nu = nu*",,"analytic_frontier"
0.292585170340681,0.540180360721443,"High type","nu = nu*",,"analytic_frontier"
0.294589178356713,0.541482965931864,"High type","nu = nu*",,"analytic_frontier"
0.296593186372745,0.542785571142285,"High type","nu = nu*",,"analytic_frontier"
0.298597194388778,0.544088176352705,"High type","nu = nu*",,"analytic_frontier"
0.30060120240481,0.545390781563126,"High type","nu = nu*",,"analytic_frontier"
0.302605210420842,0.546693386773547,"High type","nu = nu*",,"analytic_frontier"
0.304609218436874,0.547995991983968,"High type","nu = nu*",,"analytic_frontier"
0.306613226452906,0.549298597194389,"High type","nu = nu*",,"analytic_frontier"
0.308617234468938,0.55060120240481,"High type","nu = nu*",,"analytic_frontier"
0.31062124248497,0.55190380761523,"High type","nu = nu*",,"analytic_frontier"
0.312625250501002,0.553206412825651,"High type","nu = nu*",,"analytic_frontier"
0.314629258517034,0.554509018036072,"High type","nu = nu*",,"analytic_frontier"
0.316633266533066,0.555811623246493,"High type","nu = nu*",,"analytic_frontier"
0.318637274549098,0.557114228456914,"High type","nu = nu*",,"analytic_frontier"
0.32064128256513,0.558416833667335,"High type","nu = nu*",,"analytic_frontier"
0.322645290581162,0.559719438877756,"High type","nu = nu*",,"analytic_frontier"
0.324649298597194,0.561022044088176,"High type","nu = nu*",,"analytic_frontier"
0.326653306613226,0.562324649298597,"High type","nu = nu*",,"analytic_frontier"
0.328657314629259,0.563627254509018,"High type","nu = nu*",,"analytic_frontier"
0.330661322645291,0.564929859719439,"High type","nu = nu*",,"analytic_frontier"
0.332665330661323,0.56623246492986,"High type","nu = nu*",,"analytic_frontier"
0.334669338677355,0.56753507014028,"High type","nu = nu*",,"analytic_frontier"
0.336673346693387,0.568837675350701,"High type","nu = nu*",,"analytic_frontier"
0.338677354709419,0.570140280561122,"High type","nu = nu*",,"analytic_frontier"
0.340681362725451,0.571442885771543,"High type","nu = nu*",,"analytic_frontier"
0.342685370741483,0.572745490981964,"High type","nu = nu*",,"analytic_frontier"
0.344689378757515,0.574048096192385,"High type","nu = nu*",,"analytic_frontier"
0.346693386773547,0.575350701402806,"High type","nu = nu*",,"analytic_frontier"
0.348697394789579,0.576653306613226,"High type","nu = nu*",,"analytic_frontier"
0.350701402805611,0.577955911823647,"High type","nu = nu*",,"analytic_frontier"
0.352705410821643,0.579258517034068,"High type","nu = nu*",,"analytic_frontier"
0.354709418837675,0.580561122244489,"High type","nu = nu*",,"analytic_frontier"
0.356713426853707,0.58186372745491,"High type","nu = nu*",,"analytic_frontier"
0.358717434869739,0.583166332665331,"High type","nu = nu*",,"analytic_frontier"
0.360721442885772,0.584468937875751,"High type","nu = nu*",,"analytic_frontier"
0.362725450901804,0.585771543086172,"High type","nu = nu*",,"analytic_frontier"
0.364729458917836,0.587074148296593,"High type","nu = nu*",,"analytic_frontier"
0.366733466933868,0.588376753507014,"High type","nu = nu*",,"analytic_frontier"
0.3687374749499,0.589679358717435,"High type","nu = nu*",,"analytic_frontier"
0.370741482965932,0.590981963927856,"High type","nu = nu*",,"analytic_frontier"
0.372745490981964,0.592284569138277,"High type","nu = nu*",,"analytic_frontier"
0.374749498997996,0.593587174348697,"High type","nu = nu*",,"analytic_frontier"
0.376753507014028,0.594889779559118,"High type","nu = nu*",,"analytic_frontier"
0.37875751503006,0.596192384769539,"High type","nu = nu*",,"analytic_frontier"
0.380761523046092,0.59749498997996,"High type","nu = nu*",,"analytic_frontier"
0.382765531062124,0.598797595190381,"High type","nu = nu*",,"analytic_frontier"
0.384769539078156,0.600100200400802,"High type","nu = nu*",,"analytic_frontier"
0.386773547094188,0.601402805611222,"High type","nu = nu*",,"analytic_frontier"
0.38877755511022,0.602705410821643,"High type","nu = nu*",,"analytic_frontier"
0.390781563126252,0.604008016032064,"High type","nu = nu*",,"analytic_frontier"
0.392785571142285,0.605310621242485,"High type","nu = nu*",,"analytic_frontier"
0.394789579158317,0.606613226452906,"High type","nu = nu*",,"analytic_frontier"
0.396793587174349,0.607915831663327,"High type","nu = nu*",,"analytic_frontier"
0.398797595190381,0.609218436873747,"High type","nu = nu*",,"analytic_frontier"
0.400801603206413,0.610521042084168,"High type","nu = nu*",,"analytic_frontier"
0.402805611222445,0.611823647294589,"High type","nu = nu*",,"analytic_frontier"
0.404809619238477,0.61312625250501,"High type","nu = nu*",,"analytic_frontier"
0.406813627254509,0.614428857715431,"High type","nu = nu*",,"analytic_frontier"
0.408817635270541,0.615731462925852,"High type","nu = nu*",,"analytic_frontier"
0.410821643286573,0.617034068136272,"High type","nu = nu*",,"analytic_frontier"
0.412825651302605,0.618336673346693,"High type","nu = nu*",,"analytic_frontier"
0.414829659318637,0.619639278557114,"High type","nu = nu*",,"analytic_frontier"
0.416833667334669,0.620941883767535,"High type","nu = nu*",,"analytic_frontier"
0.418837675350701,0.622244488977956,"High type","nu = nu*",,"analytic_frontier"
0.420841683366733,0.623547094188377,"High type","nu = nu*",,"analytic_frontier"
0.422845691382766,0.624849699398798,"High type","nu = nu*",,"analytic_frontier"
0.424849699398798,0.626152304609218,"High type","nu = nu*",,"analytic_frontier"
0.42685370741483,0.627454909819639,"High type","nu = nu*",,"analytic_frontier"
0.428857715430862,0.62875751503006,"High type","nu = nu*",,"analytic_frontier"
0.430861723446894,0.630060120240481,"High type","nu = nu*",,"analytic_frontier"
0.432865731462926,0.631362725450902,"High type","nu = nu*",,"analytic_frontier"
0.434869739478958,0.632665330661323,"High type","nu = nu*",,"analytic_frontier"
0.43687374749499,0.633967935871743,"High type","nu = nu*",,"analytic_frontier"
0.438877755511022,0.635270541082164,"High type","nu = nu*",,"analytic_frontier"
0.440881763527054,0.636573146292585,"High type","nu = nu*",,"analytic_frontier"
0.442885771543086,0.637875751503006,"High type","nu = nu*",,"analytic_frontier"
0.444889779559118,0.639178356713427,"High type","nu = nu*",,"analytic_frontier"
0.44689378757515,0.640480961923848,"High type","nu = nu*",,"analytic_frontier"
0.448897795591182,0.641783567134268,"High type","nu = nu*",,"analytic_frontier"
0.450901803607214,0.643086172344689,"High type","nu = nu*",,"analytic_frontier"
0.452905811623246,0.64438877755511,"High type","nu = nu*",,"analytic_frontier"
0.454909819639279,0.645691382765531,"High type","nu = nu*",,"analytic_frontier"
0.456913827655311,0.646993987975952,"High type","nu = nu*",,"analytic_frontier"
0.458917835671343,0.648296593186373,"High type","nu = nu*",,"analytic_frontier"
0.460921843687375,0.649599198396793,"High type","nu = nu*",,"analytic_frontier"
0.462925851703407,0.650901803607214,"High type","nu = nu*",,"analytic_frontier"
0.464929859719439,0.652204408817635,"High type","nu = nu*",,"analytic_frontier"
0.466933867735471,0.653507014028056,"High type","nu = nu*",,"analytic_frontier"
0.468937875751503,0.654809619238477,"High type","nu = nu*",,"analytic_frontier"
0.470941883767535,0.656112224448898,"High type","nu = nu*",,"analytic_frontier"
0.472945891783567,0.657414829659319,"High type","nu = nu*",,"analytic_frontier"
0.474949899799599,0.65871743486974,"High type","nu = nu*",,"analytic_frontier"
0.476953907815631,0.66002004008016,"High type","nu = nu*",,"analytic_frontier"
0.478957915831663,0.661322645290581,"High type","nu = nu*",,"analytic_frontier"
0.480961923847695,0.662625250501002,"High type","nu = nu*",,"analytic_frontier"
0.482965931863727,0.663927855711423,"High type","nu = nu*",,"analytic_frontier"
0.48496993987976,0.665230460921844,"High type","nu = nu*",,"analytic_frontier"
0.486973947895792,0.666533066132264,"High type","nu = nu*",,"analytic_frontier"
0.488977955911824,0.667835671342685,"High type","nu = nu*",,"analytic_frontier"
0.490981963927856,0.669138276553106,"High type","nu = nu*",,"analytic_frontier"
0.492985971943888,0.670440881763527,"High type","nu = nu*",,"analytic_frontier"
0.49498997995992,0.671743486973948,"High type","nu = nu*",,"analytic_frontier"
0.496993987975952,0.673046092184369,"High type","nu = nu*",,"analytic_frontier"
0.498997995991984,0.67434869739479,"High type","nu = nu*",,"analytic_frontier"
0.501002004008016,0.67565130260521,"High type","nu = nu*",,"analytic_frontier"
0.503006012024048,0.676953907815631,"High type","nu = nu*",,"analytic_frontier"
0.50501002004008,0.678256513026052,"High type","nu = nu*",,"analytic_frontier"
0.507014028056112,0.679559118236473,"High type","nu = nu*",,"analytic_frontier"
0.509018036072144,0.680861723446894,"High type","nu = nu*",,"analytic_frontier"
0.511022044088176,0.682164328657315,"High type","nu = nu*",,"analytic_frontier"
0.513026052104208,0.683466933867735,"High type","nu = nu*",,"analytic_frontier"
0.51503006012024,0.684769539078156,"High type","nu = nu*",,"analytic_frontier"
0.517034068136273,0.686072144288577,"High type","nu = nu*",,"analytic_frontier"
0.519038076152305,0.687374749498998,"High type","nu = nu*",,"analytic_frontier"
0.521042084168337,0.688677354709419,"High type","nu = nu*",,"analytic_frontier"
0.523046092184369,0.68997995991984,"High type","nu = nu*",,"analytic_frontier"
0.525050100200401,0.69128256513026,"High type","nu = nu*",,"analytic_frontier"
0.527054108216433,0.692585170340681,"High type","nu = nu*",,"analytic_frontier"
0.529058116232465,0.693887775551102,"High type","nu = nu*",,"analytic_frontier"
0.531062124248497,0.695190380761523,"High type","nu = nu*",,"analytic_frontier"
0.533066132264529,0.696492985971944,"High type","nu = nu*",,"analytic_frontier"
0.535070140280561,0.697795591182365,"High type","nu = nu*",,"analytic_frontier"
0.537074148296593,0.699098196392786,"High type","nu = nu*",,"analytic_frontier"
0.539078156312625,0.700400801603206,"High type","nu = nu*",,"analytic_frontier"
0.541082164328657,0.701703406813627,"High type","nu = nu*",,"analytic_frontier"
0.543086172344689,0.703006012024048,"High type","nu = nu*",,"analytic_frontier"
0.545090180360721,0.704308617234469,"High type","nu = nu*",,"analytic_frontier"
0.547094188376753,0.70561122244489,"High type","nu = nu*",,"analytic_frontier"
0.549098196392786,0.706913827655311,"High type","nu = nu*",,"analytic_frontier"
0.551102204408818,0.708216432865731,"High type","nu = nu*",,"analytic_frontier"
0.55310621242485,0.709519038076152,"High type","nu = nu*",,"analytic_frontier"
0.555110220440882,0.710821643286573,"High type","nu = nu*",,"analytic_frontier"
0.557114228456914,0.712124248496994,"High type","nu = nu*",,"analytic_frontier"
0.559118236472946,0.713426853707415,"High type","nu = nu*",,"analytic_frontier"
0.561122244488978,0.714729458917836,"High type","nu = nu*",,"analytic_frontier"
0.56312625250501,0.716032064128256,"High type","nu = nu*",,"analytic_frontier"
0.565130260521042,0.717334669338677,"High type","nu = nu*",,"analytic_frontier"
0.567134268537074,0.718637274549098,"High type","nu = nu*",,"analytic_frontier"
0.569138276553106,0.719939879759519,"High type","nu = nu*",,"analytic_frontier"
0.571142284569138,0.72124248496994,"High type","nu = nu*",,"analytic_frontier"
0.57314629258517,0.722545090180361,"High type","nu = nu*",,"analytic_frontier"
0.575150300601202,0.723847695390782,"High type","nu = nu*",,"analytic_frontier"
0.577154308617234,0.725150300601202,"High type","nu = nu*",,"analytic_frontier"
0.579158316633266,0.726452905811623,"High type","nu = nu*",,"analytic_frontier"
0.581162324649299,0.727755511022044,"High type","nu = nu*",,"analytic_frontier"
0.583166332665331,0.729058116232465,"High type","nu = nu*",,"analytic_frontier"
0.585170340681363,0.730360721442886,"High type","nu = nu*",,"analytic_frontier"
0.587174348697395,0.731663326653307,"High type","nu = nu*",,"analytic_frontier"
0.589178356713427,0.732965931863727,"High type","nu = nu*",,"analytic_frontier"
0.591182364729459,0.734268537074148,"High type","nu = nu*",,"analytic_frontier"
0.593186372745491,0.735571142284569,"High type","nu = nu*",,"analytic_frontier"
0.595190380761523,0.73687374749499,"High type","nu = nu*",,"analytic_frontier"
0.597194388777555,0.738176352705411,"High type","nu = nu*",,"analytic_frontier"
0.599198396793587,0.739478957915832,"High type","nu = nu*",,"analytic_frontier"
0.601202404809619,0.740781563126252,"High type","nu = nu*",,"analytic_frontier"
0.603206412825651,0.742084168336673,"High type","nu = nu*",,"analytic_frontier"
0.605210420841683,0.743386773547094,"High type","nu = nu*",,"analytic_frontier"
0.607214428857715,0.744689378757515,"High type","nu = nu*",,"analytic_frontier"
0.609218436873747,0.745991983967936,"High type","nu = nu*",,"analytic_frontier"
0.61122244488978,0.747294589178357,"High type","nu = nu*",,"analytic_frontier"
0.613226452905812,0.748597194388777,"High type","nu = nu*",,"analytic_frontier"
0.615230460921844,0.749899799599198,"High type","nu = nu*",,"analytic_frontier"
0.617234468937876,0.751202404809619,"High type","nu = nu*",,"analytic_frontier"
0.619238476953908,0.75250501002004,"High type","nu = nu*",,"analytic_frontier"
0.62124248496994,0.753807615230461,"High type","nu = nu*",,"analytic_frontier"
0.623246492985972,0.755110220440882,"High type","nu = nu*",,"analytic_frontier"
0.625250501002004,0.756412825651303,"High type","nu = nu*",,"analytic_frontier"
0.627254509018036,0.757715430861723,"High type","nu = nu*",,"analytic_frontier"
0.629258517034068,0.759018036072144,"High type","nu = nu*",,"analytic_frontier"
0.6312625250501,0.760320641282565,"High type","nu = nu*",,"analytic_frontier"
0.633266533066132,0.761623246492986,"High type","nu = nu*",,"analytic_frontier"
0.635270541082164,0.762925851703407,"High type","nu = nu*",,"analytic_frontier"
0.637274549098196,0.764228456913828,"High type","nu = nu*",,"analytic_frontier"
0.639278557114228,0.765531062124248,"High type","nu = nu*",,"analytic_frontier"
0.64128256513026,0.766833667334669,"High type","nu = nu*",,"analytic_frontier"
0.643286573146293,0.76813627254509,"High type","nu = nu*",,"analytic_frontier"
0.645290581162325,0.769438877755511,"High type","nu = nu*",,"analytic_frontier"
0.647294589178357,0.770741482965932,"High type","nu = nu*",,"analytic_frontier"
0.649298597194389,0.772044088176353,"High type","nu = nu*",,"analytic_frontier"
0.651302605210421,0.773346693386774,"High type","nu = nu*",,"analytic_frontier"
0.653306613226453,0.774649298597194,"High type","nu = nu*",,"analytic_frontier"
0.655310621242485,0.775951903807615,"High type","nu = nu*",,"analytic_frontier"
0.657314629258517,0.777254509018036,"High type","nu = nu*",,"analytic_frontier"
0.659318637274549,0.778557114228457,"High type","nu = nu*",,"analytic_frontier"
0.661322645290581,0.779859719438878,"High type","nu = nu*",,"analytic_frontier"
0.663326653306613,0.781162324649299,"High type","nu = nu*",,"analytic_frontier"
0.665330661322645,0.78246492985972,"High type","nu = nu*",,"analytic_frontier"
0.667334669338677,0.78376753507014,"High type","nu = nu*",,"analytic_frontier"
0.669338677354709,0.785070140280561,"High type","nu = nu*",,"analytic_frontier"
0.671342685370741,0.786372745490982,"High type","nu = nu*",,"analytic_frontier"
0.673346693386773,0.787675350701403,"High type","nu = nu*",,"analytic_frontier"
0.675350701402806,0.788977955911824,"High type","nu = nu*",,"analytic_frontier"
0.677354709418838,0.790280561122244,"High type","nu = nu*",,"analytic_frontier"
0.67935871743487,0.791583166332665,"High type","nu = nu*",,"analytic_frontier"
0.681362725450902,0.792885771543086,"High type","nu = nu*",,"analytic_frontier"
0.683366733466934,0.794188376753507,"High type","nu = nu*",,"analytic_frontier"
0.685370741482966,0.795490981963928,"High type","nu = nu*",,"analytic_frontier"
0.687374749498998,0.796793587174349,"High type","nu = nu*",,"analytic_frontier"
0.68937875751503,0.79809619238477,"High type","nu = nu*",,"analytic_frontier"
0.691382765531062,0.79939879759519,"High type","nu = nu*",,"analytic_frontier"
0.693386773547094,0.800701402805611,"High type","nu = nu*",,"analytic_frontier"
0.695390781563126,0.802004008016032,"High type","nu = nu*",,"analytic_frontier"
0.697394789579158,0.803306613226453,"High type","nu = nu*",,"analytic_frontier"
0.69939879759519,0.804609218436874,"High type","nu = nu*",,"analytic_frontier"
0.701402805611222,0.805911823647295,"High type","nu = nu*",,"analytic_frontier"
0.703406813627254,0.807214428857715,"High type","nu = nu*",,"analytic_frontier"
0.705410821643287,0.808517034068136,"High type","nu = nu*",,"analytic_frontier"
0.707414829659319,0.809819639278557,"High type","nu = nu*",,"analytic_frontier"
0.709418837675351,0.811122244488978,"High type","nu = nu*",,"analytic_frontier"
0.711422845691383,0.812424849699399,"High type","nu = nu*",,"analytic_frontier"
0.713426853707415,0.81372745490982,"High type","nu = nu*",,"analytic_frontier"
0.715430861723447,0.81503006012024,"High type","nu = nu*",,"analytic_frontier"
0.717434869739479,0.816332665330661,"High type","nu = nu*",,"analytic_frontier"
0.719438877755511,0.817635270541082,"High type","nu = nu*",,"analytic_frontier"
0.721442885771543,0.818937875751503,"High type","nu = nu*",,"analytic_frontier"
0.723446893787575,0.820240480961924,"High type","nu = nu*",,"analytic_frontier"
0.725450901803607,0.821543086172345,"High type","nu = nu*",,"analytic_frontier"
0.727454909819639,0.822845691382766,"High type","nu = nu*",,"analytic_frontier"
0.729458917835671,0.824148296593186,"High type","nu = nu*",,"analytic_frontier"
0.731462925851703,0.825450901803607,"High type","nu = nu*",,"analytic_frontier"
0.733466933867735,0.826753507014028,"High type","nu = nu*",,"analytic_frontier"
0.735470941883767,0.828056112224449,"High type","nu = nu*",,"analytic_frontier"
0.7374749498998,0.82935871743487,"High type","nu = nu*",,"analytic_frontier"
0.739478957915832,0.830661322645291,"High type","nu = nu*",,"analytic_frontier"
0.741482965931864,0.831963927855711,"High type","nu = nu*",,"analytic_frontier"
0.743486973947896,0.833266533066132,"High type","nu = nu*",,"analytic_frontier"
0.745490981963928,0.834569138276553,"High type","nu = nu*",,"analytic_frontier"
0.74749498997996,0.835871743486974,"High type","nu = nu*",,"analytic_frontier"
0.749498997995992,0.837174348697395,"High type","nu = nu*",,"analytic_frontier"
0.751503006012024,0.838476953907816,"High type","nu = nu*",,"analytic_frontier"
0.753507014028056,0.839779559118236,"High type","nu = nu*",,"analytic_frontier"
0.755511022044088,0.841082164328657,"High type","nu = nu*",,"analytic_frontier"
0.75751503006012,0.842384769539078,"High type","nu = nu*",,"analytic_frontier"
0.759519038076152,0.843687374749499,"High type","nu = nu*",,"analytic_frontier"
0.761523046092184,0.84498997995992,"High type","nu = nu*",,"analytic_frontier"
0.763527054108216,0.846292585170341,"High type","nu = nu*",,"analytic_frontier"
0.765531062124248,0.847595190380761,"High type","nu = nu*",,"analytic_frontier"
0.76753507014028,0.848897795591182,"High type","nu = nu*",,"analytic_frontier"
0.769539078156313,0.850200400801603,"High type","nu = nu*",,"analytic_frontier"
0.771543086172345,0.851503006012024,"High type","nu = nu*",,"analytic_frontier"
0.773547094188377,0.852805611222445,"High type","nu = nu*",,"analytic_frontier"
0.775551102204409,0.854108216432866,"High type","nu = nu*",,"analytic_frontier"
0.777555110220441,0.855410821643287,"High type","nu = nu*",,"analytic_frontier"
0.779559118236473,0.856713426853707,"High type","nu = nu*",,"analytic_frontier"
0.781563126252505,0.858016032064128,"High type","nu = nu*",,"analytic_frontier"
0.783567134268537,0.859318637274549,"High type","nu = nu*",,"analytic_frontier"
0.785571142284569,0.86062124248497,"High type","nu = nu*",,"analytic_frontier"
0.787575150300601,0.861923847695391,"High type","nu = nu*",,"analytic_frontier"
0.789579158316633,0.863226452905812,"High type","nu = nu*",,"analytic_frontier"
0.791583166332665,0.864529058116232,"High type","nu = nu*",,"analytic_frontier"
0.793587174348697,0.865831663326653,"High type","nu = nu*",,"analytic_frontier"
0.795591182364729,0.867134268537074,"High type","nu = nu*",,"analytic_frontier"
0.797595190380761,0.868436873747495,"High type","nu = nu*",,"analytic_frontier"
0.799599198396793,0.869739478957916,"High type","nu = nu*",,"analytic_frontier"
0.801603206412826,0.871042084168337,"High type","nu = nu*",,"analytic_frontier"
0.803607214428858,0.872344689378757,"High type","nu = nu*",,"analytic_frontier"
0.80561122244489,0.873647294589178,"High type","nu = nu*",,"analytic_frontier"
0.807615230460922,0.874949899799599,"High type","nu = nu*",,"analytic_frontier"
0.809619238476954,0.87625250501002,"High type","nu = nu*",,"analytic_frontier"
0.811623246492986,0.877555110220441,"High type","nu = nu*",,"analytic_frontier"
0.813627254509018,0.878857715430862,"High type","nu = nu*",,"analytic_frontier"
0.81563126252505,0.880160320641282,"High type","nu = nu*",,"analytic_frontier"
0.817635270541082,0.881462925851703,"High type","nu = nu*",,"analytic_frontier"
0.819639278557114,0.882765531062124,"High type","nu = nu*",,"analytic_frontier"
0.821643286573146,0.884068136272545,"High type","nu = nu*",,"analytic_frontier"
0.823647294589178,0.885370741482966,"High type","nu = nu*",,"analytic_frontier"
0.82565130260521,0.886673346693387,"High type","nu = nu*",,"analytic_frontier"
0.827655310621242,0.887975951903808,"High type","nu = nu*",,"analytic_frontier"
0.829659318637274,0.889278557114228,"High type","nu = nu*",,"analytic_frontier"
0.831663326653307,0.890581162324649,"High type","nu = nu*",,"analytic_frontier"
0.833667334669339,0.89188376753507,"High type","nu = nu*",,"analytic_frontier"
0.835671342685371,0.893186372745491,"High type","nu = nu*",,"analytic_frontier"
0.837675350701403,0.894488977955912,"High type","nu = nu*",,"analytic_frontier"
0.839679358717435,0.895791583166333,"High type","nu = nu*",,"analytic_frontier"
0.841683366733467,0.897094188376753,"High type","nu = nu*",,"analytic_frontier"
0.843687374749499,0.898396793587174,"High type","nu = nu*",,"analytic_frontier"
0.845691382765531,0.899699398797595,"High type","nu = nu*",,"analytic_frontier"
0.847695390781563,0.901002004008016,"High type","nu = nu*",,"analytic_frontier"
0.849699398797595,0.902304609218437,"High type","nu = nu*",,"analytic_frontier"
0.851703406813627,0.903607214428858,"High type","nu = nu*",,"analytic_frontier"
0.853707414829659,0.904909819639279,"High type","nu = nu*",,"analytic_frontier"
0.855711422845691,0.906212424849699,"High type","nu = nu*",,"analytic_frontier"
0.857715430861723,0.90751503006012,"High type","nu = nu*",,"analytic_frontier"
0.859719438877755,0.908817635270541,"High type","nu = nu*",,"analytic_frontier"
0.861723446893788,0.910120240480962,"High type","nu = nu*",,"analytic_frontier"
0.86372745490982,0.911422845691383,"High type","nu = nu*",,"analytic_frontier"
0.865731462925852,0.912725450901804,"High type","nu = nu*",,"analytic_frontier"
0.867735470941884,0.914028056112224,"High type","nu = nu*",,"analytic_frontier"
0.869739478957916,0.915330661322645,"High type","nu = nu*",,"analytic_frontier"
0.871743486973948,0.916633266533066,"High type","nu = nu*",,"analytic_frontier"
0.87374749498998,0.917935871743487,"High type","nu = nu*",,"analytic_frontier"
0.875751503006012,0.919238476953908,"High type","nu = nu*",,"analytic_frontier"
0.877755511022044,0.920541082164329,"High type","nu = nu*",,"analytic_frontier"
0.879759519038076,0.921843687374749,"High type","nu = nu*",,"analytic_frontier"
0.881763527054108,0.92314629258517,"High type","nu = nu*",,"analytic_frontier"
0.88376753507014,0.924448897795591,"High type","nu = nu*",,"analytic_frontier"
0.885771543086172,0.925751503006012,"High type","nu = nu*",,"analytic_frontier"
0.887775551102204,0.927054108216433,"High type","nu = nu*",,"analytic_frontier"
0.889779559118236,0.928356713426854,"High type","nu = nu*",,"analytic_frontier"
0.891783567134268,0.929659318637274,"High type","nu = nu*",,"analytic_frontier"
0.8937875751503,0.930961923847695,"High type","nu = nu*",,"analytic_frontier"
0.895791583166333,0.932264529058116,"High type","nu = nu*",,"analytic_frontier"
0.897795591182365,0.933567134268537,"High type","nu = nu*",,"analytic_frontier"
0.899799599198397,0.934869739478958,"High type","nu = nu*",,"analytic_frontier"
0.901803607214429,0.936172344689379,"High type","nu = nu*",,"analytic_frontier"
0.903807615230461,0.9374749498998,"High type","nu = nu*",,"analytic_frontier"
0.905811623246493,0.93877755511022,"High type","nu = nu*",,"analytic_frontier"
0.907815631262525,0.940080160320641,"High type","nu = nu*",,"analytic_frontier"
0.909819639278557,0.941382765531062,"High type","nu = nu*",,"analytic_frontier"
0.911823647294589,0.942685370741483,"High type","nu = nu*",,"analytic_frontier"
0.913827655310621,0.943987975951904,"High type","nu = nu*",,"analytic_frontier"
0.915831663326653,0.945290581162325,"High type","nu = nu*",,"analytic_frontier"
0.917835671342685,0.946593186372745,"High type","nu = nu*",,"analytic_frontier"
0.919839679358717,0.947895791583166,"High type","nu = nu*",,"analytic_frontier"
0.921843687374749,0.949198396793587,"High type","nu = nu*",,"analytic_frontier"
0.923847695390781,0.950501002004008,"High type","nu = nu*",,"analytic_frontier"
0.925851703406814,0.951803607214429,"High type","nu = nu*",,"analytic_frontier"
0.927855711422846,0.95310621242485,"High type","nu = nu*",,"analytic_frontier"
0.929859719438878,0.95440881763527,"High type","nu = nu*",,"analytic_frontier"
0.93186372745491,0.955711422845691,"High type","nu = nu*",,"analytic_frontier"
0.933867735470942,0.957014028056112,"High type","nu = nu*",,"analytic_frontier"
0.935871743486974,0.958316633266533,"High type","nu = nu*",,"analytic_frontier"
0.937875751503006,0.959619238476954,"High type","nu = nu*",,"analytic_frontier"
0.939879759519038,0.960921843687375,"High type","nu = nu*",,"analytic_frontier"
0.94188376753507,0.962224448897796,"High type","nu = nu*",,"analytic_frontier"
0.943887775551102,0.963527054108216,"High type","nu = nu*",,"analytic_frontier"
0.945891783567134,0.964829659318637,"High type","nu = nu*",,"analytic_frontier"
0.947895791583166,0.966132264529058,"High type","nu = nu*",,"analytic_frontier"
0.949899799599198,0.967434869739479,"High type","nu = nu*",,"analytic_frontier"
0.95190380761523,0.9687374749499,"High type","nu = nu*",,"analytic_frontier"
0.953907815631262,0.970040080160321,"High type","nu = nu*",,"analytic_frontier"
0.955911823647295,0.971342685370741,"High type","nu = nu*",,"analytic_frontier"
0.957915831663327,0.972645290581162,"High type","nu = nu*",,"analytic_frontier"
0.959919839679359,0.973947895791583,"High type","nu = nu*",,"analytic_frontier"
0.961923847695391,0.975250501002004,"High type","nu = nu*",,"analytic_frontier"
0.963927855711423,0.976553106212425,"High type","nu = nu*",,"analytic_frontier"
0.965931863727455,0.977855711422846,"High type","nu = nu*",,"analytic_frontier"
0.967935871743487,0.979158316633266,"High type","nu = nu*",,"analytic_frontier"
0.969939879759519,0.980460921843687,"High type","nu = nu*",,"analytic_frontier"
0.971943887775551,0.981763527054108,"High type","nu = nu*",,"analytic_frontier"
0.973947895791583,0.983066132264529,"High type","nu = nu*",,"analytic_frontier"
0.975951903807615,0.98436873747495,"High type","nu = nu*",,"analytic_frontier"
0.977955911823647,0.985671342685371,"High type","nu = nu*",,"analytic_frontier"
0.979959919839679,0.986973947895792,"High type","nu = nu*",,"analytic_frontier"
0.981963927855711,0.988276553106212,"High type","nu = nu*",,"analytic_frontier"
0.983967935871743,0.989579158316633,"High type","nu = nu*",,"analytic_frontier"
0.985971943887775,0.990881763527054,"High type","nu = nu*",,"analytic_frontier"
0.987975951903807,0.992184368737475,"High type","nu = nu*",,"analytic_frontier"
0.98997995991984,0.993486973947896,"High type","nu = nu*",,"analytic_frontier"
0.991983967935872,0.994789579158317,"High type","nu = nu*",,"analytic_frontier"
0.993987975951904,0.996092184368737,"High type","nu = nu*",,"analytic_frontier"
0.995991983967936,0.997394789579158,"High type","nu = nu*",,"analytic_frontier"
0.997995991983968,0.998697394789579,"High type","nu = nu*",,"analytic_frontier"
1,1,"High type","nu = nu*",,"analytic_frontier"
0,0.213888888888889,"High type","nu = nu_SP",,"analytic_frontier"
0.00200400801603206,0.21519149409931,"High type","nu = nu_SP",,"analytic_frontier"
0.00400801603206413,0.216494099309731,"High type","nu = nu_SP",,"analytic_frontier"
0.00601202404809619,0.217796704520151,"High type","nu = nu_SP",,"analytic_frontier"
0.00801603206412826,0.219099309730572,"High type","nu = nu_SP",,"analytic_frontier"
0.0100200400801603,0.220401914940993,"High type","nu = nu_SP",,"analytic_frontier"
0.0120240480961924,0.221704520151414,"High type","nu = nu_SP",,"analytic_frontier"
0.0140280561122244,0.223007125361835,"High type","nu = nu_SP",,"analytic_frontier"
0.0160320641282565,0.224309730572256,"High type","nu = nu_SP",,"analytic_frontier"
0.0180360721442886,0.225612335782676,"High type","nu = nu_SP",,"analytic_frontier"
0.0200400801603206,0.226914940993097,"High type","nu = nu_SP",,"analytic_frontier"
0.0220440881763527,0.228217546203518,"High type","nu = nu_SP",,"analytic_frontier"
0.0240480961923848,0.229520151413939,"High type","nu = nu_SP",,"analytic_frontier"
0.0260521042084168,0.23082275662436,"High type","nu = nu_SP",,"analytic_frontier"
0.0280561122244489,0.232125361834781,"High type","nu = nu_SP",,"analytic_frontier"
0.030060120240481,0.233427967045201,"High type","nu = nu_SP",,"analytic_frontier"
0.032064128256513,0.234730572255622,"High type","nu = nu_SP",,"analytic_frontier"
0.0340681362725451,0.236033177466043,"High type","nu = nu_SP",,"analytic_frontier"
0.0360721442885771,0.237335782676464,"High type","nu = nu_SP",,"analytic_frontier"
0.0380761523046092,0.238638387886885,"High type","nu = nu_SP",,"analytic_frontier"
0.0400801603206413,0.239940993097306,"High type","nu = nu_SP",,"analytic_frontier"
0.0420841683366733,0.241243598307727,"High type","nu = nu_SP",,"analytic_frontier"
0.0440881763527054,0.242546203518147,"High type","nu = nu_SP",,"analytic_frontier"
0.0460921843687375,0.243848808728568,"High type","nu = nu_SP",,"analytic_frontier"
0.0480961923847695,0.245151413938989,"High type","nu = nu_SP",,"analytic_frontier"
0.0501002004008016,0.24645401914941,"High type","nu = nu_SP",,"analytic_frontier"
0.0521042084168337,0.247756624359831,"High type","nu = nu_SP",,"analytic_frontier"
0.0541082164328657,0.249059229570252,"High type","nu = nu_SP",,"analytic_frontier"
0.0555555555555556,0.25,"High type","nu = nu_SE",,"analytic_frontier"
0.0555555555555556,1,"High type","nu = nu_SE",,"analytic_frontier"
0,0.25,"High type","o1 = 1/m",,"analytic_frontier"
0.25,0.25,"High type","o0 = 1/m",,"analytic_frontier"
0.25,1,"High type","o0 = 1/m",,"analytic_frontier"
0.1,0.35,"Low type","Worked example",,"worked_example"
0.1,0.35,"High type","Worked example",,"worked_example"
