"beta","t0","t1","o","mu2_star","a0_1","a1","no_cheap_H_margin","candidate_pattern","any_H_prefers_U","interior_Delta_crossing","mu_share_H_prefers_U","max_V_W_U","min_entry_gap_M_minus_U"
0.45,0.1,0.18,0,0.0888888888888889,0.136,0.18,0.0625,"low_only_plus_pooling",TRUE,FALSE,0.999000999000999,0.072,0.0113333333333333
0.5,0.1,0.18,0,0.0888888888888889,0.14,0.18,0.0583333333333333,"low_only_plus_pooling",TRUE,FALSE,0.999000999000999,0.0716666666666667,0.0116666666666667
0.55,0.1,0.18,0,0.0888888888888889,0.144,0.18,0.0541666666666667,"low_only_plus_pooling",TRUE,FALSE,0.999000999000999,0.0713333333333333,0.012
0.6,0.1,0.18,0,0.0888888888888889,0.148,0.18,0.05,"low_only_plus_pooling",TRUE,FALSE,0.999000999000999,0.071,0.0123333333333333
0.65,0.1,0.18,0,0.0888888888888889,0.152,0.18,0.0458333333333333,"low_only_plus_pooling",TRUE,FALSE,0.999000999000999,0.0706666666666667,0.0126666666666667
0.7,0.1,0.18,0,0.0888888888888889,0.156,0.18,0.0416666666666667,"low_only_plus_pooling",TRUE,FALSE,0.999000999000999,0.0703333333333333,0.013
0.75,0.1,0.18,0,0.0888888888888889,0.16,0.18,0.0375,"low_only_plus_pooling",TRUE,FALSE,0.999000999000999,0.07,0.0133333333333333
0.8,0.1,0.18,0,0.0888888888888889,0.164,0.18,0.0333333333333333,"low_only_plus_pooling",TRUE,FALSE,0.999000999000999,0.0696666666666667,0.0136666666666667
0.85,0.1,0.18,0,0.0888888888888889,0.168,0.18,0.0291666666666667,"low_only_plus_pooling",TRUE,FALSE,0.999000999000999,0.0693333333333333,0.014
0.9,0.1,0.18,0,0.0888888888888889,0.172,0.18,0.025,"low_only_plus_pooling",TRUE,FALSE,0.999000999000999,0.069,0.0143333333333333
0.45,0.15,0.23,0,0.0941176470588236,0.186,0.23,0.1125,"low_only_plus_pooling",TRUE,FALSE,0.999000999000999,0.0678333333333333,0.0155
0.5,0.15,0.23,0,0.0941176470588236,0.19,0.23,0.108333333333333,"low_only_plus_pooling",TRUE,FALSE,0.999000999000999,0.0675,0.0158333333333333
0.55,0.15,0.23,0,0.0941176470588236,0.194,0.23,0.104166666666667,"low_only_plus_pooling",TRUE,FALSE,0.999000999000999,0.0671666666666667,0.0161666666666667
0.6,0.15,0.23,0,0.0941176470588236,0.198,0.23,0.1,"low_only_plus_pooling",TRUE,FALSE,0.999000999000999,0.0668333333333333,0.0165
0.65,0.15,0.23,0,0.0941176470588236,0.202,0.23,0.0958333333333334,"low_only_plus_pooling",TRUE,FALSE,0.999000999000999,0.0665,0.0168333333333333
0.7,0.15,0.23,0,0.0941176470588236,0.206,0.23,0.0916666666666667,"low_only_plus_pooling",TRUE,FALSE,0.999000999000999,0.0661666666666667,0.0171666666666667
0.75,0.15,0.23,0,0.0941176470588236,0.21,0.23,0.0875,"low_only_plus_pooling",TRUE,FALSE,0.999000999000999,0.0658333333333333,0.0175
0.8,0.15,0.23,0,0.0941176470588236,0.214,0.23,0.0833333333333334,"low_only_plus_pooling",TRUE,FALSE,0.999000999000999,0.0655,0.0178333333333333
0.85,0.15,0.23,0,0.0941176470588236,0.218,0.23,0.0791666666666667,"low_only_plus_pooling",TRUE,FALSE,0.999000999000999,0.0651666666666667,0.0181666666666667
0.9,0.15,0.23,0,0.0941176470588236,0.222,0.23,0.075,"low_only_plus_pooling",TRUE,FALSE,0.999000999000999,0.0648333333333333,0.0185
0.45,0.2,0.28,0,0.1,0.236,0.28,0.1625,"low_only_plus_pooling",TRUE,FALSE,0.999000999000999,0.0636666666666667,0.0196666666666667
0.5,0.2,0.28,0,0.1,0.24,0.28,0.158333333333333,"low_only_plus_pooling",TRUE,FALSE,0.999000999000999,0.0633333333333333,0.02
0.55,0.2,0.28,0,0.1,0.244,0.28,0.154166666666667,"low_only_plus_pooling",TRUE,FALSE,0.999000999000999,0.063,0.0203333333333333
0.6,0.2,0.28,0,0.1,0.248,0.28,0.15,"low_only_plus_pooling",TRUE,FALSE,0.999000999000999,0.0626666666666667,0.0206666666666667
0.65,0.2,0.28,0,0.1,0.252,0.28,0.145833333333333,"low_only_plus_pooling",TRUE,FALSE,0.999000999000999,0.0623333333333333,0.021
0.7,0.2,0.28,0,0.1,0.256,0.28,0.141666666666667,"low_only_plus_pooling",TRUE,FALSE,0.999000999000999,0.062,0.0213333333333333
0.75,0.2,0.28,0,0.1,0.26,0.28,0.1375,"low_only_plus_pooling",TRUE,FALSE,0.999000999000999,0.0616666666666667,0.0216666666666667
0.8,0.2,0.28,0,0.1,0.264,0.28,0.133333333333333,"low_only_plus_pooling",TRUE,FALSE,0.999000999000999,0.0613333333333333,0.022
0.85,0.2,0.28,0,0.1,0.268,0.28,0.129166666666667,"low_only_plus_pooling",TRUE,FALSE,0.999000999000999,0.061,0.0223333333333333
0.9,0.2,0.28,0,0.1,0.272,0.28,0.125,"low_only_plus_pooling",TRUE,FALSE,0.999000999000999,0.0606666666666667,0.0226666666666667
0.45,0.25,0.33,0,0.106666666666667,0.286,0.33,0.2125,"low_only_plus_pooling",TRUE,FALSE,0.999000999000999,0.0595,0.0238333333333333
0.5,0.25,0.33,0,0.106666666666667,0.29,0.33,0.208333333333333,"low_only_plus_pooling",TRUE,FALSE,0.999000999000999,0.0591666666666667,0.0241666666666667
0.55,0.25,0.33,0,0.106666666666667,0.294,0.33,0.204166666666667,"low_only_plus_pooling",TRUE,FALSE,0.999000999000999,0.0588333333333333,0.0245
0.6,0.25,0.33,0,0.106666666666667,0.298,0.33,0.2,"low_only_plus_pooling",TRUE,FALSE,0.999000999000999,0.0585,0.0248333333333333
0.65,0.25,0.33,0,0.106666666666667,0.302,0.33,0.195833333333333,"low_only_plus_pooling",TRUE,FALSE,0.999000999000999,0.0581666666666667,0.0251666666666667
0.7,0.25,0.33,0,0.106666666666667,0.306,0.33,0.191666666666667,"low_only_plus_pooling",TRUE,FALSE,0.999000999000999,0.0578333333333333,0.0255
0.75,0.25,0.33,0,0.106666666666667,0.31,0.33,0.1875,"low_only_plus_pooling",TRUE,FALSE,0.999000999000999,0.0575,0.0258333333333333
0.8,0.25,0.33,0,0.106666666666667,0.314,0.33,0.183333333333333,"low_only_plus_pooling",TRUE,FALSE,0.999000999000999,0.0571666666666667,0.0261666666666667
0.85,0.25,0.33,0,0.106666666666667,0.318,0.33,0.179166666666667,"low_only_plus_pooling",TRUE,FALSE,0.999000999000999,0.0568333333333333,0.0265
0.9,0.25,0.33,0,0.106666666666667,0.322,0.33,0.175,"low_only_plus_pooling",TRUE,FALSE,0.999000999000999,0.0565,0.0268333333333333
0.45,0.3,0.38,0,0.114285714285714,0.336,0.38,0.2625,"low_only_plus_pooling",TRUE,FALSE,0.999000999000999,0.0553333333333333,0.028
0.5,0.3,0.38,0,0.114285714285714,0.34,0.38,0.258333333333333,"low_only_plus_pooling",TRUE,FALSE,0.999000999000999,0.055,0.0283333333333333
0.55,0.3,0.38,0,0.114285714285714,0.344,0.38,0.254166666666667,"low_only_plus_pooling",TRUE,FALSE,0.999000999000999,0.0546666666666667,0.0286666666666667
0.6,0.3,0.38,0,0.114285714285714,0.348,0.38,0.25,"low_only_plus_pooling",TRUE,FALSE,0.999000999000999,0.0543333333333333,0.029
0.65,0.3,0.38,0,0.114285714285714,0.352,0.38,0.245833333333333,"low_only_plus_pooling",TRUE,FALSE,0.999000999000999,0.054,0.0293333333333333
0.7,0.3,0.38,0,0.114285714285714,0.356,0.38,0.241666666666667,"low_only_plus_pooling",TRUE,FALSE,0.999000999000999,0.0536666666666667,0.0296666666666667
0.75,0.3,0.38,0,0.114285714285714,0.36,0.38,0.2375,"low_only_plus_pooling",TRUE,FALSE,0.999000999000999,0.0533333333333333,0.03
0.8,0.3,0.38,0,0.114285714285714,0.364,0.38,0.233333333333333,"low_only_plus_pooling",TRUE,FALSE,0.999000999000999,0.053,0.0303333333333333
0.85,0.3,0.38,0,0.114285714285714,0.368,0.38,0.229166666666667,"low_only_plus_pooling",TRUE,FALSE,0.999000999000999,0.0526666666666667,0.0306666666666667
0.9,0.3,0.38,0,0.114285714285714,0.372,0.38,0.225,"delay_plus_pooling",TRUE,FALSE,0.983016983016983,0.0525,0.0308333333333333
0.45,0.35,0.43,0,0.123076923076923,0.386,0.43,0.3125,"low_only_plus_pooling",TRUE,FALSE,0.999000999000999,0.0511666666666667,0.0321666666666667
0.5,0.35,0.43,0,0.123076923076923,0.39,0.43,0.308333333333333,"low_only_plus_pooling",TRUE,FALSE,0.999000999000999,0.0508333333333333,0.0325
0.55,0.35,0.43,0,0.123076923076923,0.394,0.43,0.304166666666667,"low_only_plus_pooling",TRUE,FALSE,0.999000999000999,0.0505,0.0328333333333333
0.6,0.35,0.43,0,0.123076923076923,0.398,0.43,0.3,"low_only_plus_pooling",TRUE,FALSE,0.999000999000999,0.0501666666666667,0.0331666666666667
0.65,0.35,0.43,0,0.123076923076923,0.402,0.43,0.295833333333333,"low_only_plus_pooling",TRUE,FALSE,0.999000999000999,0.0498333333333333,0.0335
0.7,0.35,0.43,0,0.123076923076923,0.406,0.43,0.291666666666667,"low_only_plus_pooling",TRUE,FALSE,0.999000999000999,0.0495,0.0338333333333333
0.75,0.35,0.43,0,0.123076923076923,0.41,0.43,0.2875,"low_only_plus_pooling",TRUE,FALSE,0.999000999000999,0.0491666666666667,0.0341666666666667
0.8,0.35,0.43,0,0.123076923076923,0.414,0.43,0.283333333333333,"low_only_plus_pooling",TRUE,FALSE,0.999000999000999,0.0488333333333333,0.0345
0.85,0.35,0.43,0,0.123076923076923,0.418,0.43,0.279166666666667,"low_only_plus_pooling",TRUE,FALSE,0.999000999000999,0.0485,0.0348333333333333
0.9,0.35,0.43,0,0.123076923076923,0.422,0.43,0.275,"delay_plus_pooling",TRUE,FALSE,0.973026973026973,0.04875,0.0345833333333333
0.45,0.4,0.48,0,0.133333333333333,0.436,0.48,0.3625,"low_only_plus_pooling",TRUE,FALSE,0.999000999000999,0.047,0.0363333333333333
0.5,0.4,0.48,0,0.133333333333333,0.44,0.48,0.358333333333333,"low_only_plus_pooling",TRUE,FALSE,0.999000999000999,0.0466666666666667,0.0366666666666667
0.55,0.4,0.48,0,0.133333333333333,0.444,0.48,0.354166666666667,"low_only_plus_pooling",TRUE,FALSE,0.999000999000999,0.0463333333333333,0.037
0.6,0.4,0.48,0,0.133333333333333,0.448,0.48,0.35,"low_only_plus_pooling",TRUE,FALSE,0.999000999000999,0.046,0.0373333333333333
0.65,0.4,0.48,0,0.133333333333333,0.452,0.48,0.345833333333333,"low_only_plus_pooling",TRUE,FALSE,0.999000999000999,0.0456666666666667,0.0376666666666667
0.7,0.4,0.48,0,0.133333333333333,0.456,0.48,0.341666666666667,"low_only_plus_pooling",TRUE,FALSE,0.999000999000999,0.0453333333333333,0.038
0.75,0.4,0.48,0,0.133333333333333,0.46,0.48,0.3375,"low_only_plus_pooling",TRUE,FALSE,0.999000999000999,0.045,0.0383333333333333
0.8,0.4,0.48,0,0.133333333333333,0.464,0.48,0.333333333333333,"low_only_plus_pooling",TRUE,FALSE,0.999000999000999,0.0446666666666667,0.0386666666666667
0.85,0.4,0.48,0,0.133333333333333,0.468,0.48,0.329166666666667,"low_only_plus_pooling",TRUE,FALSE,0.999000999000999,0.0443333333333333,0.039
0.9,0.4,0.48,0,0.133333333333333,0.472,0.48,0.325,"delay_plus_pooling",TRUE,FALSE,0.961038961038961,0.045,0.0383333333333333
0.45,0.1,0.21,0,0.122222222222222,0.1495,0.21,0.0625,"low_only_plus_pooling",TRUE,FALSE,0.999000999000999,0.070875,0.0124583333333333
0.5,0.1,0.21,0,0.122222222222222,0.155,0.21,0.0583333333333333,"low_only_plus_pooling",TRUE,FALSE,0.999000999000999,0.0704166666666667,0.0129166666666667
0.55,0.1,0.21,0,0.122222222222222,0.1605,0.21,0.0541666666666667,"low_only_plus_pooling",TRUE,FALSE,0.999000999000999,0.0699583333333333,0.013375
0.6,0.1,0.21,0,0.122222222222222,0.166,0.21,0.05,"low_only_plus_pooling",TRUE,FALSE,0.999000999000999,0.0695,0.0138333333333333
0.65,0.1,0.21,0,0.122222222222222,0.1715,0.21,0.0458333333333333,"low_only_plus_pooling",TRUE,FALSE,0.999000999000999,0.0690416666666667,0.0142916666666667
0.7,0.1,0.21,0,0.122222222222222,0.177,0.21,0.0416666666666667,"low_only_plus_pooling",TRUE,FALSE,0.999000999000999,0.0685833333333333,0.01475
0.75,0.1,0.21,0,0.122222222222222,0.1825,0.21,0.0375,"low_only_plus_pooling",TRUE,FALSE,0.999000999000999,0.068125,0.0152083333333333
0.8,0.1,0.21,0,0.122222222222222,0.188,0.21,0.0333333333333333,"low_only_plus_pooling",TRUE,FALSE,0.999000999000999,0.0676666666666667,0.0156666666666667
0.85,0.1,0.21,0,0.122222222222222,0.1935,0.21,0.0291666666666667,"low_only_plus_pooling",TRUE,FALSE,0.999000999000999,0.0672083333333333,0.016125
0.9,0.1,0.21,0,0.122222222222222,0.199,0.21,0.025,"delay_plus_pooling",TRUE,FALSE,0.974025974025974,0.0675,0.0158333333333333
0.45,0.15,0.26,0,0.129411764705882,0.1995,0.26,0.1125,"low_only_plus_pooling",TRUE,FALSE,0.999000999000999,0.0667083333333333,0.016625
0.5,0.15,0.26,0,0.129411764705882,0.205,0.26,0.108333333333333,"low_only_plus_pooling",TRUE,FALSE,0.999000999000999,0.06625,0.0170833333333333
0.55,0.15,0.26,0,0.129411764705882,0.2105,0.26,0.104166666666667,"low_only_plus_pooling",TRUE,FALSE,0.999000999000999,0.0657916666666667,0.0175416666666667
0.6,0.15,0.26,0,0.129411764705882,0.216,0.26,0.1,"low_only_plus_pooling",TRUE,FALSE,0.999000999000999,0.0653333333333333,0.018
0.65,0.15,0.26,0,0.129411764705882,0.2215,0.26,0.0958333333333334,"low_only_plus_pooling",TRUE,FALSE,0.999000999000999,0.064875,0.0184583333333333
0.7,0.15,0.26,0,0.129411764705882,0.227,0.26,0.0916666666666667,"low_only_plus_pooling",TRUE,FALSE,0.999000999000999,0.0644166666666667,0.0189166666666667
0.75,0.15,0.26,0,0.129411764705882,0.2325,0.26,0.0875,"low_only_plus_pooling",TRUE,FALSE,0.999000999000999,0.0639583333333333,0.019375
0.8,0.15,0.26,0,0.129411764705882,0.238,0.26,0.0833333333333334,"low_only_plus_pooling",TRUE,FALSE,0.999000999000999,0.0635,0.0198333333333333
0.85,0.15,0.26,0,0.129411764705882,0.2435,0.26,0.0791666666666667,"low_only_plus_pooling",TRUE,FALSE,0.999000999000999,0.0630416666666667,0.0202916666666667
0.9,0.15,0.26,0,0.129411764705882,0.249,0.26,0.075,"delay_plus_pooling",TRUE,FALSE,0.966033966033966,0.06375,0.0195833333333333
0.45,0.2,0.31,0,0.1375,0.2495,0.31,0.1625,"low_only_plus_pooling",TRUE,FALSE,0.999000999000999,0.0625416666666667,0.0207916666666667
0.5,0.2,0.31,0,0.1375,0.255,0.31,0.158333333333333,"low_only_plus_pooling",TRUE,FALSE,0.999000999000999,0.0620833333333333,0.02125
0.55,0.2,0.31,0,0.1375,0.2605,0.31,0.154166666666667,"low_only_plus_pooling",TRUE,FALSE,0.999000999000999,0.061625,0.0217083333333333
0.6,0.2,0.31,0,0.1375,0.266,0.31,0.15,"low_only_plus_pooling",TRUE,FALSE,0.999000999000999,0.0611666666666667,0.0221666666666667
0.65,0.2,0.31,0,0.1375,0.2715,0.31,0.145833333333333,"low_only_plus_pooling",TRUE,FALSE,0.999000999000999,0.0607083333333333,0.022625
0.7,0.2,0.31,0,0.1375,0.277,0.31,0.141666666666667,"low_only_plus_pooling",TRUE,FALSE,0.999000999000999,0.06025,0.0230833333333333
0.75,0.2,0.31,0,0.1375,0.2825,0.31,0.1375,"low_only_plus_pooling",TRUE,FALSE,0.999000999000999,0.0597916666666667,0.0235416666666667
0.8,0.2,0.31,0,0.1375,0.288,0.31,0.133333333333333,"low_only_plus_pooling",TRUE,FALSE,0.999000999000999,0.0593333333333333,0.024
0.85,0.2,0.31,0,0.1375,0.2935,0.31,0.129166666666667,"low_only_plus_pooling",TRUE,FALSE,0.999000999000999,0.058875,0.0244583333333333
0.9,0.2,0.31,0,0.1375,0.299,0.31,0.125,"delay_plus_pooling",TRUE,FALSE,0.957042957042957,0.06,0.0233333333333333
0.45,0.25,0.36,0,0.146666666666667,0.2995,0.36,0.2125,"low_only_plus_pooling",TRUE,FALSE,0.999000999000999,0.058375,0.0249583333333333
0.5,0.25,0.36,0,0.146666666666667,0.305,0.36,0.208333333333333,"low_only_plus_pooling",TRUE,FALSE,0.999000999000999,0.0579166666666667,0.0254166666666667
0.55,0.25,0.36,0,0.146666666666667,0.3105,0.36,0.204166666666667,"low_only_plus_pooling",TRUE,FALSE,0.999000999000999,0.0574583333333333,0.025875
0.6,0.25,0.36,0,0.146666666666667,0.316,0.36,0.2,"low_only_plus_pooling",TRUE,FALSE,0.999000999000999,0.057,0.0263333333333333
0.65,0.25,0.36,0,0.146666666666667,0.3215,0.36,0.195833333333333,"low_only_plus_pooling",TRUE,FALSE,0.999000999000999,0.0565416666666667,0.0267916666666667
0.7,0.25,0.36,0,0.146666666666667,0.327,0.36,0.191666666666667,"low_only_plus_pooling",TRUE,FALSE,0.999000999000999,0.0560833333333333,0.02725
0.75,0.25,0.36,0,0.146666666666667,0.3325,0.36,0.1875,"low_only_plus_pooling",TRUE,FALSE,0.999000999000999,0.055625,0.0277083333333333
0.8,0.25,0.36,0,0.146666666666667,0.338,0.36,0.183333333333333,"low_only_plus_pooling",TRUE,FALSE,0.999000999000999,0.0551666666666667,0.0281666666666667
0.85,0.25,0.36,0,0.146666666666667,0.3435,0.36,0.179166666666667,"low_only_plus_pooling",TRUE,FALSE,0.999000999000999,0.0547083333333333,0.028625
0.9,0.25,0.36,0,0.146666666666667,0.349,0.36,0.175,"delay_plus_pooling",TRUE,FALSE,0.947052947052947,0.05625,0.0270833333333333
0.45,0.3,0.41,0,0.157142857142857,0.3495,0.41,0.2625,"low_only_plus_pooling",TRUE,FALSE,0.999000999000999,0.0542083333333333,0.029125
0.5,0.3,0.41,0,0.157142857142857,0.355,0.41,0.258333333333333,"low_only_plus_pooling",TRUE,FALSE,0.999000999000999,0.05375,0.0295833333333333
0.55,0.3,0.41,0,0.157142857142857,0.3605,0.41,0.254166666666667,"low_only_plus_pooling",TRUE,FALSE,0.999000999000999,0.0532916666666667,0.0300416666666667
0.6,0.3,0.41,0,0.157142857142857,0.366,0.41,0.25,"low_only_plus_pooling",TRUE,FALSE,0.999000999000999,0.0528333333333333,0.0305
0.65,0.3,0.41,0,0.157142857142857,0.3715,0.41,0.245833333333333,"low_only_plus_pooling",TRUE,FALSE,0.999000999000999,0.052375,0.0309583333333333
0.7,0.3,0.41,0,0.157142857142857,0.377,0.41,0.241666666666667,"low_only_plus_pooling",TRUE,FALSE,0.999000999000999,0.0519166666666667,0.0314166666666667
0.75,0.3,0.41,0,0.157142857142857,0.3825,0.41,0.2375,"low_only_plus_pooling",TRUE,FALSE,0.999000999000999,0.0514583333333333,0.031875
0.8,0.3,0.41,0,0.157142857142857,0.388,0.41,0.233333333333333,"low_only_plus_pooling",TRUE,FALSE,0.999000999000999,0.051,0.0323333333333333
0.85,0.3,0.41,0,0.157142857142857,0.3935,0.41,0.229166666666667,"low_only_plus_pooling",TRUE,FALSE,0.999000999000999,0.0505416666666667,0.0327916666666667
0.9,0.3,0.41,0,0.157142857142857,0.399,0.41,0.225,"delay_plus_pooling",TRUE,FALSE,0.935064935064935,0.0525,0.0308333333333333
0.45,0.35,0.46,0,0.169230769230769,0.3995,0.46,0.3125,"low_only_plus_pooling",TRUE,FALSE,0.999000999000999,0.0500416666666667,0.0332916666666667
0.5,0.35,0.46,0,0.169230769230769,0.405,0.46,0.308333333333333,"low_only_plus_pooling",TRUE,FALSE,0.999000999000999,0.0495833333333333,0.03375
0.55,0.35,0.46,0,0.169230769230769,0.4105,0.46,0.304166666666667,"low_only_plus_pooling",TRUE,FALSE,0.999000999000999,0.049125,0.0342083333333333
0.6,0.35,0.46,0,0.169230769230769,0.416,0.46,0.3,"low_only_plus_pooling",TRUE,FALSE,0.999000999000999,0.0486666666666667,0.0346666666666667
0.65,0.35,0.46,0,0.169230769230769,0.4215,0.46,0.295833333333333,"low_only_plus_pooling",TRUE,FALSE,0.999000999000999,0.0482083333333333,0.035125
0.7,0.35,0.46,0,0.169230769230769,0.427,0.46,0.291666666666667,"low_only_plus_pooling",TRUE,FALSE,0.999000999000999,0.04775,0.0355833333333333
0.75,0.35,0.46,0,0.169230769230769,0.4325,0.46,0.2875,"low_only_plus_pooling",TRUE,FALSE,0.999000999000999,0.0472916666666667,0.0360416666666667
0.8,0.35,0.46,0,0.169230769230769,0.438,0.46,0.283333333333333,"low_only_plus_pooling",TRUE,FALSE,0.999000999000999,0.0468333333333333,0.0365
0.85,0.35,0.46,0,0.169230769230769,0.4435,0.46,0.279166666666667,"low_only_plus_pooling",TRUE,FALSE,0.999000999000999,0.046375,0.0369583333333333
0.9,0.35,0.46,0,0.169230769230769,0.449,0.46,0.275,"delay_plus_pooling",TRUE,FALSE,0.922077922077922,0.04875,0.0345833333333333
0.45,0.4,0.51,0,0.183333333333333,0.4495,0.51,0.3625,"low_only_plus_pooling",TRUE,FALSE,0.999000999000999,0.045875,0.0374583333333333
0.5,0.4,0.51,0,0.183333333333333,0.455,0.51,0.358333333333333,"low_only_plus_pooling",TRUE,FALSE,0.999000999000999,0.0454166666666667,0.0379166666666667
0.55,0.4,0.51,0,0.183333333333333,0.4605,0.51,0.354166666666667,"low_only_plus_pooling",TRUE,FALSE,0.999000999000999,0.0449583333333333,0.038375
0.6,0.4,0.51,0,0.183333333333333,0.466,0.51,0.35,"low_only_plus_pooling",TRUE,FALSE,0.999000999000999,0.0445,0.0388333333333333
0.65,0.4,0.51,0,0.183333333333333,0.4715,0.51,0.345833333333333,"low_only_plus_pooling",TRUE,FALSE,0.999000999000999,0.0440416666666667,0.0392916666666667
0.7,0.4,0.51,0,0.183333333333333,0.477,0.51,0.341666666666667,"low_only_plus_pooling",TRUE,FALSE,0.999000999000999,0.0435833333333333,0.03975
0.75,0.4,0.51,0,0.183333333333333,0.4825,0.51,0.3375,"low_only_plus_pooling",TRUE,FALSE,0.999000999000999,0.043125,0.0402083333333333
0.8,0.4,0.51,0,0.183333333333333,0.488,0.51,0.333333333333333,"low_only_plus_pooling",TRUE,FALSE,0.999000999000999,0.0426666666666667,0.0406666666666667
0.85,0.4,0.51,0,0.183333333333333,0.4935,0.51,0.329166666666667,"delay_plus_pooling",TRUE,FALSE,0.959040959040959,0.0425,0.0408333333333333
0.9,0.4,0.51,0,0.183333333333333,0.499,0.51,0.325,"delay_plus_pooling",TRUE,FALSE,0.906093906093906,0.045,0.0383333333333333
0.45,0.1,0.24,0,0.155555555555556,0.163,0.24,0.0625,"low_only_plus_pooling",TRUE,FALSE,0.999000999000999,0.06975,0.0135833333333333
0.5,0.1,0.24,0,0.155555555555556,0.17,0.24,0.0583333333333333,"low_only_plus_pooling",TRUE,FALSE,0.999000999000999,0.0691666666666667,0.0141666666666667
0.55,0.1,0.24,0,0.155555555555556,0.177,0.24,0.0541666666666667,"low_only_plus_pooling",TRUE,FALSE,0.999000999000999,0.0685833333333333,0.01475
0.6,0.1,0.24,0,0.155555555555556,0.184,0.24,0.05,"low_only_plus_pooling",TRUE,FALSE,0.999000999000999,0.068,0.0153333333333333
0.65,0.1,0.24,0,0.155555555555556,0.191,0.24,0.0458333333333333,"low_only_plus_pooling",TRUE,FALSE,0.999000999000999,0.0674166666666667,0.0159166666666667
0.7,0.1,0.24,0,0.155555555555556,0.198,0.24,0.0416666666666667,"low_only_plus_pooling",TRUE,FALSE,0.999000999000999,0.0668333333333333,0.0165
0.75,0.1,0.24,0,0.155555555555556,0.205,0.24,0.0375,"low_only_plus_pooling",TRUE,FALSE,0.999000999000999,0.06625,0.0170833333333333
0.8,0.1,0.24,0,0.155555555555556,0.212,0.24,0.0333333333333333,"low_only_plus_pooling",TRUE,FALSE,0.999000999000999,0.0656666666666667,0.0176666666666667
0.85,0.1,0.24,0,0.155555555555556,0.219,0.24,0.0291666666666667,"low_only_plus_pooling",TRUE,FALSE,0.999000999000999,0.0650833333333333,0.01825
0.9,0.1,0.24,0,0.155555555555556,0.226,0.24,0.025,"delay_plus_pooling",TRUE,FALSE,0.937062937062937,0.0675,0.0158333333333333
0.45,0.15,0.29,0,0.164705882352941,0.213,0.29,0.1125,"low_only_plus_pooling",TRUE,FALSE,0.999000999000999,0.0655833333333333,0.01775
0.5,0.15,0.29,0,0.164705882352941,0.22,0.29,0.108333333333333,"low_only_plus_pooling",TRUE,FALSE,0.999000999000999,0.065,0.0183333333333333
0.55,0.15,0.29,0,0.164705882352941,0.227,0.29,0.104166666666667,"low_only_plus_pooling",TRUE,FALSE,0.999000999000999,0.0644166666666667,0.0189166666666667
0.6,0.15,0.29,0,0.164705882352941,0.234,0.29,0.1,"low_only_plus_pooling",TRUE,FALSE,0.999000999000999,0.0638333333333333,0.0195
0.65,0.15,0.29,0,0.164705882352941,0.241,0.29,0.0958333333333334,"low_only_plus_pooling",TRUE,FALSE,0.999000999000999,0.06325,0.0200833333333333
0.7,0.15,0.29,0,0.164705882352941,0.248,0.29,0.0916666666666667,"low_only_plus_pooling",TRUE,FALSE,0.999000999000999,0.0626666666666667,0.0206666666666667
0.75,0.15,0.29,0,0.164705882352941,0.255,0.29,0.0875,"low_only_plus_pooling",TRUE,FALSE,0.999000999000999,0.0620833333333333,0.02125
0.8,0.15,0.29,0,0.164705882352941,0.262,0.29,0.0833333333333334,"low_only_plus_pooling",TRUE,FALSE,0.999000999000999,0.0615,0.0218333333333333
0.85,0.15,0.29,0,0.164705882352941,0.269,0.29,0.0791666666666667,"low_only_plus_pooling",TRUE,FALSE,0.999000999000999,0.0609166666666667,0.0224166666666667
0.9,0.15,0.29,0,0.164705882352941,0.276,0.29,0.075,"delay_plus_pooling",TRUE,FALSE,0.927072927072927,0.06375,0.0195833333333333
0.45,0.2,0.34,0,0.175,0.263,0.34,0.1625,"low_only_plus_pooling",TRUE,FALSE,0.999000999000999,0.0614166666666667,0.0219166666666667
0.5,0.2,0.34,0,0.175,0.27,0.34,0.158333333333333,"low_only_plus_pooling",TRUE,FALSE,0.999000999000999,0.0608333333333333,0.0225
0.55,0.2,0.34,0,0.175,0.277,0.34,0.154166666666667,"low_only_plus_pooling",TRUE,FALSE,0.999000999000999,0.06025,0.0230833333333333
0.6,0.2,0.34,0,0.175,0.284,0.34,0.15,"low_only_plus_pooling",TRUE,FALSE,0.999000999000999,0.0596666666666667,0.0236666666666667
0.65,0.2,0.34,0,0.175,0.291,0.34,0.145833333333333,"low_only_plus_pooling",TRUE,FALSE,0.999000999000999,0.0590833333333333,0.02425
0.7,0.2,0.34,0,0.175,0.298,0.34,0.141666666666667,"low_only_plus_pooling",TRUE,FALSE,0.999000999000999,0.0585,0.0248333333333333
0.75,0.2,0.34,0,0.175,0.305,0.34,0.1375,"low_only_plus_pooling",TRUE,FALSE,0.999000999000999,0.0579166666666667,0.0254166666666667
0.8,0.2,0.34,0,0.175,0.312,0.34,0.133333333333333,"low_only_plus_pooling",TRUE,FALSE,0.999000999000999,0.0573333333333333,0.026
0.85,0.2,0.34,0,0.175,0.319,0.34,0.129166666666667,"low_only_plus_pooling",TRUE,FALSE,0.999000999000999,0.05675,0.0265833333333333
0.9,0.2,0.34,0,0.175,0.326,0.34,0.125,"delay_plus_pooling",TRUE,FALSE,0.915084915084915,0.06,0.0233333333333333
0.45,0.25,0.39,0,0.186666666666667,0.313,0.39,0.2125,"low_only_plus_pooling",TRUE,FALSE,0.999000999000999,0.05725,0.0260833333333333
0.5,0.25,0.39,0,0.186666666666667,0.32,0.39,0.208333333333333,"low_only_plus_pooling",TRUE,FALSE,0.999000999000999,0.0566666666666667,0.0266666666666667
0.55,0.25,0.39,0,0.186666666666667,0.327,0.39,0.204166666666667,"low_only_plus_pooling",TRUE,FALSE,0.999000999000999,0.0560833333333333,0.02725
0.6,0.25,0.39,0,0.186666666666667,0.334,0.39,0.2,"low_only_plus_pooling",TRUE,FALSE,0.999000999000999,0.0555,0.0278333333333333
0.65,0.25,0.39,0,0.186666666666667,0.341,0.39,0.195833333333333,"low_only_plus_pooling",TRUE,FALSE,0.999000999000999,0.0549166666666667,0.0284166666666667
0.7,0.25,0.39,0,0.186666666666667,0.348,0.39,0.191666666666667,"low_only_plus_pooling",TRUE,FALSE,0.999000999000999,0.0543333333333333,0.029
0.75,0.25,0.39,0,0.186666666666667,0.355,0.39,0.1875,"low_only_plus_pooling",TRUE,FALSE,0.999000999000999,0.05375,0.0295833333333333
0.8,0.25,0.39,0,0.186666666666667,0.362,0.39,0.183333333333333,"low_only_plus_pooling",TRUE,FALSE,0.999000999000999,0.0531666666666667,0.0301666666666667
0.85,0.25,0.39,0,0.186666666666667,0.369,0.39,0.179166666666667,"delay_plus_pooling",TRUE,FALSE,0.955044955044955,0.053125,0.0302083333333333
0.9,0.25,0.39,0,0.186666666666667,0.376,0.39,0.175,"delay_plus_pooling",TRUE,FALSE,0.902097902097902,0.05625,0.0270833333333333
0.45,0.3,0.44,0,0.2,0.363,0.44,0.2625,"low_only_plus_pooling",TRUE,FALSE,0.999000999000999,0.0530833333333333,0.03025
0.5,0.3,0.44,0,0.2,0.37,0.44,0.258333333333333,"low_only_plus_pooling",TRUE,FALSE,0.999000999000999,0.0525,0.0308333333333333
0.55,0.3,0.44,0,0.2,0.377,0.44,0.254166666666667,"low_only_plus_pooling",TRUE,FALSE,0.999000999000999,0.0519166666666667,0.0314166666666667
0.6,0.3,0.44,0,0.2,0.384,0.44,0.25,"low_only_plus_pooling",TRUE,FALSE,0.999000999000999,0.0513333333333333,0.032
0.65,0.3,0.44,0,0.2,0.391,0.44,0.245833333333333,"low_only_plus_pooling",TRUE,FALSE,0.999000999000999,0.05075,0.0325833333333333
0.7,0.3,0.44,0,0.2,0.398,0.44,0.241666666666667,"low_only_plus_pooling",TRUE,FALSE,0.999000999000999,0.0501666666666667,0.0331666666666667
0.75,0.3,0.44,0,0.2,0.405,0.44,0.2375,"low_only_plus_pooling",TRUE,FALSE,0.999000999000999,0.0495833333333333,0.03375
0.8,0.3,0.44,0,0.2,0.412,0.44,0.233333333333333,"low_only_plus_pooling",TRUE,FALSE,0.999000999000999,0.049,0.0343333333333333
0.85,0.3,0.44,0,0.2,0.419,0.44,0.229166666666667,"delay_plus_pooling",TRUE,FALSE,0.94005994005994,0.0495833333333333,0.03375
0.9,0.3,0.44,0,0.2,0.426,0.44,0.225,"delay_plus_pooling",TRUE,FALSE,0.887112887112887,0.0525,0.0308333333333333
0.45,0.35,0.49,0,0.215384615384615,0.413,0.49,0.3125,"low_only_plus_pooling",TRUE,FALSE,0.999000999000999,0.0489166666666667,0.0344166666666667
0.5,0.35,0.49,0,0.215384615384615,0.42,0.49,0.308333333333333,"low_only_plus_pooling",TRUE,FALSE,0.999000999000999,0.0483333333333333,0.035
0.55,0.35,0.49,0,0.215384615384615,0.427,0.49,0.304166666666667,"low_only_plus_pooling",TRUE,FALSE,0.999000999000999,0.04775,0.0355833333333333
0.6,0.35,0.49,0,0.215384615384615,0.434,0.49,0.3,"low_only_plus_pooling",TRUE,FALSE,0.999000999000999,0.0471666666666667,0.0361666666666667
0.65,0.35,0.49,0,0.215384615384615,0.441,0.49,0.295833333333333,"low_only_plus_pooling",TRUE,FALSE,0.999000999000999,0.0465833333333333,0.03675
0.7,0.35,0.49,0,0.215384615384615,0.448,0.49,0.291666666666667,"low_only_plus_pooling",TRUE,FALSE,0.999000999000999,0.046,0.0373333333333333
0.75,0.35,0.49,0,0.215384615384615,0.455,0.49,0.2875,"low_only_plus_pooling",TRUE,FALSE,0.999000999000999,0.0454166666666667,0.0379166666666667
0.8,0.35,0.49,0,0.215384615384615,0.462,0.49,0.283333333333333,"low_only_plus_pooling",TRUE,FALSE,0.999000999000999,0.0448333333333333,0.0385
0.85,0.35,0.49,0,0.215384615384615,0.469,0.49,0.279166666666667,"delay_plus_pooling",TRUE,FALSE,0.922077922077922,0.0460416666666667,0.0372916666666667
0.9,0.35,0.49,0,0.215384615384615,0.476,0.49,0.275,"delay_plus_pooling",TRUE,FALSE,0.87012987012987,0.04875,0.0345833333333333
0.45,0.4,0.54,0,0.233333333333333,0.463,0.54,0.3625,"low_only_plus_pooling",TRUE,FALSE,0.999000999000999,0.04475,0.0385833333333333
0.5,0.4,0.54,0,0.233333333333333,0.47,0.54,0.358333333333333,"low_only_plus_pooling",TRUE,FALSE,0.999000999000999,0.0441666666666667,0.0391666666666667
0.55,0.4,0.54,0,0.233333333333333,0.477,0.54,0.354166666666667,"low_only_plus_pooling",TRUE,FALSE,0.999000999000999,0.0435833333333333,0.03975
0.6,0.4,0.54,0,0.233333333333333,0.484,0.54,0.35,"low_only_plus_pooling",TRUE,FALSE,0.999000999000999,0.043,0.0403333333333333
0.65,0.4,0.54,0,0.233333333333333,0.491,0.54,0.345833333333333,"low_only_plus_pooling",TRUE,FALSE,0.999000999000999,0.0424166666666667,0.0409166666666667
0.7,0.4,0.54,0,0.233333333333333,0.498,0.54,0.341666666666667,"low_only_plus_pooling",TRUE,FALSE,0.999000999000999,0.0418333333333333,0.0415
0.75,0.4,0.54,0,0.233333333333333,0.505,0.54,0.3375,"low_only_plus_pooling",TRUE,FALSE,0.999000999000999,0.04125,0.0420833333333333
0.8,0.4,0.54,0,0.233333333333333,0.512,0.54,0.333333333333333,"low_only_plus_pooling",TRUE,FALSE,0.999000999000999,0.0406666666666667,0.0426666666666667
0.85,0.4,0.54,0,0.233333333333333,0.519,0.54,0.329166666666667,"delay_plus_pooling",TRUE,FALSE,0.9000999000999,0.0425,0.0408333333333333
0.9,0.4,0.54,0,0.233333333333333,0.526,0.54,0.325,"delay_plus_pooling",TRUE,FALSE,0.85014985014985,0.045,0.0383333333333333
0.45,0.1,0.27,0,0.188888888888889,0.1765,0.27,0.0625,"low_only_plus_pooling",TRUE,FALSE,0.999000999000999,0.068625,0.0147083333333333
0.5,0.1,0.27,0,0.188888888888889,0.185,0.27,0.0583333333333333,"low_only_plus_pooling",TRUE,FALSE,0.999000999000999,0.0679166666666667,0.0154166666666667
0.55,0.1,0.27,0,0.188888888888889,0.1935,0.27,0.0541666666666667,"low_only_plus_pooling",TRUE,FALSE,0.999000999000999,0.0672083333333333,0.016125
0.6,0.1,0.27,0,0.188888888888889,0.202,0.27,0.05,"low_only_plus_pooling",TRUE,FALSE,0.999000999000999,0.0665,0.0168333333333333
0.65,0.1,0.27,0,0.188888888888889,0.2105,0.27,0.0458333333333333,"low_only_plus_pooling",TRUE,FALSE,0.999000999000999,0.0657916666666667,0.0175416666666667
0.7,0.1,0.27,0,0.188888888888889,0.219,0.27,0.0416666666666667,"low_only_plus_pooling",TRUE,FALSE,0.999000999000999,0.0650833333333333,0.01825
0.75,0.1,0.27,0,0.188888888888889,0.2275,0.27,0.0375,"low_only_plus_pooling",TRUE,FALSE,0.999000999000999,0.064375,0.0189583333333333
0.8,0.1,0.27,0,0.188888888888889,0.236,0.27,0.0333333333333333,"low_only_plus_pooling",TRUE,FALSE,0.999000999000999,0.0636666666666667,0.0196666666666667
0.85,0.1,0.27,0,0.188888888888889,0.2445,0.27,0.0291666666666667,"delay_plus_pooling",TRUE,FALSE,0.953046953046953,0.06375,0.0195833333333333
0.9,0.1,0.27,0,0.188888888888889,0.253,0.27,0.025,"delay_plus_pooling",TRUE,FALSE,0.9000999000999,0.0675,0.0158333333333333
0.45,0.15,0.32,0,0.2,0.2265,0.32,0.1125,"low_only_plus_pooling",TRUE,FALSE,0.999000999000999,0.0644583333333333,0.018875
0.5,0.15,0.32,0,0.2,0.235,0.32,0.108333333333333,"low_only_plus_pooling",TRUE,FALSE,0.999000999000999,0.06375,0.0195833333333333
0.55,0.15,0.32,0,0.2,0.2435,0.32,0.104166666666667,"low_only_plus_pooling",TRUE,FALSE,0.999000999000999,0.0630416666666667,0.0202916666666667
0.6,0.15,0.32,0,0.2,0.252,0.32,0.1,"low_only_plus_pooling",TRUE,FALSE,0.999000999000999,0.0623333333333333,0.021
0.65,0.15,0.32,0,0.2,0.2605,0.32,0.0958333333333334,"low_only_plus_pooling",TRUE,FALSE,0.999000999000999,0.061625,0.0217083333333333
0.7,0.15,0.32,0,0.2,0.269,0.32,0.0916666666666667,"low_only_plus_pooling",TRUE,FALSE,0.999000999000999,0.0609166666666667,0.0224166666666667
0.75,0.15,0.32,0,0.2,0.2775,0.32,0.0875,"low_only_plus_pooling",TRUE,FALSE,0.999000999000999,0.0602083333333333,0.023125
0.8,0.15,0.32,0,0.2,0.286,0.32,0.0833333333333334,"low_only_plus_pooling",TRUE,FALSE,0.999000999000999,0.0595,0.0238333333333333
0.85,0.15,0.32,0,0.2,0.2945,0.32,0.0791666666666667,"delay_plus_pooling",TRUE,FALSE,0.94005994005994,0.0602083333333333,0.023125
0.9,0.15,0.32,0,0.2,0.303,0.32,0.075,"delay_plus_pooling",TRUE,FALSE,0.887112887112887,0.06375,0.0195833333333333
0.45,0.2,0.37,0,0.2125,0.2765,0.37,0.1625,"low_only_plus_pooling",TRUE,FALSE,0.999000999000999,0.0602916666666667,0.0230416666666667
0.5,0.2,0.37,0,0.2125,0.285,0.37,0.158333333333333,"low_only_plus_pooling",TRUE,FALSE,0.999000999000999,0.0595833333333333,0.02375
0.55,0.2,0.37,0,0.2125,0.2935,0.37,0.154166666666667,"low_only_plus_pooling",TRUE,FALSE,0.999000999000999,0.058875,0.0244583333333333
0.6,0.2,0.37,0,0.2125,0.302,0.37,0.15,"low_only_plus_pooling",TRUE,FALSE,0.999000999000999,0.0581666666666667,0.0251666666666667
0.65,0.2,0.37,0,0.2125,0.3105,0.37,0.145833333333333,"low_only_plus_pooling",TRUE,FALSE,0.999000999000999,0.0574583333333333,0.025875
0.7,0.2,0.37,0,0.2125,0.319,0.37,0.141666666666667,"low_only_plus_pooling",TRUE,FALSE,0.999000999000999,0.05675,0.0265833333333333
0.75,0.2,0.37,0,0.2125,0.3275,0.37,0.1375,"low_only_plus_pooling",TRUE,FALSE,0.999000999000999,0.0560416666666667,0.0272916666666667
0.8,0.2,0.37,0,0.2125,0.336,0.37,0.133333333333333,"low_only_plus_pooling",TRUE,FALSE,0.999000999000999,0.0553333333333333,0.028
0.85,0.2,0.37,0,0.2125,0.3445,0.37,0.129166666666667,"delay_plus_pooling",TRUE,FALSE,0.925074925074925,0.0566666666666667,0.0266666666666667
0.9,0.2,0.37,0,0.2125,0.353,0.37,0.125,"delay_plus_pooling",TRUE,FALSE,0.873126873126873,0.06,0.0233333333333333
0.45,0.25,0.42,0,0.226666666666667,0.3265,0.42,0.2125,"low_only_plus_pooling",TRUE,FALSE,0.999000999000999,0.056125,0.0272083333333333
0.5,0.25,0.42,0,0.226666666666667,0.335,0.42,0.208333333333333,"low_only_plus_pooling",TRUE,FALSE,0.999000999000999,0.0554166666666667,0.0279166666666667
0.55,0.25,0.42,0,0.226666666666667,0.3435,0.42,0.204166666666667,"low_only_plus_pooling",TRUE,FALSE,0.999000999000999,0.0547083333333333,0.028625
0.6,0.25,0.42,0,0.226666666666667,0.352,0.42,0.2,"low_only_plus_pooling",TRUE,FALSE,0.999000999000999,0.054,0.0293333333333333
0.65,0.25,0.42,0,0.226666666666667,0.3605,0.42,0.195833333333333,"low_only_plus_pooling",TRUE,FALSE,0.999000999000999,0.0532916666666667,0.0300416666666667
0.7,0.25,0.42,0,0.226666666666667,0.369,0.42,0.191666666666667,"low_only_plus_pooling",TRUE,FALSE,0.999000999000999,0.0525833333333333,0.03075
0.75,0.25,0.42,0,0.226666666666667,0.3775,0.42,0.1875,"low_only_plus_pooling",TRUE,FALSE,0.999000999000999,0.051875,0.0314583333333333
0.8,0.25,0.42,0,0.226666666666667,0.386,0.42,0.183333333333333,"low_only_plus_pooling",TRUE,FALSE,0.999000999000999,0.0511666666666667,0.0321666666666667
0.85,0.25,0.42,0,0.226666666666667,0.3945,0.42,0.179166666666667,"delay_plus_pooling",TRUE,FALSE,0.908091908091908,0.053125,0.0302083333333333
0.9,0.25,0.42,0,0.226666666666667,0.403,0.42,0.175,"delay_plus_pooling",TRUE,FALSE,0.858141858141858,0.05625,0.0270833333333333
0.45,0.3,0.47,0,0.242857142857143,0.3765,0.47,0.2625,"low_only_plus_pooling",TRUE,FALSE,0.999000999000999,0.0519583333333333,0.031375
0.5,0.3,0.47,0,0.242857142857143,0.385,0.47,0.258333333333333,"low_only_plus_pooling",TRUE,FALSE,0.999000999000999,0.05125,0.0320833333333333
0.55,0.3,0.47,0,0.242857142857143,0.3935,0.47,0.254166666666667,"low_only_plus_pooling",TRUE,FALSE,0.999000999000999,0.0505416666666667,0.0327916666666667
0.6,0.3,0.47,0,0.242857142857143,0.402,0.47,0.25,"low_only_plus_pooling",TRUE,FALSE,0.999000999000999,0.0498333333333333,0.0335
0.65,0.3,0.47,0,0.242857142857143,0.4105,0.47,0.245833333333333,"low_only_plus_pooling",TRUE,FALSE,0.999000999000999,0.049125,0.0342083333333333
0.7,0.3,0.47,0,0.242857142857143,0.419,0.47,0.241666666666667,"low_only_plus_pooling",TRUE,FALSE,0.999000999000999,0.0484166666666667,0.0349166666666667
0.75,0.3,0.47,0,0.242857142857143,0.4275,0.47,0.2375,"low_only_plus_pooling",TRUE,FALSE,0.999000999000999,0.0477083333333333,0.035625
0.8,0.3,0.47,0,0.242857142857143,0.436,0.47,0.233333333333333,"low_only_plus_pooling",TRUE,FALSE,0.999000999000999,0.047,0.0363333333333333
0.85,0.3,0.47,0,0.242857142857143,0.4445,0.47,0.229166666666667,"delay_plus_pooling",TRUE,FALSE,0.889110889110889,0.0495833333333333,0.03375
0.9,0.3,0.47,0,0.242857142857143,0.453,0.47,0.225,"delay_plus_pooling",TRUE,FALSE,0.84015984015984,0.0525,0.0308333333333333
0.45,0.35,0.52,0,0.261538461538462,0.4265,0.52,0.3125,"low_only_plus_pooling",TRUE,FALSE,0.999000999000999,0.0477916666666667,0.0355416666666667
0.5,0.35,0.52,0,0.261538461538462,0.435,0.52,0.308333333333333,"low_only_plus_pooling",TRUE,FALSE,0.999000999000999,0.0470833333333333,0.03625
0.55,0.35,0.52,0,0.261538461538462,0.4435,0.52,0.304166666666667,"low_only_plus_pooling",TRUE,FALSE,0.999000999000999,0.046375,0.0369583333333333
0.6,0.35,0.52,0,0.261538461538462,0.452,0.52,0.3,"low_only_plus_pooling",TRUE,FALSE,0.999000999000999,0.0456666666666667,0.0376666666666667
0.65,0.35,0.52,0,0.261538461538462,0.4605,0.52,0.295833333333333,"low_only_plus_pooling",TRUE,FALSE,0.999000999000999,0.0449583333333333,0.038375
0.7,0.35,0.52,0,0.261538461538462,0.469,0.52,0.291666666666667,"low_only_plus_pooling",TRUE,FALSE,0.999000999000999,0.04425,0.0390833333333333
0.75,0.35,0.52,0,0.261538461538462,0.4775,0.52,0.2875,"low_only_plus_pooling",TRUE,FALSE,0.999000999000999,0.0435416666666667,0.0397916666666667
0.8,0.35,0.52,0,0.261538461538462,0.486,0.52,0.283333333333333,"delay_plus_pooling",TRUE,FALSE,0.922077922077922,0.0433333333333333,0.04
0.85,0.35,0.52,0,0.261538461538462,0.4945,0.52,0.279166666666667,"delay_plus_pooling",TRUE,FALSE,0.867132867132867,0.0460416666666667,0.0372916666666667
0.9,0.35,0.52,0,0.261538461538462,0.503,0.52,0.275,"delay_plus_pooling",TRUE,FALSE,0.819180819180819,0.04875,0.0345833333333333
0.45,0.4,0.57,0,0.283333333333333,0.4765,0.57,0.3625,"low_only_plus_pooling",TRUE,FALSE,0.999000999000999,0.043625,0.0397083333333333
0.5,0.4,0.57,0,0.283333333333333,0.485,0.57,0.358333333333333,"low_only_plus_pooling",TRUE,FALSE,0.999000999000999,0.0429166666666667,0.0404166666666667
0.55,0.4,0.57,0,0.283333333333333,0.4935,0.57,0.354166666666667,"low_only_plus_pooling",TRUE,FALSE,0.999000999000999,0.0422083333333333,0.041125
0.6,0.4,0.57,0,0.283333333333333,0.502,0.57,0.35,"low_only_plus_pooling",TRUE,FALSE,0.999000999000999,0.0415,0.0418333333333333
0.65,0.4,0.57,0,0.283333333333333,0.5105,0.57,0.345833333333333,"low_only_plus_pooling",TRUE,FALSE,0.999000999000999,0.0407916666666667,0.0425416666666667
0.7,0.4,0.57,0,0.283333333333333,0.519,0.57,0.341666666666667,"low_only_plus_pooling",TRUE,FALSE,0.999000999000999,0.0400833333333333,0.04325
0.75,0.4,0.57,0,0.283333333333333,0.5275,0.57,0.3375,"low_only_plus_pooling",TRUE,FALSE,0.999000999000999,0.039375,0.0439583333333333
0.8,0.4,0.57,0,0.283333333333333,0.536,0.57,0.333333333333333,"delay_plus_pooling",TRUE,FALSE,0.894105894105894,0.04,0.0433333333333333
0.85,0.4,0.57,0,0.283333333333333,0.5445,0.57,0.329166666666667,"delay_plus_pooling",TRUE,FALSE,0.842157842157842,0.0425,0.0408333333333333
0.9,0.4,0.57,0,0.283333333333333,0.553,0.57,0.325,"delay_plus_pooling",TRUE,FALSE,0.795204795204795,0.045,0.0383333333333333
0.45,0.1,0.3,0,0.222222222222222,0.19,0.3,0.0625,"low_only_plus_pooling",TRUE,FALSE,0.999000999000999,0.0675,0.0158333333333333
0.5,0.1,0.3,0,0.222222222222222,0.2,0.3,0.0583333333333333,"low_only_plus_pooling",TRUE,FALSE,0.999000999000999,0.0666666666666667,0.0166666666666667
0.55,0.1,0.3,0,0.222222222222222,0.21,0.3,0.0541666666666667,"low_only_plus_pooling",TRUE,FALSE,0.999000999000999,0.0658333333333333,0.0175
0.6,0.1,0.3,0,0.222222222222222,0.22,0.3,0.05,"low_only_plus_pooling",TRUE,FALSE,0.999000999000999,0.065,0.0183333333333333
0.65,0.1,0.3,0,0.222222222222222,0.23,0.3,0.0458333333333333,"low_only_plus_pooling",TRUE,FALSE,0.999000999000999,0.0641666666666667,0.0191666666666667
0.7,0.1,0.3,0,0.222222222222222,0.24,0.3,0.0416666666666667,"low_only_plus_pooling",TRUE,FALSE,0.999000999000999,0.0633333333333333,0.02
0.75,0.1,0.3,0,0.222222222222222,0.25,0.3,0.0375,"low_only_plus_pooling",TRUE,FALSE,0.999000999000999,0.0625,0.0208333333333333
0.8,0.1,0.3,0,0.222222222222222,0.26,0.3,0.0333333333333333,"low_only_plus_pooling",TRUE,FALSE,0.999000999000999,0.0616666666666667,0.0216666666666667
0.85,0.1,0.3,0,0.222222222222222,0.27,0.3,0.0291666666666667,"delay_plus_pooling",TRUE,FALSE,0.914085914085914,0.06375,0.0195833333333333
0.9,0.1,0.3,0,0.222222222222222,0.28,0.3,0.025,"delay_plus_pooling",TRUE,FALSE,0.863136863136863,0.0675,0.0158333333333333
0.45,0.15,0.35,0,0.235294117647059,0.24,0.35,0.1125,"low_only_plus_pooling",TRUE,FALSE,0.999000999000999,0.0633333333333333,0.02
0.5,0.15,0.35,0,0.235294117647059,0.25,0.35,0.108333333333333,"low_only_plus_pooling",TRUE,FALSE,0.999000999000999,0.0625,0.0208333333333333
0.55,0.15,0.35,0,0.235294117647059,0.26,0.35,0.104166666666667,"low_only_plus_pooling",TRUE,FALSE,0.999000999000999,0.0616666666666667,0.0216666666666667
0.6,0.15,0.35,0,0.235294117647059,0.27,0.35,0.1,"low_only_plus_pooling",TRUE,FALSE,0.999000999000999,0.0608333333333333,0.0225
0.65,0.15,0.35,0,0.235294117647059,0.28,0.35,0.0958333333333334,"low_only_plus_pooling",TRUE,FALSE,0.999000999000999,0.06,0.0233333333333333
0.7,0.15,0.35,0,0.235294117647059,0.29,0.35,0.0916666666666667,"low_only_plus_pooling",TRUE,FALSE,0.999000999000999,0.0591666666666667,0.0241666666666667
0.75,0.15,0.35,0,0.235294117647059,0.3,0.35,0.0875,"low_only_plus_pooling",TRUE,FALSE,0.999000999000999,0.0583333333333333,0.025
0.8,0.15,0.35,0,0.235294117647059,0.31,0.35,0.0833333333333334,"low_only_plus_pooling",TRUE,FALSE,0.999000999000999,0.0575,0.0258333333333333
0.85,0.15,0.35,0,0.235294117647059,0.32,0.35,0.0791666666666667,"delay_plus_pooling",TRUE,FALSE,0.898101898101898,0.0602083333333333,0.023125
0.9,0.15,0.35,0,0.235294117647059,0.33,0.35,0.075,"delay_plus_pooling",TRUE,FALSE,0.848151848151848,0.06375,0.0195833333333333
0.45,0.2,0.4,0,0.25,0.29,0.4,0.1625,"low_only_plus_pooling",TRUE,FALSE,0.999000999000999,0.0591666666666667,0.0241666666666667
0.5,0.2,0.4,0,0.25,0.3,0.4,0.158333333333333,"low_only_plus_pooling",TRUE,FALSE,0.999000999000999,0.0583333333333333,0.025
0.55,0.2,0.4,0,0.25,0.31,0.4,0.154166666666667,"low_only_plus_pooling",TRUE,FALSE,0.999000999000999,0.0575,0.0258333333333333
0.6,0.2,0.4,0,0.25,0.32,0.4,0.15,"low_only_plus_pooling",TRUE,FALSE,0.999000999000999,0.0566666666666667,0.0266666666666667
0.65,0.2,0.4,0,0.25,0.33,0.4,0.145833333333333,"low_only_plus_pooling",TRUE,FALSE,0.999000999000999,0.0558333333333333,0.0275
0.7,0.2,0.4,0,0.25,0.34,0.4,0.141666666666667,"low_only_plus_pooling",TRUE,FALSE,0.999000999000999,0.055,0.0283333333333333
0.75,0.2,0.4,0,0.25,0.35,0.4,0.1375,"low_only_plus_pooling",TRUE,FALSE,0.999000999000999,0.0541666666666667,0.0291666666666667
0.8,0.2,0.4,0,0.25,0.36,0.4,0.133333333333333,"all_three",TRUE,FALSE,0.998001998001998,0.0533333333333333,0.03
0.85,0.2,0.4,0,0.25,0.37,0.4,0.129166666666667,"delay_plus_pooling",TRUE,FALSE,0.881118881118881,0.0566666666666667,0.0266666666666667
0.9,0.2,0.4,0,0.25,0.38,0.4,0.125,"delay_plus_pooling",TRUE,FALSE,0.832167832167832,0.06,0.0233333333333333
0.45,0.25,0.45,0,0.266666666666667,0.34,0.45,0.2125,"low_only_plus_pooling",TRUE,FALSE,0.999000999000999,0.055,0.0283333333333333
0.5,0.25,0.45,0,0.266666666666667,0.35,0.45,0.208333333333333,"low_only_plus_pooling",TRUE,FALSE,0.999000999000999,0.0541666666666667,0.0291666666666667
0.55,0.25,0.45,0,0.266666666666667,0.36,0.45,0.204166666666667,"low_only_plus_pooling",TRUE,FALSE,0.999000999000999,0.0533333333333333,0.03
0.6,0.25,0.45,0,0.266666666666667,0.37,0.45,0.2,"low_only_plus_pooling",TRUE,FALSE,0.999000999000999,0.0525,0.0308333333333333
0.65,0.25,0.45,0,0.266666666666667,0.38,0.45,0.195833333333333,"low_only_plus_pooling",TRUE,FALSE,0.999000999000999,0.0516666666666667,0.0316666666666667
0.7,0.25,0.45,0,0.266666666666667,0.39,0.45,0.191666666666667,"low_only_plus_pooling",TRUE,FALSE,0.999000999000999,0.0508333333333333,0.0325
0.75,0.25,0.45,0,0.266666666666667,0.4,0.45,0.1875,"low_only_plus_pooling",TRUE,FALSE,0.999000999000999,0.05,0.0333333333333333
0.8,0.25,0.45,0,0.266666666666667,0.41,0.45,0.183333333333333,"delay_plus_pooling",TRUE,FALSE,0.915084915084915,0.05,0.0333333333333333
0.85,0.25,0.45,0,0.266666666666667,0.42,0.45,0.179166666666667,"delay_plus_pooling",TRUE,FALSE,0.861138861138861,0.053125,0.0302083333333333
0.9,0.25,0.45,0,0.266666666666667,0.43,0.45,0.175,"delay_plus_pooling",TRUE,FALSE,0.813186813186813,0.05625,0.0270833333333333
0.45,0.3,0.5,0,0.285714285714286,0.39,0.5,0.2625,"low_only_plus_pooling",TRUE,FALSE,0.999000999000999,0.0508333333333333,0.0325
0.5,0.3,0.5,0,0.285714285714286,0.4,0.5,0.258333333333333,"low_only_plus_pooling",TRUE,FALSE,0.999000999000999,0.05,0.0333333333333333
0.55,0.3,0.5,0,0.285714285714286,0.41,0.5,0.254166666666667,"low_only_plus_pooling",TRUE,FALSE,0.999000999000999,0.0491666666666667,0.0341666666666667
0.6,0.3,0.5,0,0.285714285714286,0.42,0.5,0.25,"low_only_plus_pooling",TRUE,FALSE,0.999000999000999,0.0483333333333333,0.035
0.65,0.3,0.5,0,0.285714285714286,0.43,0.5,0.245833333333333,"low_only_plus_pooling",TRUE,FALSE,0.999000999000999,0.0475,0.0358333333333333
0.7,0.3,0.5,0,0.285714285714286,0.44,0.5,0.241666666666667,"low_only_plus_pooling",TRUE,FALSE,0.999000999000999,0.0466666666666667,0.0366666666666667
0.75,0.3,0.5,0,0.285714285714286,0.45,0.5,0.2375,"low_only_plus_pooling",TRUE,FALSE,0.999000999000999,0.0458333333333333,0.0375
0.8,0.3,0.5,0,0.285714285714286,0.46,0.5,0.233333333333333,"delay_plus_pooling",TRUE,FALSE,0.891108891108891,0.0466666666666667,0.0366666666666667
0.85,0.3,0.5,0,0.285714285714286,0.47,0.5,0.229166666666667,"delay_plus_pooling",TRUE,FALSE,0.839160839160839,0.0495833333333333,0.03375
0.9,0.3,0.5,0,0.285714285714286,0.48,0.5,0.225,"delay_plus_pooling",TRUE,FALSE,0.792207792207792,0.0525,0.0308333333333333
0.45,0.35,0.55,0,0.307692307692308,0.44,0.55,0.3125,"low_only_plus_pooling",TRUE,FALSE,0.999000999000999,0.0466666666666667,0.0366666666666667
0.5,0.35,0.55,0,0.307692307692308,0.45,0.55,0.308333333333333,"low_only_plus_pooling",TRUE,FALSE,0.999000999000999,0.0458333333333333,0.0375
0.55,0.35,0.55,0,0.307692307692308,0.46,0.55,0.304166666666667,"low_only_plus_pooling",TRUE,FALSE,0.999000999000999,0.045,0.0383333333333333
0.6,0.35,0.55,0,0.307692307692308,0.47,0.55,0.3,"low_only_plus_pooling",TRUE,FALSE,0.999000999000999,0.0441666666666667,0.0391666666666667
0.65,0.35,0.55,0,0.307692307692308,0.48,0.55,0.295833333333333,"low_only_plus_pooling",TRUE,FALSE,0.999000999000999,0.0433333333333333,0.04
0.7,0.35,0.55,0,0.307692307692308,0.49,0.55,0.291666666666667,"low_only_plus_pooling",TRUE,FALSE,0.999000999000999,0.0425,0.0408333333333333
0.75,0.35,0.55,0,0.307692307692308,0.5,0.55,0.2875,"low_only_plus_pooling",TRUE,FALSE,0.999000999000999,0.0416666666666667,0.0416666666666667
0.8,0.35,0.55,0,0.307692307692308,0.51,0.55,0.283333333333333,"delay_plus_pooling",TRUE,FALSE,0.864135864135864,0.0433333333333333,0.04
0.85,0.35,0.55,0,0.307692307692308,0.52,0.55,0.279166666666667,"delay_plus_pooling",TRUE,FALSE,0.813186813186813,0.0460416666666667,0.0372916666666667
0.9,0.35,0.55,0,0.307692307692308,0.53,0.55,0.275,"delay_plus_pooling",TRUE,FALSE,0.768231768231768,0.04875,0.0345833333333333
0.45,0.4,0.6,0,0.333333333333333,0.49,0.6,0.3625,"low_only_plus_pooling",TRUE,FALSE,0.999000999000999,0.0425,0.0408333333333333
0.5,0.4,0.6,0,0.333333333333333,0.5,0.6,0.358333333333333,"low_only_plus_pooling",TRUE,FALSE,0.999000999000999,0.0416666666666667,0.0416666666666667
0.55,0.4,0.6,0,0.333333333333333,0.51,0.6,0.354166666666667,"low_only_plus_pooling",TRUE,FALSE,0.999000999000999,0.0408333333333333,0.0425
0.6,0.4,0.6,0,0.333333333333333,0.52,0.6,0.35,"low_only_plus_pooling",TRUE,FALSE,0.999000999000999,0.04,0.0433333333333333
0.65,0.4,0.6,0,0.333333333333333,0.53,0.6,0.345833333333333,"low_only_plus_pooling",TRUE,FALSE,0.999000999000999,0.0391666666666667,0.0441666666666667
0.7,0.4,0.6,0,0.333333333333333,0.54,0.6,0.341666666666667,"low_only_plus_pooling",TRUE,FALSE,0.999000999000999,0.0383333333333333,0.045
0.75,0.4,0.6,0,0.333333333333333,0.55,0.6,0.3375,"all_three",TRUE,FALSE,0.998001998001998,0.0375,0.0458333333333333
0.8,0.4,0.6,0,0.333333333333333,0.56,0.6,0.333333333333333,"delay_plus_pooling",TRUE,FALSE,0.832167832167832,0.04,0.0433333333333333
0.85,0.4,0.6,0,0.333333333333333,0.57,0.6,0.329166666666667,"delay_plus_pooling",TRUE,FALSE,0.783216783216783,0.0425,0.0408333333333333
0.9,0.4,0.6,0,0.333333333333333,0.58,0.6,0.325,"delay_plus_pooling",TRUE,FALSE,0.739260739260739,0.045,0.0383333333333333
0.45,0.1,0.33,0,0.255555555555555,0.2035,0.33,0.0625,"low_only_plus_pooling",TRUE,FALSE,0.999000999000999,0.066375,0.0169583333333333
0.5,0.1,0.33,0,0.255555555555555,0.215,0.33,0.0583333333333333,"low_only_plus_pooling",TRUE,FALSE,0.999000999000999,0.0654166666666667,0.0179166666666667
0.55,0.1,0.33,0,0.255555555555555,0.2265,0.33,0.0541666666666667,"low_only_plus_pooling",TRUE,FALSE,0.999000999000999,0.0644583333333333,0.018875
0.6,0.1,0.33,0,0.255555555555555,0.238,0.33,0.05,"low_only_plus_pooling",TRUE,FALSE,0.999000999000999,0.0635,0.0198333333333333
0.65,0.1,0.33,0,0.255555555555555,0.2495,0.33,0.0458333333333333,"low_only_plus_pooling",TRUE,FALSE,0.999000999000999,0.0625416666666667,0.0207916666666667
0.7,0.1,0.33,0,0.255555555555555,0.261,0.33,0.0416666666666667,"low_only_plus_pooling",TRUE,FALSE,0.999000999000999,0.0615833333333333,0.02175
0.75,0.1,0.33,0,0.255555555555555,0.2725,0.33,0.0375,"low_only_plus_pooling",TRUE,FALSE,0.999000999000999,0.060625,0.0227083333333333
0.8,0.1,0.33,0,0.255555555555555,0.284,0.33,0.0333333333333333,"delay_plus_pooling",TRUE,FALSE,0.929070929070929,0.06,0.0233333333333333
0.85,0.1,0.33,0,0.255555555555555,0.2955,0.33,0.0291666666666667,"delay_plus_pooling",TRUE,FALSE,0.874125874125874,0.06375,0.0195833333333333
0.9,0.1,0.33,0,0.255555555555555,0.307,0.33,0.025,"delay_plus_pooling",TRUE,FALSE,0.826173826173826,0.0675,0.0158333333333333
0.45,0.15,0.38,0,0.270588235294118,0.2535,0.38,0.1125,"low_only_plus_pooling",TRUE,FALSE,0.999000999000999,0.0622083333333333,0.021125
0.5,0.15,0.38,0,0.270588235294118,0.265,0.38,0.108333333333333,"low_only_plus_pooling",TRUE,FALSE,0.999000999000999,0.06125,0.0220833333333333
0.55,0.15,0.38,0,0.270588235294118,0.2765,0.38,0.104166666666667,"low_only_plus_pooling",TRUE,FALSE,0.999000999000999,0.0602916666666667,0.0230416666666667
0.6,0.15,0.38,0,0.270588235294118,0.288,0.38,0.1,"low_only_plus_pooling",TRUE,FALSE,0.999000999000999,0.0593333333333333,0.024
0.65,0.15,0.38,0,0.270588235294118,0.2995,0.38,0.0958333333333334,"low_only_plus_pooling",TRUE,FALSE,0.999000999000999,0.058375,0.0249583333333333
0.7,0.15,0.38,0,0.270588235294118,0.311,0.38,0.0916666666666667,"low_only_plus_pooling",TRUE,FALSE,0.999000999000999,0.0574166666666667,0.0259166666666667
0.75,0.15,0.38,0,0.270588235294118,0.3225,0.38,0.0875,"low_only_plus_pooling",TRUE,FALSE,0.999000999000999,0.0564583333333333,0.026875
0.8,0.15,0.38,0,0.270588235294118,0.334,0.38,0.0833333333333334,"delay_plus_pooling",TRUE,FALSE,0.91008991008991,0.0566666666666667,0.0266666666666667
0.85,0.15,0.38,0,0.270588235294118,0.3455,0.38,0.0791666666666667,"delay_plus_pooling",TRUE,FALSE,0.857142857142857,0.0602083333333333,0.023125
0.9,0.15,0.38,0,0.270588235294118,0.357,0.38,0.075,"delay_plus_pooling",TRUE,FALSE,0.809190809190809,0.06375,0.0195833333333333
0.45,0.2,0.43,0,0.2875,0.3035,0.43,0.1625,"low_only_plus_pooling",TRUE,FALSE,0.999000999000999,0.0580416666666667,0.0252916666666667
0.5,0.2,0.43,0,0.2875,0.315,0.43,0.158333333333333,"low_only_plus_pooling",TRUE,FALSE,0.999000999000999,0.0570833333333333,0.02625
0.55,0.2,0.43,0,0.2875,0.3265,0.43,0.154166666666667,"low_only_plus_pooling",TRUE,FALSE,0.999000999000999,0.056125,0.0272083333333333
0.6,0.2,0.43,0,0.2875,0.338,0.43,0.15,"low_only_plus_pooling",TRUE,FALSE,0.999000999000999,0.0551666666666667,0.0281666666666667
0.65,0.2,0.43,0,0.2875,0.3495,0.43,0.145833333333333,"low_only_plus_pooling",TRUE,FALSE,0.999000999000999,0.0542083333333333,0.029125
0.7,0.2,0.43,0,0.2875,0.361,0.43,0.141666666666667,"low_only_plus_pooling",TRUE,FALSE,0.999000999000999,0.05325,0.0300833333333333
0.75,0.2,0.43,0,0.2875,0.3725,0.43,0.1375,"low_only_plus_pooling",TRUE,FALSE,0.999000999000999,0.0522916666666667,0.0310416666666667
0.8,0.2,0.43,0,0.2875,0.384,0.43,0.133333333333333,"delay_plus_pooling",TRUE,FALSE,0.889110889110889,0.0533333333333333,0.03
0.85,0.2,0.43,0,0.2875,0.3955,0.43,0.129166666666667,"delay_plus_pooling",TRUE,FALSE,0.837162837162837,0.0566666666666667,0.0266666666666667
0.9,0.2,0.43,0,0.2875,0.407,0.43,0.125,"delay_plus_pooling",TRUE,FALSE,0.79020979020979,0.06,0.0233333333333333
0.45,0.25,0.48,0,0.306666666666667,0.3535,0.48,0.2125,"low_only_plus_pooling",TRUE,FALSE,0.999000999000999,0.053875,0.0294583333333333
0.5,0.25,0.48,0,0.306666666666667,0.365,0.48,0.208333333333333,"low_only_plus_pooling",TRUE,FALSE,0.999000999000999,0.0529166666666667,0.0304166666666667
0.55,0.25,0.48,0,0.306666666666667,0.3765,0.48,0.204166666666667,"low_only_plus_pooling",TRUE,FALSE,0.999000999000999,0.0519583333333333,0.031375
0.6,0.25,0.48,0,0.306666666666667,0.388,0.48,0.2,"low_only_plus_pooling",TRUE,FALSE,0.999000999000999,0.051,0.0323333333333333
0.65,0.25,0.48,0,0.306666666666667,0.3995,0.48,0.195833333333333,"low_only_plus_pooling",TRUE,FALSE,0.999000999000999,0.0500416666666667,0.0332916666666667
0.7,0.25,0.48,0,0.306666666666667,0.411,0.48,0.191666666666667,"low_only_plus_pooling",TRUE,FALSE,0.999000999000999,0.0490833333333333,0.03425
0.75,0.25,0.48,0,0.306666666666667,0.4225,0.48,0.1875,"low_only_plus_pooling",TRUE,FALSE,0.999000999000999,0.048125,0.0352083333333333
0.8,0.25,0.48,0,0.306666666666667,0.434,0.48,0.183333333333333,"delay_plus_pooling",TRUE,FALSE,0.865134865134865,0.05,0.0333333333333333
0.85,0.25,0.48,0,0.306666666666667,0.4455,0.48,0.179166666666667,"delay_plus_pooling",TRUE,FALSE,0.814185814185814,0.053125,0.0302083333333333
0.9,0.25,0.48,0,0.306666666666667,0.457,0.48,0.175,"delay_plus_pooling",TRUE,FALSE,0.769230769230769,0.05625,0.0270833333333333
0.45,0.3,0.53,0,0.328571428571429,0.4035,0.53,0.2625,"low_only_plus_pooling",TRUE,FALSE,0.999000999000999,0.0497083333333333,0.033625
0.5,0.3,0.53,0,0.328571428571429,0.415,0.53,0.258333333333333,"low_only_plus_pooling",TRUE,FALSE,0.999000999000999,0.04875,0.0345833333333333
0.55,0.3,0.53,0,0.328571428571429,0.4265,0.53,0.254166666666667,"low_only_plus_pooling",TRUE,FALSE,0.999000999000999,0.0477916666666667,0.0355416666666667
0.6,0.3,0.53,0,0.328571428571429,0.438,0.53,0.25,"low_only_plus_pooling",TRUE,FALSE,0.999000999000999,0.0468333333333333,0.0365
0.65,0.3,0.53,0,0.328571428571429,0.4495,0.53,0.245833333333333,"low_only_plus_pooling",TRUE,FALSE,0.999000999000999,0.045875,0.0374583333333333
0.7,0.3,0.53,0,0.328571428571429,0.461,0.53,0.241666666666667,"low_only_plus_pooling",TRUE,FALSE,0.999000999000999,0.0449166666666667,0.0384166666666667
0.75,0.3,0.53,0,0.328571428571429,0.4725,0.53,0.2375,"low_only_plus_pooling",TRUE,FALSE,0.999000999000999,0.0439583333333333,0.039375
0.8,0.3,0.53,0,0.328571428571429,0.484,0.53,0.233333333333333,"delay_plus_pooling",TRUE,FALSE,0.838161838161838,0.0466666666666667,0.0366666666666667
0.85,0.3,0.53,0,0.328571428571429,0.4955,0.53,0.229166666666667,"delay_plus_pooling",TRUE,FALSE,0.788211788211788,0.0495833333333333,0.03375
0.9,0.3,0.53,0,0.328571428571429,0.507,0.53,0.225,"delay_plus_pooling",TRUE,FALSE,0.745254745254745,0.0525,0.0308333333333333
0.45,0.35,0.58,0,0.353846153846154,0.4535,0.58,0.3125,"low_only_plus_pooling",TRUE,FALSE,0.999000999000999,0.0455416666666667,0.0377916666666667
0.5,0.35,0.58,0,0.353846153846154,0.465,0.58,0.308333333333333,"low_only_plus_pooling",TRUE,FALSE,0.999000999000999,0.0445833333333333,0.03875
0.55,0.35,0.58,0,0.353846153846154,0.4765,0.58,0.304166666666667,"low_only_plus_pooling",TRUE,FALSE,0.999000999000999,0.043625,0.0397083333333333
0.6,0.35,0.58,0,0.353846153846154,0.488,0.58,0.3,"low_only_plus_pooling",TRUE,FALSE,0.999000999000999,0.0426666666666667,0.0406666666666667
0.65,0.35,0.58,0,0.353846153846154,0.4995,0.58,0.295833333333333,"low_only_plus_pooling",TRUE,FALSE,0.999000999000999,0.0417083333333333,0.041625
0.7,0.35,0.58,0,0.353846153846154,0.511,0.58,0.291666666666667,"low_only_plus_pooling",TRUE,FALSE,0.999000999000999,0.04075,0.0425833333333333
0.75,0.35,0.58,0,0.353846153846154,0.5225,0.58,0.2875,"delay_plus_pooling",TRUE,FALSE,0.86013986013986,0.040625,0.0427083333333333
0.8,0.35,0.58,0,0.353846153846154,0.534,0.58,0.283333333333333,"delay_plus_pooling",TRUE,FALSE,0.806193806193806,0.0433333333333333,0.04
0.85,0.35,0.58,0,0.353846153846154,0.5455,0.58,0.279166666666667,"delay_plus_pooling",TRUE,FALSE,0.759240759240759,0.0460416666666667,0.0372916666666667
0.9,0.35,0.58,0,0.353846153846154,0.557,0.58,0.275,"delay_plus_pooling",TRUE,FALSE,0.716283716283716,0.04875,0.0345833333333333
0.45,0.4,0.63,0,0.383333333333333,0.5035,0.63,0.3625,"low_only_plus_pooling",TRUE,FALSE,0.999000999000999,0.041375,0.0419583333333333
0.5,0.4,0.63,0,0.383333333333333,0.515,0.63,0.358333333333333,"low_only_plus_pooling",TRUE,FALSE,0.999000999000999,0.0404166666666667,0.0429166666666667
0.55,0.4,0.63,0,0.383333333333333,0.5265,0.63,0.354166666666667,"low_only_plus_pooling",TRUE,FALSE,0.999000999000999,0.0394583333333333,0.043875
0.6,0.4,0.63,0,0.383333333333333,0.538,0.63,0.35,"low_only_plus_pooling",TRUE,FALSE,0.999000999000999,0.0385,0.0448333333333333
0.65,0.4,0.63,0,0.383333333333333,0.5495,0.63,0.345833333333333,"low_only_plus_pooling",TRUE,FALSE,0.999000999000999,0.0375416666666667,0.0457916666666667
0.7,0.4,0.63,0,0.383333333333333,0.561,0.63,0.341666666666667,"low_only_plus_pooling",TRUE,FALSE,0.999000999000999,0.0365833333333333,0.04675
0.75,0.4,0.63,0,0.383333333333333,0.5725,0.63,0.3375,"delay_plus_pooling",TRUE,FALSE,0.821178821178821,0.0375,0.0458333333333333
0.8,0.4,0.63,0,0.383333333333333,0.584,0.63,0.333333333333333,"delay_plus_pooling",TRUE,FALSE,0.769230769230769,0.04,0.0433333333333333
0.85,0.4,0.63,0,0.383333333333333,0.5955,0.63,0.329166666666667,"delay_plus_pooling",TRUE,FALSE,0.724275724275724,0.0425,0.0408333333333333
0.9,0.4,0.63,0,0.383333333333333,0.607,0.63,0.325,"delay_plus_pooling",TRUE,FALSE,0.684315684315684,0.045,0.0383333333333333
0.45,0.1,0.36,0,0.288888888888889,0.217,0.36,0.0625,"low_only_plus_pooling",TRUE,FALSE,0.999000999000999,0.06525,0.0180833333333333
0.5,0.1,0.36,0,0.288888888888889,0.23,0.36,0.0583333333333333,"low_only_plus_pooling",TRUE,FALSE,0.999000999000999,0.0641666666666667,0.0191666666666667
0.55,0.1,0.36,0,0.288888888888889,0.243,0.36,0.0541666666666667,"low_only_plus_pooling",TRUE,FALSE,0.999000999000999,0.0630833333333333,0.02025
0.6,0.1,0.36,0,0.288888888888889,0.256,0.36,0.05,"low_only_plus_pooling",TRUE,FALSE,0.999000999000999,0.062,0.0213333333333333
0.65,0.1,0.36,0,0.288888888888889,0.269,0.36,0.0458333333333333,"low_only_plus_pooling",TRUE,FALSE,0.999000999000999,0.0609166666666667,0.0224166666666667
0.7,0.1,0.36,0,0.288888888888889,0.282,0.36,0.0416666666666667,"low_only_plus_pooling",TRUE,FALSE,0.999000999000999,0.0598333333333333,0.0235
0.75,0.1,0.36,0,0.288888888888889,0.295,0.36,0.0375,"low_only_plus_pooling",TRUE,FALSE,0.999000999000999,0.05875,0.0245833333333333
0.8,0.1,0.36,0,0.288888888888889,0.308,0.36,0.0333333333333333,"delay_plus_pooling",TRUE,FALSE,0.887112887112887,0.06,0.0233333333333333
0.85,0.1,0.36,0,0.288888888888889,0.321,0.36,0.0291666666666667,"delay_plus_pooling",TRUE,FALSE,0.835164835164835,0.06375,0.0195833333333333
0.9,0.1,0.36,0,0.288888888888889,0.334,0.36,0.025,"delay_plus_pooling",TRUE,FALSE,0.789210789210789,0.0675,0.0158333333333333
0.45,0.15,0.41,0,0.305882352941176,0.267,0.41,0.1125,"low_only_plus_pooling",TRUE,FALSE,0.999000999000999,0.0610833333333333,0.02225
0.5,0.15,0.41,0,0.305882352941176,0.28,0.41,0.108333333333333,"low_only_plus_pooling",TRUE,FALSE,0.999000999000999,0.06,0.0233333333333333
0.55,0.15,0.41,0,0.305882352941176,0.293,0.41,0.104166666666667,"low_only_plus_pooling",TRUE,FALSE,0.999000999000999,0.0589166666666667,0.0244166666666667
0.6,0.15,0.41,0,0.305882352941176,0.306,0.41,0.1,"low_only_plus_pooling",TRUE,FALSE,0.999000999000999,0.0578333333333333,0.0255
0.65,0.15,0.41,0,0.305882352941176,0.319,0.41,0.0958333333333334,"low_only_plus_pooling",TRUE,FALSE,0.999000999000999,0.05675,0.0265833333333333
0.7,0.15,0.41,0,0.305882352941176,0.332,0.41,0.0916666666666667,"low_only_plus_pooling",TRUE,FALSE,0.999000999000999,0.0556666666666667,0.0276666666666667
0.75,0.15,0.41,0,0.305882352941176,0.345,0.41,0.0875,"low_only_plus_pooling",TRUE,FALSE,0.999000999000999,0.0545833333333333,0.02875
0.8,0.15,0.41,0,0.305882352941176,0.358,0.41,0.0833333333333334,"delay_plus_pooling",TRUE,FALSE,0.866133866133866,0.0566666666666667,0.0266666666666667
0.85,0.15,0.41,0,0.305882352941176,0.371,0.41,0.0791666666666667,"delay_plus_pooling",TRUE,FALSE,0.815184815184815,0.0602083333333333,0.023125
0.9,0.15,0.41,0,0.305882352941176,0.384,0.41,0.075,"delay_plus_pooling",TRUE,FALSE,0.77022977022977,0.06375,0.0195833333333333
0.45,0.2,0.46,0,0.325,0.317,0.46,0.1625,"low_only_plus_pooling",TRUE,FALSE,0.999000999000999,0.0569166666666667,0.0264166666666667
0.5,0.2,0.46,0,0.325,0.33,0.46,0.158333333333333,"low_only_plus_pooling",TRUE,FALSE,0.999000999000999,0.0558333333333333,0.0275
0.55,0.2,0.46,0,0.325,0.343,0.46,0.154166666666667,"low_only_plus_pooling",TRUE,FALSE,0.999000999000999,0.05475,0.0285833333333333
0.6,0.2,0.46,0,0.325,0.356,0.46,0.15,"low_only_plus_pooling",TRUE,FALSE,0.999000999000999,0.0536666666666667,0.0296666666666667
0.65,0.2,0.46,0,0.325,0.369,0.46,0.145833333333333,"low_only_plus_pooling",TRUE,FALSE,0.999000999000999,0.0525833333333333,0.03075
0.7,0.2,0.46,0,0.325,0.382,0.46,0.141666666666667,"low_only_plus_pooling",TRUE,FALSE,0.999000999000999,0.0515,0.0318333333333333
0.75,0.2,0.46,0,0.325,0.395,0.46,0.1375,"low_only_plus_pooling",TRUE,FALSE,0.999000999000999,0.0504166666666667,0.0329166666666667
0.8,0.2,0.46,0,0.325,0.408,0.46,0.133333333333333,"delay_plus_pooling",TRUE,FALSE,0.842157842157842,0.0533333333333333,0.03
0.85,0.2,0.46,0,0.325,0.421,0.46,0.129166666666667,"delay_plus_pooling",TRUE,FALSE,0.793206793206793,0.0566666666666667,0.0266666666666667
0.9,0.2,0.46,0,0.325,0.434,0.46,0.125,"delay_plus_pooling",TRUE,FALSE,0.748251748251748,0.06,0.0233333333333333
0.45,0.25,0.51,0,0.346666666666667,0.367,0.51,0.2125,"low_only_plus_pooling",TRUE,FALSE,0.999000999000999,0.05275,0.0305833333333333
0.5,0.25,0.51,0,0.346666666666667,0.38,0.51,0.208333333333333,"low_only_plus_pooling",TRUE,FALSE,0.999000999000999,0.0516666666666667,0.0316666666666667
0.55,0.25,0.51,0,0.346666666666667,0.393,0.51,0.204166666666667,"low_only_plus_pooling",TRUE,FALSE,0.999000999000999,0.0505833333333333,0.03275
0.6,0.25,0.51,0,0.346666666666667,0.406,0.51,0.2,"low_only_plus_pooling",TRUE,FALSE,0.999000999000999,0.0495,0.0338333333333333
0.65,0.25,0.51,0,0.346666666666667,0.419,0.51,0.195833333333333,"low_only_plus_pooling",TRUE,FALSE,0.999000999000999,0.0484166666666667,0.0349166666666667
0.7,0.25,0.51,0,0.346666666666667,0.432,0.51,0.191666666666667,"low_only_plus_pooling",TRUE,FALSE,0.999000999000999,0.0473333333333333,0.036
0.75,0.25,0.51,0,0.346666666666667,0.445,0.51,0.1875,"delay_plus_pooling",TRUE,FALSE,0.87012987012987,0.046875,0.0364583333333333
0.8,0.25,0.51,0,0.346666666666667,0.458,0.51,0.183333333333333,"delay_plus_pooling",TRUE,FALSE,0.815184815184815,0.05,0.0333333333333333
0.85,0.25,0.51,0,0.346666666666667,0.471,0.51,0.179166666666667,"delay_plus_pooling",TRUE,FALSE,0.767232767232767,0.053125,0.0302083333333333
0.9,0.25,0.51,0,0.346666666666667,0.484,0.51,0.175,"delay_plus_pooling",TRUE,FALSE,0.724275724275724,0.05625,0.0270833333333333
0.45,0.3,0.56,0,0.371428571428571,0.417,0.56,0.2625,"low_only_plus_pooling",TRUE,FALSE,0.999000999000999,0.0485833333333333,0.03475
0.5,0.3,0.56,0,0.371428571428571,0.43,0.56,0.258333333333333,"low_only_plus_pooling",TRUE,FALSE,0.999000999000999,0.0475,0.0358333333333333
0.55,0.3,0.56,0,0.371428571428571,0.443,0.56,0.254166666666667,"low_only_plus_pooling",TRUE,FALSE,0.999000999000999,0.0464166666666667,0.0369166666666667
0.6,0.3,0.56,0,0.371428571428571,0.456,0.56,0.25,"low_only_plus_pooling",TRUE,FALSE,0.999000999000999,0.0453333333333333,0.038
0.65,0.3,0.56,0,0.371428571428571,0.469,0.56,0.245833333333333,"low_only_plus_pooling",TRUE,FALSE,0.999000999000999,0.04425,0.0390833333333333
0.7,0.3,0.56,0,0.371428571428571,0.482,0.56,0.241666666666667,"low_only_plus_pooling",TRUE,FALSE,0.999000999000999,0.0431666666666667,0.0401666666666667
0.75,0.3,0.56,0,0.371428571428571,0.495,0.56,0.2375,"delay_plus_pooling",TRUE,FALSE,0.837162837162837,0.04375,0.0395833333333333
0.8,0.3,0.56,0,0.371428571428571,0.508,0.56,0.233333333333333,"delay_plus_pooling",TRUE,FALSE,0.784215784215784,0.0466666666666667,0.0366666666666667
0.85,0.3,0.56,0,0.371428571428571,0.521,0.56,0.229166666666667,"delay_plus_pooling",TRUE,FALSE,0.738261738261738,0.0495833333333333,0.03375
0.9,0.3,0.56,0,0.371428571428571,0.534,0.56,0.225,"delay_plus_pooling",TRUE,FALSE,0.697302697302697,0.0525,0.0308333333333333
0.45,0.35,0.61,0,0.4,0.467,0.61,0.3125,"low_only_plus_pooling",TRUE,FALSE,0.999000999000999,0.0444166666666667,0.0389166666666667
0.5,0.35,0.61,0,0.4,0.48,0.61,0.308333333333333,"low_only_plus_pooling",TRUE,FALSE,0.999000999000999,0.0433333333333333,0.04
0.55,0.35,0.61,0,0.4,0.493,0.61,0.304166666666667,"low_only_plus_pooling",TRUE,FALSE,0.999000999000999,0.04225,0.0410833333333333
0.6,0.35,0.61,0,0.4,0.506,0.61,0.3,"low_only_plus_pooling",TRUE,FALSE,0.999000999000999,0.0411666666666667,0.0421666666666667
0.65,0.35,0.61,0,0.4,0.519,0.61,0.295833333333333,"low_only_plus_pooling",TRUE,FALSE,0.999000999000999,0.0400833333333333,0.04325
0.7,0.35,0.61,0,0.4,0.532,0.61,0.291666666666667,"low_only_plus_pooling",TRUE,FALSE,0.999000999000999,0.039,0.0443333333333333
0.75,0.35,0.61,0,0.4,0.545,0.61,0.2875,"delay_plus_pooling",TRUE,FALSE,0.798201798201798,0.040625,0.0427083333333333
0.8,0.35,0.61,0,0.4,0.558,0.61,0.283333333333333,"delay_plus_pooling",TRUE,FALSE,0.748251748251748,0.0433333333333333,0.04
0.85,0.35,0.61,0,0.4,0.571,0.61,0.279166666666667,"delay_plus_pooling",TRUE,FALSE,0.704295704295704,0.0460416666666667,0.0372916666666667
0.9,0.35,0.61,0,0.4,0.584,0.61,0.275,"delay_plus_pooling",TRUE,FALSE,0.665334665334665,0.04875,0.0345833333333333
0.45,0.4,0.66,0,0.433333333333333,0.517,0.66,0.3625,"low_only_plus_pooling",TRUE,FALSE,0.999000999000999,0.04025,0.0430833333333333
0.5,0.4,0.66,0,0.433333333333333,0.53,0.66,0.358333333333333,"low_only_plus_pooling",TRUE,FALSE,0.999000999000999,0.0391666666666667,0.0441666666666667
0.55,0.4,0.66,0,0.433333333333333,0.543,0.66,0.354166666666667,"low_only_plus_pooling",TRUE,FALSE,0.999000999000999,0.0380833333333333,0.04525
0.6,0.4,0.66,0,0.433333333333333,0.556,0.66,0.35,"low_only_plus_pooling",TRUE,FALSE,0.999000999000999,0.037,0.0463333333333333
0.65,0.4,0.66,0,0.433333333333333,0.569,0.66,0.345833333333333,"low_only_plus_pooling",TRUE,FALSE,0.999000999000999,0.0359166666666667,0.0474166666666667
0.7,0.4,0.66,0,0.433333333333333,0.582,0.66,0.341666666666667,"all_three",TRUE,FALSE,0.907092907092907,0.035,0.0483333333333333
0.75,0.4,0.66,0,0.433333333333333,0.595,0.66,0.3375,"delay_plus_pooling",TRUE,FALSE,0.754245754245754,0.0375,0.0458333333333333
0.8,0.4,0.66,0,0.433333333333333,0.608,0.66,0.333333333333333,"delay_plus_pooling",TRUE,FALSE,0.707292707292707,0.04,0.0433333333333333
0.85,0.4,0.66,0,0.433333333333333,0.621,0.66,0.329166666666667,"delay_plus_pooling",TRUE,FALSE,0.665334665334665,0.0425,0.0408333333333333
0.9,0.4,0.66,0,0.433333333333333,0.634,0.66,0.325,"delay_plus_pooling",TRUE,FALSE,0.628371628371628,0.045,0.0383333333333333
0.45,0.1,0.39,0,0.322222222222222,0.2305,0.39,0.0625,"low_only_plus_pooling",TRUE,FALSE,0.999000999000999,0.064125,0.0192083333333333
0.5,0.1,0.39,0,0.322222222222222,0.245,0.39,0.0583333333333333,"low_only_plus_pooling",TRUE,FALSE,0.999000999000999,0.0629166666666667,0.0204166666666667
0.55,0.1,0.39,0,0.322222222222222,0.2595,0.39,0.0541666666666667,"low_only_plus_pooling",TRUE,FALSE,0.999000999000999,0.0617083333333333,0.021625
0.6,0.1,0.39,0,0.322222222222222,0.274,0.39,0.05,"low_only_plus_pooling",TRUE,FALSE,0.999000999000999,0.0605,0.0228333333333333
0.65,0.1,0.39,0,0.322222222222222,0.2885,0.39,0.0458333333333333,"low_only_plus_pooling",TRUE,FALSE,0.999000999000999,0.0592916666666667,0.0240416666666667
0.7,0.1,0.39,0,0.322222222222222,0.303,0.39,0.0416666666666667,"low_only_plus_pooling",TRUE,FALSE,0.999000999000999,0.0580833333333333,0.02525
0.75,0.1,0.39,0,0.322222222222222,0.3175,0.39,0.0375,"low_only_plus_pooling",TRUE,FALSE,0.999000999000999,0.056875,0.0264583333333333
0.8,0.1,0.39,0,0.322222222222222,0.332,0.39,0.0333333333333333,"delay_plus_pooling",TRUE,FALSE,0.846153846153846,0.06,0.0233333333333333
0.85,0.1,0.39,0,0.322222222222222,0.3465,0.39,0.0291666666666667,"delay_plus_pooling",TRUE,FALSE,0.796203796203796,0.06375,0.0195833333333333
0.9,0.1,0.39,0,0.322222222222222,0.361,0.39,0.025,"delay_plus_pooling",TRUE,FALSE,0.752247752247752,0.0675,0.0158333333333333
0.45,0.15,0.44,0,0.341176470588235,0.2805,0.44,0.1125,"low_only_plus_pooling",TRUE,FALSE,0.999000999000999,0.0599583333333333,0.023375
0.5,0.15,0.44,0,0.341176470588235,0.295,0.44,0.108333333333333,"low_only_plus_pooling",TRUE,FALSE,0.999000999000999,0.05875,0.0245833333333333
0.55,0.15,0.44,0,0.341176470588235,0.3095,0.44,0.104166666666667,"low_only_plus_pooling",TRUE,FALSE,0.999000999000999,0.0575416666666667,0.0257916666666667
0.6,0.15,0.44,0,0.341176470588235,0.324,0.44,0.1,"low_only_plus_pooling",TRUE,FALSE,0.999000999000999,0.0563333333333333,0.027
0.65,0.15,0.44,0,0.341176470588235,0.3385,0.44,0.0958333333333334,"low_only_plus_pooling",TRUE,FALSE,0.999000999000999,0.055125,0.0282083333333333
0.7,0.15,0.44,0,0.341176470588235,0.353,0.44,0.0916666666666667,"low_only_plus_pooling",TRUE,FALSE,0.999000999000999,0.0539166666666667,0.0294166666666667
0.75,0.15,0.44,0,0.341176470588235,0.3675,0.44,0.0875,"delay_plus_pooling",TRUE,FALSE,0.877122877122877,0.053125,0.0302083333333333
0.8,0.15,0.44,0,0.341176470588235,0.382,0.44,0.0833333333333334,"delay_plus_pooling",TRUE,FALSE,0.822177822177822,0.0566666666666667,0.0266666666666667
0.85,0.15,0.44,0,0.341176470588235,0.3965,0.44,0.0791666666666667,"delay_plus_pooling",TRUE,FALSE,0.774225774225774,0.0602083333333333,0.023125
0.9,0.15,0.44,0,0.341176470588235,0.411,0.44,0.075,"delay_plus_pooling",TRUE,FALSE,0.731268731268731,0.06375,0.0195833333333333
0.45,0.2,0.49,0,0.3625,0.3305,0.49,0.1625,"low_only_plus_pooling",TRUE,FALSE,0.999000999000999,0.0557916666666667,0.0275416666666667
0.5,0.2,0.49,0,0.3625,0.345,0.49,0.158333333333333,"low_only_plus_pooling",TRUE,FALSE,0.999000999000999,0.0545833333333333,0.02875
0.55,0.2,0.49,0,0.3625,0.3595,0.49,0.154166666666667,"low_only_plus_pooling",TRUE,FALSE,0.999000999000999,0.053375,0.0299583333333333
0.6,0.2,0.49,0,0.3625,0.374,0.49,0.15,"low_only_plus_pooling",TRUE,FALSE,0.999000999000999,0.0521666666666667,0.0311666666666667
0.65,0.2,0.49,0,0.3625,0.3885,0.49,0.145833333333333,"low_only_plus_pooling",TRUE,FALSE,0.999000999000999,0.0509583333333333,0.032375
0.7,0.2,0.49,0,0.3625,0.403,0.49,0.141666666666667,"low_only_plus_pooling",TRUE,FALSE,0.999000999000999,0.04975,0.0335833333333333
0.75,0.2,0.49,0,0.3625,0.4175,0.49,0.1375,"delay_plus_pooling",TRUE,FALSE,0.848151848151848,0.05,0.0333333333333333
0.8,0.2,0.49,0,0.3625,0.432,0.49,0.133333333333333,"delay_plus_pooling",TRUE,FALSE,0.795204795204795,0.0533333333333333,0.03
0.85,0.2,0.49,0,0.3625,0.4465,0.49,0.129166666666667,"delay_plus_pooling",TRUE,FALSE,0.748251748251748,0.0566666666666667,0.0266666666666667
0.9,0.2,0.49,0,0.3625,0.461,0.49,0.125,"delay_plus_pooling",TRUE,FALSE,0.707292707292707,0.06,0.0233333333333333
0.45,0.25,0.54,0,0.386666666666667,0.3805,0.54,0.2125,"low_only_plus_pooling",TRUE,FALSE,0.999000999000999,0.051625,0.0317083333333333
0.5,0.25,0.54,0,0.386666666666667,0.395,0.54,0.208333333333333,"low_only_plus_pooling",TRUE,FALSE,0.999000999000999,0.0504166666666667,0.0329166666666667
0.55,0.25,0.54,0,0.386666666666667,0.4095,0.54,0.204166666666667,"low_only_plus_pooling",TRUE,FALSE,0.999000999000999,0.0492083333333333,0.034125
0.6,0.25,0.54,0,0.386666666666667,0.424,0.54,0.2,"low_only_plus_pooling",TRUE,FALSE,0.999000999000999,0.048,0.0353333333333333
0.65,0.25,0.54,0,0.386666666666667,0.4385,0.54,0.195833333333333,"low_only_plus_pooling",TRUE,FALSE,0.999000999000999,0.0467916666666667,0.0365416666666667
0.7,0.25,0.54,0,0.386666666666667,0.453,0.54,0.191666666666667,"low_only_plus_pooling",TRUE,FALSE,0.999000999000999,0.0455833333333333,0.03775
0.75,0.25,0.54,0,0.386666666666667,0.4675,0.54,0.1875,"delay_plus_pooling",TRUE,FALSE,0.816183816183816,0.046875,0.0364583333333333
0.8,0.25,0.54,0,0.386666666666667,0.482,0.54,0.183333333333333,"delay_plus_pooling",TRUE,FALSE,0.765234765234765,0.05,0.0333333333333333
0.85,0.25,0.54,0,0.386666666666667,0.4965,0.54,0.179166666666667,"delay_plus_pooling",TRUE,FALSE,0.72027972027972,0.053125,0.0302083333333333
0.9,0.25,0.54,0,0.386666666666667,0.511,0.54,0.175,"delay_plus_pooling",TRUE,FALSE,0.68031968031968,0.05625,0.0270833333333333
0.45,0.3,0.59,0,0.414285714285714,0.4305,0.59,0.2625,"low_only_plus_pooling",TRUE,FALSE,0.999000999000999,0.0474583333333333,0.035875
0.5,0.3,0.59,0,0.414285714285714,0.445,0.59,0.258333333333333,"low_only_plus_pooling",TRUE,FALSE,0.999000999000999,0.04625,0.0370833333333333
0.55,0.3,0.59,0,0.414285714285714,0.4595,0.59,0.254166666666667,"low_only_plus_pooling",TRUE,FALSE,0.999000999000999,0.0450416666666667,0.0382916666666667
0.6,0.3,0.59,0,0.414285714285714,0.474,0.59,0.25,"low_only_plus_pooling",TRUE,FALSE,0.999000999000999,0.0438333333333333,0.0395
0.65,0.3,0.59,0,0.414285714285714,0.4885,0.59,0.245833333333333,"low_only_plus_pooling",TRUE,FALSE,0.999000999000999,0.042625,0.0407083333333333
0.7,0.3,0.59,0,0.414285714285714,0.503,0.59,0.241666666666667,"low_only_plus_pooling",TRUE,FALSE,0.999000999000999,0.0414166666666667,0.0419166666666667
0.75,0.3,0.59,0,0.414285714285714,0.5175,0.59,0.2375,"delay_plus_pooling",TRUE,FALSE,0.779220779220779,0.04375,0.0395833333333333
0.8,0.3,0.59,0,0.414285714285714,0.532,0.59,0.233333333333333,"delay_plus_pooling",TRUE,FALSE,0.731268731268731,0.0466666666666667,0.0366666666666667
0.85,0.3,0.59,0,0.414285714285714,0.5465,0.59,0.229166666666667,"delay_plus_pooling",TRUE,FALSE,0.688311688311688,0.0495833333333333,0.03375
0.9,0.3,0.59,0,0.414285714285714,0.561,0.59,0.225,"delay_plus_pooling",TRUE,FALSE,0.649350649350649,0.0525,0.0308333333333333
0.45,0.35,0.64,0,0.446153846153846,0.4805,0.64,0.3125,"low_only_plus_pooling",TRUE,FALSE,0.999000999000999,0.0432916666666667,0.0400416666666667
0.5,0.35,0.64,0,0.446153846153846,0.495,0.64,0.308333333333333,"low_only_plus_pooling",TRUE,FALSE,0.999000999000999,0.0420833333333333,0.04125
0.55,0.35,0.64,0,0.446153846153846,0.5095,0.64,0.304166666666667,"low_only_plus_pooling",TRUE,FALSE,0.999000999000999,0.040875,0.0424583333333333
0.6,0.35,0.64,0,0.446153846153846,0.524,0.64,0.3,"low_only_plus_pooling",TRUE,FALSE,0.999000999000999,0.0396666666666667,0.0436666666666667
0.65,0.35,0.64,0,0.446153846153846,0.5385,0.64,0.295833333333333,"low_only_plus_pooling",TRUE,FALSE,0.999000999000999,0.0384583333333333,0.044875
0.7,0.35,0.64,0,0.446153846153846,0.553,0.64,0.291666666666667,"delay_plus_pooling",TRUE,FALSE,0.79020979020979,0.0379166666666667,0.0454166666666667
0.75,0.35,0.64,0,0.446153846153846,0.5675,0.64,0.2875,"delay_plus_pooling",TRUE,FALSE,0.737262737262737,0.040625,0.0427083333333333
0.8,0.35,0.64,0,0.446153846153846,0.582,0.64,0.283333333333333,"delay_plus_pooling",TRUE,FALSE,0.691308691308691,0.0433333333333333,0.04
0.85,0.35,0.64,0,0.446153846153846,0.5965,0.64,0.279166666666667,"delay_plus_pooling",TRUE,FALSE,0.65034965034965,0.0460416666666667,0.0372916666666667
0.9,0.35,0.64,0,0.446153846153846,0.611,0.64,0.275,"delay_plus_pooling",TRUE,FALSE,0.614385614385614,0.04875,0.0345833333333333
0.45,0.4,0.69,0,0.483333333333333,0.5305,0.69,0.3625,"low_only_plus_pooling",TRUE,FALSE,0.999000999000999,0.039125,0.0442083333333333
0.5,0.4,0.69,0,0.483333333333333,0.545,0.69,0.358333333333333,"low_only_plus_pooling",TRUE,FALSE,0.999000999000999,0.0379166666666667,0.0454166666666667
0.55,0.4,0.69,0,0.483333333333333,0.5595,0.69,0.354166666666667,"low_only_plus_pooling",TRUE,FALSE,0.999000999000999,0.0367083333333333,0.046625
0.6,0.4,0.69,0,0.483333333333333,0.574,0.69,0.35,"low_only_plus_pooling",TRUE,FALSE,0.999000999000999,0.0355,0.0478333333333333
0.65,0.4,0.69,0,0.483333333333333,0.5885,0.69,0.345833333333333,"low_only_plus_pooling",TRUE,FALSE,0.999000999000999,0.0342916666666667,0.0490416666666667
0.7,0.4,0.69,0,0.483333333333333,0.603,0.69,0.341666666666667,"delay_plus_pooling",TRUE,FALSE,0.737262737262737,0.035,0.0483333333333333
0.75,0.4,0.69,0,0.483333333333333,0.6175,0.69,0.3375,"delay_plus_pooling",TRUE,FALSE,0.687312687312687,0.0375,0.0458333333333333
0.8,0.4,0.69,0,0.483333333333333,0.632,0.69,0.333333333333333,"delay_plus_pooling",TRUE,FALSE,0.644355644355644,0.04,0.0433333333333333
0.85,0.4,0.69,0,0.483333333333333,0.6465,0.69,0.329166666666667,"delay_plus_pooling",TRUE,FALSE,0.606393606393606,0.0425,0.0408333333333333
0.9,0.4,0.69,0,0.483333333333333,0.661,0.69,0.325,"delay_plus_pooling",TRUE,FALSE,0.573426573426573,0.045,0.0383333333333333
0.45,0.1,0.42,0,0.355555555555556,0.244,0.42,0.0625,"low_only_plus_pooling",TRUE,FALSE,0.999000999000999,0.063,0.0203333333333333
0.5,0.1,0.42,0,0.355555555555556,0.26,0.42,0.0583333333333333,"low_only_plus_pooling",TRUE,FALSE,0.999000999000999,0.0616666666666667,0.0216666666666667
0.55,0.1,0.42,0,0.355555555555556,0.276,0.42,0.0541666666666667,"low_only_plus_pooling",TRUE,FALSE,0.999000999000999,0.0603333333333333,0.023
0.6,0.1,0.42,0,0.355555555555556,0.292,0.42,0.05,"low_only_plus_pooling",TRUE,FALSE,0.999000999000999,0.059,0.0243333333333333
0.65,0.1,0.42,0,0.355555555555556,0.308,0.42,0.0458333333333333,"low_only_plus_pooling",TRUE,FALSE,0.999000999000999,0.0576666666666667,0.0256666666666667
0.7,0.1,0.42,0,0.355555555555556,0.324,0.42,0.0416666666666667,"low_only_plus_pooling",TRUE,FALSE,0.999000999000999,0.0563333333333333,0.027
0.75,0.1,0.42,0,0.355555555555556,0.34,0.42,0.0375,"delay_plus_pooling",TRUE,FALSE,0.858141858141858,0.05625,0.0270833333333333
0.8,0.1,0.42,0,0.355555555555556,0.356,0.42,0.0333333333333333,"delay_plus_pooling",TRUE,FALSE,0.804195804195804,0.06,0.0233333333333333
0.85,0.1,0.42,0,0.355555555555556,0.372,0.42,0.0291666666666667,"delay_plus_pooling",TRUE,FALSE,0.757242757242757,0.06375,0.0195833333333333
0.9,0.1,0.42,0,0.355555555555556,0.388,0.42,0.025,"delay_plus_pooling",TRUE,FALSE,0.715284715284715,0.0675,0.0158333333333333
0.45,0.15,0.47,0,0.376470588235294,0.294,0.47,0.1125,"low_only_plus_pooling",TRUE,FALSE,0.999000999000999,0.0588333333333333,0.0245
0.5,0.15,0.47,0,0.376470588235294,0.31,0.47,0.108333333333333,"low_only_plus_pooling",TRUE,FALSE,0.999000999000999,0.0575,0.0258333333333333
0.55,0.15,0.47,0,0.376470588235294,0.326,0.47,0.104166666666667,"low_only_plus_pooling",TRUE,FALSE,0.999000999000999,0.0561666666666667,0.0271666666666667
0.6,0.15,0.47,0,0.376470588235294,0.342,0.47,0.1,"low_only_plus_pooling",TRUE,FALSE,0.999000999000999,0.0548333333333333,0.0285
0.65,0.15,0.47,0,0.376470588235294,0.358,0.47,0.0958333333333334,"low_only_plus_pooling",TRUE,FALSE,0.999000999000999,0.0535,0.0298333333333333
0.7,0.15,0.47,0,0.376470588235294,0.374,0.47,0.0916666666666667,"low_only_plus_pooling",TRUE,FALSE,0.999000999000999,0.0521666666666667,0.0311666666666667
0.75,0.15,0.47,0,0.376470588235294,0.39,0.47,0.0875,"delay_plus_pooling",TRUE,FALSE,0.83016983016983,0.053125,0.0302083333333333
0.8,0.15,0.47,0,0.376470588235294,0.406,0.47,0.0833333333333334,"delay_plus_pooling",TRUE,FALSE,0.778221778221778,0.0566666666666667,0.0266666666666667
0.85,0.15,0.47,0,0.376470588235294,0.422,0.47,0.0791666666666667,"delay_plus_pooling",TRUE,FALSE,0.732267732267732,0.0602083333333333,0.023125
0.9,0.15,0.47,0,0.376470588235294,0.438,0.47,0.075,"delay_plus_pooling",TRUE,FALSE,0.691308691308691,0.06375,0.0195833333333333
0.45,0.2,0.52,0,0.4,0.344,0.52,0.1625,"low_only_plus_pooling",TRUE,FALSE,0.999000999000999,0.0546666666666667,0.0286666666666667
0.5,0.2,0.52,0,0.4,0.36,0.52,0.158333333333333,"low_only_plus_pooling",TRUE,FALSE,0.999000999000999,0.0533333333333333,0.03
0.55,0.2,0.52,0,0.4,0.376,0.52,0.154166666666667,"low_only_plus_pooling",TRUE,FALSE,0.999000999000999,0.052,0.0313333333333333
0.6,0.2,0.52,0,0.4,0.392,0.52,0.15,"low_only_plus_pooling",TRUE,FALSE,0.999000999000999,0.0506666666666667,0.0326666666666667
0.65,0.2,0.52,0,0.4,0.408,0.52,0.145833333333333,"low_only_plus_pooling",TRUE,FALSE,0.999000999000999,0.0493333333333333,0.034
0.7,0.2,0.52,0,0.4,0.424,0.52,0.141666666666667,"low_only_plus_pooling",TRUE,FALSE,0.999000999000999,0.048,0.0353333333333333
0.75,0.2,0.52,0,0.4,0.44,0.52,0.1375,"delay_plus_pooling",TRUE,FALSE,0.798201798201798,0.05,0.0333333333333333
0.8,0.2,0.52,0,0.4,0.456,0.52,0.133333333333333,"delay_plus_pooling",TRUE,FALSE,0.748251748251748,0.0533333333333333,0.03
0.85,0.2,0.52,0,0.4,0.472,0.52,0.129166666666667,"delay_plus_pooling",TRUE,FALSE,0.704295704295704,0.0566666666666667,0.0266666666666667
0.9,0.2,0.52,0,0.4,0.488,0.52,0.125,"delay_plus_pooling",TRUE,FALSE,0.665334665334665,0.06,0.0233333333333333
0.45,0.25,0.57,0,0.426666666666667,0.394,0.57,0.2125,"low_only_plus_pooling",TRUE,FALSE,0.999000999000999,0.0505,0.0328333333333333
0.5,0.25,0.57,0,0.426666666666667,0.41,0.57,0.208333333333333,"low_only_plus_pooling",TRUE,FALSE,0.999000999000999,0.0491666666666667,0.0341666666666667
0.55,0.25,0.57,0,0.426666666666667,0.426,0.57,0.204166666666667,"low_only_plus_pooling",TRUE,FALSE,0.999000999000999,0.0478333333333333,0.0355
0.6,0.25,0.57,0,0.426666666666667,0.442,0.57,0.2,"low_only_plus_pooling",TRUE,FALSE,0.999000999000999,0.0465,0.0368333333333333
0.65,0.25,0.57,0,0.426666666666667,0.458,0.57,0.195833333333333,"low_only_plus_pooling",TRUE,FALSE,0.999000999000999,0.0451666666666667,0.0381666666666667
0.7,0.25,0.57,0,0.426666666666667,0.474,0.57,0.191666666666667,"low_only_plus_pooling",TRUE,FALSE,0.999000999000999,0.0438333333333333,0.0395
0.75,0.25,0.57,0,0.426666666666667,0.49,0.57,0.1875,"delay_plus_pooling",TRUE,FALSE,0.763236763236763,0.046875,0.0364583333333333
0.8,0.25,0.57,0,0.426666666666667,0.506,0.57,0.183333333333333,"delay_plus_pooling",TRUE,FALSE,0.715284715284715,0.05,0.0333333333333333
0.85,0.25,0.57,0,0.426666666666667,0.522,0.57,0.179166666666667,"delay_plus_pooling",TRUE,FALSE,0.673326673326673,0.053125,0.0302083333333333
0.9,0.25,0.57,0,0.426666666666667,0.538,0.57,0.175,"delay_plus_pooling",TRUE,FALSE,0.636363636363636,0.05625,0.0270833333333333
0.45,0.3,0.62,0,0.457142857142857,0.444,0.62,0.2625,"low_only_plus_pooling",TRUE,FALSE,0.999000999000999,0.0463333333333333,0.037
0.5,0.3,0.62,0,0.457142857142857,0.46,0.62,0.258333333333333,"low_only_plus_pooling",TRUE,FALSE,0.999000999000999,0.045,0.0383333333333333
0.55,0.3,0.62,0,0.457142857142857,0.476,0.62,0.254166666666667,"low_only_plus_pooling",TRUE,FALSE,0.999000999000999,0.0436666666666667,0.0396666666666667
0.6,0.3,0.62,0,0.457142857142857,0.492,0.62,0.25,"low_only_plus_pooling",TRUE,FALSE,0.999000999000999,0.0423333333333333,0.041
0.65,0.3,0.62,0,0.457142857142857,0.508,0.62,0.245833333333333,"low_only_plus_pooling",TRUE,FALSE,0.999000999000999,0.041,0.0423333333333333
0.7,0.3,0.62,0,0.457142857142857,0.524,0.62,0.241666666666667,"delay_plus_pooling",TRUE,FALSE,0.774225774225774,0.0408333333333333,0.0425
0.75,0.3,0.62,0,0.457142857142857,0.54,0.62,0.2375,"delay_plus_pooling",TRUE,FALSE,0.722277722277722,0.04375,0.0395833333333333
0.8,0.3,0.62,0,0.457142857142857,0.556,0.62,0.233333333333333,"delay_plus_pooling",TRUE,FALSE,0.677322677322677,0.0466666666666667,0.0366666666666667
0.85,0.3,0.62,0,0.457142857142857,0.572,0.62,0.229166666666667,"delay_plus_pooling",TRUE,FALSE,0.637362637362637,0.0495833333333333,0.03375
0.9,0.3,0.62,0,0.457142857142857,0.588,0.62,0.225,"delay_plus_pooling",TRUE,FALSE,0.602397602397602,0.0525,0.0308333333333333
0.45,0.35,0.67,0,0.492307692307692,0.494,0.67,0.3125,"low_only_plus_pooling",TRUE,FALSE,0.999000999000999,0.0421666666666667,0.0411666666666667
0.5,0.35,0.67,0,0.492307692307692,0.51,0.67,0.308333333333333,"low_only_plus_pooling",TRUE,FALSE,0.999000999000999,0.0408333333333333,0.0425
0.55,0.35,0.67,0,0.492307692307692,0.526,0.67,0.304166666666667,"low_only_plus_pooling",TRUE,FALSE,0.999000999000999,0.0395,0.0438333333333333
0.6,0.35,0.67,0,0.492307692307692,0.542,0.67,0.3,"low_only_plus_pooling",TRUE,FALSE,0.999000999000999,0.0381666666666667,0.0451666666666667
0.65,0.35,0.67,0,0.492307692307692,0.558,0.67,0.295833333333333,"low_only_plus_pooling",TRUE,FALSE,0.999000999000999,0.0368333333333333,0.0465
0.7,0.35,0.67,0,0.492307692307692,0.574,0.67,0.291666666666667,"delay_plus_pooling",TRUE,FALSE,0.724275724275724,0.0379166666666667,0.0454166666666667
0.75,0.35,0.67,0,0.492307692307692,0.59,0.67,0.2875,"delay_plus_pooling",TRUE,FALSE,0.675324675324675,0.040625,0.0427083333333333
0.8,0.35,0.67,0,0.492307692307692,0.606,0.67,0.283333333333333,"delay_plus_pooling",TRUE,FALSE,0.633366633366633,0.0433333333333333,0.04
0.85,0.35,0.67,0,0.492307692307692,0.622,0.67,0.279166666666667,"delay_plus_pooling",TRUE,FALSE,0.596403596403596,0.0460416666666667,0.0372916666666667
0.9,0.35,0.67,0,0.492307692307692,0.638,0.67,0.275,"delay_plus_pooling",TRUE,FALSE,0.563436563436563,0.04875,0.0345833333333333
0.45,0.4,0.72,0,0.533333333333333,0.544,0.72,0.3625,"low_only_plus_pooling",TRUE,FALSE,0.999000999000999,0.038,0.0453333333333333
0.5,0.4,0.72,0,0.533333333333333,0.56,0.72,0.358333333333333,"low_only_plus_pooling",TRUE,FALSE,0.999000999000999,0.0366666666666667,0.0466666666666667
0.55,0.4,0.72,0,0.533333333333333,0.576,0.72,0.354166666666667,"low_only_plus_pooling",TRUE,FALSE,0.999000999000999,0.0353333333333333,0.048
0.6,0.4,0.72,0,0.533333333333333,0.592,0.72,0.35,"low_only_plus_pooling",TRUE,FALSE,0.999000999000999,0.034,0.0493333333333333
0.65,0.4,0.72,0,0.533333333333333,0.608,0.72,0.345833333333333,"low_only_plus_pooling",TRUE,FALSE,0.999000999000999,0.0326666666666667,0.0506666666666667
0.7,0.4,0.72,0,0.533333333333333,0.624,0.72,0.341666666666667,"delay_plus_pooling",TRUE,FALSE,0.665334665334665,0.035,0.0483333333333333
0.75,0.4,0.72,0,0.533333333333333,0.64,0.72,0.3375,"delay_plus_pooling",TRUE,FALSE,0.621378621378621,0.0375,0.0458333333333333
0.8,0.4,0.72,0,0.533333333333333,0.656,0.72,0.333333333333333,"delay_plus_pooling",TRUE,FALSE,0.582417582417582,0.04,0.0433333333333333
0.85,0.4,0.72,0,0.533333333333333,0.672,0.72,0.329166666666667,"delay_plus_pooling",TRUE,FALSE,0.548451548451548,0.0425,0.0408333333333333
0.9,0.4,0.72,0,0.533333333333333,0.688,0.72,0.325,"delay_plus_pooling",TRUE,FALSE,0.517482517482518,0.045,0.0383333333333333
0.45,0.1,0.45,0,0.388888888888889,0.2575,0.45,0.0625,"low_only_plus_pooling",TRUE,FALSE,0.999000999000999,0.061875,0.0214583333333333
0.5,0.1,0.45,0,0.388888888888889,0.275,0.45,0.0583333333333333,"low_only_plus_pooling",TRUE,FALSE,0.999000999000999,0.0604166666666667,0.0229166666666667
0.55,0.1,0.45,0,0.388888888888889,0.2925,0.45,0.0541666666666667,"low_only_plus_pooling",TRUE,FALSE,0.999000999000999,0.0589583333333333,0.024375
0.6,0.1,0.45,0,0.388888888888889,0.31,0.45,0.05,"low_only_plus_pooling",TRUE,FALSE,0.999000999000999,0.0575,0.0258333333333333
0.65,0.1,0.45,0,0.388888888888889,0.3275,0.45,0.0458333333333333,"low_only_plus_pooling",TRUE,FALSE,0.999000999000999,0.0560416666666667,0.0272916666666667
0.7,0.1,0.45,0,0.388888888888889,0.345,0.45,0.0416666666666667,"low_only_plus_pooling",TRUE,FALSE,0.999000999000999,0.0545833333333333,0.02875
0.75,0.1,0.45,0,0.388888888888889,0.3625,0.45,0.0375,"delay_plus_pooling",TRUE,FALSE,0.813186813186813,0.05625,0.0270833333333333
0.8,0.1,0.45,0,0.388888888888889,0.38,0.45,0.0333333333333333,"delay_plus_pooling",TRUE,FALSE,0.762237762237762,0.06,0.0233333333333333
0.85,0.1,0.45,0,0.388888888888889,0.3975,0.45,0.0291666666666667,"delay_plus_pooling",TRUE,FALSE,0.717282717282717,0.06375,0.0195833333333333
0.9,0.1,0.45,0,0.388888888888889,0.415,0.45,0.025,"delay_plus_pooling",TRUE,FALSE,0.678321678321678,0.0675,0.0158333333333333
0.45,0.15,0.5,0,0.411764705882353,0.3075,0.5,0.1125,"low_only_plus_pooling",TRUE,FALSE,0.999000999000999,0.0577083333333333,0.025625
0.5,0.15,0.5,0,0.411764705882353,0.325,0.5,0.108333333333333,"low_only_plus_pooling",TRUE,FALSE,0.999000999000999,0.05625,0.0270833333333333
0.55,0.15,0.5,0,0.411764705882353,0.3425,0.5,0.104166666666667,"low_only_plus_pooling",TRUE,FALSE,0.999000999000999,0.0547916666666667,0.0285416666666667
0.6,0.15,0.5,0,0.411764705882353,0.36,0.5,0.1,"low_only_plus_pooling",TRUE,FALSE,0.999000999000999,0.0533333333333333,0.03
0.65,0.15,0.5,0,0.411764705882353,0.3775,0.5,0.0958333333333334,"low_only_plus_pooling",TRUE,FALSE,0.999000999000999,0.051875,0.0314583333333333
0.7,0.15,0.5,0,0.411764705882353,0.395,0.5,0.0916666666666667,"low_only_plus_pooling",TRUE,FALSE,0.999000999000999,0.0504166666666667,0.0329166666666667
0.75,0.15,0.5,0,0.411764705882353,0.4125,0.5,0.0875,"delay_plus_pooling",TRUE,FALSE,0.783216783216783,0.053125,0.0302083333333333
0.8,0.15,0.5,0,0.411764705882353,0.43,0.5,0.0833333333333334,"delay_plus_pooling",TRUE,FALSE,0.734265734265734,0.0566666666666667,0.0266666666666667
0.85,0.15,0.5,0,0.411764705882353,0.4475,0.5,0.0791666666666667,"delay_plus_pooling",TRUE,FALSE,0.691308691308691,0.0602083333333333,0.023125
0.9,0.15,0.5,0,0.411764705882353,0.465,0.5,0.075,"delay_plus_pooling",TRUE,FALSE,0.652347652347652,0.06375,0.0195833333333333
0.45,0.2,0.55,0,0.4375,0.3575,0.55,0.1625,"low_only_plus_pooling",TRUE,FALSE,0.999000999000999,0.0535416666666667,0.0297916666666667
0.5,0.2,0.55,0,0.4375,0.375,0.55,0.158333333333333,"low_only_plus_pooling",TRUE,FALSE,0.999000999000999,0.0520833333333333,0.03125
0.55,0.2,0.55,0,0.4375,0.3925,0.55,0.154166666666667,"low_only_plus_pooling",TRUE,FALSE,0.999000999000999,0.050625,0.0327083333333333
0.6,0.2,0.55,0,0.4375,0.41,0.55,0.15,"low_only_plus_pooling",TRUE,FALSE,0.999000999000999,0.0491666666666667,0.0341666666666667
0.65,0.2,0.55,0,0.4375,0.4275,0.55,0.145833333333333,"low_only_plus_pooling",TRUE,FALSE,0.999000999000999,0.0477083333333333,0.035625
0.7,0.2,0.55,0,0.4375,0.445,0.55,0.141666666666667,"all_three",TRUE,FALSE,0.838161838161838,0.0466666666666667,0.0366666666666667
0.75,0.2,0.55,0,0.4375,0.4625,0.55,0.1375,"delay_plus_pooling",TRUE,FALSE,0.748251748251748,0.05,0.0333333333333333
0.8,0.2,0.55,0,0.4375,0.48,0.55,0.133333333333333,"delay_plus_pooling",TRUE,FALSE,0.702297702297702,0.0533333333333333,0.03
0.85,0.2,0.55,0,0.4375,0.4975,0.55,0.129166666666667,"delay_plus_pooling",TRUE,FALSE,0.66033966033966,0.0566666666666667,0.0266666666666667
0.9,0.2,0.55,0,0.4375,0.515,0.55,0.125,"delay_plus_pooling",TRUE,FALSE,0.623376623376623,0.06,0.0233333333333333
0.45,0.25,0.6,0,0.466666666666667,0.4075,0.6,0.2125,"low_only_plus_pooling",TRUE,FALSE,0.999000999000999,0.049375,0.0339583333333333
0.5,0.25,0.6,0,0.466666666666667,0.425,0.6,0.208333333333333,"low_only_plus_pooling",TRUE,FALSE,0.999000999000999,0.0479166666666667,0.0354166666666667
0.55,0.25,0.6,0,0.466666666666667,0.4425,0.6,0.204166666666667,"low_only_plus_pooling",TRUE,FALSE,0.999000999000999,0.0464583333333333,0.036875
0.6,0.25,0.6,0,0.466666666666667,0.46,0.6,0.2,"low_only_plus_pooling",TRUE,FALSE,0.999000999000999,0.045,0.0383333333333333
0.65,0.25,0.6,0,0.466666666666667,0.4775,0.6,0.195833333333333,"low_only_plus_pooling",TRUE,FALSE,0.999000999000999,0.0435416666666667,0.0397916666666667
0.7,0.25,0.6,0,0.466666666666667,0.495,0.6,0.191666666666667,"delay_plus_pooling",TRUE,FALSE,0.76023976023976,0.04375,0.0395833333333333
0.75,0.25,0.6,0,0.466666666666667,0.5125,0.6,0.1875,"delay_plus_pooling",TRUE,FALSE,0.71028971028971,0.046875,0.0364583333333333
0.8,0.25,0.6,0,0.466666666666667,0.53,0.6,0.183333333333333,"delay_plus_pooling",TRUE,FALSE,0.665334665334665,0.05,0.0333333333333333
0.85,0.25,0.6,0,0.466666666666667,0.5475,0.6,0.179166666666667,"delay_plus_pooling",TRUE,FALSE,0.626373626373626,0.053125,0.0302083333333333
0.9,0.25,0.6,0,0.466666666666667,0.565,0.6,0.175,"delay_plus_pooling",TRUE,FALSE,0.591408591408591,0.05625,0.0270833333333333
0.45,0.3,0.65,0,0.5,0.4575,0.65,0.2625,"low_only_plus_pooling",TRUE,FALSE,0.999000999000999,0.0452083333333333,0.038125
0.5,0.3,0.65,0,0.5,0.475,0.65,0.258333333333333,"low_only_plus_pooling",TRUE,FALSE,0.999000999000999,0.04375,0.0395833333333333
0.55,0.3,0.65,0,0.5,0.4925,0.65,0.254166666666667,"low_only_plus_pooling",TRUE,FALSE,0.999000999000999,0.0422916666666667,0.0410416666666667
0.6,0.3,0.65,0,0.5,0.51,0.65,0.25,"low_only_plus_pooling",TRUE,FALSE,0.999000999000999,0.0408333333333333,0.0425
0.65,0.3,0.65,0,0.5,0.5275,0.65,0.245833333333333,"low_only_plus_pooling",TRUE,FALSE,0.999000999000999,0.039375,0.0439583333333333
0.7,0.3,0.65,0,0.5,0.545,0.65,0.241666666666667,"delay_plus_pooling",TRUE,FALSE,0.713286713286713,0.0408333333333333,0.0425
0.75,0.3,0.65,0,0.5,0.5625,0.65,0.2375,"delay_plus_pooling",TRUE,FALSE,0.665334665334665,0.04375,0.0395833333333333
0.8,0.3,0.65,0,0.5,0.58,0.65,0.233333333333333,"delay_plus_pooling",TRUE,FALSE,0.623376623376623,0.0466666666666667,0.0366666666666667
0.85,0.3,0.65,0,0.5,0.5975,0.65,0.229166666666667,"delay_plus_pooling",TRUE,FALSE,0.587412587412587,0.0495833333333333,0.03375
0.9,0.3,0.65,0,0.5,0.615,0.65,0.225,"delay_plus_pooling",TRUE,FALSE,0.554445554445554,0.0525,0.0308333333333333
0.45,0.35,0.7,0,0.538461538461538,0.5075,0.7,0.3125,"low_only_plus_pooling",TRUE,FALSE,0.999000999000999,0.0410416666666667,0.0422916666666667
0.5,0.35,0.7,0,0.538461538461538,0.525,0.7,0.308333333333333,"low_only_plus_pooling",TRUE,FALSE,0.999000999000999,0.0395833333333333,0.04375
0.55,0.35,0.7,0,0.538461538461538,0.5425,0.7,0.304166666666667,"low_only_plus_pooling",TRUE,FALSE,0.999000999000999,0.038125,0.0452083333333333
0.6,0.35,0.7,0,0.538461538461538,0.56,0.7,0.3,"low_only_plus_pooling",TRUE,FALSE,0.999000999000999,0.0366666666666667,0.0466666666666667
0.65,0.35,0.7,0,0.538461538461538,0.5775,0.7,0.295833333333333,"all_three",TRUE,FALSE,0.998001998001998,0.0352083333333333,0.048125
0.7,0.35,0.7,0,0.538461538461538,0.595,0.7,0.291666666666667,"delay_plus_pooling",TRUE,FALSE,0.658341658341658,0.0379166666666667,0.0454166666666667
0.75,0.35,0.7,0,0.538461538461538,0.6125,0.7,0.2875,"delay_plus_pooling",TRUE,FALSE,0.614385614385614,0.040625,0.0427083333333333
0.8,0.35,0.7,0,0.538461538461538,0.63,0.7,0.283333333333333,"delay_plus_pooling",TRUE,FALSE,0.575424575424575,0.0433333333333333,0.04
0.85,0.35,0.7,0,0.538461538461538,0.6475,0.7,0.279166666666667,"delay_plus_pooling",TRUE,FALSE,0.541458541458541,0.0460416666666667,0.0372916666666667
0.9,0.35,0.7,0,0.538461538461538,0.665,0.7,0.275,"delay_plus_pooling",TRUE,FALSE,0.511488511488511,0.04875,0.0345833333333333
0.45,0.4,0.75,0,0.583333333333333,0.5575,0.75,0.3625,"low_only_plus_pooling",TRUE,FALSE,0.999000999000999,0.036875,0.0464583333333333
0.5,0.4,0.75,0,0.583333333333333,0.575,0.75,0.358333333333333,"low_only_plus_pooling",TRUE,FALSE,0.999000999000999,0.0354166666666667,0.0479166666666667
0.55,0.4,0.75,0,0.583333333333333,0.5925,0.75,0.354166666666667,"low_only_plus_pooling",TRUE,FALSE,0.999000999000999,0.0339583333333333,0.049375
0.6,0.4,0.75,0,0.583333333333333,0.61,0.75,0.35,"low_only_plus_pooling",TRUE,FALSE,0.999000999000999,0.0325,0.0508333333333333
0.65,0.4,0.75,0,0.583333333333333,0.6275,0.75,0.345833333333333,"delay_plus_pooling",TRUE,FALSE,0.64035964035964,0.0325,0.0508333333333333
0.7,0.4,0.75,0,0.583333333333333,0.645,0.75,0.341666666666667,"delay_plus_pooling",TRUE,FALSE,0.594405594405594,0.035,0.0483333333333333
0.75,0.4,0.75,0,0.583333333333333,0.6625,0.75,0.3375,"delay_plus_pooling",TRUE,FALSE,0.554445554445554,0.0375,0.0458333333333333
0.8,0.4,0.75,0,0.583333333333333,0.68,0.75,0.333333333333333,"delay_plus_pooling",TRUE,FALSE,0.519480519480519,0.04,0.0433333333333333
0.85,0.4,0.75,0,0.583333333333333,0.6975,0.75,0.329166666666667,"delay_plus_pooling",TRUE,FALSE,0.48951048951049,0.0425,0.0408333333333333
0.9,0.4,0.75,0,0.583333333333333,0.715,0.75,0.325,"delay_plus_pooling",TRUE,FALSE,0.461538461538462,0.045,0.0383333333333333
0.45,0.1,0.18,0.05,0.0888888888888889,0.1085,0.1525,0.035,"low_only_plus_pooling",TRUE,TRUE,0.656343656343656,0.0742916666666667,0.00904166666666667
0.5,0.1,0.18,0.05,0.0888888888888889,0.115,0.155,0.0333333333333333,"low_only_plus_pooling",TRUE,TRUE,0.687312687312687,0.07375,0.00958333333333333
0.55,0.1,0.18,0.05,0.0888888888888889,0.1215,0.1575,0.0316666666666667,"low_only_plus_pooling",TRUE,TRUE,0.718281718281718,0.0732083333333333,0.010125
0.6,0.1,0.18,0.05,0.0888888888888889,0.128,0.16,0.03,"low_only_plus_pooling",TRUE,TRUE,0.749250749250749,0.0726666666666667,0.0106666666666667
0.65,0.1,0.18,0.05,0.0888888888888889,0.1345,0.1625,0.0283333333333333,"low_only_plus_pooling",TRUE,TRUE,0.781218781218781,0.072125,0.0112083333333333
0.7,0.1,0.18,0.05,0.0888888888888889,0.141,0.165,0.0266666666666667,"low_only_plus_pooling",TRUE,TRUE,0.812187812187812,0.0715833333333333,0.01175
0.75,0.1,0.18,0.05,0.0888888888888889,0.1475,0.1675,0.025,"low_only_plus_pooling",TRUE,TRUE,0.843156843156843,0.0710416666666667,0.0122916666666667
0.8,0.1,0.18,0.05,0.0888888888888889,0.154,0.17,0.0233333333333333,"low_only_plus_pooling",TRUE,TRUE,0.874125874125874,0.0705,0.0128333333333333
0.85,0.1,0.18,0.05,0.0888888888888889,0.1605,0.1725,0.0216666666666667,"low_only_plus_pooling",TRUE,TRUE,0.906093906093906,0.0699583333333333,0.013375
0.9,0.1,0.18,0.05,0.0888888888888889,0.167,0.175,0.02,"low_only_plus_pooling",TRUE,TRUE,0.937062937062937,0.0694166666666667,0.0139166666666667
0.45,0.15,0.23,0.05,0.0941176470588236,0.1585,0.2025,0.085,"low_only_plus_pooling",TRUE,TRUE,0.656343656343656,0.070125,0.0132083333333333
0.5,0.15,0.23,0.05,0.0941176470588236,0.165,0.205,0.0833333333333334,"low_only_plus_pooling",TRUE,TRUE,0.687312687312687,0.0695833333333333,0.01375
0.55,0.15,0.23,0.05,0.0941176470588236,0.1715,0.2075,0.0816666666666667,"low_only_plus_pooling",TRUE,TRUE,0.718281718281718,0.0690416666666667,0.0142916666666667
0.6,0.15,0.23,0.05,0.0941176470588236,0.178,0.21,0.08,"low_only_plus_pooling",TRUE,TRUE,0.749250749250749,0.0685,0.0148333333333333
0.65,0.15,0.23,0.05,0.0941176470588236,0.1845,0.2125,0.0783333333333334,"low_only_plus_pooling",TRUE,TRUE,0.781218781218781,0.0679583333333333,0.015375
0.7,0.15,0.23,0.05,0.0941176470588236,0.191,0.215,0.0766666666666667,"low_only_plus_pooling",TRUE,TRUE,0.812187812187812,0.0674166666666667,0.0159166666666667
0.75,0.15,0.23,0.05,0.0941176470588236,0.1975,0.2175,0.075,"low_only_plus_pooling",TRUE,TRUE,0.843156843156843,0.066875,0.0164583333333333
0.8,0.15,0.23,0.05,0.0941176470588236,0.204,0.22,0.0733333333333333,"low_only_plus_pooling",TRUE,TRUE,0.874125874125874,0.0663333333333333,0.017
0.85,0.15,0.23,0.05,0.0941176470588236,0.2105,0.2225,0.0716666666666667,"low_only_plus_pooling",TRUE,TRUE,0.906093906093906,0.0657916666666667,0.0175416666666667
0.9,0.15,0.23,0.05,0.0941176470588236,0.217,0.225,0.07,"low_only_plus_pooling",TRUE,TRUE,0.937062937062937,0.06525,0.0180833333333333
0.45,0.2,0.28,0.05,0.1,0.2085,0.2525,0.135,"low_only_plus_pooling",TRUE,TRUE,0.656343656343656,0.0659583333333333,0.017375
0.5,0.2,0.28,0.05,0.1,0.215,0.255,0.133333333333333,"low_only_plus_pooling",TRUE,TRUE,0.687312687312687,0.0654166666666667,0.0179166666666667
0.55,0.2,0.28,0.05,0.1,0.2215,0.2575,0.131666666666667,"low_only_plus_pooling",TRUE,TRUE,0.718281718281718,0.064875,0.0184583333333333
0.6,0.2,0.28,0.05,0.1,0.228,0.26,0.13,"low_only_plus_pooling",TRUE,TRUE,0.749250749250749,0.0643333333333333,0.019
0.65,0.2,0.28,0.05,0.1,0.2345,0.2625,0.128333333333333,"low_only_plus_pooling",TRUE,TRUE,0.781218781218781,0.0637916666666667,0.0195416666666667
0.7,0.2,0.28,0.05,0.1,0.241,0.265,0.126666666666667,"low_only_plus_pooling",TRUE,TRUE,0.812187812187812,0.06325,0.0200833333333333
0.75,0.2,0.28,0.05,0.1,0.2475,0.2675,0.125,"low_only_plus_pooling",TRUE,TRUE,0.843156843156843,0.0627083333333333,0.020625
0.8,0.2,0.28,0.05,0.1,0.254,0.27,0.123333333333333,"low_only_plus_pooling",TRUE,TRUE,0.874125874125874,0.0621666666666667,0.0211666666666667
0.85,0.2,0.28,0.05,0.1,0.2605,0.2725,0.121666666666667,"low_only_plus_pooling",TRUE,TRUE,0.906093906093906,0.061625,0.0217083333333333
0.9,0.2,0.28,0.05,0.1,0.267,0.275,0.12,"low_only_plus_pooling",TRUE,TRUE,0.937062937062937,0.0610833333333333,0.02225
0.45,0.25,0.33,0.05,0.106666666666667,0.2585,0.3025,0.185,"low_only_plus_pooling",TRUE,TRUE,0.656343656343656,0.0617916666666667,0.0215416666666667
0.5,0.25,0.33,0.05,0.106666666666667,0.265,0.305,0.183333333333333,"low_only_plus_pooling",TRUE,TRUE,0.687312687312687,0.06125,0.0220833333333333
0.55,0.25,0.33,0.05,0.106666666666667,0.2715,0.3075,0.181666666666667,"low_only_plus_pooling",TRUE,TRUE,0.718281718281718,0.0607083333333333,0.022625
0.6,0.25,0.33,0.05,0.106666666666667,0.278,0.31,0.18,"low_only_plus_pooling",TRUE,TRUE,0.749250749250749,0.0601666666666667,0.0231666666666667
0.65,0.25,0.33,0.05,0.106666666666667,0.2845,0.3125,0.178333333333333,"low_only_plus_pooling",TRUE,TRUE,0.781218781218781,0.059625,0.0237083333333333
0.7,0.25,0.33,0.05,0.106666666666667,0.291,0.315,0.176666666666667,"low_only_plus_pooling",TRUE,TRUE,0.812187812187812,0.0590833333333333,0.02425
0.75,0.25,0.33,0.05,0.106666666666667,0.2975,0.3175,0.175,"low_only_plus_pooling",TRUE,TRUE,0.843156843156843,0.0585416666666667,0.0247916666666667
0.8,0.25,0.33,0.05,0.106666666666667,0.304,0.32,0.173333333333333,"low_only_plus_pooling",TRUE,TRUE,0.874125874125874,0.058,0.0253333333333333
0.85,0.25,0.33,0.05,0.106666666666667,0.3105,0.3225,0.171666666666667,"low_only_plus_pooling",TRUE,TRUE,0.906093906093906,0.0574583333333333,0.025875
0.9,0.25,0.33,0.05,0.106666666666667,0.317,0.325,0.17,"low_only_plus_pooling",TRUE,TRUE,0.937062937062937,0.0569166666666667,0.0264166666666667
0.45,0.3,0.38,0.05,0.114285714285714,0.3085,0.3525,0.235,"low_only_plus_pooling",TRUE,TRUE,0.656343656343656,0.057625,0.0257083333333333
0.5,0.3,0.38,0.05,0.114285714285714,0.315,0.355,0.233333333333333,"low_only_plus_pooling",TRUE,TRUE,0.687312687312687,0.0570833333333333,0.02625
0.55,0.3,0.38,0.05,0.114285714285714,0.3215,0.3575,0.231666666666667,"low_only_plus_pooling",TRUE,TRUE,0.718281718281718,0.0565416666666667,0.0267916666666667
0.6,0.3,0.38,0.05,0.114285714285714,0.328,0.36,0.23,"low_only_plus_pooling",TRUE,TRUE,0.749250749250749,0.056,0.0273333333333333
0.65,0.3,0.38,0.05,0.114285714285714,0.3345,0.3625,0.228333333333333,"low_only_plus_pooling",TRUE,TRUE,0.781218781218781,0.0554583333333333,0.027875
0.7,0.3,0.38,0.05,0.114285714285714,0.341,0.365,0.226666666666667,"low_only_plus_pooling",TRUE,TRUE,0.812187812187812,0.0549166666666667,0.0284166666666667
0.75,0.3,0.38,0.05,0.114285714285714,0.3475,0.3675,0.225,"low_only_plus_pooling",TRUE,TRUE,0.843156843156843,0.054375,0.0289583333333333
0.8,0.3,0.38,0.05,0.114285714285714,0.354,0.37,0.223333333333333,"low_only_plus_pooling",TRUE,TRUE,0.874125874125874,0.0538333333333333,0.0295
0.85,0.3,0.38,0.05,0.114285714285714,0.3605,0.3725,0.221666666666667,"low_only_plus_pooling",TRUE,TRUE,0.906093906093906,0.0532916666666667,0.0300416666666667
0.9,0.3,0.38,0.05,0.114285714285714,0.367,0.375,0.22,"low_only_plus_pooling",TRUE,TRUE,0.937062937062937,0.05275,0.0305833333333333
0.45,0.35,0.43,0.05,0.123076923076923,0.3585,0.4025,0.285,"low_only_plus_pooling",TRUE,TRUE,0.656343656343656,0.0534583333333333,0.029875
0.5,0.35,0.43,0.05,0.123076923076923,0.365,0.405,0.283333333333333,"low_only_plus_pooling",TRUE,TRUE,0.687312687312687,0.0529166666666667,0.0304166666666667
0.55,0.35,0.43,0.05,0.123076923076923,0.3715,0.4075,0.281666666666667,"low_only_plus_pooling",TRUE,TRUE,0.718281718281718,0.052375,0.0309583333333333
0.6,0.35,0.43,0.05,0.123076923076923,0.378,0.41,0.28,"low_only_plus_pooling",TRUE,TRUE,0.749250749250749,0.0518333333333333,0.0315
0.65,0.35,0.43,0.05,0.123076923076923,0.3845,0.4125,0.278333333333333,"low_only_plus_pooling",TRUE,TRUE,0.781218781218781,0.0512916666666667,0.0320416666666667
0.7,0.35,0.43,0.05,0.123076923076923,0.391,0.415,0.276666666666667,"low_only_plus_pooling",TRUE,TRUE,0.812187812187812,0.05075,0.0325833333333333
0.75,0.35,0.43,0.05,0.123076923076923,0.3975,0.4175,0.275,"low_only_plus_pooling",TRUE,TRUE,0.843156843156843,0.0502083333333333,0.033125
0.8,0.35,0.43,0.05,0.123076923076923,0.404,0.42,0.273333333333333,"low_only_plus_pooling",TRUE,TRUE,0.874125874125874,0.0496666666666667,0.0336666666666667
0.85,0.35,0.43,0.05,0.123076923076923,0.4105,0.4225,0.271666666666667,"low_only_plus_pooling",TRUE,TRUE,0.906093906093906,0.049125,0.0342083333333333
0.9,0.35,0.43,0.05,0.123076923076923,0.417,0.425,0.27,"delay_plus_pooling",TRUE,TRUE,0.919080919080919,0.04875,0.0345833333333333
0.45,0.4,0.48,0.05,0.133333333333333,0.4085,0.4525,0.335,"low_only_plus_pooling",TRUE,TRUE,0.656343656343656,0.0492916666666667,0.0340416666666667
0.5,0.4,0.48,0.05,0.133333333333333,0.415,0.455,0.333333333333333,"low_only_plus_pooling",TRUE,TRUE,0.687312687312687,0.04875,0.0345833333333333
0.55,0.4,0.48,0.05,0.133333333333333,0.4215,0.4575,0.331666666666667,"low_only_plus_pooling",TRUE,TRUE,0.718281718281718,0.0482083333333333,0.035125
0.6,0.4,0.48,0.05,0.133333333333333,0.428,0.46,0.33,"low_only_plus_pooling",TRUE,TRUE,0.749250749250749,0.0476666666666667,0.0356666666666667
0.65,0.4,0.48,0.05,0.133333333333333,0.4345,0.4625,0.328333333333333,"low_only_plus_pooling",TRUE,TRUE,0.781218781218781,0.047125,0.0362083333333333
0.7,0.4,0.48,0.05,0.133333333333333,0.441,0.465,0.326666666666667,"low_only_plus_pooling",TRUE,TRUE,0.812187812187812,0.0465833333333333,0.03675
0.75,0.4,0.48,0.05,0.133333333333333,0.4475,0.4675,0.325,"low_only_plus_pooling",TRUE,TRUE,0.843156843156843,0.0460416666666667,0.0372916666666667
0.8,0.4,0.48,0.05,0.133333333333333,0.454,0.47,0.323333333333333,"low_only_plus_pooling",TRUE,TRUE,0.874125874125874,0.0455,0.0378333333333333
0.85,0.4,0.48,0.05,0.133333333333333,0.4605,0.4725,0.321666666666667,"low_only_plus_pooling",TRUE,TRUE,0.906093906093906,0.0449583333333333,0.038375
0.9,0.4,0.48,0.05,0.133333333333333,0.467,0.475,0.32,"delay_plus_pooling",TRUE,TRUE,0.909090909090909,0.045,0.0383333333333333
0.45,0.1,0.21,0.05,0.122222222222222,0.122,0.1825,0.035,"low_only_plus_pooling",TRUE,TRUE,0.749250749250749,0.0731666666666667,0.0101666666666667
0.5,0.1,0.21,0.05,0.122222222222222,0.13,0.185,0.0333333333333333,"low_only_plus_pooling",TRUE,TRUE,0.772227772227772,0.0725,0.0108333333333333
0.55,0.1,0.21,0.05,0.122222222222222,0.138,0.1875,0.0316666666666667,"low_only_plus_pooling",TRUE,TRUE,0.795204795204795,0.0718333333333333,0.0115
0.6,0.1,0.21,0.05,0.122222222222222,0.146,0.19,0.03,"low_only_plus_pooling",TRUE,TRUE,0.818181818181818,0.0711666666666667,0.0121666666666667
0.65,0.1,0.21,0.05,0.122222222222222,0.154,0.1925,0.0283333333333333,"low_only_plus_pooling",TRUE,TRUE,0.84015984015984,0.0705,0.0128333333333333
0.7,0.1,0.21,0.05,0.122222222222222,0.162,0.195,0.0266666666666667,"low_only_plus_pooling",TRUE,TRUE,0.863136863136863,0.0698333333333333,0.0135
0.75,0.1,0.21,0.05,0.122222222222222,0.17,0.1975,0.025,"low_only_plus_pooling",TRUE,TRUE,0.886113886113886,0.0691666666666667,0.0141666666666667
0.8,0.1,0.21,0.05,0.122222222222222,0.178,0.2,0.0233333333333333,"low_only_plus_pooling",TRUE,TRUE,0.909090909090909,0.0685,0.0148333333333333
0.85,0.1,0.21,0.05,0.122222222222222,0.186,0.2025,0.0216666666666667,"low_only_plus_pooling",TRUE,TRUE,0.931068931068931,0.0678333333333333,0.0155
0.9,0.1,0.21,0.05,0.122222222222222,0.194,0.205,0.02,"delay_plus_pooling",TRUE,TRUE,0.935064935064935,0.0675,0.0158333333333333
0.45,0.15,0.26,0.05,0.129411764705882,0.172,0.2325,0.085,"low_only_plus_pooling",TRUE,TRUE,0.749250749250749,0.069,0.0143333333333333
0.5,0.15,0.26,0.05,0.129411764705882,0.18,0.235,0.0833333333333334,"low_only_plus_pooling",TRUE,TRUE,0.772227772227772,0.0683333333333333,0.015
0.55,0.15,0.26,0.05,0.129411764705882,0.188,0.2375,0.0816666666666667,"low_only_plus_pooling",TRUE,TRUE,0.795204795204795,0.0676666666666667,0.0156666666666667
0.6,0.15,0.26,0.05,0.129411764705882,0.196,0.24,0.08,"low_only_plus_pooling",TRUE,TRUE,0.818181818181818,0.067,0.0163333333333333
0.65,0.15,0.26,0.05,0.129411764705882,0.204,0.2425,0.0783333333333334,"low_only_plus_pooling",TRUE,TRUE,0.84015984015984,0.0663333333333333,0.017
0.7,0.15,0.26,0.05,0.129411764705882,0.212,0.245,0.0766666666666667,"low_only_plus_pooling",TRUE,TRUE,0.863136863136863,0.0656666666666667,0.0176666666666667
0.75,0.15,0.26,0.05,0.129411764705882,0.22,0.2475,0.075,"low_only_plus_pooling",TRUE,TRUE,0.886113886113886,0.065,0.0183333333333333
0.8,0.15,0.26,0.05,0.129411764705882,0.228,0.25,0.0733333333333333,"low_only_plus_pooling",TRUE,TRUE,0.909090909090909,0.0643333333333333,0.019
0.85,0.15,0.26,0.05,0.129411764705882,0.236,0.2525,0.0716666666666667,"low_only_plus_pooling",TRUE,TRUE,0.931068931068931,0.0636666666666667,0.0196666666666667
0.9,0.15,0.26,0.05,0.129411764705882,0.244,0.255,0.07,"delay_plus_pooling",TRUE,TRUE,0.927072927072927,0.06375,0.0195833333333333
0.45,0.2,0.31,0.05,0.1375,0.222,0.2825,0.135,"low_only_plus_pooling",TRUE,TRUE,0.749250749250749,0.0648333333333333,0.0185
0.5,0.2,0.31,0.05,0.1375,0.23,0.285,0.133333333333333,"low_only_plus_pooling",TRUE,TRUE,0.772227772227772,0.0641666666666667,0.0191666666666667
0.55,0.2,0.31,0.05,0.1375,0.238,0.2875,0.131666666666667,"low_only_plus_pooling",TRUE,TRUE,0.795204795204795,0.0635,0.0198333333333333
0.6,0.2,0.31,0.05,0.1375,0.246,0.29,0.13,"low_only_plus_pooling",TRUE,TRUE,0.818181818181818,0.0628333333333333,0.0205
0.65,0.2,0.31,0.05,0.1375,0.254,0.2925,0.128333333333333,"low_only_plus_pooling",TRUE,TRUE,0.84015984015984,0.0621666666666667,0.0211666666666667
0.7,0.2,0.31,0.05,0.1375,0.262,0.295,0.126666666666667,"low_only_plus_pooling",TRUE,TRUE,0.863136863136863,0.0615,0.0218333333333333
0.75,0.2,0.31,0.05,0.1375,0.27,0.2975,0.125,"low_only_plus_pooling",TRUE,TRUE,0.886113886113886,0.0608333333333333,0.0225
0.8,0.2,0.31,0.05,0.1375,0.278,0.3,0.123333333333333,"low_only_plus_pooling",TRUE,TRUE,0.909090909090909,0.0601666666666667,0.0231666666666667
0.85,0.2,0.31,0.05,0.1375,0.286,0.3025,0.121666666666667,"low_only_plus_pooling",TRUE,TRUE,0.931068931068931,0.0595,0.0238333333333333
0.9,0.2,0.31,0.05,0.1375,0.294,0.305,0.12,"delay_plus_pooling",TRUE,TRUE,0.919080919080919,0.06,0.0233333333333333
0.45,0.25,0.36,0.05,0.146666666666667,0.272,0.3325,0.185,"low_only_plus_pooling",TRUE,TRUE,0.749250749250749,0.0606666666666667,0.0226666666666667
0.5,0.25,0.36,0.05,0.146666666666667,0.28,0.335,0.183333333333333,"low_only_plus_pooling",TRUE,TRUE,0.772227772227772,0.06,0.0233333333333333
0.55,0.25,0.36,0.05,0.146666666666667,0.288,0.3375,0.181666666666667,"low_only_plus_pooling",TRUE,TRUE,0.795204795204795,0.0593333333333333,0.024
0.6,0.25,0.36,0.05,0.146666666666667,0.296,0.34,0.18,"low_only_plus_pooling",TRUE,TRUE,0.818181818181818,0.0586666666666667,0.0246666666666667
0.65,0.25,0.36,0.05,0.146666666666667,0.304,0.3425,0.178333333333333,"low_only_plus_pooling",TRUE,TRUE,0.84015984015984,0.058,0.0253333333333333
0.7,0.25,0.36,0.05,0.146666666666667,0.312,0.345,0.176666666666667,"low_only_plus_pooling",TRUE,TRUE,0.863136863136863,0.0573333333333333,0.026
0.75,0.25,0.36,0.05,0.146666666666667,0.32,0.3475,0.175,"low_only_plus_pooling",TRUE,TRUE,0.886113886113886,0.0566666666666667,0.0266666666666667
0.8,0.25,0.36,0.05,0.146666666666667,0.328,0.35,0.173333333333333,"low_only_plus_pooling",TRUE,TRUE,0.909090909090909,0.056,0.0273333333333333
0.85,0.25,0.36,0.05,0.146666666666667,0.336,0.3525,0.171666666666667,"low_only_plus_pooling",TRUE,TRUE,0.931068931068931,0.0553333333333333,0.028
0.9,0.25,0.36,0.05,0.146666666666667,0.344,0.355,0.17,"delay_plus_pooling",TRUE,TRUE,0.909090909090909,0.05625,0.0270833333333333
0.45,0.3,0.41,0.05,0.157142857142857,0.322,0.3825,0.235,"low_only_plus_pooling",TRUE,TRUE,0.749250749250749,0.0565,0.0268333333333333
0.5,0.3,0.41,0.05,0.157142857142857,0.33,0.385,0.233333333333333,"low_only_plus_pooling",TRUE,TRUE,0.772227772227772,0.0558333333333333,0.0275
0.55,0.3,0.41,0.05,0.157142857142857,0.338,0.3875,0.231666666666667,"low_only_plus_pooling",TRUE,TRUE,0.795204795204795,0.0551666666666667,0.0281666666666667
0.6,0.3,0.41,0.05,0.157142857142857,0.346,0.39,0.23,"low_only_plus_pooling",TRUE,TRUE,0.818181818181818,0.0545,0.0288333333333333
0.65,0.3,0.41,0.05,0.157142857142857,0.354,0.3925,0.228333333333333,"low_only_plus_pooling",TRUE,TRUE,0.84015984015984,0.0538333333333333,0.0295
0.7,0.3,0.41,0.05,0.157142857142857,0.362,0.395,0.226666666666667,"low_only_plus_pooling",TRUE,TRUE,0.863136863136863,0.0531666666666667,0.0301666666666667
0.75,0.3,0.41,0.05,0.157142857142857,0.37,0.3975,0.225,"low_only_plus_pooling",TRUE,TRUE,0.886113886113886,0.0525,0.0308333333333333
0.8,0.3,0.41,0.05,0.157142857142857,0.378,0.4,0.223333333333333,"low_only_plus_pooling",TRUE,TRUE,0.909090909090909,0.0518333333333333,0.0315
0.85,0.3,0.41,0.05,0.157142857142857,0.386,0.4025,0.221666666666667,"low_only_plus_pooling",TRUE,TRUE,0.931068931068931,0.0511666666666667,0.0321666666666667
0.9,0.3,0.41,0.05,0.157142857142857,0.394,0.405,0.22,"delay_plus_pooling",TRUE,TRUE,0.898101898101898,0.0525,0.0308333333333333
0.45,0.35,0.46,0.05,0.169230769230769,0.372,0.4325,0.285,"low_only_plus_pooling",TRUE,TRUE,0.749250749250749,0.0523333333333333,0.031
0.5,0.35,0.46,0.05,0.169230769230769,0.38,0.435,0.283333333333333,"low_only_plus_pooling",TRUE,TRUE,0.772227772227772,0.0516666666666667,0.0316666666666667
0.55,0.35,0.46,0.05,0.169230769230769,0.388,0.4375,0.281666666666667,"low_only_plus_pooling",TRUE,TRUE,0.795204795204795,0.051,0.0323333333333333
0.6,0.35,0.46,0.05,0.169230769230769,0.396,0.44,0.28,"low_only_plus_pooling",TRUE,TRUE,0.818181818181818,0.0503333333333333,0.033
0.65,0.35,0.46,0.05,0.169230769230769,0.404,0.4425,0.278333333333333,"low_only_plus_pooling",TRUE,TRUE,0.84015984015984,0.0496666666666667,0.0336666666666667
0.7,0.35,0.46,0.05,0.169230769230769,0.412,0.445,0.276666666666667,"low_only_plus_pooling",TRUE,TRUE,0.863136863136863,0.049,0.0343333333333333
0.75,0.35,0.46,0.05,0.169230769230769,0.42,0.4475,0.275,"low_only_plus_pooling",TRUE,TRUE,0.886113886113886,0.0483333333333333,0.035
0.8,0.35,0.46,0.05,0.169230769230769,0.428,0.45,0.273333333333333,"low_only_plus_pooling",TRUE,TRUE,0.909090909090909,0.0476666666666667,0.0356666666666667
0.85,0.35,0.46,0.05,0.169230769230769,0.436,0.4525,0.271666666666667,"low_only_plus_pooling",TRUE,TRUE,0.931068931068931,0.047,0.0363333333333333
0.9,0.35,0.46,0.05,0.169230769230769,0.444,0.455,0.27,"delay_plus_pooling",TRUE,TRUE,0.885114885114885,0.04875,0.0345833333333333
0.45,0.4,0.51,0.05,0.183333333333333,0.422,0.4825,0.335,"low_only_plus_pooling",TRUE,TRUE,0.749250749250749,0.0481666666666667,0.0351666666666667
0.5,0.4,0.51,0.05,0.183333333333333,0.43,0.485,0.333333333333333,"low_only_plus_pooling",TRUE,TRUE,0.772227772227772,0.0475,0.0358333333333333
0.55,0.4,0.51,0.05,0.183333333333333,0.438,0.4875,0.331666666666667,"low_only_plus_pooling",TRUE,TRUE,0.795204795204795,0.0468333333333333,0.0365
0.6,0.4,0.51,0.05,0.183333333333333,0.446,0.49,0.33,"low_only_plus_pooling",TRUE,TRUE,0.818181818181818,0.0461666666666667,0.0371666666666667
0.65,0.4,0.51,0.05,0.183333333333333,0.454,0.4925,0.328333333333333,"low_only_plus_pooling",TRUE,TRUE,0.84015984015984,0.0455,0.0378333333333333
0.7,0.4,0.51,0.05,0.183333333333333,0.462,0.495,0.326666666666667,"low_only_plus_pooling",TRUE,TRUE,0.863136863136863,0.0448333333333333,0.0385
0.75,0.4,0.51,0.05,0.183333333333333,0.47,0.4975,0.325,"low_only_plus_pooling",TRUE,TRUE,0.886113886113886,0.0441666666666667,0.0391666666666667
0.8,0.4,0.51,0.05,0.183333333333333,0.478,0.5,0.323333333333333,"low_only_plus_pooling",TRUE,TRUE,0.909090909090909,0.0435,0.0398333333333333
0.85,0.4,0.51,0.05,0.183333333333333,0.486,0.5025,0.321666666666667,"low_only_plus_pooling",TRUE,TRUE,0.931068931068931,0.0428333333333333,0.0405
0.9,0.4,0.51,0.05,0.183333333333333,0.494,0.505,0.32,"delay_plus_pooling",TRUE,TRUE,0.87012987012987,0.045,0.0383333333333333
0.45,0.1,0.24,0.05,0.155555555555556,0.1355,0.2125,0.035,"low_only_plus_pooling",TRUE,TRUE,0.803196803196803,0.0720416666666667,0.0112916666666667
0.5,0.1,0.24,0.05,0.155555555555556,0.145,0.215,0.0333333333333333,"low_only_plus_pooling",TRUE,TRUE,0.821178821178821,0.07125,0.0120833333333333
0.55,0.1,0.24,0.05,0.155555555555556,0.1545,0.2175,0.0316666666666667,"low_only_plus_pooling",TRUE,TRUE,0.839160839160839,0.0704583333333333,0.012875
0.6,0.1,0.24,0.05,0.155555555555556,0.164,0.22,0.03,"low_only_plus_pooling",TRUE,TRUE,0.857142857142857,0.0696666666666667,0.0136666666666667
0.65,0.1,0.24,0.05,0.155555555555556,0.1735,0.2225,0.0283333333333333,"low_only_plus_pooling",TRUE,TRUE,0.874125874125874,0.068875,0.0144583333333333
0.7,0.1,0.24,0.05,0.155555555555556,0.183,0.225,0.0266666666666667,"low_only_plus_pooling",TRUE,TRUE,0.892107892107892,0.0680833333333333,0.01525
0.75,0.1,0.24,0.05,0.155555555555556,0.1925,0.2275,0.025,"low_only_plus_pooling",TRUE,TRUE,0.91008991008991,0.0672916666666667,0.0160416666666667
0.8,0.1,0.24,0.05,0.155555555555556,0.202,0.23,0.0233333333333333,"low_only_plus_pooling",TRUE,TRUE,0.928071928071928,0.0665,0.0168333333333333
0.85,0.1,0.24,0.05,0.155555555555556,0.2115,0.2325,0.0216666666666667,"low_only_plus_pooling",TRUE,TRUE,0.946053946053946,0.0657083333333333,0.017625
0.9,0.1,0.24,0.05,0.155555555555556,0.221,0.235,0.02,"delay_plus_pooling",TRUE,TRUE,0.908091908091908,0.0675,0.0158333333333333
0.45,0.15,0.29,0.05,0.164705882352941,0.1855,0.2625,0.085,"low_only_plus_pooling",TRUE,TRUE,0.803196803196803,0.067875,0.0154583333333333
0.5,0.15,0.29,0.05,0.164705882352941,0.195,0.265,0.0833333333333334,"low_only_plus_pooling",TRUE,TRUE,0.821178821178821,0.0670833333333333,0.01625
0.55,0.15,0.29,0.05,0.164705882352941,0.2045,0.2675,0.0816666666666667,"low_only_plus_pooling",TRUE,TRUE,0.839160839160839,0.0662916666666667,0.0170416666666667
0.6,0.15,0.29,0.05,0.164705882352941,0.214,0.27,0.08,"low_only_plus_pooling",TRUE,TRUE,0.857142857142857,0.0655,0.0178333333333333
0.65,0.15,0.29,0.05,0.164705882352941,0.2235,0.2725,0.0783333333333334,"low_only_plus_pooling",TRUE,TRUE,0.874125874125874,0.0647083333333333,0.018625
0.7,0.15,0.29,0.05,0.164705882352941,0.233,0.275,0.0766666666666667,"low_only_plus_pooling",TRUE,TRUE,0.892107892107892,0.0639166666666667,0.0194166666666667
0.75,0.15,0.29,0.05,0.164705882352941,0.2425,0.2775,0.075,"low_only_plus_pooling",TRUE,TRUE,0.91008991008991,0.063125,0.0202083333333333
0.8,0.15,0.29,0.05,0.164705882352941,0.252,0.28,0.0733333333333333,"low_only_plus_pooling",TRUE,TRUE,0.928071928071928,0.0623333333333333,0.021
0.85,0.15,0.29,0.05,0.164705882352941,0.2615,0.2825,0.0716666666666667,"low_only_plus_pooling",TRUE,TRUE,0.946053946053946,0.0615416666666667,0.0217916666666667
0.9,0.15,0.29,0.05,0.164705882352941,0.271,0.285,0.07,"delay_plus_pooling",TRUE,TRUE,0.898101898101898,0.06375,0.0195833333333333
0.45,0.2,0.34,0.05,0.175,0.2355,0.3125,0.135,"low_only_plus_pooling",TRUE,TRUE,0.803196803196803,0.0637083333333333,0.019625
0.5,0.2,0.34,0.05,0.175,0.245,0.315,0.133333333333333,"low_only_plus_pooling",TRUE,TRUE,0.821178821178821,0.0629166666666667,0.0204166666666667
0.55,0.2,0.34,0.05,0.175,0.2545,0.3175,0.131666666666667,"low_only_plus_pooling",TRUE,TRUE,0.839160839160839,0.062125,0.0212083333333333
0.6,0.2,0.34,0.05,0.175,0.264,0.32,0.13,"low_only_plus_pooling",TRUE,TRUE,0.857142857142857,0.0613333333333333,0.022
0.65,0.2,0.34,0.05,0.175,0.2735,0.3225,0.128333333333333,"low_only_plus_pooling",TRUE,TRUE,0.874125874125874,0.0605416666666667,0.0227916666666667
0.7,0.2,0.34,0.05,0.175,0.283,0.325,0.126666666666667,"low_only_plus_pooling",TRUE,TRUE,0.892107892107892,0.05975,0.0235833333333333
0.75,0.2,0.34,0.05,0.175,0.2925,0.3275,0.125,"low_only_plus_pooling",TRUE,TRUE,0.91008991008991,0.0589583333333333,0.024375
0.8,0.2,0.34,0.05,0.175,0.302,0.33,0.123333333333333,"low_only_plus_pooling",TRUE,TRUE,0.928071928071928,0.0581666666666667,0.0251666666666667
0.85,0.2,0.34,0.05,0.175,0.3115,0.3325,0.121666666666667,"low_only_plus_pooling",TRUE,TRUE,0.946053946053946,0.057375,0.0259583333333333
0.9,0.2,0.34,0.05,0.175,0.321,0.335,0.12,"delay_plus_pooling",TRUE,TRUE,0.887112887112887,0.06,0.0233333333333333
0.45,0.25,0.39,0.05,0.186666666666667,0.2855,0.3625,0.185,"low_only_plus_pooling",TRUE,TRUE,0.803196803196803,0.0595416666666667,0.0237916666666667
0.5,0.25,0.39,0.05,0.186666666666667,0.295,0.365,0.183333333333333,"low_only_plus_pooling",TRUE,TRUE,0.821178821178821,0.05875,0.0245833333333333
0.55,0.25,0.39,0.05,0.186666666666667,0.3045,0.3675,0.181666666666667,"low_only_plus_pooling",TRUE,TRUE,0.839160839160839,0.0579583333333333,0.025375
0.6,0.25,0.39,0.05,0.186666666666667,0.314,0.37,0.18,"low_only_plus_pooling",TRUE,TRUE,0.857142857142857,0.0571666666666667,0.0261666666666667
0.65,0.25,0.39,0.05,0.186666666666667,0.3235,0.3725,0.178333333333333,"low_only_plus_pooling",TRUE,TRUE,0.874125874125874,0.056375,0.0269583333333333
0.7,0.25,0.39,0.05,0.186666666666667,0.333,0.375,0.176666666666667,"low_only_plus_pooling",TRUE,TRUE,0.892107892107892,0.0555833333333333,0.02775
0.75,0.25,0.39,0.05,0.186666666666667,0.3425,0.3775,0.175,"low_only_plus_pooling",TRUE,TRUE,0.91008991008991,0.0547916666666667,0.0285416666666667
0.8,0.25,0.39,0.05,0.186666666666667,0.352,0.38,0.173333333333333,"low_only_plus_pooling",TRUE,TRUE,0.928071928071928,0.054,0.0293333333333333
0.85,0.25,0.39,0.05,0.186666666666667,0.3615,0.3825,0.171666666666667,"low_only_plus_pooling",TRUE,TRUE,0.946053946053946,0.0532083333333333,0.030125
0.9,0.25,0.39,0.05,0.186666666666667,0.371,0.385,0.17,"delay_plus_pooling",TRUE,TRUE,0.875124875124875,0.05625,0.0270833333333333
0.45,0.3,0.44,0.05,0.2,0.3355,0.4125,0.235,"low_only_plus_pooling",TRUE,TRUE,0.803196803196803,0.055375,0.0279583333333333
0.5,0.3,0.44,0.05,0.2,0.345,0.415,0.233333333333333,"low_only_plus_pooling",TRUE,TRUE,0.821178821178821,0.0545833333333333,0.02875
0.55,0.3,0.44,0.05,0.2,0.3545,0.4175,0.231666666666667,"low_only_plus_pooling",TRUE,TRUE,0.839160839160839,0.0537916666666667,0.0295416666666667
0.6,0.3,0.44,0.05,0.2,0.364,0.42,0.23,"low_only_plus_pooling",TRUE,TRUE,0.857142857142857,0.053,0.0303333333333333
0.65,0.3,0.44,0.05,0.2,0.3735,0.4225,0.228333333333333,"low_only_plus_pooling",TRUE,TRUE,0.874125874125874,0.0522083333333333,0.031125
0.7,0.3,0.44,0.05,0.2,0.383,0.425,0.226666666666667,"low_only_plus_pooling",TRUE,TRUE,0.892107892107892,0.0514166666666667,0.0319166666666667
0.75,0.3,0.44,0.05,0.2,0.3925,0.4275,0.225,"low_only_plus_pooling",TRUE,TRUE,0.91008991008991,0.050625,0.0327083333333333
0.8,0.3,0.44,0.05,0.2,0.402,0.43,0.223333333333333,"low_only_plus_pooling",TRUE,TRUE,0.928071928071928,0.0498333333333333,0.0335
0.85,0.3,0.44,0.05,0.2,0.4115,0.4325,0.221666666666667,"delay_plus_pooling",TRUE,TRUE,0.899100899100899,0.0495833333333333,0.03375
0.9,0.3,0.44,0.05,0.2,0.421,0.435,0.22,"delay_plus_pooling",TRUE,TRUE,0.86013986013986,0.0525,0.0308333333333333
0.45,0.35,0.49,0.05,0.215384615384615,0.3855,0.4625,0.285,"low_only_plus_pooling",TRUE,TRUE,0.803196803196803,0.0512083333333333,0.032125
0.5,0.35,0.49,0.05,0.215384615384615,0.395,0.465,0.283333333333333,"low_only_plus_pooling",TRUE,TRUE,0.821178821178821,0.0504166666666667,0.0329166666666667
0.55,0.35,0.49,0.05,0.215384615384615,0.4045,0.4675,0.281666666666667,"low_only_plus_pooling",TRUE,TRUE,0.839160839160839,0.049625,0.0337083333333333
0.6,0.35,0.49,0.05,0.215384615384615,0.414,0.47,0.28,"low_only_plus_pooling",TRUE,TRUE,0.857142857142857,0.0488333333333333,0.0345
0.65,0.35,0.49,0.05,0.215384615384615,0.4235,0.4725,0.278333333333333,"low_only_plus_pooling",TRUE,TRUE,0.874125874125874,0.0480416666666667,0.0352916666666667
0.7,0.35,0.49,0.05,0.215384615384615,0.433,0.475,0.276666666666667,"low_only_plus_pooling",TRUE,TRUE,0.892107892107892,0.04725,0.0360833333333333
0.75,0.35,0.49,0.05,0.215384615384615,0.4425,0.4775,0.275,"low_only_plus_pooling",TRUE,TRUE,0.91008991008991,0.0464583333333333,0.036875
0.8,0.35,0.49,0.05,0.215384615384615,0.452,0.48,0.273333333333333,"low_only_plus_pooling",TRUE,TRUE,0.928071928071928,0.0456666666666667,0.0376666666666667
0.85,0.35,0.49,0.05,0.215384615384615,0.4615,0.4825,0.271666666666667,"delay_plus_pooling",TRUE,TRUE,0.882117882117882,0.0460416666666667,0.0372916666666667
0.9,0.35,0.49,0.05,0.215384615384615,0.471,0.485,0.27,"delay_plus_pooling",TRUE,TRUE,0.844155844155844,0.04875,0.0345833333333333
0.45,0.4,0.54,0.05,0.233333333333333,0.4355,0.5125,0.335,"low_only_plus_pooling",TRUE,TRUE,0.803196803196803,0.0470416666666667,0.0362916666666667
0.5,0.4,0.54,0.05,0.233333333333333,0.445,0.515,0.333333333333333,"low_only_plus_pooling",TRUE,TRUE,0.821178821178821,0.04625,0.0370833333333333
0.55,0.4,0.54,0.05,0.233333333333333,0.4545,0.5175,0.331666666666667,"low_only_plus_pooling",TRUE,TRUE,0.839160839160839,0.0454583333333333,0.037875
0.6,0.4,0.54,0.05,0.233333333333333,0.464,0.52,0.33,"low_only_plus_pooling",TRUE,TRUE,0.857142857142857,0.0446666666666667,0.0386666666666667
0.65,0.4,0.54,0.05,0.233333333333333,0.4735,0.5225,0.328333333333333,"low_only_plus_pooling",TRUE,TRUE,0.874125874125874,0.043875,0.0394583333333333
0.7,0.4,0.54,0.05,0.233333333333333,0.483,0.525,0.326666666666667,"low_only_plus_pooling",TRUE,TRUE,0.892107892107892,0.0430833333333333,0.04025
0.75,0.4,0.54,0.05,0.233333333333333,0.4925,0.5275,0.325,"low_only_plus_pooling",TRUE,TRUE,0.91008991008991,0.0422916666666667,0.0410416666666667
0.8,0.4,0.54,0.05,0.233333333333333,0.502,0.53,0.323333333333333,"low_only_plus_pooling",TRUE,TRUE,0.928071928071928,0.0415,0.0418333333333333
0.85,0.4,0.54,0.05,0.233333333333333,0.5115,0.5325,0.321666666666667,"delay_plus_pooling",TRUE,TRUE,0.862137862137862,0.0425,0.0408333333333333
0.9,0.4,0.54,0.05,0.233333333333333,0.521,0.535,0.32,"delay_plus_pooling",TRUE,TRUE,0.825174825174825,0.045,0.0383333333333333
0.45,0.1,0.27,0.05,0.188888888888889,0.149,0.2425,0.035,"low_only_plus_pooling",TRUE,TRUE,0.838161838161838,0.0709166666666667,0.0124166666666667
0.5,0.1,0.27,0.05,0.188888888888889,0.16,0.245,0.0333333333333333,"low_only_plus_pooling",TRUE,TRUE,0.852147852147852,0.07,0.0133333333333333
0.55,0.1,0.27,0.05,0.188888888888889,0.171,0.2475,0.0316666666666667,"low_only_plus_pooling",TRUE,TRUE,0.867132867132867,0.0690833333333333,0.01425
0.6,0.1,0.27,0.05,0.188888888888889,0.182,0.25,0.03,"low_only_plus_pooling",TRUE,TRUE,0.882117882117882,0.0681666666666667,0.0151666666666667
0.65,0.1,0.27,0.05,0.188888888888889,0.193,0.2525,0.0283333333333333,"low_only_plus_pooling",TRUE,TRUE,0.897102897102897,0.06725,0.0160833333333333
0.7,0.1,0.27,0.05,0.188888888888889,0.204,0.255,0.0266666666666667,"low_only_plus_pooling",TRUE,TRUE,0.911088911088911,0.0663333333333333,0.017
0.75,0.1,0.27,0.05,0.188888888888889,0.215,0.2575,0.025,"low_only_plus_pooling",TRUE,TRUE,0.926073926073926,0.0654166666666667,0.0179166666666667
0.8,0.1,0.27,0.05,0.188888888888889,0.226,0.26,0.0233333333333333,"low_only_plus_pooling",TRUE,TRUE,0.941058941058941,0.0645,0.0188333333333333
0.85,0.1,0.27,0.05,0.188888888888889,0.237,0.2625,0.0216666666666667,"delay_plus_pooling",TRUE,TRUE,0.919080919080919,0.06375,0.0195833333333333
0.9,0.1,0.27,0.05,0.188888888888889,0.248,0.265,0.02,"delay_plus_pooling",TRUE,TRUE,0.877122877122877,0.0675,0.0158333333333333
0.45,0.15,0.32,0.05,0.2,0.199,0.2925,0.085,"low_only_plus_pooling",TRUE,TRUE,0.838161838161838,0.06675,0.0165833333333333
0.5,0.15,0.32,0.05,0.2,0.21,0.295,0.0833333333333334,"low_only_plus_pooling",TRUE,TRUE,0.852147852147852,0.0658333333333333,0.0175
0.55,0.15,0.32,0.05,0.2,0.221,0.2975,0.0816666666666667,"low_only_plus_pooling",TRUE,TRUE,0.867132867132867,0.0649166666666667,0.0184166666666667
0.6,0.15,0.32,0.05,0.2,0.232,0.3,0.08,"low_only_plus_pooling",TRUE,TRUE,0.882117882117882,0.064,0.0193333333333333
0.65,0.15,0.32,0.05,0.2,0.243,0.3025,0.0783333333333334,"low_only_plus_pooling",TRUE,TRUE,0.897102897102897,0.0630833333333333,0.02025
0.7,0.15,0.32,0.05,0.2,0.254,0.305,0.0766666666666667,"low_only_plus_pooling",TRUE,TRUE,0.911088911088911,0.0621666666666667,0.0211666666666667
0.75,0.15,0.32,0.05,0.2,0.265,0.3075,0.075,"low_only_plus_pooling",TRUE,TRUE,0.926073926073926,0.06125,0.0220833333333333
0.8,0.15,0.32,0.05,0.2,0.276,0.31,0.0733333333333333,"low_only_plus_pooling",TRUE,TRUE,0.941058941058941,0.0603333333333333,0.023
0.85,0.15,0.32,0.05,0.2,0.287,0.3125,0.0716666666666667,"delay_plus_pooling",TRUE,TRUE,0.906093906093906,0.0602083333333333,0.023125
0.9,0.15,0.32,0.05,0.2,0.298,0.315,0.07,"delay_plus_pooling",TRUE,TRUE,0.865134865134865,0.06375,0.0195833333333333
0.45,0.2,0.37,0.05,0.2125,0.249,0.3425,0.135,"low_only_plus_pooling",TRUE,TRUE,0.838161838161838,0.0625833333333333,0.02075
0.5,0.2,0.37,0.05,0.2125,0.26,0.345,0.133333333333333,"low_only_plus_pooling",TRUE,TRUE,0.852147852147852,0.0616666666666667,0.0216666666666667
0.55,0.2,0.37,0.05,0.2125,0.271,0.3475,0.131666666666667,"low_only_plus_pooling",TRUE,TRUE,0.867132867132867,0.06075,0.0225833333333333
0.6,0.2,0.37,0.05,0.2125,0.282,0.35,0.13,"low_only_plus_pooling",TRUE,TRUE,0.882117882117882,0.0598333333333333,0.0235
0.65,0.2,0.37,0.05,0.2125,0.293,0.3525,0.128333333333333,"low_only_plus_pooling",TRUE,TRUE,0.897102897102897,0.0589166666666667,0.0244166666666667
0.7,0.2,0.37,0.05,0.2125,0.304,0.355,0.126666666666667,"low_only_plus_pooling",TRUE,TRUE,0.911088911088911,0.058,0.0253333333333333
0.75,0.2,0.37,0.05,0.2125,0.315,0.3575,0.125,"low_only_plus_pooling",TRUE,TRUE,0.926073926073926,0.0570833333333333,0.02625
0.8,0.2,0.37,0.05,0.2125,0.326,0.36,0.123333333333333,"low_only_plus_pooling",TRUE,TRUE,0.941058941058941,0.0561666666666667,0.0271666666666667
0.85,0.2,0.37,0.05,0.2125,0.337,0.3625,0.121666666666667,"delay_plus_pooling",TRUE,TRUE,0.892107892107892,0.0566666666666667,0.0266666666666667
0.9,0.2,0.37,0.05,0.2125,0.348,0.365,0.12,"delay_plus_pooling",TRUE,TRUE,0.851148851148851,0.06,0.0233333333333333
0.45,0.25,0.42,0.05,0.226666666666667,0.299,0.3925,0.185,"low_only_plus_pooling",TRUE,TRUE,0.838161838161838,0.0584166666666667,0.0249166666666667
0.5,0.25,0.42,0.05,0.226666666666667,0.31,0.395,0.183333333333333,"low_only_plus_pooling",TRUE,TRUE,0.852147852147852,0.0575,0.0258333333333333
0.55,0.25,0.42,0.05,0.226666666666667,0.321,0.3975,0.181666666666667,"low_only_plus_pooling",TRUE,TRUE,0.867132867132867,0.0565833333333333,0.02675
0.6,0.25,0.42,0.05,0.226666666666667,0.332,0.4,0.18,"low_only_plus_pooling",TRUE,TRUE,0.882117882117882,0.0556666666666667,0.0276666666666667
0.65,0.25,0.42,0.05,0.226666666666667,0.343,0.4025,0.178333333333333,"low_only_plus_pooling",TRUE,TRUE,0.897102897102897,0.05475,0.0285833333333333
0.7,0.25,0.42,0.05,0.226666666666667,0.354,0.405,0.176666666666667,"low_only_plus_pooling",TRUE,TRUE,0.911088911088911,0.0538333333333333,0.0295
0.75,0.25,0.42,0.05,0.226666666666667,0.365,0.4075,0.175,"low_only_plus_pooling",TRUE,TRUE,0.926073926073926,0.0529166666666667,0.0304166666666667
0.8,0.25,0.42,0.05,0.226666666666667,0.376,0.41,0.173333333333333,"low_only_plus_pooling",TRUE,TRUE,0.941058941058941,0.052,0.0313333333333333
0.85,0.25,0.42,0.05,0.226666666666667,0.387,0.4125,0.171666666666667,"delay_plus_pooling",TRUE,TRUE,0.876123876123876,0.053125,0.0302083333333333
0.9,0.25,0.42,0.05,0.226666666666667,0.398,0.415,0.17,"delay_plus_pooling",TRUE,TRUE,0.836163836163836,0.05625,0.0270833333333333
0.45,0.3,0.47,0.05,0.242857142857143,0.349,0.4425,0.235,"low_only_plus_pooling",TRUE,TRUE,0.838161838161838,0.05425,0.0290833333333333
0.5,0.3,0.47,0.05,0.242857142857143,0.36,0.445,0.233333333333333,"low_only_plus_pooling",TRUE,TRUE,0.852147852147852,0.0533333333333333,0.03
0.55,0.3,0.47,0.05,0.242857142857143,0.371,0.4475,0.231666666666667,"low_only_plus_pooling",TRUE,TRUE,0.867132867132867,0.0524166666666667,0.0309166666666667
0.6,0.3,0.47,0.05,0.242857142857143,0.382,0.45,0.23,"low_only_plus_pooling",TRUE,TRUE,0.882117882117882,0.0515,0.0318333333333333
0.65,0.3,0.47,0.05,0.242857142857143,0.393,0.4525,0.228333333333333,"low_only_plus_pooling",TRUE,TRUE,0.897102897102897,0.0505833333333333,0.03275
0.7,0.3,0.47,0.05,0.242857142857143,0.404,0.455,0.226666666666667,"low_only_plus_pooling",TRUE,TRUE,0.911088911088911,0.0496666666666667,0.0336666666666667
0.75,0.3,0.47,0.05,0.242857142857143,0.415,0.4575,0.225,"low_only_plus_pooling",TRUE,TRUE,0.926073926073926,0.04875,0.0345833333333333
0.8,0.3,0.47,0.05,0.242857142857143,0.426,0.46,0.223333333333333,"low_only_plus_pooling",TRUE,TRUE,0.941058941058941,0.0478333333333333,0.0355
0.85,0.3,0.47,0.05,0.242857142857143,0.437,0.4625,0.221666666666667,"delay_plus_pooling",TRUE,TRUE,0.858141858141858,0.0495833333333333,0.03375
0.9,0.3,0.47,0.05,0.242857142857143,0.448,0.465,0.22,"delay_plus_pooling",TRUE,TRUE,0.819180819180819,0.0525,0.0308333333333333
0.45,0.35,0.52,0.05,0.261538461538462,0.399,0.4925,0.285,"low_only_plus_pooling",TRUE,TRUE,0.838161838161838,0.0500833333333333,0.03325
0.5,0.35,0.52,0.05,0.261538461538462,0.41,0.495,0.283333333333333,"low_only_plus_pooling",TRUE,TRUE,0.852147852147852,0.0491666666666667,0.0341666666666667
0.55,0.35,0.52,0.05,0.261538461538462,0.421,0.4975,0.281666666666667,"low_only_plus_pooling",TRUE,TRUE,0.867132867132867,0.04825,0.0350833333333333
0.6,0.35,0.52,0.05,0.261538461538462,0.432,0.5,0.28,"low_only_plus_pooling",TRUE,TRUE,0.882117882117882,0.0473333333333333,0.036
0.65,0.35,0.52,0.05,0.261538461538462,0.443,0.5025,0.278333333333333,"low_only_plus_pooling",TRUE,TRUE,0.897102897102897,0.0464166666666667,0.0369166666666667
0.7,0.35,0.52,0.05,0.261538461538462,0.454,0.505,0.276666666666667,"low_only_plus_pooling",TRUE,TRUE,0.911088911088911,0.0455,0.0378333333333333
0.75,0.35,0.52,0.05,0.261538461538462,0.465,0.5075,0.275,"low_only_plus_pooling",TRUE,TRUE,0.926073926073926,0.0445833333333333,0.03875
0.8,0.35,0.52,0.05,0.261538461538462,0.476,0.51,0.273333333333333,"low_only_plus_pooling",TRUE,TRUE,0.941058941058941,0.0436666666666667,0.0396666666666667
0.85,0.35,0.52,0.05,0.261538461538462,0.487,0.5125,0.271666666666667,"delay_plus_pooling",TRUE,TRUE,0.837162837162837,0.0460416666666667,0.0372916666666667
0.9,0.35,0.52,0.05,0.261538461538462,0.498,0.515,0.27,"delay_plus_pooling",TRUE,TRUE,0.799200799200799,0.04875,0.0345833333333333
0.45,0.4,0.57,0.05,0.283333333333333,0.449,0.5425,0.335,"low_only_plus_pooling",TRUE,TRUE,0.838161838161838,0.0459166666666667,0.0374166666666667
0.5,0.4,0.57,0.05,0.283333333333333,0.46,0.545,0.333333333333333,"low_only_plus_pooling",TRUE,TRUE,0.852147852147852,0.045,0.0383333333333333
0.55,0.4,0.57,0.05,0.283333333333333,0.471,0.5475,0.331666666666667,"low_only_plus_pooling",TRUE,TRUE,0.867132867132867,0.0440833333333333,0.03925
0.6,0.4,0.57,0.05,0.283333333333333,0.482,0.55,0.33,"low_only_plus_pooling",TRUE,TRUE,0.882117882117882,0.0431666666666667,0.0401666666666667
0.65,0.4,0.57,0.05,0.283333333333333,0.493,0.5525,0.328333333333333,"low_only_plus_pooling",TRUE,TRUE,0.897102897102897,0.04225,0.0410833333333333
0.7,0.4,0.57,0.05,0.283333333333333,0.504,0.555,0.326666666666667,"low_only_plus_pooling",TRUE,TRUE,0.911088911088911,0.0413333333333333,0.042
0.75,0.4,0.57,0.05,0.283333333333333,0.515,0.5575,0.325,"low_only_plus_pooling",TRUE,TRUE,0.926073926073926,0.0404166666666667,0.0429166666666667
0.8,0.4,0.57,0.05,0.283333333333333,0.526,0.56,0.323333333333333,"delay_plus_pooling",TRUE,TRUE,0.857142857142857,0.04,0.0433333333333333
0.85,0.4,0.57,0.05,0.283333333333333,0.537,0.5625,0.321666666666667,"delay_plus_pooling",TRUE,TRUE,0.812187812187812,0.0425,0.0408333333333333
0.9,0.4,0.57,0.05,0.283333333333333,0.548,0.565,0.32,"delay_plus_pooling",TRUE,TRUE,0.775224775224775,0.045,0.0383333333333333
0.45,0.1,0.3,0.05,0.222222222222222,0.1625,0.2725,0.035,"low_only_plus_pooling",TRUE,TRUE,0.862137862137862,0.0697916666666667,0.0135416666666667
0.5,0.1,0.3,0.05,0.222222222222222,0.175,0.275,0.0333333333333333,"low_only_plus_pooling",TRUE,TRUE,0.874125874125874,0.06875,0.0145833333333333
0.55,0.1,0.3,0.05,0.222222222222222,0.1875,0.2775,0.0316666666666667,"low_only_plus_pooling",TRUE,TRUE,0.887112887112887,0.0677083333333333,0.015625
0.6,0.1,0.3,0.05,0.222222222222222,0.2,0.28,0.03,"low_only_plus_pooling",TRUE,TRUE,0.899100899100899,0.0666666666666667,0.0166666666666667
0.65,0.1,0.3,0.05,0.222222222222222,0.2125,0.2825,0.0283333333333333,"low_only_plus_pooling",TRUE,TRUE,0.912087912087912,0.065625,0.0177083333333333
0.7,0.1,0.3,0.05,0.222222222222222,0.225,0.285,0.0266666666666667,"low_only_plus_pooling",TRUE,TRUE,0.924075924075924,0.0645833333333333,0.01875
0.75,0.1,0.3,0.05,0.222222222222222,0.2375,0.2875,0.025,"low_only_plus_pooling",TRUE,TRUE,0.937062937062937,0.0635416666666667,0.0197916666666667
0.8,0.1,0.3,0.05,0.222222222222222,0.25,0.29,0.0233333333333333,"low_only_plus_pooling",TRUE,TRUE,0.949050949050949,0.0625,0.0208333333333333
0.85,0.1,0.3,0.05,0.222222222222222,0.2625,0.2925,0.0216666666666667,"delay_plus_pooling",TRUE,TRUE,0.886113886113886,0.06375,0.0195833333333333
0.9,0.1,0.3,0.05,0.222222222222222,0.275,0.295,0.02,"delay_plus_pooling",TRUE,TRUE,0.844155844155844,0.0675,0.0158333333333333
0.45,0.15,0.35,0.05,0.235294117647059,0.2125,0.3225,0.085,"low_only_plus_pooling",TRUE,TRUE,0.862137862137862,0.065625,0.0177083333333333
0.5,0.15,0.35,0.05,0.235294117647059,0.225,0.325,0.0833333333333334,"low_only_plus_pooling",TRUE,TRUE,0.874125874125874,0.0645833333333333,0.01875
0.55,0.15,0.35,0.05,0.235294117647059,0.2375,0.3275,0.0816666666666667,"low_only_plus_pooling",TRUE,TRUE,0.887112887112887,0.0635416666666667,0.0197916666666667
0.6,0.15,0.35,0.05,0.235294117647059,0.25,0.33,0.08,"low_only_plus_pooling",TRUE,TRUE,0.899100899100899,0.0625,0.0208333333333333
0.65,0.15,0.35,0.05,0.235294117647059,0.2625,0.3325,0.0783333333333334,"low_only_plus_pooling",TRUE,TRUE,0.912087912087912,0.0614583333333333,0.021875
0.7,0.15,0.35,0.05,0.235294117647059,0.275,0.335,0.0766666666666667,"low_only_plus_pooling",TRUE,TRUE,0.924075924075924,0.0604166666666667,0.0229166666666667
0.75,0.15,0.35,0.05,0.235294117647059,0.2875,0.3375,0.075,"low_only_plus_pooling",TRUE,TRUE,0.937062937062937,0.059375,0.0239583333333333
0.8,0.15,0.35,0.05,0.235294117647059,0.3,0.34,0.0733333333333333,"low_only_plus_pooling",TRUE,TRUE,0.949050949050949,0.0583333333333333,0.025
0.85,0.15,0.35,0.05,0.235294117647059,0.3125,0.3425,0.0716666666666667,"delay_plus_pooling",TRUE,TRUE,0.872127872127872,0.0602083333333333,0.023125
0.9,0.15,0.35,0.05,0.235294117647059,0.325,0.345,0.07,"delay_plus_pooling",TRUE,TRUE,0.83016983016983,0.06375,0.0195833333333333
0.45,0.2,0.4,0.05,0.25,0.2625,0.3725,0.135,"low_only_plus_pooling",TRUE,TRUE,0.862137862137862,0.0614583333333333,0.021875
0.5,0.2,0.4,0.05,0.25,0.275,0.375,0.133333333333333,"low_only_plus_pooling",TRUE,TRUE,0.874125874125874,0.0604166666666667,0.0229166666666667
0.55,0.2,0.4,0.05,0.25,0.2875,0.3775,0.131666666666667,"low_only_plus_pooling",TRUE,TRUE,0.887112887112887,0.059375,0.0239583333333333
0.6,0.2,0.4,0.05,0.25,0.3,0.38,0.13,"low_only_plus_pooling",TRUE,TRUE,0.899100899100899,0.0583333333333333,0.025
0.65,0.2,0.4,0.05,0.25,0.3125,0.3825,0.128333333333333,"low_only_plus_pooling",TRUE,TRUE,0.912087912087912,0.0572916666666667,0.0260416666666667
0.7,0.2,0.4,0.05,0.25,0.325,0.385,0.126666666666667,"low_only_plus_pooling",TRUE,TRUE,0.924075924075924,0.05625,0.0270833333333333
0.75,0.2,0.4,0.05,0.25,0.3375,0.3875,0.125,"low_only_plus_pooling",TRUE,TRUE,0.937062937062937,0.0552083333333333,0.028125
0.8,0.2,0.4,0.05,0.25,0.35,0.39,0.123333333333333,"low_only_plus_pooling",TRUE,TRUE,0.949050949050949,0.0541666666666667,0.0291666666666667
0.85,0.2,0.4,0.05,0.25,0.3625,0.3925,0.121666666666667,"delay_plus_pooling",TRUE,TRUE,0.855144855144855,0.0566666666666667,0.0266666666666667
0.9,0.2,0.4,0.05,0.25,0.375,0.395,0.12,"delay_plus_pooling",TRUE,TRUE,0.814185814185814,0.06,0.0233333333333333
0.45,0.25,0.45,0.05,0.266666666666667,0.3125,0.4225,0.185,"low_only_plus_pooling",TRUE,TRUE,0.862137862137862,0.0572916666666667,0.0260416666666667
0.5,0.25,0.45,0.05,0.266666666666667,0.325,0.425,0.183333333333333,"low_only_plus_pooling",TRUE,TRUE,0.874125874125874,0.05625,0.0270833333333333
0.55,0.25,0.45,0.05,0.266666666666667,0.3375,0.4275,0.181666666666667,"low_only_plus_pooling",TRUE,TRUE,0.887112887112887,0.0552083333333333,0.028125
0.6,0.25,0.45,0.05,0.266666666666667,0.35,0.43,0.18,"low_only_plus_pooling",TRUE,TRUE,0.899100899100899,0.0541666666666667,0.0291666666666667
0.65,0.25,0.45,0.05,0.266666666666667,0.3625,0.4325,0.178333333333333,"low_only_plus_pooling",TRUE,TRUE,0.912087912087912,0.053125,0.0302083333333333
0.7,0.25,0.45,0.05,0.266666666666667,0.375,0.435,0.176666666666667,"low_only_plus_pooling",TRUE,TRUE,0.924075924075924,0.0520833333333333,0.03125
0.75,0.25,0.45,0.05,0.266666666666667,0.3875,0.4375,0.175,"low_only_plus_pooling",TRUE,TRUE,0.937062937062937,0.0510416666666667,0.0322916666666667
0.8,0.25,0.45,0.05,0.266666666666667,0.4,0.44,0.173333333333333,"all_three",TRUE,TRUE,0.948051948051948,0.05,0.0333333333333333
0.85,0.25,0.45,0.05,0.266666666666667,0.4125,0.4425,0.171666666666667,"delay_plus_pooling",TRUE,TRUE,0.836163836163836,0.053125,0.0302083333333333
0.9,0.25,0.45,0.05,0.266666666666667,0.425,0.445,0.17,"delay_plus_pooling",TRUE,TRUE,0.796203796203796,0.05625,0.0270833333333333
0.45,0.3,0.5,0.05,0.285714285714286,0.3625,0.4725,0.235,"low_only_plus_pooling",TRUE,TRUE,0.862137862137862,0.053125,0.0302083333333333
0.5,0.3,0.5,0.05,0.285714285714286,0.375,0.475,0.233333333333333,"low_only_plus_pooling",TRUE,TRUE,0.874125874125874,0.0520833333333333,0.03125
0.55,0.3,0.5,0.05,0.285714285714286,0.3875,0.4775,0.231666666666667,"low_only_plus_pooling",TRUE,TRUE,0.887112887112887,0.0510416666666667,0.0322916666666667
0.6,0.3,0.5,0.05,0.285714285714286,0.4,0.48,0.23,"low_only_plus_pooling",TRUE,TRUE,0.899100899100899,0.05,0.0333333333333333
0.65,0.3,0.5,0.05,0.285714285714286,0.4125,0.4825,0.228333333333333,"low_only_plus_pooling",TRUE,TRUE,0.912087912087912,0.0489583333333333,0.034375
0.7,0.3,0.5,0.05,0.285714285714286,0.425,0.485,0.226666666666667,"low_only_plus_pooling",TRUE,TRUE,0.924075924075924,0.0479166666666667,0.0354166666666667
0.75,0.3,0.5,0.05,0.285714285714286,0.4375,0.4875,0.225,"low_only_plus_pooling",TRUE,TRUE,0.937062937062937,0.046875,0.0364583333333333
0.8,0.3,0.5,0.05,0.285714285714286,0.45,0.49,0.223333333333333,"delay_plus_pooling",TRUE,TRUE,0.859140859140859,0.0466666666666667,0.0366666666666667
0.85,0.3,0.5,0.05,0.285714285714286,0.4625,0.4925,0.221666666666667,"delay_plus_pooling",TRUE,TRUE,0.814185814185814,0.0495833333333333,0.03375
0.9,0.3,0.5,0.05,0.285714285714286,0.475,0.495,0.22,"delay_plus_pooling",TRUE,TRUE,0.775224775224775,0.0525,0.0308333333333333
0.45,0.35,0.55,0.05,0.307692307692308,0.4125,0.5225,0.285,"low_only_plus_pooling",TRUE,TRUE,0.862137862137862,0.0489583333333333,0.034375
0.5,0.35,0.55,0.05,0.307692307692308,0.425,0.525,0.283333333333333,"low_only_plus_pooling",TRUE,TRUE,0.874125874125874,0.0479166666666667,0.0354166666666667
0.55,0.35,0.55,0.05,0.307692307692308,0.4375,0.5275,0.281666666666667,"low_only_plus_pooling",TRUE,TRUE,0.887112887112887,0.046875,0.0364583333333333
0.6,0.35,0.55,0.05,0.307692307692308,0.45,0.53,0.28,"low_only_plus_pooling",TRUE,TRUE,0.899100899100899,0.0458333333333333,0.0375
0.65,0.35,0.55,0.05,0.307692307692308,0.4625,0.5325,0.278333333333333,"low_only_plus_pooling",TRUE,TRUE,0.912087912087912,0.0447916666666667,0.0385416666666667
0.7,0.35,0.55,0.05,0.307692307692308,0.475,0.535,0.276666666666667,"low_only_plus_pooling",TRUE,TRUE,0.924075924075924,0.04375,0.0395833333333333
0.75,0.35,0.55,0.05,0.307692307692308,0.4875,0.5375,0.275,"low_only_plus_pooling",TRUE,TRUE,0.937062937062937,0.0427083333333333,0.040625
0.8,0.35,0.55,0.05,0.307692307692308,0.5,0.54,0.273333333333333,"delay_plus_pooling",TRUE,TRUE,0.833166833166833,0.0433333333333333,0.04
0.85,0.35,0.55,0.05,0.307692307692308,0.5125,0.5425,0.271666666666667,"delay_plus_pooling",TRUE,TRUE,0.79020979020979,0.0460416666666667,0.0372916666666667
0.9,0.35,0.55,0.05,0.307692307692308,0.525,0.545,0.27,"delay_plus_pooling",TRUE,TRUE,0.751248751248751,0.04875,0.0345833333333333
0.45,0.4,0.6,0.05,0.333333333333333,0.4625,0.5725,0.335,"low_only_plus_pooling",TRUE,TRUE,0.862137862137862,0.0447916666666667,0.0385416666666667
0.5,0.4,0.6,0.05,0.333333333333333,0.475,0.575,0.333333333333333,"low_only_plus_pooling",TRUE,TRUE,0.874125874125874,0.04375,0.0395833333333333
0.55,0.4,0.6,0.05,0.333333333333333,0.4875,0.5775,0.331666666666667,"low_only_plus_pooling",TRUE,TRUE,0.887112887112887,0.0427083333333333,0.040625
0.6,0.4,0.6,0.05,0.333333333333333,0.5,0.58,0.33,"low_only_plus_pooling",TRUE,TRUE,0.899100899100899,0.0416666666666667,0.0416666666666667
0.65,0.4,0.6,0.05,0.333333333333333,0.5125,0.5825,0.328333333333333,"low_only_plus_pooling",TRUE,TRUE,0.912087912087912,0.040625,0.0427083333333333
0.7,0.4,0.6,0.05,0.333333333333333,0.525,0.585,0.326666666666667,"low_only_plus_pooling",TRUE,TRUE,0.924075924075924,0.0395833333333333,0.04375
0.75,0.4,0.6,0.05,0.333333333333333,0.5375,0.5875,0.325,"low_only_plus_pooling",TRUE,TRUE,0.937062937062937,0.0385416666666667,0.0447916666666667
0.8,0.4,0.6,0.05,0.333333333333333,0.55,0.59,0.323333333333333,"delay_plus_pooling",TRUE,TRUE,0.803196803196803,0.04,0.0433333333333333
0.85,0.4,0.6,0.05,0.333333333333333,0.5625,0.5925,0.321666666666667,"delay_plus_pooling",TRUE,TRUE,0.761238761238761,0.0425,0.0408333333333333
0.9,0.4,0.6,0.05,0.333333333333333,0.575,0.595,0.32,"delay_plus_pooling",TRUE,TRUE,0.723276723276723,0.045,0.0383333333333333
0.45,0.1,0.33,0.05,0.255555555555555,0.176,0.3025,0.035,"low_only_plus_pooling",TRUE,TRUE,0.88011988011988,0.0686666666666667,0.0146666666666667
0.5,0.1,0.33,0.05,0.255555555555555,0.19,0.305,0.0333333333333333,"low_only_plus_pooling",TRUE,TRUE,0.891108891108891,0.0675,0.0158333333333333
0.55,0.1,0.33,0.05,0.255555555555555,0.204,0.3075,0.0316666666666667,"low_only_plus_pooling",TRUE,TRUE,0.902097902097902,0.0663333333333333,0.017
0.6,0.1,0.33,0.05,0.255555555555555,0.218,0.31,0.03,"low_only_plus_pooling",TRUE,TRUE,0.913086913086913,0.0651666666666667,0.0181666666666667
0.65,0.1,0.33,0.05,0.255555555555555,0.232,0.3125,0.0283333333333333,"low_only_plus_pooling",TRUE,TRUE,0.923076923076923,0.064,0.0193333333333333
0.7,0.1,0.33,0.05,0.255555555555555,0.246,0.315,0.0266666666666667,"low_only_plus_pooling",TRUE,TRUE,0.934065934065934,0.0628333333333333,0.0205
0.75,0.1,0.33,0.05,0.255555555555555,0.26,0.3175,0.025,"low_only_plus_pooling",TRUE,TRUE,0.945054945054945,0.0616666666666667,0.0216666666666667
0.8,0.1,0.33,0.05,0.255555555555555,0.274,0.32,0.0233333333333333,"low_only_plus_pooling",TRUE,TRUE,0.956043956043956,0.0605,0.0228333333333333
0.85,0.1,0.33,0.05,0.255555555555555,0.288,0.3225,0.0216666666666667,"delay_plus_pooling",TRUE,TRUE,0.852147852147852,0.06375,0.0195833333333333
0.9,0.1,0.33,0.05,0.255555555555555,0.302,0.325,0.02,"delay_plus_pooling",TRUE,TRUE,0.811188811188811,0.0675,0.0158333333333333
0.45,0.15,0.38,0.05,0.270588235294118,0.226,0.3525,0.085,"low_only_plus_pooling",TRUE,TRUE,0.88011988011988,0.0645,0.0188333333333333
0.5,0.15,0.38,0.05,0.270588235294118,0.24,0.355,0.0833333333333334,"low_only_plus_pooling",TRUE,TRUE,0.891108891108891,0.0633333333333333,0.02
0.55,0.15,0.38,0.05,0.270588235294118,0.254,0.3575,0.0816666666666667,"low_only_plus_pooling",TRUE,TRUE,0.902097902097902,0.0621666666666667,0.0211666666666667
0.6,0.15,0.38,0.05,0.270588235294118,0.268,0.36,0.08,"low_only_plus_pooling",TRUE,TRUE,0.913086913086913,0.061,0.0223333333333333
0.65,0.15,0.38,0.05,0.270588235294118,0.282,0.3625,0.0783333333333334,"low_only_plus_pooling",TRUE,TRUE,0.923076923076923,0.0598333333333333,0.0235
0.7,0.15,0.38,0.05,0.270588235294118,0.296,0.365,0.0766666666666667,"low_only_plus_pooling",TRUE,TRUE,0.934065934065934,0.0586666666666667,0.0246666666666667
0.75,0.15,0.38,0.05,0.270588235294118,0.31,0.3675,0.075,"low_only_plus_pooling",TRUE,TRUE,0.945054945054945,0.0575,0.0258333333333333
0.8,0.15,0.38,0.05,0.270588235294118,0.324,0.37,0.0733333333333333,"delay_plus_pooling",TRUE,TRUE,0.882117882117882,0.0566666666666667,0.0266666666666667
0.85,0.15,0.38,0.05,0.270588235294118,0.338,0.3725,0.0716666666666667,"delay_plus_pooling",TRUE,TRUE,0.835164835164835,0.0602083333333333,0.023125
0.9,0.15,0.38,0.05,0.270588235294118,0.352,0.375,0.07,"delay_plus_pooling",TRUE,TRUE,0.794205794205794,0.06375,0.0195833333333333
0.45,0.2,0.43,0.05,0.2875,0.276,0.4025,0.135,"low_only_plus_pooling",TRUE,TRUE,0.88011988011988,0.0603333333333333,0.023
0.5,0.2,0.43,0.05,0.2875,0.29,0.405,0.133333333333333,"low_only_plus_pooling",TRUE,TRUE,0.891108891108891,0.0591666666666667,0.0241666666666667
0.55,0.2,0.43,0.05,0.2875,0.304,0.4075,0.131666666666667,"low_only_plus_pooling",TRUE,TRUE,0.902097902097902,0.058,0.0253333333333333
0.6,0.2,0.43,0.05,0.2875,0.318,0.41,0.13,"low_only_plus_pooling",TRUE,TRUE,0.913086913086913,0.0568333333333333,0.0265
0.65,0.2,0.43,0.05,0.2875,0.332,0.4125,0.128333333333333,"low_only_plus_pooling",TRUE,TRUE,0.923076923076923,0.0556666666666667,0.0276666666666667
0.7,0.2,0.43,0.05,0.2875,0.346,0.415,0.126666666666667,"low_only_plus_pooling",TRUE,TRUE,0.934065934065934,0.0545,0.0288333333333333
0.75,0.2,0.43,0.05,0.2875,0.36,0.4175,0.125,"low_only_plus_pooling",TRUE,TRUE,0.945054945054945,0.0533333333333333,0.03
0.8,0.2,0.43,0.05,0.2875,0.374,0.42,0.123333333333333,"delay_plus_pooling",TRUE,TRUE,0.862137862137862,0.0533333333333333,0.03
0.85,0.2,0.43,0.05,0.2875,0.388,0.4225,0.121666666666667,"delay_plus_pooling",TRUE,TRUE,0.816183816183816,0.0566666666666667,0.0266666666666667
0.9,0.2,0.43,0.05,0.2875,0.402,0.425,0.12,"delay_plus_pooling",TRUE,TRUE,0.776223776223776,0.06,0.0233333333333333
0.45,0.25,0.48,0.05,0.306666666666667,0.326,0.4525,0.185,"low_only_plus_pooling",TRUE,TRUE,0.88011988011988,0.0561666666666667,0.0271666666666667
0.5,0.25,0.48,0.05,0.306666666666667,0.34,0.455,0.183333333333333,"low_only_plus_pooling",TRUE,TRUE,0.891108891108891,0.055,0.0283333333333333
0.55,0.25,0.48,0.05,0.306666666666667,0.354,0.4575,0.181666666666667,"low_only_plus_pooling",TRUE,TRUE,0.902097902097902,0.0538333333333333,0.0295
0.6,0.25,0.48,0.05,0.306666666666667,0.368,0.46,0.18,"low_only_plus_pooling",TRUE,TRUE,0.913086913086913,0.0526666666666667,0.0306666666666667
0.65,0.25,0.48,0.05,0.306666666666667,0.382,0.4625,0.178333333333333,"low_only_plus_pooling",TRUE,TRUE,0.923076923076923,0.0515,0.0318333333333333
0.7,0.25,0.48,0.05,0.306666666666667,0.396,0.465,0.176666666666667,"low_only_plus_pooling",TRUE,TRUE,0.934065934065934,0.0503333333333333,0.033
0.75,0.25,0.48,0.05,0.306666666666667,0.41,0.4675,0.175,"low_only_plus_pooling",TRUE,TRUE,0.945054945054945,0.0491666666666667,0.0341666666666667
0.8,0.25,0.48,0.05,0.306666666666667,0.424,0.47,0.173333333333333,"delay_plus_pooling",TRUE,TRUE,0.839160839160839,0.05,0.0333333333333333
0.85,0.25,0.48,0.05,0.306666666666667,0.438,0.4725,0.171666666666667,"delay_plus_pooling",TRUE,TRUE,0.794205794205794,0.053125,0.0302083333333333
0.9,0.25,0.48,0.05,0.306666666666667,0.452,0.475,0.17,"delay_plus_pooling",TRUE,TRUE,0.755244755244755,0.05625,0.0270833333333333
0.45,0.3,0.53,0.05,0.328571428571429,0.376,0.5025,0.235,"low_only_plus_pooling",TRUE,TRUE,0.88011988011988,0.052,0.0313333333333333
0.5,0.3,0.53,0.05,0.328571428571429,0.39,0.505,0.233333333333333,"low_only_plus_pooling",TRUE,TRUE,0.891108891108891,0.0508333333333333,0.0325
0.55,0.3,0.53,0.05,0.328571428571429,0.404,0.5075,0.231666666666667,"low_only_plus_pooling",TRUE,TRUE,0.902097902097902,0.0496666666666667,0.0336666666666667
0.6,0.3,0.53,0.05,0.328571428571429,0.418,0.51,0.23,"low_only_plus_pooling",TRUE,TRUE,0.913086913086913,0.0485,0.0348333333333333
0.65,0.3,0.53,0.05,0.328571428571429,0.432,0.5125,0.228333333333333,"low_only_plus_pooling",TRUE,TRUE,0.923076923076923,0.0473333333333333,0.036
0.7,0.3,0.53,0.05,0.328571428571429,0.446,0.515,0.226666666666667,"low_only_plus_pooling",TRUE,TRUE,0.934065934065934,0.0461666666666667,0.0371666666666667
0.75,0.3,0.53,0.05,0.328571428571429,0.46,0.5175,0.225,"low_only_plus_pooling",TRUE,TRUE,0.945054945054945,0.045,0.0383333333333333
0.8,0.3,0.53,0.05,0.328571428571429,0.474,0.52,0.223333333333333,"delay_plus_pooling",TRUE,TRUE,0.813186813186813,0.0466666666666667,0.0366666666666667
0.85,0.3,0.53,0.05,0.328571428571429,0.488,0.5225,0.221666666666667,"delay_plus_pooling",TRUE,TRUE,0.769230769230769,0.0495833333333333,0.03375
0.9,0.3,0.53,0.05,0.328571428571429,0.502,0.525,0.22,"delay_plus_pooling",TRUE,TRUE,0.731268731268731,0.0525,0.0308333333333333
0.45,0.35,0.58,0.05,0.353846153846154,0.426,0.5525,0.285,"low_only_plus_pooling",TRUE,TRUE,0.88011988011988,0.0478333333333333,0.0355
0.5,0.35,0.58,0.05,0.353846153846154,0.44,0.555,0.283333333333333,"low_only_plus_pooling",TRUE,TRUE,0.891108891108891,0.0466666666666667,0.0366666666666667
0.55,0.35,0.58,0.05,0.353846153846154,0.454,0.5575,0.281666666666667,"low_only_plus_pooling",TRUE,TRUE,0.902097902097902,0.0455,0.0378333333333333
0.6,0.35,0.58,0.05,0.353846153846154,0.468,0.56,0.28,"low_only_plus_pooling",TRUE,TRUE,0.913086913086913,0.0443333333333333,0.039
0.65,0.35,0.58,0.05,0.353846153846154,0.482,0.5625,0.278333333333333,"low_only_plus_pooling",TRUE,TRUE,0.923076923076923,0.0431666666666667,0.0401666666666667
0.7,0.35,0.58,0.05,0.353846153846154,0.496,0.565,0.276666666666667,"low_only_plus_pooling",TRUE,TRUE,0.934065934065934,0.042,0.0413333333333333
0.75,0.35,0.58,0.05,0.353846153846154,0.51,0.5675,0.275,"low_only_plus_pooling",TRUE,TRUE,0.945054945054945,0.0408333333333333,0.0425
0.8,0.35,0.58,0.05,0.353846153846154,0.524,0.57,0.273333333333333,"delay_plus_pooling",TRUE,TRUE,0.782217782217782,0.0433333333333333,0.04
0.85,0.35,0.58,0.05,0.353846153846154,0.538,0.5725,0.271666666666667,"delay_plus_pooling",TRUE,TRUE,0.74025974025974,0.0460416666666667,0.0372916666666667
0.9,0.35,0.58,0.05,0.353846153846154,0.552,0.575,0.27,"delay_plus_pooling",TRUE,TRUE,0.704295704295704,0.04875,0.0345833333333333
0.45,0.4,0.63,0.05,0.383333333333333,0.476,0.6025,0.335,"low_only_plus_pooling",TRUE,TRUE,0.88011988011988,0.0436666666666667,0.0396666666666667
0.5,0.4,0.63,0.05,0.383333333333333,0.49,0.605,0.333333333333333,"low_only_plus_pooling",TRUE,TRUE,0.891108891108891,0.0425,0.0408333333333333
0.55,0.4,0.63,0.05,0.383333333333333,0.504,0.6075,0.331666666666667,"low_only_plus_pooling",TRUE,TRUE,0.902097902097902,0.0413333333333333,0.042
0.6,0.4,0.63,0.05,0.383333333333333,0.518,0.61,0.33,"low_only_plus_pooling",TRUE,TRUE,0.913086913086913,0.0401666666666667,0.0431666666666667
0.65,0.4,0.63,0.05,0.383333333333333,0.532,0.6125,0.328333333333333,"low_only_plus_pooling",TRUE,TRUE,0.923076923076923,0.039,0.0443333333333333
0.7,0.4,0.63,0.05,0.383333333333333,0.546,0.615,0.326666666666667,"low_only_plus_pooling",TRUE,TRUE,0.934065934065934,0.0378333333333333,0.0455
0.75,0.4,0.63,0.05,0.383333333333333,0.56,0.6175,0.325,"delay_plus_pooling",TRUE,TRUE,0.794205794205794,0.0375,0.0458333333333333
0.8,0.4,0.63,0.05,0.383333333333333,0.574,0.62,0.323333333333333,"delay_plus_pooling",TRUE,TRUE,0.747252747252747,0.04,0.0433333333333333
0.85,0.4,0.63,0.05,0.383333333333333,0.588,0.6225,0.321666666666667,"delay_plus_pooling",TRUE,TRUE,0.707292707292707,0.0425,0.0408333333333333
0.9,0.4,0.63,0.05,0.383333333333333,0.602,0.625,0.32,"delay_plus_pooling",TRUE,TRUE,0.672327672327672,0.045,0.0383333333333333
0.45,0.1,0.36,0.05,0.288888888888889,0.1895,0.3325,0.035,"low_only_plus_pooling",TRUE,TRUE,0.894105894105894,0.0675416666666667,0.0157916666666667
0.5,0.1,0.36,0.05,0.288888888888889,0.205,0.335,0.0333333333333333,"low_only_plus_pooling",TRUE,TRUE,0.903096903096903,0.06625,0.0170833333333333
0.55,0.1,0.36,0.05,0.288888888888889,0.2205,0.3375,0.0316666666666667,"low_only_plus_pooling",TRUE,TRUE,0.913086913086913,0.0649583333333333,0.018375
0.6,0.1,0.36,0.05,0.288888888888889,0.236,0.34,0.03,"low_only_plus_pooling",TRUE,TRUE,0.923076923076923,0.0636666666666667,0.0196666666666667
0.65,0.1,0.36,0.05,0.288888888888889,0.2515,0.3425,0.0283333333333333,"low_only_plus_pooling",TRUE,TRUE,0.932067932067932,0.062375,0.0209583333333333
0.7,0.1,0.36,0.05,0.288888888888889,0.267,0.345,0.0266666666666667,"low_only_plus_pooling",TRUE,TRUE,0.942057942057942,0.0610833333333333,0.02225
0.75,0.1,0.36,0.05,0.288888888888889,0.2825,0.3475,0.025,"low_only_plus_pooling",TRUE,TRUE,0.951048951048951,0.0597916666666667,0.0235416666666667
0.8,0.1,0.36,0.05,0.288888888888889,0.298,0.35,0.0233333333333333,"delay_plus_pooling",TRUE,TRUE,0.863136863136863,0.06,0.0233333333333333
0.85,0.1,0.36,0.05,0.288888888888889,0.3135,0.3525,0.0216666666666667,"delay_plus_pooling",TRUE,TRUE,0.817182817182817,0.06375,0.0195833333333333
0.9,0.1,0.36,0.05,0.288888888888889,0.329,0.355,0.02,"delay_plus_pooling",TRUE,TRUE,0.776223776223776,0.0675,0.0158333333333333
0.45,0.15,0.41,0.05,0.305882352941176,0.2395,0.3825,0.085,"low_only_plus_pooling",TRUE,TRUE,0.894105894105894,0.063375,0.0199583333333333
0.5,0.15,0.41,0.05,0.305882352941176,0.255,0.385,0.0833333333333334,"low_only_plus_pooling",TRUE,TRUE,0.903096903096903,0.0620833333333333,0.02125
0.55,0.15,0.41,0.05,0.305882352941176,0.2705,0.3875,0.0816666666666667,"low_only_plus_pooling",TRUE,TRUE,0.913086913086913,0.0607916666666667,0.0225416666666667
0.6,0.15,0.41,0.05,0.305882352941176,0.286,0.39,0.08,"low_only_plus_pooling",TRUE,TRUE,0.923076923076923,0.0595,0.0238333333333333
0.65,0.15,0.41,0.05,0.305882352941176,0.3015,0.3925,0.0783333333333334,"low_only_plus_pooling",TRUE,TRUE,0.932067932067932,0.0582083333333333,0.025125
0.7,0.15,0.41,0.05,0.305882352941176,0.317,0.395,0.0766666666666667,"low_only_plus_pooling",TRUE,TRUE,0.942057942057942,0.0569166666666667,0.0264166666666667
0.75,0.15,0.41,0.05,0.305882352941176,0.3325,0.3975,0.075,"low_only_plus_pooling",TRUE,TRUE,0.951048951048951,0.055625,0.0277083333333333
0.8,0.15,0.41,0.05,0.305882352941176,0.348,0.4,0.0733333333333333,"delay_plus_pooling",TRUE,TRUE,0.843156843156843,0.0566666666666667,0.0266666666666667
0.85,0.15,0.41,0.05,0.305882352941176,0.3635,0.4025,0.0716666666666667,"delay_plus_pooling",TRUE,TRUE,0.797202797202797,0.0602083333333333,0.023125
0.9,0.15,0.41,0.05,0.305882352941176,0.379,0.405,0.07,"delay_plus_pooling",TRUE,TRUE,0.757242757242757,0.06375,0.0195833333333333
0.45,0.2,0.46,0.05,0.325,0.2895,0.4325,0.135,"low_only_plus_pooling",TRUE,TRUE,0.894105894105894,0.0592083333333333,0.024125
0.5,0.2,0.46,0.05,0.325,0.305,0.435,0.133333333333333,"low_only_plus_pooling",TRUE,TRUE,0.903096903096903,0.0579166666666667,0.0254166666666667
0.55,0.2,0.46,0.05,0.325,0.3205,0.4375,0.131666666666667,"low_only_plus_pooling",TRUE,TRUE,0.913086913086913,0.056625,0.0267083333333333
0.6,0.2,0.46,0.05,0.325,0.336,0.44,0.13,"low_only_plus_pooling",TRUE,TRUE,0.923076923076923,0.0553333333333333,0.028
0.65,0.2,0.46,0.05,0.325,0.3515,0.4425,0.128333333333333,"low_only_plus_pooling",TRUE,TRUE,0.932067932067932,0.0540416666666667,0.0292916666666667
0.7,0.2,0.46,0.05,0.325,0.367,0.445,0.126666666666667,"low_only_plus_pooling",TRUE,TRUE,0.942057942057942,0.05275,0.0305833333333333
0.75,0.2,0.46,0.05,0.325,0.3825,0.4475,0.125,"low_only_plus_pooling",TRUE,TRUE,0.951048951048951,0.0514583333333333,0.031875
0.8,0.2,0.46,0.05,0.325,0.398,0.45,0.123333333333333,"delay_plus_pooling",TRUE,TRUE,0.82017982017982,0.0533333333333333,0.03
0.85,0.2,0.46,0.05,0.325,0.4135,0.4525,0.121666666666667,"delay_plus_pooling",TRUE,TRUE,0.776223776223776,0.0566666666666667,0.0266666666666667
0.9,0.2,0.46,0.05,0.325,0.429,0.455,0.12,"delay_plus_pooling",TRUE,TRUE,0.736263736263736,0.06,0.0233333333333333
0.45,0.25,0.51,0.05,0.346666666666667,0.3395,0.4825,0.185,"low_only_plus_pooling",TRUE,TRUE,0.894105894105894,0.0550416666666667,0.0282916666666667
0.5,0.25,0.51,0.05,0.346666666666667,0.355,0.485,0.183333333333333,"low_only_plus_pooling",TRUE,TRUE,0.903096903096903,0.05375,0.0295833333333333
0.55,0.25,0.51,0.05,0.346666666666667,0.3705,0.4875,0.181666666666667,"low_only_plus_pooling",TRUE,TRUE,0.913086913086913,0.0524583333333333,0.030875
0.6,0.25,0.51,0.05,0.346666666666667,0.386,0.49,0.18,"low_only_plus_pooling",TRUE,TRUE,0.923076923076923,0.0511666666666667,0.0321666666666667
0.65,0.25,0.51,0.05,0.346666666666667,0.4015,0.4925,0.178333333333333,"low_only_plus_pooling",TRUE,TRUE,0.932067932067932,0.049875,0.0334583333333333
0.7,0.25,0.51,0.05,0.346666666666667,0.417,0.495,0.176666666666667,"low_only_plus_pooling",TRUE,TRUE,0.942057942057942,0.0485833333333333,0.03475
0.75,0.25,0.51,0.05,0.346666666666667,0.4325,0.4975,0.175,"low_only_plus_pooling",TRUE,TRUE,0.951048951048951,0.0472916666666667,0.0360416666666667
0.8,0.25,0.51,0.05,0.346666666666667,0.448,0.5,0.173333333333333,"delay_plus_pooling",TRUE,TRUE,0.794205794205794,0.05,0.0333333333333333
0.85,0.25,0.51,0.05,0.346666666666667,0.4635,0.5025,0.171666666666667,"delay_plus_pooling",TRUE,TRUE,0.751248751248751,0.053125,0.0302083333333333
0.9,0.25,0.51,0.05,0.346666666666667,0.479,0.505,0.17,"delay_plus_pooling",TRUE,TRUE,0.713286713286713,0.05625,0.0270833333333333
0.45,0.3,0.56,0.05,0.371428571428571,0.3895,0.5325,0.235,"low_only_plus_pooling",TRUE,TRUE,0.894105894105894,0.050875,0.0324583333333333
0.5,0.3,0.56,0.05,0.371428571428571,0.405,0.535,0.233333333333333,"low_only_plus_pooling",TRUE,TRUE,0.903096903096903,0.0495833333333333,0.03375
0.55,0.3,0.56,0.05,0.371428571428571,0.4205,0.5375,0.231666666666667,"low_only_plus_pooling",TRUE,TRUE,0.913086913086913,0.0482916666666667,0.0350416666666667
0.6,0.3,0.56,0.05,0.371428571428571,0.436,0.54,0.23,"low_only_plus_pooling",TRUE,TRUE,0.923076923076923,0.047,0.0363333333333333
0.65,0.3,0.56,0.05,0.371428571428571,0.4515,0.5425,0.228333333333333,"low_only_plus_pooling",TRUE,TRUE,0.932067932067932,0.0457083333333333,0.037625
0.7,0.3,0.56,0.05,0.371428571428571,0.467,0.545,0.226666666666667,"low_only_plus_pooling",TRUE,TRUE,0.942057942057942,0.0444166666666667,0.0389166666666667
0.75,0.3,0.56,0.05,0.371428571428571,0.4825,0.5475,0.225,"delay_plus_pooling",TRUE,TRUE,0.812187812187812,0.04375,0.0395833333333333
0.8,0.3,0.56,0.05,0.371428571428571,0.498,0.55,0.223333333333333,"delay_plus_pooling",TRUE,TRUE,0.764235764235764,0.0466666666666667,0.0366666666666667
0.85,0.3,0.56,0.05,0.371428571428571,0.5135,0.5525,0.221666666666667,"delay_plus_pooling",TRUE,TRUE,0.723276723276723,0.0495833333333333,0.03375
0.9,0.3,0.56,0.05,0.371428571428571,0.529,0.555,0.22,"delay_plus_pooling",TRUE,TRUE,0.686313686313686,0.0525,0.0308333333333333
0.45,0.35,0.61,0.05,0.4,0.4395,0.5825,0.285,"low_only_plus_pooling",TRUE,TRUE,0.894105894105894,0.0467083333333333,0.036625
0.5,0.35,0.61,0.05,0.4,0.455,0.585,0.283333333333333,"low_only_plus_pooling",TRUE,TRUE,0.903096903096903,0.0454166666666667,0.0379166666666667
0.55,0.35,0.61,0.05,0.4,0.4705,0.5875,0.281666666666667,"low_only_plus_pooling",TRUE,TRUE,0.913086913086913,0.044125,0.0392083333333333
0.6,0.35,0.61,0.05,0.4,0.486,0.59,0.28,"low_only_plus_pooling",TRUE,TRUE,0.923076923076923,0.0428333333333333,0.0405
0.65,0.35,0.61,0.05,0.4,0.5015,0.5925,0.278333333333333,"low_only_plus_pooling",TRUE,TRUE,0.932067932067932,0.0415416666666667,0.0417916666666667
0.7,0.35,0.61,0.05,0.4,0.517,0.595,0.276666666666667,"low_only_plus_pooling",TRUE,TRUE,0.942057942057942,0.04025,0.0430833333333333
0.75,0.35,0.61,0.05,0.4,0.5325,0.5975,0.275,"delay_plus_pooling",TRUE,TRUE,0.776223776223776,0.040625,0.0427083333333333
0.8,0.35,0.61,0.05,0.4,0.548,0.6,0.273333333333333,"delay_plus_pooling",TRUE,TRUE,0.73026973026973,0.0433333333333333,0.04
0.85,0.35,0.61,0.05,0.4,0.5635,0.6025,0.271666666666667,"delay_plus_pooling",TRUE,TRUE,0.69030969030969,0.0460416666666667,0.0372916666666667
0.9,0.35,0.61,0.05,0.4,0.579,0.605,0.27,"delay_plus_pooling",TRUE,TRUE,0.655344655344655,0.04875,0.0345833333333333
0.45,0.4,0.66,0.05,0.433333333333333,0.4895,0.6325,0.335,"low_only_plus_pooling",TRUE,TRUE,0.894105894105894,0.0425416666666667,0.0407916666666667
0.5,0.4,0.66,0.05,0.433333333333333,0.505,0.635,0.333333333333333,"low_only_plus_pooling",TRUE,TRUE,0.903096903096903,0.04125,0.0420833333333333
0.55,0.4,0.66,0.05,0.433333333333333,0.5205,0.6375,0.331666666666667,"low_only_plus_pooling",TRUE,TRUE,0.913086913086913,0.0399583333333333,0.043375
0.6,0.4,0.66,0.05,0.433333333333333,0.536,0.64,0.33,"low_only_plus_pooling",TRUE,TRUE,0.923076923076923,0.0386666666666667,0.0446666666666667
0.65,0.4,0.66,0.05,0.433333333333333,0.5515,0.6425,0.328333333333333,"low_only_plus_pooling",TRUE,TRUE,0.932067932067932,0.037375,0.0459583333333333
0.7,0.4,0.66,0.05,0.433333333333333,0.567,0.645,0.326666666666667,"low_only_plus_pooling",TRUE,TRUE,0.942057942057942,0.0360833333333333,0.04725
0.75,0.4,0.66,0.05,0.433333333333333,0.5825,0.6475,0.325,"delay_plus_pooling",TRUE,TRUE,0.734265734265734,0.0375,0.0458333333333333
0.8,0.4,0.66,0.05,0.433333333333333,0.598,0.65,0.323333333333333,"delay_plus_pooling",TRUE,TRUE,0.69030969030969,0.04,0.0433333333333333
0.85,0.4,0.66,0.05,0.433333333333333,0.6135,0.6525,0.321666666666667,"delay_plus_pooling",TRUE,TRUE,0.652347652347652,0.0425,0.0408333333333333
0.9,0.4,0.66,0.05,0.433333333333333,0.629,0.655,0.32,"delay_plus_pooling",TRUE,TRUE,0.618381618381618,0.045,0.0383333333333333
0.45,0.1,0.39,0.05,0.322222222222222,0.203,0.3625,0.035,"low_only_plus_pooling",TRUE,TRUE,0.905094905094905,0.0664166666666667,0.0169166666666667
0.5,0.1,0.39,0.05,0.322222222222222,0.22,0.365,0.0333333333333333,"low_only_plus_pooling",TRUE,TRUE,0.913086913086913,0.065,0.0183333333333333
0.55,0.1,0.39,0.05,0.322222222222222,0.237,0.3675,0.0316666666666667,"low_only_plus_pooling",TRUE,TRUE,0.922077922077922,0.0635833333333333,0.01975
0.6,0.1,0.39,0.05,0.322222222222222,0.254,0.37,0.03,"low_only_plus_pooling",TRUE,TRUE,0.931068931068931,0.0621666666666667,0.0211666666666667
0.65,0.1,0.39,0.05,0.322222222222222,0.271,0.3725,0.0283333333333333,"low_only_plus_pooling",TRUE,TRUE,0.939060939060939,0.06075,0.0225833333333333
0.7,0.1,0.39,0.05,0.322222222222222,0.288,0.375,0.0266666666666667,"low_only_plus_pooling",TRUE,TRUE,0.948051948051948,0.0593333333333333,0.024
0.75,0.1,0.39,0.05,0.322222222222222,0.305,0.3775,0.025,"low_only_plus_pooling",TRUE,TRUE,0.956043956043956,0.0579166666666667,0.0254166666666667
0.8,0.1,0.39,0.05,0.322222222222222,0.322,0.38,0.0233333333333333,"delay_plus_pooling",TRUE,TRUE,0.826173826173826,0.06,0.0233333333333333
0.85,0.1,0.39,0.05,0.322222222222222,0.339,0.3825,0.0216666666666667,"delay_plus_pooling",TRUE,TRUE,0.781218781218781,0.06375,0.0195833333333333
0.9,0.1,0.39,0.05,0.322222222222222,0.356,0.385,0.02,"delay_plus_pooling",TRUE,TRUE,0.741258741258741,0.0675,0.0158333333333333
0.45,0.15,0.44,0.05,0.341176470588235,0.253,0.4125,0.085,"low_only_plus_pooling",TRUE,TRUE,0.905094905094905,0.06225,0.0210833333333333
0.5,0.15,0.44,0.05,0.341176470588235,0.27,0.415,0.0833333333333334,"low_only_plus_pooling",TRUE,TRUE,0.913086913086913,0.0608333333333333,0.0225
0.55,0.15,0.44,0.05,0.341176470588235,0.287,0.4175,0.0816666666666667,"low_only_plus_pooling",TRUE,TRUE,0.922077922077922,0.0594166666666667,0.0239166666666667
0.6,0.15,0.44,0.05,0.341176470588235,0.304,0.42,0.08,"low_only_plus_pooling",TRUE,TRUE,0.931068931068931,0.058,0.0253333333333333
0.65,0.15,0.44,0.05,0.341176470588235,0.321,0.4225,0.0783333333333334,"low_only_plus_pooling",TRUE,TRUE,0.939060939060939,0.0565833333333333,0.02675
0.7,0.15,0.44,0.05,0.341176470588235,0.338,0.425,0.0766666666666667,"low_only_plus_pooling",TRUE,TRUE,0.948051948051948,0.0551666666666667,0.0281666666666667
0.75,0.15,0.44,0.05,0.341176470588235,0.355,0.4275,0.075,"low_only_plus_pooling",TRUE,TRUE,0.956043956043956,0.05375,0.0295833333333333
0.8,0.15,0.44,0.05,0.341176470588235,0.372,0.43,0.0733333333333333,"delay_plus_pooling",TRUE,TRUE,0.803196803196803,0.0566666666666667,0.0266666666666667
0.85,0.15,0.44,0.05,0.341176470588235,0.389,0.4325,0.0716666666666667,"delay_plus_pooling",TRUE,TRUE,0.759240759240759,0.0602083333333333,0.023125
0.9,0.15,0.44,0.05,0.341176470588235,0.406,0.435,0.07,"delay_plus_pooling",TRUE,TRUE,0.72027972027972,0.06375,0.0195833333333333
0.45,0.2,0.49,0.05,0.3625,0.303,0.4625,0.135,"low_only_plus_pooling",TRUE,TRUE,0.905094905094905,0.0580833333333333,0.02525
0.5,0.2,0.49,0.05,0.3625,0.32,0.465,0.133333333333333,"low_only_plus_pooling",TRUE,TRUE,0.913086913086913,0.0566666666666667,0.0266666666666667
0.55,0.2,0.49,0.05,0.3625,0.337,0.4675,0.131666666666667,"low_only_plus_pooling",TRUE,TRUE,0.922077922077922,0.05525,0.0280833333333333
0.6,0.2,0.49,0.05,0.3625,0.354,0.47,0.13,"low_only_plus_pooling",TRUE,TRUE,0.931068931068931,0.0538333333333333,0.0295
0.65,0.2,0.49,0.05,0.3625,0.371,0.4725,0.128333333333333,"low_only_plus_pooling",TRUE,TRUE,0.939060939060939,0.0524166666666667,0.0309166666666667
0.7,0.2,0.49,0.05,0.3625,0.388,0.475,0.126666666666667,"low_only_plus_pooling",TRUE,TRUE,0.948051948051948,0.051,0.0323333333333333
0.75,0.2,0.49,0.05,0.3625,0.405,0.4775,0.125,"delay_plus_pooling",TRUE,TRUE,0.826173826173826,0.05,0.0333333333333333
0.8,0.2,0.49,0.05,0.3625,0.422,0.48,0.123333333333333,"delay_plus_pooling",TRUE,TRUE,0.777222777222777,0.0533333333333333,0.03
0.85,0.2,0.49,0.05,0.3625,0.439,0.4825,0.121666666666667,"delay_plus_pooling",TRUE,TRUE,0.735264735264735,0.0566666666666667,0.0266666666666667
0.9,0.2,0.49,0.05,0.3625,0.456,0.485,0.12,"delay_plus_pooling",TRUE,TRUE,0.697302697302697,0.06,0.0233333333333333
0.45,0.25,0.54,0.05,0.386666666666667,0.353,0.5125,0.185,"low_only_plus_pooling",TRUE,TRUE,0.905094905094905,0.0539166666666667,0.0294166666666667
0.5,0.25,0.54,0.05,0.386666666666667,0.37,0.515,0.183333333333333,"low_only_plus_pooling",TRUE,TRUE,0.913086913086913,0.0525,0.0308333333333333
0.55,0.25,0.54,0.05,0.386666666666667,0.387,0.5175,0.181666666666667,"low_only_plus_pooling",TRUE,TRUE,0.922077922077922,0.0510833333333333,0.03225
0.6,0.25,0.54,0.05,0.386666666666667,0.404,0.52,0.18,"low_only_plus_pooling",TRUE,TRUE,0.931068931068931,0.0496666666666667,0.0336666666666667
0.65,0.25,0.54,0.05,0.386666666666667,0.421,0.5225,0.178333333333333,"low_only_plus_pooling",TRUE,TRUE,0.939060939060939,0.04825,0.0350833333333333
0.7,0.25,0.54,0.05,0.386666666666667,0.438,0.525,0.176666666666667,"low_only_plus_pooling",TRUE,TRUE,0.948051948051948,0.0468333333333333,0.0365
0.75,0.25,0.54,0.05,0.386666666666667,0.455,0.5275,0.175,"delay_plus_pooling",TRUE,TRUE,0.795204795204795,0.046875,0.0364583333333333
0.8,0.25,0.54,0.05,0.386666666666667,0.472,0.53,0.173333333333333,"delay_plus_pooling",TRUE,TRUE,0.748251748251748,0.05,0.0333333333333333
0.85,0.25,0.54,0.05,0.386666666666667,0.489,0.5325,0.171666666666667,"delay_plus_pooling",TRUE,TRUE,0.707292707292707,0.053125,0.0302083333333333
0.9,0.25,0.54,0.05,0.386666666666667,0.506,0.535,0.17,"delay_plus_pooling",TRUE,TRUE,0.67032967032967,0.05625,0.0270833333333333
0.45,0.3,0.59,0.05,0.414285714285714,0.403,0.5625,0.235,"low_only_plus_pooling",TRUE,TRUE,0.905094905094905,0.04975,0.0335833333333333
0.5,0.3,0.59,0.05,0.414285714285714,0.42,0.565,0.233333333333333,"low_only_plus_pooling",TRUE,TRUE,0.913086913086913,0.0483333333333333,0.035
0.55,0.3,0.59,0.05,0.414285714285714,0.437,0.5675,0.231666666666667,"low_only_plus_pooling",TRUE,TRUE,0.922077922077922,0.0469166666666667,0.0364166666666667
0.6,0.3,0.59,0.05,0.414285714285714,0.454,0.57,0.23,"low_only_plus_pooling",TRUE,TRUE,0.931068931068931,0.0455,0.0378333333333333
0.65,0.3,0.59,0.05,0.414285714285714,0.471,0.5725,0.228333333333333,"low_only_plus_pooling",TRUE,TRUE,0.939060939060939,0.0440833333333333,0.03925
0.7,0.3,0.59,0.05,0.414285714285714,0.488,0.575,0.226666666666667,"low_only_plus_pooling",TRUE,TRUE,0.948051948051948,0.0426666666666667,0.0406666666666667
0.75,0.3,0.59,0.05,0.414285714285714,0.505,0.5775,0.225,"delay_plus_pooling",TRUE,TRUE,0.76023976023976,0.04375,0.0395833333333333
0.8,0.3,0.59,0.05,0.414285714285714,0.522,0.58,0.223333333333333,"delay_plus_pooling",TRUE,TRUE,0.714285714285714,0.0466666666666667,0.0366666666666667
0.85,0.3,0.59,0.05,0.414285714285714,0.539,0.5825,0.221666666666667,"delay_plus_pooling",TRUE,TRUE,0.675324675324675,0.0495833333333333,0.03375
0.9,0.3,0.59,0.05,0.414285714285714,0.556,0.585,0.22,"delay_plus_pooling",TRUE,TRUE,0.64035964035964,0.0525,0.0308333333333333
0.45,0.35,0.64,0.05,0.446153846153846,0.453,0.6125,0.285,"low_only_plus_pooling",TRUE,TRUE,0.905094905094905,0.0455833333333333,0.03775
0.5,0.35,0.64,0.05,0.446153846153846,0.47,0.615,0.283333333333333,"low_only_plus_pooling",TRUE,TRUE,0.913086913086913,0.0441666666666667,0.0391666666666667
0.55,0.35,0.64,0.05,0.446153846153846,0.487,0.6175,0.281666666666667,"low_only_plus_pooling",TRUE,TRUE,0.922077922077922,0.04275,0.0405833333333333
0.6,0.35,0.64,0.05,0.446153846153846,0.504,0.62,0.28,"low_only_plus_pooling",TRUE,TRUE,0.931068931068931,0.0413333333333333,0.042
0.65,0.35,0.64,0.05,0.446153846153846,0.521,0.6225,0.278333333333333,"low_only_plus_pooling",TRUE,TRUE,0.939060939060939,0.0399166666666667,0.0434166666666667
0.7,0.35,0.64,0.05,0.446153846153846,0.538,0.625,0.276666666666667,"low_only_plus_pooling",TRUE,TRUE,0.948051948051948,0.0385,0.0448333333333333
0.75,0.35,0.64,0.05,0.446153846153846,0.555,0.6275,0.275,"delay_plus_pooling",TRUE,TRUE,0.72027972027972,0.040625,0.0427083333333333
0.8,0.35,0.64,0.05,0.446153846153846,0.572,0.63,0.273333333333333,"delay_plus_pooling",TRUE,TRUE,0.676323676323676,0.0433333333333333,0.04
0.85,0.35,0.64,0.05,0.446153846153846,0.589,0.6325,0.271666666666667,"delay_plus_pooling",TRUE,TRUE,0.639360639360639,0.0460416666666667,0.0372916666666667
0.9,0.35,0.64,0.05,0.446153846153846,0.606,0.635,0.27,"delay_plus_pooling",TRUE,TRUE,0.605394605394605,0.04875,0.0345833333333333
0.45,0.4,0.69,0.05,0.483333333333333,0.503,0.6625,0.335,"low_only_plus_pooling",TRUE,TRUE,0.905094905094905,0.0414166666666667,0.0419166666666667
0.5,0.4,0.69,0.05,0.483333333333333,0.52,0.665,0.333333333333333,"low_only_plus_pooling",TRUE,TRUE,0.913086913086913,0.04,0.0433333333333333
0.55,0.4,0.69,0.05,0.483333333333333,0.537,0.6675,0.331666666666667,"low_only_plus_pooling",TRUE,TRUE,0.922077922077922,0.0385833333333333,0.04475
0.6,0.4,0.69,0.05,0.483333333333333,0.554,0.67,0.33,"low_only_plus_pooling",TRUE,TRUE,0.931068931068931,0.0371666666666667,0.0461666666666667
0.65,0.4,0.69,0.05,0.483333333333333,0.571,0.6725,0.328333333333333,"low_only_plus_pooling",TRUE,TRUE,0.939060939060939,0.03575,0.0475833333333333
0.7,0.4,0.69,0.05,0.483333333333333,0.588,0.675,0.326666666666667,"delay_plus_pooling",TRUE,TRUE,0.721278721278721,0.035,0.0483333333333333
0.75,0.4,0.69,0.05,0.483333333333333,0.605,0.6775,0.325,"delay_plus_pooling",TRUE,TRUE,0.672327672327672,0.0375,0.0458333333333333
0.8,0.4,0.69,0.05,0.483333333333333,0.622,0.68,0.323333333333333,"delay_plus_pooling",TRUE,TRUE,0.631368631368631,0.04,0.0433333333333333
0.85,0.4,0.69,0.05,0.483333333333333,0.639,0.6825,0.321666666666667,"delay_plus_pooling",TRUE,TRUE,0.596403596403596,0.0425,0.0408333333333333
0.9,0.4,0.69,0.05,0.483333333333333,0.656,0.685,0.32,"delay_plus_pooling",TRUE,TRUE,0.565434565434565,0.045,0.0383333333333333
0.45,0.1,0.42,0.05,0.355555555555556,0.2165,0.3925,0.035,"low_only_plus_pooling",TRUE,TRUE,0.914085914085914,0.0652916666666667,0.0180416666666667
0.5,0.1,0.42,0.05,0.355555555555556,0.235,0.395,0.0333333333333333,"low_only_plus_pooling",TRUE,TRUE,0.921078921078921,0.06375,0.0195833333333333
0.55,0.1,0.42,0.05,0.355555555555556,0.2535,0.3975,0.0316666666666667,"low_only_plus_pooling",TRUE,TRUE,0.929070929070929,0.0622083333333333,0.021125
0.6,0.1,0.42,0.05,0.355555555555556,0.272,0.4,0.03,"low_only_plus_pooling",TRUE,TRUE,0.937062937062937,0.0606666666666667,0.0226666666666667
0.65,0.1,0.42,0.05,0.355555555555556,0.2905,0.4025,0.0283333333333333,"low_only_plus_pooling",TRUE,TRUE,0.945054945054945,0.059125,0.0242083333333333
0.7,0.1,0.42,0.05,0.355555555555556,0.309,0.405,0.0266666666666667,"low_only_plus_pooling",TRUE,TRUE,0.953046953046953,0.0575833333333333,0.02575
0.75,0.1,0.42,0.05,0.355555555555556,0.3275,0.4075,0.025,"all_three",TRUE,TRUE,0.895104895104895,0.05625,0.0270833333333333
0.8,0.1,0.42,0.05,0.355555555555556,0.346,0.41,0.0233333333333333,"delay_plus_pooling",TRUE,TRUE,0.787212787212787,0.06,0.0233333333333333
0.85,0.1,0.42,0.05,0.355555555555556,0.3645,0.4125,0.0216666666666667,"delay_plus_pooling",TRUE,TRUE,0.743256743256743,0.06375,0.0195833333333333
0.9,0.1,0.42,0.05,0.355555555555556,0.383,0.415,0.02,"delay_plus_pooling",TRUE,TRUE,0.706293706293706,0.0675,0.0158333333333333
0.45,0.15,0.47,0.05,0.376470588235294,0.2665,0.4425,0.085,"low_only_plus_pooling",TRUE,TRUE,0.914085914085914,0.061125,0.0222083333333333
0.5,0.15,0.47,0.05,0.376470588235294,0.285,0.445,0.0833333333333334,"low_only_plus_pooling",TRUE,TRUE,0.921078921078921,0.0595833333333333,0.02375
0.55,0.15,0.47,0.05,0.376470588235294,0.3035,0.4475,0.0816666666666667,"low_only_plus_pooling",TRUE,TRUE,0.929070929070929,0.0580416666666667,0.0252916666666667
0.6,0.15,0.47,0.05,0.376470588235294,0.322,0.45,0.08,"low_only_plus_pooling",TRUE,TRUE,0.937062937062937,0.0565,0.0268333333333333
0.65,0.15,0.47,0.05,0.376470588235294,0.3405,0.4525,0.0783333333333334,"low_only_plus_pooling",TRUE,TRUE,0.945054945054945,0.0549583333333333,0.028375
0.7,0.15,0.47,0.05,0.376470588235294,0.359,0.455,0.0766666666666667,"low_only_plus_pooling",TRUE,TRUE,0.953046953046953,0.0534166666666667,0.0299166666666667
0.75,0.15,0.47,0.05,0.376470588235294,0.3775,0.4575,0.075,"delay_plus_pooling",TRUE,TRUE,0.81018981018981,0.053125,0.0302083333333333
0.8,0.15,0.47,0.05,0.376470588235294,0.396,0.46,0.0733333333333333,"delay_plus_pooling",TRUE,TRUE,0.762237762237762,0.0566666666666667,0.0266666666666667
0.85,0.15,0.47,0.05,0.376470588235294,0.4145,0.4625,0.0716666666666667,"delay_plus_pooling",TRUE,TRUE,0.719280719280719,0.0602083333333333,0.023125
0.9,0.15,0.47,0.05,0.376470588235294,0.433,0.465,0.07,"delay_plus_pooling",TRUE,TRUE,0.683316683316683,0.06375,0.0195833333333333
0.45,0.2,0.52,0.05,0.4,0.3165,0.4925,0.135,"low_only_plus_pooling",TRUE,TRUE,0.914085914085914,0.0569583333333333,0.026375
0.5,0.2,0.52,0.05,0.4,0.335,0.495,0.133333333333333,"low_only_plus_pooling",TRUE,TRUE,0.921078921078921,0.0554166666666667,0.0279166666666667
0.55,0.2,0.52,0.05,0.4,0.3535,0.4975,0.131666666666667,"low_only_plus_pooling",TRUE,TRUE,0.929070929070929,0.053875,0.0294583333333333
0.6,0.2,0.52,0.05,0.4,0.372,0.5,0.13,"low_only_plus_pooling",TRUE,TRUE,0.937062937062937,0.0523333333333333,0.031
0.65,0.2,0.52,0.05,0.4,0.3905,0.5025,0.128333333333333,"low_only_plus_pooling",TRUE,TRUE,0.945054945054945,0.0507916666666667,0.0325416666666667
0.7,0.2,0.52,0.05,0.4,0.409,0.505,0.126666666666667,"low_only_plus_pooling",TRUE,TRUE,0.953046953046953,0.04925,0.0340833333333333
0.75,0.2,0.52,0.05,0.4,0.4275,0.5075,0.125,"delay_plus_pooling",TRUE,TRUE,0.78021978021978,0.05,0.0333333333333333
0.8,0.2,0.52,0.05,0.4,0.446,0.51,0.123333333333333,"delay_plus_pooling",TRUE,TRUE,0.733266733266733,0.0533333333333333,0.03
0.85,0.2,0.52,0.05,0.4,0.4645,0.5125,0.121666666666667,"delay_plus_pooling",TRUE,TRUE,0.692307692307692,0.0566666666666667,0.0266666666666667
0.9,0.2,0.52,0.05,0.4,0.483,0.515,0.12,"delay_plus_pooling",TRUE,TRUE,0.657342657342657,0.06,0.0233333333333333
0.45,0.25,0.57,0.05,0.426666666666667,0.3665,0.5425,0.185,"low_only_plus_pooling",TRUE,TRUE,0.914085914085914,0.0527916666666667,0.0305416666666667
0.5,0.25,0.57,0.05,0.426666666666667,0.385,0.545,0.183333333333333,"low_only_plus_pooling",TRUE,TRUE,0.921078921078921,0.05125,0.0320833333333333
0.55,0.25,0.57,0.05,0.426666666666667,0.4035,0.5475,0.181666666666667,"low_only_plus_pooling",TRUE,TRUE,0.929070929070929,0.0497083333333333,0.033625
0.6,0.25,0.57,0.05,0.426666666666667,0.422,0.55,0.18,"low_only_plus_pooling",TRUE,TRUE,0.937062937062937,0.0481666666666667,0.0351666666666667
0.65,0.25,0.57,0.05,0.426666666666667,0.4405,0.5525,0.178333333333333,"low_only_plus_pooling",TRUE,TRUE,0.945054945054945,0.046625,0.0367083333333333
0.7,0.25,0.57,0.05,0.426666666666667,0.459,0.555,0.176666666666667,"low_only_plus_pooling",TRUE,TRUE,0.953046953046953,0.0450833333333333,0.03825
0.75,0.25,0.57,0.05,0.426666666666667,0.4775,0.5575,0.175,"delay_plus_pooling",TRUE,TRUE,0.746253746253746,0.046875,0.0364583333333333
0.8,0.25,0.57,0.05,0.426666666666667,0.496,0.56,0.173333333333333,"delay_plus_pooling",TRUE,TRUE,0.701298701298701,0.05,0.0333333333333333
0.85,0.25,0.57,0.05,0.426666666666667,0.5145,0.5625,0.171666666666667,"delay_plus_pooling",TRUE,TRUE,0.662337662337662,0.053125,0.0302083333333333
0.9,0.25,0.57,0.05,0.426666666666667,0.533,0.565,0.17,"delay_plus_pooling",TRUE,TRUE,0.628371628371628,0.05625,0.0270833333333333
0.45,0.3,0.62,0.05,0.457142857142857,0.4165,0.5925,0.235,"low_only_plus_pooling",TRUE,TRUE,0.914085914085914,0.048625,0.0347083333333333
0.5,0.3,0.62,0.05,0.457142857142857,0.435,0.595,0.233333333333333,"low_only_plus_pooling",TRUE,TRUE,0.921078921078921,0.0470833333333333,0.03625
0.55,0.3,0.62,0.05,0.457142857142857,0.4535,0.5975,0.231666666666667,"low_only_plus_pooling",TRUE,TRUE,0.929070929070929,0.0455416666666667,0.0377916666666667
0.6,0.3,0.62,0.05,0.457142857142857,0.472,0.6,0.23,"low_only_plus_pooling",TRUE,TRUE,0.937062937062937,0.044,0.0393333333333333
0.65,0.3,0.62,0.05,0.457142857142857,0.4905,0.6025,0.228333333333333,"low_only_plus_pooling",TRUE,TRUE,0.945054945054945,0.0424583333333333,0.040875
0.7,0.3,0.62,0.05,0.457142857142857,0.509,0.605,0.226666666666667,"low_only_plus_pooling",TRUE,TRUE,0.953046953046953,0.0409166666666667,0.0424166666666667
0.75,0.3,0.62,0.05,0.457142857142857,0.5275,0.6075,0.225,"delay_plus_pooling",TRUE,TRUE,0.707292707292707,0.04375,0.0395833333333333
0.8,0.3,0.62,0.05,0.457142857142857,0.546,0.61,0.223333333333333,"delay_plus_pooling",TRUE,TRUE,0.664335664335664,0.0466666666666667,0.0366666666666667
0.85,0.3,0.62,0.05,0.457142857142857,0.5645,0.6125,0.221666666666667,"delay_plus_pooling",TRUE,TRUE,0.627372627372627,0.0495833333333333,0.03375
0.9,0.3,0.62,0.05,0.457142857142857,0.583,0.615,0.22,"delay_plus_pooling",TRUE,TRUE,0.595404595404595,0.0525,0.0308333333333333
0.45,0.35,0.67,0.05,0.492307692307692,0.4665,0.6425,0.285,"low_only_plus_pooling",TRUE,TRUE,0.914085914085914,0.0444583333333333,0.038875
0.5,0.35,0.67,0.05,0.492307692307692,0.485,0.645,0.283333333333333,"low_only_plus_pooling",TRUE,TRUE,0.921078921078921,0.0429166666666667,0.0404166666666667
0.55,0.35,0.67,0.05,0.492307692307692,0.5035,0.6475,0.281666666666667,"low_only_plus_pooling",TRUE,TRUE,0.929070929070929,0.041375,0.0419583333333333
0.6,0.35,0.67,0.05,0.492307692307692,0.522,0.65,0.28,"low_only_plus_pooling",TRUE,TRUE,0.937062937062937,0.0398333333333333,0.0435
0.65,0.35,0.67,0.05,0.492307692307692,0.5405,0.6525,0.278333333333333,"low_only_plus_pooling",TRUE,TRUE,0.945054945054945,0.0382916666666667,0.0450416666666667
0.7,0.35,0.67,0.05,0.492307692307692,0.559,0.655,0.276666666666667,"delay_plus_pooling",TRUE,TRUE,0.711288711288711,0.0379166666666667,0.0454166666666667
0.75,0.35,0.67,0.05,0.492307692307692,0.5775,0.6575,0.275,"delay_plus_pooling",TRUE,TRUE,0.662337662337662,0.040625,0.0427083333333333
0.8,0.35,0.67,0.05,0.492307692307692,0.596,0.66,0.273333333333333,"delay_plus_pooling",TRUE,TRUE,0.621378621378621,0.0433333333333333,0.04
0.85,0.35,0.67,0.05,0.492307692307692,0.6145,0.6625,0.271666666666667,"delay_plus_pooling",TRUE,TRUE,0.586413586413586,0.0460416666666667,0.0372916666666667
0.9,0.35,0.67,0.05,0.492307692307692,0.633,0.665,0.27,"delay_plus_pooling",TRUE,TRUE,0.556443556443556,0.04875,0.0345833333333333
0.45,0.4,0.72,0.05,0.533333333333333,0.5165,0.6925,0.335,"low_only_plus_pooling",TRUE,TRUE,0.914085914085914,0.0402916666666667,0.0430416666666667
0.5,0.4,0.72,0.05,0.533333333333333,0.535,0.695,0.333333333333333,"low_only_plus_pooling",TRUE,TRUE,0.921078921078921,0.03875,0.0445833333333333
0.55,0.4,0.72,0.05,0.533333333333333,0.5535,0.6975,0.331666666666667,"low_only_plus_pooling",TRUE,TRUE,0.929070929070929,0.0372083333333333,0.046125
0.6,0.4,0.72,0.05,0.533333333333333,0.572,0.7,0.33,"low_only_plus_pooling",TRUE,TRUE,0.937062937062937,0.0356666666666667,0.0476666666666667
0.65,0.4,0.72,0.05,0.533333333333333,0.5905,0.7025,0.328333333333333,"low_only_plus_pooling",TRUE,TRUE,0.945054945054945,0.034125,0.0492083333333333
0.7,0.4,0.72,0.05,0.533333333333333,0.609,0.705,0.326666666666667,"delay_plus_pooling",TRUE,TRUE,0.655344655344655,0.035,0.0483333333333333
0.75,0.4,0.72,0.05,0.533333333333333,0.6275,0.7075,0.325,"delay_plus_pooling",TRUE,TRUE,0.609390609390609,0.0375,0.0458333333333333
0.8,0.4,0.72,0.05,0.533333333333333,0.646,0.71,0.323333333333333,"delay_plus_pooling",TRUE,TRUE,0.572427572427572,0.04,0.0433333333333333
0.85,0.4,0.72,0.05,0.533333333333333,0.6645,0.7125,0.321666666666667,"delay_plus_pooling",TRUE,TRUE,0.53946053946054,0.0425,0.0408333333333333
0.9,0.4,0.72,0.05,0.533333333333333,0.683,0.715,0.32,"delay_plus_pooling",TRUE,TRUE,0.511488511488511,0.045,0.0383333333333333
0.45,0.1,0.45,0.05,0.388888888888889,0.23,0.4225,0.035,"low_only_plus_pooling",TRUE,TRUE,0.921078921078921,0.0641666666666667,0.0191666666666667
0.5,0.1,0.45,0.05,0.388888888888889,0.25,0.425,0.0333333333333333,"low_only_plus_pooling",TRUE,TRUE,0.928071928071928,0.0625,0.0208333333333333
0.55,0.1,0.45,0.05,0.388888888888889,0.27,0.4275,0.0316666666666667,"low_only_plus_pooling",TRUE,TRUE,0.935064935064935,0.0608333333333333,0.0225
0.6,0.1,0.45,0.05,0.388888888888889,0.29,0.43,0.03,"low_only_plus_pooling",TRUE,TRUE,0.942057942057942,0.0591666666666667,0.0241666666666667
0.65,0.1,0.45,0.05,0.388888888888889,0.31,0.4325,0.0283333333333333,"low_only_plus_pooling",TRUE,TRUE,0.949050949050949,0.0575,0.0258333333333333
0.7,0.1,0.45,0.05,0.388888888888889,0.33,0.435,0.0266666666666667,"low_only_plus_pooling",TRUE,TRUE,0.957042957042957,0.0558333333333333,0.0275
0.75,0.1,0.45,0.05,0.388888888888889,0.35,0.4375,0.025,"delay_plus_pooling",TRUE,TRUE,0.797202797202797,0.05625,0.0270833333333333
0.8,0.1,0.45,0.05,0.388888888888889,0.37,0.44,0.0233333333333333,"delay_plus_pooling",TRUE,TRUE,0.748251748251748,0.06,0.0233333333333333
0.85,0.1,0.45,0.05,0.388888888888889,0.39,0.4425,0.0216666666666667,"delay_plus_pooling",TRUE,TRUE,0.706293706293706,0.06375,0.0195833333333333
0.9,0.1,0.45,0.05,0.388888888888889,0.41,0.445,0.02,"delay_plus_pooling",TRUE,TRUE,0.67032967032967,0.0675,0.0158333333333333
0.45,0.15,0.5,0.05,0.411764705882353,0.28,0.4725,0.085,"low_only_plus_pooling",TRUE,TRUE,0.921078921078921,0.06,0.0233333333333333
0.5,0.15,0.5,0.05,0.411764705882353,0.3,0.475,0.0833333333333334,"low_only_plus_pooling",TRUE,TRUE,0.928071928071928,0.0583333333333333,0.025
0.55,0.15,0.5,0.05,0.411764705882353,0.32,0.4775,0.0816666666666667,"low_only_plus_pooling",TRUE,TRUE,0.935064935064935,0.0566666666666667,0.0266666666666667
0.6,0.15,0.5,0.05,0.411764705882353,0.34,0.48,0.08,"low_only_plus_pooling",TRUE,TRUE,0.942057942057942,0.055,0.0283333333333333
0.65,0.15,0.5,0.05,0.411764705882353,0.36,0.4825,0.0783333333333334,"low_only_plus_pooling",TRUE,TRUE,0.949050949050949,0.0533333333333333,0.03
0.7,0.15,0.5,0.05,0.411764705882353,0.38,0.485,0.0766666666666667,"low_only_plus_pooling",TRUE,TRUE,0.957042957042957,0.0516666666666667,0.0316666666666667
0.75,0.15,0.5,0.05,0.411764705882353,0.4,0.4875,0.075,"delay_plus_pooling",TRUE,TRUE,0.767232767232767,0.053125,0.0302083333333333
0.8,0.15,0.5,0.05,0.411764705882353,0.42,0.49,0.0733333333333333,"delay_plus_pooling",TRUE,TRUE,0.72027972027972,0.0566666666666667,0.0266666666666667
0.85,0.15,0.5,0.05,0.411764705882353,0.44,0.4925,0.0716666666666667,"delay_plus_pooling",TRUE,TRUE,0.68031968031968,0.0602083333333333,0.023125
0.9,0.15,0.5,0.05,0.411764705882353,0.46,0.495,0.07,"delay_plus_pooling",TRUE,TRUE,0.645354645354645,0.06375,0.0195833333333333
0.45,0.2,0.55,0.05,0.4375,0.33,0.5225,0.135,"low_only_plus_pooling",TRUE,TRUE,0.921078921078921,0.0558333333333333,0.0275
0.5,0.2,0.55,0.05,0.4375,0.35,0.525,0.133333333333333,"low_only_plus_pooling",TRUE,TRUE,0.928071928071928,0.0541666666666667,0.0291666666666667
0.55,0.2,0.55,0.05,0.4375,0.37,0.5275,0.131666666666667,"low_only_plus_pooling",TRUE,TRUE,0.935064935064935,0.0525,0.0308333333333333
0.6,0.2,0.55,0.05,0.4375,0.39,0.53,0.13,"low_only_plus_pooling",TRUE,TRUE,0.942057942057942,0.0508333333333333,0.0325
0.65,0.2,0.55,0.05,0.4375,0.41,0.5325,0.128333333333333,"low_only_plus_pooling",TRUE,TRUE,0.949050949050949,0.0491666666666667,0.0341666666666667
0.7,0.2,0.55,0.05,0.4375,0.43,0.535,0.126666666666667,"low_only_plus_pooling",TRUE,TRUE,0.957042957042957,0.0475,0.0358333333333333
0.75,0.2,0.55,0.05,0.4375,0.45,0.5375,0.125,"delay_plus_pooling",TRUE,TRUE,0.734265734265734,0.05,0.0333333333333333
0.8,0.2,0.55,0.05,0.4375,0.47,0.54,0.123333333333333,"delay_plus_pooling",TRUE,TRUE,0.689310689310689,0.0533333333333333,0.03
0.85,0.2,0.55,0.05,0.4375,0.49,0.5425,0.121666666666667,"delay_plus_pooling",TRUE,TRUE,0.65034965034965,0.0566666666666667,0.0266666666666667
0.9,0.2,0.55,0.05,0.4375,0.51,0.545,0.12,"delay_plus_pooling",TRUE,TRUE,0.616383616383616,0.06,0.0233333333333333
0.45,0.25,0.6,0.05,0.466666666666667,0.38,0.5725,0.185,"low_only_plus_pooling",TRUE,TRUE,0.921078921078921,0.0516666666666667,0.0316666666666667
0.5,0.25,0.6,0.05,0.466666666666667,0.4,0.575,0.183333333333333,"low_only_plus_pooling",TRUE,TRUE,0.928071928071928,0.05,0.0333333333333333
0.55,0.25,0.6,0.05,0.466666666666667,0.42,0.5775,0.181666666666667,"low_only_plus_pooling",TRUE,TRUE,0.935064935064935,0.0483333333333333,0.035
0.6,0.25,0.6,0.05,0.466666666666667,0.44,0.58,0.18,"low_only_plus_pooling",TRUE,TRUE,0.942057942057942,0.0466666666666667,0.0366666666666667
0.65,0.25,0.6,0.05,0.466666666666667,0.46,0.5825,0.178333333333333,"low_only_plus_pooling",TRUE,TRUE,0.949050949050949,0.045,0.0383333333333333
0.7,0.25,0.6,0.05,0.466666666666667,0.48,0.585,0.176666666666667,"all_three",TRUE,TRUE,0.78021978021978,0.04375,0.0395833333333333
0.75,0.25,0.6,0.05,0.466666666666667,0.5,0.5875,0.175,"delay_plus_pooling",TRUE,TRUE,0.697302697302697,0.046875,0.0364583333333333
0.8,0.25,0.6,0.05,0.466666666666667,0.52,0.59,0.173333333333333,"delay_plus_pooling",TRUE,TRUE,0.654345654345654,0.05,0.0333333333333333
0.85,0.25,0.6,0.05,0.466666666666667,0.54,0.5925,0.171666666666667,"delay_plus_pooling",TRUE,TRUE,0.617382617382617,0.053125,0.0302083333333333
0.9,0.25,0.6,0.05,0.466666666666667,0.56,0.595,0.17,"delay_plus_pooling",TRUE,TRUE,0.584415584415584,0.05625,0.0270833333333333
0.45,0.3,0.65,0.05,0.5,0.43,0.6225,0.235,"low_only_plus_pooling",TRUE,TRUE,0.921078921078921,0.0475,0.0358333333333333
0.5,0.3,0.65,0.05,0.5,0.45,0.625,0.233333333333333,"low_only_plus_pooling",TRUE,TRUE,0.928071928071928,0.0458333333333333,0.0375
0.55,0.3,0.65,0.05,0.5,0.47,0.6275,0.231666666666667,"low_only_plus_pooling",TRUE,TRUE,0.935064935064935,0.0441666666666667,0.0391666666666667
0.6,0.3,0.65,0.05,0.5,0.49,0.63,0.23,"low_only_plus_pooling",TRUE,TRUE,0.942057942057942,0.0425,0.0408333333333333
0.65,0.3,0.65,0.05,0.5,0.51,0.6325,0.228333333333333,"low_only_plus_pooling",TRUE,TRUE,0.949050949050949,0.0408333333333333,0.0425
0.7,0.3,0.65,0.05,0.5,0.53,0.635,0.226666666666667,"delay_plus_pooling",TRUE,TRUE,0.701298701298701,0.0408333333333333,0.0425
0.75,0.3,0.65,0.05,0.5,0.55,0.6375,0.225,"delay_plus_pooling",TRUE,TRUE,0.654345654345654,0.04375,0.0395833333333333
0.8,0.3,0.65,0.05,0.5,0.57,0.64,0.223333333333333,"delay_plus_pooling",TRUE,TRUE,0.613386613386613,0.0466666666666667,0.0366666666666667
0.85,0.3,0.65,0.05,0.5,0.59,0.6425,0.221666666666667,"delay_plus_pooling",TRUE,TRUE,0.578421578421578,0.0495833333333333,0.03375
0.9,0.3,0.65,0.05,0.5,0.61,0.645,0.22,"delay_plus_pooling",TRUE,TRUE,0.548451548451548,0.0525,0.0308333333333333
0.45,0.35,0.7,0.05,0.538461538461538,0.48,0.6725,0.285,"low_only_plus_pooling",TRUE,TRUE,0.921078921078921,0.0433333333333333,0.04
0.5,0.35,0.7,0.05,0.538461538461538,0.5,0.675,0.283333333333333,"low_only_plus_pooling",TRUE,TRUE,0.928071928071928,0.0416666666666667,0.0416666666666667
0.55,0.35,0.7,0.05,0.538461538461538,0.52,0.6775,0.281666666666667,"low_only_plus_pooling",TRUE,TRUE,0.935064935064935,0.04,0.0433333333333333
0.6,0.35,0.7,0.05,0.538461538461538,0.54,0.68,0.28,"low_only_plus_pooling",TRUE,TRUE,0.942057942057942,0.0383333333333333,0.045
0.65,0.35,0.7,0.05,0.538461538461538,0.56,0.6825,0.278333333333333,"low_only_plus_pooling",TRUE,TRUE,0.949050949050949,0.0366666666666667,0.0466666666666667
0.7,0.35,0.7,0.05,0.538461538461538,0.58,0.685,0.276666666666667,"delay_plus_pooling",TRUE,TRUE,0.649350649350649,0.0379166666666667,0.0454166666666667
0.75,0.35,0.7,0.05,0.538461538461538,0.6,0.6875,0.275,"delay_plus_pooling",TRUE,TRUE,0.605394605394605,0.040625,0.0427083333333333
0.8,0.35,0.7,0.05,0.538461538461538,0.62,0.69,0.273333333333333,"delay_plus_pooling",TRUE,TRUE,0.567432567432567,0.0433333333333333,0.04
0.85,0.35,0.7,0.05,0.538461538461538,0.64,0.6925,0.271666666666667,"delay_plus_pooling",TRUE,TRUE,0.534465534465534,0.0460416666666667,0.0372916666666667
0.9,0.35,0.7,0.05,0.538461538461538,0.66,0.695,0.27,"delay_plus_pooling",TRUE,TRUE,0.506493506493506,0.04875,0.0345833333333333
0.45,0.4,0.75,0.05,0.583333333333333,0.53,0.7225,0.335,"low_only_plus_pooling",TRUE,TRUE,0.921078921078921,0.0391666666666667,0.0441666666666667
0.5,0.4,0.75,0.05,0.583333333333333,0.55,0.725,0.333333333333333,"low_only_plus_pooling",TRUE,TRUE,0.928071928071928,0.0375,0.0458333333333333
0.55,0.4,0.75,0.05,0.583333333333333,0.57,0.7275,0.331666666666667,"low_only_plus_pooling",TRUE,TRUE,0.935064935064935,0.0358333333333333,0.0475
0.6,0.4,0.75,0.05,0.583333333333333,0.59,0.73,0.33,"low_only_plus_pooling",TRUE,TRUE,0.942057942057942,0.0341666666666667,0.0491666666666667
0.65,0.4,0.75,0.05,0.583333333333333,0.61,0.7325,0.328333333333333,"all_three",TRUE,TRUE,0.948051948051948,0.0325,0.0508333333333333
0.7,0.4,0.75,0.05,0.583333333333333,0.63,0.735,0.326666666666667,"delay_plus_pooling",TRUE,TRUE,0.587412587412587,0.035,0.0483333333333333
0.75,0.4,0.75,0.05,0.583333333333333,0.65,0.7375,0.325,"delay_plus_pooling",TRUE,TRUE,0.547452547452547,0.0375,0.0458333333333333
0.8,0.4,0.75,0.05,0.583333333333333,0.67,0.74,0.323333333333333,"delay_plus_pooling",TRUE,TRUE,0.512487512487512,0.04,0.0433333333333333
0.85,0.4,0.75,0.05,0.583333333333333,0.69,0.7425,0.321666666666667,"delay_plus_pooling",TRUE,TRUE,0.482517482517482,0.0425,0.0408333333333333
0.9,0.4,0.75,0.05,0.583333333333333,0.71,0.745,0.32,"delay_plus_pooling",TRUE,TRUE,0.457542457542458,0.045,0.0383333333333333
0.45,0.1,0.18,0.1,0.0888888888888889,0.081,0.125,0.0075,"low_only_plus_pooling",TRUE,TRUE,0.262737262737263,0.0765833333333333,0.00674999999999999
0.5,0.1,0.18,0.1,0.0888888888888889,0.09,0.13,0.00833333333333334,"low_only_plus_pooling",TRUE,TRUE,0.328671328671329,0.0758333333333333,0.00749999999999999
0.55,0.1,0.18,0.1,0.0888888888888889,0.099,0.135,0.00916666666666667,"low_only_plus_pooling",TRUE,TRUE,0.395604395604396,0.0750833333333333,0.00824999999999999
0.6,0.1,0.18,0.1,0.0888888888888889,0.108,0.14,0.01,"low_only_plus_pooling",TRUE,TRUE,0.4995004995005,0.0743333333333333,0.00899999999999999
0.65,0.1,0.18,0.1,0.0888888888888889,0.117,0.145,0.0108333333333333,"low_only_plus_pooling",TRUE,TRUE,0.562437562437562,0.0735833333333333,0.00975
0.7,0.1,0.18,0.1,0.0888888888888889,0.126,0.15,0.0116666666666667,"low_only_plus_pooling",TRUE,TRUE,0.624375624375624,0.0728333333333333,0.0105
0.75,0.1,0.18,0.1,0.0888888888888889,0.135,0.155,0.0125,"low_only_plus_pooling",TRUE,TRUE,0.687312687312687,0.0720833333333333,0.01125
0.8,0.1,0.18,0.1,0.0888888888888889,0.144,0.16,0.0133333333333333,"low_only_plus_pooling",TRUE,TRUE,0.749250749250749,0.0713333333333333,0.012
0.85,0.1,0.18,0.1,0.0888888888888889,0.153,0.165,0.0141666666666667,"low_only_plus_pooling",TRUE,TRUE,0.812187812187812,0.0705833333333333,0.01275
0.9,0.1,0.18,0.1,0.0888888888888889,0.162,0.17,0.015,"low_only_plus_pooling",TRUE,TRUE,0.874125874125874,0.0698333333333333,0.0135
0.45,0.15,0.23,0.1,0.0941176470588236,0.131,0.175,0.0575,"low_only_plus_pooling",TRUE,TRUE,0.25974025974026,0.0724166666666667,0.0109166666666667
0.5,0.15,0.23,0.1,0.0941176470588236,0.14,0.18,0.0583333333333334,"low_only_plus_pooling",TRUE,TRUE,0.325674325674326,0.0716666666666667,0.0116666666666667
0.55,0.15,0.23,0.1,0.0941176470588236,0.149,0.185,0.0591666666666667,"low_only_plus_pooling",TRUE,TRUE,0.392607392607393,0.0709166666666667,0.0124166666666667
0.6,0.15,0.23,0.1,0.0941176470588236,0.158,0.19,0.06,"low_only_plus_pooling",TRUE,TRUE,0.4995004995005,0.0701666666666667,0.0131666666666667
0.65,0.15,0.23,0.1,0.0941176470588236,0.167,0.195,0.0608333333333334,"low_only_plus_pooling",TRUE,TRUE,0.562437562437562,0.0694166666666667,0.0139166666666667
0.7,0.15,0.23,0.1,0.0941176470588236,0.176,0.2,0.0616666666666667,"low_only_plus_pooling",TRUE,TRUE,0.624375624375624,0.0686666666666667,0.0146666666666667
0.75,0.15,0.23,0.1,0.0941176470588236,0.185,0.205,0.0625,"low_only_plus_pooling",TRUE,TRUE,0.687312687312687,0.0679166666666667,0.0154166666666667
0.8,0.15,0.23,0.1,0.0941176470588236,0.194,0.21,0.0633333333333334,"low_only_plus_pooling",TRUE,TRUE,0.749250749250749,0.0671666666666667,0.0161666666666667
0.85,0.15,0.23,0.1,0.0941176470588236,0.203,0.215,0.0641666666666667,"low_only_plus_pooling",TRUE,TRUE,0.812187812187812,0.0664166666666667,0.0169166666666667
0.9,0.15,0.23,0.1,0.0941176470588236,0.212,0.22,0.065,"low_only_plus_pooling",TRUE,TRUE,0.874125874125874,0.0656666666666667,0.0176666666666667
0.45,0.2,0.28,0.1,0.1,0.181,0.225,0.1075,"low_only_plus_pooling",TRUE,TRUE,0.256743256743257,0.06825,0.0150833333333333
0.5,0.2,0.28,0.1,0.1,0.19,0.23,0.108333333333333,"low_only_plus_pooling",TRUE,TRUE,0.322677322677323,0.0675,0.0158333333333333
0.55,0.2,0.28,0.1,0.1,0.199,0.235,0.109166666666667,"low_only_plus_pooling",TRUE,TRUE,0.390609390609391,0.06675,0.0165833333333333
0.6,0.2,0.28,0.1,0.1,0.208,0.24,0.11,"low_only_plus_pooling",TRUE,TRUE,0.4995004995005,0.066,0.0173333333333333
0.65,0.2,0.28,0.1,0.1,0.217,0.245,0.110833333333333,"low_only_plus_pooling",TRUE,TRUE,0.562437562437562,0.06525,0.0180833333333333
0.7,0.2,0.28,0.1,0.1,0.226,0.25,0.111666666666667,"low_only_plus_pooling",TRUE,TRUE,0.624375624375624,0.0645,0.0188333333333333
0.75,0.2,0.28,0.1,0.1,0.235,0.255,0.1125,"low_only_plus_pooling",TRUE,TRUE,0.687312687312687,0.06375,0.0195833333333333
0.8,0.2,0.28,0.1,0.1,0.244,0.26,0.113333333333333,"low_only_plus_pooling",TRUE,TRUE,0.749250749250749,0.063,0.0203333333333333
0.85,0.2,0.28,0.1,0.1,0.253,0.265,0.114166666666667,"low_only_plus_pooling",TRUE,TRUE,0.812187812187812,0.06225,0.0210833333333333
0.9,0.2,0.28,0.1,0.1,0.262,0.27,0.115,"low_only_plus_pooling",TRUE,TRUE,0.874125874125874,0.0615,0.0218333333333333
0.45,0.25,0.33,0.1,0.106666666666667,0.231,0.275,0.1575,"low_only_plus_pooling",TRUE,TRUE,0.252747252747253,0.0640833333333333,0.01925
0.5,0.25,0.33,0.1,0.106666666666667,0.24,0.28,0.158333333333333,"low_only_plus_pooling",TRUE,TRUE,0.31968031968032,0.0633333333333333,0.02
0.55,0.25,0.33,0.1,0.106666666666667,0.249,0.285,0.159166666666667,"low_only_plus_pooling",TRUE,TRUE,0.387612387612388,0.0625833333333333,0.02075
0.6,0.25,0.33,0.1,0.106666666666667,0.258,0.29,0.16,"low_only_plus_pooling",TRUE,TRUE,0.4995004995005,0.0618333333333333,0.0215
0.65,0.25,0.33,0.1,0.106666666666667,0.267,0.295,0.160833333333333,"low_only_plus_pooling",TRUE,TRUE,0.562437562437562,0.0610833333333333,0.02225
0.7,0.25,0.33,0.1,0.106666666666667,0.276,0.3,0.161666666666667,"low_only_plus_pooling",TRUE,TRUE,0.624375624375624,0.0603333333333333,0.023
0.75,0.25,0.33,0.1,0.106666666666667,0.285,0.305,0.1625,"low_only_plus_pooling",TRUE,TRUE,0.687312687312687,0.0595833333333333,0.02375
0.8,0.25,0.33,0.1,0.106666666666667,0.294,0.31,0.163333333333333,"low_only_plus_pooling",TRUE,TRUE,0.749250749250749,0.0588333333333333,0.0245
0.85,0.25,0.33,0.1,0.106666666666667,0.303,0.315,0.164166666666667,"low_only_plus_pooling",TRUE,TRUE,0.812187812187812,0.0580833333333333,0.02525
0.9,0.25,0.33,0.1,0.106666666666667,0.312,0.32,0.165,"low_only_plus_pooling",TRUE,TRUE,0.874125874125874,0.0573333333333333,0.026
0.45,0.3,0.38,0.1,0.114285714285714,0.281,0.325,0.2075,"low_only_plus_pooling",TRUE,TRUE,0.248751248751249,0.0599166666666667,0.0234166666666667
0.5,0.3,0.38,0.1,0.114285714285714,0.29,0.33,0.208333333333333,"low_only_plus_pooling",TRUE,TRUE,0.315684315684316,0.0591666666666667,0.0241666666666667
0.55,0.3,0.38,0.1,0.114285714285714,0.299,0.335,0.209166666666667,"low_only_plus_pooling",TRUE,TRUE,0.383616383616384,0.0584166666666667,0.0249166666666667
0.6,0.3,0.38,0.1,0.114285714285714,0.308,0.34,0.21,"low_only_plus_pooling",TRUE,TRUE,0.4995004995005,0.0576666666666667,0.0256666666666667
0.65,0.3,0.38,0.1,0.114285714285714,0.317,0.345,0.210833333333333,"low_only_plus_pooling",TRUE,TRUE,0.562437562437562,0.0569166666666667,0.0264166666666667
0.7,0.3,0.38,0.1,0.114285714285714,0.326,0.35,0.211666666666667,"low_only_plus_pooling",TRUE,TRUE,0.624375624375624,0.0561666666666667,0.0271666666666667
0.75,0.3,0.38,0.1,0.114285714285714,0.335,0.355,0.2125,"low_only_plus_pooling",TRUE,TRUE,0.687312687312687,0.0554166666666667,0.0279166666666667
0.8,0.3,0.38,0.1,0.114285714285714,0.344,0.36,0.213333333333333,"low_only_plus_pooling",TRUE,TRUE,0.749250749250749,0.0546666666666667,0.0286666666666667
0.85,0.3,0.38,0.1,0.114285714285714,0.353,0.365,0.214166666666667,"low_only_plus_pooling",TRUE,TRUE,0.812187812187812,0.0539166666666667,0.0294166666666667
0.9,0.3,0.38,0.1,0.114285714285714,0.362,0.37,0.215,"low_only_plus_pooling",TRUE,TRUE,0.874125874125874,0.0531666666666667,0.0301666666666667
0.45,0.35,0.43,0.1,0.123076923076923,0.331,0.375,0.2575,"low_only_plus_pooling",TRUE,TRUE,0.244755244755245,0.05575,0.0275833333333333
0.5,0.35,0.43,0.1,0.123076923076923,0.34,0.38,0.258333333333333,"low_only_plus_pooling",TRUE,TRUE,0.311688311688312,0.055,0.0283333333333333
0.55,0.35,0.43,0.1,0.123076923076923,0.349,0.385,0.259166666666667,"low_only_plus_pooling",TRUE,TRUE,0.37962037962038,0.05425,0.0290833333333333
0.6,0.35,0.43,0.1,0.123076923076923,0.358,0.39,0.26,"low_only_plus_pooling",TRUE,TRUE,0.4995004995005,0.0535,0.0298333333333333
0.65,0.35,0.43,0.1,0.123076923076923,0.367,0.395,0.260833333333333,"low_only_plus_pooling",TRUE,TRUE,0.562437562437562,0.05275,0.0305833333333333
0.7,0.35,0.43,0.1,0.123076923076923,0.376,0.4,0.261666666666667,"low_only_plus_pooling",TRUE,TRUE,0.624375624375624,0.052,0.0313333333333333
0.75,0.35,0.43,0.1,0.123076923076923,0.385,0.405,0.2625,"low_only_plus_pooling",TRUE,TRUE,0.687312687312687,0.05125,0.0320833333333333
0.8,0.35,0.43,0.1,0.123076923076923,0.394,0.41,0.263333333333333,"low_only_plus_pooling",TRUE,TRUE,0.749250749250749,0.0505,0.0328333333333333
0.85,0.35,0.43,0.1,0.123076923076923,0.403,0.415,0.264166666666667,"low_only_plus_pooling",TRUE,TRUE,0.812187812187812,0.04975,0.0335833333333333
0.9,0.35,0.43,0.1,0.123076923076923,0.412,0.42,0.265,"low_only_plus_pooling",TRUE,TRUE,0.874125874125874,0.049,0.0343333333333333
0.45,0.4,0.48,0.1,0.133333333333333,0.381,0.425,0.3075,"low_only_plus_pooling",TRUE,TRUE,0.238761238761239,0.0515833333333333,0.03175
0.5,0.4,0.48,0.1,0.133333333333333,0.39,0.43,0.308333333333333,"low_only_plus_pooling",TRUE,TRUE,0.306693306693307,0.0508333333333333,0.0325
0.55,0.4,0.48,0.1,0.133333333333333,0.399,0.435,0.309166666666667,"low_only_plus_pooling",TRUE,TRUE,0.374625374625375,0.0500833333333333,0.03325
0.6,0.4,0.48,0.1,0.133333333333333,0.408,0.44,0.31,"low_only_plus_pooling",TRUE,TRUE,0.4995004995005,0.0493333333333333,0.034
0.65,0.4,0.48,0.1,0.133333333333333,0.417,0.445,0.310833333333333,"low_only_plus_pooling",TRUE,TRUE,0.562437562437562,0.0485833333333333,0.03475
0.7,0.4,0.48,0.1,0.133333333333333,0.426,0.45,0.311666666666667,"low_only_plus_pooling",TRUE,TRUE,0.624375624375624,0.0478333333333333,0.0355
0.75,0.4,0.48,0.1,0.133333333333333,0.435,0.455,0.3125,"low_only_plus_pooling",TRUE,TRUE,0.687312687312687,0.0470833333333333,0.03625
0.8,0.4,0.48,0.1,0.133333333333333,0.444,0.46,0.313333333333333,"low_only_plus_pooling",TRUE,TRUE,0.749250749250749,0.0463333333333333,0.037
0.85,0.4,0.48,0.1,0.133333333333333,0.453,0.465,0.314166666666667,"low_only_plus_pooling",TRUE,TRUE,0.812187812187812,0.0455833333333333,0.03775
0.9,0.4,0.48,0.1,0.133333333333333,0.462,0.47,0.315,"delay_plus_pooling",TRUE,TRUE,0.855144855144855,0.045,0.0383333333333333
0.45,0.1,0.21,0.1,0.122222222222222,0.0945,0.155,0.0075,"low_only_plus_pooling",TRUE,TRUE,0.42957042957043,0.0754583333333333,0.00787499999999999
0.5,0.1,0.21,0.1,0.122222222222222,0.105,0.16,0.00833333333333334,"low_only_plus_pooling",TRUE,TRUE,0.545454545454545,0.0745833333333333,0.00874999999999999
0.55,0.1,0.21,0.1,0.122222222222222,0.1155,0.165,0.00916666666666667,"low_only_plus_pooling",TRUE,TRUE,0.59040959040959,0.0737083333333333,0.009625
0.6,0.1,0.21,0.1,0.122222222222222,0.126,0.17,0.01,"low_only_plus_pooling",TRUE,TRUE,0.636363636363636,0.0728333333333333,0.0105
0.65,0.1,0.21,0.1,0.122222222222222,0.1365,0.175,0.0108333333333333,"low_only_plus_pooling",TRUE,TRUE,0.681318681318681,0.0719583333333333,0.011375
0.7,0.1,0.21,0.1,0.122222222222222,0.147,0.18,0.0116666666666667,"low_only_plus_pooling",TRUE,TRUE,0.727272727272727,0.0710833333333333,0.01225
0.75,0.1,0.21,0.1,0.122222222222222,0.1575,0.185,0.0125,"low_only_plus_pooling",TRUE,TRUE,0.772227772227772,0.0702083333333333,0.013125
0.8,0.1,0.21,0.1,0.122222222222222,0.168,0.19,0.0133333333333333,"low_only_plus_pooling",TRUE,TRUE,0.818181818181818,0.0693333333333333,0.014
0.85,0.1,0.21,0.1,0.122222222222222,0.1785,0.195,0.0141666666666667,"low_only_plus_pooling",TRUE,TRUE,0.863136863136863,0.0684583333333333,0.014875
0.9,0.1,0.21,0.1,0.122222222222222,0.189,0.2,0.015,"low_only_plus_pooling",TRUE,TRUE,0.909090909090909,0.0675833333333333,0.01575
0.45,0.15,0.26,0.1,0.129411764705882,0.1445,0.205,0.0575,"low_only_plus_pooling",TRUE,TRUE,0.425574425574426,0.0712916666666667,0.0120416666666667
0.5,0.15,0.26,0.1,0.129411764705882,0.155,0.21,0.0583333333333334,"low_only_plus_pooling",TRUE,TRUE,0.545454545454545,0.0704166666666667,0.0129166666666667
0.55,0.15,0.26,0.1,0.129411764705882,0.1655,0.215,0.0591666666666667,"low_only_plus_pooling",TRUE,TRUE,0.59040959040959,0.0695416666666667,0.0137916666666667
0.6,0.15,0.26,0.1,0.129411764705882,0.176,0.22,0.06,"low_only_plus_pooling",TRUE,TRUE,0.636363636363636,0.0686666666666667,0.0146666666666667
0.65,0.15,0.26,0.1,0.129411764705882,0.1865,0.225,0.0608333333333334,"low_only_plus_pooling",TRUE,TRUE,0.681318681318681,0.0677916666666667,0.0155416666666667
0.7,0.15,0.26,0.1,0.129411764705882,0.197,0.23,0.0616666666666667,"low_only_plus_pooling",TRUE,TRUE,0.727272727272727,0.0669166666666667,0.0164166666666667
0.75,0.15,0.26,0.1,0.129411764705882,0.2075,0.235,0.0625,"low_only_plus_pooling",TRUE,TRUE,0.772227772227772,0.0660416666666667,0.0172916666666667
0.8,0.15,0.26,0.1,0.129411764705882,0.218,0.24,0.0633333333333334,"low_only_plus_pooling",TRUE,TRUE,0.818181818181818,0.0651666666666667,0.0181666666666667
0.85,0.15,0.26,0.1,0.129411764705882,0.2285,0.245,0.0641666666666667,"low_only_plus_pooling",TRUE,TRUE,0.863136863136863,0.0642916666666667,0.0190416666666667
0.9,0.15,0.26,0.1,0.129411764705882,0.239,0.25,0.065,"delay_plus_pooling",TRUE,TRUE,0.889110889110889,0.06375,0.0195833333333333
0.45,0.2,0.31,0.1,0.1375,0.1945,0.255,0.1075,"low_only_plus_pooling",TRUE,TRUE,0.421578421578422,0.067125,0.0162083333333333
0.5,0.2,0.31,0.1,0.1375,0.205,0.26,0.108333333333333,"low_only_plus_pooling",TRUE,TRUE,0.545454545454545,0.06625,0.0170833333333333
0.55,0.2,0.31,0.1,0.1375,0.2155,0.265,0.109166666666667,"low_only_plus_pooling",TRUE,TRUE,0.59040959040959,0.065375,0.0179583333333333
0.6,0.2,0.31,0.1,0.1375,0.226,0.27,0.11,"low_only_plus_pooling",TRUE,TRUE,0.636363636363636,0.0645,0.0188333333333333
0.65,0.2,0.31,0.1,0.1375,0.2365,0.275,0.110833333333333,"low_only_plus_pooling",TRUE,TRUE,0.681318681318681,0.063625,0.0197083333333333
0.7,0.2,0.31,0.1,0.1375,0.247,0.28,0.111666666666667,"low_only_plus_pooling",TRUE,TRUE,0.727272727272727,0.06275,0.0205833333333333
0.75,0.2,0.31,0.1,0.1375,0.2575,0.285,0.1125,"low_only_plus_pooling",TRUE,TRUE,0.772227772227772,0.061875,0.0214583333333333
0.8,0.2,0.31,0.1,0.1375,0.268,0.29,0.113333333333333,"low_only_plus_pooling",TRUE,TRUE,0.818181818181818,0.061,0.0223333333333333
0.85,0.2,0.31,0.1,0.1375,0.2785,0.295,0.114166666666667,"low_only_plus_pooling",TRUE,TRUE,0.863136863136863,0.060125,0.0232083333333333
0.9,0.2,0.31,0.1,0.1375,0.289,0.3,0.115,"delay_plus_pooling",TRUE,TRUE,0.881118881118881,0.06,0.0233333333333333
0.45,0.25,0.36,0.1,0.146666666666667,0.2445,0.305,0.1575,"low_only_plus_pooling",TRUE,TRUE,0.416583416583417,0.0629583333333333,0.020375
0.5,0.25,0.36,0.1,0.146666666666667,0.255,0.31,0.158333333333333,"low_only_plus_pooling",TRUE,TRUE,0.545454545454545,0.0620833333333333,0.02125
0.55,0.25,0.36,0.1,0.146666666666667,0.2655,0.315,0.159166666666667,"low_only_plus_pooling",TRUE,TRUE,0.59040959040959,0.0612083333333333,0.022125
0.6,0.25,0.36,0.1,0.146666666666667,0.276,0.32,0.16,"low_only_plus_pooling",TRUE,TRUE,0.636363636363636,0.0603333333333333,0.023
0.65,0.25,0.36,0.1,0.146666666666667,0.2865,0.325,0.160833333333333,"low_only_plus_pooling",TRUE,TRUE,0.681318681318681,0.0594583333333333,0.023875
0.7,0.25,0.36,0.1,0.146666666666667,0.297,0.33,0.161666666666667,"low_only_plus_pooling",TRUE,TRUE,0.727272727272727,0.0585833333333333,0.02475
0.75,0.25,0.36,0.1,0.146666666666667,0.3075,0.335,0.1625,"low_only_plus_pooling",TRUE,TRUE,0.772227772227772,0.0577083333333333,0.025625
0.8,0.25,0.36,0.1,0.146666666666667,0.318,0.34,0.163333333333333,"low_only_plus_pooling",TRUE,TRUE,0.818181818181818,0.0568333333333333,0.0265
0.85,0.25,0.36,0.1,0.146666666666667,0.3285,0.345,0.164166666666667,"low_only_plus_pooling",TRUE,TRUE,0.863136863136863,0.0559583333333333,0.027375
0.9,0.25,0.36,0.1,0.146666666666667,0.339,0.35,0.165,"delay_plus_pooling",TRUE,TRUE,0.871128871128871,0.05625,0.0270833333333333
0.45,0.3,0.41,0.1,0.157142857142857,0.2945,0.355,0.2075,"low_only_plus_pooling",TRUE,TRUE,0.410589410589411,0.0587916666666667,0.0245416666666667
0.5,0.3,0.41,0.1,0.157142857142857,0.305,0.36,0.208333333333333,"low_only_plus_pooling",TRUE,TRUE,0.545454545454545,0.0579166666666667,0.0254166666666667
0.55,0.3,0.41,0.1,0.157142857142857,0.3155,0.365,0.209166666666667,"low_only_plus_pooling",TRUE,TRUE,0.59040959040959,0.0570416666666667,0.0262916666666667
0.6,0.3,0.41,0.1,0.157142857142857,0.326,0.37,0.21,"low_only_plus_pooling",TRUE,TRUE,0.636363636363636,0.0561666666666667,0.0271666666666667
0.65,0.3,0.41,0.1,0.157142857142857,0.3365,0.375,0.210833333333333,"low_only_plus_pooling",TRUE,TRUE,0.681318681318681,0.0552916666666667,0.0280416666666667
0.7,0.3,0.41,0.1,0.157142857142857,0.347,0.38,0.211666666666667,"low_only_plus_pooling",TRUE,TRUE,0.727272727272727,0.0544166666666667,0.0289166666666667
0.75,0.3,0.41,0.1,0.157142857142857,0.3575,0.385,0.2125,"low_only_plus_pooling",TRUE,TRUE,0.772227772227772,0.0535416666666667,0.0297916666666667
0.8,0.3,0.41,0.1,0.157142857142857,0.368,0.39,0.213333333333333,"low_only_plus_pooling",TRUE,TRUE,0.818181818181818,0.0526666666666667,0.0306666666666667
0.85,0.3,0.41,0.1,0.157142857142857,0.3785,0.395,0.214166666666667,"low_only_plus_pooling",TRUE,TRUE,0.863136863136863,0.0517916666666667,0.0315416666666667
0.9,0.3,0.41,0.1,0.157142857142857,0.389,0.4,0.215,"delay_plus_pooling",TRUE,TRUE,0.861138861138861,0.0525,0.0308333333333333
0.45,0.35,0.46,0.1,0.169230769230769,0.3445,0.405,0.2575,"low_only_plus_pooling",TRUE,TRUE,0.403596403596404,0.054625,0.0287083333333333
0.5,0.35,0.46,0.1,0.169230769230769,0.355,0.41,0.258333333333333,"low_only_plus_pooling",TRUE,TRUE,0.545454545454545,0.05375,0.0295833333333333
0.55,0.35,0.46,0.1,0.169230769230769,0.3655,0.415,0.259166666666667,"low_only_plus_pooling",TRUE,TRUE,0.59040959040959,0.052875,0.0304583333333333
0.6,0.35,0.46,0.1,0.169230769230769,0.376,0.42,0.26,"low_only_plus_pooling",TRUE,TRUE,0.636363636363636,0.052,0.0313333333333333
0.65,0.35,0.46,0.1,0.169230769230769,0.3865,0.425,0.260833333333333,"low_only_plus_pooling",TRUE,TRUE,0.681318681318681,0.051125,0.0322083333333333
0.7,0.35,0.46,0.1,0.169230769230769,0.397,0.43,0.261666666666667,"low_only_plus_pooling",TRUE,TRUE,0.727272727272727,0.05025,0.0330833333333333
0.75,0.35,0.46,0.1,0.169230769230769,0.4075,0.435,0.2625,"low_only_plus_pooling",TRUE,TRUE,0.772227772227772,0.049375,0.0339583333333333
0.8,0.35,0.46,0.1,0.169230769230769,0.418,0.44,0.263333333333333,"low_only_plus_pooling",TRUE,TRUE,0.818181818181818,0.0485,0.0348333333333333
0.85,0.35,0.46,0.1,0.169230769230769,0.4285,0.445,0.264166666666667,"low_only_plus_pooling",TRUE,TRUE,0.863136863136863,0.047625,0.0357083333333333
0.9,0.35,0.46,0.1,0.169230769230769,0.439,0.45,0.265,"delay_plus_pooling",TRUE,TRUE,0.849150849150849,0.04875,0.0345833333333333
0.45,0.4,0.51,0.1,0.183333333333333,0.3945,0.455,0.3075,"low_only_plus_pooling",TRUE,TRUE,0.395604395604396,0.0504583333333333,0.032875
0.5,0.4,0.51,0.1,0.183333333333333,0.405,0.46,0.308333333333333,"low_only_plus_pooling",TRUE,TRUE,0.54045954045954,0.0495833333333333,0.03375
0.55,0.4,0.51,0.1,0.183333333333333,0.4155,0.465,0.309166666666667,"low_only_plus_pooling",TRUE,TRUE,0.59040959040959,0.0487083333333333,0.034625
0.6,0.4,0.51,0.1,0.183333333333333,0.426,0.47,0.31,"low_only_plus_pooling",TRUE,TRUE,0.636363636363636,0.0478333333333333,0.0355
0.65,0.4,0.51,0.1,0.183333333333333,0.4365,0.475,0.310833333333333,"low_only_plus_pooling",TRUE,TRUE,0.681318681318681,0.0469583333333333,0.036375
0.7,0.4,0.51,0.1,0.183333333333333,0.447,0.48,0.311666666666667,"low_only_plus_pooling",TRUE,TRUE,0.727272727272727,0.0460833333333333,0.03725
0.75,0.4,0.51,0.1,0.183333333333333,0.4575,0.485,0.3125,"low_only_plus_pooling",TRUE,TRUE,0.772227772227772,0.0452083333333333,0.038125
0.8,0.4,0.51,0.1,0.183333333333333,0.468,0.49,0.313333333333333,"low_only_plus_pooling",TRUE,TRUE,0.818181818181818,0.0443333333333333,0.039
0.85,0.4,0.51,0.1,0.183333333333333,0.4785,0.495,0.314166666666667,"low_only_plus_pooling",TRUE,TRUE,0.863136863136863,0.0434583333333333,0.039875
0.9,0.4,0.51,0.1,0.183333333333333,0.489,0.5,0.315,"delay_plus_pooling",TRUE,TRUE,0.834165834165834,0.045,0.0383333333333333
0.45,0.1,0.24,0.1,0.155555555555556,0.108,0.185,0.0075,"low_only_plus_pooling",TRUE,TRUE,0.607392607392607,0.0743333333333333,0.00899999999999999
0.5,0.1,0.24,0.1,0.155555555555556,0.12,0.19,0.00833333333333334,"low_only_plus_pooling",TRUE,TRUE,0.642357642357642,0.0733333333333333,0.01
0.55,0.1,0.24,0.1,0.155555555555556,0.132,0.195,0.00916666666666667,"low_only_plus_pooling",TRUE,TRUE,0.678321678321678,0.0723333333333333,0.011
0.6,0.1,0.24,0.1,0.155555555555556,0.144,0.2,0.01,"low_only_plus_pooling",TRUE,TRUE,0.714285714285714,0.0713333333333333,0.012
0.65,0.1,0.24,0.1,0.155555555555556,0.156,0.205,0.0108333333333333,"low_only_plus_pooling",TRUE,TRUE,0.749250749250749,0.0703333333333333,0.013
0.7,0.1,0.24,0.1,0.155555555555556,0.168,0.21,0.0116666666666667,"low_only_plus_pooling",TRUE,TRUE,0.785214785214785,0.0693333333333333,0.014
0.75,0.1,0.24,0.1,0.155555555555556,0.18,0.215,0.0125,"low_only_plus_pooling",TRUE,TRUE,0.821178821178821,0.0683333333333333,0.015
0.8,0.1,0.24,0.1,0.155555555555556,0.192,0.22,0.0133333333333333,"low_only_plus_pooling",TRUE,TRUE,0.857142857142857,0.0673333333333333,0.016
0.85,0.1,0.24,0.1,0.155555555555556,0.204,0.225,0.0141666666666667,"low_only_plus_pooling",TRUE,TRUE,0.892107892107892,0.0663333333333333,0.017
0.9,0.1,0.24,0.1,0.155555555555556,0.216,0.23,0.015,"delay_plus_pooling",TRUE,TRUE,0.878121878121878,0.0675,0.0158333333333333
0.45,0.15,0.29,0.1,0.164705882352941,0.158,0.235,0.0575,"low_only_plus_pooling",TRUE,TRUE,0.607392607392607,0.0701666666666667,0.0131666666666667
0.5,0.15,0.29,0.1,0.164705882352941,0.17,0.24,0.0583333333333334,"low_only_plus_pooling",TRUE,TRUE,0.642357642357642,0.0691666666666667,0.0141666666666667
0.55,0.15,0.29,0.1,0.164705882352941,0.182,0.245,0.0591666666666667,"low_only_plus_pooling",TRUE,TRUE,0.678321678321678,0.0681666666666667,0.0151666666666667
0.6,0.15,0.29,0.1,0.164705882352941,0.194,0.25,0.06,"low_only_plus_pooling",TRUE,TRUE,0.714285714285714,0.0671666666666667,0.0161666666666667
0.65,0.15,0.29,0.1,0.164705882352941,0.206,0.255,0.0608333333333334,"low_only_plus_pooling",TRUE,TRUE,0.749250749250749,0.0661666666666667,0.0171666666666667
0.7,0.15,0.29,0.1,0.164705882352941,0.218,0.26,0.0616666666666667,"low_only_plus_pooling",TRUE,TRUE,0.785214785214785,0.0651666666666667,0.0181666666666667
0.75,0.15,0.29,0.1,0.164705882352941,0.23,0.265,0.0625,"low_only_plus_pooling",TRUE,TRUE,0.821178821178821,0.0641666666666667,0.0191666666666667
0.8,0.15,0.29,0.1,0.164705882352941,0.242,0.27,0.0633333333333334,"low_only_plus_pooling",TRUE,TRUE,0.857142857142857,0.0631666666666667,0.0201666666666667
0.85,0.15,0.29,0.1,0.164705882352941,0.254,0.275,0.0641666666666667,"low_only_plus_pooling",TRUE,TRUE,0.892107892107892,0.0621666666666667,0.0211666666666667
0.9,0.15,0.29,0.1,0.164705882352941,0.266,0.28,0.065,"delay_plus_pooling",TRUE,TRUE,0.869130869130869,0.06375,0.0195833333333333
0.45,0.2,0.34,0.1,0.175,0.208,0.285,0.1075,"low_only_plus_pooling",TRUE,TRUE,0.607392607392607,0.066,0.0173333333333333
0.5,0.2,0.34,0.1,0.175,0.22,0.29,0.108333333333333,"low_only_plus_pooling",TRUE,TRUE,0.642357642357642,0.065,0.0183333333333333
0.55,0.2,0.34,0.1,0.175,0.232,0.295,0.109166666666667,"low_only_plus_pooling",TRUE,TRUE,0.678321678321678,0.064,0.0193333333333333
0.6,0.2,0.34,0.1,0.175,0.244,0.3,0.11,"low_only_plus_pooling",TRUE,TRUE,0.714285714285714,0.063,0.0203333333333333
0.65,0.2,0.34,0.1,0.175,0.256,0.305,0.110833333333333,"low_only_plus_pooling",TRUE,TRUE,0.749250749250749,0.062,0.0213333333333333
0.7,0.2,0.34,0.1,0.175,0.268,0.31,0.111666666666667,"low_only_plus_pooling",TRUE,TRUE,0.785214785214785,0.061,0.0223333333333333
0.75,0.2,0.34,0.1,0.175,0.28,0.315,0.1125,"low_only_plus_pooling",TRUE,TRUE,0.821178821178821,0.06,0.0233333333333333
0.8,0.2,0.34,0.1,0.175,0.292,0.32,0.113333333333333,"low_only_plus_pooling",TRUE,TRUE,0.857142857142857,0.059,0.0243333333333333
0.85,0.2,0.34,0.1,0.175,0.304,0.325,0.114166666666667,"low_only_plus_pooling",TRUE,TRUE,0.892107892107892,0.058,0.0253333333333333
0.9,0.2,0.34,0.1,0.175,0.316,0.33,0.115,"delay_plus_pooling",TRUE,TRUE,0.858141858141858,0.06,0.0233333333333333
0.45,0.25,0.39,0.1,0.186666666666667,0.258,0.335,0.1575,"low_only_plus_pooling",TRUE,TRUE,0.607392607392607,0.0618333333333333,0.0215
0.5,0.25,0.39,0.1,0.186666666666667,0.27,0.34,0.158333333333333,"low_only_plus_pooling",TRUE,TRUE,0.642357642357642,0.0608333333333333,0.0225
0.55,0.25,0.39,0.1,0.186666666666667,0.282,0.345,0.159166666666667,"low_only_plus_pooling",TRUE,TRUE,0.678321678321678,0.0598333333333333,0.0235
0.6,0.25,0.39,0.1,0.186666666666667,0.294,0.35,0.16,"low_only_plus_pooling",TRUE,TRUE,0.714285714285714,0.0588333333333333,0.0245
0.65,0.25,0.39,0.1,0.186666666666667,0.306,0.355,0.160833333333333,"low_only_plus_pooling",TRUE,TRUE,0.749250749250749,0.0578333333333333,0.0255
0.7,0.25,0.39,0.1,0.186666666666667,0.318,0.36,0.161666666666667,"low_only_plus_pooling",TRUE,TRUE,0.785214785214785,0.0568333333333333,0.0265
0.75,0.25,0.39,0.1,0.186666666666667,0.33,0.365,0.1625,"low_only_plus_pooling",TRUE,TRUE,0.821178821178821,0.0558333333333333,0.0275
0.8,0.25,0.39,0.1,0.186666666666667,0.342,0.37,0.163333333333333,"low_only_plus_pooling",TRUE,TRUE,0.857142857142857,0.0548333333333333,0.0285
0.85,0.25,0.39,0.1,0.186666666666667,0.354,0.375,0.164166666666667,"low_only_plus_pooling",TRUE,TRUE,0.892107892107892,0.0538333333333333,0.0295
0.9,0.25,0.39,0.1,0.186666666666667,0.366,0.38,0.165,"delay_plus_pooling",TRUE,TRUE,0.846153846153846,0.05625,0.0270833333333333
0.45,0.3,0.44,0.1,0.2,0.308,0.385,0.2075,"low_only_plus_pooling",TRUE,TRUE,0.607392607392607,0.0576666666666667,0.0256666666666667
0.5,0.3,0.44,0.1,0.2,0.32,0.39,0.208333333333333,"low_only_plus_pooling",TRUE,TRUE,0.642357642357642,0.0566666666666667,0.0266666666666667
0.55,0.3,0.44,0.1,0.2,0.332,0.395,0.209166666666667,"low_only_plus_pooling",TRUE,TRUE,0.678321678321678,0.0556666666666667,0.0276666666666667
0.6,0.3,0.44,0.1,0.2,0.344,0.4,0.21,"low_only_plus_pooling",TRUE,TRUE,0.714285714285714,0.0546666666666667,0.0286666666666667
0.65,0.3,0.44,0.1,0.2,0.356,0.405,0.210833333333333,"low_only_plus_pooling",TRUE,TRUE,0.749250749250749,0.0536666666666667,0.0296666666666667
0.7,0.3,0.44,0.1,0.2,0.368,0.41,0.211666666666667,"low_only_plus_pooling",TRUE,TRUE,0.785214785214785,0.0526666666666667,0.0306666666666667
0.75,0.3,0.44,0.1,0.2,0.38,0.415,0.2125,"low_only_plus_pooling",TRUE,TRUE,0.821178821178821,0.0516666666666667,0.0316666666666667
0.8,0.3,0.44,0.1,0.2,0.392,0.42,0.213333333333333,"low_only_plus_pooling",TRUE,TRUE,0.857142857142857,0.0506666666666667,0.0326666666666667
0.85,0.3,0.44,0.1,0.2,0.404,0.425,0.214166666666667,"low_only_plus_pooling",TRUE,TRUE,0.892107892107892,0.0496666666666667,0.0336666666666667
0.9,0.3,0.44,0.1,0.2,0.416,0.43,0.215,"delay_plus_pooling",TRUE,TRUE,0.832167832167832,0.0525,0.0308333333333333
0.45,0.35,0.49,0.1,0.215384615384615,0.358,0.435,0.2575,"low_only_plus_pooling",TRUE,TRUE,0.607392607392607,0.0535,0.0298333333333333
0.5,0.35,0.49,0.1,0.215384615384615,0.37,0.44,0.258333333333333,"low_only_plus_pooling",TRUE,TRUE,0.642357642357642,0.0525,0.0308333333333333
0.55,0.35,0.49,0.1,0.215384615384615,0.382,0.445,0.259166666666667,"low_only_plus_pooling",TRUE,TRUE,0.678321678321678,0.0515,0.0318333333333333
0.6,0.35,0.49,0.1,0.215384615384615,0.394,0.45,0.26,"low_only_plus_pooling",TRUE,TRUE,0.714285714285714,0.0505,0.0328333333333333
0.65,0.35,0.49,0.1,0.215384615384615,0.406,0.455,0.260833333333333,"low_only_plus_pooling",TRUE,TRUE,0.749250749250749,0.0495,0.0338333333333333
0.7,0.35,0.49,0.1,0.215384615384615,0.418,0.46,0.261666666666667,"low_only_plus_pooling",TRUE,TRUE,0.785214785214785,0.0485,0.0348333333333333
0.75,0.35,0.49,0.1,0.215384615384615,0.43,0.465,0.2625,"low_only_plus_pooling",TRUE,TRUE,0.821178821178821,0.0475,0.0358333333333333
0.8,0.35,0.49,0.1,0.215384615384615,0.442,0.47,0.263333333333333,"low_only_plus_pooling",TRUE,TRUE,0.857142857142857,0.0465,0.0368333333333333
0.85,0.35,0.49,0.1,0.215384615384615,0.454,0.475,0.264166666666667,"delay_plus_pooling",TRUE,TRUE,0.842157842157842,0.0460416666666667,0.0372916666666667
0.9,0.35,0.49,0.1,0.215384615384615,0.466,0.48,0.265,"delay_plus_pooling",TRUE,TRUE,0.816183816183816,0.04875,0.0345833333333333
0.45,0.4,0.54,0.1,0.233333333333333,0.408,0.485,0.3075,"low_only_plus_pooling",TRUE,TRUE,0.6003996003996,0.0493333333333333,0.034
0.5,0.4,0.54,0.1,0.233333333333333,0.42,0.49,0.308333333333333,"low_only_plus_pooling",TRUE,TRUE,0.642357642357642,0.0483333333333333,0.035
0.55,0.4,0.54,0.1,0.233333333333333,0.432,0.495,0.309166666666667,"low_only_plus_pooling",TRUE,TRUE,0.678321678321678,0.0473333333333333,0.036
0.6,0.4,0.54,0.1,0.233333333333333,0.444,0.5,0.31,"low_only_plus_pooling",TRUE,TRUE,0.714285714285714,0.0463333333333333,0.037
0.65,0.4,0.54,0.1,0.233333333333333,0.456,0.505,0.310833333333333,"low_only_plus_pooling",TRUE,TRUE,0.749250749250749,0.0453333333333333,0.038
0.7,0.4,0.54,0.1,0.233333333333333,0.468,0.51,0.311666666666667,"low_only_plus_pooling",TRUE,TRUE,0.785214785214785,0.0443333333333333,0.039
0.75,0.4,0.54,0.1,0.233333333333333,0.48,0.515,0.3125,"low_only_plus_pooling",TRUE,TRUE,0.821178821178821,0.0433333333333333,0.04
0.8,0.4,0.54,0.1,0.233333333333333,0.492,0.52,0.313333333333333,"low_only_plus_pooling",TRUE,TRUE,0.857142857142857,0.0423333333333333,0.041
0.85,0.4,0.54,0.1,0.233333333333333,0.504,0.525,0.314166666666667,"delay_plus_pooling",TRUE,TRUE,0.823176823176823,0.0425,0.0408333333333333
0.9,0.4,0.54,0.1,0.233333333333333,0.516,0.53,0.315,"delay_plus_pooling",TRUE,TRUE,0.798201798201798,0.045,0.0383333333333333
0.45,0.1,0.27,0.1,0.188888888888889,0.1215,0.215,0.0075,"low_only_plus_pooling",TRUE,TRUE,0.676323676323676,0.0732083333333333,0.010125
0.5,0.1,0.27,0.1,0.188888888888889,0.135,0.22,0.00833333333333334,"low_only_plus_pooling",TRUE,TRUE,0.705294705294705,0.0720833333333333,0.01125
0.55,0.1,0.27,0.1,0.188888888888889,0.1485,0.225,0.00916666666666667,"low_only_plus_pooling",TRUE,TRUE,0.735264735264735,0.0709583333333333,0.012375
0.6,0.1,0.27,0.1,0.188888888888889,0.162,0.23,0.01,"low_only_plus_pooling",TRUE,TRUE,0.764235764235764,0.0698333333333333,0.0135
0.65,0.1,0.27,0.1,0.188888888888889,0.1755,0.235,0.0108333333333333,"low_only_plus_pooling",TRUE,TRUE,0.794205794205794,0.0687083333333333,0.014625
0.7,0.1,0.27,0.1,0.188888888888889,0.189,0.24,0.0116666666666667,"low_only_plus_pooling",TRUE,TRUE,0.823176823176823,0.0675833333333333,0.01575
0.75,0.1,0.27,0.1,0.188888888888889,0.2025,0.245,0.0125,"low_only_plus_pooling",TRUE,TRUE,0.852147852147852,0.0664583333333333,0.016875
0.8,0.1,0.27,0.1,0.188888888888889,0.216,0.25,0.0133333333333333,"low_only_plus_pooling",TRUE,TRUE,0.882117882117882,0.0653333333333333,0.018
0.85,0.1,0.27,0.1,0.188888888888889,0.2295,0.255,0.0141666666666667,"low_only_plus_pooling",TRUE,TRUE,0.911088911088911,0.0642083333333333,0.019125
0.9,0.1,0.27,0.1,0.188888888888889,0.243,0.26,0.015,"delay_plus_pooling",TRUE,TRUE,0.854145854145854,0.0675,0.0158333333333333
0.45,0.15,0.32,0.1,0.2,0.1715,0.265,0.0575,"low_only_plus_pooling",TRUE,TRUE,0.676323676323676,0.0690416666666667,0.0142916666666667
0.5,0.15,0.32,0.1,0.2,0.185,0.27,0.0583333333333334,"low_only_plus_pooling",TRUE,TRUE,0.705294705294705,0.0679166666666667,0.0154166666666667
0.55,0.15,0.32,0.1,0.2,0.1985,0.275,0.0591666666666667,"low_only_plus_pooling",TRUE,TRUE,0.735264735264735,0.0667916666666667,0.0165416666666667
0.6,0.15,0.32,0.1,0.2,0.212,0.28,0.06,"low_only_plus_pooling",TRUE,TRUE,0.764235764235764,0.0656666666666667,0.0176666666666667
0.65,0.15,0.32,0.1,0.2,0.2255,0.285,0.0608333333333334,"low_only_plus_pooling",TRUE,TRUE,0.794205794205794,0.0645416666666667,0.0187916666666667
0.7,0.15,0.32,0.1,0.2,0.239,0.29,0.0616666666666667,"low_only_plus_pooling",TRUE,TRUE,0.823176823176823,0.0634166666666667,0.0199166666666667
0.75,0.15,0.32,0.1,0.2,0.2525,0.295,0.0625,"low_only_plus_pooling",TRUE,TRUE,0.852147852147852,0.0622916666666667,0.0210416666666667
0.8,0.15,0.32,0.1,0.2,0.266,0.3,0.0633333333333334,"low_only_plus_pooling",TRUE,TRUE,0.882117882117882,0.0611666666666667,0.0221666666666667
0.85,0.15,0.32,0.1,0.2,0.2795,0.305,0.0641666666666667,"delay_plus_pooling",TRUE,TRUE,0.872127872127872,0.0602083333333333,0.023125
0.9,0.15,0.32,0.1,0.2,0.293,0.31,0.065,"delay_plus_pooling",TRUE,TRUE,0.842157842157842,0.06375,0.0195833333333333
0.45,0.2,0.37,0.1,0.2125,0.2215,0.315,0.1075,"low_only_plus_pooling",TRUE,TRUE,0.676323676323676,0.064875,0.0184583333333333
0.5,0.2,0.37,0.1,0.2125,0.235,0.32,0.108333333333333,"low_only_plus_pooling",TRUE,TRUE,0.705294705294705,0.06375,0.0195833333333333
0.55,0.2,0.37,0.1,0.2125,0.2485,0.325,0.109166666666667,"low_only_plus_pooling",TRUE,TRUE,0.735264735264735,0.062625,0.0207083333333333
0.6,0.2,0.37,0.1,0.2125,0.262,0.33,0.11,"low_only_plus_pooling",TRUE,TRUE,0.764235764235764,0.0615,0.0218333333333333
0.65,0.2,0.37,0.1,0.2125,0.2755,0.335,0.110833333333333,"low_only_plus_pooling",TRUE,TRUE,0.794205794205794,0.060375,0.0229583333333333
0.7,0.2,0.37,0.1,0.2125,0.289,0.34,0.111666666666667,"low_only_plus_pooling",TRUE,TRUE,0.823176823176823,0.05925,0.0240833333333333
0.75,0.2,0.37,0.1,0.2125,0.3025,0.345,0.1125,"low_only_plus_pooling",TRUE,TRUE,0.852147852147852,0.058125,0.0252083333333333
0.8,0.2,0.37,0.1,0.2125,0.316,0.35,0.113333333333333,"low_only_plus_pooling",TRUE,TRUE,0.882117882117882,0.057,0.0263333333333333
0.85,0.2,0.37,0.1,0.2125,0.3295,0.355,0.114166666666667,"delay_plus_pooling",TRUE,TRUE,0.859140859140859,0.0566666666666667,0.0266666666666667
0.9,0.2,0.37,0.1,0.2125,0.343,0.36,0.115,"delay_plus_pooling",TRUE,TRUE,0.829170829170829,0.06,0.0233333333333333
0.45,0.25,0.42,0.1,0.226666666666667,0.2715,0.365,0.1575,"low_only_plus_pooling",TRUE,TRUE,0.676323676323676,0.0607083333333333,0.022625
0.5,0.25,0.42,0.1,0.226666666666667,0.285,0.37,0.158333333333333,"low_only_plus_pooling",TRUE,TRUE,0.705294705294705,0.0595833333333333,0.02375
0.55,0.25,0.42,0.1,0.226666666666667,0.2985,0.375,0.159166666666667,"low_only_plus_pooling",TRUE,TRUE,0.735264735264735,0.0584583333333333,0.024875
0.6,0.25,0.42,0.1,0.226666666666667,0.312,0.38,0.16,"low_only_plus_pooling",TRUE,TRUE,0.764235764235764,0.0573333333333333,0.026
0.65,0.25,0.42,0.1,0.226666666666667,0.3255,0.385,0.160833333333333,"low_only_plus_pooling",TRUE,TRUE,0.794205794205794,0.0562083333333333,0.027125
0.7,0.25,0.42,0.1,0.226666666666667,0.339,0.39,0.161666666666667,"low_only_plus_pooling",TRUE,TRUE,0.823176823176823,0.0550833333333333,0.02825
0.75,0.25,0.42,0.1,0.226666666666667,0.3525,0.395,0.1625,"low_only_plus_pooling",TRUE,TRUE,0.852147852147852,0.0539583333333333,0.029375
0.8,0.25,0.42,0.1,0.226666666666667,0.366,0.4,0.163333333333333,"low_only_plus_pooling",TRUE,TRUE,0.882117882117882,0.0528333333333333,0.0305
0.85,0.25,0.42,0.1,0.226666666666667,0.3795,0.405,0.164166666666667,"delay_plus_pooling",TRUE,TRUE,0.844155844155844,0.053125,0.0302083333333333
0.9,0.25,0.42,0.1,0.226666666666667,0.393,0.41,0.165,"delay_plus_pooling",TRUE,TRUE,0.815184815184815,0.05625,0.0270833333333333
0.45,0.3,0.47,0.1,0.242857142857143,0.3215,0.415,0.2075,"low_only_plus_pooling",TRUE,TRUE,0.676323676323676,0.0565416666666667,0.0267916666666667
0.5,0.3,0.47,0.1,0.242857142857143,0.335,0.42,0.208333333333333,"low_only_plus_pooling",TRUE,TRUE,0.705294705294705,0.0554166666666667,0.0279166666666667
0.55,0.3,0.47,0.1,0.242857142857143,0.3485,0.425,0.209166666666667,"low_only_plus_pooling",TRUE,TRUE,0.735264735264735,0.0542916666666667,0.0290416666666667
0.6,0.3,0.47,0.1,0.242857142857143,0.362,0.43,0.21,"low_only_plus_pooling",TRUE,TRUE,0.764235764235764,0.0531666666666667,0.0301666666666667
0.65,0.3,0.47,0.1,0.242857142857143,0.3755,0.435,0.210833333333333,"low_only_plus_pooling",TRUE,TRUE,0.794205794205794,0.0520416666666667,0.0312916666666667
0.7,0.3,0.47,0.1,0.242857142857143,0.389,0.44,0.211666666666667,"low_only_plus_pooling",TRUE,TRUE,0.823176823176823,0.0509166666666667,0.0324166666666667
0.75,0.3,0.47,0.1,0.242857142857143,0.4025,0.445,0.2125,"low_only_plus_pooling",TRUE,TRUE,0.852147852147852,0.0497916666666667,0.0335416666666667
0.8,0.3,0.47,0.1,0.242857142857143,0.416,0.45,0.213333333333333,"low_only_plus_pooling",TRUE,TRUE,0.882117882117882,0.0486666666666667,0.0346666666666667
0.85,0.3,0.47,0.1,0.242857142857143,0.4295,0.455,0.214166666666667,"delay_plus_pooling",TRUE,TRUE,0.826173826173826,0.0495833333333333,0.03375
0.9,0.3,0.47,0.1,0.242857142857143,0.443,0.46,0.215,"delay_plus_pooling",TRUE,TRUE,0.798201798201798,0.0525,0.0308333333333333
0.45,0.35,0.52,0.1,0.261538461538462,0.3715,0.465,0.2575,"low_only_plus_pooling",TRUE,TRUE,0.676323676323676,0.052375,0.0309583333333333
0.5,0.35,0.52,0.1,0.261538461538462,0.385,0.47,0.258333333333333,"low_only_plus_pooling",TRUE,TRUE,0.705294705294705,0.05125,0.0320833333333333
0.55,0.35,0.52,0.1,0.261538461538462,0.3985,0.475,0.259166666666667,"low_only_plus_pooling",TRUE,TRUE,0.735264735264735,0.050125,0.0332083333333333
0.6,0.35,0.52,0.1,0.261538461538462,0.412,0.48,0.26,"low_only_plus_pooling",TRUE,TRUE,0.764235764235764,0.049,0.0343333333333333
0.65,0.35,0.52,0.1,0.261538461538462,0.4255,0.485,0.260833333333333,"low_only_plus_pooling",TRUE,TRUE,0.794205794205794,0.047875,0.0354583333333333
0.7,0.35,0.52,0.1,0.261538461538462,0.439,0.49,0.261666666666667,"low_only_plus_pooling",TRUE,TRUE,0.823176823176823,0.04675,0.0365833333333333
0.75,0.35,0.52,0.1,0.261538461538462,0.4525,0.495,0.2625,"low_only_plus_pooling",TRUE,TRUE,0.852147852147852,0.045625,0.0377083333333333
0.8,0.35,0.52,0.1,0.261538461538462,0.466,0.5,0.263333333333333,"low_only_plus_pooling",TRUE,TRUE,0.882117882117882,0.0445,0.0388333333333333
0.85,0.35,0.52,0.1,0.261538461538462,0.4795,0.505,0.264166666666667,"delay_plus_pooling",TRUE,TRUE,0.806193806193806,0.0460416666666667,0.0372916666666667
0.9,0.35,0.52,0.1,0.261538461538462,0.493,0.51,0.265,"delay_plus_pooling",TRUE,TRUE,0.778221778221778,0.04875,0.0345833333333333
0.45,0.4,0.57,0.1,0.283333333333333,0.4215,0.515,0.3075,"low_only_plus_pooling",TRUE,TRUE,0.676323676323676,0.0482083333333333,0.035125
0.5,0.4,0.57,0.1,0.283333333333333,0.435,0.52,0.308333333333333,"low_only_plus_pooling",TRUE,TRUE,0.705294705294705,0.0470833333333333,0.03625
0.55,0.4,0.57,0.1,0.283333333333333,0.4485,0.525,0.309166666666667,"low_only_plus_pooling",TRUE,TRUE,0.735264735264735,0.0459583333333333,0.037375
0.6,0.4,0.57,0.1,0.283333333333333,0.462,0.53,0.31,"low_only_plus_pooling",TRUE,TRUE,0.764235764235764,0.0448333333333333,0.0385
0.65,0.4,0.57,0.1,0.283333333333333,0.4755,0.535,0.310833333333333,"low_only_plus_pooling",TRUE,TRUE,0.794205794205794,0.0437083333333333,0.039625
0.7,0.4,0.57,0.1,0.283333333333333,0.489,0.54,0.311666666666667,"low_only_plus_pooling",TRUE,TRUE,0.823176823176823,0.0425833333333333,0.04075
0.75,0.4,0.57,0.1,0.283333333333333,0.5025,0.545,0.3125,"low_only_plus_pooling",TRUE,TRUE,0.852147852147852,0.0414583333333333,0.041875
0.8,0.4,0.57,0.1,0.283333333333333,0.516,0.55,0.313333333333333,"low_only_plus_pooling",TRUE,TRUE,0.882117882117882,0.0403333333333333,0.043
0.85,0.4,0.57,0.1,0.283333333333333,0.5295,0.555,0.314166666666667,"delay_plus_pooling",TRUE,TRUE,0.783216783216783,0.0425,0.0408333333333333
0.9,0.4,0.57,0.1,0.283333333333333,0.543,0.56,0.315,"delay_plus_pooling",TRUE,TRUE,0.755244755244755,0.045,0.0383333333333333
0.45,0.1,0.3,0.1,0.222222222222222,0.135,0.245,0.0075,"low_only_plus_pooling",TRUE,TRUE,0.724275724275724,0.0720833333333333,0.01125
0.5,0.1,0.3,0.1,0.222222222222222,0.15,0.25,0.00833333333333334,"low_only_plus_pooling",TRUE,TRUE,0.749250749250749,0.0708333333333333,0.0125
0.55,0.1,0.3,0.1,0.222222222222222,0.165,0.255,0.00916666666666667,"low_only_plus_pooling",TRUE,TRUE,0.774225774225774,0.0695833333333333,0.01375
0.6,0.1,0.3,0.1,0.222222222222222,0.18,0.26,0.01,"low_only_plus_pooling",TRUE,TRUE,0.799200799200799,0.0683333333333333,0.015
0.65,0.1,0.3,0.1,0.222222222222222,0.195,0.265,0.0108333333333333,"low_only_plus_pooling",TRUE,TRUE,0.824175824175824,0.0670833333333333,0.01625
0.7,0.1,0.3,0.1,0.222222222222222,0.21,0.27,0.0116666666666667,"low_only_plus_pooling",TRUE,TRUE,0.849150849150849,0.0658333333333333,0.0175
0.75,0.1,0.3,0.1,0.222222222222222,0.225,0.275,0.0125,"low_only_plus_pooling",TRUE,TRUE,0.874125874125874,0.0645833333333333,0.01875
0.8,0.1,0.3,0.1,0.222222222222222,0.24,0.28,0.0133333333333333,"low_only_plus_pooling",TRUE,TRUE,0.899100899100899,0.0633333333333333,0.02
0.85,0.1,0.3,0.1,0.222222222222222,0.255,0.285,0.0141666666666667,"delay_plus_pooling",TRUE,TRUE,0.858141858141858,0.06375,0.0195833333333333
0.9,0.1,0.3,0.1,0.222222222222222,0.27,0.29,0.015,"delay_plus_pooling",TRUE,TRUE,0.825174825174825,0.0675,0.0158333333333333
0.45,0.15,0.35,0.1,0.235294117647059,0.185,0.295,0.0575,"low_only_plus_pooling",TRUE,TRUE,0.724275724275724,0.0679166666666667,0.0154166666666667
0.5,0.15,0.35,0.1,0.235294117647059,0.2,0.3,0.0583333333333334,"low_only_plus_pooling",TRUE,TRUE,0.749250749250749,0.0666666666666667,0.0166666666666667
0.55,0.15,0.35,0.1,0.235294117647059,0.215,0.305,0.0591666666666667,"low_only_plus_pooling",TRUE,TRUE,0.774225774225774,0.0654166666666667,0.0179166666666667
0.6,0.15,0.35,0.1,0.235294117647059,0.23,0.31,0.06,"low_only_plus_pooling",TRUE,TRUE,0.799200799200799,0.0641666666666667,0.0191666666666667
0.65,0.15,0.35,0.1,0.235294117647059,0.245,0.315,0.0608333333333334,"low_only_plus_pooling",TRUE,TRUE,0.824175824175824,0.0629166666666667,0.0204166666666667
0.7,0.15,0.35,0.1,0.235294117647059,0.26,0.32,0.0616666666666667,"low_only_plus_pooling",TRUE,TRUE,0.849150849150849,0.0616666666666667,0.0216666666666667
0.75,0.15,0.35,0.1,0.235294117647059,0.275,0.325,0.0625,"low_only_plus_pooling",TRUE,TRUE,0.874125874125874,0.0604166666666667,0.0229166666666667
0.8,0.15,0.35,0.1,0.235294117647059,0.29,0.33,0.0633333333333334,"low_only_plus_pooling",TRUE,TRUE,0.899100899100899,0.0591666666666667,0.0241666666666667
0.85,0.15,0.35,0.1,0.235294117647059,0.305,0.335,0.0641666666666667,"delay_plus_pooling",TRUE,TRUE,0.844155844155844,0.0602083333333333,0.023125
0.9,0.15,0.35,0.1,0.235294117647059,0.32,0.34,0.065,"delay_plus_pooling",TRUE,TRUE,0.811188811188811,0.06375,0.0195833333333333
0.45,0.2,0.4,0.1,0.25,0.235,0.345,0.1075,"low_only_plus_pooling",TRUE,TRUE,0.724275724275724,0.06375,0.0195833333333333
0.5,0.2,0.4,0.1,0.25,0.25,0.35,0.108333333333333,"low_only_plus_pooling",TRUE,TRUE,0.749250749250749,0.0625,0.0208333333333333
0.55,0.2,0.4,0.1,0.25,0.265,0.355,0.109166666666667,"low_only_plus_pooling",TRUE,TRUE,0.774225774225774,0.06125,0.0220833333333333
0.6,0.2,0.4,0.1,0.25,0.28,0.36,0.11,"low_only_plus_pooling",TRUE,TRUE,0.799200799200799,0.06,0.0233333333333333
0.65,0.2,0.4,0.1,0.25,0.295,0.365,0.110833333333333,"low_only_plus_pooling",TRUE,TRUE,0.824175824175824,0.05875,0.0245833333333333
0.7,0.2,0.4,0.1,0.25,0.31,0.37,0.111666666666667,"low_only_plus_pooling",TRUE,TRUE,0.849150849150849,0.0575,0.0258333333333333
0.75,0.2,0.4,0.1,0.25,0.325,0.375,0.1125,"low_only_plus_pooling",TRUE,TRUE,0.874125874125874,0.05625,0.0270833333333333
0.8,0.2,0.4,0.1,0.25,0.34,0.38,0.113333333333333,"low_only_plus_pooling",TRUE,TRUE,0.899100899100899,0.055,0.0283333333333333
0.85,0.2,0.4,0.1,0.25,0.355,0.385,0.114166666666667,"delay_plus_pooling",TRUE,TRUE,0.828171828171828,0.0566666666666667,0.0266666666666667
0.9,0.2,0.4,0.1,0.25,0.37,0.39,0.115,"delay_plus_pooling",TRUE,TRUE,0.796203796203796,0.06,0.0233333333333333
0.45,0.25,0.45,0.1,0.266666666666667,0.285,0.395,0.1575,"low_only_plus_pooling",TRUE,TRUE,0.724275724275724,0.0595833333333333,0.02375
0.5,0.25,0.45,0.1,0.266666666666667,0.3,0.4,0.158333333333333,"low_only_plus_pooling",TRUE,TRUE,0.749250749250749,0.0583333333333333,0.025
0.55,0.25,0.45,0.1,0.266666666666667,0.315,0.405,0.159166666666667,"low_only_plus_pooling",TRUE,TRUE,0.774225774225774,0.0570833333333333,0.02625
0.6,0.25,0.45,0.1,0.266666666666667,0.33,0.41,0.16,"low_only_plus_pooling",TRUE,TRUE,0.799200799200799,0.0558333333333333,0.0275
0.65,0.25,0.45,0.1,0.266666666666667,0.345,0.415,0.160833333333333,"low_only_plus_pooling",TRUE,TRUE,0.824175824175824,0.0545833333333333,0.02875
0.7,0.25,0.45,0.1,0.266666666666667,0.36,0.42,0.161666666666667,"low_only_plus_pooling",TRUE,TRUE,0.849150849150849,0.0533333333333333,0.03
0.75,0.25,0.45,0.1,0.266666666666667,0.375,0.425,0.1625,"low_only_plus_pooling",TRUE,TRUE,0.874125874125874,0.0520833333333333,0.03125
0.8,0.25,0.45,0.1,0.266666666666667,0.39,0.43,0.163333333333333,"low_only_plus_pooling",TRUE,TRUE,0.899100899100899,0.0508333333333333,0.0325
0.85,0.25,0.45,0.1,0.266666666666667,0.405,0.435,0.164166666666667,"delay_plus_pooling",TRUE,TRUE,0.81018981018981,0.053125,0.0302083333333333
0.9,0.25,0.45,0.1,0.266666666666667,0.42,0.44,0.165,"delay_plus_pooling",TRUE,TRUE,0.778221778221778,0.05625,0.0270833333333333
0.45,0.3,0.5,0.1,0.285714285714286,0.335,0.445,0.2075,"low_only_plus_pooling",TRUE,TRUE,0.724275724275724,0.0554166666666667,0.0279166666666667
0.5,0.3,0.5,0.1,0.285714285714286,0.35,0.45,0.208333333333333,"low_only_plus_pooling",TRUE,TRUE,0.749250749250749,0.0541666666666667,0.0291666666666667
0.55,0.3,0.5,0.1,0.285714285714286,0.365,0.455,0.209166666666667,"low_only_plus_pooling",TRUE,TRUE,0.774225774225774,0.0529166666666667,0.0304166666666667
0.6,0.3,0.5,0.1,0.285714285714286,0.38,0.46,0.21,"low_only_plus_pooling",TRUE,TRUE,0.799200799200799,0.0516666666666667,0.0316666666666667
0.65,0.3,0.5,0.1,0.285714285714286,0.395,0.465,0.210833333333333,"low_only_plus_pooling",TRUE,TRUE,0.824175824175824,0.0504166666666667,0.0329166666666667
0.7,0.3,0.5,0.1,0.285714285714286,0.41,0.47,0.211666666666667,"low_only_plus_pooling",TRUE,TRUE,0.849150849150849,0.0491666666666667,0.0341666666666667
0.75,0.3,0.5,0.1,0.285714285714286,0.425,0.475,0.2125,"low_only_plus_pooling",TRUE,TRUE,0.874125874125874,0.0479166666666667,0.0354166666666667
0.8,0.3,0.5,0.1,0.285714285714286,0.44,0.48,0.213333333333333,"all_three",TRUE,TRUE,0.898101898101898,0.0466666666666667,0.0366666666666667
0.85,0.3,0.5,0.1,0.285714285714286,0.455,0.485,0.214166666666667,"delay_plus_pooling",TRUE,TRUE,0.789210789210789,0.0495833333333333,0.03375
0.9,0.3,0.5,0.1,0.285714285714286,0.47,0.49,0.215,"delay_plus_pooling",TRUE,TRUE,0.758241758241758,0.0525,0.0308333333333333
0.45,0.35,0.55,0.1,0.307692307692308,0.385,0.495,0.2575,"low_only_plus_pooling",TRUE,TRUE,0.724275724275724,0.05125,0.0320833333333333
0.5,0.35,0.55,0.1,0.307692307692308,0.4,0.5,0.258333333333333,"low_only_plus_pooling",TRUE,TRUE,0.749250749250749,0.05,0.0333333333333333
0.55,0.35,0.55,0.1,0.307692307692308,0.415,0.505,0.259166666666667,"low_only_plus_pooling",TRUE,TRUE,0.774225774225774,0.04875,0.0345833333333333
0.6,0.35,0.55,0.1,0.307692307692308,0.43,0.51,0.26,"low_only_plus_pooling",TRUE,TRUE,0.799200799200799,0.0475,0.0358333333333333
0.65,0.35,0.55,0.1,0.307692307692308,0.445,0.515,0.260833333333333,"low_only_plus_pooling",TRUE,TRUE,0.824175824175824,0.04625,0.0370833333333333
0.7,0.35,0.55,0.1,0.307692307692308,0.46,0.52,0.261666666666667,"low_only_plus_pooling",TRUE,TRUE,0.849150849150849,0.045,0.0383333333333333
0.75,0.35,0.55,0.1,0.307692307692308,0.475,0.525,0.2625,"low_only_plus_pooling",TRUE,TRUE,0.874125874125874,0.04375,0.0395833333333333
0.8,0.35,0.55,0.1,0.307692307692308,0.49,0.53,0.263333333333333,"delay_plus_pooling",TRUE,TRUE,0.802197802197802,0.0433333333333333,0.04
0.85,0.35,0.55,0.1,0.307692307692308,0.505,0.535,0.264166666666667,"delay_plus_pooling",TRUE,TRUE,0.765234765234765,0.0460416666666667,0.0372916666666667
0.9,0.35,0.55,0.1,0.307692307692308,0.52,0.54,0.265,"delay_plus_pooling",TRUE,TRUE,0.735264735264735,0.04875,0.0345833333333333
0.45,0.4,0.6,0.1,0.333333333333333,0.435,0.545,0.3075,"low_only_plus_pooling",TRUE,TRUE,0.724275724275724,0.0470833333333333,0.03625
0.5,0.4,0.6,0.1,0.333333333333333,0.45,0.55,0.308333333333333,"low_only_plus_pooling",TRUE,TRUE,0.749250749250749,0.0458333333333333,0.0375
0.55,0.4,0.6,0.1,0.333333333333333,0.465,0.555,0.309166666666667,"low_only_plus_pooling",TRUE,TRUE,0.774225774225774,0.0445833333333333,0.03875
0.6,0.4,0.6,0.1,0.333333333333333,0.48,0.56,0.31,"low_only_plus_pooling",TRUE,TRUE,0.799200799200799,0.0433333333333333,0.04
0.65,0.4,0.6,0.1,0.333333333333333,0.495,0.565,0.310833333333333,"low_only_plus_pooling",TRUE,TRUE,0.824175824175824,0.0420833333333333,0.04125
0.7,0.4,0.6,0.1,0.333333333333333,0.51,0.57,0.311666666666667,"low_only_plus_pooling",TRUE,TRUE,0.849150849150849,0.0408333333333333,0.0425
0.75,0.4,0.6,0.1,0.333333333333333,0.525,0.575,0.3125,"low_only_plus_pooling",TRUE,TRUE,0.874125874125874,0.0395833333333333,0.04375
0.8,0.4,0.6,0.1,0.333333333333333,0.54,0.58,0.313333333333333,"delay_plus_pooling",TRUE,TRUE,0.773226773226773,0.04,0.0433333333333333
0.85,0.4,0.6,0.1,0.333333333333333,0.555,0.585,0.314166666666667,"delay_plus_pooling",TRUE,TRUE,0.737262737262737,0.0425,0.0408333333333333
0.9,0.4,0.6,0.1,0.333333333333333,0.57,0.59,0.315,"delay_plus_pooling",TRUE,TRUE,0.708291708291708,0.045,0.0383333333333333
0.45,0.1,0.33,0.1,0.255555555555555,0.1485,0.275,0.0075,"low_only_plus_pooling",TRUE,TRUE,0.76023976023976,0.0709583333333333,0.012375
0.5,0.1,0.33,0.1,0.255555555555555,0.165,0.28,0.00833333333333334,"low_only_plus_pooling",TRUE,TRUE,0.782217782217782,0.0695833333333333,0.01375
0.55,0.1,0.33,0.1,0.255555555555555,0.1815,0.285,0.00916666666666667,"low_only_plus_pooling",TRUE,TRUE,0.804195804195804,0.0682083333333333,0.015125
0.6,0.1,0.33,0.1,0.255555555555555,0.198,0.29,0.01,"low_only_plus_pooling",TRUE,TRUE,0.826173826173826,0.0668333333333333,0.0165
0.65,0.1,0.33,0.1,0.255555555555555,0.2145,0.295,0.0108333333333333,"low_only_plus_pooling",TRUE,TRUE,0.847152847152847,0.0654583333333333,0.017875
0.7,0.1,0.33,0.1,0.255555555555555,0.231,0.3,0.0116666666666667,"low_only_plus_pooling",TRUE,TRUE,0.869130869130869,0.0640833333333333,0.01925
0.75,0.1,0.33,0.1,0.255555555555555,0.2475,0.305,0.0125,"low_only_plus_pooling",TRUE,TRUE,0.891108891108891,0.0627083333333333,0.020625
0.8,0.1,0.33,0.1,0.255555555555555,0.264,0.31,0.0133333333333333,"low_only_plus_pooling",TRUE,TRUE,0.913086913086913,0.0613333333333333,0.022
0.85,0.1,0.33,0.1,0.255555555555555,0.2805,0.315,0.0141666666666667,"delay_plus_pooling",TRUE,TRUE,0.829170829170829,0.06375,0.0195833333333333
0.9,0.1,0.33,0.1,0.255555555555555,0.297,0.32,0.015,"delay_plus_pooling",TRUE,TRUE,0.795204795204795,0.0675,0.0158333333333333
0.45,0.15,0.38,0.1,0.270588235294118,0.1985,0.325,0.0575,"low_only_plus_pooling",TRUE,TRUE,0.76023976023976,0.0667916666666667,0.0165416666666667
0.5,0.15,0.38,0.1,0.270588235294118,0.215,0.33,0.0583333333333334,"low_only_plus_pooling",TRUE,TRUE,0.782217782217782,0.0654166666666667,0.0179166666666667
0.55,0.15,0.38,0.1,0.270588235294118,0.2315,0.335,0.0591666666666667,"low_only_plus_pooling",TRUE,TRUE,0.804195804195804,0.0640416666666667,0.0192916666666667
0.6,0.15,0.38,0.1,0.270588235294118,0.248,0.34,0.06,"low_only_plus_pooling",TRUE,TRUE,0.826173826173826,0.0626666666666667,0.0206666666666667
0.65,0.15,0.38,0.1,0.270588235294118,0.2645,0.345,0.0608333333333334,"low_only_plus_pooling",TRUE,TRUE,0.847152847152847,0.0612916666666667,0.0220416666666667
0.7,0.15,0.38,0.1,0.270588235294118,0.281,0.35,0.0616666666666667,"low_only_plus_pooling",TRUE,TRUE,0.869130869130869,0.0599166666666667,0.0234166666666667
0.75,0.15,0.38,0.1,0.270588235294118,0.2975,0.355,0.0625,"low_only_plus_pooling",TRUE,TRUE,0.891108891108891,0.0585416666666667,0.0247916666666667
0.8,0.15,0.38,0.1,0.270588235294118,0.314,0.36,0.0633333333333334,"low_only_plus_pooling",TRUE,TRUE,0.913086913086913,0.0571666666666667,0.0261666666666667
0.85,0.15,0.38,0.1,0.270588235294118,0.3305,0.365,0.0641666666666667,"delay_plus_pooling",TRUE,TRUE,0.812187812187812,0.0602083333333333,0.023125
0.9,0.15,0.38,0.1,0.270588235294118,0.347,0.37,0.065,"delay_plus_pooling",TRUE,TRUE,0.779220779220779,0.06375,0.0195833333333333
0.45,0.2,0.43,0.1,0.2875,0.2485,0.375,0.1075,"low_only_plus_pooling",TRUE,TRUE,0.76023976023976,0.062625,0.0207083333333333
0.5,0.2,0.43,0.1,0.2875,0.265,0.38,0.108333333333333,"low_only_plus_pooling",TRUE,TRUE,0.782217782217782,0.06125,0.0220833333333333
0.55,0.2,0.43,0.1,0.2875,0.2815,0.385,0.109166666666667,"low_only_plus_pooling",TRUE,TRUE,0.804195804195804,0.059875,0.0234583333333333
0.6,0.2,0.43,0.1,0.2875,0.298,0.39,0.11,"low_only_plus_pooling",TRUE,TRUE,0.826173826173826,0.0585,0.0248333333333333
0.65,0.2,0.43,0.1,0.2875,0.3145,0.395,0.110833333333333,"low_only_plus_pooling",TRUE,TRUE,0.847152847152847,0.057125,0.0262083333333333
0.7,0.2,0.43,0.1,0.2875,0.331,0.4,0.111666666666667,"low_only_plus_pooling",TRUE,TRUE,0.869130869130869,0.05575,0.0275833333333333
0.75,0.2,0.43,0.1,0.2875,0.3475,0.405,0.1125,"low_only_plus_pooling",TRUE,TRUE,0.891108891108891,0.054375,0.0289583333333333
0.8,0.2,0.43,0.1,0.2875,0.364,0.41,0.113333333333333,"delay_plus_pooling",TRUE,TRUE,0.834165834165834,0.0533333333333333,0.03
0.85,0.2,0.43,0.1,0.2875,0.3805,0.415,0.114166666666667,"delay_plus_pooling",TRUE,TRUE,0.794205794205794,0.0566666666666667,0.0266666666666667
0.9,0.2,0.43,0.1,0.2875,0.397,0.42,0.115,"delay_plus_pooling",TRUE,TRUE,0.761238761238761,0.06,0.0233333333333333
0.45,0.25,0.48,0.1,0.306666666666667,0.2985,0.425,0.1575,"low_only_plus_pooling",TRUE,TRUE,0.76023976023976,0.0584583333333333,0.024875
0.5,0.25,0.48,0.1,0.306666666666667,0.315,0.43,0.158333333333333,"low_only_plus_pooling",TRUE,TRUE,0.782217782217782,0.0570833333333333,0.02625
0.55,0.25,0.48,0.1,0.306666666666667,0.3315,0.435,0.159166666666667,"low_only_plus_pooling",TRUE,TRUE,0.804195804195804,0.0557083333333333,0.027625
0.6,0.25,0.48,0.1,0.306666666666667,0.348,0.44,0.16,"low_only_plus_pooling",TRUE,TRUE,0.826173826173826,0.0543333333333333,0.029
0.65,0.25,0.48,0.1,0.306666666666667,0.3645,0.445,0.160833333333333,"low_only_plus_pooling",TRUE,TRUE,0.847152847152847,0.0529583333333333,0.030375
0.7,0.25,0.48,0.1,0.306666666666667,0.381,0.45,0.161666666666667,"low_only_plus_pooling",TRUE,TRUE,0.869130869130869,0.0515833333333333,0.03175
0.75,0.25,0.48,0.1,0.306666666666667,0.3975,0.455,0.1625,"low_only_plus_pooling",TRUE,TRUE,0.891108891108891,0.0502083333333333,0.033125
0.8,0.25,0.48,0.1,0.306666666666667,0.414,0.46,0.163333333333333,"delay_plus_pooling",TRUE,TRUE,0.812187812187812,0.05,0.0333333333333333
0.85,0.25,0.48,0.1,0.306666666666667,0.4305,0.465,0.164166666666667,"delay_plus_pooling",TRUE,TRUE,0.773226773226773,0.053125,0.0302083333333333
0.9,0.25,0.48,0.1,0.306666666666667,0.447,0.47,0.165,"delay_plus_pooling",TRUE,TRUE,0.741258741258741,0.05625,0.0270833333333333
0.45,0.3,0.53,0.1,0.328571428571429,0.3485,0.475,0.2075,"low_only_plus_pooling",TRUE,TRUE,0.76023976023976,0.0542916666666667,0.0290416666666667
0.5,0.3,0.53,0.1,0.328571428571429,0.365,0.48,0.208333333333333,"low_only_plus_pooling",TRUE,TRUE,0.782217782217782,0.0529166666666667,0.0304166666666667
0.55,0.3,0.53,0.1,0.328571428571429,0.3815,0.485,0.209166666666667,"low_only_plus_pooling",TRUE,TRUE,0.804195804195804,0.0515416666666667,0.0317916666666667
0.6,0.3,0.53,0.1,0.328571428571429,0.398,0.49,0.21,"low_only_plus_pooling",TRUE,TRUE,0.826173826173826,0.0501666666666667,0.0331666666666667
0.65,0.3,0.53,0.1,0.328571428571429,0.4145,0.495,0.210833333333333,"low_only_plus_pooling",TRUE,TRUE,0.847152847152847,0.0487916666666667,0.0345416666666667
0.7,0.3,0.53,0.1,0.328571428571429,0.431,0.5,0.211666666666667,"low_only_plus_pooling",TRUE,TRUE,0.869130869130869,0.0474166666666667,0.0359166666666667
0.75,0.3,0.53,0.1,0.328571428571429,0.4475,0.505,0.2125,"low_only_plus_pooling",TRUE,TRUE,0.891108891108891,0.0460416666666667,0.0372916666666667
0.8,0.3,0.53,0.1,0.328571428571429,0.464,0.51,0.213333333333333,"delay_plus_pooling",TRUE,TRUE,0.787212787212787,0.0466666666666667,0.0366666666666667
0.85,0.3,0.53,0.1,0.328571428571429,0.4805,0.515,0.214166666666667,"delay_plus_pooling",TRUE,TRUE,0.749250749250749,0.0495833333333333,0.03375
0.9,0.3,0.53,0.1,0.328571428571429,0.497,0.52,0.215,"delay_plus_pooling",TRUE,TRUE,0.717282717282717,0.0525,0.0308333333333333
0.45,0.35,0.58,0.1,0.353846153846154,0.3985,0.525,0.2575,"low_only_plus_pooling",TRUE,TRUE,0.76023976023976,0.050125,0.0332083333333333
0.5,0.35,0.58,0.1,0.353846153846154,0.415,0.53,0.258333333333333,"low_only_plus_pooling",TRUE,TRUE,0.782217782217782,0.04875,0.0345833333333333
0.55,0.35,0.58,0.1,0.353846153846154,0.4315,0.535,0.259166666666667,"low_only_plus_pooling",TRUE,TRUE,0.804195804195804,0.047375,0.0359583333333333
0.6,0.35,0.58,0.1,0.353846153846154,0.448,0.54,0.26,"low_only_plus_pooling",TRUE,TRUE,0.826173826173826,0.046,0.0373333333333333
0.65,0.35,0.58,0.1,0.353846153846154,0.4645,0.545,0.260833333333333,"low_only_plus_pooling",TRUE,TRUE,0.847152847152847,0.044625,0.0387083333333333
0.7,0.35,0.58,0.1,0.353846153846154,0.481,0.55,0.261666666666667,"low_only_plus_pooling",TRUE,TRUE,0.869130869130869,0.04325,0.0400833333333333
0.75,0.35,0.58,0.1,0.353846153846154,0.4975,0.555,0.2625,"low_only_plus_pooling",TRUE,TRUE,0.891108891108891,0.041875,0.0414583333333333
0.8,0.35,0.58,0.1,0.353846153846154,0.514,0.56,0.263333333333333,"delay_plus_pooling",TRUE,TRUE,0.759240759240759,0.0433333333333333,0.04
0.85,0.35,0.58,0.1,0.353846153846154,0.5305,0.565,0.264166666666667,"delay_plus_pooling",TRUE,TRUE,0.721278721278721,0.0460416666666667,0.0372916666666667
0.9,0.35,0.58,0.1,0.353846153846154,0.547,0.57,0.265,"delay_plus_pooling",TRUE,TRUE,0.691308691308691,0.04875,0.0345833333333333
0.45,0.4,0.63,0.1,0.383333333333333,0.4485,0.575,0.3075,"low_only_plus_pooling",TRUE,TRUE,0.76023976023976,0.0459583333333333,0.037375
0.5,0.4,0.63,0.1,0.383333333333333,0.465,0.58,0.308333333333333,"low_only_plus_pooling",TRUE,TRUE,0.782217782217782,0.0445833333333333,0.03875
0.55,0.4,0.63,0.1,0.383333333333333,0.4815,0.585,0.309166666666667,"low_only_plus_pooling",TRUE,TRUE,0.804195804195804,0.0432083333333333,0.040125
0.6,0.4,0.63,0.1,0.383333333333333,0.498,0.59,0.31,"low_only_plus_pooling",TRUE,TRUE,0.826173826173826,0.0418333333333333,0.0415
0.65,0.4,0.63,0.1,0.383333333333333,0.5145,0.595,0.310833333333333,"low_only_plus_pooling",TRUE,TRUE,0.847152847152847,0.0404583333333333,0.042875
0.7,0.4,0.63,0.1,0.383333333333333,0.531,0.6,0.311666666666667,"low_only_plus_pooling",TRUE,TRUE,0.869130869130869,0.0390833333333333,0.04425
0.75,0.4,0.63,0.1,0.383333333333333,0.5475,0.605,0.3125,"low_only_plus_pooling",TRUE,TRUE,0.891108891108891,0.0377083333333333,0.045625
0.8,0.4,0.63,0.1,0.383333333333333,0.564,0.61,0.313333333333333,"delay_plus_pooling",TRUE,TRUE,0.725274725274725,0.04,0.0433333333333333
0.85,0.4,0.63,0.1,0.383333333333333,0.5805,0.615,0.314166666666667,"delay_plus_pooling",TRUE,TRUE,0.688311688311688,0.0425,0.0408333333333333
0.9,0.4,0.63,0.1,0.383333333333333,0.597,0.62,0.315,"delay_plus_pooling",TRUE,TRUE,0.659340659340659,0.045,0.0383333333333333
0.45,0.1,0.36,0.1,0.288888888888889,0.162,0.305,0.0075,"low_only_plus_pooling",TRUE,TRUE,0.788211788211788,0.0698333333333333,0.0135
0.5,0.1,0.36,0.1,0.288888888888889,0.18,0.31,0.00833333333333334,"low_only_plus_pooling",TRUE,TRUE,0.807192807192807,0.0683333333333333,0.015
0.55,0.1,0.36,0.1,0.288888888888889,0.198,0.315,0.00916666666666667,"low_only_plus_pooling",TRUE,TRUE,0.826173826173826,0.0668333333333333,0.0165
0.6,0.1,0.36,0.1,0.288888888888889,0.216,0.32,0.01,"low_only_plus_pooling",TRUE,TRUE,0.846153846153846,0.0653333333333333,0.018
0.65,0.1,0.36,0.1,0.288888888888889,0.234,0.325,0.0108333333333333,"low_only_plus_pooling",TRUE,TRUE,0.865134865134865,0.0638333333333333,0.0195
0.7,0.1,0.36,0.1,0.288888888888889,0.252,0.33,0.0116666666666667,"low_only_plus_pooling",TRUE,TRUE,0.884115884115884,0.0623333333333333,0.021
0.75,0.1,0.36,0.1,0.288888888888889,0.27,0.335,0.0125,"low_only_plus_pooling",TRUE,TRUE,0.903096903096903,0.0608333333333333,0.0225
0.8,0.1,0.36,0.1,0.288888888888889,0.288,0.34,0.0133333333333333,"delay_plus_pooling",TRUE,TRUE,0.839160839160839,0.06,0.0233333333333333
0.85,0.1,0.36,0.1,0.288888888888889,0.306,0.345,0.0141666666666667,"delay_plus_pooling",TRUE,TRUE,0.798201798201798,0.06375,0.0195833333333333
0.9,0.1,0.36,0.1,0.288888888888889,0.324,0.35,0.015,"delay_plus_pooling",TRUE,TRUE,0.763236763236763,0.0675,0.0158333333333333
0.45,0.15,0.41,0.1,0.305882352941176,0.212,0.355,0.0575,"low_only_plus_pooling",TRUE,TRUE,0.788211788211788,0.0656666666666667,0.0176666666666667
0.5,0.15,0.41,0.1,0.305882352941176,0.23,0.36,0.0583333333333334,"low_only_plus_pooling",TRUE,TRUE,0.807192807192807,0.0641666666666667,0.0191666666666667
0.55,0.15,0.41,0.1,0.305882352941176,0.248,0.365,0.0591666666666667,"low_only_plus_pooling",TRUE,TRUE,0.826173826173826,0.0626666666666667,0.0206666666666667
0.6,0.15,0.41,0.1,0.305882352941176,0.266,0.37,0.06,"low_only_plus_pooling",TRUE,TRUE,0.846153846153846,0.0611666666666667,0.0221666666666667
0.65,0.15,0.41,0.1,0.305882352941176,0.284,0.375,0.0608333333333334,"low_only_plus_pooling",TRUE,TRUE,0.865134865134865,0.0596666666666667,0.0236666666666667
0.7,0.15,0.41,0.1,0.305882352941176,0.302,0.38,0.0616666666666667,"low_only_plus_pooling",TRUE,TRUE,0.884115884115884,0.0581666666666667,0.0251666666666667
0.75,0.15,0.41,0.1,0.305882352941176,0.32,0.385,0.0625,"low_only_plus_pooling",TRUE,TRUE,0.903096903096903,0.0566666666666667,0.0266666666666667
0.8,0.15,0.41,0.1,0.305882352941176,0.338,0.39,0.0633333333333334,"delay_plus_pooling",TRUE,TRUE,0.82017982017982,0.0566666666666667,0.0266666666666667
0.85,0.15,0.41,0.1,0.305882352941176,0.356,0.395,0.0641666666666667,"delay_plus_pooling",TRUE,TRUE,0.779220779220779,0.0602083333333333,0.023125
0.9,0.15,0.41,0.1,0.305882352941176,0.374,0.4,0.065,"delay_plus_pooling",TRUE,TRUE,0.745254745254745,0.06375,0.0195833333333333
0.45,0.2,0.46,0.1,0.325,0.262,0.405,0.1075,"low_only_plus_pooling",TRUE,TRUE,0.788211788211788,0.0615,0.0218333333333333
0.5,0.2,0.46,0.1,0.325,0.28,0.41,0.108333333333333,"low_only_plus_pooling",TRUE,TRUE,0.807192807192807,0.06,0.0233333333333333
0.55,0.2,0.46,0.1,0.325,0.298,0.415,0.109166666666667,"low_only_plus_pooling",TRUE,TRUE,0.826173826173826,0.0585,0.0248333333333333
0.6,0.2,0.46,0.1,0.325,0.316,0.42,0.11,"low_only_plus_pooling",TRUE,TRUE,0.846153846153846,0.057,0.0263333333333333
0.65,0.2,0.46,0.1,0.325,0.334,0.425,0.110833333333333,"low_only_plus_pooling",TRUE,TRUE,0.865134865134865,0.0555,0.0278333333333333
0.7,0.2,0.46,0.1,0.325,0.352,0.43,0.111666666666667,"low_only_plus_pooling",TRUE,TRUE,0.884115884115884,0.054,0.0293333333333333
0.75,0.2,0.46,0.1,0.325,0.37,0.435,0.1125,"low_only_plus_pooling",TRUE,TRUE,0.903096903096903,0.0525,0.0308333333333333
0.8,0.2,0.46,0.1,0.325,0.388,0.44,0.113333333333333,"delay_plus_pooling",TRUE,TRUE,0.797202797202797,0.0533333333333333,0.03
0.85,0.2,0.46,0.1,0.325,0.406,0.445,0.114166666666667,"delay_plus_pooling",TRUE,TRUE,0.758241758241758,0.0566666666666667,0.0266666666666667
0.9,0.2,0.46,0.1,0.325,0.424,0.45,0.115,"delay_plus_pooling",TRUE,TRUE,0.724275724275724,0.06,0.0233333333333333
0.45,0.25,0.51,0.1,0.346666666666667,0.312,0.455,0.1575,"low_only_plus_pooling",TRUE,TRUE,0.788211788211788,0.0573333333333333,0.026
0.5,0.25,0.51,0.1,0.346666666666667,0.33,0.46,0.158333333333333,"low_only_plus_pooling",TRUE,TRUE,0.807192807192807,0.0558333333333333,0.0275
0.55,0.25,0.51,0.1,0.346666666666667,0.348,0.465,0.159166666666667,"low_only_plus_pooling",TRUE,TRUE,0.826173826173826,0.0543333333333333,0.029
0.6,0.25,0.51,0.1,0.346666666666667,0.366,0.47,0.16,"low_only_plus_pooling",TRUE,TRUE,0.846153846153846,0.0528333333333333,0.0305
0.65,0.25,0.51,0.1,0.346666666666667,0.384,0.475,0.160833333333333,"low_only_plus_pooling",TRUE,TRUE,0.865134865134865,0.0513333333333333,0.032
0.7,0.25,0.51,0.1,0.346666666666667,0.402,0.48,0.161666666666667,"low_only_plus_pooling",TRUE,TRUE,0.884115884115884,0.0498333333333333,0.0335
0.75,0.25,0.51,0.1,0.346666666666667,0.42,0.485,0.1625,"low_only_plus_pooling",TRUE,TRUE,0.903096903096903,0.0483333333333333,0.035
0.8,0.25,0.51,0.1,0.346666666666667,0.438,0.49,0.163333333333333,"delay_plus_pooling",TRUE,TRUE,0.772227772227772,0.05,0.0333333333333333
0.85,0.25,0.51,0.1,0.346666666666667,0.456,0.495,0.164166666666667,"delay_plus_pooling",TRUE,TRUE,0.734265734265734,0.053125,0.0302083333333333
0.9,0.25,0.51,0.1,0.346666666666667,0.474,0.5,0.165,"delay_plus_pooling",TRUE,TRUE,0.701298701298701,0.05625,0.0270833333333333
0.45,0.3,0.56,0.1,0.371428571428571,0.362,0.505,0.2075,"low_only_plus_pooling",TRUE,TRUE,0.788211788211788,0.0531666666666667,0.0301666666666667
0.5,0.3,0.56,0.1,0.371428571428571,0.38,0.51,0.208333333333333,"low_only_plus_pooling",TRUE,TRUE,0.807192807192807,0.0516666666666667,0.0316666666666667
0.55,0.3,0.56,0.1,0.371428571428571,0.398,0.515,0.209166666666667,"low_only_plus_pooling",TRUE,TRUE,0.826173826173826,0.0501666666666667,0.0331666666666667
0.6,0.3,0.56,0.1,0.371428571428571,0.416,0.52,0.21,"low_only_plus_pooling",TRUE,TRUE,0.846153846153846,0.0486666666666667,0.0346666666666667
0.65,0.3,0.56,0.1,0.371428571428571,0.434,0.525,0.210833333333333,"low_only_plus_pooling",TRUE,TRUE,0.865134865134865,0.0471666666666667,0.0361666666666667
0.7,0.3,0.56,0.1,0.371428571428571,0.452,0.53,0.211666666666667,"low_only_plus_pooling",TRUE,TRUE,0.884115884115884,0.0456666666666667,0.0376666666666667
0.75,0.3,0.56,0.1,0.371428571428571,0.47,0.535,0.2125,"low_only_plus_pooling",TRUE,TRUE,0.903096903096903,0.0441666666666667,0.0391666666666667
0.8,0.3,0.56,0.1,0.371428571428571,0.488,0.54,0.213333333333333,"delay_plus_pooling",TRUE,TRUE,0.744255744255744,0.0466666666666667,0.0366666666666667
0.85,0.3,0.56,0.1,0.371428571428571,0.506,0.545,0.214166666666667,"delay_plus_pooling",TRUE,TRUE,0.706293706293706,0.0495833333333333,0.03375
0.9,0.3,0.56,0.1,0.371428571428571,0.524,0.55,0.215,"delay_plus_pooling",TRUE,TRUE,0.675324675324675,0.0525,0.0308333333333333
0.45,0.35,0.61,0.1,0.4,0.412,0.555,0.2575,"low_only_plus_pooling",TRUE,TRUE,0.788211788211788,0.049,0.0343333333333333
0.5,0.35,0.61,0.1,0.4,0.43,0.56,0.258333333333333,"low_only_plus_pooling",TRUE,TRUE,0.807192807192807,0.0475,0.0358333333333333
0.55,0.35,0.61,0.1,0.4,0.448,0.565,0.259166666666667,"low_only_plus_pooling",TRUE,TRUE,0.826173826173826,0.046,0.0373333333333333
0.6,0.35,0.61,0.1,0.4,0.466,0.57,0.26,"low_only_plus_pooling",TRUE,TRUE,0.846153846153846,0.0445,0.0388333333333333
0.65,0.35,0.61,0.1,0.4,0.484,0.575,0.260833333333333,"low_only_plus_pooling",TRUE,TRUE,0.865134865134865,0.043,0.0403333333333333
0.7,0.35,0.61,0.1,0.4,0.502,0.58,0.261666666666667,"low_only_plus_pooling",TRUE,TRUE,0.884115884115884,0.0415,0.0418333333333333
0.75,0.35,0.61,0.1,0.4,0.52,0.585,0.2625,"delay_plus_pooling",TRUE,TRUE,0.754245754245754,0.040625,0.0427083333333333
0.8,0.35,0.61,0.1,0.4,0.538,0.59,0.263333333333333,"delay_plus_pooling",TRUE,TRUE,0.711288711288711,0.0433333333333333,0.04
0.85,0.35,0.61,0.1,0.4,0.556,0.595,0.264166666666667,"delay_plus_pooling",TRUE,TRUE,0.675324675324675,0.0460416666666667,0.0372916666666667
0.9,0.35,0.61,0.1,0.4,0.574,0.6,0.265,"delay_plus_pooling",TRUE,TRUE,0.644355644355644,0.04875,0.0345833333333333
0.45,0.4,0.66,0.1,0.433333333333333,0.462,0.605,0.3075,"low_only_plus_pooling",TRUE,TRUE,0.788211788211788,0.0448333333333333,0.0385
0.5,0.4,0.66,0.1,0.433333333333333,0.48,0.61,0.308333333333333,"low_only_plus_pooling",TRUE,TRUE,0.807192807192807,0.0433333333333333,0.04
0.55,0.4,0.66,0.1,0.433333333333333,0.498,0.615,0.309166666666667,"low_only_plus_pooling",TRUE,TRUE,0.826173826173826,0.0418333333333333,0.0415
0.6,0.4,0.66,0.1,0.433333333333333,0.516,0.62,0.31,"low_only_plus_pooling",TRUE,TRUE,0.846153846153846,0.0403333333333333,0.043
0.65,0.4,0.66,0.1,0.433333333333333,0.534,0.625,0.310833333333333,"low_only_plus_pooling",TRUE,TRUE,0.865134865134865,0.0388333333333333,0.0445
0.7,0.4,0.66,0.1,0.433333333333333,0.552,0.63,0.311666666666667,"low_only_plus_pooling",TRUE,TRUE,0.884115884115884,0.0373333333333333,0.046
0.75,0.4,0.66,0.1,0.433333333333333,0.57,0.635,0.3125,"delay_plus_pooling",TRUE,TRUE,0.714285714285714,0.0375,0.0458333333333333
0.8,0.4,0.66,0.1,0.433333333333333,0.588,0.64,0.313333333333333,"delay_plus_pooling",TRUE,TRUE,0.672327672327672,0.04,0.0433333333333333
0.85,0.4,0.66,0.1,0.433333333333333,0.606,0.645,0.314166666666667,"delay_plus_pooling",TRUE,TRUE,0.638361638361638,0.0425,0.0408333333333333
0.9,0.4,0.66,0.1,0.433333333333333,0.624,0.65,0.315,"delay_plus_pooling",TRUE,TRUE,0.609390609390609,0.045,0.0383333333333333
0.45,0.1,0.39,0.1,0.322222222222222,0.1755,0.335,0.0075,"low_only_plus_pooling",TRUE,TRUE,0.81018981018981,0.0687083333333333,0.014625
0.5,0.1,0.39,0.1,0.322222222222222,0.195,0.34,0.00833333333333334,"low_only_plus_pooling",TRUE,TRUE,0.827172827172827,0.0670833333333333,0.01625
0.55,0.1,0.39,0.1,0.322222222222222,0.2145,0.345,0.00916666666666667,"low_only_plus_pooling",TRUE,TRUE,0.844155844155844,0.0654583333333333,0.017875
0.6,0.1,0.39,0.1,0.322222222222222,0.234,0.35,0.01,"low_only_plus_pooling",TRUE,TRUE,0.862137862137862,0.0638333333333333,0.0195
0.65,0.1,0.39,0.1,0.322222222222222,0.2535,0.355,0.0108333333333333,"low_only_plus_pooling",TRUE,TRUE,0.879120879120879,0.0622083333333333,0.021125
0.7,0.1,0.39,0.1,0.322222222222222,0.273,0.36,0.0116666666666667,"low_only_plus_pooling",TRUE,TRUE,0.896103896103896,0.0605833333333333,0.02275
0.75,0.1,0.39,0.1,0.322222222222222,0.2925,0.365,0.0125,"low_only_plus_pooling",TRUE,TRUE,0.913086913086913,0.0589583333333333,0.024375
0.8,0.1,0.39,0.1,0.322222222222222,0.312,0.37,0.0133333333333333,"delay_plus_pooling",TRUE,TRUE,0.805194805194805,0.06,0.0233333333333333
0.85,0.1,0.39,0.1,0.322222222222222,0.3315,0.375,0.0141666666666667,"delay_plus_pooling",TRUE,TRUE,0.764235764235764,0.06375,0.0195833333333333
0.9,0.1,0.39,0.1,0.322222222222222,0.351,0.38,0.015,"delay_plus_pooling",TRUE,TRUE,0.73026973026973,0.0675,0.0158333333333333
0.45,0.15,0.44,0.1,0.341176470588235,0.2255,0.385,0.0575,"low_only_plus_pooling",TRUE,TRUE,0.81018981018981,0.0645416666666667,0.0187916666666667
0.5,0.15,0.44,0.1,0.341176470588235,0.245,0.39,0.0583333333333334,"low_only_plus_pooling",TRUE,TRUE,0.827172827172827,0.0629166666666667,0.0204166666666667
0.55,0.15,0.44,0.1,0.341176470588235,0.2645,0.395,0.0591666666666667,"low_only_plus_pooling",TRUE,TRUE,0.844155844155844,0.0612916666666667,0.0220416666666667
0.6,0.15,0.44,0.1,0.341176470588235,0.284,0.4,0.06,"low_only_plus_pooling",TRUE,TRUE,0.862137862137862,0.0596666666666667,0.0236666666666667
0.65,0.15,0.44,0.1,0.341176470588235,0.3035,0.405,0.0608333333333334,"low_only_plus_pooling",TRUE,TRUE,0.879120879120879,0.0580416666666667,0.0252916666666667
0.7,0.15,0.44,0.1,0.341176470588235,0.323,0.41,0.0616666666666667,"low_only_plus_pooling",TRUE,TRUE,0.896103896103896,0.0564166666666667,0.0269166666666667
0.75,0.15,0.44,0.1,0.341176470588235,0.3425,0.415,0.0625,"low_only_plus_pooling",TRUE,TRUE,0.913086913086913,0.0547916666666667,0.0285416666666667
0.8,0.15,0.44,0.1,0.341176470588235,0.362,0.42,0.0633333333333334,"delay_plus_pooling",TRUE,TRUE,0.783216783216783,0.0566666666666667,0.0266666666666667
0.85,0.15,0.44,0.1,0.341176470588235,0.3815,0.425,0.0641666666666667,"delay_plus_pooling",TRUE,TRUE,0.743256743256743,0.0602083333333333,0.023125
0.9,0.15,0.44,0.1,0.341176470588235,0.401,0.43,0.065,"delay_plus_pooling",TRUE,TRUE,0.71028971028971,0.06375,0.0195833333333333
0.45,0.2,0.49,0.1,0.3625,0.2755,0.435,0.1075,"low_only_plus_pooling",TRUE,TRUE,0.81018981018981,0.060375,0.0229583333333333
0.5,0.2,0.49,0.1,0.3625,0.295,0.44,0.108333333333333,"low_only_plus_pooling",TRUE,TRUE,0.827172827172827,0.05875,0.0245833333333333
0.55,0.2,0.49,0.1,0.3625,0.3145,0.445,0.109166666666667,"low_only_plus_pooling",TRUE,TRUE,0.844155844155844,0.057125,0.0262083333333333
0.6,0.2,0.49,0.1,0.3625,0.334,0.45,0.11,"low_only_plus_pooling",TRUE,TRUE,0.862137862137862,0.0555,0.0278333333333333
0.65,0.2,0.49,0.1,0.3625,0.3535,0.455,0.110833333333333,"low_only_plus_pooling",TRUE,TRUE,0.879120879120879,0.053875,0.0294583333333333
0.7,0.2,0.49,0.1,0.3625,0.373,0.46,0.111666666666667,"low_only_plus_pooling",TRUE,TRUE,0.896103896103896,0.05225,0.0310833333333333
0.75,0.2,0.49,0.1,0.3625,0.3925,0.465,0.1125,"low_only_plus_pooling",TRUE,TRUE,0.913086913086913,0.050625,0.0327083333333333
0.8,0.2,0.49,0.1,0.3625,0.412,0.47,0.113333333333333,"delay_plus_pooling",TRUE,TRUE,0.759240759240759,0.0533333333333333,0.03
0.85,0.2,0.49,0.1,0.3625,0.4315,0.475,0.114166666666667,"delay_plus_pooling",TRUE,TRUE,0.72027972027972,0.0566666666666667,0.0266666666666667
0.9,0.2,0.49,0.1,0.3625,0.451,0.48,0.115,"delay_plus_pooling",TRUE,TRUE,0.687312687312687,0.06,0.0233333333333333
0.45,0.25,0.54,0.1,0.386666666666667,0.3255,0.485,0.1575,"low_only_plus_pooling",TRUE,TRUE,0.81018981018981,0.0562083333333333,0.027125
0.5,0.25,0.54,0.1,0.386666666666667,0.345,0.49,0.158333333333333,"low_only_plus_pooling",TRUE,TRUE,0.827172827172827,0.0545833333333333,0.02875
0.55,0.25,0.54,0.1,0.386666666666667,0.3645,0.495,0.159166666666667,"low_only_plus_pooling",TRUE,TRUE,0.844155844155844,0.0529583333333333,0.030375
0.6,0.25,0.54,0.1,0.386666666666667,0.384,0.5,0.16,"low_only_plus_pooling",TRUE,TRUE,0.862137862137862,0.0513333333333333,0.032
0.65,0.25,0.54,0.1,0.386666666666667,0.4035,0.505,0.160833333333333,"low_only_plus_pooling",TRUE,TRUE,0.879120879120879,0.0497083333333333,0.033625
0.7,0.25,0.54,0.1,0.386666666666667,0.423,0.51,0.161666666666667,"low_only_plus_pooling",TRUE,TRUE,0.896103896103896,0.0480833333333333,0.03525
0.75,0.25,0.54,0.1,0.386666666666667,0.4425,0.515,0.1625,"delay_plus_pooling",TRUE,TRUE,0.775224775224775,0.046875,0.0364583333333333
0.8,0.25,0.54,0.1,0.386666666666667,0.462,0.52,0.163333333333333,"delay_plus_pooling",TRUE,TRUE,0.73026973026973,0.05,0.0333333333333333
0.85,0.25,0.54,0.1,0.386666666666667,0.4815,0.525,0.164166666666667,"delay_plus_pooling",TRUE,TRUE,0.693306693306693,0.053125,0.0302083333333333
0.9,0.25,0.54,0.1,0.386666666666667,0.501,0.53,0.165,"delay_plus_pooling",TRUE,TRUE,0.661338661338661,0.05625,0.0270833333333333
0.45,0.3,0.59,0.1,0.414285714285714,0.3755,0.535,0.2075,"low_only_plus_pooling",TRUE,TRUE,0.81018981018981,0.0520416666666667,0.0312916666666667
0.5,0.3,0.59,0.1,0.414285714285714,0.395,0.54,0.208333333333333,"low_only_plus_pooling",TRUE,TRUE,0.827172827172827,0.0504166666666667,0.0329166666666667
0.55,0.3,0.59,0.1,0.414285714285714,0.4145,0.545,0.209166666666667,"low_only_plus_pooling",TRUE,TRUE,0.844155844155844,0.0487916666666667,0.0345416666666667
0.6,0.3,0.59,0.1,0.414285714285714,0.434,0.55,0.21,"low_only_plus_pooling",TRUE,TRUE,0.862137862137862,0.0471666666666667,0.0361666666666667
0.65,0.3,0.59,0.1,0.414285714285714,0.4535,0.555,0.210833333333333,"low_only_plus_pooling",TRUE,TRUE,0.879120879120879,0.0455416666666667,0.0377916666666667
0.7,0.3,0.59,0.1,0.414285714285714,0.473,0.56,0.211666666666667,"low_only_plus_pooling",TRUE,TRUE,0.896103896103896,0.0439166666666667,0.0394166666666667
0.75,0.3,0.59,0.1,0.414285714285714,0.4925,0.565,0.2125,"delay_plus_pooling",TRUE,TRUE,0.741258741258741,0.04375,0.0395833333333333
0.8,0.3,0.59,0.1,0.414285714285714,0.512,0.57,0.213333333333333,"delay_plus_pooling",TRUE,TRUE,0.698301698301698,0.0466666666666667,0.0366666666666667
0.85,0.3,0.59,0.1,0.414285714285714,0.5315,0.575,0.214166666666667,"delay_plus_pooling",TRUE,TRUE,0.662337662337662,0.0495833333333333,0.03375
0.9,0.3,0.59,0.1,0.414285714285714,0.551,0.58,0.215,"delay_plus_pooling",TRUE,TRUE,0.631368631368631,0.0525,0.0308333333333333
0.45,0.35,0.64,0.1,0.446153846153846,0.4255,0.585,0.2575,"low_only_plus_pooling",TRUE,TRUE,0.81018981018981,0.047875,0.0354583333333333
0.5,0.35,0.64,0.1,0.446153846153846,0.445,0.59,0.258333333333333,"low_only_plus_pooling",TRUE,TRUE,0.827172827172827,0.04625,0.0370833333333333
0.55,0.35,0.64,0.1,0.446153846153846,0.4645,0.595,0.259166666666667,"low_only_plus_pooling",TRUE,TRUE,0.844155844155844,0.044625,0.0387083333333333
0.6,0.35,0.64,0.1,0.446153846153846,0.484,0.6,0.26,"low_only_plus_pooling",TRUE,TRUE,0.862137862137862,0.043,0.0403333333333333
0.65,0.35,0.64,0.1,0.446153846153846,0.5035,0.605,0.260833333333333,"low_only_plus_pooling",TRUE,TRUE,0.879120879120879,0.041375,0.0419583333333333
0.7,0.35,0.64,0.1,0.446153846153846,0.523,0.61,0.261666666666667,"low_only_plus_pooling",TRUE,TRUE,0.896103896103896,0.03975,0.0435833333333333
0.75,0.35,0.64,0.1,0.446153846153846,0.5425,0.615,0.2625,"delay_plus_pooling",TRUE,TRUE,0.702297702297702,0.040625,0.0427083333333333
0.8,0.35,0.64,0.1,0.446153846153846,0.562,0.62,0.263333333333333,"delay_plus_pooling",TRUE,TRUE,0.661338661338661,0.0433333333333333,0.04
0.85,0.35,0.64,0.1,0.446153846153846,0.5815,0.625,0.264166666666667,"delay_plus_pooling",TRUE,TRUE,0.626373626373626,0.0460416666666667,0.0372916666666667
0.9,0.35,0.64,0.1,0.446153846153846,0.601,0.63,0.265,"delay_plus_pooling",TRUE,TRUE,0.597402597402597,0.04875,0.0345833333333333
0.45,0.4,0.69,0.1,0.483333333333333,0.4755,0.635,0.3075,"low_only_plus_pooling",TRUE,TRUE,0.81018981018981,0.0437083333333333,0.039625
0.5,0.4,0.69,0.1,0.483333333333333,0.495,0.64,0.308333333333333,"low_only_plus_pooling",TRUE,TRUE,0.827172827172827,0.0420833333333333,0.04125
0.55,0.4,0.69,0.1,0.483333333333333,0.5145,0.645,0.309166666666667,"low_only_plus_pooling",TRUE,TRUE,0.844155844155844,0.0404583333333333,0.042875
0.6,0.4,0.69,0.1,0.483333333333333,0.534,0.65,0.31,"low_only_plus_pooling",TRUE,TRUE,0.862137862137862,0.0388333333333333,0.0445
0.65,0.4,0.69,0.1,0.483333333333333,0.5535,0.655,0.310833333333333,"low_only_plus_pooling",TRUE,TRUE,0.879120879120879,0.0372083333333333,0.046125
0.7,0.4,0.69,0.1,0.483333333333333,0.573,0.66,0.311666666666667,"low_only_plus_pooling",TRUE,TRUE,0.896103896103896,0.0355833333333333,0.04775
0.75,0.4,0.69,0.1,0.483333333333333,0.5925,0.665,0.3125,"delay_plus_pooling",TRUE,TRUE,0.657342657342657,0.0375,0.0458333333333333
0.8,0.4,0.69,0.1,0.483333333333333,0.612,0.67,0.313333333333333,"delay_plus_pooling",TRUE,TRUE,0.618381618381618,0.04,0.0433333333333333
0.85,0.4,0.69,0.1,0.483333333333333,0.6315,0.675,0.314166666666667,"delay_plus_pooling",TRUE,TRUE,0.585414585414585,0.0425,0.0408333333333333
0.9,0.4,0.69,0.1,0.483333333333333,0.651,0.68,0.315,"delay_plus_pooling",TRUE,TRUE,0.557442557442557,0.045,0.0383333333333333
0.45,0.1,0.42,0.1,0.355555555555556,0.189,0.365,0.0075,"low_only_plus_pooling",TRUE,TRUE,0.828171828171828,0.0675833333333333,0.01575
0.5,0.1,0.42,0.1,0.355555555555556,0.21,0.37,0.00833333333333334,"low_only_plus_pooling",TRUE,TRUE,0.843156843156843,0.0658333333333333,0.0175
0.55,0.1,0.42,0.1,0.355555555555556,0.231,0.375,0.00916666666666667,"low_only_plus_pooling",TRUE,TRUE,0.859140859140859,0.0640833333333333,0.01925
0.6,0.1,0.42,0.1,0.355555555555556,0.252,0.38,0.01,"low_only_plus_pooling",TRUE,TRUE,0.874125874125874,0.0623333333333333,0.021
0.65,0.1,0.42,0.1,0.355555555555556,0.273,0.385,0.0108333333333333,"low_only_plus_pooling",TRUE,TRUE,0.89010989010989,0.0605833333333333,0.02275
0.7,0.1,0.42,0.1,0.355555555555556,0.294,0.39,0.0116666666666667,"low_only_plus_pooling",TRUE,TRUE,0.906093906093906,0.0588333333333333,0.0245
0.75,0.1,0.42,0.1,0.355555555555556,0.315,0.395,0.0125,"low_only_plus_pooling",TRUE,TRUE,0.921078921078921,0.0570833333333333,0.02625
0.8,0.1,0.42,0.1,0.355555555555556,0.336,0.4,0.0133333333333333,"delay_plus_pooling",TRUE,TRUE,0.77022977022977,0.06,0.0233333333333333
0.85,0.1,0.42,0.1,0.355555555555556,0.357,0.405,0.0141666666666667,"delay_plus_pooling",TRUE,TRUE,0.73026973026973,0.06375,0.0195833333333333
0.9,0.1,0.42,0.1,0.355555555555556,0.378,0.41,0.015,"delay_plus_pooling",TRUE,TRUE,0.696303696303696,0.0675,0.0158333333333333
0.45,0.15,0.47,0.1,0.376470588235294,0.239,0.415,0.0575,"low_only_plus_pooling",TRUE,TRUE,0.828171828171828,0.0634166666666667,0.0199166666666667
0.5,0.15,0.47,0.1,0.376470588235294,0.26,0.42,0.0583333333333334,"low_only_plus_pooling",TRUE,TRUE,0.843156843156843,0.0616666666666667,0.0216666666666667
0.55,0.15,0.47,0.1,0.376470588235294,0.281,0.425,0.0591666666666667,"low_only_plus_pooling",TRUE,TRUE,0.859140859140859,0.0599166666666667,0.0234166666666667
0.6,0.15,0.47,0.1,0.376470588235294,0.302,0.43,0.06,"low_only_plus_pooling",TRUE,TRUE,0.874125874125874,0.0581666666666667,0.0251666666666667
0.65,0.15,0.47,0.1,0.376470588235294,0.323,0.435,0.0608333333333334,"low_only_plus_pooling",TRUE,TRUE,0.89010989010989,0.0564166666666667,0.0269166666666667
0.7,0.15,0.47,0.1,0.376470588235294,0.344,0.44,0.0616666666666667,"low_only_plus_pooling",TRUE,TRUE,0.906093906093906,0.0546666666666667,0.0286666666666667
0.75,0.15,0.47,0.1,0.376470588235294,0.365,0.445,0.0625,"all_three",TRUE,TRUE,0.85014985014985,0.053125,0.0302083333333333
0.8,0.15,0.47,0.1,0.376470588235294,0.386,0.45,0.0633333333333334,"delay_plus_pooling",TRUE,TRUE,0.745254745254745,0.0566666666666667,0.0266666666666667
0.85,0.15,0.47,0.1,0.376470588235294,0.407,0.455,0.0641666666666667,"delay_plus_pooling",TRUE,TRUE,0.707292707292707,0.0602083333333333,0.023125
0.9,0.15,0.47,0.1,0.376470588235294,0.428,0.46,0.065,"delay_plus_pooling",TRUE,TRUE,0.673326673326673,0.06375,0.0195833333333333
0.45,0.2,0.52,0.1,0.4,0.289,0.465,0.1075,"low_only_plus_pooling",TRUE,TRUE,0.828171828171828,0.05925,0.0240833333333333
0.5,0.2,0.52,0.1,0.4,0.31,0.47,0.108333333333333,"low_only_plus_pooling",TRUE,TRUE,0.843156843156843,0.0575,0.0258333333333333
0.55,0.2,0.52,0.1,0.4,0.331,0.475,0.109166666666667,"low_only_plus_pooling",TRUE,TRUE,0.859140859140859,0.05575,0.0275833333333333
0.6,0.2,0.52,0.1,0.4,0.352,0.48,0.11,"low_only_plus_pooling",TRUE,TRUE,0.874125874125874,0.054,0.0293333333333333
0.65,0.2,0.52,0.1,0.4,0.373,0.485,0.110833333333333,"low_only_plus_pooling",TRUE,TRUE,0.89010989010989,0.05225,0.0310833333333333
0.7,0.2,0.52,0.1,0.4,0.394,0.49,0.111666666666667,"low_only_plus_pooling",TRUE,TRUE,0.906093906093906,0.0505,0.0328333333333333
0.75,0.2,0.52,0.1,0.4,0.415,0.495,0.1125,"delay_plus_pooling",TRUE,TRUE,0.762237762237762,0.05,0.0333333333333333
0.8,0.2,0.52,0.1,0.4,0.436,0.5,0.113333333333333,"delay_plus_pooling",TRUE,TRUE,0.718281718281718,0.0533333333333333,0.03
0.85,0.2,0.52,0.1,0.4,0.457,0.505,0.114166666666667,"delay_plus_pooling",TRUE,TRUE,0.68031968031968,0.0566666666666667,0.0266666666666667
0.9,0.2,0.52,0.1,0.4,0.478,0.51,0.115,"delay_plus_pooling",TRUE,TRUE,0.648351648351648,0.06,0.0233333333333333
0.45,0.25,0.57,0.1,0.426666666666667,0.339,0.515,0.1575,"low_only_plus_pooling",TRUE,TRUE,0.828171828171828,0.0550833333333333,0.02825
0.5,0.25,0.57,0.1,0.426666666666667,0.36,0.52,0.158333333333333,"low_only_plus_pooling",TRUE,TRUE,0.843156843156843,0.0533333333333333,0.03
0.55,0.25,0.57,0.1,0.426666666666667,0.381,0.525,0.159166666666667,"low_only_plus_pooling",TRUE,TRUE,0.859140859140859,0.0515833333333333,0.03175
0.6,0.25,0.57,0.1,0.426666666666667,0.402,0.53,0.16,"low_only_plus_pooling",TRUE,TRUE,0.874125874125874,0.0498333333333333,0.0335
0.65,0.25,0.57,0.1,0.426666666666667,0.423,0.535,0.160833333333333,"low_only_plus_pooling",TRUE,TRUE,0.89010989010989,0.0480833333333333,0.03525
0.7,0.25,0.57,0.1,0.426666666666667,0.444,0.54,0.161666666666667,"low_only_plus_pooling",TRUE,TRUE,0.906093906093906,0.0463333333333333,0.037
0.75,0.25,0.57,0.1,0.426666666666667,0.465,0.545,0.1625,"delay_plus_pooling",TRUE,TRUE,0.729270729270729,0.046875,0.0364583333333333
0.8,0.25,0.57,0.1,0.426666666666667,0.486,0.55,0.163333333333333,"delay_plus_pooling",TRUE,TRUE,0.686313686313686,0.05,0.0333333333333333
0.85,0.25,0.57,0.1,0.426666666666667,0.507,0.555,0.164166666666667,"delay_plus_pooling",TRUE,TRUE,0.651348651348651,0.053125,0.0302083333333333
0.9,0.25,0.57,0.1,0.426666666666667,0.528,0.56,0.165,"delay_plus_pooling",TRUE,TRUE,0.619380619380619,0.05625,0.0270833333333333
0.45,0.3,0.62,0.1,0.457142857142857,0.389,0.565,0.2075,"low_only_plus_pooling",TRUE,TRUE,0.828171828171828,0.0509166666666667,0.0324166666666667
0.5,0.3,0.62,0.1,0.457142857142857,0.41,0.57,0.208333333333333,"low_only_plus_pooling",TRUE,TRUE,0.843156843156843,0.0491666666666667,0.0341666666666667
0.55,0.3,0.62,0.1,0.457142857142857,0.431,0.575,0.209166666666667,"low_only_plus_pooling",TRUE,TRUE,0.859140859140859,0.0474166666666667,0.0359166666666667
0.6,0.3,0.62,0.1,0.457142857142857,0.452,0.58,0.21,"low_only_plus_pooling",TRUE,TRUE,0.874125874125874,0.0456666666666667,0.0376666666666667
0.65,0.3,0.62,0.1,0.457142857142857,0.473,0.585,0.210833333333333,"low_only_plus_pooling",TRUE,TRUE,0.89010989010989,0.0439166666666667,0.0394166666666667
0.7,0.3,0.62,0.1,0.457142857142857,0.494,0.59,0.211666666666667,"low_only_plus_pooling",TRUE,TRUE,0.906093906093906,0.0421666666666667,0.0411666666666667
0.75,0.3,0.62,0.1,0.457142857142857,0.515,0.595,0.2125,"delay_plus_pooling",TRUE,TRUE,0.692307692307692,0.04375,0.0395833333333333
0.8,0.3,0.62,0.1,0.457142857142857,0.536,0.6,0.213333333333333,"delay_plus_pooling",TRUE,TRUE,0.651348651348651,0.0466666666666667,0.0366666666666667
0.85,0.3,0.62,0.1,0.457142857142857,0.557,0.605,0.214166666666667,"delay_plus_pooling",TRUE,TRUE,0.616383616383616,0.0495833333333333,0.03375
0.9,0.3,0.62,0.1,0.457142857142857,0.578,0.61,0.215,"delay_plus_pooling",TRUE,TRUE,0.587412587412587,0.0525,0.0308333333333333
0.45,0.35,0.67,0.1,0.492307692307692,0.439,0.615,0.2575,"low_only_plus_pooling",TRUE,TRUE,0.828171828171828,0.04675,0.0365833333333333
0.5,0.35,0.67,0.1,0.492307692307692,0.46,0.62,0.258333333333333,"low_only_plus_pooling",TRUE,TRUE,0.843156843156843,0.045,0.0383333333333333
0.55,0.35,0.67,0.1,0.492307692307692,0.481,0.625,0.259166666666667,"low_only_plus_pooling",TRUE,TRUE,0.859140859140859,0.04325,0.0400833333333333
0.6,0.35,0.67,0.1,0.492307692307692,0.502,0.63,0.26,"low_only_plus_pooling",TRUE,TRUE,0.874125874125874,0.0415,0.0418333333333333
0.65,0.35,0.67,0.1,0.492307692307692,0.523,0.635,0.260833333333333,"low_only_plus_pooling",TRUE,TRUE,0.89010989010989,0.03975,0.0435833333333333
0.7,0.35,0.67,0.1,0.492307692307692,0.544,0.64,0.261666666666667,"low_only_plus_pooling",TRUE,TRUE,0.906093906093906,0.038,0.0453333333333333
0.75,0.35,0.67,0.1,0.492307692307692,0.565,0.645,0.2625,"delay_plus_pooling",TRUE,TRUE,0.649350649350649,0.040625,0.0427083333333333
0.8,0.35,0.67,0.1,0.492307692307692,0.586,0.65,0.263333333333333,"delay_plus_pooling",TRUE,TRUE,0.61038961038961,0.0433333333333333,0.04
0.85,0.35,0.67,0.1,0.492307692307692,0.607,0.655,0.264166666666667,"delay_plus_pooling",TRUE,TRUE,0.577422577422577,0.0460416666666667,0.0372916666666667
0.9,0.35,0.67,0.1,0.492307692307692,0.628,0.66,0.265,"delay_plus_pooling",TRUE,TRUE,0.54945054945055,0.04875,0.0345833333333333
0.45,0.4,0.72,0.1,0.533333333333333,0.489,0.665,0.3075,"low_only_plus_pooling",TRUE,TRUE,0.828171828171828,0.0425833333333333,0.04075
0.5,0.4,0.72,0.1,0.533333333333333,0.51,0.67,0.308333333333333,"low_only_plus_pooling",TRUE,TRUE,0.843156843156843,0.0408333333333333,0.0425
0.55,0.4,0.72,0.1,0.533333333333333,0.531,0.675,0.309166666666667,"low_only_plus_pooling",TRUE,TRUE,0.859140859140859,0.0390833333333333,0.04425
0.6,0.4,0.72,0.1,0.533333333333333,0.552,0.68,0.31,"low_only_plus_pooling",TRUE,TRUE,0.874125874125874,0.0373333333333333,0.046
0.65,0.4,0.72,0.1,0.533333333333333,0.573,0.685,0.310833333333333,"low_only_plus_pooling",TRUE,TRUE,0.89010989010989,0.0355833333333333,0.04775
0.7,0.4,0.72,0.1,0.533333333333333,0.594,0.69,0.311666666666667,"delay_plus_pooling",TRUE,TRUE,0.644355644355644,0.035,0.0483333333333333
0.75,0.4,0.72,0.1,0.533333333333333,0.615,0.695,0.3125,"delay_plus_pooling",TRUE,TRUE,0.598401598401598,0.0375,0.0458333333333333
0.8,0.4,0.72,0.1,0.533333333333333,0.636,0.7,0.313333333333333,"delay_plus_pooling",TRUE,TRUE,0.561438561438561,0.04,0.0433333333333333
0.85,0.4,0.72,0.1,0.533333333333333,0.657,0.705,0.314166666666667,"delay_plus_pooling",TRUE,TRUE,0.531468531468531,0.0425,0.0408333333333333
0.9,0.4,0.72,0.1,0.533333333333333,0.678,0.71,0.315,"delay_plus_pooling",TRUE,TRUE,0.505494505494505,0.045,0.0383333333333333
0.45,0.1,0.45,0.1,0.388888888888889,0.2025,0.395,0.0075,"low_only_plus_pooling",TRUE,TRUE,0.842157842157842,0.0664583333333333,0.016875
0.5,0.1,0.45,0.1,0.388888888888889,0.225,0.4,0.00833333333333334,"low_only_plus_pooling",TRUE,TRUE,0.857142857142857,0.0645833333333333,0.01875
0.55,0.1,0.45,0.1,0.388888888888889,0.2475,0.405,0.00916666666666667,"low_only_plus_pooling",TRUE,TRUE,0.871128871128871,0.0627083333333333,0.020625
0.6,0.1,0.45,0.1,0.388888888888889,0.27,0.41,0.01,"low_only_plus_pooling",TRUE,TRUE,0.885114885114885,0.0608333333333333,0.0225
0.65,0.1,0.45,0.1,0.388888888888889,0.2925,0.415,0.0108333333333333,"low_only_plus_pooling",TRUE,TRUE,0.899100899100899,0.0589583333333333,0.024375
0.7,0.1,0.45,0.1,0.388888888888889,0.315,0.42,0.0116666666666667,"low_only_plus_pooling",TRUE,TRUE,0.914085914085914,0.0570833333333333,0.02625
0.75,0.1,0.45,0.1,0.388888888888889,0.3375,0.425,0.0125,"delay_plus_pooling",TRUE,TRUE,0.779220779220779,0.05625,0.0270833333333333
0.8,0.1,0.45,0.1,0.388888888888889,0.36,0.43,0.0133333333333333,"delay_plus_pooling",TRUE,TRUE,0.733266733266733,0.06,0.0233333333333333
0.85,0.1,0.45,0.1,0.388888888888889,0.3825,0.435,0.0141666666666667,"delay_plus_pooling",TRUE,TRUE,0.695304695304695,0.06375,0.0195833333333333
0.9,0.1,0.45,0.1,0.388888888888889,0.405,0.44,0.015,"delay_plus_pooling",TRUE,TRUE,0.662337662337662,0.0675,0.0158333333333333
0.45,0.15,0.5,0.1,0.411764705882353,0.2525,0.445,0.0575,"low_only_plus_pooling",TRUE,TRUE,0.842157842157842,0.0622916666666667,0.0210416666666667
0.5,0.15,0.5,0.1,0.411764705882353,0.275,0.45,0.0583333333333334,"low_only_plus_pooling",TRUE,TRUE,0.857142857142857,0.0604166666666667,0.0229166666666667
0.55,0.15,0.5,0.1,0.411764705882353,0.2975,0.455,0.0591666666666667,"low_only_plus_pooling",TRUE,TRUE,0.871128871128871,0.0585416666666667,0.0247916666666667
0.6,0.15,0.5,0.1,0.411764705882353,0.32,0.46,0.06,"low_only_plus_pooling",TRUE,TRUE,0.885114885114885,0.0566666666666667,0.0266666666666667
0.65,0.15,0.5,0.1,0.411764705882353,0.3425,0.465,0.0608333333333334,"low_only_plus_pooling",TRUE,TRUE,0.899100899100899,0.0547916666666667,0.0285416666666667
0.7,0.15,0.5,0.1,0.411764705882353,0.365,0.47,0.0616666666666667,"low_only_plus_pooling",TRUE,TRUE,0.914085914085914,0.0529166666666667,0.0304166666666667
0.75,0.15,0.5,0.1,0.411764705882353,0.3875,0.475,0.0625,"delay_plus_pooling",TRUE,TRUE,0.751248751248751,0.053125,0.0302083333333333
0.8,0.15,0.5,0.1,0.411764705882353,0.41,0.48,0.0633333333333334,"delay_plus_pooling",TRUE,TRUE,0.706293706293706,0.0566666666666667,0.0266666666666667
0.85,0.15,0.5,0.1,0.411764705882353,0.4325,0.485,0.0641666666666667,"delay_plus_pooling",TRUE,TRUE,0.669330669330669,0.0602083333333333,0.023125
0.9,0.15,0.5,0.1,0.411764705882353,0.455,0.49,0.065,"delay_plus_pooling",TRUE,TRUE,0.637362637362637,0.06375,0.0195833333333333
0.45,0.2,0.55,0.1,0.4375,0.3025,0.495,0.1075,"low_only_plus_pooling",TRUE,TRUE,0.842157842157842,0.058125,0.0252083333333333
0.5,0.2,0.55,0.1,0.4375,0.325,0.5,0.108333333333333,"low_only_plus_pooling",TRUE,TRUE,0.857142857142857,0.05625,0.0270833333333333
0.55,0.2,0.55,0.1,0.4375,0.3475,0.505,0.109166666666667,"low_only_plus_pooling",TRUE,TRUE,0.871128871128871,0.054375,0.0289583333333333
0.6,0.2,0.55,0.1,0.4375,0.37,0.51,0.11,"low_only_plus_pooling",TRUE,TRUE,0.885114885114885,0.0525,0.0308333333333333
0.65,0.2,0.55,0.1,0.4375,0.3925,0.515,0.110833333333333,"low_only_plus_pooling",TRUE,TRUE,0.899100899100899,0.050625,0.0327083333333333
0.7,0.2,0.55,0.1,0.4375,0.415,0.52,0.111666666666667,"low_only_plus_pooling",TRUE,TRUE,0.914085914085914,0.04875,0.0345833333333333
0.75,0.2,0.55,0.1,0.4375,0.4375,0.525,0.1125,"delay_plus_pooling",TRUE,TRUE,0.719280719280719,0.05,0.0333333333333333
0.8,0.2,0.55,0.1,0.4375,0.46,0.53,0.113333333333333,"delay_plus_pooling",TRUE,TRUE,0.676323676323676,0.0533333333333333,0.03
0.85,0.2,0.55,0.1,0.4375,0.4825,0.535,0.114166666666667,"delay_plus_pooling",TRUE,TRUE,0.64035964035964,0.0566666666666667,0.0266666666666667
0.9,0.2,0.55,0.1,0.4375,0.505,0.54,0.115,"delay_plus_pooling",TRUE,TRUE,0.609390609390609,0.06,0.0233333333333333
0.45,0.25,0.6,0.1,0.466666666666667,0.3525,0.545,0.1575,"low_only_plus_pooling",TRUE,TRUE,0.842157842157842,0.0539583333333333,0.029375
0.5,0.25,0.6,0.1,0.466666666666667,0.375,0.55,0.158333333333333,"low_only_plus_pooling",TRUE,TRUE,0.857142857142857,0.0520833333333333,0.03125
0.55,0.25,0.6,0.1,0.466666666666667,0.3975,0.555,0.159166666666667,"low_only_plus_pooling",TRUE,TRUE,0.871128871128871,0.0502083333333333,0.033125
0.6,0.25,0.6,0.1,0.466666666666667,0.42,0.56,0.16,"low_only_plus_pooling",TRUE,TRUE,0.885114885114885,0.0483333333333333,0.035
0.65,0.25,0.6,0.1,0.466666666666667,0.4425,0.565,0.160833333333333,"low_only_plus_pooling",TRUE,TRUE,0.899100899100899,0.0464583333333333,0.036875
0.7,0.25,0.6,0.1,0.466666666666667,0.465,0.57,0.161666666666667,"low_only_plus_pooling",TRUE,TRUE,0.914085914085914,0.0445833333333333,0.03875
0.75,0.25,0.6,0.1,0.466666666666667,0.4875,0.575,0.1625,"delay_plus_pooling",TRUE,TRUE,0.683316683316683,0.046875,0.0364583333333333
0.8,0.25,0.6,0.1,0.466666666666667,0.51,0.58,0.163333333333333,"delay_plus_pooling",TRUE,TRUE,0.641358641358641,0.05,0.0333333333333333
0.85,0.25,0.6,0.1,0.466666666666667,0.5325,0.585,0.164166666666667,"delay_plus_pooling",TRUE,TRUE,0.607392607392607,0.053125,0.0302083333333333
0.9,0.25,0.6,0.1,0.466666666666667,0.555,0.59,0.165,"delay_plus_pooling",TRUE,TRUE,0.578421578421578,0.05625,0.0270833333333333
0.45,0.3,0.65,0.1,0.5,0.4025,0.595,0.2075,"low_only_plus_pooling",TRUE,TRUE,0.842157842157842,0.0497916666666667,0.0335416666666667
0.5,0.3,0.65,0.1,0.5,0.425,0.6,0.208333333333333,"low_only_plus_pooling",TRUE,TRUE,0.857142857142857,0.0479166666666667,0.0354166666666667
0.55,0.3,0.65,0.1,0.5,0.4475,0.605,0.209166666666667,"low_only_plus_pooling",TRUE,TRUE,0.871128871128871,0.0460416666666667,0.0372916666666667
0.6,0.3,0.65,0.1,0.5,0.47,0.61,0.21,"low_only_plus_pooling",TRUE,TRUE,0.885114885114885,0.0441666666666667,0.0391666666666667
0.65,0.3,0.65,0.1,0.5,0.4925,0.615,0.210833333333333,"low_only_plus_pooling",TRUE,TRUE,0.899100899100899,0.0422916666666667,0.0410416666666667
0.7,0.3,0.65,0.1,0.5,0.515,0.62,0.211666666666667,"all_three",TRUE,TRUE,0.717282717282717,0.0408333333333333,0.0425
0.75,0.3,0.65,0.1,0.5,0.5375,0.625,0.2125,"delay_plus_pooling",TRUE,TRUE,0.642357642357642,0.04375,0.0395833333333333
0.8,0.3,0.65,0.1,0.5,0.56,0.63,0.213333333333333,"delay_plus_pooling",TRUE,TRUE,0.602397602397602,0.0466666666666667,0.0366666666666667
0.85,0.3,0.65,0.1,0.5,0.5825,0.635,0.214166666666667,"delay_plus_pooling",TRUE,TRUE,0.57042957042957,0.0495833333333333,0.03375
0.9,0.3,0.65,0.1,0.5,0.605,0.64,0.215,"delay_plus_pooling",TRUE,TRUE,0.542457542457542,0.0525,0.0308333333333333
0.45,0.35,0.7,0.1,0.538461538461538,0.4525,0.645,0.2575,"low_only_plus_pooling",TRUE,TRUE,0.842157842157842,0.045625,0.0377083333333333
0.5,0.35,0.7,0.1,0.538461538461538,0.475,0.65,0.258333333333333,"low_only_plus_pooling",TRUE,TRUE,0.857142857142857,0.04375,0.0395833333333333
0.55,0.35,0.7,0.1,0.538461538461538,0.4975,0.655,0.259166666666667,"low_only_plus_pooling",TRUE,TRUE,0.871128871128871,0.041875,0.0414583333333333
0.6,0.35,0.7,0.1,0.538461538461538,0.52,0.66,0.26,"low_only_plus_pooling",TRUE,TRUE,0.885114885114885,0.04,0.0433333333333333
0.65,0.35,0.7,0.1,0.538461538461538,0.5425,0.665,0.260833333333333,"low_only_plus_pooling",TRUE,TRUE,0.899100899100899,0.038125,0.0452083333333333
0.7,0.35,0.7,0.1,0.538461538461538,0.565,0.67,0.261666666666667,"delay_plus_pooling",TRUE,TRUE,0.639360639360639,0.0379166666666667,0.0454166666666667
0.75,0.35,0.7,0.1,0.538461538461538,0.5875,0.675,0.2625,"delay_plus_pooling",TRUE,TRUE,0.594405594405594,0.040625,0.0427083333333333
0.8,0.35,0.7,0.1,0.538461538461538,0.61,0.68,0.263333333333333,"delay_plus_pooling",TRUE,TRUE,0.557442557442557,0.0433333333333333,0.04
0.85,0.35,0.7,0.1,0.538461538461538,0.6325,0.685,0.264166666666667,"delay_plus_pooling",TRUE,TRUE,0.527472527472527,0.0460416666666667,0.0372916666666667
0.9,0.35,0.7,0.1,0.538461538461538,0.655,0.69,0.265,"delay_plus_pooling",TRUE,TRUE,0.500499500499501,0.04875,0.0345833333333333
0.45,0.4,0.75,0.1,0.583333333333333,0.5025,0.695,0.3075,"low_only_plus_pooling",TRUE,TRUE,0.842157842157842,0.0414583333333333,0.041875
0.5,0.4,0.75,0.1,0.583333333333333,0.525,0.7,0.308333333333333,"low_only_plus_pooling",TRUE,TRUE,0.857142857142857,0.0395833333333333,0.04375
0.55,0.4,0.75,0.1,0.583333333333333,0.5475,0.705,0.309166666666667,"low_only_plus_pooling",TRUE,TRUE,0.871128871128871,0.0377083333333333,0.045625
0.6,0.4,0.75,0.1,0.583333333333333,0.57,0.71,0.31,"low_only_plus_pooling",TRUE,TRUE,0.885114885114885,0.0358333333333333,0.0475
0.65,0.4,0.75,0.1,0.583333333333333,0.5925,0.715,0.310833333333333,"low_only_plus_pooling",TRUE,TRUE,0.899100899100899,0.0339583333333333,0.049375
0.7,0.4,0.75,0.1,0.583333333333333,0.615,0.72,0.311666666666667,"delay_plus_pooling",TRUE,TRUE,0.58041958041958,0.035,0.0483333333333333
0.75,0.4,0.75,0.1,0.583333333333333,0.6375,0.725,0.3125,"delay_plus_pooling",TRUE,TRUE,0.53946053946054,0.0375,0.0458333333333333
0.8,0.4,0.75,0.1,0.583333333333333,0.66,0.73,0.313333333333333,"delay_plus_pooling",TRUE,TRUE,0.504495504495505,0.04,0.0433333333333333
0.85,0.4,0.75,0.1,0.583333333333333,0.6825,0.735,0.314166666666667,"delay_plus_pooling",TRUE,TRUE,0.476523476523477,0.0425,0.0408333333333333
0.9,0.4,0.75,0.1,0.583333333333333,0.705,0.74,0.315,"delay_plus_pooling",TRUE,TRUE,0.452547452547453,0.045,0.0383333333333333
0.8,0.1,0.18,0.15,0.0888888888888889,0.134,0.15,0.00333333333333334,"low_only_plus_pooling",TRUE,TRUE,0.624375624375624,0.0721666666666667,0.0111666666666667
0.85,0.1,0.18,0.15,0.0888888888888889,0.1455,0.1575,0.00666666666666667,"low_only_plus_pooling",TRUE,TRUE,0.718281718281718,0.0712083333333333,0.012125
0.9,0.1,0.18,0.15,0.0888888888888889,0.157,0.165,0.01,"low_only_plus_pooling",TRUE,TRUE,0.812187812187812,0.07025,0.0130833333333333
0.45,0.15,0.23,0.15,0.0941176470588236,0.1035,0.1475,0.03,"low_only_plus_pooling",FALSE,FALSE,0,0.0747083333333333,0.00862499999999999
0.5,0.15,0.23,0.15,0.0941176470588236,0.115,0.155,0.0333333333333333,"low_only_plus_pooling",TRUE,TRUE,0.015984015984016,0.07375,0.00958333333333333
0.55,0.15,0.23,0.15,0.0941176470588236,0.1265,0.1625,0.0366666666666667,"low_only_plus_pooling",TRUE,TRUE,0.113886113886114,0.0727916666666667,0.0105416666666667
0.6,0.15,0.23,0.15,0.0941176470588236,0.138,0.17,0.04,"low_only_plus_pooling",TRUE,TRUE,0.210789210789211,0.0718333333333333,0.0115
0.65,0.15,0.23,0.15,0.0941176470588236,0.1495,0.1775,0.0433333333333333,"low_only_plus_pooling",TRUE,TRUE,0.308691308691309,0.070875,0.0124583333333333
0.7,0.15,0.23,0.15,0.0941176470588236,0.161,0.185,0.0466666666666667,"low_only_plus_pooling",TRUE,TRUE,0.437562437562438,0.0699166666666667,0.0134166666666667
0.75,0.15,0.23,0.15,0.0941176470588236,0.1725,0.1925,0.05,"low_only_plus_pooling",TRUE,TRUE,0.531468531468531,0.0689583333333333,0.014375
0.8,0.15,0.23,0.15,0.0941176470588236,0.184,0.2,0.0533333333333334,"low_only_plus_pooling",TRUE,TRUE,0.624375624375624,0.068,0.0153333333333333
0.85,0.15,0.23,0.15,0.0941176470588236,0.1955,0.2075,0.0566666666666667,"low_only_plus_pooling",TRUE,TRUE,0.718281718281718,0.0670416666666667,0.0162916666666667
0.9,0.15,0.23,0.15,0.0941176470588236,0.207,0.215,0.06,"low_only_plus_pooling",TRUE,TRUE,0.812187812187812,0.0660833333333333,0.01725
0.45,0.2,0.28,0.15,0.1,0.1535,0.1975,0.08,"low_only_plus_pooling",FALSE,FALSE,0,0.0705416666666667,0.0127916666666667
0.5,0.2,0.28,0.15,0.1,0.165,0.205,0.0833333333333333,"low_only_plus_pooling",TRUE,TRUE,0.012987012987013,0.0695833333333333,0.01375
0.55,0.2,0.28,0.15,0.1,0.1765,0.2125,0.0866666666666667,"low_only_plus_pooling",TRUE,TRUE,0.110889110889111,0.068625,0.0147083333333333
0.6,0.2,0.28,0.15,0.1,0.188,0.22,0.09,"low_only_plus_pooling",TRUE,TRUE,0.207792207792208,0.0676666666666667,0.0156666666666667
0.65,0.2,0.28,0.15,0.1,0.1995,0.2275,0.0933333333333334,"low_only_plus_pooling",TRUE,TRUE,0.306693306693307,0.0667083333333333,0.016625
0.7,0.2,0.28,0.15,0.1,0.211,0.235,0.0966666666666667,"low_only_plus_pooling",TRUE,TRUE,0.437562437562438,0.06575,0.0175833333333333
0.75,0.2,0.28,0.15,0.1,0.2225,0.2425,0.1,"low_only_plus_pooling",TRUE,TRUE,0.531468531468531,0.0647916666666667,0.0185416666666667
0.8,0.2,0.28,0.15,0.1,0.234,0.25,0.103333333333333,"low_only_plus_pooling",TRUE,TRUE,0.624375624375624,0.0638333333333333,0.0195
0.85,0.2,0.28,0.15,0.1,0.2455,0.2575,0.106666666666667,"low_only_plus_pooling",TRUE,TRUE,0.718281718281718,0.062875,0.0204583333333333
0.9,0.2,0.28,0.15,0.1,0.257,0.265,0.11,"low_only_plus_pooling",TRUE,TRUE,0.812187812187812,0.0619166666666667,0.0214166666666667
0.45,0.25,0.33,0.15,0.106666666666667,0.2035,0.2475,0.13,"low_only_plus_pooling",FALSE,FALSE,0,0.066375,0.0169583333333333
0.5,0.25,0.33,0.15,0.106666666666667,0.215,0.255,0.133333333333333,"low_only_plus_pooling",TRUE,TRUE,0.00999000999000999,0.0654166666666667,0.0179166666666667
0.55,0.25,0.33,0.15,0.106666666666667,0.2265,0.2625,0.136666666666667,"low_only_plus_pooling",TRUE,TRUE,0.107892107892108,0.0644583333333333,0.018875
0.6,0.25,0.33,0.15,0.106666666666667,0.238,0.27,0.14,"low_only_plus_pooling",TRUE,TRUE,0.205794205794206,0.0635,0.0198333333333333
0.65,0.25,0.33,0.15,0.106666666666667,0.2495,0.2775,0.143333333333333,"low_only_plus_pooling",TRUE,TRUE,0.303696303696304,0.0625416666666667,0.0207916666666667
0.7,0.25,0.33,0.15,0.106666666666667,0.261,0.285,0.146666666666667,"low_only_plus_pooling",TRUE,TRUE,0.437562437562438,0.0615833333333333,0.02175
0.75,0.25,0.33,0.15,0.106666666666667,0.2725,0.2925,0.15,"low_only_plus_pooling",TRUE,TRUE,0.531468531468531,0.060625,0.0227083333333333
0.8,0.25,0.33,0.15,0.106666666666667,0.284,0.3,0.153333333333333,"low_only_plus_pooling",TRUE,TRUE,0.624375624375624,0.0596666666666667,0.0236666666666667
0.85,0.25,0.33,0.15,0.106666666666667,0.2955,0.3075,0.156666666666667,"low_only_plus_pooling",TRUE,TRUE,0.718281718281718,0.0587083333333333,0.024625
0.9,0.25,0.33,0.15,0.106666666666667,0.307,0.315,0.16,"low_only_plus_pooling",TRUE,TRUE,0.812187812187812,0.05775,0.0255833333333333
0.45,0.3,0.38,0.15,0.114285714285714,0.2535,0.2975,0.18,"low_only_plus_pooling",FALSE,FALSE,0,0.0622083333333333,0.021125
0.5,0.3,0.38,0.15,0.114285714285714,0.265,0.305,0.183333333333333,"low_only_plus_pooling",TRUE,TRUE,0.00599400599400599,0.06125,0.0220833333333333
0.55,0.3,0.38,0.15,0.114285714285714,0.2765,0.3125,0.186666666666667,"low_only_plus_pooling",TRUE,TRUE,0.104895104895105,0.0602916666666667,0.0230416666666667
0.6,0.3,0.38,0.15,0.114285714285714,0.288,0.32,0.19,"low_only_plus_pooling",TRUE,TRUE,0.202797202797203,0.0593333333333333,0.024
0.65,0.3,0.38,0.15,0.114285714285714,0.2995,0.3275,0.193333333333333,"low_only_plus_pooling",TRUE,TRUE,0.301698301698302,0.058375,0.0249583333333333
0.7,0.3,0.38,0.15,0.114285714285714,0.311,0.335,0.196666666666667,"low_only_plus_pooling",TRUE,TRUE,0.437562437562438,0.0574166666666667,0.0259166666666667
0.75,0.3,0.38,0.15,0.114285714285714,0.3225,0.3425,0.2,"low_only_plus_pooling",TRUE,TRUE,0.531468531468531,0.0564583333333333,0.026875
0.8,0.3,0.38,0.15,0.114285714285714,0.334,0.35,0.203333333333333,"low_only_plus_pooling",TRUE,TRUE,0.624375624375624,0.0555,0.0278333333333333
0.85,0.3,0.38,0.15,0.114285714285714,0.3455,0.3575,0.206666666666667,"low_only_plus_pooling",TRUE,TRUE,0.718281718281718,0.0545416666666667,0.0287916666666667
0.9,0.3,0.38,0.15,0.114285714285714,0.357,0.365,0.21,"low_only_plus_pooling",TRUE,TRUE,0.812187812187812,0.0535833333333333,0.02975
0.45,0.35,0.43,0.15,0.123076923076923,0.3035,0.3475,0.23,"low_only_plus_pooling",FALSE,FALSE,0,0.0580416666666667,0.0252916666666667
0.5,0.35,0.43,0.15,0.123076923076923,0.315,0.355,0.233333333333333,"low_only_plus_pooling",TRUE,TRUE,0.001998001998002,0.0570833333333333,0.02625
0.55,0.35,0.43,0.15,0.123076923076923,0.3265,0.3625,0.236666666666667,"low_only_plus_pooling",TRUE,TRUE,0.100899100899101,0.056125,0.0272083333333333
0.6,0.35,0.43,0.15,0.123076923076923,0.338,0.37,0.24,"low_only_plus_pooling",TRUE,TRUE,0.198801198801199,0.0551666666666667,0.0281666666666667
0.65,0.35,0.43,0.15,0.123076923076923,0.3495,0.3775,0.243333333333333,"low_only_plus_pooling",TRUE,TRUE,0.297702297702298,0.0542083333333333,0.029125
0.7,0.35,0.43,0.15,0.123076923076923,0.361,0.385,0.246666666666667,"low_only_plus_pooling",TRUE,TRUE,0.437562437562438,0.05325,0.0300833333333333
0.75,0.35,0.43,0.15,0.123076923076923,0.3725,0.3925,0.25,"low_only_plus_pooling",TRUE,TRUE,0.531468531468531,0.0522916666666667,0.0310416666666667
0.8,0.35,0.43,0.15,0.123076923076923,0.384,0.4,0.253333333333333,"low_only_plus_pooling",TRUE,TRUE,0.624375624375624,0.0513333333333333,0.032
0.85,0.35,0.43,0.15,0.123076923076923,0.3955,0.4075,0.256666666666667,"low_only_plus_pooling",TRUE,TRUE,0.718281718281718,0.050375,0.0329583333333333
0.9,0.35,0.43,0.15,0.123076923076923,0.407,0.415,0.26,"low_only_plus_pooling",TRUE,TRUE,0.812187812187812,0.0494166666666667,0.0339166666666667
0.45,0.4,0.48,0.15,0.133333333333333,0.3535,0.3975,0.28,"low_only_plus_pooling",FALSE,FALSE,0,0.053875,0.0294583333333333
0.5,0.4,0.48,0.15,0.133333333333333,0.365,0.405,0.283333333333333,"low_only_plus_pooling",FALSE,FALSE,0,0.0529166666666667,0.0304166666666667
0.55,0.4,0.48,0.15,0.133333333333333,0.3765,0.4125,0.286666666666667,"low_only_plus_pooling",TRUE,TRUE,0.0959040959040959,0.0519583333333333,0.031375
0.6,0.4,0.48,0.15,0.133333333333333,0.388,0.42,0.29,"low_only_plus_pooling",TRUE,TRUE,0.194805194805195,0.051,0.0323333333333333
0.65,0.4,0.48,0.15,0.133333333333333,0.3995,0.4275,0.293333333333333,"low_only_plus_pooling",TRUE,TRUE,0.294705294705295,0.0500416666666667,0.0332916666666667
0.7,0.4,0.48,0.15,0.133333333333333,0.411,0.435,0.296666666666667,"low_only_plus_pooling",TRUE,TRUE,0.437562437562438,0.0490833333333333,0.03425
0.75,0.4,0.48,0.15,0.133333333333333,0.4225,0.4425,0.3,"low_only_plus_pooling",TRUE,TRUE,0.531468531468531,0.048125,0.0352083333333333
0.8,0.4,0.48,0.15,0.133333333333333,0.434,0.45,0.303333333333333,"low_only_plus_pooling",TRUE,TRUE,0.624375624375624,0.0471666666666667,0.0361666666666667
0.85,0.4,0.48,0.15,0.133333333333333,0.4455,0.4575,0.306666666666667,"low_only_plus_pooling",TRUE,TRUE,0.718281718281718,0.0462083333333333,0.037125
0.9,0.4,0.48,0.15,0.133333333333333,0.457,0.465,0.31,"low_only_plus_pooling",TRUE,TRUE,0.812187812187812,0.04525,0.0380833333333333
0.8,0.1,0.21,0.15,0.122222222222222,0.158,0.18,0.00333333333333334,"low_only_plus_pooling",TRUE,TRUE,0.727272727272727,0.0701666666666667,0.0131666666666667
0.85,0.1,0.21,0.15,0.122222222222222,0.171,0.1875,0.00666666666666667,"low_only_plus_pooling",TRUE,TRUE,0.795204795204795,0.0690833333333333,0.01425
0.9,0.1,0.21,0.15,0.122222222222222,0.184,0.195,0.01,"low_only_plus_pooling",TRUE,TRUE,0.863136863136863,0.068,0.0153333333333333
0.45,0.15,0.26,0.15,0.129411764705882,0.117,0.1775,0.03,"low_only_plus_pooling",TRUE,TRUE,0.178821178821179,0.0735833333333333,0.00975
0.5,0.15,0.26,0.15,0.129411764705882,0.13,0.185,0.0333333333333333,"low_only_plus_pooling",TRUE,TRUE,0.252747252747253,0.0725,0.0108333333333333
0.55,0.15,0.26,0.15,0.129411764705882,0.143,0.1925,0.0366666666666667,"low_only_plus_pooling",TRUE,TRUE,0.325674325674326,0.0714166666666667,0.0119166666666667
0.6,0.15,0.26,0.15,0.129411764705882,0.156,0.2,0.04,"low_only_plus_pooling",TRUE,TRUE,0.454545454545455,0.0703333333333333,0.013
0.65,0.15,0.26,0.15,0.129411764705882,0.169,0.2075,0.0433333333333333,"low_only_plus_pooling",TRUE,TRUE,0.522477522477522,0.06925,0.0140833333333333
0.7,0.15,0.26,0.15,0.129411764705882,0.182,0.215,0.0466666666666667,"low_only_plus_pooling",TRUE,TRUE,0.59040959040959,0.0681666666666667,0.0151666666666667
0.75,0.15,0.26,0.15,0.129411764705882,0.195,0.2225,0.05,"low_only_plus_pooling",TRUE,TRUE,0.659340659340659,0.0670833333333333,0.01625
0.8,0.15,0.26,0.15,0.129411764705882,0.208,0.23,0.0533333333333334,"low_only_plus_pooling",TRUE,TRUE,0.727272727272727,0.066,0.0173333333333333
0.85,0.15,0.26,0.15,0.129411764705882,0.221,0.2375,0.0566666666666667,"low_only_plus_pooling",TRUE,TRUE,0.795204795204795,0.0649166666666667,0.0184166666666667
0.9,0.15,0.26,0.15,0.129411764705882,0.234,0.245,0.06,"low_only_plus_pooling",TRUE,TRUE,0.863136863136863,0.0638333333333333,0.0195
0.45,0.2,0.31,0.15,0.1375,0.167,0.2275,0.08,"low_only_plus_pooling",TRUE,TRUE,0.174825174825175,0.0694166666666667,0.0139166666666667
0.5,0.2,0.31,0.15,0.1375,0.18,0.235,0.0833333333333333,"low_only_plus_pooling",TRUE,TRUE,0.248751248751249,0.0683333333333333,0.015
0.55,0.2,0.31,0.15,0.1375,0.193,0.2425,0.0866666666666667,"low_only_plus_pooling",TRUE,TRUE,0.322677322677323,0.06725,0.0160833333333333
0.6,0.2,0.31,0.15,0.1375,0.206,0.25,0.09,"low_only_plus_pooling",TRUE,TRUE,0.454545454545455,0.0661666666666667,0.0171666666666667
0.65,0.2,0.31,0.15,0.1375,0.219,0.2575,0.0933333333333334,"low_only_plus_pooling",TRUE,TRUE,0.522477522477522,0.0650833333333333,0.01825
0.7,0.2,0.31,0.15,0.1375,0.232,0.265,0.0966666666666667,"low_only_plus_pooling",TRUE,TRUE,0.59040959040959,0.064,0.0193333333333333
0.75,0.2,0.31,0.15,0.1375,0.245,0.2725,0.1,"low_only_plus_pooling",TRUE,TRUE,0.659340659340659,0.0629166666666667,0.0204166666666667
0.8,0.2,0.31,0.15,0.1375,0.258,0.28,0.103333333333333,"low_only_plus_pooling",TRUE,TRUE,0.727272727272727,0.0618333333333333,0.0215
0.85,0.2,0.31,0.15,0.1375,0.271,0.2875,0.106666666666667,"low_only_plus_pooling",TRUE,TRUE,0.795204795204795,0.06075,0.0225833333333333
0.9,0.2,0.31,0.15,0.1375,0.284,0.295,0.11,"delay_plus_pooling",TRUE,TRUE,0.842157842157842,0.06,0.0233333333333333
0.45,0.25,0.36,0.15,0.146666666666667,0.217,0.2775,0.13,"low_only_plus_pooling",TRUE,TRUE,0.16983016983017,0.06525,0.0180833333333333
0.5,0.25,0.36,0.15,0.146666666666667,0.23,0.285,0.133333333333333,"low_only_plus_pooling",TRUE,TRUE,0.244755244755245,0.0641666666666667,0.0191666666666667
0.55,0.25,0.36,0.15,0.146666666666667,0.243,0.2925,0.136666666666667,"low_only_plus_pooling",TRUE,TRUE,0.317682317682318,0.0630833333333333,0.02025
0.6,0.25,0.36,0.15,0.146666666666667,0.256,0.3,0.14,"low_only_plus_pooling",TRUE,TRUE,0.454545454545455,0.062,0.0213333333333333
0.65,0.25,0.36,0.15,0.146666666666667,0.269,0.3075,0.143333333333333,"low_only_plus_pooling",TRUE,TRUE,0.522477522477522,0.0609166666666667,0.0224166666666667
0.7,0.25,0.36,0.15,0.146666666666667,0.282,0.315,0.146666666666667,"low_only_plus_pooling",TRUE,TRUE,0.59040959040959,0.0598333333333333,0.0235
0.75,0.25,0.36,0.15,0.146666666666667,0.295,0.3225,0.15,"low_only_plus_pooling",TRUE,TRUE,0.659340659340659,0.05875,0.0245833333333333
0.8,0.25,0.36,0.15,0.146666666666667,0.308,0.33,0.153333333333333,"low_only_plus_pooling",TRUE,TRUE,0.727272727272727,0.0576666666666667,0.0256666666666667
0.85,0.25,0.36,0.15,0.146666666666667,0.321,0.3375,0.156666666666667,"low_only_plus_pooling",TRUE,TRUE,0.795204795204795,0.0565833333333333,0.02675
0.9,0.25,0.36,0.15,0.146666666666667,0.334,0.345,0.16,"delay_plus_pooling",TRUE,TRUE,0.833166833166833,0.05625,0.0270833333333333
0.45,0.3,0.41,0.15,0.157142857142857,0.267,0.3275,0.18,"low_only_plus_pooling",TRUE,TRUE,0.163836163836164,0.0610833333333333,0.02225
0.5,0.3,0.41,0.15,0.157142857142857,0.28,0.335,0.183333333333333,"low_only_plus_pooling",TRUE,TRUE,0.238761238761239,0.06,0.0233333333333333
0.55,0.3,0.41,0.15,0.157142857142857,0.293,0.3425,0.186666666666667,"low_only_plus_pooling",TRUE,TRUE,0.313686313686314,0.0589166666666667,0.0244166666666667
0.6,0.3,0.41,0.15,0.157142857142857,0.306,0.35,0.19,"low_only_plus_pooling",TRUE,TRUE,0.454545454545455,0.0578333333333333,0.0255
0.65,0.3,0.41,0.15,0.157142857142857,0.319,0.3575,0.193333333333333,"low_only_plus_pooling",TRUE,TRUE,0.522477522477522,0.05675,0.0265833333333333
0.7,0.3,0.41,0.15,0.157142857142857,0.332,0.365,0.196666666666667,"low_only_plus_pooling",TRUE,TRUE,0.59040959040959,0.0556666666666667,0.0276666666666667
0.75,0.3,0.41,0.15,0.157142857142857,0.345,0.3725,0.2,"low_only_plus_pooling",TRUE,TRUE,0.659340659340659,0.0545833333333333,0.02875
0.8,0.3,0.41,0.15,0.157142857142857,0.358,0.38,0.203333333333333,"low_only_plus_pooling",TRUE,TRUE,0.727272727272727,0.0535,0.0298333333333333
0.85,0.3,0.41,0.15,0.157142857142857,0.371,0.3875,0.206666666666667,"low_only_plus_pooling",TRUE,TRUE,0.795204795204795,0.0524166666666667,0.0309166666666667
0.9,0.3,0.41,0.15,0.157142857142857,0.384,0.395,0.21,"delay_plus_pooling",TRUE,TRUE,0.823176823176823,0.0525,0.0308333333333333
0.45,0.35,0.46,0.15,0.169230769230769,0.317,0.3775,0.23,"low_only_plus_pooling",TRUE,TRUE,0.157842157842158,0.0569166666666667,0.0264166666666667
0.5,0.35,0.46,0.15,0.169230769230769,0.33,0.385,0.233333333333333,"low_only_plus_pooling",TRUE,TRUE,0.233766233766234,0.0558333333333333,0.0275
0.55,0.35,0.46,0.15,0.169230769230769,0.343,0.3925,0.236666666666667,"low_only_plus_pooling",TRUE,TRUE,0.307692307692308,0.05475,0.0285833333333333
0.6,0.35,0.46,0.15,0.169230769230769,0.356,0.4,0.24,"low_only_plus_pooling",TRUE,TRUE,0.454545454545455,0.0536666666666667,0.0296666666666667
0.65,0.35,0.46,0.15,0.169230769230769,0.369,0.4075,0.243333333333333,"low_only_plus_pooling",TRUE,TRUE,0.522477522477522,0.0525833333333333,0.03075
0.7,0.35,0.46,0.15,0.169230769230769,0.382,0.415,0.246666666666667,"low_only_plus_pooling",TRUE,TRUE,0.59040959040959,0.0515,0.0318333333333333
0.75,0.35,0.46,0.15,0.169230769230769,0.395,0.4225,0.25,"low_only_plus_pooling",TRUE,TRUE,0.659340659340659,0.0504166666666667,0.0329166666666667
0.8,0.35,0.46,0.15,0.169230769230769,0.408,0.43,0.253333333333333,"low_only_plus_pooling",TRUE,TRUE,0.727272727272727,0.0493333333333333,0.034
0.85,0.35,0.46,0.15,0.169230769230769,0.421,0.4375,0.256666666666667,"low_only_plus_pooling",TRUE,TRUE,0.795204795204795,0.04825,0.0350833333333333
0.9,0.35,0.46,0.15,0.169230769230769,0.434,0.445,0.26,"delay_plus_pooling",TRUE,TRUE,0.811188811188811,0.04875,0.0345833333333333
0.45,0.4,0.51,0.15,0.183333333333333,0.367,0.4275,0.28,"low_only_plus_pooling",TRUE,TRUE,0.150849150849151,0.05275,0.0305833333333333
0.5,0.4,0.51,0.15,0.183333333333333,0.38,0.435,0.283333333333333,"low_only_plus_pooling",TRUE,TRUE,0.226773226773227,0.0516666666666667,0.0316666666666667
0.55,0.4,0.51,0.15,0.183333333333333,0.393,0.4425,0.286666666666667,"low_only_plus_pooling",TRUE,TRUE,0.301698301698302,0.0505833333333333,0.03275
0.6,0.4,0.51,0.15,0.183333333333333,0.406,0.45,0.29,"low_only_plus_pooling",TRUE,TRUE,0.454545454545455,0.0495,0.0338333333333333
0.65,0.4,0.51,0.15,0.183333333333333,0.419,0.4575,0.293333333333333,"low_only_plus_pooling",TRUE,TRUE,0.522477522477522,0.0484166666666667,0.0349166666666667
0.7,0.4,0.51,0.15,0.183333333333333,0.432,0.465,0.296666666666667,"low_only_plus_pooling",TRUE,TRUE,0.59040959040959,0.0473333333333333,0.036
0.75,0.4,0.51,0.15,0.183333333333333,0.445,0.4725,0.3,"low_only_plus_pooling",TRUE,TRUE,0.659340659340659,0.04625,0.0370833333333333
0.8,0.4,0.51,0.15,0.183333333333333,0.458,0.48,0.303333333333333,"low_only_plus_pooling",TRUE,TRUE,0.727272727272727,0.0451666666666667,0.0381666666666667
0.85,0.4,0.51,0.15,0.183333333333333,0.471,0.4875,0.306666666666667,"low_only_plus_pooling",TRUE,TRUE,0.795204795204795,0.0440833333333333,0.03925
0.9,0.4,0.51,0.15,0.183333333333333,0.484,0.495,0.31,"delay_plus_pooling",TRUE,TRUE,0.798201798201798,0.045,0.0383333333333333
0.8,0.1,0.24,0.15,0.155555555555556,0.182,0.21,0.00333333333333334,"low_only_plus_pooling",TRUE,TRUE,0.785214785214785,0.0681666666666667,0.0151666666666667
0.85,0.1,0.24,0.15,0.155555555555556,0.1965,0.2175,0.00666666666666667,"low_only_plus_pooling",TRUE,TRUE,0.839160839160839,0.0669583333333333,0.016375
0.9,0.1,0.24,0.15,0.155555555555556,0.211,0.225,0.01,"delay_plus_pooling",TRUE,TRUE,0.848151848151848,0.0675,0.0158333333333333
0.45,0.15,0.29,0.15,0.164705882352941,0.1305,0.2075,0.03,"low_only_plus_pooling",TRUE,TRUE,0.318681318681319,0.0724583333333333,0.010875
0.5,0.15,0.29,0.15,0.164705882352941,0.145,0.215,0.0333333333333333,"low_only_plus_pooling",TRUE,TRUE,0.37962037962038,0.07125,0.0120833333333333
0.55,0.15,0.29,0.15,0.164705882352941,0.1595,0.2225,0.0366666666666667,"low_only_plus_pooling",TRUE,TRUE,0.517482517482518,0.0700416666666667,0.0132916666666667
0.6,0.15,0.29,0.15,0.164705882352941,0.174,0.23,0.04,"low_only_plus_pooling",TRUE,TRUE,0.571428571428571,0.0688333333333333,0.0145
0.65,0.15,0.29,0.15,0.164705882352941,0.1885,0.2375,0.0433333333333333,"low_only_plus_pooling",TRUE,TRUE,0.624375624375624,0.067625,0.0157083333333333
0.7,0.15,0.29,0.15,0.164705882352941,0.203,0.245,0.0466666666666667,"low_only_plus_pooling",TRUE,TRUE,0.678321678321678,0.0664166666666667,0.0169166666666667
0.75,0.15,0.29,0.15,0.164705882352941,0.2175,0.2525,0.05,"low_only_plus_pooling",TRUE,TRUE,0.732267732267732,0.0652083333333333,0.018125
0.8,0.15,0.29,0.15,0.164705882352941,0.232,0.26,0.0533333333333334,"low_only_plus_pooling",TRUE,TRUE,0.785214785214785,0.064,0.0193333333333333
0.85,0.15,0.29,0.15,0.164705882352941,0.2465,0.2675,0.0566666666666667,"low_only_plus_pooling",TRUE,TRUE,0.839160839160839,0.0627916666666667,0.0205416666666667
0.9,0.15,0.29,0.15,0.164705882352941,0.261,0.275,0.06,"delay_plus_pooling",TRUE,TRUE,0.839160839160839,0.06375,0.0195833333333333
0.45,0.2,0.34,0.15,0.175,0.1805,0.2575,0.08,"low_only_plus_pooling",TRUE,TRUE,0.313686313686314,0.0682916666666667,0.0150416666666667
0.5,0.2,0.34,0.15,0.175,0.195,0.265,0.0833333333333333,"low_only_plus_pooling",TRUE,TRUE,0.373626373626374,0.0670833333333333,0.01625
0.55,0.2,0.34,0.15,0.175,0.2095,0.2725,0.0866666666666667,"low_only_plus_pooling",TRUE,TRUE,0.517482517482518,0.065875,0.0174583333333333
0.6,0.2,0.34,0.15,0.175,0.224,0.28,0.09,"low_only_plus_pooling",TRUE,TRUE,0.571428571428571,0.0646666666666667,0.0186666666666667
0.65,0.2,0.34,0.15,0.175,0.2385,0.2875,0.0933333333333334,"low_only_plus_pooling",TRUE,TRUE,0.624375624375624,0.0634583333333333,0.019875
0.7,0.2,0.34,0.15,0.175,0.253,0.295,0.0966666666666667,"low_only_plus_pooling",TRUE,TRUE,0.678321678321678,0.06225,0.0210833333333333
0.75,0.2,0.34,0.15,0.175,0.2675,0.3025,0.1,"low_only_plus_pooling",TRUE,TRUE,0.732267732267732,0.0610416666666667,0.0222916666666667
0.8,0.2,0.34,0.15,0.175,0.282,0.31,0.103333333333333,"low_only_plus_pooling",TRUE,TRUE,0.785214785214785,0.0598333333333333,0.0235
0.85,0.2,0.34,0.15,0.175,0.2965,0.3175,0.106666666666667,"low_only_plus_pooling",TRUE,TRUE,0.839160839160839,0.058625,0.0247083333333333
0.9,0.2,0.34,0.15,0.175,0.311,0.325,0.11,"delay_plus_pooling",TRUE,TRUE,0.829170829170829,0.06,0.0233333333333333
0.45,0.25,0.39,0.15,0.186666666666667,0.2305,0.3075,0.13,"low_only_plus_pooling",TRUE,TRUE,0.306693306693307,0.064125,0.0192083333333333
0.5,0.25,0.39,0.15,0.186666666666667,0.245,0.315,0.133333333333333,"low_only_plus_pooling",TRUE,TRUE,0.368631368631369,0.0629166666666667,0.0204166666666667
0.55,0.25,0.39,0.15,0.186666666666667,0.2595,0.3225,0.136666666666667,"low_only_plus_pooling",TRUE,TRUE,0.517482517482518,0.0617083333333333,0.021625
0.6,0.25,0.39,0.15,0.186666666666667,0.274,0.33,0.14,"low_only_plus_pooling",TRUE,TRUE,0.571428571428571,0.0605,0.0228333333333333
0.65,0.25,0.39,0.15,0.186666666666667,0.2885,0.3375,0.143333333333333,"low_only_plus_pooling",TRUE,TRUE,0.624375624375624,0.0592916666666667,0.0240416666666667
0.7,0.25,0.39,0.15,0.186666666666667,0.303,0.345,0.146666666666667,"low_only_plus_pooling",TRUE,TRUE,0.678321678321678,0.0580833333333333,0.02525
0.75,0.25,0.39,0.15,0.186666666666667,0.3175,0.3525,0.15,"low_only_plus_pooling",TRUE,TRUE,0.732267732267732,0.056875,0.0264583333333333
0.8,0.25,0.39,0.15,0.186666666666667,0.332,0.36,0.153333333333333,"low_only_plus_pooling",TRUE,TRUE,0.785214785214785,0.0556666666666667,0.0276666666666667
0.85,0.25,0.39,0.15,0.186666666666667,0.3465,0.3675,0.156666666666667,"low_only_plus_pooling",TRUE,TRUE,0.839160839160839,0.0544583333333333,0.028875
0.9,0.25,0.39,0.15,0.186666666666667,0.361,0.375,0.16,"delay_plus_pooling",TRUE,TRUE,0.817182817182817,0.05625,0.0270833333333333
0.45,0.3,0.44,0.15,0.2,0.2805,0.3575,0.18,"low_only_plus_pooling",TRUE,TRUE,0.2997002997003,0.0599583333333333,0.023375
0.5,0.3,0.44,0.15,0.2,0.295,0.365,0.183333333333333,"low_only_plus_pooling",TRUE,TRUE,0.361638361638362,0.05875,0.0245833333333333
0.55,0.3,0.44,0.15,0.2,0.3095,0.3725,0.186666666666667,"low_only_plus_pooling",TRUE,TRUE,0.517482517482518,0.0575416666666667,0.0257916666666667
0.6,0.3,0.44,0.15,0.2,0.324,0.38,0.19,"low_only_plus_pooling",TRUE,TRUE,0.571428571428571,0.0563333333333333,0.027
0.65,0.3,0.44,0.15,0.2,0.3385,0.3875,0.193333333333333,"low_only_plus_pooling",TRUE,TRUE,0.624375624375624,0.055125,0.0282083333333333
0.7,0.3,0.44,0.15,0.2,0.353,0.395,0.196666666666667,"low_only_plus_pooling",TRUE,TRUE,0.678321678321678,0.0539166666666667,0.0294166666666667
0.75,0.3,0.44,0.15,0.2,0.3675,0.4025,0.2,"low_only_plus_pooling",TRUE,TRUE,0.732267732267732,0.0527083333333333,0.030625
0.8,0.3,0.44,0.15,0.2,0.382,0.41,0.203333333333333,"low_only_plus_pooling",TRUE,TRUE,0.785214785214785,0.0515,0.0318333333333333
0.85,0.3,0.44,0.15,0.2,0.3965,0.4175,0.206666666666667,"low_only_plus_pooling",TRUE,TRUE,0.839160839160839,0.0502916666666667,0.0330416666666667
0.9,0.3,0.44,0.15,0.2,0.411,0.425,0.21,"delay_plus_pooling",TRUE,TRUE,0.804195804195804,0.0525,0.0308333333333333
0.45,0.35,0.49,0.15,0.215384615384615,0.3305,0.4075,0.23,"low_only_plus_pooling",TRUE,TRUE,0.291708291708292,0.0557916666666667,0.0275416666666667
0.5,0.35,0.49,0.15,0.215384615384615,0.345,0.415,0.233333333333333,"low_only_plus_pooling",TRUE,TRUE,0.353646353646354,0.0545833333333333,0.02875
0.55,0.35,0.49,0.15,0.215384615384615,0.3595,0.4225,0.236666666666667,"low_only_plus_pooling",TRUE,TRUE,0.517482517482518,0.053375,0.0299583333333333
0.6,0.35,0.49,0.15,0.215384615384615,0.374,0.43,0.24,"low_only_plus_pooling",TRUE,TRUE,0.571428571428571,0.0521666666666667,0.0311666666666667
0.65,0.35,0.49,0.15,0.215384615384615,0.3885,0.4375,0.243333333333333,"low_only_plus_pooling",TRUE,TRUE,0.624375624375624,0.0509583333333333,0.032375
0.7,0.35,0.49,0.15,0.215384615384615,0.403,0.445,0.246666666666667,"low_only_plus_pooling",TRUE,TRUE,0.678321678321678,0.04975,0.0335833333333333
0.75,0.35,0.49,0.15,0.215384615384615,0.4175,0.4525,0.25,"low_only_plus_pooling",TRUE,TRUE,0.732267732267732,0.0485416666666667,0.0347916666666667
0.8,0.35,0.49,0.15,0.215384615384615,0.432,0.46,0.253333333333333,"low_only_plus_pooling",TRUE,TRUE,0.785214785214785,0.0473333333333333,0.036
0.85,0.35,0.49,0.15,0.215384615384615,0.4465,0.4675,0.256666666666667,"low_only_plus_pooling",TRUE,TRUE,0.839160839160839,0.046125,0.0372083333333333
0.9,0.35,0.49,0.15,0.215384615384615,0.461,0.475,0.26,"delay_plus_pooling",TRUE,TRUE,0.789210789210789,0.04875,0.0345833333333333
0.45,0.4,0.54,0.15,0.233333333333333,0.3805,0.4575,0.28,"low_only_plus_pooling",TRUE,TRUE,0.282717282717283,0.051625,0.0317083333333333
0.5,0.4,0.54,0.15,0.233333333333333,0.395,0.465,0.283333333333333,"low_only_plus_pooling",TRUE,TRUE,0.344655344655345,0.0504166666666667,0.0329166666666667
0.55,0.4,0.54,0.15,0.233333333333333,0.4095,0.4725,0.286666666666667,"low_only_plus_pooling",TRUE,TRUE,0.517482517482518,0.0492083333333333,0.034125
0.6,0.4,0.54,0.15,0.233333333333333,0.424,0.48,0.29,"low_only_plus_pooling",TRUE,TRUE,0.571428571428571,0.048,0.0353333333333333
0.65,0.4,0.54,0.15,0.233333333333333,0.4385,0.4875,0.293333333333333,"low_only_plus_pooling",TRUE,TRUE,0.624375624375624,0.0467916666666667,0.0365416666666667
0.7,0.4,0.54,0.15,0.233333333333333,0.453,0.495,0.296666666666667,"low_only_plus_pooling",TRUE,TRUE,0.678321678321678,0.0455833333333333,0.03775
0.75,0.4,0.54,0.15,0.233333333333333,0.4675,0.5025,0.3,"low_only_plus_pooling",TRUE,TRUE,0.732267732267732,0.044375,0.0389583333333333
0.8,0.4,0.54,0.15,0.233333333333333,0.482,0.51,0.303333333333333,"low_only_plus_pooling",TRUE,TRUE,0.785214785214785,0.0431666666666667,0.0401666666666667
0.85,0.4,0.54,0.15,0.233333333333333,0.4965,0.5175,0.306666666666667,"delay_plus_pooling",TRUE,TRUE,0.785214785214785,0.0425,0.0408333333333333
0.9,0.4,0.54,0.15,0.233333333333333,0.511,0.525,0.31,"delay_plus_pooling",TRUE,TRUE,0.771228771228771,0.045,0.0383333333333333
0.8,0.1,0.27,0.15,0.188888888888889,0.206,0.24,0.00333333333333334,"low_only_plus_pooling",TRUE,TRUE,0.823176823176823,0.0661666666666667,0.0171666666666667
0.85,0.1,0.27,0.15,0.188888888888889,0.222,0.2475,0.00666666666666667,"low_only_plus_pooling",TRUE,TRUE,0.867132867132867,0.0648333333333333,0.0185
0.9,0.1,0.27,0.15,0.188888888888889,0.238,0.255,0.01,"delay_plus_pooling",TRUE,TRUE,0.83016983016983,0.0675,0.0158333333333333
0.45,0.15,0.32,0.15,0.2,0.144,0.2375,0.03,"low_only_plus_pooling",TRUE,TRUE,0.401598401598402,0.0713333333333333,0.012
0.5,0.15,0.32,0.15,0.2,0.16,0.245,0.0333333333333333,"low_only_plus_pooling",TRUE,TRUE,0.558441558441558,0.07,0.0133333333333333
0.55,0.15,0.32,0.15,0.2,0.176,0.2525,0.0366666666666667,"low_only_plus_pooling",TRUE,TRUE,0.602397602397602,0.0686666666666667,0.0146666666666667
0.6,0.15,0.32,0.15,0.2,0.192,0.26,0.04,"low_only_plus_pooling",TRUE,TRUE,0.647352647352647,0.0673333333333333,0.016
0.65,0.15,0.32,0.15,0.2,0.208,0.2675,0.0433333333333333,"low_only_plus_pooling",TRUE,TRUE,0.691308691308691,0.066,0.0173333333333333
0.7,0.15,0.32,0.15,0.2,0.224,0.275,0.0466666666666667,"low_only_plus_pooling",TRUE,TRUE,0.735264735264735,0.0646666666666667,0.0186666666666667
0.75,0.15,0.32,0.15,0.2,0.24,0.2825,0.05,"low_only_plus_pooling",TRUE,TRUE,0.779220779220779,0.0633333333333333,0.02
0.8,0.15,0.32,0.15,0.2,0.256,0.29,0.0533333333333334,"low_only_plus_pooling",TRUE,TRUE,0.823176823176823,0.062,0.0213333333333333
0.85,0.15,0.32,0.15,0.2,0.272,0.2975,0.0566666666666667,"low_only_plus_pooling",TRUE,TRUE,0.867132867132867,0.0606666666666667,0.0226666666666667
0.9,0.15,0.32,0.15,0.2,0.288,0.305,0.06,"delay_plus_pooling",TRUE,TRUE,0.819180819180819,0.06375,0.0195833333333333
0.45,0.2,0.37,0.15,0.2125,0.194,0.2875,0.08,"low_only_plus_pooling",TRUE,TRUE,0.394605394605395,0.0671666666666667,0.0161666666666667
0.5,0.2,0.37,0.15,0.2125,0.21,0.295,0.0833333333333333,"low_only_plus_pooling",TRUE,TRUE,0.558441558441558,0.0658333333333333,0.0175
0.55,0.2,0.37,0.15,0.2125,0.226,0.3025,0.0866666666666667,"low_only_plus_pooling",TRUE,TRUE,0.602397602397602,0.0645,0.0188333333333333
0.6,0.2,0.37,0.15,0.2125,0.242,0.31,0.09,"low_only_plus_pooling",TRUE,TRUE,0.647352647352647,0.0631666666666667,0.0201666666666667
0.65,0.2,0.37,0.15,0.2125,0.258,0.3175,0.0933333333333334,"low_only_plus_pooling",TRUE,TRUE,0.691308691308691,0.0618333333333333,0.0215
0.7,0.2,0.37,0.15,0.2125,0.274,0.325,0.0966666666666667,"low_only_plus_pooling",TRUE,TRUE,0.735264735264735,0.0605,0.0228333333333333
0.75,0.2,0.37,0.15,0.2125,0.29,0.3325,0.1,"low_only_plus_pooling",TRUE,TRUE,0.779220779220779,0.0591666666666667,0.0241666666666667
0.8,0.2,0.37,0.15,0.2125,0.306,0.34,0.103333333333333,"low_only_plus_pooling",TRUE,TRUE,0.823176823176823,0.0578333333333333,0.0255
0.85,0.2,0.37,0.15,0.2125,0.322,0.3475,0.106666666666667,"delay_plus_pooling",TRUE,TRUE,0.826173826173826,0.0566666666666667,0.0266666666666667
0.9,0.2,0.37,0.15,0.2125,0.338,0.355,0.11,"delay_plus_pooling",TRUE,TRUE,0.806193806193806,0.06,0.0233333333333333
0.45,0.25,0.42,0.15,0.226666666666667,0.244,0.3375,0.13,"low_only_plus_pooling",TRUE,TRUE,0.386613386613387,0.063,0.0203333333333333
0.5,0.25,0.42,0.15,0.226666666666667,0.26,0.345,0.133333333333333,"low_only_plus_pooling",TRUE,TRUE,0.557442557442557,0.0616666666666667,0.0216666666666667
0.55,0.25,0.42,0.15,0.226666666666667,0.276,0.3525,0.136666666666667,"low_only_plus_pooling",TRUE,TRUE,0.602397602397602,0.0603333333333333,0.023
0.6,0.25,0.42,0.15,0.226666666666667,0.292,0.36,0.14,"low_only_plus_pooling",TRUE,TRUE,0.647352647352647,0.059,0.0243333333333333
0.65,0.25,0.42,0.15,0.226666666666667,0.308,0.3675,0.143333333333333,"low_only_plus_pooling",TRUE,TRUE,0.691308691308691,0.0576666666666667,0.0256666666666667
0.7,0.25,0.42,0.15,0.226666666666667,0.324,0.375,0.146666666666667,"low_only_plus_pooling",TRUE,TRUE,0.735264735264735,0.0563333333333333,0.027
0.75,0.25,0.42,0.15,0.226666666666667,0.34,0.3825,0.15,"low_only_plus_pooling",TRUE,TRUE,0.779220779220779,0.055,0.0283333333333333
0.8,0.25,0.42,0.15,0.226666666666667,0.356,0.39,0.153333333333333,"low_only_plus_pooling",TRUE,TRUE,0.823176823176823,0.0536666666666667,0.0296666666666667
0.85,0.25,0.42,0.15,0.226666666666667,0.372,0.3975,0.156666666666667,"delay_plus_pooling",TRUE,TRUE,0.812187812187812,0.053125,0.0302083333333333
0.9,0.25,0.42,0.15,0.226666666666667,0.388,0.405,0.16,"delay_plus_pooling",TRUE,TRUE,0.792207792207792,0.05625,0.0270833333333333
0.45,0.3,0.47,0.15,0.242857142857143,0.294,0.3875,0.18,"low_only_plus_pooling",TRUE,TRUE,0.377622377622378,0.0588333333333333,0.0245
0.5,0.3,0.47,0.15,0.242857142857143,0.31,0.395,0.183333333333333,"low_only_plus_pooling",TRUE,TRUE,0.548451548451548,0.0575,0.0258333333333333
0.55,0.3,0.47,0.15,0.242857142857143,0.326,0.4025,0.186666666666667,"low_only_plus_pooling",TRUE,TRUE,0.602397602397602,0.0561666666666667,0.0271666666666667
0.6,0.3,0.47,0.15,0.242857142857143,0.342,0.41,0.19,"low_only_plus_pooling",TRUE,TRUE,0.647352647352647,0.0548333333333333,0.0285
0.65,0.3,0.47,0.15,0.242857142857143,0.358,0.4175,0.193333333333333,"low_only_plus_pooling",TRUE,TRUE,0.691308691308691,0.0535,0.0298333333333333
0.7,0.3,0.47,0.15,0.242857142857143,0.374,0.425,0.196666666666667,"low_only_plus_pooling",TRUE,TRUE,0.735264735264735,0.0521666666666667,0.0311666666666667
0.75,0.3,0.47,0.15,0.242857142857143,0.39,0.4325,0.2,"low_only_plus_pooling",TRUE,TRUE,0.779220779220779,0.0508333333333333,0.0325
0.8,0.3,0.47,0.15,0.242857142857143,0.406,0.44,0.203333333333333,"low_only_plus_pooling",TRUE,TRUE,0.823176823176823,0.0495,0.0338333333333333
0.85,0.3,0.47,0.15,0.242857142857143,0.422,0.4475,0.206666666666667,"delay_plus_pooling",TRUE,TRUE,0.795204795204795,0.0495833333333333,0.03375
0.9,0.3,0.47,0.15,0.242857142857143,0.438,0.455,0.21,"delay_plus_pooling",TRUE,TRUE,0.776223776223776,0.0525,0.0308333333333333
0.45,0.35,0.52,0.15,0.261538461538462,0.344,0.4375,0.23,"low_only_plus_pooling",TRUE,TRUE,0.367632367632368,0.0546666666666667,0.0286666666666667
0.5,0.35,0.52,0.15,0.261538461538462,0.36,0.445,0.233333333333333,"low_only_plus_pooling",TRUE,TRUE,0.538461538461538,0.0533333333333333,0.03
0.55,0.35,0.52,0.15,0.261538461538462,0.376,0.4525,0.236666666666667,"low_only_plus_pooling",TRUE,TRUE,0.602397602397602,0.052,0.0313333333333333
0.6,0.35,0.52,0.15,0.261538461538462,0.392,0.46,0.24,"low_only_plus_pooling",TRUE,TRUE,0.647352647352647,0.0506666666666667,0.0326666666666667
0.65,0.35,0.52,0.15,0.261538461538462,0.408,0.4675,0.243333333333333,"low_only_plus_pooling",TRUE,TRUE,0.691308691308691,0.0493333333333333,0.034
0.7,0.35,0.52,0.15,0.261538461538462,0.424,0.475,0.246666666666667,"low_only_plus_pooling",TRUE,TRUE,0.735264735264735,0.048,0.0353333333333333
0.75,0.35,0.52,0.15,0.261538461538462,0.44,0.4825,0.25,"low_only_plus_pooling",TRUE,TRUE,0.779220779220779,0.0466666666666667,0.0366666666666667
0.8,0.35,0.52,0.15,0.261538461538462,0.456,0.49,0.253333333333333,"low_only_plus_pooling",TRUE,TRUE,0.823176823176823,0.0453333333333333,0.038
0.85,0.35,0.52,0.15,0.261538461538462,0.472,0.4975,0.256666666666667,"delay_plus_pooling",TRUE,TRUE,0.776223776223776,0.0460416666666667,0.0372916666666667
0.9,0.35,0.52,0.15,0.261538461538462,0.488,0.505,0.26,"delay_plus_pooling",TRUE,TRUE,0.757242757242757,0.04875,0.0345833333333333
0.45,0.4,0.57,0.15,0.283333333333333,0.394,0.4875,0.28,"low_only_plus_pooling",TRUE,TRUE,0.355644355644356,0.0505,0.0328333333333333
0.5,0.4,0.57,0.15,0.283333333333333,0.41,0.495,0.283333333333333,"low_only_plus_pooling",TRUE,TRUE,0.527472527472527,0.0491666666666667,0.0341666666666667
0.55,0.4,0.57,0.15,0.283333333333333,0.426,0.5025,0.286666666666667,"low_only_plus_pooling",TRUE,TRUE,0.602397602397602,0.0478333333333333,0.0355
0.6,0.4,0.57,0.15,0.283333333333333,0.442,0.51,0.29,"low_only_plus_pooling",TRUE,TRUE,0.647352647352647,0.0465,0.0368333333333333
0.65,0.4,0.57,0.15,0.283333333333333,0.458,0.5175,0.293333333333333,"low_only_plus_pooling",TRUE,TRUE,0.691308691308691,0.0451666666666667,0.0381666666666667
0.7,0.4,0.57,0.15,0.283333333333333,0.474,0.525,0.296666666666667,"low_only_plus_pooling",TRUE,TRUE,0.735264735264735,0.0438333333333333,0.0395
0.75,0.4,0.57,0.15,0.283333333333333,0.49,0.5325,0.3,"low_only_plus_pooling",TRUE,TRUE,0.779220779220779,0.0425,0.0408333333333333
0.8,0.4,0.57,0.15,0.283333333333333,0.506,0.54,0.303333333333333,"low_only_plus_pooling",TRUE,TRUE,0.823176823176823,0.0411666666666667,0.0421666666666667
0.85,0.4,0.57,0.15,0.283333333333333,0.522,0.5475,0.306666666666667,"delay_plus_pooling",TRUE,TRUE,0.754245754245754,0.0425,0.0408333333333333
0.9,0.4,0.57,0.15,0.283333333333333,0.538,0.555,0.31,"delay_plus_pooling",TRUE,TRUE,0.735264735264735,0.045,0.0383333333333333
0.8,0.1,0.3,0.15,0.222222222222222,0.23,0.27,0.00333333333333334,"low_only_plus_pooling",TRUE,TRUE,0.849150849150849,0.0641666666666667,0.0191666666666667
0.85,0.1,0.3,0.15,0.222222222222222,0.2475,0.2775,0.00666666666666667,"delay_plus_pooling",TRUE,TRUE,0.831168831168831,0.06375,0.0195833333333333
0.9,0.1,0.3,0.15,0.222222222222222,0.265,0.285,0.01,"delay_plus_pooling",TRUE,TRUE,0.806193806193806,0.0675,0.0158333333333333
0.45,0.15,0.35,0.15,0.235294117647059,0.1575,0.2675,0.03,"low_only_plus_pooling",TRUE,TRUE,0.536463536463537,0.0702083333333333,0.013125
0.5,0.15,0.35,0.15,0.235294117647059,0.175,0.275,0.0333333333333333,"low_only_plus_pooling",TRUE,TRUE,0.624375624375624,0.06875,0.0145833333333333
0.55,0.15,0.35,0.15,0.235294117647059,0.1925,0.2825,0.0366666666666667,"low_only_plus_pooling",TRUE,TRUE,0.662337662337662,0.0672916666666667,0.0160416666666667
0.6,0.15,0.35,0.15,0.235294117647059,0.21,0.29,0.04,"low_only_plus_pooling",TRUE,TRUE,0.699300699300699,0.0658333333333333,0.0175
0.65,0.15,0.35,0.15,0.235294117647059,0.2275,0.2975,0.0433333333333333,"low_only_plus_pooling",TRUE,TRUE,0.737262737262737,0.064375,0.0189583333333333
0.7,0.15,0.35,0.15,0.235294117647059,0.245,0.305,0.0466666666666667,"low_only_plus_pooling",TRUE,TRUE,0.774225774225774,0.0629166666666667,0.0204166666666667
0.75,0.15,0.35,0.15,0.235294117647059,0.2625,0.3125,0.05,"low_only_plus_pooling",TRUE,TRUE,0.812187812187812,0.0614583333333333,0.021875
0.8,0.15,0.35,0.15,0.235294117647059,0.28,0.32,0.0533333333333334,"low_only_plus_pooling",TRUE,TRUE,0.849150849150849,0.06,0.0233333333333333
0.85,0.15,0.35,0.15,0.235294117647059,0.2975,0.3275,0.0566666666666667,"delay_plus_pooling",TRUE,TRUE,0.817182817182817,0.0602083333333333,0.023125
0.9,0.15,0.35,0.15,0.235294117647059,0.315,0.335,0.06,"delay_plus_pooling",TRUE,TRUE,0.793206793206793,0.06375,0.0195833333333333
0.45,0.2,0.4,0.15,0.25,0.2075,0.3175,0.08,"low_only_plus_pooling",TRUE,TRUE,0.528471528471528,0.0660416666666667,0.0172916666666667
0.5,0.2,0.4,0.15,0.25,0.225,0.325,0.0833333333333333,"low_only_plus_pooling",TRUE,TRUE,0.624375624375624,0.0645833333333333,0.01875
0.55,0.2,0.4,0.15,0.25,0.2425,0.3325,0.0866666666666667,"low_only_plus_pooling",TRUE,TRUE,0.662337662337662,0.063125,0.0202083333333333
0.6,0.2,0.4,0.15,0.25,0.26,0.34,0.09,"low_only_plus_pooling",TRUE,TRUE,0.699300699300699,0.0616666666666667,0.0216666666666667
0.65,0.2,0.4,0.15,0.25,0.2775,0.3475,0.0933333333333334,"low_only_plus_pooling",TRUE,TRUE,0.737262737262737,0.0602083333333333,0.023125
0.7,0.2,0.4,0.15,0.25,0.295,0.355,0.0966666666666667,"low_only_plus_pooling",TRUE,TRUE,0.774225774225774,0.05875,0.0245833333333333
0.75,0.2,0.4,0.15,0.25,0.3125,0.3625,0.1,"low_only_plus_pooling",TRUE,TRUE,0.812187812187812,0.0572916666666667,0.0260416666666667
0.8,0.2,0.4,0.15,0.25,0.33,0.37,0.103333333333333,"low_only_plus_pooling",TRUE,TRUE,0.849150849150849,0.0558333333333333,0.0275
0.85,0.2,0.4,0.15,0.25,0.3475,0.3775,0.106666666666667,"delay_plus_pooling",TRUE,TRUE,0.802197802197802,0.0566666666666667,0.0266666666666667
0.9,0.2,0.4,0.15,0.25,0.365,0.385,0.11,"delay_plus_pooling",TRUE,TRUE,0.778221778221778,0.06,0.0233333333333333
0.45,0.25,0.45,0.15,0.266666666666667,0.2575,0.3675,0.13,"low_only_plus_pooling",TRUE,TRUE,0.518481518481518,0.061875,0.0214583333333333
0.5,0.25,0.45,0.15,0.266666666666667,0.275,0.375,0.133333333333333,"low_only_plus_pooling",TRUE,TRUE,0.624375624375624,0.0604166666666667,0.0229166666666667
0.55,0.25,0.45,0.15,0.266666666666667,0.2925,0.3825,0.136666666666667,"low_only_plus_pooling",TRUE,TRUE,0.662337662337662,0.0589583333333333,0.024375
0.6,0.25,0.45,0.15,0.266666666666667,0.31,0.39,0.14,"low_only_plus_pooling",TRUE,TRUE,0.699300699300699,0.0575,0.0258333333333333
0.65,0.25,0.45,0.15,0.266666666666667,0.3275,0.3975,0.143333333333333,"low_only_plus_pooling",TRUE,TRUE,0.737262737262737,0.0560416666666667,0.0272916666666667
0.7,0.25,0.45,0.15,0.266666666666667,0.345,0.405,0.146666666666667,"low_only_plus_pooling",TRUE,TRUE,0.774225774225774,0.0545833333333333,0.02875
0.75,0.25,0.45,0.15,0.266666666666667,0.3625,0.4125,0.15,"low_only_plus_pooling",TRUE,TRUE,0.812187812187812,0.053125,0.0302083333333333
0.8,0.25,0.45,0.15,0.266666666666667,0.38,0.42,0.153333333333333,"low_only_plus_pooling",TRUE,TRUE,0.849150849150849,0.0516666666666667,0.0316666666666667
0.85,0.25,0.45,0.15,0.266666666666667,0.3975,0.4275,0.156666666666667,"delay_plus_pooling",TRUE,TRUE,0.785214785214785,0.053125,0.0302083333333333
0.9,0.25,0.45,0.15,0.266666666666667,0.415,0.435,0.16,"delay_plus_pooling",TRUE,TRUE,0.761238761238761,0.05625,0.0270833333333333
0.45,0.3,0.5,0.15,0.285714285714286,0.3075,0.4175,0.18,"low_only_plus_pooling",TRUE,TRUE,0.507492507492508,0.0577083333333333,0.025625
0.5,0.3,0.5,0.15,0.285714285714286,0.325,0.425,0.183333333333333,"low_only_plus_pooling",TRUE,TRUE,0.624375624375624,0.05625,0.0270833333333333
0.55,0.3,0.5,0.15,0.285714285714286,0.3425,0.4325,0.186666666666667,"low_only_plus_pooling",TRUE,TRUE,0.662337662337662,0.0547916666666667,0.0285416666666667
0.6,0.3,0.5,0.15,0.285714285714286,0.36,0.44,0.19,"low_only_plus_pooling",TRUE,TRUE,0.699300699300699,0.0533333333333333,0.03
0.65,0.3,0.5,0.15,0.285714285714286,0.3775,0.4475,0.193333333333333,"low_only_plus_pooling",TRUE,TRUE,0.737262737262737,0.051875,0.0314583333333333
0.7,0.3,0.5,0.15,0.285714285714286,0.395,0.455,0.196666666666667,"low_only_plus_pooling",TRUE,TRUE,0.774225774225774,0.0504166666666667,0.0329166666666667
0.75,0.3,0.5,0.15,0.285714285714286,0.4125,0.4625,0.2,"low_only_plus_pooling",TRUE,TRUE,0.812187812187812,0.0489583333333333,0.034375
0.8,0.3,0.5,0.15,0.285714285714286,0.43,0.47,0.203333333333333,"low_only_plus_pooling",TRUE,TRUE,0.849150849150849,0.0475,0.0358333333333333
0.85,0.3,0.5,0.15,0.285714285714286,0.4475,0.4775,0.206666666666667,"delay_plus_pooling",TRUE,TRUE,0.765234765234765,0.0495833333333333,0.03375
0.9,0.3,0.5,0.15,0.285714285714286,0.465,0.485,0.21,"delay_plus_pooling",TRUE,TRUE,0.741258741258741,0.0525,0.0308333333333333
0.45,0.35,0.55,0.15,0.307692307692308,0.3575,0.4675,0.23,"low_only_plus_pooling",TRUE,TRUE,0.495504495504495,0.0535416666666667,0.0297916666666667
0.5,0.35,0.55,0.15,0.307692307692308,0.375,0.475,0.233333333333333,"low_only_plus_pooling",TRUE,TRUE,0.624375624375624,0.0520833333333333,0.03125
0.55,0.35,0.55,0.15,0.307692307692308,0.3925,0.4825,0.236666666666667,"low_only_plus_pooling",TRUE,TRUE,0.662337662337662,0.050625,0.0327083333333333
0.6,0.35,0.55,0.15,0.307692307692308,0.41,0.49,0.24,"low_only_plus_pooling",TRUE,TRUE,0.699300699300699,0.0491666666666667,0.0341666666666667
0.65,0.35,0.55,0.15,0.307692307692308,0.4275,0.4975,0.243333333333333,"low_only_plus_pooling",TRUE,TRUE,0.737262737262737,0.0477083333333333,0.035625
0.7,0.35,0.55,0.15,0.307692307692308,0.445,0.505,0.246666666666667,"low_only_plus_pooling",TRUE,TRUE,0.774225774225774,0.04625,0.0370833333333333
0.75,0.35,0.55,0.15,0.307692307692308,0.4625,0.5125,0.25,"low_only_plus_pooling",TRUE,TRUE,0.812187812187812,0.0447916666666667,0.0385416666666667
0.8,0.35,0.55,0.15,0.307692307692308,0.48,0.52,0.253333333333333,"all_three",TRUE,TRUE,0.848151848151848,0.0433333333333333,0.04
0.85,0.35,0.55,0.15,0.307692307692308,0.4975,0.5275,0.256666666666667,"delay_plus_pooling",TRUE,TRUE,0.742257742257742,0.0460416666666667,0.0372916666666667
0.9,0.35,0.55,0.15,0.307692307692308,0.515,0.535,0.26,"delay_plus_pooling",TRUE,TRUE,0.718281718281718,0.04875,0.0345833333333333
0.45,0.4,0.6,0.15,0.333333333333333,0.4075,0.5175,0.28,"low_only_plus_pooling",TRUE,TRUE,0.48051948051948,0.049375,0.0339583333333333
0.5,0.4,0.6,0.15,0.333333333333333,0.425,0.525,0.283333333333333,"low_only_plus_pooling",TRUE,TRUE,0.624375624375624,0.0479166666666667,0.0354166666666667
0.55,0.4,0.6,0.15,0.333333333333333,0.4425,0.5325,0.286666666666667,"low_only_plus_pooling",TRUE,TRUE,0.662337662337662,0.0464583333333333,0.036875
0.6,0.4,0.6,0.15,0.333333333333333,0.46,0.54,0.29,"low_only_plus_pooling",TRUE,TRUE,0.699300699300699,0.045,0.0383333333333333
0.65,0.4,0.6,0.15,0.333333333333333,0.4775,0.5475,0.293333333333333,"low_only_plus_pooling",TRUE,TRUE,0.737262737262737,0.0435416666666667,0.0397916666666667
0.7,0.4,0.6,0.15,0.333333333333333,0.495,0.555,0.296666666666667,"low_only_plus_pooling",TRUE,TRUE,0.774225774225774,0.0420833333333333,0.04125
0.75,0.4,0.6,0.15,0.333333333333333,0.5125,0.5625,0.3,"low_only_plus_pooling",TRUE,TRUE,0.812187812187812,0.040625,0.0427083333333333
0.8,0.4,0.6,0.15,0.333333333333333,0.53,0.57,0.303333333333333,"delay_plus_pooling",TRUE,TRUE,0.744255744255744,0.04,0.0433333333333333
0.85,0.4,0.6,0.15,0.333333333333333,0.5475,0.5775,0.306666666666667,"delay_plus_pooling",TRUE,TRUE,0.715284715284715,0.0425,0.0408333333333333
0.9,0.4,0.6,0.15,0.333333333333333,0.565,0.585,0.31,"delay_plus_pooling",TRUE,TRUE,0.692307692307692,0.045,0.0383333333333333
0.8,0.1,0.33,0.15,0.255555555555555,0.254,0.3,0.00333333333333334,"low_only_plus_pooling",TRUE,TRUE,0.869130869130869,0.0621666666666667,0.0211666666666667
0.85,0.1,0.33,0.15,0.255555555555555,0.273,0.3075,0.00666666666666667,"delay_plus_pooling",TRUE,TRUE,0.807192807192807,0.06375,0.0195833333333333
0.9,0.1,0.33,0.15,0.255555555555555,0.292,0.315,0.01,"delay_plus_pooling",TRUE,TRUE,0.779220779220779,0.0675,0.0158333333333333
0.45,0.15,0.38,0.15,0.270588235294118,0.171,0.2975,0.03,"low_only_plus_pooling",TRUE,TRUE,0.641358641358641,0.0690833333333333,0.01425
0.5,0.15,0.38,0.15,0.270588235294118,0.19,0.305,0.0333333333333333,"low_only_plus_pooling",TRUE,TRUE,0.673326673326673,0.0675,0.0158333333333333
0.55,0.15,0.38,0.15,0.270588235294118,0.209,0.3125,0.0366666666666667,"low_only_plus_pooling",TRUE,TRUE,0.706293706293706,0.0659166666666667,0.0174166666666667
0.6,0.15,0.38,0.15,0.270588235294118,0.228,0.32,0.04,"low_only_plus_pooling",TRUE,TRUE,0.739260739260739,0.0643333333333333,0.019
0.65,0.15,0.38,0.15,0.270588235294118,0.247,0.3275,0.0433333333333333,"low_only_plus_pooling",TRUE,TRUE,0.771228771228771,0.06275,0.0205833333333333
0.7,0.15,0.38,0.15,0.270588235294118,0.266,0.335,0.0466666666666667,"low_only_plus_pooling",TRUE,TRUE,0.804195804195804,0.0611666666666667,0.0221666666666667
0.75,0.15,0.38,0.15,0.270588235294118,0.285,0.3425,0.05,"low_only_plus_pooling",TRUE,TRUE,0.836163836163836,0.0595833333333333,0.02375
0.8,0.15,0.38,0.15,0.270588235294118,0.304,0.35,0.0533333333333334,"low_only_plus_pooling",TRUE,TRUE,0.869130869130869,0.058,0.0253333333333333
0.85,0.15,0.38,0.15,0.270588235294118,0.323,0.3575,0.0566666666666667,"delay_plus_pooling",TRUE,TRUE,0.791208791208791,0.0602083333333333,0.023125
0.9,0.15,0.38,0.15,0.270588235294118,0.342,0.365,0.06,"delay_plus_pooling",TRUE,TRUE,0.764235764235764,0.06375,0.0195833333333333
0.45,0.2,0.43,0.15,0.2875,0.221,0.3475,0.08,"low_only_plus_pooling",TRUE,TRUE,0.641358641358641,0.0649166666666667,0.0184166666666667
0.5,0.2,0.43,0.15,0.2875,0.24,0.355,0.0833333333333333,"low_only_plus_pooling",TRUE,TRUE,0.673326673326673,0.0633333333333333,0.02
0.55,0.2,0.43,0.15,0.2875,0.259,0.3625,0.0866666666666667,"low_only_plus_pooling",TRUE,TRUE,0.706293706293706,0.06175,0.0215833333333333
0.6,0.2,0.43,0.15,0.2875,0.278,0.37,0.09,"low_only_plus_pooling",TRUE,TRUE,0.739260739260739,0.0601666666666667,0.0231666666666667
0.65,0.2,0.43,0.15,0.2875,0.297,0.3775,0.0933333333333334,"low_only_plus_pooling",TRUE,TRUE,0.771228771228771,0.0585833333333333,0.02475
0.7,0.2,0.43,0.15,0.2875,0.316,0.385,0.0966666666666667,"low_only_plus_pooling",TRUE,TRUE,0.804195804195804,0.057,0.0263333333333333
0.75,0.2,0.43,0.15,0.2875,0.335,0.3925,0.1,"low_only_plus_pooling",TRUE,TRUE,0.836163836163836,0.0554166666666667,0.0279166666666667
0.8,0.2,0.43,0.15,0.2875,0.354,0.4,0.103333333333333,"low_only_plus_pooling",TRUE,TRUE,0.869130869130869,0.0538333333333333,0.0295
0.85,0.2,0.43,0.15,0.2875,0.373,0.4075,0.106666666666667,"delay_plus_pooling",TRUE,TRUE,0.773226773226773,0.0566666666666667,0.0266666666666667
0.9,0.2,0.43,0.15,0.2875,0.392,0.415,0.11,"delay_plus_pooling",TRUE,TRUE,0.746253746253746,0.06,0.0233333333333333
0.45,0.25,0.48,0.15,0.306666666666667,0.271,0.3975,0.13,"low_only_plus_pooling",TRUE,TRUE,0.641358641358641,0.06075,0.0225833333333333
0.5,0.25,0.48,0.15,0.306666666666667,0.29,0.405,0.133333333333333,"low_only_plus_pooling",TRUE,TRUE,0.673326673326673,0.0591666666666667,0.0241666666666667
0.55,0.25,0.48,0.15,0.306666666666667,0.309,0.4125,0.136666666666667,"low_only_plus_pooling",TRUE,TRUE,0.706293706293706,0.0575833333333333,0.02575
0.6,0.25,0.48,0.15,0.306666666666667,0.328,0.42,0.14,"low_only_plus_pooling",TRUE,TRUE,0.739260739260739,0.056,0.0273333333333333
0.65,0.25,0.48,0.15,0.306666666666667,0.347,0.4275,0.143333333333333,"low_only_plus_pooling",TRUE,TRUE,0.771228771228771,0.0544166666666667,0.0289166666666667
0.7,0.25,0.48,0.15,0.306666666666667,0.366,0.435,0.146666666666667,"low_only_plus_pooling",TRUE,TRUE,0.804195804195804,0.0528333333333333,0.0305
0.75,0.25,0.48,0.15,0.306666666666667,0.385,0.4425,0.15,"low_only_plus_pooling",TRUE,TRUE,0.836163836163836,0.05125,0.0320833333333333
0.8,0.25,0.48,0.15,0.306666666666667,0.404,0.45,0.153333333333333,"delay_plus_pooling",TRUE,TRUE,0.785214785214785,0.05,0.0333333333333333
0.85,0.25,0.48,0.15,0.306666666666667,0.423,0.4575,0.156666666666667,"delay_plus_pooling",TRUE,TRUE,0.752247752247752,0.053125,0.0302083333333333
0.9,0.25,0.48,0.15,0.306666666666667,0.442,0.465,0.16,"delay_plus_pooling",TRUE,TRUE,0.726273726273726,0.05625,0.0270833333333333
0.45,0.3,0.53,0.15,0.328571428571429,0.321,0.4475,0.18,"low_only_plus_pooling",TRUE,TRUE,0.641358641358641,0.0565833333333333,0.02675
0.5,0.3,0.53,0.15,0.328571428571429,0.34,0.455,0.183333333333333,"low_only_plus_pooling",TRUE,TRUE,0.673326673326673,0.055,0.0283333333333333
0.55,0.3,0.53,0.15,0.328571428571429,0.359,0.4625,0.186666666666667,"low_only_plus_pooling",TRUE,TRUE,0.706293706293706,0.0534166666666667,0.0299166666666667
0.6,0.3,0.53,0.15,0.328571428571429,0.378,0.47,0.19,"low_only_plus_pooling",TRUE,TRUE,0.739260739260739,0.0518333333333333,0.0315
0.65,0.3,0.53,0.15,0.328571428571429,0.397,0.4775,0.193333333333333,"low_only_plus_pooling",TRUE,TRUE,0.771228771228771,0.05025,0.0330833333333333
0.7,0.3,0.53,0.15,0.328571428571429,0.416,0.485,0.196666666666667,"low_only_plus_pooling",TRUE,TRUE,0.804195804195804,0.0486666666666667,0.0346666666666667
0.75,0.3,0.53,0.15,0.328571428571429,0.435,0.4925,0.2,"low_only_plus_pooling",TRUE,TRUE,0.836163836163836,0.0470833333333333,0.03625
0.8,0.3,0.53,0.15,0.328571428571429,0.454,0.5,0.203333333333333,"delay_plus_pooling",TRUE,TRUE,0.761238761238761,0.0466666666666667,0.0366666666666667
0.85,0.3,0.53,0.15,0.328571428571429,0.473,0.5075,0.206666666666667,"delay_plus_pooling",TRUE,TRUE,0.729270729270729,0.0495833333333333,0.03375
0.9,0.3,0.53,0.15,0.328571428571429,0.492,0.515,0.21,"delay_plus_pooling",TRUE,TRUE,0.703296703296703,0.0525,0.0308333333333333
0.45,0.35,0.58,0.15,0.353846153846154,0.371,0.4975,0.23,"low_only_plus_pooling",TRUE,TRUE,0.637362637362637,0.0524166666666667,0.0309166666666667
0.5,0.35,0.58,0.15,0.353846153846154,0.39,0.505,0.233333333333333,"low_only_plus_pooling",TRUE,TRUE,0.673326673326673,0.0508333333333333,0.0325
0.55,0.35,0.58,0.15,0.353846153846154,0.409,0.5125,0.236666666666667,"low_only_plus_pooling",TRUE,TRUE,0.706293706293706,0.04925,0.0340833333333333
0.6,0.35,0.58,0.15,0.353846153846154,0.428,0.52,0.24,"low_only_plus_pooling",TRUE,TRUE,0.739260739260739,0.0476666666666667,0.0356666666666667
0.65,0.35,0.58,0.15,0.353846153846154,0.447,0.5275,0.243333333333333,"low_only_plus_pooling",TRUE,TRUE,0.771228771228771,0.0460833333333333,0.03725
0.7,0.35,0.58,0.15,0.353846153846154,0.466,0.535,0.246666666666667,"low_only_plus_pooling",TRUE,TRUE,0.804195804195804,0.0445,0.0388333333333333
0.75,0.35,0.58,0.15,0.353846153846154,0.485,0.5425,0.25,"low_only_plus_pooling",TRUE,TRUE,0.836163836163836,0.0429166666666667,0.0404166666666667
0.8,0.35,0.58,0.15,0.353846153846154,0.504,0.55,0.253333333333333,"delay_plus_pooling",TRUE,TRUE,0.734265734265734,0.0433333333333333,0.04
0.85,0.35,0.58,0.15,0.353846153846154,0.523,0.5575,0.256666666666667,"delay_plus_pooling",TRUE,TRUE,0.702297702297702,0.0460416666666667,0.0372916666666667
0.9,0.35,0.58,0.15,0.353846153846154,0.542,0.565,0.26,"delay_plus_pooling",TRUE,TRUE,0.677322677322677,0.04875,0.0345833333333333
0.45,0.4,0.63,0.15,0.383333333333333,0.421,0.5475,0.28,"low_only_plus_pooling",TRUE,TRUE,0.62037962037962,0.04825,0.0350833333333333
0.5,0.4,0.63,0.15,0.383333333333333,0.44,0.555,0.283333333333333,"low_only_plus_pooling",TRUE,TRUE,0.673326673326673,0.0466666666666667,0.0366666666666667
0.55,0.4,0.63,0.15,0.383333333333333,0.459,0.5625,0.286666666666667,"low_only_plus_pooling",TRUE,TRUE,0.706293706293706,0.0450833333333333,0.03825
0.6,0.4,0.63,0.15,0.383333333333333,0.478,0.57,0.29,"low_only_plus_pooling",TRUE,TRUE,0.739260739260739,0.0435,0.0398333333333333
0.65,0.4,0.63,0.15,0.383333333333333,0.497,0.5775,0.293333333333333,"low_only_plus_pooling",TRUE,TRUE,0.771228771228771,0.0419166666666667,0.0414166666666667
0.7,0.4,0.63,0.15,0.383333333333333,0.516,0.585,0.296666666666667,"low_only_plus_pooling",TRUE,TRUE,0.804195804195804,0.0403333333333333,0.043
0.75,0.4,0.63,0.15,0.383333333333333,0.535,0.5925,0.3,"low_only_plus_pooling",TRUE,TRUE,0.836163836163836,0.03875,0.0445833333333333
0.8,0.4,0.63,0.15,0.383333333333333,0.554,0.6,0.303333333333333,"delay_plus_pooling",TRUE,TRUE,0.702297702297702,0.04,0.0433333333333333
0.85,0.4,0.63,0.15,0.383333333333333,0.573,0.6075,0.306666666666667,"delay_plus_pooling",TRUE,TRUE,0.671328671328671,0.0425,0.0408333333333333
0.9,0.4,0.63,0.15,0.383333333333333,0.592,0.615,0.31,"delay_plus_pooling",TRUE,TRUE,0.646353646353646,0.045,0.0383333333333333
0.8,0.1,0.36,0.15,0.288888888888889,0.278,0.33,0.00333333333333334,"low_only_plus_pooling",TRUE,TRUE,0.884115884115884,0.0601666666666667,0.0231666666666667
0.85,0.1,0.36,0.15,0.288888888888889,0.2985,0.3375,0.00666666666666667,"delay_plus_pooling",TRUE,TRUE,0.779220779220779,0.06375,0.0195833333333333
0.9,0.1,0.36,0.15,0.288888888888889,0.319,0.345,0.01,"delay_plus_pooling",TRUE,TRUE,0.75024975024975,0.0675,0.0158333333333333
0.45,0.15,0.41,0.15,0.305882352941176,0.1845,0.3275,0.03,"low_only_plus_pooling",TRUE,TRUE,0.682317682317682,0.0679583333333333,0.015375
0.5,0.15,0.41,0.15,0.305882352941176,0.205,0.335,0.0333333333333333,"low_only_plus_pooling",TRUE,TRUE,0.711288711288711,0.06625,0.0170833333333333
0.55,0.15,0.41,0.15,0.305882352941176,0.2255,0.3425,0.0366666666666667,"low_only_plus_pooling",TRUE,TRUE,0.74025974025974,0.0645416666666667,0.0187916666666667
0.6,0.15,0.41,0.15,0.305882352941176,0.246,0.35,0.04,"low_only_plus_pooling",TRUE,TRUE,0.769230769230769,0.0628333333333333,0.0205
0.65,0.15,0.41,0.15,0.305882352941176,0.2665,0.3575,0.0433333333333333,"low_only_plus_pooling",TRUE,TRUE,0.798201798201798,0.061125,0.0222083333333333
0.7,0.15,0.41,0.15,0.305882352941176,0.287,0.365,0.0466666666666667,"low_only_plus_pooling",TRUE,TRUE,0.826173826173826,0.0594166666666667,0.0239166666666667
0.75,0.15,0.41,0.15,0.305882352941176,0.3075,0.3725,0.05,"low_only_plus_pooling",TRUE,TRUE,0.855144855144855,0.0577083333333333,0.025625
0.8,0.15,0.41,0.15,0.305882352941176,0.328,0.38,0.0533333333333334,"delay_plus_pooling",TRUE,TRUE,0.795204795204795,0.0566666666666667,0.0266666666666667
0.85,0.15,0.41,0.15,0.305882352941176,0.3485,0.3875,0.0566666666666667,"delay_plus_pooling",TRUE,TRUE,0.76023976023976,0.0602083333333333,0.023125
0.9,0.15,0.41,0.15,0.305882352941176,0.369,0.395,0.06,"delay_plus_pooling",TRUE,TRUE,0.732267732267732,0.06375,0.0195833333333333
0.45,0.2,0.46,0.15,0.325,0.2345,0.3775,0.08,"low_only_plus_pooling",TRUE,TRUE,0.682317682317682,0.0637916666666667,0.0195416666666667
0.5,0.2,0.46,0.15,0.325,0.255,0.385,0.0833333333333333,"low_only_plus_pooling",TRUE,TRUE,0.711288711288711,0.0620833333333333,0.02125
0.55,0.2,0.46,0.15,0.325,0.2755,0.3925,0.0866666666666667,"low_only_plus_pooling",TRUE,TRUE,0.74025974025974,0.060375,0.0229583333333333
0.6,0.2,0.46,0.15,0.325,0.296,0.4,0.09,"low_only_plus_pooling",TRUE,TRUE,0.769230769230769,0.0586666666666667,0.0246666666666667
0.65,0.2,0.46,0.15,0.325,0.3165,0.4075,0.0933333333333334,"low_only_plus_pooling",TRUE,TRUE,0.798201798201798,0.0569583333333333,0.026375
0.7,0.2,0.46,0.15,0.325,0.337,0.415,0.0966666666666667,"low_only_plus_pooling",TRUE,TRUE,0.826173826173826,0.05525,0.0280833333333333
0.75,0.2,0.46,0.15,0.325,0.3575,0.4225,0.1,"low_only_plus_pooling",TRUE,TRUE,0.855144855144855,0.0535416666666667,0.0297916666666667
0.8,0.2,0.46,0.15,0.325,0.378,0.43,0.103333333333333,"delay_plus_pooling",TRUE,TRUE,0.774225774225774,0.0533333333333333,0.03
0.85,0.2,0.46,0.15,0.325,0.3985,0.4375,0.106666666666667,"delay_plus_pooling",TRUE,TRUE,0.74025974025974,0.0566666666666667,0.0266666666666667
0.9,0.2,0.46,0.15,0.325,0.419,0.445,0.11,"delay_plus_pooling",TRUE,TRUE,0.712287712287712,0.06,0.0233333333333333
0.45,0.25,0.51,0.15,0.346666666666667,0.2845,0.4275,0.13,"low_only_plus_pooling",TRUE,TRUE,0.682317682317682,0.059625,0.0237083333333333
0.5,0.25,0.51,0.15,0.346666666666667,0.305,0.435,0.133333333333333,"low_only_plus_pooling",TRUE,TRUE,0.711288711288711,0.0579166666666667,0.0254166666666667
0.55,0.25,0.51,0.15,0.346666666666667,0.3255,0.4425,0.136666666666667,"low_only_plus_pooling",TRUE,TRUE,0.74025974025974,0.0562083333333333,0.027125
0.6,0.25,0.51,0.15,0.346666666666667,0.346,0.45,0.14,"low_only_plus_pooling",TRUE,TRUE,0.769230769230769,0.0545,0.0288333333333333
0.65,0.25,0.51,0.15,0.346666666666667,0.3665,0.4575,0.143333333333333,"low_only_plus_pooling",TRUE,TRUE,0.798201798201798,0.0527916666666667,0.0305416666666667
0.7,0.25,0.51,0.15,0.346666666666667,0.387,0.465,0.146666666666667,"low_only_plus_pooling",TRUE,TRUE,0.826173826173826,0.0510833333333333,0.03225
0.75,0.25,0.51,0.15,0.346666666666667,0.4075,0.4725,0.15,"low_only_plus_pooling",TRUE,TRUE,0.855144855144855,0.049375,0.0339583333333333
0.8,0.25,0.51,0.15,0.346666666666667,0.428,0.48,0.153333333333333,"delay_plus_pooling",TRUE,TRUE,0.75024975024975,0.05,0.0333333333333333
0.85,0.25,0.51,0.15,0.346666666666667,0.4485,0.4875,0.156666666666667,"delay_plus_pooling",TRUE,TRUE,0.716283716283716,0.053125,0.0302083333333333
0.9,0.25,0.51,0.15,0.346666666666667,0.469,0.495,0.16,"delay_plus_pooling",TRUE,TRUE,0.69030969030969,0.05625,0.0270833333333333
0.45,0.3,0.56,0.15,0.371428571428571,0.3345,0.4775,0.18,"low_only_plus_pooling",TRUE,TRUE,0.682317682317682,0.0554583333333333,0.027875
0.5,0.3,0.56,0.15,0.371428571428571,0.355,0.485,0.183333333333333,"low_only_plus_pooling",TRUE,TRUE,0.711288711288711,0.05375,0.0295833333333333
0.55,0.3,0.56,0.15,0.371428571428571,0.3755,0.4925,0.186666666666667,"low_only_plus_pooling",TRUE,TRUE,0.74025974025974,0.0520416666666667,0.0312916666666667
0.6,0.3,0.56,0.15,0.371428571428571,0.396,0.5,0.19,"low_only_plus_pooling",TRUE,TRUE,0.769230769230769,0.0503333333333333,0.033
0.65,0.3,0.56,0.15,0.371428571428571,0.4165,0.5075,0.193333333333333,"low_only_plus_pooling",TRUE,TRUE,0.798201798201798,0.048625,0.0347083333333333
0.7,0.3,0.56,0.15,0.371428571428571,0.437,0.515,0.196666666666667,"low_only_plus_pooling",TRUE,TRUE,0.826173826173826,0.0469166666666667,0.0364166666666667
0.75,0.3,0.56,0.15,0.371428571428571,0.4575,0.5225,0.2,"low_only_plus_pooling",TRUE,TRUE,0.855144855144855,0.0452083333333333,0.038125
0.8,0.3,0.56,0.15,0.371428571428571,0.478,0.53,0.203333333333333,"delay_plus_pooling",TRUE,TRUE,0.723276723276723,0.0466666666666667,0.0366666666666667
0.85,0.3,0.56,0.15,0.371428571428571,0.4985,0.5375,0.206666666666667,"delay_plus_pooling",TRUE,TRUE,0.69030969030969,0.0495833333333333,0.03375
0.9,0.3,0.56,0.15,0.371428571428571,0.519,0.545,0.21,"delay_plus_pooling",TRUE,TRUE,0.664335664335664,0.0525,0.0308333333333333
0.45,0.35,0.61,0.15,0.4,0.3845,0.5275,0.23,"low_only_plus_pooling",TRUE,TRUE,0.682317682317682,0.0512916666666667,0.0320416666666667
0.5,0.35,0.61,0.15,0.4,0.405,0.535,0.233333333333333,"low_only_plus_pooling",TRUE,TRUE,0.711288711288711,0.0495833333333333,0.03375
0.55,0.35,0.61,0.15,0.4,0.4255,0.5425,0.236666666666667,"low_only_plus_pooling",TRUE,TRUE,0.74025974025974,0.047875,0.0354583333333333
0.6,0.35,0.61,0.15,0.4,0.446,0.55,0.24,"low_only_plus_pooling",TRUE,TRUE,0.769230769230769,0.0461666666666667,0.0371666666666667
0.65,0.35,0.61,0.15,0.4,0.4665,0.5575,0.243333333333333,"low_only_plus_pooling",TRUE,TRUE,0.798201798201798,0.0444583333333333,0.038875
0.7,0.35,0.61,0.15,0.4,0.487,0.565,0.246666666666667,"low_only_plus_pooling",TRUE,TRUE,0.826173826173826,0.04275,0.0405833333333333
0.75,0.35,0.61,0.15,0.4,0.5075,0.5725,0.25,"low_only_plus_pooling",TRUE,TRUE,0.855144855144855,0.0410416666666667,0.0422916666666667
0.8,0.35,0.61,0.15,0.4,0.528,0.58,0.253333333333333,"delay_plus_pooling",TRUE,TRUE,0.691308691308691,0.0433333333333333,0.04
0.85,0.35,0.61,0.15,0.4,0.5485,0.5875,0.256666666666667,"delay_plus_pooling",TRUE,TRUE,0.659340659340659,0.0460416666666667,0.0372916666666667
0.9,0.35,0.61,0.15,0.4,0.569,0.595,0.26,"delay_plus_pooling",TRUE,TRUE,0.634365634365634,0.04875,0.0345833333333333
0.45,0.4,0.66,0.15,0.433333333333333,0.4345,0.5775,0.28,"low_only_plus_pooling",TRUE,TRUE,0.682317682317682,0.047125,0.0362083333333333
0.5,0.4,0.66,0.15,0.433333333333333,0.455,0.585,0.283333333333333,"low_only_plus_pooling",TRUE,TRUE,0.711288711288711,0.0454166666666667,0.0379166666666667
0.55,0.4,0.66,0.15,0.433333333333333,0.4755,0.5925,0.286666666666667,"low_only_plus_pooling",TRUE,TRUE,0.74025974025974,0.0437083333333333,0.039625
0.6,0.4,0.66,0.15,0.433333333333333,0.496,0.6,0.29,"low_only_plus_pooling",TRUE,TRUE,0.769230769230769,0.042,0.0413333333333333
0.65,0.4,0.66,0.15,0.433333333333333,0.5165,0.6075,0.293333333333333,"low_only_plus_pooling",TRUE,TRUE,0.798201798201798,0.0402916666666667,0.0430416666666667
0.7,0.4,0.66,0.15,0.433333333333333,0.537,0.615,0.296666666666667,"low_only_plus_pooling",TRUE,TRUE,0.826173826173826,0.0385833333333333,0.04475
0.75,0.4,0.66,0.15,0.433333333333333,0.5575,0.6225,0.3,"delay_plus_pooling",TRUE,TRUE,0.693306693306693,0.0375,0.0458333333333333
0.8,0.4,0.66,0.15,0.433333333333333,0.578,0.63,0.303333333333333,"delay_plus_pooling",TRUE,TRUE,0.654345654345654,0.04,0.0433333333333333
0.85,0.4,0.66,0.15,0.433333333333333,0.5985,0.6375,0.306666666666667,"delay_plus_pooling",TRUE,TRUE,0.623376623376623,0.0425,0.0408333333333333
0.9,0.4,0.66,0.15,0.433333333333333,0.619,0.645,0.31,"delay_plus_pooling",TRUE,TRUE,0.599400599400599,0.045,0.0383333333333333
0.8,0.1,0.39,0.15,0.322222222222222,0.302,0.36,0.00333333333333334,"delay_plus_pooling",TRUE,TRUE,0.784215784215784,0.06,0.0233333333333333
0.85,0.1,0.39,0.15,0.322222222222222,0.324,0.3675,0.00666666666666667,"delay_plus_pooling",TRUE,TRUE,0.748251748251748,0.06375,0.0195833333333333
0.9,0.1,0.39,0.15,0.322222222222222,0.346,0.375,0.01,"delay_plus_pooling",TRUE,TRUE,0.719280719280719,0.0675,0.0158333333333333
0.45,0.15,0.44,0.15,0.341176470588235,0.198,0.3575,0.03,"low_only_plus_pooling",TRUE,TRUE,0.715284715284715,0.0668333333333333,0.0165
0.5,0.15,0.44,0.15,0.341176470588235,0.22,0.365,0.0333333333333333,"low_only_plus_pooling",TRUE,TRUE,0.741258741258741,0.065,0.0183333333333333
0.55,0.15,0.44,0.15,0.341176470588235,0.242,0.3725,0.0366666666666667,"low_only_plus_pooling",TRUE,TRUE,0.767232767232767,0.0631666666666667,0.0201666666666667
0.6,0.15,0.44,0.15,0.341176470588235,0.264,0.38,0.04,"low_only_plus_pooling",TRUE,TRUE,0.793206793206793,0.0613333333333333,0.022
0.65,0.15,0.44,0.15,0.341176470588235,0.286,0.3875,0.0433333333333333,"low_only_plus_pooling",TRUE,TRUE,0.818181818181818,0.0595,0.0238333333333333
0.7,0.15,0.44,0.15,0.341176470588235,0.308,0.395,0.0466666666666667,"low_only_plus_pooling",TRUE,TRUE,0.844155844155844,0.0576666666666667,0.0256666666666667
0.75,0.15,0.44,0.15,0.341176470588235,0.33,0.4025,0.05,"low_only_plus_pooling",TRUE,TRUE,0.87012987012987,0.0558333333333333,0.0275
0.8,0.15,0.44,0.15,0.341176470588235,0.352,0.41,0.0533333333333334,"delay_plus_pooling",TRUE,TRUE,0.763236763236763,0.0566666666666667,0.0266666666666667
0.85,0.15,0.44,0.15,0.341176470588235,0.374,0.4175,0.0566666666666667,"delay_plus_pooling",TRUE,TRUE,0.728271728271728,0.0602083333333333,0.023125
0.9,0.15,0.44,0.15,0.341176470588235,0.396,0.425,0.06,"delay_plus_pooling",TRUE,TRUE,0.699300699300699,0.06375,0.0195833333333333
0.45,0.2,0.49,0.15,0.3625,0.248,0.4075,0.08,"low_only_plus_pooling",TRUE,TRUE,0.715284715284715,0.0626666666666667,0.0206666666666667
0.5,0.2,0.49,0.15,0.3625,0.27,0.415,0.0833333333333333,"low_only_plus_pooling",TRUE,TRUE,0.741258741258741,0.0608333333333333,0.0225
0.55,0.2,0.49,0.15,0.3625,0.292,0.4225,0.0866666666666667,"low_only_plus_pooling",TRUE,TRUE,0.767232767232767,0.059,0.0243333333333333
0.6,0.2,0.49,0.15,0.3625,0.314,0.43,0.09,"low_only_plus_pooling",TRUE,TRUE,0.793206793206793,0.0571666666666667,0.0261666666666667
0.65,0.2,0.49,0.15,0.3625,0.336,0.4375,0.0933333333333334,"low_only_plus_pooling",TRUE,TRUE,0.818181818181818,0.0553333333333333,0.028
0.7,0.2,0.49,0.15,0.3625,0.358,0.445,0.0966666666666667,"low_only_plus_pooling",TRUE,TRUE,0.844155844155844,0.0535,0.0298333333333333
0.75,0.2,0.49,0.15,0.3625,0.38,0.4525,0.1,"low_only_plus_pooling",TRUE,TRUE,0.87012987012987,0.0516666666666667,0.0316666666666667
0.8,0.2,0.49,0.15,0.3625,0.402,0.46,0.103333333333333,"delay_plus_pooling",TRUE,TRUE,0.739260739260739,0.0533333333333333,0.03
0.85,0.2,0.49,0.15,0.3625,0.424,0.4675,0.106666666666667,"delay_plus_pooling",TRUE,TRUE,0.705294705294705,0.0566666666666667,0.0266666666666667
0.9,0.2,0.49,0.15,0.3625,0.446,0.475,0.11,"delay_plus_pooling",TRUE,TRUE,0.677322677322677,0.06,0.0233333333333333
0.45,0.25,0.54,0.15,0.386666666666667,0.298,0.4575,0.13,"low_only_plus_pooling",TRUE,TRUE,0.715284715284715,0.0585,0.0248333333333333
0.5,0.25,0.54,0.15,0.386666666666667,0.32,0.465,0.133333333333333,"low_only_plus_pooling",TRUE,TRUE,0.741258741258741,0.0566666666666667,0.0266666666666667
0.55,0.25,0.54,0.15,0.386666666666667,0.342,0.4725,0.136666666666667,"low_only_plus_pooling",TRUE,TRUE,0.767232767232767,0.0548333333333333,0.0285
0.6,0.25,0.54,0.15,0.386666666666667,0.364,0.48,0.14,"low_only_plus_pooling",TRUE,TRUE,0.793206793206793,0.053,0.0303333333333333
0.65,0.25,0.54,0.15,0.386666666666667,0.386,0.4875,0.143333333333333,"low_only_plus_pooling",TRUE,TRUE,0.818181818181818,0.0511666666666667,0.0321666666666667
0.7,0.25,0.54,0.15,0.386666666666667,0.408,0.495,0.146666666666667,"low_only_plus_pooling",TRUE,TRUE,0.844155844155844,0.0493333333333333,0.034
0.75,0.25,0.54,0.15,0.386666666666667,0.43,0.5025,0.15,"low_only_plus_pooling",TRUE,TRUE,0.87012987012987,0.0475,0.0358333333333333
0.8,0.25,0.54,0.15,0.386666666666667,0.452,0.51,0.153333333333333,"delay_plus_pooling",TRUE,TRUE,0.712287712287712,0.05,0.0333333333333333
0.85,0.25,0.54,0.15,0.386666666666667,0.474,0.5175,0.156666666666667,"delay_plus_pooling",TRUE,TRUE,0.678321678321678,0.053125,0.0302083333333333
0.9,0.25,0.54,0.15,0.386666666666667,0.496,0.525,0.16,"delay_plus_pooling",TRUE,TRUE,0.651348651348651,0.05625,0.0270833333333333
0.45,0.3,0.59,0.15,0.414285714285714,0.348,0.5075,0.18,"low_only_plus_pooling",TRUE,TRUE,0.715284715284715,0.0543333333333333,0.029
0.5,0.3,0.59,0.15,0.414285714285714,0.37,0.515,0.183333333333333,"low_only_plus_pooling",TRUE,TRUE,0.741258741258741,0.0525,0.0308333333333333
0.55,0.3,0.59,0.15,0.414285714285714,0.392,0.5225,0.186666666666667,"low_only_plus_pooling",TRUE,TRUE,0.767232767232767,0.0506666666666667,0.0326666666666667
0.6,0.3,0.59,0.15,0.414285714285714,0.414,0.53,0.19,"low_only_plus_pooling",TRUE,TRUE,0.793206793206793,0.0488333333333333,0.0345
0.65,0.3,0.59,0.15,0.414285714285714,0.436,0.5375,0.193333333333333,"low_only_plus_pooling",TRUE,TRUE,0.818181818181818,0.047,0.0363333333333333
0.7,0.3,0.59,0.15,0.414285714285714,0.458,0.545,0.196666666666667,"low_only_plus_pooling",TRUE,TRUE,0.844155844155844,0.0451666666666667,0.0381666666666667
0.75,0.3,0.59,0.15,0.414285714285714,0.48,0.5525,0.2,"delay_plus_pooling",TRUE,TRUE,0.722277722277722,0.04375,0.0395833333333333
0.8,0.3,0.59,0.15,0.414285714285714,0.502,0.56,0.203333333333333,"delay_plus_pooling",TRUE,TRUE,0.681318681318681,0.0466666666666667,0.0366666666666667
0.85,0.3,0.59,0.15,0.414285714285714,0.524,0.5675,0.206666666666667,"delay_plus_pooling",TRUE,TRUE,0.648351648351648,0.0495833333333333,0.03375
0.9,0.3,0.59,0.15,0.414285714285714,0.546,0.575,0.21,"delay_plus_pooling",TRUE,TRUE,0.622377622377622,0.0525,0.0308333333333333
0.45,0.35,0.64,0.15,0.446153846153846,0.398,0.5575,0.23,"low_only_plus_pooling",TRUE,TRUE,0.715284715284715,0.0501666666666667,0.0331666666666667
0.5,0.35,0.64,0.15,0.446153846153846,0.42,0.565,0.233333333333333,"low_only_plus_pooling",TRUE,TRUE,0.741258741258741,0.0483333333333333,0.035
0.55,0.35,0.64,0.15,0.446153846153846,0.442,0.5725,0.236666666666667,"low_only_plus_pooling",TRUE,TRUE,0.767232767232767,0.0465,0.0368333333333333
0.6,0.35,0.64,0.15,0.446153846153846,0.464,0.58,0.24,"low_only_plus_pooling",TRUE,TRUE,0.793206793206793,0.0446666666666667,0.0386666666666667
0.65,0.35,0.64,0.15,0.446153846153846,0.486,0.5875,0.243333333333333,"low_only_plus_pooling",TRUE,TRUE,0.818181818181818,0.0428333333333333,0.0405
0.7,0.35,0.64,0.15,0.446153846153846,0.508,0.595,0.246666666666667,"low_only_plus_pooling",TRUE,TRUE,0.844155844155844,0.041,0.0423333333333333
0.75,0.35,0.64,0.15,0.446153846153846,0.53,0.6025,0.25,"delay_plus_pooling",TRUE,TRUE,0.685314685314685,0.040625,0.0427083333333333
0.8,0.35,0.64,0.15,0.446153846153846,0.552,0.61,0.253333333333333,"delay_plus_pooling",TRUE,TRUE,0.645354645354645,0.0433333333333333,0.04
0.85,0.35,0.64,0.15,0.446153846153846,0.574,0.6175,0.256666666666667,"delay_plus_pooling",TRUE,TRUE,0.614385614385614,0.0460416666666667,0.0372916666666667
0.9,0.35,0.64,0.15,0.446153846153846,0.596,0.625,0.26,"delay_plus_pooling",TRUE,TRUE,0.589410589410589,0.04875,0.0345833333333333
0.45,0.4,0.69,0.15,0.483333333333333,0.448,0.6075,0.28,"low_only_plus_pooling",TRUE,TRUE,0.715284715284715,0.046,0.0373333333333333
0.5,0.4,0.69,0.15,0.483333333333333,0.47,0.615,0.283333333333333,"low_only_plus_pooling",TRUE,TRUE,0.741258741258741,0.0441666666666667,0.0391666666666667
0.55,0.4,0.69,0.15,0.483333333333333,0.492,0.6225,0.286666666666667,"low_only_plus_pooling",TRUE,TRUE,0.767232767232767,0.0423333333333333,0.041
0.6,0.4,0.69,0.15,0.483333333333333,0.514,0.63,0.29,"low_only_plus_pooling",TRUE,TRUE,0.793206793206793,0.0405,0.0428333333333333
0.65,0.4,0.69,0.15,0.483333333333333,0.536,0.6375,0.293333333333333,"low_only_plus_pooling",TRUE,TRUE,0.818181818181818,0.0386666666666667,0.0446666666666667
0.7,0.4,0.69,0.15,0.483333333333333,0.558,0.645,0.296666666666667,"low_only_plus_pooling",TRUE,TRUE,0.844155844155844,0.0368333333333333,0.0465
0.75,0.4,0.69,0.15,0.483333333333333,0.58,0.6525,0.3,"delay_plus_pooling",TRUE,TRUE,0.642357642357642,0.0375,0.0458333333333333
0.8,0.4,0.69,0.15,0.483333333333333,0.602,0.66,0.303333333333333,"delay_plus_pooling",TRUE,TRUE,0.604395604395604,0.04,0.0433333333333333
0.85,0.4,0.69,0.15,0.483333333333333,0.624,0.6675,0.306666666666667,"delay_plus_pooling",TRUE,TRUE,0.573426573426573,0.0425,0.0408333333333333
0.9,0.4,0.69,0.15,0.483333333333333,0.646,0.675,0.31,"delay_plus_pooling",TRUE,TRUE,0.54945054945055,0.045,0.0383333333333333
0.8,0.1,0.42,0.15,0.355555555555556,0.326,0.39,0.00333333333333334,"delay_plus_pooling",TRUE,TRUE,0.753246753246753,0.06,0.0233333333333333
0.85,0.1,0.42,0.15,0.355555555555556,0.3495,0.3975,0.00666666666666667,"delay_plus_pooling",TRUE,TRUE,0.716283716283716,0.06375,0.0195833333333333
0.9,0.1,0.42,0.15,0.355555555555556,0.373,0.405,0.01,"delay_plus_pooling",TRUE,TRUE,0.687312687312687,0.0675,0.0158333333333333
0.45,0.15,0.47,0.15,0.376470588235294,0.2115,0.3875,0.03,"low_only_plus_pooling",TRUE,TRUE,0.742257742257742,0.0657083333333333,0.017625
0.5,0.15,0.47,0.15,0.376470588235294,0.235,0.395,0.0333333333333333,"low_only_plus_pooling",TRUE,TRUE,0.765234765234765,0.06375,0.0195833333333333
0.55,0.15,0.47,0.15,0.376470588235294,0.2585,0.4025,0.0366666666666667,"low_only_plus_pooling",TRUE,TRUE,0.789210789210789,0.0617916666666667,0.0215416666666667
0.6,0.15,0.47,0.15,0.376470588235294,0.282,0.41,0.04,"low_only_plus_pooling",TRUE,TRUE,0.812187812187812,0.0598333333333333,0.0235
0.65,0.15,0.47,0.15,0.376470588235294,0.3055,0.4175,0.0433333333333333,"low_only_plus_pooling",TRUE,TRUE,0.835164835164835,0.057875,0.0254583333333333
0.7,0.15,0.47,0.15,0.376470588235294,0.329,0.425,0.0466666666666667,"low_only_plus_pooling",TRUE,TRUE,0.859140859140859,0.0559166666666667,0.0274166666666667
0.75,0.15,0.47,0.15,0.376470588235294,0.3525,0.4325,0.05,"low_only_plus_pooling",TRUE,TRUE,0.882117882117882,0.0539583333333333,0.029375
0.8,0.15,0.47,0.15,0.376470588235294,0.376,0.44,0.0533333333333334,"delay_plus_pooling",TRUE,TRUE,0.729270729270729,0.0566666666666667,0.0266666666666667
0.85,0.15,0.47,0.15,0.376470588235294,0.3995,0.4475,0.0566666666666667,"delay_plus_pooling",TRUE,TRUE,0.693306693306693,0.0602083333333333,0.023125
0.9,0.15,0.47,0.15,0.376470588235294,0.423,0.455,0.06,"delay_plus_pooling",TRUE,TRUE,0.665334665334665,0.06375,0.0195833333333333
0.45,0.2,0.52,0.15,0.4,0.2615,0.4375,0.08,"low_only_plus_pooling",TRUE,TRUE,0.742257742257742,0.0615416666666667,0.0217916666666667
0.5,0.2,0.52,0.15,0.4,0.285,0.445,0.0833333333333333,"low_only_plus_pooling",TRUE,TRUE,0.765234765234765,0.0595833333333333,0.02375
0.55,0.2,0.52,0.15,0.4,0.3085,0.4525,0.0866666666666667,"low_only_plus_pooling",TRUE,TRUE,0.789210789210789,0.057625,0.0257083333333333
0.6,0.2,0.52,0.15,0.4,0.332,0.46,0.09,"low_only_plus_pooling",TRUE,TRUE,0.812187812187812,0.0556666666666667,0.0276666666666667
0.65,0.2,0.52,0.15,0.4,0.3555,0.4675,0.0933333333333334,"low_only_plus_pooling",TRUE,TRUE,0.835164835164835,0.0537083333333333,0.029625
0.7,0.2,0.52,0.15,0.4,0.379,0.475,0.0966666666666667,"low_only_plus_pooling",TRUE,TRUE,0.859140859140859,0.05175,0.0315833333333333
0.75,0.2,0.52,0.15,0.4,0.4025,0.4825,0.1,"all_three",TRUE,TRUE,0.805194805194805,0.05,0.0333333333333333
0.8,0.2,0.52,0.15,0.4,0.426,0.49,0.103333333333333,"delay_plus_pooling",TRUE,TRUE,0.702297702297702,0.0533333333333333,0.03
0.85,0.2,0.52,0.15,0.4,0.4495,0.4975,0.106666666666667,"delay_plus_pooling",TRUE,TRUE,0.667332667332667,0.0566666666666667,0.0266666666666667
0.9,0.2,0.52,0.15,0.4,0.473,0.505,0.11,"delay_plus_pooling",TRUE,TRUE,0.64035964035964,0.06,0.0233333333333333
0.45,0.25,0.57,0.15,0.426666666666667,0.3115,0.4875,0.13,"low_only_plus_pooling",TRUE,TRUE,0.742257742257742,0.057375,0.0259583333333333
0.5,0.25,0.57,0.15,0.426666666666667,0.335,0.495,0.133333333333333,"low_only_plus_pooling",TRUE,TRUE,0.765234765234765,0.0554166666666667,0.0279166666666667
0.55,0.25,0.57,0.15,0.426666666666667,0.3585,0.5025,0.136666666666667,"low_only_plus_pooling",TRUE,TRUE,0.789210789210789,0.0534583333333333,0.029875
0.6,0.25,0.57,0.15,0.426666666666667,0.382,0.51,0.14,"low_only_plus_pooling",TRUE,TRUE,0.812187812187812,0.0515,0.0318333333333333
0.65,0.25,0.57,0.15,0.426666666666667,0.4055,0.5175,0.143333333333333,"low_only_plus_pooling",TRUE,TRUE,0.835164835164835,0.0495416666666667,0.0337916666666667
0.7,0.25,0.57,0.15,0.426666666666667,0.429,0.525,0.146666666666667,"low_only_plus_pooling",TRUE,TRUE,0.859140859140859,0.0475833333333333,0.03575
0.75,0.25,0.57,0.15,0.426666666666667,0.4525,0.5325,0.15,"delay_plus_pooling",TRUE,TRUE,0.713286713286713,0.046875,0.0364583333333333
0.8,0.25,0.57,0.15,0.426666666666667,0.476,0.54,0.153333333333333,"delay_plus_pooling",TRUE,TRUE,0.672327672327672,0.05,0.0333333333333333
0.85,0.25,0.57,0.15,0.426666666666667,0.4995,0.5475,0.156666666666667,"delay_plus_pooling",TRUE,TRUE,0.638361638361638,0.053125,0.0302083333333333
0.9,0.25,0.57,0.15,0.426666666666667,0.523,0.555,0.16,"delay_plus_pooling",TRUE,TRUE,0.612387612387612,0.05625,0.0270833333333333
0.45,0.3,0.62,0.15,0.457142857142857,0.3615,0.5375,0.18,"low_only_plus_pooling",TRUE,TRUE,0.742257742257742,0.0532083333333333,0.030125
0.5,0.3,0.62,0.15,0.457142857142857,0.385,0.545,0.183333333333333,"low_only_plus_pooling",TRUE,TRUE,0.765234765234765,0.05125,0.0320833333333333
0.55,0.3,0.62,0.15,0.457142857142857,0.4085,0.5525,0.186666666666667,"low_only_plus_pooling",TRUE,TRUE,0.789210789210789,0.0492916666666667,0.0340416666666667
0.6,0.3,0.62,0.15,0.457142857142857,0.432,0.56,0.19,"low_only_plus_pooling",TRUE,TRUE,0.812187812187812,0.0473333333333333,0.036
0.65,0.3,0.62,0.15,0.457142857142857,0.4555,0.5675,0.193333333333333,"low_only_plus_pooling",TRUE,TRUE,0.835164835164835,0.045375,0.0379583333333333
0.7,0.3,0.62,0.15,0.457142857142857,0.479,0.575,0.196666666666667,"low_only_plus_pooling",TRUE,TRUE,0.859140859140859,0.0434166666666667,0.0399166666666667
0.75,0.3,0.62,0.15,0.457142857142857,0.5025,0.5825,0.2,"delay_plus_pooling",TRUE,TRUE,0.677322677322677,0.04375,0.0395833333333333
0.8,0.3,0.62,0.15,0.457142857142857,0.526,0.59,0.203333333333333,"delay_plus_pooling",TRUE,TRUE,0.638361638361638,0.0466666666666667,0.0366666666666667
0.85,0.3,0.62,0.15,0.457142857142857,0.5495,0.5975,0.206666666666667,"delay_plus_pooling",TRUE,TRUE,0.605394605394605,0.0495833333333333,0.03375
0.9,0.3,0.62,0.15,0.457142857142857,0.573,0.605,0.21,"delay_plus_pooling",TRUE,TRUE,0.57942057942058,0.0525,0.0308333333333333
0.45,0.35,0.67,0.15,0.492307692307692,0.4115,0.5875,0.23,"low_only_plus_pooling",TRUE,TRUE,0.742257742257742,0.0490416666666667,0.0342916666666667
0.5,0.35,0.67,0.15,0.492307692307692,0.435,0.595,0.233333333333333,"low_only_plus_pooling",TRUE,TRUE,0.765234765234765,0.0470833333333333,0.03625
0.55,0.35,0.67,0.15,0.492307692307692,0.4585,0.6025,0.236666666666667,"low_only_plus_pooling",TRUE,TRUE,0.789210789210789,0.045125,0.0382083333333333
0.6,0.35,0.67,0.15,0.492307692307692,0.482,0.61,0.24,"low_only_plus_pooling",TRUE,TRUE,0.812187812187812,0.0431666666666667,0.0401666666666667
0.65,0.35,0.67,0.15,0.492307692307692,0.5055,0.6175,0.243333333333333,"low_only_plus_pooling",TRUE,TRUE,0.835164835164835,0.0412083333333333,0.042125
0.7,0.35,0.67,0.15,0.492307692307692,0.529,0.625,0.246666666666667,"low_only_plus_pooling",TRUE,TRUE,0.859140859140859,0.03925,0.0440833333333333
0.75,0.35,0.67,0.15,0.492307692307692,0.5525,0.6325,0.25,"delay_plus_pooling",TRUE,TRUE,0.635364635364635,0.040625,0.0427083333333333
0.8,0.35,0.67,0.15,0.492307692307692,0.576,0.64,0.253333333333333,"delay_plus_pooling",TRUE,TRUE,0.598401598401598,0.0433333333333333,0.04
0.85,0.35,0.67,0.15,0.492307692307692,0.5995,0.6475,0.256666666666667,"delay_plus_pooling",TRUE,TRUE,0.567432567432567,0.0460416666666667,0.0372916666666667
0.9,0.35,0.67,0.15,0.492307692307692,0.623,0.655,0.26,"delay_plus_pooling",TRUE,TRUE,0.542457542457542,0.04875,0.0345833333333333
0.45,0.4,0.72,0.15,0.533333333333333,0.4615,0.6375,0.28,"low_only_plus_pooling",TRUE,TRUE,0.742257742257742,0.044875,0.0384583333333333
0.5,0.4,0.72,0.15,0.533333333333333,0.485,0.645,0.283333333333333,"low_only_plus_pooling",TRUE,TRUE,0.765234765234765,0.0429166666666667,0.0404166666666667
0.55,0.4,0.72,0.15,0.533333333333333,0.5085,0.6525,0.286666666666667,"low_only_plus_pooling",TRUE,TRUE,0.789210789210789,0.0409583333333333,0.042375
0.6,0.4,0.72,0.15,0.533333333333333,0.532,0.66,0.29,"low_only_plus_pooling",TRUE,TRUE,0.812187812187812,0.039,0.0443333333333333
0.65,0.4,0.72,0.15,0.533333333333333,0.5555,0.6675,0.293333333333333,"low_only_plus_pooling",TRUE,TRUE,0.835164835164835,0.0370416666666667,0.0462916666666667
0.7,0.4,0.72,0.15,0.533333333333333,0.579,0.675,0.296666666666667,"low_only_plus_pooling",TRUE,TRUE,0.859140859140859,0.0350833333333333,0.04825
0.75,0.4,0.72,0.15,0.533333333333333,0.6025,0.6825,0.3,"delay_plus_pooling",TRUE,TRUE,0.587412587412587,0.0375,0.0458333333333333
0.8,0.4,0.72,0.15,0.533333333333333,0.626,0.69,0.303333333333333,"delay_plus_pooling",TRUE,TRUE,0.551448551448551,0.04,0.0433333333333333
0.85,0.4,0.72,0.15,0.533333333333333,0.6495,0.6975,0.306666666666667,"delay_plus_pooling",TRUE,TRUE,0.522477522477522,0.0425,0.0408333333333333
0.9,0.4,0.72,0.15,0.533333333333333,0.673,0.705,0.31,"delay_plus_pooling",TRUE,TRUE,0.4995004995005,0.045,0.0383333333333333
0.8,0.1,0.45,0.15,0.388888888888889,0.35,0.42,0.00333333333333334,"delay_plus_pooling",TRUE,TRUE,0.719280719280719,0.06,0.0233333333333333
0.85,0.1,0.45,0.15,0.388888888888889,0.375,0.4275,0.00666666666666667,"delay_plus_pooling",TRUE,TRUE,0.683316683316683,0.06375,0.0195833333333333
0.9,0.1,0.45,0.15,0.388888888888889,0.4,0.435,0.01,"delay_plus_pooling",TRUE,TRUE,0.654345654345654,0.0675,0.0158333333333333
0.45,0.15,0.5,0.15,0.411764705882353,0.225,0.4175,0.03,"low_only_plus_pooling",TRUE,TRUE,0.764235764235764,0.0645833333333333,0.01875
0.5,0.15,0.5,0.15,0.411764705882353,0.25,0.425,0.0333333333333333,"low_only_plus_pooling",TRUE,TRUE,0.785214785214785,0.0625,0.0208333333333333
0.55,0.15,0.5,0.15,0.411764705882353,0.275,0.4325,0.0366666666666667,"low_only_plus_pooling",TRUE,TRUE,0.807192807192807,0.0604166666666667,0.0229166666666667
0.6,0.15,0.5,0.15,0.411764705882353,0.3,0.44,0.04,"low_only_plus_pooling",TRUE,TRUE,0.828171828171828,0.0583333333333333,0.025
0.65,0.15,0.5,0.15,0.411764705882353,0.325,0.4475,0.0433333333333333,"low_only_plus_pooling",TRUE,TRUE,0.849150849150849,0.05625,0.0270833333333333
0.7,0.15,0.5,0.15,0.411764705882353,0.35,0.455,0.0466666666666667,"low_only_plus_pooling",TRUE,TRUE,0.871128871128871,0.0541666666666667,0.0291666666666667
0.75,0.15,0.5,0.15,0.411764705882353,0.375,0.4625,0.05,"delay_plus_pooling",TRUE,TRUE,0.735264735264735,0.053125,0.0302083333333333
0.8,0.15,0.5,0.15,0.411764705882353,0.4,0.47,0.0533333333333334,"delay_plus_pooling",TRUE,TRUE,0.693306693306693,0.0566666666666667,0.0266666666666667
0.85,0.15,0.5,0.15,0.411764705882353,0.425,0.4775,0.0566666666666667,"delay_plus_pooling",TRUE,TRUE,0.658341658341658,0.0602083333333333,0.023125
0.9,0.15,0.5,0.15,0.411764705882353,0.45,0.485,0.06,"delay_plus_pooling",TRUE,TRUE,0.63036963036963,0.06375,0.0195833333333333
0.45,0.2,0.55,0.15,0.4375,0.275,0.4675,0.08,"low_only_plus_pooling",TRUE,TRUE,0.764235764235764,0.0604166666666667,0.0229166666666667
0.5,0.2,0.55,0.15,0.4375,0.3,0.475,0.0833333333333333,"low_only_plus_pooling",TRUE,TRUE,0.785214785214785,0.0583333333333333,0.025
0.55,0.2,0.55,0.15,0.4375,0.325,0.4825,0.0866666666666667,"low_only_plus_pooling",TRUE,TRUE,0.807192807192807,0.05625,0.0270833333333333
0.6,0.2,0.55,0.15,0.4375,0.35,0.49,0.09,"low_only_plus_pooling",TRUE,TRUE,0.828171828171828,0.0541666666666667,0.0291666666666667
0.65,0.2,0.55,0.15,0.4375,0.375,0.4975,0.0933333333333334,"low_only_plus_pooling",TRUE,TRUE,0.849150849150849,0.0520833333333333,0.03125
0.7,0.2,0.55,0.15,0.4375,0.4,0.505,0.0966666666666667,"low_only_plus_pooling",TRUE,TRUE,0.871128871128871,0.05,0.0333333333333333
0.75,0.2,0.55,0.15,0.4375,0.425,0.5125,0.1,"delay_plus_pooling",TRUE,TRUE,0.704295704295704,0.05,0.0333333333333333
0.8,0.2,0.55,0.15,0.4375,0.45,0.52,0.103333333333333,"delay_plus_pooling",TRUE,TRUE,0.663336663336663,0.0533333333333333,0.03
0.85,0.2,0.55,0.15,0.4375,0.475,0.5275,0.106666666666667,"delay_plus_pooling",TRUE,TRUE,0.629370629370629,0.0566666666666667,0.0266666666666667
0.9,0.2,0.55,0.15,0.4375,0.5,0.535,0.11,"delay_plus_pooling",TRUE,TRUE,0.602397602397602,0.06,0.0233333333333333
0.45,0.25,0.6,0.15,0.466666666666667,0.325,0.5175,0.13,"low_only_plus_pooling",TRUE,TRUE,0.764235764235764,0.05625,0.0270833333333333
0.5,0.25,0.6,0.15,0.466666666666667,0.35,0.525,0.133333333333333,"low_only_plus_pooling",TRUE,TRUE,0.785214785214785,0.0541666666666667,0.0291666666666667
0.55,0.25,0.6,0.15,0.466666666666667,0.375,0.5325,0.136666666666667,"low_only_plus_pooling",TRUE,TRUE,0.807192807192807,0.0520833333333333,0.03125
0.6,0.25,0.6,0.15,0.466666666666667,0.4,0.54,0.14,"low_only_plus_pooling",TRUE,TRUE,0.828171828171828,0.05,0.0333333333333333
0.65,0.25,0.6,0.15,0.466666666666667,0.425,0.5475,0.143333333333333,"low_only_plus_pooling",TRUE,TRUE,0.849150849150849,0.0479166666666667,0.0354166666666667
0.7,0.25,0.6,0.15,0.466666666666667,0.45,0.555,0.146666666666667,"low_only_plus_pooling",TRUE,TRUE,0.871128871128871,0.0458333333333333,0.0375
0.75,0.25,0.6,0.15,0.466666666666667,0.475,0.5625,0.15,"delay_plus_pooling",TRUE,TRUE,0.669330669330669,0.046875,0.0364583333333333
0.8,0.25,0.6,0.15,0.466666666666667,0.5,0.57,0.153333333333333,"delay_plus_pooling",TRUE,TRUE,0.63036963036963,0.05,0.0333333333333333
0.85,0.25,0.6,0.15,0.466666666666667,0.525,0.5775,0.156666666666667,"delay_plus_pooling",TRUE,TRUE,0.597402597402597,0.053125,0.0302083333333333
0.9,0.25,0.6,0.15,0.466666666666667,0.55,0.585,0.16,"delay_plus_pooling",TRUE,TRUE,0.571428571428571,0.05625,0.0270833333333333
0.45,0.3,0.65,0.15,0.5,0.375,0.5675,0.18,"low_only_plus_pooling",TRUE,TRUE,0.764235764235764,0.0520833333333333,0.03125
0.5,0.3,0.65,0.15,0.5,0.4,0.575,0.183333333333333,"low_only_plus_pooling",TRUE,TRUE,0.785214785214785,0.05,0.0333333333333333
0.55,0.3,0.65,0.15,0.5,0.425,0.5825,0.186666666666667,"low_only_plus_pooling",TRUE,TRUE,0.807192807192807,0.0479166666666667,0.0354166666666667
0.6,0.3,0.65,0.15,0.5,0.45,0.59,0.19,"low_only_plus_pooling",TRUE,TRUE,0.828171828171828,0.0458333333333333,0.0375
0.65,0.3,0.65,0.15,0.5,0.475,0.5975,0.193333333333333,"low_only_plus_pooling",TRUE,TRUE,0.849150849150849,0.04375,0.0395833333333333
0.7,0.3,0.65,0.15,0.5,0.5,0.605,0.196666666666667,"low_only_plus_pooling",TRUE,TRUE,0.871128871128871,0.0416666666666667,0.0416666666666667
0.75,0.3,0.65,0.15,0.5,0.525,0.6125,0.2,"delay_plus_pooling",TRUE,TRUE,0.63036963036963,0.04375,0.0395833333333333
0.8,0.3,0.65,0.15,0.5,0.55,0.62,0.203333333333333,"delay_plus_pooling",TRUE,TRUE,0.592407592407592,0.0466666666666667,0.0366666666666667
0.85,0.3,0.65,0.15,0.5,0.575,0.6275,0.206666666666667,"delay_plus_pooling",TRUE,TRUE,0.561438561438561,0.0495833333333333,0.03375
0.9,0.3,0.65,0.15,0.5,0.6,0.635,0.21,"delay_plus_pooling",TRUE,TRUE,0.536463536463537,0.0525,0.0308333333333333
0.45,0.35,0.7,0.15,0.538461538461538,0.425,0.6175,0.23,"low_only_plus_pooling",TRUE,TRUE,0.764235764235764,0.0479166666666667,0.0354166666666667
0.5,0.35,0.7,0.15,0.538461538461538,0.45,0.625,0.233333333333333,"low_only_plus_pooling",TRUE,TRUE,0.785214785214785,0.0458333333333333,0.0375
0.55,0.35,0.7,0.15,0.538461538461538,0.475,0.6325,0.236666666666667,"low_only_plus_pooling",TRUE,TRUE,0.807192807192807,0.04375,0.0395833333333333
0.6,0.35,0.7,0.15,0.538461538461538,0.5,0.64,0.24,"low_only_plus_pooling",TRUE,TRUE,0.828171828171828,0.0416666666666667,0.0416666666666667
0.65,0.35,0.7,0.15,0.538461538461538,0.525,0.6475,0.243333333333333,"low_only_plus_pooling",TRUE,TRUE,0.849150849150849,0.0395833333333333,0.04375
0.7,0.35,0.7,0.15,0.538461538461538,0.55,0.655,0.246666666666667,"all_three",TRUE,TRUE,0.648351648351648,0.0379166666666667,0.0454166666666667
0.75,0.35,0.7,0.15,0.538461538461538,0.575,0.6625,0.25,"delay_plus_pooling",TRUE,TRUE,0.584415584415584,0.040625,0.0427083333333333
0.8,0.35,0.7,0.15,0.538461538461538,0.6,0.67,0.253333333333333,"delay_plus_pooling",TRUE,TRUE,0.548451548451548,0.0433333333333333,0.04
0.85,0.35,0.7,0.15,0.538461538461538,0.625,0.6775,0.256666666666667,"delay_plus_pooling",TRUE,TRUE,0.518481518481518,0.0460416666666667,0.0372916666666667
0.9,0.35,0.7,0.15,0.538461538461538,0.65,0.685,0.26,"delay_plus_pooling",TRUE,TRUE,0.495504495504495,0.04875,0.0345833333333333
0.45,0.4,0.75,0.15,0.583333333333333,0.475,0.6675,0.28,"low_only_plus_pooling",TRUE,TRUE,0.764235764235764,0.04375,0.0395833333333333
0.5,0.4,0.75,0.15,0.583333333333333,0.5,0.675,0.283333333333333,"low_only_plus_pooling",TRUE,TRUE,0.785214785214785,0.0416666666666667,0.0416666666666667
0.55,0.4,0.75,0.15,0.583333333333333,0.525,0.6825,0.286666666666667,"low_only_plus_pooling",TRUE,TRUE,0.807192807192807,0.0395833333333333,0.04375
0.6,0.4,0.75,0.15,0.583333333333333,0.55,0.69,0.29,"low_only_plus_pooling",TRUE,TRUE,0.828171828171828,0.0375,0.0458333333333333
0.65,0.4,0.75,0.15,0.583333333333333,0.575,0.6975,0.293333333333333,"low_only_plus_pooling",TRUE,TRUE,0.849150849150849,0.0354166666666667,0.0479166666666667
0.7,0.4,0.75,0.15,0.583333333333333,0.6,0.705,0.296666666666667,"delay_plus_pooling",TRUE,TRUE,0.573426573426573,0.035,0.0483333333333333
0.75,0.4,0.75,0.15,0.583333333333333,0.625,0.7125,0.3,"delay_plus_pooling",TRUE,TRUE,0.53046953046953,0.0375,0.0458333333333333
0.8,0.4,0.75,0.15,0.583333333333333,0.65,0.72,0.303333333333333,"delay_plus_pooling",TRUE,TRUE,0.497502497502497,0.04,0.0433333333333333
0.85,0.4,0.75,0.15,0.583333333333333,0.675,0.7275,0.306666666666667,"delay_plus_pooling",TRUE,TRUE,0.46953046953047,0.0425,0.0408333333333333
0.9,0.4,0.75,0.15,0.583333333333333,0.7,0.735,0.31,"delay_plus_pooling",TRUE,TRUE,0.447552447552448,0.045,0.0383333333333333
0.9,0.1,0.18,0.2,0.0888888888888889,0.152,0.16,0.00500000000000002,"low_only_plus_pooling",TRUE,TRUE,0.749250749250749,0.0706666666666667,0.0126666666666667
0.45,0.15,0.23,0.2,0.0941176470588236,0.076,0.12,0.00250000000000001,"low_only_plus_pooling",FALSE,FALSE,0,0.077,0.00633333333333333
0.5,0.15,0.23,0.2,0.0941176470588236,0.09,0.13,0.00833333333333335,"low_only_plus_pooling",FALSE,FALSE,0,0.0758333333333333,0.00750000000000001
0.55,0.15,0.23,0.2,0.0941176470588236,0.104,0.14,0.0141666666666667,"low_only_plus_pooling",FALSE,FALSE,0,0.0746666666666667,0.00866666666666667
0.6,0.15,0.23,0.2,0.0941176470588236,0.118,0.15,0.02,"low_only_plus_pooling",FALSE,FALSE,0,0.0735,0.00983333333333333
0.65,0.15,0.23,0.2,0.0941176470588236,0.132,0.16,0.0258333333333334,"low_only_plus_pooling",TRUE,TRUE,0.0909090909090909,0.0723333333333333,0.011
0.7,0.15,0.23,0.2,0.0941176470588236,0.146,0.17,0.0316666666666667,"low_only_plus_pooling",TRUE,TRUE,0.21978021978022,0.0711666666666667,0.0121666666666667
0.75,0.15,0.23,0.2,0.0941176470588236,0.16,0.18,0.0375,"low_only_plus_pooling",TRUE,TRUE,0.374625374625375,0.07,0.0133333333333333
0.8,0.15,0.23,0.2,0.0941176470588236,0.174,0.19,0.0433333333333334,"low_only_plus_pooling",TRUE,TRUE,0.4995004995005,0.0688333333333333,0.0145
0.85,0.15,0.23,0.2,0.0941176470588236,0.188,0.2,0.0491666666666667,"low_only_plus_pooling",TRUE,TRUE,0.624375624375624,0.0676666666666667,0.0156666666666667
0.9,0.15,0.23,0.2,0.0941176470588236,0.202,0.21,0.055,"low_only_plus_pooling",TRUE,TRUE,0.749250749250749,0.0665,0.0168333333333333
0.45,0.2,0.28,0.2,0.1,0.126,0.17,0.0525,"low_only_plus_pooling",FALSE,FALSE,0,0.0728333333333333,0.0105
0.5,0.2,0.28,0.2,0.1,0.14,0.18,0.0583333333333333,"low_only_plus_pooling",FALSE,FALSE,0,0.0716666666666667,0.0116666666666667
0.55,0.2,0.28,0.2,0.1,0.154,0.19,0.0641666666666667,"low_only_plus_pooling",FALSE,FALSE,0,0.0705,0.0128333333333333
0.6,0.2,0.28,0.2,0.1,0.168,0.2,0.07,"low_only_plus_pooling",FALSE,FALSE,0,0.0693333333333333,0.014
0.65,0.2,0.28,0.2,0.1,0.182,0.21,0.0758333333333333,"low_only_plus_pooling",TRUE,TRUE,0.0889110889110889,0.0681666666666667,0.0151666666666667
0.7,0.2,0.28,0.2,0.1,0.196,0.22,0.0816666666666667,"low_only_plus_pooling",TRUE,TRUE,0.217782217782218,0.067,0.0163333333333333
0.75,0.2,0.28,0.2,0.1,0.21,0.23,0.0875,"low_only_plus_pooling",TRUE,TRUE,0.374625374625375,0.0658333333333333,0.0175
0.8,0.2,0.28,0.2,0.1,0.224,0.24,0.0933333333333334,"low_only_plus_pooling",TRUE,TRUE,0.4995004995005,0.0646666666666667,0.0186666666666667
0.85,0.2,0.28,0.2,0.1,0.238,0.25,0.0991666666666667,"low_only_plus_pooling",TRUE,TRUE,0.624375624375624,0.0635,0.0198333333333333
0.9,0.2,0.28,0.2,0.1,0.252,0.26,0.105,"low_only_plus_pooling",TRUE,TRUE,0.749250749250749,0.0623333333333333,0.021
0.45,0.25,0.33,0.2,0.106666666666667,0.176,0.22,0.1025,"low_only_plus_pooling",FALSE,FALSE,0,0.0686666666666667,0.0146666666666667
0.5,0.25,0.33,0.2,0.106666666666667,0.19,0.23,0.108333333333333,"low_only_plus_pooling",FALSE,FALSE,0,0.0675,0.0158333333333333
0.55,0.25,0.33,0.2,0.106666666666667,0.204,0.24,0.114166666666667,"low_only_plus_pooling",FALSE,FALSE,0,0.0663333333333333,0.017
0.6,0.25,0.33,0.2,0.106666666666667,0.218,0.25,0.12,"low_only_plus_pooling",FALSE,FALSE,0,0.0651666666666667,0.0181666666666667
0.65,0.25,0.33,0.2,0.106666666666667,0.232,0.26,0.125833333333333,"low_only_plus_pooling",TRUE,TRUE,0.0859140859140859,0.064,0.0193333333333333
0.7,0.25,0.33,0.2,0.106666666666667,0.246,0.27,0.131666666666667,"low_only_plus_pooling",TRUE,TRUE,0.215784215784216,0.0628333333333333,0.0205
0.75,0.25,0.33,0.2,0.106666666666667,0.26,0.28,0.1375,"low_only_plus_pooling",TRUE,TRUE,0.374625374625375,0.0616666666666667,0.0216666666666667
0.8,0.25,0.33,0.2,0.106666666666667,0.274,0.29,0.143333333333333,"low_only_plus_pooling",TRUE,TRUE,0.4995004995005,0.0605,0.0228333333333333
0.85,0.25,0.33,0.2,0.106666666666667,0.288,0.3,0.149166666666667,"low_only_plus_pooling",TRUE,TRUE,0.624375624375624,0.0593333333333333,0.024
0.9,0.25,0.33,0.2,0.106666666666667,0.302,0.31,0.155,"low_only_plus_pooling",TRUE,TRUE,0.749250749250749,0.0581666666666667,0.0251666666666667
0.45,0.3,0.38,0.2,0.114285714285714,0.226,0.27,0.1525,"low_only_plus_pooling",FALSE,FALSE,0,0.0645,0.0188333333333333
0.5,0.3,0.38,0.2,0.114285714285714,0.24,0.28,0.158333333333333,"low_only_plus_pooling",FALSE,FALSE,0,0.0633333333333333,0.02
0.55,0.3,0.38,0.2,0.114285714285714,0.254,0.29,0.164166666666667,"low_only_plus_pooling",FALSE,FALSE,0,0.0621666666666667,0.0211666666666667
0.6,0.3,0.38,0.2,0.114285714285714,0.268,0.3,0.17,"low_only_plus_pooling",FALSE,FALSE,0,0.061,0.0223333333333333
0.65,0.3,0.38,0.2,0.114285714285714,0.282,0.31,0.175833333333333,"low_only_plus_pooling",TRUE,TRUE,0.0839160839160839,0.0598333333333333,0.0235
0.7,0.3,0.38,0.2,0.114285714285714,0.296,0.32,0.181666666666667,"low_only_plus_pooling",TRUE,TRUE,0.213786213786214,0.0586666666666667,0.0246666666666667
0.75,0.3,0.38,0.2,0.114285714285714,0.31,0.33,0.1875,"low_only_plus_pooling",TRUE,TRUE,0.374625374625375,0.0575,0.0258333333333333
0.8,0.3,0.38,0.2,0.114285714285714,0.324,0.34,0.193333333333333,"low_only_plus_pooling",TRUE,TRUE,0.4995004995005,0.0563333333333333,0.027
0.85,0.3,0.38,0.2,0.114285714285714,0.338,0.35,0.199166666666667,"low_only_plus_pooling",TRUE,TRUE,0.624375624375624,0.0551666666666667,0.0281666666666667
0.9,0.3,0.38,0.2,0.114285714285714,0.352,0.36,0.205,"low_only_plus_pooling",TRUE,TRUE,0.749250749250749,0.054,0.0293333333333333
0.45,0.35,0.43,0.2,0.123076923076923,0.276,0.32,0.2025,"low_only_plus_pooling",FALSE,FALSE,0,0.0603333333333333,0.023
0.5,0.35,0.43,0.2,0.123076923076923,0.29,0.33,0.208333333333333,"low_only_plus_pooling",FALSE,FALSE,0,0.0591666666666667,0.0241666666666667
0.55,0.35,0.43,0.2,0.123076923076923,0.304,0.34,0.214166666666667,"low_only_plus_pooling",FALSE,FALSE,0,0.058,0.0253333333333333
0.6,0.35,0.43,0.2,0.123076923076923,0.318,0.35,0.22,"low_only_plus_pooling",FALSE,FALSE,0,0.0568333333333333,0.0265
0.65,0.35,0.43,0.2,0.123076923076923,0.332,0.36,0.225833333333333,"low_only_plus_pooling",TRUE,TRUE,0.0809190809190809,0.0556666666666667,0.0276666666666667
0.7,0.35,0.43,0.2,0.123076923076923,0.346,0.37,0.231666666666667,"low_only_plus_pooling",TRUE,TRUE,0.210789210789211,0.0545,0.0288333333333333
0.75,0.35,0.43,0.2,0.123076923076923,0.36,0.38,0.2375,"low_only_plus_pooling",TRUE,TRUE,0.374625374625375,0.0533333333333333,0.03
0.8,0.35,0.43,0.2,0.123076923076923,0.374,0.39,0.243333333333333,"low_only_plus_pooling",TRUE,TRUE,0.4995004995005,0.0521666666666667,0.0311666666666667
0.85,0.35,0.43,0.2,0.123076923076923,0.388,0.4,0.249166666666667,"low_only_plus_pooling",TRUE,TRUE,0.624375624375624,0.051,0.0323333333333333
0.9,0.35,0.43,0.2,0.123076923076923,0.402,0.41,0.255,"low_only_plus_pooling",TRUE,TRUE,0.749250749250749,0.0498333333333333,0.0335
0.45,0.4,0.48,0.2,0.133333333333333,0.326,0.37,0.2525,"low_only_plus_pooling",FALSE,FALSE,0,0.0561666666666667,0.0271666666666667
0.5,0.4,0.48,0.2,0.133333333333333,0.34,0.38,0.258333333333333,"low_only_plus_pooling",FALSE,FALSE,0,0.055,0.0283333333333333
0.55,0.4,0.48,0.2,0.133333333333333,0.354,0.39,0.264166666666667,"low_only_plus_pooling",FALSE,FALSE,0,0.0538333333333333,0.0295
0.6,0.4,0.48,0.2,0.133333333333333,0.368,0.4,0.27,"low_only_plus_pooling",FALSE,FALSE,0,0.0526666666666667,0.0306666666666667
0.65,0.4,0.48,0.2,0.133333333333333,0.382,0.41,0.275833333333333,"low_only_plus_pooling",TRUE,TRUE,0.0769230769230769,0.0515,0.0318333333333333
0.7,0.4,0.48,0.2,0.133333333333333,0.396,0.42,0.281666666666667,"low_only_plus_pooling",TRUE,TRUE,0.207792207792208,0.0503333333333333,0.033
0.75,0.4,0.48,0.2,0.133333333333333,0.41,0.43,0.2875,"low_only_plus_pooling",TRUE,TRUE,0.374625374625375,0.0491666666666667,0.0341666666666667
0.8,0.4,0.48,0.2,0.133333333333333,0.424,0.44,0.293333333333333,"low_only_plus_pooling",TRUE,TRUE,0.4995004995005,0.048,0.0353333333333333
0.85,0.4,0.48,0.2,0.133333333333333,0.438,0.45,0.299166666666667,"low_only_plus_pooling",TRUE,TRUE,0.624375624375624,0.0468333333333333,0.0365
0.9,0.4,0.48,0.2,0.133333333333333,0.452,0.46,0.305,"low_only_plus_pooling",TRUE,TRUE,0.749250749250749,0.0456666666666667,0.0376666666666667
0.9,0.1,0.21,0.2,0.122222222222222,0.179,0.19,0.00500000000000002,"low_only_plus_pooling",TRUE,TRUE,0.818181818181818,0.0684166666666667,0.0149166666666667
0.45,0.15,0.26,0.2,0.129411764705882,0.0895,0.15,0.00250000000000001,"low_only_plus_pooling",FALSE,FALSE,0,0.075875,0.00745833333333333
0.5,0.15,0.26,0.2,0.129411764705882,0.105,0.16,0.00833333333333335,"low_only_plus_pooling",TRUE,TRUE,0.026973026973027,0.0745833333333333,0.00874999999999999
0.55,0.15,0.26,0.2,0.129411764705882,0.1205,0.17,0.0141666666666667,"low_only_plus_pooling",TRUE,TRUE,0.122877122877123,0.0732916666666667,0.0100416666666667
0.6,0.15,0.26,0.2,0.129411764705882,0.136,0.18,0.02,"low_only_plus_pooling",TRUE,TRUE,0.218781218781219,0.072,0.0113333333333333
0.65,0.15,0.26,0.2,0.129411764705882,0.1515,0.19,0.0258333333333334,"low_only_plus_pooling",TRUE,TRUE,0.336663336663337,0.0707083333333333,0.012625
0.7,0.15,0.26,0.2,0.129411764705882,0.167,0.2,0.0316666666666667,"low_only_plus_pooling",TRUE,TRUE,0.454545454545455,0.0694166666666667,0.0139166666666667
0.75,0.15,0.26,0.2,0.129411764705882,0.1825,0.21,0.0375,"low_only_plus_pooling",TRUE,TRUE,0.545454545454545,0.068125,0.0152083333333333
0.8,0.15,0.26,0.2,0.129411764705882,0.198,0.22,0.0433333333333334,"low_only_plus_pooling",TRUE,TRUE,0.636363636363636,0.0668333333333333,0.0165
0.85,0.15,0.26,0.2,0.129411764705882,0.2135,0.23,0.0491666666666667,"low_only_plus_pooling",TRUE,TRUE,0.727272727272727,0.0655416666666667,0.0177916666666667
0.9,0.15,0.26,0.2,0.129411764705882,0.229,0.24,0.055,"low_only_plus_pooling",TRUE,TRUE,0.818181818181818,0.06425,0.0190833333333333
0.45,0.2,0.31,0.2,0.1375,0.1395,0.2,0.0525,"low_only_plus_pooling",FALSE,FALSE,0,0.0717083333333333,0.011625
0.5,0.2,0.31,0.2,0.1375,0.155,0.21,0.0583333333333333,"low_only_plus_pooling",TRUE,TRUE,0.022977022977023,0.0704166666666667,0.0129166666666667
0.55,0.2,0.31,0.2,0.1375,0.1705,0.22,0.0641666666666667,"low_only_plus_pooling",TRUE,TRUE,0.118881118881119,0.069125,0.0142083333333333
0.6,0.2,0.31,0.2,0.1375,0.186,0.23,0.07,"low_only_plus_pooling",TRUE,TRUE,0.215784215784216,0.0678333333333333,0.0155
0.65,0.2,0.31,0.2,0.1375,0.2015,0.24,0.0758333333333333,"low_only_plus_pooling",TRUE,TRUE,0.333666333666334,0.0665416666666667,0.0167916666666667
0.7,0.2,0.31,0.2,0.1375,0.217,0.25,0.0816666666666667,"low_only_plus_pooling",TRUE,TRUE,0.454545454545455,0.06525,0.0180833333333333
0.75,0.2,0.31,0.2,0.1375,0.2325,0.26,0.0875,"low_only_plus_pooling",TRUE,TRUE,0.545454545454545,0.0639583333333333,0.019375
0.8,0.2,0.31,0.2,0.1375,0.248,0.27,0.0933333333333334,"low_only_plus_pooling",TRUE,TRUE,0.636363636363636,0.0626666666666667,0.0206666666666667
0.85,0.2,0.31,0.2,0.1375,0.2635,0.28,0.0991666666666667,"low_only_plus_pooling",TRUE,TRUE,0.727272727272727,0.061375,0.0219583333333333
0.9,0.2,0.31,0.2,0.1375,0.279,0.29,0.105,"low_only_plus_pooling",TRUE,TRUE,0.818181818181818,0.0600833333333333,0.02325
0.45,0.25,0.36,0.2,0.146666666666667,0.1895,0.25,0.1025,"low_only_plus_pooling",FALSE,FALSE,0,0.0675416666666667,0.0157916666666667
0.5,0.25,0.36,0.2,0.146666666666667,0.205,0.26,0.108333333333333,"low_only_plus_pooling",TRUE,TRUE,0.018981018981019,0.06625,0.0170833333333333
0.55,0.25,0.36,0.2,0.146666666666667,0.2205,0.27,0.114166666666667,"low_only_plus_pooling",TRUE,TRUE,0.115884115884116,0.0649583333333333,0.018375
0.6,0.25,0.36,0.2,0.146666666666667,0.236,0.28,0.12,"low_only_plus_pooling",TRUE,TRUE,0.211788211788212,0.0636666666666667,0.0196666666666667
0.65,0.25,0.36,0.2,0.146666666666667,0.2515,0.29,0.125833333333333,"low_only_plus_pooling",TRUE,TRUE,0.330669330669331,0.062375,0.0209583333333333
0.7,0.25,0.36,0.2,0.146666666666667,0.267,0.3,0.131666666666667,"low_only_plus_pooling",TRUE,TRUE,0.454545454545455,0.0610833333333333,0.02225
0.75,0.25,0.36,0.2,0.146666666666667,0.2825,0.31,0.1375,"low_only_plus_pooling",TRUE,TRUE,0.545454545454545,0.0597916666666667,0.0235416666666667
0.8,0.25,0.36,0.2,0.146666666666667,0.298,0.32,0.143333333333333,"low_only_plus_pooling",TRUE,TRUE,0.636363636363636,0.0585,0.0248333333333333
0.85,0.25,0.36,0.2,0.146666666666667,0.3135,0.33,0.149166666666667,"low_only_plus_pooling",TRUE,TRUE,0.727272727272727,0.0572083333333333,0.026125
0.9,0.25,0.36,0.2,0.146666666666667,0.329,0.34,0.155,"delay_plus_pooling",TRUE,TRUE,0.795204795204795,0.05625,0.0270833333333333
0.45,0.3,0.41,0.2,0.157142857142857,0.2395,0.3,0.1525,"low_only_plus_pooling",FALSE,FALSE,0,0.063375,0.0199583333333333
0.5,0.3,0.41,0.2,0.157142857142857,0.255,0.31,0.158333333333333,"low_only_plus_pooling",TRUE,TRUE,0.013986013986014,0.0620833333333333,0.02125
0.55,0.3,0.41,0.2,0.157142857142857,0.2705,0.32,0.164166666666667,"low_only_plus_pooling",TRUE,TRUE,0.110889110889111,0.0607916666666667,0.0225416666666667
0.6,0.3,0.41,0.2,0.157142857142857,0.286,0.33,0.17,"low_only_plus_pooling",TRUE,TRUE,0.207792207792208,0.0595,0.0238333333333333
0.65,0.3,0.41,0.2,0.157142857142857,0.3015,0.34,0.175833333333333,"low_only_plus_pooling",TRUE,TRUE,0.326673326673327,0.0582083333333333,0.025125
0.7,0.3,0.41,0.2,0.157142857142857,0.317,0.35,0.181666666666667,"low_only_plus_pooling",TRUE,TRUE,0.454545454545455,0.0569166666666667,0.0264166666666667
0.75,0.3,0.41,0.2,0.157142857142857,0.3325,0.36,0.1875,"low_only_plus_pooling",TRUE,TRUE,0.545454545454545,0.055625,0.0277083333333333
0.8,0.3,0.41,0.2,0.157142857142857,0.348,0.37,0.193333333333333,"low_only_plus_pooling",TRUE,TRUE,0.636363636363636,0.0543333333333333,0.029
0.85,0.3,0.41,0.2,0.157142857142857,0.3635,0.38,0.199166666666667,"low_only_plus_pooling",TRUE,TRUE,0.727272727272727,0.0530416666666667,0.0302916666666667
0.9,0.3,0.41,0.2,0.157142857142857,0.379,0.39,0.205,"delay_plus_pooling",TRUE,TRUE,0.786213786213786,0.0525,0.0308333333333333
0.45,0.35,0.46,0.2,0.169230769230769,0.2895,0.35,0.2025,"low_only_plus_pooling",FALSE,FALSE,0,0.0592083333333333,0.024125
0.5,0.35,0.46,0.2,0.169230769230769,0.305,0.36,0.208333333333333,"low_only_plus_pooling",TRUE,TRUE,0.00899100899100899,0.0579166666666667,0.0254166666666667
0.55,0.35,0.46,0.2,0.169230769230769,0.3205,0.37,0.214166666666667,"low_only_plus_pooling",TRUE,TRUE,0.105894105894106,0.056625,0.0267083333333333
0.6,0.35,0.46,0.2,0.169230769230769,0.336,0.38,0.22,"low_only_plus_pooling",TRUE,TRUE,0.202797202797203,0.0553333333333333,0.028
0.65,0.35,0.46,0.2,0.169230769230769,0.3515,0.39,0.225833333333333,"low_only_plus_pooling",TRUE,TRUE,0.321678321678322,0.0540416666666667,0.0292916666666667
0.7,0.35,0.46,0.2,0.169230769230769,0.367,0.4,0.231666666666667,"low_only_plus_pooling",TRUE,TRUE,0.454545454545455,0.05275,0.0305833333333333
0.75,0.35,0.46,0.2,0.169230769230769,0.3825,0.41,0.2375,"low_only_plus_pooling",TRUE,TRUE,0.545454545454545,0.0514583333333333,0.031875
0.8,0.35,0.46,0.2,0.169230769230769,0.398,0.42,0.243333333333333,"low_only_plus_pooling",TRUE,TRUE,0.636363636363636,0.0501666666666667,0.0331666666666667
0.85,0.35,0.46,0.2,0.169230769230769,0.4135,0.43,0.249166666666667,"low_only_plus_pooling",TRUE,TRUE,0.727272727272727,0.048875,0.0344583333333333
0.9,0.35,0.46,0.2,0.169230769230769,0.429,0.44,0.255,"delay_plus_pooling",TRUE,TRUE,0.775224775224775,0.04875,0.0345833333333333
0.45,0.4,0.51,0.2,0.183333333333333,0.3395,0.4,0.2525,"low_only_plus_pooling",FALSE,FALSE,0,0.0550416666666667,0.0282916666666667
0.5,0.4,0.51,0.2,0.183333333333333,0.355,0.41,0.258333333333333,"low_only_plus_pooling",TRUE,TRUE,0.001998001998002,0.05375,0.0295833333333333
0.55,0.4,0.51,0.2,0.183333333333333,0.3705,0.42,0.264166666666667,"low_only_plus_pooling",TRUE,TRUE,0.0999000999000999,0.0524583333333333,0.030875
0.6,0.4,0.51,0.2,0.183333333333333,0.386,0.43,0.27,"low_only_plus_pooling",TRUE,TRUE,0.197802197802198,0.0511666666666667,0.0321666666666667
0.65,0.4,0.51,0.2,0.183333333333333,0.4015,0.44,0.275833333333333,"low_only_plus_pooling",TRUE,TRUE,0.316683316683317,0.049875,0.0334583333333333
0.7,0.4,0.51,0.2,0.183333333333333,0.417,0.45,0.281666666666667,"low_only_plus_pooling",TRUE,TRUE,0.454545454545455,0.0485833333333333,0.03475
0.75,0.4,0.51,0.2,0.183333333333333,0.4325,0.46,0.2875,"low_only_plus_pooling",TRUE,TRUE,0.545454545454545,0.0472916666666667,0.0360416666666667
0.8,0.4,0.51,0.2,0.183333333333333,0.448,0.47,0.293333333333333,"low_only_plus_pooling",TRUE,TRUE,0.636363636363636,0.046,0.0373333333333333
0.85,0.4,0.51,0.2,0.183333333333333,0.4635,0.48,0.299166666666667,"low_only_plus_pooling",TRUE,TRUE,0.727272727272727,0.0447083333333333,0.038625
0.9,0.4,0.51,0.2,0.183333333333333,0.479,0.49,0.305,"delay_plus_pooling",TRUE,TRUE,0.762237762237762,0.045,0.0383333333333333
0.9,0.1,0.24,0.2,0.155555555555556,0.206,0.22,0.00500000000000002,"delay_plus_pooling",TRUE,TRUE,0.819180819180819,0.0675,0.0158333333333333
0.45,0.15,0.29,0.2,0.164705882352941,0.103,0.18,0.00250000000000001,"low_only_plus_pooling",TRUE,TRUE,0.125874125874126,0.07475,0.00858333333333333
0.5,0.15,0.29,0.2,0.164705882352941,0.12,0.19,0.00833333333333335,"low_only_plus_pooling",TRUE,TRUE,0.202797202797203,0.0733333333333333,0.01
0.55,0.15,0.29,0.2,0.164705882352941,0.137,0.2,0.0141666666666667,"low_only_plus_pooling",TRUE,TRUE,0.281718281718282,0.0719166666666667,0.0114166666666667
0.6,0.15,0.29,0.2,0.164705882352941,0.154,0.21,0.02,"low_only_plus_pooling",TRUE,TRUE,0.406593406593407,0.0705,0.0128333333333333
0.65,0.15,0.29,0.2,0.164705882352941,0.171,0.22,0.0258333333333334,"low_only_plus_pooling",TRUE,TRUE,0.4995004995005,0.0690833333333333,0.01425
0.7,0.15,0.29,0.2,0.164705882352941,0.188,0.23,0.0316666666666667,"low_only_plus_pooling",TRUE,TRUE,0.571428571428571,0.0676666666666667,0.0156666666666667
0.75,0.15,0.29,0.2,0.164705882352941,0.205,0.24,0.0375,"low_only_plus_pooling",TRUE,TRUE,0.642357642357642,0.06625,0.0170833333333333
0.8,0.15,0.29,0.2,0.164705882352941,0.222,0.25,0.0433333333333334,"low_only_plus_pooling",TRUE,TRUE,0.714285714285714,0.0648333333333333,0.0185
0.85,0.15,0.29,0.2,0.164705882352941,0.239,0.26,0.0491666666666667,"low_only_plus_pooling",TRUE,TRUE,0.785214785214785,0.0634166666666667,0.0199166666666667
0.9,0.15,0.29,0.2,0.164705882352941,0.256,0.27,0.055,"delay_plus_pooling",TRUE,TRUE,0.811188811188811,0.06375,0.0195833333333333
0.45,0.2,0.34,0.2,0.175,0.153,0.23,0.0525,"low_only_plus_pooling",TRUE,TRUE,0.120879120879121,0.0705833333333333,0.01275
0.5,0.2,0.34,0.2,0.175,0.17,0.24,0.0583333333333333,"low_only_plus_pooling",TRUE,TRUE,0.197802197802198,0.0691666666666667,0.0141666666666667
0.55,0.2,0.34,0.2,0.175,0.187,0.25,0.0641666666666667,"low_only_plus_pooling",TRUE,TRUE,0.276723276723277,0.06775,0.0155833333333333
0.6,0.2,0.34,0.2,0.175,0.204,0.26,0.07,"low_only_plus_pooling",TRUE,TRUE,0.402597402597403,0.0663333333333333,0.017
0.65,0.2,0.34,0.2,0.175,0.221,0.27,0.0758333333333333,"low_only_plus_pooling",TRUE,TRUE,0.4995004995005,0.0649166666666667,0.0184166666666667
0.7,0.2,0.34,0.2,0.175,0.238,0.28,0.0816666666666667,"low_only_plus_pooling",TRUE,TRUE,0.571428571428571,0.0635,0.0198333333333333
0.75,0.2,0.34,0.2,0.175,0.255,0.29,0.0875,"low_only_plus_pooling",TRUE,TRUE,0.642357642357642,0.0620833333333333,0.02125
0.8,0.2,0.34,0.2,0.175,0.272,0.3,0.0933333333333334,"low_only_plus_pooling",TRUE,TRUE,0.714285714285714,0.0606666666666667,0.0226666666666667
0.85,0.2,0.34,0.2,0.175,0.289,0.31,0.0991666666666667,"low_only_plus_pooling",TRUE,TRUE,0.785214785214785,0.05925,0.0240833333333333
0.9,0.2,0.34,0.2,0.175,0.306,0.32,0.105,"delay_plus_pooling",TRUE,TRUE,0.801198801198801,0.06,0.0233333333333333
0.45,0.25,0.39,0.2,0.186666666666667,0.203,0.28,0.1025,"low_only_plus_pooling",TRUE,TRUE,0.114885114885115,0.0664166666666667,0.0169166666666667
0.5,0.25,0.39,0.2,0.186666666666667,0.22,0.29,0.108333333333333,"low_only_plus_pooling",TRUE,TRUE,0.192807192807193,0.065,0.0183333333333333
0.55,0.25,0.39,0.2,0.186666666666667,0.237,0.3,0.114166666666667,"low_only_plus_pooling",TRUE,TRUE,0.271728271728272,0.0635833333333333,0.01975
0.6,0.25,0.39,0.2,0.186666666666667,0.254,0.31,0.12,"low_only_plus_pooling",TRUE,TRUE,0.397602397602398,0.0621666666666667,0.0211666666666667
0.65,0.25,0.39,0.2,0.186666666666667,0.271,0.32,0.125833333333333,"low_only_plus_pooling",TRUE,TRUE,0.4995004995005,0.06075,0.0225833333333333
0.7,0.25,0.39,0.2,0.186666666666667,0.288,0.33,0.131666666666667,"low_only_plus_pooling",TRUE,TRUE,0.571428571428571,0.0593333333333333,0.024
0.75,0.25,0.39,0.2,0.186666666666667,0.305,0.34,0.1375,"low_only_plus_pooling",TRUE,TRUE,0.642357642357642,0.0579166666666667,0.0254166666666667
0.8,0.25,0.39,0.2,0.186666666666667,0.322,0.35,0.143333333333333,"low_only_plus_pooling",TRUE,TRUE,0.714285714285714,0.0565,0.0268333333333333
0.85,0.25,0.39,0.2,0.186666666666667,0.339,0.36,0.149166666666667,"low_only_plus_pooling",TRUE,TRUE,0.785214785214785,0.0550833333333333,0.02825
0.9,0.25,0.39,0.2,0.186666666666667,0.356,0.37,0.155,"delay_plus_pooling",TRUE,TRUE,0.79020979020979,0.05625,0.0270833333333333
0.45,0.3,0.44,0.2,0.2,0.253,0.33,0.1525,"low_only_plus_pooling",TRUE,TRUE,0.107892107892108,0.06225,0.0210833333333333
0.5,0.3,0.44,0.2,0.2,0.27,0.34,0.158333333333333,"low_only_plus_pooling",TRUE,TRUE,0.185814185814186,0.0608333333333333,0.0225
0.55,0.3,0.44,0.2,0.2,0.287,0.35,0.164166666666667,"low_only_plus_pooling",TRUE,TRUE,0.265734265734266,0.0594166666666667,0.0239166666666667
0.6,0.3,0.44,0.2,0.2,0.304,0.36,0.17,"low_only_plus_pooling",TRUE,TRUE,0.392607392607393,0.058,0.0253333333333333
0.65,0.3,0.44,0.2,0.2,0.321,0.37,0.175833333333333,"low_only_plus_pooling",TRUE,TRUE,0.4995004995005,0.0565833333333333,0.02675
0.7,0.3,0.44,0.2,0.2,0.338,0.38,0.181666666666667,"low_only_plus_pooling",TRUE,TRUE,0.571428571428571,0.0551666666666667,0.0281666666666667
0.75,0.3,0.44,0.2,0.2,0.355,0.39,0.1875,"low_only_plus_pooling",TRUE,TRUE,0.642357642357642,0.05375,0.0295833333333333
0.8,0.3,0.44,0.2,0.2,0.372,0.4,0.193333333333333,"low_only_plus_pooling",TRUE,TRUE,0.714285714285714,0.0523333333333333,0.031
0.85,0.3,0.44,0.2,0.2,0.389,0.41,0.199166666666667,"low_only_plus_pooling",TRUE,TRUE,0.785214785214785,0.0509166666666667,0.0324166666666667
0.9,0.3,0.44,0.2,0.2,0.406,0.42,0.205,"delay_plus_pooling",TRUE,TRUE,0.777222777222777,0.0525,0.0308333333333333
0.45,0.35,0.49,0.2,0.215384615384615,0.303,0.38,0.2025,"low_only_plus_pooling",TRUE,TRUE,0.100899100899101,0.0580833333333333,0.02525
0.5,0.35,0.49,0.2,0.215384615384615,0.32,0.39,0.208333333333333,"low_only_plus_pooling",TRUE,TRUE,0.178821178821179,0.0566666666666667,0.0266666666666667
0.55,0.35,0.49,0.2,0.215384615384615,0.337,0.4,0.214166666666667,"low_only_plus_pooling",TRUE,TRUE,0.258741258741259,0.05525,0.0280833333333333
0.6,0.35,0.49,0.2,0.215384615384615,0.354,0.41,0.22,"low_only_plus_pooling",TRUE,TRUE,0.385614385614386,0.0538333333333333,0.0295
0.65,0.35,0.49,0.2,0.215384615384615,0.371,0.42,0.225833333333333,"low_only_plus_pooling",TRUE,TRUE,0.4995004995005,0.0524166666666667,0.0309166666666667
0.7,0.35,0.49,0.2,0.215384615384615,0.388,0.43,0.231666666666667,"low_only_plus_pooling",TRUE,TRUE,0.571428571428571,0.051,0.0323333333333333
0.75,0.35,0.49,0.2,0.215384615384615,0.405,0.44,0.2375,"low_only_plus_pooling",TRUE,TRUE,0.642357642357642,0.0495833333333333,0.03375
0.8,0.35,0.49,0.2,0.215384615384615,0.422,0.45,0.243333333333333,"low_only_plus_pooling",TRUE,TRUE,0.714285714285714,0.0481666666666667,0.0351666666666667
0.85,0.35,0.49,0.2,0.215384615384615,0.439,0.46,0.249166666666667,"low_only_plus_pooling",TRUE,TRUE,0.785214785214785,0.04675,0.0365833333333333
0.9,0.35,0.49,0.2,0.215384615384615,0.456,0.47,0.255,"delay_plus_pooling",TRUE,TRUE,0.762237762237762,0.04875,0.0345833333333333
0.45,0.4,0.54,0.2,0.233333333333333,0.353,0.43,0.2525,"low_only_plus_pooling",TRUE,TRUE,0.0919080919080919,0.0539166666666667,0.0294166666666667
0.5,0.4,0.54,0.2,0.233333333333333,0.37,0.44,0.258333333333333,"low_only_plus_pooling",TRUE,TRUE,0.170829170829171,0.0525,0.0308333333333333
0.55,0.4,0.54,0.2,0.233333333333333,0.387,0.45,0.264166666666667,"low_only_plus_pooling",TRUE,TRUE,0.250749250749251,0.0510833333333333,0.03225
0.6,0.4,0.54,0.2,0.233333333333333,0.404,0.46,0.27,"low_only_plus_pooling",TRUE,TRUE,0.378621378621379,0.0496666666666667,0.0336666666666667
0.65,0.4,0.54,0.2,0.233333333333333,0.421,0.47,0.275833333333333,"low_only_plus_pooling",TRUE,TRUE,0.4995004995005,0.04825,0.0350833333333333
0.7,0.4,0.54,0.2,0.233333333333333,0.438,0.48,0.281666666666667,"low_only_plus_pooling",TRUE,TRUE,0.571428571428571,0.0468333333333333,0.0365
0.75,0.4,0.54,0.2,0.233333333333333,0.455,0.49,0.2875,"low_only_plus_pooling",TRUE,TRUE,0.642357642357642,0.0454166666666667,0.0379166666666667
0.8,0.4,0.54,0.2,0.233333333333333,0.472,0.5,0.293333333333333,"low_only_plus_pooling",TRUE,TRUE,0.714285714285714,0.044,0.0393333333333333
0.85,0.4,0.54,0.2,0.233333333333333,0.489,0.51,0.299166666666667,"low_only_plus_pooling",TRUE,TRUE,0.785214785214785,0.0425833333333333,0.04075
0.9,0.4,0.54,0.2,0.233333333333333,0.506,0.52,0.305,"delay_plus_pooling",TRUE,TRUE,0.745254745254745,0.045,0.0383333333333333
0.9,0.1,0.27,0.2,0.188888888888889,0.233,0.25,0.00500000000000002,"delay_plus_pooling",TRUE,TRUE,0.807192807192807,0.0675,0.0158333333333333
0.45,0.15,0.32,0.2,0.2,0.1165,0.21,0.00250000000000001,"low_only_plus_pooling",TRUE,TRUE,0.243756243756244,0.073625,0.00970833333333333
0.5,0.15,0.32,0.2,0.2,0.135,0.22,0.00833333333333335,"low_only_plus_pooling",TRUE,TRUE,0.30969030969031,0.0720833333333333,0.01125
0.55,0.15,0.32,0.2,0.2,0.1535,0.23,0.0141666666666667,"low_only_plus_pooling",TRUE,TRUE,0.414585414585415,0.0705416666666667,0.0127916666666667
0.6,0.15,0.32,0.2,0.2,0.172,0.24,0.02,"low_only_plus_pooling",TRUE,TRUE,0.529470529470529,0.069,0.0143333333333333
0.65,0.15,0.32,0.2,0.2,0.1905,0.25,0.0258333333333334,"low_only_plus_pooling",TRUE,TRUE,0.588411588411588,0.0674583333333333,0.015875
0.7,0.15,0.32,0.2,0.2,0.209,0.26,0.0316666666666667,"low_only_plus_pooling",TRUE,TRUE,0.647352647352647,0.0659166666666667,0.0174166666666667
0.75,0.15,0.32,0.2,0.2,0.2275,0.27,0.0375,"low_only_plus_pooling",TRUE,TRUE,0.705294705294705,0.064375,0.0189583333333333
0.8,0.15,0.32,0.2,0.2,0.246,0.28,0.0433333333333334,"low_only_plus_pooling",TRUE,TRUE,0.764235764235764,0.0628333333333333,0.0205
0.85,0.15,0.32,0.2,0.2,0.2645,0.29,0.0491666666666667,"low_only_plus_pooling",TRUE,TRUE,0.823176823176823,0.0612916666666667,0.0220416666666667
0.9,0.15,0.32,0.2,0.2,0.283,0.3,0.055,"delay_plus_pooling",TRUE,TRUE,0.797202797202797,0.06375,0.0195833333333333
0.45,0.2,0.37,0.2,0.2125,0.1665,0.26,0.0525,"low_only_plus_pooling",TRUE,TRUE,0.236763236763237,0.0694583333333333,0.013875
0.5,0.2,0.37,0.2,0.2125,0.185,0.27,0.0583333333333333,"low_only_plus_pooling",TRUE,TRUE,0.303696303696304,0.0679166666666667,0.0154166666666667
0.55,0.2,0.37,0.2,0.2125,0.2035,0.28,0.0641666666666667,"low_only_plus_pooling",TRUE,TRUE,0.408591408591409,0.066375,0.0169583333333333
0.6,0.2,0.37,0.2,0.2125,0.222,0.29,0.07,"low_only_plus_pooling",TRUE,TRUE,0.529470529470529,0.0648333333333333,0.0185
0.65,0.2,0.37,0.2,0.2125,0.2405,0.3,0.0758333333333333,"low_only_plus_pooling",TRUE,TRUE,0.588411588411588,0.0632916666666667,0.0200416666666667
0.7,0.2,0.37,0.2,0.2125,0.259,0.31,0.0816666666666667,"low_only_plus_pooling",TRUE,TRUE,0.647352647352647,0.06175,0.0215833333333333
0.75,0.2,0.37,0.2,0.2125,0.2775,0.32,0.0875,"low_only_plus_pooling",TRUE,TRUE,0.705294705294705,0.0602083333333333,0.023125
0.8,0.2,0.37,0.2,0.2125,0.296,0.33,0.0933333333333334,"low_only_plus_pooling",TRUE,TRUE,0.764235764235764,0.0586666666666667,0.0246666666666667
0.85,0.2,0.37,0.2,0.2125,0.3145,0.34,0.0991666666666667,"low_only_plus_pooling",TRUE,TRUE,0.823176823176823,0.057125,0.0262083333333333
0.9,0.2,0.37,0.2,0.2125,0.333,0.35,0.105,"delay_plus_pooling",TRUE,TRUE,0.784215784215784,0.06,0.0233333333333333
0.45,0.25,0.42,0.2,0.226666666666667,0.2165,0.31,0.1025,"low_only_plus_pooling",TRUE,TRUE,0.22977022977023,0.0652916666666667,0.0180416666666667
0.5,0.25,0.42,0.2,0.226666666666667,0.235,0.32,0.108333333333333,"low_only_plus_pooling",TRUE,TRUE,0.296703296703297,0.06375,0.0195833333333333
0.55,0.25,0.42,0.2,0.226666666666667,0.2535,0.33,0.114166666666667,"low_only_plus_pooling",TRUE,TRUE,0.401598401598402,0.0622083333333333,0.021125
0.6,0.25,0.42,0.2,0.226666666666667,0.272,0.34,0.12,"low_only_plus_pooling",TRUE,TRUE,0.529470529470529,0.0606666666666667,0.0226666666666667
0.65,0.25,0.42,0.2,0.226666666666667,0.2905,0.35,0.125833333333333,"low_only_plus_pooling",TRUE,TRUE,0.588411588411588,0.059125,0.0242083333333333
0.7,0.25,0.42,0.2,0.226666666666667,0.309,0.36,0.131666666666667,"low_only_plus_pooling",TRUE,TRUE,0.647352647352647,0.0575833333333333,0.02575
0.75,0.25,0.42,0.2,0.226666666666667,0.3275,0.37,0.1375,"low_only_plus_pooling",TRUE,TRUE,0.705294705294705,0.0560416666666667,0.0272916666666667
0.8,0.25,0.42,0.2,0.226666666666667,0.346,0.38,0.143333333333333,"low_only_plus_pooling",TRUE,TRUE,0.764235764235764,0.0545,0.0288333333333333
0.85,0.25,0.42,0.2,0.226666666666667,0.3645,0.39,0.149166666666667,"delay_plus_pooling",TRUE,TRUE,0.779220779220779,0.053125,0.0302083333333333
0.9,0.25,0.42,0.2,0.226666666666667,0.383,0.4,0.155,"delay_plus_pooling",TRUE,TRUE,0.77022977022977,0.05625,0.0270833333333333
0.45,0.3,0.47,0.2,0.242857142857143,0.2665,0.36,0.1525,"low_only_plus_pooling",TRUE,TRUE,0.220779220779221,0.061125,0.0222083333333333
0.5,0.3,0.47,0.2,0.242857142857143,0.285,0.37,0.158333333333333,"low_only_plus_pooling",TRUE,TRUE,0.288711288711289,0.0595833333333333,0.02375
0.55,0.3,0.47,0.2,0.242857142857143,0.3035,0.38,0.164166666666667,"low_only_plus_pooling",TRUE,TRUE,0.394605394605395,0.0580416666666667,0.0252916666666667
0.6,0.3,0.47,0.2,0.242857142857143,0.322,0.39,0.17,"low_only_plus_pooling",TRUE,TRUE,0.529470529470529,0.0565,0.0268333333333333
0.65,0.3,0.47,0.2,0.242857142857143,0.3405,0.4,0.175833333333333,"low_only_plus_pooling",TRUE,TRUE,0.588411588411588,0.0549583333333333,0.028375
0.7,0.3,0.47,0.2,0.242857142857143,0.359,0.41,0.181666666666667,"low_only_plus_pooling",TRUE,TRUE,0.647352647352647,0.0534166666666667,0.0299166666666667
0.75,0.3,0.47,0.2,0.242857142857143,0.3775,0.42,0.1875,"low_only_plus_pooling",TRUE,TRUE,0.705294705294705,0.051875,0.0314583333333333
0.8,0.3,0.47,0.2,0.242857142857143,0.396,0.43,0.193333333333333,"low_only_plus_pooling",TRUE,TRUE,0.764235764235764,0.0503333333333333,0.033
0.85,0.3,0.47,0.2,0.242857142857143,0.4145,0.44,0.199166666666667,"delay_plus_pooling",TRUE,TRUE,0.764235764235764,0.0495833333333333,0.03375
0.9,0.3,0.47,0.2,0.242857142857143,0.433,0.45,0.205,"delay_plus_pooling",TRUE,TRUE,0.755244755244755,0.0525,0.0308333333333333
0.45,0.35,0.52,0.2,0.261538461538462,0.3165,0.41,0.2025,"low_only_plus_pooling",TRUE,TRUE,0.211788211788212,0.0569583333333333,0.026375
0.5,0.35,0.52,0.2,0.261538461538462,0.335,0.42,0.208333333333333,"low_only_plus_pooling",TRUE,TRUE,0.27972027972028,0.0554166666666667,0.0279166666666667
0.55,0.35,0.52,0.2,0.261538461538462,0.3535,0.43,0.214166666666667,"low_only_plus_pooling",TRUE,TRUE,0.385614385614386,0.053875,0.0294583333333333
0.6,0.35,0.52,0.2,0.261538461538462,0.372,0.44,0.22,"low_only_plus_pooling",TRUE,TRUE,0.529470529470529,0.0523333333333333,0.031
0.65,0.35,0.52,0.2,0.261538461538462,0.3905,0.45,0.225833333333333,"low_only_plus_pooling",TRUE,TRUE,0.588411588411588,0.0507916666666667,0.0325416666666667
0.7,0.35,0.52,0.2,0.261538461538462,0.409,0.46,0.231666666666667,"low_only_plus_pooling",TRUE,TRUE,0.647352647352647,0.04925,0.0340833333333333
0.75,0.35,0.52,0.2,0.261538461538462,0.4275,0.47,0.2375,"low_only_plus_pooling",TRUE,TRUE,0.705294705294705,0.0477083333333333,0.035625
0.8,0.35,0.52,0.2,0.261538461538462,0.446,0.48,0.243333333333333,"low_only_plus_pooling",TRUE,TRUE,0.764235764235764,0.0461666666666667,0.0371666666666667
0.85,0.35,0.52,0.2,0.261538461538462,0.4645,0.49,0.249166666666667,"delay_plus_pooling",TRUE,TRUE,0.746253746253746,0.0460416666666667,0.0372916666666667
0.9,0.35,0.52,0.2,0.261538461538462,0.483,0.5,0.255,"delay_plus_pooling",TRUE,TRUE,0.736263736263736,0.04875,0.0345833333333333
0.45,0.4,0.57,0.2,0.283333333333333,0.3665,0.46,0.2525,"low_only_plus_pooling",TRUE,TRUE,0.200799200799201,0.0527916666666667,0.0305416666666667
0.5,0.4,0.57,0.2,0.283333333333333,0.385,0.47,0.258333333333333,"low_only_plus_pooling",TRUE,TRUE,0.268731268731269,0.05125,0.0320833333333333
0.55,0.4,0.57,0.2,0.283333333333333,0.4035,0.48,0.264166666666667,"low_only_plus_pooling",TRUE,TRUE,0.375624375624376,0.0497083333333333,0.033625
0.6,0.4,0.57,0.2,0.283333333333333,0.422,0.49,0.27,"low_only_plus_pooling",TRUE,TRUE,0.529470529470529,0.0481666666666667,0.0351666666666667
0.65,0.4,0.57,0.2,0.283333333333333,0.4405,0.5,0.275833333333333,"low_only_plus_pooling",TRUE,TRUE,0.588411588411588,0.046625,0.0367083333333333
0.7,0.4,0.57,0.2,0.283333333333333,0.459,0.51,0.281666666666667,"low_only_plus_pooling",TRUE,TRUE,0.647352647352647,0.0450833333333333,0.03825
0.75,0.4,0.57,0.2,0.283333333333333,0.4775,0.52,0.2875,"low_only_plus_pooling",TRUE,TRUE,0.705294705294705,0.0435416666666667,0.0397916666666667
0.8,0.4,0.57,0.2,0.283333333333333,0.496,0.53,0.293333333333333,"low_only_plus_pooling",TRUE,TRUE,0.764235764235764,0.042,0.0413333333333333
0.85,0.4,0.57,0.2,0.283333333333333,0.5145,0.54,0.299166666666667,"delay_plus_pooling",TRUE,TRUE,0.724275724275724,0.0425,0.0408333333333333
0.9,0.4,0.57,0.2,0.283333333333333,0.533,0.55,0.305,"delay_plus_pooling",TRUE,TRUE,0.715284715284715,0.045,0.0383333333333333
0.9,0.1,0.3,0.2,0.222222222222222,0.26,0.28,0.00500000000000002,"delay_plus_pooling",TRUE,TRUE,0.787212787212787,0.0675,0.0158333333333333
0.45,0.15,0.35,0.2,0.235294117647059,0.13,0.24,0.00250000000000001,"low_only_plus_pooling",TRUE,TRUE,0.318681318681319,0.0725,0.0108333333333333
0.5,0.15,0.35,0.2,0.235294117647059,0.15,0.25,0.00833333333333335,"low_only_plus_pooling",TRUE,TRUE,0.377622377622378,0.0708333333333333,0.0125
0.55,0.15,0.35,0.2,0.235294117647059,0.17,0.26,0.0141666666666667,"low_only_plus_pooling",TRUE,TRUE,0.54945054945055,0.0691666666666667,0.0141666666666667
0.6,0.15,0.35,0.2,0.235294117647059,0.19,0.27,0.02,"low_only_plus_pooling",TRUE,TRUE,0.599400599400599,0.0675,0.0158333333333333
0.65,0.15,0.35,0.2,0.235294117647059,0.21,0.28,0.0258333333333334,"low_only_plus_pooling",TRUE,TRUE,0.649350649350649,0.0658333333333333,0.0175
0.7,0.15,0.35,0.2,0.235294117647059,0.23,0.29,0.0316666666666667,"low_only_plus_pooling",TRUE,TRUE,0.699300699300699,0.0641666666666667,0.0191666666666667
0.75,0.15,0.35,0.2,0.235294117647059,0.25,0.3,0.0375,"low_only_plus_pooling",TRUE,TRUE,0.749250749250749,0.0625,0.0208333333333333
0.8,0.15,0.35,0.2,0.235294117647059,0.27,0.31,0.0433333333333334,"low_only_plus_pooling",TRUE,TRUE,0.799200799200799,0.0608333333333333,0.0225
0.85,0.15,0.35,0.2,0.235294117647059,0.29,0.32,0.0491666666666667,"delay_plus_pooling",TRUE,TRUE,0.79020979020979,0.0602083333333333,0.023125
0.9,0.15,0.35,0.2,0.235294117647059,0.31,0.33,0.055,"delay_plus_pooling",TRUE,TRUE,0.774225774225774,0.06375,0.0195833333333333
0.45,0.2,0.4,0.2,0.25,0.18,0.29,0.0525,"low_only_plus_pooling",TRUE,TRUE,0.311688311688312,0.0683333333333333,0.015
0.5,0.2,0.4,0.2,0.25,0.2,0.3,0.0583333333333333,"low_only_plus_pooling",TRUE,TRUE,0.36963036963037,0.0666666666666667,0.0166666666666667
0.55,0.2,0.4,0.2,0.25,0.22,0.31,0.0641666666666667,"low_only_plus_pooling",TRUE,TRUE,0.54945054945055,0.065,0.0183333333333333
0.6,0.2,0.4,0.2,0.25,0.24,0.32,0.07,"low_only_plus_pooling",TRUE,TRUE,0.599400599400599,0.0633333333333333,0.02
0.65,0.2,0.4,0.2,0.25,0.26,0.33,0.0758333333333333,"low_only_plus_pooling",TRUE,TRUE,0.649350649350649,0.0616666666666667,0.0216666666666667
0.7,0.2,0.4,0.2,0.25,0.28,0.34,0.0816666666666667,"low_only_plus_pooling",TRUE,TRUE,0.699300699300699,0.06,0.0233333333333333
0.75,0.2,0.4,0.2,0.25,0.3,0.35,0.0875,"low_only_plus_pooling",TRUE,TRUE,0.749250749250749,0.0583333333333333,0.025
0.8,0.2,0.4,0.2,0.25,0.32,0.36,0.0933333333333334,"low_only_plus_pooling",TRUE,TRUE,0.799200799200799,0.0566666666666667,0.0266666666666667
0.85,0.2,0.4,0.2,0.25,0.34,0.37,0.0991666666666667,"delay_plus_pooling",TRUE,TRUE,0.775224775224775,0.0566666666666667,0.0266666666666667
0.9,0.2,0.4,0.2,0.25,0.36,0.38,0.105,"delay_plus_pooling",TRUE,TRUE,0.76023976023976,0.06,0.0233333333333333
0.45,0.25,0.45,0.2,0.266666666666667,0.23,0.34,0.1025,"low_only_plus_pooling",TRUE,TRUE,0.302697302697303,0.0641666666666667,0.0191666666666667
0.5,0.25,0.45,0.2,0.266666666666667,0.25,0.35,0.108333333333333,"low_only_plus_pooling",TRUE,TRUE,0.361638361638362,0.0625,0.0208333333333333
0.55,0.25,0.45,0.2,0.266666666666667,0.27,0.36,0.114166666666667,"low_only_plus_pooling",TRUE,TRUE,0.54945054945055,0.0608333333333333,0.0225
0.6,0.25,0.45,0.2,0.266666666666667,0.29,0.37,0.12,"low_only_plus_pooling",TRUE,TRUE,0.599400599400599,0.0591666666666667,0.0241666666666667
0.65,0.25,0.45,0.2,0.266666666666667,0.31,0.38,0.125833333333333,"low_only_plus_pooling",TRUE,TRUE,0.649350649350649,0.0575,0.0258333333333333
0.7,0.25,0.45,0.2,0.266666666666667,0.33,0.39,0.131666666666667,"low_only_plus_pooling",TRUE,TRUE,0.699300699300699,0.0558333333333333,0.0275
0.75,0.25,0.45,0.2,0.266666666666667,0.35,0.4,0.1375,"low_only_plus_pooling",TRUE,TRUE,0.749250749250749,0.0541666666666667,0.0291666666666667
0.8,0.25,0.45,0.2,0.266666666666667,0.37,0.41,0.143333333333333,"low_only_plus_pooling",TRUE,TRUE,0.799200799200799,0.0525,0.0308333333333333
0.85,0.25,0.45,0.2,0.266666666666667,0.39,0.42,0.149166666666667,"delay_plus_pooling",TRUE,TRUE,0.758241758241758,0.053125,0.0302083333333333
0.9,0.25,0.45,0.2,0.266666666666667,0.41,0.43,0.155,"delay_plus_pooling",TRUE,TRUE,0.743256743256743,0.05625,0.0270833333333333
0.45,0.3,0.5,0.2,0.285714285714286,0.28,0.39,0.1525,"low_only_plus_pooling",TRUE,TRUE,0.292707292707293,0.06,0.0233333333333333
0.5,0.3,0.5,0.2,0.285714285714286,0.3,0.4,0.158333333333333,"low_only_plus_pooling",TRUE,TRUE,0.351648351648352,0.0583333333333333,0.025
0.55,0.3,0.5,0.2,0.285714285714286,0.32,0.41,0.164166666666667,"low_only_plus_pooling",TRUE,TRUE,0.54945054945055,0.0566666666666667,0.0266666666666667
0.6,0.3,0.5,0.2,0.285714285714286,0.34,0.42,0.17,"low_only_plus_pooling",TRUE,TRUE,0.599400599400599,0.055,0.0283333333333333
0.65,0.3,0.5,0.2,0.285714285714286,0.36,0.43,0.175833333333333,"low_only_plus_pooling",TRUE,TRUE,0.649350649350649,0.0533333333333333,0.03
0.7,0.3,0.5,0.2,0.285714285714286,0.38,0.44,0.181666666666667,"low_only_plus_pooling",TRUE,TRUE,0.699300699300699,0.0516666666666667,0.0316666666666667
0.75,0.3,0.5,0.2,0.285714285714286,0.4,0.45,0.1875,"low_only_plus_pooling",TRUE,TRUE,0.749250749250749,0.05,0.0333333333333333
0.8,0.3,0.5,0.2,0.285714285714286,0.42,0.46,0.193333333333333,"low_only_plus_pooling",TRUE,TRUE,0.799200799200799,0.0483333333333333,0.035
0.85,0.3,0.5,0.2,0.285714285714286,0.44,0.47,0.199166666666667,"delay_plus_pooling",TRUE,TRUE,0.739260739260739,0.0495833333333333,0.03375
0.9,0.3,0.5,0.2,0.285714285714286,0.46,0.48,0.205,"delay_plus_pooling",TRUE,TRUE,0.724275724275724,0.0525,0.0308333333333333
0.45,0.35,0.55,0.2,0.307692307692308,0.33,0.44,0.2025,"low_only_plus_pooling",TRUE,TRUE,0.280719280719281,0.0558333333333333,0.0275
0.5,0.35,0.55,0.2,0.307692307692308,0.35,0.45,0.208333333333333,"low_only_plus_pooling",TRUE,TRUE,0.340659340659341,0.0541666666666667,0.0291666666666667
0.55,0.35,0.55,0.2,0.307692307692308,0.37,0.46,0.214166666666667,"low_only_plus_pooling",TRUE,TRUE,0.54945054945055,0.0525,0.0308333333333333
0.6,0.35,0.55,0.2,0.307692307692308,0.39,0.47,0.22,"low_only_plus_pooling",TRUE,TRUE,0.599400599400599,0.0508333333333333,0.0325
0.65,0.35,0.55,0.2,0.307692307692308,0.41,0.48,0.225833333333333,"low_only_plus_pooling",TRUE,TRUE,0.649350649350649,0.0491666666666667,0.0341666666666667
0.7,0.35,0.55,0.2,0.307692307692308,0.43,0.49,0.231666666666667,"low_only_plus_pooling",TRUE,TRUE,0.699300699300699,0.0475,0.0358333333333333
0.75,0.35,0.55,0.2,0.307692307692308,0.45,0.5,0.2375,"low_only_plus_pooling",TRUE,TRUE,0.749250749250749,0.0458333333333333,0.0375
0.8,0.35,0.55,0.2,0.307692307692308,0.47,0.51,0.243333333333333,"low_only_plus_pooling",TRUE,TRUE,0.799200799200799,0.0441666666666667,0.0391666666666667
0.85,0.35,0.55,0.2,0.307692307692308,0.49,0.52,0.249166666666667,"delay_plus_pooling",TRUE,TRUE,0.717282717282717,0.0460416666666667,0.0372916666666667
0.9,0.35,0.55,0.2,0.307692307692308,0.51,0.53,0.255,"delay_plus_pooling",TRUE,TRUE,0.702297702297702,0.04875,0.0345833333333333
0.45,0.4,0.6,0.2,0.333333333333333,0.38,0.49,0.2525,"low_only_plus_pooling",TRUE,TRUE,0.267732267732268,0.0516666666666667,0.0316666666666667
0.5,0.4,0.6,0.2,0.333333333333333,0.4,0.5,0.258333333333333,"low_only_plus_pooling",TRUE,TRUE,0.327672327672328,0.05,0.0333333333333333
0.55,0.4,0.6,0.2,0.333333333333333,0.42,0.51,0.264166666666667,"low_only_plus_pooling",TRUE,TRUE,0.54945054945055,0.0483333333333333,0.035
0.6,0.4,0.6,0.2,0.333333333333333,0.44,0.52,0.27,"low_only_plus_pooling",TRUE,TRUE,0.599400599400599,0.0466666666666667,0.0366666666666667
0.65,0.4,0.6,0.2,0.333333333333333,0.46,0.53,0.275833333333333,"low_only_plus_pooling",TRUE,TRUE,0.649350649350649,0.045,0.0383333333333333
0.7,0.4,0.6,0.2,0.333333333333333,0.48,0.54,0.281666666666667,"low_only_plus_pooling",TRUE,TRUE,0.699300699300699,0.0433333333333333,0.04
0.75,0.4,0.6,0.2,0.333333333333333,0.5,0.55,0.2875,"low_only_plus_pooling",TRUE,TRUE,0.749250749250749,0.0416666666666667,0.0416666666666667
0.8,0.4,0.6,0.2,0.333333333333333,0.52,0.56,0.293333333333333,"all_three",TRUE,TRUE,0.798201798201798,0.04,0.0433333333333333
0.85,0.4,0.6,0.2,0.333333333333333,0.54,0.57,0.299166666666667,"delay_plus_pooling",TRUE,TRUE,0.692307692307692,0.0425,0.0408333333333333
0.9,0.4,0.6,0.2,0.333333333333333,0.56,0.58,0.305,"delay_plus_pooling",TRUE,TRUE,0.676323676323676,0.045,0.0383333333333333
0.9,0.1,0.33,0.2,0.255555555555555,0.287,0.31,0.00500000000000002,"delay_plus_pooling",TRUE,TRUE,0.764235764235764,0.0675,0.0158333333333333
0.45,0.15,0.38,0.2,0.270588235294118,0.1435,0.27,0.00250000000000001,"low_only_plus_pooling",TRUE,TRUE,0.36963036963037,0.071375,0.0119583333333333
0.5,0.15,0.38,0.2,0.270588235294118,0.165,0.28,0.00833333333333335,"low_only_plus_pooling",TRUE,TRUE,0.553446553446553,0.0695833333333333,0.01375
0.55,0.15,0.38,0.2,0.270588235294118,0.1865,0.29,0.0141666666666667,"low_only_plus_pooling",TRUE,TRUE,0.608391608391608,0.0677916666666667,0.0155416666666667
0.6,0.15,0.38,0.2,0.270588235294118,0.208,0.3,0.02,"low_only_plus_pooling",TRUE,TRUE,0.652347652347652,0.066,0.0173333333333333
0.65,0.15,0.38,0.2,0.270588235294118,0.2295,0.31,0.0258333333333334,"low_only_plus_pooling",TRUE,TRUE,0.695304695304695,0.0642083333333333,0.019125
0.7,0.15,0.38,0.2,0.270588235294118,0.251,0.32,0.0316666666666667,"low_only_plus_pooling",TRUE,TRUE,0.739260739260739,0.0624166666666667,0.0209166666666667
0.75,0.15,0.38,0.2,0.270588235294118,0.2725,0.33,0.0375,"low_only_plus_pooling",TRUE,TRUE,0.782217782217782,0.060625,0.0227083333333333
0.8,0.15,0.38,0.2,0.270588235294118,0.294,0.34,0.0433333333333334,"low_only_plus_pooling",TRUE,TRUE,0.826173826173826,0.0588333333333333,0.0245
0.85,0.15,0.38,0.2,0.270588235294118,0.3155,0.35,0.0491666666666667,"delay_plus_pooling",TRUE,TRUE,0.768231768231768,0.0602083333333333,0.023125
0.9,0.15,0.38,0.2,0.270588235294118,0.337,0.36,0.055,"delay_plus_pooling",TRUE,TRUE,0.749250749250749,0.06375,0.0195833333333333
0.45,0.2,0.43,0.2,0.2875,0.1935,0.32,0.0525,"low_only_plus_pooling",TRUE,TRUE,0.35964035964036,0.0672083333333333,0.016125
0.5,0.2,0.43,0.2,0.2875,0.215,0.33,0.0583333333333333,"low_only_plus_pooling",TRUE,TRUE,0.544455544455544,0.0654166666666667,0.0179166666666667
0.55,0.2,0.43,0.2,0.2875,0.2365,0.34,0.0641666666666667,"low_only_plus_pooling",TRUE,TRUE,0.608391608391608,0.063625,0.0197083333333333
0.6,0.2,0.43,0.2,0.2875,0.258,0.35,0.07,"low_only_plus_pooling",TRUE,TRUE,0.652347652347652,0.0618333333333333,0.0215
0.65,0.2,0.43,0.2,0.2875,0.2795,0.36,0.0758333333333333,"low_only_plus_pooling",TRUE,TRUE,0.695304695304695,0.0600416666666667,0.0232916666666667
0.7,0.2,0.43,0.2,0.2875,0.301,0.37,0.0816666666666667,"low_only_plus_pooling",TRUE,TRUE,0.739260739260739,0.05825,0.0250833333333333
0.75,0.2,0.43,0.2,0.2875,0.3225,0.38,0.0875,"low_only_plus_pooling",TRUE,TRUE,0.782217782217782,0.0564583333333333,0.026875
0.8,0.2,0.43,0.2,0.2875,0.344,0.39,0.0933333333333334,"low_only_plus_pooling",TRUE,TRUE,0.826173826173826,0.0546666666666667,0.0286666666666667
0.85,0.2,0.43,0.2,0.2875,0.3655,0.4,0.0991666666666667,"delay_plus_pooling",TRUE,TRUE,0.751248751248751,0.0566666666666667,0.0266666666666667
0.9,0.2,0.43,0.2,0.2875,0.387,0.41,0.105,"delay_plus_pooling",TRUE,TRUE,0.732267732267732,0.06,0.0233333333333333
0.45,0.25,0.48,0.2,0.306666666666667,0.2435,0.37,0.1025,"low_only_plus_pooling",TRUE,TRUE,0.34965034965035,0.0630416666666667,0.0202916666666667
0.5,0.25,0.48,0.2,0.306666666666667,0.265,0.38,0.108333333333333,"low_only_plus_pooling",TRUE,TRUE,0.534465534465534,0.06125,0.0220833333333333
0.55,0.25,0.48,0.2,0.306666666666667,0.2865,0.39,0.114166666666667,"low_only_plus_pooling",TRUE,TRUE,0.608391608391608,0.0594583333333333,0.023875
0.6,0.25,0.48,0.2,0.306666666666667,0.308,0.4,0.12,"low_only_plus_pooling",TRUE,TRUE,0.652347652347652,0.0576666666666667,0.0256666666666667
0.65,0.25,0.48,0.2,0.306666666666667,0.3295,0.41,0.125833333333333,"low_only_plus_pooling",TRUE,TRUE,0.695304695304695,0.055875,0.0274583333333333
0.7,0.25,0.48,0.2,0.306666666666667,0.351,0.42,0.131666666666667,"low_only_plus_pooling",TRUE,TRUE,0.739260739260739,0.0540833333333333,0.02925
0.75,0.25,0.48,0.2,0.306666666666667,0.3725,0.43,0.1375,"low_only_plus_pooling",TRUE,TRUE,0.782217782217782,0.0522916666666667,0.0310416666666667
0.8,0.25,0.48,0.2,0.306666666666667,0.394,0.44,0.143333333333333,"low_only_plus_pooling",TRUE,TRUE,0.826173826173826,0.0505,0.0328333333333333
0.85,0.25,0.48,0.2,0.306666666666667,0.4155,0.45,0.149166666666667,"delay_plus_pooling",TRUE,TRUE,0.731268731268731,0.053125,0.0302083333333333
0.9,0.25,0.48,0.2,0.306666666666667,0.437,0.46,0.155,"delay_plus_pooling",TRUE,TRUE,0.712287712287712,0.05625,0.0270833333333333
0.45,0.3,0.53,0.2,0.328571428571429,0.2935,0.42,0.1525,"low_only_plus_pooling",TRUE,TRUE,0.337662337662338,0.058875,0.0244583333333333
0.5,0.3,0.53,0.2,0.328571428571429,0.315,0.43,0.158333333333333,"low_only_plus_pooling",TRUE,TRUE,0.523476523476524,0.0570833333333333,0.02625
0.55,0.3,0.53,0.2,0.328571428571429,0.3365,0.44,0.164166666666667,"low_only_plus_pooling",TRUE,TRUE,0.608391608391608,0.0552916666666667,0.0280416666666667
0.6,0.3,0.53,0.2,0.328571428571429,0.358,0.45,0.17,"low_only_plus_pooling",TRUE,TRUE,0.652347652347652,0.0535,0.0298333333333333
0.65,0.3,0.53,0.2,0.328571428571429,0.3795,0.46,0.175833333333333,"low_only_plus_pooling",TRUE,TRUE,0.695304695304695,0.0517083333333333,0.031625
0.7,0.3,0.53,0.2,0.328571428571429,0.401,0.47,0.181666666666667,"low_only_plus_pooling",TRUE,TRUE,0.739260739260739,0.0499166666666667,0.0334166666666667
0.75,0.3,0.53,0.2,0.328571428571429,0.4225,0.48,0.1875,"low_only_plus_pooling",TRUE,TRUE,0.782217782217782,0.048125,0.0352083333333333
0.8,0.3,0.53,0.2,0.328571428571429,0.444,0.49,0.193333333333333,"delay_plus_pooling",TRUE,TRUE,0.736263736263736,0.0466666666666667,0.0366666666666667
0.85,0.3,0.53,0.2,0.328571428571429,0.4655,0.5,0.199166666666667,"delay_plus_pooling",TRUE,TRUE,0.709290709290709,0.0495833333333333,0.03375
0.9,0.3,0.53,0.2,0.328571428571429,0.487,0.51,0.205,"delay_plus_pooling",TRUE,TRUE,0.69030969030969,0.0525,0.0308333333333333
0.45,0.35,0.58,0.2,0.353846153846154,0.3435,0.47,0.2025,"low_only_plus_pooling",TRUE,TRUE,0.323676323676324,0.0547083333333333,0.028625
0.5,0.35,0.58,0.2,0.353846153846154,0.365,0.48,0.208333333333333,"low_only_plus_pooling",TRUE,TRUE,0.509490509490509,0.0529166666666667,0.0304166666666667
0.55,0.35,0.58,0.2,0.353846153846154,0.3865,0.49,0.214166666666667,"low_only_plus_pooling",TRUE,TRUE,0.608391608391608,0.051125,0.0322083333333333
0.6,0.35,0.58,0.2,0.353846153846154,0.408,0.5,0.22,"low_only_plus_pooling",TRUE,TRUE,0.652347652347652,0.0493333333333333,0.034
0.65,0.35,0.58,0.2,0.353846153846154,0.4295,0.51,0.225833333333333,"low_only_plus_pooling",TRUE,TRUE,0.695304695304695,0.0475416666666667,0.0357916666666667
0.7,0.35,0.58,0.2,0.353846153846154,0.451,0.52,0.231666666666667,"low_only_plus_pooling",TRUE,TRUE,0.739260739260739,0.04575,0.0375833333333333
0.75,0.35,0.58,0.2,0.353846153846154,0.4725,0.53,0.2375,"low_only_plus_pooling",TRUE,TRUE,0.782217782217782,0.0439583333333333,0.039375
0.8,0.35,0.58,0.2,0.353846153846154,0.494,0.54,0.243333333333333,"delay_plus_pooling",TRUE,TRUE,0.71028971028971,0.0433333333333333,0.04
0.85,0.35,0.58,0.2,0.353846153846154,0.5155,0.55,0.249166666666667,"delay_plus_pooling",TRUE,TRUE,0.683316683316683,0.0460416666666667,0.0372916666666667
0.9,0.35,0.58,0.2,0.353846153846154,0.537,0.56,0.255,"delay_plus_pooling",TRUE,TRUE,0.665334665334665,0.04875,0.0345833333333333
0.45,0.4,0.63,0.2,0.383333333333333,0.3935,0.52,0.2525,"low_only_plus_pooling",TRUE,TRUE,0.307692307692308,0.0505416666666667,0.0327916666666667
0.5,0.4,0.63,0.2,0.383333333333333,0.415,0.53,0.258333333333333,"low_only_plus_pooling",TRUE,TRUE,0.494505494505495,0.04875,0.0345833333333333
0.55,0.4,0.63,0.2,0.383333333333333,0.4365,0.54,0.264166666666667,"low_only_plus_pooling",TRUE,TRUE,0.608391608391608,0.0469583333333333,0.036375
0.6,0.4,0.63,0.2,0.383333333333333,0.458,0.55,0.27,"low_only_plus_pooling",TRUE,TRUE,0.652347652347652,0.0451666666666667,0.0381666666666667
0.65,0.4,0.63,0.2,0.383333333333333,0.4795,0.56,0.275833333333333,"low_only_plus_pooling",TRUE,TRUE,0.695304695304695,0.043375,0.0399583333333333
0.7,0.4,0.63,0.2,0.383333333333333,0.501,0.57,0.281666666666667,"low_only_plus_pooling",TRUE,TRUE,0.739260739260739,0.0415833333333333,0.04175
0.75,0.4,0.63,0.2,0.383333333333333,0.5225,0.58,0.2875,"low_only_plus_pooling",TRUE,TRUE,0.782217782217782,0.0397916666666667,0.0435416666666667
0.8,0.4,0.63,0.2,0.383333333333333,0.544,0.59,0.293333333333333,"delay_plus_pooling",TRUE,TRUE,0.68031968031968,0.04,0.0433333333333333
0.85,0.4,0.63,0.2,0.383333333333333,0.5655,0.6,0.299166666666667,"delay_plus_pooling",TRUE,TRUE,0.653346653346653,0.0425,0.0408333333333333
0.9,0.4,0.63,0.2,0.383333333333333,0.587,0.61,0.305,"delay_plus_pooling",TRUE,TRUE,0.635364635364635,0.045,0.0383333333333333
0.9,0.1,0.36,0.2,0.288888888888889,0.314,0.34,0.00500000000000002,"delay_plus_pooling",TRUE,TRUE,0.737262737262737,0.0675,0.0158333333333333
0.45,0.15,0.41,0.2,0.305882352941176,0.157,0.3,0.00250000000000001,"low_only_plus_pooling",TRUE,TRUE,0.461538461538462,0.07025,0.0130833333333333
0.5,0.15,0.41,0.2,0.305882352941176,0.18,0.31,0.00833333333333335,"low_only_plus_pooling",TRUE,TRUE,0.615384615384615,0.0683333333333333,0.015
0.55,0.15,0.41,0.2,0.305882352941176,0.203,0.32,0.0141666666666667,"low_only_plus_pooling",TRUE,TRUE,0.653346653346653,0.0664166666666667,0.0169166666666667
0.6,0.15,0.41,0.2,0.305882352941176,0.226,0.33,0.02,"low_only_plus_pooling",TRUE,TRUE,0.692307692307692,0.0645,0.0188333333333333
0.65,0.15,0.41,0.2,0.305882352941176,0.249,0.34,0.0258333333333334,"low_only_plus_pooling",TRUE,TRUE,0.73026973026973,0.0625833333333333,0.02075
0.7,0.15,0.41,0.2,0.305882352941176,0.272,0.35,0.0316666666666667,"low_only_plus_pooling",TRUE,TRUE,0.769230769230769,0.0606666666666667,0.0226666666666667
0.75,0.15,0.41,0.2,0.305882352941176,0.295,0.36,0.0375,"low_only_plus_pooling",TRUE,TRUE,0.807192807192807,0.05875,0.0245833333333333
0.8,0.15,0.41,0.2,0.305882352941176,0.318,0.37,0.0433333333333334,"low_only_plus_pooling",TRUE,TRUE,0.846153846153846,0.0568333333333333,0.0265
0.85,0.15,0.41,0.2,0.305882352941176,0.341,0.38,0.0491666666666667,"delay_plus_pooling",TRUE,TRUE,0.742257742257742,0.0602083333333333,0.023125
0.9,0.15,0.41,0.2,0.305882352941176,0.364,0.39,0.055,"delay_plus_pooling",TRUE,TRUE,0.72027972027972,0.06375,0.0195833333333333
0.45,0.2,0.46,0.2,0.325,0.207,0.35,0.0525,"low_only_plus_pooling",TRUE,TRUE,0.450549450549451,0.0660833333333333,0.01725
0.5,0.2,0.46,0.2,0.325,0.23,0.36,0.0583333333333333,"low_only_plus_pooling",TRUE,TRUE,0.615384615384615,0.0641666666666667,0.0191666666666667
0.55,0.2,0.46,0.2,0.325,0.253,0.37,0.0641666666666667,"low_only_plus_pooling",TRUE,TRUE,0.653346653346653,0.06225,0.0210833333333333
0.6,0.2,0.46,0.2,0.325,0.276,0.38,0.07,"low_only_plus_pooling",TRUE,TRUE,0.692307692307692,0.0603333333333333,0.023
0.65,0.2,0.46,0.2,0.325,0.299,0.39,0.0758333333333333,"low_only_plus_pooling",TRUE,TRUE,0.73026973026973,0.0584166666666667,0.0249166666666667
0.7,0.2,0.46,0.2,0.325,0.322,0.4,0.0816666666666667,"low_only_plus_pooling",TRUE,TRUE,0.769230769230769,0.0565,0.0268333333333333
0.75,0.2,0.46,0.2,0.325,0.345,0.41,0.0875,"low_only_plus_pooling",TRUE,TRUE,0.807192807192807,0.0545833333333333,0.02875
0.8,0.2,0.46,0.2,0.325,0.368,0.42,0.0933333333333334,"delay_plus_pooling",TRUE,TRUE,0.752247752247752,0.0533333333333333,0.03
0.85,0.2,0.46,0.2,0.325,0.391,0.43,0.0991666666666667,"delay_plus_pooling",TRUE,TRUE,0.722277722277722,0.0566666666666667,0.0266666666666667
0.9,0.2,0.46,0.2,0.325,0.414,0.44,0.105,"delay_plus_pooling",TRUE,TRUE,0.7002997002997,0.06,0.0233333333333333
0.45,0.25,0.51,0.2,0.346666666666667,0.257,0.4,0.1025,"low_only_plus_pooling",TRUE,TRUE,0.438561438561439,0.0619166666666667,0.0214166666666667
0.5,0.25,0.51,0.2,0.346666666666667,0.28,0.41,0.108333333333333,"low_only_plus_pooling",TRUE,TRUE,0.615384615384615,0.06,0.0233333333333333
0.55,0.25,0.51,0.2,0.346666666666667,0.303,0.42,0.114166666666667,"low_only_plus_pooling",TRUE,TRUE,0.653346653346653,0.0580833333333333,0.02525
0.6,0.25,0.51,0.2,0.346666666666667,0.326,0.43,0.12,"low_only_plus_pooling",TRUE,TRUE,0.692307692307692,0.0561666666666667,0.0271666666666667
0.65,0.25,0.51,0.2,0.346666666666667,0.349,0.44,0.125833333333333,"low_only_plus_pooling",TRUE,TRUE,0.73026973026973,0.05425,0.0290833333333333
0.7,0.25,0.51,0.2,0.346666666666667,0.372,0.45,0.131666666666667,"low_only_plus_pooling",TRUE,TRUE,0.769230769230769,0.0523333333333333,0.031
0.75,0.25,0.51,0.2,0.346666666666667,0.395,0.46,0.1375,"low_only_plus_pooling",TRUE,TRUE,0.807192807192807,0.0504166666666667,0.0329166666666667
0.8,0.25,0.51,0.2,0.346666666666667,0.418,0.47,0.143333333333333,"delay_plus_pooling",TRUE,TRUE,0.729270729270729,0.05,0.0333333333333333
0.85,0.25,0.51,0.2,0.346666666666667,0.441,0.48,0.149166666666667,"delay_plus_pooling",TRUE,TRUE,0.699300699300699,0.053125,0.0302083333333333
0.9,0.25,0.51,0.2,0.346666666666667,0.464,0.49,0.155,"delay_plus_pooling",TRUE,TRUE,0.678321678321678,0.05625,0.0270833333333333
0.45,0.3,0.56,0.2,0.371428571428571,0.307,0.45,0.1525,"low_only_plus_pooling",TRUE,TRUE,0.424575424575425,0.05775,0.0255833333333333
0.5,0.3,0.56,0.2,0.371428571428571,0.33,0.46,0.158333333333333,"low_only_plus_pooling",TRUE,TRUE,0.615384615384615,0.0558333333333333,0.0275
0.55,0.3,0.56,0.2,0.371428571428571,0.353,0.47,0.164166666666667,"low_only_plus_pooling",TRUE,TRUE,0.653346653346653,0.0539166666666667,0.0294166666666667
0.6,0.3,0.56,0.2,0.371428571428571,0.376,0.48,0.17,"low_only_plus_pooling",TRUE,TRUE,0.692307692307692,0.052,0.0313333333333333
0.65,0.3,0.56,0.2,0.371428571428571,0.399,0.49,0.175833333333333,"low_only_plus_pooling",TRUE,TRUE,0.73026973026973,0.0500833333333333,0.03325
0.7,0.3,0.56,0.2,0.371428571428571,0.422,0.5,0.181666666666667,"low_only_plus_pooling",TRUE,TRUE,0.769230769230769,0.0481666666666667,0.0351666666666667
0.75,0.3,0.56,0.2,0.371428571428571,0.445,0.51,0.1875,"low_only_plus_pooling",TRUE,TRUE,0.807192807192807,0.04625,0.0370833333333333
0.8,0.3,0.56,0.2,0.371428571428571,0.468,0.52,0.193333333333333,"delay_plus_pooling",TRUE,TRUE,0.703296703296703,0.0466666666666667,0.0366666666666667
0.85,0.3,0.56,0.2,0.371428571428571,0.491,0.53,0.199166666666667,"delay_plus_pooling",TRUE,TRUE,0.673326673326673,0.0495833333333333,0.03375
0.9,0.3,0.56,0.2,0.371428571428571,0.514,0.54,0.205,"delay_plus_pooling",TRUE,TRUE,0.653346653346653,0.0525,0.0308333333333333
0.45,0.35,0.61,0.2,0.4,0.357,0.5,0.2025,"low_only_plus_pooling",TRUE,TRUE,0.408591408591409,0.0535833333333333,0.02975
0.5,0.35,0.61,0.2,0.4,0.38,0.51,0.208333333333333,"low_only_plus_pooling",TRUE,TRUE,0.615384615384615,0.0516666666666667,0.0316666666666667
0.55,0.35,0.61,0.2,0.4,0.403,0.52,0.214166666666667,"low_only_plus_pooling",TRUE,TRUE,0.653346653346653,0.04975,0.0335833333333333
0.6,0.35,0.61,0.2,0.4,0.426,0.53,0.22,"low_only_plus_pooling",TRUE,TRUE,0.692307692307692,0.0478333333333333,0.0355
0.65,0.35,0.61,0.2,0.4,0.449,0.54,0.225833333333333,"low_only_plus_pooling",TRUE,TRUE,0.73026973026973,0.0459166666666667,0.0374166666666667
0.7,0.35,0.61,0.2,0.4,0.472,0.55,0.231666666666667,"low_only_plus_pooling",TRUE,TRUE,0.769230769230769,0.044,0.0393333333333333
0.75,0.35,0.61,0.2,0.4,0.495,0.56,0.2375,"low_only_plus_pooling",TRUE,TRUE,0.807192807192807,0.0420833333333333,0.04125
0.8,0.35,0.61,0.2,0.4,0.518,0.57,0.243333333333333,"delay_plus_pooling",TRUE,TRUE,0.672327672327672,0.0433333333333333,0.04
0.85,0.35,0.61,0.2,0.4,0.541,0.58,0.249166666666667,"delay_plus_pooling",TRUE,TRUE,0.644355644355644,0.0460416666666667,0.0372916666666667
0.9,0.35,0.61,0.2,0.4,0.564,0.59,0.255,"delay_plus_pooling",TRUE,TRUE,0.623376623376623,0.04875,0.0345833333333333
0.45,0.4,0.66,0.2,0.433333333333333,0.407,0.55,0.2525,"low_only_plus_pooling",TRUE,TRUE,0.38961038961039,0.0494166666666667,0.0339166666666667
0.5,0.4,0.66,0.2,0.433333333333333,0.43,0.56,0.258333333333333,"low_only_plus_pooling",TRUE,TRUE,0.612387612387612,0.0475,0.0358333333333333
0.55,0.4,0.66,0.2,0.433333333333333,0.453,0.57,0.264166666666667,"low_only_plus_pooling",TRUE,TRUE,0.653346653346653,0.0455833333333333,0.03775
0.6,0.4,0.66,0.2,0.433333333333333,0.476,0.58,0.27,"low_only_plus_pooling",TRUE,TRUE,0.692307692307692,0.0436666666666667,0.0396666666666667
0.65,0.4,0.66,0.2,0.433333333333333,0.499,0.59,0.275833333333333,"low_only_plus_pooling",TRUE,TRUE,0.73026973026973,0.04175,0.0415833333333333
0.7,0.4,0.66,0.2,0.433333333333333,0.522,0.6,0.281666666666667,"low_only_plus_pooling",TRUE,TRUE,0.769230769230769,0.0398333333333333,0.0435
0.75,0.4,0.66,0.2,0.433333333333333,0.545,0.61,0.2875,"low_only_plus_pooling",TRUE,TRUE,0.807192807192807,0.0379166666666667,0.0454166666666667
0.8,0.4,0.66,0.2,0.433333333333333,0.568,0.62,0.293333333333333,"delay_plus_pooling",TRUE,TRUE,0.637362637362637,0.04,0.0433333333333333
0.85,0.4,0.66,0.2,0.433333333333333,0.591,0.63,0.299166666666667,"delay_plus_pooling",TRUE,TRUE,0.609390609390609,0.0425,0.0408333333333333
0.9,0.4,0.66,0.2,0.433333333333333,0.614,0.64,0.305,"delay_plus_pooling",TRUE,TRUE,0.589410589410589,0.045,0.0383333333333333
0.9,0.1,0.39,0.2,0.322222222222222,0.341,0.37,0.00500000000000002,"delay_plus_pooling",TRUE,TRUE,0.708291708291708,0.0675,0.0158333333333333
0.45,0.15,0.44,0.2,0.341176470588235,0.1705,0.33,0.00250000000000001,"low_only_plus_pooling",TRUE,TRUE,0.58041958041958,0.069125,0.0142083333333333
0.5,0.15,0.44,0.2,0.341176470588235,0.195,0.34,0.00833333333333335,"low_only_plus_pooling",TRUE,TRUE,0.655344655344655,0.0670833333333333,0.01625
0.55,0.15,0.44,0.2,0.341176470588235,0.2195,0.35,0.0141666666666667,"low_only_plus_pooling",TRUE,TRUE,0.689310689310689,0.0650416666666667,0.0182916666666667
0.6,0.15,0.44,0.2,0.341176470588235,0.244,0.36,0.02,"low_only_plus_pooling",TRUE,TRUE,0.724275724275724,0.063,0.0203333333333333
0.65,0.15,0.44,0.2,0.341176470588235,0.2685,0.37,0.0258333333333334,"low_only_plus_pooling",TRUE,TRUE,0.758241758241758,0.0609583333333333,0.022375
0.7,0.15,0.44,0.2,0.341176470588235,0.293,0.38,0.0316666666666667,"low_only_plus_pooling",TRUE,TRUE,0.793206793206793,0.0589166666666667,0.0244166666666667
0.75,0.15,0.44,0.2,0.341176470588235,0.3175,0.39,0.0375,"low_only_plus_pooling",TRUE,TRUE,0.827172827172827,0.056875,0.0264583333333333
0.8,0.15,0.44,0.2,0.341176470588235,0.342,0.4,0.0433333333333334,"delay_plus_pooling",TRUE,TRUE,0.744255744255744,0.0566666666666667,0.0266666666666667
0.85,0.15,0.44,0.2,0.341176470588235,0.3665,0.41,0.0491666666666667,"delay_plus_pooling",TRUE,TRUE,0.712287712287712,0.0602083333333333,0.023125
0.9,0.15,0.44,0.2,0.341176470588235,0.391,0.42,0.055,"delay_plus_pooling",TRUE,TRUE,0.689310689310689,0.06375,0.0195833333333333
0.45,0.2,0.49,0.2,0.3625,0.2205,0.38,0.0525,"low_only_plus_pooling",TRUE,TRUE,0.568431568431568,0.0649583333333333,0.018375
0.5,0.2,0.49,0.2,0.3625,0.245,0.39,0.0583333333333333,"low_only_plus_pooling",TRUE,TRUE,0.655344655344655,0.0629166666666667,0.0204166666666667
0.55,0.2,0.49,0.2,0.3625,0.2695,0.4,0.0641666666666667,"low_only_plus_pooling",TRUE,TRUE,0.689310689310689,0.060875,0.0224583333333333
0.6,0.2,0.49,0.2,0.3625,0.294,0.41,0.07,"low_only_plus_pooling",TRUE,TRUE,0.724275724275724,0.0588333333333333,0.0245
0.65,0.2,0.49,0.2,0.3625,0.3185,0.42,0.0758333333333333,"low_only_plus_pooling",TRUE,TRUE,0.758241758241758,0.0567916666666667,0.0265416666666667
0.7,0.2,0.49,0.2,0.3625,0.343,0.43,0.0816666666666667,"low_only_plus_pooling",TRUE,TRUE,0.793206793206793,0.05475,0.0285833333333333
0.75,0.2,0.49,0.2,0.3625,0.3675,0.44,0.0875,"low_only_plus_pooling",TRUE,TRUE,0.827172827172827,0.0527083333333333,0.030625
0.8,0.2,0.49,0.2,0.3625,0.392,0.45,0.0933333333333334,"delay_plus_pooling",TRUE,TRUE,0.721278721278721,0.0533333333333333,0.03
0.85,0.2,0.49,0.2,0.3625,0.4165,0.46,0.0991666666666667,"delay_plus_pooling",TRUE,TRUE,0.69030969030969,0.0566666666666667,0.0266666666666667
0.9,0.2,0.49,0.2,0.3625,0.441,0.47,0.105,"delay_plus_pooling",TRUE,TRUE,0.667332667332667,0.06,0.0233333333333333
0.45,0.25,0.54,0.2,0.386666666666667,0.2705,0.43,0.1025,"low_only_plus_pooling",TRUE,TRUE,0.554445554445554,0.0607916666666667,0.0225416666666667
0.5,0.25,0.54,0.2,0.386666666666667,0.295,0.44,0.108333333333333,"low_only_plus_pooling",TRUE,TRUE,0.655344655344655,0.05875,0.0245833333333333
0.55,0.25,0.54,0.2,0.386666666666667,0.3195,0.45,0.114166666666667,"low_only_plus_pooling",TRUE,TRUE,0.689310689310689,0.0567083333333333,0.026625
0.6,0.25,0.54,0.2,0.386666666666667,0.344,0.46,0.12,"low_only_plus_pooling",TRUE,TRUE,0.724275724275724,0.0546666666666667,0.0286666666666667
0.65,0.25,0.54,0.2,0.386666666666667,0.3685,0.47,0.125833333333333,"low_only_plus_pooling",TRUE,TRUE,0.758241758241758,0.052625,0.0307083333333333
0.7,0.25,0.54,0.2,0.386666666666667,0.393,0.48,0.131666666666667,"low_only_plus_pooling",TRUE,TRUE,0.793206793206793,0.0505833333333333,0.03275
0.75,0.25,0.54,0.2,0.386666666666667,0.4175,0.49,0.1375,"low_only_plus_pooling",TRUE,TRUE,0.827172827172827,0.0485416666666667,0.0347916666666667
0.8,0.25,0.54,0.2,0.386666666666667,0.442,0.5,0.143333333333333,"delay_plus_pooling",TRUE,TRUE,0.695304695304695,0.05,0.0333333333333333
0.85,0.25,0.54,0.2,0.386666666666667,0.4665,0.51,0.149166666666667,"delay_plus_pooling",TRUE,TRUE,0.664335664335664,0.053125,0.0302083333333333
0.9,0.25,0.54,0.2,0.386666666666667,0.491,0.52,0.155,"delay_plus_pooling",TRUE,TRUE,0.642357642357642,0.05625,0.0270833333333333
0.45,0.3,0.59,0.2,0.414285714285714,0.3205,0.48,0.1525,"low_only_plus_pooling",TRUE,TRUE,0.537462537462537,0.056625,0.0267083333333333
0.5,0.3,0.59,0.2,0.414285714285714,0.345,0.49,0.158333333333333,"low_only_plus_pooling",TRUE,TRUE,0.655344655344655,0.0545833333333333,0.02875
0.55,0.3,0.59,0.2,0.414285714285714,0.3695,0.5,0.164166666666667,"low_only_plus_pooling",TRUE,TRUE,0.689310689310689,0.0525416666666667,0.0307916666666667
0.6,0.3,0.59,0.2,0.414285714285714,0.394,0.51,0.17,"low_only_plus_pooling",TRUE,TRUE,0.724275724275724,0.0505,0.0328333333333333
0.65,0.3,0.59,0.2,0.414285714285714,0.4185,0.52,0.175833333333333,"low_only_plus_pooling",TRUE,TRUE,0.758241758241758,0.0484583333333333,0.034875
0.7,0.3,0.59,0.2,0.414285714285714,0.443,0.53,0.181666666666667,"low_only_plus_pooling",TRUE,TRUE,0.793206793206793,0.0464166666666667,0.0369166666666667
0.75,0.3,0.59,0.2,0.414285714285714,0.4675,0.54,0.1875,"low_only_plus_pooling",TRUE,TRUE,0.827172827172827,0.044375,0.0389583333333333
0.8,0.3,0.59,0.2,0.414285714285714,0.492,0.55,0.193333333333333,"delay_plus_pooling",TRUE,TRUE,0.665334665334665,0.0466666666666667,0.0366666666666667
0.85,0.3,0.59,0.2,0.414285714285714,0.5165,0.56,0.199166666666667,"delay_plus_pooling",TRUE,TRUE,0.635364635364635,0.0495833333333333,0.03375
0.9,0.3,0.59,0.2,0.414285714285714,0.541,0.57,0.205,"delay_plus_pooling",TRUE,TRUE,0.613386613386613,0.0525,0.0308333333333333
0.45,0.35,0.64,0.2,0.446153846153846,0.3705,0.53,0.2025,"low_only_plus_pooling",TRUE,TRUE,0.519480519480519,0.0524583333333333,0.030875
0.5,0.35,0.64,0.2,0.446153846153846,0.395,0.54,0.208333333333333,"low_only_plus_pooling",TRUE,TRUE,0.655344655344655,0.0504166666666667,0.0329166666666667
0.55,0.35,0.64,0.2,0.446153846153846,0.4195,0.55,0.214166666666667,"low_only_plus_pooling",TRUE,TRUE,0.689310689310689,0.048375,0.0349583333333333
0.6,0.35,0.64,0.2,0.446153846153846,0.444,0.56,0.22,"low_only_plus_pooling",TRUE,TRUE,0.724275724275724,0.0463333333333333,0.037
0.65,0.35,0.64,0.2,0.446153846153846,0.4685,0.57,0.225833333333333,"low_only_plus_pooling",TRUE,TRUE,0.758241758241758,0.0442916666666667,0.0390416666666667
0.7,0.35,0.64,0.2,0.446153846153846,0.493,0.58,0.231666666666667,"low_only_plus_pooling",TRUE,TRUE,0.793206793206793,0.04225,0.0410833333333333
0.75,0.35,0.64,0.2,0.446153846153846,0.5175,0.59,0.2375,"delay_plus_pooling",TRUE,TRUE,0.668331668331668,0.040625,0.0427083333333333
0.8,0.35,0.64,0.2,0.446153846153846,0.542,0.6,0.243333333333333,"delay_plus_pooling",TRUE,TRUE,0.631368631368631,0.0433333333333333,0.04
0.85,0.35,0.64,0.2,0.446153846153846,0.5665,0.61,0.249166666666667,"delay_plus_pooling",TRUE,TRUE,0.601398601398601,0.0460416666666667,0.0372916666666667
0.9,0.35,0.64,0.2,0.446153846153846,0.591,0.62,0.255,"delay_plus_pooling",TRUE,TRUE,0.58041958041958,0.04875,0.0345833333333333
0.45,0.4,0.69,0.2,0.483333333333333,0.4205,0.58,0.2525,"low_only_plus_pooling",TRUE,TRUE,0.497502497502497,0.0482916666666667,0.0350416666666667
0.5,0.4,0.69,0.2,0.483333333333333,0.445,0.59,0.258333333333333,"low_only_plus_pooling",TRUE,TRUE,0.655344655344655,0.04625,0.0370833333333333
0.55,0.4,0.69,0.2,0.483333333333333,0.4695,0.6,0.264166666666667,"low_only_plus_pooling",TRUE,TRUE,0.689310689310689,0.0442083333333333,0.039125
0.6,0.4,0.69,0.2,0.483333333333333,0.494,0.61,0.27,"low_only_plus_pooling",TRUE,TRUE,0.724275724275724,0.0421666666666667,0.0411666666666667
0.65,0.4,0.69,0.2,0.483333333333333,0.5185,0.62,0.275833333333333,"low_only_plus_pooling",TRUE,TRUE,0.758241758241758,0.040125,0.0432083333333333
0.7,0.4,0.69,0.2,0.483333333333333,0.543,0.63,0.281666666666667,"low_only_plus_pooling",TRUE,TRUE,0.793206793206793,0.0380833333333333,0.04525
0.75,0.4,0.69,0.2,0.483333333333333,0.5675,0.64,0.2875,"delay_plus_pooling",TRUE,TRUE,0.626373626373626,0.0375,0.0458333333333333
0.8,0.4,0.69,0.2,0.483333333333333,0.592,0.65,0.293333333333333,"delay_plus_pooling",TRUE,TRUE,0.591408591408591,0.04,0.0433333333333333
0.85,0.4,0.69,0.2,0.483333333333333,0.6165,0.66,0.299166666666667,"delay_plus_pooling",TRUE,TRUE,0.562437562437562,0.0425,0.0408333333333333
0.9,0.4,0.69,0.2,0.483333333333333,0.641,0.67,0.305,"delay_plus_pooling",TRUE,TRUE,0.542457542457542,0.045,0.0383333333333333
0.9,0.1,0.42,0.2,0.355555555555556,0.368,0.4,0.00500000000000002,"delay_plus_pooling",TRUE,TRUE,0.677322677322677,0.0675,0.0158333333333333
0.45,0.15,0.47,0.2,0.376470588235294,0.184,0.36,0.00250000000000001,"low_only_plus_pooling",TRUE,TRUE,0.656343656343656,0.068,0.0153333333333333
0.5,0.15,0.47,0.2,0.376470588235294,0.21,0.37,0.00833333333333335,"low_only_plus_pooling",TRUE,TRUE,0.687312687312687,0.0658333333333333,0.0175
0.55,0.15,0.47,0.2,0.376470588235294,0.236,0.38,0.0141666666666667,"low_only_plus_pooling",TRUE,TRUE,0.718281718281718,0.0636666666666667,0.0196666666666667
0.6,0.15,0.47,0.2,0.376470588235294,0.262,0.39,0.02,"low_only_plus_pooling",TRUE,TRUE,0.749250749250749,0.0615,0.0218333333333333
0.65,0.15,0.47,0.2,0.376470588235294,0.288,0.4,0.0258333333333334,"low_only_plus_pooling",TRUE,TRUE,0.781218781218781,0.0593333333333333,0.024
0.7,0.15,0.47,0.2,0.376470588235294,0.314,0.41,0.0316666666666667,"low_only_plus_pooling",TRUE,TRUE,0.812187812187812,0.0571666666666667,0.0261666666666667
0.75,0.15,0.47,0.2,0.376470588235294,0.34,0.42,0.0375,"low_only_plus_pooling",TRUE,TRUE,0.843156843156843,0.055,0.0283333333333333
0.8,0.15,0.47,0.2,0.376470588235294,0.366,0.43,0.0433333333333334,"delay_plus_pooling",TRUE,TRUE,0.712287712287712,0.0566666666666667,0.0266666666666667
0.85,0.15,0.47,0.2,0.376470588235294,0.392,0.44,0.0491666666666667,"delay_plus_pooling",TRUE,TRUE,0.681318681318681,0.0602083333333333,0.023125
0.9,0.15,0.47,0.2,0.376470588235294,0.418,0.45,0.055,"delay_plus_pooling",TRUE,TRUE,0.655344655344655,0.06375,0.0195833333333333
0.45,0.2,0.52,0.2,0.4,0.234,0.41,0.0525,"low_only_plus_pooling",TRUE,TRUE,0.656343656343656,0.0638333333333333,0.0195
0.5,0.2,0.52,0.2,0.4,0.26,0.42,0.0583333333333333,"low_only_plus_pooling",TRUE,TRUE,0.687312687312687,0.0616666666666667,0.0216666666666667
0.55,0.2,0.52,0.2,0.4,0.286,0.43,0.0641666666666667,"low_only_plus_pooling",TRUE,TRUE,0.718281718281718,0.0595,0.0238333333333333
0.6,0.2,0.52,0.2,0.4,0.312,0.44,0.07,"low_only_plus_pooling",TRUE,TRUE,0.749250749250749,0.0573333333333333,0.026
0.65,0.2,0.52,0.2,0.4,0.338,0.45,0.0758333333333333,"low_only_plus_pooling",TRUE,TRUE,0.781218781218781,0.0551666666666667,0.0281666666666667
0.7,0.2,0.52,0.2,0.4,0.364,0.46,0.0816666666666667,"low_only_plus_pooling",TRUE,TRUE,0.812187812187812,0.053,0.0303333333333333
0.75,0.2,0.52,0.2,0.4,0.39,0.47,0.0875,"low_only_plus_pooling",TRUE,TRUE,0.843156843156843,0.0508333333333333,0.0325
0.8,0.2,0.52,0.2,0.4,0.416,0.48,0.0933333333333334,"delay_plus_pooling",TRUE,TRUE,0.686313686313686,0.0533333333333333,0.03
0.85,0.2,0.52,0.2,0.4,0.442,0.49,0.0991666666666667,"delay_plus_pooling",TRUE,TRUE,0.655344655344655,0.0566666666666667,0.0266666666666667
0.9,0.2,0.52,0.2,0.4,0.468,0.5,0.105,"delay_plus_pooling",TRUE,TRUE,0.631368631368631,0.06,0.0233333333333333
0.45,0.25,0.57,0.2,0.426666666666667,0.284,0.46,0.1025,"low_only_plus_pooling",TRUE,TRUE,0.641358641358641,0.0596666666666667,0.0236666666666667
0.5,0.25,0.57,0.2,0.426666666666667,0.31,0.47,0.108333333333333,"low_only_plus_pooling",TRUE,TRUE,0.687312687312687,0.0575,0.0258333333333333
0.55,0.25,0.57,0.2,0.426666666666667,0.336,0.48,0.114166666666667,"low_only_plus_pooling",TRUE,TRUE,0.718281718281718,0.0553333333333333,0.028
0.6,0.25,0.57,0.2,0.426666666666667,0.362,0.49,0.12,"low_only_plus_pooling",TRUE,TRUE,0.749250749250749,0.0531666666666667,0.0301666666666667
0.65,0.25,0.57,0.2,0.426666666666667,0.388,0.5,0.125833333333333,"low_only_plus_pooling",TRUE,TRUE,0.781218781218781,0.051,0.0323333333333333
0.7,0.25,0.57,0.2,0.426666666666667,0.414,0.51,0.131666666666667,"low_only_plus_pooling",TRUE,TRUE,0.812187812187812,0.0488333333333333,0.0345
0.75,0.25,0.57,0.2,0.426666666666667,0.44,0.52,0.1375,"all_three",TRUE,TRUE,0.757242757242757,0.046875,0.0364583333333333
0.8,0.25,0.57,0.2,0.426666666666667,0.466,0.53,0.143333333333333,"delay_plus_pooling",TRUE,TRUE,0.657342657342657,0.05,0.0333333333333333
0.85,0.25,0.57,0.2,0.426666666666667,0.492,0.54,0.149166666666667,"delay_plus_pooling",TRUE,TRUE,0.627372627372627,0.053125,0.0302083333333333
0.9,0.25,0.57,0.2,0.426666666666667,0.518,0.55,0.155,"delay_plus_pooling",TRUE,TRUE,0.603396603396603,0.05625,0.0270833333333333
0.45,0.3,0.62,0.2,0.457142857142857,0.334,0.51,0.1525,"low_only_plus_pooling",TRUE,TRUE,0.622377622377622,0.0555,0.0278333333333333
0.5,0.3,0.62,0.2,0.457142857142857,0.36,0.52,0.158333333333333,"low_only_plus_pooling",TRUE,TRUE,0.687312687312687,0.0533333333333333,0.03
0.55,0.3,0.62,0.2,0.457142857142857,0.386,0.53,0.164166666666667,"low_only_plus_pooling",TRUE,TRUE,0.718281718281718,0.0511666666666667,0.0321666666666667
0.6,0.3,0.62,0.2,0.457142857142857,0.412,0.54,0.17,"low_only_plus_pooling",TRUE,TRUE,0.749250749250749,0.049,0.0343333333333333
0.65,0.3,0.62,0.2,0.457142857142857,0.438,0.55,0.175833333333333,"low_only_plus_pooling",TRUE,TRUE,0.781218781218781,0.0468333333333333,0.0365
0.7,0.3,0.62,0.2,0.457142857142857,0.464,0.56,0.181666666666667,"low_only_plus_pooling",TRUE,TRUE,0.812187812187812,0.0446666666666667,0.0386666666666667
0.75,0.3,0.62,0.2,0.457142857142857,0.49,0.57,0.1875,"delay_plus_pooling",TRUE,TRUE,0.662337662337662,0.04375,0.0395833333333333
0.8,0.3,0.62,0.2,0.457142857142857,0.516,0.58,0.193333333333333,"delay_plus_pooling",TRUE,TRUE,0.623376623376623,0.0466666666666667,0.0366666666666667
0.85,0.3,0.62,0.2,0.457142857142857,0.542,0.59,0.199166666666667,"delay_plus_pooling",TRUE,TRUE,0.595404595404595,0.0495833333333333,0.03375
0.9,0.3,0.62,0.2,0.457142857142857,0.568,0.6,0.205,"delay_plus_pooling",TRUE,TRUE,0.571428571428571,0.0525,0.0308333333333333
0.45,0.35,0.67,0.2,0.492307692307692,0.384,0.56,0.2025,"low_only_plus_pooling",TRUE,TRUE,0.601398601398601,0.0513333333333333,0.032
0.5,0.35,0.67,0.2,0.492307692307692,0.41,0.57,0.208333333333333,"low_only_plus_pooling",TRUE,TRUE,0.687312687312687,0.0491666666666667,0.0341666666666667
0.55,0.35,0.67,0.2,0.492307692307692,0.436,0.58,0.214166666666667,"low_only_plus_pooling",TRUE,TRUE,0.718281718281718,0.047,0.0363333333333333
0.6,0.35,0.67,0.2,0.492307692307692,0.462,0.59,0.22,"low_only_plus_pooling",TRUE,TRUE,0.749250749250749,0.0448333333333333,0.0385
0.65,0.35,0.67,0.2,0.492307692307692,0.488,0.6,0.225833333333333,"low_only_plus_pooling",TRUE,TRUE,0.781218781218781,0.0426666666666667,0.0406666666666667
0.7,0.35,0.67,0.2,0.492307692307692,0.514,0.61,0.231666666666667,"low_only_plus_pooling",TRUE,TRUE,0.812187812187812,0.0405,0.0428333333333333
0.75,0.35,0.67,0.2,0.492307692307692,0.54,0.62,0.2375,"delay_plus_pooling",TRUE,TRUE,0.622377622377622,0.040625,0.0427083333333333
0.8,0.35,0.67,0.2,0.492307692307692,0.566,0.63,0.243333333333333,"delay_plus_pooling",TRUE,TRUE,0.585414585414585,0.0433333333333333,0.04
0.85,0.35,0.67,0.2,0.492307692307692,0.592,0.64,0.249166666666667,"delay_plus_pooling",TRUE,TRUE,0.557442557442557,0.0460416666666667,0.0372916666666667
0.9,0.35,0.67,0.2,0.492307692307692,0.618,0.65,0.255,"delay_plus_pooling",TRUE,TRUE,0.535464535464535,0.04875,0.0345833333333333
0.45,0.4,0.72,0.2,0.533333333333333,0.434,0.61,0.2525,"low_only_plus_pooling",TRUE,TRUE,0.576423576423576,0.0471666666666667,0.0361666666666667
0.5,0.4,0.72,0.2,0.533333333333333,0.46,0.62,0.258333333333333,"low_only_plus_pooling",TRUE,TRUE,0.687312687312687,0.045,0.0383333333333333
0.55,0.4,0.72,0.2,0.533333333333333,0.486,0.63,0.264166666666667,"low_only_plus_pooling",TRUE,TRUE,0.718281718281718,0.0428333333333333,0.0405
0.6,0.4,0.72,0.2,0.533333333333333,0.512,0.64,0.27,"low_only_plus_pooling",TRUE,TRUE,0.749250749250749,0.0406666666666667,0.0426666666666667
0.65,0.4,0.72,0.2,0.533333333333333,0.538,0.65,0.275833333333333,"low_only_plus_pooling",TRUE,TRUE,0.781218781218781,0.0385,0.0448333333333333
0.7,0.4,0.72,0.2,0.533333333333333,0.564,0.66,0.281666666666667,"low_only_plus_pooling",TRUE,TRUE,0.812187812187812,0.0363333333333333,0.047
0.75,0.4,0.72,0.2,0.533333333333333,0.59,0.67,0.2875,"delay_plus_pooling",TRUE,TRUE,0.576423576423576,0.0375,0.0458333333333333
0.8,0.4,0.72,0.2,0.533333333333333,0.616,0.68,0.293333333333333,"delay_plus_pooling",TRUE,TRUE,0.54045954045954,0.04,0.0433333333333333
0.85,0.4,0.72,0.2,0.533333333333333,0.642,0.69,0.299166666666667,"delay_plus_pooling",TRUE,TRUE,0.513486513486514,0.0425,0.0408333333333333
0.9,0.4,0.72,0.2,0.533333333333333,0.668,0.7,0.305,"delay_plus_pooling",TRUE,TRUE,0.492507492507492,0.045,0.0383333333333333
0.9,0.1,0.45,0.2,0.388888888888889,0.395,0.43,0.00500000000000002,"delay_plus_pooling",TRUE,TRUE,0.645354645354645,0.0675,0.0158333333333333
0.45,0.15,0.5,0.2,0.411764705882353,0.1975,0.39,0.00250000000000001,"low_only_plus_pooling",TRUE,TRUE,0.685314685314685,0.066875,0.0164583333333333
0.5,0.15,0.5,0.2,0.411764705882353,0.225,0.4,0.00833333333333335,"low_only_plus_pooling",TRUE,TRUE,0.714285714285714,0.0645833333333333,0.01875
0.55,0.15,0.5,0.2,0.411764705882353,0.2525,0.41,0.0141666666666667,"low_only_plus_pooling",TRUE,TRUE,0.742257742257742,0.0622916666666667,0.0210416666666667
0.6,0.15,0.5,0.2,0.411764705882353,0.28,0.42,0.02,"low_only_plus_pooling",TRUE,TRUE,0.771228771228771,0.06,0.0233333333333333
0.65,0.15,0.5,0.2,0.411764705882353,0.3075,0.43,0.0258333333333334,"low_only_plus_pooling",TRUE,TRUE,0.799200799200799,0.0577083333333333,0.025625
0.7,0.15,0.5,0.2,0.411764705882353,0.335,0.44,0.0316666666666667,"low_only_plus_pooling",TRUE,TRUE,0.828171828171828,0.0554166666666667,0.0279166666666667
0.75,0.15,0.5,0.2,0.411764705882353,0.3625,0.45,0.0375,"all_three",TRUE,TRUE,0.856143856143856,0.053125,0.0302083333333333
0.8,0.15,0.5,0.2,0.411764705882353,0.39,0.46,0.0433333333333334,"delay_plus_pooling",TRUE,TRUE,0.679320679320679,0.0566666666666667,0.0266666666666667
0.85,0.15,0.5,0.2,0.411764705882353,0.4175,0.47,0.0491666666666667,"delay_plus_pooling",TRUE,TRUE,0.647352647352647,0.0602083333333333,0.023125
0.9,0.15,0.5,0.2,0.411764705882353,0.445,0.48,0.055,"delay_plus_pooling",TRUE,TRUE,0.621378621378621,0.06375,0.0195833333333333
0.45,0.2,0.55,0.2,0.4375,0.2475,0.44,0.0525,"low_only_plus_pooling",TRUE,TRUE,0.685314685314685,0.0627083333333333,0.020625
0.5,0.2,0.55,0.2,0.4375,0.275,0.45,0.0583333333333333,"low_only_plus_pooling",TRUE,TRUE,0.714285714285714,0.0604166666666667,0.0229166666666667
0.55,0.2,0.55,0.2,0.4375,0.3025,0.46,0.0641666666666667,"low_only_plus_pooling",TRUE,TRUE,0.742257742257742,0.058125,0.0252083333333333
0.6,0.2,0.55,0.2,0.4375,0.33,0.47,0.07,"low_only_plus_pooling",TRUE,TRUE,0.771228771228771,0.0558333333333333,0.0275
0.65,0.2,0.55,0.2,0.4375,0.3575,0.48,0.0758333333333333,"low_only_plus_pooling",TRUE,TRUE,0.799200799200799,0.0535416666666667,0.0297916666666667
0.7,0.2,0.55,0.2,0.4375,0.385,0.49,0.0816666666666667,"low_only_plus_pooling",TRUE,TRUE,0.828171828171828,0.05125,0.0320833333333333
0.75,0.2,0.55,0.2,0.4375,0.4125,0.5,0.0875,"delay_plus_pooling",TRUE,TRUE,0.69030969030969,0.05,0.0333333333333333
0.8,0.2,0.55,0.2,0.4375,0.44,0.51,0.0933333333333334,"delay_plus_pooling",TRUE,TRUE,0.65034965034965,0.0533333333333333,0.03
0.85,0.2,0.55,0.2,0.4375,0.4675,0.52,0.0991666666666667,"delay_plus_pooling",TRUE,TRUE,0.619380619380619,0.0566666666666667,0.0266666666666667
0.9,0.2,0.55,0.2,0.4375,0.495,0.53,0.105,"delay_plus_pooling",TRUE,TRUE,0.594405594405594,0.06,0.0233333333333333
0.45,0.25,0.6,0.2,0.466666666666667,0.2975,0.49,0.1025,"low_only_plus_pooling",TRUE,TRUE,0.685314685314685,0.0585416666666667,0.0247916666666667
0.5,0.25,0.6,0.2,0.466666666666667,0.325,0.5,0.108333333333333,"low_only_plus_pooling",TRUE,TRUE,0.714285714285714,0.05625,0.0270833333333333
0.55,0.25,0.6,0.2,0.466666666666667,0.3525,0.51,0.114166666666667,"low_only_plus_pooling",TRUE,TRUE,0.742257742257742,0.0539583333333333,0.029375
0.6,0.25,0.6,0.2,0.466666666666667,0.38,0.52,0.12,"low_only_plus_pooling",TRUE,TRUE,0.771228771228771,0.0516666666666667,0.0316666666666667
0.65,0.25,0.6,0.2,0.466666666666667,0.4075,0.53,0.125833333333333,"low_only_plus_pooling",TRUE,TRUE,0.799200799200799,0.049375,0.0339583333333333
0.7,0.25,0.6,0.2,0.466666666666667,0.435,0.54,0.131666666666667,"low_only_plus_pooling",TRUE,TRUE,0.828171828171828,0.0470833333333333,0.03625
0.75,0.25,0.6,0.2,0.466666666666667,0.4625,0.55,0.1375,"delay_plus_pooling",TRUE,TRUE,0.656343656343656,0.046875,0.0364583333333333
0.8,0.25,0.6,0.2,0.466666666666667,0.49,0.56,0.143333333333333,"delay_plus_pooling",TRUE,TRUE,0.618381618381618,0.05,0.0333333333333333
0.85,0.25,0.6,0.2,0.466666666666667,0.5175,0.57,0.149166666666667,"delay_plus_pooling",TRUE,TRUE,0.588411588411588,0.053125,0.0302083333333333
0.9,0.25,0.6,0.2,0.466666666666667,0.545,0.58,0.155,"delay_plus_pooling",TRUE,TRUE,0.564435564435564,0.05625,0.0270833333333333
0.45,0.3,0.65,0.2,0.5,0.3475,0.54,0.1525,"low_only_plus_pooling",TRUE,TRUE,0.685314685314685,0.054375,0.0289583333333333
0.5,0.3,0.65,0.2,0.5,0.375,0.55,0.158333333333333,"low_only_plus_pooling",TRUE,TRUE,0.714285714285714,0.0520833333333333,0.03125
0.55,0.3,0.65,0.2,0.5,0.4025,0.56,0.164166666666667,"low_only_plus_pooling",TRUE,TRUE,0.742257742257742,0.0497916666666667,0.0335416666666667
0.6,0.3,0.65,0.2,0.5,0.43,0.57,0.17,"low_only_plus_pooling",TRUE,TRUE,0.771228771228771,0.0475,0.0358333333333333
0.65,0.3,0.65,0.2,0.5,0.4575,0.58,0.175833333333333,"low_only_plus_pooling",TRUE,TRUE,0.799200799200799,0.0452083333333333,0.038125
0.7,0.3,0.65,0.2,0.5,0.485,0.59,0.181666666666667,"low_only_plus_pooling",TRUE,TRUE,0.828171828171828,0.0429166666666667,0.0404166666666667
0.75,0.3,0.65,0.2,0.5,0.5125,0.6,0.1875,"delay_plus_pooling",TRUE,TRUE,0.618381618381618,0.04375,0.0395833333333333
0.8,0.3,0.65,0.2,0.5,0.54,0.61,0.193333333333333,"delay_plus_pooling",TRUE,TRUE,0.581418581418581,0.0466666666666667,0.0366666666666667
0.85,0.3,0.65,0.2,0.5,0.5675,0.62,0.199166666666667,"delay_plus_pooling",TRUE,TRUE,0.552447552447552,0.0495833333333333,0.03375
0.9,0.3,0.65,0.2,0.5,0.595,0.63,0.205,"delay_plus_pooling",TRUE,TRUE,0.529470529470529,0.0525,0.0308333333333333
0.45,0.35,0.7,0.2,0.538461538461538,0.3975,0.59,0.2025,"low_only_plus_pooling",TRUE,TRUE,0.661338661338661,0.0502083333333333,0.033125
0.5,0.35,0.7,0.2,0.538461538461538,0.425,0.6,0.208333333333333,"low_only_plus_pooling",TRUE,TRUE,0.714285714285714,0.0479166666666667,0.0354166666666667
0.55,0.35,0.7,0.2,0.538461538461538,0.4525,0.61,0.214166666666667,"low_only_plus_pooling",TRUE,TRUE,0.742257742257742,0.045625,0.0377083333333333
0.6,0.35,0.7,0.2,0.538461538461538,0.48,0.62,0.22,"low_only_plus_pooling",TRUE,TRUE,0.771228771228771,0.0433333333333333,0.04
0.65,0.35,0.7,0.2,0.538461538461538,0.5075,0.63,0.225833333333333,"low_only_plus_pooling",TRUE,TRUE,0.799200799200799,0.0410416666666667,0.0422916666666667
0.7,0.35,0.7,0.2,0.538461538461538,0.535,0.64,0.231666666666667,"low_only_plus_pooling",TRUE,TRUE,0.828171828171828,0.03875,0.0445833333333333
0.75,0.35,0.7,0.2,0.538461538461538,0.5625,0.65,0.2375,"delay_plus_pooling",TRUE,TRUE,0.574425574425574,0.040625,0.0427083333333333
0.8,0.35,0.7,0.2,0.538461538461538,0.59,0.66,0.243333333333333,"delay_plus_pooling",TRUE,TRUE,0.538461538461538,0.0433333333333333,0.04
0.85,0.35,0.7,0.2,0.538461538461538,0.6175,0.67,0.249166666666667,"delay_plus_pooling",TRUE,TRUE,0.511488511488511,0.0460416666666667,0.0372916666666667
0.9,0.35,0.7,0.2,0.538461538461538,0.645,0.68,0.255,"delay_plus_pooling",TRUE,TRUE,0.48951048951049,0.04875,0.0345833333333333
0.45,0.4,0.75,0.2,0.583333333333333,0.4475,0.64,0.2525,"low_only_plus_pooling",TRUE,TRUE,0.632367632367632,0.0460416666666667,0.0372916666666667
0.5,0.4,0.75,0.2,0.583333333333333,0.475,0.65,0.258333333333333,"low_only_plus_pooling",TRUE,TRUE,0.714285714285714,0.04375,0.0395833333333333
0.55,0.4,0.75,0.2,0.583333333333333,0.5025,0.66,0.264166666666667,"low_only_plus_pooling",TRUE,TRUE,0.742257742257742,0.0414583333333333,0.041875
0.6,0.4,0.75,0.2,0.583333333333333,0.53,0.67,0.27,"low_only_plus_pooling",TRUE,TRUE,0.771228771228771,0.0391666666666667,0.0441666666666667
0.65,0.4,0.75,0.2,0.583333333333333,0.5575,0.68,0.275833333333333,"low_only_plus_pooling",TRUE,TRUE,0.799200799200799,0.036875,0.0464583333333333
0.7,0.4,0.75,0.2,0.583333333333333,0.585,0.69,0.281666666666667,"all_three",TRUE,TRUE,0.572427572427572,0.035,0.0483333333333333
0.75,0.4,0.75,0.2,0.583333333333333,0.6125,0.7,0.2875,"delay_plus_pooling",TRUE,TRUE,0.523476523476524,0.0375,0.0458333333333333
0.8,0.4,0.75,0.2,0.583333333333333,0.64,0.71,0.293333333333333,"delay_plus_pooling",TRUE,TRUE,0.48951048951049,0.04,0.0433333333333333
0.85,0.4,0.75,0.2,0.583333333333333,0.6675,0.72,0.299166666666667,"delay_plus_pooling",TRUE,TRUE,0.463536463536464,0.0425,0.0408333333333333
0.9,0.4,0.75,0.2,0.583333333333333,0.695,0.73,0.305,"delay_plus_pooling",TRUE,TRUE,0.441558441558442,0.045,0.0383333333333333
0.65,0.15,0.23,0.25,0.0941176470588236,0.1145,0.1425,0.00833333333333336,"low_only_plus_pooling",FALSE,FALSE,0,0.0737916666666667,0.00954166666666667
0.7,0.15,0.23,0.25,0.0941176470588236,0.131,0.155,0.0166666666666667,"low_only_plus_pooling",TRUE,TRUE,0.032967032967033,0.0724166666666667,0.0109166666666667
0.75,0.15,0.23,0.25,0.0941176470588236,0.1475,0.1675,0.025,"low_only_plus_pooling",TRUE,TRUE,0.193806193806194,0.0710416666666667,0.0122916666666667
0.8,0.15,0.23,0.25,0.0941176470588236,0.164,0.18,0.0333333333333334,"low_only_plus_pooling",TRUE,TRUE,0.374625374625375,0.0696666666666667,0.0136666666666667
0.85,0.15,0.23,0.25,0.0941176470588236,0.1805,0.1925,0.0416666666666667,"low_only_plus_pooling",TRUE,TRUE,0.531468531468531,0.0682916666666667,0.0150416666666667
0.9,0.15,0.23,0.25,0.0941176470588236,0.197,0.205,0.05,"low_only_plus_pooling",TRUE,TRUE,0.687312687312687,0.0669166666666667,0.0164166666666667
0.45,0.2,0.28,0.25,0.1,0.0985,0.1425,0.025,"low_only_plus_pooling",FALSE,FALSE,0,0.075125,0.00820833333333333
0.5,0.2,0.28,0.25,0.1,0.115,0.155,0.0333333333333333,"low_only_plus_pooling",FALSE,FALSE,0,0.07375,0.00958333333333333
0.55,0.2,0.28,0.25,0.1,0.1315,0.1675,0.0416666666666667,"low_only_plus_pooling",FALSE,FALSE,0,0.072375,0.0109583333333333
0.6,0.2,0.28,0.25,0.1,0.148,0.18,0.05,"low_only_plus_pooling",FALSE,FALSE,0,0.071,0.0123333333333333
0.65,0.2,0.28,0.25,0.1,0.1645,0.1925,0.0583333333333333,"low_only_plus_pooling",FALSE,FALSE,0,0.069625,0.0137083333333333
0.7,0.2,0.28,0.25,0.1,0.181,0.205,0.0666666666666667,"low_only_plus_pooling",TRUE,TRUE,0.031968031968032,0.06825,0.0150833333333333
0.75,0.2,0.28,0.25,0.1,0.1975,0.2175,0.075,"low_only_plus_pooling",TRUE,TRUE,0.191808191808192,0.066875,0.0164583333333333
0.8,0.2,0.28,0.25,0.1,0.214,0.23,0.0833333333333334,"low_only_plus_pooling",TRUE,TRUE,0.374625374625375,0.0655,0.0178333333333333
0.85,0.2,0.28,0.25,0.1,0.2305,0.2425,0.0916666666666667,"low_only_plus_pooling",TRUE,TRUE,0.531468531468531,0.064125,0.0192083333333333
0.9,0.2,0.28,0.25,0.1,0.247,0.255,0.1,"low_only_plus_pooling",TRUE,TRUE,0.687312687312687,0.06275,0.0205833333333333
0.45,0.25,0.33,0.25,0.106666666666667,0.1485,0.1925,0.075,"low_only_plus_pooling",FALSE,FALSE,0,0.0709583333333333,0.012375
0.5,0.25,0.33,0.25,0.106666666666667,0.165,0.205,0.0833333333333333,"low_only_plus_pooling",FALSE,FALSE,0,0.0695833333333333,0.01375
0.55,0.25,0.33,0.25,0.106666666666667,0.1815,0.2175,0.0916666666666667,"low_only_plus_pooling",FALSE,FALSE,0,0.0682083333333333,0.015125
0.6,0.25,0.33,0.25,0.106666666666667,0.198,0.23,0.1,"low_only_plus_pooling",FALSE,FALSE,0,0.0668333333333333,0.0165
0.65,0.25,0.33,0.25,0.106666666666667,0.2145,0.2425,0.108333333333333,"low_only_plus_pooling",FALSE,FALSE,0,0.0654583333333333,0.017875
0.7,0.25,0.33,0.25,0.106666666666667,0.231,0.255,0.116666666666667,"low_only_plus_pooling",TRUE,TRUE,0.02997002997003,0.0640833333333333,0.01925
0.75,0.25,0.33,0.25,0.106666666666667,0.2475,0.2675,0.125,"low_only_plus_pooling",TRUE,TRUE,0.18981018981019,0.0627083333333333,0.020625
0.8,0.25,0.33,0.25,0.106666666666667,0.264,0.28,0.133333333333333,"low_only_plus_pooling",TRUE,TRUE,0.374625374625375,0.0613333333333333,0.022
0.85,0.25,0.33,0.25,0.106666666666667,0.2805,0.2925,0.141666666666667,"low_only_plus_pooling",TRUE,TRUE,0.531468531468531,0.0599583333333333,0.023375
0.9,0.25,0.33,0.25,0.106666666666667,0.297,0.305,0.15,"low_only_plus_pooling",TRUE,TRUE,0.687312687312687,0.0585833333333333,0.02475
0.45,0.3,0.38,0.25,0.114285714285714,0.1985,0.2425,0.125,"low_only_plus_pooling",FALSE,FALSE,0,0.0667916666666667,0.0165416666666667
0.5,0.3,0.38,0.25,0.114285714285714,0.215,0.255,0.133333333333333,"low_only_plus_pooling",FALSE,FALSE,0,0.0654166666666667,0.0179166666666667
0.55,0.3,0.38,0.25,0.114285714285714,0.2315,0.2675,0.141666666666667,"low_only_plus_pooling",FALSE,FALSE,0,0.0640416666666667,0.0192916666666667
0.6,0.3,0.38,0.25,0.114285714285714,0.248,0.28,0.15,"low_only_plus_pooling",FALSE,FALSE,0,0.0626666666666667,0.0206666666666667
0.65,0.3,0.38,0.25,0.114285714285714,0.2645,0.2925,0.158333333333333,"low_only_plus_pooling",FALSE,FALSE,0,0.0612916666666667,0.0220416666666667
0.7,0.3,0.38,0.25,0.114285714285714,0.281,0.305,0.166666666666667,"low_only_plus_pooling",TRUE,TRUE,0.026973026973027,0.0599166666666667,0.0234166666666667
0.75,0.3,0.38,0.25,0.114285714285714,0.2975,0.3175,0.175,"low_only_plus_pooling",TRUE,TRUE,0.187812187812188,0.0585416666666667,0.0247916666666667
0.8,0.3,0.38,0.25,0.114285714285714,0.314,0.33,0.183333333333333,"low_only_plus_pooling",TRUE,TRUE,0.374625374625375,0.0571666666666667,0.0261666666666667
0.85,0.3,0.38,0.25,0.114285714285714,0.3305,0.3425,0.191666666666667,"low_only_plus_pooling",TRUE,TRUE,0.531468531468531,0.0557916666666667,0.0275416666666667
0.9,0.3,0.38,0.25,0.114285714285714,0.347,0.355,0.2,"low_only_plus_pooling",TRUE,TRUE,0.687312687312687,0.0544166666666666,0.0289166666666667
0.45,0.35,0.43,0.25,0.123076923076923,0.2485,0.2925,0.175,"low_only_plus_pooling",FALSE,FALSE,0,0.062625,0.0207083333333333
0.5,0.35,0.43,0.25,0.123076923076923,0.265,0.305,0.183333333333333,"low_only_plus_pooling",FALSE,FALSE,0,0.06125,0.0220833333333333
0.55,0.35,0.43,0.25,0.123076923076923,0.2815,0.3175,0.191666666666667,"low_only_plus_pooling",FALSE,FALSE,0,0.059875,0.0234583333333333
0.6,0.35,0.43,0.25,0.123076923076923,0.298,0.33,0.2,"low_only_plus_pooling",FALSE,FALSE,0,0.0585,0.0248333333333333
0.65,0.35,0.43,0.25,0.123076923076923,0.3145,0.3425,0.208333333333333,"low_only_plus_pooling",FALSE,FALSE,0,0.057125,0.0262083333333333
0.7,0.35,0.43,0.25,0.123076923076923,0.331,0.355,0.216666666666667,"low_only_plus_pooling",TRUE,TRUE,0.024975024975025,0.05575,0.0275833333333333
0.75,0.35,0.43,0.25,0.123076923076923,0.3475,0.3675,0.225,"low_only_plus_pooling",TRUE,TRUE,0.185814185814186,0.054375,0.0289583333333333
0.8,0.35,0.43,0.25,0.123076923076923,0.364,0.38,0.233333333333333,"low_only_plus_pooling",TRUE,TRUE,0.374625374625375,0.053,0.0303333333333333
0.85,0.35,0.43,0.25,0.123076923076923,0.3805,0.3925,0.241666666666667,"low_only_plus_pooling",TRUE,TRUE,0.531468531468531,0.051625,0.0317083333333333
0.9,0.35,0.43,0.25,0.123076923076923,0.397,0.405,0.25,"low_only_plus_pooling",TRUE,TRUE,0.687312687312687,0.05025,0.0330833333333333
0.45,0.4,0.48,0.25,0.133333333333333,0.2985,0.3425,0.225,"low_only_plus_pooling",FALSE,FALSE,0,0.0584583333333333,0.024875
0.5,0.4,0.48,0.25,0.133333333333333,0.315,0.355,0.233333333333333,"low_only_plus_pooling",FALSE,FALSE,0,0.0570833333333333,0.02625
0.55,0.4,0.48,0.25,0.133333333333333,0.3315,0.3675,0.241666666666667,"low_only_plus_pooling",FALSE,FALSE,0,0.0557083333333333,0.027625
0.6,0.4,0.48,0.25,0.133333333333333,0.348,0.38,0.25,"low_only_plus_pooling",FALSE,FALSE,0,0.0543333333333333,0.029
0.65,0.4,0.48,0.25,0.133333333333333,0.3645,0.3925,0.258333333333333,"low_only_plus_pooling",FALSE,FALSE,0,0.0529583333333333,0.030375
0.7,0.4,0.48,0.25,0.133333333333333,0.381,0.405,0.266666666666667,"low_only_plus_pooling",TRUE,TRUE,0.021978021978022,0.0515833333333333,0.03175
0.75,0.4,0.48,0.25,0.133333333333333,0.3975,0.4175,0.275,"low_only_plus_pooling",TRUE,TRUE,0.182817182817183,0.0502083333333333,0.033125
0.8,0.4,0.48,0.25,0.133333333333333,0.414,0.43,0.283333333333333,"low_only_plus_pooling",TRUE,TRUE,0.374625374625375,0.0488333333333333,0.0345
0.85,0.4,0.48,0.25,0.133333333333333,0.4305,0.4425,0.291666666666667,"low_only_plus_pooling",TRUE,TRUE,0.531468531468531,0.0474583333333333,0.035875
0.9,0.4,0.48,0.25,0.133333333333333,0.447,0.455,0.3,"low_only_plus_pooling",TRUE,TRUE,0.687312687312687,0.0460833333333333,0.03725
0.65,0.15,0.26,0.25,0.129411764705882,0.134,0.1725,0.00833333333333336,"low_only_plus_pooling",TRUE,TRUE,0.157842157842158,0.0721666666666667,0.0111666666666667
0.7,0.15,0.26,0.25,0.129411764705882,0.152,0.185,0.0166666666666667,"low_only_plus_pooling",TRUE,TRUE,0.302697302697303,0.0706666666666667,0.0126666666666667
0.75,0.15,0.26,0.25,0.129411764705882,0.17,0.1975,0.025,"low_only_plus_pooling",TRUE,TRUE,0.431568431568432,0.0691666666666667,0.0141666666666667
0.8,0.15,0.26,0.25,0.129411764705882,0.188,0.21,0.0333333333333334,"low_only_plus_pooling",TRUE,TRUE,0.545454545454545,0.0676666666666667,0.0156666666666667
0.85,0.15,0.26,0.25,0.129411764705882,0.206,0.2225,0.0416666666666667,"low_only_plus_pooling",TRUE,TRUE,0.659340659340659,0.0661666666666667,0.0171666666666667
0.9,0.15,0.26,0.25,0.129411764705882,0.224,0.235,0.05,"low_only_plus_pooling",TRUE,TRUE,0.772227772227772,0.0646666666666667,0.0186666666666667
0.45,0.2,0.31,0.25,0.1375,0.112,0.1725,0.025,"low_only_plus_pooling",FALSE,FALSE,0,0.074,0.00933333333333333
0.5,0.2,0.31,0.25,0.1375,0.13,0.185,0.0333333333333333,"low_only_plus_pooling",FALSE,FALSE,0,0.0725,0.0108333333333333
0.55,0.2,0.31,0.25,0.1375,0.148,0.1975,0.0416666666666667,"low_only_plus_pooling",FALSE,FALSE,0,0.071,0.0123333333333333
0.6,0.2,0.31,0.25,0.1375,0.166,0.21,0.05,"low_only_plus_pooling",TRUE,TRUE,0.034965034965035,0.0695,0.0138333333333333
0.65,0.2,0.31,0.25,0.1375,0.184,0.2225,0.0583333333333333,"low_only_plus_pooling",TRUE,TRUE,0.154845154845155,0.068,0.0153333333333333
0.7,0.2,0.31,0.25,0.1375,0.202,0.235,0.0666666666666667,"low_only_plus_pooling",TRUE,TRUE,0.300699300699301,0.0665,0.0168333333333333
0.75,0.2,0.31,0.25,0.1375,0.22,0.2475,0.075,"low_only_plus_pooling",TRUE,TRUE,0.431568431568432,0.065,0.0183333333333333
0.8,0.2,0.31,0.25,0.1375,0.238,0.26,0.0833333333333334,"low_only_plus_pooling",TRUE,TRUE,0.545454545454545,0.0635,0.0198333333333333
0.85,0.2,0.31,0.25,0.1375,0.256,0.2725,0.0916666666666667,"low_only_plus_pooling",TRUE,TRUE,0.659340659340659,0.062,0.0213333333333333
0.9,0.2,0.31,0.25,0.1375,0.274,0.285,0.1,"low_only_plus_pooling",TRUE,TRUE,0.772227772227772,0.0605,0.0228333333333333
0.45,0.25,0.36,0.25,0.146666666666667,0.162,0.2225,0.075,"low_only_plus_pooling",FALSE,FALSE,0,0.0698333333333333,0.0135
0.5,0.25,0.36,0.25,0.146666666666667,0.18,0.235,0.0833333333333333,"low_only_plus_pooling",FALSE,FALSE,0,0.0683333333333333,0.015
0.55,0.25,0.36,0.25,0.146666666666667,0.198,0.2475,0.0916666666666667,"low_only_plus_pooling",FALSE,FALSE,0,0.0668333333333333,0.0165
0.6,0.25,0.36,0.25,0.146666666666667,0.216,0.26,0.1,"low_only_plus_pooling",TRUE,TRUE,0.031968031968032,0.0653333333333333,0.018
0.65,0.25,0.36,0.25,0.146666666666667,0.234,0.2725,0.108333333333333,"low_only_plus_pooling",TRUE,TRUE,0.151848151848152,0.0638333333333333,0.0195
0.7,0.25,0.36,0.25,0.146666666666667,0.252,0.285,0.116666666666667,"low_only_plus_pooling",TRUE,TRUE,0.297702297702298,0.0623333333333333,0.021
0.75,0.25,0.36,0.25,0.146666666666667,0.27,0.2975,0.125,"low_only_plus_pooling",TRUE,TRUE,0.431568431568432,0.0608333333333333,0.0225
0.8,0.25,0.36,0.25,0.146666666666667,0.288,0.31,0.133333333333333,"low_only_plus_pooling",TRUE,TRUE,0.545454545454545,0.0593333333333333,0.024
0.85,0.25,0.36,0.25,0.146666666666667,0.306,0.3225,0.141666666666667,"low_only_plus_pooling",TRUE,TRUE,0.659340659340659,0.0578333333333333,0.0255
0.9,0.25,0.36,0.25,0.146666666666667,0.324,0.335,0.15,"low_only_plus_pooling",TRUE,TRUE,0.772227772227772,0.0563333333333333,0.027
0.45,0.3,0.41,0.25,0.157142857142857,0.212,0.2725,0.125,"low_only_plus_pooling",FALSE,FALSE,0,0.0656666666666667,0.0176666666666667
0.5,0.3,0.41,0.25,0.157142857142857,0.23,0.285,0.133333333333333,"low_only_plus_pooling",FALSE,FALSE,0,0.0641666666666667,0.0191666666666667
0.55,0.3,0.41,0.25,0.157142857142857,0.248,0.2975,0.141666666666667,"low_only_plus_pooling",FALSE,FALSE,0,0.0626666666666667,0.0206666666666667
0.6,0.3,0.41,0.25,0.157142857142857,0.266,0.31,0.15,"low_only_plus_pooling",TRUE,TRUE,0.027972027972028,0.0611666666666667,0.0221666666666667
0.65,0.3,0.41,0.25,0.157142857142857,0.284,0.3225,0.158333333333333,"low_only_plus_pooling",TRUE,TRUE,0.147852147852148,0.0596666666666667,0.0236666666666667
0.7,0.3,0.41,0.25,0.157142857142857,0.302,0.335,0.166666666666667,"low_only_plus_pooling",TRUE,TRUE,0.294705294705295,0.0581666666666667,0.0251666666666667
0.75,0.3,0.41,0.25,0.157142857142857,0.32,0.3475,0.175,"low_only_plus_pooling",TRUE,TRUE,0.431568431568432,0.0566666666666667,0.0266666666666667
0.8,0.3,0.41,0.25,0.157142857142857,0.338,0.36,0.183333333333333,"low_only_plus_pooling",TRUE,TRUE,0.545454545454545,0.0551666666666667,0.0281666666666667
0.85,0.3,0.41,0.25,0.157142857142857,0.356,0.3725,0.191666666666667,"low_only_plus_pooling",TRUE,TRUE,0.659340659340659,0.0536666666666667,0.0296666666666667
0.9,0.3,0.41,0.25,0.157142857142857,0.374,0.385,0.2,"delay_plus_pooling",TRUE,TRUE,0.748251748251748,0.0525,0.0308333333333333
0.45,0.35,0.46,0.25,0.169230769230769,0.262,0.3225,0.175,"low_only_plus_pooling",FALSE,FALSE,0,0.0615,0.0218333333333333
0.5,0.35,0.46,0.25,0.169230769230769,0.28,0.335,0.183333333333333,"low_only_plus_pooling",FALSE,FALSE,0,0.06,0.0233333333333333
0.55,0.35,0.46,0.25,0.169230769230769,0.298,0.3475,0.191666666666667,"low_only_plus_pooling",FALSE,FALSE,0,0.0585,0.0248333333333333
0.6,0.35,0.46,0.25,0.169230769230769,0.316,0.36,0.2,"low_only_plus_pooling",TRUE,TRUE,0.023976023976024,0.057,0.0263333333333333
0.65,0.35,0.46,0.25,0.169230769230769,0.334,0.3725,0.208333333333333,"low_only_plus_pooling",TRUE,TRUE,0.143856143856144,0.0555,0.0278333333333333
0.7,0.35,0.46,0.25,0.169230769230769,0.352,0.385,0.216666666666667,"low_only_plus_pooling",TRUE,TRUE,0.290709290709291,0.054,0.0293333333333333
0.75,0.35,0.46,0.25,0.169230769230769,0.37,0.3975,0.225,"low_only_plus_pooling",TRUE,TRUE,0.431568431568432,0.0525,0.0308333333333333
0.8,0.35,0.46,0.25,0.169230769230769,0.388,0.41,0.233333333333333,"low_only_plus_pooling",TRUE,TRUE,0.545454545454545,0.051,0.0323333333333333
0.85,0.35,0.46,0.25,0.169230769230769,0.406,0.4225,0.241666666666667,"low_only_plus_pooling",TRUE,TRUE,0.659340659340659,0.0495,0.0338333333333333
0.9,0.35,0.46,0.25,0.169230769230769,0.424,0.435,0.25,"delay_plus_pooling",TRUE,TRUE,0.737262737262737,0.04875,0.0345833333333333
0.45,0.4,0.51,0.25,0.183333333333333,0.312,0.3725,0.225,"low_only_plus_pooling",FALSE,FALSE,0,0.0573333333333333,0.026
0.5,0.4,0.51,0.25,0.183333333333333,0.33,0.385,0.233333333333333,"low_only_plus_pooling",FALSE,FALSE,0,0.0558333333333333,0.0275
0.55,0.4,0.51,0.25,0.183333333333333,0.348,0.3975,0.241666666666667,"low_only_plus_pooling",FALSE,FALSE,0,0.0543333333333333,0.029
0.6,0.4,0.51,0.25,0.183333333333333,0.366,0.41,0.25,"low_only_plus_pooling",TRUE,TRUE,0.017982017982018,0.0528333333333333,0.0305
0.65,0.4,0.51,0.25,0.183333333333333,0.384,0.4225,0.258333333333333,"low_only_plus_pooling",TRUE,TRUE,0.138861138861139,0.0513333333333333,0.032
0.7,0.4,0.51,0.25,0.183333333333333,0.402,0.435,0.266666666666667,"low_only_plus_pooling",TRUE,TRUE,0.286713286713287,0.0498333333333333,0.0335
0.75,0.4,0.51,0.25,0.183333333333333,0.42,0.4475,0.275,"low_only_plus_pooling",TRUE,TRUE,0.431568431568432,0.0483333333333333,0.035
0.8,0.4,0.51,0.25,0.183333333333333,0.438,0.46,0.283333333333333,"low_only_plus_pooling",TRUE,TRUE,0.545454545454545,0.0468333333333333,0.0365
0.85,0.4,0.51,0.25,0.183333333333333,0.456,0.4725,0.291666666666667,"low_only_plus_pooling",TRUE,TRUE,0.659340659340659,0.0453333333333333,0.038
0.9,0.4,0.51,0.25,0.183333333333333,0.474,0.485,0.3,"delay_plus_pooling",TRUE,TRUE,0.725274725274725,0.045,0.0383333333333333
0.65,0.15,0.29,0.25,0.164705882352941,0.1535,0.2025,0.00833333333333336,"low_only_plus_pooling",TRUE,TRUE,0.352647352647353,0.0705416666666667,0.0127916666666667
0.7,0.15,0.29,0.25,0.164705882352941,0.173,0.215,0.0166666666666667,"low_only_plus_pooling",TRUE,TRUE,0.464535464535465,0.0689166666666667,0.0144166666666667
0.75,0.15,0.29,0.25,0.164705882352941,0.1925,0.2275,0.025,"low_only_plus_pooling",TRUE,TRUE,0.553446553446553,0.0672916666666667,0.0160416666666667
0.8,0.15,0.29,0.25,0.164705882352941,0.212,0.24,0.0333333333333334,"low_only_plus_pooling",TRUE,TRUE,0.642357642357642,0.0656666666666667,0.0176666666666667
0.85,0.15,0.29,0.25,0.164705882352941,0.2315,0.2525,0.0416666666666667,"low_only_plus_pooling",TRUE,TRUE,0.732267732267732,0.0640416666666667,0.0192916666666667
0.9,0.15,0.29,0.25,0.164705882352941,0.251,0.265,0.05,"delay_plus_pooling",TRUE,TRUE,0.781218781218781,0.06375,0.0195833333333333
0.45,0.2,0.34,0.25,0.175,0.1255,0.2025,0.025,"low_only_plus_pooling",FALSE,FALSE,0,0.072875,0.0104583333333333
0.5,0.2,0.34,0.25,0.175,0.145,0.215,0.0333333333333333,"low_only_plus_pooling",TRUE,TRUE,0.022977022977023,0.07125,0.0120833333333333
0.55,0.2,0.34,0.25,0.175,0.1645,0.2275,0.0416666666666667,"low_only_plus_pooling",TRUE,TRUE,0.117882117882118,0.069625,0.0137083333333333
0.6,0.2,0.34,0.25,0.175,0.184,0.24,0.05,"low_only_plus_pooling",TRUE,TRUE,0.213786213786214,0.068,0.0153333333333333
0.65,0.2,0.34,0.25,0.175,0.2035,0.2525,0.0583333333333333,"low_only_plus_pooling",TRUE,TRUE,0.348651348651349,0.066375,0.0169583333333333
0.7,0.2,0.34,0.25,0.175,0.223,0.265,0.0666666666666667,"low_only_plus_pooling",TRUE,TRUE,0.464535464535465,0.06475,0.0185833333333333
0.75,0.2,0.34,0.25,0.175,0.2425,0.2775,0.075,"low_only_plus_pooling",TRUE,TRUE,0.553446553446553,0.063125,0.0202083333333333
0.8,0.2,0.34,0.25,0.175,0.262,0.29,0.0833333333333334,"low_only_plus_pooling",TRUE,TRUE,0.642357642357642,0.0615,0.0218333333333333
0.85,0.2,0.34,0.25,0.175,0.2815,0.3025,0.0916666666666667,"low_only_plus_pooling",TRUE,TRUE,0.732267732267732,0.059875,0.0234583333333333
0.9,0.2,0.34,0.25,0.175,0.301,0.315,0.1,"delay_plus_pooling",TRUE,TRUE,0.772227772227772,0.06,0.0233333333333333
0.45,0.25,0.39,0.25,0.186666666666667,0.1755,0.2525,0.075,"low_only_plus_pooling",FALSE,FALSE,0,0.0687083333333333,0.014625
0.5,0.25,0.39,0.25,0.186666666666667,0.195,0.265,0.0833333333333333,"low_only_plus_pooling",TRUE,TRUE,0.017982017982018,0.0670833333333333,0.01625
0.55,0.25,0.39,0.25,0.186666666666667,0.2145,0.2775,0.0916666666666667,"low_only_plus_pooling",TRUE,TRUE,0.112887112887113,0.0654583333333333,0.017875
0.6,0.25,0.39,0.25,0.186666666666667,0.234,0.29,0.1,"low_only_plus_pooling",TRUE,TRUE,0.208791208791209,0.0638333333333333,0.0195
0.65,0.25,0.39,0.25,0.186666666666667,0.2535,0.3025,0.108333333333333,"low_only_plus_pooling",TRUE,TRUE,0.344655344655345,0.0622083333333333,0.021125
0.7,0.25,0.39,0.25,0.186666666666667,0.273,0.315,0.116666666666667,"low_only_plus_pooling",TRUE,TRUE,0.464535464535465,0.0605833333333333,0.02275
0.75,0.25,0.39,0.25,0.186666666666667,0.2925,0.3275,0.125,"low_only_plus_pooling",TRUE,TRUE,0.553446553446553,0.0589583333333333,0.024375
0.8,0.25,0.39,0.25,0.186666666666667,0.312,0.34,0.133333333333333,"low_only_plus_pooling",TRUE,TRUE,0.642357642357642,0.0573333333333333,0.026
0.85,0.25,0.39,0.25,0.186666666666667,0.3315,0.3525,0.141666666666667,"low_only_plus_pooling",TRUE,TRUE,0.732267732267732,0.0557083333333333,0.027625
0.9,0.25,0.39,0.25,0.186666666666667,0.351,0.365,0.15,"delay_plus_pooling",TRUE,TRUE,0.761238761238761,0.05625,0.0270833333333333
0.45,0.3,0.44,0.25,0.2,0.2255,0.3025,0.125,"low_only_plus_pooling",FALSE,FALSE,0,0.0645416666666667,0.0187916666666667
0.5,0.3,0.44,0.25,0.2,0.245,0.315,0.133333333333333,"low_only_plus_pooling",TRUE,TRUE,0.011988011988012,0.0629166666666667,0.0204166666666667
0.55,0.3,0.44,0.25,0.2,0.2645,0.3275,0.141666666666667,"low_only_plus_pooling",TRUE,TRUE,0.107892107892108,0.0612916666666667,0.0220416666666667
0.6,0.3,0.44,0.25,0.2,0.284,0.34,0.15,"low_only_plus_pooling",TRUE,TRUE,0.203796203796204,0.0596666666666667,0.0236666666666667
0.65,0.3,0.44,0.25,0.2,0.3035,0.3525,0.158333333333333,"low_only_plus_pooling",TRUE,TRUE,0.33966033966034,0.0580416666666667,0.0252916666666667
0.7,0.3,0.44,0.25,0.2,0.323,0.365,0.166666666666667,"low_only_plus_pooling",TRUE,TRUE,0.464535464535465,0.0564166666666667,0.0269166666666667
0.75,0.3,0.44,0.25,0.2,0.3425,0.3775,0.175,"low_only_plus_pooling",TRUE,TRUE,0.553446553446553,0.0547916666666667,0.0285416666666667
0.8,0.3,0.44,0.25,0.2,0.362,0.39,0.183333333333333,"low_only_plus_pooling",TRUE,TRUE,0.642357642357642,0.0531666666666667,0.0301666666666667
0.85,0.3,0.44,0.25,0.2,0.3815,0.4025,0.191666666666667,"low_only_plus_pooling",TRUE,TRUE,0.732267732267732,0.0515416666666667,0.0317916666666667
0.9,0.3,0.44,0.25,0.2,0.401,0.415,0.2,"delay_plus_pooling",TRUE,TRUE,0.749250749250749,0.0525,0.0308333333333333
0.45,0.35,0.49,0.25,0.215384615384615,0.2755,0.3525,0.175,"low_only_plus_pooling",FALSE,FALSE,0,0.060375,0.0229583333333333
0.5,0.35,0.49,0.25,0.215384615384615,0.295,0.365,0.183333333333333,"low_only_plus_pooling",TRUE,TRUE,0.004995004995005,0.05875,0.0245833333333333
0.55,0.35,0.49,0.25,0.215384615384615,0.3145,0.3775,0.191666666666667,"low_only_plus_pooling",TRUE,TRUE,0.100899100899101,0.057125,0.0262083333333333
0.6,0.35,0.49,0.25,0.215384615384615,0.334,0.39,0.2,"low_only_plus_pooling",TRUE,TRUE,0.197802197802198,0.0555,0.0278333333333333
0.65,0.35,0.49,0.25,0.215384615384615,0.3535,0.4025,0.208333333333333,"low_only_plus_pooling",TRUE,TRUE,0.333666333666334,0.053875,0.0294583333333333
0.7,0.35,0.49,0.25,0.215384615384615,0.373,0.415,0.216666666666667,"low_only_plus_pooling",TRUE,TRUE,0.464535464535465,0.05225,0.0310833333333333
0.75,0.35,0.49,0.25,0.215384615384615,0.3925,0.4275,0.225,"low_only_plus_pooling",TRUE,TRUE,0.553446553446553,0.050625,0.0327083333333333
0.8,0.35,0.49,0.25,0.215384615384615,0.412,0.44,0.233333333333333,"low_only_plus_pooling",TRUE,TRUE,0.642357642357642,0.049,0.0343333333333333
0.85,0.35,0.49,0.25,0.215384615384615,0.4315,0.4525,0.241666666666667,"low_only_plus_pooling",TRUE,TRUE,0.732267732267732,0.047375,0.0359583333333333
0.9,0.35,0.49,0.25,0.215384615384615,0.451,0.465,0.25,"delay_plus_pooling",TRUE,TRUE,0.735264735264735,0.04875,0.0345833333333333
0.45,0.4,0.54,0.25,0.233333333333333,0.3255,0.4025,0.225,"low_only_plus_pooling",FALSE,FALSE,0,0.0562083333333333,0.027125
0.5,0.4,0.54,0.25,0.233333333333333,0.345,0.415,0.233333333333333,"low_only_plus_pooling",FALSE,FALSE,0,0.0545833333333333,0.02875
0.55,0.4,0.54,0.25,0.233333333333333,0.3645,0.4275,0.241666666666667,"low_only_plus_pooling",TRUE,TRUE,0.0939060939060939,0.0529583333333333,0.030375
0.6,0.4,0.54,0.25,0.233333333333333,0.384,0.44,0.25,"low_only_plus_pooling",TRUE,TRUE,0.190809190809191,0.0513333333333333,0.032
0.65,0.4,0.54,0.25,0.233333333333333,0.4035,0.4525,0.258333333333333,"low_only_plus_pooling",TRUE,TRUE,0.327672327672328,0.0497083333333333,0.033625
0.7,0.4,0.54,0.25,0.233333333333333,0.423,0.465,0.266666666666667,"low_only_plus_pooling",TRUE,TRUE,0.464535464535465,0.0480833333333333,0.03525
0.75,0.4,0.54,0.25,0.233333333333333,0.4425,0.4775,0.275,"low_only_plus_pooling",TRUE,TRUE,0.553446553446553,0.0464583333333333,0.036875
0.8,0.4,0.54,0.25,0.233333333333333,0.462,0.49,0.283333333333333,"low_only_plus_pooling",TRUE,TRUE,0.642357642357642,0.0448333333333333,0.0385
0.85,0.4,0.54,0.25,0.233333333333333,0.4815,0.5025,0.291666666666667,"low_only_plus_pooling",TRUE,TRUE,0.732267732267732,0.0432083333333333,0.040125
0.9,0.4,0.54,0.25,0.233333333333333,0.501,0.515,0.3,"delay_plus_pooling",TRUE,TRUE,0.719280719280719,0.045,0.0383333333333333
0.65,0.15,0.32,0.25,0.2,0.173,0.2325,0.00833333333333336,"low_only_plus_pooling",TRUE,TRUE,0.485514485514486,0.0689166666666667,0.0144166666666667
0.7,0.15,0.32,0.25,0.2,0.194,0.245,0.0166666666666667,"low_only_plus_pooling",TRUE,TRUE,0.558441558441558,0.0671666666666667,0.0161666666666667
0.75,0.15,0.32,0.25,0.2,0.215,0.2575,0.025,"low_only_plus_pooling",TRUE,TRUE,0.632367632367632,0.0654166666666667,0.0179166666666667
0.8,0.15,0.32,0.25,0.2,0.236,0.27,0.0333333333333334,"low_only_plus_pooling",TRUE,TRUE,0.705294705294705,0.0636666666666667,0.0196666666666667
0.85,0.15,0.32,0.25,0.2,0.257,0.2825,0.0416666666666667,"low_only_plus_pooling",TRUE,TRUE,0.779220779220779,0.0619166666666667,0.0214166666666667
0.9,0.15,0.32,0.25,0.2,0.278,0.295,0.05,"delay_plus_pooling",TRUE,TRUE,0.773226773226773,0.06375,0.0195833333333333
0.45,0.2,0.37,0.25,0.2125,0.139,0.2325,0.025,"low_only_plus_pooling",TRUE,TRUE,0.0799200799200799,0.07175,0.0115833333333333
0.5,0.2,0.37,0.25,0.2125,0.16,0.245,0.0333333333333333,"low_only_plus_pooling",TRUE,TRUE,0.15984015984016,0.07,0.0133333333333333
0.55,0.2,0.37,0.25,0.2125,0.181,0.2575,0.0416666666666667,"low_only_plus_pooling",TRUE,TRUE,0.241758241758242,0.06825,0.0150833333333333
0.6,0.2,0.37,0.25,0.2125,0.202,0.27,0.05,"low_only_plus_pooling",TRUE,TRUE,0.342657342657343,0.0665,0.0168333333333333
0.65,0.2,0.37,0.25,0.2125,0.223,0.2825,0.0583333333333333,"low_only_plus_pooling",TRUE,TRUE,0.485514485514486,0.06475,0.0185833333333333
0.7,0.2,0.37,0.25,0.2125,0.244,0.295,0.0666666666666667,"low_only_plus_pooling",TRUE,TRUE,0.558441558441558,0.063,0.0203333333333333
0.75,0.2,0.37,0.25,0.2125,0.265,0.3075,0.075,"low_only_plus_pooling",TRUE,TRUE,0.632367632367632,0.06125,0.0220833333333333
0.8,0.2,0.37,0.25,0.2125,0.286,0.32,0.0833333333333334,"low_only_plus_pooling",TRUE,TRUE,0.705294705294705,0.0595,0.0238333333333333
0.85,0.2,0.37,0.25,0.2125,0.307,0.3325,0.0916666666666667,"low_only_plus_pooling",TRUE,TRUE,0.779220779220779,0.05775,0.0255833333333333
0.9,0.2,0.37,0.25,0.2125,0.328,0.345,0.1,"delay_plus_pooling",TRUE,TRUE,0.761238761238761,0.06,0.0233333333333333
0.45,0.25,0.42,0.25,0.226666666666667,0.189,0.2825,0.075,"low_only_plus_pooling",TRUE,TRUE,0.0729270729270729,0.0675833333333333,0.01575
0.5,0.25,0.42,0.25,0.226666666666667,0.21,0.295,0.0833333333333333,"low_only_plus_pooling",TRUE,TRUE,0.153846153846154,0.0658333333333333,0.0175
0.55,0.25,0.42,0.25,0.226666666666667,0.231,0.3075,0.0916666666666667,"low_only_plus_pooling",TRUE,TRUE,0.234765234765235,0.0640833333333333,0.01925
0.6,0.25,0.42,0.25,0.226666666666667,0.252,0.32,0.1,"low_only_plus_pooling",TRUE,TRUE,0.336663336663337,0.0623333333333333,0.021
0.65,0.25,0.42,0.25,0.226666666666667,0.273,0.3325,0.108333333333333,"low_only_plus_pooling",TRUE,TRUE,0.485514485514486,0.0605833333333333,0.02275
0.7,0.25,0.42,0.25,0.226666666666667,0.294,0.345,0.116666666666667,"low_only_plus_pooling",TRUE,TRUE,0.558441558441558,0.0588333333333333,0.0245
0.75,0.25,0.42,0.25,0.226666666666667,0.315,0.3575,0.125,"low_only_plus_pooling",TRUE,TRUE,0.632367632367632,0.0570833333333333,0.02625
0.8,0.25,0.42,0.25,0.226666666666667,0.336,0.37,0.133333333333333,"low_only_plus_pooling",TRUE,TRUE,0.705294705294705,0.0553333333333333,0.028
0.85,0.25,0.42,0.25,0.226666666666667,0.357,0.3825,0.141666666666667,"low_only_plus_pooling",TRUE,TRUE,0.779220779220779,0.0535833333333333,0.02975
0.9,0.25,0.42,0.25,0.226666666666667,0.378,0.395,0.15,"delay_plus_pooling",TRUE,TRUE,0.748251748251748,0.05625,0.0270833333333333
0.45,0.3,0.47,0.25,0.242857142857143,0.239,0.3325,0.125,"low_only_plus_pooling",TRUE,TRUE,0.0649350649350649,0.0634166666666667,0.0199166666666667
0.5,0.3,0.47,0.25,0.242857142857143,0.26,0.345,0.133333333333333,"low_only_plus_pooling",TRUE,TRUE,0.145854145854146,0.0616666666666667,0.0216666666666667
0.55,0.3,0.47,0.25,0.242857142857143,0.281,0.3575,0.141666666666667,"low_only_plus_pooling",TRUE,TRUE,0.227772227772228,0.0599166666666667,0.0234166666666667
0.6,0.3,0.47,0.25,0.242857142857143,0.302,0.37,0.15,"low_only_plus_pooling",TRUE,TRUE,0.32967032967033,0.0581666666666667,0.0251666666666667
0.65,0.3,0.47,0.25,0.242857142857143,0.323,0.3825,0.158333333333333,"low_only_plus_pooling",TRUE,TRUE,0.485514485514486,0.0564166666666667,0.0269166666666667
0.7,0.3,0.47,0.25,0.242857142857143,0.344,0.395,0.166666666666667,"low_only_plus_pooling",TRUE,TRUE,0.558441558441558,0.0546666666666667,0.0286666666666667
0.75,0.3,0.47,0.25,0.242857142857143,0.365,0.4075,0.175,"low_only_plus_pooling",TRUE,TRUE,0.632367632367632,0.0529166666666667,0.0304166666666667
0.8,0.3,0.47,0.25,0.242857142857143,0.386,0.42,0.183333333333333,"low_only_plus_pooling",TRUE,TRUE,0.705294705294705,0.0511666666666667,0.0321666666666667
0.85,0.3,0.47,0.25,0.242857142857143,0.407,0.4325,0.191666666666667,"delay_plus_pooling",TRUE,TRUE,0.732267732267732,0.0495833333333333,0.03375
0.9,0.3,0.47,0.25,0.242857142857143,0.428,0.445,0.2,"delay_plus_pooling",TRUE,TRUE,0.732267732267732,0.0525,0.0308333333333333
0.45,0.35,0.52,0.25,0.261538461538462,0.289,0.3825,0.175,"low_only_plus_pooling",TRUE,TRUE,0.056943056943057,0.05925,0.0240833333333333
0.5,0.35,0.52,0.25,0.261538461538462,0.31,0.395,0.183333333333333,"low_only_plus_pooling",TRUE,TRUE,0.137862137862138,0.0575,0.0258333333333333
0.55,0.35,0.52,0.25,0.261538461538462,0.331,0.4075,0.191666666666667,"low_only_plus_pooling",TRUE,TRUE,0.21978021978022,0.05575,0.0275833333333333
0.6,0.35,0.52,0.25,0.261538461538462,0.352,0.42,0.2,"low_only_plus_pooling",TRUE,TRUE,0.322677322677323,0.054,0.0293333333333333
0.65,0.35,0.52,0.25,0.261538461538462,0.373,0.4325,0.208333333333333,"low_only_plus_pooling",TRUE,TRUE,0.485514485514486,0.05225,0.0310833333333333
0.7,0.35,0.52,0.25,0.261538461538462,0.394,0.445,0.216666666666667,"low_only_plus_pooling",TRUE,TRUE,0.558441558441558,0.0505,0.0328333333333333
0.75,0.35,0.52,0.25,0.261538461538462,0.415,0.4575,0.225,"low_only_plus_pooling",TRUE,TRUE,0.632367632367632,0.04875,0.0345833333333333
0.8,0.35,0.52,0.25,0.261538461538462,0.436,0.47,0.233333333333333,"low_only_plus_pooling",TRUE,TRUE,0.705294705294705,0.047,0.0363333333333333
0.85,0.35,0.52,0.25,0.261538461538462,0.457,0.4825,0.241666666666667,"delay_plus_pooling",TRUE,TRUE,0.715284715284715,0.0460416666666667,0.0372916666666667
0.9,0.35,0.52,0.25,0.261538461538462,0.478,0.495,0.25,"delay_plus_pooling",TRUE,TRUE,0.715284715284715,0.04875,0.0345833333333333
0.45,0.4,0.57,0.25,0.283333333333333,0.339,0.4325,0.225,"low_only_plus_pooling",TRUE,TRUE,0.046953046953047,0.0550833333333333,0.02825
0.5,0.4,0.57,0.25,0.283333333333333,0.36,0.445,0.233333333333333,"low_only_plus_pooling",TRUE,TRUE,0.127872127872128,0.0533333333333333,0.03
0.55,0.4,0.57,0.25,0.283333333333333,0.381,0.4575,0.241666666666667,"low_only_plus_pooling",TRUE,TRUE,0.210789210789211,0.0515833333333333,0.03175
0.6,0.4,0.57,0.25,0.283333333333333,0.402,0.47,0.25,"low_only_plus_pooling",TRUE,TRUE,0.313686313686314,0.0498333333333333,0.0335
0.65,0.4,0.57,0.25,0.283333333333333,0.423,0.4825,0.258333333333333,"low_only_plus_pooling",TRUE,TRUE,0.485514485514486,0.0480833333333333,0.03525
0.7,0.4,0.57,0.25,0.283333333333333,0.444,0.495,0.266666666666667,"low_only_plus_pooling",TRUE,TRUE,0.558441558441558,0.0463333333333333,0.037
0.75,0.4,0.57,0.25,0.283333333333333,0.465,0.5075,0.275,"low_only_plus_pooling",TRUE,TRUE,0.632367632367632,0.0445833333333333,0.03875
0.8,0.4,0.57,0.25,0.283333333333333,0.486,0.52,0.283333333333333,"low_only_plus_pooling",TRUE,TRUE,0.705294705294705,0.0428333333333333,0.0405
0.85,0.4,0.57,0.25,0.283333333333333,0.507,0.5325,0.291666666666667,"delay_plus_pooling",TRUE,TRUE,0.695304695304695,0.0425,0.0408333333333333
0.9,0.4,0.57,0.25,0.283333333333333,0.528,0.545,0.3,"delay_plus_pooling",TRUE,TRUE,0.694305694305694,0.045,0.0383333333333333
0.65,0.15,0.35,0.25,0.235294117647059,0.1925,0.2625,0.00833333333333336,"low_only_plus_pooling",TRUE,TRUE,0.562437562437562,0.0672916666666667,0.0160416666666667
0.7,0.15,0.35,0.25,0.235294117647059,0.215,0.275,0.0166666666666667,"low_only_plus_pooling",TRUE,TRUE,0.624375624375624,0.0654166666666667,0.0179166666666667
0.75,0.15,0.35,0.25,0.235294117647059,0.2375,0.2875,0.025,"low_only_plus_pooling",TRUE,TRUE,0.687312687312687,0.0635416666666667,0.0197916666666667
0.8,0.15,0.35,0.25,0.235294117647059,0.26,0.3,0.0333333333333334,"low_only_plus_pooling",TRUE,TRUE,0.749250749250749,0.0616666666666667,0.0216666666666667
0.85,0.15,0.35,0.25,0.235294117647059,0.2825,0.3125,0.0416666666666667,"delay_plus_pooling",TRUE,TRUE,0.763236763236763,0.0602083333333333,0.023125
0.9,0.15,0.35,0.25,0.235294117647059,0.305,0.325,0.05,"delay_plus_pooling",TRUE,TRUE,0.756243756243756,0.06375,0.0195833333333333
0.45,0.2,0.4,0.25,0.25,0.1525,0.2625,0.025,"low_only_plus_pooling",TRUE,TRUE,0.178821178821179,0.070625,0.0127083333333333
0.5,0.2,0.4,0.25,0.25,0.175,0.275,0.0333333333333333,"low_only_plus_pooling",TRUE,TRUE,0.248751248751249,0.06875,0.0145833333333333
0.55,0.2,0.4,0.25,0.25,0.1975,0.2875,0.0416666666666667,"low_only_plus_pooling",TRUE,TRUE,0.320679320679321,0.066875,0.0164583333333333
0.6,0.2,0.4,0.25,0.25,0.22,0.3,0.05,"low_only_plus_pooling",TRUE,TRUE,0.4995004995005,0.065,0.0183333333333333
0.65,0.2,0.4,0.25,0.25,0.2425,0.3125,0.0583333333333333,"low_only_plus_pooling",TRUE,TRUE,0.562437562437562,0.063125,0.0202083333333333
0.7,0.2,0.4,0.25,0.25,0.265,0.325,0.0666666666666667,"low_only_plus_pooling",TRUE,TRUE,0.624375624375624,0.06125,0.0220833333333333
0.75,0.2,0.4,0.25,0.25,0.2875,0.3375,0.075,"low_only_plus_pooling",TRUE,TRUE,0.687312687312687,0.059375,0.0239583333333333
0.8,0.2,0.4,0.25,0.25,0.31,0.35,0.0833333333333334,"low_only_plus_pooling",TRUE,TRUE,0.749250749250749,0.0575,0.0258333333333333
0.85,0.2,0.4,0.25,0.25,0.3325,0.3625,0.0916666666666667,"delay_plus_pooling",TRUE,TRUE,0.749250749250749,0.0566666666666667,0.0266666666666667
0.9,0.2,0.4,0.25,0.25,0.355,0.375,0.1,"delay_plus_pooling",TRUE,TRUE,0.742257742257742,0.06,0.0233333333333333
0.45,0.25,0.45,0.25,0.266666666666667,0.2025,0.3125,0.075,"low_only_plus_pooling",TRUE,TRUE,0.170829170829171,0.0664583333333333,0.016875
0.5,0.25,0.45,0.25,0.266666666666667,0.225,0.325,0.0833333333333333,"low_only_plus_pooling",TRUE,TRUE,0.241758241758242,0.0645833333333333,0.01875
0.55,0.25,0.45,0.25,0.266666666666667,0.2475,0.3375,0.0916666666666667,"low_only_plus_pooling",TRUE,TRUE,0.313686313686314,0.0627083333333333,0.020625
0.6,0.25,0.45,0.25,0.266666666666667,0.27,0.35,0.1,"low_only_plus_pooling",TRUE,TRUE,0.4995004995005,0.0608333333333333,0.0225
0.65,0.25,0.45,0.25,0.266666666666667,0.2925,0.3625,0.108333333333333,"low_only_plus_pooling",TRUE,TRUE,0.562437562437562,0.0589583333333333,0.024375
0.7,0.25,0.45,0.25,0.266666666666667,0.315,0.375,0.116666666666667,"low_only_plus_pooling",TRUE,TRUE,0.624375624375624,0.0570833333333333,0.02625
0.75,0.25,0.45,0.25,0.266666666666667,0.3375,0.3875,0.125,"low_only_plus_pooling",TRUE,TRUE,0.687312687312687,0.0552083333333333,0.028125
0.8,0.25,0.45,0.25,0.266666666666667,0.36,0.4,0.133333333333333,"low_only_plus_pooling",TRUE,TRUE,0.749250749250749,0.0533333333333333,0.03
0.85,0.25,0.45,0.25,0.266666666666667,0.3825,0.4125,0.141666666666667,"delay_plus_pooling",TRUE,TRUE,0.733266733266733,0.053125,0.0302083333333333
0.9,0.25,0.45,0.25,0.266666666666667,0.405,0.425,0.15,"delay_plus_pooling",TRUE,TRUE,0.725274725274725,0.05625,0.0270833333333333
0.45,0.3,0.5,0.25,0.285714285714286,0.2525,0.3625,0.125,"low_only_plus_pooling",TRUE,TRUE,0.161838161838162,0.0622916666666667,0.0210416666666667
0.5,0.3,0.5,0.25,0.285714285714286,0.275,0.375,0.133333333333333,"low_only_plus_pooling",TRUE,TRUE,0.231768231768232,0.0604166666666667,0.0229166666666667
0.55,0.3,0.5,0.25,0.285714285714286,0.2975,0.3875,0.141666666666667,"low_only_plus_pooling",TRUE,TRUE,0.304695304695305,0.0585416666666667,0.0247916666666667
0.6,0.3,0.5,0.25,0.285714285714286,0.32,0.4,0.15,"low_only_plus_pooling",TRUE,TRUE,0.4995004995005,0.0566666666666667,0.0266666666666667
0.65,0.3,0.5,0.25,0.285714285714286,0.3425,0.4125,0.158333333333333,"low_only_plus_pooling",TRUE,TRUE,0.562437562437562,0.0547916666666667,0.0285416666666667
0.7,0.3,0.5,0.25,0.285714285714286,0.365,0.425,0.166666666666667,"low_only_plus_pooling",TRUE,TRUE,0.624375624375624,0.0529166666666667,0.0304166666666667
0.75,0.3,0.5,0.25,0.285714285714286,0.3875,0.4375,0.175,"low_only_plus_pooling",TRUE,TRUE,0.687312687312687,0.0510416666666667,0.0322916666666667
0.8,0.3,0.5,0.25,0.285714285714286,0.41,0.45,0.183333333333333,"low_only_plus_pooling",TRUE,TRUE,0.749250749250749,0.0491666666666667,0.0341666666666667
0.85,0.3,0.5,0.25,0.285714285714286,0.4325,0.4625,0.191666666666667,"delay_plus_pooling",TRUE,TRUE,0.715284715284715,0.0495833333333333,0.03375
0.9,0.3,0.5,0.25,0.285714285714286,0.455,0.475,0.2,"delay_plus_pooling",TRUE,TRUE,0.707292707292707,0.0525,0.0308333333333333
0.45,0.35,0.55,0.25,0.307692307692308,0.3025,0.4125,0.175,"low_only_plus_pooling",TRUE,TRUE,0.150849150849151,0.058125,0.0252083333333333
0.5,0.35,0.55,0.25,0.307692307692308,0.325,0.425,0.183333333333333,"low_only_plus_pooling",TRUE,TRUE,0.221778221778222,0.05625,0.0270833333333333
0.55,0.35,0.55,0.25,0.307692307692308,0.3475,0.4375,0.191666666666667,"low_only_plus_pooling",TRUE,TRUE,0.294705294705295,0.054375,0.0289583333333333
0.6,0.35,0.55,0.25,0.307692307692308,0.37,0.45,0.2,"low_only_plus_pooling",TRUE,TRUE,0.4995004995005,0.0525,0.0308333333333333
0.65,0.35,0.55,0.25,0.307692307692308,0.3925,0.4625,0.208333333333333,"low_only_plus_pooling",TRUE,TRUE,0.562437562437562,0.050625,0.0327083333333333
0.7,0.35,0.55,0.25,0.307692307692308,0.415,0.475,0.216666666666667,"low_only_plus_pooling",TRUE,TRUE,0.624375624375624,0.04875,0.0345833333333333
0.75,0.35,0.55,0.25,0.307692307692308,0.4375,0.4875,0.225,"low_only_plus_pooling",TRUE,TRUE,0.687312687312687,0.046875,0.0364583333333333
0.8,0.35,0.55,0.25,0.307692307692308,0.46,0.5,0.233333333333333,"low_only_plus_pooling",TRUE,TRUE,0.749250749250749,0.045,0.0383333333333333
0.85,0.35,0.55,0.25,0.307692307692308,0.4825,0.5125,0.241666666666667,"delay_plus_pooling",TRUE,TRUE,0.694305694305694,0.0460416666666667,0.0372916666666667
0.9,0.35,0.55,0.25,0.307692307692308,0.505,0.525,0.25,"delay_plus_pooling",TRUE,TRUE,0.685314685314685,0.04875,0.0345833333333333
0.45,0.4,0.6,0.25,0.333333333333333,0.3525,0.4625,0.225,"low_only_plus_pooling",TRUE,TRUE,0.138861138861139,0.0539583333333333,0.029375
0.5,0.4,0.6,0.25,0.333333333333333,0.375,0.475,0.233333333333333,"low_only_plus_pooling",TRUE,TRUE,0.20979020979021,0.0520833333333333,0.03125
0.55,0.4,0.6,0.25,0.333333333333333,0.3975,0.4875,0.241666666666667,"low_only_plus_pooling",TRUE,TRUE,0.282717282717283,0.0502083333333333,0.033125
0.6,0.4,0.6,0.25,0.333333333333333,0.42,0.5,0.25,"low_only_plus_pooling",TRUE,TRUE,0.4995004995005,0.0483333333333333,0.035
0.65,0.4,0.6,0.25,0.333333333333333,0.4425,0.5125,0.258333333333333,"low_only_plus_pooling",TRUE,TRUE,0.562437562437562,0.0464583333333333,0.036875
0.7,0.4,0.6,0.25,0.333333333333333,0.465,0.525,0.266666666666667,"low_only_plus_pooling",TRUE,TRUE,0.624375624375624,0.0445833333333333,0.03875
0.75,0.4,0.6,0.25,0.333333333333333,0.4875,0.5375,0.275,"low_only_plus_pooling",TRUE,TRUE,0.687312687312687,0.0427083333333333,0.040625
0.8,0.4,0.6,0.25,0.333333333333333,0.51,0.55,0.283333333333333,"low_only_plus_pooling",TRUE,TRUE,0.749250749250749,0.0408333333333333,0.0425
0.85,0.4,0.6,0.25,0.333333333333333,0.5325,0.5625,0.291666666666667,"delay_plus_pooling",TRUE,TRUE,0.669330669330669,0.0425,0.0408333333333333
0.9,0.4,0.6,0.25,0.333333333333333,0.555,0.575,0.3,"delay_plus_pooling",TRUE,TRUE,0.661338661338661,0.045,0.0383333333333333
0.65,0.15,0.38,0.25,0.270588235294118,0.212,0.2925,0.00833333333333336,"low_only_plus_pooling",TRUE,TRUE,0.619380619380619,0.0656666666666667,0.0176666666666667
0.7,0.15,0.38,0.25,0.270588235294118,0.236,0.305,0.0166666666666667,"low_only_plus_pooling",TRUE,TRUE,0.673326673326673,0.0636666666666667,0.0196666666666667
0.75,0.15,0.38,0.25,0.270588235294118,0.26,0.3175,0.025,"low_only_plus_pooling",TRUE,TRUE,0.728271728271728,0.0616666666666667,0.0216666666666667
0.8,0.15,0.38,0.25,0.270588235294118,0.284,0.33,0.0333333333333334,"low_only_plus_pooling",TRUE,TRUE,0.782217782217782,0.0596666666666667,0.0236666666666667
0.85,0.15,0.38,0.25,0.270588235294118,0.308,0.3425,0.0416666666666667,"delay_plus_pooling",TRUE,TRUE,0.746253746253746,0.0602083333333333,0.023125
0.9,0.15,0.38,0.25,0.270588235294118,0.332,0.355,0.05,"delay_plus_pooling",TRUE,TRUE,0.734265734265734,0.06375,0.0195833333333333
0.45,0.2,0.43,0.25,0.2875,0.166,0.2925,0.025,"low_only_plus_pooling",TRUE,TRUE,0.246753246753247,0.0695,0.0138333333333333
0.5,0.2,0.43,0.25,0.2875,0.19,0.305,0.0333333333333333,"low_only_plus_pooling",TRUE,TRUE,0.30969030969031,0.0675,0.0158333333333333
0.55,0.2,0.43,0.25,0.2875,0.214,0.3175,0.0416666666666667,"low_only_plus_pooling",TRUE,TRUE,0.484515484515485,0.0655,0.0178333333333333
0.6,0.2,0.43,0.25,0.2875,0.238,0.33,0.05,"low_only_plus_pooling",TRUE,TRUE,0.565434565434565,0.0635,0.0198333333333333
0.65,0.2,0.43,0.25,0.2875,0.262,0.3425,0.0583333333333333,"low_only_plus_pooling",TRUE,TRUE,0.619380619380619,0.0615,0.0218333333333333
0.7,0.2,0.43,0.25,0.2875,0.286,0.355,0.0666666666666667,"low_only_plus_pooling",TRUE,TRUE,0.673326673326673,0.0595,0.0238333333333333
0.75,0.2,0.43,0.25,0.2875,0.31,0.3675,0.075,"low_only_plus_pooling",TRUE,TRUE,0.728271728271728,0.0575,0.0258333333333333
0.8,0.2,0.43,0.25,0.2875,0.334,0.38,0.0833333333333334,"low_only_plus_pooling",TRUE,TRUE,0.782217782217782,0.0555,0.0278333333333333
0.85,0.2,0.43,0.25,0.2875,0.358,0.3925,0.0916666666666667,"delay_plus_pooling",TRUE,TRUE,0.729270729270729,0.0566666666666667,0.0266666666666667
0.9,0.2,0.43,0.25,0.2875,0.382,0.405,0.1,"delay_plus_pooling",TRUE,TRUE,0.717282717282717,0.06,0.0233333333333333
0.45,0.25,0.48,0.25,0.306666666666667,0.216,0.3425,0.075,"low_only_plus_pooling",TRUE,TRUE,0.236763236763237,0.0653333333333333,0.018
0.5,0.25,0.48,0.25,0.306666666666667,0.24,0.355,0.0833333333333333,"low_only_plus_pooling",TRUE,TRUE,0.300699300699301,0.0633333333333333,0.02
0.55,0.25,0.48,0.25,0.306666666666667,0.264,0.3675,0.0916666666666667,"low_only_plus_pooling",TRUE,TRUE,0.475524475524476,0.0613333333333333,0.022
0.6,0.25,0.48,0.25,0.306666666666667,0.288,0.38,0.1,"low_only_plus_pooling",TRUE,TRUE,0.565434565434565,0.0593333333333333,0.024
0.65,0.25,0.48,0.25,0.306666666666667,0.312,0.3925,0.108333333333333,"low_only_plus_pooling",TRUE,TRUE,0.619380619380619,0.0573333333333333,0.026
0.7,0.25,0.48,0.25,0.306666666666667,0.336,0.405,0.116666666666667,"low_only_plus_pooling",TRUE,TRUE,0.673326673326673,0.0553333333333333,0.028
0.75,0.25,0.48,0.25,0.306666666666667,0.36,0.4175,0.125,"low_only_plus_pooling",TRUE,TRUE,0.728271728271728,0.0533333333333333,0.03
0.8,0.25,0.48,0.25,0.306666666666667,0.384,0.43,0.133333333333333,"low_only_plus_pooling",TRUE,TRUE,0.782217782217782,0.0513333333333333,0.032
0.85,0.25,0.48,0.25,0.306666666666667,0.408,0.4425,0.141666666666667,"delay_plus_pooling",TRUE,TRUE,0.71028971028971,0.053125,0.0302083333333333
0.9,0.25,0.48,0.25,0.306666666666667,0.432,0.455,0.15,"delay_plus_pooling",TRUE,TRUE,0.698301698301698,0.05625,0.0270833333333333
0.45,0.3,0.53,0.25,0.328571428571429,0.266,0.3925,0.125,"low_only_plus_pooling",TRUE,TRUE,0.225774225774226,0.0611666666666667,0.0221666666666667
0.5,0.3,0.53,0.25,0.328571428571429,0.29,0.405,0.133333333333333,"low_only_plus_pooling",TRUE,TRUE,0.28971028971029,0.0591666666666667,0.0241666666666667
0.55,0.3,0.53,0.25,0.328571428571429,0.314,0.4175,0.141666666666667,"low_only_plus_pooling",TRUE,TRUE,0.465534465534466,0.0571666666666667,0.0261666666666667
0.6,0.3,0.53,0.25,0.328571428571429,0.338,0.43,0.15,"low_only_plus_pooling",TRUE,TRUE,0.565434565434565,0.0551666666666667,0.0281666666666667
0.65,0.3,0.53,0.25,0.328571428571429,0.362,0.4425,0.158333333333333,"low_only_plus_pooling",TRUE,TRUE,0.619380619380619,0.0531666666666667,0.0301666666666667
0.7,0.3,0.53,0.25,0.328571428571429,0.386,0.455,0.166666666666667,"low_only_plus_pooling",TRUE,TRUE,0.673326673326673,0.0511666666666667,0.0321666666666667
0.75,0.3,0.53,0.25,0.328571428571429,0.41,0.4675,0.175,"low_only_plus_pooling",TRUE,TRUE,0.728271728271728,0.0491666666666667,0.0341666666666667
0.8,0.3,0.53,0.25,0.328571428571429,0.434,0.48,0.183333333333333,"low_only_plus_pooling",TRUE,TRUE,0.782217782217782,0.0471666666666667,0.0361666666666667
0.85,0.3,0.53,0.25,0.328571428571429,0.458,0.4925,0.191666666666667,"delay_plus_pooling",TRUE,TRUE,0.688311688311688,0.0495833333333333,0.03375
0.9,0.3,0.53,0.25,0.328571428571429,0.482,0.505,0.2,"delay_plus_pooling",TRUE,TRUE,0.676323676323676,0.0525,0.0308333333333333
0.45,0.35,0.58,0.25,0.353846153846154,0.316,0.4425,0.175,"low_only_plus_pooling",TRUE,TRUE,0.212787212787213,0.057,0.0263333333333333
0.5,0.35,0.58,0.25,0.353846153846154,0.34,0.455,0.183333333333333,"low_only_plus_pooling",TRUE,TRUE,0.277722277722278,0.055,0.0283333333333333
0.55,0.35,0.58,0.25,0.353846153846154,0.364,0.4675,0.191666666666667,"low_only_plus_pooling",TRUE,TRUE,0.453546453546454,0.053,0.0303333333333333
0.6,0.35,0.58,0.25,0.353846153846154,0.388,0.48,0.2,"low_only_plus_pooling",TRUE,TRUE,0.565434565434565,0.051,0.0323333333333333
0.65,0.35,0.58,0.25,0.353846153846154,0.412,0.4925,0.208333333333333,"low_only_plus_pooling",TRUE,TRUE,0.619380619380619,0.049,0.0343333333333333
0.7,0.35,0.58,0.25,0.353846153846154,0.436,0.505,0.216666666666667,"low_only_plus_pooling",TRUE,TRUE,0.673326673326673,0.047,0.0363333333333333
0.75,0.35,0.58,0.25,0.353846153846154,0.46,0.5175,0.225,"low_only_plus_pooling",TRUE,TRUE,0.728271728271728,0.045,0.0383333333333333
0.8,0.35,0.58,0.25,0.353846153846154,0.484,0.53,0.233333333333333,"delay_plus_pooling",TRUE,TRUE,0.685314685314685,0.0433333333333333,0.04
0.85,0.35,0.58,0.25,0.353846153846154,0.508,0.5425,0.241666666666667,"delay_plus_pooling",TRUE,TRUE,0.664335664335664,0.0460416666666667,0.0372916666666667
0.9,0.35,0.58,0.25,0.353846153846154,0.532,0.555,0.25,"delay_plus_pooling",TRUE,TRUE,0.651348651348651,0.04875,0.0345833333333333
0.45,0.4,0.63,0.25,0.383333333333333,0.366,0.4925,0.225,"low_only_plus_pooling",TRUE,TRUE,0.198801198801199,0.0528333333333333,0.0305
0.5,0.4,0.63,0.25,0.383333333333333,0.39,0.505,0.233333333333333,"low_only_plus_pooling",TRUE,TRUE,0.262737262737263,0.0508333333333333,0.0325
0.55,0.4,0.63,0.25,0.383333333333333,0.414,0.5175,0.241666666666667,"low_only_plus_pooling",TRUE,TRUE,0.43956043956044,0.0488333333333333,0.0345
0.6,0.4,0.63,0.25,0.383333333333333,0.438,0.53,0.25,"low_only_plus_pooling",TRUE,TRUE,0.565434565434565,0.0468333333333333,0.0365
0.65,0.4,0.63,0.25,0.383333333333333,0.462,0.5425,0.258333333333333,"low_only_plus_pooling",TRUE,TRUE,0.619380619380619,0.0448333333333333,0.0385
0.7,0.4,0.63,0.25,0.383333333333333,0.486,0.555,0.266666666666667,"low_only_plus_pooling",TRUE,TRUE,0.673326673326673,0.0428333333333333,0.0405
0.75,0.4,0.63,0.25,0.383333333333333,0.51,0.5675,0.275,"low_only_plus_pooling",TRUE,TRUE,0.728271728271728,0.0408333333333333,0.0425
0.8,0.4,0.63,0.25,0.383333333333333,0.534,0.58,0.283333333333333,"delay_plus_pooling",TRUE,TRUE,0.656343656343656,0.04,0.0433333333333333
0.85,0.4,0.63,0.25,0.383333333333333,0.558,0.5925,0.291666666666667,"delay_plus_pooling",TRUE,TRUE,0.635364635364635,0.0425,0.0408333333333333
0.9,0.4,0.63,0.25,0.383333333333333,0.582,0.605,0.3,"delay_plus_pooling",TRUE,TRUE,0.622377622377622,0.045,0.0383333333333333
0.65,0.15,0.41,0.25,0.305882352941176,0.2315,0.3225,0.00833333333333336,"low_only_plus_pooling",TRUE,TRUE,0.663336663336663,0.0640416666666667,0.0192916666666667
0.7,0.15,0.41,0.25,0.305882352941176,0.257,0.335,0.0166666666666667,"low_only_plus_pooling",TRUE,TRUE,0.711288711288711,0.0619166666666667,0.0214166666666667
0.75,0.15,0.41,0.25,0.305882352941176,0.2825,0.3475,0.025,"low_only_plus_pooling",TRUE,TRUE,0.759240759240759,0.0597916666666667,0.0235416666666667
0.8,0.15,0.41,0.25,0.305882352941176,0.308,0.36,0.0333333333333334,"low_only_plus_pooling",TRUE,TRUE,0.807192807192807,0.0576666666666667,0.0256666666666667
0.85,0.15,0.41,0.25,0.305882352941176,0.3335,0.3725,0.0416666666666667,"delay_plus_pooling",TRUE,TRUE,0.723276723276723,0.0602083333333333,0.023125
0.9,0.15,0.41,0.25,0.305882352941176,0.359,0.385,0.05,"delay_plus_pooling",TRUE,TRUE,0.706293706293706,0.06375,0.0195833333333333
0.45,0.2,0.46,0.25,0.325,0.1795,0.3225,0.025,"low_only_plus_pooling",TRUE,TRUE,0.292707292707293,0.068375,0.0149583333333333
0.5,0.2,0.46,0.25,0.325,0.205,0.335,0.0333333333333333,"low_only_plus_pooling",TRUE,TRUE,0.38961038961039,0.06625,0.0170833333333333
0.55,0.2,0.46,0.25,0.325,0.2305,0.3475,0.0416666666666667,"low_only_plus_pooling",TRUE,TRUE,0.567432567432567,0.064125,0.0192083333333333
0.6,0.2,0.46,0.25,0.325,0.256,0.36,0.05,"low_only_plus_pooling",TRUE,TRUE,0.615384615384615,0.062,0.0213333333333333
0.65,0.2,0.46,0.25,0.325,0.2815,0.3725,0.0583333333333333,"low_only_plus_pooling",TRUE,TRUE,0.663336663336663,0.059875,0.0234583333333333
0.7,0.2,0.46,0.25,0.325,0.307,0.385,0.0666666666666667,"low_only_plus_pooling",TRUE,TRUE,0.711288711288711,0.05775,0.0255833333333333
0.75,0.2,0.46,0.25,0.325,0.3325,0.3975,0.075,"low_only_plus_pooling",TRUE,TRUE,0.759240759240759,0.055625,0.0277083333333333
0.8,0.2,0.46,0.25,0.325,0.358,0.41,0.0833333333333334,"low_only_plus_pooling",TRUE,TRUE,0.807192807192807,0.0535,0.0298333333333333
0.85,0.2,0.46,0.25,0.325,0.3835,0.4225,0.0916666666666667,"delay_plus_pooling",TRUE,TRUE,0.704295704295704,0.0566666666666667,0.0266666666666667
0.9,0.2,0.46,0.25,0.325,0.409,0.435,0.1,"delay_plus_pooling",TRUE,TRUE,0.687312687312687,0.06,0.0233333333333333
0.45,0.25,0.51,0.25,0.346666666666667,0.2295,0.3725,0.075,"low_only_plus_pooling",TRUE,TRUE,0.280719280719281,0.0642083333333333,0.019125
0.5,0.25,0.51,0.25,0.346666666666667,0.255,0.385,0.0833333333333333,"low_only_plus_pooling",TRUE,TRUE,0.378621378621379,0.0620833333333333,0.02125
0.55,0.25,0.51,0.25,0.346666666666667,0.2805,0.3975,0.0916666666666667,"low_only_plus_pooling",TRUE,TRUE,0.567432567432567,0.0599583333333333,0.023375
0.6,0.25,0.51,0.25,0.346666666666667,0.306,0.41,0.1,"low_only_plus_pooling",TRUE,TRUE,0.615384615384615,0.0578333333333333,0.0255
0.65,0.25,0.51,0.25,0.346666666666667,0.3315,0.4225,0.108333333333333,"low_only_plus_pooling",TRUE,TRUE,0.663336663336663,0.0557083333333333,0.027625
0.7,0.25,0.51,0.25,0.346666666666667,0.357,0.435,0.116666666666667,"low_only_plus_pooling",TRUE,TRUE,0.711288711288711,0.0535833333333333,0.02975
0.75,0.25,0.51,0.25,0.346666666666667,0.3825,0.4475,0.125,"low_only_plus_pooling",TRUE,TRUE,0.759240759240759,0.0514583333333333,0.031875
0.8,0.25,0.51,0.25,0.346666666666667,0.408,0.46,0.133333333333333,"delay_plus_pooling",TRUE,TRUE,0.706293706293706,0.05,0.0333333333333333
0.85,0.25,0.51,0.25,0.346666666666667,0.4335,0.4725,0.141666666666667,"delay_plus_pooling",TRUE,TRUE,0.682317682317682,0.053125,0.0302083333333333
0.9,0.25,0.51,0.25,0.346666666666667,0.459,0.485,0.15,"delay_plus_pooling",TRUE,TRUE,0.665334665334665,0.05625,0.0270833333333333
0.45,0.3,0.56,0.25,0.371428571428571,0.2795,0.4225,0.125,"low_only_plus_pooling",TRUE,TRUE,0.267732267732268,0.0600416666666667,0.0232916666666667
0.5,0.3,0.56,0.25,0.371428571428571,0.305,0.435,0.133333333333333,"low_only_plus_pooling",TRUE,TRUE,0.365634365634366,0.0579166666666667,0.0254166666666667
0.55,0.3,0.56,0.25,0.371428571428571,0.3305,0.4475,0.141666666666667,"low_only_plus_pooling",TRUE,TRUE,0.567432567432567,0.0557916666666667,0.0275416666666667
0.6,0.3,0.56,0.25,0.371428571428571,0.356,0.46,0.15,"low_only_plus_pooling",TRUE,TRUE,0.615384615384615,0.0536666666666667,0.0296666666666667
0.65,0.3,0.56,0.25,0.371428571428571,0.3815,0.4725,0.158333333333333,"low_only_plus_pooling",TRUE,TRUE,0.663336663336663,0.0515416666666667,0.0317916666666667
0.7,0.3,0.56,0.25,0.371428571428571,0.407,0.485,0.166666666666667,"low_only_plus_pooling",TRUE,TRUE,0.711288711288711,0.0494166666666667,0.0339166666666667
0.75,0.3,0.56,0.25,0.371428571428571,0.4325,0.4975,0.175,"low_only_plus_pooling",TRUE,TRUE,0.759240759240759,0.0472916666666667,0.0360416666666667
0.8,0.3,0.56,0.25,0.371428571428571,0.458,0.51,0.183333333333333,"delay_plus_pooling",TRUE,TRUE,0.681318681318681,0.0466666666666667,0.0366666666666667
0.85,0.3,0.56,0.25,0.371428571428571,0.4835,0.5225,0.191666666666667,"delay_plus_pooling",TRUE,TRUE,0.657342657342657,0.0495833333333333,0.03375
0.9,0.3,0.56,0.25,0.371428571428571,0.509,0.535,0.2,"delay_plus_pooling",TRUE,TRUE,0.641358641358641,0.0525,0.0308333333333333
0.45,0.35,0.61,0.25,0.4,0.3295,0.4725,0.175,"low_only_plus_pooling",TRUE,TRUE,0.252747252747253,0.055875,0.0274583333333333
0.5,0.35,0.61,0.25,0.4,0.355,0.485,0.183333333333333,"low_only_plus_pooling",TRUE,TRUE,0.351648351648352,0.05375,0.0295833333333333
0.55,0.35,0.61,0.25,0.4,0.3805,0.4975,0.191666666666667,"low_only_plus_pooling",TRUE,TRUE,0.567432567432567,0.051625,0.0317083333333333
0.6,0.35,0.61,0.25,0.4,0.406,0.51,0.2,"low_only_plus_pooling",TRUE,TRUE,0.615384615384615,0.0495,0.0338333333333333
0.65,0.35,0.61,0.25,0.4,0.4315,0.5225,0.208333333333333,"low_only_plus_pooling",TRUE,TRUE,0.663336663336663,0.047375,0.0359583333333333
0.7,0.35,0.61,0.25,0.4,0.457,0.535,0.216666666666667,"low_only_plus_pooling",TRUE,TRUE,0.711288711288711,0.04525,0.0380833333333333
0.75,0.35,0.61,0.25,0.4,0.4825,0.5475,0.225,"low_only_plus_pooling",TRUE,TRUE,0.759240759240759,0.043125,0.0402083333333333
0.8,0.35,0.61,0.25,0.4,0.508,0.56,0.233333333333333,"delay_plus_pooling",TRUE,TRUE,0.653346653346653,0.0433333333333333,0.04
0.85,0.35,0.61,0.25,0.4,0.5335,0.5725,0.241666666666667,"delay_plus_pooling",TRUE,TRUE,0.628371628371628,0.0460416666666667,0.0372916666666667
0.9,0.35,0.61,0.25,0.4,0.559,0.585,0.25,"delay_plus_pooling",TRUE,TRUE,0.612387612387612,0.04875,0.0345833333333333
0.45,0.4,0.66,0.25,0.433333333333333,0.3795,0.5225,0.225,"low_only_plus_pooling",TRUE,TRUE,0.235764235764236,0.0517083333333333,0.031625
0.5,0.4,0.66,0.25,0.433333333333333,0.405,0.535,0.233333333333333,"low_only_plus_pooling",TRUE,TRUE,0.334665334665335,0.0495833333333333,0.03375
0.55,0.4,0.66,0.25,0.433333333333333,0.4305,0.5475,0.241666666666667,"low_only_plus_pooling",TRUE,TRUE,0.567432567432567,0.0474583333333333,0.035875
0.6,0.4,0.66,0.25,0.433333333333333,0.456,0.56,0.25,"low_only_plus_pooling",TRUE,TRUE,0.615384615384615,0.0453333333333333,0.038
0.65,0.4,0.66,0.25,0.433333333333333,0.4815,0.5725,0.258333333333333,"low_only_plus_pooling",TRUE,TRUE,0.663336663336663,0.0432083333333333,0.040125
0.7,0.4,0.66,0.25,0.433333333333333,0.507,0.585,0.266666666666667,"low_only_plus_pooling",TRUE,TRUE,0.711288711288711,0.0410833333333333,0.04225
0.75,0.4,0.66,0.25,0.433333333333333,0.5325,0.5975,0.275,"low_only_plus_pooling",TRUE,TRUE,0.759240759240759,0.0389583333333333,0.044375
0.8,0.4,0.66,0.25,0.433333333333333,0.558,0.61,0.283333333333333,"delay_plus_pooling",TRUE,TRUE,0.619380619380619,0.04,0.0433333333333333
0.85,0.4,0.66,0.25,0.433333333333333,0.5835,0.6225,0.291666666666667,"delay_plus_pooling",TRUE,TRUE,0.595404595404595,0.0425,0.0408333333333333
0.9,0.4,0.66,0.25,0.433333333333333,0.609,0.635,0.3,"delay_plus_pooling",TRUE,TRUE,0.578421578421578,0.045,0.0383333333333333
0.65,0.15,0.44,0.25,0.341176470588235,0.251,0.3525,0.00833333333333336,"low_only_plus_pooling",TRUE,TRUE,0.698301698301698,0.0624166666666667,0.0209166666666667
0.7,0.15,0.44,0.25,0.341176470588235,0.278,0.365,0.0166666666666667,"low_only_plus_pooling",TRUE,TRUE,0.741258741258741,0.0601666666666667,0.0231666666666667
0.75,0.15,0.44,0.25,0.341176470588235,0.305,0.3775,0.025,"low_only_plus_pooling",TRUE,TRUE,0.784215784215784,0.0579166666666667,0.0254166666666667
0.8,0.15,0.44,0.25,0.341176470588235,0.332,0.39,0.0333333333333334,"delay_plus_pooling",TRUE,TRUE,0.724275724275724,0.0566666666666667,0.0266666666666667
0.85,0.15,0.44,0.25,0.341176470588235,0.359,0.4025,0.0416666666666667,"delay_plus_pooling",TRUE,TRUE,0.696303696303696,0.0602083333333333,0.023125
0.9,0.15,0.44,0.25,0.341176470588235,0.386,0.415,0.05,"delay_plus_pooling",TRUE,TRUE,0.677322677322677,0.06375,0.0195833333333333
0.45,0.2,0.49,0.25,0.3625,0.193,0.3525,0.025,"low_only_plus_pooling",TRUE,TRUE,0.322677322677323,0.06725,0.0160833333333333
0.5,0.2,0.49,0.25,0.3625,0.22,0.365,0.0333333333333333,"low_only_plus_pooling",TRUE,TRUE,0.514485514485514,0.065,0.0183333333333333
0.55,0.2,0.49,0.25,0.3625,0.247,0.3775,0.0416666666666667,"low_only_plus_pooling",TRUE,TRUE,0.612387612387612,0.06275,0.0205833333333333
0.6,0.2,0.49,0.25,0.3625,0.274,0.39,0.05,"low_only_plus_pooling",TRUE,TRUE,0.655344655344655,0.0605,0.0228333333333333
0.65,0.2,0.49,0.25,0.3625,0.301,0.4025,0.0583333333333333,"low_only_plus_pooling",TRUE,TRUE,0.698301698301698,0.05825,0.0250833333333333
0.7,0.2,0.49,0.25,0.3625,0.328,0.415,0.0666666666666667,"low_only_plus_pooling",TRUE,TRUE,0.741258741258741,0.056,0.0273333333333333
0.75,0.2,0.49,0.25,0.3625,0.355,0.4275,0.075,"low_only_plus_pooling",TRUE,TRUE,0.784215784215784,0.05375,0.0295833333333333
0.8,0.2,0.49,0.25,0.3625,0.382,0.44,0.0833333333333334,"delay_plus_pooling",TRUE,TRUE,0.701298701298701,0.0533333333333333,0.03
0.85,0.2,0.49,0.25,0.3625,0.409,0.4525,0.0916666666666667,"delay_plus_pooling",TRUE,TRUE,0.675324675324675,0.0566666666666667,0.0266666666666667
0.9,0.2,0.49,0.25,0.3625,0.436,0.465,0.1,"delay_plus_pooling",TRUE,TRUE,0.656343656343656,0.06,0.0233333333333333
0.45,0.25,0.54,0.25,0.386666666666667,0.243,0.4025,0.075,"low_only_plus_pooling",TRUE,TRUE,0.30969030969031,0.0630833333333333,0.02025
0.5,0.25,0.54,0.25,0.386666666666667,0.27,0.415,0.0833333333333333,"low_only_plus_pooling",TRUE,TRUE,0.502497502497502,0.0608333333333333,0.0225
0.55,0.25,0.54,0.25,0.386666666666667,0.297,0.4275,0.0916666666666667,"low_only_plus_pooling",TRUE,TRUE,0.612387612387612,0.0585833333333333,0.02475
0.6,0.25,0.54,0.25,0.386666666666667,0.324,0.44,0.1,"low_only_plus_pooling",TRUE,TRUE,0.655344655344655,0.0563333333333333,0.027
0.65,0.25,0.54,0.25,0.386666666666667,0.351,0.4525,0.108333333333333,"low_only_plus_pooling",TRUE,TRUE,0.698301698301698,0.0540833333333333,0.02925
0.7,0.25,0.54,0.25,0.386666666666667,0.378,0.465,0.116666666666667,"low_only_plus_pooling",TRUE,TRUE,0.741258741258741,0.0518333333333333,0.0315
0.75,0.25,0.54,0.25,0.386666666666667,0.405,0.4775,0.125,"low_only_plus_pooling",TRUE,TRUE,0.784215784215784,0.0495833333333333,0.03375
0.8,0.25,0.54,0.25,0.386666666666667,0.432,0.49,0.133333333333333,"delay_plus_pooling",TRUE,TRUE,0.676323676323676,0.05,0.0333333333333333
0.85,0.25,0.54,0.25,0.386666666666667,0.459,0.5025,0.141666666666667,"delay_plus_pooling",TRUE,TRUE,0.65034965034965,0.053125,0.0302083333333333
0.9,0.25,0.54,0.25,0.386666666666667,0.486,0.515,0.15,"delay_plus_pooling",TRUE,TRUE,0.631368631368631,0.05625,0.0270833333333333
0.45,0.3,0.59,0.25,0.414285714285714,0.293,0.4525,0.125,"low_only_plus_pooling",TRUE,TRUE,0.294705294705295,0.0589166666666667,0.0244166666666667
0.5,0.3,0.59,0.25,0.414285714285714,0.32,0.465,0.133333333333333,"low_only_plus_pooling",TRUE,TRUE,0.487512487512487,0.0566666666666667,0.0266666666666667
0.55,0.3,0.59,0.25,0.414285714285714,0.347,0.4775,0.141666666666667,"low_only_plus_pooling",TRUE,TRUE,0.612387612387612,0.0544166666666667,0.0289166666666667
0.6,0.3,0.59,0.25,0.414285714285714,0.374,0.49,0.15,"low_only_plus_pooling",TRUE,TRUE,0.655344655344655,0.0521666666666667,0.0311666666666667
0.65,0.3,0.59,0.25,0.414285714285714,0.401,0.5025,0.158333333333333,"low_only_plus_pooling",TRUE,TRUE,0.698301698301698,0.0499166666666667,0.0334166666666667
0.7,0.3,0.59,0.25,0.414285714285714,0.428,0.515,0.166666666666667,"low_only_plus_pooling",TRUE,TRUE,0.741258741258741,0.0476666666666667,0.0356666666666667
0.75,0.3,0.59,0.25,0.414285714285714,0.455,0.5275,0.175,"low_only_plus_pooling",TRUE,TRUE,0.784215784215784,0.0454166666666667,0.0379166666666667
0.8,0.3,0.59,0.25,0.414285714285714,0.482,0.54,0.183333333333333,"delay_plus_pooling",TRUE,TRUE,0.648351648351648,0.0466666666666667,0.0366666666666667
0.85,0.3,0.59,0.25,0.414285714285714,0.509,0.5525,0.191666666666667,"delay_plus_pooling",TRUE,TRUE,0.622377622377622,0.0495833333333333,0.03375
0.9,0.3,0.59,0.25,0.414285714285714,0.536,0.565,0.2,"delay_plus_pooling",TRUE,TRUE,0.603396603396603,0.0525,0.0308333333333333
0.45,0.35,0.64,0.25,0.446153846153846,0.343,0.5025,0.175,"low_only_plus_pooling",TRUE,TRUE,0.277722277722278,0.05475,0.0285833333333333
0.5,0.35,0.64,0.25,0.446153846153846,0.37,0.515,0.183333333333333,"low_only_plus_pooling",TRUE,TRUE,0.47052947052947,0.0525,0.0308333333333333
0.55,0.35,0.64,0.25,0.446153846153846,0.397,0.5275,0.191666666666667,"low_only_plus_pooling",TRUE,TRUE,0.612387612387612,0.05025,0.0330833333333333
0.6,0.35,0.64,0.25,0.446153846153846,0.424,0.54,0.2,"low_only_plus_pooling",TRUE,TRUE,0.655344655344655,0.048,0.0353333333333333
0.65,0.35,0.64,0.25,0.446153846153846,0.451,0.5525,0.208333333333333,"low_only_plus_pooling",TRUE,TRUE,0.698301698301698,0.04575,0.0375833333333333
0.7,0.35,0.64,0.25,0.446153846153846,0.478,0.565,0.216666666666667,"low_only_plus_pooling",TRUE,TRUE,0.741258741258741,0.0435,0.0398333333333333
0.75,0.35,0.64,0.25,0.446153846153846,0.505,0.5775,0.225,"low_only_plus_pooling",TRUE,TRUE,0.784215784215784,0.04125,0.0420833333333333
0.8,0.35,0.64,0.25,0.446153846153846,0.532,0.59,0.233333333333333,"delay_plus_pooling",TRUE,TRUE,0.615384615384615,0.0433333333333333,0.04
0.85,0.35,0.64,0.25,0.446153846153846,0.559,0.6025,0.241666666666667,"delay_plus_pooling",TRUE,TRUE,0.589410589410589,0.0460416666666667,0.0372916666666667
0.9,0.35,0.64,0.25,0.446153846153846,0.586,0.615,0.25,"delay_plus_pooling",TRUE,TRUE,0.571428571428571,0.04875,0.0345833333333333
0.45,0.4,0.69,0.25,0.483333333333333,0.393,0.5525,0.225,"low_only_plus_pooling",TRUE,TRUE,0.257742257742258,0.0505833333333333,0.03275
0.5,0.4,0.69,0.25,0.483333333333333,0.42,0.565,0.233333333333333,"low_only_plus_pooling",TRUE,TRUE,0.450549450549451,0.0483333333333333,0.035
0.55,0.4,0.69,0.25,0.483333333333333,0.447,0.5775,0.241666666666667,"low_only_plus_pooling",TRUE,TRUE,0.612387612387612,0.0460833333333333,0.03725
0.6,0.4,0.69,0.25,0.483333333333333,0.474,0.59,0.25,"low_only_plus_pooling",TRUE,TRUE,0.655344655344655,0.0438333333333333,0.0395
0.65,0.4,0.69,0.25,0.483333333333333,0.501,0.6025,0.258333333333333,"low_only_plus_pooling",TRUE,TRUE,0.698301698301698,0.0415833333333333,0.04175
0.7,0.4,0.69,0.25,0.483333333333333,0.528,0.615,0.266666666666667,"low_only_plus_pooling",TRUE,TRUE,0.741258741258741,0.0393333333333333,0.044
0.75,0.4,0.69,0.25,0.483333333333333,0.555,0.6275,0.275,"delay_plus_pooling",TRUE,TRUE,0.611388611388611,0.0375,0.0458333333333333
0.8,0.4,0.69,0.25,0.483333333333333,0.582,0.64,0.283333333333333,"delay_plus_pooling",TRUE,TRUE,0.576423576423576,0.04,0.0433333333333333
0.85,0.4,0.69,0.25,0.483333333333333,0.609,0.6525,0.291666666666667,"delay_plus_pooling",TRUE,TRUE,0.551448551448551,0.0425,0.0408333333333333
0.9,0.4,0.69,0.25,0.483333333333333,0.636,0.665,0.3,"delay_plus_pooling",TRUE,TRUE,0.533466533466533,0.045,0.0383333333333333
0.65,0.15,0.47,0.25,0.376470588235294,0.2705,0.3825,0.00833333333333336,"low_only_plus_pooling",TRUE,TRUE,0.726273726273726,0.0607916666666667,0.0225416666666667
0.7,0.15,0.47,0.25,0.376470588235294,0.299,0.395,0.0166666666666667,"low_only_plus_pooling",TRUE,TRUE,0.765234765234765,0.0584166666666667,0.0249166666666667
0.75,0.15,0.47,0.25,0.376470588235294,0.3275,0.4075,0.025,"low_only_plus_pooling",TRUE,TRUE,0.804195804195804,0.0560416666666667,0.0272916666666667
0.8,0.15,0.47,0.25,0.376470588235294,0.356,0.42,0.0333333333333334,"delay_plus_pooling",TRUE,TRUE,0.695304695304695,0.0566666666666667,0.0266666666666667
0.85,0.15,0.47,0.25,0.376470588235294,0.3845,0.4325,0.0416666666666667,"delay_plus_pooling",TRUE,TRUE,0.667332667332667,0.0602083333333333,0.023125
0.9,0.15,0.47,0.25,0.376470588235294,0.413,0.445,0.05,"delay_plus_pooling",TRUE,TRUE,0.646353646353646,0.06375,0.0195833333333333
0.45,0.2,0.52,0.25,0.4,0.2065,0.3825,0.025,"low_only_plus_pooling",TRUE,TRUE,0.38961038961039,0.066125,0.0172083333333333
0.5,0.2,0.52,0.25,0.4,0.235,0.395,0.0333333333333333,"low_only_plus_pooling",TRUE,TRUE,0.609390609390609,0.06375,0.0195833333333333
0.55,0.2,0.52,0.25,0.4,0.2635,0.4075,0.0416666666666667,"low_only_plus_pooling",TRUE,TRUE,0.648351648351648,0.061375,0.0219583333333333
0.6,0.2,0.52,0.25,0.4,0.292,0.42,0.05,"low_only_plus_pooling",TRUE,TRUE,0.687312687312687,0.059,0.0243333333333333
0.65,0.2,0.52,0.25,0.4,0.3205,0.4325,0.0583333333333333,"low_only_plus_pooling",TRUE,TRUE,0.726273726273726,0.056625,0.0267083333333333
0.7,0.2,0.52,0.25,0.4,0.349,0.445,0.0666666666666667,"low_only_plus_pooling",TRUE,TRUE,0.765234765234765,0.05425,0.0290833333333333
0.75,0.2,0.52,0.25,0.4,0.3775,0.4575,0.075,"low_only_plus_pooling",TRUE,TRUE,0.804195804195804,0.051875,0.0314583333333333
0.8,0.2,0.52,0.25,0.4,0.406,0.47,0.0833333333333334,"delay_plus_pooling",TRUE,TRUE,0.671328671328671,0.0533333333333333,0.03
0.85,0.2,0.52,0.25,0.4,0.4345,0.4825,0.0916666666666667,"delay_plus_pooling",TRUE,TRUE,0.643356643356643,0.0566666666666667,0.0266666666666667
0.9,0.2,0.52,0.25,0.4,0.463,0.495,0.1,"delay_plus_pooling",TRUE,TRUE,0.622377622377622,0.06,0.0233333333333333
0.45,0.25,0.57,0.25,0.426666666666667,0.2565,0.4325,0.075,"low_only_plus_pooling",TRUE,TRUE,0.374625374625375,0.0619583333333333,0.021375
0.5,0.25,0.57,0.25,0.426666666666667,0.285,0.445,0.0833333333333333,"low_only_plus_pooling",TRUE,TRUE,0.598401598401598,0.0595833333333333,0.02375
0.55,0.25,0.57,0.25,0.426666666666667,0.3135,0.4575,0.0916666666666667,"low_only_plus_pooling",TRUE,TRUE,0.648351648351648,0.0572083333333333,0.026125
0.6,0.25,0.57,0.25,0.426666666666667,0.342,0.47,0.1,"low_only_plus_pooling",TRUE,TRUE,0.687312687312687,0.0548333333333333,0.0285
0.65,0.25,0.57,0.25,0.426666666666667,0.3705,0.4825,0.108333333333333,"low_only_plus_pooling",TRUE,TRUE,0.726273726273726,0.0524583333333333,0.030875
0.7,0.25,0.57,0.25,0.426666666666667,0.399,0.495,0.116666666666667,"low_only_plus_pooling",TRUE,TRUE,0.765234765234765,0.0500833333333333,0.03325
0.75,0.25,0.57,0.25,0.426666666666667,0.4275,0.5075,0.125,"low_only_plus_pooling",TRUE,TRUE,0.804195804195804,0.0477083333333333,0.035625
0.8,0.25,0.57,0.25,0.426666666666667,0.456,0.52,0.133333333333333,"delay_plus_pooling",TRUE,TRUE,0.642357642357642,0.05,0.0333333333333333
0.85,0.25,0.57,0.25,0.426666666666667,0.4845,0.5325,0.141666666666667,"delay_plus_pooling",TRUE,TRUE,0.615384615384615,0.053125,0.0302083333333333
0.9,0.25,0.57,0.25,0.426666666666667,0.513,0.545,0.15,"delay_plus_pooling",TRUE,TRUE,0.595404595404595,0.05625,0.0270833333333333
0.45,0.3,0.62,0.25,0.457142857142857,0.3065,0.4825,0.125,"low_only_plus_pooling",TRUE,TRUE,0.356643356643357,0.0577916666666667,0.0255416666666667
0.5,0.3,0.62,0.25,0.457142857142857,0.335,0.495,0.133333333333333,"low_only_plus_pooling",TRUE,TRUE,0.581418581418581,0.0554166666666667,0.0279166666666667
0.55,0.3,0.62,0.25,0.457142857142857,0.3635,0.5075,0.141666666666667,"low_only_plus_pooling",TRUE,TRUE,0.648351648351648,0.0530416666666667,0.0302916666666667
0.6,0.3,0.62,0.25,0.457142857142857,0.392,0.52,0.15,"low_only_plus_pooling",TRUE,TRUE,0.687312687312687,0.0506666666666667,0.0326666666666667
0.65,0.3,0.62,0.25,0.457142857142857,0.4205,0.5325,0.158333333333333,"low_only_plus_pooling",TRUE,TRUE,0.726273726273726,0.0482916666666667,0.0350416666666667
0.7,0.3,0.62,0.25,0.457142857142857,0.449,0.545,0.166666666666667,"low_only_plus_pooling",TRUE,TRUE,0.765234765234765,0.0459166666666667,0.0374166666666667
0.75,0.3,0.62,0.25,0.457142857142857,0.4775,0.5575,0.175,"all_three",TRUE,TRUE,0.708291708291708,0.04375,0.0395833333333333
0.8,0.3,0.62,0.25,0.457142857142857,0.506,0.57,0.183333333333333,"delay_plus_pooling",TRUE,TRUE,0.61038961038961,0.0466666666666667,0.0366666666666667
0.85,0.3,0.62,0.25,0.457142857142857,0.5345,0.5825,0.191666666666667,"delay_plus_pooling",TRUE,TRUE,0.583416583416583,0.0495833333333333,0.03375
0.9,0.3,0.62,0.25,0.457142857142857,0.563,0.595,0.2,"delay_plus_pooling",TRUE,TRUE,0.563436563436563,0.0525,0.0308333333333333
0.45,0.35,0.67,0.25,0.492307692307692,0.3565,0.5325,0.175,"low_only_plus_pooling",TRUE,TRUE,0.337662337662338,0.053625,0.0297083333333333
0.5,0.35,0.67,0.25,0.492307692307692,0.385,0.545,0.183333333333333,"low_only_plus_pooling",TRUE,TRUE,0.561438561438561,0.05125,0.0320833333333333
0.55,0.35,0.67,0.25,0.492307692307692,0.4135,0.5575,0.191666666666667,"low_only_plus_pooling",TRUE,TRUE,0.648351648351648,0.048875,0.0344583333333333
0.6,0.35,0.67,0.25,0.492307692307692,0.442,0.57,0.2,"low_only_plus_pooling",TRUE,TRUE,0.687312687312687,0.0465,0.0368333333333333
0.65,0.35,0.67,0.25,0.492307692307692,0.4705,0.5825,0.208333333333333,"low_only_plus_pooling",TRUE,TRUE,0.726273726273726,0.044125,0.0392083333333333
0.7,0.35,0.67,0.25,0.492307692307692,0.499,0.595,0.216666666666667,"low_only_plus_pooling",TRUE,TRUE,0.765234765234765,0.04175,0.0415833333333333
0.75,0.35,0.67,0.25,0.492307692307692,0.5275,0.6075,0.225,"delay_plus_pooling",TRUE,TRUE,0.609390609390609,0.040625,0.0427083333333333
0.8,0.35,0.67,0.25,0.492307692307692,0.556,0.62,0.233333333333333,"delay_plus_pooling",TRUE,TRUE,0.573426573426573,0.0433333333333333,0.04
0.85,0.35,0.67,0.25,0.492307692307692,0.5845,0.6325,0.241666666666667,"delay_plus_pooling",TRUE,TRUE,0.547452547452547,0.0460416666666667,0.0372916666666667
0.9,0.35,0.67,0.25,0.492307692307692,0.613,0.645,0.25,"delay_plus_pooling",TRUE,TRUE,0.527472527472527,0.04875,0.0345833333333333
0.45,0.4,0.72,0.25,0.533333333333333,0.4065,0.5825,0.225,"low_only_plus_pooling",TRUE,TRUE,0.314685314685315,0.0494583333333333,0.033875
0.5,0.4,0.72,0.25,0.533333333333333,0.435,0.595,0.233333333333333,"low_only_plus_pooling",TRUE,TRUE,0.538461538461538,0.0470833333333333,0.03625
0.55,0.4,0.72,0.25,0.533333333333333,0.4635,0.6075,0.241666666666667,"low_only_plus_pooling",TRUE,TRUE,0.648351648351648,0.0447083333333333,0.038625
0.6,0.4,0.72,0.25,0.533333333333333,0.492,0.62,0.25,"low_only_plus_pooling",TRUE,TRUE,0.687312687312687,0.0423333333333333,0.041
0.65,0.4,0.72,0.25,0.533333333333333,0.5205,0.6325,0.258333333333333,"low_only_plus_pooling",TRUE,TRUE,0.726273726273726,0.0399583333333333,0.043375
0.7,0.4,0.72,0.25,0.533333333333333,0.549,0.645,0.266666666666667,"low_only_plus_pooling",TRUE,TRUE,0.765234765234765,0.0375833333333333,0.04575
0.75,0.4,0.72,0.25,0.533333333333333,0.5775,0.6575,0.275,"delay_plus_pooling",TRUE,TRUE,0.565434565434565,0.0375,0.0458333333333333
0.8,0.4,0.72,0.25,0.533333333333333,0.606,0.67,0.283333333333333,"delay_plus_pooling",TRUE,TRUE,0.53046953046953,0.04,0.0433333333333333
0.85,0.4,0.72,0.25,0.533333333333333,0.6345,0.6825,0.291666666666667,"delay_plus_pooling",TRUE,TRUE,0.504495504495505,0.0425,0.0408333333333333
0.9,0.4,0.72,0.25,0.533333333333333,0.663,0.695,0.3,"delay_plus_pooling",TRUE,TRUE,0.485514485514486,0.045,0.0383333333333333
0.65,0.15,0.5,0.25,0.411764705882353,0.29,0.4125,0.00833333333333336,"low_only_plus_pooling",TRUE,TRUE,0.749250749250749,0.0591666666666667,0.0241666666666667
0.7,0.15,0.5,0.25,0.411764705882353,0.32,0.425,0.0166666666666667,"low_only_plus_pooling",TRUE,TRUE,0.785214785214785,0.0566666666666667,0.0266666666666667
0.75,0.15,0.5,0.25,0.411764705882353,0.35,0.4375,0.025,"low_only_plus_pooling",TRUE,TRUE,0.821178821178821,0.0541666666666667,0.0291666666666667
0.8,0.15,0.5,0.25,0.411764705882353,0.38,0.45,0.0333333333333334,"delay_plus_pooling",TRUE,TRUE,0.665334665334665,0.0566666666666667,0.0266666666666667
0.85,0.15,0.5,0.25,0.411764705882353,0.41,0.4625,0.0416666666666667,"delay_plus_pooling",TRUE,TRUE,0.635364635364635,0.0602083333333333,0.023125
0.9,0.15,0.5,0.25,0.411764705882353,0.44,0.475,0.05,"delay_plus_pooling",TRUE,TRUE,0.614385614385614,0.06375,0.0195833333333333
0.45,0.2,0.55,0.25,0.4375,0.22,0.4125,0.025,"low_only_plus_pooling",TRUE,TRUE,0.481518481518482,0.065,0.0183333333333333
0.5,0.2,0.55,0.25,0.4375,0.25,0.425,0.0333333333333333,"low_only_plus_pooling",TRUE,TRUE,0.642357642357642,0.0625,0.0208333333333333
0.55,0.2,0.55,0.25,0.4375,0.28,0.4375,0.0416666666666667,"low_only_plus_pooling",TRUE,TRUE,0.678321678321678,0.06,0.0233333333333333
0.6,0.2,0.55,0.25,0.4375,0.31,0.45,0.05,"low_only_plus_pooling",TRUE,TRUE,0.714285714285714,0.0575,0.0258333333333333
0.65,0.2,0.55,0.25,0.4375,0.34,0.4625,0.0583333333333333,"low_only_plus_pooling",TRUE,TRUE,0.749250749250749,0.055,0.0283333333333333
0.7,0.2,0.55,0.25,0.4375,0.37,0.475,0.0666666666666667,"low_only_plus_pooling",TRUE,TRUE,0.785214785214785,0.0525,0.0308333333333333
0.75,0.2,0.55,0.25,0.4375,0.4,0.4875,0.075,"all_three",TRUE,TRUE,0.82017982017982,0.05,0.0333333333333333
0.8,0.2,0.55,0.25,0.4375,0.43,0.5,0.0833333333333334,"delay_plus_pooling",TRUE,TRUE,0.638361638361638,0.0533333333333333,0.03
0.85,0.2,0.55,0.25,0.4375,0.46,0.5125,0.0916666666666667,"delay_plus_pooling",TRUE,TRUE,0.608391608391608,0.0566666666666667,0.0266666666666667
0.9,0.2,0.55,0.25,0.4375,0.49,0.525,0.1,"delay_plus_pooling",TRUE,TRUE,0.587412587412587,0.06,0.0233333333333333
0.45,0.25,0.6,0.25,0.466666666666667,0.27,0.4625,0.075,"low_only_plus_pooling",TRUE,TRUE,0.464535464535465,0.0608333333333333,0.0225
0.5,0.25,0.6,0.25,0.466666666666667,0.3,0.475,0.0833333333333333,"low_only_plus_pooling",TRUE,TRUE,0.642357642357642,0.0583333333333333,0.025
0.55,0.25,0.6,0.25,0.466666666666667,0.33,0.4875,0.0916666666666667,"low_only_plus_pooling",TRUE,TRUE,0.678321678321678,0.0558333333333333,0.0275
0.6,0.25,0.6,0.25,0.466666666666667,0.36,0.5,0.1,"low_only_plus_pooling",TRUE,TRUE,0.714285714285714,0.0533333333333333,0.03
0.65,0.25,0.6,0.25,0.466666666666667,0.39,0.5125,0.108333333333333,"low_only_plus_pooling",TRUE,TRUE,0.749250749250749,0.0508333333333333,0.0325
0.7,0.25,0.6,0.25,0.466666666666667,0.42,0.525,0.116666666666667,"low_only_plus_pooling",TRUE,TRUE,0.785214785214785,0.0483333333333333,0.035
0.75,0.25,0.6,0.25,0.466666666666667,0.45,0.5375,0.125,"delay_plus_pooling",TRUE,TRUE,0.643356643356643,0.046875,0.0364583333333333
0.8,0.25,0.6,0.25,0.466666666666667,0.48,0.55,0.133333333333333,"delay_plus_pooling",TRUE,TRUE,0.606393606393606,0.05,0.0333333333333333
0.85,0.25,0.6,0.25,0.466666666666667,0.51,0.5625,0.141666666666667,"delay_plus_pooling",TRUE,TRUE,0.578421578421578,0.053125,0.0302083333333333
0.9,0.25,0.6,0.25,0.466666666666667,0.54,0.575,0.15,"delay_plus_pooling",TRUE,TRUE,0.557442557442557,0.05625,0.0270833333333333
0.45,0.3,0.65,0.25,0.5,0.32,0.5125,0.125,"low_only_plus_pooling",TRUE,TRUE,0.445554445554446,0.0566666666666667,0.0266666666666667
0.5,0.3,0.65,0.25,0.5,0.35,0.525,0.133333333333333,"low_only_plus_pooling",TRUE,TRUE,0.642357642357642,0.0541666666666667,0.0291666666666667
0.55,0.3,0.65,0.25,0.5,0.38,0.5375,0.141666666666667,"low_only_plus_pooling",TRUE,TRUE,0.678321678321678,0.0516666666666667,0.0316666666666667
0.6,0.3,0.65,0.25,0.5,0.41,0.55,0.15,"low_only_plus_pooling",TRUE,TRUE,0.714285714285714,0.0491666666666667,0.0341666666666667
0.65,0.3,0.65,0.25,0.5,0.44,0.5625,0.158333333333333,"low_only_plus_pooling",TRUE,TRUE,0.749250749250749,0.0466666666666667,0.0366666666666667
0.7,0.3,0.65,0.25,0.5,0.47,0.575,0.166666666666667,"low_only_plus_pooling",TRUE,TRUE,0.785214785214785,0.0441666666666667,0.0391666666666667
0.75,0.3,0.65,0.25,0.5,0.5,0.5875,0.175,"delay_plus_pooling",TRUE,TRUE,0.606393606393606,0.04375,0.0395833333333333
0.8,0.3,0.65,0.25,0.5,0.53,0.6,0.183333333333333,"delay_plus_pooling",TRUE,TRUE,0.571428571428571,0.0466666666666667,0.0366666666666667
0.85,0.3,0.65,0.25,0.5,0.56,0.6125,0.191666666666667,"delay_plus_pooling",TRUE,TRUE,0.543456543456543,0.0495833333333333,0.03375
0.9,0.3,0.65,0.25,0.5,0.59,0.625,0.2,"delay_plus_pooling",TRUE,TRUE,0.523476523476524,0.0525,0.0308333333333333
0.45,0.35,0.7,0.25,0.538461538461538,0.37,0.5625,0.175,"low_only_plus_pooling",TRUE,TRUE,0.422577422577423,0.0525,0.0308333333333333
0.5,0.35,0.7,0.25,0.538461538461538,0.4,0.575,0.183333333333333,"low_only_plus_pooling",TRUE,TRUE,0.63036963036963,0.05,0.0333333333333333
0.55,0.35,0.7,0.25,0.538461538461538,0.43,0.5875,0.191666666666667,"low_only_plus_pooling",TRUE,TRUE,0.678321678321678,0.0475,0.0358333333333333
0.6,0.35,0.7,0.25,0.538461538461538,0.46,0.6,0.2,"low_only_plus_pooling",TRUE,TRUE,0.714285714285714,0.045,0.0383333333333333
0.65,0.35,0.7,0.25,0.538461538461538,0.49,0.6125,0.208333333333333,"low_only_plus_pooling",TRUE,TRUE,0.749250749250749,0.0425,0.0408333333333333
0.7,0.35,0.7,0.25,0.538461538461538,0.52,0.625,0.216666666666667,"low_only_plus_pooling",TRUE,TRUE,0.785214785214785,0.04,0.0433333333333333
0.75,0.35,0.7,0.25,0.538461538461538,0.55,0.6375,0.225,"delay_plus_pooling",TRUE,TRUE,0.564435564435564,0.040625,0.0427083333333333
0.8,0.35,0.7,0.25,0.538461538461538,0.58,0.65,0.233333333333333,"delay_plus_pooling",TRUE,TRUE,0.53046953046953,0.0433333333333333,0.04
0.85,0.35,0.7,0.25,0.538461538461538,0.61,0.6625,0.241666666666667,"delay_plus_pooling",TRUE,TRUE,0.502497502497502,0.0460416666666667,0.0372916666666667
0.9,0.35,0.7,0.25,0.538461538461538,0.64,0.675,0.25,"delay_plus_pooling",TRUE,TRUE,0.483516483516484,0.04875,0.0345833333333333
0.45,0.4,0.75,0.25,0.583333333333333,0.42,0.6125,0.225,"low_only_plus_pooling",TRUE,TRUE,0.396603396603397,0.0483333333333333,0.035
0.5,0.4,0.75,0.25,0.583333333333333,0.45,0.625,0.233333333333333,"low_only_plus_pooling",TRUE,TRUE,0.603396603396603,0.0458333333333333,0.0375
0.55,0.4,0.75,0.25,0.583333333333333,0.48,0.6375,0.241666666666667,"low_only_plus_pooling",TRUE,TRUE,0.678321678321678,0.0433333333333333,0.04
0.6,0.4,0.75,0.25,0.583333333333333,0.51,0.65,0.25,"low_only_plus_pooling",TRUE,TRUE,0.714285714285714,0.0408333333333333,0.0425
0.65,0.4,0.75,0.25,0.583333333333333,0.54,0.6625,0.258333333333333,"low_only_plus_pooling",TRUE,TRUE,0.749250749250749,0.0383333333333333,0.045
0.7,0.4,0.75,0.25,0.583333333333333,0.57,0.675,0.266666666666667,"low_only_plus_pooling",TRUE,TRUE,0.785214785214785,0.0358333333333333,0.0475
0.75,0.4,0.75,0.25,0.583333333333333,0.6,0.6875,0.275,"delay_plus_pooling",TRUE,TRUE,0.515484515484515,0.0375,0.0458333333333333
0.8,0.4,0.75,0.25,0.583333333333333,0.63,0.7,0.283333333333333,"delay_plus_pooling",TRUE,TRUE,0.481518481518482,0.04,0.0433333333333333
0.85,0.4,0.75,0.25,0.583333333333333,0.66,0.7125,0.291666666666667,"delay_plus_pooling",TRUE,TRUE,0.455544455544456,0.0425,0.0408333333333333
0.9,0.4,0.75,0.25,0.583333333333333,0.69,0.725,0.3,"delay_plus_pooling",TRUE,TRUE,0.437562437562438,0.045,0.0383333333333333
0.7,0.15,0.23,0.3,0.0941176470588236,0.116,0.14,0.00166666666666668,"low_only_plus_pooling",FALSE,FALSE,0,0.0736666666666667,0.00966666666666666
0.75,0.15,0.23,0.3,0.0941176470588236,0.135,0.155,0.0125,"low_only_plus_pooling",TRUE,TRUE,0.037962037962038,0.0720833333333333,0.01125
0.8,0.15,0.23,0.3,0.0941176470588236,0.154,0.17,0.0233333333333334,"low_only_plus_pooling",TRUE,TRUE,0.24975024975025,0.0705,0.0128333333333333
0.85,0.15,0.23,0.3,0.0941176470588236,0.173,0.185,0.0341666666666667,"low_only_plus_pooling",TRUE,TRUE,0.437562437562438,0.0689166666666667,0.0144166666666667
0.9,0.15,0.23,0.3,0.0941176470588236,0.192,0.2,0.045,"low_only_plus_pooling",TRUE,TRUE,0.624375624375624,0.0673333333333333,0.016
0.5,0.2,0.28,0.3,0.1,0.09,0.13,0.00833333333333335,"low_only_plus_pooling",FALSE,FALSE,0,0.0758333333333333,0.00750000000000001
0.55,0.2,0.28,0.3,0.1,0.109,0.145,0.0191666666666667,"low_only_plus_pooling",FALSE,FALSE,0,0.07425,0.00908333333333333
0.6,0.2,0.28,0.3,0.1,0.128,0.16,0.03,"low_only_plus_pooling",FALSE,FALSE,0,0.0726666666666667,0.0106666666666667
0.65,0.2,0.28,0.3,0.1,0.147,0.175,0.0408333333333333,"low_only_plus_pooling",FALSE,FALSE,0,0.0710833333333333,0.01225
0.7,0.2,0.28,0.3,0.1,0.166,0.19,0.0516666666666667,"low_only_plus_pooling",FALSE,FALSE,0,0.0695,0.0138333333333333
0.75,0.2,0.28,0.3,0.1,0.185,0.205,0.0625,"low_only_plus_pooling",TRUE,TRUE,0.036963036963037,0.0679166666666667,0.0154166666666667
0.8,0.2,0.28,0.3,0.1,0.204,0.22,0.0733333333333333,"low_only_plus_pooling",TRUE,TRUE,0.24975024975025,0.0663333333333333,0.017
0.85,0.2,0.28,0.3,0.1,0.223,0.235,0.0841666666666667,"low_only_plus_pooling",TRUE,TRUE,0.437562437562438,0.06475,0.0185833333333333
0.9,0.2,0.28,0.3,0.1,0.242,0.25,0.095,"low_only_plus_pooling",TRUE,TRUE,0.624375624375624,0.0631666666666667,0.0201666666666667
0.45,0.25,0.33,0.3,0.106666666666667,0.121,0.165,0.0475,"low_only_plus_pooling",FALSE,FALSE,0,0.07325,0.0100833333333333
0.5,0.25,0.33,0.3,0.106666666666667,0.14,0.18,0.0583333333333333,"low_only_plus_pooling",FALSE,FALSE,0,0.0716666666666667,0.0116666666666667
0.55,0.25,0.33,0.3,0.106666666666667,0.159,0.195,0.0691666666666667,"low_only_plus_pooling",FALSE,FALSE,0,0.0700833333333333,0.01325
0.6,0.25,0.33,0.3,0.106666666666667,0.178,0.21,0.08,"low_only_plus_pooling",FALSE,FALSE,0,0.0685,0.0148333333333333
0.65,0.25,0.33,0.3,0.106666666666667,0.197,0.225,0.0908333333333333,"low_only_plus_pooling",FALSE,FALSE,0,0.0669166666666667,0.0164166666666667
0.7,0.25,0.33,0.3,0.106666666666667,0.216,0.24,0.101666666666667,"low_only_plus_pooling",FALSE,FALSE,0,0.0653333333333333,0.018
0.75,0.25,0.33,0.3,0.106666666666667,0.235,0.255,0.1125,"low_only_plus_pooling",TRUE,TRUE,0.034965034965035,0.06375,0.0195833333333333
0.8,0.25,0.33,0.3,0.106666666666667,0.254,0.27,0.123333333333333,"low_only_plus_pooling",TRUE,TRUE,0.24975024975025,0.0621666666666667,0.0211666666666667
0.85,0.25,0.33,0.3,0.106666666666667,0.273,0.285,0.134166666666667,"low_only_plus_pooling",TRUE,TRUE,0.437562437562438,0.0605833333333333,0.02275
0.9,0.25,0.33,0.3,0.106666666666667,0.292,0.3,0.145,"low_only_plus_pooling",TRUE,TRUE,0.624375624375624,0.059,0.0243333333333333
0.45,0.3,0.38,0.3,0.114285714285714,0.171,0.215,0.0975,"low_only_plus_pooling",FALSE,FALSE,0,0.0690833333333333,0.01425
0.5,0.3,0.38,0.3,0.114285714285714,0.19,0.23,0.108333333333333,"low_only_plus_pooling",FALSE,FALSE,0,0.0675,0.0158333333333333
0.55,0.3,0.38,0.3,0.114285714285714,0.209,0.245,0.119166666666667,"low_only_plus_pooling",FALSE,FALSE,0,0.0659166666666667,0.0174166666666667
0.6,0.3,0.38,0.3,0.114285714285714,0.228,0.26,0.13,"low_only_plus_pooling",FALSE,FALSE,0,0.0643333333333333,0.019
0.65,0.3,0.38,0.3,0.114285714285714,0.247,0.275,0.140833333333333,"low_only_plus_pooling",FALSE,FALSE,0,0.06275,0.0205833333333333
0.7,0.3,0.38,0.3,0.114285714285714,0.266,0.29,0.151666666666667,"low_only_plus_pooling",FALSE,FALSE,0,0.0611666666666667,0.0221666666666667
0.75,0.3,0.38,0.3,0.114285714285714,0.285,0.305,0.1625,"low_only_plus_pooling",TRUE,TRUE,0.032967032967033,0.0595833333333333,0.02375
0.8,0.3,0.38,0.3,0.114285714285714,0.304,0.32,0.173333333333333,"low_only_plus_pooling",TRUE,TRUE,0.24975024975025,0.058,0.0253333333333333
0.85,0.3,0.38,0.3,0.114285714285714,0.323,0.335,0.184166666666667,"low_only_plus_pooling",TRUE,TRUE,0.437562437562438,0.0564166666666666,0.0269166666666667
0.9,0.3,0.38,0.3,0.114285714285714,0.342,0.35,0.195,"low_only_plus_pooling",TRUE,TRUE,0.624375624375624,0.0548333333333333,0.0285
0.45,0.35,0.43,0.3,0.123076923076923,0.221,0.265,0.1475,"low_only_plus_pooling",FALSE,FALSE,0,0.0649166666666667,0.0184166666666667
0.5,0.35,0.43,0.3,0.123076923076923,0.24,0.28,0.158333333333333,"low_only_plus_pooling",FALSE,FALSE,0,0.0633333333333333,0.02
0.55,0.35,0.43,0.3,0.123076923076923,0.259,0.295,0.169166666666667,"low_only_plus_pooling",FALSE,FALSE,0,0.06175,0.0215833333333333
0.6,0.35,0.43,0.3,0.123076923076923,0.278,0.31,0.18,"low_only_plus_pooling",FALSE,FALSE,0,0.0601666666666667,0.0231666666666667
0.65,0.35,0.43,0.3,0.123076923076923,0.297,0.325,0.190833333333333,"low_only_plus_pooling",FALSE,FALSE,0,0.0585833333333333,0.02475
0.7,0.35,0.43,0.3,0.123076923076923,0.316,0.34,0.201666666666667,"low_only_plus_pooling",FALSE,FALSE,0,0.057,0.0263333333333333
0.75,0.35,0.43,0.3,0.123076923076923,0.335,0.355,0.2125,"low_only_plus_pooling",TRUE,TRUE,0.030969030969031,0.0554166666666667,0.0279166666666667
0.8,0.35,0.43,0.3,0.123076923076923,0.354,0.37,0.223333333333333,"low_only_plus_pooling",TRUE,TRUE,0.24975024975025,0.0538333333333333,0.0295
0.85,0.35,0.43,0.3,0.123076923076923,0.373,0.385,0.234166666666667,"low_only_plus_pooling",TRUE,TRUE,0.437562437562438,0.05225,0.0310833333333333
0.9,0.35,0.43,0.3,0.123076923076923,0.392,0.4,0.245,"low_only_plus_pooling",TRUE,TRUE,0.624375624375624,0.0506666666666667,0.0326666666666667
0.45,0.4,0.48,0.3,0.133333333333333,0.271,0.315,0.1975,"low_only_plus_pooling",FALSE,FALSE,0,0.06075,0.0225833333333333
0.5,0.4,0.48,0.3,0.133333333333333,0.29,0.33,0.208333333333333,"low_only_plus_pooling",FALSE,FALSE,0,0.0591666666666667,0.0241666666666667
0.55,0.4,0.48,0.3,0.133333333333333,0.309,0.345,0.219166666666667,"low_only_plus_pooling",FALSE,FALSE,0,0.0575833333333333,0.02575
0.6,0.4,0.48,0.3,0.133333333333333,0.328,0.36,0.23,"low_only_plus_pooling",FALSE,FALSE,0,0.056,0.0273333333333333
0.65,0.4,0.48,0.3,0.133333333333333,0.347,0.375,0.240833333333333,"low_only_plus_pooling",FALSE,FALSE,0,0.0544166666666667,0.0289166666666667
0.7,0.4,0.48,0.3,0.133333333333333,0.366,0.39,0.251666666666667,"low_only_plus_pooling",FALSE,FALSE,0,0.0528333333333333,0.0305
0.75,0.4,0.48,0.3,0.133333333333333,0.385,0.405,0.2625,"low_only_plus_pooling",TRUE,TRUE,0.027972027972028,0.05125,0.0320833333333333
0.8,0.4,0.48,0.3,0.133333333333333,0.404,0.42,0.273333333333333,"low_only_plus_pooling",TRUE,TRUE,0.24975024975025,0.0496666666666667,0.0336666666666667
0.85,0.4,0.48,0.3,0.133333333333333,0.423,0.435,0.284166666666667,"low_only_plus_pooling",TRUE,TRUE,0.437562437562438,0.0480833333333333,0.03525
0.9,0.4,0.48,0.3,0.133333333333333,0.442,0.45,0.295,"low_only_plus_pooling",TRUE,TRUE,0.624375624375624,0.0465,0.0368333333333333
0.7,0.15,0.26,0.3,0.129411764705882,0.137,0.17,0.00166666666666668,"low_only_plus_pooling",TRUE,TRUE,0.140859140859141,0.0719166666666667,0.0114166666666667
0.75,0.15,0.26,0.3,0.129411764705882,0.1575,0.185,0.0125,"low_only_plus_pooling",TRUE,TRUE,0.318681318681319,0.0702083333333333,0.013125
0.8,0.15,0.26,0.3,0.129411764705882,0.178,0.2,0.0233333333333334,"low_only_plus_pooling",TRUE,TRUE,0.454545454545455,0.0685,0.0148333333333333
0.85,0.15,0.26,0.3,0.129411764705882,0.1985,0.215,0.0341666666666667,"low_only_plus_pooling",TRUE,TRUE,0.59040959040959,0.0667916666666667,0.0165416666666667
0.9,0.15,0.26,0.3,0.129411764705882,0.219,0.23,0.045,"low_only_plus_pooling",TRUE,TRUE,0.727272727272727,0.0650833333333333,0.01825
0.5,0.2,0.31,0.3,0.1375,0.105,0.16,0.00833333333333335,"low_only_plus_pooling",FALSE,FALSE,0,0.0745833333333333,0.00874999999999999
0.55,0.2,0.31,0.3,0.1375,0.1255,0.175,0.0191666666666667,"low_only_plus_pooling",FALSE,FALSE,0,0.072875,0.0104583333333333
0.6,0.2,0.31,0.3,0.1375,0.146,0.19,0.03,"low_only_plus_pooling",FALSE,FALSE,0,0.0711666666666667,0.0121666666666667
0.65,0.2,0.31,0.3,0.1375,0.1665,0.205,0.0408333333333333,"low_only_plus_pooling",FALSE,FALSE,0,0.0694583333333333,0.013875
0.7,0.2,0.31,0.3,0.1375,0.187,0.22,0.0516666666666667,"low_only_plus_pooling",TRUE,TRUE,0.138861138861139,0.06775,0.0155833333333333
0.75,0.2,0.31,0.3,0.1375,0.2075,0.235,0.0625,"low_only_plus_pooling",TRUE,TRUE,0.318681318681319,0.0660416666666667,0.0172916666666667
0.8,0.2,0.31,0.3,0.1375,0.228,0.25,0.0733333333333333,"low_only_plus_pooling",TRUE,TRUE,0.454545454545455,0.0643333333333333,0.019
0.85,0.2,0.31,0.3,0.1375,0.2485,0.265,0.0841666666666667,"low_only_plus_pooling",TRUE,TRUE,0.59040959040959,0.062625,0.0207083333333333
0.9,0.2,0.31,0.3,0.1375,0.269,0.28,0.095,"low_only_plus_pooling",TRUE,TRUE,0.727272727272727,0.0609166666666667,0.0224166666666667
0.45,0.25,0.36,0.3,0.146666666666667,0.1345,0.195,0.0475,"low_only_plus_pooling",FALSE,FALSE,0,0.072125,0.0112083333333333
0.5,0.25,0.36,0.3,0.146666666666667,0.155,0.21,0.0583333333333333,"low_only_plus_pooling",FALSE,FALSE,0,0.0704166666666667,0.0129166666666667
0.55,0.25,0.36,0.3,0.146666666666667,0.1755,0.225,0.0691666666666667,"low_only_plus_pooling",FALSE,FALSE,0,0.0687083333333333,0.014625
0.6,0.25,0.36,0.3,0.146666666666667,0.196,0.24,0.08,"low_only_plus_pooling",FALSE,FALSE,0,0.067,0.0163333333333333
0.65,0.25,0.36,0.3,0.146666666666667,0.2165,0.255,0.0908333333333333,"low_only_plus_pooling",FALSE,FALSE,0,0.0652916666666667,0.0180416666666667
0.7,0.25,0.36,0.3,0.146666666666667,0.237,0.27,0.101666666666667,"low_only_plus_pooling",TRUE,TRUE,0.135864135864136,0.0635833333333333,0.01975
0.75,0.25,0.36,0.3,0.146666666666667,0.2575,0.285,0.1125,"low_only_plus_pooling",TRUE,TRUE,0.318681318681319,0.061875,0.0214583333333333
0.8,0.25,0.36,0.3,0.146666666666667,0.278,0.3,0.123333333333333,"low_only_plus_pooling",TRUE,TRUE,0.454545454545455,0.0601666666666667,0.0231666666666667
0.85,0.25,0.36,0.3,0.146666666666667,0.2985,0.315,0.134166666666667,"low_only_plus_pooling",TRUE,TRUE,0.59040959040959,0.0584583333333333,0.024875
0.9,0.25,0.36,0.3,0.146666666666667,0.319,0.33,0.145,"low_only_plus_pooling",TRUE,TRUE,0.727272727272727,0.05675,0.0265833333333333
0.45,0.3,0.41,0.3,0.157142857142857,0.1845,0.245,0.0975,"low_only_plus_pooling",FALSE,FALSE,0,0.0679583333333333,0.015375
0.5,0.3,0.41,0.3,0.157142857142857,0.205,0.26,0.108333333333333,"low_only_plus_pooling",FALSE,FALSE,0,0.06625,0.0170833333333333
0.55,0.3,0.41,0.3,0.157142857142857,0.2255,0.275,0.119166666666667,"low_only_plus_pooling",FALSE,FALSE,0,0.0645416666666667,0.0187916666666667
0.6,0.3,0.41,0.3,0.157142857142857,0.246,0.29,0.13,"low_only_plus_pooling",FALSE,FALSE,0,0.0628333333333333,0.0205
0.65,0.3,0.41,0.3,0.157142857142857,0.2665,0.305,0.140833333333333,"low_only_plus_pooling",FALSE,FALSE,0,0.061125,0.0222083333333333
0.7,0.3,0.41,0.3,0.157142857142857,0.287,0.32,0.151666666666667,"low_only_plus_pooling",TRUE,TRUE,0.132867132867133,0.0594166666666667,0.0239166666666667
0.75,0.3,0.41,0.3,0.157142857142857,0.3075,0.335,0.1625,"low_only_plus_pooling",TRUE,TRUE,0.318681318681319,0.0577083333333333,0.025625
0.8,0.3,0.41,0.3,0.157142857142857,0.328,0.35,0.173333333333333,"low_only_plus_pooling",TRUE,TRUE,0.454545454545455,0.056,0.0273333333333333
0.85,0.3,0.41,0.3,0.157142857142857,0.3485,0.365,0.184166666666667,"low_only_plus_pooling",TRUE,TRUE,0.59040959040959,0.0542916666666667,0.0290416666666667
0.9,0.3,0.41,0.3,0.157142857142857,0.369,0.38,0.195,"low_only_plus_pooling",TRUE,TRUE,0.727272727272727,0.0525833333333333,0.03075
0.45,0.35,0.46,0.3,0.169230769230769,0.2345,0.295,0.1475,"low_only_plus_pooling",FALSE,FALSE,0,0.0637916666666667,0.0195416666666667
0.5,0.35,0.46,0.3,0.169230769230769,0.255,0.31,0.158333333333333,"low_only_plus_pooling",FALSE,FALSE,0,0.0620833333333333,0.02125
0.55,0.35,0.46,0.3,0.169230769230769,0.2755,0.325,0.169166666666667,"low_only_plus_pooling",FALSE,FALSE,0,0.060375,0.0229583333333333
0.6,0.35,0.46,0.3,0.169230769230769,0.296,0.34,0.18,"low_only_plus_pooling",FALSE,FALSE,0,0.0586666666666667,0.0246666666666667
0.65,0.35,0.46,0.3,0.169230769230769,0.3165,0.355,0.190833333333333,"low_only_plus_pooling",FALSE,FALSE,0,0.0569583333333333,0.026375
0.7,0.35,0.46,0.3,0.169230769230769,0.337,0.37,0.201666666666667,"low_only_plus_pooling",TRUE,TRUE,0.128871128871129,0.05525,0.0280833333333333
0.75,0.35,0.46,0.3,0.169230769230769,0.3575,0.385,0.2125,"low_only_plus_pooling",TRUE,TRUE,0.318681318681319,0.0535416666666667,0.0297916666666667
0.8,0.35,0.46,0.3,0.169230769230769,0.378,0.4,0.223333333333333,"low_only_plus_pooling",TRUE,TRUE,0.454545454545455,0.0518333333333333,0.0315
0.85,0.35,0.46,0.3,0.169230769230769,0.3985,0.415,0.234166666666667,"low_only_plus_pooling",TRUE,TRUE,0.59040959040959,0.050125,0.0332083333333333
0.9,0.35,0.46,0.3,0.169230769230769,0.419,0.43,0.245,"delay_plus_pooling",TRUE,TRUE,0.701298701298701,0.04875,0.0345833333333333
0.45,0.4,0.51,0.3,0.183333333333333,0.2845,0.345,0.1975,"low_only_plus_pooling",FALSE,FALSE,0,0.059625,0.0237083333333333
0.5,0.4,0.51,0.3,0.183333333333333,0.305,0.36,0.208333333333333,"low_only_plus_pooling",FALSE,FALSE,0,0.0579166666666667,0.0254166666666667
0.55,0.4,0.51,0.3,0.183333333333333,0.3255,0.375,0.219166666666667,"low_only_plus_pooling",FALSE,FALSE,0,0.0562083333333333,0.027125
0.6,0.4,0.51,0.3,0.183333333333333,0.346,0.39,0.23,"low_only_plus_pooling",FALSE,FALSE,0,0.0545,0.0288333333333333
0.65,0.4,0.51,0.3,0.183333333333333,0.3665,0.405,0.240833333333333,"low_only_plus_pooling",FALSE,FALSE,0,0.0527916666666667,0.0305416666666667
0.7,0.4,0.51,0.3,0.183333333333333,0.387,0.42,0.251666666666667,"low_only_plus_pooling",TRUE,TRUE,0.124875124875125,0.0510833333333333,0.03225
0.75,0.4,0.51,0.3,0.183333333333333,0.4075,0.435,0.2625,"low_only_plus_pooling",TRUE,TRUE,0.318681318681319,0.049375,0.0339583333333333
0.8,0.4,0.51,0.3,0.183333333333333,0.428,0.45,0.273333333333333,"low_only_plus_pooling",TRUE,TRUE,0.454545454545455,0.0476666666666667,0.0356666666666667
0.85,0.4,0.51,0.3,0.183333333333333,0.4485,0.465,0.284166666666667,"low_only_plus_pooling",TRUE,TRUE,0.59040959040959,0.0459583333333333,0.037375
0.9,0.4,0.51,0.3,0.183333333333333,0.469,0.48,0.295,"delay_plus_pooling",TRUE,TRUE,0.689310689310689,0.045,0.0383333333333333
0.7,0.15,0.29,0.3,0.164705882352941,0.158,0.2,0.00166666666666668,"low_only_plus_pooling",TRUE,TRUE,0.357642357642358,0.0701666666666667,0.0131666666666667
0.75,0.15,0.29,0.3,0.164705882352941,0.18,0.215,0.0125,"low_only_plus_pooling",TRUE,TRUE,0.464535464535465,0.0683333333333333,0.015
0.8,0.15,0.29,0.3,0.164705882352941,0.202,0.23,0.0233333333333334,"low_only_plus_pooling",TRUE,TRUE,0.571428571428571,0.0665,0.0168333333333333
0.85,0.15,0.29,0.3,0.164705882352941,0.224,0.245,0.0341666666666667,"low_only_plus_pooling",TRUE,TRUE,0.678321678321678,0.0646666666666667,0.0186666666666667
0.9,0.15,0.29,0.3,0.164705882352941,0.246,0.26,0.045,"delay_plus_pooling",TRUE,TRUE,0.752247752247752,0.06375,0.0195833333333333
0.5,0.2,0.34,0.3,0.175,0.12,0.19,0.00833333333333335,"low_only_plus_pooling",FALSE,FALSE,0,0.0733333333333333,0.01
0.55,0.2,0.34,0.3,0.175,0.142,0.205,0.0191666666666667,"low_only_plus_pooling",FALSE,FALSE,0,0.0715,0.0118333333333333
0.6,0.2,0.34,0.3,0.175,0.164,0.22,0.03,"low_only_plus_pooling",TRUE,TRUE,0.0729270729270729,0.0696666666666667,0.0136666666666667
0.65,0.2,0.34,0.3,0.175,0.186,0.235,0.0408333333333333,"low_only_plus_pooling",TRUE,TRUE,0.186813186813187,0.0678333333333333,0.0155
0.7,0.2,0.34,0.3,0.175,0.208,0.25,0.0516666666666667,"low_only_plus_pooling",TRUE,TRUE,0.357642357642358,0.066,0.0173333333333333
0.75,0.2,0.34,0.3,0.175,0.23,0.265,0.0625,"low_only_plus_pooling",TRUE,TRUE,0.464535464535465,0.0641666666666667,0.0191666666666667
0.8,0.2,0.34,0.3,0.175,0.252,0.28,0.0733333333333333,"low_only_plus_pooling",TRUE,TRUE,0.571428571428571,0.0623333333333333,0.021
0.85,0.2,0.34,0.3,0.175,0.274,0.295,0.0841666666666667,"low_only_plus_pooling",TRUE,TRUE,0.678321678321678,0.0605,0.0228333333333333
0.9,0.2,0.34,0.3,0.175,0.296,0.31,0.095,"delay_plus_pooling",TRUE,TRUE,0.743256743256743,0.06,0.0233333333333333
0.45,0.25,0.39,0.3,0.186666666666667,0.148,0.225,0.0475,"low_only_plus_pooling",FALSE,FALSE,0,0.071,0.0123333333333333
0.5,0.25,0.39,0.3,0.186666666666667,0.17,0.24,0.0583333333333333,"low_only_plus_pooling",FALSE,FALSE,0,0.0691666666666667,0.0141666666666667
0.55,0.25,0.39,0.3,0.186666666666667,0.192,0.255,0.0691666666666667,"low_only_plus_pooling",FALSE,FALSE,0,0.0673333333333333,0.016
0.6,0.25,0.39,0.3,0.186666666666667,0.214,0.27,0.08,"low_only_plus_pooling",TRUE,TRUE,0.0679320679320679,0.0655,0.0178333333333333
0.65,0.25,0.39,0.3,0.186666666666667,0.236,0.285,0.0908333333333333,"low_only_plus_pooling",TRUE,TRUE,0.181818181818182,0.0636666666666667,0.0196666666666667
0.7,0.25,0.39,0.3,0.186666666666667,0.258,0.3,0.101666666666667,"low_only_plus_pooling",TRUE,TRUE,0.357642357642358,0.0618333333333333,0.0215
0.75,0.25,0.39,0.3,0.186666666666667,0.28,0.315,0.1125,"low_only_plus_pooling",TRUE,TRUE,0.464535464535465,0.06,0.0233333333333333
0.8,0.25,0.39,0.3,0.186666666666667,0.302,0.33,0.123333333333333,"low_only_plus_pooling",TRUE,TRUE,0.571428571428571,0.0581666666666667,0.0251666666666667
0.85,0.25,0.39,0.3,0.186666666666667,0.324,0.345,0.134166666666667,"low_only_plus_pooling",TRUE,TRUE,0.678321678321678,0.0563333333333333,0.027
0.9,0.25,0.39,0.3,0.186666666666667,0.346,0.36,0.145,"delay_plus_pooling",TRUE,TRUE,0.733266733266733,0.05625,0.0270833333333333
0.45,0.3,0.44,0.3,0.2,0.198,0.275,0.0975,"low_only_plus_pooling",FALSE,FALSE,0,0.0668333333333333,0.0165
0.5,0.3,0.44,0.3,0.2,0.22,0.29,0.108333333333333,"low_only_plus_pooling",FALSE,FALSE,0,0.065,0.0183333333333333
0.55,0.3,0.44,0.3,0.2,0.242,0.305,0.119166666666667,"low_only_plus_pooling",FALSE,FALSE,0,0.0631666666666667,0.0201666666666667
0.6,0.3,0.44,0.3,0.2,0.264,0.32,0.13,"low_only_plus_pooling",TRUE,TRUE,0.0629370629370629,0.0613333333333333,0.022
0.65,0.3,0.44,0.3,0.2,0.286,0.335,0.140833333333333,"low_only_plus_pooling",TRUE,TRUE,0.177822177822178,0.0595,0.0238333333333333
0.7,0.3,0.44,0.3,0.2,0.308,0.35,0.151666666666667,"low_only_plus_pooling",TRUE,TRUE,0.357642357642358,0.0576666666666667,0.0256666666666667
0.75,0.3,0.44,0.3,0.2,0.33,0.365,0.1625,"low_only_plus_pooling",TRUE,TRUE,0.464535464535465,0.0558333333333333,0.0275
0.8,0.3,0.44,0.3,0.2,0.352,0.38,0.173333333333333,"low_only_plus_pooling",TRUE,TRUE,0.571428571428571,0.054,0.0293333333333333
0.85,0.3,0.44,0.3,0.2,0.374,0.395,0.184166666666667,"low_only_plus_pooling",TRUE,TRUE,0.678321678321678,0.0521666666666667,0.0311666666666667
0.9,0.3,0.44,0.3,0.2,0.396,0.41,0.195,"delay_plus_pooling",TRUE,TRUE,0.721278721278721,0.0525,0.0308333333333333
0.45,0.35,0.49,0.3,0.215384615384615,0.248,0.325,0.1475,"low_only_plus_pooling",FALSE,FALSE,0,0.0626666666666667,0.0206666666666667
0.5,0.35,0.49,0.3,0.215384615384615,0.27,0.34,0.158333333333333,"low_only_plus_pooling",FALSE,FALSE,0,0.0608333333333333,0.0225
0.55,0.35,0.49,0.3,0.215384615384615,0.292,0.355,0.169166666666667,"low_only_plus_pooling",FALSE,FALSE,0,0.059,0.0243333333333333
0.6,0.35,0.49,0.3,0.215384615384615,0.314,0.37,0.18,"low_only_plus_pooling",TRUE,TRUE,0.0579420579420579,0.0571666666666667,0.0261666666666667
0.65,0.35,0.49,0.3,0.215384615384615,0.336,0.385,0.190833333333333,"low_only_plus_pooling",TRUE,TRUE,0.172827172827173,0.0553333333333333,0.028
0.7,0.35,0.49,0.3,0.215384615384615,0.358,0.4,0.201666666666667,"low_only_plus_pooling",TRUE,TRUE,0.357642357642358,0.0535,0.0298333333333333
0.75,0.35,0.49,0.3,0.215384615384615,0.38,0.415,0.2125,"low_only_plus_pooling",TRUE,TRUE,0.464535464535465,0.0516666666666667,0.0316666666666667
0.8,0.35,0.49,0.3,0.215384615384615,0.402,0.43,0.223333333333333,"low_only_plus_pooling",TRUE,TRUE,0.571428571428571,0.0498333333333333,0.0335
0.85,0.35,0.49,0.3,0.215384615384615,0.424,0.445,0.234166666666667,"low_only_plus_pooling",TRUE,TRUE,0.678321678321678,0.048,0.0353333333333333
0.9,0.35,0.49,0.3,0.215384615384615,0.446,0.46,0.245,"delay_plus_pooling",TRUE,TRUE,0.708291708291708,0.04875,0.0345833333333333
0.45,0.4,0.54,0.3,0.233333333333333,0.298,0.375,0.1975,"low_only_plus_pooling",FALSE,FALSE,0,0.0585,0.0248333333333333
0.5,0.4,0.54,0.3,0.233333333333333,0.32,0.39,0.208333333333333,"low_only_plus_pooling",FALSE,FALSE,0,0.0566666666666667,0.0266666666666667
0.55,0.4,0.54,0.3,0.233333333333333,0.342,0.405,0.219166666666667,"low_only_plus_pooling",FALSE,FALSE,0,0.0548333333333333,0.0285
0.6,0.4,0.54,0.3,0.233333333333333,0.364,0.42,0.23,"low_only_plus_pooling",TRUE,TRUE,0.050949050949051,0.053,0.0303333333333333
0.65,0.4,0.54,0.3,0.233333333333333,0.386,0.435,0.240833333333333,"low_only_plus_pooling",TRUE,TRUE,0.165834165834166,0.0511666666666667,0.0321666666666667
0.7,0.4,0.54,0.3,0.233333333333333,0.408,0.45,0.251666666666667,"low_only_plus_pooling",TRUE,TRUE,0.357642357642358,0.0493333333333333,0.034
0.75,0.4,0.54,0.3,0.233333333333333,0.43,0.465,0.2625,"low_only_plus_pooling",TRUE,TRUE,0.464535464535465,0.0475,0.0358333333333333
0.8,0.4,0.54,0.3,0.233333333333333,0.452,0.48,0.273333333333333,"low_only_plus_pooling",TRUE,TRUE,0.571428571428571,0.0456666666666667,0.0376666666666667
0.85,0.4,0.54,0.3,0.233333333333333,0.474,0.495,0.284166666666667,"low_only_plus_pooling",TRUE,TRUE,0.678321678321678,0.0438333333333333,0.0395
0.9,0.4,0.54,0.3,0.233333333333333,0.496,0.51,0.295,"delay_plus_pooling",TRUE,TRUE,0.692307692307692,0.045,0.0383333333333333
0.7,0.15,0.32,0.3,0.2,0.179,0.23,0.00166666666666668,"low_only_plus_pooling",TRUE,TRUE,0.47052947052947,0.0684166666666667,0.0149166666666667
0.75,0.15,0.32,0.3,0.2,0.2025,0.245,0.0125,"low_only_plus_pooling",TRUE,TRUE,0.558441558441558,0.0664583333333333,0.016875
0.8,0.15,0.32,0.3,0.2,0.226,0.26,0.0233333333333334,"low_only_plus_pooling",TRUE,TRUE,0.647352647352647,0.0645,0.0188333333333333
0.85,0.15,0.32,0.3,0.2,0.2495,0.275,0.0341666666666667,"low_only_plus_pooling",TRUE,TRUE,0.735264735264735,0.0625416666666667,0.0207916666666667
0.9,0.15,0.32,0.3,0.2,0.273,0.29,0.045,"delay_plus_pooling",TRUE,TRUE,0.751248751248751,0.06375,0.0195833333333333
0.5,0.2,0.37,0.3,0.2125,0.135,0.22,0.00833333333333335,"low_only_plus_pooling",TRUE,TRUE,0.015984015984016,0.0720833333333333,0.01125
0.55,0.2,0.37,0.3,0.2125,0.1585,0.235,0.0191666666666667,"low_only_plus_pooling",TRUE,TRUE,0.110889110889111,0.070125,0.0132083333333333
0.6,0.2,0.37,0.3,0.2125,0.182,0.25,0.03,"low_only_plus_pooling",TRUE,TRUE,0.207792207792208,0.0681666666666667,0.0151666666666667
0.65,0.2,0.37,0.3,0.2125,0.2055,0.265,0.0408333333333333,"low_only_plus_pooling",TRUE,TRUE,0.353646353646354,0.0662083333333333,0.017125
0.7,0.2,0.37,0.3,0.2125,0.229,0.28,0.0516666666666667,"low_only_plus_pooling",TRUE,TRUE,0.47052947052947,0.06425,0.0190833333333333
0.75,0.2,0.37,0.3,0.2125,0.2525,0.295,0.0625,"low_only_plus_pooling",TRUE,TRUE,0.558441558441558,0.0622916666666667,0.0210416666666667
0.8,0.2,0.37,0.3,0.2125,0.276,0.31,0.0733333333333333,"low_only_plus_pooling",TRUE,TRUE,0.647352647352647,0.0603333333333333,0.023
0.85,0.2,0.37,0.3,0.2125,0.2995,0.325,0.0841666666666667,"low_only_plus_pooling",TRUE,TRUE,0.735264735264735,0.058375,0.0249583333333333
0.9,0.2,0.37,0.3,0.2125,0.323,0.34,0.095,"delay_plus_pooling",TRUE,TRUE,0.739260739260739,0.06,0.0233333333333333
0.45,0.25,0.42,0.3,0.226666666666667,0.1615,0.255,0.0475,"low_only_plus_pooling",FALSE,FALSE,0,0.069875,0.0134583333333333
0.5,0.25,0.42,0.3,0.226666666666667,0.185,0.27,0.0583333333333333,"low_only_plus_pooling",TRUE,TRUE,0.00999000999000999,0.0679166666666667,0.0154166666666667
0.55,0.25,0.42,0.3,0.226666666666667,0.2085,0.285,0.0691666666666667,"low_only_plus_pooling",TRUE,TRUE,0.104895104895105,0.0659583333333333,0.017375
0.6,0.25,0.42,0.3,0.226666666666667,0.232,0.3,0.08,"low_only_plus_pooling",TRUE,TRUE,0.201798201798202,0.064,0.0193333333333333
0.65,0.25,0.42,0.3,0.226666666666667,0.2555,0.315,0.0908333333333333,"low_only_plus_pooling",TRUE,TRUE,0.348651348651349,0.0620416666666667,0.0212916666666667
0.7,0.25,0.42,0.3,0.226666666666667,0.279,0.33,0.101666666666667,"low_only_plus_pooling",TRUE,TRUE,0.47052947052947,0.0600833333333333,0.02325
0.75,0.25,0.42,0.3,0.226666666666667,0.3025,0.345,0.1125,"low_only_plus_pooling",TRUE,TRUE,0.558441558441558,0.058125,0.0252083333333333
0.8,0.25,0.42,0.3,0.226666666666667,0.326,0.36,0.123333333333333,"low_only_plus_pooling",TRUE,TRUE,0.647352647352647,0.0561666666666667,0.0271666666666667
0.85,0.25,0.42,0.3,0.226666666666667,0.3495,0.375,0.134166666666667,"low_only_plus_pooling",TRUE,TRUE,0.735264735264735,0.0542083333333333,0.029125
0.9,0.25,0.42,0.3,0.226666666666667,0.373,0.39,0.145,"delay_plus_pooling",TRUE,TRUE,0.726273726273726,0.05625,0.0270833333333333
0.45,0.3,0.47,0.3,0.242857142857143,0.2115,0.305,0.0975,"low_only_plus_pooling",FALSE,FALSE,0,0.0657083333333333,0.017625
0.5,0.3,0.47,0.3,0.242857142857143,0.235,0.32,0.108333333333333,"low_only_plus_pooling",TRUE,TRUE,0.002997002997003,0.06375,0.0195833333333333
0.55,0.3,0.47,0.3,0.242857142857143,0.2585,0.335,0.119166666666667,"low_only_plus_pooling",TRUE,TRUE,0.0989010989010989,0.0617916666666667,0.0215416666666667
0.6,0.3,0.47,0.3,0.242857142857143,0.282,0.35,0.13,"low_only_plus_pooling",TRUE,TRUE,0.195804195804196,0.0598333333333333,0.0235
0.65,0.3,0.47,0.3,0.242857142857143,0.3055,0.365,0.140833333333333,"low_only_plus_pooling",TRUE,TRUE,0.342657342657343,0.057875,0.0254583333333333
0.7,0.3,0.47,0.3,0.242857142857143,0.329,0.38,0.151666666666667,"low_only_plus_pooling",TRUE,TRUE,0.47052947052947,0.0559166666666667,0.0274166666666667
0.75,0.3,0.47,0.3,0.242857142857143,0.3525,0.395,0.1625,"low_only_plus_pooling",TRUE,TRUE,0.558441558441558,0.0539583333333333,0.029375
0.8,0.3,0.47,0.3,0.242857142857143,0.376,0.41,0.173333333333333,"low_only_plus_pooling",TRUE,TRUE,0.647352647352647,0.052,0.0313333333333333
0.85,0.3,0.47,0.3,0.242857142857143,0.3995,0.425,0.184166666666667,"low_only_plus_pooling",TRUE,TRUE,0.735264735264735,0.0500416666666667,0.0332916666666667
0.9,0.3,0.47,0.3,0.242857142857143,0.423,0.44,0.195,"delay_plus_pooling",TRUE,TRUE,0.711288711288711,0.0525,0.0308333333333333
0.45,0.35,0.52,0.3,0.261538461538462,0.2615,0.355,0.1475,"low_only_plus_pooling",FALSE,FALSE,0,0.0615416666666667,0.0217916666666667
0.5,0.35,0.52,0.3,0.261538461538462,0.285,0.37,0.158333333333333,"low_only_plus_pooling",FALSE,FALSE,0,0.0595833333333333,0.02375
0.55,0.35,0.52,0.3,0.261538461538462,0.3085,0.385,0.169166666666667,"low_only_plus_pooling",TRUE,TRUE,0.0909090909090909,0.057625,0.0257083333333333
0.6,0.35,0.52,0.3,0.261538461538462,0.332,0.4,0.18,"low_only_plus_pooling",TRUE,TRUE,0.188811188811189,0.0556666666666667,0.0276666666666667
0.65,0.35,0.52,0.3,0.261538461538462,0.3555,0.415,0.190833333333333,"low_only_plus_pooling",TRUE,TRUE,0.335664335664336,0.0537083333333333,0.029625
0.7,0.35,0.52,0.3,0.261538461538462,0.379,0.43,0.201666666666667,"low_only_plus_pooling",TRUE,TRUE,0.47052947052947,0.05175,0.0315833333333333
0.75,0.35,0.52,0.3,0.261538461538462,0.4025,0.445,0.2125,"low_only_plus_pooling",TRUE,TRUE,0.558441558441558,0.0497916666666667,0.0335416666666667
0.8,0.35,0.52,0.3,0.261538461538462,0.426,0.46,0.223333333333333,"low_only_plus_pooling",TRUE,TRUE,0.647352647352647,0.0478333333333333,0.0355
0.85,0.35,0.52,0.3,0.261538461538462,0.4495,0.475,0.234166666666667,"delay_plus_pooling",TRUE,TRUE,0.685314685314685,0.0460416666666667,0.0372916666666667
0.9,0.35,0.52,0.3,0.261538461538462,0.473,0.49,0.245,"delay_plus_pooling",TRUE,TRUE,0.694305694305694,0.04875,0.0345833333333333
0.45,0.4,0.57,0.3,0.283333333333333,0.3115,0.405,0.1975,"low_only_plus_pooling",FALSE,FALSE,0,0.057375,0.0259583333333333
0.5,0.4,0.57,0.3,0.283333333333333,0.335,0.42,0.208333333333333,"low_only_plus_pooling",FALSE,FALSE,0,0.0554166666666667,0.0279166666666667
0.55,0.4,0.57,0.3,0.283333333333333,0.3585,0.435,0.219166666666667,"low_only_plus_pooling",TRUE,TRUE,0.0819180819180819,0.0534583333333333,0.029875
0.6,0.4,0.57,0.3,0.283333333333333,0.382,0.45,0.23,"low_only_plus_pooling",TRUE,TRUE,0.180819180819181,0.0515,0.0318333333333333
0.65,0.4,0.57,0.3,0.283333333333333,0.4055,0.465,0.240833333333333,"low_only_plus_pooling",TRUE,TRUE,0.327672327672328,0.0495416666666667,0.0337916666666667
0.7,0.4,0.57,0.3,0.283333333333333,0.429,0.48,0.251666666666667,"low_only_plus_pooling",TRUE,TRUE,0.47052947052947,0.0475833333333333,0.03575
0.75,0.4,0.57,0.3,0.283333333333333,0.4525,0.495,0.2625,"low_only_plus_pooling",TRUE,TRUE,0.558441558441558,0.045625,0.0377083333333333
0.8,0.4,0.57,0.3,0.283333333333333,0.476,0.51,0.273333333333333,"low_only_plus_pooling",TRUE,TRUE,0.647352647352647,0.0436666666666667,0.0396666666666667
0.85,0.4,0.57,0.3,0.283333333333333,0.4995,0.525,0.284166666666667,"delay_plus_pooling",TRUE,TRUE,0.666333666333666,0.0425,0.0408333333333333
0.9,0.4,0.57,0.3,0.283333333333333,0.523,0.54,0.295,"delay_plus_pooling",TRUE,TRUE,0.674325674325674,0.045,0.0383333333333333
0.7,0.15,0.35,0.3,0.235294117647059,0.2,0.26,0.00166666666666668,"low_only_plus_pooling",TRUE,TRUE,0.54945054945055,0.0666666666666667,0.0166666666666667
0.75,0.15,0.35,0.3,0.235294117647059,0.225,0.275,0.0125,"low_only_plus_pooling",TRUE,TRUE,0.624375624375624,0.0645833333333333,0.01875
0.8,0.15,0.35,0.3,0.235294117647059,0.25,0.29,0.0233333333333334,"low_only_plus_pooling",TRUE,TRUE,0.699300699300699,0.0625,0.0208333333333333
0.85,0.15,0.35,0.3,0.235294117647059,0.275,0.305,0.0341666666666667,"low_only_plus_pooling",TRUE,TRUE,0.774225774225774,0.0604166666666667,0.0229166666666667
0.9,0.15,0.35,0.3,0.235294117647059,0.3,0.32,0.045,"delay_plus_pooling",TRUE,TRUE,0.737262737262737,0.06375,0.0195833333333333
0.5,0.2,0.4,0.3,0.25,0.15,0.25,0.00833333333333335,"low_only_plus_pooling",TRUE,TRUE,0.127872127872128,0.0708333333333333,0.0125
0.55,0.2,0.4,0.3,0.25,0.175,0.265,0.0191666666666667,"low_only_plus_pooling",TRUE,TRUE,0.211788211788212,0.06875,0.0145833333333333
0.6,0.2,0.4,0.3,0.25,0.2,0.28,0.03,"low_only_plus_pooling",TRUE,TRUE,0.295704295704296,0.0666666666666667,0.0166666666666667
0.65,0.2,0.4,0.3,0.25,0.225,0.295,0.0408333333333333,"low_only_plus_pooling",TRUE,TRUE,0.474525474525474,0.0645833333333333,0.01875
0.7,0.2,0.4,0.3,0.25,0.25,0.31,0.0516666666666667,"low_only_plus_pooling",TRUE,TRUE,0.54945054945055,0.0625,0.0208333333333333
0.75,0.2,0.4,0.3,0.25,0.275,0.325,0.0625,"low_only_plus_pooling",TRUE,TRUE,0.624375624375624,0.0604166666666667,0.0229166666666667
0.8,0.2,0.4,0.3,0.25,0.3,0.34,0.0733333333333333,"low_only_plus_pooling",TRUE,TRUE,0.699300699300699,0.0583333333333333,0.025
0.85,0.2,0.4,0.3,0.25,0.325,0.355,0.0841666666666667,"delay_plus_pooling",TRUE,TRUE,0.722277722277722,0.0566666666666667,0.0266666666666667
0.9,0.2,0.4,0.3,0.25,0.35,0.37,0.095,"delay_plus_pooling",TRUE,TRUE,0.723276723276723,0.06,0.0233333333333333
0.45,0.25,0.45,0.3,0.266666666666667,0.175,0.285,0.0475,"low_only_plus_pooling",TRUE,TRUE,0.037962037962038,0.06875,0.0145833333333333
0.5,0.25,0.45,0.3,0.266666666666667,0.2,0.3,0.0583333333333333,"low_only_plus_pooling",TRUE,TRUE,0.120879120879121,0.0666666666666667,0.0166666666666667
0.55,0.25,0.45,0.3,0.266666666666667,0.225,0.315,0.0691666666666667,"low_only_plus_pooling",TRUE,TRUE,0.203796203796204,0.0645833333333333,0.01875
0.6,0.25,0.45,0.3,0.266666666666667,0.25,0.33,0.08,"low_only_plus_pooling",TRUE,TRUE,0.288711288711289,0.0625,0.0208333333333333
0.65,0.25,0.45,0.3,0.266666666666667,0.275,0.345,0.0908333333333333,"low_only_plus_pooling",TRUE,TRUE,0.474525474525474,0.0604166666666667,0.0229166666666667
0.7,0.25,0.45,0.3,0.266666666666667,0.3,0.36,0.101666666666667,"low_only_plus_pooling",TRUE,TRUE,0.54945054945055,0.0583333333333333,0.025
0.75,0.25,0.45,0.3,0.266666666666667,0.325,0.375,0.1125,"low_only_plus_pooling",TRUE,TRUE,0.624375624375624,0.05625,0.0270833333333333
0.8,0.25,0.45,0.3,0.266666666666667,0.35,0.39,0.123333333333333,"low_only_plus_pooling",TRUE,TRUE,0.699300699300699,0.0541666666666667,0.0291666666666667
0.85,0.25,0.45,0.3,0.266666666666667,0.375,0.405,0.134166666666667,"delay_plus_pooling",TRUE,TRUE,0.707292707292707,0.053125,0.0302083333333333
0.9,0.25,0.45,0.3,0.266666666666667,0.4,0.42,0.145,"delay_plus_pooling",TRUE,TRUE,0.708291708291708,0.05625,0.0270833333333333
0.45,0.3,0.5,0.3,0.285714285714286,0.225,0.335,0.0975,"low_only_plus_pooling",TRUE,TRUE,0.028971028971029,0.0645833333333333,0.01875
0.5,0.3,0.5,0.3,0.285714285714286,0.25,0.35,0.108333333333333,"low_only_plus_pooling",TRUE,TRUE,0.111888111888112,0.0625,0.0208333333333333
0.55,0.3,0.5,0.3,0.285714285714286,0.275,0.365,0.119166666666667,"low_only_plus_pooling",TRUE,TRUE,0.195804195804196,0.0604166666666667,0.0229166666666667
0.6,0.3,0.5,0.3,0.285714285714286,0.3,0.38,0.13,"low_only_plus_pooling",TRUE,TRUE,0.280719280719281,0.0583333333333333,0.025
0.65,0.3,0.5,0.3,0.285714285714286,0.325,0.395,0.140833333333333,"low_only_plus_pooling",TRUE,TRUE,0.474525474525474,0.05625,0.0270833333333333
0.7,0.3,0.5,0.3,0.285714285714286,0.35,0.41,0.151666666666667,"low_only_plus_pooling",TRUE,TRUE,0.54945054945055,0.0541666666666667,0.0291666666666667
0.75,0.3,0.5,0.3,0.285714285714286,0.375,0.425,0.1625,"low_only_plus_pooling",TRUE,TRUE,0.624375624375624,0.0520833333333333,0.03125
0.8,0.3,0.5,0.3,0.285714285714286,0.4,0.44,0.173333333333333,"low_only_plus_pooling",TRUE,TRUE,0.699300699300699,0.05,0.0333333333333333
0.85,0.3,0.5,0.3,0.285714285714286,0.425,0.455,0.184166666666667,"delay_plus_pooling",TRUE,TRUE,0.689310689310689,0.0495833333333333,0.03375
0.9,0.3,0.5,0.3,0.285714285714286,0.45,0.47,0.195,"delay_plus_pooling",TRUE,TRUE,0.69030969030969,0.0525,0.0308333333333333
0.45,0.35,0.55,0.3,0.307692307692308,0.275,0.385,0.1475,"low_only_plus_pooling",TRUE,TRUE,0.018981018981019,0.0604166666666667,0.0229166666666667
0.5,0.35,0.55,0.3,0.307692307692308,0.3,0.4,0.158333333333333,"low_only_plus_pooling",TRUE,TRUE,0.102897102897103,0.0583333333333333,0.025
0.55,0.35,0.55,0.3,0.307692307692308,0.325,0.415,0.169166666666667,"low_only_plus_pooling",TRUE,TRUE,0.186813186813187,0.05625,0.0270833333333333
0.6,0.35,0.55,0.3,0.307692307692308,0.35,0.43,0.18,"low_only_plus_pooling",TRUE,TRUE,0.271728271728272,0.0541666666666667,0.0291666666666667
0.65,0.35,0.55,0.3,0.307692307692308,0.375,0.445,0.190833333333333,"low_only_plus_pooling",TRUE,TRUE,0.474525474525474,0.0520833333333333,0.03125
0.7,0.35,0.55,0.3,0.307692307692308,0.4,0.46,0.201666666666667,"low_only_plus_pooling",TRUE,TRUE,0.54945054945055,0.05,0.0333333333333333
0.75,0.35,0.55,0.3,0.307692307692308,0.425,0.475,0.2125,"low_only_plus_pooling",TRUE,TRUE,0.624375624375624,0.0479166666666667,0.0354166666666667
0.8,0.35,0.55,0.3,0.307692307692308,0.45,0.49,0.223333333333333,"low_only_plus_pooling",TRUE,TRUE,0.699300699300699,0.0458333333333333,0.0375
0.85,0.35,0.55,0.3,0.307692307692308,0.475,0.505,0.234166666666667,"delay_plus_pooling",TRUE,TRUE,0.669330669330669,0.0460416666666667,0.0372916666666667
0.9,0.35,0.55,0.3,0.307692307692308,0.5,0.52,0.245,"delay_plus_pooling",TRUE,TRUE,0.669330669330669,0.04875,0.0345833333333333
0.45,0.4,0.6,0.3,0.333333333333333,0.325,0.435,0.1975,"low_only_plus_pooling",TRUE,TRUE,0.00799200799200799,0.05625,0.0270833333333333
0.5,0.4,0.6,0.3,0.333333333333333,0.35,0.45,0.208333333333333,"low_only_plus_pooling",TRUE,TRUE,0.0919080919080919,0.0541666666666667,0.0291666666666667
0.55,0.4,0.6,0.3,0.333333333333333,0.375,0.465,0.219166666666667,"low_only_plus_pooling",TRUE,TRUE,0.175824175824176,0.0520833333333333,0.03125
0.6,0.4,0.6,0.3,0.333333333333333,0.4,0.48,0.23,"low_only_plus_pooling",TRUE,TRUE,0.261738261738262,0.05,0.0333333333333333
0.65,0.4,0.6,0.3,0.333333333333333,0.425,0.495,0.240833333333333,"low_only_plus_pooling",TRUE,TRUE,0.474525474525474,0.0479166666666667,0.0354166666666667
0.7,0.4,0.6,0.3,0.333333333333333,0.45,0.51,0.251666666666667,"low_only_plus_pooling",TRUE,TRUE,0.54945054945055,0.0458333333333333,0.0375
0.75,0.4,0.6,0.3,0.333333333333333,0.475,0.525,0.2625,"low_only_plus_pooling",TRUE,TRUE,0.624375624375624,0.04375,0.0395833333333333
0.8,0.4,0.6,0.3,0.333333333333333,0.5,0.54,0.273333333333333,"low_only_plus_pooling",TRUE,TRUE,0.699300699300699,0.0416666666666667,0.0416666666666667
0.85,0.4,0.6,0.3,0.333333333333333,0.525,0.555,0.284166666666667,"delay_plus_pooling",TRUE,TRUE,0.646353646353646,0.0425,0.0408333333333333
0.9,0.4,0.6,0.3,0.333333333333333,0.55,0.57,0.295,"delay_plus_pooling",TRUE,TRUE,0.645354645354645,0.045,0.0383333333333333
0.7,0.15,0.38,0.3,0.270588235294118,0.221,0.29,0.00166666666666668,"low_only_plus_pooling",TRUE,TRUE,0.608391608391608,0.0649166666666667,0.0184166666666667
0.75,0.15,0.38,0.3,0.270588235294118,0.2475,0.305,0.0125,"low_only_plus_pooling",TRUE,TRUE,0.673326673326673,0.0627083333333333,0.020625
0.8,0.15,0.38,0.3,0.270588235294118,0.274,0.32,0.0233333333333334,"low_only_plus_pooling",TRUE,TRUE,0.739260739260739,0.0605,0.0228333333333333
0.85,0.15,0.38,0.3,0.270588235294118,0.3005,0.335,0.0341666666666667,"delay_plus_pooling",TRUE,TRUE,0.724275724275724,0.0602083333333333,0.023125
0.9,0.15,0.38,0.3,0.270588235294118,0.327,0.35,0.045,"delay_plus_pooling",TRUE,TRUE,0.718281718281718,0.06375,0.0195833333333333
0.5,0.2,0.43,0.3,0.2875,0.165,0.28,0.00833333333333335,"low_only_plus_pooling",TRUE,TRUE,0.205794205794206,0.0695833333333333,0.01375
0.55,0.2,0.43,0.3,0.2875,0.1915,0.295,0.0191666666666667,"low_only_plus_pooling",TRUE,TRUE,0.280719280719281,0.067375,0.0159583333333333
0.6,0.2,0.43,0.3,0.2875,0.218,0.31,0.03,"low_only_plus_pooling",TRUE,TRUE,0.478521478521479,0.0651666666666667,0.0181666666666667
0.65,0.2,0.43,0.3,0.2875,0.2445,0.325,0.0408333333333333,"low_only_plus_pooling",TRUE,TRUE,0.543456543456543,0.0629583333333333,0.020375
0.7,0.2,0.43,0.3,0.2875,0.271,0.34,0.0516666666666667,"low_only_plus_pooling",TRUE,TRUE,0.608391608391608,0.06075,0.0225833333333333
0.75,0.2,0.43,0.3,0.2875,0.2975,0.355,0.0625,"low_only_plus_pooling",TRUE,TRUE,0.673326673326673,0.0585416666666667,0.0247916666666667
0.8,0.2,0.43,0.3,0.2875,0.324,0.37,0.0733333333333333,"low_only_plus_pooling",TRUE,TRUE,0.739260739260739,0.0563333333333333,0.027
0.85,0.2,0.43,0.3,0.2875,0.3505,0.385,0.0841666666666667,"delay_plus_pooling",TRUE,TRUE,0.708291708291708,0.0566666666666667,0.0266666666666667
0.9,0.2,0.43,0.3,0.2875,0.377,0.4,0.095,"delay_plus_pooling",TRUE,TRUE,0.702297702297702,0.06,0.0233333333333333
0.45,0.25,0.48,0.3,0.306666666666667,0.1885,0.315,0.0475,"low_only_plus_pooling",TRUE,TRUE,0.122877122877123,0.067625,0.0157083333333333
0.5,0.25,0.48,0.3,0.306666666666667,0.215,0.33,0.0583333333333333,"low_only_plus_pooling",TRUE,TRUE,0.196803196803197,0.0654166666666667,0.0179166666666667
0.55,0.25,0.48,0.3,0.306666666666667,0.2415,0.345,0.0691666666666667,"low_only_plus_pooling",TRUE,TRUE,0.272727272727273,0.0632083333333333,0.020125
0.6,0.25,0.48,0.3,0.306666666666667,0.268,0.36,0.08,"low_only_plus_pooling",TRUE,TRUE,0.478521478521479,0.061,0.0223333333333333
0.65,0.25,0.48,0.3,0.306666666666667,0.2945,0.375,0.0908333333333333,"low_only_plus_pooling",TRUE,TRUE,0.543456543456543,0.0587916666666667,0.0245416666666667
0.7,0.25,0.48,0.3,0.306666666666667,0.321,0.39,0.101666666666667,"low_only_plus_pooling",TRUE,TRUE,0.608391608391608,0.0565833333333333,0.02675
0.75,0.25,0.48,0.3,0.306666666666667,0.3475,0.405,0.1125,"low_only_plus_pooling",TRUE,TRUE,0.673326673326673,0.054375,0.0289583333333333
0.8,0.25,0.48,0.3,0.306666666666667,0.374,0.42,0.123333333333333,"low_only_plus_pooling",TRUE,TRUE,0.739260739260739,0.0521666666666667,0.0311666666666667
0.85,0.25,0.48,0.3,0.306666666666667,0.4005,0.435,0.134166666666667,"delay_plus_pooling",TRUE,TRUE,0.69030969030969,0.053125,0.0302083333333333
0.9,0.25,0.48,0.3,0.306666666666667,0.427,0.45,0.145,"delay_plus_pooling",TRUE,TRUE,0.683316683316683,0.05625,0.0270833333333333
0.45,0.3,0.53,0.3,0.328571428571429,0.2385,0.365,0.0975,"low_only_plus_pooling",TRUE,TRUE,0.111888111888112,0.0634583333333333,0.019875
0.5,0.3,0.53,0.3,0.328571428571429,0.265,0.38,0.108333333333333,"low_only_plus_pooling",TRUE,TRUE,0.186813186813187,0.06125,0.0220833333333333
0.55,0.3,0.53,0.3,0.328571428571429,0.2915,0.395,0.119166666666667,"low_only_plus_pooling",TRUE,TRUE,0.262737262737263,0.0590416666666667,0.0242916666666667
0.6,0.3,0.53,0.3,0.328571428571429,0.318,0.41,0.13,"low_only_plus_pooling",TRUE,TRUE,0.46953046953047,0.0568333333333333,0.0265
0.65,0.3,0.53,0.3,0.328571428571429,0.3445,0.425,0.140833333333333,"low_only_plus_pooling",TRUE,TRUE,0.543456543456543,0.054625,0.0287083333333333
0.7,0.3,0.53,0.3,0.328571428571429,0.371,0.44,0.151666666666667,"low_only_plus_pooling",TRUE,TRUE,0.608391608391608,0.0524166666666667,0.0309166666666667
0.75,0.3,0.53,0.3,0.328571428571429,0.3975,0.455,0.1625,"low_only_plus_pooling",TRUE,TRUE,0.673326673326673,0.0502083333333333,0.033125
0.8,0.3,0.53,0.3,0.328571428571429,0.424,0.47,0.173333333333333,"low_only_plus_pooling",TRUE,TRUE,0.739260739260739,0.048,0.0353333333333333
0.85,0.3,0.53,0.3,0.328571428571429,0.4505,0.485,0.184166666666667,"delay_plus_pooling",TRUE,TRUE,0.669330669330669,0.0495833333333333,0.03375
0.9,0.3,0.53,0.3,0.328571428571429,0.477,0.5,0.195,"delay_plus_pooling",TRUE,TRUE,0.662337662337662,0.0525,0.0308333333333333
0.45,0.35,0.58,0.3,0.353846153846154,0.2885,0.415,0.1475,"low_only_plus_pooling",TRUE,TRUE,0.100899100899101,0.0592916666666667,0.0240416666666667
0.5,0.35,0.58,0.3,0.353846153846154,0.315,0.43,0.158333333333333,"low_only_plus_pooling",TRUE,TRUE,0.174825174825175,0.0570833333333333,0.02625
0.55,0.35,0.58,0.3,0.353846153846154,0.3415,0.445,0.169166666666667,"low_only_plus_pooling",TRUE,TRUE,0.251748251748252,0.054875,0.0284583333333333
0.6,0.35,0.58,0.3,0.353846153846154,0.368,0.46,0.18,"low_only_plus_pooling",TRUE,TRUE,0.458541458541459,0.0526666666666667,0.0306666666666667
0.65,0.35,0.58,0.3,0.353846153846154,0.3945,0.475,0.190833333333333,"low_only_plus_pooling",TRUE,TRUE,0.543456543456543,0.0504583333333333,0.032875
0.7,0.35,0.58,0.3,0.353846153846154,0.421,0.49,0.201666666666667,"low_only_plus_pooling",TRUE,TRUE,0.608391608391608,0.04825,0.0350833333333333
0.75,0.35,0.58,0.3,0.353846153846154,0.4475,0.505,0.2125,"low_only_plus_pooling",TRUE,TRUE,0.673326673326673,0.0460416666666667,0.0372916666666667
0.8,0.35,0.58,0.3,0.353846153846154,0.474,0.52,0.223333333333333,"low_only_plus_pooling",TRUE,TRUE,0.739260739260739,0.0438333333333333,0.0395
0.85,0.35,0.58,0.3,0.353846153846154,0.5005,0.535,0.234166666666667,"delay_plus_pooling",TRUE,TRUE,0.645354645354645,0.0460416666666667,0.0372916666666667
0.9,0.35,0.58,0.3,0.353846153846154,0.527,0.55,0.245,"delay_plus_pooling",TRUE,TRUE,0.638361638361638,0.04875,0.0345833333333333
0.45,0.4,0.63,0.3,0.383333333333333,0.3385,0.465,0.1975,"low_only_plus_pooling",TRUE,TRUE,0.0869130869130869,0.055125,0.0282083333333333
0.5,0.4,0.63,0.3,0.383333333333333,0.365,0.48,0.208333333333333,"low_only_plus_pooling",TRUE,TRUE,0.161838161838162,0.0529166666666667,0.0304166666666667
0.55,0.4,0.63,0.3,0.383333333333333,0.3915,0.495,0.219166666666667,"low_only_plus_pooling",TRUE,TRUE,0.238761238761239,0.0507083333333333,0.032625
0.6,0.4,0.63,0.3,0.383333333333333,0.418,0.51,0.23,"low_only_plus_pooling",TRUE,TRUE,0.445554445554446,0.0485,0.0348333333333333
0.65,0.4,0.63,0.3,0.383333333333333,0.4445,0.525,0.240833333333333,"low_only_plus_pooling",TRUE,TRUE,0.543456543456543,0.0462916666666667,0.0370416666666667
0.7,0.4,0.63,0.3,0.383333333333333,0.471,0.54,0.251666666666667,"low_only_plus_pooling",TRUE,TRUE,0.608391608391608,0.0440833333333333,0.03925
0.75,0.4,0.63,0.3,0.383333333333333,0.4975,0.555,0.2625,"low_only_plus_pooling",TRUE,TRUE,0.673326673326673,0.041875,0.0414583333333333
0.8,0.4,0.63,0.3,0.383333333333333,0.524,0.57,0.273333333333333,"delay_plus_pooling",TRUE,TRUE,0.634365634365634,0.04,0.0433333333333333
0.85,0.4,0.63,0.3,0.383333333333333,0.5505,0.585,0.284166666666667,"delay_plus_pooling",TRUE,TRUE,0.617382617382617,0.0425,0.0408333333333333
0.9,0.4,0.63,0.3,0.383333333333333,0.577,0.6,0.295,"delay_plus_pooling",TRUE,TRUE,0.609390609390609,0.045,0.0383333333333333
0.7,0.15,0.41,0.3,0.305882352941176,0.242,0.32,0.00166666666666668,"low_only_plus_pooling",TRUE,TRUE,0.653346653346653,0.0631666666666667,0.0201666666666667
0.75,0.15,0.41,0.3,0.305882352941176,0.27,0.335,0.0125,"low_only_plus_pooling",TRUE,TRUE,0.711288711288711,0.0608333333333333,0.0225
0.8,0.15,0.41,0.3,0.305882352941176,0.298,0.35,0.0233333333333334,"low_only_plus_pooling",TRUE,TRUE,0.769230769230769,0.0585,0.0248333333333333
0.85,0.15,0.41,0.3,0.305882352941176,0.326,0.365,0.0341666666666667,"delay_plus_pooling",TRUE,TRUE,0.704295704295704,0.0602083333333333,0.023125
0.9,0.15,0.41,0.3,0.305882352941176,0.354,0.38,0.045,"delay_plus_pooling",TRUE,TRUE,0.694305694305694,0.06375,0.0195833333333333
0.5,0.2,0.46,0.3,0.325,0.18,0.31,0.00833333333333335,"low_only_plus_pooling",TRUE,TRUE,0.25974025974026,0.0683333333333333,0.015
0.55,0.2,0.46,0.3,0.325,0.208,0.325,0.0191666666666667,"low_only_plus_pooling",TRUE,TRUE,0.383616383616384,0.066,0.0173333333333333
0.6,0.2,0.46,0.3,0.325,0.236,0.34,0.03,"low_only_plus_pooling",TRUE,TRUE,0.538461538461538,0.0636666666666667,0.0196666666666667
0.65,0.2,0.46,0.3,0.325,0.264,0.355,0.0408333333333333,"low_only_plus_pooling",TRUE,TRUE,0.596403596403596,0.0613333333333333,0.022
0.7,0.2,0.46,0.3,0.325,0.292,0.37,0.0516666666666667,"low_only_plus_pooling",TRUE,TRUE,0.653346653346653,0.059,0.0243333333333333
0.75,0.2,0.46,0.3,0.325,0.32,0.385,0.0625,"low_only_plus_pooling",TRUE,TRUE,0.711288711288711,0.0566666666666667,0.0266666666666667
0.8,0.2,0.46,0.3,0.325,0.348,0.4,0.0733333333333333,"low_only_plus_pooling",TRUE,TRUE,0.769230769230769,0.0543333333333333,0.029
0.85,0.2,0.46,0.3,0.325,0.376,0.415,0.0841666666666667,"delay_plus_pooling",TRUE,TRUE,0.686313686313686,0.0566666666666667,0.0266666666666667
0.9,0.2,0.46,0.3,0.325,0.404,0.43,0.095,"delay_plus_pooling",TRUE,TRUE,0.675324675324675,0.06,0.0233333333333333
0.45,0.25,0.51,0.3,0.346666666666667,0.202,0.345,0.0475,"low_only_plus_pooling",TRUE,TRUE,0.181818181818182,0.0665,0.0168333333333333
0.5,0.25,0.51,0.3,0.346666666666667,0.23,0.36,0.0583333333333333,"low_only_plus_pooling",TRUE,TRUE,0.24975024975025,0.0641666666666667,0.0191666666666667
0.55,0.25,0.51,0.3,0.346666666666667,0.258,0.375,0.0691666666666667,"low_only_plus_pooling",TRUE,TRUE,0.373626373626374,0.0618333333333333,0.0215
0.6,0.25,0.51,0.3,0.346666666666667,0.286,0.39,0.08,"low_only_plus_pooling",TRUE,TRUE,0.538461538461538,0.0595,0.0238333333333333
0.65,0.25,0.51,0.3,0.346666666666667,0.314,0.405,0.0908333333333333,"low_only_plus_pooling",TRUE,TRUE,0.596403596403596,0.0571666666666667,0.0261666666666667
0.7,0.25,0.51,0.3,0.346666666666667,0.342,0.42,0.101666666666667,"low_only_plus_pooling",TRUE,TRUE,0.653346653346653,0.0548333333333333,0.0285
0.75,0.25,0.51,0.3,0.346666666666667,0.37,0.435,0.1125,"low_only_plus_pooling",TRUE,TRUE,0.711288711288711,0.0525,0.0308333333333333
0.8,0.25,0.51,0.3,0.346666666666667,0.398,0.45,0.123333333333333,"low_only_plus_pooling",TRUE,TRUE,0.769230769230769,0.0501666666666667,0.0331666666666667
0.85,0.25,0.51,0.3,0.346666666666667,0.426,0.465,0.134166666666667,"delay_plus_pooling",TRUE,TRUE,0.665334665334665,0.053125,0.0302083333333333
0.9,0.25,0.51,0.3,0.346666666666667,0.454,0.48,0.145,"delay_plus_pooling",TRUE,TRUE,0.654345654345654,0.05625,0.0270833333333333
0.45,0.3,0.56,0.3,0.371428571428571,0.252,0.395,0.0975,"low_only_plus_pooling",TRUE,TRUE,0.16983016983017,0.0623333333333333,0.021
0.5,0.3,0.56,0.3,0.371428571428571,0.28,0.41,0.108333333333333,"low_only_plus_pooling",TRUE,TRUE,0.237762237762238,0.06,0.0233333333333333
0.55,0.3,0.56,0.3,0.371428571428571,0.308,0.425,0.119166666666667,"low_only_plus_pooling",TRUE,TRUE,0.361638361638362,0.0576666666666667,0.0256666666666667
0.6,0.3,0.56,0.3,0.371428571428571,0.336,0.44,0.13,"low_only_plus_pooling",TRUE,TRUE,0.538461538461538,0.0553333333333333,0.028
0.65,0.3,0.56,0.3,0.371428571428571,0.364,0.455,0.140833333333333,"low_only_plus_pooling",TRUE,TRUE,0.596403596403596,0.053,0.0303333333333333
0.7,0.3,0.56,0.3,0.371428571428571,0.392,0.47,0.151666666666667,"low_only_plus_pooling",TRUE,TRUE,0.653346653346653,0.0506666666666667,0.0326666666666667
0.75,0.3,0.56,0.3,0.371428571428571,0.42,0.485,0.1625,"low_only_plus_pooling",TRUE,TRUE,0.711288711288711,0.0483333333333333,0.035
0.8,0.3,0.56,0.3,0.371428571428571,0.448,0.5,0.173333333333333,"delay_plus_pooling",TRUE,TRUE,0.661338661338661,0.0466666666666667,0.0366666666666667
0.85,0.3,0.56,0.3,0.371428571428571,0.476,0.515,0.184166666666667,"delay_plus_pooling",TRUE,TRUE,0.641358641358641,0.0495833333333333,0.03375
0.9,0.3,0.56,0.3,0.371428571428571,0.504,0.53,0.195,"delay_plus_pooling",TRUE,TRUE,0.63036963036963,0.0525,0.0308333333333333
0.45,0.35,0.61,0.3,0.4,0.302,0.445,0.1475,"low_only_plus_pooling",TRUE,TRUE,0.155844155844156,0.0581666666666667,0.0251666666666667
0.5,0.35,0.61,0.3,0.4,0.33,0.46,0.158333333333333,"low_only_plus_pooling",TRUE,TRUE,0.224775224775225,0.0558333333333333,0.0275
0.55,0.35,0.61,0.3,0.4,0.358,0.475,0.169166666666667,"low_only_plus_pooling",TRUE,TRUE,0.348651348651349,0.0535,0.0298333333333333
0.6,0.35,0.61,0.3,0.4,0.386,0.49,0.18,"low_only_plus_pooling",TRUE,TRUE,0.538461538461538,0.0511666666666667,0.0321666666666667
0.65,0.35,0.61,0.3,0.4,0.414,0.505,0.190833333333333,"low_only_plus_pooling",TRUE,TRUE,0.596403596403596,0.0488333333333333,0.0345
0.7,0.35,0.61,0.3,0.4,0.442,0.52,0.201666666666667,"low_only_plus_pooling",TRUE,TRUE,0.653346653346653,0.0465,0.0368333333333333
0.75,0.35,0.61,0.3,0.4,0.47,0.535,0.2125,"low_only_plus_pooling",TRUE,TRUE,0.711288711288711,0.0441666666666667,0.0391666666666667
0.8,0.35,0.61,0.3,0.4,0.498,0.55,0.223333333333333,"delay_plus_pooling",TRUE,TRUE,0.634365634365634,0.0433333333333333,0.04
0.85,0.35,0.61,0.3,0.4,0.526,0.565,0.234166666666667,"delay_plus_pooling",TRUE,TRUE,0.613386613386613,0.0460416666666667,0.0372916666666667
0.9,0.35,0.61,0.3,0.4,0.554,0.58,0.245,"delay_plus_pooling",TRUE,TRUE,0.601398601398601,0.04875,0.0345833333333333
0.45,0.4,0.66,0.3,0.433333333333333,0.352,0.495,0.1975,"low_only_plus_pooling",TRUE,TRUE,0.13986013986014,0.054,0.0293333333333333
0.5,0.4,0.66,0.3,0.433333333333333,0.38,0.51,0.208333333333333,"low_only_plus_pooling",TRUE,TRUE,0.208791208791209,0.0516666666666667,0.0316666666666667
0.55,0.4,0.66,0.3,0.433333333333333,0.408,0.525,0.219166666666667,"low_only_plus_pooling",TRUE,TRUE,0.333666333666334,0.0493333333333333,0.034
0.6,0.4,0.66,0.3,0.433333333333333,0.436,0.54,0.23,"low_only_plus_pooling",TRUE,TRUE,0.538461538461538,0.047,0.0363333333333333
0.65,0.4,0.66,0.3,0.433333333333333,0.464,0.555,0.240833333333333,"low_only_plus_pooling",TRUE,TRUE,0.596403596403596,0.0446666666666667,0.0386666666666667
0.7,0.4,0.66,0.3,0.433333333333333,0.492,0.57,0.251666666666667,"low_only_plus_pooling",TRUE,TRUE,0.653346653346653,0.0423333333333333,0.041
0.75,0.4,0.66,0.3,0.433333333333333,0.52,0.585,0.2625,"low_only_plus_pooling",TRUE,TRUE,0.711288711288711,0.04,0.0433333333333333
0.8,0.4,0.66,0.3,0.433333333333333,0.548,0.6,0.273333333333333,"delay_plus_pooling",TRUE,TRUE,0.602397602397602,0.04,0.0433333333333333
0.85,0.4,0.66,0.3,0.433333333333333,0.576,0.615,0.284166666666667,"delay_plus_pooling",TRUE,TRUE,0.58041958041958,0.0425,0.0408333333333333
0.9,0.4,0.66,0.3,0.433333333333333,0.604,0.63,0.295,"delay_plus_pooling",TRUE,TRUE,0.56943056943057,0.045,0.0383333333333333
0.7,0.15,0.44,0.3,0.341176470588235,0.263,0.35,0.00166666666666668,"low_only_plus_pooling",TRUE,TRUE,0.689310689310689,0.0614166666666667,0.0219166666666667
0.75,0.15,0.44,0.3,0.341176470588235,0.2925,0.365,0.0125,"low_only_plus_pooling",TRUE,TRUE,0.741258741258741,0.0589583333333333,0.024375
0.8,0.15,0.44,0.3,0.341176470588235,0.322,0.38,0.0233333333333334,"all_three",TRUE,TRUE,0.742257742257742,0.0566666666666667,0.0266666666666667
0.85,0.15,0.44,0.3,0.341176470588235,0.3515,0.395,0.0341666666666667,"delay_plus_pooling",TRUE,TRUE,0.681318681318681,0.0602083333333333,0.023125
0.9,0.15,0.44,0.3,0.341176470588235,0.381,0.41,0.045,"delay_plus_pooling",TRUE,TRUE,0.667332667332667,0.06375,0.0195833333333333
0.5,0.2,0.49,0.3,0.3625,0.195,0.34,0.00833333333333335,"low_only_plus_pooling",TRUE,TRUE,0.296703296703297,0.0670833333333333,0.01625
0.55,0.2,0.49,0.3,0.3625,0.2245,0.355,0.0191666666666667,"low_only_plus_pooling",TRUE,TRUE,0.514485514485514,0.064625,0.0187083333333333
0.6,0.2,0.49,0.3,0.3625,0.254,0.37,0.03,"low_only_plus_pooling",TRUE,TRUE,0.586413586413586,0.0621666666666667,0.0211666666666667
0.65,0.2,0.49,0.3,0.3625,0.2835,0.385,0.0408333333333333,"low_only_plus_pooling",TRUE,TRUE,0.637362637362637,0.0597083333333333,0.023625
0.7,0.2,0.49,0.3,0.3625,0.313,0.4,0.0516666666666667,"low_only_plus_pooling",TRUE,TRUE,0.689310689310689,0.05725,0.0260833333333333
0.75,0.2,0.49,0.3,0.3625,0.3425,0.415,0.0625,"low_only_plus_pooling",TRUE,TRUE,0.741258741258741,0.0547916666666667,0.0285416666666667
0.8,0.2,0.49,0.3,0.3625,0.372,0.43,0.0733333333333333,"delay_plus_pooling",TRUE,TRUE,0.683316683316683,0.0533333333333333,0.03
0.85,0.2,0.49,0.3,0.3625,0.4015,0.445,0.0841666666666667,"delay_plus_pooling",TRUE,TRUE,0.66033966033966,0.0566666666666667,0.0266666666666667
0.9,0.2,0.49,0.3,0.3625,0.431,0.46,0.095,"delay_plus_pooling",TRUE,TRUE,0.645354645354645,0.06,0.0233333333333333
0.45,0.25,0.54,0.3,0.386666666666667,0.2155,0.375,0.0475,"low_only_plus_pooling",TRUE,TRUE,0.223776223776224,0.065375,0.0179583333333333
0.5,0.25,0.54,0.3,0.386666666666667,0.245,0.39,0.0583333333333333,"low_only_plus_pooling",TRUE,TRUE,0.284715284715285,0.0629166666666667,0.0204166666666667
0.55,0.25,0.54,0.3,0.386666666666667,0.2745,0.405,0.0691666666666667,"low_only_plus_pooling",TRUE,TRUE,0.502497502497502,0.0604583333333333,0.022875
0.6,0.25,0.54,0.3,0.386666666666667,0.304,0.42,0.08,"low_only_plus_pooling",TRUE,TRUE,0.586413586413586,0.058,0.0253333333333333
0.65,0.25,0.54,0.3,0.386666666666667,0.3335,0.435,0.0908333333333333,"low_only_plus_pooling",TRUE,TRUE,0.637362637362637,0.0555416666666667,0.0277916666666667
0.7,0.25,0.54,0.3,0.386666666666667,0.363,0.45,0.101666666666667,"low_only_plus_pooling",TRUE,TRUE,0.689310689310689,0.0530833333333333,0.03025
0.75,0.25,0.54,0.3,0.386666666666667,0.3925,0.465,0.1125,"low_only_plus_pooling",TRUE,TRUE,0.741258741258741,0.050625,0.0327083333333333
0.8,0.25,0.54,0.3,0.386666666666667,0.422,0.48,0.123333333333333,"delay_plus_pooling",TRUE,TRUE,0.659340659340659,0.05,0.0333333333333333
0.85,0.25,0.54,0.3,0.386666666666667,0.4515,0.495,0.134166666666667,"delay_plus_pooling",TRUE,TRUE,0.636363636363636,0.053125,0.0302083333333333
0.9,0.25,0.54,0.3,0.386666666666667,0.481,0.51,0.145,"delay_plus_pooling",TRUE,TRUE,0.621378621378621,0.05625,0.0270833333333333
0.45,0.3,0.59,0.3,0.414285714285714,0.2655,0.425,0.0975,"low_only_plus_pooling",TRUE,TRUE,0.20979020979021,0.0612083333333333,0.022125
0.5,0.3,0.59,0.3,0.414285714285714,0.295,0.44,0.108333333333333,"low_only_plus_pooling",TRUE,TRUE,0.271728271728272,0.05875,0.0245833333333333
0.55,0.3,0.59,0.3,0.414285714285714,0.3245,0.455,0.119166666666667,"low_only_plus_pooling",TRUE,TRUE,0.48951048951049,0.0562916666666667,0.0270416666666667
0.6,0.3,0.59,0.3,0.414285714285714,0.354,0.47,0.13,"low_only_plus_pooling",TRUE,TRUE,0.586413586413586,0.0538333333333333,0.0295
0.65,0.3,0.59,0.3,0.414285714285714,0.3835,0.485,0.140833333333333,"low_only_plus_pooling",TRUE,TRUE,0.637362637362637,0.051375,0.0319583333333333
0.7,0.3,0.59,0.3,0.414285714285714,0.413,0.5,0.151666666666667,"low_only_plus_pooling",TRUE,TRUE,0.689310689310689,0.0489166666666667,0.0344166666666667
0.75,0.3,0.59,0.3,0.414285714285714,0.4425,0.515,0.1625,"low_only_plus_pooling",TRUE,TRUE,0.741258741258741,0.0464583333333333,0.036875
0.8,0.3,0.59,0.3,0.414285714285714,0.472,0.53,0.173333333333333,"delay_plus_pooling",TRUE,TRUE,0.632367632367632,0.0466666666666667,0.0366666666666667
0.85,0.3,0.59,0.3,0.414285714285714,0.5015,0.545,0.184166666666667,"delay_plus_pooling",TRUE,TRUE,0.608391608391608,0.0495833333333333,0.03375
0.9,0.3,0.59,0.3,0.414285714285714,0.531,0.56,0.195,"delay_plus_pooling",TRUE,TRUE,0.594405594405594,0.0525,0.0308333333333333
0.45,0.35,0.64,0.3,0.446153846153846,0.3155,0.475,0.1475,"low_only_plus_pooling",TRUE,TRUE,0.193806193806194,0.0570416666666667,0.0262916666666667
0.5,0.35,0.64,0.3,0.446153846153846,0.345,0.49,0.158333333333333,"low_only_plus_pooling",TRUE,TRUE,0.255744255744256,0.0545833333333333,0.02875
0.55,0.35,0.64,0.3,0.446153846153846,0.3745,0.505,0.169166666666667,"low_only_plus_pooling",TRUE,TRUE,0.473526473526474,0.052125,0.0312083333333333
0.6,0.35,0.64,0.3,0.446153846153846,0.404,0.52,0.18,"low_only_plus_pooling",TRUE,TRUE,0.586413586413586,0.0496666666666667,0.0336666666666667
0.65,0.35,0.64,0.3,0.446153846153846,0.4335,0.535,0.190833333333333,"low_only_plus_pooling",TRUE,TRUE,0.637362637362637,0.0472083333333333,0.036125
0.7,0.35,0.64,0.3,0.446153846153846,0.463,0.55,0.201666666666667,"low_only_plus_pooling",TRUE,TRUE,0.689310689310689,0.04475,0.0385833333333333
0.75,0.35,0.64,0.3,0.446153846153846,0.4925,0.565,0.2125,"low_only_plus_pooling",TRUE,TRUE,0.741258741258741,0.0422916666666667,0.0410416666666667
0.8,0.35,0.64,0.3,0.446153846153846,0.522,0.58,0.223333333333333,"delay_plus_pooling",TRUE,TRUE,0.6003996003996,0.0433333333333333,0.04
0.85,0.35,0.64,0.3,0.446153846153846,0.5515,0.595,0.234166666666667,"delay_plus_pooling",TRUE,TRUE,0.577422577422577,0.0460416666666667,0.0372916666666667
0.9,0.35,0.64,0.3,0.446153846153846,0.581,0.61,0.245,"delay_plus_pooling",TRUE,TRUE,0.562437562437562,0.04875,0.0345833333333333
0.45,0.4,0.69,0.3,0.483333333333333,0.3655,0.525,0.1975,"low_only_plus_pooling",TRUE,TRUE,0.174825174825175,0.052875,0.0304583333333333
0.5,0.4,0.69,0.3,0.483333333333333,0.395,0.54,0.208333333333333,"low_only_plus_pooling",TRUE,TRUE,0.237762237762238,0.0504166666666667,0.0329166666666667
0.55,0.4,0.69,0.3,0.483333333333333,0.4245,0.555,0.219166666666667,"low_only_plus_pooling",TRUE,TRUE,0.455544455544456,0.0479583333333333,0.035375
0.6,0.4,0.69,0.3,0.483333333333333,0.454,0.57,0.23,"low_only_plus_pooling",TRUE,TRUE,0.586413586413586,0.0455,0.0378333333333333
0.65,0.4,0.69,0.3,0.483333333333333,0.4835,0.585,0.240833333333333,"low_only_plus_pooling",TRUE,TRUE,0.637362637362637,0.0430416666666667,0.0402916666666667
0.7,0.4,0.69,0.3,0.483333333333333,0.513,0.6,0.251666666666667,"low_only_plus_pooling",TRUE,TRUE,0.689310689310689,0.0405833333333333,0.04275
0.75,0.4,0.69,0.3,0.483333333333333,0.5425,0.615,0.2625,"low_only_plus_pooling",TRUE,TRUE,0.741258741258741,0.038125,0.0452083333333333
0.8,0.4,0.69,0.3,0.483333333333333,0.572,0.63,0.273333333333333,"delay_plus_pooling",TRUE,TRUE,0.563436563436563,0.04,0.0433333333333333
0.85,0.4,0.69,0.3,0.483333333333333,0.6015,0.645,0.284166666666667,"delay_plus_pooling",TRUE,TRUE,0.54045954045954,0.0425,0.0408333333333333
0.9,0.4,0.69,0.3,0.483333333333333,0.631,0.66,0.295,"delay_plus_pooling",TRUE,TRUE,0.525474525474525,0.045,0.0383333333333333
0.7,0.15,0.47,0.3,0.376470588235294,0.284,0.38,0.00166666666666668,"low_only_plus_pooling",TRUE,TRUE,0.718281718281718,0.0596666666666667,0.0236666666666667
0.75,0.15,0.47,0.3,0.376470588235294,0.315,0.395,0.0125,"low_only_plus_pooling",TRUE,TRUE,0.765234765234765,0.0570833333333333,0.02625
0.8,0.15,0.47,0.3,0.376470588235294,0.346,0.41,0.0233333333333334,"delay_plus_pooling",TRUE,TRUE,0.679320679320679,0.0566666666666667,0.0266666666666667
0.85,0.15,0.47,0.3,0.376470588235294,0.377,0.425,0.0341666666666667,"delay_plus_pooling",TRUE,TRUE,0.654345654345654,0.0602083333333333,0.023125
0.9,0.15,0.47,0.3,0.376470588235294,0.408,0.44,0.045,"delay_plus_pooling",TRUE,TRUE,0.638361638361638,0.06375,0.0195833333333333
0.5,0.2,0.52,0.3,0.4,0.21,0.37,0.00833333333333335,"low_only_plus_pooling",TRUE,TRUE,0.386613386613387,0.0658333333333333,0.0175
0.55,0.2,0.52,0.3,0.4,0.241,0.385,0.0191666666666667,"low_only_plus_pooling",TRUE,TRUE,0.578421578421578,0.06325,0.0200833333333333
0.6,0.2,0.52,0.3,0.4,0.272,0.4,0.03,"low_only_plus_pooling",TRUE,TRUE,0.624375624375624,0.0606666666666667,0.0226666666666667
0.65,0.2,0.52,0.3,0.4,0.303,0.415,0.0408333333333333,"low_only_plus_pooling",TRUE,TRUE,0.671328671328671,0.0580833333333333,0.02525
0.7,0.2,0.52,0.3,0.4,0.334,0.43,0.0516666666666667,"low_only_plus_pooling",TRUE,TRUE,0.718281718281718,0.0555,0.0278333333333333
0.75,0.2,0.52,0.3,0.4,0.365,0.445,0.0625,"low_only_plus_pooling",TRUE,TRUE,0.765234765234765,0.0529166666666667,0.0304166666666667
0.8,0.2,0.52,0.3,0.4,0.396,0.46,0.0733333333333333,"delay_plus_pooling",TRUE,TRUE,0.655344655344655,0.0533333333333333,0.03
0.85,0.2,0.52,0.3,0.4,0.427,0.475,0.0841666666666667,"delay_plus_pooling",TRUE,TRUE,0.631368631368631,0.0566666666666667,0.0266666666666667
0.9,0.2,0.52,0.3,0.4,0.458,0.49,0.095,"delay_plus_pooling",TRUE,TRUE,0.614385614385614,0.06,0.0233333333333333
0.45,0.25,0.57,0.3,0.426666666666667,0.229,0.405,0.0475,"low_only_plus_pooling",TRUE,TRUE,0.250749250749251,0.06425,0.0190833333333333
0.5,0.25,0.57,0.3,0.426666666666667,0.26,0.42,0.0583333333333333,"low_only_plus_pooling",TRUE,TRUE,0.372627372627373,0.0616666666666667,0.0216666666666667
0.55,0.25,0.57,0.3,0.426666666666667,0.291,0.435,0.0691666666666667,"low_only_plus_pooling",TRUE,TRUE,0.578421578421578,0.0590833333333333,0.02425
0.6,0.25,0.57,0.3,0.426666666666667,0.322,0.45,0.08,"low_only_plus_pooling",TRUE,TRUE,0.624375624375624,0.0565,0.0268333333333333
0.65,0.25,0.57,0.3,0.426666666666667,0.353,0.465,0.0908333333333333,"low_only_plus_pooling",TRUE,TRUE,0.671328671328671,0.0539166666666667,0.0294166666666667
0.7,0.25,0.57,0.3,0.426666666666667,0.384,0.48,0.101666666666667,"low_only_plus_pooling",TRUE,TRUE,0.718281718281718,0.0513333333333333,0.032
0.75,0.25,0.57,0.3,0.426666666666667,0.415,0.495,0.1125,"low_only_plus_pooling",TRUE,TRUE,0.765234765234765,0.04875,0.0345833333333333
0.8,0.25,0.57,0.3,0.426666666666667,0.446,0.51,0.123333333333333,"delay_plus_pooling",TRUE,TRUE,0.628371628371628,0.05,0.0333333333333333
0.85,0.25,0.57,0.3,0.426666666666667,0.477,0.525,0.134166666666667,"delay_plus_pooling",TRUE,TRUE,0.604395604395604,0.053125,0.0302083333333333
0.9,0.25,0.57,0.3,0.426666666666667,0.508,0.54,0.145,"delay_plus_pooling",TRUE,TRUE,0.587412587412587,0.05625,0.0270833333333333
0.45,0.3,0.62,0.3,0.457142857142857,0.279,0.455,0.0975,"low_only_plus_pooling",TRUE,TRUE,0.234765234765235,0.0600833333333333,0.02325
0.5,0.3,0.62,0.3,0.457142857142857,0.31,0.47,0.108333333333333,"low_only_plus_pooling",TRUE,TRUE,0.356643356643357,0.0575,0.0258333333333333
0.55,0.3,0.62,0.3,0.457142857142857,0.341,0.485,0.119166666666667,"low_only_plus_pooling",TRUE,TRUE,0.578421578421578,0.0549166666666666,0.0284166666666667
0.6,0.3,0.62,0.3,0.457142857142857,0.372,0.5,0.13,"low_only_plus_pooling",TRUE,TRUE,0.624375624375624,0.0523333333333333,0.031
0.65,0.3,0.62,0.3,0.457142857142857,0.403,0.515,0.140833333333333,"low_only_plus_pooling",TRUE,TRUE,0.671328671328671,0.04975,0.0335833333333333
0.7,0.3,0.62,0.3,0.457142857142857,0.434,0.53,0.151666666666667,"low_only_plus_pooling",TRUE,TRUE,0.718281718281718,0.0471666666666667,0.0361666666666667
0.75,0.3,0.62,0.3,0.457142857142857,0.465,0.545,0.1625,"low_only_plus_pooling",TRUE,TRUE,0.765234765234765,0.0445833333333333,0.03875
0.8,0.3,0.62,0.3,0.457142857142857,0.496,0.56,0.173333333333333,"delay_plus_pooling",TRUE,TRUE,0.597402597402597,0.0466666666666667,0.0366666666666667
0.85,0.3,0.62,0.3,0.457142857142857,0.527,0.575,0.184166666666667,"delay_plus_pooling",TRUE,TRUE,0.573426573426573,0.0495833333333333,0.03375
0.9,0.3,0.62,0.3,0.457142857142857,0.558,0.59,0.195,"delay_plus_pooling",TRUE,TRUE,0.556443556443556,0.0525,0.0308333333333333
0.45,0.35,0.67,0.3,0.492307692307692,0.329,0.505,0.1475,"low_only_plus_pooling",TRUE,TRUE,0.216783216783217,0.0559166666666667,0.0274166666666667
0.5,0.35,0.67,0.3,0.492307692307692,0.36,0.52,0.158333333333333,"low_only_plus_pooling",TRUE,TRUE,0.338661338661339,0.0533333333333333,0.03
0.55,0.35,0.67,0.3,0.492307692307692,0.391,0.535,0.169166666666667,"low_only_plus_pooling",TRUE,TRUE,0.568431568431568,0.05075,0.0325833333333333
0.6,0.35,0.67,0.3,0.492307692307692,0.422,0.55,0.18,"low_only_plus_pooling",TRUE,TRUE,0.624375624375624,0.0481666666666667,0.0351666666666667
0.65,0.35,0.67,0.3,0.492307692307692,0.453,0.565,0.190833333333333,"low_only_plus_pooling",TRUE,TRUE,0.671328671328671,0.0455833333333333,0.03775
0.7,0.35,0.67,0.3,0.492307692307692,0.484,0.58,0.201666666666667,"low_only_plus_pooling",TRUE,TRUE,0.718281718281718,0.043,0.0403333333333333
0.75,0.35,0.67,0.3,0.492307692307692,0.515,0.595,0.2125,"all_three",TRUE,TRUE,0.656343656343656,0.040625,0.0427083333333333
0.8,0.35,0.67,0.3,0.492307692307692,0.546,0.61,0.223333333333333,"delay_plus_pooling",TRUE,TRUE,0.561438561438561,0.0433333333333333,0.04
0.85,0.35,0.67,0.3,0.492307692307692,0.577,0.625,0.234166666666667,"delay_plus_pooling",TRUE,TRUE,0.537462537462537,0.0460416666666667,0.0372916666666667
0.9,0.35,0.67,0.3,0.492307692307692,0.608,0.64,0.245,"delay_plus_pooling",TRUE,TRUE,0.521478521478521,0.04875,0.0345833333333333
0.45,0.4,0.72,0.3,0.533333333333333,0.379,0.555,0.1975,"low_only_plus_pooling",TRUE,TRUE,0.195804195804196,0.05175,0.0315833333333333
0.5,0.4,0.72,0.3,0.533333333333333,0.41,0.57,0.208333333333333,"low_only_plus_pooling",TRUE,TRUE,0.317682317682318,0.0491666666666667,0.0341666666666667
0.55,0.4,0.72,0.3,0.533333333333333,0.441,0.585,0.219166666666667,"low_only_plus_pooling",TRUE,TRUE,0.547452547452547,0.0465833333333333,0.03675
0.6,0.4,0.72,0.3,0.533333333333333,0.472,0.6,0.23,"low_only_plus_pooling",TRUE,TRUE,0.624375624375624,0.044,0.0393333333333333
0.65,0.4,0.72,0.3,0.533333333333333,0.503,0.615,0.240833333333333,"low_only_plus_pooling",TRUE,TRUE,0.671328671328671,0.0414166666666667,0.0419166666666667
0.7,0.4,0.72,0.3,0.533333333333333,0.534,0.63,0.251666666666667,"low_only_plus_pooling",TRUE,TRUE,0.718281718281718,0.0388333333333333,0.0445
0.75,0.4,0.72,0.3,0.533333333333333,0.565,0.645,0.2625,"delay_plus_pooling",TRUE,TRUE,0.553446553446553,0.0375,0.0458333333333333
0.8,0.4,0.72,0.3,0.533333333333333,0.596,0.66,0.273333333333333,"delay_plus_pooling",TRUE,TRUE,0.52047952047952,0.04,0.0433333333333333
0.85,0.4,0.72,0.3,0.533333333333333,0.627,0.675,0.284166666666667,"delay_plus_pooling",TRUE,TRUE,0.496503496503497,0.0425,0.0408333333333333
0.9,0.4,0.72,0.3,0.533333333333333,0.658,0.69,0.295,"delay_plus_pooling",TRUE,TRUE,0.48051948051948,0.045,0.0383333333333333
0.7,0.15,0.5,0.3,0.411764705882353,0.305,0.41,0.00166666666666668,"low_only_plus_pooling",TRUE,TRUE,0.742257742257742,0.0579166666666667,0.0254166666666667
0.75,0.15,0.5,0.3,0.411764705882353,0.3375,0.425,0.0125,"low_only_plus_pooling",TRUE,TRUE,0.785214785214785,0.0552083333333333,0.028125
0.8,0.15,0.5,0.3,0.411764705882353,0.37,0.44,0.0233333333333334,"delay_plus_pooling",TRUE,TRUE,0.651348651348651,0.0566666666666667,0.0266666666666667
0.85,0.15,0.5,0.3,0.411764705882353,0.4025,0.455,0.0341666666666667,"delay_plus_pooling",TRUE,TRUE,0.625374625374625,0.0602083333333333,0.023125
0.9,0.15,0.5,0.3,0.411764705882353,0.435,0.47,0.045,"delay_plus_pooling",TRUE,TRUE,0.606393606393606,0.06375,0.0195833333333333
0.5,0.2,0.55,0.3,0.4375,0.225,0.4,0.00833333333333335,"low_only_plus_pooling",TRUE,TRUE,0.482517482517482,0.0645833333333333,0.01875
0.55,0.2,0.55,0.3,0.4375,0.2575,0.415,0.0191666666666667,"low_only_plus_pooling",TRUE,TRUE,0.614385614385614,0.061875,0.0214583333333333
0.6,0.2,0.55,0.3,0.4375,0.29,0.43,0.03,"low_only_plus_pooling",TRUE,TRUE,0.657342657342657,0.0591666666666667,0.0241666666666667
0.65,0.2,0.55,0.3,0.4375,0.3225,0.445,0.0408333333333333,"low_only_plus_pooling",TRUE,TRUE,0.699300699300699,0.0564583333333333,0.026875
0.7,0.2,0.55,0.3,0.4375,0.355,0.46,0.0516666666666667,"low_only_plus_pooling",TRUE,TRUE,0.742257742257742,0.05375,0.0295833333333333
0.75,0.2,0.55,0.3,0.4375,0.3875,0.475,0.0625,"low_only_plus_pooling",TRUE,TRUE,0.785214785214785,0.0510416666666667,0.0322916666666667
0.8,0.2,0.55,0.3,0.4375,0.42,0.49,0.0733333333333333,"delay_plus_pooling",TRUE,TRUE,0.624375624375624,0.0533333333333333,0.03
0.85,0.2,0.55,0.3,0.4375,0.4525,0.505,0.0841666666666667,"delay_plus_pooling",TRUE,TRUE,0.598401598401598,0.0566666666666667,0.0266666666666667
0.9,0.2,0.55,0.3,0.4375,0.485,0.52,0.095,"delay_plus_pooling",TRUE,TRUE,0.58041958041958,0.06,0.0233333333333333
0.45,0.25,0.6,0.3,0.466666666666667,0.2425,0.435,0.0475,"low_only_plus_pooling",TRUE,TRUE,0.268731268731269,0.063125,0.0202083333333333
0.5,0.25,0.6,0.3,0.466666666666667,0.275,0.45,0.0583333333333333,"low_only_plus_pooling",TRUE,TRUE,0.466533466533467,0.0604166666666667,0.0229166666666667
0.55,0.25,0.6,0.3,0.466666666666667,0.3075,0.465,0.0691666666666667,"low_only_plus_pooling",TRUE,TRUE,0.614385614385614,0.0577083333333333,0.025625
0.6,0.25,0.6,0.3,0.466666666666667,0.34,0.48,0.08,"low_only_plus_pooling",TRUE,TRUE,0.657342657342657,0.055,0.0283333333333333
0.65,0.25,0.6,0.3,0.466666666666667,0.3725,0.495,0.0908333333333333,"low_only_plus_pooling",TRUE,TRUE,0.699300699300699,0.0522916666666667,0.0310416666666667
0.7,0.25,0.6,0.3,0.466666666666667,0.405,0.51,0.101666666666667,"low_only_plus_pooling",TRUE,TRUE,0.742257742257742,0.0495833333333333,0.03375
0.75,0.25,0.6,0.3,0.466666666666667,0.4375,0.525,0.1125,"all_three",TRUE,TRUE,0.784215784215784,0.046875,0.0364583333333333
0.8,0.25,0.6,0.3,0.466666666666667,0.47,0.54,0.123333333333333,"delay_plus_pooling",TRUE,TRUE,0.594405594405594,0.05,0.0333333333333333
0.85,0.25,0.6,0.3,0.466666666666667,0.5025,0.555,0.134166666666667,"delay_plus_pooling",TRUE,TRUE,0.56943056943057,0.053125,0.0302083333333333
0.9,0.25,0.6,0.3,0.466666666666667,0.535,0.57,0.145,"delay_plus_pooling",TRUE,TRUE,0.551448551448551,0.05625,0.0270833333333333
0.45,0.3,0.65,0.3,0.5,0.2925,0.485,0.0975,"low_only_plus_pooling",TRUE,TRUE,0.250749250749251,0.0589583333333333,0.024375
0.5,0.3,0.65,0.3,0.5,0.325,0.5,0.108333333333333,"low_only_plus_pooling",TRUE,TRUE,0.44955044955045,0.05625,0.0270833333333333
0.55,0.3,0.65,0.3,0.5,0.3575,0.515,0.119166666666667,"low_only_plus_pooling",TRUE,TRUE,0.614385614385614,0.0535416666666667,0.0297916666666667
0.6,0.3,0.65,0.3,0.5,0.39,0.53,0.13,"low_only_plus_pooling",TRUE,TRUE,0.657342657342657,0.0508333333333333,0.0325
0.65,0.3,0.65,0.3,0.5,0.4225,0.545,0.140833333333333,"low_only_plus_pooling",TRUE,TRUE,0.699300699300699,0.048125,0.0352083333333333
0.7,0.3,0.65,0.3,0.5,0.455,0.56,0.151666666666667,"low_only_plus_pooling",TRUE,TRUE,0.742257742257742,0.0454166666666667,0.0379166666666667
0.75,0.3,0.65,0.3,0.5,0.4875,0.575,0.1625,"delay_plus_pooling",TRUE,TRUE,0.594405594405594,0.04375,0.0395833333333333
0.8,0.3,0.65,0.3,0.5,0.52,0.59,0.173333333333333,"delay_plus_pooling",TRUE,TRUE,0.56043956043956,0.0466666666666667,0.0366666666666667
0.85,0.3,0.65,0.3,0.5,0.5525,0.605,0.184166666666667,"delay_plus_pooling",TRUE,TRUE,0.534465534465534,0.0495833333333333,0.03375
0.9,0.3,0.65,0.3,0.5,0.585,0.62,0.195,"delay_plus_pooling",TRUE,TRUE,0.517482517482518,0.0525,0.0308333333333333
0.45,0.35,0.7,0.3,0.538461538461538,0.3425,0.535,0.1475,"low_only_plus_pooling",TRUE,TRUE,0.230769230769231,0.0547916666666667,0.0285416666666667
0.5,0.35,0.7,0.3,0.538461538461538,0.375,0.55,0.158333333333333,"low_only_plus_pooling",TRUE,TRUE,0.428571428571429,0.0520833333333333,0.03125
0.55,0.35,0.7,0.3,0.538461538461538,0.4075,0.565,0.169166666666667,"low_only_plus_pooling",TRUE,TRUE,0.614385614385614,0.049375,0.0339583333333333
0.6,0.35,0.7,0.3,0.538461538461538,0.44,0.58,0.18,"low_only_plus_pooling",TRUE,TRUE,0.657342657342657,0.0466666666666667,0.0366666666666667
0.65,0.35,0.7,0.3,0.538461538461538,0.4725,0.595,0.190833333333333,"low_only_plus_pooling",TRUE,TRUE,0.699300699300699,0.0439583333333333,0.039375
0.7,0.35,0.7,0.3,0.538461538461538,0.505,0.61,0.201666666666667,"low_only_plus_pooling",TRUE,TRUE,0.742257742257742,0.04125,0.0420833333333333
0.75,0.35,0.7,0.3,0.538461538461538,0.5375,0.625,0.2125,"delay_plus_pooling",TRUE,TRUE,0.554445554445554,0.040625,0.0427083333333333
0.8,0.35,0.7,0.3,0.538461538461538,0.57,0.64,0.223333333333333,"delay_plus_pooling",TRUE,TRUE,0.52047952047952,0.0433333333333333,0.04
0.85,0.35,0.7,0.3,0.538461538461538,0.6025,0.655,0.234166666666667,"delay_plus_pooling",TRUE,TRUE,0.495504495504495,0.0460416666666667,0.0372916666666667
0.9,0.35,0.7,0.3,0.538461538461538,0.635,0.67,0.245,"delay_plus_pooling",TRUE,TRUE,0.478521478521479,0.04875,0.0345833333333333
0.45,0.4,0.75,0.3,0.583333333333333,0.3925,0.585,0.1975,"low_only_plus_pooling",TRUE,TRUE,0.206793206793207,0.050625,0.0327083333333333
0.5,0.4,0.75,0.3,0.583333333333333,0.425,0.6,0.208333333333333,"low_only_plus_pooling",TRUE,TRUE,0.404595404595405,0.0479166666666667,0.0354166666666667
0.55,0.4,0.75,0.3,0.583333333333333,0.4575,0.615,0.219166666666667,"low_only_plus_pooling",TRUE,TRUE,0.614385614385614,0.0452083333333333,0.038125
0.6,0.4,0.75,0.3,0.583333333333333,0.49,0.63,0.23,"low_only_plus_pooling",TRUE,TRUE,0.657342657342657,0.0425,0.0408333333333333
0.65,0.4,0.75,0.3,0.583333333333333,0.5225,0.645,0.240833333333333,"low_only_plus_pooling",TRUE,TRUE,0.699300699300699,0.0397916666666667,0.0435416666666667
0.7,0.4,0.75,0.3,0.583333333333333,0.555,0.66,0.251666666666667,"low_only_plus_pooling",TRUE,TRUE,0.742257742257742,0.0370833333333333,0.04625
0.75,0.4,0.75,0.3,0.583333333333333,0.5875,0.675,0.2625,"delay_plus_pooling",TRUE,TRUE,0.507492507492508,0.0375,0.0458333333333333
0.8,0.4,0.75,0.3,0.583333333333333,0.62,0.69,0.273333333333333,"delay_plus_pooling",TRUE,TRUE,0.473526473526474,0.04,0.0433333333333333
0.85,0.4,0.75,0.3,0.583333333333333,0.6525,0.705,0.284166666666667,"delay_plus_pooling",TRUE,TRUE,0.44955044955045,0.0425,0.0408333333333333
0.9,0.4,0.75,0.3,0.583333333333333,0.685,0.72,0.295,"delay_plus_pooling",TRUE,TRUE,0.432567432567433,0.045,0.0383333333333333
