"check_id","pass","detail","checked_on","source"
"o0_U_exists_0001",TRUE,"class=low_only; floor=0.81000000","2026-08-04","Goal 3 PBE-UD boundary rederivation"
"o0_cap_low_0001",TRUE,"strict pooling threat inactive at the cap","2026-08-04","Goal 3 PBE-UD boundary rederivation"
"o0_U_exists_0002",TRUE,"class=low_only; floor=0.81000000","2026-08-04","Goal 3 PBE-UD boundary rederivation"
"o0_U_exists_0003",TRUE,"class=low_only; floor=0.45000000","2026-08-04","Goal 3 PBE-UD boundary rederivation"
"o0_cap_low_0003",TRUE,"strict pooling threat inactive at the cap","2026-08-04","Goal 3 PBE-UD boundary rederivation"
"o0_U_exists_0004",TRUE,"class=high_participation; floor=0.80000000","2026-08-04","Goal 3 PBE-UD boundary rederivation"
"o0_U_exists_0005",TRUE,"class=low_only; floor=0.09000000","2026-08-04","Goal 3 PBE-UD boundary rederivation"
"o0_cap_low_0005",TRUE,"strict pooling threat inactive at the cap","2026-08-04","Goal 3 PBE-UD boundary rederivation"
"o0_U_exists_0006",TRUE,"class=high_participation; floor=0.80000000","2026-08-04","Goal 3 PBE-UD boundary rederivation"
"o0_U_exists_0007",TRUE,"class=low_only; floor=0.81000000","2026-08-04","Goal 3 PBE-UD boundary rederivation"
"o0_cap_low_0007",TRUE,"strict pooling threat inactive at the cap","2026-08-04","Goal 3 PBE-UD boundary rederivation"
"o0_U_exists_0008",TRUE,"class=low_only; floor=0.81000000","2026-08-04","Goal 3 PBE-UD boundary rederivation"
"o0_U_exists_0009",TRUE,"class=low_only; floor=0.45000000","2026-08-04","Goal 3 PBE-UD boundary rederivation"
"o0_cap_low_0009",TRUE,"strict pooling threat inactive at the cap","2026-08-04","Goal 3 PBE-UD boundary rederivation"
"o0_U_exists_0010",TRUE,"class=high_participation; floor=0.50000000","2026-08-04","Goal 3 PBE-UD boundary rederivation"
"o0_U_exists_0011",TRUE,"class=low_only; floor=0.09000000","2026-08-04","Goal 3 PBE-UD boundary rederivation"
"o0_cap_low_0011",TRUE,"strict pooling threat inactive at the cap","2026-08-04","Goal 3 PBE-UD boundary rederivation"
"o0_U_exists_0012",TRUE,"class=high_participation; floor=0.50000000","2026-08-04","Goal 3 PBE-UD boundary rederivation"
"o0_U_exists_0013",TRUE,"class=low_only; floor=0.81000000","2026-08-04","Goal 3 PBE-UD boundary rederivation"
"o0_cap_low_0013",TRUE,"strict pooling threat inactive at the cap","2026-08-04","Goal 3 PBE-UD boundary rederivation"
"o0_U_exists_0014",TRUE,"class=low_only; floor=0.81000000","2026-08-04","Goal 3 PBE-UD boundary rederivation"
"o0_U_exists_0015",TRUE,"class=low_only; floor=0.45000000","2026-08-04","Goal 3 PBE-UD boundary rederivation"
"o0_cap_low_0015",TRUE,"strict pooling threat inactive at the cap","2026-08-04","Goal 3 PBE-UD boundary rederivation"
"o0_U_exists_0016",TRUE,"class=low_only; floor=0.45000000","2026-08-04","Goal 3 PBE-UD boundary rederivation"
"o0_U_exists_0017",TRUE,"class=low_only; floor=0.09000000","2026-08-04","Goal 3 PBE-UD boundary rederivation"
"o0_cap_low_0017",TRUE,"strict pooling threat inactive at the cap","2026-08-04","Goal 3 PBE-UD boundary rederivation"
"o0_U_exists_0018",TRUE,"class=high_participation; floor=0.10000000","2026-08-04","Goal 3 PBE-UD boundary rederivation"
"o0_U_exists_0019",TRUE,"class=low_only; floor=0.63000000","2026-08-04","Goal 3 PBE-UD boundary rederivation"
"o0_cap_low_0019",TRUE,"strict pooling threat inactive at the cap","2026-08-04","Goal 3 PBE-UD boundary rederivation"
"o0_U_exists_0020",TRUE,"class=low_only; floor=0.63000000","2026-08-04","Goal 3 PBE-UD boundary rederivation"
"o0_U_exists_0021",TRUE,"class=low_only; floor=0.35000000","2026-08-04","Goal 3 PBE-UD boundary rederivation"
"o0_cap_low_0021",TRUE,"strict pooling threat inactive at the cap","2026-08-04","Goal 3 PBE-UD boundary rederivation"
"o0_U_exists_0022",TRUE,"class=high_participation; floor=0.60000000","2026-08-04","Goal 3 PBE-UD boundary rederivation"
"o0_U_exists_0023",TRUE,"class=low_only; floor=0.07000000","2026-08-04","Goal 3 PBE-UD boundary rederivation"
"o0_cap_low_0023",TRUE,"strict pooling threat inactive at the cap","2026-08-04","Goal 3 PBE-UD boundary rederivation"
"o0_U_exists_0024",TRUE,"class=high_participation; floor=0.60000000","2026-08-04","Goal 3 PBE-UD boundary rederivation"
"o0_U_exists_0025",TRUE,"class=low_only; floor=0.63000000","2026-08-04","Goal 3 PBE-UD boundary rederivation"
"o0_cap_low_0025",TRUE,"strict pooling threat inactive at the cap","2026-08-04","Goal 3 PBE-UD boundary rederivation"
"o0_U_exists_0026",TRUE,"class=low_only; floor=0.63000000","2026-08-04","Goal 3 PBE-UD boundary rederivation"
"o0_U_exists_0027",TRUE,"class=low_only; floor=0.35000000","2026-08-04","Goal 3 PBE-UD boundary rederivation"
"o0_cap_low_0027",TRUE,"strict pooling threat inactive at the cap","2026-08-04","Goal 3 PBE-UD boundary rederivation"
"o0_U_exists_0028",TRUE,"class=low_only+high_participation; floor=0.35000000","2026-08-04","Goal 3 PBE-UD boundary rederivation"
"o0_U_exists_0029",TRUE,"class=low_only; floor=0.07000000","2026-08-04","Goal 3 PBE-UD boundary rederivation"
"o0_cap_low_0029",TRUE,"strict pooling threat inactive at the cap","2026-08-04","Goal 3 PBE-UD boundary rederivation"
"o0_U_exists_0030",TRUE,"class=high_participation; floor=0.30000000","2026-08-04","Goal 3 PBE-UD boundary rederivation"
"o0_U_exists_0031",TRUE,"class=low_only; floor=0.63000000","2026-08-04","Goal 3 PBE-UD boundary rederivation"
"o0_cap_low_0031",TRUE,"strict pooling threat inactive at the cap","2026-08-04","Goal 3 PBE-UD boundary rederivation"
"o0_U_exists_0032",TRUE,"class=low_only; floor=0.63000000","2026-08-04","Goal 3 PBE-UD boundary rederivation"
"o0_U_exists_0033",TRUE,"class=low_only; floor=0.35000000","2026-08-04","Goal 3 PBE-UD boundary rederivation"
"o0_cap_low_0033",TRUE,"strict pooling threat inactive at the cap","2026-08-04","Goal 3 PBE-UD boundary rederivation"
"o0_U_exists_0034",TRUE,"class=low_only; floor=0.35000000","2026-08-04","Goal 3 PBE-UD boundary rederivation"
"o0_U_exists_0035",TRUE,"class=low_only; floor=0.07000000","2026-08-04","Goal 3 PBE-UD boundary rederivation"
"o0_cap_low_0035",TRUE,"strict pooling threat inactive at the cap","2026-08-04","Goal 3 PBE-UD boundary rederivation"
"o0_U_exists_0036",TRUE,"class=low_only+high_participation; floor=0.07000000","2026-08-04","Goal 3 PBE-UD boundary rederivation"
"o0_U_exists_0037",TRUE,"class=low_only; floor=0.49500000","2026-08-04","Goal 3 PBE-UD boundary rederivation"
"o0_cap_low_0037",TRUE,"strict pooling threat inactive at the cap","2026-08-04","Goal 3 PBE-UD boundary rederivation"
"o0_U_exists_0038",TRUE,"class=low_only; floor=0.49500000","2026-08-04","Goal 3 PBE-UD boundary rederivation"
"o0_U_exists_0039",TRUE,"class=low_only; floor=0.27500000","2026-08-04","Goal 3 PBE-UD boundary rederivation"
"o0_cap_low_0039",TRUE,"strict pooling threat inactive at the cap","2026-08-04","Goal 3 PBE-UD boundary rederivation"
"o0_U_exists_0040",TRUE,"class=high_participation; floor=0.45000000","2026-08-04","Goal 3 PBE-UD boundary rederivation"
"o0_U_exists_0041",TRUE,"class=low_only; floor=0.05500000","2026-08-04","Goal 3 PBE-UD boundary rederivation"
"o0_cap_low_0041",TRUE,"strict pooling threat inactive at the cap","2026-08-04","Goal 3 PBE-UD boundary rederivation"
"o0_U_exists_0042",TRUE,"class=high_participation; floor=0.45000000","2026-08-04","Goal 3 PBE-UD boundary rederivation"
"o0_U_exists_0043",TRUE,"class=low_only; floor=0.49500000","2026-08-04","Goal 3 PBE-UD boundary rederivation"
"o0_cap_low_0043",TRUE,"strict pooling threat inactive at the cap","2026-08-04","Goal 3 PBE-UD boundary rederivation"
"o0_U_exists_0044",TRUE,"class=low_only; floor=0.49500000","2026-08-04","Goal 3 PBE-UD boundary rederivation"
"o0_U_exists_0045",TRUE,"class=low_only; floor=0.27500000","2026-08-04","Goal 3 PBE-UD boundary rederivation"
"o0_cap_low_0045",TRUE,"strict pooling threat inactive at the cap","2026-08-04","Goal 3 PBE-UD boundary rederivation"
"o0_U_exists_0046",TRUE,"class=low_only+high_participation; floor=0.27500000","2026-08-04","Goal 3 PBE-UD boundary rederivation"
"o0_U_exists_0047",TRUE,"class=low_only; floor=0.05500000","2026-08-04","Goal 3 PBE-UD boundary rederivation"
"o0_cap_low_0047",TRUE,"strict pooling threat inactive at the cap","2026-08-04","Goal 3 PBE-UD boundary rederivation"
"o0_U_exists_0048",TRUE,"class=high_participation; floor=0.15000000","2026-08-04","Goal 3 PBE-UD boundary rederivation"
"o0_U_exists_0049",TRUE,"class=low_only; floor=0.49500000","2026-08-04","Goal 3 PBE-UD boundary rederivation"
"o0_cap_low_0049",TRUE,"strict pooling threat inactive at the cap","2026-08-04","Goal 3 PBE-UD boundary rederivation"
"o0_U_exists_0050",TRUE,"class=low_only; floor=0.49500000","2026-08-04","Goal 3 PBE-UD boundary rederivation"
"o0_U_exists_0051",TRUE,"class=low_only; floor=0.27500000","2026-08-04","Goal 3 PBE-UD boundary rederivation"
"o0_cap_low_0051",TRUE,"strict pooling threat inactive at the cap","2026-08-04","Goal 3 PBE-UD boundary rederivation"
"o0_U_exists_0052",TRUE,"class=low_only; floor=0.27500000","2026-08-04","Goal 3 PBE-UD boundary rederivation"
"o0_U_exists_0053",TRUE,"class=low_only; floor=0.05500000","2026-08-04","Goal 3 PBE-UD boundary rederivation"
"o0_cap_low_0053",TRUE,"strict pooling threat inactive at the cap","2026-08-04","Goal 3 PBE-UD boundary rederivation"
"o0_U_exists_0054",TRUE,"class=low_only+high_participation; floor=0.05500000","2026-08-04","Goal 3 PBE-UD boundary rederivation"
"o0_U_exists_0055",TRUE,"class=low_only; floor=0.78000000","2026-08-04","Goal 3 PBE-UD boundary rederivation"
"o0_cap_low_0055",TRUE,"strict pooling threat inactive at the cap","2026-08-04","Goal 3 PBE-UD boundary rederivation"
"o0_U_exists_0056",TRUE,"class=low_only; floor=0.78000000","2026-08-04","Goal 3 PBE-UD boundary rederivation"
"o0_U_exists_0057",TRUE,"class=low_only; floor=0.43333333","2026-08-04","Goal 3 PBE-UD boundary rederivation"
"o0_cap_low_0057",TRUE,"strict pooling threat inactive at the cap","2026-08-04","Goal 3 PBE-UD boundary rederivation"
"o0_U_exists_0058",TRUE,"class=high_participation; floor=0.76666667","2026-08-04","Goal 3 PBE-UD boundary rederivation"
"o0_U_exists_0059",TRUE,"class=low_only; floor=0.08666667","2026-08-04","Goal 3 PBE-UD boundary rederivation"
"o0_cap_low_0059",TRUE,"strict pooling threat inactive at the cap","2026-08-04","Goal 3 PBE-UD boundary rederivation"
"o0_U_exists_0060",TRUE,"class=high_participation; floor=0.76666667","2026-08-04","Goal 3 PBE-UD boundary rederivation"
"o0_U_exists_0061",TRUE,"class=low_only; floor=0.78000000","2026-08-04","Goal 3 PBE-UD boundary rederivation"
"o0_cap_low_0061",TRUE,"strict pooling threat inactive at the cap","2026-08-04","Goal 3 PBE-UD boundary rederivation"
"o0_U_exists_0062",TRUE,"class=low_only; floor=0.78000000","2026-08-04","Goal 3 PBE-UD boundary rederivation"
"o0_U_exists_0063",TRUE,"class=low_only; floor=0.43333333","2026-08-04","Goal 3 PBE-UD boundary rederivation"
"o0_cap_low_0063",TRUE,"strict pooling threat inactive at the cap","2026-08-04","Goal 3 PBE-UD boundary rederivation"
"o0_U_exists_0064",TRUE,"class=high_participation; floor=0.46666667","2026-08-04","Goal 3 PBE-UD boundary rederivation"
"o0_U_exists_0065",TRUE,"class=low_only; floor=0.08666667","2026-08-04","Goal 3 PBE-UD boundary rederivation"
"o0_cap_low_0065",TRUE,"strict pooling threat inactive at the cap","2026-08-04","Goal 3 PBE-UD boundary rederivation"
"o0_U_exists_0066",TRUE,"class=high_participation; floor=0.46666667","2026-08-04","Goal 3 PBE-UD boundary rederivation"
"o0_U_exists_0067",TRUE,"class=low_only; floor=0.78000000","2026-08-04","Goal 3 PBE-UD boundary rederivation"
"o0_cap_low_0067",TRUE,"strict pooling threat inactive at the cap","2026-08-04","Goal 3 PBE-UD boundary rederivation"
"o0_U_exists_0068",TRUE,"class=low_only; floor=0.78000000","2026-08-04","Goal 3 PBE-UD boundary rederivation"
"o0_U_exists_0069",TRUE,"class=low_only; floor=0.43333333","2026-08-04","Goal 3 PBE-UD boundary rederivation"
"o0_cap_low_0069",TRUE,"strict pooling threat inactive at the cap","2026-08-04","Goal 3 PBE-UD boundary rederivation"
"o0_U_exists_0070",TRUE,"class=low_only; floor=0.43333333","2026-08-04","Goal 3 PBE-UD boundary rederivation"
"o0_U_exists_0071",TRUE,"class=low_only; floor=0.08666667","2026-08-04","Goal 3 PBE-UD boundary rederivation"
"o0_cap_low_0071",TRUE,"strict pooling threat inactive at the cap","2026-08-04","Goal 3 PBE-UD boundary rederivation"
"o0_U_exists_0072",TRUE,"class=low_only+high_participation; floor=0.08666667","2026-08-04","Goal 3 PBE-UD boundary rederivation"
"o0_U_exists_0073",TRUE,"class=low_only; floor=0.54000000","2026-08-04","Goal 3 PBE-UD boundary rederivation"
"o0_cap_low_0073",TRUE,"strict pooling threat inactive at the cap","2026-08-04","Goal 3 PBE-UD boundary rederivation"
"o0_U_exists_0074",TRUE,"class=low_only; floor=0.54000000","2026-08-04","Goal 3 PBE-UD boundary rederivation"
"o0_U_exists_0075",TRUE,"class=low_only; floor=0.30000000","2026-08-04","Goal 3 PBE-UD boundary rederivation"
"o0_cap_low_0075",TRUE,"strict pooling threat inactive at the cap","2026-08-04","Goal 3 PBE-UD boundary rederivation"
"o0_U_exists_0076",TRUE,"class=high_participation; floor=0.50000000","2026-08-04","Goal 3 PBE-UD boundary rederivation"
"o0_U_exists_0077",TRUE,"class=low_only; floor=0.06000000","2026-08-04","Goal 3 PBE-UD boundary rederivation"
"o0_cap_low_0077",TRUE,"strict pooling threat inactive at the cap","2026-08-04","Goal 3 PBE-UD boundary rederivation"
"o0_U_exists_0078",TRUE,"class=high_participation; floor=0.50000000","2026-08-04","Goal 3 PBE-UD boundary rederivation"
"o0_U_exists_0079",TRUE,"class=low_only; floor=0.54000000","2026-08-04","Goal 3 PBE-UD boundary rederivation"
"o0_cap_low_0079",TRUE,"strict pooling threat inactive at the cap","2026-08-04","Goal 3 PBE-UD boundary rederivation"
"o0_U_exists_0080",TRUE,"class=low_only; floor=0.54000000","2026-08-04","Goal 3 PBE-UD boundary rederivation"
"o0_U_exists_0081",TRUE,"class=low_only; floor=0.30000000","2026-08-04","Goal 3 PBE-UD boundary rederivation"
"o0_cap_low_0081",TRUE,"strict pooling threat inactive at the cap","2026-08-04","Goal 3 PBE-UD boundary rederivation"
"o0_U_exists_0082",TRUE,"class=low_only+high_participation; floor=0.30000000","2026-08-04","Goal 3 PBE-UD boundary rederivation"
"o0_U_exists_0083",TRUE,"class=low_only; floor=0.06000000","2026-08-04","Goal 3 PBE-UD boundary rederivation"
"o0_cap_low_0083",TRUE,"strict pooling threat inactive at the cap","2026-08-04","Goal 3 PBE-UD boundary rederivation"
"o0_U_exists_0084",TRUE,"class=high_participation; floor=0.20000000","2026-08-04","Goal 3 PBE-UD boundary rederivation"
"o0_U_exists_0085",TRUE,"class=low_only; floor=0.54000000","2026-08-04","Goal 3 PBE-UD boundary rederivation"
"o0_cap_low_0085",TRUE,"strict pooling threat inactive at the cap","2026-08-04","Goal 3 PBE-UD boundary rederivation"
"o0_U_exists_0086",TRUE,"class=low_only; floor=0.54000000","2026-08-04","Goal 3 PBE-UD boundary rederivation"
"o0_U_exists_0087",TRUE,"class=low_only; floor=0.30000000","2026-08-04","Goal 3 PBE-UD boundary rederivation"
"o0_cap_low_0087",TRUE,"strict pooling threat inactive at the cap","2026-08-04","Goal 3 PBE-UD boundary rederivation"
"o0_U_exists_0088",TRUE,"class=low_only; floor=0.30000000","2026-08-04","Goal 3 PBE-UD boundary rederivation"
"o0_U_exists_0089",TRUE,"class=low_only; floor=0.06000000","2026-08-04","Goal 3 PBE-UD boundary rederivation"
"o0_cap_low_0089",TRUE,"strict pooling threat inactive at the cap","2026-08-04","Goal 3 PBE-UD boundary rederivation"
"o0_U_exists_0090",TRUE,"class=low_only+high_participation; floor=0.06000000","2026-08-04","Goal 3 PBE-UD boundary rederivation"
"o0_U_exists_0091",TRUE,"class=low_only; floor=0.36000000","2026-08-04","Goal 3 PBE-UD boundary rederivation"
"o0_cap_low_0091",TRUE,"strict pooling threat inactive at the cap","2026-08-04","Goal 3 PBE-UD boundary rederivation"
"o0_U_exists_0092",TRUE,"class=low_only; floor=0.36000000","2026-08-04","Goal 3 PBE-UD boundary rederivation"
"o0_U_exists_0093",TRUE,"class=low_only; floor=0.20000000","2026-08-04","Goal 3 PBE-UD boundary rederivation"
"o0_cap_low_0093",TRUE,"strict pooling threat inactive at the cap","2026-08-04","Goal 3 PBE-UD boundary rederivation"
"o0_U_exists_0094",TRUE,"class=high_participation; floor=0.30000000","2026-08-04","Goal 3 PBE-UD boundary rederivation"
"o0_U_exists_0095",TRUE,"class=low_only; floor=0.04000000","2026-08-04","Goal 3 PBE-UD boundary rederivation"
"o0_cap_low_0095",TRUE,"strict pooling threat inactive at the cap","2026-08-04","Goal 3 PBE-UD boundary rederivation"
"o0_U_exists_0096",TRUE,"class=high_participation; floor=0.30000000","2026-08-04","Goal 3 PBE-UD boundary rederivation"
"o0_U_exists_0097",TRUE,"class=low_only; floor=0.36000000","2026-08-04","Goal 3 PBE-UD boundary rederivation"
"o0_cap_low_0097",TRUE,"strict pooling threat inactive at the cap","2026-08-04","Goal 3 PBE-UD boundary rederivation"
"o0_U_exists_0098",TRUE,"class=low_only; floor=0.36000000","2026-08-04","Goal 3 PBE-UD boundary rederivation"
"o0_U_exists_0099",TRUE,"class=low_only; floor=0.20000000","2026-08-04","Goal 3 PBE-UD boundary rederivation"
"o0_cap_low_0099",TRUE,"strict pooling threat inactive at the cap","2026-08-04","Goal 3 PBE-UD boundary rederivation"
"o0_U_exists_0100",TRUE,"class=low_only+high_participation; floor=0.20000000","2026-08-04","Goal 3 PBE-UD boundary rederivation"
"o0_U_exists_0101",TRUE,"class=low_only; floor=0.04000000","2026-08-04","Goal 3 PBE-UD boundary rederivation"
"o0_cap_low_0101",TRUE,"strict pooling threat inactive at the cap","2026-08-04","Goal 3 PBE-UD boundary rederivation"
"o0_U_exists_0102",TRUE,"class=low_only+high_participation; floor=0.04000000","2026-08-04","Goal 3 PBE-UD boundary rederivation"
"o0_U_exists_0103",TRUE,"class=low_only; floor=0.36000000","2026-08-04","Goal 3 PBE-UD boundary rederivation"
"o0_cap_low_0103",TRUE,"strict pooling threat inactive at the cap","2026-08-04","Goal 3 PBE-UD boundary rederivation"
"o0_U_exists_0104",TRUE,"class=low_only; floor=0.36000000","2026-08-04","Goal 3 PBE-UD boundary rederivation"
"o0_U_exists_0105",TRUE,"class=low_only; floor=0.20000000","2026-08-04","Goal 3 PBE-UD boundary rederivation"
"o0_cap_low_0105",TRUE,"strict pooling threat inactive at the cap","2026-08-04","Goal 3 PBE-UD boundary rederivation"
"o0_U_exists_0106",TRUE,"class=low_only; floor=0.20000000","2026-08-04","Goal 3 PBE-UD boundary rederivation"
"o0_U_exists_0107",TRUE,"class=low_only; floor=0.04000000","2026-08-04","Goal 3 PBE-UD boundary rederivation"
"o0_cap_low_0107",TRUE,"strict pooling threat inactive at the cap","2026-08-04","Goal 3 PBE-UD boundary rederivation"
"o0_U_exists_0108",TRUE,"class=low_only+high_participation; floor=0.04000000","2026-08-04","Goal 3 PBE-UD boundary rederivation"
"o0_U_exists_0109",TRUE,"class=low_only; floor=0.76500000","2026-08-04","Goal 3 PBE-UD boundary rederivation"
"o0_cap_low_0109",TRUE,"strict pooling threat inactive at the cap","2026-08-04","Goal 3 PBE-UD boundary rederivation"
"o0_U_exists_0110",TRUE,"class=low_only; floor=0.76500000","2026-08-04","Goal 3 PBE-UD boundary rederivation"
"o0_U_exists_0111",TRUE,"class=low_only; floor=0.42500000","2026-08-04","Goal 3 PBE-UD boundary rederivation"
"o0_cap_low_0111",TRUE,"strict pooling threat inactive at the cap","2026-08-04","Goal 3 PBE-UD boundary rederivation"
"o0_U_exists_0112",TRUE,"class=high_participation; floor=0.75000000","2026-08-04","Goal 3 PBE-UD boundary rederivation"
"o0_U_exists_0113",TRUE,"class=low_only; floor=0.08500000","2026-08-04","Goal 3 PBE-UD boundary rederivation"
"o0_cap_low_0113",TRUE,"strict pooling threat inactive at the cap","2026-08-04","Goal 3 PBE-UD boundary rederivation"
"o0_U_exists_0114",TRUE,"class=high_participation; floor=0.75000000","2026-08-04","Goal 3 PBE-UD boundary rederivation"
"o0_U_exists_0115",TRUE,"class=low_only; floor=0.76500000","2026-08-04","Goal 3 PBE-UD boundary rederivation"
"o0_cap_low_0115",TRUE,"strict pooling threat inactive at the cap","2026-08-04","Goal 3 PBE-UD boundary rederivation"
"o0_U_exists_0116",TRUE,"class=low_only; floor=0.76500000","2026-08-04","Goal 3 PBE-UD boundary rederivation"
"o0_U_exists_0117",TRUE,"class=low_only; floor=0.42500000","2026-08-04","Goal 3 PBE-UD boundary rederivation"
"o0_cap_low_0117",TRUE,"strict pooling threat inactive at the cap","2026-08-04","Goal 3 PBE-UD boundary rederivation"
"o0_U_exists_0118",TRUE,"class=high_participation; floor=0.45000000","2026-08-04","Goal 3 PBE-UD boundary rederivation"
"o0_U_exists_0119",TRUE,"class=low_only; floor=0.08500000","2026-08-04","Goal 3 PBE-UD boundary rederivation"
"o0_cap_low_0119",TRUE,"strict pooling threat inactive at the cap","2026-08-04","Goal 3 PBE-UD boundary rederivation"
"o0_U_exists_0120",TRUE,"class=high_participation; floor=0.45000000","2026-08-04","Goal 3 PBE-UD boundary rederivation"
"o0_U_exists_0121",TRUE,"class=low_only; floor=0.76500000","2026-08-04","Goal 3 PBE-UD boundary rederivation"
"o0_cap_low_0121",TRUE,"strict pooling threat inactive at the cap","2026-08-04","Goal 3 PBE-UD boundary rederivation"
"o0_U_exists_0122",TRUE,"class=low_only; floor=0.76500000","2026-08-04","Goal 3 PBE-UD boundary rederivation"
"o0_U_exists_0123",TRUE,"class=low_only; floor=0.42500000","2026-08-04","Goal 3 PBE-UD boundary rederivation"
"o0_cap_low_0123",TRUE,"strict pooling threat inactive at the cap","2026-08-04","Goal 3 PBE-UD boundary rederivation"
"o0_U_exists_0124",TRUE,"class=low_only; floor=0.42500000","2026-08-04","Goal 3 PBE-UD boundary rederivation"
"o0_U_exists_0125",TRUE,"class=low_only; floor=0.08500000","2026-08-04","Goal 3 PBE-UD boundary rederivation"
"o0_cap_low_0125",TRUE,"strict pooling threat inactive at the cap","2026-08-04","Goal 3 PBE-UD boundary rederivation"
"o0_U_exists_0126",TRUE,"class=low_only+high_participation; floor=0.08500000","2026-08-04","Goal 3 PBE-UD boundary rederivation"
"o0_U_exists_0127",TRUE,"class=low_only; floor=0.49500000","2026-08-04","Goal 3 PBE-UD boundary rederivation"
"o0_cap_low_0127",TRUE,"strict pooling threat inactive at the cap","2026-08-04","Goal 3 PBE-UD boundary rederivation"
"o0_U_exists_0128",TRUE,"class=low_only; floor=0.49500000","2026-08-04","Goal 3 PBE-UD boundary rederivation"
"o0_U_exists_0129",TRUE,"class=low_only; floor=0.27500000","2026-08-04","Goal 3 PBE-UD boundary rederivation"
"o0_cap_low_0129",TRUE,"strict pooling threat inactive at the cap","2026-08-04","Goal 3 PBE-UD boundary rederivation"
"o0_U_exists_0130",TRUE,"class=high_participation; floor=0.45000000","2026-08-04","Goal 3 PBE-UD boundary rederivation"
"o0_U_exists_0131",TRUE,"class=low_only; floor=0.05500000","2026-08-04","Goal 3 PBE-UD boundary rederivation"
"o0_cap_low_0131",TRUE,"strict pooling threat inactive at the cap","2026-08-04","Goal 3 PBE-UD boundary rederivation"
"o0_U_exists_0132",TRUE,"class=high_participation; floor=0.45000000","2026-08-04","Goal 3 PBE-UD boundary rederivation"
"o0_U_exists_0133",TRUE,"class=low_only; floor=0.49500000","2026-08-04","Goal 3 PBE-UD boundary rederivation"
"o0_cap_low_0133",TRUE,"strict pooling threat inactive at the cap","2026-08-04","Goal 3 PBE-UD boundary rederivation"
"o0_U_exists_0134",TRUE,"class=low_only; floor=0.49500000","2026-08-04","Goal 3 PBE-UD boundary rederivation"
"o0_U_exists_0135",TRUE,"class=low_only; floor=0.27500000","2026-08-04","Goal 3 PBE-UD boundary rederivation"
"o0_cap_low_0135",TRUE,"strict pooling threat inactive at the cap","2026-08-04","Goal 3 PBE-UD boundary rederivation"
"o0_U_exists_0136",TRUE,"class=low_only+high_participation; floor=0.27500000","2026-08-04","Goal 3 PBE-UD boundary rederivation"
"o0_U_exists_0137",TRUE,"class=low_only; floor=0.05500000","2026-08-04","Goal 3 PBE-UD boundary rederivation"
"o0_cap_low_0137",TRUE,"strict pooling threat inactive at the cap","2026-08-04","Goal 3 PBE-UD boundary rederivation"
"o0_U_exists_0138",TRUE,"class=high_participation; floor=0.15000000","2026-08-04","Goal 3 PBE-UD boundary rederivation"
"o0_U_exists_0139",TRUE,"class=low_only; floor=0.49500000","2026-08-04","Goal 3 PBE-UD boundary rederivation"
"o0_cap_low_0139",TRUE,"strict pooling threat inactive at the cap","2026-08-04","Goal 3 PBE-UD boundary rederivation"
"o0_U_exists_0140",TRUE,"class=low_only; floor=0.49500000","2026-08-04","Goal 3 PBE-UD boundary rederivation"
"o0_U_exists_0141",TRUE,"class=low_only; floor=0.27500000","2026-08-04","Goal 3 PBE-UD boundary rederivation"
"o0_cap_low_0141",TRUE,"strict pooling threat inactive at the cap","2026-08-04","Goal 3 PBE-UD boundary rederivation"
"o0_U_exists_0142",TRUE,"class=low_only; floor=0.27500000","2026-08-04","Goal 3 PBE-UD boundary rederivation"
"o0_U_exists_0143",TRUE,"class=low_only; floor=0.05500000","2026-08-04","Goal 3 PBE-UD boundary rederivation"
"o0_cap_low_0143",TRUE,"strict pooling threat inactive at the cap","2026-08-04","Goal 3 PBE-UD boundary rederivation"
"o0_U_exists_0144",TRUE,"class=low_only+high_participation; floor=0.05500000","2026-08-04","Goal 3 PBE-UD boundary rederivation"
"o0_U_exists_0145",TRUE,"class=low_only; floor=0.29250000","2026-08-04","Goal 3 PBE-UD boundary rederivation"
"o0_cap_low_0145",TRUE,"strict pooling threat inactive at the cap","2026-08-04","Goal 3 PBE-UD boundary rederivation"
"o0_U_exists_0146",TRUE,"class=low_only; floor=0.29250000","2026-08-04","Goal 3 PBE-UD boundary rederivation"
"o0_U_exists_0147",TRUE,"class=low_only; floor=0.16250000","2026-08-04","Goal 3 PBE-UD boundary rederivation"
"o0_cap_low_0147",TRUE,"strict pooling threat inactive at the cap","2026-08-04","Goal 3 PBE-UD boundary rederivation"
"o0_U_exists_0148",TRUE,"class=high_participation; floor=0.22500000","2026-08-04","Goal 3 PBE-UD boundary rederivation"
"o0_U_exists_0149",TRUE,"class=low_only; floor=0.03250000","2026-08-04","Goal 3 PBE-UD boundary rederivation"
"o0_cap_low_0149",TRUE,"strict pooling threat inactive at the cap","2026-08-04","Goal 3 PBE-UD boundary rederivation"
"o0_U_exists_0150",TRUE,"class=high_participation; floor=0.22500000","2026-08-04","Goal 3 PBE-UD boundary rederivation"
"o0_U_exists_0151",TRUE,"class=low_only; floor=0.29250000","2026-08-04","Goal 3 PBE-UD boundary rederivation"
"o0_cap_low_0151",TRUE,"strict pooling threat inactive at the cap","2026-08-04","Goal 3 PBE-UD boundary rederivation"
"o0_U_exists_0152",TRUE,"class=low_only; floor=0.29250000","2026-08-04","Goal 3 PBE-UD boundary rederivation"
"o0_U_exists_0153",TRUE,"class=low_only; floor=0.16250000","2026-08-04","Goal 3 PBE-UD boundary rederivation"
"o0_cap_low_0153",TRUE,"strict pooling threat inactive at the cap","2026-08-04","Goal 3 PBE-UD boundary rederivation"
"o0_U_exists_0154",TRUE,"class=low_only+high_participation; floor=0.16250000","2026-08-04","Goal 3 PBE-UD boundary rederivation"
"o0_U_exists_0155",TRUE,"class=low_only; floor=0.03250000","2026-08-04","Goal 3 PBE-UD boundary rederivation"
"o0_cap_low_0155",TRUE,"strict pooling threat inactive at the cap","2026-08-04","Goal 3 PBE-UD boundary rederivation"
"o0_U_exists_0156",TRUE,"class=low_only+high_participation; floor=0.03250000","2026-08-04","Goal 3 PBE-UD boundary rederivation"
"o0_U_exists_0157",TRUE,"class=low_only; floor=0.29250000","2026-08-04","Goal 3 PBE-UD boundary rederivation"
"o0_cap_low_0157",TRUE,"strict pooling threat inactive at the cap","2026-08-04","Goal 3 PBE-UD boundary rederivation"
"o0_U_exists_0158",TRUE,"class=low_only; floor=0.29250000","2026-08-04","Goal 3 PBE-UD boundary rederivation"
"o0_U_exists_0159",TRUE,"class=low_only; floor=0.16250000","2026-08-04","Goal 3 PBE-UD boundary rederivation"
"o0_cap_low_0159",TRUE,"strict pooling threat inactive at the cap","2026-08-04","Goal 3 PBE-UD boundary rederivation"
"o0_U_exists_0160",TRUE,"class=low_only; floor=0.16250000","2026-08-04","Goal 3 PBE-UD boundary rederivation"
"o0_U_exists_0161",TRUE,"class=low_only; floor=0.03250000","2026-08-04","Goal 3 PBE-UD boundary rederivation"
"o0_cap_low_0161",TRUE,"strict pooling threat inactive at the cap","2026-08-04","Goal 3 PBE-UD boundary rederivation"
"o0_U_exists_0162",TRUE,"class=low_only+high_participation; floor=0.03250000","2026-08-04","Goal 3 PBE-UD boundary rederivation"
"o0_U_exists_0163",TRUE,"class=low_only; floor=0.75600000","2026-08-04","Goal 3 PBE-UD boundary rederivation"
"o0_cap_low_0163",TRUE,"strict pooling threat inactive at the cap","2026-08-04","Goal 3 PBE-UD boundary rederivation"
"o0_U_exists_0164",TRUE,"class=low_only; floor=0.75600000","2026-08-04","Goal 3 PBE-UD boundary rederivation"
"o0_U_exists_0165",TRUE,"class=low_only; floor=0.42000000","2026-08-04","Goal 3 PBE-UD boundary rederivation"
"o0_cap_low_0165",TRUE,"strict pooling threat inactive at the cap","2026-08-04","Goal 3 PBE-UD boundary rederivation"
"o0_U_exists_0166",TRUE,"class=high_participation; floor=0.74000000","2026-08-04","Goal 3 PBE-UD boundary rederivation"
"o0_U_exists_0167",TRUE,"class=low_only; floor=0.08400000","2026-08-04","Goal 3 PBE-UD boundary rederivation"
"o0_cap_low_0167",TRUE,"strict pooling threat inactive at the cap","2026-08-04","Goal 3 PBE-UD boundary rederivation"
"o0_U_exists_0168",TRUE,"class=high_participation; floor=0.74000000","2026-08-04","Goal 3 PBE-UD boundary rederivation"
"o0_U_exists_0169",TRUE,"class=low_only; floor=0.75600000","2026-08-04","Goal 3 PBE-UD boundary rederivation"
"o0_cap_low_0169",TRUE,"strict pooling threat inactive at the cap","2026-08-04","Goal 3 PBE-UD boundary rederivation"
"o0_U_exists_0170",TRUE,"class=low_only; floor=0.75600000","2026-08-04","Goal 3 PBE-UD boundary rederivation"
"o0_U_exists_0171",TRUE,"class=low_only; floor=0.42000000","2026-08-04","Goal 3 PBE-UD boundary rederivation"
"o0_cap_low_0171",TRUE,"strict pooling threat inactive at the cap","2026-08-04","Goal 3 PBE-UD boundary rederivation"
"o0_U_exists_0172",TRUE,"class=high_participation; floor=0.44000000","2026-08-04","Goal 3 PBE-UD boundary rederivation"
"o0_U_exists_0173",TRUE,"class=low_only; floor=0.08400000","2026-08-04","Goal 3 PBE-UD boundary rederivation"
"o0_cap_low_0173",TRUE,"strict pooling threat inactive at the cap","2026-08-04","Goal 3 PBE-UD boundary rederivation"
"o0_U_exists_0174",TRUE,"class=high_participation; floor=0.44000000","2026-08-04","Goal 3 PBE-UD boundary rederivation"
"o0_U_exists_0175",TRUE,"class=low_only; floor=0.75600000","2026-08-04","Goal 3 PBE-UD boundary rederivation"
"o0_cap_low_0175",TRUE,"strict pooling threat inactive at the cap","2026-08-04","Goal 3 PBE-UD boundary rederivation"
"o0_U_exists_0176",TRUE,"class=low_only; floor=0.75600000","2026-08-04","Goal 3 PBE-UD boundary rederivation"
"o0_U_exists_0177",TRUE,"class=low_only; floor=0.42000000","2026-08-04","Goal 3 PBE-UD boundary rederivation"
"o0_cap_low_0177",TRUE,"strict pooling threat inactive at the cap","2026-08-04","Goal 3 PBE-UD boundary rederivation"
"o0_U_exists_0178",TRUE,"class=low_only; floor=0.42000000","2026-08-04","Goal 3 PBE-UD boundary rederivation"
"o0_U_exists_0179",TRUE,"class=low_only; floor=0.08400000","2026-08-04","Goal 3 PBE-UD boundary rederivation"
"o0_cap_low_0179",TRUE,"strict pooling threat inactive at the cap","2026-08-04","Goal 3 PBE-UD boundary rederivation"
"o0_U_exists_0180",TRUE,"class=low_only+high_participation; floor=0.08400000","2026-08-04","Goal 3 PBE-UD boundary rederivation"
"o0_U_exists_0181",TRUE,"class=low_only; floor=0.46800000","2026-08-04","Goal 3 PBE-UD boundary rederivation"
"o0_cap_low_0181",TRUE,"strict pooling threat inactive at the cap","2026-08-04","Goal 3 PBE-UD boundary rederivation"
"o0_U_exists_0182",TRUE,"class=low_only; floor=0.46800000","2026-08-04","Goal 3 PBE-UD boundary rederivation"
"o0_U_exists_0183",TRUE,"class=low_only; floor=0.26000000","2026-08-04","Goal 3 PBE-UD boundary rederivation"
"o0_cap_low_0183",TRUE,"strict pooling threat inactive at the cap","2026-08-04","Goal 3 PBE-UD boundary rederivation"
"o0_U_exists_0184",TRUE,"class=high_participation; floor=0.42000000","2026-08-04","Goal 3 PBE-UD boundary rederivation"
"o0_U_exists_0185",TRUE,"class=low_only; floor=0.05200000","2026-08-04","Goal 3 PBE-UD boundary rederivation"
"o0_cap_low_0185",TRUE,"strict pooling threat inactive at the cap","2026-08-04","Goal 3 PBE-UD boundary rederivation"
"o0_U_exists_0186",TRUE,"class=high_participation; floor=0.42000000","2026-08-04","Goal 3 PBE-UD boundary rederivation"
"o0_U_exists_0187",TRUE,"class=low_only; floor=0.46800000","2026-08-04","Goal 3 PBE-UD boundary rederivation"
"o0_cap_low_0187",TRUE,"strict pooling threat inactive at the cap","2026-08-04","Goal 3 PBE-UD boundary rederivation"
"o0_U_exists_0188",TRUE,"class=low_only; floor=0.46800000","2026-08-04","Goal 3 PBE-UD boundary rederivation"
"o0_U_exists_0189",TRUE,"class=low_only; floor=0.26000000","2026-08-04","Goal 3 PBE-UD boundary rederivation"
"o0_cap_low_0189",TRUE,"strict pooling threat inactive at the cap","2026-08-04","Goal 3 PBE-UD boundary rederivation"
"o0_U_exists_0190",TRUE,"class=low_only+high_participation; floor=0.26000000","2026-08-04","Goal 3 PBE-UD boundary rederivation"
"o0_U_exists_0191",TRUE,"class=low_only; floor=0.05200000","2026-08-04","Goal 3 PBE-UD boundary rederivation"
"o0_cap_low_0191",TRUE,"strict pooling threat inactive at the cap","2026-08-04","Goal 3 PBE-UD boundary rederivation"
"o0_U_exists_0192",TRUE,"class=high_participation; floor=0.12000000","2026-08-04","Goal 3 PBE-UD boundary rederivation"
"o0_U_exists_0193",TRUE,"class=low_only; floor=0.46800000","2026-08-04","Goal 3 PBE-UD boundary rederivation"
"o0_cap_low_0193",TRUE,"strict pooling threat inactive at the cap","2026-08-04","Goal 3 PBE-UD boundary rederivation"
"o0_U_exists_0194",TRUE,"class=low_only; floor=0.46800000","2026-08-04","Goal 3 PBE-UD boundary rederivation"
"o0_U_exists_0195",TRUE,"class=low_only; floor=0.26000000","2026-08-04","Goal 3 PBE-UD boundary rederivation"
"o0_cap_low_0195",TRUE,"strict pooling threat inactive at the cap","2026-08-04","Goal 3 PBE-UD boundary rederivation"
"o0_U_exists_0196",TRUE,"class=low_only; floor=0.26000000","2026-08-04","Goal 3 PBE-UD boundary rederivation"
"o0_U_exists_0197",TRUE,"class=low_only; floor=0.05200000","2026-08-04","Goal 3 PBE-UD boundary rederivation"
"o0_cap_low_0197",TRUE,"strict pooling threat inactive at the cap","2026-08-04","Goal 3 PBE-UD boundary rederivation"
"o0_U_exists_0198",TRUE,"class=low_only+high_participation; floor=0.05200000","2026-08-04","Goal 3 PBE-UD boundary rederivation"
"o0_U_exists_0199",TRUE,"class=low_only; floor=0.25200000","2026-08-04","Goal 3 PBE-UD boundary rederivation"
"o0_cap_low_0199",TRUE,"strict pooling threat inactive at the cap","2026-08-04","Goal 3 PBE-UD boundary rederivation"
"o0_U_exists_0200",TRUE,"class=low_only; floor=0.25200000","2026-08-04","Goal 3 PBE-UD boundary rederivation"
"o0_U_exists_0201",TRUE,"class=low_only; floor=0.14000000","2026-08-04","Goal 3 PBE-UD boundary rederivation"
"o0_cap_low_0201",TRUE,"strict pooling threat inactive at the cap","2026-08-04","Goal 3 PBE-UD boundary rederivation"
"o0_U_exists_0202",TRUE,"class=high_participation; floor=0.18000000","2026-08-04","Goal 3 PBE-UD boundary rederivation"
"o0_U_exists_0203",TRUE,"class=low_only; floor=0.02800000","2026-08-04","Goal 3 PBE-UD boundary rederivation"
"o0_cap_low_0203",TRUE,"strict pooling threat inactive at the cap","2026-08-04","Goal 3 PBE-UD boundary rederivation"
"o0_U_exists_0204",TRUE,"class=high_participation; floor=0.18000000","2026-08-04","Goal 3 PBE-UD boundary rederivation"
"o0_U_exists_0205",TRUE,"class=low_only; floor=0.25200000","2026-08-04","Goal 3 PBE-UD boundary rederivation"
"o0_cap_low_0205",TRUE,"strict pooling threat inactive at the cap","2026-08-04","Goal 3 PBE-UD boundary rederivation"
"o0_U_exists_0206",TRUE,"class=low_only; floor=0.25200000","2026-08-04","Goal 3 PBE-UD boundary rederivation"
"o0_U_exists_0207",TRUE,"class=low_only; floor=0.14000000","2026-08-04","Goal 3 PBE-UD boundary rederivation"
"o0_cap_low_0207",TRUE,"strict pooling threat inactive at the cap","2026-08-04","Goal 3 PBE-UD boundary rederivation"
"o0_U_exists_0208",TRUE,"class=low_only+high_participation; floor=0.14000000","2026-08-04","Goal 3 PBE-UD boundary rederivation"
"o0_U_exists_0209",TRUE,"class=low_only; floor=0.02800000","2026-08-04","Goal 3 PBE-UD boundary rederivation"
"o0_cap_low_0209",TRUE,"strict pooling threat inactive at the cap","2026-08-04","Goal 3 PBE-UD boundary rederivation"
"o0_U_exists_0210",TRUE,"class=low_only+high_participation; floor=0.02800000","2026-08-04","Goal 3 PBE-UD boundary rederivation"
"o0_U_exists_0211",TRUE,"class=low_only; floor=0.25200000","2026-08-04","Goal 3 PBE-UD boundary rederivation"
"o0_cap_low_0211",TRUE,"strict pooling threat inactive at the cap","2026-08-04","Goal 3 PBE-UD boundary rederivation"
"o0_U_exists_0212",TRUE,"class=low_only; floor=0.25200000","2026-08-04","Goal 3 PBE-UD boundary rederivation"
"o0_U_exists_0213",TRUE,"class=low_only; floor=0.14000000","2026-08-04","Goal 3 PBE-UD boundary rederivation"
"o0_cap_low_0213",TRUE,"strict pooling threat inactive at the cap","2026-08-04","Goal 3 PBE-UD boundary rederivation"
"o0_U_exists_0214",TRUE,"class=low_only; floor=0.14000000","2026-08-04","Goal 3 PBE-UD boundary rederivation"
"o0_U_exists_0215",TRUE,"class=low_only; floor=0.02800000","2026-08-04","Goal 3 PBE-UD boundary rederivation"
"o0_cap_low_0215",TRUE,"strict pooling threat inactive at the cap","2026-08-04","Goal 3 PBE-UD boundary rederivation"
"o0_U_exists_0216",TRUE,"class=low_only+high_participation; floor=0.02800000","2026-08-04","Goal 3 PBE-UD boundary rederivation"
"o0_U_exists_0217",TRUE,"class=low_only; floor=0.75000000","2026-08-04","Goal 3 PBE-UD boundary rederivation"
"o0_cap_low_0217",TRUE,"strict pooling threat inactive at the cap","2026-08-04","Goal 3 PBE-UD boundary rederivation"
"o0_U_exists_0218",TRUE,"class=low_only; floor=0.75000000","2026-08-04","Goal 3 PBE-UD boundary rederivation"
"o0_U_exists_0219",TRUE,"class=low_only; floor=0.41666667","2026-08-04","Goal 3 PBE-UD boundary rederivation"
"o0_cap_low_0219",TRUE,"strict pooling threat inactive at the cap","2026-08-04","Goal 3 PBE-UD boundary rederivation"
"o0_U_exists_0220",TRUE,"class=high_participation; floor=0.73333333","2026-08-04","Goal 3 PBE-UD boundary rederivation"
"o0_U_exists_0221",TRUE,"class=low_only; floor=0.08333333","2026-08-04","Goal 3 PBE-UD boundary rederivation"
"o0_cap_low_0221",TRUE,"strict pooling threat inactive at the cap","2026-08-04","Goal 3 PBE-UD boundary rederivation"
"o0_U_exists_0222",TRUE,"class=high_participation; floor=0.73333333","2026-08-04","Goal 3 PBE-UD boundary rederivation"
"o0_U_exists_0223",TRUE,"class=low_only; floor=0.75000000","2026-08-04","Goal 3 PBE-UD boundary rederivation"
"o0_cap_low_0223",TRUE,"strict pooling threat inactive at the cap","2026-08-04","Goal 3 PBE-UD boundary rederivation"
"o0_U_exists_0224",TRUE,"class=low_only; floor=0.75000000","2026-08-04","Goal 3 PBE-UD boundary rederivation"
"o0_U_exists_0225",TRUE,"class=low_only; floor=0.41666667","2026-08-04","Goal 3 PBE-UD boundary rederivation"
"o0_cap_low_0225",TRUE,"strict pooling threat inactive at the cap","2026-08-04","Goal 3 PBE-UD boundary rederivation"
"o0_U_exists_0226",TRUE,"class=high_participation; floor=0.43333333","2026-08-04","Goal 3 PBE-UD boundary rederivation"
"o0_U_exists_0227",TRUE,"class=low_only; floor=0.08333333","2026-08-04","Goal 3 PBE-UD boundary rederivation"
"o0_cap_low_0227",TRUE,"strict pooling threat inactive at the cap","2026-08-04","Goal 3 PBE-UD boundary rederivation"
"o0_U_exists_0228",TRUE,"class=high_participation; floor=0.43333333","2026-08-04","Goal 3 PBE-UD boundary rederivation"
"o0_U_exists_0229",TRUE,"class=low_only; floor=0.75000000","2026-08-04","Goal 3 PBE-UD boundary rederivation"
"o0_cap_low_0229",TRUE,"strict pooling threat inactive at the cap","2026-08-04","Goal 3 PBE-UD boundary rederivation"
"o0_U_exists_0230",TRUE,"class=low_only; floor=0.75000000","2026-08-04","Goal 3 PBE-UD boundary rederivation"
"o0_U_exists_0231",TRUE,"class=low_only; floor=0.41666667","2026-08-04","Goal 3 PBE-UD boundary rederivation"
"o0_cap_low_0231",TRUE,"strict pooling threat inactive at the cap","2026-08-04","Goal 3 PBE-UD boundary rederivation"
"o0_U_exists_0232",TRUE,"class=low_only; floor=0.41666667","2026-08-04","Goal 3 PBE-UD boundary rederivation"
"o0_U_exists_0233",TRUE,"class=low_only; floor=0.08333333","2026-08-04","Goal 3 PBE-UD boundary rederivation"
"o0_cap_low_0233",TRUE,"strict pooling threat inactive at the cap","2026-08-04","Goal 3 PBE-UD boundary rederivation"
"o0_U_exists_0234",TRUE,"class=low_only+high_participation; floor=0.08333333","2026-08-04","Goal 3 PBE-UD boundary rederivation"
"o0_U_exists_0235",TRUE,"class=low_only; floor=0.45000000","2026-08-04","Goal 3 PBE-UD boundary rederivation"
"o0_cap_low_0235",TRUE,"strict pooling threat inactive at the cap","2026-08-04","Goal 3 PBE-UD boundary rederivation"
"o0_U_exists_0236",TRUE,"class=low_only; floor=0.45000000","2026-08-04","Goal 3 PBE-UD boundary rederivation"
"o0_U_exists_0237",TRUE,"class=low_only; floor=0.25000000","2026-08-04","Goal 3 PBE-UD boundary rederivation"
"o0_cap_low_0237",TRUE,"strict pooling threat inactive at the cap","2026-08-04","Goal 3 PBE-UD boundary rederivation"
"o0_U_exists_0238",TRUE,"class=high_participation; floor=0.40000000","2026-08-04","Goal 3 PBE-UD boundary rederivation"
"o0_U_exists_0239",TRUE,"class=low_only; floor=0.05000000","2026-08-04","Goal 3 PBE-UD boundary rederivation"
"o0_cap_low_0239",TRUE,"strict pooling threat inactive at the cap","2026-08-04","Goal 3 PBE-UD boundary rederivation"
"o0_U_exists_0240",TRUE,"class=high_participation; floor=0.40000000","2026-08-04","Goal 3 PBE-UD boundary rederivation"
"o0_U_exists_0241",TRUE,"class=low_only; floor=0.45000000","2026-08-04","Goal 3 PBE-UD boundary rederivation"
"o0_cap_low_0241",TRUE,"strict pooling threat inactive at the cap","2026-08-04","Goal 3 PBE-UD boundary rederivation"
"o0_U_exists_0242",TRUE,"class=low_only; floor=0.45000000","2026-08-04","Goal 3 PBE-UD boundary rederivation"
"o0_U_exists_0243",TRUE,"class=low_only; floor=0.25000000","2026-08-04","Goal 3 PBE-UD boundary rederivation"
"o0_cap_low_0243",TRUE,"strict pooling threat inactive at the cap","2026-08-04","Goal 3 PBE-UD boundary rederivation"
"o0_U_exists_0244",TRUE,"class=low_only+high_participation; floor=0.25000000","2026-08-04","Goal 3 PBE-UD boundary rederivation"
"o0_U_exists_0245",TRUE,"class=low_only; floor=0.05000000","2026-08-04","Goal 3 PBE-UD boundary rederivation"
"o0_cap_low_0245",TRUE,"strict pooling threat inactive at the cap","2026-08-04","Goal 3 PBE-UD boundary rederivation"
"o0_U_exists_0246",TRUE,"class=high_participation; floor=0.10000000","2026-08-04","Goal 3 PBE-UD boundary rederivation"
"o0_U_exists_0247",TRUE,"class=low_only; floor=0.45000000","2026-08-04","Goal 3 PBE-UD boundary rederivation"
"o0_cap_low_0247",TRUE,"strict pooling threat inactive at the cap","2026-08-04","Goal 3 PBE-UD boundary rederivation"
"o0_U_exists_0248",TRUE,"class=low_only; floor=0.45000000","2026-08-04","Goal 3 PBE-UD boundary rederivation"
"o0_U_exists_0249",TRUE,"class=low_only; floor=0.25000000","2026-08-04","Goal 3 PBE-UD boundary rederivation"
"o0_cap_low_0249",TRUE,"strict pooling threat inactive at the cap","2026-08-04","Goal 3 PBE-UD boundary rederivation"
"o0_U_exists_0250",TRUE,"class=low_only; floor=0.25000000","2026-08-04","Goal 3 PBE-UD boundary rederivation"
"o0_U_exists_0251",TRUE,"class=low_only; floor=0.05000000","2026-08-04","Goal 3 PBE-UD boundary rederivation"
"o0_cap_low_0251",TRUE,"strict pooling threat inactive at the cap","2026-08-04","Goal 3 PBE-UD boundary rederivation"
"o0_U_exists_0252",TRUE,"class=low_only+high_participation; floor=0.05000000","2026-08-04","Goal 3 PBE-UD boundary rederivation"
"o0_U_exists_0253",TRUE,"class=low_only; floor=0.22500000","2026-08-04","Goal 3 PBE-UD boundary rederivation"
"o0_cap_low_0253",TRUE,"strict pooling threat inactive at the cap","2026-08-04","Goal 3 PBE-UD boundary rederivation"
"o0_U_exists_0254",TRUE,"class=low_only; floor=0.22500000","2026-08-04","Goal 3 PBE-UD boundary rederivation"
"o0_U_exists_0255",TRUE,"class=low_only; floor=0.12500000","2026-08-04","Goal 3 PBE-UD boundary rederivation"
"o0_cap_low_0255",TRUE,"strict pooling threat inactive at the cap","2026-08-04","Goal 3 PBE-UD boundary rederivation"
"o0_U_exists_0256",TRUE,"class=high_participation; floor=0.15000000","2026-08-04","Goal 3 PBE-UD boundary rederivation"
"o0_U_exists_0257",TRUE,"class=low_only; floor=0.02500000","2026-08-04","Goal 3 PBE-UD boundary rederivation"
"o0_cap_low_0257",TRUE,"strict pooling threat inactive at the cap","2026-08-04","Goal 3 PBE-UD boundary rederivation"
"o0_U_exists_0258",TRUE,"class=high_participation; floor=0.15000000","2026-08-04","Goal 3 PBE-UD boundary rederivation"
"o0_U_exists_0259",TRUE,"class=low_only; floor=0.22500000","2026-08-04","Goal 3 PBE-UD boundary rederivation"
"o0_cap_low_0259",TRUE,"strict pooling threat inactive at the cap","2026-08-04","Goal 3 PBE-UD boundary rederivation"
"o0_U_exists_0260",TRUE,"class=low_only; floor=0.22500000","2026-08-04","Goal 3 PBE-UD boundary rederivation"
"o0_U_exists_0261",TRUE,"class=low_only; floor=0.12500000","2026-08-04","Goal 3 PBE-UD boundary rederivation"
"o0_cap_low_0261",TRUE,"strict pooling threat inactive at the cap","2026-08-04","Goal 3 PBE-UD boundary rederivation"
"o0_U_exists_0262",TRUE,"class=low_only+high_participation; floor=0.12500000","2026-08-04","Goal 3 PBE-UD boundary rederivation"
"o0_U_exists_0263",TRUE,"class=low_only; floor=0.02500000","2026-08-04","Goal 3 PBE-UD boundary rederivation"
"o0_cap_low_0263",TRUE,"strict pooling threat inactive at the cap","2026-08-04","Goal 3 PBE-UD boundary rederivation"
"o0_U_exists_0264",TRUE,"class=low_only+high_participation; floor=0.02500000","2026-08-04","Goal 3 PBE-UD boundary rederivation"
"o0_U_exists_0265",TRUE,"class=low_only; floor=0.22500000","2026-08-04","Goal 3 PBE-UD boundary rederivation"
"o0_cap_low_0265",TRUE,"strict pooling threat inactive at the cap","2026-08-04","Goal 3 PBE-UD boundary rederivation"
"o0_U_exists_0266",TRUE,"class=low_only; floor=0.22500000","2026-08-04","Goal 3 PBE-UD boundary rederivation"
"o0_U_exists_0267",TRUE,"class=low_only; floor=0.12500000","2026-08-04","Goal 3 PBE-UD boundary rederivation"
"o0_cap_low_0267",TRUE,"strict pooling threat inactive at the cap","2026-08-04","Goal 3 PBE-UD boundary rederivation"
"o0_U_exists_0268",TRUE,"class=low_only; floor=0.12500000","2026-08-04","Goal 3 PBE-UD boundary rederivation"
"o0_U_exists_0269",TRUE,"class=low_only; floor=0.02500000","2026-08-04","Goal 3 PBE-UD boundary rederivation"
"o0_cap_low_0269",TRUE,"strict pooling threat inactive at the cap","2026-08-04","Goal 3 PBE-UD boundary rederivation"
"o0_U_exists_0270",TRUE,"class=low_only+high_participation; floor=0.02500000","2026-08-04","Goal 3 PBE-UD boundary rederivation"
"o0_U_exists_0271",TRUE,"class=low_only; floor=0.74571429","2026-08-04","Goal 3 PBE-UD boundary rederivation"
"o0_cap_low_0271",TRUE,"strict pooling threat inactive at the cap","2026-08-04","Goal 3 PBE-UD boundary rederivation"
"o0_U_exists_0272",TRUE,"class=low_only; floor=0.74571429","2026-08-04","Goal 3 PBE-UD boundary rederivation"
"o0_U_exists_0273",TRUE,"class=low_only; floor=0.41428571","2026-08-04","Goal 3 PBE-UD boundary rederivation"
"o0_cap_low_0273",TRUE,"strict pooling threat inactive at the cap","2026-08-04","Goal 3 PBE-UD boundary rederivation"
"o0_U_exists_0274",TRUE,"class=high_participation; floor=0.72857143","2026-08-04","Goal 3 PBE-UD boundary rederivation"
"o0_U_exists_0275",TRUE,"class=low_only; floor=0.08285714","2026-08-04","Goal 3 PBE-UD boundary rederivation"
"o0_cap_low_0275",TRUE,"strict pooling threat inactive at the cap","2026-08-04","Goal 3 PBE-UD boundary rederivation"
"o0_U_exists_0276",TRUE,"class=high_participation; floor=0.72857143","2026-08-04","Goal 3 PBE-UD boundary rederivation"
"o0_U_exists_0277",TRUE,"class=low_only; floor=0.74571429","2026-08-04","Goal 3 PBE-UD boundary rederivation"
"o0_cap_low_0277",TRUE,"strict pooling threat inactive at the cap","2026-08-04","Goal 3 PBE-UD boundary rederivation"
"o0_U_exists_0278",TRUE,"class=low_only; floor=0.74571429","2026-08-04","Goal 3 PBE-UD boundary rederivation"
"o0_U_exists_0279",TRUE,"class=low_only; floor=0.41428571","2026-08-04","Goal 3 PBE-UD boundary rederivation"
"o0_cap_low_0279",TRUE,"strict pooling threat inactive at the cap","2026-08-04","Goal 3 PBE-UD boundary rederivation"
"o0_U_exists_0280",TRUE,"class=high_participation; floor=0.42857143","2026-08-04","Goal 3 PBE-UD boundary rederivation"
"o0_U_exists_0281",TRUE,"class=low_only; floor=0.08285714","2026-08-04","Goal 3 PBE-UD boundary rederivation"
"o0_cap_low_0281",TRUE,"strict pooling threat inactive at the cap","2026-08-04","Goal 3 PBE-UD boundary rederivation"
"o0_U_exists_0282",TRUE,"class=high_participation; floor=0.42857143","2026-08-04","Goal 3 PBE-UD boundary rederivation"
"o0_U_exists_0283",TRUE,"class=low_only; floor=0.74571429","2026-08-04","Goal 3 PBE-UD boundary rederivation"
"o0_cap_low_0283",TRUE,"strict pooling threat inactive at the cap","2026-08-04","Goal 3 PBE-UD boundary rederivation"
"o0_U_exists_0284",TRUE,"class=low_only; floor=0.74571429","2026-08-04","Goal 3 PBE-UD boundary rederivation"
"o0_U_exists_0285",TRUE,"class=low_only; floor=0.41428571","2026-08-04","Goal 3 PBE-UD boundary rederivation"
"o0_cap_low_0285",TRUE,"strict pooling threat inactive at the cap","2026-08-04","Goal 3 PBE-UD boundary rederivation"
"o0_U_exists_0286",TRUE,"class=low_only; floor=0.41428571","2026-08-04","Goal 3 PBE-UD boundary rederivation"
"o0_U_exists_0287",TRUE,"class=low_only; floor=0.08285714","2026-08-04","Goal 3 PBE-UD boundary rederivation"
"o0_cap_low_0287",TRUE,"strict pooling threat inactive at the cap","2026-08-04","Goal 3 PBE-UD boundary rederivation"
"o0_U_exists_0288",TRUE,"class=low_only+high_participation; floor=0.08285714","2026-08-04","Goal 3 PBE-UD boundary rederivation"
"o0_U_exists_0289",TRUE,"class=low_only; floor=0.43714286","2026-08-04","Goal 3 PBE-UD boundary rederivation"
"o0_cap_low_0289",TRUE,"strict pooling threat inactive at the cap","2026-08-04","Goal 3 PBE-UD boundary rederivation"
"o0_U_exists_0290",TRUE,"class=low_only; floor=0.43714286","2026-08-04","Goal 3 PBE-UD boundary rederivation"
"o0_U_exists_0291",TRUE,"class=low_only; floor=0.24285714","2026-08-04","Goal 3 PBE-UD boundary rederivation"
"o0_cap_low_0291",TRUE,"strict pooling threat inactive at the cap","2026-08-04","Goal 3 PBE-UD boundary rederivation"
"o0_U_exists_0292",TRUE,"class=high_participation; floor=0.38571429","2026-08-04","Goal 3 PBE-UD boundary rederivation"
"o0_U_exists_0293",TRUE,"class=low_only; floor=0.04857143","2026-08-04","Goal 3 PBE-UD boundary rederivation"
"o0_cap_low_0293",TRUE,"strict pooling threat inactive at the cap","2026-08-04","Goal 3 PBE-UD boundary rederivation"
"o0_U_exists_0294",TRUE,"class=high_participation; floor=0.38571429","2026-08-04","Goal 3 PBE-UD boundary rederivation"
"o0_U_exists_0295",TRUE,"class=low_only; floor=0.43714286","2026-08-04","Goal 3 PBE-UD boundary rederivation"
"o0_cap_low_0295",TRUE,"strict pooling threat inactive at the cap","2026-08-04","Goal 3 PBE-UD boundary rederivation"
"o0_U_exists_0296",TRUE,"class=low_only; floor=0.43714286","2026-08-04","Goal 3 PBE-UD boundary rederivation"
"o0_U_exists_0297",TRUE,"class=low_only; floor=0.24285714","2026-08-04","Goal 3 PBE-UD boundary rederivation"
"o0_cap_low_0297",TRUE,"strict pooling threat inactive at the cap","2026-08-04","Goal 3 PBE-UD boundary rederivation"
"o0_U_exists_0298",TRUE,"class=low_only+high_participation; floor=0.24285714","2026-08-04","Goal 3 PBE-UD boundary rederivation"
"o0_U_exists_0299",TRUE,"class=low_only; floor=0.04857143","2026-08-04","Goal 3 PBE-UD boundary rederivation"
"o0_cap_low_0299",TRUE,"strict pooling threat inactive at the cap","2026-08-04","Goal 3 PBE-UD boundary rederivation"
"o0_U_exists_0300",TRUE,"class=high_participation; floor=0.08571429","2026-08-04","Goal 3 PBE-UD boundary rederivation"
"o0_U_exists_0301",TRUE,"class=low_only; floor=0.43714286","2026-08-04","Goal 3 PBE-UD boundary rederivation"
"o0_cap_low_0301",TRUE,"strict pooling threat inactive at the cap","2026-08-04","Goal 3 PBE-UD boundary rederivation"
"o0_U_exists_0302",TRUE,"class=low_only; floor=0.43714286","2026-08-04","Goal 3 PBE-UD boundary rederivation"
"o0_U_exists_0303",TRUE,"class=low_only; floor=0.24285714","2026-08-04","Goal 3 PBE-UD boundary rederivation"
"o0_cap_low_0303",TRUE,"strict pooling threat inactive at the cap","2026-08-04","Goal 3 PBE-UD boundary rederivation"
"o0_U_exists_0304",TRUE,"class=low_only; floor=0.24285714","2026-08-04","Goal 3 PBE-UD boundary rederivation"
"o0_U_exists_0305",TRUE,"class=low_only; floor=0.04857143","2026-08-04","Goal 3 PBE-UD boundary rederivation"
"o0_cap_low_0305",TRUE,"strict pooling threat inactive at the cap","2026-08-04","Goal 3 PBE-UD boundary rederivation"
"o0_U_exists_0306",TRUE,"class=low_only+high_participation; floor=0.04857143","2026-08-04","Goal 3 PBE-UD boundary rederivation"
"o0_U_exists_0307",TRUE,"class=low_only; floor=0.20571429","2026-08-04","Goal 3 PBE-UD boundary rederivation"
"o0_cap_low_0307",TRUE,"strict pooling threat inactive at the cap","2026-08-04","Goal 3 PBE-UD boundary rederivation"
"o0_U_exists_0308",TRUE,"class=low_only; floor=0.20571429","2026-08-04","Goal 3 PBE-UD boundary rederivation"
"o0_U_exists_0309",TRUE,"class=low_only; floor=0.11428571","2026-08-04","Goal 3 PBE-UD boundary rederivation"
"o0_cap_low_0309",TRUE,"strict pooling threat inactive at the cap","2026-08-04","Goal 3 PBE-UD boundary rederivation"
"o0_U_exists_0310",TRUE,"class=high_participation; floor=0.12857143","2026-08-04","Goal 3 PBE-UD boundary rederivation"
"o0_U_exists_0311",TRUE,"class=low_only; floor=0.02285714","2026-08-04","Goal 3 PBE-UD boundary rederivation"
"o0_cap_low_0311",TRUE,"strict pooling threat inactive at the cap","2026-08-04","Goal 3 PBE-UD boundary rederivation"
"o0_U_exists_0312",TRUE,"class=high_participation; floor=0.12857143","2026-08-04","Goal 3 PBE-UD boundary rederivation"
"o0_U_exists_0313",TRUE,"class=low_only; floor=0.20571429","2026-08-04","Goal 3 PBE-UD boundary rederivation"
"o0_cap_low_0313",TRUE,"strict pooling threat inactive at the cap","2026-08-04","Goal 3 PBE-UD boundary rederivation"
"o0_U_exists_0314",TRUE,"class=low_only; floor=0.20571429","2026-08-04","Goal 3 PBE-UD boundary rederivation"
"o0_U_exists_0315",TRUE,"class=low_only; floor=0.11428571","2026-08-04","Goal 3 PBE-UD boundary rederivation"
"o0_cap_low_0315",TRUE,"strict pooling threat inactive at the cap","2026-08-04","Goal 3 PBE-UD boundary rederivation"
"o0_U_exists_0316",TRUE,"class=low_only+high_participation; floor=0.11428571","2026-08-04","Goal 3 PBE-UD boundary rederivation"
"o0_U_exists_0317",TRUE,"class=low_only; floor=0.02285714","2026-08-04","Goal 3 PBE-UD boundary rederivation"
"o0_cap_low_0317",TRUE,"strict pooling threat inactive at the cap","2026-08-04","Goal 3 PBE-UD boundary rederivation"
"o0_U_exists_0318",TRUE,"class=low_only+high_participation; floor=0.02285714","2026-08-04","Goal 3 PBE-UD boundary rederivation"
"o0_U_exists_0319",TRUE,"class=low_only; floor=0.20571429","2026-08-04","Goal 3 PBE-UD boundary rederivation"
"o0_cap_low_0319",TRUE,"strict pooling threat inactive at the cap","2026-08-04","Goal 3 PBE-UD boundary rederivation"
"o0_U_exists_0320",TRUE,"class=low_only; floor=0.20571429","2026-08-04","Goal 3 PBE-UD boundary rederivation"
"o0_U_exists_0321",TRUE,"class=low_only; floor=0.11428571","2026-08-04","Goal 3 PBE-UD boundary rederivation"
"o0_cap_low_0321",TRUE,"strict pooling threat inactive at the cap","2026-08-04","Goal 3 PBE-UD boundary rederivation"
"o0_U_exists_0322",TRUE,"class=low_only; floor=0.11428571","2026-08-04","Goal 3 PBE-UD boundary rederivation"
"o0_U_exists_0323",TRUE,"class=low_only; floor=0.02285714","2026-08-04","Goal 3 PBE-UD boundary rederivation"
"o0_cap_low_0323",TRUE,"strict pooling threat inactive at the cap","2026-08-04","Goal 3 PBE-UD boundary rederivation"
"o0_U_exists_0324",TRUE,"class=low_only+high_participation; floor=0.02285714","2026-08-04","Goal 3 PBE-UD boundary rederivation"
"o0_U_exists_0325",TRUE,"class=low_only; floor=0.74250000","2026-08-04","Goal 3 PBE-UD boundary rederivation"
"o0_cap_low_0325",TRUE,"strict pooling threat inactive at the cap","2026-08-04","Goal 3 PBE-UD boundary rederivation"
"o0_U_exists_0326",TRUE,"class=low_only; floor=0.74250000","2026-08-04","Goal 3 PBE-UD boundary rederivation"
"o0_U_exists_0327",TRUE,"class=low_only; floor=0.41250000","2026-08-04","Goal 3 PBE-UD boundary rederivation"
"o0_cap_low_0327",TRUE,"strict pooling threat inactive at the cap","2026-08-04","Goal 3 PBE-UD boundary rederivation"
"o0_U_exists_0328",TRUE,"class=high_participation; floor=0.72500000","2026-08-04","Goal 3 PBE-UD boundary rederivation"
"o0_U_exists_0329",TRUE,"class=low_only; floor=0.08250000","2026-08-04","Goal 3 PBE-UD boundary rederivation"
"o0_cap_low_0329",TRUE,"strict pooling threat inactive at the cap","2026-08-04","Goal 3 PBE-UD boundary rederivation"
"o0_U_exists_0330",TRUE,"class=high_participation; floor=0.72500000","2026-08-04","Goal 3 PBE-UD boundary rederivation"
"o0_U_exists_0331",TRUE,"class=low_only; floor=0.74250000","2026-08-04","Goal 3 PBE-UD boundary rederivation"
"o0_cap_low_0331",TRUE,"strict pooling threat inactive at the cap","2026-08-04","Goal 3 PBE-UD boundary rederivation"
"o0_U_exists_0332",TRUE,"class=low_only; floor=0.74250000","2026-08-04","Goal 3 PBE-UD boundary rederivation"
"o0_U_exists_0333",TRUE,"class=low_only; floor=0.41250000","2026-08-04","Goal 3 PBE-UD boundary rederivation"
"o0_cap_low_0333",TRUE,"strict pooling threat inactive at the cap","2026-08-04","Goal 3 PBE-UD boundary rederivation"
"o0_U_exists_0334",TRUE,"class=high_participation; floor=0.42500000","2026-08-04","Goal 3 PBE-UD boundary rederivation"
"o0_U_exists_0335",TRUE,"class=low_only; floor=0.08250000","2026-08-04","Goal 3 PBE-UD boundary rederivation"
"o0_cap_low_0335",TRUE,"strict pooling threat inactive at the cap","2026-08-04","Goal 3 PBE-UD boundary rederivation"
"o0_U_exists_0336",TRUE,"class=high_participation; floor=0.42500000","2026-08-04","Goal 3 PBE-UD boundary rederivation"
"o0_U_exists_0337",TRUE,"class=low_only; floor=0.74250000","2026-08-04","Goal 3 PBE-UD boundary rederivation"
"o0_cap_low_0337",TRUE,"strict pooling threat inactive at the cap","2026-08-04","Goal 3 PBE-UD boundary rederivation"
"o0_U_exists_0338",TRUE,"class=low_only; floor=0.74250000","2026-08-04","Goal 3 PBE-UD boundary rederivation"
"o0_U_exists_0339",TRUE,"class=low_only; floor=0.41250000","2026-08-04","Goal 3 PBE-UD boundary rederivation"
"o0_cap_low_0339",TRUE,"strict pooling threat inactive at the cap","2026-08-04","Goal 3 PBE-UD boundary rederivation"
"o0_U_exists_0340",TRUE,"class=low_only; floor=0.41250000","2026-08-04","Goal 3 PBE-UD boundary rederivation"
"o0_U_exists_0341",TRUE,"class=low_only; floor=0.08250000","2026-08-04","Goal 3 PBE-UD boundary rederivation"
"o0_cap_low_0341",TRUE,"strict pooling threat inactive at the cap","2026-08-04","Goal 3 PBE-UD boundary rederivation"
"o0_U_exists_0342",TRUE,"class=low_only+high_participation; floor=0.08250000","2026-08-04","Goal 3 PBE-UD boundary rederivation"
"o0_U_exists_0343",TRUE,"class=low_only; floor=0.42750000","2026-08-04","Goal 3 PBE-UD boundary rederivation"
"o0_cap_low_0343",TRUE,"strict pooling threat inactive at the cap","2026-08-04","Goal 3 PBE-UD boundary rederivation"
"o0_U_exists_0344",TRUE,"class=low_only; floor=0.42750000","2026-08-04","Goal 3 PBE-UD boundary rederivation"
"o0_U_exists_0345",TRUE,"class=low_only; floor=0.23750000","2026-08-04","Goal 3 PBE-UD boundary rederivation"
"o0_cap_low_0345",TRUE,"strict pooling threat inactive at the cap","2026-08-04","Goal 3 PBE-UD boundary rederivation"
"o0_U_exists_0346",TRUE,"class=high_participation; floor=0.37500000","2026-08-04","Goal 3 PBE-UD boundary rederivation"
"o0_U_exists_0347",TRUE,"class=low_only; floor=0.04750000","2026-08-04","Goal 3 PBE-UD boundary rederivation"
"o0_cap_low_0347",TRUE,"strict pooling threat inactive at the cap","2026-08-04","Goal 3 PBE-UD boundary rederivation"
"o0_U_exists_0348",TRUE,"class=high_participation; floor=0.37500000","2026-08-04","Goal 3 PBE-UD boundary rederivation"
"o0_U_exists_0349",TRUE,"class=low_only; floor=0.42750000","2026-08-04","Goal 3 PBE-UD boundary rederivation"
"o0_cap_low_0349",TRUE,"strict pooling threat inactive at the cap","2026-08-04","Goal 3 PBE-UD boundary rederivation"
"o0_U_exists_0350",TRUE,"class=low_only; floor=0.42750000","2026-08-04","Goal 3 PBE-UD boundary rederivation"
"o0_U_exists_0351",TRUE,"class=low_only; floor=0.23750000","2026-08-04","Goal 3 PBE-UD boundary rederivation"
"o0_cap_low_0351",TRUE,"strict pooling threat inactive at the cap","2026-08-04","Goal 3 PBE-UD boundary rederivation"
"o0_U_exists_0352",TRUE,"class=low_only+high_participation; floor=0.23750000","2026-08-04","Goal 3 PBE-UD boundary rederivation"
"o0_U_exists_0353",TRUE,"class=low_only; floor=0.04750000","2026-08-04","Goal 3 PBE-UD boundary rederivation"
"o0_cap_low_0353",TRUE,"strict pooling threat inactive at the cap","2026-08-04","Goal 3 PBE-UD boundary rederivation"
"o0_U_exists_0354",TRUE,"class=high_participation; floor=0.07500000","2026-08-04","Goal 3 PBE-UD boundary rederivation"
"o0_U_exists_0355",TRUE,"class=low_only; floor=0.42750000","2026-08-04","Goal 3 PBE-UD boundary rederivation"
"o0_cap_low_0355",TRUE,"strict pooling threat inactive at the cap","2026-08-04","Goal 3 PBE-UD boundary rederivation"
"o0_U_exists_0356",TRUE,"class=low_only; floor=0.42750000","2026-08-04","Goal 3 PBE-UD boundary rederivation"
"o0_U_exists_0357",TRUE,"class=low_only; floor=0.23750000","2026-08-04","Goal 3 PBE-UD boundary rederivation"
"o0_cap_low_0357",TRUE,"strict pooling threat inactive at the cap","2026-08-04","Goal 3 PBE-UD boundary rederivation"
"o0_U_exists_0358",TRUE,"class=low_only; floor=0.23750000","2026-08-04","Goal 3 PBE-UD boundary rederivation"
"o0_U_exists_0359",TRUE,"class=low_only; floor=0.04750000","2026-08-04","Goal 3 PBE-UD boundary rederivation"
"o0_cap_low_0359",TRUE,"strict pooling threat inactive at the cap","2026-08-04","Goal 3 PBE-UD boundary rederivation"
"o0_U_exists_0360",TRUE,"class=low_only+high_participation; floor=0.04750000","2026-08-04","Goal 3 PBE-UD boundary rederivation"
"o0_U_exists_0361",TRUE,"class=low_only; floor=0.19125000","2026-08-04","Goal 3 PBE-UD boundary rederivation"
"o0_cap_low_0361",TRUE,"strict pooling threat inactive at the cap","2026-08-04","Goal 3 PBE-UD boundary rederivation"
"o0_U_exists_0362",TRUE,"class=low_only; floor=0.19125000","2026-08-04","Goal 3 PBE-UD boundary rederivation"
"o0_U_exists_0363",TRUE,"class=low_only; floor=0.10625000","2026-08-04","Goal 3 PBE-UD boundary rederivation"
"o0_cap_low_0363",TRUE,"strict pooling threat inactive at the cap","2026-08-04","Goal 3 PBE-UD boundary rederivation"
"o0_U_exists_0364",TRUE,"class=high_participation; floor=0.11250000","2026-08-04","Goal 3 PBE-UD boundary rederivation"
"o0_U_exists_0365",TRUE,"class=low_only; floor=0.02125000","2026-08-04","Goal 3 PBE-UD boundary rederivation"
"o0_cap_low_0365",TRUE,"strict pooling threat inactive at the cap","2026-08-04","Goal 3 PBE-UD boundary rederivation"
"o0_U_exists_0366",TRUE,"class=high_participation; floor=0.11250000","2026-08-04","Goal 3 PBE-UD boundary rederivation"
"o0_U_exists_0367",TRUE,"class=low_only; floor=0.19125000","2026-08-04","Goal 3 PBE-UD boundary rederivation"
"o0_cap_low_0367",TRUE,"strict pooling threat inactive at the cap","2026-08-04","Goal 3 PBE-UD boundary rederivation"
"o0_U_exists_0368",TRUE,"class=low_only; floor=0.19125000","2026-08-04","Goal 3 PBE-UD boundary rederivation"
"o0_U_exists_0369",TRUE,"class=low_only; floor=0.10625000","2026-08-04","Goal 3 PBE-UD boundary rederivation"
"o0_cap_low_0369",TRUE,"strict pooling threat inactive at the cap","2026-08-04","Goal 3 PBE-UD boundary rederivation"
"o0_U_exists_0370",TRUE,"class=low_only+high_participation; floor=0.10625000","2026-08-04","Goal 3 PBE-UD boundary rederivation"
"o0_U_exists_0371",TRUE,"class=low_only; floor=0.02125000","2026-08-04","Goal 3 PBE-UD boundary rederivation"
"o0_cap_low_0371",TRUE,"strict pooling threat inactive at the cap","2026-08-04","Goal 3 PBE-UD boundary rederivation"
"o0_U_exists_0372",TRUE,"class=low_only+high_participation; floor=0.02125000","2026-08-04","Goal 3 PBE-UD boundary rederivation"
"o0_U_exists_0373",TRUE,"class=low_only; floor=0.19125000","2026-08-04","Goal 3 PBE-UD boundary rederivation"
"o0_cap_low_0373",TRUE,"strict pooling threat inactive at the cap","2026-08-04","Goal 3 PBE-UD boundary rederivation"
"o0_U_exists_0374",TRUE,"class=low_only; floor=0.19125000","2026-08-04","Goal 3 PBE-UD boundary rederivation"
"o0_U_exists_0375",TRUE,"class=low_only; floor=0.10625000","2026-08-04","Goal 3 PBE-UD boundary rederivation"
"o0_cap_low_0375",TRUE,"strict pooling threat inactive at the cap","2026-08-04","Goal 3 PBE-UD boundary rederivation"
"o0_U_exists_0376",TRUE,"class=low_only; floor=0.10625000","2026-08-04","Goal 3 PBE-UD boundary rederivation"
"o0_U_exists_0377",TRUE,"class=low_only; floor=0.02125000","2026-08-04","Goal 3 PBE-UD boundary rederivation"
"o0_cap_low_0377",TRUE,"strict pooling threat inactive at the cap","2026-08-04","Goal 3 PBE-UD boundary rederivation"
"o0_U_exists_0378",TRUE,"class=low_only+high_participation; floor=0.02125000","2026-08-04","Goal 3 PBE-UD boundary rederivation"
"o0_U_exists_0379",TRUE,"class=low_only; floor=0.74000000","2026-08-04","Goal 3 PBE-UD boundary rederivation"
"o0_cap_low_0379",TRUE,"strict pooling threat inactive at the cap","2026-08-04","Goal 3 PBE-UD boundary rederivation"
"o0_U_exists_0380",TRUE,"class=low_only; floor=0.74000000","2026-08-04","Goal 3 PBE-UD boundary rederivation"
"o0_U_exists_0381",TRUE,"class=low_only; floor=0.41111111","2026-08-04","Goal 3 PBE-UD boundary rederivation"
"o0_cap_low_0381",TRUE,"strict pooling threat inactive at the cap","2026-08-04","Goal 3 PBE-UD boundary rederivation"
"o0_U_exists_0382",TRUE,"class=high_participation; floor=0.72222222","2026-08-04","Goal 3 PBE-UD boundary rederivation"
"o0_U_exists_0383",TRUE,"class=low_only; floor=0.08222222","2026-08-04","Goal 3 PBE-UD boundary rederivation"
"o0_cap_low_0383",TRUE,"strict pooling threat inactive at the cap","2026-08-04","Goal 3 PBE-UD boundary rederivation"
"o0_U_exists_0384",TRUE,"class=high_participation; floor=0.72222222","2026-08-04","Goal 3 PBE-UD boundary rederivation"
"o0_U_exists_0385",TRUE,"class=low_only; floor=0.74000000","2026-08-04","Goal 3 PBE-UD boundary rederivation"
"o0_cap_low_0385",TRUE,"strict pooling threat inactive at the cap","2026-08-04","Goal 3 PBE-UD boundary rederivation"
"o0_U_exists_0386",TRUE,"class=low_only; floor=0.74000000","2026-08-04","Goal 3 PBE-UD boundary rederivation"
"o0_U_exists_0387",TRUE,"class=low_only; floor=0.41111111","2026-08-04","Goal 3 PBE-UD boundary rederivation"
"o0_cap_low_0387",TRUE,"strict pooling threat inactive at the cap","2026-08-04","Goal 3 PBE-UD boundary rederivation"
"o0_U_exists_0388",TRUE,"class=high_participation; floor=0.42222222","2026-08-04","Goal 3 PBE-UD boundary rederivation"
"o0_U_exists_0389",TRUE,"class=low_only; floor=0.08222222","2026-08-04","Goal 3 PBE-UD boundary rederivation"
"o0_cap_low_0389",TRUE,"strict pooling threat inactive at the cap","2026-08-04","Goal 3 PBE-UD boundary rederivation"
"o0_U_exists_0390",TRUE,"class=high_participation; floor=0.42222222","2026-08-04","Goal 3 PBE-UD boundary rederivation"
"o0_U_exists_0391",TRUE,"class=low_only; floor=0.74000000","2026-08-04","Goal 3 PBE-UD boundary rederivation"
"o0_cap_low_0391",TRUE,"strict pooling threat inactive at the cap","2026-08-04","Goal 3 PBE-UD boundary rederivation"
"o0_U_exists_0392",TRUE,"class=low_only; floor=0.74000000","2026-08-04","Goal 3 PBE-UD boundary rederivation"
"o0_U_exists_0393",TRUE,"class=low_only; floor=0.41111111","2026-08-04","Goal 3 PBE-UD boundary rederivation"
"o0_cap_low_0393",TRUE,"strict pooling threat inactive at the cap","2026-08-04","Goal 3 PBE-UD boundary rederivation"
"o0_U_exists_0394",TRUE,"class=low_only; floor=0.41111111","2026-08-04","Goal 3 PBE-UD boundary rederivation"
"o0_U_exists_0395",TRUE,"class=low_only; floor=0.08222222","2026-08-04","Goal 3 PBE-UD boundary rederivation"
"o0_cap_low_0395",TRUE,"strict pooling threat inactive at the cap","2026-08-04","Goal 3 PBE-UD boundary rederivation"
"o0_U_exists_0396",TRUE,"class=low_only+high_participation; floor=0.08222222","2026-08-04","Goal 3 PBE-UD boundary rederivation"
"o0_U_exists_0397",TRUE,"class=low_only; floor=0.42000000","2026-08-04","Goal 3 PBE-UD boundary rederivation"
"o0_cap_low_0397",TRUE,"strict pooling threat inactive at the cap","2026-08-04","Goal 3 PBE-UD boundary rederivation"
"o0_U_exists_0398",TRUE,"class=low_only; floor=0.42000000","2026-08-04","Goal 3 PBE-UD boundary rederivation"
"o0_U_exists_0399",TRUE,"class=low_only; floor=0.23333333","2026-08-04","Goal 3 PBE-UD boundary rederivation"
"o0_cap_low_0399",TRUE,"strict pooling threat inactive at the cap","2026-08-04","Goal 3 PBE-UD boundary rederivation"
"o0_U_exists_0400",TRUE,"class=high_participation; floor=0.36666667","2026-08-04","Goal 3 PBE-UD boundary rederivation"
"o0_U_exists_0401",TRUE,"class=low_only; floor=0.04666667","2026-08-04","Goal 3 PBE-UD boundary rederivation"
"o0_cap_low_0401",TRUE,"strict pooling threat inactive at the cap","2026-08-04","Goal 3 PBE-UD boundary rederivation"
"o0_U_exists_0402",TRUE,"class=high_participation; floor=0.36666667","2026-08-04","Goal 3 PBE-UD boundary rederivation"
"o0_U_exists_0403",TRUE,"class=low_only; floor=0.42000000","2026-08-04","Goal 3 PBE-UD boundary rederivation"
"o0_cap_low_0403",TRUE,"strict pooling threat inactive at the cap","2026-08-04","Goal 3 PBE-UD boundary rederivation"
"o0_U_exists_0404",TRUE,"class=low_only; floor=0.42000000","2026-08-04","Goal 3 PBE-UD boundary rederivation"
"o0_U_exists_0405",TRUE,"class=low_only; floor=0.23333333","2026-08-04","Goal 3 PBE-UD boundary rederivation"
"o0_cap_low_0405",TRUE,"strict pooling threat inactive at the cap","2026-08-04","Goal 3 PBE-UD boundary rederivation"
"o0_U_exists_0406",TRUE,"class=low_only+high_participation; floor=0.23333333","2026-08-04","Goal 3 PBE-UD boundary rederivation"
"o0_U_exists_0407",TRUE,"class=low_only; floor=0.04666667","2026-08-04","Goal 3 PBE-UD boundary rederivation"
"o0_cap_low_0407",TRUE,"strict pooling threat inactive at the cap","2026-08-04","Goal 3 PBE-UD boundary rederivation"
"o0_U_exists_0408",TRUE,"class=high_participation; floor=0.06666667","2026-08-04","Goal 3 PBE-UD boundary rederivation"
"o0_U_exists_0409",TRUE,"class=low_only; floor=0.42000000","2026-08-04","Goal 3 PBE-UD boundary rederivation"
"o0_cap_low_0409",TRUE,"strict pooling threat inactive at the cap","2026-08-04","Goal 3 PBE-UD boundary rederivation"
"o0_U_exists_0410",TRUE,"class=low_only; floor=0.42000000","2026-08-04","Goal 3 PBE-UD boundary rederivation"
"o0_U_exists_0411",TRUE,"class=low_only; floor=0.23333333","2026-08-04","Goal 3 PBE-UD boundary rederivation"
"o0_cap_low_0411",TRUE,"strict pooling threat inactive at the cap","2026-08-04","Goal 3 PBE-UD boundary rederivation"
"o0_U_exists_0412",TRUE,"class=low_only; floor=0.23333333","2026-08-04","Goal 3 PBE-UD boundary rederivation"
"o0_U_exists_0413",TRUE,"class=low_only; floor=0.04666667","2026-08-04","Goal 3 PBE-UD boundary rederivation"
"o0_cap_low_0413",TRUE,"strict pooling threat inactive at the cap","2026-08-04","Goal 3 PBE-UD boundary rederivation"
"o0_U_exists_0414",TRUE,"class=low_only+high_participation; floor=0.04666667","2026-08-04","Goal 3 PBE-UD boundary rederivation"
"o0_U_exists_0415",TRUE,"class=low_only; floor=0.18000000","2026-08-04","Goal 3 PBE-UD boundary rederivation"
"o0_cap_low_0415",TRUE,"strict pooling threat inactive at the cap","2026-08-04","Goal 3 PBE-UD boundary rederivation"
"o0_U_exists_0416",TRUE,"class=low_only; floor=0.18000000","2026-08-04","Goal 3 PBE-UD boundary rederivation"
"o0_U_exists_0417",TRUE,"class=low_only; floor=0.10000000","2026-08-04","Goal 3 PBE-UD boundary rederivation"
"o0_cap_low_0417",TRUE,"strict pooling threat inactive at the cap","2026-08-04","Goal 3 PBE-UD boundary rederivation"
"o0_U_exists_0418",TRUE,"class=low_only+high_participation; floor=0.10000000","2026-08-04","Goal 3 PBE-UD boundary rederivation"
"o0_U_exists_0419",TRUE,"class=low_only; floor=0.02000000","2026-08-04","Goal 3 PBE-UD boundary rederivation"
"o0_cap_low_0419",TRUE,"strict pooling threat inactive at the cap","2026-08-04","Goal 3 PBE-UD boundary rederivation"
"o0_U_exists_0420",TRUE,"class=high_participation; floor=0.10000000","2026-08-04","Goal 3 PBE-UD boundary rederivation"
"o0_U_exists_0421",TRUE,"class=low_only; floor=0.18000000","2026-08-04","Goal 3 PBE-UD boundary rederivation"
"o0_cap_low_0421",TRUE,"strict pooling threat inactive at the cap","2026-08-04","Goal 3 PBE-UD boundary rederivation"
"o0_U_exists_0422",TRUE,"class=low_only; floor=0.18000000","2026-08-04","Goal 3 PBE-UD boundary rederivation"
"o0_U_exists_0423",TRUE,"class=low_only; floor=0.10000000","2026-08-04","Goal 3 PBE-UD boundary rederivation"
"o0_cap_low_0423",TRUE,"strict pooling threat inactive at the cap","2026-08-04","Goal 3 PBE-UD boundary rederivation"
"o0_U_exists_0424",TRUE,"class=low_only+high_participation; floor=0.10000000","2026-08-04","Goal 3 PBE-UD boundary rederivation"
"o0_U_exists_0425",TRUE,"class=low_only; floor=0.02000000","2026-08-04","Goal 3 PBE-UD boundary rederivation"
"o0_cap_low_0425",TRUE,"strict pooling threat inactive at the cap","2026-08-04","Goal 3 PBE-UD boundary rederivation"
"o0_U_exists_0426",TRUE,"class=low_only+high_participation; floor=0.02000000","2026-08-04","Goal 3 PBE-UD boundary rederivation"
"o0_U_exists_0427",TRUE,"class=low_only; floor=0.18000000","2026-08-04","Goal 3 PBE-UD boundary rederivation"
"o0_cap_low_0427",TRUE,"strict pooling threat inactive at the cap","2026-08-04","Goal 3 PBE-UD boundary rederivation"
"o0_U_exists_0428",TRUE,"class=low_only; floor=0.18000000","2026-08-04","Goal 3 PBE-UD boundary rederivation"
"o0_U_exists_0429",TRUE,"class=low_only; floor=0.10000000","2026-08-04","Goal 3 PBE-UD boundary rederivation"
"o0_cap_low_0429",TRUE,"strict pooling threat inactive at the cap","2026-08-04","Goal 3 PBE-UD boundary rederivation"
"o0_U_exists_0430",TRUE,"class=low_only; floor=0.10000000","2026-08-04","Goal 3 PBE-UD boundary rederivation"
"o0_U_exists_0431",TRUE,"class=low_only; floor=0.02000000","2026-08-04","Goal 3 PBE-UD boundary rederivation"
"o0_cap_low_0431",TRUE,"strict pooling threat inactive at the cap","2026-08-04","Goal 3 PBE-UD boundary rederivation"
"o0_U_exists_0432",TRUE,"class=low_only+high_participation; floor=0.02000000","2026-08-04","Goal 3 PBE-UD boundary rederivation"
"beta1_cap_formula_N3_o0.05_h0.4_mu0.1_A1_l0",TRUE,"formula=0.59000000; enumerated=0.59000000","2026-08-04","Goal 3 PBE-UD boundary rederivation"
"beta1_cap_formula_N3_o0.05_h0.4_mu0.1_A1_l0.5",TRUE,"formula=0.59500000; enumerated=0.59500000","2026-08-04","Goal 3 PBE-UD boundary rederivation"
"beta1_cap_formula_N3_o0.05_h0.4_mu0.1_A1_l0.9",TRUE,"formula=0.59900000; enumerated=0.59900000","2026-08-04","Goal 3 PBE-UD boundary rederivation"
"beta1_cap_formula_N3_o0.05_h0.4_mu0.1_A1_l1",TRUE,"formula=0.60000000; enumerated=0.60000000","2026-08-04","Goal 3 PBE-UD boundary rederivation"
"beta1_cap_formula_N3_o0.05_h0.4_mu0.5_A1_l0",TRUE,"formula=0.55000000; enumerated=0.55000000","2026-08-04","Goal 3 PBE-UD boundary rederivation"
"beta1_cap_formula_N3_o0.05_h0.4_mu0.5_A1_l0.5",TRUE,"formula=0.57500000; enumerated=0.57500000","2026-08-04","Goal 3 PBE-UD boundary rederivation"
"beta1_cap_formula_N3_o0.05_h0.4_mu0.5_A1_l0.9",TRUE,"formula=0.59500000; enumerated=0.59500000","2026-08-04","Goal 3 PBE-UD boundary rederivation"
"beta1_cap_formula_N3_o0.05_h0.4_mu0.5_A1_l1",TRUE,"formula=0.60000000; enumerated=0.60000000","2026-08-04","Goal 3 PBE-UD boundary rederivation"
"beta1_cap_formula_N3_o0.05_h0.4_mu0.9_A1_l0",TRUE,"formula=0.51000000; enumerated=0.51000000","2026-08-04","Goal 3 PBE-UD boundary rederivation"
"beta1_cap_formula_N3_o0.05_h0.4_mu0.9_A1_l0.5",TRUE,"formula=0.55500000; enumerated=0.55500000","2026-08-04","Goal 3 PBE-UD boundary rederivation"
"beta1_cap_formula_N3_o0.05_h0.4_mu0.9_A1_l0.9",TRUE,"formula=0.59100000; enumerated=0.59100000","2026-08-04","Goal 3 PBE-UD boundary rederivation"
"beta1_cap_formula_N3_o0.05_h0.4_mu0.9_A1_l1",TRUE,"formula=0.60000000; enumerated=0.60000000","2026-08-04","Goal 3 PBE-UD boundary rederivation"
"beta1_cap_formula_N3_o0.05_h0.8_mu0.1_A1_l0",TRUE,"formula=0.23000000; enumerated=0.23000000","2026-08-04","Goal 3 PBE-UD boundary rederivation"
"beta1_cap_formula_N3_o0.05_h0.8_mu0.1_A1_l0.5",TRUE,"formula=0.21500000; enumerated=0.21500000","2026-08-04","Goal 3 PBE-UD boundary rederivation"
"beta1_cap_formula_N3_o0.05_h0.8_mu0.1_A1_l0.9",TRUE,"formula=0.20300000; enumerated=0.20300000","2026-08-04","Goal 3 PBE-UD boundary rederivation"
"beta1_cap_formula_N3_o0.05_h0.8_mu0.1_A1_l1",TRUE,"formula=0.20000000; enumerated=0.20000000","2026-08-04","Goal 3 PBE-UD boundary rederivation"
"beta1_cap_formula_N3_o0.05_h0.8_mu0.5_A1_l0",TRUE,"formula=0.35000000; enumerated=0.35000000","2026-08-04","Goal 3 PBE-UD boundary rederivation"
"beta1_cap_formula_N3_o0.05_h0.8_mu0.5_A1_l0.5",TRUE,"formula=0.27500000; enumerated=0.27500000","2026-08-04","Goal 3 PBE-UD boundary rederivation"
"beta1_cap_formula_N3_o0.05_h0.8_mu0.5_A1_l0.9",TRUE,"formula=0.21500000; enumerated=0.21500000","2026-08-04","Goal 3 PBE-UD boundary rederivation"
"beta1_cap_formula_N3_o0.05_h0.8_mu0.5_A1_l1",TRUE,"formula=0.20000000; enumerated=0.20000000","2026-08-04","Goal 3 PBE-UD boundary rederivation"
"beta1_cap_formula_N3_o0.05_h0.8_mu0.9_A1_l0",TRUE,"formula=0.47000000; enumerated=0.47000000","2026-08-04","Goal 3 PBE-UD boundary rederivation"
"beta1_cap_formula_N3_o0.05_h0.8_mu0.9_A1_l0.5",TRUE,"formula=0.33500000; enumerated=0.33500000","2026-08-04","Goal 3 PBE-UD boundary rederivation"
"beta1_cap_formula_N3_o0.05_h0.8_mu0.9_A1_l0.9",TRUE,"formula=0.22700000; enumerated=0.22700000","2026-08-04","Goal 3 PBE-UD boundary rederivation"
"beta1_cap_formula_N3_o0.05_h0.8_mu0.9_A1_l1",TRUE,"formula=0.20000000; enumerated=0.20000000","2026-08-04","Goal 3 PBE-UD boundary rederivation"
"beta1_cap_formula_N3_o0.2_h0.4_mu0.1_A1_l0",TRUE,"formula=0.59000000; enumerated=0.59000000","2026-08-04","Goal 3 PBE-UD boundary rederivation"
"beta1_cap_formula_N3_o0.2_h0.4_mu0.1_A1_l0.5",TRUE,"formula=0.59500000; enumerated=0.59500000","2026-08-04","Goal 3 PBE-UD boundary rederivation"
"beta1_cap_formula_N3_o0.2_h0.4_mu0.1_A1_l0.9",TRUE,"formula=0.59900000; enumerated=0.59900000","2026-08-04","Goal 3 PBE-UD boundary rederivation"
"beta1_cap_formula_N3_o0.2_h0.4_mu0.1_A1_l1",TRUE,"formula=0.60000000; enumerated=0.60000000","2026-08-04","Goal 3 PBE-UD boundary rederivation"
"beta1_cap_formula_N3_o0.2_h0.4_mu0.5_A1_l0",TRUE,"formula=0.55000000; enumerated=0.55000000","2026-08-04","Goal 3 PBE-UD boundary rederivation"
"beta1_cap_formula_N3_o0.2_h0.4_mu0.5_A1_l0.5",TRUE,"formula=0.57500000; enumerated=0.57500000","2026-08-04","Goal 3 PBE-UD boundary rederivation"
"beta1_cap_formula_N3_o0.2_h0.4_mu0.5_A1_l0.9",TRUE,"formula=0.59500000; enumerated=0.59500000","2026-08-04","Goal 3 PBE-UD boundary rederivation"
"beta1_cap_formula_N3_o0.2_h0.4_mu0.5_A1_l1",TRUE,"formula=0.60000000; enumerated=0.60000000","2026-08-04","Goal 3 PBE-UD boundary rederivation"
"beta1_cap_formula_N3_o0.2_h0.4_mu0.9_A1_l0",TRUE,"formula=0.51000000; enumerated=0.51000000","2026-08-04","Goal 3 PBE-UD boundary rederivation"
"beta1_cap_formula_N3_o0.2_h0.4_mu0.9_A1_l0.5",TRUE,"formula=0.55500000; enumerated=0.55500000","2026-08-04","Goal 3 PBE-UD boundary rederivation"
"beta1_cap_formula_N3_o0.2_h0.4_mu0.9_A1_l0.9",TRUE,"formula=0.59100000; enumerated=0.59100000","2026-08-04","Goal 3 PBE-UD boundary rederivation"
"beta1_cap_formula_N3_o0.2_h0.4_mu0.9_A1_l1",TRUE,"formula=0.60000000; enumerated=0.60000000","2026-08-04","Goal 3 PBE-UD boundary rederivation"
"beta1_cap_formula_N3_o0.2_h0.8_mu0.1_A1_l0",TRUE,"formula=0.23000000; enumerated=0.23000000","2026-08-04","Goal 3 PBE-UD boundary rederivation"
"beta1_cap_formula_N3_o0.2_h0.8_mu0.1_A1_l0.5",TRUE,"formula=0.21500000; enumerated=0.21500000","2026-08-04","Goal 3 PBE-UD boundary rederivation"
"beta1_cap_formula_N3_o0.2_h0.8_mu0.1_A1_l0.9",TRUE,"formula=0.20300000; enumerated=0.20300000","2026-08-04","Goal 3 PBE-UD boundary rederivation"
"beta1_cap_formula_N3_o0.2_h0.8_mu0.1_A1_l1",TRUE,"formula=0.20000000; enumerated=0.20000000","2026-08-04","Goal 3 PBE-UD boundary rederivation"
"beta1_cap_formula_N3_o0.2_h0.8_mu0.5_A1_l0",TRUE,"formula=0.35000000; enumerated=0.35000000","2026-08-04","Goal 3 PBE-UD boundary rederivation"
"beta1_cap_formula_N3_o0.2_h0.8_mu0.5_A1_l0.5",TRUE,"formula=0.27500000; enumerated=0.27500000","2026-08-04","Goal 3 PBE-UD boundary rederivation"
"beta1_cap_formula_N3_o0.2_h0.8_mu0.5_A1_l0.9",TRUE,"formula=0.21500000; enumerated=0.21500000","2026-08-04","Goal 3 PBE-UD boundary rederivation"
"beta1_cap_formula_N3_o0.2_h0.8_mu0.5_A1_l1",TRUE,"formula=0.20000000; enumerated=0.20000000","2026-08-04","Goal 3 PBE-UD boundary rederivation"
"beta1_cap_formula_N3_o0.2_h0.8_mu0.9_A1_l0",TRUE,"formula=0.47000000; enumerated=0.47000000","2026-08-04","Goal 3 PBE-UD boundary rederivation"
"beta1_cap_formula_N3_o0.2_h0.8_mu0.9_A1_l0.5",TRUE,"formula=0.33500000; enumerated=0.33500000","2026-08-04","Goal 3 PBE-UD boundary rederivation"
"beta1_cap_formula_N3_o0.2_h0.8_mu0.9_A1_l0.9",TRUE,"formula=0.22700000; enumerated=0.22700000","2026-08-04","Goal 3 PBE-UD boundary rederivation"
"beta1_cap_formula_N3_o0.2_h0.8_mu0.9_A1_l1",TRUE,"formula=0.20000000; enumerated=0.20000000","2026-08-04","Goal 3 PBE-UD boundary rederivation"
"beta1_cap_formula_N4_o0.05_h0.4_mu0.1_A0_l0",TRUE,"formula=0.33333333; enumerated=0.33333333","2026-08-04","Goal 3 PBE-UD boundary rederivation"
"beta1_cap_formula_N4_o0.05_h0.4_mu0.1_A0_l0.5",TRUE,"formula=0.33333333; enumerated=0.33333333","2026-08-04","Goal 3 PBE-UD boundary rederivation"
"beta1_cap_formula_N4_o0.05_h0.4_mu0.1_A0_l0.9",TRUE,"formula=0.33333333; enumerated=0.33333333","2026-08-04","Goal 3 PBE-UD boundary rederivation"
"beta1_cap_formula_N4_o0.05_h0.4_mu0.1_A0_l1",TRUE,"formula=0.33333333; enumerated=0.33333333","2026-08-04","Goal 3 PBE-UD boundary rederivation"
"beta1_cap_formula_N4_o0.05_h0.4_mu0.1_A0.25_l0",TRUE,"formula=0.31833333; enumerated=0.31833333","2026-08-04","Goal 3 PBE-UD boundary rederivation"
"beta1_cap_formula_N4_o0.05_h0.4_mu0.1_A0.25_l0.5",TRUE,"formula=0.31750000; enumerated=0.31750000","2026-08-04","Goal 3 PBE-UD boundary rederivation"
"beta1_cap_formula_N4_o0.05_h0.4_mu0.1_A0.25_l0.9",TRUE,"formula=0.31683333; enumerated=0.31683333","2026-08-04","Goal 3 PBE-UD boundary rederivation"
"beta1_cap_formula_N4_o0.05_h0.4_mu0.1_A0.25_l1",TRUE,"formula=0.31666667; enumerated=0.31666667","2026-08-04","Goal 3 PBE-UD boundary rederivation"
"beta1_cap_formula_N4_o0.05_h0.4_mu0.1_A0.75_l0",TRUE,"formula=0.28833333; enumerated=0.28833333","2026-08-04","Goal 3 PBE-UD boundary rederivation"
"beta1_cap_formula_N4_o0.05_h0.4_mu0.1_A0.75_l0.5",TRUE,"formula=0.28583333; enumerated=0.28583333","2026-08-04","Goal 3 PBE-UD boundary rederivation"
"beta1_cap_formula_N4_o0.05_h0.4_mu0.1_A0.75_l0.9",TRUE,"formula=0.28383333; enumerated=0.28383333","2026-08-04","Goal 3 PBE-UD boundary rederivation"
"beta1_cap_formula_N4_o0.05_h0.4_mu0.1_A0.75_l1",TRUE,"formula=0.28333333; enumerated=0.28333333","2026-08-04","Goal 3 PBE-UD boundary rederivation"
"beta1_cap_formula_N4_o0.05_h0.4_mu0.1_A1_l0",TRUE,"formula=0.27333333; enumerated=0.27333333","2026-08-04","Goal 3 PBE-UD boundary rederivation"
"beta1_cap_formula_N4_o0.05_h0.4_mu0.1_A1_l0.5",TRUE,"formula=0.27000000; enumerated=0.27000000","2026-08-04","Goal 3 PBE-UD boundary rederivation"
"beta1_cap_formula_N4_o0.05_h0.4_mu0.1_A1_l0.9",TRUE,"formula=0.26733333; enumerated=0.26733333","2026-08-04","Goal 3 PBE-UD boundary rederivation"
"beta1_cap_formula_N4_o0.05_h0.4_mu0.1_A1_l1",TRUE,"formula=0.26666667; enumerated=0.26666667","2026-08-04","Goal 3 PBE-UD boundary rederivation"
"beta1_cap_formula_N4_o0.05_h0.4_mu0.5_A0_l0",TRUE,"formula=0.33333333; enumerated=0.33333333","2026-08-04","Goal 3 PBE-UD boundary rederivation"
"beta1_cap_formula_N4_o0.05_h0.4_mu0.5_A0_l0.5",TRUE,"formula=0.33333333; enumerated=0.33333333","2026-08-04","Goal 3 PBE-UD boundary rederivation"
"beta1_cap_formula_N4_o0.05_h0.4_mu0.5_A0_l0.9",TRUE,"formula=0.33333333; enumerated=0.33333333","2026-08-04","Goal 3 PBE-UD boundary rederivation"
"beta1_cap_formula_N4_o0.05_h0.4_mu0.5_A0_l1",TRUE,"formula=0.33333333; enumerated=0.33333333","2026-08-04","Goal 3 PBE-UD boundary rederivation"
"beta1_cap_formula_N4_o0.05_h0.4_mu0.5_A0.25_l0",TRUE,"formula=0.32500000; enumerated=0.32500000","2026-08-04","Goal 3 PBE-UD boundary rederivation"
"beta1_cap_formula_N4_o0.05_h0.4_mu0.5_A0.25_l0.5",TRUE,"formula=0.32083333; enumerated=0.32083333","2026-08-04","Goal 3 PBE-UD boundary rederivation"
"beta1_cap_formula_N4_o0.05_h0.4_mu0.5_A0.25_l0.9",TRUE,"formula=0.31750000; enumerated=0.31750000","2026-08-04","Goal 3 PBE-UD boundary rederivation"
"beta1_cap_formula_N4_o0.05_h0.4_mu0.5_A0.25_l1",TRUE,"formula=0.31666667; enumerated=0.31666667","2026-08-04","Goal 3 PBE-UD boundary rederivation"
"beta1_cap_formula_N4_o0.05_h0.4_mu0.5_A0.75_l0",TRUE,"formula=0.30833333; enumerated=0.30833333","2026-08-04","Goal 3 PBE-UD boundary rederivation"
"beta1_cap_formula_N4_o0.05_h0.4_mu0.5_A0.75_l0.5",TRUE,"formula=0.29583333; enumerated=0.29583333","2026-08-04","Goal 3 PBE-UD boundary rederivation"
"beta1_cap_formula_N4_o0.05_h0.4_mu0.5_A0.75_l0.9",TRUE,"formula=0.28583333; enumerated=0.28583333","2026-08-04","Goal 3 PBE-UD boundary rederivation"
"beta1_cap_formula_N4_o0.05_h0.4_mu0.5_A0.75_l1",TRUE,"formula=0.28333333; enumerated=0.28333333","2026-08-04","Goal 3 PBE-UD boundary rederivation"
"beta1_cap_formula_N4_o0.05_h0.4_mu0.5_A1_l0",TRUE,"formula=0.30000000; enumerated=0.30000000","2026-08-04","Goal 3 PBE-UD boundary rederivation"
"beta1_cap_formula_N4_o0.05_h0.4_mu0.5_A1_l0.5",TRUE,"formula=0.28333333; enumerated=0.28333333","2026-08-04","Goal 3 PBE-UD boundary rederivation"
"beta1_cap_formula_N4_o0.05_h0.4_mu0.5_A1_l0.9",TRUE,"formula=0.27000000; enumerated=0.27000000","2026-08-04","Goal 3 PBE-UD boundary rederivation"
"beta1_cap_formula_N4_o0.05_h0.4_mu0.5_A1_l1",TRUE,"formula=0.26666667; enumerated=0.26666667","2026-08-04","Goal 3 PBE-UD boundary rederivation"
"beta1_cap_formula_N4_o0.05_h0.4_mu0.9_A0_l0",TRUE,"formula=0.33333333; enumerated=0.33333333","2026-08-04","Goal 3 PBE-UD boundary rederivation"
"beta1_cap_formula_N4_o0.05_h0.4_mu0.9_A0_l0.5",TRUE,"formula=0.33333333; enumerated=0.33333333","2026-08-04","Goal 3 PBE-UD boundary rederivation"
"beta1_cap_formula_N4_o0.05_h0.4_mu0.9_A0_l0.9",TRUE,"formula=0.33333333; enumerated=0.33333333","2026-08-04","Goal 3 PBE-UD boundary rederivation"
"beta1_cap_formula_N4_o0.05_h0.4_mu0.9_A0_l1",TRUE,"formula=0.33333333; enumerated=0.33333333","2026-08-04","Goal 3 PBE-UD boundary rederivation"
"beta1_cap_formula_N4_o0.05_h0.4_mu0.9_A0.25_l0",TRUE,"formula=0.33166667; enumerated=0.33166667","2026-08-04","Goal 3 PBE-UD boundary rederivation"
"beta1_cap_formula_N4_o0.05_h0.4_mu0.9_A0.25_l0.5",TRUE,"formula=0.32416667; enumerated=0.32416667","2026-08-04","Goal 3 PBE-UD boundary rederivation"
"beta1_cap_formula_N4_o0.05_h0.4_mu0.9_A0.25_l0.9",TRUE,"formula=0.31816667; enumerated=0.31816667","2026-08-04","Goal 3 PBE-UD boundary rederivation"
"beta1_cap_formula_N4_o0.05_h0.4_mu0.9_A0.25_l1",TRUE,"formula=0.31666667; enumerated=0.31666667","2026-08-04","Goal 3 PBE-UD boundary rederivation"
"beta1_cap_formula_N4_o0.05_h0.4_mu0.9_A0.75_l0",TRUE,"formula=0.32833333; enumerated=0.32833333","2026-08-04","Goal 3 PBE-UD boundary rederivation"
"beta1_cap_formula_N4_o0.05_h0.4_mu0.9_A0.75_l0.5",TRUE,"formula=0.30583333; enumerated=0.30583333","2026-08-04","Goal 3 PBE-UD boundary rederivation"
"beta1_cap_formula_N4_o0.05_h0.4_mu0.9_A0.75_l0.9",TRUE,"formula=0.28783333; enumerated=0.28783333","2026-08-04","Goal 3 PBE-UD boundary rederivation"
"beta1_cap_formula_N4_o0.05_h0.4_mu0.9_A0.75_l1",TRUE,"formula=0.28333333; enumerated=0.28333333","2026-08-04","Goal 3 PBE-UD boundary rederivation"
"beta1_cap_formula_N4_o0.05_h0.4_mu0.9_A1_l0",TRUE,"formula=0.32666667; enumerated=0.32666667","2026-08-04","Goal 3 PBE-UD boundary rederivation"
"beta1_cap_formula_N4_o0.05_h0.4_mu0.9_A1_l0.5",TRUE,"formula=0.29666667; enumerated=0.29666667","2026-08-04","Goal 3 PBE-UD boundary rederivation"
"beta1_cap_formula_N4_o0.05_h0.4_mu0.9_A1_l0.9",TRUE,"formula=0.27266667; enumerated=0.27266667","2026-08-04","Goal 3 PBE-UD boundary rederivation"
"beta1_cap_formula_N4_o0.05_h0.4_mu0.9_A1_l1",TRUE,"formula=0.26666667; enumerated=0.26666667","2026-08-04","Goal 3 PBE-UD boundary rederivation"
"beta1_cap_infeasible_N4_o0.05_h0.8_mu0.1_A0_l0",TRUE,"C=-0.13333333; cap proposal infeasible","2026-08-04","Goal 3 PBE-UD boundary rederivation"
"beta1_cap_infeasible_N4_o0.05_h0.8_mu0.1_A0_l0.5",TRUE,"C=-0.13333333; cap proposal infeasible","2026-08-04","Goal 3 PBE-UD boundary rederivation"
"beta1_cap_infeasible_N4_o0.05_h0.8_mu0.1_A0_l0.9",TRUE,"C=-0.13333333; cap proposal infeasible","2026-08-04","Goal 3 PBE-UD boundary rederivation"
"beta1_cap_infeasible_N4_o0.05_h0.8_mu0.1_A0_l1",TRUE,"C=-0.13333333; cap proposal infeasible","2026-08-04","Goal 3 PBE-UD boundary rederivation"
"beta1_cap_infeasible_N4_o0.05_h0.8_mu0.1_A0.25_l0",TRUE,"C=-0.13333333; cap proposal infeasible","2026-08-04","Goal 3 PBE-UD boundary rederivation"
"beta1_cap_infeasible_N4_o0.05_h0.8_mu0.1_A0.25_l0.5",TRUE,"C=-0.13333333; cap proposal infeasible","2026-08-04","Goal 3 PBE-UD boundary rederivation"
"beta1_cap_infeasible_N4_o0.05_h0.8_mu0.1_A0.25_l0.9",TRUE,"C=-0.13333333; cap proposal infeasible","2026-08-04","Goal 3 PBE-UD boundary rederivation"
"beta1_cap_infeasible_N4_o0.05_h0.8_mu0.1_A0.25_l1",TRUE,"C=-0.13333333; cap proposal infeasible","2026-08-04","Goal 3 PBE-UD boundary rederivation"
"beta1_cap_infeasible_N4_o0.05_h0.8_mu0.1_A0.75_l0",TRUE,"C=-0.13333333; cap proposal infeasible","2026-08-04","Goal 3 PBE-UD boundary rederivation"
"beta1_cap_infeasible_N4_o0.05_h0.8_mu0.1_A0.75_l0.5",TRUE,"C=-0.13333333; cap proposal infeasible","2026-08-04","Goal 3 PBE-UD boundary rederivation"
"beta1_cap_infeasible_N4_o0.05_h0.8_mu0.1_A0.75_l0.9",TRUE,"C=-0.13333333; cap proposal infeasible","2026-08-04","Goal 3 PBE-UD boundary rederivation"
"beta1_cap_infeasible_N4_o0.05_h0.8_mu0.1_A0.75_l1",TRUE,"C=-0.13333333; cap proposal infeasible","2026-08-04","Goal 3 PBE-UD boundary rederivation"
"beta1_cap_infeasible_N4_o0.05_h0.8_mu0.1_A1_l0",TRUE,"C=-0.13333333; cap proposal infeasible","2026-08-04","Goal 3 PBE-UD boundary rederivation"
"beta1_cap_infeasible_N4_o0.05_h0.8_mu0.1_A1_l0.5",TRUE,"C=-0.13333333; cap proposal infeasible","2026-08-04","Goal 3 PBE-UD boundary rederivation"
"beta1_cap_infeasible_N4_o0.05_h0.8_mu0.1_A1_l0.9",TRUE,"C=-0.13333333; cap proposal infeasible","2026-08-04","Goal 3 PBE-UD boundary rederivation"
"beta1_cap_infeasible_N4_o0.05_h0.8_mu0.1_A1_l1",TRUE,"C=-0.13333333; cap proposal infeasible","2026-08-04","Goal 3 PBE-UD boundary rederivation"
"beta1_cap_infeasible_N4_o0.05_h0.8_mu0.5_A0_l0",TRUE,"C=-0.13333333; cap proposal infeasible","2026-08-04","Goal 3 PBE-UD boundary rederivation"
"beta1_cap_infeasible_N4_o0.05_h0.8_mu0.5_A0_l0.5",TRUE,"C=-0.13333333; cap proposal infeasible","2026-08-04","Goal 3 PBE-UD boundary rederivation"
"beta1_cap_infeasible_N4_o0.05_h0.8_mu0.5_A0_l0.9",TRUE,"C=-0.13333333; cap proposal infeasible","2026-08-04","Goal 3 PBE-UD boundary rederivation"
"beta1_cap_infeasible_N4_o0.05_h0.8_mu0.5_A0_l1",TRUE,"C=-0.13333333; cap proposal infeasible","2026-08-04","Goal 3 PBE-UD boundary rederivation"
"beta1_cap_infeasible_N4_o0.05_h0.8_mu0.5_A0.25_l0",TRUE,"C=-0.13333333; cap proposal infeasible","2026-08-04","Goal 3 PBE-UD boundary rederivation"
"beta1_cap_infeasible_N4_o0.05_h0.8_mu0.5_A0.25_l0.5",TRUE,"C=-0.13333333; cap proposal infeasible","2026-08-04","Goal 3 PBE-UD boundary rederivation"
"beta1_cap_infeasible_N4_o0.05_h0.8_mu0.5_A0.25_l0.9",TRUE,"C=-0.13333333; cap proposal infeasible","2026-08-04","Goal 3 PBE-UD boundary rederivation"
"beta1_cap_infeasible_N4_o0.05_h0.8_mu0.5_A0.25_l1",TRUE,"C=-0.13333333; cap proposal infeasible","2026-08-04","Goal 3 PBE-UD boundary rederivation"
"beta1_cap_infeasible_N4_o0.05_h0.8_mu0.5_A0.75_l0",TRUE,"C=-0.13333333; cap proposal infeasible","2026-08-04","Goal 3 PBE-UD boundary rederivation"
"beta1_cap_infeasible_N4_o0.05_h0.8_mu0.5_A0.75_l0.5",TRUE,"C=-0.13333333; cap proposal infeasible","2026-08-04","Goal 3 PBE-UD boundary rederivation"
"beta1_cap_infeasible_N4_o0.05_h0.8_mu0.5_A0.75_l0.9",TRUE,"C=-0.13333333; cap proposal infeasible","2026-08-04","Goal 3 PBE-UD boundary rederivation"
"beta1_cap_infeasible_N4_o0.05_h0.8_mu0.5_A0.75_l1",TRUE,"C=-0.13333333; cap proposal infeasible","2026-08-04","Goal 3 PBE-UD boundary rederivation"
"beta1_cap_infeasible_N4_o0.05_h0.8_mu0.5_A1_l0",TRUE,"C=-0.13333333; cap proposal infeasible","2026-08-04","Goal 3 PBE-UD boundary rederivation"
"beta1_cap_infeasible_N4_o0.05_h0.8_mu0.5_A1_l0.5",TRUE,"C=-0.13333333; cap proposal infeasible","2026-08-04","Goal 3 PBE-UD boundary rederivation"
"beta1_cap_infeasible_N4_o0.05_h0.8_mu0.5_A1_l0.9",TRUE,"C=-0.13333333; cap proposal infeasible","2026-08-04","Goal 3 PBE-UD boundary rederivation"
"beta1_cap_infeasible_N4_o0.05_h0.8_mu0.5_A1_l1",TRUE,"C=-0.13333333; cap proposal infeasible","2026-08-04","Goal 3 PBE-UD boundary rederivation"
"beta1_cap_infeasible_N4_o0.05_h0.8_mu0.9_A0_l0",TRUE,"C=-0.13333333; cap proposal infeasible","2026-08-04","Goal 3 PBE-UD boundary rederivation"
"beta1_cap_infeasible_N4_o0.05_h0.8_mu0.9_A0_l0.5",TRUE,"C=-0.13333333; cap proposal infeasible","2026-08-04","Goal 3 PBE-UD boundary rederivation"
"beta1_cap_infeasible_N4_o0.05_h0.8_mu0.9_A0_l0.9",TRUE,"C=-0.13333333; cap proposal infeasible","2026-08-04","Goal 3 PBE-UD boundary rederivation"
"beta1_cap_infeasible_N4_o0.05_h0.8_mu0.9_A0_l1",TRUE,"C=-0.13333333; cap proposal infeasible","2026-08-04","Goal 3 PBE-UD boundary rederivation"
"beta1_cap_infeasible_N4_o0.05_h0.8_mu0.9_A0.25_l0",TRUE,"C=-0.13333333; cap proposal infeasible","2026-08-04","Goal 3 PBE-UD boundary rederivation"
"beta1_cap_infeasible_N4_o0.05_h0.8_mu0.9_A0.25_l0.5",TRUE,"C=-0.13333333; cap proposal infeasible","2026-08-04","Goal 3 PBE-UD boundary rederivation"
"beta1_cap_infeasible_N4_o0.05_h0.8_mu0.9_A0.25_l0.9",TRUE,"C=-0.13333333; cap proposal infeasible","2026-08-04","Goal 3 PBE-UD boundary rederivation"
"beta1_cap_infeasible_N4_o0.05_h0.8_mu0.9_A0.25_l1",TRUE,"C=-0.13333333; cap proposal infeasible","2026-08-04","Goal 3 PBE-UD boundary rederivation"
"beta1_cap_infeasible_N4_o0.05_h0.8_mu0.9_A0.75_l0",TRUE,"C=-0.13333333; cap proposal infeasible","2026-08-04","Goal 3 PBE-UD boundary rederivation"
"beta1_cap_infeasible_N4_o0.05_h0.8_mu0.9_A0.75_l0.5",TRUE,"C=-0.13333333; cap proposal infeasible","2026-08-04","Goal 3 PBE-UD boundary rederivation"
"beta1_cap_infeasible_N4_o0.05_h0.8_mu0.9_A0.75_l0.9",TRUE,"C=-0.13333333; cap proposal infeasible","2026-08-04","Goal 3 PBE-UD boundary rederivation"
"beta1_cap_infeasible_N4_o0.05_h0.8_mu0.9_A0.75_l1",TRUE,"C=-0.13333333; cap proposal infeasible","2026-08-04","Goal 3 PBE-UD boundary rederivation"
"beta1_cap_infeasible_N4_o0.05_h0.8_mu0.9_A1_l0",TRUE,"C=-0.13333333; cap proposal infeasible","2026-08-04","Goal 3 PBE-UD boundary rederivation"
"beta1_cap_infeasible_N4_o0.05_h0.8_mu0.9_A1_l0.5",TRUE,"C=-0.13333333; cap proposal infeasible","2026-08-04","Goal 3 PBE-UD boundary rederivation"
"beta1_cap_infeasible_N4_o0.05_h0.8_mu0.9_A1_l0.9",TRUE,"C=-0.13333333; cap proposal infeasible","2026-08-04","Goal 3 PBE-UD boundary rederivation"
"beta1_cap_infeasible_N4_o0.05_h0.8_mu0.9_A1_l1",TRUE,"C=-0.13333333; cap proposal infeasible","2026-08-04","Goal 3 PBE-UD boundary rederivation"
"beta1_cap_formula_N4_o0.2_h0.4_mu0.1_A0_l0",TRUE,"formula=0.33333333; enumerated=0.33333333","2026-08-04","Goal 3 PBE-UD boundary rederivation"
"beta1_cap_formula_N4_o0.2_h0.4_mu0.1_A0_l0.5",TRUE,"formula=0.33333333; enumerated=0.33333333","2026-08-04","Goal 3 PBE-UD boundary rederivation"
"beta1_cap_formula_N4_o0.2_h0.4_mu0.1_A0_l0.9",TRUE,"formula=0.33333333; enumerated=0.33333333","2026-08-04","Goal 3 PBE-UD boundary rederivation"
"beta1_cap_formula_N4_o0.2_h0.4_mu0.1_A0_l1",TRUE,"formula=0.33333333; enumerated=0.33333333","2026-08-04","Goal 3 PBE-UD boundary rederivation"
"beta1_cap_formula_N4_o0.2_h0.4_mu0.1_A0.25_l0",TRUE,"formula=0.31833333; enumerated=0.31833333","2026-08-04","Goal 3 PBE-UD boundary rederivation"
"beta1_cap_formula_N4_o0.2_h0.4_mu0.1_A0.25_l0.5",TRUE,"formula=0.31750000; enumerated=0.31750000","2026-08-04","Goal 3 PBE-UD boundary rederivation"
"beta1_cap_formula_N4_o0.2_h0.4_mu0.1_A0.25_l0.9",TRUE,"formula=0.31683333; enumerated=0.31683333","2026-08-04","Goal 3 PBE-UD boundary rederivation"
"beta1_cap_formula_N4_o0.2_h0.4_mu0.1_A0.25_l1",TRUE,"formula=0.31666667; enumerated=0.31666667","2026-08-04","Goal 3 PBE-UD boundary rederivation"
"beta1_cap_formula_N4_o0.2_h0.4_mu0.1_A0.75_l0",TRUE,"formula=0.28833333; enumerated=0.28833333","2026-08-04","Goal 3 PBE-UD boundary rederivation"
"beta1_cap_formula_N4_o0.2_h0.4_mu0.1_A0.75_l0.5",TRUE,"formula=0.28583333; enumerated=0.28583333","2026-08-04","Goal 3 PBE-UD boundary rederivation"
"beta1_cap_formula_N4_o0.2_h0.4_mu0.1_A0.75_l0.9",TRUE,"formula=0.28383333; enumerated=0.28383333","2026-08-04","Goal 3 PBE-UD boundary rederivation"
"beta1_cap_formula_N4_o0.2_h0.4_mu0.1_A0.75_l1",TRUE,"formula=0.28333333; enumerated=0.28333333","2026-08-04","Goal 3 PBE-UD boundary rederivation"
"beta1_cap_formula_N4_o0.2_h0.4_mu0.1_A1_l0",TRUE,"formula=0.27333333; enumerated=0.27333333","2026-08-04","Goal 3 PBE-UD boundary rederivation"
"beta1_cap_formula_N4_o0.2_h0.4_mu0.1_A1_l0.5",TRUE,"formula=0.27000000; enumerated=0.27000000","2026-08-04","Goal 3 PBE-UD boundary rederivation"
"beta1_cap_formula_N4_o0.2_h0.4_mu0.1_A1_l0.9",TRUE,"formula=0.26733333; enumerated=0.26733333","2026-08-04","Goal 3 PBE-UD boundary rederivation"
"beta1_cap_formula_N4_o0.2_h0.4_mu0.1_A1_l1",TRUE,"formula=0.26666667; enumerated=0.26666667","2026-08-04","Goal 3 PBE-UD boundary rederivation"
"beta1_cap_formula_N4_o0.2_h0.4_mu0.5_A0_l0",TRUE,"formula=0.33333333; enumerated=0.33333333","2026-08-04","Goal 3 PBE-UD boundary rederivation"
"beta1_cap_formula_N4_o0.2_h0.4_mu0.5_A0_l0.5",TRUE,"formula=0.33333333; enumerated=0.33333333","2026-08-04","Goal 3 PBE-UD boundary rederivation"
"beta1_cap_formula_N4_o0.2_h0.4_mu0.5_A0_l0.9",TRUE,"formula=0.33333333; enumerated=0.33333333","2026-08-04","Goal 3 PBE-UD boundary rederivation"
"beta1_cap_formula_N4_o0.2_h0.4_mu0.5_A0_l1",TRUE,"formula=0.33333333; enumerated=0.33333333","2026-08-04","Goal 3 PBE-UD boundary rederivation"
"beta1_cap_formula_N4_o0.2_h0.4_mu0.5_A0.25_l0",TRUE,"formula=0.32500000; enumerated=0.32500000","2026-08-04","Goal 3 PBE-UD boundary rederivation"
"beta1_cap_formula_N4_o0.2_h0.4_mu0.5_A0.25_l0.5",TRUE,"formula=0.32083333; enumerated=0.32083333","2026-08-04","Goal 3 PBE-UD boundary rederivation"
"beta1_cap_formula_N4_o0.2_h0.4_mu0.5_A0.25_l0.9",TRUE,"formula=0.31750000; enumerated=0.31750000","2026-08-04","Goal 3 PBE-UD boundary rederivation"
"beta1_cap_formula_N4_o0.2_h0.4_mu0.5_A0.25_l1",TRUE,"formula=0.31666667; enumerated=0.31666667","2026-08-04","Goal 3 PBE-UD boundary rederivation"
"beta1_cap_formula_N4_o0.2_h0.4_mu0.5_A0.75_l0",TRUE,"formula=0.30833333; enumerated=0.30833333","2026-08-04","Goal 3 PBE-UD boundary rederivation"
"beta1_cap_formula_N4_o0.2_h0.4_mu0.5_A0.75_l0.5",TRUE,"formula=0.29583333; enumerated=0.29583333","2026-08-04","Goal 3 PBE-UD boundary rederivation"
"beta1_cap_formula_N4_o0.2_h0.4_mu0.5_A0.75_l0.9",TRUE,"formula=0.28583333; enumerated=0.28583333","2026-08-04","Goal 3 PBE-UD boundary rederivation"
"beta1_cap_formula_N4_o0.2_h0.4_mu0.5_A0.75_l1",TRUE,"formula=0.28333333; enumerated=0.28333333","2026-08-04","Goal 3 PBE-UD boundary rederivation"
"beta1_cap_formula_N4_o0.2_h0.4_mu0.5_A1_l0",TRUE,"formula=0.30000000; enumerated=0.30000000","2026-08-04","Goal 3 PBE-UD boundary rederivation"
"beta1_cap_formula_N4_o0.2_h0.4_mu0.5_A1_l0.5",TRUE,"formula=0.28333333; enumerated=0.28333333","2026-08-04","Goal 3 PBE-UD boundary rederivation"
"beta1_cap_formula_N4_o0.2_h0.4_mu0.5_A1_l0.9",TRUE,"formula=0.27000000; enumerated=0.27000000","2026-08-04","Goal 3 PBE-UD boundary rederivation"
"beta1_cap_formula_N4_o0.2_h0.4_mu0.5_A1_l1",TRUE,"formula=0.26666667; enumerated=0.26666667","2026-08-04","Goal 3 PBE-UD boundary rederivation"
"beta1_cap_formula_N4_o0.2_h0.4_mu0.9_A0_l0",TRUE,"formula=0.33333333; enumerated=0.33333333","2026-08-04","Goal 3 PBE-UD boundary rederivation"
"beta1_cap_formula_N4_o0.2_h0.4_mu0.9_A0_l0.5",TRUE,"formula=0.33333333; enumerated=0.33333333","2026-08-04","Goal 3 PBE-UD boundary rederivation"
"beta1_cap_formula_N4_o0.2_h0.4_mu0.9_A0_l0.9",TRUE,"formula=0.33333333; enumerated=0.33333333","2026-08-04","Goal 3 PBE-UD boundary rederivation"
"beta1_cap_formula_N4_o0.2_h0.4_mu0.9_A0_l1",TRUE,"formula=0.33333333; enumerated=0.33333333","2026-08-04","Goal 3 PBE-UD boundary rederivation"
"beta1_cap_formula_N4_o0.2_h0.4_mu0.9_A0.25_l0",TRUE,"formula=0.33166667; enumerated=0.33166667","2026-08-04","Goal 3 PBE-UD boundary rederivation"
"beta1_cap_formula_N4_o0.2_h0.4_mu0.9_A0.25_l0.5",TRUE,"formula=0.32416667; enumerated=0.32416667","2026-08-04","Goal 3 PBE-UD boundary rederivation"
"beta1_cap_formula_N4_o0.2_h0.4_mu0.9_A0.25_l0.9",TRUE,"formula=0.31816667; enumerated=0.31816667","2026-08-04","Goal 3 PBE-UD boundary rederivation"
"beta1_cap_formula_N4_o0.2_h0.4_mu0.9_A0.25_l1",TRUE,"formula=0.31666667; enumerated=0.31666667","2026-08-04","Goal 3 PBE-UD boundary rederivation"
"beta1_cap_formula_N4_o0.2_h0.4_mu0.9_A0.75_l0",TRUE,"formula=0.32833333; enumerated=0.32833333","2026-08-04","Goal 3 PBE-UD boundary rederivation"
"beta1_cap_formula_N4_o0.2_h0.4_mu0.9_A0.75_l0.5",TRUE,"formula=0.30583333; enumerated=0.30583333","2026-08-04","Goal 3 PBE-UD boundary rederivation"
"beta1_cap_formula_N4_o0.2_h0.4_mu0.9_A0.75_l0.9",TRUE,"formula=0.28783333; enumerated=0.28783333","2026-08-04","Goal 3 PBE-UD boundary rederivation"
"beta1_cap_formula_N4_o0.2_h0.4_mu0.9_A0.75_l1",TRUE,"formula=0.28333333; enumerated=0.28333333","2026-08-04","Goal 3 PBE-UD boundary rederivation"
"beta1_cap_formula_N4_o0.2_h0.4_mu0.9_A1_l0",TRUE,"formula=0.32666667; enumerated=0.32666667","2026-08-04","Goal 3 PBE-UD boundary rederivation"
"beta1_cap_formula_N4_o0.2_h0.4_mu0.9_A1_l0.5",TRUE,"formula=0.29666667; enumerated=0.29666667","2026-08-04","Goal 3 PBE-UD boundary rederivation"
"beta1_cap_formula_N4_o0.2_h0.4_mu0.9_A1_l0.9",TRUE,"formula=0.27266667; enumerated=0.27266667","2026-08-04","Goal 3 PBE-UD boundary rederivation"
"beta1_cap_formula_N4_o0.2_h0.4_mu0.9_A1_l1",TRUE,"formula=0.26666667; enumerated=0.26666667","2026-08-04","Goal 3 PBE-UD boundary rederivation"
"beta1_cap_infeasible_N4_o0.2_h0.8_mu0.1_A0_l0",TRUE,"C=-0.13333333; cap proposal infeasible","2026-08-04","Goal 3 PBE-UD boundary rederivation"
"beta1_cap_infeasible_N4_o0.2_h0.8_mu0.1_A0_l0.5",TRUE,"C=-0.13333333; cap proposal infeasible","2026-08-04","Goal 3 PBE-UD boundary rederivation"
"beta1_cap_infeasible_N4_o0.2_h0.8_mu0.1_A0_l0.9",TRUE,"C=-0.13333333; cap proposal infeasible","2026-08-04","Goal 3 PBE-UD boundary rederivation"
"beta1_cap_infeasible_N4_o0.2_h0.8_mu0.1_A0_l1",TRUE,"C=-0.13333333; cap proposal infeasible","2026-08-04","Goal 3 PBE-UD boundary rederivation"
"beta1_cap_infeasible_N4_o0.2_h0.8_mu0.1_A0.25_l0",TRUE,"C=-0.13333333; cap proposal infeasible","2026-08-04","Goal 3 PBE-UD boundary rederivation"
"beta1_cap_infeasible_N4_o0.2_h0.8_mu0.1_A0.25_l0.5",TRUE,"C=-0.13333333; cap proposal infeasible","2026-08-04","Goal 3 PBE-UD boundary rederivation"
"beta1_cap_infeasible_N4_o0.2_h0.8_mu0.1_A0.25_l0.9",TRUE,"C=-0.13333333; cap proposal infeasible","2026-08-04","Goal 3 PBE-UD boundary rederivation"
"beta1_cap_infeasible_N4_o0.2_h0.8_mu0.1_A0.25_l1",TRUE,"C=-0.13333333; cap proposal infeasible","2026-08-04","Goal 3 PBE-UD boundary rederivation"
"beta1_cap_infeasible_N4_o0.2_h0.8_mu0.1_A0.75_l0",TRUE,"C=-0.13333333; cap proposal infeasible","2026-08-04","Goal 3 PBE-UD boundary rederivation"
"beta1_cap_infeasible_N4_o0.2_h0.8_mu0.1_A0.75_l0.5",TRUE,"C=-0.13333333; cap proposal infeasible","2026-08-04","Goal 3 PBE-UD boundary rederivation"
"beta1_cap_infeasible_N4_o0.2_h0.8_mu0.1_A0.75_l0.9",TRUE,"C=-0.13333333; cap proposal infeasible","2026-08-04","Goal 3 PBE-UD boundary rederivation"
"beta1_cap_infeasible_N4_o0.2_h0.8_mu0.1_A0.75_l1",TRUE,"C=-0.13333333; cap proposal infeasible","2026-08-04","Goal 3 PBE-UD boundary rederivation"
"beta1_cap_infeasible_N4_o0.2_h0.8_mu0.1_A1_l0",TRUE,"C=-0.13333333; cap proposal infeasible","2026-08-04","Goal 3 PBE-UD boundary rederivation"
"beta1_cap_infeasible_N4_o0.2_h0.8_mu0.1_A1_l0.5",TRUE,"C=-0.13333333; cap proposal infeasible","2026-08-04","Goal 3 PBE-UD boundary rederivation"
"beta1_cap_infeasible_N4_o0.2_h0.8_mu0.1_A1_l0.9",TRUE,"C=-0.13333333; cap proposal infeasible","2026-08-04","Goal 3 PBE-UD boundary rederivation"
"beta1_cap_infeasible_N4_o0.2_h0.8_mu0.1_A1_l1",TRUE,"C=-0.13333333; cap proposal infeasible","2026-08-04","Goal 3 PBE-UD boundary rederivation"
"beta1_cap_infeasible_N4_o0.2_h0.8_mu0.5_A0_l0",TRUE,"C=-0.13333333; cap proposal infeasible","2026-08-04","Goal 3 PBE-UD boundary rederivation"
"beta1_cap_infeasible_N4_o0.2_h0.8_mu0.5_A0_l0.5",TRUE,"C=-0.13333333; cap proposal infeasible","2026-08-04","Goal 3 PBE-UD boundary rederivation"
"beta1_cap_infeasible_N4_o0.2_h0.8_mu0.5_A0_l0.9",TRUE,"C=-0.13333333; cap proposal infeasible","2026-08-04","Goal 3 PBE-UD boundary rederivation"
"beta1_cap_infeasible_N4_o0.2_h0.8_mu0.5_A0_l1",TRUE,"C=-0.13333333; cap proposal infeasible","2026-08-04","Goal 3 PBE-UD boundary rederivation"
"beta1_cap_infeasible_N4_o0.2_h0.8_mu0.5_A0.25_l0",TRUE,"C=-0.13333333; cap proposal infeasible","2026-08-04","Goal 3 PBE-UD boundary rederivation"
"beta1_cap_infeasible_N4_o0.2_h0.8_mu0.5_A0.25_l0.5",TRUE,"C=-0.13333333; cap proposal infeasible","2026-08-04","Goal 3 PBE-UD boundary rederivation"
"beta1_cap_infeasible_N4_o0.2_h0.8_mu0.5_A0.25_l0.9",TRUE,"C=-0.13333333; cap proposal infeasible","2026-08-04","Goal 3 PBE-UD boundary rederivation"
"beta1_cap_infeasible_N4_o0.2_h0.8_mu0.5_A0.25_l1",TRUE,"C=-0.13333333; cap proposal infeasible","2026-08-04","Goal 3 PBE-UD boundary rederivation"
"beta1_cap_infeasible_N4_o0.2_h0.8_mu0.5_A0.75_l0",TRUE,"C=-0.13333333; cap proposal infeasible","2026-08-04","Goal 3 PBE-UD boundary rederivation"
"beta1_cap_infeasible_N4_o0.2_h0.8_mu0.5_A0.75_l0.5",TRUE,"C=-0.13333333; cap proposal infeasible","2026-08-04","Goal 3 PBE-UD boundary rederivation"
"beta1_cap_infeasible_N4_o0.2_h0.8_mu0.5_A0.75_l0.9",TRUE,"C=-0.13333333; cap proposal infeasible","2026-08-04","Goal 3 PBE-UD boundary rederivation"
"beta1_cap_infeasible_N4_o0.2_h0.8_mu0.5_A0.75_l1",TRUE,"C=-0.13333333; cap proposal infeasible","2026-08-04","Goal 3 PBE-UD boundary rederivation"
"beta1_cap_infeasible_N4_o0.2_h0.8_mu0.5_A1_l0",TRUE,"C=-0.13333333; cap proposal infeasible","2026-08-04","Goal 3 PBE-UD boundary rederivation"
"beta1_cap_infeasible_N4_o0.2_h0.8_mu0.5_A1_l0.5",TRUE,"C=-0.13333333; cap proposal infeasible","2026-08-04","Goal 3 PBE-UD boundary rederivation"
"beta1_cap_infeasible_N4_o0.2_h0.8_mu0.5_A1_l0.9",TRUE,"C=-0.13333333; cap proposal infeasible","2026-08-04","Goal 3 PBE-UD boundary rederivation"
"beta1_cap_infeasible_N4_o0.2_h0.8_mu0.5_A1_l1",TRUE,"C=-0.13333333; cap proposal infeasible","2026-08-04","Goal 3 PBE-UD boundary rederivation"
"beta1_cap_infeasible_N4_o0.2_h0.8_mu0.9_A0_l0",TRUE,"C=-0.13333333; cap proposal infeasible","2026-08-04","Goal 3 PBE-UD boundary rederivation"
"beta1_cap_infeasible_N4_o0.2_h0.8_mu0.9_A0_l0.5",TRUE,"C=-0.13333333; cap proposal infeasible","2026-08-04","Goal 3 PBE-UD boundary rederivation"
"beta1_cap_infeasible_N4_o0.2_h0.8_mu0.9_A0_l0.9",TRUE,"C=-0.13333333; cap proposal infeasible","2026-08-04","Goal 3 PBE-UD boundary rederivation"
"beta1_cap_infeasible_N4_o0.2_h0.8_mu0.9_A0_l1",TRUE,"C=-0.13333333; cap proposal infeasible","2026-08-04","Goal 3 PBE-UD boundary rederivation"
"beta1_cap_infeasible_N4_o0.2_h0.8_mu0.9_A0.25_l0",TRUE,"C=-0.13333333; cap proposal infeasible","2026-08-04","Goal 3 PBE-UD boundary rederivation"
"beta1_cap_infeasible_N4_o0.2_h0.8_mu0.9_A0.25_l0.5",TRUE,"C=-0.13333333; cap proposal infeasible","2026-08-04","Goal 3 PBE-UD boundary rederivation"
"beta1_cap_infeasible_N4_o0.2_h0.8_mu0.9_A0.25_l0.9",TRUE,"C=-0.13333333; cap proposal infeasible","2026-08-04","Goal 3 PBE-UD boundary rederivation"
"beta1_cap_infeasible_N4_o0.2_h0.8_mu0.9_A0.25_l1",TRUE,"C=-0.13333333; cap proposal infeasible","2026-08-04","Goal 3 PBE-UD boundary rederivation"
"beta1_cap_infeasible_N4_o0.2_h0.8_mu0.9_A0.75_l0",TRUE,"C=-0.13333333; cap proposal infeasible","2026-08-04","Goal 3 PBE-UD boundary rederivation"
"beta1_cap_infeasible_N4_o0.2_h0.8_mu0.9_A0.75_l0.5",TRUE,"C=-0.13333333; cap proposal infeasible","2026-08-04","Goal 3 PBE-UD boundary rederivation"
"beta1_cap_infeasible_N4_o0.2_h0.8_mu0.9_A0.75_l0.9",TRUE,"C=-0.13333333; cap proposal infeasible","2026-08-04","Goal 3 PBE-UD boundary rederivation"
"beta1_cap_infeasible_N4_o0.2_h0.8_mu0.9_A0.75_l1",TRUE,"C=-0.13333333; cap proposal infeasible","2026-08-04","Goal 3 PBE-UD boundary rederivation"
"beta1_cap_infeasible_N4_o0.2_h0.8_mu0.9_A1_l0",TRUE,"C=-0.13333333; cap proposal infeasible","2026-08-04","Goal 3 PBE-UD boundary rederivation"
"beta1_cap_infeasible_N4_o0.2_h0.8_mu0.9_A1_l0.5",TRUE,"C=-0.13333333; cap proposal infeasible","2026-08-04","Goal 3 PBE-UD boundary rederivation"
"beta1_cap_infeasible_N4_o0.2_h0.8_mu0.9_A1_l0.9",TRUE,"C=-0.13333333; cap proposal infeasible","2026-08-04","Goal 3 PBE-UD boundary rederivation"
"beta1_cap_infeasible_N4_o0.2_h0.8_mu0.9_A1_l1",TRUE,"C=-0.13333333; cap proposal infeasible","2026-08-04","Goal 3 PBE-UD boundary rederivation"
"beta1_cap_formula_N5_o0.05_h0.4_mu0.1_A0_l0",TRUE,"formula=0.25000000; enumerated=0.25000000","2026-08-04","Goal 3 PBE-UD boundary rederivation"
"beta1_cap_formula_N5_o0.05_h0.4_mu0.1_A0_l0.5",TRUE,"formula=0.25000000; enumerated=0.25000000","2026-08-04","Goal 3 PBE-UD boundary rederivation"
"beta1_cap_formula_N5_o0.05_h0.4_mu0.1_A0_l0.9",TRUE,"formula=0.25000000; enumerated=0.25000000","2026-08-04","Goal 3 PBE-UD boundary rederivation"
"beta1_cap_formula_N5_o0.05_h0.4_mu0.1_A0_l1",TRUE,"formula=0.25000000; enumerated=0.25000000","2026-08-04","Goal 3 PBE-UD boundary rederivation"
"beta1_cap_formula_N5_o0.05_h0.4_mu0.1_A0.25_l0",TRUE,"formula=0.27250000; enumerated=0.27250000","2026-08-04","Goal 3 PBE-UD boundary rederivation"
"beta1_cap_formula_N5_o0.05_h0.4_mu0.1_A0.25_l0.5",TRUE,"formula=0.27375000; enumerated=0.27375000","2026-08-04","Goal 3 PBE-UD boundary rederivation"
"beta1_cap_formula_N5_o0.05_h0.4_mu0.1_A0.25_l0.9",TRUE,"formula=0.27475000; enumerated=0.27475000","2026-08-04","Goal 3 PBE-UD boundary rederivation"
"beta1_cap_formula_N5_o0.05_h0.4_mu0.1_A0.25_l1",TRUE,"formula=0.27500000; enumerated=0.27500000","2026-08-04","Goal 3 PBE-UD boundary rederivation"
"beta1_cap_formula_N5_o0.05_h0.4_mu0.1_A0.75_l0",TRUE,"formula=0.31750000; enumerated=0.31750000","2026-08-04","Goal 3 PBE-UD boundary rederivation"
"beta1_cap_formula_N5_o0.05_h0.4_mu0.1_A0.75_l0.5",TRUE,"formula=0.32125000; enumerated=0.32125000","2026-08-04","Goal 3 PBE-UD boundary rederivation"
"beta1_cap_formula_N5_o0.05_h0.4_mu0.1_A0.75_l0.9",TRUE,"formula=0.32425000; enumerated=0.32425000","2026-08-04","Goal 3 PBE-UD boundary rederivation"
"beta1_cap_formula_N5_o0.05_h0.4_mu0.1_A0.75_l1",TRUE,"formula=0.32500000; enumerated=0.32500000","2026-08-04","Goal 3 PBE-UD boundary rederivation"
"beta1_cap_formula_N5_o0.05_h0.4_mu0.1_A1_l0",TRUE,"formula=0.34000000; enumerated=0.34000000","2026-08-04","Goal 3 PBE-UD boundary rederivation"
"beta1_cap_formula_N5_o0.05_h0.4_mu0.1_A1_l0.5",TRUE,"formula=0.34500000; enumerated=0.34500000","2026-08-04","Goal 3 PBE-UD boundary rederivation"
"beta1_cap_formula_N5_o0.05_h0.4_mu0.1_A1_l0.9",TRUE,"formula=0.34900000; enumerated=0.34900000","2026-08-04","Goal 3 PBE-UD boundary rederivation"
"beta1_cap_formula_N5_o0.05_h0.4_mu0.1_A1_l1",TRUE,"formula=0.35000000; enumerated=0.35000000","2026-08-04","Goal 3 PBE-UD boundary rederivation"
"beta1_cap_formula_N5_o0.05_h0.4_mu0.5_A0_l0",TRUE,"formula=0.25000000; enumerated=0.25000000","2026-08-04","Goal 3 PBE-UD boundary rederivation"
"beta1_cap_formula_N5_o0.05_h0.4_mu0.5_A0_l0.5",TRUE,"formula=0.25000000; enumerated=0.25000000","2026-08-04","Goal 3 PBE-UD boundary rederivation"
"beta1_cap_formula_N5_o0.05_h0.4_mu0.5_A0_l0.9",TRUE,"formula=0.25000000; enumerated=0.25000000","2026-08-04","Goal 3 PBE-UD boundary rederivation"
"beta1_cap_formula_N5_o0.05_h0.4_mu0.5_A0_l1",TRUE,"formula=0.25000000; enumerated=0.25000000","2026-08-04","Goal 3 PBE-UD boundary rederivation"
"beta1_cap_formula_N5_o0.05_h0.4_mu0.5_A0.25_l0",TRUE,"formula=0.26250000; enumerated=0.26250000","2026-08-04","Goal 3 PBE-UD boundary rederivation"
"beta1_cap_formula_N5_o0.05_h0.4_mu0.5_A0.25_l0.5",TRUE,"formula=0.26875000; enumerated=0.26875000","2026-08-04","Goal 3 PBE-UD boundary rederivation"
"beta1_cap_formula_N5_o0.05_h0.4_mu0.5_A0.25_l0.9",TRUE,"formula=0.27375000; enumerated=0.27375000","2026-08-04","Goal 3 PBE-UD boundary rederivation"
"beta1_cap_formula_N5_o0.05_h0.4_mu0.5_A0.25_l1",TRUE,"formula=0.27500000; enumerated=0.27500000","2026-08-04","Goal 3 PBE-UD boundary rederivation"
"beta1_cap_formula_N5_o0.05_h0.4_mu0.5_A0.75_l0",TRUE,"formula=0.28750000; enumerated=0.28750000","2026-08-04","Goal 3 PBE-UD boundary rederivation"
"beta1_cap_formula_N5_o0.05_h0.4_mu0.5_A0.75_l0.5",TRUE,"formula=0.30625000; enumerated=0.30625000","2026-08-04","Goal 3 PBE-UD boundary rederivation"
"beta1_cap_formula_N5_o0.05_h0.4_mu0.5_A0.75_l0.9",TRUE,"formula=0.32125000; enumerated=0.32125000","2026-08-04","Goal 3 PBE-UD boundary rederivation"
"beta1_cap_formula_N5_o0.05_h0.4_mu0.5_A0.75_l1",TRUE,"formula=0.32500000; enumerated=0.32500000","2026-08-04","Goal 3 PBE-UD boundary rederivation"
"beta1_cap_formula_N5_o0.05_h0.4_mu0.5_A1_l0",TRUE,"formula=0.30000000; enumerated=0.30000000","2026-08-04","Goal 3 PBE-UD boundary rederivation"
"beta1_cap_formula_N5_o0.05_h0.4_mu0.5_A1_l0.5",TRUE,"formula=0.32500000; enumerated=0.32500000","2026-08-04","Goal 3 PBE-UD boundary rederivation"
"beta1_cap_formula_N5_o0.05_h0.4_mu0.5_A1_l0.9",TRUE,"formula=0.34500000; enumerated=0.34500000","2026-08-04","Goal 3 PBE-UD boundary rederivation"
"beta1_cap_formula_N5_o0.05_h0.4_mu0.5_A1_l1",TRUE,"formula=0.35000000; enumerated=0.35000000","2026-08-04","Goal 3 PBE-UD boundary rederivation"
"beta1_cap_formula_N5_o0.05_h0.4_mu0.9_A0_l0",TRUE,"formula=0.25000000; enumerated=0.25000000","2026-08-04","Goal 3 PBE-UD boundary rederivation"
"beta1_cap_formula_N5_o0.05_h0.4_mu0.9_A0_l0.5",TRUE,"formula=0.25000000; enumerated=0.25000000","2026-08-04","Goal 3 PBE-UD boundary rederivation"
"beta1_cap_formula_N5_o0.05_h0.4_mu0.9_A0_l0.9",TRUE,"formula=0.25000000; enumerated=0.25000000","2026-08-04","Goal 3 PBE-UD boundary rederivation"
"beta1_cap_formula_N5_o0.05_h0.4_mu0.9_A0_l1",TRUE,"formula=0.25000000; enumerated=0.25000000","2026-08-04","Goal 3 PBE-UD boundary rederivation"
"beta1_cap_formula_N5_o0.05_h0.4_mu0.9_A0.25_l0",TRUE,"formula=0.25250000; enumerated=0.25250000","2026-08-04","Goal 3 PBE-UD boundary rederivation"
"beta1_cap_formula_N5_o0.05_h0.4_mu0.9_A0.25_l0.5",TRUE,"formula=0.26375000; enumerated=0.26375000","2026-08-04","Goal 3 PBE-UD boundary rederivation"
"beta1_cap_formula_N5_o0.05_h0.4_mu0.9_A0.25_l0.9",TRUE,"formula=0.27275000; enumerated=0.27275000","2026-08-04","Goal 3 PBE-UD boundary rederivation"
"beta1_cap_formula_N5_o0.05_h0.4_mu0.9_A0.25_l1",TRUE,"formula=0.27500000; enumerated=0.27500000","2026-08-04","Goal 3 PBE-UD boundary rederivation"
"beta1_cap_formula_N5_o0.05_h0.4_mu0.9_A0.75_l0",TRUE,"formula=0.25750000; enumerated=0.25750000","2026-08-04","Goal 3 PBE-UD boundary rederivation"
"beta1_cap_formula_N5_o0.05_h0.4_mu0.9_A0.75_l0.5",TRUE,"formula=0.29125000; enumerated=0.29125000","2026-08-04","Goal 3 PBE-UD boundary rederivation"
"beta1_cap_formula_N5_o0.05_h0.4_mu0.9_A0.75_l0.9",TRUE,"formula=0.31825000; enumerated=0.31825000","2026-08-04","Goal 3 PBE-UD boundary rederivation"
"beta1_cap_formula_N5_o0.05_h0.4_mu0.9_A0.75_l1",TRUE,"formula=0.32500000; enumerated=0.32500000","2026-08-04","Goal 3 PBE-UD boundary rederivation"
"beta1_cap_formula_N5_o0.05_h0.4_mu0.9_A1_l0",TRUE,"formula=0.26000000; enumerated=0.26000000","2026-08-04","Goal 3 PBE-UD boundary rederivation"
"beta1_cap_formula_N5_o0.05_h0.4_mu0.9_A1_l0.5",TRUE,"formula=0.30500000; enumerated=0.30500000","2026-08-04","Goal 3 PBE-UD boundary rederivation"
"beta1_cap_formula_N5_o0.05_h0.4_mu0.9_A1_l0.9",TRUE,"formula=0.34100000; enumerated=0.34100000","2026-08-04","Goal 3 PBE-UD boundary rederivation"
"beta1_cap_formula_N5_o0.05_h0.4_mu0.9_A1_l1",TRUE,"formula=0.35000000; enumerated=0.35000000","2026-08-04","Goal 3 PBE-UD boundary rederivation"
"beta1_cap_infeasible_N5_o0.05_h0.8_mu0.1_A0_l0",TRUE,"C=-0.05000000; cap proposal infeasible","2026-08-04","Goal 3 PBE-UD boundary rederivation"
"beta1_cap_infeasible_N5_o0.05_h0.8_mu0.1_A0_l0.5",TRUE,"C=-0.05000000; cap proposal infeasible","2026-08-04","Goal 3 PBE-UD boundary rederivation"
"beta1_cap_infeasible_N5_o0.05_h0.8_mu0.1_A0_l0.9",TRUE,"C=-0.05000000; cap proposal infeasible","2026-08-04","Goal 3 PBE-UD boundary rederivation"
"beta1_cap_infeasible_N5_o0.05_h0.8_mu0.1_A0_l1",TRUE,"C=-0.05000000; cap proposal infeasible","2026-08-04","Goal 3 PBE-UD boundary rederivation"
"beta1_cap_infeasible_N5_o0.05_h0.8_mu0.1_A0.25_l0",TRUE,"C=-0.05000000; cap proposal infeasible","2026-08-04","Goal 3 PBE-UD boundary rederivation"
"beta1_cap_infeasible_N5_o0.05_h0.8_mu0.1_A0.25_l0.5",TRUE,"C=-0.05000000; cap proposal infeasible","2026-08-04","Goal 3 PBE-UD boundary rederivation"
"beta1_cap_infeasible_N5_o0.05_h0.8_mu0.1_A0.25_l0.9",TRUE,"C=-0.05000000; cap proposal infeasible","2026-08-04","Goal 3 PBE-UD boundary rederivation"
"beta1_cap_infeasible_N5_o0.05_h0.8_mu0.1_A0.25_l1",TRUE,"C=-0.05000000; cap proposal infeasible","2026-08-04","Goal 3 PBE-UD boundary rederivation"
"beta1_cap_infeasible_N5_o0.05_h0.8_mu0.1_A0.75_l0",TRUE,"C=-0.05000000; cap proposal infeasible","2026-08-04","Goal 3 PBE-UD boundary rederivation"
"beta1_cap_infeasible_N5_o0.05_h0.8_mu0.1_A0.75_l0.5",TRUE,"C=-0.05000000; cap proposal infeasible","2026-08-04","Goal 3 PBE-UD boundary rederivation"
"beta1_cap_infeasible_N5_o0.05_h0.8_mu0.1_A0.75_l0.9",TRUE,"C=-0.05000000; cap proposal infeasible","2026-08-04","Goal 3 PBE-UD boundary rederivation"
"beta1_cap_infeasible_N5_o0.05_h0.8_mu0.1_A0.75_l1",TRUE,"C=-0.05000000; cap proposal infeasible","2026-08-04","Goal 3 PBE-UD boundary rederivation"
"beta1_cap_infeasible_N5_o0.05_h0.8_mu0.1_A1_l0",TRUE,"C=-0.05000000; cap proposal infeasible","2026-08-04","Goal 3 PBE-UD boundary rederivation"
"beta1_cap_infeasible_N5_o0.05_h0.8_mu0.1_A1_l0.5",TRUE,"C=-0.05000000; cap proposal infeasible","2026-08-04","Goal 3 PBE-UD boundary rederivation"
"beta1_cap_infeasible_N5_o0.05_h0.8_mu0.1_A1_l0.9",TRUE,"C=-0.05000000; cap proposal infeasible","2026-08-04","Goal 3 PBE-UD boundary rederivation"
"beta1_cap_infeasible_N5_o0.05_h0.8_mu0.1_A1_l1",TRUE,"C=-0.05000000; cap proposal infeasible","2026-08-04","Goal 3 PBE-UD boundary rederivation"
"beta1_cap_infeasible_N5_o0.05_h0.8_mu0.5_A0_l0",TRUE,"C=-0.05000000; cap proposal infeasible","2026-08-04","Goal 3 PBE-UD boundary rederivation"
"beta1_cap_infeasible_N5_o0.05_h0.8_mu0.5_A0_l0.5",TRUE,"C=-0.05000000; cap proposal infeasible","2026-08-04","Goal 3 PBE-UD boundary rederivation"
"beta1_cap_infeasible_N5_o0.05_h0.8_mu0.5_A0_l0.9",TRUE,"C=-0.05000000; cap proposal infeasible","2026-08-04","Goal 3 PBE-UD boundary rederivation"
"beta1_cap_infeasible_N5_o0.05_h0.8_mu0.5_A0_l1",TRUE,"C=-0.05000000; cap proposal infeasible","2026-08-04","Goal 3 PBE-UD boundary rederivation"
"beta1_cap_infeasible_N5_o0.05_h0.8_mu0.5_A0.25_l0",TRUE,"C=-0.05000000; cap proposal infeasible","2026-08-04","Goal 3 PBE-UD boundary rederivation"
"beta1_cap_infeasible_N5_o0.05_h0.8_mu0.5_A0.25_l0.5",TRUE,"C=-0.05000000; cap proposal infeasible","2026-08-04","Goal 3 PBE-UD boundary rederivation"
"beta1_cap_infeasible_N5_o0.05_h0.8_mu0.5_A0.25_l0.9",TRUE,"C=-0.05000000; cap proposal infeasible","2026-08-04","Goal 3 PBE-UD boundary rederivation"
"beta1_cap_infeasible_N5_o0.05_h0.8_mu0.5_A0.25_l1",TRUE,"C=-0.05000000; cap proposal infeasible","2026-08-04","Goal 3 PBE-UD boundary rederivation"
"beta1_cap_infeasible_N5_o0.05_h0.8_mu0.5_A0.75_l0",TRUE,"C=-0.05000000; cap proposal infeasible","2026-08-04","Goal 3 PBE-UD boundary rederivation"
"beta1_cap_infeasible_N5_o0.05_h0.8_mu0.5_A0.75_l0.5",TRUE,"C=-0.05000000; cap proposal infeasible","2026-08-04","Goal 3 PBE-UD boundary rederivation"
"beta1_cap_infeasible_N5_o0.05_h0.8_mu0.5_A0.75_l0.9",TRUE,"C=-0.05000000; cap proposal infeasible","2026-08-04","Goal 3 PBE-UD boundary rederivation"
"beta1_cap_infeasible_N5_o0.05_h0.8_mu0.5_A0.75_l1",TRUE,"C=-0.05000000; cap proposal infeasible","2026-08-04","Goal 3 PBE-UD boundary rederivation"
"beta1_cap_infeasible_N5_o0.05_h0.8_mu0.5_A1_l0",TRUE,"C=-0.05000000; cap proposal infeasible","2026-08-04","Goal 3 PBE-UD boundary rederivation"
"beta1_cap_infeasible_N5_o0.05_h0.8_mu0.5_A1_l0.5",TRUE,"C=-0.05000000; cap proposal infeasible","2026-08-04","Goal 3 PBE-UD boundary rederivation"
"beta1_cap_infeasible_N5_o0.05_h0.8_mu0.5_A1_l0.9",TRUE,"C=-0.05000000; cap proposal infeasible","2026-08-04","Goal 3 PBE-UD boundary rederivation"
"beta1_cap_infeasible_N5_o0.05_h0.8_mu0.5_A1_l1",TRUE,"C=-0.05000000; cap proposal infeasible","2026-08-04","Goal 3 PBE-UD boundary rederivation"
"beta1_cap_infeasible_N5_o0.05_h0.8_mu0.9_A0_l0",TRUE,"C=-0.05000000; cap proposal infeasible","2026-08-04","Goal 3 PBE-UD boundary rederivation"
"beta1_cap_infeasible_N5_o0.05_h0.8_mu0.9_A0_l0.5",TRUE,"C=-0.05000000; cap proposal infeasible","2026-08-04","Goal 3 PBE-UD boundary rederivation"
"beta1_cap_infeasible_N5_o0.05_h0.8_mu0.9_A0_l0.9",TRUE,"C=-0.05000000; cap proposal infeasible","2026-08-04","Goal 3 PBE-UD boundary rederivation"
"beta1_cap_infeasible_N5_o0.05_h0.8_mu0.9_A0_l1",TRUE,"C=-0.05000000; cap proposal infeasible","2026-08-04","Goal 3 PBE-UD boundary rederivation"
"beta1_cap_infeasible_N5_o0.05_h0.8_mu0.9_A0.25_l0",TRUE,"C=-0.05000000; cap proposal infeasible","2026-08-04","Goal 3 PBE-UD boundary rederivation"
"beta1_cap_infeasible_N5_o0.05_h0.8_mu0.9_A0.25_l0.5",TRUE,"C=-0.05000000; cap proposal infeasible","2026-08-04","Goal 3 PBE-UD boundary rederivation"
"beta1_cap_infeasible_N5_o0.05_h0.8_mu0.9_A0.25_l0.9",TRUE,"C=-0.05000000; cap proposal infeasible","2026-08-04","Goal 3 PBE-UD boundary rederivation"
"beta1_cap_infeasible_N5_o0.05_h0.8_mu0.9_A0.25_l1",TRUE,"C=-0.05000000; cap proposal infeasible","2026-08-04","Goal 3 PBE-UD boundary rederivation"
"beta1_cap_infeasible_N5_o0.05_h0.8_mu0.9_A0.75_l0",TRUE,"C=-0.05000000; cap proposal infeasible","2026-08-04","Goal 3 PBE-UD boundary rederivation"
"beta1_cap_infeasible_N5_o0.05_h0.8_mu0.9_A0.75_l0.5",TRUE,"C=-0.05000000; cap proposal infeasible","2026-08-04","Goal 3 PBE-UD boundary rederivation"
"beta1_cap_infeasible_N5_o0.05_h0.8_mu0.9_A0.75_l0.9",TRUE,"C=-0.05000000; cap proposal infeasible","2026-08-04","Goal 3 PBE-UD boundary rederivation"
"beta1_cap_infeasible_N5_o0.05_h0.8_mu0.9_A0.75_l1",TRUE,"C=-0.05000000; cap proposal infeasible","2026-08-04","Goal 3 PBE-UD boundary rederivation"
"beta1_cap_infeasible_N5_o0.05_h0.8_mu0.9_A1_l0",TRUE,"C=-0.05000000; cap proposal infeasible","2026-08-04","Goal 3 PBE-UD boundary rederivation"
"beta1_cap_infeasible_N5_o0.05_h0.8_mu0.9_A1_l0.5",TRUE,"C=-0.05000000; cap proposal infeasible","2026-08-04","Goal 3 PBE-UD boundary rederivation"
"beta1_cap_infeasible_N5_o0.05_h0.8_mu0.9_A1_l0.9",TRUE,"C=-0.05000000; cap proposal infeasible","2026-08-04","Goal 3 PBE-UD boundary rederivation"
"beta1_cap_infeasible_N5_o0.05_h0.8_mu0.9_A1_l1",TRUE,"C=-0.05000000; cap proposal infeasible","2026-08-04","Goal 3 PBE-UD boundary rederivation"
"beta1_cap_formula_N5_o0.2_h0.4_mu0.1_A0_l0",TRUE,"formula=0.25000000; enumerated=0.25000000","2026-08-04","Goal 3 PBE-UD boundary rederivation"
"beta1_cap_formula_N5_o0.2_h0.4_mu0.1_A0_l0.5",TRUE,"formula=0.25000000; enumerated=0.25000000","2026-08-04","Goal 3 PBE-UD boundary rederivation"
"beta1_cap_formula_N5_o0.2_h0.4_mu0.1_A0_l0.9",TRUE,"formula=0.25000000; enumerated=0.25000000","2026-08-04","Goal 3 PBE-UD boundary rederivation"
"beta1_cap_formula_N5_o0.2_h0.4_mu0.1_A0_l1",TRUE,"formula=0.25000000; enumerated=0.25000000","2026-08-04","Goal 3 PBE-UD boundary rederivation"
"beta1_cap_formula_N5_o0.2_h0.4_mu0.1_A0.25_l0",TRUE,"formula=0.27250000; enumerated=0.27250000","2026-08-04","Goal 3 PBE-UD boundary rederivation"
"beta1_cap_formula_N5_o0.2_h0.4_mu0.1_A0.25_l0.5",TRUE,"formula=0.27375000; enumerated=0.27375000","2026-08-04","Goal 3 PBE-UD boundary rederivation"
"beta1_cap_formula_N5_o0.2_h0.4_mu0.1_A0.25_l0.9",TRUE,"formula=0.27475000; enumerated=0.27475000","2026-08-04","Goal 3 PBE-UD boundary rederivation"
"beta1_cap_formula_N5_o0.2_h0.4_mu0.1_A0.25_l1",TRUE,"formula=0.27500000; enumerated=0.27500000","2026-08-04","Goal 3 PBE-UD boundary rederivation"
"beta1_cap_formula_N5_o0.2_h0.4_mu0.1_A0.75_l0",TRUE,"formula=0.31750000; enumerated=0.31750000","2026-08-04","Goal 3 PBE-UD boundary rederivation"
"beta1_cap_formula_N5_o0.2_h0.4_mu0.1_A0.75_l0.5",TRUE,"formula=0.32125000; enumerated=0.32125000","2026-08-04","Goal 3 PBE-UD boundary rederivation"
"beta1_cap_formula_N5_o0.2_h0.4_mu0.1_A0.75_l0.9",TRUE,"formula=0.32425000; enumerated=0.32425000","2026-08-04","Goal 3 PBE-UD boundary rederivation"
"beta1_cap_formula_N5_o0.2_h0.4_mu0.1_A0.75_l1",TRUE,"formula=0.32500000; enumerated=0.32500000","2026-08-04","Goal 3 PBE-UD boundary rederivation"
"beta1_cap_formula_N5_o0.2_h0.4_mu0.1_A1_l0",TRUE,"formula=0.34000000; enumerated=0.34000000","2026-08-04","Goal 3 PBE-UD boundary rederivation"
"beta1_cap_formula_N5_o0.2_h0.4_mu0.1_A1_l0.5",TRUE,"formula=0.34500000; enumerated=0.34500000","2026-08-04","Goal 3 PBE-UD boundary rederivation"
"beta1_cap_formula_N5_o0.2_h0.4_mu0.1_A1_l0.9",TRUE,"formula=0.34900000; enumerated=0.34900000","2026-08-04","Goal 3 PBE-UD boundary rederivation"
"beta1_cap_formula_N5_o0.2_h0.4_mu0.1_A1_l1",TRUE,"formula=0.35000000; enumerated=0.35000000","2026-08-04","Goal 3 PBE-UD boundary rederivation"
"beta1_cap_formula_N5_o0.2_h0.4_mu0.5_A0_l0",TRUE,"formula=0.25000000; enumerated=0.25000000","2026-08-04","Goal 3 PBE-UD boundary rederivation"
"beta1_cap_formula_N5_o0.2_h0.4_mu0.5_A0_l0.5",TRUE,"formula=0.25000000; enumerated=0.25000000","2026-08-04","Goal 3 PBE-UD boundary rederivation"
"beta1_cap_formula_N5_o0.2_h0.4_mu0.5_A0_l0.9",TRUE,"formula=0.25000000; enumerated=0.25000000","2026-08-04","Goal 3 PBE-UD boundary rederivation"
"beta1_cap_formula_N5_o0.2_h0.4_mu0.5_A0_l1",TRUE,"formula=0.25000000; enumerated=0.25000000","2026-08-04","Goal 3 PBE-UD boundary rederivation"
"beta1_cap_formula_N5_o0.2_h0.4_mu0.5_A0.25_l0",TRUE,"formula=0.26250000; enumerated=0.26250000","2026-08-04","Goal 3 PBE-UD boundary rederivation"
"beta1_cap_formula_N5_o0.2_h0.4_mu0.5_A0.25_l0.5",TRUE,"formula=0.26875000; enumerated=0.26875000","2026-08-04","Goal 3 PBE-UD boundary rederivation"
"beta1_cap_formula_N5_o0.2_h0.4_mu0.5_A0.25_l0.9",TRUE,"formula=0.27375000; enumerated=0.27375000","2026-08-04","Goal 3 PBE-UD boundary rederivation"
"beta1_cap_formula_N5_o0.2_h0.4_mu0.5_A0.25_l1",TRUE,"formula=0.27500000; enumerated=0.27500000","2026-08-04","Goal 3 PBE-UD boundary rederivation"
"beta1_cap_formula_N5_o0.2_h0.4_mu0.5_A0.75_l0",TRUE,"formula=0.28750000; enumerated=0.28750000","2026-08-04","Goal 3 PBE-UD boundary rederivation"
"beta1_cap_formula_N5_o0.2_h0.4_mu0.5_A0.75_l0.5",TRUE,"formula=0.30625000; enumerated=0.30625000","2026-08-04","Goal 3 PBE-UD boundary rederivation"
"beta1_cap_formula_N5_o0.2_h0.4_mu0.5_A0.75_l0.9",TRUE,"formula=0.32125000; enumerated=0.32125000","2026-08-04","Goal 3 PBE-UD boundary rederivation"
"beta1_cap_formula_N5_o0.2_h0.4_mu0.5_A0.75_l1",TRUE,"formula=0.32500000; enumerated=0.32500000","2026-08-04","Goal 3 PBE-UD boundary rederivation"
"beta1_cap_formula_N5_o0.2_h0.4_mu0.5_A1_l0",TRUE,"formula=0.30000000; enumerated=0.30000000","2026-08-04","Goal 3 PBE-UD boundary rederivation"
"beta1_cap_formula_N5_o0.2_h0.4_mu0.5_A1_l0.5",TRUE,"formula=0.32500000; enumerated=0.32500000","2026-08-04","Goal 3 PBE-UD boundary rederivation"
"beta1_cap_formula_N5_o0.2_h0.4_mu0.5_A1_l0.9",TRUE,"formula=0.34500000; enumerated=0.34500000","2026-08-04","Goal 3 PBE-UD boundary rederivation"
"beta1_cap_formula_N5_o0.2_h0.4_mu0.5_A1_l1",TRUE,"formula=0.35000000; enumerated=0.35000000","2026-08-04","Goal 3 PBE-UD boundary rederivation"
"beta1_cap_formula_N5_o0.2_h0.4_mu0.9_A0_l0",TRUE,"formula=0.25000000; enumerated=0.25000000","2026-08-04","Goal 3 PBE-UD boundary rederivation"
"beta1_cap_formula_N5_o0.2_h0.4_mu0.9_A0_l0.5",TRUE,"formula=0.25000000; enumerated=0.25000000","2026-08-04","Goal 3 PBE-UD boundary rederivation"
"beta1_cap_formula_N5_o0.2_h0.4_mu0.9_A0_l0.9",TRUE,"formula=0.25000000; enumerated=0.25000000","2026-08-04","Goal 3 PBE-UD boundary rederivation"
"beta1_cap_formula_N5_o0.2_h0.4_mu0.9_A0_l1",TRUE,"formula=0.25000000; enumerated=0.25000000","2026-08-04","Goal 3 PBE-UD boundary rederivation"
"beta1_cap_formula_N5_o0.2_h0.4_mu0.9_A0.25_l0",TRUE,"formula=0.25250000; enumerated=0.25250000","2026-08-04","Goal 3 PBE-UD boundary rederivation"
"beta1_cap_formula_N5_o0.2_h0.4_mu0.9_A0.25_l0.5",TRUE,"formula=0.26375000; enumerated=0.26375000","2026-08-04","Goal 3 PBE-UD boundary rederivation"
"beta1_cap_formula_N5_o0.2_h0.4_mu0.9_A0.25_l0.9",TRUE,"formula=0.27275000; enumerated=0.27275000","2026-08-04","Goal 3 PBE-UD boundary rederivation"
"beta1_cap_formula_N5_o0.2_h0.4_mu0.9_A0.25_l1",TRUE,"formula=0.27500000; enumerated=0.27500000","2026-08-04","Goal 3 PBE-UD boundary rederivation"
"beta1_cap_formula_N5_o0.2_h0.4_mu0.9_A0.75_l0",TRUE,"formula=0.25750000; enumerated=0.25750000","2026-08-04","Goal 3 PBE-UD boundary rederivation"
"beta1_cap_formula_N5_o0.2_h0.4_mu0.9_A0.75_l0.5",TRUE,"formula=0.29125000; enumerated=0.29125000","2026-08-04","Goal 3 PBE-UD boundary rederivation"
"beta1_cap_formula_N5_o0.2_h0.4_mu0.9_A0.75_l0.9",TRUE,"formula=0.31825000; enumerated=0.31825000","2026-08-04","Goal 3 PBE-UD boundary rederivation"
"beta1_cap_formula_N5_o0.2_h0.4_mu0.9_A0.75_l1",TRUE,"formula=0.32500000; enumerated=0.32500000","2026-08-04","Goal 3 PBE-UD boundary rederivation"
"beta1_cap_formula_N5_o0.2_h0.4_mu0.9_A1_l0",TRUE,"formula=0.26000000; enumerated=0.26000000","2026-08-04","Goal 3 PBE-UD boundary rederivation"
"beta1_cap_formula_N5_o0.2_h0.4_mu0.9_A1_l0.5",TRUE,"formula=0.30500000; enumerated=0.30500000","2026-08-04","Goal 3 PBE-UD boundary rederivation"
"beta1_cap_formula_N5_o0.2_h0.4_mu0.9_A1_l0.9",TRUE,"formula=0.34100000; enumerated=0.34100000","2026-08-04","Goal 3 PBE-UD boundary rederivation"
"beta1_cap_formula_N5_o0.2_h0.4_mu0.9_A1_l1",TRUE,"formula=0.35000000; enumerated=0.35000000","2026-08-04","Goal 3 PBE-UD boundary rederivation"
"beta1_cap_infeasible_N5_o0.2_h0.8_mu0.1_A0_l0",TRUE,"C=-0.05000000; cap proposal infeasible","2026-08-04","Goal 3 PBE-UD boundary rederivation"
"beta1_cap_infeasible_N5_o0.2_h0.8_mu0.1_A0_l0.5",TRUE,"C=-0.05000000; cap proposal infeasible","2026-08-04","Goal 3 PBE-UD boundary rederivation"
"beta1_cap_infeasible_N5_o0.2_h0.8_mu0.1_A0_l0.9",TRUE,"C=-0.05000000; cap proposal infeasible","2026-08-04","Goal 3 PBE-UD boundary rederivation"
"beta1_cap_infeasible_N5_o0.2_h0.8_mu0.1_A0_l1",TRUE,"C=-0.05000000; cap proposal infeasible","2026-08-04","Goal 3 PBE-UD boundary rederivation"
"beta1_cap_infeasible_N5_o0.2_h0.8_mu0.1_A0.25_l0",TRUE,"C=-0.05000000; cap proposal infeasible","2026-08-04","Goal 3 PBE-UD boundary rederivation"
"beta1_cap_infeasible_N5_o0.2_h0.8_mu0.1_A0.25_l0.5",TRUE,"C=-0.05000000; cap proposal infeasible","2026-08-04","Goal 3 PBE-UD boundary rederivation"
"beta1_cap_infeasible_N5_o0.2_h0.8_mu0.1_A0.25_l0.9",TRUE,"C=-0.05000000; cap proposal infeasible","2026-08-04","Goal 3 PBE-UD boundary rederivation"
"beta1_cap_infeasible_N5_o0.2_h0.8_mu0.1_A0.25_l1",TRUE,"C=-0.05000000; cap proposal infeasible","2026-08-04","Goal 3 PBE-UD boundary rederivation"
"beta1_cap_infeasible_N5_o0.2_h0.8_mu0.1_A0.75_l0",TRUE,"C=-0.05000000; cap proposal infeasible","2026-08-04","Goal 3 PBE-UD boundary rederivation"
"beta1_cap_infeasible_N5_o0.2_h0.8_mu0.1_A0.75_l0.5",TRUE,"C=-0.05000000; cap proposal infeasible","2026-08-04","Goal 3 PBE-UD boundary rederivation"
"beta1_cap_infeasible_N5_o0.2_h0.8_mu0.1_A0.75_l0.9",TRUE,"C=-0.05000000; cap proposal infeasible","2026-08-04","Goal 3 PBE-UD boundary rederivation"
"beta1_cap_infeasible_N5_o0.2_h0.8_mu0.1_A0.75_l1",TRUE,"C=-0.05000000; cap proposal infeasible","2026-08-04","Goal 3 PBE-UD boundary rederivation"
"beta1_cap_infeasible_N5_o0.2_h0.8_mu0.1_A1_l0",TRUE,"C=-0.05000000; cap proposal infeasible","2026-08-04","Goal 3 PBE-UD boundary rederivation"
"beta1_cap_infeasible_N5_o0.2_h0.8_mu0.1_A1_l0.5",TRUE,"C=-0.05000000; cap proposal infeasible","2026-08-04","Goal 3 PBE-UD boundary rederivation"
"beta1_cap_infeasible_N5_o0.2_h0.8_mu0.1_A1_l0.9",TRUE,"C=-0.05000000; cap proposal infeasible","2026-08-04","Goal 3 PBE-UD boundary rederivation"
"beta1_cap_infeasible_N5_o0.2_h0.8_mu0.1_A1_l1",TRUE,"C=-0.05000000; cap proposal infeasible","2026-08-04","Goal 3 PBE-UD boundary rederivation"
"beta1_cap_infeasible_N5_o0.2_h0.8_mu0.5_A0_l0",TRUE,"C=-0.05000000; cap proposal infeasible","2026-08-04","Goal 3 PBE-UD boundary rederivation"
"beta1_cap_infeasible_N5_o0.2_h0.8_mu0.5_A0_l0.5",TRUE,"C=-0.05000000; cap proposal infeasible","2026-08-04","Goal 3 PBE-UD boundary rederivation"
"beta1_cap_infeasible_N5_o0.2_h0.8_mu0.5_A0_l0.9",TRUE,"C=-0.05000000; cap proposal infeasible","2026-08-04","Goal 3 PBE-UD boundary rederivation"
"beta1_cap_infeasible_N5_o0.2_h0.8_mu0.5_A0_l1",TRUE,"C=-0.05000000; cap proposal infeasible","2026-08-04","Goal 3 PBE-UD boundary rederivation"
"beta1_cap_infeasible_N5_o0.2_h0.8_mu0.5_A0.25_l0",TRUE,"C=-0.05000000; cap proposal infeasible","2026-08-04","Goal 3 PBE-UD boundary rederivation"
"beta1_cap_infeasible_N5_o0.2_h0.8_mu0.5_A0.25_l0.5",TRUE,"C=-0.05000000; cap proposal infeasible","2026-08-04","Goal 3 PBE-UD boundary rederivation"
"beta1_cap_infeasible_N5_o0.2_h0.8_mu0.5_A0.25_l0.9",TRUE,"C=-0.05000000; cap proposal infeasible","2026-08-04","Goal 3 PBE-UD boundary rederivation"
"beta1_cap_infeasible_N5_o0.2_h0.8_mu0.5_A0.25_l1",TRUE,"C=-0.05000000; cap proposal infeasible","2026-08-04","Goal 3 PBE-UD boundary rederivation"
"beta1_cap_infeasible_N5_o0.2_h0.8_mu0.5_A0.75_l0",TRUE,"C=-0.05000000; cap proposal infeasible","2026-08-04","Goal 3 PBE-UD boundary rederivation"
"beta1_cap_infeasible_N5_o0.2_h0.8_mu0.5_A0.75_l0.5",TRUE,"C=-0.05000000; cap proposal infeasible","2026-08-04","Goal 3 PBE-UD boundary rederivation"
"beta1_cap_infeasible_N5_o0.2_h0.8_mu0.5_A0.75_l0.9",TRUE,"C=-0.05000000; cap proposal infeasible","2026-08-04","Goal 3 PBE-UD boundary rederivation"
"beta1_cap_infeasible_N5_o0.2_h0.8_mu0.5_A0.75_l1",TRUE,"C=-0.05000000; cap proposal infeasible","2026-08-04","Goal 3 PBE-UD boundary rederivation"
"beta1_cap_infeasible_N5_o0.2_h0.8_mu0.5_A1_l0",TRUE,"C=-0.05000000; cap proposal infeasible","2026-08-04","Goal 3 PBE-UD boundary rederivation"
"beta1_cap_infeasible_N5_o0.2_h0.8_mu0.5_A1_l0.5",TRUE,"C=-0.05000000; cap proposal infeasible","2026-08-04","Goal 3 PBE-UD boundary rederivation"
"beta1_cap_infeasible_N5_o0.2_h0.8_mu0.5_A1_l0.9",TRUE,"C=-0.05000000; cap proposal infeasible","2026-08-04","Goal 3 PBE-UD boundary rederivation"
"beta1_cap_infeasible_N5_o0.2_h0.8_mu0.5_A1_l1",TRUE,"C=-0.05000000; cap proposal infeasible","2026-08-04","Goal 3 PBE-UD boundary rederivation"
"beta1_cap_infeasible_N5_o0.2_h0.8_mu0.9_A0_l0",TRUE,"C=-0.05000000; cap proposal infeasible","2026-08-04","Goal 3 PBE-UD boundary rederivation"
"beta1_cap_infeasible_N5_o0.2_h0.8_mu0.9_A0_l0.5",TRUE,"C=-0.05000000; cap proposal infeasible","2026-08-04","Goal 3 PBE-UD boundary rederivation"
"beta1_cap_infeasible_N5_o0.2_h0.8_mu0.9_A0_l0.9",TRUE,"C=-0.05000000; cap proposal infeasible","2026-08-04","Goal 3 PBE-UD boundary rederivation"
"beta1_cap_infeasible_N5_o0.2_h0.8_mu0.9_A0_l1",TRUE,"C=-0.05000000; cap proposal infeasible","2026-08-04","Goal 3 PBE-UD boundary rederivation"
"beta1_cap_infeasible_N5_o0.2_h0.8_mu0.9_A0.25_l0",TRUE,"C=-0.05000000; cap proposal infeasible","2026-08-04","Goal 3 PBE-UD boundary rederivation"
"beta1_cap_infeasible_N5_o0.2_h0.8_mu0.9_A0.25_l0.5",TRUE,"C=-0.05000000; cap proposal infeasible","2026-08-04","Goal 3 PBE-UD boundary rederivation"
"beta1_cap_infeasible_N5_o0.2_h0.8_mu0.9_A0.25_l0.9",TRUE,"C=-0.05000000; cap proposal infeasible","2026-08-04","Goal 3 PBE-UD boundary rederivation"
"beta1_cap_infeasible_N5_o0.2_h0.8_mu0.9_A0.25_l1",TRUE,"C=-0.05000000; cap proposal infeasible","2026-08-04","Goal 3 PBE-UD boundary rederivation"
"beta1_cap_infeasible_N5_o0.2_h0.8_mu0.9_A0.75_l0",TRUE,"C=-0.05000000; cap proposal infeasible","2026-08-04","Goal 3 PBE-UD boundary rederivation"
"beta1_cap_infeasible_N5_o0.2_h0.8_mu0.9_A0.75_l0.5",TRUE,"C=-0.05000000; cap proposal infeasible","2026-08-04","Goal 3 PBE-UD boundary rederivation"
"beta1_cap_infeasible_N5_o0.2_h0.8_mu0.9_A0.75_l0.9",TRUE,"C=-0.05000000; cap proposal infeasible","2026-08-04","Goal 3 PBE-UD boundary rederivation"
"beta1_cap_infeasible_N5_o0.2_h0.8_mu0.9_A0.75_l1",TRUE,"C=-0.05000000; cap proposal infeasible","2026-08-04","Goal 3 PBE-UD boundary rederivation"
"beta1_cap_infeasible_N5_o0.2_h0.8_mu0.9_A1_l0",TRUE,"C=-0.05000000; cap proposal infeasible","2026-08-04","Goal 3 PBE-UD boundary rederivation"
"beta1_cap_infeasible_N5_o0.2_h0.8_mu0.9_A1_l0.5",TRUE,"C=-0.05000000; cap proposal infeasible","2026-08-04","Goal 3 PBE-UD boundary rederivation"
"beta1_cap_infeasible_N5_o0.2_h0.8_mu0.9_A1_l0.9",TRUE,"C=-0.05000000; cap proposal infeasible","2026-08-04","Goal 3 PBE-UD boundary rederivation"
"beta1_cap_infeasible_N5_o0.2_h0.8_mu0.9_A1_l1",TRUE,"C=-0.05000000; cap proposal infeasible","2026-08-04","Goal 3 PBE-UD boundary rederivation"
"beta1_cap_formula_N6_o0.05_h0.4_mu0.1_A0_l0",TRUE,"formula=0.20000000; enumerated=0.20000000","2026-08-04","Goal 3 PBE-UD boundary rederivation"
"beta1_cap_formula_N6_o0.05_h0.4_mu0.1_A0_l0.5",TRUE,"formula=0.20000000; enumerated=0.20000000","2026-08-04","Goal 3 PBE-UD boundary rederivation"
"beta1_cap_formula_N6_o0.05_h0.4_mu0.1_A0_l0.9",TRUE,"formula=0.20000000; enumerated=0.20000000","2026-08-04","Goal 3 PBE-UD boundary rederivation"
"beta1_cap_formula_N6_o0.05_h0.4_mu0.1_A0_l1",TRUE,"formula=0.20000000; enumerated=0.20000000","2026-08-04","Goal 3 PBE-UD boundary rederivation"
"beta1_cap_formula_N6_o0.05_h0.4_mu0.1_A0.25_l0",TRUE,"formula=0.20000000; enumerated=0.20000000","2026-08-04","Goal 3 PBE-UD boundary rederivation"
"beta1_cap_formula_N6_o0.05_h0.4_mu0.1_A0.25_l0.5",TRUE,"formula=0.20000000; enumerated=0.20000000","2026-08-04","Goal 3 PBE-UD boundary rederivation"
"beta1_cap_formula_N6_o0.05_h0.4_mu0.1_A0.25_l0.9",TRUE,"formula=0.20000000; enumerated=0.20000000","2026-08-04","Goal 3 PBE-UD boundary rederivation"
"beta1_cap_formula_N6_o0.05_h0.4_mu0.1_A0.25_l1",TRUE,"formula=0.20000000; enumerated=0.20000000","2026-08-04","Goal 3 PBE-UD boundary rederivation"
"beta1_cap_formula_N6_o0.05_h0.4_mu0.1_A0.75_l0",TRUE,"formula=0.20000000; enumerated=0.20000000","2026-08-04","Goal 3 PBE-UD boundary rederivation"
"beta1_cap_formula_N6_o0.05_h0.4_mu0.1_A0.75_l0.5",TRUE,"formula=0.20000000; enumerated=0.20000000","2026-08-04","Goal 3 PBE-UD boundary rederivation"
"beta1_cap_formula_N6_o0.05_h0.4_mu0.1_A0.75_l0.9",TRUE,"formula=0.20000000; enumerated=0.20000000","2026-08-04","Goal 3 PBE-UD boundary rederivation"
"beta1_cap_formula_N6_o0.05_h0.4_mu0.1_A0.75_l1",TRUE,"formula=0.20000000; enumerated=0.20000000","2026-08-04","Goal 3 PBE-UD boundary rederivation"
"beta1_cap_formula_N6_o0.05_h0.4_mu0.1_A1_l0",TRUE,"formula=0.20000000; enumerated=0.20000000","2026-08-04","Goal 3 PBE-UD boundary rederivation"
"beta1_cap_formula_N6_o0.05_h0.4_mu0.1_A1_l0.5",TRUE,"formula=0.20000000; enumerated=0.20000000","2026-08-04","Goal 3 PBE-UD boundary rederivation"
"beta1_cap_formula_N6_o0.05_h0.4_mu0.1_A1_l0.9",TRUE,"formula=0.20000000; enumerated=0.20000000","2026-08-04","Goal 3 PBE-UD boundary rederivation"
"beta1_cap_formula_N6_o0.05_h0.4_mu0.1_A1_l1",TRUE,"formula=0.20000000; enumerated=0.20000000","2026-08-04","Goal 3 PBE-UD boundary rederivation"
"beta1_cap_formula_N6_o0.05_h0.4_mu0.5_A0_l0",TRUE,"formula=0.20000000; enumerated=0.20000000","2026-08-04","Goal 3 PBE-UD boundary rederivation"
"beta1_cap_formula_N6_o0.05_h0.4_mu0.5_A0_l0.5",TRUE,"formula=0.20000000; enumerated=0.20000000","2026-08-04","Goal 3 PBE-UD boundary rederivation"
"beta1_cap_formula_N6_o0.05_h0.4_mu0.5_A0_l0.9",TRUE,"formula=0.20000000; enumerated=0.20000000","2026-08-04","Goal 3 PBE-UD boundary rederivation"
"beta1_cap_formula_N6_o0.05_h0.4_mu0.5_A0_l1",TRUE,"formula=0.20000000; enumerated=0.20000000","2026-08-04","Goal 3 PBE-UD boundary rederivation"
"beta1_cap_formula_N6_o0.05_h0.4_mu0.5_A0.25_l0",TRUE,"formula=0.20000000; enumerated=0.20000000","2026-08-04","Goal 3 PBE-UD boundary rederivation"
"beta1_cap_formula_N6_o0.05_h0.4_mu0.5_A0.25_l0.5",TRUE,"formula=0.20000000; enumerated=0.20000000","2026-08-04","Goal 3 PBE-UD boundary rederivation"
"beta1_cap_formula_N6_o0.05_h0.4_mu0.5_A0.25_l0.9",TRUE,"formula=0.20000000; enumerated=0.20000000","2026-08-04","Goal 3 PBE-UD boundary rederivation"
"beta1_cap_formula_N6_o0.05_h0.4_mu0.5_A0.25_l1",TRUE,"formula=0.20000000; enumerated=0.20000000","2026-08-04","Goal 3 PBE-UD boundary rederivation"
"beta1_cap_formula_N6_o0.05_h0.4_mu0.5_A0.75_l0",TRUE,"formula=0.20000000; enumerated=0.20000000","2026-08-04","Goal 3 PBE-UD boundary rederivation"
"beta1_cap_formula_N6_o0.05_h0.4_mu0.5_A0.75_l0.5",TRUE,"formula=0.20000000; enumerated=0.20000000","2026-08-04","Goal 3 PBE-UD boundary rederivation"
"beta1_cap_formula_N6_o0.05_h0.4_mu0.5_A0.75_l0.9",TRUE,"formula=0.20000000; enumerated=0.20000000","2026-08-04","Goal 3 PBE-UD boundary rederivation"
"beta1_cap_formula_N6_o0.05_h0.4_mu0.5_A0.75_l1",TRUE,"formula=0.20000000; enumerated=0.20000000","2026-08-04","Goal 3 PBE-UD boundary rederivation"
"beta1_cap_formula_N6_o0.05_h0.4_mu0.5_A1_l0",TRUE,"formula=0.20000000; enumerated=0.20000000","2026-08-04","Goal 3 PBE-UD boundary rederivation"
"beta1_cap_formula_N6_o0.05_h0.4_mu0.5_A1_l0.5",TRUE,"formula=0.20000000; enumerated=0.20000000","2026-08-04","Goal 3 PBE-UD boundary rederivation"
"beta1_cap_formula_N6_o0.05_h0.4_mu0.5_A1_l0.9",TRUE,"formula=0.20000000; enumerated=0.20000000","2026-08-04","Goal 3 PBE-UD boundary rederivation"
"beta1_cap_formula_N6_o0.05_h0.4_mu0.5_A1_l1",TRUE,"formula=0.20000000; enumerated=0.20000000","2026-08-04","Goal 3 PBE-UD boundary rederivation"
"beta1_cap_formula_N6_o0.05_h0.4_mu0.9_A0_l0",TRUE,"formula=0.20000000; enumerated=0.20000000","2026-08-04","Goal 3 PBE-UD boundary rederivation"
"beta1_cap_formula_N6_o0.05_h0.4_mu0.9_A0_l0.5",TRUE,"formula=0.20000000; enumerated=0.20000000","2026-08-04","Goal 3 PBE-UD boundary rederivation"
"beta1_cap_formula_N6_o0.05_h0.4_mu0.9_A0_l0.9",TRUE,"formula=0.20000000; enumerated=0.20000000","2026-08-04","Goal 3 PBE-UD boundary rederivation"
"beta1_cap_formula_N6_o0.05_h0.4_mu0.9_A0_l1",TRUE,"formula=0.20000000; enumerated=0.20000000","2026-08-04","Goal 3 PBE-UD boundary rederivation"
"beta1_cap_formula_N6_o0.05_h0.4_mu0.9_A0.25_l0",TRUE,"formula=0.20000000; enumerated=0.20000000","2026-08-04","Goal 3 PBE-UD boundary rederivation"
"beta1_cap_formula_N6_o0.05_h0.4_mu0.9_A0.25_l0.5",TRUE,"formula=0.20000000; enumerated=0.20000000","2026-08-04","Goal 3 PBE-UD boundary rederivation"
"beta1_cap_formula_N6_o0.05_h0.4_mu0.9_A0.25_l0.9",TRUE,"formula=0.20000000; enumerated=0.20000000","2026-08-04","Goal 3 PBE-UD boundary rederivation"
"beta1_cap_formula_N6_o0.05_h0.4_mu0.9_A0.25_l1",TRUE,"formula=0.20000000; enumerated=0.20000000","2026-08-04","Goal 3 PBE-UD boundary rederivation"
"beta1_cap_formula_N6_o0.05_h0.4_mu0.9_A0.75_l0",TRUE,"formula=0.20000000; enumerated=0.20000000","2026-08-04","Goal 3 PBE-UD boundary rederivation"
"beta1_cap_formula_N6_o0.05_h0.4_mu0.9_A0.75_l0.5",TRUE,"formula=0.20000000; enumerated=0.20000000","2026-08-04","Goal 3 PBE-UD boundary rederivation"
"beta1_cap_formula_N6_o0.05_h0.4_mu0.9_A0.75_l0.9",TRUE,"formula=0.20000000; enumerated=0.20000000","2026-08-04","Goal 3 PBE-UD boundary rederivation"
"beta1_cap_formula_N6_o0.05_h0.4_mu0.9_A0.75_l1",TRUE,"formula=0.20000000; enumerated=0.20000000","2026-08-04","Goal 3 PBE-UD boundary rederivation"
"beta1_cap_formula_N6_o0.05_h0.4_mu0.9_A1_l0",TRUE,"formula=0.20000000; enumerated=0.20000000","2026-08-04","Goal 3 PBE-UD boundary rederivation"
"beta1_cap_formula_N6_o0.05_h0.4_mu0.9_A1_l0.5",TRUE,"formula=0.20000000; enumerated=0.20000000","2026-08-04","Goal 3 PBE-UD boundary rederivation"
"beta1_cap_formula_N6_o0.05_h0.4_mu0.9_A1_l0.9",TRUE,"formula=0.20000000; enumerated=0.20000000","2026-08-04","Goal 3 PBE-UD boundary rederivation"
"beta1_cap_formula_N6_o0.05_h0.4_mu0.9_A1_l1",TRUE,"formula=0.20000000; enumerated=0.20000000","2026-08-04","Goal 3 PBE-UD boundary rederivation"
"beta1_cap_infeasible_N6_o0.05_h0.8_mu0.1_A0_l0",TRUE,"C=-0.20000000; cap proposal infeasible","2026-08-04","Goal 3 PBE-UD boundary rederivation"
"beta1_cap_infeasible_N6_o0.05_h0.8_mu0.1_A0_l0.5",TRUE,"C=-0.20000000; cap proposal infeasible","2026-08-04","Goal 3 PBE-UD boundary rederivation"
"beta1_cap_infeasible_N6_o0.05_h0.8_mu0.1_A0_l0.9",TRUE,"C=-0.20000000; cap proposal infeasible","2026-08-04","Goal 3 PBE-UD boundary rederivation"
"beta1_cap_infeasible_N6_o0.05_h0.8_mu0.1_A0_l1",TRUE,"C=-0.20000000; cap proposal infeasible","2026-08-04","Goal 3 PBE-UD boundary rederivation"
"beta1_cap_infeasible_N6_o0.05_h0.8_mu0.1_A0.25_l0",TRUE,"C=-0.20000000; cap proposal infeasible","2026-08-04","Goal 3 PBE-UD boundary rederivation"
"beta1_cap_infeasible_N6_o0.05_h0.8_mu0.1_A0.25_l0.5",TRUE,"C=-0.20000000; cap proposal infeasible","2026-08-04","Goal 3 PBE-UD boundary rederivation"
"beta1_cap_infeasible_N6_o0.05_h0.8_mu0.1_A0.25_l0.9",TRUE,"C=-0.20000000; cap proposal infeasible","2026-08-04","Goal 3 PBE-UD boundary rederivation"
"beta1_cap_infeasible_N6_o0.05_h0.8_mu0.1_A0.25_l1",TRUE,"C=-0.20000000; cap proposal infeasible","2026-08-04","Goal 3 PBE-UD boundary rederivation"
"beta1_cap_infeasible_N6_o0.05_h0.8_mu0.1_A0.75_l0",TRUE,"C=-0.20000000; cap proposal infeasible","2026-08-04","Goal 3 PBE-UD boundary rederivation"
"beta1_cap_infeasible_N6_o0.05_h0.8_mu0.1_A0.75_l0.5",TRUE,"C=-0.20000000; cap proposal infeasible","2026-08-04","Goal 3 PBE-UD boundary rederivation"
"beta1_cap_infeasible_N6_o0.05_h0.8_mu0.1_A0.75_l0.9",TRUE,"C=-0.20000000; cap proposal infeasible","2026-08-04","Goal 3 PBE-UD boundary rederivation"
"beta1_cap_infeasible_N6_o0.05_h0.8_mu0.1_A0.75_l1",TRUE,"C=-0.20000000; cap proposal infeasible","2026-08-04","Goal 3 PBE-UD boundary rederivation"
"beta1_cap_infeasible_N6_o0.05_h0.8_mu0.1_A1_l0",TRUE,"C=-0.20000000; cap proposal infeasible","2026-08-04","Goal 3 PBE-UD boundary rederivation"
"beta1_cap_infeasible_N6_o0.05_h0.8_mu0.1_A1_l0.5",TRUE,"C=-0.20000000; cap proposal infeasible","2026-08-04","Goal 3 PBE-UD boundary rederivation"
"beta1_cap_infeasible_N6_o0.05_h0.8_mu0.1_A1_l0.9",TRUE,"C=-0.20000000; cap proposal infeasible","2026-08-04","Goal 3 PBE-UD boundary rederivation"
"beta1_cap_infeasible_N6_o0.05_h0.8_mu0.1_A1_l1",TRUE,"C=-0.20000000; cap proposal infeasible","2026-08-04","Goal 3 PBE-UD boundary rederivation"
"beta1_cap_infeasible_N6_o0.05_h0.8_mu0.5_A0_l0",TRUE,"C=-0.20000000; cap proposal infeasible","2026-08-04","Goal 3 PBE-UD boundary rederivation"
"beta1_cap_infeasible_N6_o0.05_h0.8_mu0.5_A0_l0.5",TRUE,"C=-0.20000000; cap proposal infeasible","2026-08-04","Goal 3 PBE-UD boundary rederivation"
"beta1_cap_infeasible_N6_o0.05_h0.8_mu0.5_A0_l0.9",TRUE,"C=-0.20000000; cap proposal infeasible","2026-08-04","Goal 3 PBE-UD boundary rederivation"
"beta1_cap_infeasible_N6_o0.05_h0.8_mu0.5_A0_l1",TRUE,"C=-0.20000000; cap proposal infeasible","2026-08-04","Goal 3 PBE-UD boundary rederivation"
"beta1_cap_infeasible_N6_o0.05_h0.8_mu0.5_A0.25_l0",TRUE,"C=-0.20000000; cap proposal infeasible","2026-08-04","Goal 3 PBE-UD boundary rederivation"
"beta1_cap_infeasible_N6_o0.05_h0.8_mu0.5_A0.25_l0.5",TRUE,"C=-0.20000000; cap proposal infeasible","2026-08-04","Goal 3 PBE-UD boundary rederivation"
"beta1_cap_infeasible_N6_o0.05_h0.8_mu0.5_A0.25_l0.9",TRUE,"C=-0.20000000; cap proposal infeasible","2026-08-04","Goal 3 PBE-UD boundary rederivation"
"beta1_cap_infeasible_N6_o0.05_h0.8_mu0.5_A0.25_l1",TRUE,"C=-0.20000000; cap proposal infeasible","2026-08-04","Goal 3 PBE-UD boundary rederivation"
"beta1_cap_infeasible_N6_o0.05_h0.8_mu0.5_A0.75_l0",TRUE,"C=-0.20000000; cap proposal infeasible","2026-08-04","Goal 3 PBE-UD boundary rederivation"
"beta1_cap_infeasible_N6_o0.05_h0.8_mu0.5_A0.75_l0.5",TRUE,"C=-0.20000000; cap proposal infeasible","2026-08-04","Goal 3 PBE-UD boundary rederivation"
"beta1_cap_infeasible_N6_o0.05_h0.8_mu0.5_A0.75_l0.9",TRUE,"C=-0.20000000; cap proposal infeasible","2026-08-04","Goal 3 PBE-UD boundary rederivation"
"beta1_cap_infeasible_N6_o0.05_h0.8_mu0.5_A0.75_l1",TRUE,"C=-0.20000000; cap proposal infeasible","2026-08-04","Goal 3 PBE-UD boundary rederivation"
"beta1_cap_infeasible_N6_o0.05_h0.8_mu0.5_A1_l0",TRUE,"C=-0.20000000; cap proposal infeasible","2026-08-04","Goal 3 PBE-UD boundary rederivation"
"beta1_cap_infeasible_N6_o0.05_h0.8_mu0.5_A1_l0.5",TRUE,"C=-0.20000000; cap proposal infeasible","2026-08-04","Goal 3 PBE-UD boundary rederivation"
"beta1_cap_infeasible_N6_o0.05_h0.8_mu0.5_A1_l0.9",TRUE,"C=-0.20000000; cap proposal infeasible","2026-08-04","Goal 3 PBE-UD boundary rederivation"
"beta1_cap_infeasible_N6_o0.05_h0.8_mu0.5_A1_l1",TRUE,"C=-0.20000000; cap proposal infeasible","2026-08-04","Goal 3 PBE-UD boundary rederivation"
"beta1_cap_infeasible_N6_o0.05_h0.8_mu0.9_A0_l0",TRUE,"C=-0.20000000; cap proposal infeasible","2026-08-04","Goal 3 PBE-UD boundary rederivation"
"beta1_cap_infeasible_N6_o0.05_h0.8_mu0.9_A0_l0.5",TRUE,"C=-0.20000000; cap proposal infeasible","2026-08-04","Goal 3 PBE-UD boundary rederivation"
"beta1_cap_infeasible_N6_o0.05_h0.8_mu0.9_A0_l0.9",TRUE,"C=-0.20000000; cap proposal infeasible","2026-08-04","Goal 3 PBE-UD boundary rederivation"
"beta1_cap_infeasible_N6_o0.05_h0.8_mu0.9_A0_l1",TRUE,"C=-0.20000000; cap proposal infeasible","2026-08-04","Goal 3 PBE-UD boundary rederivation"
"beta1_cap_infeasible_N6_o0.05_h0.8_mu0.9_A0.25_l0",TRUE,"C=-0.20000000; cap proposal infeasible","2026-08-04","Goal 3 PBE-UD boundary rederivation"
"beta1_cap_infeasible_N6_o0.05_h0.8_mu0.9_A0.25_l0.5",TRUE,"C=-0.20000000; cap proposal infeasible","2026-08-04","Goal 3 PBE-UD boundary rederivation"
"beta1_cap_infeasible_N6_o0.05_h0.8_mu0.9_A0.25_l0.9",TRUE,"C=-0.20000000; cap proposal infeasible","2026-08-04","Goal 3 PBE-UD boundary rederivation"
"beta1_cap_infeasible_N6_o0.05_h0.8_mu0.9_A0.25_l1",TRUE,"C=-0.20000000; cap proposal infeasible","2026-08-04","Goal 3 PBE-UD boundary rederivation"
"beta1_cap_infeasible_N6_o0.05_h0.8_mu0.9_A0.75_l0",TRUE,"C=-0.20000000; cap proposal infeasible","2026-08-04","Goal 3 PBE-UD boundary rederivation"
"beta1_cap_infeasible_N6_o0.05_h0.8_mu0.9_A0.75_l0.5",TRUE,"C=-0.20000000; cap proposal infeasible","2026-08-04","Goal 3 PBE-UD boundary rederivation"
"beta1_cap_infeasible_N6_o0.05_h0.8_mu0.9_A0.75_l0.9",TRUE,"C=-0.20000000; cap proposal infeasible","2026-08-04","Goal 3 PBE-UD boundary rederivation"
"beta1_cap_infeasible_N6_o0.05_h0.8_mu0.9_A0.75_l1",TRUE,"C=-0.20000000; cap proposal infeasible","2026-08-04","Goal 3 PBE-UD boundary rederivation"
"beta1_cap_infeasible_N6_o0.05_h0.8_mu0.9_A1_l0",TRUE,"C=-0.20000000; cap proposal infeasible","2026-08-04","Goal 3 PBE-UD boundary rederivation"
"beta1_cap_infeasible_N6_o0.05_h0.8_mu0.9_A1_l0.5",TRUE,"C=-0.20000000; cap proposal infeasible","2026-08-04","Goal 3 PBE-UD boundary rederivation"
"beta1_cap_infeasible_N6_o0.05_h0.8_mu0.9_A1_l0.9",TRUE,"C=-0.20000000; cap proposal infeasible","2026-08-04","Goal 3 PBE-UD boundary rederivation"
"beta1_cap_infeasible_N6_o0.05_h0.8_mu0.9_A1_l1",TRUE,"C=-0.20000000; cap proposal infeasible","2026-08-04","Goal 3 PBE-UD boundary rederivation"
"beta1_cap_formula_N6_o0.2_h0.4_mu0.1_A0_l0",TRUE,"formula=0.20000000; enumerated=0.20000000","2026-08-04","Goal 3 PBE-UD boundary rederivation"
"beta1_cap_formula_N6_o0.2_h0.4_mu0.1_A0_l0.5",TRUE,"formula=0.20000000; enumerated=0.20000000","2026-08-04","Goal 3 PBE-UD boundary rederivation"
"beta1_cap_formula_N6_o0.2_h0.4_mu0.1_A0_l0.9",TRUE,"formula=0.20000000; enumerated=0.20000000","2026-08-04","Goal 3 PBE-UD boundary rederivation"
"beta1_cap_formula_N6_o0.2_h0.4_mu0.1_A0_l1",TRUE,"formula=0.20000000; enumerated=0.20000000","2026-08-04","Goal 3 PBE-UD boundary rederivation"
"beta1_cap_formula_N6_o0.2_h0.4_mu0.1_A0.25_l0",TRUE,"formula=0.20000000; enumerated=0.20000000","2026-08-04","Goal 3 PBE-UD boundary rederivation"
"beta1_cap_formula_N6_o0.2_h0.4_mu0.1_A0.25_l0.5",TRUE,"formula=0.20000000; enumerated=0.20000000","2026-08-04","Goal 3 PBE-UD boundary rederivation"
"beta1_cap_formula_N6_o0.2_h0.4_mu0.1_A0.25_l0.9",TRUE,"formula=0.20000000; enumerated=0.20000000","2026-08-04","Goal 3 PBE-UD boundary rederivation"
"beta1_cap_formula_N6_o0.2_h0.4_mu0.1_A0.25_l1",TRUE,"formula=0.20000000; enumerated=0.20000000","2026-08-04","Goal 3 PBE-UD boundary rederivation"
"beta1_cap_formula_N6_o0.2_h0.4_mu0.1_A0.75_l0",TRUE,"formula=0.20000000; enumerated=0.20000000","2026-08-04","Goal 3 PBE-UD boundary rederivation"
"beta1_cap_formula_N6_o0.2_h0.4_mu0.1_A0.75_l0.5",TRUE,"formula=0.20000000; enumerated=0.20000000","2026-08-04","Goal 3 PBE-UD boundary rederivation"
"beta1_cap_formula_N6_o0.2_h0.4_mu0.1_A0.75_l0.9",TRUE,"formula=0.20000000; enumerated=0.20000000","2026-08-04","Goal 3 PBE-UD boundary rederivation"
"beta1_cap_formula_N6_o0.2_h0.4_mu0.1_A0.75_l1",TRUE,"formula=0.20000000; enumerated=0.20000000","2026-08-04","Goal 3 PBE-UD boundary rederivation"
"beta1_cap_formula_N6_o0.2_h0.4_mu0.1_A1_l0",TRUE,"formula=0.20000000; enumerated=0.20000000","2026-08-04","Goal 3 PBE-UD boundary rederivation"
"beta1_cap_formula_N6_o0.2_h0.4_mu0.1_A1_l0.5",TRUE,"formula=0.20000000; enumerated=0.20000000","2026-08-04","Goal 3 PBE-UD boundary rederivation"
"beta1_cap_formula_N6_o0.2_h0.4_mu0.1_A1_l0.9",TRUE,"formula=0.20000000; enumerated=0.20000000","2026-08-04","Goal 3 PBE-UD boundary rederivation"
"beta1_cap_formula_N6_o0.2_h0.4_mu0.1_A1_l1",TRUE,"formula=0.20000000; enumerated=0.20000000","2026-08-04","Goal 3 PBE-UD boundary rederivation"
"beta1_cap_formula_N6_o0.2_h0.4_mu0.5_A0_l0",TRUE,"formula=0.20000000; enumerated=0.20000000","2026-08-04","Goal 3 PBE-UD boundary rederivation"
"beta1_cap_formula_N6_o0.2_h0.4_mu0.5_A0_l0.5",TRUE,"formula=0.20000000; enumerated=0.20000000","2026-08-04","Goal 3 PBE-UD boundary rederivation"
"beta1_cap_formula_N6_o0.2_h0.4_mu0.5_A0_l0.9",TRUE,"formula=0.20000000; enumerated=0.20000000","2026-08-04","Goal 3 PBE-UD boundary rederivation"
"beta1_cap_formula_N6_o0.2_h0.4_mu0.5_A0_l1",TRUE,"formula=0.20000000; enumerated=0.20000000","2026-08-04","Goal 3 PBE-UD boundary rederivation"
"beta1_cap_formula_N6_o0.2_h0.4_mu0.5_A0.25_l0",TRUE,"formula=0.20000000; enumerated=0.20000000","2026-08-04","Goal 3 PBE-UD boundary rederivation"
"beta1_cap_formula_N6_o0.2_h0.4_mu0.5_A0.25_l0.5",TRUE,"formula=0.20000000; enumerated=0.20000000","2026-08-04","Goal 3 PBE-UD boundary rederivation"
"beta1_cap_formula_N6_o0.2_h0.4_mu0.5_A0.25_l0.9",TRUE,"formula=0.20000000; enumerated=0.20000000","2026-08-04","Goal 3 PBE-UD boundary rederivation"
"beta1_cap_formula_N6_o0.2_h0.4_mu0.5_A0.25_l1",TRUE,"formula=0.20000000; enumerated=0.20000000","2026-08-04","Goal 3 PBE-UD boundary rederivation"
"beta1_cap_formula_N6_o0.2_h0.4_mu0.5_A0.75_l0",TRUE,"formula=0.20000000; enumerated=0.20000000","2026-08-04","Goal 3 PBE-UD boundary rederivation"
"beta1_cap_formula_N6_o0.2_h0.4_mu0.5_A0.75_l0.5",TRUE,"formula=0.20000000; enumerated=0.20000000","2026-08-04","Goal 3 PBE-UD boundary rederivation"
"beta1_cap_formula_N6_o0.2_h0.4_mu0.5_A0.75_l0.9",TRUE,"formula=0.20000000; enumerated=0.20000000","2026-08-04","Goal 3 PBE-UD boundary rederivation"
"beta1_cap_formula_N6_o0.2_h0.4_mu0.5_A0.75_l1",TRUE,"formula=0.20000000; enumerated=0.20000000","2026-08-04","Goal 3 PBE-UD boundary rederivation"
"beta1_cap_formula_N6_o0.2_h0.4_mu0.5_A1_l0",TRUE,"formula=0.20000000; enumerated=0.20000000","2026-08-04","Goal 3 PBE-UD boundary rederivation"
"beta1_cap_formula_N6_o0.2_h0.4_mu0.5_A1_l0.5",TRUE,"formula=0.20000000; enumerated=0.20000000","2026-08-04","Goal 3 PBE-UD boundary rederivation"
"beta1_cap_formula_N6_o0.2_h0.4_mu0.5_A1_l0.9",TRUE,"formula=0.20000000; enumerated=0.20000000","2026-08-04","Goal 3 PBE-UD boundary rederivation"
"beta1_cap_formula_N6_o0.2_h0.4_mu0.5_A1_l1",TRUE,"formula=0.20000000; enumerated=0.20000000","2026-08-04","Goal 3 PBE-UD boundary rederivation"
"beta1_cap_formula_N6_o0.2_h0.4_mu0.9_A0_l0",TRUE,"formula=0.20000000; enumerated=0.20000000","2026-08-04","Goal 3 PBE-UD boundary rederivation"
"beta1_cap_formula_N6_o0.2_h0.4_mu0.9_A0_l0.5",TRUE,"formula=0.20000000; enumerated=0.20000000","2026-08-04","Goal 3 PBE-UD boundary rederivation"
"beta1_cap_formula_N6_o0.2_h0.4_mu0.9_A0_l0.9",TRUE,"formula=0.20000000; enumerated=0.20000000","2026-08-04","Goal 3 PBE-UD boundary rederivation"
"beta1_cap_formula_N6_o0.2_h0.4_mu0.9_A0_l1",TRUE,"formula=0.20000000; enumerated=0.20000000","2026-08-04","Goal 3 PBE-UD boundary rederivation"
"beta1_cap_formula_N6_o0.2_h0.4_mu0.9_A0.25_l0",TRUE,"formula=0.20000000; enumerated=0.20000000","2026-08-04","Goal 3 PBE-UD boundary rederivation"
"beta1_cap_formula_N6_o0.2_h0.4_mu0.9_A0.25_l0.5",TRUE,"formula=0.20000000; enumerated=0.20000000","2026-08-04","Goal 3 PBE-UD boundary rederivation"
"beta1_cap_formula_N6_o0.2_h0.4_mu0.9_A0.25_l0.9",TRUE,"formula=0.20000000; enumerated=0.20000000","2026-08-04","Goal 3 PBE-UD boundary rederivation"
"beta1_cap_formula_N6_o0.2_h0.4_mu0.9_A0.25_l1",TRUE,"formula=0.20000000; enumerated=0.20000000","2026-08-04","Goal 3 PBE-UD boundary rederivation"
"beta1_cap_formula_N6_o0.2_h0.4_mu0.9_A0.75_l0",TRUE,"formula=0.20000000; enumerated=0.20000000","2026-08-04","Goal 3 PBE-UD boundary rederivation"
"beta1_cap_formula_N6_o0.2_h0.4_mu0.9_A0.75_l0.5",TRUE,"formula=0.20000000; enumerated=0.20000000","2026-08-04","Goal 3 PBE-UD boundary rederivation"
"beta1_cap_formula_N6_o0.2_h0.4_mu0.9_A0.75_l0.9",TRUE,"formula=0.20000000; enumerated=0.20000000","2026-08-04","Goal 3 PBE-UD boundary rederivation"
"beta1_cap_formula_N6_o0.2_h0.4_mu0.9_A0.75_l1",TRUE,"formula=0.20000000; enumerated=0.20000000","2026-08-04","Goal 3 PBE-UD boundary rederivation"
"beta1_cap_formula_N6_o0.2_h0.4_mu0.9_A1_l0",TRUE,"formula=0.20000000; enumerated=0.20000000","2026-08-04","Goal 3 PBE-UD boundary rederivation"
"beta1_cap_formula_N6_o0.2_h0.4_mu0.9_A1_l0.5",TRUE,"formula=0.20000000; enumerated=0.20000000","2026-08-04","Goal 3 PBE-UD boundary rederivation"
"beta1_cap_formula_N6_o0.2_h0.4_mu0.9_A1_l0.9",TRUE,"formula=0.20000000; enumerated=0.20000000","2026-08-04","Goal 3 PBE-UD boundary rederivation"
"beta1_cap_formula_N6_o0.2_h0.4_mu0.9_A1_l1",TRUE,"formula=0.20000000; enumerated=0.20000000","2026-08-04","Goal 3 PBE-UD boundary rederivation"
"beta1_cap_infeasible_N6_o0.2_h0.8_mu0.1_A0_l0",TRUE,"C=-0.20000000; cap proposal infeasible","2026-08-04","Goal 3 PBE-UD boundary rederivation"
"beta1_cap_infeasible_N6_o0.2_h0.8_mu0.1_A0_l0.5",TRUE,"C=-0.20000000; cap proposal infeasible","2026-08-04","Goal 3 PBE-UD boundary rederivation"
"beta1_cap_infeasible_N6_o0.2_h0.8_mu0.1_A0_l0.9",TRUE,"C=-0.20000000; cap proposal infeasible","2026-08-04","Goal 3 PBE-UD boundary rederivation"
"beta1_cap_infeasible_N6_o0.2_h0.8_mu0.1_A0_l1",TRUE,"C=-0.20000000; cap proposal infeasible","2026-08-04","Goal 3 PBE-UD boundary rederivation"
"beta1_cap_infeasible_N6_o0.2_h0.8_mu0.1_A0.25_l0",TRUE,"C=-0.20000000; cap proposal infeasible","2026-08-04","Goal 3 PBE-UD boundary rederivation"
"beta1_cap_infeasible_N6_o0.2_h0.8_mu0.1_A0.25_l0.5",TRUE,"C=-0.20000000; cap proposal infeasible","2026-08-04","Goal 3 PBE-UD boundary rederivation"
"beta1_cap_infeasible_N6_o0.2_h0.8_mu0.1_A0.25_l0.9",TRUE,"C=-0.20000000; cap proposal infeasible","2026-08-04","Goal 3 PBE-UD boundary rederivation"
"beta1_cap_infeasible_N6_o0.2_h0.8_mu0.1_A0.25_l1",TRUE,"C=-0.20000000; cap proposal infeasible","2026-08-04","Goal 3 PBE-UD boundary rederivation"
"beta1_cap_infeasible_N6_o0.2_h0.8_mu0.1_A0.75_l0",TRUE,"C=-0.20000000; cap proposal infeasible","2026-08-04","Goal 3 PBE-UD boundary rederivation"
"beta1_cap_infeasible_N6_o0.2_h0.8_mu0.1_A0.75_l0.5",TRUE,"C=-0.20000000; cap proposal infeasible","2026-08-04","Goal 3 PBE-UD boundary rederivation"
"beta1_cap_infeasible_N6_o0.2_h0.8_mu0.1_A0.75_l0.9",TRUE,"C=-0.20000000; cap proposal infeasible","2026-08-04","Goal 3 PBE-UD boundary rederivation"
"beta1_cap_infeasible_N6_o0.2_h0.8_mu0.1_A0.75_l1",TRUE,"C=-0.20000000; cap proposal infeasible","2026-08-04","Goal 3 PBE-UD boundary rederivation"
"beta1_cap_infeasible_N6_o0.2_h0.8_mu0.1_A1_l0",TRUE,"C=-0.20000000; cap proposal infeasible","2026-08-04","Goal 3 PBE-UD boundary rederivation"
"beta1_cap_infeasible_N6_o0.2_h0.8_mu0.1_A1_l0.5",TRUE,"C=-0.20000000; cap proposal infeasible","2026-08-04","Goal 3 PBE-UD boundary rederivation"
"beta1_cap_infeasible_N6_o0.2_h0.8_mu0.1_A1_l0.9",TRUE,"C=-0.20000000; cap proposal infeasible","2026-08-04","Goal 3 PBE-UD boundary rederivation"
"beta1_cap_infeasible_N6_o0.2_h0.8_mu0.1_A1_l1",TRUE,"C=-0.20000000; cap proposal infeasible","2026-08-04","Goal 3 PBE-UD boundary rederivation"
"beta1_cap_infeasible_N6_o0.2_h0.8_mu0.5_A0_l0",TRUE,"C=-0.20000000; cap proposal infeasible","2026-08-04","Goal 3 PBE-UD boundary rederivation"
"beta1_cap_infeasible_N6_o0.2_h0.8_mu0.5_A0_l0.5",TRUE,"C=-0.20000000; cap proposal infeasible","2026-08-04","Goal 3 PBE-UD boundary rederivation"
"beta1_cap_infeasible_N6_o0.2_h0.8_mu0.5_A0_l0.9",TRUE,"C=-0.20000000; cap proposal infeasible","2026-08-04","Goal 3 PBE-UD boundary rederivation"
"beta1_cap_infeasible_N6_o0.2_h0.8_mu0.5_A0_l1",TRUE,"C=-0.20000000; cap proposal infeasible","2026-08-04","Goal 3 PBE-UD boundary rederivation"
"beta1_cap_infeasible_N6_o0.2_h0.8_mu0.5_A0.25_l0",TRUE,"C=-0.20000000; cap proposal infeasible","2026-08-04","Goal 3 PBE-UD boundary rederivation"
"beta1_cap_infeasible_N6_o0.2_h0.8_mu0.5_A0.25_l0.5",TRUE,"C=-0.20000000; cap proposal infeasible","2026-08-04","Goal 3 PBE-UD boundary rederivation"
"beta1_cap_infeasible_N6_o0.2_h0.8_mu0.5_A0.25_l0.9",TRUE,"C=-0.20000000; cap proposal infeasible","2026-08-04","Goal 3 PBE-UD boundary rederivation"
"beta1_cap_infeasible_N6_o0.2_h0.8_mu0.5_A0.25_l1",TRUE,"C=-0.20000000; cap proposal infeasible","2026-08-04","Goal 3 PBE-UD boundary rederivation"
"beta1_cap_infeasible_N6_o0.2_h0.8_mu0.5_A0.75_l0",TRUE,"C=-0.20000000; cap proposal infeasible","2026-08-04","Goal 3 PBE-UD boundary rederivation"
"beta1_cap_infeasible_N6_o0.2_h0.8_mu0.5_A0.75_l0.5",TRUE,"C=-0.20000000; cap proposal infeasible","2026-08-04","Goal 3 PBE-UD boundary rederivation"
"beta1_cap_infeasible_N6_o0.2_h0.8_mu0.5_A0.75_l0.9",TRUE,"C=-0.20000000; cap proposal infeasible","2026-08-04","Goal 3 PBE-UD boundary rederivation"
"beta1_cap_infeasible_N6_o0.2_h0.8_mu0.5_A0.75_l1",TRUE,"C=-0.20000000; cap proposal infeasible","2026-08-04","Goal 3 PBE-UD boundary rederivation"
"beta1_cap_infeasible_N6_o0.2_h0.8_mu0.5_A1_l0",TRUE,"C=-0.20000000; cap proposal infeasible","2026-08-04","Goal 3 PBE-UD boundary rederivation"
"beta1_cap_infeasible_N6_o0.2_h0.8_mu0.5_A1_l0.5",TRUE,"C=-0.20000000; cap proposal infeasible","2026-08-04","Goal 3 PBE-UD boundary rederivation"
"beta1_cap_infeasible_N6_o0.2_h0.8_mu0.5_A1_l0.9",TRUE,"C=-0.20000000; cap proposal infeasible","2026-08-04","Goal 3 PBE-UD boundary rederivation"
"beta1_cap_infeasible_N6_o0.2_h0.8_mu0.5_A1_l1",TRUE,"C=-0.20000000; cap proposal infeasible","2026-08-04","Goal 3 PBE-UD boundary rederivation"
"beta1_cap_infeasible_N6_o0.2_h0.8_mu0.9_A0_l0",TRUE,"C=-0.20000000; cap proposal infeasible","2026-08-04","Goal 3 PBE-UD boundary rederivation"
"beta1_cap_infeasible_N6_o0.2_h0.8_mu0.9_A0_l0.5",TRUE,"C=-0.20000000; cap proposal infeasible","2026-08-04","Goal 3 PBE-UD boundary rederivation"
"beta1_cap_infeasible_N6_o0.2_h0.8_mu0.9_A0_l0.9",TRUE,"C=-0.20000000; cap proposal infeasible","2026-08-04","Goal 3 PBE-UD boundary rederivation"
"beta1_cap_infeasible_N6_o0.2_h0.8_mu0.9_A0_l1",TRUE,"C=-0.20000000; cap proposal infeasible","2026-08-04","Goal 3 PBE-UD boundary rederivation"
"beta1_cap_infeasible_N6_o0.2_h0.8_mu0.9_A0.25_l0",TRUE,"C=-0.20000000; cap proposal infeasible","2026-08-04","Goal 3 PBE-UD boundary rederivation"
"beta1_cap_infeasible_N6_o0.2_h0.8_mu0.9_A0.25_l0.5",TRUE,"C=-0.20000000; cap proposal infeasible","2026-08-04","Goal 3 PBE-UD boundary rederivation"
"beta1_cap_infeasible_N6_o0.2_h0.8_mu0.9_A0.25_l0.9",TRUE,"C=-0.20000000; cap proposal infeasible","2026-08-04","Goal 3 PBE-UD boundary rederivation"
"beta1_cap_infeasible_N6_o0.2_h0.8_mu0.9_A0.25_l1",TRUE,"C=-0.20000000; cap proposal infeasible","2026-08-04","Goal 3 PBE-UD boundary rederivation"
"beta1_cap_infeasible_N6_o0.2_h0.8_mu0.9_A0.75_l0",TRUE,"C=-0.20000000; cap proposal infeasible","2026-08-04","Goal 3 PBE-UD boundary rederivation"
"beta1_cap_infeasible_N6_o0.2_h0.8_mu0.9_A0.75_l0.5",TRUE,"C=-0.20000000; cap proposal infeasible","2026-08-04","Goal 3 PBE-UD boundary rederivation"
"beta1_cap_infeasible_N6_o0.2_h0.8_mu0.9_A0.75_l0.9",TRUE,"C=-0.20000000; cap proposal infeasible","2026-08-04","Goal 3 PBE-UD boundary rederivation"
"beta1_cap_infeasible_N6_o0.2_h0.8_mu0.9_A0.75_l1",TRUE,"C=-0.20000000; cap proposal infeasible","2026-08-04","Goal 3 PBE-UD boundary rederivation"
"beta1_cap_infeasible_N6_o0.2_h0.8_mu0.9_A1_l0",TRUE,"C=-0.20000000; cap proposal infeasible","2026-08-04","Goal 3 PBE-UD boundary rederivation"
"beta1_cap_infeasible_N6_o0.2_h0.8_mu0.9_A1_l0.5",TRUE,"C=-0.20000000; cap proposal infeasible","2026-08-04","Goal 3 PBE-UD boundary rederivation"
"beta1_cap_infeasible_N6_o0.2_h0.8_mu0.9_A1_l0.9",TRUE,"C=-0.20000000; cap proposal infeasible","2026-08-04","Goal 3 PBE-UD boundary rederivation"
"beta1_cap_infeasible_N6_o0.2_h0.8_mu0.9_A1_l1",TRUE,"C=-0.20000000; cap proposal infeasible","2026-08-04","Goal 3 PBE-UD boundary rederivation"
"beta1_cap_formula_N7_o0.05_h0.4_mu0.1_A0_l0",TRUE,"formula=0.16666667; enumerated=0.16666667","2026-08-04","Goal 3 PBE-UD boundary rederivation"
"beta1_cap_formula_N7_o0.05_h0.4_mu0.1_A0_l0.5",TRUE,"formula=0.16666667; enumerated=0.16666667","2026-08-04","Goal 3 PBE-UD boundary rederivation"
"beta1_cap_formula_N7_o0.05_h0.4_mu0.1_A0_l0.9",TRUE,"formula=0.16666667; enumerated=0.16666667","2026-08-04","Goal 3 PBE-UD boundary rederivation"
"beta1_cap_formula_N7_o0.05_h0.4_mu0.1_A0_l1",TRUE,"formula=0.16666667; enumerated=0.16666667","2026-08-04","Goal 3 PBE-UD boundary rederivation"
"beta1_cap_formula_N7_o0.05_h0.4_mu0.1_A0.25_l0",TRUE,"formula=0.18916667; enumerated=0.18916667","2026-08-04","Goal 3 PBE-UD boundary rederivation"
"beta1_cap_formula_N7_o0.05_h0.4_mu0.1_A0.25_l0.5",TRUE,"formula=0.19041667; enumerated=0.19041667","2026-08-04","Goal 3 PBE-UD boundary rederivation"
"beta1_cap_formula_N7_o0.05_h0.4_mu0.1_A0.25_l0.9",TRUE,"formula=0.19141667; enumerated=0.19141667","2026-08-04","Goal 3 PBE-UD boundary rederivation"
"beta1_cap_formula_N7_o0.05_h0.4_mu0.1_A0.25_l1",TRUE,"formula=0.19166667; enumerated=0.19166667","2026-08-04","Goal 3 PBE-UD boundary rederivation"
"beta1_cap_formula_N7_o0.05_h0.4_mu0.1_A0.75_l0",TRUE,"formula=0.23416667; enumerated=0.23416667","2026-08-04","Goal 3 PBE-UD boundary rederivation"
"beta1_cap_formula_N7_o0.05_h0.4_mu0.1_A0.75_l0.5",TRUE,"formula=0.23791667; enumerated=0.23791667","2026-08-04","Goal 3 PBE-UD boundary rederivation"
"beta1_cap_formula_N7_o0.05_h0.4_mu0.1_A0.75_l0.9",TRUE,"formula=0.24091667; enumerated=0.24091667","2026-08-04","Goal 3 PBE-UD boundary rederivation"
"beta1_cap_formula_N7_o0.05_h0.4_mu0.1_A0.75_l1",TRUE,"formula=0.24166667; enumerated=0.24166667","2026-08-04","Goal 3 PBE-UD boundary rederivation"
"beta1_cap_formula_N7_o0.05_h0.4_mu0.1_A1_l0",TRUE,"formula=0.25666667; enumerated=0.25666667","2026-08-04","Goal 3 PBE-UD boundary rederivation"
"beta1_cap_formula_N7_o0.05_h0.4_mu0.1_A1_l0.5",TRUE,"formula=0.26166667; enumerated=0.26166667","2026-08-04","Goal 3 PBE-UD boundary rederivation"
"beta1_cap_formula_N7_o0.05_h0.4_mu0.1_A1_l0.9",TRUE,"formula=0.26566667; enumerated=0.26566667","2026-08-04","Goal 3 PBE-UD boundary rederivation"
"beta1_cap_formula_N7_o0.05_h0.4_mu0.1_A1_l1",TRUE,"formula=0.26666667; enumerated=0.26666667","2026-08-04","Goal 3 PBE-UD boundary rederivation"
"beta1_cap_formula_N7_o0.05_h0.4_mu0.5_A0_l0",TRUE,"formula=0.16666667; enumerated=0.16666667","2026-08-04","Goal 3 PBE-UD boundary rederivation"
"beta1_cap_formula_N7_o0.05_h0.4_mu0.5_A0_l0.5",TRUE,"formula=0.16666667; enumerated=0.16666667","2026-08-04","Goal 3 PBE-UD boundary rederivation"
"beta1_cap_formula_N7_o0.05_h0.4_mu0.5_A0_l0.9",TRUE,"formula=0.16666667; enumerated=0.16666667","2026-08-04","Goal 3 PBE-UD boundary rederivation"
"beta1_cap_formula_N7_o0.05_h0.4_mu0.5_A0_l1",TRUE,"formula=0.16666667; enumerated=0.16666667","2026-08-04","Goal 3 PBE-UD boundary rederivation"
"beta1_cap_formula_N7_o0.05_h0.4_mu0.5_A0.25_l0",TRUE,"formula=0.17916667; enumerated=0.17916667","2026-08-04","Goal 3 PBE-UD boundary rederivation"
"beta1_cap_formula_N7_o0.05_h0.4_mu0.5_A0.25_l0.5",TRUE,"formula=0.18541667; enumerated=0.18541667","2026-08-04","Goal 3 PBE-UD boundary rederivation"
"beta1_cap_formula_N7_o0.05_h0.4_mu0.5_A0.25_l0.9",TRUE,"formula=0.19041667; enumerated=0.19041667","2026-08-04","Goal 3 PBE-UD boundary rederivation"
"beta1_cap_formula_N7_o0.05_h0.4_mu0.5_A0.25_l1",TRUE,"formula=0.19166667; enumerated=0.19166667","2026-08-04","Goal 3 PBE-UD boundary rederivation"
"beta1_cap_formula_N7_o0.05_h0.4_mu0.5_A0.75_l0",TRUE,"formula=0.20416667; enumerated=0.20416667","2026-08-04","Goal 3 PBE-UD boundary rederivation"
"beta1_cap_formula_N7_o0.05_h0.4_mu0.5_A0.75_l0.5",TRUE,"formula=0.22291667; enumerated=0.22291667","2026-08-04","Goal 3 PBE-UD boundary rederivation"
"beta1_cap_formula_N7_o0.05_h0.4_mu0.5_A0.75_l0.9",TRUE,"formula=0.23791667; enumerated=0.23791667","2026-08-04","Goal 3 PBE-UD boundary rederivation"
"beta1_cap_formula_N7_o0.05_h0.4_mu0.5_A0.75_l1",TRUE,"formula=0.24166667; enumerated=0.24166667","2026-08-04","Goal 3 PBE-UD boundary rederivation"
"beta1_cap_formula_N7_o0.05_h0.4_mu0.5_A1_l0",TRUE,"formula=0.21666667; enumerated=0.21666667","2026-08-04","Goal 3 PBE-UD boundary rederivation"
"beta1_cap_formula_N7_o0.05_h0.4_mu0.5_A1_l0.5",TRUE,"formula=0.24166667; enumerated=0.24166667","2026-08-04","Goal 3 PBE-UD boundary rederivation"
"beta1_cap_formula_N7_o0.05_h0.4_mu0.5_A1_l0.9",TRUE,"formula=0.26166667; enumerated=0.26166667","2026-08-04","Goal 3 PBE-UD boundary rederivation"
"beta1_cap_formula_N7_o0.05_h0.4_mu0.5_A1_l1",TRUE,"formula=0.26666667; enumerated=0.26666667","2026-08-04","Goal 3 PBE-UD boundary rederivation"
"beta1_cap_formula_N7_o0.05_h0.4_mu0.9_A0_l0",TRUE,"formula=0.16666667; enumerated=0.16666667","2026-08-04","Goal 3 PBE-UD boundary rederivation"
"beta1_cap_formula_N7_o0.05_h0.4_mu0.9_A0_l0.5",TRUE,"formula=0.16666667; enumerated=0.16666667","2026-08-04","Goal 3 PBE-UD boundary rederivation"
"beta1_cap_formula_N7_o0.05_h0.4_mu0.9_A0_l0.9",TRUE,"formula=0.16666667; enumerated=0.16666667","2026-08-04","Goal 3 PBE-UD boundary rederivation"
"beta1_cap_formula_N7_o0.05_h0.4_mu0.9_A0_l1",TRUE,"formula=0.16666667; enumerated=0.16666667","2026-08-04","Goal 3 PBE-UD boundary rederivation"
"beta1_cap_formula_N7_o0.05_h0.4_mu0.9_A0.25_l0",TRUE,"formula=0.16916667; enumerated=0.16916667","2026-08-04","Goal 3 PBE-UD boundary rederivation"
"beta1_cap_formula_N7_o0.05_h0.4_mu0.9_A0.25_l0.5",TRUE,"formula=0.18041667; enumerated=0.18041667","2026-08-04","Goal 3 PBE-UD boundary rederivation"
"beta1_cap_formula_N7_o0.05_h0.4_mu0.9_A0.25_l0.9",TRUE,"formula=0.18941667; enumerated=0.18941667","2026-08-04","Goal 3 PBE-UD boundary rederivation"
"beta1_cap_formula_N7_o0.05_h0.4_mu0.9_A0.25_l1",TRUE,"formula=0.19166667; enumerated=0.19166667","2026-08-04","Goal 3 PBE-UD boundary rederivation"
"beta1_cap_formula_N7_o0.05_h0.4_mu0.9_A0.75_l0",TRUE,"formula=0.17416667; enumerated=0.17416667","2026-08-04","Goal 3 PBE-UD boundary rederivation"
"beta1_cap_formula_N7_o0.05_h0.4_mu0.9_A0.75_l0.5",TRUE,"formula=0.20791667; enumerated=0.20791667","2026-08-04","Goal 3 PBE-UD boundary rederivation"
"beta1_cap_formula_N7_o0.05_h0.4_mu0.9_A0.75_l0.9",TRUE,"formula=0.23491667; enumerated=0.23491667","2026-08-04","Goal 3 PBE-UD boundary rederivation"
"beta1_cap_formula_N7_o0.05_h0.4_mu0.9_A0.75_l1",TRUE,"formula=0.24166667; enumerated=0.24166667","2026-08-04","Goal 3 PBE-UD boundary rederivation"
"beta1_cap_formula_N7_o0.05_h0.4_mu0.9_A1_l0",TRUE,"formula=0.17666667; enumerated=0.17666667","2026-08-04","Goal 3 PBE-UD boundary rederivation"
"beta1_cap_formula_N7_o0.05_h0.4_mu0.9_A1_l0.5",TRUE,"formula=0.22166667; enumerated=0.22166667","2026-08-04","Goal 3 PBE-UD boundary rederivation"
"beta1_cap_formula_N7_o0.05_h0.4_mu0.9_A1_l0.9",TRUE,"formula=0.25766667; enumerated=0.25766667","2026-08-04","Goal 3 PBE-UD boundary rederivation"
"beta1_cap_formula_N7_o0.05_h0.4_mu0.9_A1_l1",TRUE,"formula=0.26666667; enumerated=0.26666667","2026-08-04","Goal 3 PBE-UD boundary rederivation"
"beta1_cap_infeasible_N7_o0.05_h0.8_mu0.1_A0_l0",TRUE,"C=-0.13333333; cap proposal infeasible","2026-08-04","Goal 3 PBE-UD boundary rederivation"
"beta1_cap_infeasible_N7_o0.05_h0.8_mu0.1_A0_l0.5",TRUE,"C=-0.13333333; cap proposal infeasible","2026-08-04","Goal 3 PBE-UD boundary rederivation"
"beta1_cap_infeasible_N7_o0.05_h0.8_mu0.1_A0_l0.9",TRUE,"C=-0.13333333; cap proposal infeasible","2026-08-04","Goal 3 PBE-UD boundary rederivation"
"beta1_cap_infeasible_N7_o0.05_h0.8_mu0.1_A0_l1",TRUE,"C=-0.13333333; cap proposal infeasible","2026-08-04","Goal 3 PBE-UD boundary rederivation"
"beta1_cap_infeasible_N7_o0.05_h0.8_mu0.1_A0.25_l0",TRUE,"C=-0.13333333; cap proposal infeasible","2026-08-04","Goal 3 PBE-UD boundary rederivation"
"beta1_cap_infeasible_N7_o0.05_h0.8_mu0.1_A0.25_l0.5",TRUE,"C=-0.13333333; cap proposal infeasible","2026-08-04","Goal 3 PBE-UD boundary rederivation"
"beta1_cap_infeasible_N7_o0.05_h0.8_mu0.1_A0.25_l0.9",TRUE,"C=-0.13333333; cap proposal infeasible","2026-08-04","Goal 3 PBE-UD boundary rederivation"
"beta1_cap_infeasible_N7_o0.05_h0.8_mu0.1_A0.25_l1",TRUE,"C=-0.13333333; cap proposal infeasible","2026-08-04","Goal 3 PBE-UD boundary rederivation"
"beta1_cap_infeasible_N7_o0.05_h0.8_mu0.1_A0.75_l0",TRUE,"C=-0.13333333; cap proposal infeasible","2026-08-04","Goal 3 PBE-UD boundary rederivation"
"beta1_cap_infeasible_N7_o0.05_h0.8_mu0.1_A0.75_l0.5",TRUE,"C=-0.13333333; cap proposal infeasible","2026-08-04","Goal 3 PBE-UD boundary rederivation"
"beta1_cap_infeasible_N7_o0.05_h0.8_mu0.1_A0.75_l0.9",TRUE,"C=-0.13333333; cap proposal infeasible","2026-08-04","Goal 3 PBE-UD boundary rederivation"
"beta1_cap_infeasible_N7_o0.05_h0.8_mu0.1_A0.75_l1",TRUE,"C=-0.13333333; cap proposal infeasible","2026-08-04","Goal 3 PBE-UD boundary rederivation"
"beta1_cap_infeasible_N7_o0.05_h0.8_mu0.1_A1_l0",TRUE,"C=-0.13333333; cap proposal infeasible","2026-08-04","Goal 3 PBE-UD boundary rederivation"
"beta1_cap_infeasible_N7_o0.05_h0.8_mu0.1_A1_l0.5",TRUE,"C=-0.13333333; cap proposal infeasible","2026-08-04","Goal 3 PBE-UD boundary rederivation"
"beta1_cap_infeasible_N7_o0.05_h0.8_mu0.1_A1_l0.9",TRUE,"C=-0.13333333; cap proposal infeasible","2026-08-04","Goal 3 PBE-UD boundary rederivation"
"beta1_cap_infeasible_N7_o0.05_h0.8_mu0.1_A1_l1",TRUE,"C=-0.13333333; cap proposal infeasible","2026-08-04","Goal 3 PBE-UD boundary rederivation"
"beta1_cap_infeasible_N7_o0.05_h0.8_mu0.5_A0_l0",TRUE,"C=-0.13333333; cap proposal infeasible","2026-08-04","Goal 3 PBE-UD boundary rederivation"
"beta1_cap_infeasible_N7_o0.05_h0.8_mu0.5_A0_l0.5",TRUE,"C=-0.13333333; cap proposal infeasible","2026-08-04","Goal 3 PBE-UD boundary rederivation"
"beta1_cap_infeasible_N7_o0.05_h0.8_mu0.5_A0_l0.9",TRUE,"C=-0.13333333; cap proposal infeasible","2026-08-04","Goal 3 PBE-UD boundary rederivation"
"beta1_cap_infeasible_N7_o0.05_h0.8_mu0.5_A0_l1",TRUE,"C=-0.13333333; cap proposal infeasible","2026-08-04","Goal 3 PBE-UD boundary rederivation"
"beta1_cap_infeasible_N7_o0.05_h0.8_mu0.5_A0.25_l0",TRUE,"C=-0.13333333; cap proposal infeasible","2026-08-04","Goal 3 PBE-UD boundary rederivation"
"beta1_cap_infeasible_N7_o0.05_h0.8_mu0.5_A0.25_l0.5",TRUE,"C=-0.13333333; cap proposal infeasible","2026-08-04","Goal 3 PBE-UD boundary rederivation"
"beta1_cap_infeasible_N7_o0.05_h0.8_mu0.5_A0.25_l0.9",TRUE,"C=-0.13333333; cap proposal infeasible","2026-08-04","Goal 3 PBE-UD boundary rederivation"
"beta1_cap_infeasible_N7_o0.05_h0.8_mu0.5_A0.25_l1",TRUE,"C=-0.13333333; cap proposal infeasible","2026-08-04","Goal 3 PBE-UD boundary rederivation"
"beta1_cap_infeasible_N7_o0.05_h0.8_mu0.5_A0.75_l0",TRUE,"C=-0.13333333; cap proposal infeasible","2026-08-04","Goal 3 PBE-UD boundary rederivation"
"beta1_cap_infeasible_N7_o0.05_h0.8_mu0.5_A0.75_l0.5",TRUE,"C=-0.13333333; cap proposal infeasible","2026-08-04","Goal 3 PBE-UD boundary rederivation"
"beta1_cap_infeasible_N7_o0.05_h0.8_mu0.5_A0.75_l0.9",TRUE,"C=-0.13333333; cap proposal infeasible","2026-08-04","Goal 3 PBE-UD boundary rederivation"
"beta1_cap_infeasible_N7_o0.05_h0.8_mu0.5_A0.75_l1",TRUE,"C=-0.13333333; cap proposal infeasible","2026-08-04","Goal 3 PBE-UD boundary rederivation"
"beta1_cap_infeasible_N7_o0.05_h0.8_mu0.5_A1_l0",TRUE,"C=-0.13333333; cap proposal infeasible","2026-08-04","Goal 3 PBE-UD boundary rederivation"
"beta1_cap_infeasible_N7_o0.05_h0.8_mu0.5_A1_l0.5",TRUE,"C=-0.13333333; cap proposal infeasible","2026-08-04","Goal 3 PBE-UD boundary rederivation"
"beta1_cap_infeasible_N7_o0.05_h0.8_mu0.5_A1_l0.9",TRUE,"C=-0.13333333; cap proposal infeasible","2026-08-04","Goal 3 PBE-UD boundary rederivation"
"beta1_cap_infeasible_N7_o0.05_h0.8_mu0.5_A1_l1",TRUE,"C=-0.13333333; cap proposal infeasible","2026-08-04","Goal 3 PBE-UD boundary rederivation"
"beta1_cap_infeasible_N7_o0.05_h0.8_mu0.9_A0_l0",TRUE,"C=-0.13333333; cap proposal infeasible","2026-08-04","Goal 3 PBE-UD boundary rederivation"
"beta1_cap_infeasible_N7_o0.05_h0.8_mu0.9_A0_l0.5",TRUE,"C=-0.13333333; cap proposal infeasible","2026-08-04","Goal 3 PBE-UD boundary rederivation"
"beta1_cap_infeasible_N7_o0.05_h0.8_mu0.9_A0_l0.9",TRUE,"C=-0.13333333; cap proposal infeasible","2026-08-04","Goal 3 PBE-UD boundary rederivation"
"beta1_cap_infeasible_N7_o0.05_h0.8_mu0.9_A0_l1",TRUE,"C=-0.13333333; cap proposal infeasible","2026-08-04","Goal 3 PBE-UD boundary rederivation"
"beta1_cap_infeasible_N7_o0.05_h0.8_mu0.9_A0.25_l0",TRUE,"C=-0.13333333; cap proposal infeasible","2026-08-04","Goal 3 PBE-UD boundary rederivation"
"beta1_cap_infeasible_N7_o0.05_h0.8_mu0.9_A0.25_l0.5",TRUE,"C=-0.13333333; cap proposal infeasible","2026-08-04","Goal 3 PBE-UD boundary rederivation"
"beta1_cap_infeasible_N7_o0.05_h0.8_mu0.9_A0.25_l0.9",TRUE,"C=-0.13333333; cap proposal infeasible","2026-08-04","Goal 3 PBE-UD boundary rederivation"
"beta1_cap_infeasible_N7_o0.05_h0.8_mu0.9_A0.25_l1",TRUE,"C=-0.13333333; cap proposal infeasible","2026-08-04","Goal 3 PBE-UD boundary rederivation"
"beta1_cap_infeasible_N7_o0.05_h0.8_mu0.9_A0.75_l0",TRUE,"C=-0.13333333; cap proposal infeasible","2026-08-04","Goal 3 PBE-UD boundary rederivation"
"beta1_cap_infeasible_N7_o0.05_h0.8_mu0.9_A0.75_l0.5",TRUE,"C=-0.13333333; cap proposal infeasible","2026-08-04","Goal 3 PBE-UD boundary rederivation"
"beta1_cap_infeasible_N7_o0.05_h0.8_mu0.9_A0.75_l0.9",TRUE,"C=-0.13333333; cap proposal infeasible","2026-08-04","Goal 3 PBE-UD boundary rederivation"
"beta1_cap_infeasible_N7_o0.05_h0.8_mu0.9_A0.75_l1",TRUE,"C=-0.13333333; cap proposal infeasible","2026-08-04","Goal 3 PBE-UD boundary rederivation"
"beta1_cap_infeasible_N7_o0.05_h0.8_mu0.9_A1_l0",TRUE,"C=-0.13333333; cap proposal infeasible","2026-08-04","Goal 3 PBE-UD boundary rederivation"
"beta1_cap_infeasible_N7_o0.05_h0.8_mu0.9_A1_l0.5",TRUE,"C=-0.13333333; cap proposal infeasible","2026-08-04","Goal 3 PBE-UD boundary rederivation"
"beta1_cap_infeasible_N7_o0.05_h0.8_mu0.9_A1_l0.9",TRUE,"C=-0.13333333; cap proposal infeasible","2026-08-04","Goal 3 PBE-UD boundary rederivation"
"beta1_cap_infeasible_N7_o0.05_h0.8_mu0.9_A1_l1",TRUE,"C=-0.13333333; cap proposal infeasible","2026-08-04","Goal 3 PBE-UD boundary rederivation"
"beta1_cap_formula_N7_o0.2_h0.4_mu0.1_A0_l0",TRUE,"formula=0.16666667; enumerated=0.16666667","2026-08-04","Goal 3 PBE-UD boundary rederivation"
"beta1_cap_formula_N7_o0.2_h0.4_mu0.1_A0_l0.5",TRUE,"formula=0.16666667; enumerated=0.16666667","2026-08-04","Goal 3 PBE-UD boundary rederivation"
"beta1_cap_formula_N7_o0.2_h0.4_mu0.1_A0_l0.9",TRUE,"formula=0.16666667; enumerated=0.16666667","2026-08-04","Goal 3 PBE-UD boundary rederivation"
"beta1_cap_formula_N7_o0.2_h0.4_mu0.1_A0_l1",TRUE,"formula=0.16666667; enumerated=0.16666667","2026-08-04","Goal 3 PBE-UD boundary rederivation"
"beta1_cap_formula_N7_o0.2_h0.4_mu0.1_A0.25_l0",TRUE,"formula=0.18916667; enumerated=0.18916667","2026-08-04","Goal 3 PBE-UD boundary rederivation"
"beta1_cap_formula_N7_o0.2_h0.4_mu0.1_A0.25_l0.5",TRUE,"formula=0.19041667; enumerated=0.19041667","2026-08-04","Goal 3 PBE-UD boundary rederivation"
"beta1_cap_formula_N7_o0.2_h0.4_mu0.1_A0.25_l0.9",TRUE,"formula=0.19141667; enumerated=0.19141667","2026-08-04","Goal 3 PBE-UD boundary rederivation"
"beta1_cap_formula_N7_o0.2_h0.4_mu0.1_A0.25_l1",TRUE,"formula=0.19166667; enumerated=0.19166667","2026-08-04","Goal 3 PBE-UD boundary rederivation"
"beta1_cap_formula_N7_o0.2_h0.4_mu0.1_A0.75_l0",TRUE,"formula=0.23416667; enumerated=0.23416667","2026-08-04","Goal 3 PBE-UD boundary rederivation"
"beta1_cap_formula_N7_o0.2_h0.4_mu0.1_A0.75_l0.5",TRUE,"formula=0.23791667; enumerated=0.23791667","2026-08-04","Goal 3 PBE-UD boundary rederivation"
"beta1_cap_formula_N7_o0.2_h0.4_mu0.1_A0.75_l0.9",TRUE,"formula=0.24091667; enumerated=0.24091667","2026-08-04","Goal 3 PBE-UD boundary rederivation"
"beta1_cap_formula_N7_o0.2_h0.4_mu0.1_A0.75_l1",TRUE,"formula=0.24166667; enumerated=0.24166667","2026-08-04","Goal 3 PBE-UD boundary rederivation"
"beta1_cap_formula_N7_o0.2_h0.4_mu0.1_A1_l0",TRUE,"formula=0.25666667; enumerated=0.25666667","2026-08-04","Goal 3 PBE-UD boundary rederivation"
"beta1_cap_formula_N7_o0.2_h0.4_mu0.1_A1_l0.5",TRUE,"formula=0.26166667; enumerated=0.26166667","2026-08-04","Goal 3 PBE-UD boundary rederivation"
"beta1_cap_formula_N7_o0.2_h0.4_mu0.1_A1_l0.9",TRUE,"formula=0.26566667; enumerated=0.26566667","2026-08-04","Goal 3 PBE-UD boundary rederivation"
"beta1_cap_formula_N7_o0.2_h0.4_mu0.1_A1_l1",TRUE,"formula=0.26666667; enumerated=0.26666667","2026-08-04","Goal 3 PBE-UD boundary rederivation"
"beta1_cap_formula_N7_o0.2_h0.4_mu0.5_A0_l0",TRUE,"formula=0.16666667; enumerated=0.16666667","2026-08-04","Goal 3 PBE-UD boundary rederivation"
"beta1_cap_formula_N7_o0.2_h0.4_mu0.5_A0_l0.5",TRUE,"formula=0.16666667; enumerated=0.16666667","2026-08-04","Goal 3 PBE-UD boundary rederivation"
"beta1_cap_formula_N7_o0.2_h0.4_mu0.5_A0_l0.9",TRUE,"formula=0.16666667; enumerated=0.16666667","2026-08-04","Goal 3 PBE-UD boundary rederivation"
"beta1_cap_formula_N7_o0.2_h0.4_mu0.5_A0_l1",TRUE,"formula=0.16666667; enumerated=0.16666667","2026-08-04","Goal 3 PBE-UD boundary rederivation"
"beta1_cap_formula_N7_o0.2_h0.4_mu0.5_A0.25_l0",TRUE,"formula=0.17916667; enumerated=0.17916667","2026-08-04","Goal 3 PBE-UD boundary rederivation"
"beta1_cap_formula_N7_o0.2_h0.4_mu0.5_A0.25_l0.5",TRUE,"formula=0.18541667; enumerated=0.18541667","2026-08-04","Goal 3 PBE-UD boundary rederivation"
"beta1_cap_formula_N7_o0.2_h0.4_mu0.5_A0.25_l0.9",TRUE,"formula=0.19041667; enumerated=0.19041667","2026-08-04","Goal 3 PBE-UD boundary rederivation"
"beta1_cap_formula_N7_o0.2_h0.4_mu0.5_A0.25_l1",TRUE,"formula=0.19166667; enumerated=0.19166667","2026-08-04","Goal 3 PBE-UD boundary rederivation"
"beta1_cap_formula_N7_o0.2_h0.4_mu0.5_A0.75_l0",TRUE,"formula=0.20416667; enumerated=0.20416667","2026-08-04","Goal 3 PBE-UD boundary rederivation"
"beta1_cap_formula_N7_o0.2_h0.4_mu0.5_A0.75_l0.5",TRUE,"formula=0.22291667; enumerated=0.22291667","2026-08-04","Goal 3 PBE-UD boundary rederivation"
"beta1_cap_formula_N7_o0.2_h0.4_mu0.5_A0.75_l0.9",TRUE,"formula=0.23791667; enumerated=0.23791667","2026-08-04","Goal 3 PBE-UD boundary rederivation"
"beta1_cap_formula_N7_o0.2_h0.4_mu0.5_A0.75_l1",TRUE,"formula=0.24166667; enumerated=0.24166667","2026-08-04","Goal 3 PBE-UD boundary rederivation"
"beta1_cap_formula_N7_o0.2_h0.4_mu0.5_A1_l0",TRUE,"formula=0.21666667; enumerated=0.21666667","2026-08-04","Goal 3 PBE-UD boundary rederivation"
"beta1_cap_formula_N7_o0.2_h0.4_mu0.5_A1_l0.5",TRUE,"formula=0.24166667; enumerated=0.24166667","2026-08-04","Goal 3 PBE-UD boundary rederivation"
"beta1_cap_formula_N7_o0.2_h0.4_mu0.5_A1_l0.9",TRUE,"formula=0.26166667; enumerated=0.26166667","2026-08-04","Goal 3 PBE-UD boundary rederivation"
"beta1_cap_formula_N7_o0.2_h0.4_mu0.5_A1_l1",TRUE,"formula=0.26666667; enumerated=0.26666667","2026-08-04","Goal 3 PBE-UD boundary rederivation"
"beta1_cap_formula_N7_o0.2_h0.4_mu0.9_A0_l0",TRUE,"formula=0.16666667; enumerated=0.16666667","2026-08-04","Goal 3 PBE-UD boundary rederivation"
"beta1_cap_formula_N7_o0.2_h0.4_mu0.9_A0_l0.5",TRUE,"formula=0.16666667; enumerated=0.16666667","2026-08-04","Goal 3 PBE-UD boundary rederivation"
"beta1_cap_formula_N7_o0.2_h0.4_mu0.9_A0_l0.9",TRUE,"formula=0.16666667; enumerated=0.16666667","2026-08-04","Goal 3 PBE-UD boundary rederivation"
"beta1_cap_formula_N7_o0.2_h0.4_mu0.9_A0_l1",TRUE,"formula=0.16666667; enumerated=0.16666667","2026-08-04","Goal 3 PBE-UD boundary rederivation"
"beta1_cap_formula_N7_o0.2_h0.4_mu0.9_A0.25_l0",TRUE,"formula=0.16916667; enumerated=0.16916667","2026-08-04","Goal 3 PBE-UD boundary rederivation"
"beta1_cap_formula_N7_o0.2_h0.4_mu0.9_A0.25_l0.5",TRUE,"formula=0.18041667; enumerated=0.18041667","2026-08-04","Goal 3 PBE-UD boundary rederivation"
"beta1_cap_formula_N7_o0.2_h0.4_mu0.9_A0.25_l0.9",TRUE,"formula=0.18941667; enumerated=0.18941667","2026-08-04","Goal 3 PBE-UD boundary rederivation"
"beta1_cap_formula_N7_o0.2_h0.4_mu0.9_A0.25_l1",TRUE,"formula=0.19166667; enumerated=0.19166667","2026-08-04","Goal 3 PBE-UD boundary rederivation"
"beta1_cap_formula_N7_o0.2_h0.4_mu0.9_A0.75_l0",TRUE,"formula=0.17416667; enumerated=0.17416667","2026-08-04","Goal 3 PBE-UD boundary rederivation"
"beta1_cap_formula_N7_o0.2_h0.4_mu0.9_A0.75_l0.5",TRUE,"formula=0.20791667; enumerated=0.20791667","2026-08-04","Goal 3 PBE-UD boundary rederivation"
"beta1_cap_formula_N7_o0.2_h0.4_mu0.9_A0.75_l0.9",TRUE,"formula=0.23491667; enumerated=0.23491667","2026-08-04","Goal 3 PBE-UD boundary rederivation"
"beta1_cap_formula_N7_o0.2_h0.4_mu0.9_A0.75_l1",TRUE,"formula=0.24166667; enumerated=0.24166667","2026-08-04","Goal 3 PBE-UD boundary rederivation"
"beta1_cap_formula_N7_o0.2_h0.4_mu0.9_A1_l0",TRUE,"formula=0.17666667; enumerated=0.17666667","2026-08-04","Goal 3 PBE-UD boundary rederivation"
"beta1_cap_formula_N7_o0.2_h0.4_mu0.9_A1_l0.5",TRUE,"formula=0.22166667; enumerated=0.22166667","2026-08-04","Goal 3 PBE-UD boundary rederivation"
"beta1_cap_formula_N7_o0.2_h0.4_mu0.9_A1_l0.9",TRUE,"formula=0.25766667; enumerated=0.25766667","2026-08-04","Goal 3 PBE-UD boundary rederivation"
"beta1_cap_formula_N7_o0.2_h0.4_mu0.9_A1_l1",TRUE,"formula=0.26666667; enumerated=0.26666667","2026-08-04","Goal 3 PBE-UD boundary rederivation"
"beta1_cap_infeasible_N7_o0.2_h0.8_mu0.1_A0_l0",TRUE,"C=-0.13333333; cap proposal infeasible","2026-08-04","Goal 3 PBE-UD boundary rederivation"
"beta1_cap_infeasible_N7_o0.2_h0.8_mu0.1_A0_l0.5",TRUE,"C=-0.13333333; cap proposal infeasible","2026-08-04","Goal 3 PBE-UD boundary rederivation"
"beta1_cap_infeasible_N7_o0.2_h0.8_mu0.1_A0_l0.9",TRUE,"C=-0.13333333; cap proposal infeasible","2026-08-04","Goal 3 PBE-UD boundary rederivation"
"beta1_cap_infeasible_N7_o0.2_h0.8_mu0.1_A0_l1",TRUE,"C=-0.13333333; cap proposal infeasible","2026-08-04","Goal 3 PBE-UD boundary rederivation"
"beta1_cap_infeasible_N7_o0.2_h0.8_mu0.1_A0.25_l0",TRUE,"C=-0.13333333; cap proposal infeasible","2026-08-04","Goal 3 PBE-UD boundary rederivation"
"beta1_cap_infeasible_N7_o0.2_h0.8_mu0.1_A0.25_l0.5",TRUE,"C=-0.13333333; cap proposal infeasible","2026-08-04","Goal 3 PBE-UD boundary rederivation"
"beta1_cap_infeasible_N7_o0.2_h0.8_mu0.1_A0.25_l0.9",TRUE,"C=-0.13333333; cap proposal infeasible","2026-08-04","Goal 3 PBE-UD boundary rederivation"
"beta1_cap_infeasible_N7_o0.2_h0.8_mu0.1_A0.25_l1",TRUE,"C=-0.13333333; cap proposal infeasible","2026-08-04","Goal 3 PBE-UD boundary rederivation"
"beta1_cap_infeasible_N7_o0.2_h0.8_mu0.1_A0.75_l0",TRUE,"C=-0.13333333; cap proposal infeasible","2026-08-04","Goal 3 PBE-UD boundary rederivation"
"beta1_cap_infeasible_N7_o0.2_h0.8_mu0.1_A0.75_l0.5",TRUE,"C=-0.13333333; cap proposal infeasible","2026-08-04","Goal 3 PBE-UD boundary rederivation"
"beta1_cap_infeasible_N7_o0.2_h0.8_mu0.1_A0.75_l0.9",TRUE,"C=-0.13333333; cap proposal infeasible","2026-08-04","Goal 3 PBE-UD boundary rederivation"
"beta1_cap_infeasible_N7_o0.2_h0.8_mu0.1_A0.75_l1",TRUE,"C=-0.13333333; cap proposal infeasible","2026-08-04","Goal 3 PBE-UD boundary rederivation"
"beta1_cap_infeasible_N7_o0.2_h0.8_mu0.1_A1_l0",TRUE,"C=-0.13333333; cap proposal infeasible","2026-08-04","Goal 3 PBE-UD boundary rederivation"
"beta1_cap_infeasible_N7_o0.2_h0.8_mu0.1_A1_l0.5",TRUE,"C=-0.13333333; cap proposal infeasible","2026-08-04","Goal 3 PBE-UD boundary rederivation"
"beta1_cap_infeasible_N7_o0.2_h0.8_mu0.1_A1_l0.9",TRUE,"C=-0.13333333; cap proposal infeasible","2026-08-04","Goal 3 PBE-UD boundary rederivation"
"beta1_cap_infeasible_N7_o0.2_h0.8_mu0.1_A1_l1",TRUE,"C=-0.13333333; cap proposal infeasible","2026-08-04","Goal 3 PBE-UD boundary rederivation"
"beta1_cap_infeasible_N7_o0.2_h0.8_mu0.5_A0_l0",TRUE,"C=-0.13333333; cap proposal infeasible","2026-08-04","Goal 3 PBE-UD boundary rederivation"
"beta1_cap_infeasible_N7_o0.2_h0.8_mu0.5_A0_l0.5",TRUE,"C=-0.13333333; cap proposal infeasible","2026-08-04","Goal 3 PBE-UD boundary rederivation"
"beta1_cap_infeasible_N7_o0.2_h0.8_mu0.5_A0_l0.9",TRUE,"C=-0.13333333; cap proposal infeasible","2026-08-04","Goal 3 PBE-UD boundary rederivation"
"beta1_cap_infeasible_N7_o0.2_h0.8_mu0.5_A0_l1",TRUE,"C=-0.13333333; cap proposal infeasible","2026-08-04","Goal 3 PBE-UD boundary rederivation"
"beta1_cap_infeasible_N7_o0.2_h0.8_mu0.5_A0.25_l0",TRUE,"C=-0.13333333; cap proposal infeasible","2026-08-04","Goal 3 PBE-UD boundary rederivation"
"beta1_cap_infeasible_N7_o0.2_h0.8_mu0.5_A0.25_l0.5",TRUE,"C=-0.13333333; cap proposal infeasible","2026-08-04","Goal 3 PBE-UD boundary rederivation"
"beta1_cap_infeasible_N7_o0.2_h0.8_mu0.5_A0.25_l0.9",TRUE,"C=-0.13333333; cap proposal infeasible","2026-08-04","Goal 3 PBE-UD boundary rederivation"
"beta1_cap_infeasible_N7_o0.2_h0.8_mu0.5_A0.25_l1",TRUE,"C=-0.13333333; cap proposal infeasible","2026-08-04","Goal 3 PBE-UD boundary rederivation"
"beta1_cap_infeasible_N7_o0.2_h0.8_mu0.5_A0.75_l0",TRUE,"C=-0.13333333; cap proposal infeasible","2026-08-04","Goal 3 PBE-UD boundary rederivation"
"beta1_cap_infeasible_N7_o0.2_h0.8_mu0.5_A0.75_l0.5",TRUE,"C=-0.13333333; cap proposal infeasible","2026-08-04","Goal 3 PBE-UD boundary rederivation"
"beta1_cap_infeasible_N7_o0.2_h0.8_mu0.5_A0.75_l0.9",TRUE,"C=-0.13333333; cap proposal infeasible","2026-08-04","Goal 3 PBE-UD boundary rederivation"
"beta1_cap_infeasible_N7_o0.2_h0.8_mu0.5_A0.75_l1",TRUE,"C=-0.13333333; cap proposal infeasible","2026-08-04","Goal 3 PBE-UD boundary rederivation"
"beta1_cap_infeasible_N7_o0.2_h0.8_mu0.5_A1_l0",TRUE,"C=-0.13333333; cap proposal infeasible","2026-08-04","Goal 3 PBE-UD boundary rederivation"
"beta1_cap_infeasible_N7_o0.2_h0.8_mu0.5_A1_l0.5",TRUE,"C=-0.13333333; cap proposal infeasible","2026-08-04","Goal 3 PBE-UD boundary rederivation"
"beta1_cap_infeasible_N7_o0.2_h0.8_mu0.5_A1_l0.9",TRUE,"C=-0.13333333; cap proposal infeasible","2026-08-04","Goal 3 PBE-UD boundary rederivation"
"beta1_cap_infeasible_N7_o0.2_h0.8_mu0.5_A1_l1",TRUE,"C=-0.13333333; cap proposal infeasible","2026-08-04","Goal 3 PBE-UD boundary rederivation"
"beta1_cap_infeasible_N7_o0.2_h0.8_mu0.9_A0_l0",TRUE,"C=-0.13333333; cap proposal infeasible","2026-08-04","Goal 3 PBE-UD boundary rederivation"
"beta1_cap_infeasible_N7_o0.2_h0.8_mu0.9_A0_l0.5",TRUE,"C=-0.13333333; cap proposal infeasible","2026-08-04","Goal 3 PBE-UD boundary rederivation"
"beta1_cap_infeasible_N7_o0.2_h0.8_mu0.9_A0_l0.9",TRUE,"C=-0.13333333; cap proposal infeasible","2026-08-04","Goal 3 PBE-UD boundary rederivation"
"beta1_cap_infeasible_N7_o0.2_h0.8_mu0.9_A0_l1",TRUE,"C=-0.13333333; cap proposal infeasible","2026-08-04","Goal 3 PBE-UD boundary rederivation"
"beta1_cap_infeasible_N7_o0.2_h0.8_mu0.9_A0.25_l0",TRUE,"C=-0.13333333; cap proposal infeasible","2026-08-04","Goal 3 PBE-UD boundary rederivation"
"beta1_cap_infeasible_N7_o0.2_h0.8_mu0.9_A0.25_l0.5",TRUE,"C=-0.13333333; cap proposal infeasible","2026-08-04","Goal 3 PBE-UD boundary rederivation"
"beta1_cap_infeasible_N7_o0.2_h0.8_mu0.9_A0.25_l0.9",TRUE,"C=-0.13333333; cap proposal infeasible","2026-08-04","Goal 3 PBE-UD boundary rederivation"
"beta1_cap_infeasible_N7_o0.2_h0.8_mu0.9_A0.25_l1",TRUE,"C=-0.13333333; cap proposal infeasible","2026-08-04","Goal 3 PBE-UD boundary rederivation"
"beta1_cap_infeasible_N7_o0.2_h0.8_mu0.9_A0.75_l0",TRUE,"C=-0.13333333; cap proposal infeasible","2026-08-04","Goal 3 PBE-UD boundary rederivation"
"beta1_cap_infeasible_N7_o0.2_h0.8_mu0.9_A0.75_l0.5",TRUE,"C=-0.13333333; cap proposal infeasible","2026-08-04","Goal 3 PBE-UD boundary rederivation"
"beta1_cap_infeasible_N7_o0.2_h0.8_mu0.9_A0.75_l0.9",TRUE,"C=-0.13333333; cap proposal infeasible","2026-08-04","Goal 3 PBE-UD boundary rederivation"
"beta1_cap_infeasible_N7_o0.2_h0.8_mu0.9_A0.75_l1",TRUE,"C=-0.13333333; cap proposal infeasible","2026-08-04","Goal 3 PBE-UD boundary rederivation"
"beta1_cap_infeasible_N7_o0.2_h0.8_mu0.9_A1_l0",TRUE,"C=-0.13333333; cap proposal infeasible","2026-08-04","Goal 3 PBE-UD boundary rederivation"
"beta1_cap_infeasible_N7_o0.2_h0.8_mu0.9_A1_l0.5",TRUE,"C=-0.13333333; cap proposal infeasible","2026-08-04","Goal 3 PBE-UD boundary rederivation"
"beta1_cap_infeasible_N7_o0.2_h0.8_mu0.9_A1_l0.9",TRUE,"C=-0.13333333; cap proposal infeasible","2026-08-04","Goal 3 PBE-UD boundary rederivation"
"beta1_cap_infeasible_N7_o0.2_h0.8_mu0.9_A1_l1",TRUE,"C=-0.13333333; cap proposal infeasible","2026-08-04","Goal 3 PBE-UD boundary rederivation"
"beta1_cap_formula_N8_o0.05_h0.4_mu0.1_A0_l0",TRUE,"formula=0.14285714; enumerated=0.14285714","2026-08-04","Goal 3 PBE-UD boundary rederivation"
"beta1_cap_formula_N8_o0.05_h0.4_mu0.1_A0_l0.5",TRUE,"formula=0.14285714; enumerated=0.14285714","2026-08-04","Goal 3 PBE-UD boundary rederivation"
"beta1_cap_formula_N8_o0.05_h0.4_mu0.1_A0_l0.9",TRUE,"formula=0.14285714; enumerated=0.14285714","2026-08-04","Goal 3 PBE-UD boundary rederivation"
"beta1_cap_formula_N8_o0.05_h0.4_mu0.1_A0_l1",TRUE,"formula=0.14285714; enumerated=0.14285714","2026-08-04","Goal 3 PBE-UD boundary rederivation"
"beta1_cap_formula_N8_o0.05_h0.4_mu0.1_A0.25_l0",TRUE,"formula=0.14928571; enumerated=0.14928571","2026-08-04","Goal 3 PBE-UD boundary rederivation"
"beta1_cap_formula_N8_o0.05_h0.4_mu0.1_A0.25_l0.5",TRUE,"formula=0.14964286; enumerated=0.14964286","2026-08-04","Goal 3 PBE-UD boundary rederivation"
"beta1_cap_formula_N8_o0.05_h0.4_mu0.1_A0.25_l0.9",TRUE,"formula=0.14992857; enumerated=0.14992857","2026-08-04","Goal 3 PBE-UD boundary rederivation"
"beta1_cap_formula_N8_o0.05_h0.4_mu0.1_A0.25_l1",TRUE,"formula=0.15000000; enumerated=0.15000000","2026-08-04","Goal 3 PBE-UD boundary rederivation"
"beta1_cap_formula_N8_o0.05_h0.4_mu0.1_A0.75_l0",TRUE,"formula=0.16214286; enumerated=0.16214286","2026-08-04","Goal 3 PBE-UD boundary rederivation"
"beta1_cap_formula_N8_o0.05_h0.4_mu0.1_A0.75_l0.5",TRUE,"formula=0.16321429; enumerated=0.16321429","2026-08-04","Goal 3 PBE-UD boundary rederivation"
"beta1_cap_formula_N8_o0.05_h0.4_mu0.1_A0.75_l0.9",TRUE,"formula=0.16407143; enumerated=0.16407143","2026-08-04","Goal 3 PBE-UD boundary rederivation"
"beta1_cap_formula_N8_o0.05_h0.4_mu0.1_A0.75_l1",TRUE,"formula=0.16428571; enumerated=0.16428571","2026-08-04","Goal 3 PBE-UD boundary rederivation"
"beta1_cap_formula_N8_o0.05_h0.4_mu0.1_A1_l0",TRUE,"formula=0.16857143; enumerated=0.16857143","2026-08-04","Goal 3 PBE-UD boundary rederivation"
"beta1_cap_formula_N8_o0.05_h0.4_mu0.1_A1_l0.5",TRUE,"formula=0.17000000; enumerated=0.17000000","2026-08-04","Goal 3 PBE-UD boundary rederivation"
"beta1_cap_formula_N8_o0.05_h0.4_mu0.1_A1_l0.9",TRUE,"formula=0.17114286; enumerated=0.17114286","2026-08-04","Goal 3 PBE-UD boundary rederivation"
"beta1_cap_formula_N8_o0.05_h0.4_mu0.1_A1_l1",TRUE,"formula=0.17142857; enumerated=0.17142857","2026-08-04","Goal 3 PBE-UD boundary rederivation"
"beta1_cap_formula_N8_o0.05_h0.4_mu0.5_A0_l0",TRUE,"formula=0.14285714; enumerated=0.14285714","2026-08-04","Goal 3 PBE-UD boundary rederivation"
"beta1_cap_formula_N8_o0.05_h0.4_mu0.5_A0_l0.5",TRUE,"formula=0.14285714; enumerated=0.14285714","2026-08-04","Goal 3 PBE-UD boundary rederivation"
"beta1_cap_formula_N8_o0.05_h0.4_mu0.5_A0_l0.9",TRUE,"formula=0.14285714; enumerated=0.14285714","2026-08-04","Goal 3 PBE-UD boundary rederivation"
"beta1_cap_formula_N8_o0.05_h0.4_mu0.5_A0_l1",TRUE,"formula=0.14285714; enumerated=0.14285714","2026-08-04","Goal 3 PBE-UD boundary rederivation"
"beta1_cap_formula_N8_o0.05_h0.4_mu0.5_A0.25_l0",TRUE,"formula=0.14642857; enumerated=0.14642857","2026-08-04","Goal 3 PBE-UD boundary rederivation"
"beta1_cap_formula_N8_o0.05_h0.4_mu0.5_A0.25_l0.5",TRUE,"formula=0.14821429; enumerated=0.14821429","2026-08-04","Goal 3 PBE-UD boundary rederivation"
"beta1_cap_formula_N8_o0.05_h0.4_mu0.5_A0.25_l0.9",TRUE,"formula=0.14964286; enumerated=0.14964286","2026-08-04","Goal 3 PBE-UD boundary rederivation"
"beta1_cap_formula_N8_o0.05_h0.4_mu0.5_A0.25_l1",TRUE,"formula=0.15000000; enumerated=0.15000000","2026-08-04","Goal 3 PBE-UD boundary rederivation"
"beta1_cap_formula_N8_o0.05_h0.4_mu0.5_A0.75_l0",TRUE,"formula=0.15357143; enumerated=0.15357143","2026-08-04","Goal 3 PBE-UD boundary rederivation"
"beta1_cap_formula_N8_o0.05_h0.4_mu0.5_A0.75_l0.5",TRUE,"formula=0.15892857; enumerated=0.15892857","2026-08-04","Goal 3 PBE-UD boundary rederivation"
"beta1_cap_formula_N8_o0.05_h0.4_mu0.5_A0.75_l0.9",TRUE,"formula=0.16321429; enumerated=0.16321429","2026-08-04","Goal 3 PBE-UD boundary rederivation"
"beta1_cap_formula_N8_o0.05_h0.4_mu0.5_A0.75_l1",TRUE,"formula=0.16428571; enumerated=0.16428571","2026-08-04","Goal 3 PBE-UD boundary rederivation"
"beta1_cap_formula_N8_o0.05_h0.4_mu0.5_A1_l0",TRUE,"formula=0.15714286; enumerated=0.15714286","2026-08-04","Goal 3 PBE-UD boundary rederivation"
"beta1_cap_formula_N8_o0.05_h0.4_mu0.5_A1_l0.5",TRUE,"formula=0.16428571; enumerated=0.16428571","2026-08-04","Goal 3 PBE-UD boundary rederivation"
"beta1_cap_formula_N8_o0.05_h0.4_mu0.5_A1_l0.9",TRUE,"formula=0.17000000; enumerated=0.17000000","2026-08-04","Goal 3 PBE-UD boundary rederivation"
"beta1_cap_formula_N8_o0.05_h0.4_mu0.5_A1_l1",TRUE,"formula=0.17142857; enumerated=0.17142857","2026-08-04","Goal 3 PBE-UD boundary rederivation"
"beta1_cap_formula_N8_o0.05_h0.4_mu0.9_A0_l0",TRUE,"formula=0.14285714; enumerated=0.14285714","2026-08-04","Goal 3 PBE-UD boundary rederivation"
"beta1_cap_formula_N8_o0.05_h0.4_mu0.9_A0_l0.5",TRUE,"formula=0.14285714; enumerated=0.14285714","2026-08-04","Goal 3 PBE-UD boundary rederivation"
"beta1_cap_formula_N8_o0.05_h0.4_mu0.9_A0_l0.9",TRUE,"formula=0.14285714; enumerated=0.14285714","2026-08-04","Goal 3 PBE-UD boundary rederivation"
"beta1_cap_formula_N8_o0.05_h0.4_mu0.9_A0_l1",TRUE,"formula=0.14285714; enumerated=0.14285714","2026-08-04","Goal 3 PBE-UD boundary rederivation"
"beta1_cap_formula_N8_o0.05_h0.4_mu0.9_A0.25_l0",TRUE,"formula=0.14357143; enumerated=0.14357143","2026-08-04","Goal 3 PBE-UD boundary rederivation"
"beta1_cap_formula_N8_o0.05_h0.4_mu0.9_A0.25_l0.5",TRUE,"formula=0.14678571; enumerated=0.14678571","2026-08-04","Goal 3 PBE-UD boundary rederivation"
"beta1_cap_formula_N8_o0.05_h0.4_mu0.9_A0.25_l0.9",TRUE,"formula=0.14935714; enumerated=0.14935714","2026-08-04","Goal 3 PBE-UD boundary rederivation"
"beta1_cap_formula_N8_o0.05_h0.4_mu0.9_A0.25_l1",TRUE,"formula=0.15000000; enumerated=0.15000000","2026-08-04","Goal 3 PBE-UD boundary rederivation"
"beta1_cap_formula_N8_o0.05_h0.4_mu0.9_A0.75_l0",TRUE,"formula=0.14500000; enumerated=0.14500000","2026-08-04","Goal 3 PBE-UD boundary rederivation"
"beta1_cap_formula_N8_o0.05_h0.4_mu0.9_A0.75_l0.5",TRUE,"formula=0.15464286; enumerated=0.15464286","2026-08-04","Goal 3 PBE-UD boundary rederivation"
"beta1_cap_formula_N8_o0.05_h0.4_mu0.9_A0.75_l0.9",TRUE,"formula=0.16235714; enumerated=0.16235714","2026-08-04","Goal 3 PBE-UD boundary rederivation"
"beta1_cap_formula_N8_o0.05_h0.4_mu0.9_A0.75_l1",TRUE,"formula=0.16428571; enumerated=0.16428571","2026-08-04","Goal 3 PBE-UD boundary rederivation"
"beta1_cap_formula_N8_o0.05_h0.4_mu0.9_A1_l0",TRUE,"formula=0.14571429; enumerated=0.14571429","2026-08-04","Goal 3 PBE-UD boundary rederivation"
"beta1_cap_formula_N8_o0.05_h0.4_mu0.9_A1_l0.5",TRUE,"formula=0.15857143; enumerated=0.15857143","2026-08-04","Goal 3 PBE-UD boundary rederivation"
"beta1_cap_formula_N8_o0.05_h0.4_mu0.9_A1_l0.9",TRUE,"formula=0.16885714; enumerated=0.16885714","2026-08-04","Goal 3 PBE-UD boundary rederivation"
"beta1_cap_formula_N8_o0.05_h0.4_mu0.9_A1_l1",TRUE,"formula=0.17142857; enumerated=0.17142857","2026-08-04","Goal 3 PBE-UD boundary rederivation"
"beta1_cap_infeasible_N8_o0.05_h0.8_mu0.1_A0_l0",TRUE,"C=-0.22857143; cap proposal infeasible","2026-08-04","Goal 3 PBE-UD boundary rederivation"
"beta1_cap_infeasible_N8_o0.05_h0.8_mu0.1_A0_l0.5",TRUE,"C=-0.22857143; cap proposal infeasible","2026-08-04","Goal 3 PBE-UD boundary rederivation"
"beta1_cap_infeasible_N8_o0.05_h0.8_mu0.1_A0_l0.9",TRUE,"C=-0.22857143; cap proposal infeasible","2026-08-04","Goal 3 PBE-UD boundary rederivation"
"beta1_cap_infeasible_N8_o0.05_h0.8_mu0.1_A0_l1",TRUE,"C=-0.22857143; cap proposal infeasible","2026-08-04","Goal 3 PBE-UD boundary rederivation"
"beta1_cap_infeasible_N8_o0.05_h0.8_mu0.1_A0.25_l0",TRUE,"C=-0.22857143; cap proposal infeasible","2026-08-04","Goal 3 PBE-UD boundary rederivation"
"beta1_cap_infeasible_N8_o0.05_h0.8_mu0.1_A0.25_l0.5",TRUE,"C=-0.22857143; cap proposal infeasible","2026-08-04","Goal 3 PBE-UD boundary rederivation"
"beta1_cap_infeasible_N8_o0.05_h0.8_mu0.1_A0.25_l0.9",TRUE,"C=-0.22857143; cap proposal infeasible","2026-08-04","Goal 3 PBE-UD boundary rederivation"
"beta1_cap_infeasible_N8_o0.05_h0.8_mu0.1_A0.25_l1",TRUE,"C=-0.22857143; cap proposal infeasible","2026-08-04","Goal 3 PBE-UD boundary rederivation"
"beta1_cap_infeasible_N8_o0.05_h0.8_mu0.1_A0.75_l0",TRUE,"C=-0.22857143; cap proposal infeasible","2026-08-04","Goal 3 PBE-UD boundary rederivation"
"beta1_cap_infeasible_N8_o0.05_h0.8_mu0.1_A0.75_l0.5",TRUE,"C=-0.22857143; cap proposal infeasible","2026-08-04","Goal 3 PBE-UD boundary rederivation"
"beta1_cap_infeasible_N8_o0.05_h0.8_mu0.1_A0.75_l0.9",TRUE,"C=-0.22857143; cap proposal infeasible","2026-08-04","Goal 3 PBE-UD boundary rederivation"
"beta1_cap_infeasible_N8_o0.05_h0.8_mu0.1_A0.75_l1",TRUE,"C=-0.22857143; cap proposal infeasible","2026-08-04","Goal 3 PBE-UD boundary rederivation"
"beta1_cap_infeasible_N8_o0.05_h0.8_mu0.1_A1_l0",TRUE,"C=-0.22857143; cap proposal infeasible","2026-08-04","Goal 3 PBE-UD boundary rederivation"
"beta1_cap_infeasible_N8_o0.05_h0.8_mu0.1_A1_l0.5",TRUE,"C=-0.22857143; cap proposal infeasible","2026-08-04","Goal 3 PBE-UD boundary rederivation"
"beta1_cap_infeasible_N8_o0.05_h0.8_mu0.1_A1_l0.9",TRUE,"C=-0.22857143; cap proposal infeasible","2026-08-04","Goal 3 PBE-UD boundary rederivation"
"beta1_cap_infeasible_N8_o0.05_h0.8_mu0.1_A1_l1",TRUE,"C=-0.22857143; cap proposal infeasible","2026-08-04","Goal 3 PBE-UD boundary rederivation"
"beta1_cap_infeasible_N8_o0.05_h0.8_mu0.5_A0_l0",TRUE,"C=-0.22857143; cap proposal infeasible","2026-08-04","Goal 3 PBE-UD boundary rederivation"
"beta1_cap_infeasible_N8_o0.05_h0.8_mu0.5_A0_l0.5",TRUE,"C=-0.22857143; cap proposal infeasible","2026-08-04","Goal 3 PBE-UD boundary rederivation"
"beta1_cap_infeasible_N8_o0.05_h0.8_mu0.5_A0_l0.9",TRUE,"C=-0.22857143; cap proposal infeasible","2026-08-04","Goal 3 PBE-UD boundary rederivation"
"beta1_cap_infeasible_N8_o0.05_h0.8_mu0.5_A0_l1",TRUE,"C=-0.22857143; cap proposal infeasible","2026-08-04","Goal 3 PBE-UD boundary rederivation"
"beta1_cap_infeasible_N8_o0.05_h0.8_mu0.5_A0.25_l0",TRUE,"C=-0.22857143; cap proposal infeasible","2026-08-04","Goal 3 PBE-UD boundary rederivation"
"beta1_cap_infeasible_N8_o0.05_h0.8_mu0.5_A0.25_l0.5",TRUE,"C=-0.22857143; cap proposal infeasible","2026-08-04","Goal 3 PBE-UD boundary rederivation"
"beta1_cap_infeasible_N8_o0.05_h0.8_mu0.5_A0.25_l0.9",TRUE,"C=-0.22857143; cap proposal infeasible","2026-08-04","Goal 3 PBE-UD boundary rederivation"
"beta1_cap_infeasible_N8_o0.05_h0.8_mu0.5_A0.25_l1",TRUE,"C=-0.22857143; cap proposal infeasible","2026-08-04","Goal 3 PBE-UD boundary rederivation"
"beta1_cap_infeasible_N8_o0.05_h0.8_mu0.5_A0.75_l0",TRUE,"C=-0.22857143; cap proposal infeasible","2026-08-04","Goal 3 PBE-UD boundary rederivation"
"beta1_cap_infeasible_N8_o0.05_h0.8_mu0.5_A0.75_l0.5",TRUE,"C=-0.22857143; cap proposal infeasible","2026-08-04","Goal 3 PBE-UD boundary rederivation"
"beta1_cap_infeasible_N8_o0.05_h0.8_mu0.5_A0.75_l0.9",TRUE,"C=-0.22857143; cap proposal infeasible","2026-08-04","Goal 3 PBE-UD boundary rederivation"
"beta1_cap_infeasible_N8_o0.05_h0.8_mu0.5_A0.75_l1",TRUE,"C=-0.22857143; cap proposal infeasible","2026-08-04","Goal 3 PBE-UD boundary rederivation"
"beta1_cap_infeasible_N8_o0.05_h0.8_mu0.5_A1_l0",TRUE,"C=-0.22857143; cap proposal infeasible","2026-08-04","Goal 3 PBE-UD boundary rederivation"
"beta1_cap_infeasible_N8_o0.05_h0.8_mu0.5_A1_l0.5",TRUE,"C=-0.22857143; cap proposal infeasible","2026-08-04","Goal 3 PBE-UD boundary rederivation"
"beta1_cap_infeasible_N8_o0.05_h0.8_mu0.5_A1_l0.9",TRUE,"C=-0.22857143; cap proposal infeasible","2026-08-04","Goal 3 PBE-UD boundary rederivation"
"beta1_cap_infeasible_N8_o0.05_h0.8_mu0.5_A1_l1",TRUE,"C=-0.22857143; cap proposal infeasible","2026-08-04","Goal 3 PBE-UD boundary rederivation"
"beta1_cap_infeasible_N8_o0.05_h0.8_mu0.9_A0_l0",TRUE,"C=-0.22857143; cap proposal infeasible","2026-08-04","Goal 3 PBE-UD boundary rederivation"
"beta1_cap_infeasible_N8_o0.05_h0.8_mu0.9_A0_l0.5",TRUE,"C=-0.22857143; cap proposal infeasible","2026-08-04","Goal 3 PBE-UD boundary rederivation"
"beta1_cap_infeasible_N8_o0.05_h0.8_mu0.9_A0_l0.9",TRUE,"C=-0.22857143; cap proposal infeasible","2026-08-04","Goal 3 PBE-UD boundary rederivation"
"beta1_cap_infeasible_N8_o0.05_h0.8_mu0.9_A0_l1",TRUE,"C=-0.22857143; cap proposal infeasible","2026-08-04","Goal 3 PBE-UD boundary rederivation"
"beta1_cap_infeasible_N8_o0.05_h0.8_mu0.9_A0.25_l0",TRUE,"C=-0.22857143; cap proposal infeasible","2026-08-04","Goal 3 PBE-UD boundary rederivation"
"beta1_cap_infeasible_N8_o0.05_h0.8_mu0.9_A0.25_l0.5",TRUE,"C=-0.22857143; cap proposal infeasible","2026-08-04","Goal 3 PBE-UD boundary rederivation"
"beta1_cap_infeasible_N8_o0.05_h0.8_mu0.9_A0.25_l0.9",TRUE,"C=-0.22857143; cap proposal infeasible","2026-08-04","Goal 3 PBE-UD boundary rederivation"
"beta1_cap_infeasible_N8_o0.05_h0.8_mu0.9_A0.25_l1",TRUE,"C=-0.22857143; cap proposal infeasible","2026-08-04","Goal 3 PBE-UD boundary rederivation"
"beta1_cap_infeasible_N8_o0.05_h0.8_mu0.9_A0.75_l0",TRUE,"C=-0.22857143; cap proposal infeasible","2026-08-04","Goal 3 PBE-UD boundary rederivation"
"beta1_cap_infeasible_N8_o0.05_h0.8_mu0.9_A0.75_l0.5",TRUE,"C=-0.22857143; cap proposal infeasible","2026-08-04","Goal 3 PBE-UD boundary rederivation"
"beta1_cap_infeasible_N8_o0.05_h0.8_mu0.9_A0.75_l0.9",TRUE,"C=-0.22857143; cap proposal infeasible","2026-08-04","Goal 3 PBE-UD boundary rederivation"
"beta1_cap_infeasible_N8_o0.05_h0.8_mu0.9_A0.75_l1",TRUE,"C=-0.22857143; cap proposal infeasible","2026-08-04","Goal 3 PBE-UD boundary rederivation"
"beta1_cap_infeasible_N8_o0.05_h0.8_mu0.9_A1_l0",TRUE,"C=-0.22857143; cap proposal infeasible","2026-08-04","Goal 3 PBE-UD boundary rederivation"
"beta1_cap_infeasible_N8_o0.05_h0.8_mu0.9_A1_l0.5",TRUE,"C=-0.22857143; cap proposal infeasible","2026-08-04","Goal 3 PBE-UD boundary rederivation"
"beta1_cap_infeasible_N8_o0.05_h0.8_mu0.9_A1_l0.9",TRUE,"C=-0.22857143; cap proposal infeasible","2026-08-04","Goal 3 PBE-UD boundary rederivation"
"beta1_cap_infeasible_N8_o0.05_h0.8_mu0.9_A1_l1",TRUE,"C=-0.22857143; cap proposal infeasible","2026-08-04","Goal 3 PBE-UD boundary rederivation"
"beta1_cap_formula_N8_o0.2_h0.4_mu0.1_A0_l0",TRUE,"formula=0.14285714; enumerated=0.14285714","2026-08-04","Goal 3 PBE-UD boundary rederivation"
"beta1_cap_formula_N8_o0.2_h0.4_mu0.1_A0_l0.5",TRUE,"formula=0.14285714; enumerated=0.14285714","2026-08-04","Goal 3 PBE-UD boundary rederivation"
"beta1_cap_formula_N8_o0.2_h0.4_mu0.1_A0_l0.9",TRUE,"formula=0.14285714; enumerated=0.14285714","2026-08-04","Goal 3 PBE-UD boundary rederivation"
"beta1_cap_formula_N8_o0.2_h0.4_mu0.1_A0_l1",TRUE,"formula=0.14285714; enumerated=0.14285714","2026-08-04","Goal 3 PBE-UD boundary rederivation"
"beta1_cap_formula_N8_o0.2_h0.4_mu0.1_A0.25_l0",TRUE,"formula=0.14928571; enumerated=0.14928571","2026-08-04","Goal 3 PBE-UD boundary rederivation"
"beta1_cap_formula_N8_o0.2_h0.4_mu0.1_A0.25_l0.5",TRUE,"formula=0.14964286; enumerated=0.14964286","2026-08-04","Goal 3 PBE-UD boundary rederivation"
"beta1_cap_formula_N8_o0.2_h0.4_mu0.1_A0.25_l0.9",TRUE,"formula=0.14992857; enumerated=0.14992857","2026-08-04","Goal 3 PBE-UD boundary rederivation"
"beta1_cap_formula_N8_o0.2_h0.4_mu0.1_A0.25_l1",TRUE,"formula=0.15000000; enumerated=0.15000000","2026-08-04","Goal 3 PBE-UD boundary rederivation"
"beta1_cap_formula_N8_o0.2_h0.4_mu0.1_A0.75_l0",TRUE,"formula=0.16214286; enumerated=0.16214286","2026-08-04","Goal 3 PBE-UD boundary rederivation"
"beta1_cap_formula_N8_o0.2_h0.4_mu0.1_A0.75_l0.5",TRUE,"formula=0.16321429; enumerated=0.16321429","2026-08-04","Goal 3 PBE-UD boundary rederivation"
"beta1_cap_formula_N8_o0.2_h0.4_mu0.1_A0.75_l0.9",TRUE,"formula=0.16407143; enumerated=0.16407143","2026-08-04","Goal 3 PBE-UD boundary rederivation"
"beta1_cap_formula_N8_o0.2_h0.4_mu0.1_A0.75_l1",TRUE,"formula=0.16428571; enumerated=0.16428571","2026-08-04","Goal 3 PBE-UD boundary rederivation"
"beta1_cap_formula_N8_o0.2_h0.4_mu0.1_A1_l0",TRUE,"formula=0.16857143; enumerated=0.16857143","2026-08-04","Goal 3 PBE-UD boundary rederivation"
"beta1_cap_formula_N8_o0.2_h0.4_mu0.1_A1_l0.5",TRUE,"formula=0.17000000; enumerated=0.17000000","2026-08-04","Goal 3 PBE-UD boundary rederivation"
"beta1_cap_formula_N8_o0.2_h0.4_mu0.1_A1_l0.9",TRUE,"formula=0.17114286; enumerated=0.17114286","2026-08-04","Goal 3 PBE-UD boundary rederivation"
"beta1_cap_formula_N8_o0.2_h0.4_mu0.1_A1_l1",TRUE,"formula=0.17142857; enumerated=0.17142857","2026-08-04","Goal 3 PBE-UD boundary rederivation"
"beta1_cap_formula_N8_o0.2_h0.4_mu0.5_A0_l0",TRUE,"formula=0.14285714; enumerated=0.14285714","2026-08-04","Goal 3 PBE-UD boundary rederivation"
"beta1_cap_formula_N8_o0.2_h0.4_mu0.5_A0_l0.5",TRUE,"formula=0.14285714; enumerated=0.14285714","2026-08-04","Goal 3 PBE-UD boundary rederivation"
"beta1_cap_formula_N8_o0.2_h0.4_mu0.5_A0_l0.9",TRUE,"formula=0.14285714; enumerated=0.14285714","2026-08-04","Goal 3 PBE-UD boundary rederivation"
"beta1_cap_formula_N8_o0.2_h0.4_mu0.5_A0_l1",TRUE,"formula=0.14285714; enumerated=0.14285714","2026-08-04","Goal 3 PBE-UD boundary rederivation"
"beta1_cap_formula_N8_o0.2_h0.4_mu0.5_A0.25_l0",TRUE,"formula=0.14642857; enumerated=0.14642857","2026-08-04","Goal 3 PBE-UD boundary rederivation"
"beta1_cap_formula_N8_o0.2_h0.4_mu0.5_A0.25_l0.5",TRUE,"formula=0.14821429; enumerated=0.14821429","2026-08-04","Goal 3 PBE-UD boundary rederivation"
"beta1_cap_formula_N8_o0.2_h0.4_mu0.5_A0.25_l0.9",TRUE,"formula=0.14964286; enumerated=0.14964286","2026-08-04","Goal 3 PBE-UD boundary rederivation"
"beta1_cap_formula_N8_o0.2_h0.4_mu0.5_A0.25_l1",TRUE,"formula=0.15000000; enumerated=0.15000000","2026-08-04","Goal 3 PBE-UD boundary rederivation"
"beta1_cap_formula_N8_o0.2_h0.4_mu0.5_A0.75_l0",TRUE,"formula=0.15357143; enumerated=0.15357143","2026-08-04","Goal 3 PBE-UD boundary rederivation"
"beta1_cap_formula_N8_o0.2_h0.4_mu0.5_A0.75_l0.5",TRUE,"formula=0.15892857; enumerated=0.15892857","2026-08-04","Goal 3 PBE-UD boundary rederivation"
"beta1_cap_formula_N8_o0.2_h0.4_mu0.5_A0.75_l0.9",TRUE,"formula=0.16321429; enumerated=0.16321429","2026-08-04","Goal 3 PBE-UD boundary rederivation"
"beta1_cap_formula_N8_o0.2_h0.4_mu0.5_A0.75_l1",TRUE,"formula=0.16428571; enumerated=0.16428571","2026-08-04","Goal 3 PBE-UD boundary rederivation"
"beta1_cap_formula_N8_o0.2_h0.4_mu0.5_A1_l0",TRUE,"formula=0.15714286; enumerated=0.15714286","2026-08-04","Goal 3 PBE-UD boundary rederivation"
"beta1_cap_formula_N8_o0.2_h0.4_mu0.5_A1_l0.5",TRUE,"formula=0.16428571; enumerated=0.16428571","2026-08-04","Goal 3 PBE-UD boundary rederivation"
"beta1_cap_formula_N8_o0.2_h0.4_mu0.5_A1_l0.9",TRUE,"formula=0.17000000; enumerated=0.17000000","2026-08-04","Goal 3 PBE-UD boundary rederivation"
"beta1_cap_formula_N8_o0.2_h0.4_mu0.5_A1_l1",TRUE,"formula=0.17142857; enumerated=0.17142857","2026-08-04","Goal 3 PBE-UD boundary rederivation"
"beta1_cap_formula_N8_o0.2_h0.4_mu0.9_A0_l0",TRUE,"formula=0.14285714; enumerated=0.14285714","2026-08-04","Goal 3 PBE-UD boundary rederivation"
"beta1_cap_formula_N8_o0.2_h0.4_mu0.9_A0_l0.5",TRUE,"formula=0.14285714; enumerated=0.14285714","2026-08-04","Goal 3 PBE-UD boundary rederivation"
"beta1_cap_formula_N8_o0.2_h0.4_mu0.9_A0_l0.9",TRUE,"formula=0.14285714; enumerated=0.14285714","2026-08-04","Goal 3 PBE-UD boundary rederivation"
"beta1_cap_formula_N8_o0.2_h0.4_mu0.9_A0_l1",TRUE,"formula=0.14285714; enumerated=0.14285714","2026-08-04","Goal 3 PBE-UD boundary rederivation"
"beta1_cap_formula_N8_o0.2_h0.4_mu0.9_A0.25_l0",TRUE,"formula=0.14357143; enumerated=0.14357143","2026-08-04","Goal 3 PBE-UD boundary rederivation"
"beta1_cap_formula_N8_o0.2_h0.4_mu0.9_A0.25_l0.5",TRUE,"formula=0.14678571; enumerated=0.14678571","2026-08-04","Goal 3 PBE-UD boundary rederivation"
"beta1_cap_formula_N8_o0.2_h0.4_mu0.9_A0.25_l0.9",TRUE,"formula=0.14935714; enumerated=0.14935714","2026-08-04","Goal 3 PBE-UD boundary rederivation"
"beta1_cap_formula_N8_o0.2_h0.4_mu0.9_A0.25_l1",TRUE,"formula=0.15000000; enumerated=0.15000000","2026-08-04","Goal 3 PBE-UD boundary rederivation"
"beta1_cap_formula_N8_o0.2_h0.4_mu0.9_A0.75_l0",TRUE,"formula=0.14500000; enumerated=0.14500000","2026-08-04","Goal 3 PBE-UD boundary rederivation"
"beta1_cap_formula_N8_o0.2_h0.4_mu0.9_A0.75_l0.5",TRUE,"formula=0.15464286; enumerated=0.15464286","2026-08-04","Goal 3 PBE-UD boundary rederivation"
"beta1_cap_formula_N8_o0.2_h0.4_mu0.9_A0.75_l0.9",TRUE,"formula=0.16235714; enumerated=0.16235714","2026-08-04","Goal 3 PBE-UD boundary rederivation"
"beta1_cap_formula_N8_o0.2_h0.4_mu0.9_A0.75_l1",TRUE,"formula=0.16428571; enumerated=0.16428571","2026-08-04","Goal 3 PBE-UD boundary rederivation"
"beta1_cap_formula_N8_o0.2_h0.4_mu0.9_A1_l0",TRUE,"formula=0.14571429; enumerated=0.14571429","2026-08-04","Goal 3 PBE-UD boundary rederivation"
"beta1_cap_formula_N8_o0.2_h0.4_mu0.9_A1_l0.5",TRUE,"formula=0.15857143; enumerated=0.15857143","2026-08-04","Goal 3 PBE-UD boundary rederivation"
"beta1_cap_formula_N8_o0.2_h0.4_mu0.9_A1_l0.9",TRUE,"formula=0.16885714; enumerated=0.16885714","2026-08-04","Goal 3 PBE-UD boundary rederivation"
"beta1_cap_formula_N8_o0.2_h0.4_mu0.9_A1_l1",TRUE,"formula=0.17142857; enumerated=0.17142857","2026-08-04","Goal 3 PBE-UD boundary rederivation"
"beta1_cap_infeasible_N8_o0.2_h0.8_mu0.1_A0_l0",TRUE,"C=-0.22857143; cap proposal infeasible","2026-08-04","Goal 3 PBE-UD boundary rederivation"
"beta1_cap_infeasible_N8_o0.2_h0.8_mu0.1_A0_l0.5",TRUE,"C=-0.22857143; cap proposal infeasible","2026-08-04","Goal 3 PBE-UD boundary rederivation"
"beta1_cap_infeasible_N8_o0.2_h0.8_mu0.1_A0_l0.9",TRUE,"C=-0.22857143; cap proposal infeasible","2026-08-04","Goal 3 PBE-UD boundary rederivation"
"beta1_cap_infeasible_N8_o0.2_h0.8_mu0.1_A0_l1",TRUE,"C=-0.22857143; cap proposal infeasible","2026-08-04","Goal 3 PBE-UD boundary rederivation"
"beta1_cap_infeasible_N8_o0.2_h0.8_mu0.1_A0.25_l0",TRUE,"C=-0.22857143; cap proposal infeasible","2026-08-04","Goal 3 PBE-UD boundary rederivation"
"beta1_cap_infeasible_N8_o0.2_h0.8_mu0.1_A0.25_l0.5",TRUE,"C=-0.22857143; cap proposal infeasible","2026-08-04","Goal 3 PBE-UD boundary rederivation"
"beta1_cap_infeasible_N8_o0.2_h0.8_mu0.1_A0.25_l0.9",TRUE,"C=-0.22857143; cap proposal infeasible","2026-08-04","Goal 3 PBE-UD boundary rederivation"
"beta1_cap_infeasible_N8_o0.2_h0.8_mu0.1_A0.25_l1",TRUE,"C=-0.22857143; cap proposal infeasible","2026-08-04","Goal 3 PBE-UD boundary rederivation"
"beta1_cap_infeasible_N8_o0.2_h0.8_mu0.1_A0.75_l0",TRUE,"C=-0.22857143; cap proposal infeasible","2026-08-04","Goal 3 PBE-UD boundary rederivation"
"beta1_cap_infeasible_N8_o0.2_h0.8_mu0.1_A0.75_l0.5",TRUE,"C=-0.22857143; cap proposal infeasible","2026-08-04","Goal 3 PBE-UD boundary rederivation"
"beta1_cap_infeasible_N8_o0.2_h0.8_mu0.1_A0.75_l0.9",TRUE,"C=-0.22857143; cap proposal infeasible","2026-08-04","Goal 3 PBE-UD boundary rederivation"
"beta1_cap_infeasible_N8_o0.2_h0.8_mu0.1_A0.75_l1",TRUE,"C=-0.22857143; cap proposal infeasible","2026-08-04","Goal 3 PBE-UD boundary rederivation"
"beta1_cap_infeasible_N8_o0.2_h0.8_mu0.1_A1_l0",TRUE,"C=-0.22857143; cap proposal infeasible","2026-08-04","Goal 3 PBE-UD boundary rederivation"
"beta1_cap_infeasible_N8_o0.2_h0.8_mu0.1_A1_l0.5",TRUE,"C=-0.22857143; cap proposal infeasible","2026-08-04","Goal 3 PBE-UD boundary rederivation"
"beta1_cap_infeasible_N8_o0.2_h0.8_mu0.1_A1_l0.9",TRUE,"C=-0.22857143; cap proposal infeasible","2026-08-04","Goal 3 PBE-UD boundary rederivation"
"beta1_cap_infeasible_N8_o0.2_h0.8_mu0.1_A1_l1",TRUE,"C=-0.22857143; cap proposal infeasible","2026-08-04","Goal 3 PBE-UD boundary rederivation"
"beta1_cap_infeasible_N8_o0.2_h0.8_mu0.5_A0_l0",TRUE,"C=-0.22857143; cap proposal infeasible","2026-08-04","Goal 3 PBE-UD boundary rederivation"
"beta1_cap_infeasible_N8_o0.2_h0.8_mu0.5_A0_l0.5",TRUE,"C=-0.22857143; cap proposal infeasible","2026-08-04","Goal 3 PBE-UD boundary rederivation"
"beta1_cap_infeasible_N8_o0.2_h0.8_mu0.5_A0_l0.9",TRUE,"C=-0.22857143; cap proposal infeasible","2026-08-04","Goal 3 PBE-UD boundary rederivation"
"beta1_cap_infeasible_N8_o0.2_h0.8_mu0.5_A0_l1",TRUE,"C=-0.22857143; cap proposal infeasible","2026-08-04","Goal 3 PBE-UD boundary rederivation"
"beta1_cap_infeasible_N8_o0.2_h0.8_mu0.5_A0.25_l0",TRUE,"C=-0.22857143; cap proposal infeasible","2026-08-04","Goal 3 PBE-UD boundary rederivation"
"beta1_cap_infeasible_N8_o0.2_h0.8_mu0.5_A0.25_l0.5",TRUE,"C=-0.22857143; cap proposal infeasible","2026-08-04","Goal 3 PBE-UD boundary rederivation"
"beta1_cap_infeasible_N8_o0.2_h0.8_mu0.5_A0.25_l0.9",TRUE,"C=-0.22857143; cap proposal infeasible","2026-08-04","Goal 3 PBE-UD boundary rederivation"
"beta1_cap_infeasible_N8_o0.2_h0.8_mu0.5_A0.25_l1",TRUE,"C=-0.22857143; cap proposal infeasible","2026-08-04","Goal 3 PBE-UD boundary rederivation"
"beta1_cap_infeasible_N8_o0.2_h0.8_mu0.5_A0.75_l0",TRUE,"C=-0.22857143; cap proposal infeasible","2026-08-04","Goal 3 PBE-UD boundary rederivation"
"beta1_cap_infeasible_N8_o0.2_h0.8_mu0.5_A0.75_l0.5",TRUE,"C=-0.22857143; cap proposal infeasible","2026-08-04","Goal 3 PBE-UD boundary rederivation"
"beta1_cap_infeasible_N8_o0.2_h0.8_mu0.5_A0.75_l0.9",TRUE,"C=-0.22857143; cap proposal infeasible","2026-08-04","Goal 3 PBE-UD boundary rederivation"
"beta1_cap_infeasible_N8_o0.2_h0.8_mu0.5_A0.75_l1",TRUE,"C=-0.22857143; cap proposal infeasible","2026-08-04","Goal 3 PBE-UD boundary rederivation"
"beta1_cap_infeasible_N8_o0.2_h0.8_mu0.5_A1_l0",TRUE,"C=-0.22857143; cap proposal infeasible","2026-08-04","Goal 3 PBE-UD boundary rederivation"
"beta1_cap_infeasible_N8_o0.2_h0.8_mu0.5_A1_l0.5",TRUE,"C=-0.22857143; cap proposal infeasible","2026-08-04","Goal 3 PBE-UD boundary rederivation"
"beta1_cap_infeasible_N8_o0.2_h0.8_mu0.5_A1_l0.9",TRUE,"C=-0.22857143; cap proposal infeasible","2026-08-04","Goal 3 PBE-UD boundary rederivation"
"beta1_cap_infeasible_N8_o0.2_h0.8_mu0.5_A1_l1",TRUE,"C=-0.22857143; cap proposal infeasible","2026-08-04","Goal 3 PBE-UD boundary rederivation"
"beta1_cap_infeasible_N8_o0.2_h0.8_mu0.9_A0_l0",TRUE,"C=-0.22857143; cap proposal infeasible","2026-08-04","Goal 3 PBE-UD boundary rederivation"
"beta1_cap_infeasible_N8_o0.2_h0.8_mu0.9_A0_l0.5",TRUE,"C=-0.22857143; cap proposal infeasible","2026-08-04","Goal 3 PBE-UD boundary rederivation"
"beta1_cap_infeasible_N8_o0.2_h0.8_mu0.9_A0_l0.9",TRUE,"C=-0.22857143; cap proposal infeasible","2026-08-04","Goal 3 PBE-UD boundary rederivation"
"beta1_cap_infeasible_N8_o0.2_h0.8_mu0.9_A0_l1",TRUE,"C=-0.22857143; cap proposal infeasible","2026-08-04","Goal 3 PBE-UD boundary rederivation"
"beta1_cap_infeasible_N8_o0.2_h0.8_mu0.9_A0.25_l0",TRUE,"C=-0.22857143; cap proposal infeasible","2026-08-04","Goal 3 PBE-UD boundary rederivation"
"beta1_cap_infeasible_N8_o0.2_h0.8_mu0.9_A0.25_l0.5",TRUE,"C=-0.22857143; cap proposal infeasible","2026-08-04","Goal 3 PBE-UD boundary rederivation"
"beta1_cap_infeasible_N8_o0.2_h0.8_mu0.9_A0.25_l0.9",TRUE,"C=-0.22857143; cap proposal infeasible","2026-08-04","Goal 3 PBE-UD boundary rederivation"
"beta1_cap_infeasible_N8_o0.2_h0.8_mu0.9_A0.25_l1",TRUE,"C=-0.22857143; cap proposal infeasible","2026-08-04","Goal 3 PBE-UD boundary rederivation"
"beta1_cap_infeasible_N8_o0.2_h0.8_mu0.9_A0.75_l0",TRUE,"C=-0.22857143; cap proposal infeasible","2026-08-04","Goal 3 PBE-UD boundary rederivation"
"beta1_cap_infeasible_N8_o0.2_h0.8_mu0.9_A0.75_l0.5",TRUE,"C=-0.22857143; cap proposal infeasible","2026-08-04","Goal 3 PBE-UD boundary rederivation"
"beta1_cap_infeasible_N8_o0.2_h0.8_mu0.9_A0.75_l0.9",TRUE,"C=-0.22857143; cap proposal infeasible","2026-08-04","Goal 3 PBE-UD boundary rederivation"
"beta1_cap_infeasible_N8_o0.2_h0.8_mu0.9_A0.75_l1",TRUE,"C=-0.22857143; cap proposal infeasible","2026-08-04","Goal 3 PBE-UD boundary rederivation"
"beta1_cap_infeasible_N8_o0.2_h0.8_mu0.9_A1_l0",TRUE,"C=-0.22857143; cap proposal infeasible","2026-08-04","Goal 3 PBE-UD boundary rederivation"
"beta1_cap_infeasible_N8_o0.2_h0.8_mu0.9_A1_l0.5",TRUE,"C=-0.22857143; cap proposal infeasible","2026-08-04","Goal 3 PBE-UD boundary rederivation"
"beta1_cap_infeasible_N8_o0.2_h0.8_mu0.9_A1_l0.9",TRUE,"C=-0.22857143; cap proposal infeasible","2026-08-04","Goal 3 PBE-UD boundary rederivation"
"beta1_cap_infeasible_N8_o0.2_h0.8_mu0.9_A1_l1",TRUE,"C=-0.22857143; cap proposal infeasible","2026-08-04","Goal 3 PBE-UD boundary rederivation"
"beta1_cap_formula_N9_o0.05_h0.4_mu0.1_A0_l0",TRUE,"formula=0.12500000; enumerated=0.12500000","2026-08-04","Goal 3 PBE-UD boundary rederivation"
"beta1_cap_formula_N9_o0.05_h0.4_mu0.1_A0_l0.5",TRUE,"formula=0.12500000; enumerated=0.12500000","2026-08-04","Goal 3 PBE-UD boundary rederivation"
"beta1_cap_formula_N9_o0.05_h0.4_mu0.1_A0_l0.9",TRUE,"formula=0.12500000; enumerated=0.12500000","2026-08-04","Goal 3 PBE-UD boundary rederivation"
"beta1_cap_formula_N9_o0.05_h0.4_mu0.1_A0_l1",TRUE,"formula=0.12500000; enumerated=0.12500000","2026-08-04","Goal 3 PBE-UD boundary rederivation"
"beta1_cap_formula_N9_o0.05_h0.4_mu0.1_A0.25_l0",TRUE,"formula=0.14750000; enumerated=0.14750000","2026-08-04","Goal 3 PBE-UD boundary rederivation"
"beta1_cap_formula_N9_o0.05_h0.4_mu0.1_A0.25_l0.5",TRUE,"formula=0.14875000; enumerated=0.14875000","2026-08-04","Goal 3 PBE-UD boundary rederivation"
"beta1_cap_formula_N9_o0.05_h0.4_mu0.1_A0.25_l0.9",TRUE,"formula=0.14975000; enumerated=0.14975000","2026-08-04","Goal 3 PBE-UD boundary rederivation"
"beta1_cap_formula_N9_o0.05_h0.4_mu0.1_A0.25_l1",TRUE,"formula=0.15000000; enumerated=0.15000000","2026-08-04","Goal 3 PBE-UD boundary rederivation"
"beta1_cap_formula_N9_o0.05_h0.4_mu0.1_A0.75_l0",TRUE,"formula=0.19250000; enumerated=0.19250000","2026-08-04","Goal 3 PBE-UD boundary rederivation"
"beta1_cap_formula_N9_o0.05_h0.4_mu0.1_A0.75_l0.5",TRUE,"formula=0.19625000; enumerated=0.19625000","2026-08-04","Goal 3 PBE-UD boundary rederivation"
"beta1_cap_formula_N9_o0.05_h0.4_mu0.1_A0.75_l0.9",TRUE,"formula=0.19925000; enumerated=0.19925000","2026-08-04","Goal 3 PBE-UD boundary rederivation"
"beta1_cap_formula_N9_o0.05_h0.4_mu0.1_A0.75_l1",TRUE,"formula=0.20000000; enumerated=0.20000000","2026-08-04","Goal 3 PBE-UD boundary rederivation"
"beta1_cap_formula_N9_o0.05_h0.4_mu0.1_A1_l0",TRUE,"formula=0.21500000; enumerated=0.21500000","2026-08-04","Goal 3 PBE-UD boundary rederivation"
"beta1_cap_formula_N9_o0.05_h0.4_mu0.1_A1_l0.5",TRUE,"formula=0.22000000; enumerated=0.22000000","2026-08-04","Goal 3 PBE-UD boundary rederivation"
"beta1_cap_formula_N9_o0.05_h0.4_mu0.1_A1_l0.9",TRUE,"formula=0.22400000; enumerated=0.22400000","2026-08-04","Goal 3 PBE-UD boundary rederivation"
"beta1_cap_formula_N9_o0.05_h0.4_mu0.1_A1_l1",TRUE,"formula=0.22500000; enumerated=0.22500000","2026-08-04","Goal 3 PBE-UD boundary rederivation"
"beta1_cap_formula_N9_o0.05_h0.4_mu0.5_A0_l0",TRUE,"formula=0.12500000; enumerated=0.12500000","2026-08-04","Goal 3 PBE-UD boundary rederivation"
"beta1_cap_formula_N9_o0.05_h0.4_mu0.5_A0_l0.5",TRUE,"formula=0.12500000; enumerated=0.12500000","2026-08-04","Goal 3 PBE-UD boundary rederivation"
"beta1_cap_formula_N9_o0.05_h0.4_mu0.5_A0_l0.9",TRUE,"formula=0.12500000; enumerated=0.12500000","2026-08-04","Goal 3 PBE-UD boundary rederivation"
"beta1_cap_formula_N9_o0.05_h0.4_mu0.5_A0_l1",TRUE,"formula=0.12500000; enumerated=0.12500000","2026-08-04","Goal 3 PBE-UD boundary rederivation"
"beta1_cap_formula_N9_o0.05_h0.4_mu0.5_A0.25_l0",TRUE,"formula=0.13750000; enumerated=0.13750000","2026-08-04","Goal 3 PBE-UD boundary rederivation"
"beta1_cap_formula_N9_o0.05_h0.4_mu0.5_A0.25_l0.5",TRUE,"formula=0.14375000; enumerated=0.14375000","2026-08-04","Goal 3 PBE-UD boundary rederivation"
"beta1_cap_formula_N9_o0.05_h0.4_mu0.5_A0.25_l0.9",TRUE,"formula=0.14875000; enumerated=0.14875000","2026-08-04","Goal 3 PBE-UD boundary rederivation"
"beta1_cap_formula_N9_o0.05_h0.4_mu0.5_A0.25_l1",TRUE,"formula=0.15000000; enumerated=0.15000000","2026-08-04","Goal 3 PBE-UD boundary rederivation"
"beta1_cap_formula_N9_o0.05_h0.4_mu0.5_A0.75_l0",TRUE,"formula=0.16250000; enumerated=0.16250000","2026-08-04","Goal 3 PBE-UD boundary rederivation"
"beta1_cap_formula_N9_o0.05_h0.4_mu0.5_A0.75_l0.5",TRUE,"formula=0.18125000; enumerated=0.18125000","2026-08-04","Goal 3 PBE-UD boundary rederivation"
"beta1_cap_formula_N9_o0.05_h0.4_mu0.5_A0.75_l0.9",TRUE,"formula=0.19625000; enumerated=0.19625000","2026-08-04","Goal 3 PBE-UD boundary rederivation"
"beta1_cap_formula_N9_o0.05_h0.4_mu0.5_A0.75_l1",TRUE,"formula=0.20000000; enumerated=0.20000000","2026-08-04","Goal 3 PBE-UD boundary rederivation"
"beta1_cap_formula_N9_o0.05_h0.4_mu0.5_A1_l0",TRUE,"formula=0.17500000; enumerated=0.17500000","2026-08-04","Goal 3 PBE-UD boundary rederivation"
"beta1_cap_formula_N9_o0.05_h0.4_mu0.5_A1_l0.5",TRUE,"formula=0.20000000; enumerated=0.20000000","2026-08-04","Goal 3 PBE-UD boundary rederivation"
"beta1_cap_formula_N9_o0.05_h0.4_mu0.5_A1_l0.9",TRUE,"formula=0.22000000; enumerated=0.22000000","2026-08-04","Goal 3 PBE-UD boundary rederivation"
"beta1_cap_formula_N9_o0.05_h0.4_mu0.5_A1_l1",TRUE,"formula=0.22500000; enumerated=0.22500000","2026-08-04","Goal 3 PBE-UD boundary rederivation"
"beta1_cap_formula_N9_o0.05_h0.4_mu0.9_A0_l0",TRUE,"formula=0.12500000; enumerated=0.12500000","2026-08-04","Goal 3 PBE-UD boundary rederivation"
"beta1_cap_formula_N9_o0.05_h0.4_mu0.9_A0_l0.5",TRUE,"formula=0.12500000; enumerated=0.12500000","2026-08-04","Goal 3 PBE-UD boundary rederivation"
"beta1_cap_formula_N9_o0.05_h0.4_mu0.9_A0_l0.9",TRUE,"formula=0.12500000; enumerated=0.12500000","2026-08-04","Goal 3 PBE-UD boundary rederivation"
"beta1_cap_formula_N9_o0.05_h0.4_mu0.9_A0_l1",TRUE,"formula=0.12500000; enumerated=0.12500000","2026-08-04","Goal 3 PBE-UD boundary rederivation"
"beta1_cap_formula_N9_o0.05_h0.4_mu0.9_A0.25_l0",TRUE,"formula=0.12750000; enumerated=0.12750000","2026-08-04","Goal 3 PBE-UD boundary rederivation"
"beta1_cap_formula_N9_o0.05_h0.4_mu0.9_A0.25_l0.5",TRUE,"formula=0.13875000; enumerated=0.13875000","2026-08-04","Goal 3 PBE-UD boundary rederivation"
"beta1_cap_formula_N9_o0.05_h0.4_mu0.9_A0.25_l0.9",TRUE,"formula=0.14775000; enumerated=0.14775000","2026-08-04","Goal 3 PBE-UD boundary rederivation"
"beta1_cap_formula_N9_o0.05_h0.4_mu0.9_A0.25_l1",TRUE,"formula=0.15000000; enumerated=0.15000000","2026-08-04","Goal 3 PBE-UD boundary rederivation"
"beta1_cap_formula_N9_o0.05_h0.4_mu0.9_A0.75_l0",TRUE,"formula=0.13250000; enumerated=0.13250000","2026-08-04","Goal 3 PBE-UD boundary rederivation"
"beta1_cap_formula_N9_o0.05_h0.4_mu0.9_A0.75_l0.5",TRUE,"formula=0.16625000; enumerated=0.16625000","2026-08-04","Goal 3 PBE-UD boundary rederivation"
"beta1_cap_formula_N9_o0.05_h0.4_mu0.9_A0.75_l0.9",TRUE,"formula=0.19325000; enumerated=0.19325000","2026-08-04","Goal 3 PBE-UD boundary rederivation"
"beta1_cap_formula_N9_o0.05_h0.4_mu0.9_A0.75_l1",TRUE,"formula=0.20000000; enumerated=0.20000000","2026-08-04","Goal 3 PBE-UD boundary rederivation"
"beta1_cap_formula_N9_o0.05_h0.4_mu0.9_A1_l0",TRUE,"formula=0.13500000; enumerated=0.13500000","2026-08-04","Goal 3 PBE-UD boundary rederivation"
"beta1_cap_formula_N9_o0.05_h0.4_mu0.9_A1_l0.5",TRUE,"formula=0.18000000; enumerated=0.18000000","2026-08-04","Goal 3 PBE-UD boundary rederivation"
"beta1_cap_formula_N9_o0.05_h0.4_mu0.9_A1_l0.9",TRUE,"formula=0.21600000; enumerated=0.21600000","2026-08-04","Goal 3 PBE-UD boundary rederivation"
"beta1_cap_formula_N9_o0.05_h0.4_mu0.9_A1_l1",TRUE,"formula=0.22500000; enumerated=0.22500000","2026-08-04","Goal 3 PBE-UD boundary rederivation"
"beta1_cap_infeasible_N9_o0.05_h0.8_mu0.1_A0_l0",TRUE,"C=-0.17500000; cap proposal infeasible","2026-08-04","Goal 3 PBE-UD boundary rederivation"
"beta1_cap_infeasible_N9_o0.05_h0.8_mu0.1_A0_l0.5",TRUE,"C=-0.17500000; cap proposal infeasible","2026-08-04","Goal 3 PBE-UD boundary rederivation"
"beta1_cap_infeasible_N9_o0.05_h0.8_mu0.1_A0_l0.9",TRUE,"C=-0.17500000; cap proposal infeasible","2026-08-04","Goal 3 PBE-UD boundary rederivation"
"beta1_cap_infeasible_N9_o0.05_h0.8_mu0.1_A0_l1",TRUE,"C=-0.17500000; cap proposal infeasible","2026-08-04","Goal 3 PBE-UD boundary rederivation"
"beta1_cap_infeasible_N9_o0.05_h0.8_mu0.1_A0.25_l0",TRUE,"C=-0.17500000; cap proposal infeasible","2026-08-04","Goal 3 PBE-UD boundary rederivation"
"beta1_cap_infeasible_N9_o0.05_h0.8_mu0.1_A0.25_l0.5",TRUE,"C=-0.17500000; cap proposal infeasible","2026-08-04","Goal 3 PBE-UD boundary rederivation"
"beta1_cap_infeasible_N9_o0.05_h0.8_mu0.1_A0.25_l0.9",TRUE,"C=-0.17500000; cap proposal infeasible","2026-08-04","Goal 3 PBE-UD boundary rederivation"
"beta1_cap_infeasible_N9_o0.05_h0.8_mu0.1_A0.25_l1",TRUE,"C=-0.17500000; cap proposal infeasible","2026-08-04","Goal 3 PBE-UD boundary rederivation"
"beta1_cap_infeasible_N9_o0.05_h0.8_mu0.1_A0.75_l0",TRUE,"C=-0.17500000; cap proposal infeasible","2026-08-04","Goal 3 PBE-UD boundary rederivation"
"beta1_cap_infeasible_N9_o0.05_h0.8_mu0.1_A0.75_l0.5",TRUE,"C=-0.17500000; cap proposal infeasible","2026-08-04","Goal 3 PBE-UD boundary rederivation"
"beta1_cap_infeasible_N9_o0.05_h0.8_mu0.1_A0.75_l0.9",TRUE,"C=-0.17500000; cap proposal infeasible","2026-08-04","Goal 3 PBE-UD boundary rederivation"
"beta1_cap_infeasible_N9_o0.05_h0.8_mu0.1_A0.75_l1",TRUE,"C=-0.17500000; cap proposal infeasible","2026-08-04","Goal 3 PBE-UD boundary rederivation"
"beta1_cap_infeasible_N9_o0.05_h0.8_mu0.1_A1_l0",TRUE,"C=-0.17500000; cap proposal infeasible","2026-08-04","Goal 3 PBE-UD boundary rederivation"
"beta1_cap_infeasible_N9_o0.05_h0.8_mu0.1_A1_l0.5",TRUE,"C=-0.17500000; cap proposal infeasible","2026-08-04","Goal 3 PBE-UD boundary rederivation"
"beta1_cap_infeasible_N9_o0.05_h0.8_mu0.1_A1_l0.9",TRUE,"C=-0.17500000; cap proposal infeasible","2026-08-04","Goal 3 PBE-UD boundary rederivation"
"beta1_cap_infeasible_N9_o0.05_h0.8_mu0.1_A1_l1",TRUE,"C=-0.17500000; cap proposal infeasible","2026-08-04","Goal 3 PBE-UD boundary rederivation"
"beta1_cap_infeasible_N9_o0.05_h0.8_mu0.5_A0_l0",TRUE,"C=-0.17500000; cap proposal infeasible","2026-08-04","Goal 3 PBE-UD boundary rederivation"
"beta1_cap_infeasible_N9_o0.05_h0.8_mu0.5_A0_l0.5",TRUE,"C=-0.17500000; cap proposal infeasible","2026-08-04","Goal 3 PBE-UD boundary rederivation"
"beta1_cap_infeasible_N9_o0.05_h0.8_mu0.5_A0_l0.9",TRUE,"C=-0.17500000; cap proposal infeasible","2026-08-04","Goal 3 PBE-UD boundary rederivation"
"beta1_cap_infeasible_N9_o0.05_h0.8_mu0.5_A0_l1",TRUE,"C=-0.17500000; cap proposal infeasible","2026-08-04","Goal 3 PBE-UD boundary rederivation"
"beta1_cap_infeasible_N9_o0.05_h0.8_mu0.5_A0.25_l0",TRUE,"C=-0.17500000; cap proposal infeasible","2026-08-04","Goal 3 PBE-UD boundary rederivation"
"beta1_cap_infeasible_N9_o0.05_h0.8_mu0.5_A0.25_l0.5",TRUE,"C=-0.17500000; cap proposal infeasible","2026-08-04","Goal 3 PBE-UD boundary rederivation"
"beta1_cap_infeasible_N9_o0.05_h0.8_mu0.5_A0.25_l0.9",TRUE,"C=-0.17500000; cap proposal infeasible","2026-08-04","Goal 3 PBE-UD boundary rederivation"
"beta1_cap_infeasible_N9_o0.05_h0.8_mu0.5_A0.25_l1",TRUE,"C=-0.17500000; cap proposal infeasible","2026-08-04","Goal 3 PBE-UD boundary rederivation"
"beta1_cap_infeasible_N9_o0.05_h0.8_mu0.5_A0.75_l0",TRUE,"C=-0.17500000; cap proposal infeasible","2026-08-04","Goal 3 PBE-UD boundary rederivation"
"beta1_cap_infeasible_N9_o0.05_h0.8_mu0.5_A0.75_l0.5",TRUE,"C=-0.17500000; cap proposal infeasible","2026-08-04","Goal 3 PBE-UD boundary rederivation"
"beta1_cap_infeasible_N9_o0.05_h0.8_mu0.5_A0.75_l0.9",TRUE,"C=-0.17500000; cap proposal infeasible","2026-08-04","Goal 3 PBE-UD boundary rederivation"
"beta1_cap_infeasible_N9_o0.05_h0.8_mu0.5_A0.75_l1",TRUE,"C=-0.17500000; cap proposal infeasible","2026-08-04","Goal 3 PBE-UD boundary rederivation"
"beta1_cap_infeasible_N9_o0.05_h0.8_mu0.5_A1_l0",TRUE,"C=-0.17500000; cap proposal infeasible","2026-08-04","Goal 3 PBE-UD boundary rederivation"
"beta1_cap_infeasible_N9_o0.05_h0.8_mu0.5_A1_l0.5",TRUE,"C=-0.17500000; cap proposal infeasible","2026-08-04","Goal 3 PBE-UD boundary rederivation"
"beta1_cap_infeasible_N9_o0.05_h0.8_mu0.5_A1_l0.9",TRUE,"C=-0.17500000; cap proposal infeasible","2026-08-04","Goal 3 PBE-UD boundary rederivation"
"beta1_cap_infeasible_N9_o0.05_h0.8_mu0.5_A1_l1",TRUE,"C=-0.17500000; cap proposal infeasible","2026-08-04","Goal 3 PBE-UD boundary rederivation"
"beta1_cap_infeasible_N9_o0.05_h0.8_mu0.9_A0_l0",TRUE,"C=-0.17500000; cap proposal infeasible","2026-08-04","Goal 3 PBE-UD boundary rederivation"
"beta1_cap_infeasible_N9_o0.05_h0.8_mu0.9_A0_l0.5",TRUE,"C=-0.17500000; cap proposal infeasible","2026-08-04","Goal 3 PBE-UD boundary rederivation"
"beta1_cap_infeasible_N9_o0.05_h0.8_mu0.9_A0_l0.9",TRUE,"C=-0.17500000; cap proposal infeasible","2026-08-04","Goal 3 PBE-UD boundary rederivation"
"beta1_cap_infeasible_N9_o0.05_h0.8_mu0.9_A0_l1",TRUE,"C=-0.17500000; cap proposal infeasible","2026-08-04","Goal 3 PBE-UD boundary rederivation"
"beta1_cap_infeasible_N9_o0.05_h0.8_mu0.9_A0.25_l0",TRUE,"C=-0.17500000; cap proposal infeasible","2026-08-04","Goal 3 PBE-UD boundary rederivation"
"beta1_cap_infeasible_N9_o0.05_h0.8_mu0.9_A0.25_l0.5",TRUE,"C=-0.17500000; cap proposal infeasible","2026-08-04","Goal 3 PBE-UD boundary rederivation"
"beta1_cap_infeasible_N9_o0.05_h0.8_mu0.9_A0.25_l0.9",TRUE,"C=-0.17500000; cap proposal infeasible","2026-08-04","Goal 3 PBE-UD boundary rederivation"
"beta1_cap_infeasible_N9_o0.05_h0.8_mu0.9_A0.25_l1",TRUE,"C=-0.17500000; cap proposal infeasible","2026-08-04","Goal 3 PBE-UD boundary rederivation"
"beta1_cap_infeasible_N9_o0.05_h0.8_mu0.9_A0.75_l0",TRUE,"C=-0.17500000; cap proposal infeasible","2026-08-04","Goal 3 PBE-UD boundary rederivation"
"beta1_cap_infeasible_N9_o0.05_h0.8_mu0.9_A0.75_l0.5",TRUE,"C=-0.17500000; cap proposal infeasible","2026-08-04","Goal 3 PBE-UD boundary rederivation"
"beta1_cap_infeasible_N9_o0.05_h0.8_mu0.9_A0.75_l0.9",TRUE,"C=-0.17500000; cap proposal infeasible","2026-08-04","Goal 3 PBE-UD boundary rederivation"
"beta1_cap_infeasible_N9_o0.05_h0.8_mu0.9_A0.75_l1",TRUE,"C=-0.17500000; cap proposal infeasible","2026-08-04","Goal 3 PBE-UD boundary rederivation"
"beta1_cap_infeasible_N9_o0.05_h0.8_mu0.9_A1_l0",TRUE,"C=-0.17500000; cap proposal infeasible","2026-08-04","Goal 3 PBE-UD boundary rederivation"
"beta1_cap_infeasible_N9_o0.05_h0.8_mu0.9_A1_l0.5",TRUE,"C=-0.17500000; cap proposal infeasible","2026-08-04","Goal 3 PBE-UD boundary rederivation"
"beta1_cap_infeasible_N9_o0.05_h0.8_mu0.9_A1_l0.9",TRUE,"C=-0.17500000; cap proposal infeasible","2026-08-04","Goal 3 PBE-UD boundary rederivation"
"beta1_cap_infeasible_N9_o0.05_h0.8_mu0.9_A1_l1",TRUE,"C=-0.17500000; cap proposal infeasible","2026-08-04","Goal 3 PBE-UD boundary rederivation"
"beta1_cap_formula_N9_o0.2_h0.4_mu0.1_A0_l0",TRUE,"formula=0.12500000; enumerated=0.12500000","2026-08-04","Goal 3 PBE-UD boundary rederivation"
"beta1_cap_formula_N9_o0.2_h0.4_mu0.1_A0_l0.5",TRUE,"formula=0.12500000; enumerated=0.12500000","2026-08-04","Goal 3 PBE-UD boundary rederivation"
"beta1_cap_formula_N9_o0.2_h0.4_mu0.1_A0_l0.9",TRUE,"formula=0.12500000; enumerated=0.12500000","2026-08-04","Goal 3 PBE-UD boundary rederivation"
"beta1_cap_formula_N9_o0.2_h0.4_mu0.1_A0_l1",TRUE,"formula=0.12500000; enumerated=0.12500000","2026-08-04","Goal 3 PBE-UD boundary rederivation"
"beta1_cap_formula_N9_o0.2_h0.4_mu0.1_A0.25_l0",TRUE,"formula=0.14750000; enumerated=0.14750000","2026-08-04","Goal 3 PBE-UD boundary rederivation"
"beta1_cap_formula_N9_o0.2_h0.4_mu0.1_A0.25_l0.5",TRUE,"formula=0.14875000; enumerated=0.14875000","2026-08-04","Goal 3 PBE-UD boundary rederivation"
"beta1_cap_formula_N9_o0.2_h0.4_mu0.1_A0.25_l0.9",TRUE,"formula=0.14975000; enumerated=0.14975000","2026-08-04","Goal 3 PBE-UD boundary rederivation"
"beta1_cap_formula_N9_o0.2_h0.4_mu0.1_A0.25_l1",TRUE,"formula=0.15000000; enumerated=0.15000000","2026-08-04","Goal 3 PBE-UD boundary rederivation"
"beta1_cap_formula_N9_o0.2_h0.4_mu0.1_A0.75_l0",TRUE,"formula=0.19250000; enumerated=0.19250000","2026-08-04","Goal 3 PBE-UD boundary rederivation"
"beta1_cap_formula_N9_o0.2_h0.4_mu0.1_A0.75_l0.5",TRUE,"formula=0.19625000; enumerated=0.19625000","2026-08-04","Goal 3 PBE-UD boundary rederivation"
"beta1_cap_formula_N9_o0.2_h0.4_mu0.1_A0.75_l0.9",TRUE,"formula=0.19925000; enumerated=0.19925000","2026-08-04","Goal 3 PBE-UD boundary rederivation"
"beta1_cap_formula_N9_o0.2_h0.4_mu0.1_A0.75_l1",TRUE,"formula=0.20000000; enumerated=0.20000000","2026-08-04","Goal 3 PBE-UD boundary rederivation"
"beta1_cap_formula_N9_o0.2_h0.4_mu0.1_A1_l0",TRUE,"formula=0.21500000; enumerated=0.21500000","2026-08-04","Goal 3 PBE-UD boundary rederivation"
"beta1_cap_formula_N9_o0.2_h0.4_mu0.1_A1_l0.5",TRUE,"formula=0.22000000; enumerated=0.22000000","2026-08-04","Goal 3 PBE-UD boundary rederivation"
"beta1_cap_formula_N9_o0.2_h0.4_mu0.1_A1_l0.9",TRUE,"formula=0.22400000; enumerated=0.22400000","2026-08-04","Goal 3 PBE-UD boundary rederivation"
"beta1_cap_formula_N9_o0.2_h0.4_mu0.1_A1_l1",TRUE,"formula=0.22500000; enumerated=0.22500000","2026-08-04","Goal 3 PBE-UD boundary rederivation"
"beta1_cap_formula_N9_o0.2_h0.4_mu0.5_A0_l0",TRUE,"formula=0.12500000; enumerated=0.12500000","2026-08-04","Goal 3 PBE-UD boundary rederivation"
"beta1_cap_formula_N9_o0.2_h0.4_mu0.5_A0_l0.5",TRUE,"formula=0.12500000; enumerated=0.12500000","2026-08-04","Goal 3 PBE-UD boundary rederivation"
"beta1_cap_formula_N9_o0.2_h0.4_mu0.5_A0_l0.9",TRUE,"formula=0.12500000; enumerated=0.12500000","2026-08-04","Goal 3 PBE-UD boundary rederivation"
"beta1_cap_formula_N9_o0.2_h0.4_mu0.5_A0_l1",TRUE,"formula=0.12500000; enumerated=0.12500000","2026-08-04","Goal 3 PBE-UD boundary rederivation"
"beta1_cap_formula_N9_o0.2_h0.4_mu0.5_A0.25_l0",TRUE,"formula=0.13750000; enumerated=0.13750000","2026-08-04","Goal 3 PBE-UD boundary rederivation"
"beta1_cap_formula_N9_o0.2_h0.4_mu0.5_A0.25_l0.5",TRUE,"formula=0.14375000; enumerated=0.14375000","2026-08-04","Goal 3 PBE-UD boundary rederivation"
"beta1_cap_formula_N9_o0.2_h0.4_mu0.5_A0.25_l0.9",TRUE,"formula=0.14875000; enumerated=0.14875000","2026-08-04","Goal 3 PBE-UD boundary rederivation"
"beta1_cap_formula_N9_o0.2_h0.4_mu0.5_A0.25_l1",TRUE,"formula=0.15000000; enumerated=0.15000000","2026-08-04","Goal 3 PBE-UD boundary rederivation"
"beta1_cap_formula_N9_o0.2_h0.4_mu0.5_A0.75_l0",TRUE,"formula=0.16250000; enumerated=0.16250000","2026-08-04","Goal 3 PBE-UD boundary rederivation"
"beta1_cap_formula_N9_o0.2_h0.4_mu0.5_A0.75_l0.5",TRUE,"formula=0.18125000; enumerated=0.18125000","2026-08-04","Goal 3 PBE-UD boundary rederivation"
"beta1_cap_formula_N9_o0.2_h0.4_mu0.5_A0.75_l0.9",TRUE,"formula=0.19625000; enumerated=0.19625000","2026-08-04","Goal 3 PBE-UD boundary rederivation"
"beta1_cap_formula_N9_o0.2_h0.4_mu0.5_A0.75_l1",TRUE,"formula=0.20000000; enumerated=0.20000000","2026-08-04","Goal 3 PBE-UD boundary rederivation"
"beta1_cap_formula_N9_o0.2_h0.4_mu0.5_A1_l0",TRUE,"formula=0.17500000; enumerated=0.17500000","2026-08-04","Goal 3 PBE-UD boundary rederivation"
"beta1_cap_formula_N9_o0.2_h0.4_mu0.5_A1_l0.5",TRUE,"formula=0.20000000; enumerated=0.20000000","2026-08-04","Goal 3 PBE-UD boundary rederivation"
"beta1_cap_formula_N9_o0.2_h0.4_mu0.5_A1_l0.9",TRUE,"formula=0.22000000; enumerated=0.22000000","2026-08-04","Goal 3 PBE-UD boundary rederivation"
"beta1_cap_formula_N9_o0.2_h0.4_mu0.5_A1_l1",TRUE,"formula=0.22500000; enumerated=0.22500000","2026-08-04","Goal 3 PBE-UD boundary rederivation"
"beta1_cap_formula_N9_o0.2_h0.4_mu0.9_A0_l0",TRUE,"formula=0.12500000; enumerated=0.12500000","2026-08-04","Goal 3 PBE-UD boundary rederivation"
"beta1_cap_formula_N9_o0.2_h0.4_mu0.9_A0_l0.5",TRUE,"formula=0.12500000; enumerated=0.12500000","2026-08-04","Goal 3 PBE-UD boundary rederivation"
"beta1_cap_formula_N9_o0.2_h0.4_mu0.9_A0_l0.9",TRUE,"formula=0.12500000; enumerated=0.12500000","2026-08-04","Goal 3 PBE-UD boundary rederivation"
"beta1_cap_formula_N9_o0.2_h0.4_mu0.9_A0_l1",TRUE,"formula=0.12500000; enumerated=0.12500000","2026-08-04","Goal 3 PBE-UD boundary rederivation"
"beta1_cap_formula_N9_o0.2_h0.4_mu0.9_A0.25_l0",TRUE,"formula=0.12750000; enumerated=0.12750000","2026-08-04","Goal 3 PBE-UD boundary rederivation"
"beta1_cap_formula_N9_o0.2_h0.4_mu0.9_A0.25_l0.5",TRUE,"formula=0.13875000; enumerated=0.13875000","2026-08-04","Goal 3 PBE-UD boundary rederivation"
"beta1_cap_formula_N9_o0.2_h0.4_mu0.9_A0.25_l0.9",TRUE,"formula=0.14775000; enumerated=0.14775000","2026-08-04","Goal 3 PBE-UD boundary rederivation"
"beta1_cap_formula_N9_o0.2_h0.4_mu0.9_A0.25_l1",TRUE,"formula=0.15000000; enumerated=0.15000000","2026-08-04","Goal 3 PBE-UD boundary rederivation"
"beta1_cap_formula_N9_o0.2_h0.4_mu0.9_A0.75_l0",TRUE,"formula=0.13250000; enumerated=0.13250000","2026-08-04","Goal 3 PBE-UD boundary rederivation"
"beta1_cap_formula_N9_o0.2_h0.4_mu0.9_A0.75_l0.5",TRUE,"formula=0.16625000; enumerated=0.16625000","2026-08-04","Goal 3 PBE-UD boundary rederivation"
"beta1_cap_formula_N9_o0.2_h0.4_mu0.9_A0.75_l0.9",TRUE,"formula=0.19325000; enumerated=0.19325000","2026-08-04","Goal 3 PBE-UD boundary rederivation"
"beta1_cap_formula_N9_o0.2_h0.4_mu0.9_A0.75_l1",TRUE,"formula=0.20000000; enumerated=0.20000000","2026-08-04","Goal 3 PBE-UD boundary rederivation"
"beta1_cap_formula_N9_o0.2_h0.4_mu0.9_A1_l0",TRUE,"formula=0.13500000; enumerated=0.13500000","2026-08-04","Goal 3 PBE-UD boundary rederivation"
"beta1_cap_formula_N9_o0.2_h0.4_mu0.9_A1_l0.5",TRUE,"formula=0.18000000; enumerated=0.18000000","2026-08-04","Goal 3 PBE-UD boundary rederivation"
"beta1_cap_formula_N9_o0.2_h0.4_mu0.9_A1_l0.9",TRUE,"formula=0.21600000; enumerated=0.21600000","2026-08-04","Goal 3 PBE-UD boundary rederivation"
"beta1_cap_formula_N9_o0.2_h0.4_mu0.9_A1_l1",TRUE,"formula=0.22500000; enumerated=0.22500000","2026-08-04","Goal 3 PBE-UD boundary rederivation"
"beta1_cap_infeasible_N9_o0.2_h0.8_mu0.1_A0_l0",TRUE,"C=-0.17500000; cap proposal infeasible","2026-08-04","Goal 3 PBE-UD boundary rederivation"
"beta1_cap_infeasible_N9_o0.2_h0.8_mu0.1_A0_l0.5",TRUE,"C=-0.17500000; cap proposal infeasible","2026-08-04","Goal 3 PBE-UD boundary rederivation"
"beta1_cap_infeasible_N9_o0.2_h0.8_mu0.1_A0_l0.9",TRUE,"C=-0.17500000; cap proposal infeasible","2026-08-04","Goal 3 PBE-UD boundary rederivation"
"beta1_cap_infeasible_N9_o0.2_h0.8_mu0.1_A0_l1",TRUE,"C=-0.17500000; cap proposal infeasible","2026-08-04","Goal 3 PBE-UD boundary rederivation"
"beta1_cap_infeasible_N9_o0.2_h0.8_mu0.1_A0.25_l0",TRUE,"C=-0.17500000; cap proposal infeasible","2026-08-04","Goal 3 PBE-UD boundary rederivation"
"beta1_cap_infeasible_N9_o0.2_h0.8_mu0.1_A0.25_l0.5",TRUE,"C=-0.17500000; cap proposal infeasible","2026-08-04","Goal 3 PBE-UD boundary rederivation"
"beta1_cap_infeasible_N9_o0.2_h0.8_mu0.1_A0.25_l0.9",TRUE,"C=-0.17500000; cap proposal infeasible","2026-08-04","Goal 3 PBE-UD boundary rederivation"
"beta1_cap_infeasible_N9_o0.2_h0.8_mu0.1_A0.25_l1",TRUE,"C=-0.17500000; cap proposal infeasible","2026-08-04","Goal 3 PBE-UD boundary rederivation"
"beta1_cap_infeasible_N9_o0.2_h0.8_mu0.1_A0.75_l0",TRUE,"C=-0.17500000; cap proposal infeasible","2026-08-04","Goal 3 PBE-UD boundary rederivation"
"beta1_cap_infeasible_N9_o0.2_h0.8_mu0.1_A0.75_l0.5",TRUE,"C=-0.17500000; cap proposal infeasible","2026-08-04","Goal 3 PBE-UD boundary rederivation"
"beta1_cap_infeasible_N9_o0.2_h0.8_mu0.1_A0.75_l0.9",TRUE,"C=-0.17500000; cap proposal infeasible","2026-08-04","Goal 3 PBE-UD boundary rederivation"
"beta1_cap_infeasible_N9_o0.2_h0.8_mu0.1_A0.75_l1",TRUE,"C=-0.17500000; cap proposal infeasible","2026-08-04","Goal 3 PBE-UD boundary rederivation"
"beta1_cap_infeasible_N9_o0.2_h0.8_mu0.1_A1_l0",TRUE,"C=-0.17500000; cap proposal infeasible","2026-08-04","Goal 3 PBE-UD boundary rederivation"
"beta1_cap_infeasible_N9_o0.2_h0.8_mu0.1_A1_l0.5",TRUE,"C=-0.17500000; cap proposal infeasible","2026-08-04","Goal 3 PBE-UD boundary rederivation"
"beta1_cap_infeasible_N9_o0.2_h0.8_mu0.1_A1_l0.9",TRUE,"C=-0.17500000; cap proposal infeasible","2026-08-04","Goal 3 PBE-UD boundary rederivation"
"beta1_cap_infeasible_N9_o0.2_h0.8_mu0.1_A1_l1",TRUE,"C=-0.17500000; cap proposal infeasible","2026-08-04","Goal 3 PBE-UD boundary rederivation"
"beta1_cap_infeasible_N9_o0.2_h0.8_mu0.5_A0_l0",TRUE,"C=-0.17500000; cap proposal infeasible","2026-08-04","Goal 3 PBE-UD boundary rederivation"
"beta1_cap_infeasible_N9_o0.2_h0.8_mu0.5_A0_l0.5",TRUE,"C=-0.17500000; cap proposal infeasible","2026-08-04","Goal 3 PBE-UD boundary rederivation"
"beta1_cap_infeasible_N9_o0.2_h0.8_mu0.5_A0_l0.9",TRUE,"C=-0.17500000; cap proposal infeasible","2026-08-04","Goal 3 PBE-UD boundary rederivation"
"beta1_cap_infeasible_N9_o0.2_h0.8_mu0.5_A0_l1",TRUE,"C=-0.17500000; cap proposal infeasible","2026-08-04","Goal 3 PBE-UD boundary rederivation"
"beta1_cap_infeasible_N9_o0.2_h0.8_mu0.5_A0.25_l0",TRUE,"C=-0.17500000; cap proposal infeasible","2026-08-04","Goal 3 PBE-UD boundary rederivation"
"beta1_cap_infeasible_N9_o0.2_h0.8_mu0.5_A0.25_l0.5",TRUE,"C=-0.17500000; cap proposal infeasible","2026-08-04","Goal 3 PBE-UD boundary rederivation"
"beta1_cap_infeasible_N9_o0.2_h0.8_mu0.5_A0.25_l0.9",TRUE,"C=-0.17500000; cap proposal infeasible","2026-08-04","Goal 3 PBE-UD boundary rederivation"
"beta1_cap_infeasible_N9_o0.2_h0.8_mu0.5_A0.25_l1",TRUE,"C=-0.17500000; cap proposal infeasible","2026-08-04","Goal 3 PBE-UD boundary rederivation"
"beta1_cap_infeasible_N9_o0.2_h0.8_mu0.5_A0.75_l0",TRUE,"C=-0.17500000; cap proposal infeasible","2026-08-04","Goal 3 PBE-UD boundary rederivation"
"beta1_cap_infeasible_N9_o0.2_h0.8_mu0.5_A0.75_l0.5",TRUE,"C=-0.17500000; cap proposal infeasible","2026-08-04","Goal 3 PBE-UD boundary rederivation"
"beta1_cap_infeasible_N9_o0.2_h0.8_mu0.5_A0.75_l0.9",TRUE,"C=-0.17500000; cap proposal infeasible","2026-08-04","Goal 3 PBE-UD boundary rederivation"
"beta1_cap_infeasible_N9_o0.2_h0.8_mu0.5_A0.75_l1",TRUE,"C=-0.17500000; cap proposal infeasible","2026-08-04","Goal 3 PBE-UD boundary rederivation"
"beta1_cap_infeasible_N9_o0.2_h0.8_mu0.5_A1_l0",TRUE,"C=-0.17500000; cap proposal infeasible","2026-08-04","Goal 3 PBE-UD boundary rederivation"
"beta1_cap_infeasible_N9_o0.2_h0.8_mu0.5_A1_l0.5",TRUE,"C=-0.17500000; cap proposal infeasible","2026-08-04","Goal 3 PBE-UD boundary rederivation"
"beta1_cap_infeasible_N9_o0.2_h0.8_mu0.5_A1_l0.9",TRUE,"C=-0.17500000; cap proposal infeasible","2026-08-04","Goal 3 PBE-UD boundary rederivation"
"beta1_cap_infeasible_N9_o0.2_h0.8_mu0.5_A1_l1",TRUE,"C=-0.17500000; cap proposal infeasible","2026-08-04","Goal 3 PBE-UD boundary rederivation"
"beta1_cap_infeasible_N9_o0.2_h0.8_mu0.9_A0_l0",TRUE,"C=-0.17500000; cap proposal infeasible","2026-08-04","Goal 3 PBE-UD boundary rederivation"
"beta1_cap_infeasible_N9_o0.2_h0.8_mu0.9_A0_l0.5",TRUE,"C=-0.17500000; cap proposal infeasible","2026-08-04","Goal 3 PBE-UD boundary rederivation"
"beta1_cap_infeasible_N9_o0.2_h0.8_mu0.9_A0_l0.9",TRUE,"C=-0.17500000; cap proposal infeasible","2026-08-04","Goal 3 PBE-UD boundary rederivation"
"beta1_cap_infeasible_N9_o0.2_h0.8_mu0.9_A0_l1",TRUE,"C=-0.17500000; cap proposal infeasible","2026-08-04","Goal 3 PBE-UD boundary rederivation"
"beta1_cap_infeasible_N9_o0.2_h0.8_mu0.9_A0.25_l0",TRUE,"C=-0.17500000; cap proposal infeasible","2026-08-04","Goal 3 PBE-UD boundary rederivation"
"beta1_cap_infeasible_N9_o0.2_h0.8_mu0.9_A0.25_l0.5",TRUE,"C=-0.17500000; cap proposal infeasible","2026-08-04","Goal 3 PBE-UD boundary rederivation"
"beta1_cap_infeasible_N9_o0.2_h0.8_mu0.9_A0.25_l0.9",TRUE,"C=-0.17500000; cap proposal infeasible","2026-08-04","Goal 3 PBE-UD boundary rederivation"
"beta1_cap_infeasible_N9_o0.2_h0.8_mu0.9_A0.25_l1",TRUE,"C=-0.17500000; cap proposal infeasible","2026-08-04","Goal 3 PBE-UD boundary rederivation"
"beta1_cap_infeasible_N9_o0.2_h0.8_mu0.9_A0.75_l0",TRUE,"C=-0.17500000; cap proposal infeasible","2026-08-04","Goal 3 PBE-UD boundary rederivation"
"beta1_cap_infeasible_N9_o0.2_h0.8_mu0.9_A0.75_l0.5",TRUE,"C=-0.17500000; cap proposal infeasible","2026-08-04","Goal 3 PBE-UD boundary rederivation"
"beta1_cap_infeasible_N9_o0.2_h0.8_mu0.9_A0.75_l0.9",TRUE,"C=-0.17500000; cap proposal infeasible","2026-08-04","Goal 3 PBE-UD boundary rederivation"
"beta1_cap_infeasible_N9_o0.2_h0.8_mu0.9_A0.75_l1",TRUE,"C=-0.17500000; cap proposal infeasible","2026-08-04","Goal 3 PBE-UD boundary rederivation"
"beta1_cap_infeasible_N9_o0.2_h0.8_mu0.9_A1_l0",TRUE,"C=-0.17500000; cap proposal infeasible","2026-08-04","Goal 3 PBE-UD boundary rederivation"
"beta1_cap_infeasible_N9_o0.2_h0.8_mu0.9_A1_l0.5",TRUE,"C=-0.17500000; cap proposal infeasible","2026-08-04","Goal 3 PBE-UD boundary rederivation"
"beta1_cap_infeasible_N9_o0.2_h0.8_mu0.9_A1_l0.9",TRUE,"C=-0.17500000; cap proposal infeasible","2026-08-04","Goal 3 PBE-UD boundary rederivation"
"beta1_cap_infeasible_N9_o0.2_h0.8_mu0.9_A1_l1",TRUE,"C=-0.17500000; cap proposal infeasible","2026-08-04","Goal 3 PBE-UD boundary rederivation"
"beta1_cap_formula_N10_o0.05_h0.4_mu0.1_A0_l0",TRUE,"formula=0.11111111; enumerated=0.11111111","2026-08-04","Goal 3 PBE-UD boundary rederivation"
"beta1_cap_formula_N10_o0.05_h0.4_mu0.1_A0_l0.5",TRUE,"formula=0.11111111; enumerated=0.11111111","2026-08-04","Goal 3 PBE-UD boundary rederivation"
"beta1_cap_formula_N10_o0.05_h0.4_mu0.1_A0_l0.9",TRUE,"formula=0.11111111; enumerated=0.11111111","2026-08-04","Goal 3 PBE-UD boundary rederivation"
"beta1_cap_formula_N10_o0.05_h0.4_mu0.1_A0_l1",TRUE,"formula=0.11111111; enumerated=0.11111111","2026-08-04","Goal 3 PBE-UD boundary rederivation"
"beta1_cap_formula_N10_o0.05_h0.4_mu0.1_A0.25_l0",TRUE,"formula=0.12111111; enumerated=0.12111111","2026-08-04","Goal 3 PBE-UD boundary rederivation"
"beta1_cap_formula_N10_o0.05_h0.4_mu0.1_A0.25_l0.5",TRUE,"formula=0.12166667; enumerated=0.12166667","2026-08-04","Goal 3 PBE-UD boundary rederivation"
"beta1_cap_formula_N10_o0.05_h0.4_mu0.1_A0.25_l0.9",TRUE,"formula=0.12211111; enumerated=0.12211111","2026-08-04","Goal 3 PBE-UD boundary rederivation"
"beta1_cap_formula_N10_o0.05_h0.4_mu0.1_A0.25_l1",TRUE,"formula=0.12222222; enumerated=0.12222222","2026-08-04","Goal 3 PBE-UD boundary rederivation"
"beta1_cap_formula_N10_o0.05_h0.4_mu0.1_A0.75_l0",TRUE,"formula=0.14111111; enumerated=0.14111111","2026-08-04","Goal 3 PBE-UD boundary rederivation"
"beta1_cap_formula_N10_o0.05_h0.4_mu0.1_A0.75_l0.5",TRUE,"formula=0.14277778; enumerated=0.14277778","2026-08-04","Goal 3 PBE-UD boundary rederivation"
"beta1_cap_formula_N10_o0.05_h0.4_mu0.1_A0.75_l0.9",TRUE,"formula=0.14411111; enumerated=0.14411111","2026-08-04","Goal 3 PBE-UD boundary rederivation"
"beta1_cap_formula_N10_o0.05_h0.4_mu0.1_A0.75_l1",TRUE,"formula=0.14444444; enumerated=0.14444444","2026-08-04","Goal 3 PBE-UD boundary rederivation"
"beta1_cap_formula_N10_o0.05_h0.4_mu0.1_A1_l0",TRUE,"formula=0.15111111; enumerated=0.15111111","2026-08-04","Goal 3 PBE-UD boundary rederivation"
"beta1_cap_formula_N10_o0.05_h0.4_mu0.1_A1_l0.5",TRUE,"formula=0.15333333; enumerated=0.15333333","2026-08-04","Goal 3 PBE-UD boundary rederivation"
"beta1_cap_formula_N10_o0.05_h0.4_mu0.1_A1_l0.9",TRUE,"formula=0.15511111; enumerated=0.15511111","2026-08-04","Goal 3 PBE-UD boundary rederivation"
"beta1_cap_formula_N10_o0.05_h0.4_mu0.1_A1_l1",TRUE,"formula=0.15555556; enumerated=0.15555556","2026-08-04","Goal 3 PBE-UD boundary rederivation"
"beta1_cap_formula_N10_o0.05_h0.4_mu0.5_A0_l0",TRUE,"formula=0.11111111; enumerated=0.11111111","2026-08-04","Goal 3 PBE-UD boundary rederivation"
"beta1_cap_formula_N10_o0.05_h0.4_mu0.5_A0_l0.5",TRUE,"formula=0.11111111; enumerated=0.11111111","2026-08-04","Goal 3 PBE-UD boundary rederivation"
"beta1_cap_formula_N10_o0.05_h0.4_mu0.5_A0_l0.9",TRUE,"formula=0.11111111; enumerated=0.11111111","2026-08-04","Goal 3 PBE-UD boundary rederivation"
"beta1_cap_formula_N10_o0.05_h0.4_mu0.5_A0_l1",TRUE,"formula=0.11111111; enumerated=0.11111111","2026-08-04","Goal 3 PBE-UD boundary rederivation"
"beta1_cap_formula_N10_o0.05_h0.4_mu0.5_A0.25_l0",TRUE,"formula=0.11666667; enumerated=0.11666667","2026-08-04","Goal 3 PBE-UD boundary rederivation"
"beta1_cap_formula_N10_o0.05_h0.4_mu0.5_A0.25_l0.5",TRUE,"formula=0.11944444; enumerated=0.11944444","2026-08-04","Goal 3 PBE-UD boundary rederivation"
"beta1_cap_formula_N10_o0.05_h0.4_mu0.5_A0.25_l0.9",TRUE,"formula=0.12166667; enumerated=0.12166667","2026-08-04","Goal 3 PBE-UD boundary rederivation"
"beta1_cap_formula_N10_o0.05_h0.4_mu0.5_A0.25_l1",TRUE,"formula=0.12222222; enumerated=0.12222222","2026-08-04","Goal 3 PBE-UD boundary rederivation"
"beta1_cap_formula_N10_o0.05_h0.4_mu0.5_A0.75_l0",TRUE,"formula=0.12777778; enumerated=0.12777778","2026-08-04","Goal 3 PBE-UD boundary rederivation"
"beta1_cap_formula_N10_o0.05_h0.4_mu0.5_A0.75_l0.5",TRUE,"formula=0.13611111; enumerated=0.13611111","2026-08-04","Goal 3 PBE-UD boundary rederivation"
"beta1_cap_formula_N10_o0.05_h0.4_mu0.5_A0.75_l0.9",TRUE,"formula=0.14277778; enumerated=0.14277778","2026-08-04","Goal 3 PBE-UD boundary rederivation"
"beta1_cap_formula_N10_o0.05_h0.4_mu0.5_A0.75_l1",TRUE,"formula=0.14444444; enumerated=0.14444444","2026-08-04","Goal 3 PBE-UD boundary rederivation"
"beta1_cap_formula_N10_o0.05_h0.4_mu0.5_A1_l0",TRUE,"formula=0.13333333; enumerated=0.13333333","2026-08-04","Goal 3 PBE-UD boundary rederivation"
"beta1_cap_formula_N10_o0.05_h0.4_mu0.5_A1_l0.5",TRUE,"formula=0.14444444; enumerated=0.14444444","2026-08-04","Goal 3 PBE-UD boundary rederivation"
"beta1_cap_formula_N10_o0.05_h0.4_mu0.5_A1_l0.9",TRUE,"formula=0.15333333; enumerated=0.15333333","2026-08-04","Goal 3 PBE-UD boundary rederivation"
"beta1_cap_formula_N10_o0.05_h0.4_mu0.5_A1_l1",TRUE,"formula=0.15555556; enumerated=0.15555556","2026-08-04","Goal 3 PBE-UD boundary rederivation"
"beta1_cap_formula_N10_o0.05_h0.4_mu0.9_A0_l0",TRUE,"formula=0.11111111; enumerated=0.11111111","2026-08-04","Goal 3 PBE-UD boundary rederivation"
"beta1_cap_formula_N10_o0.05_h0.4_mu0.9_A0_l0.5",TRUE,"formula=0.11111111; enumerated=0.11111111","2026-08-04","Goal 3 PBE-UD boundary rederivation"
"beta1_cap_formula_N10_o0.05_h0.4_mu0.9_A0_l0.9",TRUE,"formula=0.11111111; enumerated=0.11111111","2026-08-04","Goal 3 PBE-UD boundary rederivation"
"beta1_cap_formula_N10_o0.05_h0.4_mu0.9_A0_l1",TRUE,"formula=0.11111111; enumerated=0.11111111","2026-08-04","Goal 3 PBE-UD boundary rederivation"
"beta1_cap_formula_N10_o0.05_h0.4_mu0.9_A0.25_l0",TRUE,"formula=0.11222222; enumerated=0.11222222","2026-08-04","Goal 3 PBE-UD boundary rederivation"
"beta1_cap_formula_N10_o0.05_h0.4_mu0.9_A0.25_l0.5",TRUE,"formula=0.11722222; enumerated=0.11722222","2026-08-04","Goal 3 PBE-UD boundary rederivation"
"beta1_cap_formula_N10_o0.05_h0.4_mu0.9_A0.25_l0.9",TRUE,"formula=0.12122222; enumerated=0.12122222","2026-08-04","Goal 3 PBE-UD boundary rederivation"
"beta1_cap_formula_N10_o0.05_h0.4_mu0.9_A0.25_l1",TRUE,"formula=0.12222222; enumerated=0.12222222","2026-08-04","Goal 3 PBE-UD boundary rederivation"
"beta1_cap_formula_N10_o0.05_h0.4_mu0.9_A0.75_l0",TRUE,"formula=0.11444444; enumerated=0.11444444","2026-08-04","Goal 3 PBE-UD boundary rederivation"
"beta1_cap_formula_N10_o0.05_h0.4_mu0.9_A0.75_l0.5",TRUE,"formula=0.12944444; enumerated=0.12944444","2026-08-04","Goal 3 PBE-UD boundary rederivation"
"beta1_cap_formula_N10_o0.05_h0.4_mu0.9_A0.75_l0.9",TRUE,"formula=0.14144444; enumerated=0.14144444","2026-08-04","Goal 3 PBE-UD boundary rederivation"
"beta1_cap_formula_N10_o0.05_h0.4_mu0.9_A0.75_l1",TRUE,"formula=0.14444444; enumerated=0.14444444","2026-08-04","Goal 3 PBE-UD boundary rederivation"
"beta1_cap_formula_N10_o0.05_h0.4_mu0.9_A1_l0",TRUE,"formula=0.11555556; enumerated=0.11555556","2026-08-04","Goal 3 PBE-UD boundary rederivation"
"beta1_cap_formula_N10_o0.05_h0.4_mu0.9_A1_l0.5",TRUE,"formula=0.13555556; enumerated=0.13555556","2026-08-04","Goal 3 PBE-UD boundary rederivation"
"beta1_cap_formula_N10_o0.05_h0.4_mu0.9_A1_l0.9",TRUE,"formula=0.15155556; enumerated=0.15155556","2026-08-04","Goal 3 PBE-UD boundary rederivation"
"beta1_cap_formula_N10_o0.05_h0.4_mu0.9_A1_l1",TRUE,"formula=0.15555556; enumerated=0.15555556","2026-08-04","Goal 3 PBE-UD boundary rederivation"
"beta1_cap_infeasible_N10_o0.05_h0.8_mu0.1_A0_l0",TRUE,"C=-0.24444444; cap proposal infeasible","2026-08-04","Goal 3 PBE-UD boundary rederivation"
"beta1_cap_infeasible_N10_o0.05_h0.8_mu0.1_A0_l0.5",TRUE,"C=-0.24444444; cap proposal infeasible","2026-08-04","Goal 3 PBE-UD boundary rederivation"
"beta1_cap_infeasible_N10_o0.05_h0.8_mu0.1_A0_l0.9",TRUE,"C=-0.24444444; cap proposal infeasible","2026-08-04","Goal 3 PBE-UD boundary rederivation"
"beta1_cap_infeasible_N10_o0.05_h0.8_mu0.1_A0_l1",TRUE,"C=-0.24444444; cap proposal infeasible","2026-08-04","Goal 3 PBE-UD boundary rederivation"
"beta1_cap_infeasible_N10_o0.05_h0.8_mu0.1_A0.25_l0",TRUE,"C=-0.24444444; cap proposal infeasible","2026-08-04","Goal 3 PBE-UD boundary rederivation"
"beta1_cap_infeasible_N10_o0.05_h0.8_mu0.1_A0.25_l0.5",TRUE,"C=-0.24444444; cap proposal infeasible","2026-08-04","Goal 3 PBE-UD boundary rederivation"
"beta1_cap_infeasible_N10_o0.05_h0.8_mu0.1_A0.25_l0.9",TRUE,"C=-0.24444444; cap proposal infeasible","2026-08-04","Goal 3 PBE-UD boundary rederivation"
"beta1_cap_infeasible_N10_o0.05_h0.8_mu0.1_A0.25_l1",TRUE,"C=-0.24444444; cap proposal infeasible","2026-08-04","Goal 3 PBE-UD boundary rederivation"
"beta1_cap_infeasible_N10_o0.05_h0.8_mu0.1_A0.75_l0",TRUE,"C=-0.24444444; cap proposal infeasible","2026-08-04","Goal 3 PBE-UD boundary rederivation"
"beta1_cap_infeasible_N10_o0.05_h0.8_mu0.1_A0.75_l0.5",TRUE,"C=-0.24444444; cap proposal infeasible","2026-08-04","Goal 3 PBE-UD boundary rederivation"
"beta1_cap_infeasible_N10_o0.05_h0.8_mu0.1_A0.75_l0.9",TRUE,"C=-0.24444444; cap proposal infeasible","2026-08-04","Goal 3 PBE-UD boundary rederivation"
"beta1_cap_infeasible_N10_o0.05_h0.8_mu0.1_A0.75_l1",TRUE,"C=-0.24444444; cap proposal infeasible","2026-08-04","Goal 3 PBE-UD boundary rederivation"
"beta1_cap_infeasible_N10_o0.05_h0.8_mu0.1_A1_l0",TRUE,"C=-0.24444444; cap proposal infeasible","2026-08-04","Goal 3 PBE-UD boundary rederivation"
"beta1_cap_infeasible_N10_o0.05_h0.8_mu0.1_A1_l0.5",TRUE,"C=-0.24444444; cap proposal infeasible","2026-08-04","Goal 3 PBE-UD boundary rederivation"
"beta1_cap_infeasible_N10_o0.05_h0.8_mu0.1_A1_l0.9",TRUE,"C=-0.24444444; cap proposal infeasible","2026-08-04","Goal 3 PBE-UD boundary rederivation"
"beta1_cap_infeasible_N10_o0.05_h0.8_mu0.1_A1_l1",TRUE,"C=-0.24444444; cap proposal infeasible","2026-08-04","Goal 3 PBE-UD boundary rederivation"
"beta1_cap_infeasible_N10_o0.05_h0.8_mu0.5_A0_l0",TRUE,"C=-0.24444444; cap proposal infeasible","2026-08-04","Goal 3 PBE-UD boundary rederivation"
"beta1_cap_infeasible_N10_o0.05_h0.8_mu0.5_A0_l0.5",TRUE,"C=-0.24444444; cap proposal infeasible","2026-08-04","Goal 3 PBE-UD boundary rederivation"
"beta1_cap_infeasible_N10_o0.05_h0.8_mu0.5_A0_l0.9",TRUE,"C=-0.24444444; cap proposal infeasible","2026-08-04","Goal 3 PBE-UD boundary rederivation"
"beta1_cap_infeasible_N10_o0.05_h0.8_mu0.5_A0_l1",TRUE,"C=-0.24444444; cap proposal infeasible","2026-08-04","Goal 3 PBE-UD boundary rederivation"
"beta1_cap_infeasible_N10_o0.05_h0.8_mu0.5_A0.25_l0",TRUE,"C=-0.24444444; cap proposal infeasible","2026-08-04","Goal 3 PBE-UD boundary rederivation"
"beta1_cap_infeasible_N10_o0.05_h0.8_mu0.5_A0.25_l0.5",TRUE,"C=-0.24444444; cap proposal infeasible","2026-08-04","Goal 3 PBE-UD boundary rederivation"
"beta1_cap_infeasible_N10_o0.05_h0.8_mu0.5_A0.25_l0.9",TRUE,"C=-0.24444444; cap proposal infeasible","2026-08-04","Goal 3 PBE-UD boundary rederivation"
"beta1_cap_infeasible_N10_o0.05_h0.8_mu0.5_A0.25_l1",TRUE,"C=-0.24444444; cap proposal infeasible","2026-08-04","Goal 3 PBE-UD boundary rederivation"
"beta1_cap_infeasible_N10_o0.05_h0.8_mu0.5_A0.75_l0",TRUE,"C=-0.24444444; cap proposal infeasible","2026-08-04","Goal 3 PBE-UD boundary rederivation"
"beta1_cap_infeasible_N10_o0.05_h0.8_mu0.5_A0.75_l0.5",TRUE,"C=-0.24444444; cap proposal infeasible","2026-08-04","Goal 3 PBE-UD boundary rederivation"
"beta1_cap_infeasible_N10_o0.05_h0.8_mu0.5_A0.75_l0.9",TRUE,"C=-0.24444444; cap proposal infeasible","2026-08-04","Goal 3 PBE-UD boundary rederivation"
"beta1_cap_infeasible_N10_o0.05_h0.8_mu0.5_A0.75_l1",TRUE,"C=-0.24444444; cap proposal infeasible","2026-08-04","Goal 3 PBE-UD boundary rederivation"
"beta1_cap_infeasible_N10_o0.05_h0.8_mu0.5_A1_l0",TRUE,"C=-0.24444444; cap proposal infeasible","2026-08-04","Goal 3 PBE-UD boundary rederivation"
"beta1_cap_infeasible_N10_o0.05_h0.8_mu0.5_A1_l0.5",TRUE,"C=-0.24444444; cap proposal infeasible","2026-08-04","Goal 3 PBE-UD boundary rederivation"
"beta1_cap_infeasible_N10_o0.05_h0.8_mu0.5_A1_l0.9",TRUE,"C=-0.24444444; cap proposal infeasible","2026-08-04","Goal 3 PBE-UD boundary rederivation"
"beta1_cap_infeasible_N10_o0.05_h0.8_mu0.5_A1_l1",TRUE,"C=-0.24444444; cap proposal infeasible","2026-08-04","Goal 3 PBE-UD boundary rederivation"
"beta1_cap_infeasible_N10_o0.05_h0.8_mu0.9_A0_l0",TRUE,"C=-0.24444444; cap proposal infeasible","2026-08-04","Goal 3 PBE-UD boundary rederivation"
"beta1_cap_infeasible_N10_o0.05_h0.8_mu0.9_A0_l0.5",TRUE,"C=-0.24444444; cap proposal infeasible","2026-08-04","Goal 3 PBE-UD boundary rederivation"
"beta1_cap_infeasible_N10_o0.05_h0.8_mu0.9_A0_l0.9",TRUE,"C=-0.24444444; cap proposal infeasible","2026-08-04","Goal 3 PBE-UD boundary rederivation"
"beta1_cap_infeasible_N10_o0.05_h0.8_mu0.9_A0_l1",TRUE,"C=-0.24444444; cap proposal infeasible","2026-08-04","Goal 3 PBE-UD boundary rederivation"
"beta1_cap_infeasible_N10_o0.05_h0.8_mu0.9_A0.25_l0",TRUE,"C=-0.24444444; cap proposal infeasible","2026-08-04","Goal 3 PBE-UD boundary rederivation"
"beta1_cap_infeasible_N10_o0.05_h0.8_mu0.9_A0.25_l0.5",TRUE,"C=-0.24444444; cap proposal infeasible","2026-08-04","Goal 3 PBE-UD boundary rederivation"
"beta1_cap_infeasible_N10_o0.05_h0.8_mu0.9_A0.25_l0.9",TRUE,"C=-0.24444444; cap proposal infeasible","2026-08-04","Goal 3 PBE-UD boundary rederivation"
"beta1_cap_infeasible_N10_o0.05_h0.8_mu0.9_A0.25_l1",TRUE,"C=-0.24444444; cap proposal infeasible","2026-08-04","Goal 3 PBE-UD boundary rederivation"
"beta1_cap_infeasible_N10_o0.05_h0.8_mu0.9_A0.75_l0",TRUE,"C=-0.24444444; cap proposal infeasible","2026-08-04","Goal 3 PBE-UD boundary rederivation"
"beta1_cap_infeasible_N10_o0.05_h0.8_mu0.9_A0.75_l0.5",TRUE,"C=-0.24444444; cap proposal infeasible","2026-08-04","Goal 3 PBE-UD boundary rederivation"
"beta1_cap_infeasible_N10_o0.05_h0.8_mu0.9_A0.75_l0.9",TRUE,"C=-0.24444444; cap proposal infeasible","2026-08-04","Goal 3 PBE-UD boundary rederivation"
"beta1_cap_infeasible_N10_o0.05_h0.8_mu0.9_A0.75_l1",TRUE,"C=-0.24444444; cap proposal infeasible","2026-08-04","Goal 3 PBE-UD boundary rederivation"
"beta1_cap_infeasible_N10_o0.05_h0.8_mu0.9_A1_l0",TRUE,"C=-0.24444444; cap proposal infeasible","2026-08-04","Goal 3 PBE-UD boundary rederivation"
"beta1_cap_infeasible_N10_o0.05_h0.8_mu0.9_A1_l0.5",TRUE,"C=-0.24444444; cap proposal infeasible","2026-08-04","Goal 3 PBE-UD boundary rederivation"
"beta1_cap_infeasible_N10_o0.05_h0.8_mu0.9_A1_l0.9",TRUE,"C=-0.24444444; cap proposal infeasible","2026-08-04","Goal 3 PBE-UD boundary rederivation"
"beta1_cap_infeasible_N10_o0.05_h0.8_mu0.9_A1_l1",TRUE,"C=-0.24444444; cap proposal infeasible","2026-08-04","Goal 3 PBE-UD boundary rederivation"
"beta1_cap_formula_N10_o0.2_h0.4_mu0.1_A0_l0",TRUE,"formula=0.11111111; enumerated=0.11111111","2026-08-04","Goal 3 PBE-UD boundary rederivation"
"beta1_cap_formula_N10_o0.2_h0.4_mu0.1_A0_l0.5",TRUE,"formula=0.11111111; enumerated=0.11111111","2026-08-04","Goal 3 PBE-UD boundary rederivation"
"beta1_cap_formula_N10_o0.2_h0.4_mu0.1_A0_l0.9",TRUE,"formula=0.11111111; enumerated=0.11111111","2026-08-04","Goal 3 PBE-UD boundary rederivation"
"beta1_cap_formula_N10_o0.2_h0.4_mu0.1_A0_l1",TRUE,"formula=0.11111111; enumerated=0.11111111","2026-08-04","Goal 3 PBE-UD boundary rederivation"
"beta1_cap_formula_N10_o0.2_h0.4_mu0.1_A0.25_l0",TRUE,"formula=0.12111111; enumerated=0.12111111","2026-08-04","Goal 3 PBE-UD boundary rederivation"
"beta1_cap_formula_N10_o0.2_h0.4_mu0.1_A0.25_l0.5",TRUE,"formula=0.12166667; enumerated=0.12166667","2026-08-04","Goal 3 PBE-UD boundary rederivation"
"beta1_cap_formula_N10_o0.2_h0.4_mu0.1_A0.25_l0.9",TRUE,"formula=0.12211111; enumerated=0.12211111","2026-08-04","Goal 3 PBE-UD boundary rederivation"
"beta1_cap_formula_N10_o0.2_h0.4_mu0.1_A0.25_l1",TRUE,"formula=0.12222222; enumerated=0.12222222","2026-08-04","Goal 3 PBE-UD boundary rederivation"
"beta1_cap_formula_N10_o0.2_h0.4_mu0.1_A0.75_l0",TRUE,"formula=0.14111111; enumerated=0.14111111","2026-08-04","Goal 3 PBE-UD boundary rederivation"
"beta1_cap_formula_N10_o0.2_h0.4_mu0.1_A0.75_l0.5",TRUE,"formula=0.14277778; enumerated=0.14277778","2026-08-04","Goal 3 PBE-UD boundary rederivation"
"beta1_cap_formula_N10_o0.2_h0.4_mu0.1_A0.75_l0.9",TRUE,"formula=0.14411111; enumerated=0.14411111","2026-08-04","Goal 3 PBE-UD boundary rederivation"
"beta1_cap_formula_N10_o0.2_h0.4_mu0.1_A0.75_l1",TRUE,"formula=0.14444444; enumerated=0.14444444","2026-08-04","Goal 3 PBE-UD boundary rederivation"
"beta1_cap_formula_N10_o0.2_h0.4_mu0.1_A1_l0",TRUE,"formula=0.15111111; enumerated=0.15111111","2026-08-04","Goal 3 PBE-UD boundary rederivation"
"beta1_cap_formula_N10_o0.2_h0.4_mu0.1_A1_l0.5",TRUE,"formula=0.15333333; enumerated=0.15333333","2026-08-04","Goal 3 PBE-UD boundary rederivation"
"beta1_cap_formula_N10_o0.2_h0.4_mu0.1_A1_l0.9",TRUE,"formula=0.15511111; enumerated=0.15511111","2026-08-04","Goal 3 PBE-UD boundary rederivation"
"beta1_cap_formula_N10_o0.2_h0.4_mu0.1_A1_l1",TRUE,"formula=0.15555556; enumerated=0.15555556","2026-08-04","Goal 3 PBE-UD boundary rederivation"
"beta1_cap_formula_N10_o0.2_h0.4_mu0.5_A0_l0",TRUE,"formula=0.11111111; enumerated=0.11111111","2026-08-04","Goal 3 PBE-UD boundary rederivation"
"beta1_cap_formula_N10_o0.2_h0.4_mu0.5_A0_l0.5",TRUE,"formula=0.11111111; enumerated=0.11111111","2026-08-04","Goal 3 PBE-UD boundary rederivation"
"beta1_cap_formula_N10_o0.2_h0.4_mu0.5_A0_l0.9",TRUE,"formula=0.11111111; enumerated=0.11111111","2026-08-04","Goal 3 PBE-UD boundary rederivation"
"beta1_cap_formula_N10_o0.2_h0.4_mu0.5_A0_l1",TRUE,"formula=0.11111111; enumerated=0.11111111","2026-08-04","Goal 3 PBE-UD boundary rederivation"
"beta1_cap_formula_N10_o0.2_h0.4_mu0.5_A0.25_l0",TRUE,"formula=0.11666667; enumerated=0.11666667","2026-08-04","Goal 3 PBE-UD boundary rederivation"
"beta1_cap_formula_N10_o0.2_h0.4_mu0.5_A0.25_l0.5",TRUE,"formula=0.11944444; enumerated=0.11944444","2026-08-04","Goal 3 PBE-UD boundary rederivation"
"beta1_cap_formula_N10_o0.2_h0.4_mu0.5_A0.25_l0.9",TRUE,"formula=0.12166667; enumerated=0.12166667","2026-08-04","Goal 3 PBE-UD boundary rederivation"
"beta1_cap_formula_N10_o0.2_h0.4_mu0.5_A0.25_l1",TRUE,"formula=0.12222222; enumerated=0.12222222","2026-08-04","Goal 3 PBE-UD boundary rederivation"
"beta1_cap_formula_N10_o0.2_h0.4_mu0.5_A0.75_l0",TRUE,"formula=0.12777778; enumerated=0.12777778","2026-08-04","Goal 3 PBE-UD boundary rederivation"
"beta1_cap_formula_N10_o0.2_h0.4_mu0.5_A0.75_l0.5",TRUE,"formula=0.13611111; enumerated=0.13611111","2026-08-04","Goal 3 PBE-UD boundary rederivation"
"beta1_cap_formula_N10_o0.2_h0.4_mu0.5_A0.75_l0.9",TRUE,"formula=0.14277778; enumerated=0.14277778","2026-08-04","Goal 3 PBE-UD boundary rederivation"
"beta1_cap_formula_N10_o0.2_h0.4_mu0.5_A0.75_l1",TRUE,"formula=0.14444444; enumerated=0.14444444","2026-08-04","Goal 3 PBE-UD boundary rederivation"
"beta1_cap_formula_N10_o0.2_h0.4_mu0.5_A1_l0",TRUE,"formula=0.13333333; enumerated=0.13333333","2026-08-04","Goal 3 PBE-UD boundary rederivation"
"beta1_cap_formula_N10_o0.2_h0.4_mu0.5_A1_l0.5",TRUE,"formula=0.14444444; enumerated=0.14444444","2026-08-04","Goal 3 PBE-UD boundary rederivation"
"beta1_cap_formula_N10_o0.2_h0.4_mu0.5_A1_l0.9",TRUE,"formula=0.15333333; enumerated=0.15333333","2026-08-04","Goal 3 PBE-UD boundary rederivation"
"beta1_cap_formula_N10_o0.2_h0.4_mu0.5_A1_l1",TRUE,"formula=0.15555556; enumerated=0.15555556","2026-08-04","Goal 3 PBE-UD boundary rederivation"
"beta1_cap_formula_N10_o0.2_h0.4_mu0.9_A0_l0",TRUE,"formula=0.11111111; enumerated=0.11111111","2026-08-04","Goal 3 PBE-UD boundary rederivation"
"beta1_cap_formula_N10_o0.2_h0.4_mu0.9_A0_l0.5",TRUE,"formula=0.11111111; enumerated=0.11111111","2026-08-04","Goal 3 PBE-UD boundary rederivation"
"beta1_cap_formula_N10_o0.2_h0.4_mu0.9_A0_l0.9",TRUE,"formula=0.11111111; enumerated=0.11111111","2026-08-04","Goal 3 PBE-UD boundary rederivation"
"beta1_cap_formula_N10_o0.2_h0.4_mu0.9_A0_l1",TRUE,"formula=0.11111111; enumerated=0.11111111","2026-08-04","Goal 3 PBE-UD boundary rederivation"
"beta1_cap_formula_N10_o0.2_h0.4_mu0.9_A0.25_l0",TRUE,"formula=0.11222222; enumerated=0.11222222","2026-08-04","Goal 3 PBE-UD boundary rederivation"
"beta1_cap_formula_N10_o0.2_h0.4_mu0.9_A0.25_l0.5",TRUE,"formula=0.11722222; enumerated=0.11722222","2026-08-04","Goal 3 PBE-UD boundary rederivation"
"beta1_cap_formula_N10_o0.2_h0.4_mu0.9_A0.25_l0.9",TRUE,"formula=0.12122222; enumerated=0.12122222","2026-08-04","Goal 3 PBE-UD boundary rederivation"
"beta1_cap_formula_N10_o0.2_h0.4_mu0.9_A0.25_l1",TRUE,"formula=0.12222222; enumerated=0.12222222","2026-08-04","Goal 3 PBE-UD boundary rederivation"
"beta1_cap_formula_N10_o0.2_h0.4_mu0.9_A0.75_l0",TRUE,"formula=0.11444444; enumerated=0.11444444","2026-08-04","Goal 3 PBE-UD boundary rederivation"
"beta1_cap_formula_N10_o0.2_h0.4_mu0.9_A0.75_l0.5",TRUE,"formula=0.12944444; enumerated=0.12944444","2026-08-04","Goal 3 PBE-UD boundary rederivation"
"beta1_cap_formula_N10_o0.2_h0.4_mu0.9_A0.75_l0.9",TRUE,"formula=0.14144444; enumerated=0.14144444","2026-08-04","Goal 3 PBE-UD boundary rederivation"
"beta1_cap_formula_N10_o0.2_h0.4_mu0.9_A0.75_l1",TRUE,"formula=0.14444444; enumerated=0.14444444","2026-08-04","Goal 3 PBE-UD boundary rederivation"
"beta1_cap_formula_N10_o0.2_h0.4_mu0.9_A1_l0",TRUE,"formula=0.11555556; enumerated=0.11555556","2026-08-04","Goal 3 PBE-UD boundary rederivation"
"beta1_cap_formula_N10_o0.2_h0.4_mu0.9_A1_l0.5",TRUE,"formula=0.13555556; enumerated=0.13555556","2026-08-04","Goal 3 PBE-UD boundary rederivation"
"beta1_cap_formula_N10_o0.2_h0.4_mu0.9_A1_l0.9",TRUE,"formula=0.15155556; enumerated=0.15155556","2026-08-04","Goal 3 PBE-UD boundary rederivation"
"beta1_cap_formula_N10_o0.2_h0.4_mu0.9_A1_l1",TRUE,"formula=0.15555556; enumerated=0.15555556","2026-08-04","Goal 3 PBE-UD boundary rederivation"
"beta1_cap_infeasible_N10_o0.2_h0.8_mu0.1_A0_l0",TRUE,"C=-0.24444444; cap proposal infeasible","2026-08-04","Goal 3 PBE-UD boundary rederivation"
"beta1_cap_infeasible_N10_o0.2_h0.8_mu0.1_A0_l0.5",TRUE,"C=-0.24444444; cap proposal infeasible","2026-08-04","Goal 3 PBE-UD boundary rederivation"
"beta1_cap_infeasible_N10_o0.2_h0.8_mu0.1_A0_l0.9",TRUE,"C=-0.24444444; cap proposal infeasible","2026-08-04","Goal 3 PBE-UD boundary rederivation"
"beta1_cap_infeasible_N10_o0.2_h0.8_mu0.1_A0_l1",TRUE,"C=-0.24444444; cap proposal infeasible","2026-08-04","Goal 3 PBE-UD boundary rederivation"
"beta1_cap_infeasible_N10_o0.2_h0.8_mu0.1_A0.25_l0",TRUE,"C=-0.24444444; cap proposal infeasible","2026-08-04","Goal 3 PBE-UD boundary rederivation"
"beta1_cap_infeasible_N10_o0.2_h0.8_mu0.1_A0.25_l0.5",TRUE,"C=-0.24444444; cap proposal infeasible","2026-08-04","Goal 3 PBE-UD boundary rederivation"
"beta1_cap_infeasible_N10_o0.2_h0.8_mu0.1_A0.25_l0.9",TRUE,"C=-0.24444444; cap proposal infeasible","2026-08-04","Goal 3 PBE-UD boundary rederivation"
"beta1_cap_infeasible_N10_o0.2_h0.8_mu0.1_A0.25_l1",TRUE,"C=-0.24444444; cap proposal infeasible","2026-08-04","Goal 3 PBE-UD boundary rederivation"
"beta1_cap_infeasible_N10_o0.2_h0.8_mu0.1_A0.75_l0",TRUE,"C=-0.24444444; cap proposal infeasible","2026-08-04","Goal 3 PBE-UD boundary rederivation"
"beta1_cap_infeasible_N10_o0.2_h0.8_mu0.1_A0.75_l0.5",TRUE,"C=-0.24444444; cap proposal infeasible","2026-08-04","Goal 3 PBE-UD boundary rederivation"
"beta1_cap_infeasible_N10_o0.2_h0.8_mu0.1_A0.75_l0.9",TRUE,"C=-0.24444444; cap proposal infeasible","2026-08-04","Goal 3 PBE-UD boundary rederivation"
"beta1_cap_infeasible_N10_o0.2_h0.8_mu0.1_A0.75_l1",TRUE,"C=-0.24444444; cap proposal infeasible","2026-08-04","Goal 3 PBE-UD boundary rederivation"
"beta1_cap_infeasible_N10_o0.2_h0.8_mu0.1_A1_l0",TRUE,"C=-0.24444444; cap proposal infeasible","2026-08-04","Goal 3 PBE-UD boundary rederivation"
"beta1_cap_infeasible_N10_o0.2_h0.8_mu0.1_A1_l0.5",TRUE,"C=-0.24444444; cap proposal infeasible","2026-08-04","Goal 3 PBE-UD boundary rederivation"
"beta1_cap_infeasible_N10_o0.2_h0.8_mu0.1_A1_l0.9",TRUE,"C=-0.24444444; cap proposal infeasible","2026-08-04","Goal 3 PBE-UD boundary rederivation"
"beta1_cap_infeasible_N10_o0.2_h0.8_mu0.1_A1_l1",TRUE,"C=-0.24444444; cap proposal infeasible","2026-08-04","Goal 3 PBE-UD boundary rederivation"
"beta1_cap_infeasible_N10_o0.2_h0.8_mu0.5_A0_l0",TRUE,"C=-0.24444444; cap proposal infeasible","2026-08-04","Goal 3 PBE-UD boundary rederivation"
"beta1_cap_infeasible_N10_o0.2_h0.8_mu0.5_A0_l0.5",TRUE,"C=-0.24444444; cap proposal infeasible","2026-08-04","Goal 3 PBE-UD boundary rederivation"
"beta1_cap_infeasible_N10_o0.2_h0.8_mu0.5_A0_l0.9",TRUE,"C=-0.24444444; cap proposal infeasible","2026-08-04","Goal 3 PBE-UD boundary rederivation"
"beta1_cap_infeasible_N10_o0.2_h0.8_mu0.5_A0_l1",TRUE,"C=-0.24444444; cap proposal infeasible","2026-08-04","Goal 3 PBE-UD boundary rederivation"
"beta1_cap_infeasible_N10_o0.2_h0.8_mu0.5_A0.25_l0",TRUE,"C=-0.24444444; cap proposal infeasible","2026-08-04","Goal 3 PBE-UD boundary rederivation"
"beta1_cap_infeasible_N10_o0.2_h0.8_mu0.5_A0.25_l0.5",TRUE,"C=-0.24444444; cap proposal infeasible","2026-08-04","Goal 3 PBE-UD boundary rederivation"
"beta1_cap_infeasible_N10_o0.2_h0.8_mu0.5_A0.25_l0.9",TRUE,"C=-0.24444444; cap proposal infeasible","2026-08-04","Goal 3 PBE-UD boundary rederivation"
"beta1_cap_infeasible_N10_o0.2_h0.8_mu0.5_A0.25_l1",TRUE,"C=-0.24444444; cap proposal infeasible","2026-08-04","Goal 3 PBE-UD boundary rederivation"
"beta1_cap_infeasible_N10_o0.2_h0.8_mu0.5_A0.75_l0",TRUE,"C=-0.24444444; cap proposal infeasible","2026-08-04","Goal 3 PBE-UD boundary rederivation"
"beta1_cap_infeasible_N10_o0.2_h0.8_mu0.5_A0.75_l0.5",TRUE,"C=-0.24444444; cap proposal infeasible","2026-08-04","Goal 3 PBE-UD boundary rederivation"
"beta1_cap_infeasible_N10_o0.2_h0.8_mu0.5_A0.75_l0.9",TRUE,"C=-0.24444444; cap proposal infeasible","2026-08-04","Goal 3 PBE-UD boundary rederivation"
"beta1_cap_infeasible_N10_o0.2_h0.8_mu0.5_A0.75_l1",TRUE,"C=-0.24444444; cap proposal infeasible","2026-08-04","Goal 3 PBE-UD boundary rederivation"
"beta1_cap_infeasible_N10_o0.2_h0.8_mu0.5_A1_l0",TRUE,"C=-0.24444444; cap proposal infeasible","2026-08-04","Goal 3 PBE-UD boundary rederivation"
"beta1_cap_infeasible_N10_o0.2_h0.8_mu0.5_A1_l0.5",TRUE,"C=-0.24444444; cap proposal infeasible","2026-08-04","Goal 3 PBE-UD boundary rederivation"
"beta1_cap_infeasible_N10_o0.2_h0.8_mu0.5_A1_l0.9",TRUE,"C=-0.24444444; cap proposal infeasible","2026-08-04","Goal 3 PBE-UD boundary rederivation"
"beta1_cap_infeasible_N10_o0.2_h0.8_mu0.5_A1_l1",TRUE,"C=-0.24444444; cap proposal infeasible","2026-08-04","Goal 3 PBE-UD boundary rederivation"
"beta1_cap_infeasible_N10_o0.2_h0.8_mu0.9_A0_l0",TRUE,"C=-0.24444444; cap proposal infeasible","2026-08-04","Goal 3 PBE-UD boundary rederivation"
"beta1_cap_infeasible_N10_o0.2_h0.8_mu0.9_A0_l0.5",TRUE,"C=-0.24444444; cap proposal infeasible","2026-08-04","Goal 3 PBE-UD boundary rederivation"
"beta1_cap_infeasible_N10_o0.2_h0.8_mu0.9_A0_l0.9",TRUE,"C=-0.24444444; cap proposal infeasible","2026-08-04","Goal 3 PBE-UD boundary rederivation"
"beta1_cap_infeasible_N10_o0.2_h0.8_mu0.9_A0_l1",TRUE,"C=-0.24444444; cap proposal infeasible","2026-08-04","Goal 3 PBE-UD boundary rederivation"
"beta1_cap_infeasible_N10_o0.2_h0.8_mu0.9_A0.25_l0",TRUE,"C=-0.24444444; cap proposal infeasible","2026-08-04","Goal 3 PBE-UD boundary rederivation"
"beta1_cap_infeasible_N10_o0.2_h0.8_mu0.9_A0.25_l0.5",TRUE,"C=-0.24444444; cap proposal infeasible","2026-08-04","Goal 3 PBE-UD boundary rederivation"
"beta1_cap_infeasible_N10_o0.2_h0.8_mu0.9_A0.25_l0.9",TRUE,"C=-0.24444444; cap proposal infeasible","2026-08-04","Goal 3 PBE-UD boundary rederivation"
"beta1_cap_infeasible_N10_o0.2_h0.8_mu0.9_A0.25_l1",TRUE,"C=-0.24444444; cap proposal infeasible","2026-08-04","Goal 3 PBE-UD boundary rederivation"
"beta1_cap_infeasible_N10_o0.2_h0.8_mu0.9_A0.75_l0",TRUE,"C=-0.24444444; cap proposal infeasible","2026-08-04","Goal 3 PBE-UD boundary rederivation"
"beta1_cap_infeasible_N10_o0.2_h0.8_mu0.9_A0.75_l0.5",TRUE,"C=-0.24444444; cap proposal infeasible","2026-08-04","Goal 3 PBE-UD boundary rederivation"
"beta1_cap_infeasible_N10_o0.2_h0.8_mu0.9_A0.75_l0.9",TRUE,"C=-0.24444444; cap proposal infeasible","2026-08-04","Goal 3 PBE-UD boundary rederivation"
"beta1_cap_infeasible_N10_o0.2_h0.8_mu0.9_A0.75_l1",TRUE,"C=-0.24444444; cap proposal infeasible","2026-08-04","Goal 3 PBE-UD boundary rederivation"
"beta1_cap_infeasible_N10_o0.2_h0.8_mu0.9_A1_l0",TRUE,"C=-0.24444444; cap proposal infeasible","2026-08-04","Goal 3 PBE-UD boundary rederivation"
"beta1_cap_infeasible_N10_o0.2_h0.8_mu0.9_A1_l0.5",TRUE,"C=-0.24444444; cap proposal infeasible","2026-08-04","Goal 3 PBE-UD boundary rederivation"
"beta1_cap_infeasible_N10_o0.2_h0.8_mu0.9_A1_l0.9",TRUE,"C=-0.24444444; cap proposal infeasible","2026-08-04","Goal 3 PBE-UD boundary rederivation"
"beta1_cap_infeasible_N10_o0.2_h0.8_mu0.9_A1_l1",TRUE,"C=-0.24444444; cap proposal infeasible","2026-08-04","Goal 3 PBE-UD boundary rederivation"
"beta1_cap_N4_partial_counterexample",TRUE,"E=0.33333333; B=0.45000000; C=0.46666667; Q=0.46000000; class=cap_actual","2026-08-04","Goal 3 PBE-UD boundary rederivation"
"beta1_U_N3_o0_h0.4_mu0.1",TRUE,"class=low_only+delay; value=0.45000000","2026-08-04","Goal 3 PBE-UD boundary rederivation"
"beta1_M_N3_o0_h0.4_mu0.1",TRUE,"class=low_only; value=0.95000000","2026-08-04","Goal 3 PBE-UD boundary rederivation"
"beta1_U_N3_o0_h0.4_mu0.5",TRUE,"class=pooling+delay; value=0.30000000","2026-08-04","Goal 3 PBE-UD boundary rederivation"
"beta1_M_N3_o0_h0.4_mu0.5",TRUE,"class=low_only; value=0.75000000","2026-08-04","Goal 3 PBE-UD boundary rederivation"
"beta1_U_N3_o0_h0.4_mu0.9",TRUE,"class=pooling+delay; value=0.30000000","2026-08-04","Goal 3 PBE-UD boundary rederivation"
"beta1_M_N3_o0_h0.4_mu0.9",TRUE,"class=pooling; value=0.60000000","2026-08-04","Goal 3 PBE-UD boundary rederivation"
"beta1_U_N3_o0_h0.8_mu0.1",TRUE,"class=low_only+delay; value=0.45000000","2026-08-04","Goal 3 PBE-UD boundary rederivation"
"beta1_M_N3_o0_h0.8_mu0.1",TRUE,"class=low_only; value=0.95000000","2026-08-04","Goal 3 PBE-UD boundary rederivation"
"beta1_U_N3_o0_h0.8_mu0.5",TRUE,"class=low_only+delay; value=0.25000000","2026-08-04","Goal 3 PBE-UD boundary rederivation"
"beta1_M_N3_o0_h0.8_mu0.5",TRUE,"class=low_only; value=0.75000000","2026-08-04","Goal 3 PBE-UD boundary rederivation"
"beta1_U_N3_o0_h0.8_mu0.9",TRUE,"class=pooling+delay; value=0.10000000","2026-08-04","Goal 3 PBE-UD boundary rederivation"
"beta1_M_N3_o0_h0.8_mu0.9",TRUE,"class=low_only; value=0.55000000","2026-08-04","Goal 3 PBE-UD boundary rederivation"
"beta1_U_N3_o0_h1_mu0.1",TRUE,"class=low_only+delay; value=0.45000000","2026-08-04","Goal 3 PBE-UD boundary rederivation"
"beta1_M_N3_o0_h1_mu0.1",TRUE,"class=low_only; value=0.95000000","2026-08-04","Goal 3 PBE-UD boundary rederivation"
"beta1_U_N3_o0_h1_mu0.5",TRUE,"class=low_only+delay; value=0.25000000","2026-08-04","Goal 3 PBE-UD boundary rederivation"
"beta1_M_N3_o0_h1_mu0.5",TRUE,"class=low_only; value=0.75000000","2026-08-04","Goal 3 PBE-UD boundary rederivation"
"beta1_U_N3_o0_h1_mu0.9",TRUE,"class=low_only+delay; value=0.05000000","2026-08-04","Goal 3 PBE-UD boundary rederivation"
"beta1_M_N3_o0_h1_mu0.9",TRUE,"class=low_only; value=0.55000000","2026-08-04","Goal 3 PBE-UD boundary rederivation"
"beta1_U_N3_o0.05_h0.4_mu0.1",TRUE,"class=low_only+delay; value=0.42750000","2026-08-04","Goal 3 PBE-UD boundary rederivation"
"beta1_M_N3_o0.05_h0.4_mu0.1",TRUE,"class=low_only; value=0.90500000","2026-08-04","Goal 3 PBE-UD boundary rederivation"
"beta1_U_N3_o0.05_h0.4_mu0.5",TRUE,"class=pooling+delay; value=0.30000000","2026-08-04","Goal 3 PBE-UD boundary rederivation"
"beta1_M_N3_o0.05_h0.4_mu0.5",TRUE,"class=low_only; value=0.72500000","2026-08-04","Goal 3 PBE-UD boundary rederivation"
"beta1_U_N3_o0.05_h0.4_mu0.9",TRUE,"class=pooling+delay; value=0.30000000","2026-08-04","Goal 3 PBE-UD boundary rederivation"
"beta1_M_N3_o0.05_h0.4_mu0.9",TRUE,"class=pooling; value=0.60000000","2026-08-04","Goal 3 PBE-UD boundary rederivation"
"beta1_U_N3_o0.05_h0.8_mu0.1",TRUE,"class=low_only+delay; value=0.42750000","2026-08-04","Goal 3 PBE-UD boundary rederivation"
"beta1_M_N3_o0.05_h0.8_mu0.1",TRUE,"class=low_only; value=0.90500000","2026-08-04","Goal 3 PBE-UD boundary rederivation"
"beta1_U_N3_o0.05_h0.8_mu0.5",TRUE,"class=low_only+delay; value=0.23750000","2026-08-04","Goal 3 PBE-UD boundary rederivation"
"beta1_M_N3_o0.05_h0.8_mu0.5",TRUE,"class=low_only; value=0.72500000","2026-08-04","Goal 3 PBE-UD boundary rederivation"
"beta1_U_N3_o0.05_h0.8_mu0.9",TRUE,"class=pooling+delay; value=0.10000000","2026-08-04","Goal 3 PBE-UD boundary rederivation"
"beta1_M_N3_o0.05_h0.8_mu0.9",TRUE,"class=low_only; value=0.54500000","2026-08-04","Goal 3 PBE-UD boundary rederivation"
"beta1_U_N3_o0.05_h1_mu0.1",TRUE,"class=low_only+delay; value=0.42750000","2026-08-04","Goal 3 PBE-UD boundary rederivation"
"beta1_M_N3_o0.05_h1_mu0.1",TRUE,"class=low_only; value=0.90500000","2026-08-04","Goal 3 PBE-UD boundary rederivation"
"beta1_U_N3_o0.05_h1_mu0.5",TRUE,"class=low_only+delay; value=0.23750000","2026-08-04","Goal 3 PBE-UD boundary rederivation"
"beta1_M_N3_o0.05_h1_mu0.5",TRUE,"class=low_only; value=0.72500000","2026-08-04","Goal 3 PBE-UD boundary rederivation"
"beta1_U_N3_o0.05_h1_mu0.9",TRUE,"class=low_only+delay; value=0.04750000","2026-08-04","Goal 3 PBE-UD boundary rederivation"
"beta1_M_N3_o0.05_h1_mu0.9",TRUE,"class=low_only; value=0.54500000","2026-08-04","Goal 3 PBE-UD boundary rederivation"
"beta1_U_N3_o0.2_h0.4_mu0.1",TRUE,"class=low_only+delay; value=0.36000000","2026-08-04","Goal 3 PBE-UD boundary rederivation"
"beta1_M_N3_o0.2_h0.4_mu0.1",TRUE,"class=low_only; value=0.77000000","2026-08-04","Goal 3 PBE-UD boundary rederivation"
"beta1_U_N3_o0.2_h0.4_mu0.5",TRUE,"class=pooling+delay; value=0.30000000","2026-08-04","Goal 3 PBE-UD boundary rederivation"
"beta1_M_N3_o0.2_h0.4_mu0.5",TRUE,"class=low_only; value=0.65000000","2026-08-04","Goal 3 PBE-UD boundary rederivation"
"beta1_U_N3_o0.2_h0.4_mu0.9",TRUE,"class=pooling+delay; value=0.30000000","2026-08-04","Goal 3 PBE-UD boundary rederivation"
"beta1_M_N3_o0.2_h0.4_mu0.9",TRUE,"class=pooling; value=0.60000000","2026-08-04","Goal 3 PBE-UD boundary rederivation"
"beta1_U_N3_o0.2_h0.8_mu0.1",TRUE,"class=low_only+delay; value=0.36000000","2026-08-04","Goal 3 PBE-UD boundary rederivation"
"beta1_M_N3_o0.2_h0.8_mu0.1",TRUE,"class=low_only; value=0.77000000","2026-08-04","Goal 3 PBE-UD boundary rederivation"
"beta1_U_N3_o0.2_h0.8_mu0.5",TRUE,"class=low_only+delay; value=0.20000000","2026-08-04","Goal 3 PBE-UD boundary rederivation"
"beta1_M_N3_o0.2_h0.8_mu0.5",TRUE,"class=low_only; value=0.65000000","2026-08-04","Goal 3 PBE-UD boundary rederivation"
"beta1_U_N3_o0.2_h0.8_mu0.9",TRUE,"class=pooling+delay; value=0.10000000","2026-08-04","Goal 3 PBE-UD boundary rederivation"
"beta1_M_N3_o0.2_h0.8_mu0.9",TRUE,"class=low_only; value=0.53000000","2026-08-04","Goal 3 PBE-UD boundary rederivation"
"beta1_U_N3_o0.2_h1_mu0.1",TRUE,"class=low_only+delay; value=0.36000000","2026-08-04","Goal 3 PBE-UD boundary rederivation"
"beta1_M_N3_o0.2_h1_mu0.1",TRUE,"class=low_only; value=0.77000000","2026-08-04","Goal 3 PBE-UD boundary rederivation"
"beta1_U_N3_o0.2_h1_mu0.5",TRUE,"class=low_only+delay; value=0.20000000","2026-08-04","Goal 3 PBE-UD boundary rederivation"
"beta1_M_N3_o0.2_h1_mu0.5",TRUE,"class=low_only; value=0.65000000","2026-08-04","Goal 3 PBE-UD boundary rederivation"
"beta1_U_N3_o0.2_h1_mu0.9",TRUE,"class=low_only+delay; value=0.04000000","2026-08-04","Goal 3 PBE-UD boundary rederivation"
"beta1_M_N3_o0.2_h1_mu0.9",TRUE,"class=low_only; value=0.53000000","2026-08-04","Goal 3 PBE-UD boundary rederivation"
"beta1_U_N4_o0_h0.4_mu0.1",TRUE,"class=low_only+delay; value=0.30000000","2026-08-04","Goal 3 PBE-UD boundary rederivation"
"beta1_M_N4_o0_h0.4_mu0.1",TRUE,"class=low_only; value=0.63333333","2026-08-04","Goal 3 PBE-UD boundary rederivation"
"beta1_U_N4_o0_h0.4_mu0.5",TRUE,"class=pooling+delay; value=0.20000000","2026-08-04","Goal 3 PBE-UD boundary rederivation"
"beta1_M_N4_o0_h0.4_mu0.5",TRUE,"class=low_only; value=0.50000000","2026-08-04","Goal 3 PBE-UD boundary rederivation"
"beta1_U_N4_o0_h0.4_mu0.9",TRUE,"class=pooling+delay; value=0.20000000","2026-08-04","Goal 3 PBE-UD boundary rederivation"
"beta1_M_N4_o0_h0.4_mu0.9",TRUE,"class=low_only; value=0.36666667","2026-08-04","Goal 3 PBE-UD boundary rederivation"
"beta1_U_N4_o0_h0.8_mu0.1",TRUE,"class=low_only+delay; value=0.30000000","2026-08-04","Goal 3 PBE-UD boundary rederivation"
"beta1_M_N4_o0_h0.8_mu0.1",TRUE,"class=low_only; value=0.63333333","2026-08-04","Goal 3 PBE-UD boundary rederivation"
"beta1_U_N4_o0_h0.8_mu0.5",TRUE,"class=low_only+delay; value=0.16666667","2026-08-04","Goal 3 PBE-UD boundary rederivation"
"beta1_M_N4_o0_h0.8_mu0.5",TRUE,"class=low_only; value=0.50000000","2026-08-04","Goal 3 PBE-UD boundary rederivation"
"beta1_U_N4_o0_h0.8_mu0.9",TRUE,"class=pooling+delay; value=0.06666667","2026-08-04","Goal 3 PBE-UD boundary rederivation"
"beta1_M_N4_o0_h0.8_mu0.9",TRUE,"class=low_only; value=0.36666667","2026-08-04","Goal 3 PBE-UD boundary rederivation"
"beta1_U_N4_o0_h1_mu0.1",TRUE,"class=low_only+delay; value=0.30000000","2026-08-04","Goal 3 PBE-UD boundary rederivation"
"beta1_M_N4_o0_h1_mu0.1",TRUE,"class=low_only; value=0.63333333","2026-08-04","Goal 3 PBE-UD boundary rederivation"
"beta1_U_N4_o0_h1_mu0.5",TRUE,"class=low_only+delay; value=0.16666667","2026-08-04","Goal 3 PBE-UD boundary rederivation"
"beta1_M_N4_o0_h1_mu0.5",TRUE,"class=low_only; value=0.50000000","2026-08-04","Goal 3 PBE-UD boundary rederivation"
"beta1_U_N4_o0_h1_mu0.9",TRUE,"class=low_only+delay; value=0.03333333","2026-08-04","Goal 3 PBE-UD boundary rederivation"
"beta1_M_N4_o0_h1_mu0.9",TRUE,"class=low_only; value=0.36666667","2026-08-04","Goal 3 PBE-UD boundary rederivation"
"beta1_U_N4_o0.05_h0.4_mu0.1",TRUE,"class=low_only+delay; value=0.28500000","2026-08-04","Goal 3 PBE-UD boundary rederivation"
"beta1_M_N4_o0.05_h0.4_mu0.1",TRUE,"class=low_only; value=0.58833333","2026-08-04","Goal 3 PBE-UD boundary rederivation"
"beta1_U_N4_o0.05_h0.4_mu0.5",TRUE,"class=pooling+delay; value=0.20000000","2026-08-04","Goal 3 PBE-UD boundary rederivation"
"beta1_M_N4_o0.05_h0.4_mu0.5",TRUE,"class=low_only; value=0.47500000","2026-08-04","Goal 3 PBE-UD boundary rederivation"
"beta1_U_N4_o0.05_h0.4_mu0.9",TRUE,"class=pooling+delay; value=0.20000000","2026-08-04","Goal 3 PBE-UD boundary rederivation"
"beta1_M_N4_o0.05_h0.4_mu0.9",TRUE,"class=low_only; value=0.36166667","2026-08-04","Goal 3 PBE-UD boundary rederivation"
"beta1_U_N4_o0.05_h0.8_mu0.1",TRUE,"class=low_only+delay; value=0.28500000","2026-08-04","Goal 3 PBE-UD boundary rederivation"
"beta1_M_N4_o0.05_h0.8_mu0.1",TRUE,"class=low_only; value=0.58833333","2026-08-04","Goal 3 PBE-UD boundary rederivation"
"beta1_U_N4_o0.05_h0.8_mu0.5",TRUE,"class=low_only+delay; value=0.15833333","2026-08-04","Goal 3 PBE-UD boundary rederivation"
"beta1_M_N4_o0.05_h0.8_mu0.5",TRUE,"class=low_only; value=0.47500000","2026-08-04","Goal 3 PBE-UD boundary rederivation"
"beta1_U_N4_o0.05_h0.8_mu0.9",TRUE,"class=pooling+delay; value=0.06666667","2026-08-04","Goal 3 PBE-UD boundary rederivation"
"beta1_M_N4_o0.05_h0.8_mu0.9",TRUE,"class=low_only; value=0.36166667","2026-08-04","Goal 3 PBE-UD boundary rederivation"
"beta1_U_N4_o0.05_h1_mu0.1",TRUE,"class=low_only+delay; value=0.28500000","2026-08-04","Goal 3 PBE-UD boundary rederivation"
"beta1_M_N4_o0.05_h1_mu0.1",TRUE,"class=low_only; value=0.58833333","2026-08-04","Goal 3 PBE-UD boundary rederivation"
"beta1_U_N4_o0.05_h1_mu0.5",TRUE,"class=low_only+delay; value=0.15833333","2026-08-04","Goal 3 PBE-UD boundary rederivation"
"beta1_M_N4_o0.05_h1_mu0.5",TRUE,"class=low_only; value=0.47500000","2026-08-04","Goal 3 PBE-UD boundary rederivation"
"beta1_U_N4_o0.05_h1_mu0.9",TRUE,"class=low_only+delay; value=0.03166667","2026-08-04","Goal 3 PBE-UD boundary rederivation"
"beta1_M_N4_o0.05_h1_mu0.9",TRUE,"class=low_only; value=0.36166667","2026-08-04","Goal 3 PBE-UD boundary rederivation"
"beta1_U_N4_o0.2_h0.4_mu0.1",TRUE,"class=low_only+delay; value=0.24000000","2026-08-04","Goal 3 PBE-UD boundary rederivation"
"beta1_M_N4_o0.2_h0.4_mu0.1",TRUE,"class=low_only; value=0.45333333","2026-08-04","Goal 3 PBE-UD boundary rederivation"
"beta1_U_N4_o0.2_h0.4_mu0.5",TRUE,"class=pooling+delay; value=0.20000000","2026-08-04","Goal 3 PBE-UD boundary rederivation"
"beta1_M_N4_o0.2_h0.4_mu0.5",TRUE,"class=low_only; value=0.40000000","2026-08-04","Goal 3 PBE-UD boundary rederivation"
"beta1_U_N4_o0.2_h0.4_mu0.9",TRUE,"class=pooling+delay; value=0.20000000","2026-08-04","Goal 3 PBE-UD boundary rederivation"
"beta1_M_N4_o0.2_h0.4_mu0.9",TRUE,"class=low_only; value=0.34666667","2026-08-04","Goal 3 PBE-UD boundary rederivation"
"beta1_U_N4_o0.2_h0.8_mu0.1",TRUE,"class=low_only+delay; value=0.24000000","2026-08-04","Goal 3 PBE-UD boundary rederivation"
"beta1_M_N4_o0.2_h0.8_mu0.1",TRUE,"class=low_only; value=0.45333333","2026-08-04","Goal 3 PBE-UD boundary rederivation"
"beta1_U_N4_o0.2_h0.8_mu0.5",TRUE,"class=low_only+delay; value=0.13333333","2026-08-04","Goal 3 PBE-UD boundary rederivation"
"beta1_M_N4_o0.2_h0.8_mu0.5",TRUE,"class=low_only; value=0.40000000","2026-08-04","Goal 3 PBE-UD boundary rederivation"
"beta1_U_N4_o0.2_h0.8_mu0.9",TRUE,"class=pooling+delay; value=0.06666667","2026-08-04","Goal 3 PBE-UD boundary rederivation"
"beta1_M_N4_o0.2_h0.8_mu0.9",TRUE,"class=low_only; value=0.34666667","2026-08-04","Goal 3 PBE-UD boundary rederivation"
"beta1_U_N4_o0.2_h1_mu0.1",TRUE,"class=low_only+delay; value=0.24000000","2026-08-04","Goal 3 PBE-UD boundary rederivation"
"beta1_M_N4_o0.2_h1_mu0.1",TRUE,"class=low_only; value=0.45333333","2026-08-04","Goal 3 PBE-UD boundary rederivation"
"beta1_U_N4_o0.2_h1_mu0.5",TRUE,"class=low_only+delay; value=0.13333333","2026-08-04","Goal 3 PBE-UD boundary rederivation"
"beta1_M_N4_o0.2_h1_mu0.5",TRUE,"class=low_only; value=0.40000000","2026-08-04","Goal 3 PBE-UD boundary rederivation"
"beta1_U_N4_o0.2_h1_mu0.9",TRUE,"class=low_only+delay; value=0.02666667","2026-08-04","Goal 3 PBE-UD boundary rederivation"
"beta1_M_N4_o0.2_h1_mu0.9",TRUE,"class=low_only; value=0.34666667","2026-08-04","Goal 3 PBE-UD boundary rederivation"
"beta1_U_N5_o0_h0.4_mu0.1",TRUE,"class=low_only+delay; value=0.22500000","2026-08-04","Goal 3 PBE-UD boundary rederivation"
"beta1_M_N5_o0_h0.4_mu0.1",TRUE,"class=low_only; value=0.70000000","2026-08-04","Goal 3 PBE-UD boundary rederivation"
"beta1_U_N5_o0_h0.4_mu0.5",TRUE,"class=pooling+delay; value=0.15000000","2026-08-04","Goal 3 PBE-UD boundary rederivation"
"beta1_M_N5_o0_h0.4_mu0.5",TRUE,"class=exclusion+low_only+oversized; value=0.50000000","2026-08-04","Goal 3 PBE-UD boundary rederivation"
"beta1_U_N5_o0_h0.4_mu0.9",TRUE,"class=pooling+delay; value=0.15000000","2026-08-04","Goal 3 PBE-UD boundary rederivation"
"beta1_M_N5_o0_h0.4_mu0.9",TRUE,"class=exclusion+oversized; value=0.50000000","2026-08-04","Goal 3 PBE-UD boundary rederivation"
"beta1_U_N5_o0_h0.8_mu0.1",TRUE,"class=low_only+delay; value=0.22500000","2026-08-04","Goal 3 PBE-UD boundary rederivation"
"beta1_M_N5_o0_h0.8_mu0.1",TRUE,"class=low_only; value=0.70000000","2026-08-04","Goal 3 PBE-UD boundary rederivation"
"beta1_U_N5_o0_h0.8_mu0.5",TRUE,"class=low_only+delay; value=0.12500000","2026-08-04","Goal 3 PBE-UD boundary rederivation"
"beta1_M_N5_o0_h0.8_mu0.5",TRUE,"class=exclusion+low_only+oversized; value=0.50000000","2026-08-04","Goal 3 PBE-UD boundary rederivation"
"beta1_U_N5_o0_h0.8_mu0.9",TRUE,"class=pooling+delay; value=0.05000000","2026-08-04","Goal 3 PBE-UD boundary rederivation"
"beta1_M_N5_o0_h0.8_mu0.9",TRUE,"class=exclusion+oversized; value=0.50000000","2026-08-04","Goal 3 PBE-UD boundary rederivation"
"beta1_U_N5_o0_h1_mu0.1",TRUE,"class=low_only+delay; value=0.22500000","2026-08-04","Goal 3 PBE-UD boundary rederivation"
"beta1_M_N5_o0_h1_mu0.1",TRUE,"class=low_only; value=0.70000000","2026-08-04","Goal 3 PBE-UD boundary rederivation"
"beta1_U_N5_o0_h1_mu0.5",TRUE,"class=low_only+delay; value=0.12500000","2026-08-04","Goal 3 PBE-UD boundary rederivation"
"beta1_M_N5_o0_h1_mu0.5",TRUE,"class=exclusion+low_only+oversized; value=0.50000000","2026-08-04","Goal 3 PBE-UD boundary rederivation"
"beta1_U_N5_o0_h1_mu0.9",TRUE,"class=low_only+delay; value=0.02500000","2026-08-04","Goal 3 PBE-UD boundary rederivation"
"beta1_M_N5_o0_h1_mu0.9",TRUE,"class=exclusion+oversized; value=0.50000000","2026-08-04","Goal 3 PBE-UD boundary rederivation"
"beta1_U_N5_o0.05_h0.4_mu0.1",TRUE,"class=low_only+delay; value=0.21375000","2026-08-04","Goal 3 PBE-UD boundary rederivation"
"beta1_M_N5_o0.05_h0.4_mu0.1",TRUE,"class=low_only; value=0.65500000","2026-08-04","Goal 3 PBE-UD boundary rederivation"
"beta1_U_N5_o0.05_h0.4_mu0.5",TRUE,"class=pooling+delay; value=0.15000000","2026-08-04","Goal 3 PBE-UD boundary rederivation"
"beta1_M_N5_o0.05_h0.4_mu0.5",TRUE,"class=exclusion; value=0.50000000","2026-08-04","Goal 3 PBE-UD boundary rederivation"
"beta1_U_N5_o0.05_h0.4_mu0.9",TRUE,"class=pooling+delay; value=0.15000000","2026-08-04","Goal 3 PBE-UD boundary rederivation"
"beta1_M_N5_o0.05_h0.4_mu0.9",TRUE,"class=exclusion; value=0.50000000","2026-08-04","Goal 3 PBE-UD boundary rederivation"
"beta1_U_N5_o0.05_h0.8_mu0.1",TRUE,"class=low_only+delay; value=0.21375000","2026-08-04","Goal 3 PBE-UD boundary rederivation"
"beta1_M_N5_o0.05_h0.8_mu0.1",TRUE,"class=low_only; value=0.65500000","2026-08-04","Goal 3 PBE-UD boundary rederivation"
"beta1_U_N5_o0.05_h0.8_mu0.5",TRUE,"class=low_only+delay; value=0.11875000","2026-08-04","Goal 3 PBE-UD boundary rederivation"
"beta1_M_N5_o0.05_h0.8_mu0.5",TRUE,"class=exclusion; value=0.50000000","2026-08-04","Goal 3 PBE-UD boundary rederivation"
"beta1_U_N5_o0.05_h0.8_mu0.9",TRUE,"class=pooling+delay; value=0.05000000","2026-08-04","Goal 3 PBE-UD boundary rederivation"
"beta1_M_N5_o0.05_h0.8_mu0.9",TRUE,"class=exclusion; value=0.50000000","2026-08-04","Goal 3 PBE-UD boundary rederivation"
"beta1_U_N5_o0.05_h1_mu0.1",TRUE,"class=low_only+delay; value=0.21375000","2026-08-04","Goal 3 PBE-UD boundary rederivation"
"beta1_M_N5_o0.05_h1_mu0.1",TRUE,"class=low_only; value=0.65500000","2026-08-04","Goal 3 PBE-UD boundary rederivation"
"beta1_U_N5_o0.05_h1_mu0.5",TRUE,"class=low_only+delay; value=0.11875000","2026-08-04","Goal 3 PBE-UD boundary rederivation"
"beta1_M_N5_o0.05_h1_mu0.5",TRUE,"class=exclusion; value=0.50000000","2026-08-04","Goal 3 PBE-UD boundary rederivation"
"beta1_U_N5_o0.05_h1_mu0.9",TRUE,"class=low_only+delay; value=0.02375000","2026-08-04","Goal 3 PBE-UD boundary rederivation"
"beta1_M_N5_o0.05_h1_mu0.9",TRUE,"class=exclusion; value=0.50000000","2026-08-04","Goal 3 PBE-UD boundary rederivation"
"beta1_U_N5_o0.2_h0.4_mu0.1",TRUE,"class=low_only+delay; value=0.18000000","2026-08-04","Goal 3 PBE-UD boundary rederivation"
"beta1_M_N5_o0.2_h0.4_mu0.1",TRUE,"class=low_only; value=0.52000000","2026-08-04","Goal 3 PBE-UD boundary rederivation"
"beta1_U_N5_o0.2_h0.4_mu0.5",TRUE,"class=pooling+delay; value=0.15000000","2026-08-04","Goal 3 PBE-UD boundary rederivation"
"beta1_M_N5_o0.2_h0.4_mu0.5",TRUE,"class=exclusion; value=0.50000000","2026-08-04","Goal 3 PBE-UD boundary rederivation"
"beta1_U_N5_o0.2_h0.4_mu0.9",TRUE,"class=pooling+delay; value=0.15000000","2026-08-04","Goal 3 PBE-UD boundary rederivation"
"beta1_M_N5_o0.2_h0.4_mu0.9",TRUE,"class=exclusion; value=0.50000000","2026-08-04","Goal 3 PBE-UD boundary rederivation"
"beta1_U_N5_o0.2_h0.8_mu0.1",TRUE,"class=low_only+delay; value=0.18000000","2026-08-04","Goal 3 PBE-UD boundary rederivation"
"beta1_M_N5_o0.2_h0.8_mu0.1",TRUE,"class=low_only; value=0.52000000","2026-08-04","Goal 3 PBE-UD boundary rederivation"
"beta1_U_N5_o0.2_h0.8_mu0.5",TRUE,"class=low_only+delay; value=0.10000000","2026-08-04","Goal 3 PBE-UD boundary rederivation"
"beta1_M_N5_o0.2_h0.8_mu0.5",TRUE,"class=exclusion; value=0.50000000","2026-08-04","Goal 3 PBE-UD boundary rederivation"
"beta1_U_N5_o0.2_h0.8_mu0.9",TRUE,"class=pooling+delay; value=0.05000000","2026-08-04","Goal 3 PBE-UD boundary rederivation"
"beta1_M_N5_o0.2_h0.8_mu0.9",TRUE,"class=exclusion; value=0.50000000","2026-08-04","Goal 3 PBE-UD boundary rederivation"
"beta1_U_N5_o0.2_h1_mu0.1",TRUE,"class=low_only+delay; value=0.18000000","2026-08-04","Goal 3 PBE-UD boundary rederivation"
"beta1_M_N5_o0.2_h1_mu0.1",TRUE,"class=low_only; value=0.52000000","2026-08-04","Goal 3 PBE-UD boundary rederivation"
"beta1_U_N5_o0.2_h1_mu0.5",TRUE,"class=low_only+delay; value=0.10000000","2026-08-04","Goal 3 PBE-UD boundary rederivation"
"beta1_M_N5_o0.2_h1_mu0.5",TRUE,"class=exclusion; value=0.50000000","2026-08-04","Goal 3 PBE-UD boundary rederivation"
"beta1_U_N5_o0.2_h1_mu0.9",TRUE,"class=low_only+delay; value=0.02000000","2026-08-04","Goal 3 PBE-UD boundary rederivation"
"beta1_M_N5_o0.2_h1_mu0.9",TRUE,"class=exclusion; value=0.50000000","2026-08-04","Goal 3 PBE-UD boundary rederivation"
"beta1_U_N6_o0_h0.4_mu0.1",TRUE,"class=low_only+delay; value=0.18000000","2026-08-04","Goal 3 PBE-UD boundary rederivation"
"beta1_M_N6_o0_h0.4_mu0.1",TRUE,"class=low_only; value=0.56000000","2026-08-04","Goal 3 PBE-UD boundary rederivation"
"beta1_U_N6_o0_h0.4_mu0.5",TRUE,"class=pooling+delay; value=0.12000000","2026-08-04","Goal 3 PBE-UD boundary rederivation"
"beta1_M_N6_o0_h0.4_mu0.5",TRUE,"class=exclusion+low_only+oversized; value=0.40000000","2026-08-04","Goal 3 PBE-UD boundary rederivation"
"beta1_U_N6_o0_h0.4_mu0.9",TRUE,"class=pooling+delay; value=0.12000000","2026-08-04","Goal 3 PBE-UD boundary rederivation"
"beta1_M_N6_o0_h0.4_mu0.9",TRUE,"class=exclusion+oversized; value=0.40000000","2026-08-04","Goal 3 PBE-UD boundary rederivation"
"beta1_U_N6_o0_h0.8_mu0.1",TRUE,"class=low_only+delay; value=0.18000000","2026-08-04","Goal 3 PBE-UD boundary rederivation"
"beta1_M_N6_o0_h0.8_mu0.1",TRUE,"class=low_only; value=0.56000000","2026-08-04","Goal 3 PBE-UD boundary rederivation"
"beta1_U_N6_o0_h0.8_mu0.5",TRUE,"class=low_only+delay; value=0.10000000","2026-08-04","Goal 3 PBE-UD boundary rederivation"
"beta1_M_N6_o0_h0.8_mu0.5",TRUE,"class=exclusion+low_only+oversized; value=0.40000000","2026-08-04","Goal 3 PBE-UD boundary rederivation"
"beta1_U_N6_o0_h0.8_mu0.9",TRUE,"class=pooling+delay; value=0.04000000","2026-08-04","Goal 3 PBE-UD boundary rederivation"
"beta1_M_N6_o0_h0.8_mu0.9",TRUE,"class=exclusion+oversized; value=0.40000000","2026-08-04","Goal 3 PBE-UD boundary rederivation"
"beta1_U_N6_o0_h1_mu0.1",TRUE,"class=low_only+delay; value=0.18000000","2026-08-04","Goal 3 PBE-UD boundary rederivation"
"beta1_M_N6_o0_h1_mu0.1",TRUE,"class=low_only; value=0.56000000","2026-08-04","Goal 3 PBE-UD boundary rederivation"
"beta1_U_N6_o0_h1_mu0.5",TRUE,"class=low_only+delay; value=0.10000000","2026-08-04","Goal 3 PBE-UD boundary rederivation"
"beta1_M_N6_o0_h1_mu0.5",TRUE,"class=exclusion+low_only+oversized; value=0.40000000","2026-08-04","Goal 3 PBE-UD boundary rederivation"
"beta1_U_N6_o0_h1_mu0.9",TRUE,"class=low_only+delay; value=0.02000000","2026-08-04","Goal 3 PBE-UD boundary rederivation"
"beta1_M_N6_o0_h1_mu0.9",TRUE,"class=exclusion+oversized; value=0.40000000","2026-08-04","Goal 3 PBE-UD boundary rederivation"
"beta1_U_N6_o0.05_h0.4_mu0.1",TRUE,"class=low_only+delay; value=0.17100000","2026-08-04","Goal 3 PBE-UD boundary rederivation"
"beta1_M_N6_o0.05_h0.4_mu0.1",TRUE,"class=low_only; value=0.51500000","2026-08-04","Goal 3 PBE-UD boundary rederivation"
"beta1_U_N6_o0.05_h0.4_mu0.5",TRUE,"class=pooling+delay; value=0.12000000","2026-08-04","Goal 3 PBE-UD boundary rederivation"
"beta1_M_N6_o0.05_h0.4_mu0.5",TRUE,"class=exclusion; value=0.40000000","2026-08-04","Goal 3 PBE-UD boundary rederivation"
"beta1_U_N6_o0.05_h0.4_mu0.9",TRUE,"class=pooling+delay; value=0.12000000","2026-08-04","Goal 3 PBE-UD boundary rederivation"
"beta1_M_N6_o0.05_h0.4_mu0.9",TRUE,"class=exclusion; value=0.40000000","2026-08-04","Goal 3 PBE-UD boundary rederivation"
"beta1_U_N6_o0.05_h0.8_mu0.1",TRUE,"class=low_only+delay; value=0.17100000","2026-08-04","Goal 3 PBE-UD boundary rederivation"
"beta1_M_N6_o0.05_h0.8_mu0.1",TRUE,"class=low_only; value=0.51500000","2026-08-04","Goal 3 PBE-UD boundary rederivation"
"beta1_U_N6_o0.05_h0.8_mu0.5",TRUE,"class=low_only+delay; value=0.09500000","2026-08-04","Goal 3 PBE-UD boundary rederivation"
"beta1_M_N6_o0.05_h0.8_mu0.5",TRUE,"class=exclusion; value=0.40000000","2026-08-04","Goal 3 PBE-UD boundary rederivation"
"beta1_U_N6_o0.05_h0.8_mu0.9",TRUE,"class=pooling+delay; value=0.04000000","2026-08-04","Goal 3 PBE-UD boundary rederivation"
"beta1_M_N6_o0.05_h0.8_mu0.9",TRUE,"class=exclusion; value=0.40000000","2026-08-04","Goal 3 PBE-UD boundary rederivation"
"beta1_U_N6_o0.05_h1_mu0.1",TRUE,"class=low_only+delay; value=0.17100000","2026-08-04","Goal 3 PBE-UD boundary rederivation"
"beta1_M_N6_o0.05_h1_mu0.1",TRUE,"class=low_only; value=0.51500000","2026-08-04","Goal 3 PBE-UD boundary rederivation"
"beta1_U_N6_o0.05_h1_mu0.5",TRUE,"class=low_only+delay; value=0.09500000","2026-08-04","Goal 3 PBE-UD boundary rederivation"
"beta1_M_N6_o0.05_h1_mu0.5",TRUE,"class=exclusion; value=0.40000000","2026-08-04","Goal 3 PBE-UD boundary rederivation"
"beta1_U_N6_o0.05_h1_mu0.9",TRUE,"class=low_only+delay; value=0.01900000","2026-08-04","Goal 3 PBE-UD boundary rederivation"
"beta1_M_N6_o0.05_h1_mu0.9",TRUE,"class=exclusion; value=0.40000000","2026-08-04","Goal 3 PBE-UD boundary rederivation"
"beta1_U_N6_o0.2_h0.4_mu0.1",TRUE,"class=low_only+delay; value=0.14400000","2026-08-04","Goal 3 PBE-UD boundary rederivation"
"beta1_M_N6_o0.2_h0.4_mu0.1",TRUE,"class=exclusion; value=0.40000000","2026-08-04","Goal 3 PBE-UD boundary rederivation"
"beta1_U_N6_o0.2_h0.4_mu0.5",TRUE,"class=pooling+delay; value=0.12000000","2026-08-04","Goal 3 PBE-UD boundary rederivation"
"beta1_M_N6_o0.2_h0.4_mu0.5",TRUE,"class=exclusion; value=0.40000000","2026-08-04","Goal 3 PBE-UD boundary rederivation"
"beta1_U_N6_o0.2_h0.4_mu0.9",TRUE,"class=pooling+delay; value=0.12000000","2026-08-04","Goal 3 PBE-UD boundary rederivation"
"beta1_M_N6_o0.2_h0.4_mu0.9",TRUE,"class=exclusion; value=0.40000000","2026-08-04","Goal 3 PBE-UD boundary rederivation"
"beta1_U_N6_o0.2_h0.8_mu0.1",TRUE,"class=low_only+delay; value=0.14400000","2026-08-04","Goal 3 PBE-UD boundary rederivation"
"beta1_M_N6_o0.2_h0.8_mu0.1",TRUE,"class=exclusion; value=0.40000000","2026-08-04","Goal 3 PBE-UD boundary rederivation"
"beta1_U_N6_o0.2_h0.8_mu0.5",TRUE,"class=low_only+delay; value=0.08000000","2026-08-04","Goal 3 PBE-UD boundary rederivation"
"beta1_M_N6_o0.2_h0.8_mu0.5",TRUE,"class=exclusion; value=0.40000000","2026-08-04","Goal 3 PBE-UD boundary rederivation"
"beta1_U_N6_o0.2_h0.8_mu0.9",TRUE,"class=pooling+delay; value=0.04000000","2026-08-04","Goal 3 PBE-UD boundary rederivation"
"beta1_M_N6_o0.2_h0.8_mu0.9",TRUE,"class=exclusion; value=0.40000000","2026-08-04","Goal 3 PBE-UD boundary rederivation"
"beta1_U_N6_o0.2_h1_mu0.1",TRUE,"class=low_only+delay; value=0.14400000","2026-08-04","Goal 3 PBE-UD boundary rederivation"
"beta1_M_N6_o0.2_h1_mu0.1",TRUE,"class=exclusion; value=0.40000000","2026-08-04","Goal 3 PBE-UD boundary rederivation"
"beta1_U_N6_o0.2_h1_mu0.5",TRUE,"class=low_only+delay; value=0.08000000","2026-08-04","Goal 3 PBE-UD boundary rederivation"
"beta1_M_N6_o0.2_h1_mu0.5",TRUE,"class=exclusion; value=0.40000000","2026-08-04","Goal 3 PBE-UD boundary rederivation"
"beta1_U_N6_o0.2_h1_mu0.9",TRUE,"class=low_only+delay; value=0.01600000","2026-08-04","Goal 3 PBE-UD boundary rederivation"
"beta1_M_N6_o0.2_h1_mu0.9",TRUE,"class=exclusion; value=0.40000000","2026-08-04","Goal 3 PBE-UD boundary rederivation"
"beta1_U_N7_o0_h0.4_mu0.1",TRUE,"class=low_only+delay; value=0.15000000","2026-08-04","Goal 3 PBE-UD boundary rederivation"
"beta1_M_N7_o0_h0.4_mu0.1",TRUE,"class=low_only; value=0.61666667","2026-08-04","Goal 3 PBE-UD boundary rederivation"
"beta1_U_N7_o0_h0.4_mu0.5",TRUE,"class=pooling+delay; value=0.10000000","2026-08-04","Goal 3 PBE-UD boundary rederivation"
"beta1_M_N7_o0_h0.4_mu0.5",TRUE,"class=exclusion+oversized; value=0.50000000","2026-08-04","Goal 3 PBE-UD boundary rederivation"
"beta1_U_N7_o0_h0.4_mu0.9",TRUE,"class=pooling+delay; value=0.10000000","2026-08-04","Goal 3 PBE-UD boundary rederivation"
"beta1_M_N7_o0_h0.4_mu0.9",TRUE,"class=exclusion+oversized; value=0.50000000","2026-08-04","Goal 3 PBE-UD boundary rederivation"
"beta1_U_N7_o0_h0.8_mu0.1",TRUE,"class=low_only+delay; value=0.15000000","2026-08-04","Goal 3 PBE-UD boundary rederivation"
"beta1_M_N7_o0_h0.8_mu0.1",TRUE,"class=low_only; value=0.61666667","2026-08-04","Goal 3 PBE-UD boundary rederivation"
"beta1_U_N7_o0_h0.8_mu0.5",TRUE,"class=low_only+delay; value=0.08333333","2026-08-04","Goal 3 PBE-UD boundary rederivation"
"beta1_M_N7_o0_h0.8_mu0.5",TRUE,"class=exclusion+oversized; value=0.50000000","2026-08-04","Goal 3 PBE-UD boundary rederivation"
"beta1_U_N7_o0_h0.8_mu0.9",TRUE,"class=pooling+delay; value=0.03333333","2026-08-04","Goal 3 PBE-UD boundary rederivation"
"beta1_M_N7_o0_h0.8_mu0.9",TRUE,"class=exclusion+oversized; value=0.50000000","2026-08-04","Goal 3 PBE-UD boundary rederivation"
"beta1_U_N7_o0_h1_mu0.1",TRUE,"class=low_only+delay; value=0.15000000","2026-08-04","Goal 3 PBE-UD boundary rederivation"
"beta1_M_N7_o0_h1_mu0.1",TRUE,"class=low_only; value=0.61666667","2026-08-04","Goal 3 PBE-UD boundary rederivation"
"beta1_U_N7_o0_h1_mu0.5",TRUE,"class=low_only+delay; value=0.08333333","2026-08-04","Goal 3 PBE-UD boundary rederivation"
"beta1_M_N7_o0_h1_mu0.5",TRUE,"class=exclusion+oversized; value=0.50000000","2026-08-04","Goal 3 PBE-UD boundary rederivation"
"beta1_U_N7_o0_h1_mu0.9",TRUE,"class=low_only+delay; value=0.01666667","2026-08-04","Goal 3 PBE-UD boundary rederivation"
"beta1_M_N7_o0_h1_mu0.9",TRUE,"class=exclusion+oversized; value=0.50000000","2026-08-04","Goal 3 PBE-UD boundary rederivation"
"beta1_U_N7_o0.05_h0.4_mu0.1",TRUE,"class=low_only+delay; value=0.14250000","2026-08-04","Goal 3 PBE-UD boundary rederivation"
"beta1_M_N7_o0.05_h0.4_mu0.1",TRUE,"class=low_only; value=0.57166667","2026-08-04","Goal 3 PBE-UD boundary rederivation"
"beta1_U_N7_o0.05_h0.4_mu0.5",TRUE,"class=pooling+delay; value=0.10000000","2026-08-04","Goal 3 PBE-UD boundary rederivation"
"beta1_M_N7_o0.05_h0.4_mu0.5",TRUE,"class=exclusion; value=0.50000000","2026-08-04","Goal 3 PBE-UD boundary rederivation"
"beta1_U_N7_o0.05_h0.4_mu0.9",TRUE,"class=pooling+delay; value=0.10000000","2026-08-04","Goal 3 PBE-UD boundary rederivation"
"beta1_M_N7_o0.05_h0.4_mu0.9",TRUE,"class=exclusion; value=0.50000000","2026-08-04","Goal 3 PBE-UD boundary rederivation"
"beta1_U_N7_o0.05_h0.8_mu0.1",TRUE,"class=low_only+delay; value=0.14250000","2026-08-04","Goal 3 PBE-UD boundary rederivation"
"beta1_M_N7_o0.05_h0.8_mu0.1",TRUE,"class=low_only; value=0.57166667","2026-08-04","Goal 3 PBE-UD boundary rederivation"
"beta1_U_N7_o0.05_h0.8_mu0.5",TRUE,"class=low_only+delay; value=0.07916667","2026-08-04","Goal 3 PBE-UD boundary rederivation"
"beta1_M_N7_o0.05_h0.8_mu0.5",TRUE,"class=exclusion; value=0.50000000","2026-08-04","Goal 3 PBE-UD boundary rederivation"
"beta1_U_N7_o0.05_h0.8_mu0.9",TRUE,"class=pooling+delay; value=0.03333333","2026-08-04","Goal 3 PBE-UD boundary rederivation"
"beta1_M_N7_o0.05_h0.8_mu0.9",TRUE,"class=exclusion; value=0.50000000","2026-08-04","Goal 3 PBE-UD boundary rederivation"
"beta1_U_N7_o0.05_h1_mu0.1",TRUE,"class=low_only+delay; value=0.14250000","2026-08-04","Goal 3 PBE-UD boundary rederivation"
"beta1_M_N7_o0.05_h1_mu0.1",TRUE,"class=low_only; value=0.57166667","2026-08-04","Goal 3 PBE-UD boundary rederivation"
"beta1_U_N7_o0.05_h1_mu0.5",TRUE,"class=low_only+delay; value=0.07916667","2026-08-04","Goal 3 PBE-UD boundary rederivation"
"beta1_M_N7_o0.05_h1_mu0.5",TRUE,"class=exclusion; value=0.50000000","2026-08-04","Goal 3 PBE-UD boundary rederivation"
"beta1_U_N7_o0.05_h1_mu0.9",TRUE,"class=low_only+delay; value=0.01583333","2026-08-04","Goal 3 PBE-UD boundary rederivation"
"beta1_M_N7_o0.05_h1_mu0.9",TRUE,"class=exclusion; value=0.50000000","2026-08-04","Goal 3 PBE-UD boundary rederivation"
"beta1_U_N7_o0.2_h0.4_mu0.1",TRUE,"class=low_only+delay; value=0.12000000","2026-08-04","Goal 3 PBE-UD boundary rederivation"
"beta1_M_N7_o0.2_h0.4_mu0.1",TRUE,"class=exclusion; value=0.50000000","2026-08-04","Goal 3 PBE-UD boundary rederivation"
"beta1_U_N7_o0.2_h0.4_mu0.5",TRUE,"class=pooling+delay; value=0.10000000","2026-08-04","Goal 3 PBE-UD boundary rederivation"
"beta1_M_N7_o0.2_h0.4_mu0.5",TRUE,"class=exclusion; value=0.50000000","2026-08-04","Goal 3 PBE-UD boundary rederivation"
"beta1_U_N7_o0.2_h0.4_mu0.9",TRUE,"class=pooling+delay; value=0.10000000","2026-08-04","Goal 3 PBE-UD boundary rederivation"
"beta1_M_N7_o0.2_h0.4_mu0.9",TRUE,"class=exclusion; value=0.50000000","2026-08-04","Goal 3 PBE-UD boundary rederivation"
"beta1_U_N7_o0.2_h0.8_mu0.1",TRUE,"class=low_only+delay; value=0.12000000","2026-08-04","Goal 3 PBE-UD boundary rederivation"
"beta1_M_N7_o0.2_h0.8_mu0.1",TRUE,"class=exclusion; value=0.50000000","2026-08-04","Goal 3 PBE-UD boundary rederivation"
"beta1_U_N7_o0.2_h0.8_mu0.5",TRUE,"class=low_only+delay; value=0.06666667","2026-08-04","Goal 3 PBE-UD boundary rederivation"
"beta1_M_N7_o0.2_h0.8_mu0.5",TRUE,"class=exclusion; value=0.50000000","2026-08-04","Goal 3 PBE-UD boundary rederivation"
"beta1_U_N7_o0.2_h0.8_mu0.9",TRUE,"class=pooling+delay; value=0.03333333","2026-08-04","Goal 3 PBE-UD boundary rederivation"
"beta1_M_N7_o0.2_h0.8_mu0.9",TRUE,"class=exclusion; value=0.50000000","2026-08-04","Goal 3 PBE-UD boundary rederivation"
"beta1_U_N7_o0.2_h1_mu0.1",TRUE,"class=low_only+delay; value=0.12000000","2026-08-04","Goal 3 PBE-UD boundary rederivation"
"beta1_M_N7_o0.2_h1_mu0.1",TRUE,"class=exclusion; value=0.50000000","2026-08-04","Goal 3 PBE-UD boundary rederivation"
"beta1_U_N7_o0.2_h1_mu0.5",TRUE,"class=low_only+delay; value=0.06666667","2026-08-04","Goal 3 PBE-UD boundary rederivation"
"beta1_M_N7_o0.2_h1_mu0.5",TRUE,"class=exclusion; value=0.50000000","2026-08-04","Goal 3 PBE-UD boundary rederivation"
"beta1_U_N7_o0.2_h1_mu0.9",TRUE,"class=low_only+delay; value=0.01333333","2026-08-04","Goal 3 PBE-UD boundary rederivation"
"beta1_M_N7_o0.2_h1_mu0.9",TRUE,"class=exclusion; value=0.50000000","2026-08-04","Goal 3 PBE-UD boundary rederivation"
"beta1_U_N8_o0_h0.4_mu0.1",TRUE,"class=low_only+delay; value=0.12857143","2026-08-04","Goal 3 PBE-UD boundary rederivation"
"beta1_M_N8_o0_h0.4_mu0.1",TRUE,"class=low_only; value=0.52857143","2026-08-04","Goal 3 PBE-UD boundary rederivation"
"beta1_U_N8_o0_h0.4_mu0.5",TRUE,"class=pooling+delay; value=0.08571429","2026-08-04","Goal 3 PBE-UD boundary rederivation"
"beta1_M_N8_o0_h0.4_mu0.5",TRUE,"class=exclusion+oversized; value=0.42857143","2026-08-04","Goal 3 PBE-UD boundary rederivation"
"beta1_U_N8_o0_h0.4_mu0.9",TRUE,"class=pooling+delay; value=0.08571429","2026-08-04","Goal 3 PBE-UD boundary rederivation"
"beta1_M_N8_o0_h0.4_mu0.9",TRUE,"class=exclusion+oversized; value=0.42857143","2026-08-04","Goal 3 PBE-UD boundary rederivation"
"beta1_U_N8_o0_h0.8_mu0.1",TRUE,"class=low_only+delay; value=0.12857143","2026-08-04","Goal 3 PBE-UD boundary rederivation"
"beta1_M_N8_o0_h0.8_mu0.1",TRUE,"class=low_only; value=0.52857143","2026-08-04","Goal 3 PBE-UD boundary rederivation"
"beta1_U_N8_o0_h0.8_mu0.5",TRUE,"class=low_only+delay; value=0.07142857","2026-08-04","Goal 3 PBE-UD boundary rederivation"
"beta1_M_N8_o0_h0.8_mu0.5",TRUE,"class=exclusion+oversized; value=0.42857143","2026-08-04","Goal 3 PBE-UD boundary rederivation"
"beta1_U_N8_o0_h0.8_mu0.9",TRUE,"class=pooling+delay; value=0.02857143","2026-08-04","Goal 3 PBE-UD boundary rederivation"
"beta1_M_N8_o0_h0.8_mu0.9",TRUE,"class=exclusion+oversized; value=0.42857143","2026-08-04","Goal 3 PBE-UD boundary rederivation"
"beta1_U_N8_o0_h1_mu0.1",TRUE,"class=low_only+delay; value=0.12857143","2026-08-04","Goal 3 PBE-UD boundary rederivation"
"beta1_M_N8_o0_h1_mu0.1",TRUE,"class=low_only; value=0.52857143","2026-08-04","Goal 3 PBE-UD boundary rederivation"
"beta1_U_N8_o0_h1_mu0.5",TRUE,"class=low_only+delay; value=0.07142857","2026-08-04","Goal 3 PBE-UD boundary rederivation"
"beta1_M_N8_o0_h1_mu0.5",TRUE,"class=exclusion+oversized; value=0.42857143","2026-08-04","Goal 3 PBE-UD boundary rederivation"
"beta1_U_N8_o0_h1_mu0.9",TRUE,"class=low_only+delay; value=0.01428571","2026-08-04","Goal 3 PBE-UD boundary rederivation"
"beta1_M_N8_o0_h1_mu0.9",TRUE,"class=exclusion+oversized; value=0.42857143","2026-08-04","Goal 3 PBE-UD boundary rederivation"
"beta1_U_N8_o0.05_h0.4_mu0.1",TRUE,"class=low_only+delay; value=0.12214286","2026-08-04","Goal 3 PBE-UD boundary rederivation"
"beta1_M_N8_o0.05_h0.4_mu0.1",TRUE,"class=low_only; value=0.48357143","2026-08-04","Goal 3 PBE-UD boundary rederivation"
"beta1_U_N8_o0.05_h0.4_mu0.5",TRUE,"class=pooling+delay; value=0.08571429","2026-08-04","Goal 3 PBE-UD boundary rederivation"
"beta1_M_N8_o0.05_h0.4_mu0.5",TRUE,"class=exclusion; value=0.42857143","2026-08-04","Goal 3 PBE-UD boundary rederivation"
"beta1_U_N8_o0.05_h0.4_mu0.9",TRUE,"class=pooling+delay; value=0.08571429","2026-08-04","Goal 3 PBE-UD boundary rederivation"
"beta1_M_N8_o0.05_h0.4_mu0.9",TRUE,"class=exclusion; value=0.42857143","2026-08-04","Goal 3 PBE-UD boundary rederivation"
"beta1_U_N8_o0.05_h0.8_mu0.1",TRUE,"class=low_only+delay; value=0.12214286","2026-08-04","Goal 3 PBE-UD boundary rederivation"
"beta1_M_N8_o0.05_h0.8_mu0.1",TRUE,"class=low_only; value=0.48357143","2026-08-04","Goal 3 PBE-UD boundary rederivation"
"beta1_U_N8_o0.05_h0.8_mu0.5",TRUE,"class=low_only+delay; value=0.06785714","2026-08-04","Goal 3 PBE-UD boundary rederivation"
"beta1_M_N8_o0.05_h0.8_mu0.5",TRUE,"class=exclusion; value=0.42857143","2026-08-04","Goal 3 PBE-UD boundary rederivation"
"beta1_U_N8_o0.05_h0.8_mu0.9",TRUE,"class=pooling+delay; value=0.02857143","2026-08-04","Goal 3 PBE-UD boundary rederivation"
"beta1_M_N8_o0.05_h0.8_mu0.9",TRUE,"class=exclusion; value=0.42857143","2026-08-04","Goal 3 PBE-UD boundary rederivation"
"beta1_U_N8_o0.05_h1_mu0.1",TRUE,"class=low_only+delay; value=0.12214286","2026-08-04","Goal 3 PBE-UD boundary rederivation"
"beta1_M_N8_o0.05_h1_mu0.1",TRUE,"class=low_only; value=0.48357143","2026-08-04","Goal 3 PBE-UD boundary rederivation"
"beta1_U_N8_o0.05_h1_mu0.5",TRUE,"class=low_only+delay; value=0.06785714","2026-08-04","Goal 3 PBE-UD boundary rederivation"
"beta1_M_N8_o0.05_h1_mu0.5",TRUE,"class=exclusion; value=0.42857143","2026-08-04","Goal 3 PBE-UD boundary rederivation"
"beta1_U_N8_o0.05_h1_mu0.9",TRUE,"class=low_only+delay; value=0.01357143","2026-08-04","Goal 3 PBE-UD boundary rederivation"
"beta1_M_N8_o0.05_h1_mu0.9",TRUE,"class=exclusion; value=0.42857143","2026-08-04","Goal 3 PBE-UD boundary rederivation"
"beta1_U_N8_o0.2_h0.4_mu0.1",TRUE,"class=low_only+delay; value=0.10285714","2026-08-04","Goal 3 PBE-UD boundary rederivation"
"beta1_M_N8_o0.2_h0.4_mu0.1",TRUE,"class=exclusion; value=0.42857143","2026-08-04","Goal 3 PBE-UD boundary rederivation"
"beta1_U_N8_o0.2_h0.4_mu0.5",TRUE,"class=pooling+delay; value=0.08571429","2026-08-04","Goal 3 PBE-UD boundary rederivation"
"beta1_M_N8_o0.2_h0.4_mu0.5",TRUE,"class=exclusion; value=0.42857143","2026-08-04","Goal 3 PBE-UD boundary rederivation"
"beta1_U_N8_o0.2_h0.4_mu0.9",TRUE,"class=pooling+delay; value=0.08571429","2026-08-04","Goal 3 PBE-UD boundary rederivation"
"beta1_M_N8_o0.2_h0.4_mu0.9",TRUE,"class=exclusion; value=0.42857143","2026-08-04","Goal 3 PBE-UD boundary rederivation"
"beta1_U_N8_o0.2_h0.8_mu0.1",TRUE,"class=low_only+delay; value=0.10285714","2026-08-04","Goal 3 PBE-UD boundary rederivation"
"beta1_M_N8_o0.2_h0.8_mu0.1",TRUE,"class=exclusion; value=0.42857143","2026-08-04","Goal 3 PBE-UD boundary rederivation"
"beta1_U_N8_o0.2_h0.8_mu0.5",TRUE,"class=low_only+delay; value=0.05714286","2026-08-04","Goal 3 PBE-UD boundary rederivation"
"beta1_M_N8_o0.2_h0.8_mu0.5",TRUE,"class=exclusion; value=0.42857143","2026-08-04","Goal 3 PBE-UD boundary rederivation"
"beta1_U_N8_o0.2_h0.8_mu0.9",TRUE,"class=pooling+delay; value=0.02857143","2026-08-04","Goal 3 PBE-UD boundary rederivation"
"beta1_M_N8_o0.2_h0.8_mu0.9",TRUE,"class=exclusion; value=0.42857143","2026-08-04","Goal 3 PBE-UD boundary rederivation"
"beta1_U_N8_o0.2_h1_mu0.1",TRUE,"class=low_only+delay; value=0.10285714","2026-08-04","Goal 3 PBE-UD boundary rederivation"
"beta1_M_N8_o0.2_h1_mu0.1",TRUE,"class=exclusion; value=0.42857143","2026-08-04","Goal 3 PBE-UD boundary rederivation"
"beta1_U_N8_o0.2_h1_mu0.5",TRUE,"class=low_only+delay; value=0.05714286","2026-08-04","Goal 3 PBE-UD boundary rederivation"
"beta1_M_N8_o0.2_h1_mu0.5",TRUE,"class=exclusion; value=0.42857143","2026-08-04","Goal 3 PBE-UD boundary rederivation"
"beta1_U_N8_o0.2_h1_mu0.9",TRUE,"class=low_only+delay; value=0.01142857","2026-08-04","Goal 3 PBE-UD boundary rederivation"
"beta1_M_N8_o0.2_h1_mu0.9",TRUE,"class=exclusion; value=0.42857143","2026-08-04","Goal 3 PBE-UD boundary rederivation"
"beta1_U_N9_o0_h0.4_mu0.1",TRUE,"class=low_only+delay; value=0.11250000","2026-08-04","Goal 3 PBE-UD boundary rederivation"
"beta1_M_N9_o0_h0.4_mu0.1",TRUE,"class=low_only; value=0.57500000","2026-08-04","Goal 3 PBE-UD boundary rederivation"
"beta1_U_N9_o0_h0.4_mu0.5",TRUE,"class=pooling+delay; value=0.07500000","2026-08-04","Goal 3 PBE-UD boundary rederivation"
"beta1_M_N9_o0_h0.4_mu0.5",TRUE,"class=exclusion+oversized; value=0.50000000","2026-08-04","Goal 3 PBE-UD boundary rederivation"
"beta1_U_N9_o0_h0.4_mu0.9",TRUE,"class=pooling+delay; value=0.07500000","2026-08-04","Goal 3 PBE-UD boundary rederivation"
"beta1_M_N9_o0_h0.4_mu0.9",TRUE,"class=exclusion+oversized; value=0.50000000","2026-08-04","Goal 3 PBE-UD boundary rederivation"
"beta1_U_N9_o0_h0.8_mu0.1",TRUE,"class=low_only+delay; value=0.11250000","2026-08-04","Goal 3 PBE-UD boundary rederivation"
"beta1_M_N9_o0_h0.8_mu0.1",TRUE,"class=low_only; value=0.57500000","2026-08-04","Goal 3 PBE-UD boundary rederivation"
"beta1_U_N9_o0_h0.8_mu0.5",TRUE,"class=low_only+delay; value=0.06250000","2026-08-04","Goal 3 PBE-UD boundary rederivation"
"beta1_M_N9_o0_h0.8_mu0.5",TRUE,"class=exclusion+oversized; value=0.50000000","2026-08-04","Goal 3 PBE-UD boundary rederivation"
"beta1_U_N9_o0_h0.8_mu0.9",TRUE,"class=pooling+delay; value=0.02500000","2026-08-04","Goal 3 PBE-UD boundary rederivation"
"beta1_M_N9_o0_h0.8_mu0.9",TRUE,"class=exclusion+oversized; value=0.50000000","2026-08-04","Goal 3 PBE-UD boundary rederivation"
"beta1_U_N9_o0_h1_mu0.1",TRUE,"class=low_only+delay; value=0.11250000","2026-08-04","Goal 3 PBE-UD boundary rederivation"
"beta1_M_N9_o0_h1_mu0.1",TRUE,"class=low_only; value=0.57500000","2026-08-04","Goal 3 PBE-UD boundary rederivation"
"beta1_U_N9_o0_h1_mu0.5",TRUE,"class=low_only+delay; value=0.06250000","2026-08-04","Goal 3 PBE-UD boundary rederivation"
"beta1_M_N9_o0_h1_mu0.5",TRUE,"class=exclusion+oversized; value=0.50000000","2026-08-04","Goal 3 PBE-UD boundary rederivation"
"beta1_U_N9_o0_h1_mu0.9",TRUE,"class=low_only+delay; value=0.01250000","2026-08-04","Goal 3 PBE-UD boundary rederivation"
"beta1_M_N9_o0_h1_mu0.9",TRUE,"class=exclusion+oversized; value=0.50000000","2026-08-04","Goal 3 PBE-UD boundary rederivation"
"beta1_U_N9_o0.05_h0.4_mu0.1",TRUE,"class=low_only+delay; value=0.10687500","2026-08-04","Goal 3 PBE-UD boundary rederivation"
"beta1_M_N9_o0.05_h0.4_mu0.1",TRUE,"class=low_only; value=0.53000000","2026-08-04","Goal 3 PBE-UD boundary rederivation"
"beta1_U_N9_o0.05_h0.4_mu0.5",TRUE,"class=pooling+delay; value=0.07500000","2026-08-04","Goal 3 PBE-UD boundary rederivation"
"beta1_M_N9_o0.05_h0.4_mu0.5",TRUE,"class=exclusion; value=0.50000000","2026-08-04","Goal 3 PBE-UD boundary rederivation"
"beta1_U_N9_o0.05_h0.4_mu0.9",TRUE,"class=pooling+delay; value=0.07500000","2026-08-04","Goal 3 PBE-UD boundary rederivation"
"beta1_M_N9_o0.05_h0.4_mu0.9",TRUE,"class=exclusion; value=0.50000000","2026-08-04","Goal 3 PBE-UD boundary rederivation"
"beta1_U_N9_o0.05_h0.8_mu0.1",TRUE,"class=low_only+delay; value=0.10687500","2026-08-04","Goal 3 PBE-UD boundary rederivation"
"beta1_M_N9_o0.05_h0.8_mu0.1",TRUE,"class=low_only; value=0.53000000","2026-08-04","Goal 3 PBE-UD boundary rederivation"
"beta1_U_N9_o0.05_h0.8_mu0.5",TRUE,"class=low_only+delay; value=0.05937500","2026-08-04","Goal 3 PBE-UD boundary rederivation"
"beta1_M_N9_o0.05_h0.8_mu0.5",TRUE,"class=exclusion; value=0.50000000","2026-08-04","Goal 3 PBE-UD boundary rederivation"
"beta1_U_N9_o0.05_h0.8_mu0.9",TRUE,"class=pooling+delay; value=0.02500000","2026-08-04","Goal 3 PBE-UD boundary rederivation"
"beta1_M_N9_o0.05_h0.8_mu0.9",TRUE,"class=exclusion; value=0.50000000","2026-08-04","Goal 3 PBE-UD boundary rederivation"
"beta1_U_N9_o0.05_h1_mu0.1",TRUE,"class=low_only+delay; value=0.10687500","2026-08-04","Goal 3 PBE-UD boundary rederivation"
"beta1_M_N9_o0.05_h1_mu0.1",TRUE,"class=low_only; value=0.53000000","2026-08-04","Goal 3 PBE-UD boundary rederivation"
"beta1_U_N9_o0.05_h1_mu0.5",TRUE,"class=low_only+delay; value=0.05937500","2026-08-04","Goal 3 PBE-UD boundary rederivation"
"beta1_M_N9_o0.05_h1_mu0.5",TRUE,"class=exclusion; value=0.50000000","2026-08-04","Goal 3 PBE-UD boundary rederivation"
"beta1_U_N9_o0.05_h1_mu0.9",TRUE,"class=low_only+delay; value=0.01187500","2026-08-04","Goal 3 PBE-UD boundary rederivation"
"beta1_M_N9_o0.05_h1_mu0.9",TRUE,"class=exclusion; value=0.50000000","2026-08-04","Goal 3 PBE-UD boundary rederivation"
"beta1_U_N9_o0.2_h0.4_mu0.1",TRUE,"class=low_only+delay; value=0.09000000","2026-08-04","Goal 3 PBE-UD boundary rederivation"
"beta1_M_N9_o0.2_h0.4_mu0.1",TRUE,"class=exclusion; value=0.50000000","2026-08-04","Goal 3 PBE-UD boundary rederivation"
"beta1_U_N9_o0.2_h0.4_mu0.5",TRUE,"class=pooling+delay; value=0.07500000","2026-08-04","Goal 3 PBE-UD boundary rederivation"
"beta1_M_N9_o0.2_h0.4_mu0.5",TRUE,"class=exclusion; value=0.50000000","2026-08-04","Goal 3 PBE-UD boundary rederivation"
"beta1_U_N9_o0.2_h0.4_mu0.9",TRUE,"class=pooling+delay; value=0.07500000","2026-08-04","Goal 3 PBE-UD boundary rederivation"
"beta1_M_N9_o0.2_h0.4_mu0.9",TRUE,"class=exclusion; value=0.50000000","2026-08-04","Goal 3 PBE-UD boundary rederivation"
"beta1_U_N9_o0.2_h0.8_mu0.1",TRUE,"class=low_only+delay; value=0.09000000","2026-08-04","Goal 3 PBE-UD boundary rederivation"
"beta1_M_N9_o0.2_h0.8_mu0.1",TRUE,"class=exclusion; value=0.50000000","2026-08-04","Goal 3 PBE-UD boundary rederivation"
"beta1_U_N9_o0.2_h0.8_mu0.5",TRUE,"class=low_only+delay; value=0.05000000","2026-08-04","Goal 3 PBE-UD boundary rederivation"
"beta1_M_N9_o0.2_h0.8_mu0.5",TRUE,"class=exclusion; value=0.50000000","2026-08-04","Goal 3 PBE-UD boundary rederivation"
"beta1_U_N9_o0.2_h0.8_mu0.9",TRUE,"class=pooling+delay; value=0.02500000","2026-08-04","Goal 3 PBE-UD boundary rederivation"
"beta1_M_N9_o0.2_h0.8_mu0.9",TRUE,"class=exclusion; value=0.50000000","2026-08-04","Goal 3 PBE-UD boundary rederivation"
"beta1_U_N9_o0.2_h1_mu0.1",TRUE,"class=low_only+delay; value=0.09000000","2026-08-04","Goal 3 PBE-UD boundary rederivation"
"beta1_M_N9_o0.2_h1_mu0.1",TRUE,"class=exclusion; value=0.50000000","2026-08-04","Goal 3 PBE-UD boundary rederivation"
"beta1_U_N9_o0.2_h1_mu0.5",TRUE,"class=low_only+delay; value=0.05000000","2026-08-04","Goal 3 PBE-UD boundary rederivation"
"beta1_M_N9_o0.2_h1_mu0.5",TRUE,"class=exclusion; value=0.50000000","2026-08-04","Goal 3 PBE-UD boundary rederivation"
"beta1_U_N9_o0.2_h1_mu0.9",TRUE,"class=low_only+delay; value=0.01000000","2026-08-04","Goal 3 PBE-UD boundary rederivation"
"beta1_M_N9_o0.2_h1_mu0.9",TRUE,"class=exclusion; value=0.50000000","2026-08-04","Goal 3 PBE-UD boundary rederivation"
"beta1_U_N10_o0_h0.4_mu0.1",TRUE,"class=low_only+delay; value=0.10000000","2026-08-04","Goal 3 PBE-UD boundary rederivation"
"beta1_M_N10_o0_h0.4_mu0.1",TRUE,"class=low_only; value=0.51111111","2026-08-04","Goal 3 PBE-UD boundary rederivation"
"beta1_U_N10_o0_h0.4_mu0.5",TRUE,"class=pooling+delay; value=0.06666667","2026-08-04","Goal 3 PBE-UD boundary rederivation"
"beta1_M_N10_o0_h0.4_mu0.5",TRUE,"class=exclusion+oversized; value=0.44444444","2026-08-04","Goal 3 PBE-UD boundary rederivation"
"beta1_U_N10_o0_h0.4_mu0.9",TRUE,"class=pooling+delay; value=0.06666667","2026-08-04","Goal 3 PBE-UD boundary rederivation"
"beta1_M_N10_o0_h0.4_mu0.9",TRUE,"class=exclusion+oversized; value=0.44444444","2026-08-04","Goal 3 PBE-UD boundary rederivation"
"beta1_U_N10_o0_h0.8_mu0.1",TRUE,"class=low_only+delay; value=0.10000000","2026-08-04","Goal 3 PBE-UD boundary rederivation"
"beta1_M_N10_o0_h0.8_mu0.1",TRUE,"class=low_only; value=0.51111111","2026-08-04","Goal 3 PBE-UD boundary rederivation"
"beta1_U_N10_o0_h0.8_mu0.5",TRUE,"class=low_only+delay; value=0.05555556","2026-08-04","Goal 3 PBE-UD boundary rederivation"
"beta1_M_N10_o0_h0.8_mu0.5",TRUE,"class=exclusion+oversized; value=0.44444444","2026-08-04","Goal 3 PBE-UD boundary rederivation"
"beta1_U_N10_o0_h0.8_mu0.9",TRUE,"class=pooling+delay; value=0.02222222","2026-08-04","Goal 3 PBE-UD boundary rederivation"
"beta1_M_N10_o0_h0.8_mu0.9",TRUE,"class=exclusion+oversized; value=0.44444444","2026-08-04","Goal 3 PBE-UD boundary rederivation"
"beta1_U_N10_o0_h1_mu0.1",TRUE,"class=low_only+delay; value=0.10000000","2026-08-04","Goal 3 PBE-UD boundary rederivation"
"beta1_M_N10_o0_h1_mu0.1",TRUE,"class=low_only; value=0.51111111","2026-08-04","Goal 3 PBE-UD boundary rederivation"
"beta1_U_N10_o0_h1_mu0.5",TRUE,"class=low_only+delay; value=0.05555556","2026-08-04","Goal 3 PBE-UD boundary rederivation"
"beta1_M_N10_o0_h1_mu0.5",TRUE,"class=exclusion+oversized; value=0.44444444","2026-08-04","Goal 3 PBE-UD boundary rederivation"
"beta1_U_N10_o0_h1_mu0.9",TRUE,"class=low_only+delay; value=0.01111111","2026-08-04","Goal 3 PBE-UD boundary rederivation"
"beta1_M_N10_o0_h1_mu0.9",TRUE,"class=exclusion+oversized; value=0.44444444","2026-08-04","Goal 3 PBE-UD boundary rederivation"
"beta1_U_N10_o0.05_h0.4_mu0.1",TRUE,"class=low_only+delay; value=0.09500000","2026-08-04","Goal 3 PBE-UD boundary rederivation"
"beta1_M_N10_o0.05_h0.4_mu0.1",TRUE,"class=low_only; value=0.46611111","2026-08-04","Goal 3 PBE-UD boundary rederivation"
"beta1_U_N10_o0.05_h0.4_mu0.5",TRUE,"class=pooling+delay; value=0.06666667","2026-08-04","Goal 3 PBE-UD boundary rederivation"
"beta1_M_N10_o0.05_h0.4_mu0.5",TRUE,"class=exclusion; value=0.44444444","2026-08-04","Goal 3 PBE-UD boundary rederivation"
"beta1_U_N10_o0.05_h0.4_mu0.9",TRUE,"class=pooling+delay; value=0.06666667","2026-08-04","Goal 3 PBE-UD boundary rederivation"
"beta1_M_N10_o0.05_h0.4_mu0.9",TRUE,"class=exclusion; value=0.44444444","2026-08-04","Goal 3 PBE-UD boundary rederivation"
"beta1_U_N10_o0.05_h0.8_mu0.1",TRUE,"class=low_only+delay; value=0.09500000","2026-08-04","Goal 3 PBE-UD boundary rederivation"
"beta1_M_N10_o0.05_h0.8_mu0.1",TRUE,"class=low_only; value=0.46611111","2026-08-04","Goal 3 PBE-UD boundary rederivation"
"beta1_U_N10_o0.05_h0.8_mu0.5",TRUE,"class=low_only+delay; value=0.05277778","2026-08-04","Goal 3 PBE-UD boundary rederivation"
"beta1_M_N10_o0.05_h0.8_mu0.5",TRUE,"class=exclusion; value=0.44444444","2026-08-04","Goal 3 PBE-UD boundary rederivation"
"beta1_U_N10_o0.05_h0.8_mu0.9",TRUE,"class=pooling+delay; value=0.02222222","2026-08-04","Goal 3 PBE-UD boundary rederivation"
"beta1_M_N10_o0.05_h0.8_mu0.9",TRUE,"class=exclusion; value=0.44444444","2026-08-04","Goal 3 PBE-UD boundary rederivation"
"beta1_U_N10_o0.05_h1_mu0.1",TRUE,"class=low_only+delay; value=0.09500000","2026-08-04","Goal 3 PBE-UD boundary rederivation"
"beta1_M_N10_o0.05_h1_mu0.1",TRUE,"class=low_only; value=0.46611111","2026-08-04","Goal 3 PBE-UD boundary rederivation"
"beta1_U_N10_o0.05_h1_mu0.5",TRUE,"class=low_only+delay; value=0.05277778","2026-08-04","Goal 3 PBE-UD boundary rederivation"
"beta1_M_N10_o0.05_h1_mu0.5",TRUE,"class=exclusion; value=0.44444444","2026-08-04","Goal 3 PBE-UD boundary rederivation"
"beta1_U_N10_o0.05_h1_mu0.9",TRUE,"class=low_only+delay; value=0.01055556","2026-08-04","Goal 3 PBE-UD boundary rederivation"
"beta1_M_N10_o0.05_h1_mu0.9",TRUE,"class=exclusion; value=0.44444444","2026-08-04","Goal 3 PBE-UD boundary rederivation"
"beta1_U_N10_o0.2_h0.4_mu0.1",TRUE,"class=low_only+delay; value=0.08000000","2026-08-04","Goal 3 PBE-UD boundary rederivation"
"beta1_M_N10_o0.2_h0.4_mu0.1",TRUE,"class=exclusion; value=0.44444444","2026-08-04","Goal 3 PBE-UD boundary rederivation"
"beta1_U_N10_o0.2_h0.4_mu0.5",TRUE,"class=pooling+delay; value=0.06666667","2026-08-04","Goal 3 PBE-UD boundary rederivation"
"beta1_M_N10_o0.2_h0.4_mu0.5",TRUE,"class=exclusion; value=0.44444444","2026-08-04","Goal 3 PBE-UD boundary rederivation"
"beta1_U_N10_o0.2_h0.4_mu0.9",TRUE,"class=pooling+delay; value=0.06666667","2026-08-04","Goal 3 PBE-UD boundary rederivation"
"beta1_M_N10_o0.2_h0.4_mu0.9",TRUE,"class=exclusion; value=0.44444444","2026-08-04","Goal 3 PBE-UD boundary rederivation"
"beta1_U_N10_o0.2_h0.8_mu0.1",TRUE,"class=low_only+delay; value=0.08000000","2026-08-04","Goal 3 PBE-UD boundary rederivation"
"beta1_M_N10_o0.2_h0.8_mu0.1",TRUE,"class=exclusion; value=0.44444444","2026-08-04","Goal 3 PBE-UD boundary rederivation"
"beta1_U_N10_o0.2_h0.8_mu0.5",TRUE,"class=low_only+delay; value=0.04444444","2026-08-04","Goal 3 PBE-UD boundary rederivation"
"beta1_M_N10_o0.2_h0.8_mu0.5",TRUE,"class=exclusion; value=0.44444444","2026-08-04","Goal 3 PBE-UD boundary rederivation"
"beta1_U_N10_o0.2_h0.8_mu0.9",TRUE,"class=pooling+delay; value=0.02222222","2026-08-04","Goal 3 PBE-UD boundary rederivation"
"beta1_M_N10_o0.2_h0.8_mu0.9",TRUE,"class=exclusion; value=0.44444444","2026-08-04","Goal 3 PBE-UD boundary rederivation"
"beta1_U_N10_o0.2_h1_mu0.1",TRUE,"class=low_only+delay; value=0.08000000","2026-08-04","Goal 3 PBE-UD boundary rederivation"
"beta1_M_N10_o0.2_h1_mu0.1",TRUE,"class=exclusion; value=0.44444444","2026-08-04","Goal 3 PBE-UD boundary rederivation"
"beta1_U_N10_o0.2_h1_mu0.5",TRUE,"class=low_only+delay; value=0.04444444","2026-08-04","Goal 3 PBE-UD boundary rederivation"
"beta1_M_N10_o0.2_h1_mu0.5",TRUE,"class=exclusion; value=0.44444444","2026-08-04","Goal 3 PBE-UD boundary rederivation"
"beta1_U_N10_o0.2_h1_mu0.9",TRUE,"class=low_only+delay; value=0.00888889","2026-08-04","Goal 3 PBE-UD boundary rederivation"
"beta1_M_N10_o0.2_h1_mu0.9",TRUE,"class=exclusion; value=0.44444444","2026-08-04","Goal 3 PBE-UD boundary rederivation"
"o1_U_N3_b0.2_o0_mu0.1",TRUE,"exists=TRUE; class=low_only","2026-08-04","Goal 3 PBE-UD boundary rederivation"
"o1_U_N3_b0.2_o0_mu0.5",TRUE,"exists=TRUE; class=low_only","2026-08-04","Goal 3 PBE-UD boundary rederivation"
"o1_U_N3_b0.2_o0_mu0.9",TRUE,"exists=TRUE; class=low_only","2026-08-04","Goal 3 PBE-UD boundary rederivation"
"o1_U_N3_b0.2_o0.05_mu0.1",TRUE,"exists=FALSE; class=empty","2026-08-04","Goal 3 PBE-UD boundary rederivation"
"o1_U_N3_b0.2_o0.05_mu0.5",TRUE,"exists=FALSE; class=empty","2026-08-04","Goal 3 PBE-UD boundary rederivation"
"o1_U_N3_b0.2_o0.05_mu0.9",TRUE,"exists=FALSE; class=empty","2026-08-04","Goal 3 PBE-UD boundary rederivation"
"o1_U_N3_b0.2_o0.3_mu0.1",TRUE,"exists=FALSE; class=empty","2026-08-04","Goal 3 PBE-UD boundary rederivation"
"o1_U_N3_b0.2_o0.3_mu0.5",TRUE,"exists=FALSE; class=empty","2026-08-04","Goal 3 PBE-UD boundary rederivation"
"o1_U_N3_b0.2_o0.3_mu0.9",TRUE,"exists=FALSE; class=empty","2026-08-04","Goal 3 PBE-UD boundary rederivation"
"o1_U_N3_b0.6_o0_mu0.1",TRUE,"exists=TRUE; class=low_only","2026-08-04","Goal 3 PBE-UD boundary rederivation"
"o1_U_N3_b0.6_o0_mu0.5",TRUE,"exists=TRUE; class=low_only","2026-08-04","Goal 3 PBE-UD boundary rederivation"
"o1_U_N3_b0.6_o0_mu0.9",TRUE,"exists=TRUE; class=low_only","2026-08-04","Goal 3 PBE-UD boundary rederivation"
"o1_U_N3_b0.6_o0.05_mu0.1",TRUE,"exists=FALSE; class=empty","2026-08-04","Goal 3 PBE-UD boundary rederivation"
"o1_U_N3_b0.6_o0.05_mu0.5",TRUE,"exists=FALSE; class=empty","2026-08-04","Goal 3 PBE-UD boundary rederivation"
"o1_U_N3_b0.6_o0.05_mu0.9",TRUE,"exists=FALSE; class=empty","2026-08-04","Goal 3 PBE-UD boundary rederivation"
"o1_U_N3_b0.6_o0.3_mu0.1",TRUE,"exists=FALSE; class=empty","2026-08-04","Goal 3 PBE-UD boundary rederivation"
"o1_U_N3_b0.6_o0.3_mu0.5",TRUE,"exists=FALSE; class=empty","2026-08-04","Goal 3 PBE-UD boundary rederivation"
"o1_U_N3_b0.6_o0.3_mu0.9",TRUE,"exists=FALSE; class=empty","2026-08-04","Goal 3 PBE-UD boundary rederivation"
"o1_U_N3_b0.9_o0_mu0.1",TRUE,"exists=TRUE; class=low_only","2026-08-04","Goal 3 PBE-UD boundary rederivation"
"o1_U_N3_b0.9_o0_mu0.5",TRUE,"exists=TRUE; class=low_only","2026-08-04","Goal 3 PBE-UD boundary rederivation"
"o1_U_N3_b0.9_o0_mu0.9",TRUE,"exists=TRUE; class=low_only","2026-08-04","Goal 3 PBE-UD boundary rederivation"
"o1_U_N3_b0.9_o0.05_mu0.1",TRUE,"exists=FALSE; class=empty","2026-08-04","Goal 3 PBE-UD boundary rederivation"
"o1_U_N3_b0.9_o0.05_mu0.5",TRUE,"exists=FALSE; class=empty","2026-08-04","Goal 3 PBE-UD boundary rederivation"
"o1_U_N3_b0.9_o0.05_mu0.9",TRUE,"exists=FALSE; class=empty","2026-08-04","Goal 3 PBE-UD boundary rederivation"
"o1_U_N3_b0.9_o0.3_mu0.1",TRUE,"exists=FALSE; class=empty","2026-08-04","Goal 3 PBE-UD boundary rederivation"
"o1_U_N3_b0.9_o0.3_mu0.5",TRUE,"exists=FALSE; class=empty","2026-08-04","Goal 3 PBE-UD boundary rederivation"
"o1_U_N3_b0.9_o0.3_mu0.9",TRUE,"exists=FALSE; class=empty","2026-08-04","Goal 3 PBE-UD boundary rederivation"
"o1_U_N4_b0.2_o0_mu0.1",TRUE,"exists=TRUE; class=low_only","2026-08-04","Goal 3 PBE-UD boundary rederivation"
"o1_U_N4_b0.2_o0_mu0.5",TRUE,"exists=TRUE; class=low_only","2026-08-04","Goal 3 PBE-UD boundary rederivation"
"o1_U_N4_b0.2_o0_mu0.9",TRUE,"exists=TRUE; class=low_only","2026-08-04","Goal 3 PBE-UD boundary rederivation"
"o1_U_N4_b0.2_o0.05_mu0.1",TRUE,"exists=FALSE; class=empty","2026-08-04","Goal 3 PBE-UD boundary rederivation"
"o1_U_N4_b0.2_o0.05_mu0.5",TRUE,"exists=FALSE; class=empty","2026-08-04","Goal 3 PBE-UD boundary rederivation"
"o1_U_N4_b0.2_o0.05_mu0.9",TRUE,"exists=FALSE; class=empty","2026-08-04","Goal 3 PBE-UD boundary rederivation"
"o1_U_N4_b0.2_o0.3_mu0.1",TRUE,"exists=FALSE; class=empty","2026-08-04","Goal 3 PBE-UD boundary rederivation"
"o1_U_N4_b0.2_o0.3_mu0.5",TRUE,"exists=FALSE; class=empty","2026-08-04","Goal 3 PBE-UD boundary rederivation"
"o1_U_N4_b0.2_o0.3_mu0.9",TRUE,"exists=FALSE; class=empty","2026-08-04","Goal 3 PBE-UD boundary rederivation"
"o1_U_N4_b0.6_o0_mu0.1",TRUE,"exists=TRUE; class=low_only","2026-08-04","Goal 3 PBE-UD boundary rederivation"
"o1_U_N4_b0.6_o0_mu0.5",TRUE,"exists=TRUE; class=low_only","2026-08-04","Goal 3 PBE-UD boundary rederivation"
"o1_U_N4_b0.6_o0_mu0.9",TRUE,"exists=TRUE; class=low_only","2026-08-04","Goal 3 PBE-UD boundary rederivation"
"o1_U_N4_b0.6_o0.05_mu0.1",TRUE,"exists=FALSE; class=empty","2026-08-04","Goal 3 PBE-UD boundary rederivation"
"o1_U_N4_b0.6_o0.05_mu0.5",TRUE,"exists=FALSE; class=empty","2026-08-04","Goal 3 PBE-UD boundary rederivation"
"o1_U_N4_b0.6_o0.05_mu0.9",TRUE,"exists=FALSE; class=empty","2026-08-04","Goal 3 PBE-UD boundary rederivation"
"o1_U_N4_b0.6_o0.3_mu0.1",TRUE,"exists=FALSE; class=empty","2026-08-04","Goal 3 PBE-UD boundary rederivation"
"o1_U_N4_b0.6_o0.3_mu0.5",TRUE,"exists=FALSE; class=empty","2026-08-04","Goal 3 PBE-UD boundary rederivation"
"o1_U_N4_b0.6_o0.3_mu0.9",TRUE,"exists=FALSE; class=empty","2026-08-04","Goal 3 PBE-UD boundary rederivation"
"o1_U_N4_b0.9_o0_mu0.1",TRUE,"exists=TRUE; class=low_only","2026-08-04","Goal 3 PBE-UD boundary rederivation"
"o1_U_N4_b0.9_o0_mu0.5",TRUE,"exists=TRUE; class=low_only","2026-08-04","Goal 3 PBE-UD boundary rederivation"
"o1_U_N4_b0.9_o0_mu0.9",TRUE,"exists=TRUE; class=low_only","2026-08-04","Goal 3 PBE-UD boundary rederivation"
"o1_U_N4_b0.9_o0.05_mu0.1",TRUE,"exists=FALSE; class=empty","2026-08-04","Goal 3 PBE-UD boundary rederivation"
"o1_U_N4_b0.9_o0.05_mu0.5",TRUE,"exists=FALSE; class=empty","2026-08-04","Goal 3 PBE-UD boundary rederivation"
"o1_U_N4_b0.9_o0.05_mu0.9",TRUE,"exists=FALSE; class=empty","2026-08-04","Goal 3 PBE-UD boundary rederivation"
"o1_U_N4_b0.9_o0.3_mu0.1",TRUE,"exists=FALSE; class=empty","2026-08-04","Goal 3 PBE-UD boundary rederivation"
"o1_U_N4_b0.9_o0.3_mu0.5",TRUE,"exists=FALSE; class=empty","2026-08-04","Goal 3 PBE-UD boundary rederivation"
"o1_U_N4_b0.9_o0.3_mu0.9",TRUE,"exists=FALSE; class=empty","2026-08-04","Goal 3 PBE-UD boundary rederivation"
"o1_U_N5_b0.2_o0_mu0.1",TRUE,"exists=TRUE; class=low_only","2026-08-04","Goal 3 PBE-UD boundary rederivation"
"o1_U_N5_b0.2_o0_mu0.5",TRUE,"exists=TRUE; class=low_only","2026-08-04","Goal 3 PBE-UD boundary rederivation"
"o1_U_N5_b0.2_o0_mu0.9",TRUE,"exists=TRUE; class=low_only","2026-08-04","Goal 3 PBE-UD boundary rederivation"
"o1_U_N5_b0.2_o0.05_mu0.1",TRUE,"exists=FALSE; class=empty","2026-08-04","Goal 3 PBE-UD boundary rederivation"
"o1_U_N5_b0.2_o0.05_mu0.5",TRUE,"exists=FALSE; class=empty","2026-08-04","Goal 3 PBE-UD boundary rederivation"
"o1_U_N5_b0.2_o0.05_mu0.9",TRUE,"exists=FALSE; class=empty","2026-08-04","Goal 3 PBE-UD boundary rederivation"
"o1_U_N5_b0.2_o0.3_mu0.1",TRUE,"exists=FALSE; class=empty","2026-08-04","Goal 3 PBE-UD boundary rederivation"
"o1_U_N5_b0.2_o0.3_mu0.5",TRUE,"exists=FALSE; class=empty","2026-08-04","Goal 3 PBE-UD boundary rederivation"
"o1_U_N5_b0.2_o0.3_mu0.9",TRUE,"exists=FALSE; class=empty","2026-08-04","Goal 3 PBE-UD boundary rederivation"
"o1_U_N5_b0.6_o0_mu0.1",TRUE,"exists=TRUE; class=low_only","2026-08-04","Goal 3 PBE-UD boundary rederivation"
"o1_U_N5_b0.6_o0_mu0.5",TRUE,"exists=TRUE; class=low_only","2026-08-04","Goal 3 PBE-UD boundary rederivation"
"o1_U_N5_b0.6_o0_mu0.9",TRUE,"exists=TRUE; class=low_only","2026-08-04","Goal 3 PBE-UD boundary rederivation"
"o1_U_N5_b0.6_o0.05_mu0.1",TRUE,"exists=FALSE; class=empty","2026-08-04","Goal 3 PBE-UD boundary rederivation"
"o1_U_N5_b0.6_o0.05_mu0.5",TRUE,"exists=FALSE; class=empty","2026-08-04","Goal 3 PBE-UD boundary rederivation"
"o1_U_N5_b0.6_o0.05_mu0.9",TRUE,"exists=FALSE; class=empty","2026-08-04","Goal 3 PBE-UD boundary rederivation"
"o1_U_N5_b0.6_o0.3_mu0.1",TRUE,"exists=FALSE; class=empty","2026-08-04","Goal 3 PBE-UD boundary rederivation"
"o1_U_N5_b0.6_o0.3_mu0.5",TRUE,"exists=FALSE; class=empty","2026-08-04","Goal 3 PBE-UD boundary rederivation"
"o1_U_N5_b0.6_o0.3_mu0.9",TRUE,"exists=FALSE; class=empty","2026-08-04","Goal 3 PBE-UD boundary rederivation"
"o1_U_N5_b0.9_o0_mu0.1",TRUE,"exists=TRUE; class=low_only","2026-08-04","Goal 3 PBE-UD boundary rederivation"
"o1_U_N5_b0.9_o0_mu0.5",TRUE,"exists=TRUE; class=low_only","2026-08-04","Goal 3 PBE-UD boundary rederivation"
"o1_U_N5_b0.9_o0_mu0.9",TRUE,"exists=TRUE; class=low_only","2026-08-04","Goal 3 PBE-UD boundary rederivation"
"o1_U_N5_b0.9_o0.05_mu0.1",TRUE,"exists=FALSE; class=empty","2026-08-04","Goal 3 PBE-UD boundary rederivation"
"o1_U_N5_b0.9_o0.05_mu0.5",TRUE,"exists=FALSE; class=empty","2026-08-04","Goal 3 PBE-UD boundary rederivation"
"o1_U_N5_b0.9_o0.05_mu0.9",TRUE,"exists=FALSE; class=empty","2026-08-04","Goal 3 PBE-UD boundary rederivation"
"o1_U_N5_b0.9_o0.3_mu0.1",TRUE,"exists=FALSE; class=empty","2026-08-04","Goal 3 PBE-UD boundary rederivation"
"o1_U_N5_b0.9_o0.3_mu0.5",TRUE,"exists=FALSE; class=empty","2026-08-04","Goal 3 PBE-UD boundary rederivation"
"o1_U_N5_b0.9_o0.3_mu0.9",TRUE,"exists=FALSE; class=empty","2026-08-04","Goal 3 PBE-UD boundary rederivation"
"o1_U_N6_b0.2_o0_mu0.1",TRUE,"exists=TRUE; class=low_only","2026-08-04","Goal 3 PBE-UD boundary rederivation"
"o1_U_N6_b0.2_o0_mu0.5",TRUE,"exists=TRUE; class=low_only","2026-08-04","Goal 3 PBE-UD boundary rederivation"
"o1_U_N6_b0.2_o0_mu0.9",TRUE,"exists=TRUE; class=low_only","2026-08-04","Goal 3 PBE-UD boundary rederivation"
"o1_U_N6_b0.2_o0.05_mu0.1",TRUE,"exists=FALSE; class=empty","2026-08-04","Goal 3 PBE-UD boundary rederivation"
"o1_U_N6_b0.2_o0.05_mu0.5",TRUE,"exists=FALSE; class=empty","2026-08-04","Goal 3 PBE-UD boundary rederivation"
"o1_U_N6_b0.2_o0.05_mu0.9",TRUE,"exists=FALSE; class=empty","2026-08-04","Goal 3 PBE-UD boundary rederivation"
"o1_U_N6_b0.2_o0.3_mu0.1",TRUE,"exists=FALSE; class=empty","2026-08-04","Goal 3 PBE-UD boundary rederivation"
"o1_U_N6_b0.2_o0.3_mu0.5",TRUE,"exists=FALSE; class=empty","2026-08-04","Goal 3 PBE-UD boundary rederivation"
"o1_U_N6_b0.2_o0.3_mu0.9",TRUE,"exists=FALSE; class=empty","2026-08-04","Goal 3 PBE-UD boundary rederivation"
"o1_U_N6_b0.6_o0_mu0.1",TRUE,"exists=TRUE; class=low_only","2026-08-04","Goal 3 PBE-UD boundary rederivation"
"o1_U_N6_b0.6_o0_mu0.5",TRUE,"exists=TRUE; class=low_only","2026-08-04","Goal 3 PBE-UD boundary rederivation"
"o1_U_N6_b0.6_o0_mu0.9",TRUE,"exists=TRUE; class=low_only","2026-08-04","Goal 3 PBE-UD boundary rederivation"
"o1_U_N6_b0.6_o0.05_mu0.1",TRUE,"exists=FALSE; class=empty","2026-08-04","Goal 3 PBE-UD boundary rederivation"
"o1_U_N6_b0.6_o0.05_mu0.5",TRUE,"exists=FALSE; class=empty","2026-08-04","Goal 3 PBE-UD boundary rederivation"
"o1_U_N6_b0.6_o0.05_mu0.9",TRUE,"exists=FALSE; class=empty","2026-08-04","Goal 3 PBE-UD boundary rederivation"
"o1_U_N6_b0.6_o0.3_mu0.1",TRUE,"exists=FALSE; class=empty","2026-08-04","Goal 3 PBE-UD boundary rederivation"
"o1_U_N6_b0.6_o0.3_mu0.5",TRUE,"exists=FALSE; class=empty","2026-08-04","Goal 3 PBE-UD boundary rederivation"
"o1_U_N6_b0.6_o0.3_mu0.9",TRUE,"exists=FALSE; class=empty","2026-08-04","Goal 3 PBE-UD boundary rederivation"
"o1_U_N6_b0.9_o0_mu0.1",TRUE,"exists=TRUE; class=low_only","2026-08-04","Goal 3 PBE-UD boundary rederivation"
"o1_U_N6_b0.9_o0_mu0.5",TRUE,"exists=TRUE; class=low_only","2026-08-04","Goal 3 PBE-UD boundary rederivation"
"o1_U_N6_b0.9_o0_mu0.9",TRUE,"exists=TRUE; class=low_only","2026-08-04","Goal 3 PBE-UD boundary rederivation"
"o1_U_N6_b0.9_o0.05_mu0.1",TRUE,"exists=FALSE; class=empty","2026-08-04","Goal 3 PBE-UD boundary rederivation"
"o1_U_N6_b0.9_o0.05_mu0.5",TRUE,"exists=FALSE; class=empty","2026-08-04","Goal 3 PBE-UD boundary rederivation"
"o1_U_N6_b0.9_o0.05_mu0.9",TRUE,"exists=FALSE; class=empty","2026-08-04","Goal 3 PBE-UD boundary rederivation"
"o1_U_N6_b0.9_o0.3_mu0.1",TRUE,"exists=FALSE; class=empty","2026-08-04","Goal 3 PBE-UD boundary rederivation"
"o1_U_N6_b0.9_o0.3_mu0.5",TRUE,"exists=FALSE; class=empty","2026-08-04","Goal 3 PBE-UD boundary rederivation"
"o1_U_N6_b0.9_o0.3_mu0.9",TRUE,"exists=FALSE; class=empty","2026-08-04","Goal 3 PBE-UD boundary rederivation"
"o1_U_N7_b0.2_o0_mu0.1",TRUE,"exists=TRUE; class=low_only","2026-08-04","Goal 3 PBE-UD boundary rederivation"
"o1_U_N7_b0.2_o0_mu0.5",TRUE,"exists=TRUE; class=low_only","2026-08-04","Goal 3 PBE-UD boundary rederivation"
"o1_U_N7_b0.2_o0_mu0.9",TRUE,"exists=TRUE; class=low_only","2026-08-04","Goal 3 PBE-UD boundary rederivation"
"o1_U_N7_b0.2_o0.05_mu0.1",TRUE,"exists=FALSE; class=empty","2026-08-04","Goal 3 PBE-UD boundary rederivation"
"o1_U_N7_b0.2_o0.05_mu0.5",TRUE,"exists=FALSE; class=empty","2026-08-04","Goal 3 PBE-UD boundary rederivation"
"o1_U_N7_b0.2_o0.05_mu0.9",TRUE,"exists=FALSE; class=empty","2026-08-04","Goal 3 PBE-UD boundary rederivation"
"o1_U_N7_b0.2_o0.3_mu0.1",TRUE,"exists=FALSE; class=empty","2026-08-04","Goal 3 PBE-UD boundary rederivation"
"o1_U_N7_b0.2_o0.3_mu0.5",TRUE,"exists=FALSE; class=empty","2026-08-04","Goal 3 PBE-UD boundary rederivation"
"o1_U_N7_b0.2_o0.3_mu0.9",TRUE,"exists=FALSE; class=empty","2026-08-04","Goal 3 PBE-UD boundary rederivation"
"o1_U_N7_b0.6_o0_mu0.1",TRUE,"exists=TRUE; class=low_only","2026-08-04","Goal 3 PBE-UD boundary rederivation"
"o1_U_N7_b0.6_o0_mu0.5",TRUE,"exists=TRUE; class=low_only","2026-08-04","Goal 3 PBE-UD boundary rederivation"
"o1_U_N7_b0.6_o0_mu0.9",TRUE,"exists=TRUE; class=low_only","2026-08-04","Goal 3 PBE-UD boundary rederivation"
"o1_U_N7_b0.6_o0.05_mu0.1",TRUE,"exists=FALSE; class=empty","2026-08-04","Goal 3 PBE-UD boundary rederivation"
"o1_U_N7_b0.6_o0.05_mu0.5",TRUE,"exists=FALSE; class=empty","2026-08-04","Goal 3 PBE-UD boundary rederivation"
"o1_U_N7_b0.6_o0.05_mu0.9",TRUE,"exists=FALSE; class=empty","2026-08-04","Goal 3 PBE-UD boundary rederivation"
"o1_U_N7_b0.6_o0.3_mu0.1",TRUE,"exists=FALSE; class=empty","2026-08-04","Goal 3 PBE-UD boundary rederivation"
"o1_U_N7_b0.6_o0.3_mu0.5",TRUE,"exists=FALSE; class=empty","2026-08-04","Goal 3 PBE-UD boundary rederivation"
"o1_U_N7_b0.6_o0.3_mu0.9",TRUE,"exists=FALSE; class=empty","2026-08-04","Goal 3 PBE-UD boundary rederivation"
"o1_U_N7_b0.9_o0_mu0.1",TRUE,"exists=TRUE; class=low_only","2026-08-04","Goal 3 PBE-UD boundary rederivation"
"o1_U_N7_b0.9_o0_mu0.5",TRUE,"exists=TRUE; class=low_only","2026-08-04","Goal 3 PBE-UD boundary rederivation"
"o1_U_N7_b0.9_o0_mu0.9",TRUE,"exists=TRUE; class=low_only","2026-08-04","Goal 3 PBE-UD boundary rederivation"
"o1_U_N7_b0.9_o0.05_mu0.1",TRUE,"exists=FALSE; class=empty","2026-08-04","Goal 3 PBE-UD boundary rederivation"
"o1_U_N7_b0.9_o0.05_mu0.5",TRUE,"exists=FALSE; class=empty","2026-08-04","Goal 3 PBE-UD boundary rederivation"
"o1_U_N7_b0.9_o0.05_mu0.9",TRUE,"exists=FALSE; class=empty","2026-08-04","Goal 3 PBE-UD boundary rederivation"
"o1_U_N7_b0.9_o0.3_mu0.1",TRUE,"exists=FALSE; class=empty","2026-08-04","Goal 3 PBE-UD boundary rederivation"
"o1_U_N7_b0.9_o0.3_mu0.5",TRUE,"exists=FALSE; class=empty","2026-08-04","Goal 3 PBE-UD boundary rederivation"
"o1_U_N7_b0.9_o0.3_mu0.9",TRUE,"exists=FALSE; class=empty","2026-08-04","Goal 3 PBE-UD boundary rederivation"
"o1_U_N8_b0.2_o0_mu0.1",TRUE,"exists=TRUE; class=low_only","2026-08-04","Goal 3 PBE-UD boundary rederivation"
"o1_U_N8_b0.2_o0_mu0.5",TRUE,"exists=TRUE; class=low_only","2026-08-04","Goal 3 PBE-UD boundary rederivation"
"o1_U_N8_b0.2_o0_mu0.9",TRUE,"exists=TRUE; class=low_only","2026-08-04","Goal 3 PBE-UD boundary rederivation"
"o1_U_N8_b0.2_o0.05_mu0.1",TRUE,"exists=FALSE; class=empty","2026-08-04","Goal 3 PBE-UD boundary rederivation"
"o1_U_N8_b0.2_o0.05_mu0.5",TRUE,"exists=FALSE; class=empty","2026-08-04","Goal 3 PBE-UD boundary rederivation"
"o1_U_N8_b0.2_o0.05_mu0.9",TRUE,"exists=FALSE; class=empty","2026-08-04","Goal 3 PBE-UD boundary rederivation"
"o1_U_N8_b0.2_o0.3_mu0.1",TRUE,"exists=FALSE; class=empty","2026-08-04","Goal 3 PBE-UD boundary rederivation"
"o1_U_N8_b0.2_o0.3_mu0.5",TRUE,"exists=FALSE; class=empty","2026-08-04","Goal 3 PBE-UD boundary rederivation"
"o1_U_N8_b0.2_o0.3_mu0.9",TRUE,"exists=FALSE; class=empty","2026-08-04","Goal 3 PBE-UD boundary rederivation"
"o1_U_N8_b0.6_o0_mu0.1",TRUE,"exists=TRUE; class=low_only","2026-08-04","Goal 3 PBE-UD boundary rederivation"
"o1_U_N8_b0.6_o0_mu0.5",TRUE,"exists=TRUE; class=low_only","2026-08-04","Goal 3 PBE-UD boundary rederivation"
"o1_U_N8_b0.6_o0_mu0.9",TRUE,"exists=TRUE; class=low_only","2026-08-04","Goal 3 PBE-UD boundary rederivation"
"o1_U_N8_b0.6_o0.05_mu0.1",TRUE,"exists=FALSE; class=empty","2026-08-04","Goal 3 PBE-UD boundary rederivation"
"o1_U_N8_b0.6_o0.05_mu0.5",TRUE,"exists=FALSE; class=empty","2026-08-04","Goal 3 PBE-UD boundary rederivation"
"o1_U_N8_b0.6_o0.05_mu0.9",TRUE,"exists=FALSE; class=empty","2026-08-04","Goal 3 PBE-UD boundary rederivation"
"o1_U_N8_b0.6_o0.3_mu0.1",TRUE,"exists=FALSE; class=empty","2026-08-04","Goal 3 PBE-UD boundary rederivation"
"o1_U_N8_b0.6_o0.3_mu0.5",TRUE,"exists=FALSE; class=empty","2026-08-04","Goal 3 PBE-UD boundary rederivation"
"o1_U_N8_b0.6_o0.3_mu0.9",TRUE,"exists=FALSE; class=empty","2026-08-04","Goal 3 PBE-UD boundary rederivation"
"o1_U_N8_b0.9_o0_mu0.1",TRUE,"exists=TRUE; class=low_only","2026-08-04","Goal 3 PBE-UD boundary rederivation"
"o1_U_N8_b0.9_o0_mu0.5",TRUE,"exists=TRUE; class=low_only","2026-08-04","Goal 3 PBE-UD boundary rederivation"
"o1_U_N8_b0.9_o0_mu0.9",TRUE,"exists=TRUE; class=low_only","2026-08-04","Goal 3 PBE-UD boundary rederivation"
"o1_U_N8_b0.9_o0.05_mu0.1",TRUE,"exists=FALSE; class=empty","2026-08-04","Goal 3 PBE-UD boundary rederivation"
"o1_U_N8_b0.9_o0.05_mu0.5",TRUE,"exists=FALSE; class=empty","2026-08-04","Goal 3 PBE-UD boundary rederivation"
"o1_U_N8_b0.9_o0.05_mu0.9",TRUE,"exists=FALSE; class=empty","2026-08-04","Goal 3 PBE-UD boundary rederivation"
"o1_U_N8_b0.9_o0.3_mu0.1",TRUE,"exists=FALSE; class=empty","2026-08-04","Goal 3 PBE-UD boundary rederivation"
"o1_U_N8_b0.9_o0.3_mu0.5",TRUE,"exists=FALSE; class=empty","2026-08-04","Goal 3 PBE-UD boundary rederivation"
"o1_U_N8_b0.9_o0.3_mu0.9",TRUE,"exists=FALSE; class=empty","2026-08-04","Goal 3 PBE-UD boundary rederivation"
"o1_U_N9_b0.2_o0_mu0.1",TRUE,"exists=TRUE; class=low_only","2026-08-04","Goal 3 PBE-UD boundary rederivation"
"o1_U_N9_b0.2_o0_mu0.5",TRUE,"exists=TRUE; class=low_only","2026-08-04","Goal 3 PBE-UD boundary rederivation"
"o1_U_N9_b0.2_o0_mu0.9",TRUE,"exists=TRUE; class=low_only","2026-08-04","Goal 3 PBE-UD boundary rederivation"
"o1_U_N9_b0.2_o0.05_mu0.1",TRUE,"exists=FALSE; class=empty","2026-08-04","Goal 3 PBE-UD boundary rederivation"
"o1_U_N9_b0.2_o0.05_mu0.5",TRUE,"exists=FALSE; class=empty","2026-08-04","Goal 3 PBE-UD boundary rederivation"
"o1_U_N9_b0.2_o0.05_mu0.9",TRUE,"exists=FALSE; class=empty","2026-08-04","Goal 3 PBE-UD boundary rederivation"
"o1_U_N9_b0.2_o0.3_mu0.1",TRUE,"exists=FALSE; class=empty","2026-08-04","Goal 3 PBE-UD boundary rederivation"
"o1_U_N9_b0.2_o0.3_mu0.5",TRUE,"exists=FALSE; class=empty","2026-08-04","Goal 3 PBE-UD boundary rederivation"
"o1_U_N9_b0.2_o0.3_mu0.9",TRUE,"exists=FALSE; class=empty","2026-08-04","Goal 3 PBE-UD boundary rederivation"
"o1_U_N9_b0.6_o0_mu0.1",TRUE,"exists=TRUE; class=low_only","2026-08-04","Goal 3 PBE-UD boundary rederivation"
"o1_U_N9_b0.6_o0_mu0.5",TRUE,"exists=TRUE; class=low_only","2026-08-04","Goal 3 PBE-UD boundary rederivation"
"o1_U_N9_b0.6_o0_mu0.9",TRUE,"exists=TRUE; class=low_only","2026-08-04","Goal 3 PBE-UD boundary rederivation"
"o1_U_N9_b0.6_o0.05_mu0.1",TRUE,"exists=FALSE; class=empty","2026-08-04","Goal 3 PBE-UD boundary rederivation"
"o1_U_N9_b0.6_o0.05_mu0.5",TRUE,"exists=FALSE; class=empty","2026-08-04","Goal 3 PBE-UD boundary rederivation"
"o1_U_N9_b0.6_o0.05_mu0.9",TRUE,"exists=FALSE; class=empty","2026-08-04","Goal 3 PBE-UD boundary rederivation"
"o1_U_N9_b0.6_o0.3_mu0.1",TRUE,"exists=FALSE; class=empty","2026-08-04","Goal 3 PBE-UD boundary rederivation"
"o1_U_N9_b0.6_o0.3_mu0.5",TRUE,"exists=FALSE; class=empty","2026-08-04","Goal 3 PBE-UD boundary rederivation"
"o1_U_N9_b0.6_o0.3_mu0.9",TRUE,"exists=FALSE; class=empty","2026-08-04","Goal 3 PBE-UD boundary rederivation"
"o1_U_N9_b0.9_o0_mu0.1",TRUE,"exists=TRUE; class=low_only","2026-08-04","Goal 3 PBE-UD boundary rederivation"
"o1_U_N9_b0.9_o0_mu0.5",TRUE,"exists=TRUE; class=low_only","2026-08-04","Goal 3 PBE-UD boundary rederivation"
"o1_U_N9_b0.9_o0_mu0.9",TRUE,"exists=TRUE; class=low_only","2026-08-04","Goal 3 PBE-UD boundary rederivation"
"o1_U_N9_b0.9_o0.05_mu0.1",TRUE,"exists=FALSE; class=empty","2026-08-04","Goal 3 PBE-UD boundary rederivation"
"o1_U_N9_b0.9_o0.05_mu0.5",TRUE,"exists=FALSE; class=empty","2026-08-04","Goal 3 PBE-UD boundary rederivation"
"o1_U_N9_b0.9_o0.05_mu0.9",TRUE,"exists=FALSE; class=empty","2026-08-04","Goal 3 PBE-UD boundary rederivation"
"o1_U_N9_b0.9_o0.3_mu0.1",TRUE,"exists=FALSE; class=empty","2026-08-04","Goal 3 PBE-UD boundary rederivation"
"o1_U_N9_b0.9_o0.3_mu0.5",TRUE,"exists=FALSE; class=empty","2026-08-04","Goal 3 PBE-UD boundary rederivation"
"o1_U_N9_b0.9_o0.3_mu0.9",TRUE,"exists=FALSE; class=empty","2026-08-04","Goal 3 PBE-UD boundary rederivation"
"o1_U_N10_b0.2_o0_mu0.1",TRUE,"exists=TRUE; class=low_only","2026-08-04","Goal 3 PBE-UD boundary rederivation"
"o1_U_N10_b0.2_o0_mu0.5",TRUE,"exists=TRUE; class=low_only","2026-08-04","Goal 3 PBE-UD boundary rederivation"
"o1_U_N10_b0.2_o0_mu0.9",TRUE,"exists=TRUE; class=low_only","2026-08-04","Goal 3 PBE-UD boundary rederivation"
"o1_U_N10_b0.2_o0.05_mu0.1",TRUE,"exists=FALSE; class=empty","2026-08-04","Goal 3 PBE-UD boundary rederivation"
"o1_U_N10_b0.2_o0.05_mu0.5",TRUE,"exists=FALSE; class=empty","2026-08-04","Goal 3 PBE-UD boundary rederivation"
"o1_U_N10_b0.2_o0.05_mu0.9",TRUE,"exists=FALSE; class=empty","2026-08-04","Goal 3 PBE-UD boundary rederivation"
"o1_U_N10_b0.2_o0.3_mu0.1",TRUE,"exists=FALSE; class=empty","2026-08-04","Goal 3 PBE-UD boundary rederivation"
"o1_U_N10_b0.2_o0.3_mu0.5",TRUE,"exists=FALSE; class=empty","2026-08-04","Goal 3 PBE-UD boundary rederivation"
"o1_U_N10_b0.2_o0.3_mu0.9",TRUE,"exists=FALSE; class=empty","2026-08-04","Goal 3 PBE-UD boundary rederivation"
"o1_U_N10_b0.6_o0_mu0.1",TRUE,"exists=TRUE; class=low_only","2026-08-04","Goal 3 PBE-UD boundary rederivation"
"o1_U_N10_b0.6_o0_mu0.5",TRUE,"exists=TRUE; class=low_only","2026-08-04","Goal 3 PBE-UD boundary rederivation"
"o1_U_N10_b0.6_o0_mu0.9",TRUE,"exists=TRUE; class=low_only","2026-08-04","Goal 3 PBE-UD boundary rederivation"
"o1_U_N10_b0.6_o0.05_mu0.1",TRUE,"exists=FALSE; class=empty","2026-08-04","Goal 3 PBE-UD boundary rederivation"
"o1_U_N10_b0.6_o0.05_mu0.5",TRUE,"exists=FALSE; class=empty","2026-08-04","Goal 3 PBE-UD boundary rederivation"
"o1_U_N10_b0.6_o0.05_mu0.9",TRUE,"exists=FALSE; class=empty","2026-08-04","Goal 3 PBE-UD boundary rederivation"
"o1_U_N10_b0.6_o0.3_mu0.1",TRUE,"exists=FALSE; class=empty","2026-08-04","Goal 3 PBE-UD boundary rederivation"
"o1_U_N10_b0.6_o0.3_mu0.5",TRUE,"exists=FALSE; class=empty","2026-08-04","Goal 3 PBE-UD boundary rederivation"
"o1_U_N10_b0.6_o0.3_mu0.9",TRUE,"exists=FALSE; class=empty","2026-08-04","Goal 3 PBE-UD boundary rederivation"
"o1_U_N10_b0.9_o0_mu0.1",TRUE,"exists=TRUE; class=low_only","2026-08-04","Goal 3 PBE-UD boundary rederivation"
"o1_U_N10_b0.9_o0_mu0.5",TRUE,"exists=TRUE; class=low_only","2026-08-04","Goal 3 PBE-UD boundary rederivation"
"o1_U_N10_b0.9_o0_mu0.9",TRUE,"exists=TRUE; class=low_only","2026-08-04","Goal 3 PBE-UD boundary rederivation"
"o1_U_N10_b0.9_o0.05_mu0.1",TRUE,"exists=FALSE; class=empty","2026-08-04","Goal 3 PBE-UD boundary rederivation"
"o1_U_N10_b0.9_o0.05_mu0.5",TRUE,"exists=FALSE; class=empty","2026-08-04","Goal 3 PBE-UD boundary rederivation"
"o1_U_N10_b0.9_o0.05_mu0.9",TRUE,"exists=FALSE; class=empty","2026-08-04","Goal 3 PBE-UD boundary rederivation"
"o1_U_N10_b0.9_o0.3_mu0.1",TRUE,"exists=FALSE; class=empty","2026-08-04","Goal 3 PBE-UD boundary rederivation"
"o1_U_N10_b0.9_o0.3_mu0.5",TRUE,"exists=FALSE; class=empty","2026-08-04","Goal 3 PBE-UD boundary rederivation"
"o1_U_N10_b0.9_o0.3_mu0.9",TRUE,"exists=FALSE; class=empty","2026-08-04","Goal 3 PBE-UD boundary rederivation"
"endpoint_U_lower_empty_N3_b0.2_o0.05_h0.4",TRUE,"nu2=0.36842105; P=0.60000000; D=0.95000000","2026-08-04","Goal 3 PBE-UD boundary rederivation"
"endpoint_M_conditions_N3_b0.2_o0.05_h0.4",TRUE,"lower_exists=TRUE; upper_exists=TRUE; E-B0=-0.05000000; E-B1=0.80000000; E-C=0.30000000; c=0.10000000","2026-08-04","Goal 3 PBE-UD boundary rederivation"
"endpoint_U_lower_empty_N3_b0.2_o0.05_h0.8",TRUE,"nu2=0.78947368; P=0.20000000; D=0.95000000","2026-08-04","Goal 3 PBE-UD boundary rederivation"
"endpoint_M_conditions_N3_b0.2_o0.05_h0.8",TRUE,"lower_exists=TRUE; upper_exists=TRUE; E-B0=-0.05000000; E-B1=0.80000000; E-C=0.70000000; c=0.10000000","2026-08-04","Goal 3 PBE-UD boundary rederivation"
"endpoint_U_lower_empty_N3_b0.2_o0.2_h0.4",TRUE,"nu2=0.25000000; P=0.60000000; D=0.80000000","2026-08-04","Goal 3 PBE-UD boundary rederivation"
"endpoint_M_conditions_N3_b0.2_o0.2_h0.4",TRUE,"lower_exists=TRUE; upper_exists=TRUE; E-B0=0.10000000; E-B1=0.80000000; E-C=0.30000000; c=0.10000000","2026-08-04","Goal 3 PBE-UD boundary rederivation"
"endpoint_U_lower_empty_N3_b0.2_o0.2_h0.8",TRUE,"nu2=0.75000000; P=0.20000000; D=0.80000000","2026-08-04","Goal 3 PBE-UD boundary rederivation"
"endpoint_M_conditions_N3_b0.2_o0.2_h0.8",TRUE,"lower_exists=TRUE; upper_exists=TRUE; E-B0=0.10000000; E-B1=0.80000000; E-C=0.70000000; c=0.10000000","2026-08-04","Goal 3 PBE-UD boundary rederivation"
"endpoint_U_lower_empty_N3_b0.6_o0.05_h0.4",TRUE,"nu2=0.36842105; P=0.60000000; D=0.95000000","2026-08-04","Goal 3 PBE-UD boundary rederivation"
"endpoint_M_conditions_N3_b0.6_o0.05_h0.4",TRUE,"lower_exists=TRUE; upper_exists=TRUE; E-B0=-0.25000000; E-B1=0.40000000; E-C=0.10000000; c=0.30000000","2026-08-04","Goal 3 PBE-UD boundary rederivation"
"endpoint_U_lower_empty_N3_b0.6_o0.05_h0.8",TRUE,"nu2=0.78947368; P=0.20000000; D=0.95000000","2026-08-04","Goal 3 PBE-UD boundary rederivation"
"endpoint_M_conditions_N3_b0.6_o0.05_h0.8",TRUE,"lower_exists=TRUE; upper_exists=TRUE; E-B0=-0.25000000; E-B1=0.40000000; E-C=0.50000000; c=0.30000000","2026-08-04","Goal 3 PBE-UD boundary rederivation"
"endpoint_U_lower_empty_N3_b0.6_o0.2_h0.4",TRUE,"nu2=0.25000000; P=0.60000000; D=0.80000000","2026-08-04","Goal 3 PBE-UD boundary rederivation"
"endpoint_M_conditions_N3_b0.6_o0.2_h0.4",TRUE,"lower_exists=TRUE; upper_exists=TRUE; E-B0=-0.10000000; E-B1=0.40000000; E-C=0.10000000; c=0.30000000","2026-08-04","Goal 3 PBE-UD boundary rederivation"
"endpoint_U_lower_empty_N3_b0.6_o0.2_h0.8",TRUE,"nu2=0.75000000; P=0.20000000; D=0.80000000","2026-08-04","Goal 3 PBE-UD boundary rederivation"
"endpoint_M_conditions_N3_b0.6_o0.2_h0.8",TRUE,"lower_exists=TRUE; upper_exists=TRUE; E-B0=-0.10000000; E-B1=0.40000000; E-C=0.50000000; c=0.30000000","2026-08-04","Goal 3 PBE-UD boundary rederivation"
"endpoint_U_lower_empty_N3_b0.9_o0.05_h0.4",TRUE,"nu2=0.36842105; P=0.60000000; D=0.95000000","2026-08-04","Goal 3 PBE-UD boundary rederivation"
"endpoint_M_conditions_N3_b0.9_o0.05_h0.4",TRUE,"lower_exists=TRUE; upper_exists=TRUE; E-B0=-0.40000000; E-B1=0.10000000; E-C=-0.05000000; c=0.45000000","2026-08-04","Goal 3 PBE-UD boundary rederivation"
"endpoint_U_lower_empty_N3_b0.9_o0.05_h0.8",TRUE,"nu2=0.78947368; P=0.20000000; D=0.95000000","2026-08-04","Goal 3 PBE-UD boundary rederivation"
"endpoint_M_conditions_N3_b0.9_o0.05_h0.8",TRUE,"lower_exists=TRUE; upper_exists=TRUE; E-B0=-0.40000000; E-B1=0.10000000; E-C=0.35000000; c=0.45000000","2026-08-04","Goal 3 PBE-UD boundary rederivation"
"endpoint_U_lower_empty_N3_b0.9_o0.2_h0.4",TRUE,"nu2=0.25000000; P=0.60000000; D=0.80000000","2026-08-04","Goal 3 PBE-UD boundary rederivation"
"endpoint_M_conditions_N3_b0.9_o0.2_h0.4",TRUE,"lower_exists=TRUE; upper_exists=TRUE; E-B0=-0.25000000; E-B1=0.10000000; E-C=-0.05000000; c=0.45000000","2026-08-04","Goal 3 PBE-UD boundary rederivation"
"endpoint_U_lower_empty_N3_b0.9_o0.2_h0.8",TRUE,"nu2=0.75000000; P=0.20000000; D=0.80000000","2026-08-04","Goal 3 PBE-UD boundary rederivation"
"endpoint_M_conditions_N3_b0.9_o0.2_h0.8",TRUE,"lower_exists=TRUE; upper_exists=TRUE; E-B0=-0.25000000; E-B1=0.10000000; E-C=0.35000000; c=0.45000000","2026-08-04","Goal 3 PBE-UD boundary rederivation"
"endpoint_U_lower_empty_N4_b0.2_o0.05_h0.4",TRUE,"nu2=0.36842105; P=0.60000000; D=0.95000000","2026-08-04","Goal 3 PBE-UD boundary rederivation"
"endpoint_M_conditions_N4_b0.2_o0.05_h0.4",TRUE,"lower_exists=FALSE; upper_exists=TRUE; E-B0=-0.01666667; E-B1=0.80000000; E-C=0.33333333; c=0.06666667","2026-08-04","Goal 3 PBE-UD boundary rederivation"
"endpoint_U_lower_empty_N4_b0.2_o0.05_h0.8",TRUE,"nu2=0.78947368; P=0.20000000; D=0.95000000","2026-08-04","Goal 3 PBE-UD boundary rederivation"
"endpoint_M_conditions_N4_b0.2_o0.05_h0.8",TRUE,"lower_exists=FALSE; upper_exists=TRUE; E-B0=-0.01666667; E-B1=0.80000000; E-C=0.73333333; c=0.06666667","2026-08-04","Goal 3 PBE-UD boundary rederivation"
"endpoint_U_lower_empty_N4_b0.2_o0.2_h0.4",TRUE,"nu2=0.25000000; P=0.60000000; D=0.80000000","2026-08-04","Goal 3 PBE-UD boundary rederivation"
"endpoint_M_conditions_N4_b0.2_o0.2_h0.4",TRUE,"lower_exists=TRUE; upper_exists=TRUE; E-B0=0.13333333; E-B1=0.80000000; E-C=0.33333333; c=0.06666667","2026-08-04","Goal 3 PBE-UD boundary rederivation"
"endpoint_U_lower_empty_N4_b0.2_o0.2_h0.8",TRUE,"nu2=0.75000000; P=0.20000000; D=0.80000000","2026-08-04","Goal 3 PBE-UD boundary rederivation"
"endpoint_M_conditions_N4_b0.2_o0.2_h0.8",TRUE,"lower_exists=TRUE; upper_exists=TRUE; E-B0=0.13333333; E-B1=0.80000000; E-C=0.73333333; c=0.06666667","2026-08-04","Goal 3 PBE-UD boundary rederivation"
"endpoint_U_lower_empty_N4_b0.6_o0.05_h0.4",TRUE,"nu2=0.36842105; P=0.60000000; D=0.95000000","2026-08-04","Goal 3 PBE-UD boundary rederivation"
"endpoint_M_conditions_N4_b0.6_o0.05_h0.4",TRUE,"lower_exists=FALSE; upper_exists=TRUE; E-B0=-0.15000000; E-B1=0.40000000; E-C=0.20000000; c=0.20000000","2026-08-04","Goal 3 PBE-UD boundary rederivation"
"endpoint_U_lower_empty_N4_b0.6_o0.05_h0.8",TRUE,"nu2=0.78947368; P=0.20000000; D=0.95000000","2026-08-04","Goal 3 PBE-UD boundary rederivation"
"endpoint_M_conditions_N4_b0.6_o0.05_h0.8",TRUE,"lower_exists=FALSE; upper_exists=TRUE; E-B0=-0.15000000; E-B1=0.40000000; E-C=0.60000000; c=0.20000000","2026-08-04","Goal 3 PBE-UD boundary rederivation"
"endpoint_U_lower_empty_N4_b0.6_o0.2_h0.4",TRUE,"nu2=0.25000000; P=0.60000000; D=0.80000000","2026-08-04","Goal 3 PBE-UD boundary rederivation"
"endpoint_M_conditions_N4_b0.6_o0.2_h0.4",TRUE,"lower_exists=TRUE; upper_exists=TRUE; E-B0=0.00000000; E-B1=0.40000000; E-C=0.20000000; c=0.20000000","2026-08-04","Goal 3 PBE-UD boundary rederivation"
"endpoint_U_lower_empty_N4_b0.6_o0.2_h0.8",TRUE,"nu2=0.75000000; P=0.20000000; D=0.80000000","2026-08-04","Goal 3 PBE-UD boundary rederivation"
"endpoint_M_conditions_N4_b0.6_o0.2_h0.8",TRUE,"lower_exists=TRUE; upper_exists=TRUE; E-B0=0.00000000; E-B1=0.40000000; E-C=0.60000000; c=0.20000000","2026-08-04","Goal 3 PBE-UD boundary rederivation"
"endpoint_U_lower_empty_N4_b0.9_o0.05_h0.4",TRUE,"nu2=0.36842105; P=0.60000000; D=0.95000000","2026-08-04","Goal 3 PBE-UD boundary rederivation"
"endpoint_M_conditions_N4_b0.9_o0.05_h0.4",TRUE,"lower_exists=FALSE; upper_exists=TRUE; E-B0=-0.25000000; E-B1=0.10000000; E-C=0.10000000; c=0.30000000","2026-08-04","Goal 3 PBE-UD boundary rederivation"
"endpoint_U_lower_empty_N4_b0.9_o0.05_h0.8",TRUE,"nu2=0.78947368; P=0.20000000; D=0.95000000","2026-08-04","Goal 3 PBE-UD boundary rederivation"
"endpoint_M_conditions_N4_b0.9_o0.05_h0.8",TRUE,"lower_exists=FALSE; upper_exists=TRUE; E-B0=-0.25000000; E-B1=0.10000000; E-C=0.50000000; c=0.30000000","2026-08-04","Goal 3 PBE-UD boundary rederivation"
"endpoint_U_lower_empty_N4_b0.9_o0.2_h0.4",TRUE,"nu2=0.25000000; P=0.60000000; D=0.80000000","2026-08-04","Goal 3 PBE-UD boundary rederivation"
"endpoint_M_conditions_N4_b0.9_o0.2_h0.4",TRUE,"lower_exists=FALSE; upper_exists=TRUE; E-B0=-0.10000000; E-B1=0.10000000; E-C=0.10000000; c=0.30000000","2026-08-04","Goal 3 PBE-UD boundary rederivation"
"endpoint_U_lower_empty_N4_b0.9_o0.2_h0.8",TRUE,"nu2=0.75000000; P=0.20000000; D=0.80000000","2026-08-04","Goal 3 PBE-UD boundary rederivation"
"endpoint_M_conditions_N4_b0.9_o0.2_h0.8",TRUE,"lower_exists=FALSE; upper_exists=TRUE; E-B0=-0.10000000; E-B1=0.10000000; E-C=0.50000000; c=0.30000000","2026-08-04","Goal 3 PBE-UD boundary rederivation"
"endpoint_U_lower_empty_N5_b0.2_o0.05_h0.4",TRUE,"nu2=0.36842105; P=0.60000000; D=0.95000000","2026-08-04","Goal 3 PBE-UD boundary rederivation"
"endpoint_M_conditions_N5_b0.2_o0.05_h0.4",TRUE,"lower_exists=TRUE; upper_exists=TRUE; E-B0=0.00000000; E-B1=0.85000000; E-C=0.35000000; c=0.05000000","2026-08-04","Goal 3 PBE-UD boundary rederivation"
"endpoint_U_lower_empty_N5_b0.2_o0.05_h0.8",TRUE,"nu2=0.78947368; P=0.20000000; D=0.95000000","2026-08-04","Goal 3 PBE-UD boundary rederivation"
"endpoint_M_conditions_N5_b0.2_o0.05_h0.8",TRUE,"lower_exists=TRUE; upper_exists=TRUE; E-B0=0.00000000; E-B1=0.85000000; E-C=0.75000000; c=0.05000000","2026-08-04","Goal 3 PBE-UD boundary rederivation"
"endpoint_U_lower_empty_N5_b0.2_o0.2_h0.4",TRUE,"nu2=0.25000000; P=0.60000000; D=0.80000000","2026-08-04","Goal 3 PBE-UD boundary rederivation"
"endpoint_M_conditions_N5_b0.2_o0.2_h0.4",TRUE,"lower_exists=TRUE; upper_exists=TRUE; E-B0=0.15000000; E-B1=0.85000000; E-C=0.35000000; c=0.05000000","2026-08-04","Goal 3 PBE-UD boundary rederivation"
"endpoint_U_lower_empty_N5_b0.2_o0.2_h0.8",TRUE,"nu2=0.75000000; P=0.20000000; D=0.80000000","2026-08-04","Goal 3 PBE-UD boundary rederivation"
"endpoint_M_conditions_N5_b0.2_o0.2_h0.8",TRUE,"lower_exists=TRUE; upper_exists=TRUE; E-B0=0.15000000; E-B1=0.85000000; E-C=0.75000000; c=0.05000000","2026-08-04","Goal 3 PBE-UD boundary rederivation"
"endpoint_U_lower_empty_N5_b0.6_o0.05_h0.4",TRUE,"nu2=0.36842105; P=0.60000000; D=0.95000000","2026-08-04","Goal 3 PBE-UD boundary rederivation"
"endpoint_M_conditions_N5_b0.6_o0.05_h0.4",TRUE,"lower_exists=FALSE; upper_exists=TRUE; E-B0=-0.10000000; E-B1=0.55000000; E-C=0.25000000; c=0.15000000","2026-08-04","Goal 3 PBE-UD boundary rederivation"
"endpoint_U_lower_empty_N5_b0.6_o0.05_h0.8",TRUE,"nu2=0.78947368; P=0.20000000; D=0.95000000","2026-08-04","Goal 3 PBE-UD boundary rederivation"
"endpoint_M_conditions_N5_b0.6_o0.05_h0.8",TRUE,"lower_exists=FALSE; upper_exists=TRUE; E-B0=-0.10000000; E-B1=0.55000000; E-C=0.65000000; c=0.15000000","2026-08-04","Goal 3 PBE-UD boundary rederivation"
"endpoint_U_lower_empty_N5_b0.6_o0.2_h0.4",TRUE,"nu2=0.25000000; P=0.60000000; D=0.80000000","2026-08-04","Goal 3 PBE-UD boundary rederivation"
"endpoint_M_conditions_N5_b0.6_o0.2_h0.4",TRUE,"lower_exists=TRUE; upper_exists=TRUE; E-B0=0.05000000; E-B1=0.55000000; E-C=0.25000000; c=0.15000000","2026-08-04","Goal 3 PBE-UD boundary rederivation"
"endpoint_U_lower_empty_N5_b0.6_o0.2_h0.8",TRUE,"nu2=0.75000000; P=0.20000000; D=0.80000000","2026-08-04","Goal 3 PBE-UD boundary rederivation"
"endpoint_M_conditions_N5_b0.6_o0.2_h0.8",TRUE,"lower_exists=TRUE; upper_exists=TRUE; E-B0=0.05000000; E-B1=0.55000000; E-C=0.65000000; c=0.15000000","2026-08-04","Goal 3 PBE-UD boundary rederivation"
"endpoint_U_lower_empty_N5_b0.9_o0.05_h0.4",TRUE,"nu2=0.36842105; P=0.60000000; D=0.95000000","2026-08-04","Goal 3 PBE-UD boundary rederivation"
"endpoint_M_conditions_N5_b0.9_o0.05_h0.4",TRUE,"lower_exists=FALSE; upper_exists=TRUE; E-B0=-0.17500000; E-B1=0.32500000; E-C=0.17500000; c=0.22500000","2026-08-04","Goal 3 PBE-UD boundary rederivation"
"endpoint_U_lower_empty_N5_b0.9_o0.05_h0.8",TRUE,"nu2=0.78947368; P=0.20000000; D=0.95000000","2026-08-04","Goal 3 PBE-UD boundary rederivation"
"endpoint_M_conditions_N5_b0.9_o0.05_h0.8",TRUE,"lower_exists=FALSE; upper_exists=TRUE; E-B0=-0.17500000; E-B1=0.32500000; E-C=0.57500000; c=0.22500000","2026-08-04","Goal 3 PBE-UD boundary rederivation"
"endpoint_U_lower_empty_N5_b0.9_o0.2_h0.4",TRUE,"nu2=0.25000000; P=0.60000000; D=0.80000000","2026-08-04","Goal 3 PBE-UD boundary rederivation"
"endpoint_M_conditions_N5_b0.9_o0.2_h0.4",TRUE,"lower_exists=FALSE; upper_exists=TRUE; E-B0=-0.02500000; E-B1=0.32500000; E-C=0.17500000; c=0.22500000","2026-08-04","Goal 3 PBE-UD boundary rederivation"
"endpoint_U_lower_empty_N5_b0.9_o0.2_h0.8",TRUE,"nu2=0.75000000; P=0.20000000; D=0.80000000","2026-08-04","Goal 3 PBE-UD boundary rederivation"
"endpoint_M_conditions_N5_b0.9_o0.2_h0.8",TRUE,"lower_exists=FALSE; upper_exists=TRUE; E-B0=-0.02500000; E-B1=0.32500000; E-C=0.57500000; c=0.22500000","2026-08-04","Goal 3 PBE-UD boundary rederivation"
"endpoint_U_lower_empty_N6_b0.2_o0.05_h0.4",TRUE,"nu2=0.36842105; P=0.60000000; D=0.95000000","2026-08-04","Goal 3 PBE-UD boundary rederivation"
"endpoint_M_conditions_N6_b0.2_o0.05_h0.4",TRUE,"lower_exists=TRUE; upper_exists=TRUE; E-B0=0.01000000; E-B1=0.84000000; E-C=0.36000000; c=0.04000000","2026-08-04","Goal 3 PBE-UD boundary rederivation"
"endpoint_U_lower_empty_N6_b0.2_o0.05_h0.8",TRUE,"nu2=0.78947368; P=0.20000000; D=0.95000000","2026-08-04","Goal 3 PBE-UD boundary rederivation"
"endpoint_M_conditions_N6_b0.2_o0.05_h0.8",TRUE,"lower_exists=TRUE; upper_exists=TRUE; E-B0=0.01000000; E-B1=0.84000000; E-C=0.76000000; c=0.04000000","2026-08-04","Goal 3 PBE-UD boundary rederivation"
"endpoint_U_lower_empty_N6_b0.2_o0.2_h0.4",TRUE,"nu2=0.25000000; P=0.60000000; D=0.80000000","2026-08-04","Goal 3 PBE-UD boundary rederivation"
"endpoint_M_conditions_N6_b0.2_o0.2_h0.4",TRUE,"lower_exists=TRUE; upper_exists=TRUE; E-B0=0.16000000; E-B1=0.84000000; E-C=0.36000000; c=0.04000000","2026-08-04","Goal 3 PBE-UD boundary rederivation"
"endpoint_U_lower_empty_N6_b0.2_o0.2_h0.8",TRUE,"nu2=0.75000000; P=0.20000000; D=0.80000000","2026-08-04","Goal 3 PBE-UD boundary rederivation"
"endpoint_M_conditions_N6_b0.2_o0.2_h0.8",TRUE,"lower_exists=TRUE; upper_exists=TRUE; E-B0=0.16000000; E-B1=0.84000000; E-C=0.76000000; c=0.04000000","2026-08-04","Goal 3 PBE-UD boundary rederivation"
"endpoint_U_lower_empty_N6_b0.6_o0.05_h0.4",TRUE,"nu2=0.36842105; P=0.60000000; D=0.95000000","2026-08-04","Goal 3 PBE-UD boundary rederivation"
"endpoint_M_conditions_N6_b0.6_o0.05_h0.4",TRUE,"lower_exists=FALSE; upper_exists=TRUE; E-B0=-0.07000000; E-B1=0.52000000; E-C=0.28000000; c=0.12000000","2026-08-04","Goal 3 PBE-UD boundary rederivation"
"endpoint_U_lower_empty_N6_b0.6_o0.05_h0.8",TRUE,"nu2=0.78947368; P=0.20000000; D=0.95000000","2026-08-04","Goal 3 PBE-UD boundary rederivation"
"endpoint_M_conditions_N6_b0.6_o0.05_h0.8",TRUE,"lower_exists=FALSE; upper_exists=TRUE; E-B0=-0.07000000; E-B1=0.52000000; E-C=0.68000000; c=0.12000000","2026-08-04","Goal 3 PBE-UD boundary rederivation"
"endpoint_U_lower_empty_N6_b0.6_o0.2_h0.4",TRUE,"nu2=0.25000000; P=0.60000000; D=0.80000000","2026-08-04","Goal 3 PBE-UD boundary rederivation"
"endpoint_M_conditions_N6_b0.6_o0.2_h0.4",TRUE,"lower_exists=TRUE; upper_exists=TRUE; E-B0=0.08000000; E-B1=0.52000000; E-C=0.28000000; c=0.12000000","2026-08-04","Goal 3 PBE-UD boundary rederivation"
"endpoint_U_lower_empty_N6_b0.6_o0.2_h0.8",TRUE,"nu2=0.75000000; P=0.20000000; D=0.80000000","2026-08-04","Goal 3 PBE-UD boundary rederivation"
"endpoint_M_conditions_N6_b0.6_o0.2_h0.8",TRUE,"lower_exists=TRUE; upper_exists=TRUE; E-B0=0.08000000; E-B1=0.52000000; E-C=0.68000000; c=0.12000000","2026-08-04","Goal 3 PBE-UD boundary rederivation"
"endpoint_U_lower_empty_N6_b0.9_o0.05_h0.4",TRUE,"nu2=0.36842105; P=0.60000000; D=0.95000000","2026-08-04","Goal 3 PBE-UD boundary rederivation"
"endpoint_M_conditions_N6_b0.9_o0.05_h0.4",TRUE,"lower_exists=FALSE; upper_exists=TRUE; E-B0=-0.13000000; E-B1=0.28000000; E-C=0.22000000; c=0.18000000","2026-08-04","Goal 3 PBE-UD boundary rederivation"
"endpoint_U_lower_empty_N6_b0.9_o0.05_h0.8",TRUE,"nu2=0.78947368; P=0.20000000; D=0.95000000","2026-08-04","Goal 3 PBE-UD boundary rederivation"
"endpoint_M_conditions_N6_b0.9_o0.05_h0.8",TRUE,"lower_exists=FALSE; upper_exists=TRUE; E-B0=-0.13000000; E-B1=0.28000000; E-C=0.62000000; c=0.18000000","2026-08-04","Goal 3 PBE-UD boundary rederivation"
"endpoint_U_lower_empty_N6_b0.9_o0.2_h0.4",TRUE,"nu2=0.25000000; P=0.60000000; D=0.80000000","2026-08-04","Goal 3 PBE-UD boundary rederivation"
"endpoint_M_conditions_N6_b0.9_o0.2_h0.4",TRUE,"lower_exists=TRUE; upper_exists=TRUE; E-B0=0.02000000; E-B1=0.28000000; E-C=0.22000000; c=0.18000000","2026-08-04","Goal 3 PBE-UD boundary rederivation"
"endpoint_U_lower_empty_N6_b0.9_o0.2_h0.8",TRUE,"nu2=0.75000000; P=0.20000000; D=0.80000000","2026-08-04","Goal 3 PBE-UD boundary rederivation"
"endpoint_M_conditions_N6_b0.9_o0.2_h0.8",TRUE,"lower_exists=TRUE; upper_exists=TRUE; E-B0=0.02000000; E-B1=0.28000000; E-C=0.62000000; c=0.18000000","2026-08-04","Goal 3 PBE-UD boundary rederivation"
"endpoint_U_lower_empty_N7_b0.2_o0.05_h0.4",TRUE,"nu2=0.36842105; P=0.60000000; D=0.95000000","2026-08-04","Goal 3 PBE-UD boundary rederivation"
"endpoint_M_conditions_N7_b0.2_o0.05_h0.4",TRUE,"lower_exists=TRUE; upper_exists=TRUE; E-B0=0.01666667; E-B1=0.86666667; E-C=0.36666667; c=0.03333333","2026-08-04","Goal 3 PBE-UD boundary rederivation"
"endpoint_U_lower_empty_N7_b0.2_o0.05_h0.8",TRUE,"nu2=0.78947368; P=0.20000000; D=0.95000000","2026-08-04","Goal 3 PBE-UD boundary rederivation"
"endpoint_M_conditions_N7_b0.2_o0.05_h0.8",TRUE,"lower_exists=TRUE; upper_exists=TRUE; E-B0=0.01666667; E-B1=0.86666667; E-C=0.76666667; c=0.03333333","2026-08-04","Goal 3 PBE-UD boundary rederivation"
"endpoint_U_lower_empty_N7_b0.2_o0.2_h0.4",TRUE,"nu2=0.25000000; P=0.60000000; D=0.80000000","2026-08-04","Goal 3 PBE-UD boundary rederivation"
"endpoint_M_conditions_N7_b0.2_o0.2_h0.4",TRUE,"lower_exists=TRUE; upper_exists=TRUE; E-B0=0.16666667; E-B1=0.86666667; E-C=0.36666667; c=0.03333333","2026-08-04","Goal 3 PBE-UD boundary rederivation"
"endpoint_U_lower_empty_N7_b0.2_o0.2_h0.8",TRUE,"nu2=0.75000000; P=0.20000000; D=0.80000000","2026-08-04","Goal 3 PBE-UD boundary rederivation"
"endpoint_M_conditions_N7_b0.2_o0.2_h0.8",TRUE,"lower_exists=TRUE; upper_exists=TRUE; E-B0=0.16666667; E-B1=0.86666667; E-C=0.76666667; c=0.03333333","2026-08-04","Goal 3 PBE-UD boundary rederivation"
"endpoint_U_lower_empty_N7_b0.6_o0.05_h0.4",TRUE,"nu2=0.36842105; P=0.60000000; D=0.95000000","2026-08-04","Goal 3 PBE-UD boundary rederivation"
"endpoint_M_conditions_N7_b0.6_o0.05_h0.4",TRUE,"lower_exists=FALSE; upper_exists=TRUE; E-B0=-0.05000000; E-B1=0.60000000; E-C=0.30000000; c=0.10000000","2026-08-04","Goal 3 PBE-UD boundary rederivation"
"endpoint_U_lower_empty_N7_b0.6_o0.05_h0.8",TRUE,"nu2=0.78947368; P=0.20000000; D=0.95000000","2026-08-04","Goal 3 PBE-UD boundary rederivation"
"endpoint_M_conditions_N7_b0.6_o0.05_h0.8",TRUE,"lower_exists=FALSE; upper_exists=TRUE; E-B0=-0.05000000; E-B1=0.60000000; E-C=0.70000000; c=0.10000000","2026-08-04","Goal 3 PBE-UD boundary rederivation"
"endpoint_U_lower_empty_N7_b0.6_o0.2_h0.4",TRUE,"nu2=0.25000000; P=0.60000000; D=0.80000000","2026-08-04","Goal 3 PBE-UD boundary rederivation"
"endpoint_M_conditions_N7_b0.6_o0.2_h0.4",TRUE,"lower_exists=TRUE; upper_exists=TRUE; E-B0=0.10000000; E-B1=0.60000000; E-C=0.30000000; c=0.10000000","2026-08-04","Goal 3 PBE-UD boundary rederivation"
"endpoint_U_lower_empty_N7_b0.6_o0.2_h0.8",TRUE,"nu2=0.75000000; P=0.20000000; D=0.80000000","2026-08-04","Goal 3 PBE-UD boundary rederivation"
"endpoint_M_conditions_N7_b0.6_o0.2_h0.8",TRUE,"lower_exists=TRUE; upper_exists=TRUE; E-B0=0.10000000; E-B1=0.60000000; E-C=0.70000000; c=0.10000000","2026-08-04","Goal 3 PBE-UD boundary rederivation"
"endpoint_U_lower_empty_N7_b0.9_o0.05_h0.4",TRUE,"nu2=0.36842105; P=0.60000000; D=0.95000000","2026-08-04","Goal 3 PBE-UD boundary rederivation"
"endpoint_M_conditions_N7_b0.9_o0.05_h0.4",TRUE,"lower_exists=FALSE; upper_exists=TRUE; E-B0=-0.10000000; E-B1=0.40000000; E-C=0.25000000; c=0.15000000","2026-08-04","Goal 3 PBE-UD boundary rederivation"
"endpoint_U_lower_empty_N7_b0.9_o0.05_h0.8",TRUE,"nu2=0.78947368; P=0.20000000; D=0.95000000","2026-08-04","Goal 3 PBE-UD boundary rederivation"
"endpoint_M_conditions_N7_b0.9_o0.05_h0.8",TRUE,"lower_exists=FALSE; upper_exists=TRUE; E-B0=-0.10000000; E-B1=0.40000000; E-C=0.65000000; c=0.15000000","2026-08-04","Goal 3 PBE-UD boundary rederivation"
"endpoint_U_lower_empty_N7_b0.9_o0.2_h0.4",TRUE,"nu2=0.25000000; P=0.60000000; D=0.80000000","2026-08-04","Goal 3 PBE-UD boundary rederivation"
"endpoint_M_conditions_N7_b0.9_o0.2_h0.4",TRUE,"lower_exists=TRUE; upper_exists=TRUE; E-B0=0.05000000; E-B1=0.40000000; E-C=0.25000000; c=0.15000000","2026-08-04","Goal 3 PBE-UD boundary rederivation"
"endpoint_U_lower_empty_N7_b0.9_o0.2_h0.8",TRUE,"nu2=0.75000000; P=0.20000000; D=0.80000000","2026-08-04","Goal 3 PBE-UD boundary rederivation"
"endpoint_M_conditions_N7_b0.9_o0.2_h0.8",TRUE,"lower_exists=TRUE; upper_exists=TRUE; E-B0=0.05000000; E-B1=0.40000000; E-C=0.65000000; c=0.15000000","2026-08-04","Goal 3 PBE-UD boundary rederivation"
"endpoint_U_lower_empty_N8_b0.2_o0.05_h0.4",TRUE,"nu2=0.36842105; P=0.60000000; D=0.95000000","2026-08-04","Goal 3 PBE-UD boundary rederivation"
"endpoint_M_conditions_N8_b0.2_o0.05_h0.4",TRUE,"lower_exists=TRUE; upper_exists=TRUE; E-B0=0.02142857; E-B1=0.85714286; E-C=0.37142857; c=0.02857143","2026-08-04","Goal 3 PBE-UD boundary rederivation"
"endpoint_U_lower_empty_N8_b0.2_o0.05_h0.8",TRUE,"nu2=0.78947368; P=0.20000000; D=0.95000000","2026-08-04","Goal 3 PBE-UD boundary rederivation"
"endpoint_M_conditions_N8_b0.2_o0.05_h0.8",TRUE,"lower_exists=TRUE; upper_exists=TRUE; E-B0=0.02142857; E-B1=0.85714286; E-C=0.77142857; c=0.02857143","2026-08-04","Goal 3 PBE-UD boundary rederivation"
"endpoint_U_lower_empty_N8_b0.2_o0.2_h0.4",TRUE,"nu2=0.25000000; P=0.60000000; D=0.80000000","2026-08-04","Goal 3 PBE-UD boundary rederivation"
"endpoint_M_conditions_N8_b0.2_o0.2_h0.4",TRUE,"lower_exists=TRUE; upper_exists=TRUE; E-B0=0.17142857; E-B1=0.85714286; E-C=0.37142857; c=0.02857143","2026-08-04","Goal 3 PBE-UD boundary rederivation"
"endpoint_U_lower_empty_N8_b0.2_o0.2_h0.8",TRUE,"nu2=0.75000000; P=0.20000000; D=0.80000000","2026-08-04","Goal 3 PBE-UD boundary rederivation"
"endpoint_M_conditions_N8_b0.2_o0.2_h0.8",TRUE,"lower_exists=TRUE; upper_exists=TRUE; E-B0=0.17142857; E-B1=0.85714286; E-C=0.77142857; c=0.02857143","2026-08-04","Goal 3 PBE-UD boundary rederivation"
"endpoint_U_lower_empty_N8_b0.6_o0.05_h0.4",TRUE,"nu2=0.36842105; P=0.60000000; D=0.95000000","2026-08-04","Goal 3 PBE-UD boundary rederivation"
"endpoint_M_conditions_N8_b0.6_o0.05_h0.4",TRUE,"lower_exists=FALSE; upper_exists=TRUE; E-B0=-0.03571429; E-B1=0.57142857; E-C=0.31428571; c=0.08571429","2026-08-04","Goal 3 PBE-UD boundary rederivation"
"endpoint_U_lower_empty_N8_b0.6_o0.05_h0.8",TRUE,"nu2=0.78947368; P=0.20000000; D=0.95000000","2026-08-04","Goal 3 PBE-UD boundary rederivation"
"endpoint_M_conditions_N8_b0.6_o0.05_h0.8",TRUE,"lower_exists=FALSE; upper_exists=TRUE; E-B0=-0.03571429; E-B1=0.57142857; E-C=0.71428571; c=0.08571429","2026-08-04","Goal 3 PBE-UD boundary rederivation"
"endpoint_U_lower_empty_N8_b0.6_o0.2_h0.4",TRUE,"nu2=0.25000000; P=0.60000000; D=0.80000000","2026-08-04","Goal 3 PBE-UD boundary rederivation"
"endpoint_M_conditions_N8_b0.6_o0.2_h0.4",TRUE,"lower_exists=TRUE; upper_exists=TRUE; E-B0=0.11428571; E-B1=0.57142857; E-C=0.31428571; c=0.08571429","2026-08-04","Goal 3 PBE-UD boundary rederivation"
"endpoint_U_lower_empty_N8_b0.6_o0.2_h0.8",TRUE,"nu2=0.75000000; P=0.20000000; D=0.80000000","2026-08-04","Goal 3 PBE-UD boundary rederivation"
"endpoint_M_conditions_N8_b0.6_o0.2_h0.8",TRUE,"lower_exists=TRUE; upper_exists=TRUE; E-B0=0.11428571; E-B1=0.57142857; E-C=0.71428571; c=0.08571429","2026-08-04","Goal 3 PBE-UD boundary rederivation"
"endpoint_U_lower_empty_N8_b0.9_o0.05_h0.4",TRUE,"nu2=0.36842105; P=0.60000000; D=0.95000000","2026-08-04","Goal 3 PBE-UD boundary rederivation"
"endpoint_M_conditions_N8_b0.9_o0.05_h0.4",TRUE,"lower_exists=FALSE; upper_exists=TRUE; E-B0=-0.07857143; E-B1=0.35714286; E-C=0.27142857; c=0.12857143","2026-08-04","Goal 3 PBE-UD boundary rederivation"
"endpoint_U_lower_empty_N8_b0.9_o0.05_h0.8",TRUE,"nu2=0.78947368; P=0.20000000; D=0.95000000","2026-08-04","Goal 3 PBE-UD boundary rederivation"
"endpoint_M_conditions_N8_b0.9_o0.05_h0.8",TRUE,"lower_exists=FALSE; upper_exists=TRUE; E-B0=-0.07857143; E-B1=0.35714286; E-C=0.67142857; c=0.12857143","2026-08-04","Goal 3 PBE-UD boundary rederivation"
"endpoint_U_lower_empty_N8_b0.9_o0.2_h0.4",TRUE,"nu2=0.25000000; P=0.60000000; D=0.80000000","2026-08-04","Goal 3 PBE-UD boundary rederivation"
"endpoint_M_conditions_N8_b0.9_o0.2_h0.4",TRUE,"lower_exists=TRUE; upper_exists=TRUE; E-B0=0.07142857; E-B1=0.35714286; E-C=0.27142857; c=0.12857143","2026-08-04","Goal 3 PBE-UD boundary rederivation"
"endpoint_U_lower_empty_N8_b0.9_o0.2_h0.8",TRUE,"nu2=0.75000000; P=0.20000000; D=0.80000000","2026-08-04","Goal 3 PBE-UD boundary rederivation"
"endpoint_M_conditions_N8_b0.9_o0.2_h0.8",TRUE,"lower_exists=TRUE; upper_exists=TRUE; E-B0=0.07142857; E-B1=0.35714286; E-C=0.67142857; c=0.12857143","2026-08-04","Goal 3 PBE-UD boundary rederivation"
"endpoint_U_lower_empty_N9_b0.2_o0.05_h0.4",TRUE,"nu2=0.36842105; P=0.60000000; D=0.95000000","2026-08-04","Goal 3 PBE-UD boundary rederivation"
"endpoint_M_conditions_N9_b0.2_o0.05_h0.4",TRUE,"lower_exists=TRUE; upper_exists=TRUE; E-B0=0.02500000; E-B1=0.87500000; E-C=0.37500000; c=0.02500000","2026-08-04","Goal 3 PBE-UD boundary rederivation"
"endpoint_U_lower_empty_N9_b0.2_o0.05_h0.8",TRUE,"nu2=0.78947368; P=0.20000000; D=0.95000000","2026-08-04","Goal 3 PBE-UD boundary rederivation"
"endpoint_M_conditions_N9_b0.2_o0.05_h0.8",TRUE,"lower_exists=TRUE; upper_exists=TRUE; E-B0=0.02500000; E-B1=0.87500000; E-C=0.77500000; c=0.02500000","2026-08-04","Goal 3 PBE-UD boundary rederivation"
"endpoint_U_lower_empty_N9_b0.2_o0.2_h0.4",TRUE,"nu2=0.25000000; P=0.60000000; D=0.80000000","2026-08-04","Goal 3 PBE-UD boundary rederivation"
"endpoint_M_conditions_N9_b0.2_o0.2_h0.4",TRUE,"lower_exists=TRUE; upper_exists=TRUE; E-B0=0.17500000; E-B1=0.87500000; E-C=0.37500000; c=0.02500000","2026-08-04","Goal 3 PBE-UD boundary rederivation"
"endpoint_U_lower_empty_N9_b0.2_o0.2_h0.8",TRUE,"nu2=0.75000000; P=0.20000000; D=0.80000000","2026-08-04","Goal 3 PBE-UD boundary rederivation"
"endpoint_M_conditions_N9_b0.2_o0.2_h0.8",TRUE,"lower_exists=TRUE; upper_exists=TRUE; E-B0=0.17500000; E-B1=0.87500000; E-C=0.77500000; c=0.02500000","2026-08-04","Goal 3 PBE-UD boundary rederivation"
"endpoint_U_lower_empty_N9_b0.6_o0.05_h0.4",TRUE,"nu2=0.36842105; P=0.60000000; D=0.95000000","2026-08-04","Goal 3 PBE-UD boundary rederivation"
"endpoint_M_conditions_N9_b0.6_o0.05_h0.4",TRUE,"lower_exists=FALSE; upper_exists=TRUE; E-B0=-0.02500000; E-B1=0.62500000; E-C=0.32500000; c=0.07500000","2026-08-04","Goal 3 PBE-UD boundary rederivation"
"endpoint_U_lower_empty_N9_b0.6_o0.05_h0.8",TRUE,"nu2=0.78947368; P=0.20000000; D=0.95000000","2026-08-04","Goal 3 PBE-UD boundary rederivation"
"endpoint_M_conditions_N9_b0.6_o0.05_h0.8",TRUE,"lower_exists=FALSE; upper_exists=TRUE; E-B0=-0.02500000; E-B1=0.62500000; E-C=0.72500000; c=0.07500000","2026-08-04","Goal 3 PBE-UD boundary rederivation"
"endpoint_U_lower_empty_N9_b0.6_o0.2_h0.4",TRUE,"nu2=0.25000000; P=0.60000000; D=0.80000000","2026-08-04","Goal 3 PBE-UD boundary rederivation"
"endpoint_M_conditions_N9_b0.6_o0.2_h0.4",TRUE,"lower_exists=TRUE; upper_exists=TRUE; E-B0=0.12500000; E-B1=0.62500000; E-C=0.32500000; c=0.07500000","2026-08-04","Goal 3 PBE-UD boundary rederivation"
"endpoint_U_lower_empty_N9_b0.6_o0.2_h0.8",TRUE,"nu2=0.75000000; P=0.20000000; D=0.80000000","2026-08-04","Goal 3 PBE-UD boundary rederivation"
"endpoint_M_conditions_N9_b0.6_o0.2_h0.8",TRUE,"lower_exists=TRUE; upper_exists=TRUE; E-B0=0.12500000; E-B1=0.62500000; E-C=0.72500000; c=0.07500000","2026-08-04","Goal 3 PBE-UD boundary rederivation"
"endpoint_U_lower_empty_N9_b0.9_o0.05_h0.4",TRUE,"nu2=0.36842105; P=0.60000000; D=0.95000000","2026-08-04","Goal 3 PBE-UD boundary rederivation"
"endpoint_M_conditions_N9_b0.9_o0.05_h0.4",TRUE,"lower_exists=FALSE; upper_exists=TRUE; E-B0=-0.06250000; E-B1=0.43750000; E-C=0.28750000; c=0.11250000","2026-08-04","Goal 3 PBE-UD boundary rederivation"
"endpoint_U_lower_empty_N9_b0.9_o0.05_h0.8",TRUE,"nu2=0.78947368; P=0.20000000; D=0.95000000","2026-08-04","Goal 3 PBE-UD boundary rederivation"
"endpoint_M_conditions_N9_b0.9_o0.05_h0.8",TRUE,"lower_exists=FALSE; upper_exists=TRUE; E-B0=-0.06250000; E-B1=0.43750000; E-C=0.68750000; c=0.11250000","2026-08-04","Goal 3 PBE-UD boundary rederivation"
"endpoint_U_lower_empty_N9_b0.9_o0.2_h0.4",TRUE,"nu2=0.25000000; P=0.60000000; D=0.80000000","2026-08-04","Goal 3 PBE-UD boundary rederivation"
"endpoint_M_conditions_N9_b0.9_o0.2_h0.4",TRUE,"lower_exists=TRUE; upper_exists=TRUE; E-B0=0.08750000; E-B1=0.43750000; E-C=0.28750000; c=0.11250000","2026-08-04","Goal 3 PBE-UD boundary rederivation"
"endpoint_U_lower_empty_N9_b0.9_o0.2_h0.8",TRUE,"nu2=0.75000000; P=0.20000000; D=0.80000000","2026-08-04","Goal 3 PBE-UD boundary rederivation"
"endpoint_M_conditions_N9_b0.9_o0.2_h0.8",TRUE,"lower_exists=TRUE; upper_exists=TRUE; E-B0=0.08750000; E-B1=0.43750000; E-C=0.68750000; c=0.11250000","2026-08-04","Goal 3 PBE-UD boundary rederivation"
"endpoint_U_lower_empty_N10_b0.2_o0.05_h0.4",TRUE,"nu2=0.36842105; P=0.60000000; D=0.95000000","2026-08-04","Goal 3 PBE-UD boundary rederivation"
"endpoint_M_conditions_N10_b0.2_o0.05_h0.4",TRUE,"lower_exists=TRUE; upper_exists=TRUE; E-B0=0.02777778; E-B1=0.86666667; E-C=0.37777778; c=0.02222222","2026-08-04","Goal 3 PBE-UD boundary rederivation"
"endpoint_U_lower_empty_N10_b0.2_o0.05_h0.8",TRUE,"nu2=0.78947368; P=0.20000000; D=0.95000000","2026-08-04","Goal 3 PBE-UD boundary rederivation"
"endpoint_M_conditions_N10_b0.2_o0.05_h0.8",TRUE,"lower_exists=TRUE; upper_exists=TRUE; E-B0=0.02777778; E-B1=0.86666667; E-C=0.77777778; c=0.02222222","2026-08-04","Goal 3 PBE-UD boundary rederivation"
"endpoint_U_lower_empty_N10_b0.2_o0.2_h0.4",TRUE,"nu2=0.25000000; P=0.60000000; D=0.80000000","2026-08-04","Goal 3 PBE-UD boundary rederivation"
"endpoint_M_conditions_N10_b0.2_o0.2_h0.4",TRUE,"lower_exists=TRUE; upper_exists=TRUE; E-B0=0.17777778; E-B1=0.86666667; E-C=0.37777778; c=0.02222222","2026-08-04","Goal 3 PBE-UD boundary rederivation"
"endpoint_U_lower_empty_N10_b0.2_o0.2_h0.8",TRUE,"nu2=0.75000000; P=0.20000000; D=0.80000000","2026-08-04","Goal 3 PBE-UD boundary rederivation"
"endpoint_M_conditions_N10_b0.2_o0.2_h0.8",TRUE,"lower_exists=TRUE; upper_exists=TRUE; E-B0=0.17777778; E-B1=0.86666667; E-C=0.77777778; c=0.02222222","2026-08-04","Goal 3 PBE-UD boundary rederivation"
"endpoint_U_lower_empty_N10_b0.6_o0.05_h0.4",TRUE,"nu2=0.36842105; P=0.60000000; D=0.95000000","2026-08-04","Goal 3 PBE-UD boundary rederivation"
"endpoint_M_conditions_N10_b0.6_o0.05_h0.4",TRUE,"lower_exists=FALSE; upper_exists=TRUE; E-B0=-0.01666667; E-B1=0.60000000; E-C=0.33333333; c=0.06666667","2026-08-04","Goal 3 PBE-UD boundary rederivation"
"endpoint_U_lower_empty_N10_b0.6_o0.05_h0.8",TRUE,"nu2=0.78947368; P=0.20000000; D=0.95000000","2026-08-04","Goal 3 PBE-UD boundary rederivation"
"endpoint_M_conditions_N10_b0.6_o0.05_h0.8",TRUE,"lower_exists=FALSE; upper_exists=TRUE; E-B0=-0.01666667; E-B1=0.60000000; E-C=0.73333333; c=0.06666667","2026-08-04","Goal 3 PBE-UD boundary rederivation"
"endpoint_U_lower_empty_N10_b0.6_o0.2_h0.4",TRUE,"nu2=0.25000000; P=0.60000000; D=0.80000000","2026-08-04","Goal 3 PBE-UD boundary rederivation"
"endpoint_M_conditions_N10_b0.6_o0.2_h0.4",TRUE,"lower_exists=TRUE; upper_exists=TRUE; E-B0=0.13333333; E-B1=0.60000000; E-C=0.33333333; c=0.06666667","2026-08-04","Goal 3 PBE-UD boundary rederivation"
"endpoint_U_lower_empty_N10_b0.6_o0.2_h0.8",TRUE,"nu2=0.75000000; P=0.20000000; D=0.80000000","2026-08-04","Goal 3 PBE-UD boundary rederivation"
"endpoint_M_conditions_N10_b0.6_o0.2_h0.8",TRUE,"lower_exists=TRUE; upper_exists=TRUE; E-B0=0.13333333; E-B1=0.60000000; E-C=0.73333333; c=0.06666667","2026-08-04","Goal 3 PBE-UD boundary rederivation"
"endpoint_U_lower_empty_N10_b0.9_o0.05_h0.4",TRUE,"nu2=0.36842105; P=0.60000000; D=0.95000000","2026-08-04","Goal 3 PBE-UD boundary rederivation"
"endpoint_M_conditions_N10_b0.9_o0.05_h0.4",TRUE,"lower_exists=FALSE; upper_exists=TRUE; E-B0=-0.05000000; E-B1=0.40000000; E-C=0.30000000; c=0.10000000","2026-08-04","Goal 3 PBE-UD boundary rederivation"
"endpoint_U_lower_empty_N10_b0.9_o0.05_h0.8",TRUE,"nu2=0.78947368; P=0.20000000; D=0.95000000","2026-08-04","Goal 3 PBE-UD boundary rederivation"
"endpoint_M_conditions_N10_b0.9_o0.05_h0.8",TRUE,"lower_exists=FALSE; upper_exists=TRUE; E-B0=-0.05000000; E-B1=0.40000000; E-C=0.70000000; c=0.10000000","2026-08-04","Goal 3 PBE-UD boundary rederivation"
"endpoint_U_lower_empty_N10_b0.9_o0.2_h0.4",TRUE,"nu2=0.25000000; P=0.60000000; D=0.80000000","2026-08-04","Goal 3 PBE-UD boundary rederivation"
"endpoint_M_conditions_N10_b0.9_o0.2_h0.4",TRUE,"lower_exists=TRUE; upper_exists=TRUE; E-B0=0.10000000; E-B1=0.40000000; E-C=0.30000000; c=0.10000000","2026-08-04","Goal 3 PBE-UD boundary rederivation"
"endpoint_U_lower_empty_N10_b0.9_o0.2_h0.8",TRUE,"nu2=0.75000000; P=0.20000000; D=0.80000000","2026-08-04","Goal 3 PBE-UD boundary rederivation"
"endpoint_M_conditions_N10_b0.9_o0.2_h0.8",TRUE,"lower_exists=TRUE; upper_exists=TRUE; E-B0=0.10000000; E-B1=0.40000000; E-C=0.70000000; c=0.10000000","2026-08-04","Goal 3 PBE-UD boundary rederivation"
