"boundary","selection","N","beta","o0","o1","mu","bar_y","c","E","U_exists","U_class","U_value_floor","M_exists","M_class","M_value","A_cap","lambda1_cap","outsider_waste","checked_on","source"
"o0=0,beta<1","global_TY",3,0.2,0,0.1,0.1,0.1,0.1,0.9,TRUE,"low_only",0.81,TRUE,"low_only",0.91,NA,NA,NA,"2026-08-04","Goal 3 PBE-UD boundary rederivation"
"o0=0,beta<1","global_TY",3,0.2,0,0.1,0.1,0.2,0.1,0.9,TRUE,"low_only",0.81,TRUE,"low_only",0.91,NA,NA,NA,"2026-08-04","Goal 3 PBE-UD boundary rederivation"
"o0=0,beta<1","global_TY",3,0.2,0,0.1,0.5,0.1,0.1,0.9,TRUE,"low_only",0.45,TRUE,"exclusion+pooling",0.9,NA,NA,NA,"2026-08-04","Goal 3 PBE-UD boundary rederivation"
"o0=0,beta<1","global_TY",3,0.2,0,0.1,0.5,0.2,0.1,0.9,TRUE,"high_participation",0.8,TRUE,"exclusion+pooling",0.9,NA,NA,NA,"2026-08-04","Goal 3 PBE-UD boundary rederivation"
"o0=0,beta<1","global_TY",3,0.2,0,0.1,0.9,0.1,0.1,0.9,TRUE,"low_only",0.09,TRUE,"exclusion+pooling",0.9,NA,NA,NA,"2026-08-04","Goal 3 PBE-UD boundary rederivation"
"o0=0,beta<1","global_TY",3,0.2,0,0.1,0.9,0.2,0.1,0.9,TRUE,"high_participation",0.8,TRUE,"exclusion+pooling",0.9,NA,NA,NA,"2026-08-04","Goal 3 PBE-UD boundary rederivation"
"o0=0,beta<1","global_TY",3,0.2,0,0.4,0.1,0.4,0.1,0.9,TRUE,"low_only",0.81,TRUE,"low_only",0.91,NA,NA,NA,"2026-08-04","Goal 3 PBE-UD boundary rederivation"
"o0=0,beta<1","global_TY",3,0.2,0,0.4,0.1,0.5,0.1,0.9,TRUE,"low_only",0.81,TRUE,"low_only",0.91,NA,NA,NA,"2026-08-04","Goal 3 PBE-UD boundary rederivation"
"o0=0,beta<1","global_TY",3,0.2,0,0.4,0.5,0.4,0.1,0.9,TRUE,"low_only",0.45,TRUE,"exclusion",0.9,NA,NA,NA,"2026-08-04","Goal 3 PBE-UD boundary rederivation"
"o0=0,beta<1","global_TY",3,0.2,0,0.4,0.5,0.5,0.1,0.9,TRUE,"high_participation",0.5,TRUE,"exclusion",0.9,NA,NA,NA,"2026-08-04","Goal 3 PBE-UD boundary rederivation"
"o0=0,beta<1","global_TY",3,0.2,0,0.4,0.9,0.4,0.1,0.9,TRUE,"low_only",0.09,TRUE,"exclusion",0.9,NA,NA,NA,"2026-08-04","Goal 3 PBE-UD boundary rederivation"
"o0=0,beta<1","global_TY",3,0.2,0,0.4,0.9,0.5,0.1,0.9,TRUE,"high_participation",0.5,TRUE,"exclusion",0.9,NA,NA,NA,"2026-08-04","Goal 3 PBE-UD boundary rederivation"
"o0=0,beta<1","global_TY",3,0.2,0,0.8,0.1,0.8,0.1,0.9,TRUE,"low_only",0.81,TRUE,"low_only",0.91,NA,NA,NA,"2026-08-04","Goal 3 PBE-UD boundary rederivation"
"o0=0,beta<1","global_TY",3,0.2,0,0.8,0.1,0.9,0.1,0.9,TRUE,"low_only",0.81,TRUE,"low_only",0.91,NA,NA,NA,"2026-08-04","Goal 3 PBE-UD boundary rederivation"
"o0=0,beta<1","global_TY",3,0.2,0,0.8,0.5,0.8,0.1,0.9,TRUE,"low_only",0.45,TRUE,"exclusion",0.9,NA,NA,NA,"2026-08-04","Goal 3 PBE-UD boundary rederivation"
"o0=0,beta<1","global_TY",3,0.2,0,0.8,0.5,0.9,0.1,0.9,TRUE,"low_only",0.45,TRUE,"exclusion",0.9,NA,NA,NA,"2026-08-04","Goal 3 PBE-UD boundary rederivation"
"o0=0,beta<1","global_TY",3,0.2,0,0.8,0.9,0.8,0.1,0.9,TRUE,"low_only",0.09,TRUE,"exclusion",0.9,NA,NA,NA,"2026-08-04","Goal 3 PBE-UD boundary rederivation"
"o0=0,beta<1","global_TY",3,0.2,0,0.8,0.9,0.9,0.1,0.9,TRUE,"high_participation",0.1,TRUE,"exclusion",0.9,NA,NA,NA,"2026-08-04","Goal 3 PBE-UD boundary rederivation"
"o0=0,beta<1","global_TY",3,0.6,0,0.1,0.1,0.1,0.3,0.7,TRUE,"low_only",0.63,TRUE,"low_only",0.93,NA,NA,NA,"2026-08-04","Goal 3 PBE-UD boundary rederivation"
"o0=0,beta<1","global_TY",3,0.6,0,0.1,0.1,0.2,0.3,0.7,TRUE,"low_only",0.63,TRUE,"low_only",0.93,NA,NA,NA,"2026-08-04","Goal 3 PBE-UD boundary rederivation"
"o0=0,beta<1","global_TY",3,0.6,0,0.1,0.5,0.1,0.3,0.7,TRUE,"low_only",0.35,TRUE,"pooling",0.9,NA,NA,NA,"2026-08-04","Goal 3 PBE-UD boundary rederivation"
"o0=0,beta<1","global_TY",3,0.6,0,0.1,0.5,0.2,0.3,0.7,TRUE,"high_participation",0.6,TRUE,"pooling",0.9,NA,NA,NA,"2026-08-04","Goal 3 PBE-UD boundary rederivation"
"o0=0,beta<1","global_TY",3,0.6,0,0.1,0.9,0.1,0.3,0.7,TRUE,"low_only",0.07,TRUE,"pooling",0.9,NA,NA,NA,"2026-08-04","Goal 3 PBE-UD boundary rederivation"
"o0=0,beta<1","global_TY",3,0.6,0,0.1,0.9,0.2,0.3,0.7,TRUE,"high_participation",0.6,TRUE,"pooling",0.9,NA,NA,NA,"2026-08-04","Goal 3 PBE-UD boundary rederivation"
"o0=0,beta<1","global_TY",3,0.6,0,0.4,0.1,0.4,0.3,0.7,TRUE,"low_only",0.63,TRUE,"low_only",0.93,NA,NA,NA,"2026-08-04","Goal 3 PBE-UD boundary rederivation"
"o0=0,beta<1","global_TY",3,0.6,0,0.4,0.1,0.5,0.3,0.7,TRUE,"low_only",0.63,TRUE,"low_only",0.93,NA,NA,NA,"2026-08-04","Goal 3 PBE-UD boundary rederivation"
"o0=0,beta<1","global_TY",3,0.6,0,0.4,0.5,0.4,0.3,0.7,TRUE,"low_only",0.35,TRUE,"exclusion",0.7,NA,NA,NA,"2026-08-04","Goal 3 PBE-UD boundary rederivation"
"o0=0,beta<1","global_TY",3,0.6,0,0.4,0.5,0.5,0.3,0.7,TRUE,"low_only+high_participation",0.35,TRUE,"exclusion",0.7,NA,NA,NA,"2026-08-04","Goal 3 PBE-UD boundary rederivation"
"o0=0,beta<1","global_TY",3,0.6,0,0.4,0.9,0.4,0.3,0.7,TRUE,"low_only",0.07,TRUE,"exclusion",0.7,NA,NA,NA,"2026-08-04","Goal 3 PBE-UD boundary rederivation"
"o0=0,beta<1","global_TY",3,0.6,0,0.4,0.9,0.5,0.3,0.7,TRUE,"high_participation",0.3,TRUE,"exclusion",0.7,NA,NA,NA,"2026-08-04","Goal 3 PBE-UD boundary rederivation"
"o0=0,beta<1","global_TY",3,0.6,0,0.8,0.1,0.8,0.3,0.7,TRUE,"low_only",0.63,TRUE,"low_only",0.93,NA,NA,NA,"2026-08-04","Goal 3 PBE-UD boundary rederivation"
"o0=0,beta<1","global_TY",3,0.6,0,0.8,0.1,0.9,0.3,0.7,TRUE,"low_only",0.63,TRUE,"low_only",0.93,NA,NA,NA,"2026-08-04","Goal 3 PBE-UD boundary rederivation"
"o0=0,beta<1","global_TY",3,0.6,0,0.8,0.5,0.8,0.3,0.7,TRUE,"low_only",0.35,TRUE,"exclusion",0.7,NA,NA,NA,"2026-08-04","Goal 3 PBE-UD boundary rederivation"
"o0=0,beta<1","global_TY",3,0.6,0,0.8,0.5,0.9,0.3,0.7,TRUE,"low_only",0.35,TRUE,"exclusion",0.7,NA,NA,NA,"2026-08-04","Goal 3 PBE-UD boundary rederivation"
"o0=0,beta<1","global_TY",3,0.6,0,0.8,0.9,0.8,0.3,0.7,TRUE,"low_only",0.07,TRUE,"exclusion",0.7,NA,NA,NA,"2026-08-04","Goal 3 PBE-UD boundary rederivation"
"o0=0,beta<1","global_TY",3,0.6,0,0.8,0.9,0.9,0.3,0.7,TRUE,"low_only+high_participation",0.07,TRUE,"exclusion",0.7,NA,NA,NA,"2026-08-04","Goal 3 PBE-UD boundary rederivation"
"o0=0,beta<1","global_TY",3,0.9,0,0.1,0.1,0.1,0.45,0.55,TRUE,"low_only",0.495,TRUE,"low_only",0.945,NA,NA,NA,"2026-08-04","Goal 3 PBE-UD boundary rederivation"
"o0=0,beta<1","global_TY",3,0.9,0,0.1,0.1,0.2,0.45,0.55,TRUE,"low_only",0.495,TRUE,"low_only",0.945,NA,NA,NA,"2026-08-04","Goal 3 PBE-UD boundary rederivation"
"o0=0,beta<1","global_TY",3,0.9,0,0.1,0.5,0.1,0.45,0.55,TRUE,"low_only",0.275,TRUE,"pooling",0.9,NA,NA,NA,"2026-08-04","Goal 3 PBE-UD boundary rederivation"
"o0=0,beta<1","global_TY",3,0.9,0,0.1,0.5,0.2,0.45,0.55,TRUE,"high_participation",0.45,TRUE,"pooling",0.9,NA,NA,NA,"2026-08-04","Goal 3 PBE-UD boundary rederivation"
"o0=0,beta<1","global_TY",3,0.9,0,0.1,0.9,0.1,0.45,0.55,TRUE,"low_only",0.055,TRUE,"pooling",0.9,NA,NA,NA,"2026-08-04","Goal 3 PBE-UD boundary rederivation"
"o0=0,beta<1","global_TY",3,0.9,0,0.1,0.9,0.2,0.45,0.55,TRUE,"high_participation",0.45,TRUE,"pooling",0.9,NA,NA,NA,"2026-08-04","Goal 3 PBE-UD boundary rederivation"
"o0=0,beta<1","global_TY",3,0.9,0,0.4,0.1,0.4,0.45,0.55,TRUE,"low_only",0.495,TRUE,"low_only",0.945,NA,NA,NA,"2026-08-04","Goal 3 PBE-UD boundary rederivation"
"o0=0,beta<1","global_TY",3,0.9,0,0.4,0.1,0.5,0.45,0.55,TRUE,"low_only",0.495,TRUE,"low_only",0.945,NA,NA,NA,"2026-08-04","Goal 3 PBE-UD boundary rederivation"
"o0=0,beta<1","global_TY",3,0.9,0,0.4,0.5,0.4,0.45,0.55,TRUE,"low_only",0.275,TRUE,"low_only",0.725,NA,NA,NA,"2026-08-04","Goal 3 PBE-UD boundary rederivation"
"o0=0,beta<1","global_TY",3,0.9,0,0.4,0.5,0.5,0.45,0.55,TRUE,"low_only+high_participation",0.275,TRUE,"low_only",0.725,NA,NA,NA,"2026-08-04","Goal 3 PBE-UD boundary rederivation"
"o0=0,beta<1","global_TY",3,0.9,0,0.4,0.9,0.4,0.45,0.55,TRUE,"low_only",0.055,TRUE,"pooling",0.6,NA,NA,NA,"2026-08-04","Goal 3 PBE-UD boundary rederivation"
"o0=0,beta<1","global_TY",3,0.9,0,0.4,0.9,0.5,0.45,0.55,TRUE,"high_participation",0.15,TRUE,"pooling",0.6,NA,NA,NA,"2026-08-04","Goal 3 PBE-UD boundary rederivation"
"o0=0,beta<1","global_TY",3,0.9,0,0.8,0.1,0.8,0.45,0.55,TRUE,"low_only",0.495,TRUE,"low_only",0.945,NA,NA,NA,"2026-08-04","Goal 3 PBE-UD boundary rederivation"
"o0=0,beta<1","global_TY",3,0.9,0,0.8,0.1,0.9,0.45,0.55,TRUE,"low_only",0.495,TRUE,"low_only",0.945,NA,NA,NA,"2026-08-04","Goal 3 PBE-UD boundary rederivation"
"o0=0,beta<1","global_TY",3,0.9,0,0.8,0.5,0.8,0.45,0.55,TRUE,"low_only",0.275,TRUE,"low_only",0.725,NA,NA,NA,"2026-08-04","Goal 3 PBE-UD boundary rederivation"
"o0=0,beta<1","global_TY",3,0.9,0,0.8,0.5,0.9,0.45,0.55,TRUE,"low_only",0.275,TRUE,"low_only",0.725,NA,NA,NA,"2026-08-04","Goal 3 PBE-UD boundary rederivation"
"o0=0,beta<1","global_TY",3,0.9,0,0.8,0.9,0.8,0.45,0.55,TRUE,"low_only",0.055,TRUE,"exclusion",0.55,NA,NA,NA,"2026-08-04","Goal 3 PBE-UD boundary rederivation"
"o0=0,beta<1","global_TY",3,0.9,0,0.8,0.9,0.9,0.45,0.55,TRUE,"low_only+high_participation",0.055,TRUE,"exclusion",0.55,NA,NA,NA,"2026-08-04","Goal 3 PBE-UD boundary rederivation"
"o0=0,beta<1","global_TY",4,0.2,0,0.1,0.1,0.1,0.0666666666666667,0.866666666666667,TRUE,"low_only",0.78,TRUE,"exclusion",0.866666666666667,NA,NA,NA,"2026-08-04","Goal 3 PBE-UD boundary rederivation"
"o0=0,beta<1","global_TY",4,0.2,0,0.1,0.1,0.2,0.0666666666666667,0.866666666666667,TRUE,"low_only",0.78,TRUE,"exclusion",0.866666666666667,NA,NA,NA,"2026-08-04","Goal 3 PBE-UD boundary rederivation"
"o0=0,beta<1","global_TY",4,0.2,0,0.1,0.5,0.1,0.0666666666666667,0.866666666666667,TRUE,"low_only",0.433333333333333,TRUE,"exclusion",0.866666666666667,NA,NA,NA,"2026-08-04","Goal 3 PBE-UD boundary rederivation"
"o0=0,beta<1","global_TY",4,0.2,0,0.1,0.5,0.2,0.0666666666666667,0.866666666666667,TRUE,"high_participation",0.766666666666667,TRUE,"exclusion",0.866666666666667,NA,NA,NA,"2026-08-04","Goal 3 PBE-UD boundary rederivation"
"o0=0,beta<1","global_TY",4,0.2,0,0.1,0.9,0.1,0.0666666666666667,0.866666666666667,TRUE,"low_only",0.0866666666666667,TRUE,"exclusion",0.866666666666667,NA,NA,NA,"2026-08-04","Goal 3 PBE-UD boundary rederivation"
"o0=0,beta<1","global_TY",4,0.2,0,0.1,0.9,0.2,0.0666666666666667,0.866666666666667,TRUE,"high_participation",0.766666666666667,TRUE,"exclusion",0.866666666666667,NA,NA,NA,"2026-08-04","Goal 3 PBE-UD boundary rederivation"
"o0=0,beta<1","global_TY",4,0.2,0,0.4,0.1,0.4,0.0666666666666667,0.866666666666667,TRUE,"low_only",0.78,TRUE,"exclusion",0.866666666666667,NA,NA,NA,"2026-08-04","Goal 3 PBE-UD boundary rederivation"
"o0=0,beta<1","global_TY",4,0.2,0,0.4,0.1,0.5,0.0666666666666667,0.866666666666667,TRUE,"low_only",0.78,TRUE,"exclusion",0.866666666666667,NA,NA,NA,"2026-08-04","Goal 3 PBE-UD boundary rederivation"
"o0=0,beta<1","global_TY",4,0.2,0,0.4,0.5,0.4,0.0666666666666667,0.866666666666667,TRUE,"low_only",0.433333333333333,TRUE,"exclusion",0.866666666666667,NA,NA,NA,"2026-08-04","Goal 3 PBE-UD boundary rederivation"
"o0=0,beta<1","global_TY",4,0.2,0,0.4,0.5,0.5,0.0666666666666667,0.866666666666667,TRUE,"high_participation",0.466666666666667,TRUE,"exclusion",0.866666666666667,NA,NA,NA,"2026-08-04","Goal 3 PBE-UD boundary rederivation"
"o0=0,beta<1","global_TY",4,0.2,0,0.4,0.9,0.4,0.0666666666666667,0.866666666666667,TRUE,"low_only",0.0866666666666667,TRUE,"exclusion",0.866666666666667,NA,NA,NA,"2026-08-04","Goal 3 PBE-UD boundary rederivation"
"o0=0,beta<1","global_TY",4,0.2,0,0.4,0.9,0.5,0.0666666666666667,0.866666666666667,TRUE,"high_participation",0.466666666666667,TRUE,"exclusion",0.866666666666667,NA,NA,NA,"2026-08-04","Goal 3 PBE-UD boundary rederivation"
"o0=0,beta<1","global_TY",4,0.2,0,0.8,0.1,0.8,0.0666666666666667,0.866666666666667,TRUE,"low_only",0.78,TRUE,"exclusion",0.866666666666667,NA,NA,NA,"2026-08-04","Goal 3 PBE-UD boundary rederivation"
"o0=0,beta<1","global_TY",4,0.2,0,0.8,0.1,0.9,0.0666666666666667,0.866666666666667,TRUE,"low_only",0.78,TRUE,"exclusion",0.866666666666667,NA,NA,NA,"2026-08-04","Goal 3 PBE-UD boundary rederivation"
"o0=0,beta<1","global_TY",4,0.2,0,0.8,0.5,0.8,0.0666666666666667,0.866666666666667,TRUE,"low_only",0.433333333333333,TRUE,"exclusion",0.866666666666667,NA,NA,NA,"2026-08-04","Goal 3 PBE-UD boundary rederivation"
"o0=0,beta<1","global_TY",4,0.2,0,0.8,0.5,0.9,0.0666666666666667,0.866666666666667,TRUE,"low_only",0.433333333333333,TRUE,"exclusion",0.866666666666667,NA,NA,NA,"2026-08-04","Goal 3 PBE-UD boundary rederivation"
"o0=0,beta<1","global_TY",4,0.2,0,0.8,0.9,0.8,0.0666666666666667,0.866666666666667,TRUE,"low_only",0.0866666666666667,TRUE,"exclusion",0.866666666666667,NA,NA,NA,"2026-08-04","Goal 3 PBE-UD boundary rederivation"
"o0=0,beta<1","global_TY",4,0.2,0,0.8,0.9,0.9,0.0666666666666667,0.866666666666667,TRUE,"low_only+high_participation",0.0866666666666667,TRUE,"exclusion",0.866666666666667,NA,NA,NA,"2026-08-04","Goal 3 PBE-UD boundary rederivation"
"o0=0,beta<1","global_TY",4,0.6,0,0.1,0.1,0.1,0.2,0.6,TRUE,"low_only",0.54,TRUE,"low_only",0.74,NA,NA,NA,"2026-08-04","Goal 3 PBE-UD boundary rederivation"
"o0=0,beta<1","global_TY",4,0.6,0,0.1,0.1,0.2,0.2,0.6,TRUE,"low_only",0.54,TRUE,"low_only",0.74,NA,NA,NA,"2026-08-04","Goal 3 PBE-UD boundary rederivation"
"o0=0,beta<1","global_TY",4,0.6,0,0.1,0.5,0.1,0.2,0.6,TRUE,"low_only",0.3,TRUE,"exclusion",0.6,NA,NA,NA,"2026-08-04","Goal 3 PBE-UD boundary rederivation"
"o0=0,beta<1","global_TY",4,0.6,0,0.1,0.5,0.2,0.2,0.6,TRUE,"high_participation",0.5,FALSE,"empty",NA,NA,NA,NA,"2026-08-04","Goal 3 PBE-UD boundary rederivation"
"o0=0,beta<1","global_TY",4,0.6,0,0.1,0.9,0.1,0.2,0.6,TRUE,"low_only",0.06,TRUE,"exclusion",0.6,NA,NA,NA,"2026-08-04","Goal 3 PBE-UD boundary rederivation"
"o0=0,beta<1","global_TY",4,0.6,0,0.1,0.9,0.2,0.2,0.6,TRUE,"high_participation",0.5,FALSE,"empty",NA,NA,NA,NA,"2026-08-04","Goal 3 PBE-UD boundary rederivation"
"o0=0,beta<1","global_TY",4,0.6,0,0.4,0.1,0.4,0.2,0.6,TRUE,"low_only",0.54,TRUE,"low_only",0.74,NA,NA,NA,"2026-08-04","Goal 3 PBE-UD boundary rederivation"
"o0=0,beta<1","global_TY",4,0.6,0,0.4,0.1,0.5,0.2,0.6,TRUE,"low_only",0.54,TRUE,"low_only",0.74,NA,NA,NA,"2026-08-04","Goal 3 PBE-UD boundary rederivation"
"o0=0,beta<1","global_TY",4,0.6,0,0.4,0.5,0.4,0.2,0.6,TRUE,"low_only",0.3,TRUE,"exclusion",0.6,NA,NA,NA,"2026-08-04","Goal 3 PBE-UD boundary rederivation"
"o0=0,beta<1","global_TY",4,0.6,0,0.4,0.5,0.5,0.2,0.6,TRUE,"low_only+high_participation",0.3,TRUE,"exclusion",0.6,NA,NA,NA,"2026-08-04","Goal 3 PBE-UD boundary rederivation"
"o0=0,beta<1","global_TY",4,0.6,0,0.4,0.9,0.4,0.2,0.6,TRUE,"low_only",0.06,TRUE,"exclusion",0.6,NA,NA,NA,"2026-08-04","Goal 3 PBE-UD boundary rederivation"
"o0=0,beta<1","global_TY",4,0.6,0,0.4,0.9,0.5,0.2,0.6,TRUE,"high_participation",0.2,TRUE,"exclusion",0.6,NA,NA,NA,"2026-08-04","Goal 3 PBE-UD boundary rederivation"
"o0=0,beta<1","global_TY",4,0.6,0,0.8,0.1,0.8,0.2,0.6,TRUE,"low_only",0.54,TRUE,"low_only",0.74,NA,NA,NA,"2026-08-04","Goal 3 PBE-UD boundary rederivation"
"o0=0,beta<1","global_TY",4,0.6,0,0.8,0.1,0.9,0.2,0.6,TRUE,"low_only",0.54,TRUE,"low_only",0.74,NA,NA,NA,"2026-08-04","Goal 3 PBE-UD boundary rederivation"
"o0=0,beta<1","global_TY",4,0.6,0,0.8,0.5,0.8,0.2,0.6,TRUE,"low_only",0.3,TRUE,"exclusion",0.6,NA,NA,NA,"2026-08-04","Goal 3 PBE-UD boundary rederivation"
"o0=0,beta<1","global_TY",4,0.6,0,0.8,0.5,0.9,0.2,0.6,TRUE,"low_only",0.3,TRUE,"exclusion",0.6,NA,NA,NA,"2026-08-04","Goal 3 PBE-UD boundary rederivation"
"o0=0,beta<1","global_TY",4,0.6,0,0.8,0.9,0.8,0.2,0.6,TRUE,"low_only",0.06,TRUE,"exclusion",0.6,NA,NA,NA,"2026-08-04","Goal 3 PBE-UD boundary rederivation"
"o0=0,beta<1","global_TY",4,0.6,0,0.8,0.9,0.9,0.2,0.6,TRUE,"low_only+high_participation",0.06,TRUE,"exclusion",0.6,NA,NA,NA,"2026-08-04","Goal 3 PBE-UD boundary rederivation"
"o0=0,beta<1","global_TY",4,0.9,0,0.1,0.1,0.1,0.3,0.4,TRUE,"low_only",0.36,TRUE,"low_only",0.66,NA,NA,NA,"2026-08-04","Goal 3 PBE-UD boundary rederivation"
"o0=0,beta<1","global_TY",4,0.9,0,0.1,0.1,0.2,0.3,0.4,TRUE,"low_only",0.36,TRUE,"low_only",0.66,NA,NA,NA,"2026-08-04","Goal 3 PBE-UD boundary rederivation"
"o0=0,beta<1","global_TY",4,0.9,0,0.1,0.5,0.1,0.3,0.4,TRUE,"low_only",0.2,TRUE,"low_only",0.5,NA,NA,NA,"2026-08-04","Goal 3 PBE-UD boundary rederivation"
"o0=0,beta<1","global_TY",4,0.9,0,0.1,0.5,0.2,0.3,0.4,TRUE,"high_participation",0.3,FALSE,"empty",NA,NA,NA,NA,"2026-08-04","Goal 3 PBE-UD boundary rederivation"
"o0=0,beta<1","global_TY",4,0.9,0,0.1,0.9,0.1,0.3,0.4,TRUE,"low_only",0.04,TRUE,"exclusion",0.4,NA,NA,NA,"2026-08-04","Goal 3 PBE-UD boundary rederivation"
"o0=0,beta<1","global_TY",4,0.9,0,0.1,0.9,0.2,0.3,0.4,TRUE,"high_participation",0.3,FALSE,"empty",NA,NA,NA,NA,"2026-08-04","Goal 3 PBE-UD boundary rederivation"
"o0=0,beta<1","global_TY",4,0.9,0,0.4,0.1,0.4,0.3,0.4,TRUE,"low_only",0.36,TRUE,"low_only",0.66,NA,NA,NA,"2026-08-04","Goal 3 PBE-UD boundary rederivation"
"o0=0,beta<1","global_TY",4,0.9,0,0.4,0.1,0.5,0.3,0.4,TRUE,"low_only",0.36,TRUE,"low_only",0.66,NA,NA,NA,"2026-08-04","Goal 3 PBE-UD boundary rederivation"
"o0=0,beta<1","global_TY",4,0.9,0,0.4,0.5,0.4,0.3,0.4,TRUE,"low_only",0.2,TRUE,"low_only",0.5,NA,NA,NA,"2026-08-04","Goal 3 PBE-UD boundary rederivation"
"o0=0,beta<1","global_TY",4,0.9,0,0.4,0.5,0.5,0.3,0.4,TRUE,"low_only+high_participation",0.2,TRUE,"low_only",0.5,NA,NA,NA,"2026-08-04","Goal 3 PBE-UD boundary rederivation"
"o0=0,beta<1","global_TY",4,0.9,0,0.4,0.9,0.4,0.3,0.4,TRUE,"low_only",0.04,TRUE,"exclusion",0.4,NA,NA,NA,"2026-08-04","Goal 3 PBE-UD boundary rederivation"
"o0=0,beta<1","global_TY",4,0.9,0,0.4,0.9,0.5,0.3,0.4,TRUE,"low_only+high_participation",0.04,TRUE,"exclusion",0.4,NA,NA,NA,"2026-08-04","Goal 3 PBE-UD boundary rederivation"
"o0=0,beta<1","global_TY",4,0.9,0,0.8,0.1,0.8,0.3,0.4,TRUE,"low_only",0.36,TRUE,"low_only",0.66,NA,NA,NA,"2026-08-04","Goal 3 PBE-UD boundary rederivation"
"o0=0,beta<1","global_TY",4,0.9,0,0.8,0.1,0.9,0.3,0.4,TRUE,"low_only",0.36,TRUE,"low_only",0.66,NA,NA,NA,"2026-08-04","Goal 3 PBE-UD boundary rederivation"
"o0=0,beta<1","global_TY",4,0.9,0,0.8,0.5,0.8,0.3,0.4,TRUE,"low_only",0.2,TRUE,"low_only",0.5,NA,NA,NA,"2026-08-04","Goal 3 PBE-UD boundary rederivation"
"o0=0,beta<1","global_TY",4,0.9,0,0.8,0.5,0.9,0.3,0.4,TRUE,"low_only",0.2,TRUE,"low_only",0.5,NA,NA,NA,"2026-08-04","Goal 3 PBE-UD boundary rederivation"
"o0=0,beta<1","global_TY",4,0.9,0,0.8,0.9,0.8,0.3,0.4,TRUE,"low_only",0.04,TRUE,"exclusion",0.4,NA,NA,NA,"2026-08-04","Goal 3 PBE-UD boundary rederivation"
"o0=0,beta<1","global_TY",4,0.9,0,0.8,0.9,0.9,0.3,0.4,TRUE,"low_only+high_participation",0.04,TRUE,"exclusion",0.4,NA,NA,NA,"2026-08-04","Goal 3 PBE-UD boundary rederivation"
"o0=0,beta<1","global_TY",5,0.2,0,0.1,0.1,0.1,0.05,0.9,TRUE,"low_only",0.765,TRUE,"exclusion",0.9,NA,NA,NA,"2026-08-04","Goal 3 PBE-UD boundary rederivation"
"o0=0,beta<1","global_TY",5,0.2,0,0.1,0.1,0.2,0.05,0.9,TRUE,"low_only",0.765,TRUE,"exclusion",0.9,NA,NA,NA,"2026-08-04","Goal 3 PBE-UD boundary rederivation"
"o0=0,beta<1","global_TY",5,0.2,0,0.1,0.5,0.1,0.05,0.9,TRUE,"low_only",0.425,TRUE,"exclusion",0.9,NA,NA,NA,"2026-08-04","Goal 3 PBE-UD boundary rederivation"
"o0=0,beta<1","global_TY",5,0.2,0,0.1,0.5,0.2,0.05,0.9,TRUE,"high_participation",0.75,TRUE,"exclusion",0.9,NA,NA,NA,"2026-08-04","Goal 3 PBE-UD boundary rederivation"
"o0=0,beta<1","global_TY",5,0.2,0,0.1,0.9,0.1,0.05,0.9,TRUE,"low_only",0.085,TRUE,"exclusion",0.9,NA,NA,NA,"2026-08-04","Goal 3 PBE-UD boundary rederivation"
"o0=0,beta<1","global_TY",5,0.2,0,0.1,0.9,0.2,0.05,0.9,TRUE,"high_participation",0.75,TRUE,"exclusion",0.9,NA,NA,NA,"2026-08-04","Goal 3 PBE-UD boundary rederivation"
"o0=0,beta<1","global_TY",5,0.2,0,0.4,0.1,0.4,0.05,0.9,TRUE,"low_only",0.765,TRUE,"exclusion",0.9,NA,NA,NA,"2026-08-04","Goal 3 PBE-UD boundary rederivation"
"o0=0,beta<1","global_TY",5,0.2,0,0.4,0.1,0.5,0.05,0.9,TRUE,"low_only",0.765,TRUE,"exclusion",0.9,NA,NA,NA,"2026-08-04","Goal 3 PBE-UD boundary rederivation"
"o0=0,beta<1","global_TY",5,0.2,0,0.4,0.5,0.4,0.05,0.9,TRUE,"low_only",0.425,TRUE,"exclusion",0.9,NA,NA,NA,"2026-08-04","Goal 3 PBE-UD boundary rederivation"
"o0=0,beta<1","global_TY",5,0.2,0,0.4,0.5,0.5,0.05,0.9,TRUE,"high_participation",0.45,TRUE,"exclusion",0.9,NA,NA,NA,"2026-08-04","Goal 3 PBE-UD boundary rederivation"
"o0=0,beta<1","global_TY",5,0.2,0,0.4,0.9,0.4,0.05,0.9,TRUE,"low_only",0.085,TRUE,"exclusion",0.9,NA,NA,NA,"2026-08-04","Goal 3 PBE-UD boundary rederivation"
"o0=0,beta<1","global_TY",5,0.2,0,0.4,0.9,0.5,0.05,0.9,TRUE,"high_participation",0.45,TRUE,"exclusion",0.9,NA,NA,NA,"2026-08-04","Goal 3 PBE-UD boundary rederivation"
"o0=0,beta<1","global_TY",5,0.2,0,0.8,0.1,0.8,0.05,0.9,TRUE,"low_only",0.765,TRUE,"exclusion",0.9,NA,NA,NA,"2026-08-04","Goal 3 PBE-UD boundary rederivation"
"o0=0,beta<1","global_TY",5,0.2,0,0.8,0.1,0.9,0.05,0.9,TRUE,"low_only",0.765,TRUE,"exclusion",0.9,NA,NA,NA,"2026-08-04","Goal 3 PBE-UD boundary rederivation"
"o0=0,beta<1","global_TY",5,0.2,0,0.8,0.5,0.8,0.05,0.9,TRUE,"low_only",0.425,TRUE,"exclusion",0.9,NA,NA,NA,"2026-08-04","Goal 3 PBE-UD boundary rederivation"
"o0=0,beta<1","global_TY",5,0.2,0,0.8,0.5,0.9,0.05,0.9,TRUE,"low_only",0.425,TRUE,"exclusion",0.9,NA,NA,NA,"2026-08-04","Goal 3 PBE-UD boundary rederivation"
"o0=0,beta<1","global_TY",5,0.2,0,0.8,0.9,0.8,0.05,0.9,TRUE,"low_only",0.085,TRUE,"exclusion",0.9,NA,NA,NA,"2026-08-04","Goal 3 PBE-UD boundary rederivation"
"o0=0,beta<1","global_TY",5,0.2,0,0.8,0.9,0.9,0.05,0.9,TRUE,"low_only+high_participation",0.085,TRUE,"exclusion",0.9,NA,NA,NA,"2026-08-04","Goal 3 PBE-UD boundary rederivation"
"o0=0,beta<1","global_TY",5,0.6,0,0.1,0.1,0.1,0.15,0.7,TRUE,"low_only",0.495,TRUE,"low_only",0.78,NA,NA,NA,"2026-08-04","Goal 3 PBE-UD boundary rederivation"
"o0=0,beta<1","global_TY",5,0.6,0,0.1,0.1,0.2,0.15,0.7,TRUE,"low_only",0.495,TRUE,"low_only",0.78,NA,NA,NA,"2026-08-04","Goal 3 PBE-UD boundary rederivation"
"o0=0,beta<1","global_TY",5,0.6,0,0.1,0.5,0.1,0.15,0.7,TRUE,"low_only",0.275,TRUE,"exclusion",0.7,NA,NA,NA,"2026-08-04","Goal 3 PBE-UD boundary rederivation"
"o0=0,beta<1","global_TY",5,0.6,0,0.1,0.5,0.2,0.15,0.7,TRUE,"high_participation",0.45,FALSE,"empty",NA,NA,NA,NA,"2026-08-04","Goal 3 PBE-UD boundary rederivation"
"o0=0,beta<1","global_TY",5,0.6,0,0.1,0.9,0.1,0.15,0.7,TRUE,"low_only",0.055,TRUE,"exclusion",0.7,NA,NA,NA,"2026-08-04","Goal 3 PBE-UD boundary rederivation"
"o0=0,beta<1","global_TY",5,0.6,0,0.1,0.9,0.2,0.15,0.7,TRUE,"high_participation",0.45,FALSE,"empty",NA,NA,NA,NA,"2026-08-04","Goal 3 PBE-UD boundary rederivation"
"o0=0,beta<1","global_TY",5,0.6,0,0.4,0.1,0.4,0.15,0.7,TRUE,"low_only",0.495,TRUE,"low_only",0.78,NA,NA,NA,"2026-08-04","Goal 3 PBE-UD boundary rederivation"
"o0=0,beta<1","global_TY",5,0.6,0,0.4,0.1,0.5,0.15,0.7,TRUE,"low_only",0.495,TRUE,"low_only",0.78,NA,NA,NA,"2026-08-04","Goal 3 PBE-UD boundary rederivation"
"o0=0,beta<1","global_TY",5,0.6,0,0.4,0.5,0.4,0.15,0.7,TRUE,"low_only",0.275,TRUE,"exclusion",0.7,NA,NA,NA,"2026-08-04","Goal 3 PBE-UD boundary rederivation"
"o0=0,beta<1","global_TY",5,0.6,0,0.4,0.5,0.5,0.15,0.7,TRUE,"low_only+high_participation",0.275,TRUE,"exclusion",0.7,NA,NA,NA,"2026-08-04","Goal 3 PBE-UD boundary rederivation"
"o0=0,beta<1","global_TY",5,0.6,0,0.4,0.9,0.4,0.15,0.7,TRUE,"low_only",0.055,TRUE,"exclusion",0.7,NA,NA,NA,"2026-08-04","Goal 3 PBE-UD boundary rederivation"
"o0=0,beta<1","global_TY",5,0.6,0,0.4,0.9,0.5,0.15,0.7,TRUE,"high_participation",0.15,TRUE,"exclusion",0.7,NA,NA,NA,"2026-08-04","Goal 3 PBE-UD boundary rederivation"
"o0=0,beta<1","global_TY",5,0.6,0,0.8,0.1,0.8,0.15,0.7,TRUE,"low_only",0.495,TRUE,"low_only",0.78,NA,NA,NA,"2026-08-04","Goal 3 PBE-UD boundary rederivation"
"o0=0,beta<1","global_TY",5,0.6,0,0.8,0.1,0.9,0.15,0.7,TRUE,"low_only",0.495,TRUE,"low_only",0.78,NA,NA,NA,"2026-08-04","Goal 3 PBE-UD boundary rederivation"
"o0=0,beta<1","global_TY",5,0.6,0,0.8,0.5,0.8,0.15,0.7,TRUE,"low_only",0.275,TRUE,"exclusion",0.7,NA,NA,NA,"2026-08-04","Goal 3 PBE-UD boundary rederivation"
"o0=0,beta<1","global_TY",5,0.6,0,0.8,0.5,0.9,0.15,0.7,TRUE,"low_only",0.275,TRUE,"exclusion",0.7,NA,NA,NA,"2026-08-04","Goal 3 PBE-UD boundary rederivation"
"o0=0,beta<1","global_TY",5,0.6,0,0.8,0.9,0.8,0.15,0.7,TRUE,"low_only",0.055,TRUE,"exclusion",0.7,NA,NA,NA,"2026-08-04","Goal 3 PBE-UD boundary rederivation"
"o0=0,beta<1","global_TY",5,0.6,0,0.8,0.9,0.9,0.15,0.7,TRUE,"low_only+high_participation",0.055,TRUE,"exclusion",0.7,NA,NA,NA,"2026-08-04","Goal 3 PBE-UD boundary rederivation"
"o0=0,beta<1","global_TY",5,0.9,0,0.1,0.1,0.1,0.225,0.55,TRUE,"low_only",0.2925,TRUE,"low_only",0.72,NA,NA,NA,"2026-08-04","Goal 3 PBE-UD boundary rederivation"
"o0=0,beta<1","global_TY",5,0.9,0,0.1,0.1,0.2,0.225,0.55,TRUE,"low_only",0.2925,TRUE,"low_only",0.72,NA,NA,NA,"2026-08-04","Goal 3 PBE-UD boundary rederivation"
"o0=0,beta<1","global_TY",5,0.9,0,0.1,0.5,0.1,0.225,0.55,TRUE,"low_only",0.1625,TRUE,"exclusion",0.55,NA,NA,NA,"2026-08-04","Goal 3 PBE-UD boundary rederivation"
"o0=0,beta<1","global_TY",5,0.9,0,0.1,0.5,0.2,0.225,0.55,TRUE,"high_participation",0.225,FALSE,"empty",NA,NA,NA,NA,"2026-08-04","Goal 3 PBE-UD boundary rederivation"
"o0=0,beta<1","global_TY",5,0.9,0,0.1,0.9,0.1,0.225,0.55,TRUE,"low_only",0.0325,TRUE,"exclusion",0.55,NA,NA,NA,"2026-08-04","Goal 3 PBE-UD boundary rederivation"
"o0=0,beta<1","global_TY",5,0.9,0,0.1,0.9,0.2,0.225,0.55,TRUE,"high_participation",0.225,FALSE,"empty",NA,NA,NA,NA,"2026-08-04","Goal 3 PBE-UD boundary rederivation"
"o0=0,beta<1","global_TY",5,0.9,0,0.4,0.1,0.4,0.225,0.55,TRUE,"low_only",0.2925,TRUE,"low_only",0.72,NA,NA,NA,"2026-08-04","Goal 3 PBE-UD boundary rederivation"
"o0=0,beta<1","global_TY",5,0.9,0,0.4,0.1,0.5,0.225,0.55,TRUE,"low_only",0.2925,TRUE,"low_only",0.72,NA,NA,NA,"2026-08-04","Goal 3 PBE-UD boundary rederivation"
"o0=0,beta<1","global_TY",5,0.9,0,0.4,0.5,0.4,0.225,0.55,TRUE,"low_only",0.1625,TRUE,"exclusion",0.55,NA,NA,NA,"2026-08-04","Goal 3 PBE-UD boundary rederivation"
"o0=0,beta<1","global_TY",5,0.9,0,0.4,0.5,0.5,0.225,0.55,TRUE,"low_only+high_participation",0.1625,TRUE,"exclusion",0.55,NA,NA,NA,"2026-08-04","Goal 3 PBE-UD boundary rederivation"
"o0=0,beta<1","global_TY",5,0.9,0,0.4,0.9,0.4,0.225,0.55,TRUE,"low_only",0.0325,TRUE,"exclusion",0.55,NA,NA,NA,"2026-08-04","Goal 3 PBE-UD boundary rederivation"
"o0=0,beta<1","global_TY",5,0.9,0,0.4,0.9,0.5,0.225,0.55,TRUE,"low_only+high_participation",0.0325,TRUE,"exclusion",0.55,NA,NA,NA,"2026-08-04","Goal 3 PBE-UD boundary rederivation"
"o0=0,beta<1","global_TY",5,0.9,0,0.8,0.1,0.8,0.225,0.55,TRUE,"low_only",0.2925,TRUE,"low_only",0.72,NA,NA,NA,"2026-08-04","Goal 3 PBE-UD boundary rederivation"
"o0=0,beta<1","global_TY",5,0.9,0,0.8,0.1,0.9,0.225,0.55,TRUE,"low_only",0.2925,TRUE,"low_only",0.72,NA,NA,NA,"2026-08-04","Goal 3 PBE-UD boundary rederivation"
"o0=0,beta<1","global_TY",5,0.9,0,0.8,0.5,0.8,0.225,0.55,TRUE,"low_only",0.1625,TRUE,"exclusion",0.55,NA,NA,NA,"2026-08-04","Goal 3 PBE-UD boundary rederivation"
"o0=0,beta<1","global_TY",5,0.9,0,0.8,0.5,0.9,0.225,0.55,TRUE,"low_only",0.1625,TRUE,"exclusion",0.55,NA,NA,NA,"2026-08-04","Goal 3 PBE-UD boundary rederivation"
"o0=0,beta<1","global_TY",5,0.9,0,0.8,0.9,0.8,0.225,0.55,TRUE,"low_only",0.0325,TRUE,"exclusion",0.55,NA,NA,NA,"2026-08-04","Goal 3 PBE-UD boundary rederivation"
"o0=0,beta<1","global_TY",5,0.9,0,0.8,0.9,0.9,0.225,0.55,TRUE,"low_only+high_participation",0.0325,TRUE,"exclusion",0.55,NA,NA,NA,"2026-08-04","Goal 3 PBE-UD boundary rederivation"
"o0=0,beta<1","global_TY",6,0.2,0,0.1,0.1,0.1,0.04,0.88,TRUE,"low_only",0.756,TRUE,"exclusion",0.88,NA,NA,NA,"2026-08-04","Goal 3 PBE-UD boundary rederivation"
"o0=0,beta<1","global_TY",6,0.2,0,0.1,0.1,0.2,0.04,0.88,TRUE,"low_only",0.756,TRUE,"exclusion",0.88,NA,NA,NA,"2026-08-04","Goal 3 PBE-UD boundary rederivation"
"o0=0,beta<1","global_TY",6,0.2,0,0.1,0.5,0.1,0.04,0.88,TRUE,"low_only",0.42,TRUE,"exclusion",0.88,NA,NA,NA,"2026-08-04","Goal 3 PBE-UD boundary rederivation"
"o0=0,beta<1","global_TY",6,0.2,0,0.1,0.5,0.2,0.04,0.88,TRUE,"high_participation",0.74,TRUE,"exclusion",0.88,NA,NA,NA,"2026-08-04","Goal 3 PBE-UD boundary rederivation"
"o0=0,beta<1","global_TY",6,0.2,0,0.1,0.9,0.1,0.04,0.88,TRUE,"low_only",0.084,TRUE,"exclusion",0.88,NA,NA,NA,"2026-08-04","Goal 3 PBE-UD boundary rederivation"
"o0=0,beta<1","global_TY",6,0.2,0,0.1,0.9,0.2,0.04,0.88,TRUE,"high_participation",0.74,TRUE,"exclusion",0.88,NA,NA,NA,"2026-08-04","Goal 3 PBE-UD boundary rederivation"
"o0=0,beta<1","global_TY",6,0.2,0,0.4,0.1,0.4,0.04,0.88,TRUE,"low_only",0.756,TRUE,"exclusion",0.88,NA,NA,NA,"2026-08-04","Goal 3 PBE-UD boundary rederivation"
"o0=0,beta<1","global_TY",6,0.2,0,0.4,0.1,0.5,0.04,0.88,TRUE,"low_only",0.756,TRUE,"exclusion",0.88,NA,NA,NA,"2026-08-04","Goal 3 PBE-UD boundary rederivation"
"o0=0,beta<1","global_TY",6,0.2,0,0.4,0.5,0.4,0.04,0.88,TRUE,"low_only",0.42,TRUE,"exclusion",0.88,NA,NA,NA,"2026-08-04","Goal 3 PBE-UD boundary rederivation"
"o0=0,beta<1","global_TY",6,0.2,0,0.4,0.5,0.5,0.04,0.88,TRUE,"high_participation",0.44,TRUE,"exclusion",0.88,NA,NA,NA,"2026-08-04","Goal 3 PBE-UD boundary rederivation"
"o0=0,beta<1","global_TY",6,0.2,0,0.4,0.9,0.4,0.04,0.88,TRUE,"low_only",0.084,TRUE,"exclusion",0.88,NA,NA,NA,"2026-08-04","Goal 3 PBE-UD boundary rederivation"
"o0=0,beta<1","global_TY",6,0.2,0,0.4,0.9,0.5,0.04,0.88,TRUE,"high_participation",0.44,TRUE,"exclusion",0.88,NA,NA,NA,"2026-08-04","Goal 3 PBE-UD boundary rederivation"
"o0=0,beta<1","global_TY",6,0.2,0,0.8,0.1,0.8,0.04,0.88,TRUE,"low_only",0.756,TRUE,"exclusion",0.88,NA,NA,NA,"2026-08-04","Goal 3 PBE-UD boundary rederivation"
"o0=0,beta<1","global_TY",6,0.2,0,0.8,0.1,0.9,0.04,0.88,TRUE,"low_only",0.756,TRUE,"exclusion",0.88,NA,NA,NA,"2026-08-04","Goal 3 PBE-UD boundary rederivation"
"o0=0,beta<1","global_TY",6,0.2,0,0.8,0.5,0.8,0.04,0.88,TRUE,"low_only",0.42,TRUE,"exclusion",0.88,NA,NA,NA,"2026-08-04","Goal 3 PBE-UD boundary rederivation"
"o0=0,beta<1","global_TY",6,0.2,0,0.8,0.5,0.9,0.04,0.88,TRUE,"low_only",0.42,TRUE,"exclusion",0.88,NA,NA,NA,"2026-08-04","Goal 3 PBE-UD boundary rederivation"
"o0=0,beta<1","global_TY",6,0.2,0,0.8,0.9,0.8,0.04,0.88,TRUE,"low_only",0.084,TRUE,"exclusion",0.88,NA,NA,NA,"2026-08-04","Goal 3 PBE-UD boundary rederivation"
"o0=0,beta<1","global_TY",6,0.2,0,0.8,0.9,0.9,0.04,0.88,TRUE,"low_only+high_participation",0.084,TRUE,"exclusion",0.88,NA,NA,NA,"2026-08-04","Goal 3 PBE-UD boundary rederivation"
"o0=0,beta<1","global_TY",6,0.6,0,0.1,0.1,0.1,0.12,0.64,TRUE,"low_only",0.468,TRUE,"low_only",0.696,NA,NA,NA,"2026-08-04","Goal 3 PBE-UD boundary rederivation"
"o0=0,beta<1","global_TY",6,0.6,0,0.1,0.1,0.2,0.12,0.64,TRUE,"low_only",0.468,TRUE,"low_only",0.696,NA,NA,NA,"2026-08-04","Goal 3 PBE-UD boundary rederivation"
"o0=0,beta<1","global_TY",6,0.6,0,0.1,0.5,0.1,0.12,0.64,TRUE,"low_only",0.26,TRUE,"exclusion",0.64,NA,NA,NA,"2026-08-04","Goal 3 PBE-UD boundary rederivation"
"o0=0,beta<1","global_TY",6,0.6,0,0.1,0.5,0.2,0.12,0.64,TRUE,"high_participation",0.42,FALSE,"empty",NA,NA,NA,NA,"2026-08-04","Goal 3 PBE-UD boundary rederivation"
"o0=0,beta<1","global_TY",6,0.6,0,0.1,0.9,0.1,0.12,0.64,TRUE,"low_only",0.052,TRUE,"exclusion",0.64,NA,NA,NA,"2026-08-04","Goal 3 PBE-UD boundary rederivation"
"o0=0,beta<1","global_TY",6,0.6,0,0.1,0.9,0.2,0.12,0.64,TRUE,"high_participation",0.42,FALSE,"empty",NA,NA,NA,NA,"2026-08-04","Goal 3 PBE-UD boundary rederivation"
"o0=0,beta<1","global_TY",6,0.6,0,0.4,0.1,0.4,0.12,0.64,TRUE,"low_only",0.468,TRUE,"low_only",0.696,NA,NA,NA,"2026-08-04","Goal 3 PBE-UD boundary rederivation"
"o0=0,beta<1","global_TY",6,0.6,0,0.4,0.1,0.5,0.12,0.64,TRUE,"low_only",0.468,TRUE,"low_only",0.696,NA,NA,NA,"2026-08-04","Goal 3 PBE-UD boundary rederivation"
"o0=0,beta<1","global_TY",6,0.6,0,0.4,0.5,0.4,0.12,0.64,TRUE,"low_only",0.26,TRUE,"exclusion",0.64,NA,NA,NA,"2026-08-04","Goal 3 PBE-UD boundary rederivation"
"o0=0,beta<1","global_TY",6,0.6,0,0.4,0.5,0.5,0.12,0.64,TRUE,"low_only+high_participation",0.26,TRUE,"exclusion",0.64,NA,NA,NA,"2026-08-04","Goal 3 PBE-UD boundary rederivation"
"o0=0,beta<1","global_TY",6,0.6,0,0.4,0.9,0.4,0.12,0.64,TRUE,"low_only",0.052,TRUE,"exclusion",0.64,NA,NA,NA,"2026-08-04","Goal 3 PBE-UD boundary rederivation"
"o0=0,beta<1","global_TY",6,0.6,0,0.4,0.9,0.5,0.12,0.64,TRUE,"high_participation",0.12,TRUE,"exclusion",0.64,NA,NA,NA,"2026-08-04","Goal 3 PBE-UD boundary rederivation"
"o0=0,beta<1","global_TY",6,0.6,0,0.8,0.1,0.8,0.12,0.64,TRUE,"low_only",0.468,TRUE,"low_only",0.696,NA,NA,NA,"2026-08-04","Goal 3 PBE-UD boundary rederivation"
"o0=0,beta<1","global_TY",6,0.6,0,0.8,0.1,0.9,0.12,0.64,TRUE,"low_only",0.468,TRUE,"low_only",0.696,NA,NA,NA,"2026-08-04","Goal 3 PBE-UD boundary rederivation"
"o0=0,beta<1","global_TY",6,0.6,0,0.8,0.5,0.8,0.12,0.64,TRUE,"low_only",0.26,TRUE,"exclusion",0.64,NA,NA,NA,"2026-08-04","Goal 3 PBE-UD boundary rederivation"
"o0=0,beta<1","global_TY",6,0.6,0,0.8,0.5,0.9,0.12,0.64,TRUE,"low_only",0.26,TRUE,"exclusion",0.64,NA,NA,NA,"2026-08-04","Goal 3 PBE-UD boundary rederivation"
"o0=0,beta<1","global_TY",6,0.6,0,0.8,0.9,0.8,0.12,0.64,TRUE,"low_only",0.052,TRUE,"exclusion",0.64,NA,NA,NA,"2026-08-04","Goal 3 PBE-UD boundary rederivation"
"o0=0,beta<1","global_TY",6,0.6,0,0.8,0.9,0.9,0.12,0.64,TRUE,"low_only+high_participation",0.052,TRUE,"exclusion",0.64,NA,NA,NA,"2026-08-04","Goal 3 PBE-UD boundary rederivation"
"o0=0,beta<1","global_TY",6,0.9,0,0.1,0.1,0.1,0.18,0.46,TRUE,"low_only",0.252,TRUE,"low_only",0.594,NA,NA,NA,"2026-08-04","Goal 3 PBE-UD boundary rederivation"
"o0=0,beta<1","global_TY",6,0.9,0,0.1,0.1,0.2,0.18,0.46,TRUE,"low_only",0.252,TRUE,"low_only",0.594,NA,NA,NA,"2026-08-04","Goal 3 PBE-UD boundary rederivation"
"o0=0,beta<1","global_TY",6,0.9,0,0.1,0.5,0.1,0.18,0.46,TRUE,"low_only",0.14,TRUE,"exclusion",0.46,NA,NA,NA,"2026-08-04","Goal 3 PBE-UD boundary rederivation"
"o0=0,beta<1","global_TY",6,0.9,0,0.1,0.5,0.2,0.18,0.46,TRUE,"high_participation",0.18,FALSE,"empty",NA,NA,NA,NA,"2026-08-04","Goal 3 PBE-UD boundary rederivation"
"o0=0,beta<1","global_TY",6,0.9,0,0.1,0.9,0.1,0.18,0.46,TRUE,"low_only",0.028,TRUE,"exclusion",0.46,NA,NA,NA,"2026-08-04","Goal 3 PBE-UD boundary rederivation"
"o0=0,beta<1","global_TY",6,0.9,0,0.1,0.9,0.2,0.18,0.46,TRUE,"high_participation",0.18,FALSE,"empty",NA,NA,NA,NA,"2026-08-04","Goal 3 PBE-UD boundary rederivation"
"o0=0,beta<1","global_TY",6,0.9,0,0.4,0.1,0.4,0.18,0.46,TRUE,"low_only",0.252,TRUE,"low_only",0.594,NA,NA,NA,"2026-08-04","Goal 3 PBE-UD boundary rederivation"
"o0=0,beta<1","global_TY",6,0.9,0,0.4,0.1,0.5,0.18,0.46,TRUE,"low_only",0.252,TRUE,"low_only",0.594,NA,NA,NA,"2026-08-04","Goal 3 PBE-UD boundary rederivation"
"o0=0,beta<1","global_TY",6,0.9,0,0.4,0.5,0.4,0.18,0.46,TRUE,"low_only",0.14,TRUE,"exclusion",0.46,NA,NA,NA,"2026-08-04","Goal 3 PBE-UD boundary rederivation"
"o0=0,beta<1","global_TY",6,0.9,0,0.4,0.5,0.5,0.18,0.46,TRUE,"low_only+high_participation",0.14,TRUE,"exclusion",0.46,NA,NA,NA,"2026-08-04","Goal 3 PBE-UD boundary rederivation"
"o0=0,beta<1","global_TY",6,0.9,0,0.4,0.9,0.4,0.18,0.46,TRUE,"low_only",0.028,TRUE,"exclusion",0.46,NA,NA,NA,"2026-08-04","Goal 3 PBE-UD boundary rederivation"
"o0=0,beta<1","global_TY",6,0.9,0,0.4,0.9,0.5,0.18,0.46,TRUE,"low_only+high_participation",0.028,TRUE,"exclusion",0.46,NA,NA,NA,"2026-08-04","Goal 3 PBE-UD boundary rederivation"
"o0=0,beta<1","global_TY",6,0.9,0,0.8,0.1,0.8,0.18,0.46,TRUE,"low_only",0.252,TRUE,"low_only",0.594,NA,NA,NA,"2026-08-04","Goal 3 PBE-UD boundary rederivation"
"o0=0,beta<1","global_TY",6,0.9,0,0.8,0.1,0.9,0.18,0.46,TRUE,"low_only",0.252,TRUE,"low_only",0.594,NA,NA,NA,"2026-08-04","Goal 3 PBE-UD boundary rederivation"
"o0=0,beta<1","global_TY",6,0.9,0,0.8,0.5,0.8,0.18,0.46,TRUE,"low_only",0.14,TRUE,"exclusion",0.46,NA,NA,NA,"2026-08-04","Goal 3 PBE-UD boundary rederivation"
"o0=0,beta<1","global_TY",6,0.9,0,0.8,0.5,0.9,0.18,0.46,TRUE,"low_only",0.14,TRUE,"exclusion",0.46,NA,NA,NA,"2026-08-04","Goal 3 PBE-UD boundary rederivation"
"o0=0,beta<1","global_TY",6,0.9,0,0.8,0.9,0.8,0.18,0.46,TRUE,"low_only",0.028,TRUE,"exclusion",0.46,NA,NA,NA,"2026-08-04","Goal 3 PBE-UD boundary rederivation"
"o0=0,beta<1","global_TY",6,0.9,0,0.8,0.9,0.9,0.18,0.46,TRUE,"low_only+high_participation",0.028,TRUE,"exclusion",0.46,NA,NA,NA,"2026-08-04","Goal 3 PBE-UD boundary rederivation"
"o0=0,beta<1","global_TY",7,0.2,0,0.1,0.1,0.1,0.0333333333333333,0.9,TRUE,"low_only",0.75,TRUE,"exclusion",0.9,NA,NA,NA,"2026-08-04","Goal 3 PBE-UD boundary rederivation"
"o0=0,beta<1","global_TY",7,0.2,0,0.1,0.1,0.2,0.0333333333333333,0.9,TRUE,"low_only",0.75,TRUE,"exclusion",0.9,NA,NA,NA,"2026-08-04","Goal 3 PBE-UD boundary rederivation"
"o0=0,beta<1","global_TY",7,0.2,0,0.1,0.5,0.1,0.0333333333333333,0.9,TRUE,"low_only",0.416666666666667,TRUE,"exclusion",0.9,NA,NA,NA,"2026-08-04","Goal 3 PBE-UD boundary rederivation"
"o0=0,beta<1","global_TY",7,0.2,0,0.1,0.5,0.2,0.0333333333333333,0.9,TRUE,"high_participation",0.733333333333333,TRUE,"exclusion",0.9,NA,NA,NA,"2026-08-04","Goal 3 PBE-UD boundary rederivation"
"o0=0,beta<1","global_TY",7,0.2,0,0.1,0.9,0.1,0.0333333333333333,0.9,TRUE,"low_only",0.0833333333333333,TRUE,"exclusion",0.9,NA,NA,NA,"2026-08-04","Goal 3 PBE-UD boundary rederivation"
"o0=0,beta<1","global_TY",7,0.2,0,0.1,0.9,0.2,0.0333333333333333,0.9,TRUE,"high_participation",0.733333333333333,TRUE,"exclusion",0.9,NA,NA,NA,"2026-08-04","Goal 3 PBE-UD boundary rederivation"
"o0=0,beta<1","global_TY",7,0.2,0,0.4,0.1,0.4,0.0333333333333333,0.9,TRUE,"low_only",0.75,TRUE,"exclusion",0.9,NA,NA,NA,"2026-08-04","Goal 3 PBE-UD boundary rederivation"
"o0=0,beta<1","global_TY",7,0.2,0,0.4,0.1,0.5,0.0333333333333333,0.9,TRUE,"low_only",0.75,TRUE,"exclusion",0.9,NA,NA,NA,"2026-08-04","Goal 3 PBE-UD boundary rederivation"
"o0=0,beta<1","global_TY",7,0.2,0,0.4,0.5,0.4,0.0333333333333333,0.9,TRUE,"low_only",0.416666666666667,TRUE,"exclusion",0.9,NA,NA,NA,"2026-08-04","Goal 3 PBE-UD boundary rederivation"
"o0=0,beta<1","global_TY",7,0.2,0,0.4,0.5,0.5,0.0333333333333333,0.9,TRUE,"high_participation",0.433333333333333,TRUE,"exclusion",0.9,NA,NA,NA,"2026-08-04","Goal 3 PBE-UD boundary rederivation"
"o0=0,beta<1","global_TY",7,0.2,0,0.4,0.9,0.4,0.0333333333333333,0.9,TRUE,"low_only",0.0833333333333333,TRUE,"exclusion",0.9,NA,NA,NA,"2026-08-04","Goal 3 PBE-UD boundary rederivation"
"o0=0,beta<1","global_TY",7,0.2,0,0.4,0.9,0.5,0.0333333333333333,0.9,TRUE,"high_participation",0.433333333333333,TRUE,"exclusion",0.9,NA,NA,NA,"2026-08-04","Goal 3 PBE-UD boundary rederivation"
"o0=0,beta<1","global_TY",7,0.2,0,0.8,0.1,0.8,0.0333333333333333,0.9,TRUE,"low_only",0.75,TRUE,"exclusion",0.9,NA,NA,NA,"2026-08-04","Goal 3 PBE-UD boundary rederivation"
"o0=0,beta<1","global_TY",7,0.2,0,0.8,0.1,0.9,0.0333333333333333,0.9,TRUE,"low_only",0.75,TRUE,"exclusion",0.9,NA,NA,NA,"2026-08-04","Goal 3 PBE-UD boundary rederivation"
"o0=0,beta<1","global_TY",7,0.2,0,0.8,0.5,0.8,0.0333333333333333,0.9,TRUE,"low_only",0.416666666666667,TRUE,"exclusion",0.9,NA,NA,NA,"2026-08-04","Goal 3 PBE-UD boundary rederivation"
"o0=0,beta<1","global_TY",7,0.2,0,0.8,0.5,0.9,0.0333333333333333,0.9,TRUE,"low_only",0.416666666666667,TRUE,"exclusion",0.9,NA,NA,NA,"2026-08-04","Goal 3 PBE-UD boundary rederivation"
"o0=0,beta<1","global_TY",7,0.2,0,0.8,0.9,0.8,0.0333333333333333,0.9,TRUE,"low_only",0.0833333333333333,TRUE,"exclusion",0.9,NA,NA,NA,"2026-08-04","Goal 3 PBE-UD boundary rederivation"
"o0=0,beta<1","global_TY",7,0.2,0,0.8,0.9,0.9,0.0333333333333333,0.9,TRUE,"low_only+high_participation",0.0833333333333333,TRUE,"exclusion",0.9,NA,NA,NA,"2026-08-04","Goal 3 PBE-UD boundary rederivation"
"o0=0,beta<1","global_TY",7,0.6,0,0.1,0.1,0.1,0.1,0.7,TRUE,"low_only",0.45,TRUE,"low_only",0.73,NA,NA,NA,"2026-08-04","Goal 3 PBE-UD boundary rederivation"
"o0=0,beta<1","global_TY",7,0.6,0,0.1,0.1,0.2,0.1,0.7,TRUE,"low_only",0.45,TRUE,"low_only",0.73,NA,NA,NA,"2026-08-04","Goal 3 PBE-UD boundary rederivation"
"o0=0,beta<1","global_TY",7,0.6,0,0.1,0.5,0.1,0.1,0.7,TRUE,"low_only",0.25,TRUE,"exclusion",0.7,NA,NA,NA,"2026-08-04","Goal 3 PBE-UD boundary rederivation"
"o0=0,beta<1","global_TY",7,0.6,0,0.1,0.5,0.2,0.1,0.7,TRUE,"high_participation",0.4,TRUE,"exclusion",0.7,NA,NA,NA,"2026-08-04","Goal 3 PBE-UD boundary rederivation"
"o0=0,beta<1","global_TY",7,0.6,0,0.1,0.9,0.1,0.1,0.7,TRUE,"low_only",0.05,TRUE,"exclusion",0.7,NA,NA,NA,"2026-08-04","Goal 3 PBE-UD boundary rederivation"
"o0=0,beta<1","global_TY",7,0.6,0,0.1,0.9,0.2,0.1,0.7,TRUE,"high_participation",0.4,TRUE,"exclusion",0.7,NA,NA,NA,"2026-08-04","Goal 3 PBE-UD boundary rederivation"
"o0=0,beta<1","global_TY",7,0.6,0,0.4,0.1,0.4,0.1,0.7,TRUE,"low_only",0.45,TRUE,"low_only",0.73,NA,NA,NA,"2026-08-04","Goal 3 PBE-UD boundary rederivation"
"o0=0,beta<1","global_TY",7,0.6,0,0.4,0.1,0.5,0.1,0.7,TRUE,"low_only",0.45,TRUE,"low_only",0.73,NA,NA,NA,"2026-08-04","Goal 3 PBE-UD boundary rederivation"
"o0=0,beta<1","global_TY",7,0.6,0,0.4,0.5,0.4,0.1,0.7,TRUE,"low_only",0.25,TRUE,"exclusion",0.7,NA,NA,NA,"2026-08-04","Goal 3 PBE-UD boundary rederivation"
"o0=0,beta<1","global_TY",7,0.6,0,0.4,0.5,0.5,0.1,0.7,TRUE,"low_only+high_participation",0.25,TRUE,"exclusion",0.7,NA,NA,NA,"2026-08-04","Goal 3 PBE-UD boundary rederivation"
"o0=0,beta<1","global_TY",7,0.6,0,0.4,0.9,0.4,0.1,0.7,TRUE,"low_only",0.05,TRUE,"exclusion",0.7,NA,NA,NA,"2026-08-04","Goal 3 PBE-UD boundary rederivation"
"o0=0,beta<1","global_TY",7,0.6,0,0.4,0.9,0.5,0.1,0.7,TRUE,"high_participation",0.1,TRUE,"exclusion",0.7,NA,NA,NA,"2026-08-04","Goal 3 PBE-UD boundary rederivation"
"o0=0,beta<1","global_TY",7,0.6,0,0.8,0.1,0.8,0.1,0.7,TRUE,"low_only",0.45,TRUE,"low_only",0.73,NA,NA,NA,"2026-08-04","Goal 3 PBE-UD boundary rederivation"
"o0=0,beta<1","global_TY",7,0.6,0,0.8,0.1,0.9,0.1,0.7,TRUE,"low_only",0.45,TRUE,"low_only",0.73,NA,NA,NA,"2026-08-04","Goal 3 PBE-UD boundary rederivation"
"o0=0,beta<1","global_TY",7,0.6,0,0.8,0.5,0.8,0.1,0.7,TRUE,"low_only",0.25,TRUE,"exclusion",0.7,NA,NA,NA,"2026-08-04","Goal 3 PBE-UD boundary rederivation"
"o0=0,beta<1","global_TY",7,0.6,0,0.8,0.5,0.9,0.1,0.7,TRUE,"low_only",0.25,TRUE,"exclusion",0.7,NA,NA,NA,"2026-08-04","Goal 3 PBE-UD boundary rederivation"
"o0=0,beta<1","global_TY",7,0.6,0,0.8,0.9,0.8,0.1,0.7,TRUE,"low_only",0.05,TRUE,"exclusion",0.7,NA,NA,NA,"2026-08-04","Goal 3 PBE-UD boundary rederivation"
"o0=0,beta<1","global_TY",7,0.6,0,0.8,0.9,0.9,0.1,0.7,TRUE,"low_only+high_participation",0.05,TRUE,"exclusion",0.7,NA,NA,NA,"2026-08-04","Goal 3 PBE-UD boundary rederivation"
"o0=0,beta<1","global_TY",7,0.9,0,0.1,0.1,0.1,0.15,0.55,TRUE,"low_only",0.225,TRUE,"low_only",0.645,NA,NA,NA,"2026-08-04","Goal 3 PBE-UD boundary rederivation"
"o0=0,beta<1","global_TY",7,0.9,0,0.1,0.1,0.2,0.15,0.55,TRUE,"low_only",0.225,TRUE,"low_only",0.645,NA,NA,NA,"2026-08-04","Goal 3 PBE-UD boundary rederivation"
"o0=0,beta<1","global_TY",7,0.9,0,0.1,0.5,0.1,0.15,0.55,TRUE,"low_only",0.125,TRUE,"exclusion",0.55,NA,NA,NA,"2026-08-04","Goal 3 PBE-UD boundary rederivation"
"o0=0,beta<1","global_TY",7,0.9,0,0.1,0.5,0.2,0.15,0.55,TRUE,"high_participation",0.15,FALSE,"empty",NA,NA,NA,NA,"2026-08-04","Goal 3 PBE-UD boundary rederivation"
"o0=0,beta<1","global_TY",7,0.9,0,0.1,0.9,0.1,0.15,0.55,TRUE,"low_only",0.025,TRUE,"exclusion",0.55,NA,NA,NA,"2026-08-04","Goal 3 PBE-UD boundary rederivation"
"o0=0,beta<1","global_TY",7,0.9,0,0.1,0.9,0.2,0.15,0.55,TRUE,"high_participation",0.15,FALSE,"empty",NA,NA,NA,NA,"2026-08-04","Goal 3 PBE-UD boundary rederivation"
"o0=0,beta<1","global_TY",7,0.9,0,0.4,0.1,0.4,0.15,0.55,TRUE,"low_only",0.225,TRUE,"low_only",0.645,NA,NA,NA,"2026-08-04","Goal 3 PBE-UD boundary rederivation"
"o0=0,beta<1","global_TY",7,0.9,0,0.4,0.1,0.5,0.15,0.55,TRUE,"low_only",0.225,TRUE,"low_only",0.645,NA,NA,NA,"2026-08-04","Goal 3 PBE-UD boundary rederivation"
"o0=0,beta<1","global_TY",7,0.9,0,0.4,0.5,0.4,0.15,0.55,TRUE,"low_only",0.125,TRUE,"exclusion",0.55,NA,NA,NA,"2026-08-04","Goal 3 PBE-UD boundary rederivation"
"o0=0,beta<1","global_TY",7,0.9,0,0.4,0.5,0.5,0.15,0.55,TRUE,"low_only+high_participation",0.125,TRUE,"exclusion",0.55,NA,NA,NA,"2026-08-04","Goal 3 PBE-UD boundary rederivation"
"o0=0,beta<1","global_TY",7,0.9,0,0.4,0.9,0.4,0.15,0.55,TRUE,"low_only",0.025,TRUE,"exclusion",0.55,NA,NA,NA,"2026-08-04","Goal 3 PBE-UD boundary rederivation"
"o0=0,beta<1","global_TY",7,0.9,0,0.4,0.9,0.5,0.15,0.55,TRUE,"low_only+high_participation",0.025,TRUE,"exclusion",0.55,NA,NA,NA,"2026-08-04","Goal 3 PBE-UD boundary rederivation"
"o0=0,beta<1","global_TY",7,0.9,0,0.8,0.1,0.8,0.15,0.55,TRUE,"low_only",0.225,TRUE,"low_only",0.645,NA,NA,NA,"2026-08-04","Goal 3 PBE-UD boundary rederivation"
"o0=0,beta<1","global_TY",7,0.9,0,0.8,0.1,0.9,0.15,0.55,TRUE,"low_only",0.225,TRUE,"low_only",0.645,NA,NA,NA,"2026-08-04","Goal 3 PBE-UD boundary rederivation"
"o0=0,beta<1","global_TY",7,0.9,0,0.8,0.5,0.8,0.15,0.55,TRUE,"low_only",0.125,TRUE,"exclusion",0.55,NA,NA,NA,"2026-08-04","Goal 3 PBE-UD boundary rederivation"
"o0=0,beta<1","global_TY",7,0.9,0,0.8,0.5,0.9,0.15,0.55,TRUE,"low_only",0.125,TRUE,"exclusion",0.55,NA,NA,NA,"2026-08-04","Goal 3 PBE-UD boundary rederivation"
"o0=0,beta<1","global_TY",7,0.9,0,0.8,0.9,0.8,0.15,0.55,TRUE,"low_only",0.025,TRUE,"exclusion",0.55,NA,NA,NA,"2026-08-04","Goal 3 PBE-UD boundary rederivation"
"o0=0,beta<1","global_TY",7,0.9,0,0.8,0.9,0.9,0.15,0.55,TRUE,"low_only+high_participation",0.025,TRUE,"exclusion",0.55,NA,NA,NA,"2026-08-04","Goal 3 PBE-UD boundary rederivation"
"o0=0,beta<1","global_TY",8,0.2,0,0.1,0.1,0.1,0.0285714285714286,0.885714285714286,TRUE,"low_only",0.745714285714286,TRUE,"exclusion",0.885714285714286,NA,NA,NA,"2026-08-04","Goal 3 PBE-UD boundary rederivation"
"o0=0,beta<1","global_TY",8,0.2,0,0.1,0.1,0.2,0.0285714285714286,0.885714285714286,TRUE,"low_only",0.745714285714286,TRUE,"exclusion",0.885714285714286,NA,NA,NA,"2026-08-04","Goal 3 PBE-UD boundary rederivation"
"o0=0,beta<1","global_TY",8,0.2,0,0.1,0.5,0.1,0.0285714285714286,0.885714285714286,TRUE,"low_only",0.414285714285714,TRUE,"exclusion",0.885714285714286,NA,NA,NA,"2026-08-04","Goal 3 PBE-UD boundary rederivation"
"o0=0,beta<1","global_TY",8,0.2,0,0.1,0.5,0.2,0.0285714285714286,0.885714285714286,TRUE,"high_participation",0.728571428571429,TRUE,"exclusion",0.885714285714286,NA,NA,NA,"2026-08-04","Goal 3 PBE-UD boundary rederivation"
"o0=0,beta<1","global_TY",8,0.2,0,0.1,0.9,0.1,0.0285714285714286,0.885714285714286,TRUE,"low_only",0.0828571428571428,TRUE,"exclusion",0.885714285714286,NA,NA,NA,"2026-08-04","Goal 3 PBE-UD boundary rederivation"
"o0=0,beta<1","global_TY",8,0.2,0,0.1,0.9,0.2,0.0285714285714286,0.885714285714286,TRUE,"high_participation",0.728571428571429,TRUE,"exclusion",0.885714285714286,NA,NA,NA,"2026-08-04","Goal 3 PBE-UD boundary rederivation"
"o0=0,beta<1","global_TY",8,0.2,0,0.4,0.1,0.4,0.0285714285714286,0.885714285714286,TRUE,"low_only",0.745714285714286,TRUE,"exclusion",0.885714285714286,NA,NA,NA,"2026-08-04","Goal 3 PBE-UD boundary rederivation"
"o0=0,beta<1","global_TY",8,0.2,0,0.4,0.1,0.5,0.0285714285714286,0.885714285714286,TRUE,"low_only",0.745714285714286,TRUE,"exclusion",0.885714285714286,NA,NA,NA,"2026-08-04","Goal 3 PBE-UD boundary rederivation"
"o0=0,beta<1","global_TY",8,0.2,0,0.4,0.5,0.4,0.0285714285714286,0.885714285714286,TRUE,"low_only",0.414285714285714,TRUE,"exclusion",0.885714285714286,NA,NA,NA,"2026-08-04","Goal 3 PBE-UD boundary rederivation"
"o0=0,beta<1","global_TY",8,0.2,0,0.4,0.5,0.5,0.0285714285714286,0.885714285714286,TRUE,"high_participation",0.428571428571428,TRUE,"exclusion",0.885714285714286,NA,NA,NA,"2026-08-04","Goal 3 PBE-UD boundary rederivation"
"o0=0,beta<1","global_TY",8,0.2,0,0.4,0.9,0.4,0.0285714285714286,0.885714285714286,TRUE,"low_only",0.0828571428571428,TRUE,"exclusion",0.885714285714286,NA,NA,NA,"2026-08-04","Goal 3 PBE-UD boundary rederivation"
"o0=0,beta<1","global_TY",8,0.2,0,0.4,0.9,0.5,0.0285714285714286,0.885714285714286,TRUE,"high_participation",0.428571428571428,TRUE,"exclusion",0.885714285714286,NA,NA,NA,"2026-08-04","Goal 3 PBE-UD boundary rederivation"
"o0=0,beta<1","global_TY",8,0.2,0,0.8,0.1,0.8,0.0285714285714286,0.885714285714286,TRUE,"low_only",0.745714285714286,TRUE,"exclusion",0.885714285714286,NA,NA,NA,"2026-08-04","Goal 3 PBE-UD boundary rederivation"
"o0=0,beta<1","global_TY",8,0.2,0,0.8,0.1,0.9,0.0285714285714286,0.885714285714286,TRUE,"low_only",0.745714285714286,TRUE,"exclusion",0.885714285714286,NA,NA,NA,"2026-08-04","Goal 3 PBE-UD boundary rederivation"
"o0=0,beta<1","global_TY",8,0.2,0,0.8,0.5,0.8,0.0285714285714286,0.885714285714286,TRUE,"low_only",0.414285714285714,TRUE,"exclusion",0.885714285714286,NA,NA,NA,"2026-08-04","Goal 3 PBE-UD boundary rederivation"
"o0=0,beta<1","global_TY",8,0.2,0,0.8,0.5,0.9,0.0285714285714286,0.885714285714286,TRUE,"low_only",0.414285714285714,TRUE,"exclusion",0.885714285714286,NA,NA,NA,"2026-08-04","Goal 3 PBE-UD boundary rederivation"
"o0=0,beta<1","global_TY",8,0.2,0,0.8,0.9,0.8,0.0285714285714286,0.885714285714286,TRUE,"low_only",0.0828571428571428,TRUE,"exclusion",0.885714285714286,NA,NA,NA,"2026-08-04","Goal 3 PBE-UD boundary rederivation"
"o0=0,beta<1","global_TY",8,0.2,0,0.8,0.9,0.9,0.0285714285714286,0.885714285714286,TRUE,"low_only+high_participation",0.0828571428571428,TRUE,"exclusion",0.885714285714286,NA,NA,NA,"2026-08-04","Goal 3 PBE-UD boundary rederivation"
"o0=0,beta<1","global_TY",8,0.6,0,0.1,0.1,0.1,0.0857142857142857,0.657142857142857,TRUE,"low_only",0.437142857142857,TRUE,"low_only",0.677142857142857,NA,NA,NA,"2026-08-04","Goal 3 PBE-UD boundary rederivation"
"o0=0,beta<1","global_TY",8,0.6,0,0.1,0.1,0.2,0.0857142857142857,0.657142857142857,TRUE,"low_only",0.437142857142857,TRUE,"low_only",0.677142857142857,NA,NA,NA,"2026-08-04","Goal 3 PBE-UD boundary rederivation"
"o0=0,beta<1","global_TY",8,0.6,0,0.1,0.5,0.1,0.0857142857142857,0.657142857142857,TRUE,"low_only",0.242857142857143,TRUE,"exclusion",0.657142857142857,NA,NA,NA,"2026-08-04","Goal 3 PBE-UD boundary rederivation"
"o0=0,beta<1","global_TY",8,0.6,0,0.1,0.5,0.2,0.0857142857142857,0.657142857142857,TRUE,"high_participation",0.385714285714286,TRUE,"exclusion",0.657142857142857,NA,NA,NA,"2026-08-04","Goal 3 PBE-UD boundary rederivation"
"o0=0,beta<1","global_TY",8,0.6,0,0.1,0.9,0.1,0.0857142857142857,0.657142857142857,TRUE,"low_only",0.0485714285714286,TRUE,"exclusion",0.657142857142857,NA,NA,NA,"2026-08-04","Goal 3 PBE-UD boundary rederivation"
"o0=0,beta<1","global_TY",8,0.6,0,0.1,0.9,0.2,0.0857142857142857,0.657142857142857,TRUE,"high_participation",0.385714285714286,TRUE,"exclusion",0.657142857142857,NA,NA,NA,"2026-08-04","Goal 3 PBE-UD boundary rederivation"
"o0=0,beta<1","global_TY",8,0.6,0,0.4,0.1,0.4,0.0857142857142857,0.657142857142857,TRUE,"low_only",0.437142857142857,TRUE,"low_only",0.677142857142857,NA,NA,NA,"2026-08-04","Goal 3 PBE-UD boundary rederivation"
"o0=0,beta<1","global_TY",8,0.6,0,0.4,0.1,0.5,0.0857142857142857,0.657142857142857,TRUE,"low_only",0.437142857142857,TRUE,"low_only",0.677142857142857,NA,NA,NA,"2026-08-04","Goal 3 PBE-UD boundary rederivation"
"o0=0,beta<1","global_TY",8,0.6,0,0.4,0.5,0.4,0.0857142857142857,0.657142857142857,TRUE,"low_only",0.242857142857143,TRUE,"exclusion",0.657142857142857,NA,NA,NA,"2026-08-04","Goal 3 PBE-UD boundary rederivation"
"o0=0,beta<1","global_TY",8,0.6,0,0.4,0.5,0.5,0.0857142857142857,0.657142857142857,TRUE,"low_only+high_participation",0.242857142857143,TRUE,"exclusion",0.657142857142857,NA,NA,NA,"2026-08-04","Goal 3 PBE-UD boundary rederivation"
"o0=0,beta<1","global_TY",8,0.6,0,0.4,0.9,0.4,0.0857142857142857,0.657142857142857,TRUE,"low_only",0.0485714285714286,TRUE,"exclusion",0.657142857142857,NA,NA,NA,"2026-08-04","Goal 3 PBE-UD boundary rederivation"
"o0=0,beta<1","global_TY",8,0.6,0,0.4,0.9,0.5,0.0857142857142857,0.657142857142857,TRUE,"high_participation",0.0857142857142857,TRUE,"exclusion",0.657142857142857,NA,NA,NA,"2026-08-04","Goal 3 PBE-UD boundary rederivation"
"o0=0,beta<1","global_TY",8,0.6,0,0.8,0.1,0.8,0.0857142857142857,0.657142857142857,TRUE,"low_only",0.437142857142857,TRUE,"low_only",0.677142857142857,NA,NA,NA,"2026-08-04","Goal 3 PBE-UD boundary rederivation"
"o0=0,beta<1","global_TY",8,0.6,0,0.8,0.1,0.9,0.0857142857142857,0.657142857142857,TRUE,"low_only",0.437142857142857,TRUE,"low_only",0.677142857142857,NA,NA,NA,"2026-08-04","Goal 3 PBE-UD boundary rederivation"
"o0=0,beta<1","global_TY",8,0.6,0,0.8,0.5,0.8,0.0857142857142857,0.657142857142857,TRUE,"low_only",0.242857142857143,TRUE,"exclusion",0.657142857142857,NA,NA,NA,"2026-08-04","Goal 3 PBE-UD boundary rederivation"
"o0=0,beta<1","global_TY",8,0.6,0,0.8,0.5,0.9,0.0857142857142857,0.657142857142857,TRUE,"low_only",0.242857142857143,TRUE,"exclusion",0.657142857142857,NA,NA,NA,"2026-08-04","Goal 3 PBE-UD boundary rederivation"
"o0=0,beta<1","global_TY",8,0.6,0,0.8,0.9,0.8,0.0857142857142857,0.657142857142857,TRUE,"low_only",0.0485714285714286,TRUE,"exclusion",0.657142857142857,NA,NA,NA,"2026-08-04","Goal 3 PBE-UD boundary rederivation"
"o0=0,beta<1","global_TY",8,0.6,0,0.8,0.9,0.9,0.0857142857142857,0.657142857142857,TRUE,"low_only+high_participation",0.0485714285714286,TRUE,"exclusion",0.657142857142857,NA,NA,NA,"2026-08-04","Goal 3 PBE-UD boundary rederivation"
"o0=0,beta<1","global_TY",8,0.9,0,0.1,0.1,0.1,0.128571428571429,0.485714285714286,TRUE,"low_only",0.205714285714286,TRUE,"low_only",0.565714285714286,NA,NA,NA,"2026-08-04","Goal 3 PBE-UD boundary rederivation"
"o0=0,beta<1","global_TY",8,0.9,0,0.1,0.1,0.2,0.128571428571429,0.485714285714286,TRUE,"low_only",0.205714285714286,TRUE,"low_only",0.565714285714286,NA,NA,NA,"2026-08-04","Goal 3 PBE-UD boundary rederivation"
"o0=0,beta<1","global_TY",8,0.9,0,0.1,0.5,0.1,0.128571428571429,0.485714285714286,TRUE,"low_only",0.114285714285714,TRUE,"exclusion",0.485714285714286,NA,NA,NA,"2026-08-04","Goal 3 PBE-UD boundary rederivation"
"o0=0,beta<1","global_TY",8,0.9,0,0.1,0.5,0.2,0.128571428571429,0.485714285714286,TRUE,"high_participation",0.128571428571429,FALSE,"empty",NA,NA,NA,NA,"2026-08-04","Goal 3 PBE-UD boundary rederivation"
"o0=0,beta<1","global_TY",8,0.9,0,0.1,0.9,0.1,0.128571428571429,0.485714285714286,TRUE,"low_only",0.0228571428571429,TRUE,"exclusion",0.485714285714286,NA,NA,NA,"2026-08-04","Goal 3 PBE-UD boundary rederivation"
"o0=0,beta<1","global_TY",8,0.9,0,0.1,0.9,0.2,0.128571428571429,0.485714285714286,TRUE,"high_participation",0.128571428571429,FALSE,"empty",NA,NA,NA,NA,"2026-08-04","Goal 3 PBE-UD boundary rederivation"
"o0=0,beta<1","global_TY",8,0.9,0,0.4,0.1,0.4,0.128571428571429,0.485714285714286,TRUE,"low_only",0.205714285714286,TRUE,"low_only",0.565714285714286,NA,NA,NA,"2026-08-04","Goal 3 PBE-UD boundary rederivation"
"o0=0,beta<1","global_TY",8,0.9,0,0.4,0.1,0.5,0.128571428571429,0.485714285714286,TRUE,"low_only",0.205714285714286,TRUE,"low_only",0.565714285714286,NA,NA,NA,"2026-08-04","Goal 3 PBE-UD boundary rederivation"
"o0=0,beta<1","global_TY",8,0.9,0,0.4,0.5,0.4,0.128571428571429,0.485714285714286,TRUE,"low_only",0.114285714285714,TRUE,"exclusion",0.485714285714286,NA,NA,NA,"2026-08-04","Goal 3 PBE-UD boundary rederivation"
"o0=0,beta<1","global_TY",8,0.9,0,0.4,0.5,0.5,0.128571428571429,0.485714285714286,TRUE,"low_only+high_participation",0.114285714285714,TRUE,"exclusion",0.485714285714286,NA,NA,NA,"2026-08-04","Goal 3 PBE-UD boundary rederivation"
"o0=0,beta<1","global_TY",8,0.9,0,0.4,0.9,0.4,0.128571428571429,0.485714285714286,TRUE,"low_only",0.0228571428571429,TRUE,"exclusion",0.485714285714286,NA,NA,NA,"2026-08-04","Goal 3 PBE-UD boundary rederivation"
"o0=0,beta<1","global_TY",8,0.9,0,0.4,0.9,0.5,0.128571428571429,0.485714285714286,TRUE,"low_only+high_participation",0.0228571428571429,TRUE,"exclusion",0.485714285714286,NA,NA,NA,"2026-08-04","Goal 3 PBE-UD boundary rederivation"
"o0=0,beta<1","global_TY",8,0.9,0,0.8,0.1,0.8,0.128571428571429,0.485714285714286,TRUE,"low_only",0.205714285714286,TRUE,"low_only",0.565714285714286,NA,NA,NA,"2026-08-04","Goal 3 PBE-UD boundary rederivation"
"o0=0,beta<1","global_TY",8,0.9,0,0.8,0.1,0.9,0.128571428571429,0.485714285714286,TRUE,"low_only",0.205714285714286,TRUE,"low_only",0.565714285714286,NA,NA,NA,"2026-08-04","Goal 3 PBE-UD boundary rederivation"
"o0=0,beta<1","global_TY",8,0.9,0,0.8,0.5,0.8,0.128571428571429,0.485714285714286,TRUE,"low_only",0.114285714285714,TRUE,"exclusion",0.485714285714286,NA,NA,NA,"2026-08-04","Goal 3 PBE-UD boundary rederivation"
"o0=0,beta<1","global_TY",8,0.9,0,0.8,0.5,0.9,0.128571428571429,0.485714285714286,TRUE,"low_only",0.114285714285714,TRUE,"exclusion",0.485714285714286,NA,NA,NA,"2026-08-04","Goal 3 PBE-UD boundary rederivation"
"o0=0,beta<1","global_TY",8,0.9,0,0.8,0.9,0.8,0.128571428571429,0.485714285714286,TRUE,"low_only",0.0228571428571429,TRUE,"exclusion",0.485714285714286,NA,NA,NA,"2026-08-04","Goal 3 PBE-UD boundary rederivation"
"o0=0,beta<1","global_TY",8,0.9,0,0.8,0.9,0.9,0.128571428571429,0.485714285714286,TRUE,"low_only+high_participation",0.0228571428571429,TRUE,"exclusion",0.485714285714286,NA,NA,NA,"2026-08-04","Goal 3 PBE-UD boundary rederivation"
"o0=0,beta<1","global_TY",9,0.2,0,0.1,0.1,0.1,0.025,0.9,TRUE,"low_only",0.7425,TRUE,"exclusion",0.9,NA,NA,NA,"2026-08-04","Goal 3 PBE-UD boundary rederivation"
"o0=0,beta<1","global_TY",9,0.2,0,0.1,0.1,0.2,0.025,0.9,TRUE,"low_only",0.7425,TRUE,"exclusion",0.9,NA,NA,NA,"2026-08-04","Goal 3 PBE-UD boundary rederivation"
"o0=0,beta<1","global_TY",9,0.2,0,0.1,0.5,0.1,0.025,0.9,TRUE,"low_only",0.4125,TRUE,"exclusion",0.9,NA,NA,NA,"2026-08-04","Goal 3 PBE-UD boundary rederivation"
"o0=0,beta<1","global_TY",9,0.2,0,0.1,0.5,0.2,0.025,0.9,TRUE,"high_participation",0.725,TRUE,"exclusion",0.9,NA,NA,NA,"2026-08-04","Goal 3 PBE-UD boundary rederivation"
"o0=0,beta<1","global_TY",9,0.2,0,0.1,0.9,0.1,0.025,0.9,TRUE,"low_only",0.0825,TRUE,"exclusion",0.9,NA,NA,NA,"2026-08-04","Goal 3 PBE-UD boundary rederivation"
"o0=0,beta<1","global_TY",9,0.2,0,0.1,0.9,0.2,0.025,0.9,TRUE,"high_participation",0.725,TRUE,"exclusion",0.9,NA,NA,NA,"2026-08-04","Goal 3 PBE-UD boundary rederivation"
"o0=0,beta<1","global_TY",9,0.2,0,0.4,0.1,0.4,0.025,0.9,TRUE,"low_only",0.7425,TRUE,"exclusion",0.9,NA,NA,NA,"2026-08-04","Goal 3 PBE-UD boundary rederivation"
"o0=0,beta<1","global_TY",9,0.2,0,0.4,0.1,0.5,0.025,0.9,TRUE,"low_only",0.7425,TRUE,"exclusion",0.9,NA,NA,NA,"2026-08-04","Goal 3 PBE-UD boundary rederivation"
"o0=0,beta<1","global_TY",9,0.2,0,0.4,0.5,0.4,0.025,0.9,TRUE,"low_only",0.4125,TRUE,"exclusion",0.9,NA,NA,NA,"2026-08-04","Goal 3 PBE-UD boundary rederivation"
"o0=0,beta<1","global_TY",9,0.2,0,0.4,0.5,0.5,0.025,0.9,TRUE,"high_participation",0.425,TRUE,"exclusion",0.9,NA,NA,NA,"2026-08-04","Goal 3 PBE-UD boundary rederivation"
"o0=0,beta<1","global_TY",9,0.2,0,0.4,0.9,0.4,0.025,0.9,TRUE,"low_only",0.0825,TRUE,"exclusion",0.9,NA,NA,NA,"2026-08-04","Goal 3 PBE-UD boundary rederivation"
"o0=0,beta<1","global_TY",9,0.2,0,0.4,0.9,0.5,0.025,0.9,TRUE,"high_participation",0.425,TRUE,"exclusion",0.9,NA,NA,NA,"2026-08-04","Goal 3 PBE-UD boundary rederivation"
"o0=0,beta<1","global_TY",9,0.2,0,0.8,0.1,0.8,0.025,0.9,TRUE,"low_only",0.7425,TRUE,"exclusion",0.9,NA,NA,NA,"2026-08-04","Goal 3 PBE-UD boundary rederivation"
"o0=0,beta<1","global_TY",9,0.2,0,0.8,0.1,0.9,0.025,0.9,TRUE,"low_only",0.7425,TRUE,"exclusion",0.9,NA,NA,NA,"2026-08-04","Goal 3 PBE-UD boundary rederivation"
"o0=0,beta<1","global_TY",9,0.2,0,0.8,0.5,0.8,0.025,0.9,TRUE,"low_only",0.4125,TRUE,"exclusion",0.9,NA,NA,NA,"2026-08-04","Goal 3 PBE-UD boundary rederivation"
"o0=0,beta<1","global_TY",9,0.2,0,0.8,0.5,0.9,0.025,0.9,TRUE,"low_only",0.4125,TRUE,"exclusion",0.9,NA,NA,NA,"2026-08-04","Goal 3 PBE-UD boundary rederivation"
"o0=0,beta<1","global_TY",9,0.2,0,0.8,0.9,0.8,0.025,0.9,TRUE,"low_only",0.0825,TRUE,"exclusion",0.9,NA,NA,NA,"2026-08-04","Goal 3 PBE-UD boundary rederivation"
"o0=0,beta<1","global_TY",9,0.2,0,0.8,0.9,0.9,0.025,0.9,TRUE,"low_only+high_participation",0.0825,TRUE,"exclusion",0.9,NA,NA,NA,"2026-08-04","Goal 3 PBE-UD boundary rederivation"
"o0=0,beta<1","global_TY",9,0.6,0,0.1,0.1,0.1,0.075,0.7,TRUE,"low_only",0.4275,TRUE,"low_only",0.705,NA,NA,NA,"2026-08-04","Goal 3 PBE-UD boundary rederivation"
"o0=0,beta<1","global_TY",9,0.6,0,0.1,0.1,0.2,0.075,0.7,TRUE,"low_only",0.4275,TRUE,"low_only",0.705,NA,NA,NA,"2026-08-04","Goal 3 PBE-UD boundary rederivation"
"o0=0,beta<1","global_TY",9,0.6,0,0.1,0.5,0.1,0.075,0.7,TRUE,"low_only",0.2375,TRUE,"exclusion",0.7,NA,NA,NA,"2026-08-04","Goal 3 PBE-UD boundary rederivation"
"o0=0,beta<1","global_TY",9,0.6,0,0.1,0.5,0.2,0.075,0.7,TRUE,"high_participation",0.375,TRUE,"exclusion",0.7,NA,NA,NA,"2026-08-04","Goal 3 PBE-UD boundary rederivation"
"o0=0,beta<1","global_TY",9,0.6,0,0.1,0.9,0.1,0.075,0.7,TRUE,"low_only",0.0475,TRUE,"exclusion",0.7,NA,NA,NA,"2026-08-04","Goal 3 PBE-UD boundary rederivation"
"o0=0,beta<1","global_TY",9,0.6,0,0.1,0.9,0.2,0.075,0.7,TRUE,"high_participation",0.375,TRUE,"exclusion",0.7,NA,NA,NA,"2026-08-04","Goal 3 PBE-UD boundary rederivation"
"o0=0,beta<1","global_TY",9,0.6,0,0.4,0.1,0.4,0.075,0.7,TRUE,"low_only",0.4275,TRUE,"low_only",0.705,NA,NA,NA,"2026-08-04","Goal 3 PBE-UD boundary rederivation"
"o0=0,beta<1","global_TY",9,0.6,0,0.4,0.1,0.5,0.075,0.7,TRUE,"low_only",0.4275,TRUE,"low_only",0.705,NA,NA,NA,"2026-08-04","Goal 3 PBE-UD boundary rederivation"
"o0=0,beta<1","global_TY",9,0.6,0,0.4,0.5,0.4,0.075,0.7,TRUE,"low_only",0.2375,TRUE,"exclusion",0.7,NA,NA,NA,"2026-08-04","Goal 3 PBE-UD boundary rederivation"
"o0=0,beta<1","global_TY",9,0.6,0,0.4,0.5,0.5,0.075,0.7,TRUE,"low_only+high_participation",0.2375,TRUE,"exclusion",0.7,NA,NA,NA,"2026-08-04","Goal 3 PBE-UD boundary rederivation"
"o0=0,beta<1","global_TY",9,0.6,0,0.4,0.9,0.4,0.075,0.7,TRUE,"low_only",0.0475,TRUE,"exclusion",0.7,NA,NA,NA,"2026-08-04","Goal 3 PBE-UD boundary rederivation"
"o0=0,beta<1","global_TY",9,0.6,0,0.4,0.9,0.5,0.075,0.7,TRUE,"high_participation",0.075,TRUE,"exclusion",0.7,NA,NA,NA,"2026-08-04","Goal 3 PBE-UD boundary rederivation"
"o0=0,beta<1","global_TY",9,0.6,0,0.8,0.1,0.8,0.075,0.7,TRUE,"low_only",0.4275,TRUE,"low_only",0.705,NA,NA,NA,"2026-08-04","Goal 3 PBE-UD boundary rederivation"
"o0=0,beta<1","global_TY",9,0.6,0,0.8,0.1,0.9,0.075,0.7,TRUE,"low_only",0.4275,TRUE,"low_only",0.705,NA,NA,NA,"2026-08-04","Goal 3 PBE-UD boundary rederivation"
"o0=0,beta<1","global_TY",9,0.6,0,0.8,0.5,0.8,0.075,0.7,TRUE,"low_only",0.2375,TRUE,"exclusion",0.7,NA,NA,NA,"2026-08-04","Goal 3 PBE-UD boundary rederivation"
"o0=0,beta<1","global_TY",9,0.6,0,0.8,0.5,0.9,0.075,0.7,TRUE,"low_only",0.2375,TRUE,"exclusion",0.7,NA,NA,NA,"2026-08-04","Goal 3 PBE-UD boundary rederivation"
"o0=0,beta<1","global_TY",9,0.6,0,0.8,0.9,0.8,0.075,0.7,TRUE,"low_only",0.0475,TRUE,"exclusion",0.7,NA,NA,NA,"2026-08-04","Goal 3 PBE-UD boundary rederivation"
"o0=0,beta<1","global_TY",9,0.6,0,0.8,0.9,0.9,0.075,0.7,TRUE,"low_only+high_participation",0.0475,TRUE,"exclusion",0.7,NA,NA,NA,"2026-08-04","Goal 3 PBE-UD boundary rederivation"
"o0=0,beta<1","global_TY",9,0.9,0,0.1,0.1,0.1,0.1125,0.55,TRUE,"low_only",0.19125,TRUE,"low_only",0.6075,NA,NA,NA,"2026-08-04","Goal 3 PBE-UD boundary rederivation"
"o0=0,beta<1","global_TY",9,0.9,0,0.1,0.1,0.2,0.1125,0.55,TRUE,"low_only",0.19125,TRUE,"low_only",0.6075,NA,NA,NA,"2026-08-04","Goal 3 PBE-UD boundary rederivation"
"o0=0,beta<1","global_TY",9,0.9,0,0.1,0.5,0.1,0.1125,0.55,TRUE,"low_only",0.10625,TRUE,"exclusion",0.55,NA,NA,NA,"2026-08-04","Goal 3 PBE-UD boundary rederivation"
"o0=0,beta<1","global_TY",9,0.9,0,0.1,0.5,0.2,0.1125,0.55,TRUE,"high_participation",0.1125,FALSE,"empty",NA,NA,NA,NA,"2026-08-04","Goal 3 PBE-UD boundary rederivation"
"o0=0,beta<1","global_TY",9,0.9,0,0.1,0.9,0.1,0.1125,0.55,TRUE,"low_only",0.02125,TRUE,"exclusion",0.55,NA,NA,NA,"2026-08-04","Goal 3 PBE-UD boundary rederivation"
"o0=0,beta<1","global_TY",9,0.9,0,0.1,0.9,0.2,0.1125,0.55,TRUE,"high_participation",0.1125,FALSE,"empty",NA,NA,NA,NA,"2026-08-04","Goal 3 PBE-UD boundary rederivation"
"o0=0,beta<1","global_TY",9,0.9,0,0.4,0.1,0.4,0.1125,0.55,TRUE,"low_only",0.19125,TRUE,"low_only",0.6075,NA,NA,NA,"2026-08-04","Goal 3 PBE-UD boundary rederivation"
"o0=0,beta<1","global_TY",9,0.9,0,0.4,0.1,0.5,0.1125,0.55,TRUE,"low_only",0.19125,TRUE,"low_only",0.6075,NA,NA,NA,"2026-08-04","Goal 3 PBE-UD boundary rederivation"
"o0=0,beta<1","global_TY",9,0.9,0,0.4,0.5,0.4,0.1125,0.55,TRUE,"low_only",0.10625,TRUE,"exclusion",0.55,NA,NA,NA,"2026-08-04","Goal 3 PBE-UD boundary rederivation"
"o0=0,beta<1","global_TY",9,0.9,0,0.4,0.5,0.5,0.1125,0.55,TRUE,"low_only+high_participation",0.10625,TRUE,"exclusion",0.55,NA,NA,NA,"2026-08-04","Goal 3 PBE-UD boundary rederivation"
"o0=0,beta<1","global_TY",9,0.9,0,0.4,0.9,0.4,0.1125,0.55,TRUE,"low_only",0.02125,TRUE,"exclusion",0.55,NA,NA,NA,"2026-08-04","Goal 3 PBE-UD boundary rederivation"
"o0=0,beta<1","global_TY",9,0.9,0,0.4,0.9,0.5,0.1125,0.55,TRUE,"low_only+high_participation",0.02125,TRUE,"exclusion",0.55,NA,NA,NA,"2026-08-04","Goal 3 PBE-UD boundary rederivation"
"o0=0,beta<1","global_TY",9,0.9,0,0.8,0.1,0.8,0.1125,0.55,TRUE,"low_only",0.19125,TRUE,"low_only",0.6075,NA,NA,NA,"2026-08-04","Goal 3 PBE-UD boundary rederivation"
"o0=0,beta<1","global_TY",9,0.9,0,0.8,0.1,0.9,0.1125,0.55,TRUE,"low_only",0.19125,TRUE,"low_only",0.6075,NA,NA,NA,"2026-08-04","Goal 3 PBE-UD boundary rederivation"
"o0=0,beta<1","global_TY",9,0.9,0,0.8,0.5,0.8,0.1125,0.55,TRUE,"low_only",0.10625,TRUE,"exclusion",0.55,NA,NA,NA,"2026-08-04","Goal 3 PBE-UD boundary rederivation"
"o0=0,beta<1","global_TY",9,0.9,0,0.8,0.5,0.9,0.1125,0.55,TRUE,"low_only",0.10625,TRUE,"exclusion",0.55,NA,NA,NA,"2026-08-04","Goal 3 PBE-UD boundary rederivation"
"o0=0,beta<1","global_TY",9,0.9,0,0.8,0.9,0.8,0.1125,0.55,TRUE,"low_only",0.02125,TRUE,"exclusion",0.55,NA,NA,NA,"2026-08-04","Goal 3 PBE-UD boundary rederivation"
"o0=0,beta<1","global_TY",9,0.9,0,0.8,0.9,0.9,0.1125,0.55,TRUE,"low_only+high_participation",0.02125,TRUE,"exclusion",0.55,NA,NA,NA,"2026-08-04","Goal 3 PBE-UD boundary rederivation"
"o0=0,beta<1","global_TY",10,0.2,0,0.1,0.1,0.1,0.0222222222222222,0.888888888888889,TRUE,"low_only",0.74,TRUE,"exclusion",0.888888888888889,NA,NA,NA,"2026-08-04","Goal 3 PBE-UD boundary rederivation"
"o0=0,beta<1","global_TY",10,0.2,0,0.1,0.1,0.2,0.0222222222222222,0.888888888888889,TRUE,"low_only",0.74,TRUE,"exclusion",0.888888888888889,NA,NA,NA,"2026-08-04","Goal 3 PBE-UD boundary rederivation"
"o0=0,beta<1","global_TY",10,0.2,0,0.1,0.5,0.1,0.0222222222222222,0.888888888888889,TRUE,"low_only",0.411111111111111,TRUE,"exclusion",0.888888888888889,NA,NA,NA,"2026-08-04","Goal 3 PBE-UD boundary rederivation"
"o0=0,beta<1","global_TY",10,0.2,0,0.1,0.5,0.2,0.0222222222222222,0.888888888888889,TRUE,"high_participation",0.722222222222222,TRUE,"exclusion",0.888888888888889,NA,NA,NA,"2026-08-04","Goal 3 PBE-UD boundary rederivation"
"o0=0,beta<1","global_TY",10,0.2,0,0.1,0.9,0.1,0.0222222222222222,0.888888888888889,TRUE,"low_only",0.0822222222222222,TRUE,"exclusion",0.888888888888889,NA,NA,NA,"2026-08-04","Goal 3 PBE-UD boundary rederivation"
"o0=0,beta<1","global_TY",10,0.2,0,0.1,0.9,0.2,0.0222222222222222,0.888888888888889,TRUE,"high_participation",0.722222222222222,TRUE,"exclusion",0.888888888888889,NA,NA,NA,"2026-08-04","Goal 3 PBE-UD boundary rederivation"
"o0=0,beta<1","global_TY",10,0.2,0,0.4,0.1,0.4,0.0222222222222222,0.888888888888889,TRUE,"low_only",0.74,TRUE,"exclusion",0.888888888888889,NA,NA,NA,"2026-08-04","Goal 3 PBE-UD boundary rederivation"
"o0=0,beta<1","global_TY",10,0.2,0,0.4,0.1,0.5,0.0222222222222222,0.888888888888889,TRUE,"low_only",0.74,TRUE,"exclusion",0.888888888888889,NA,NA,NA,"2026-08-04","Goal 3 PBE-UD boundary rederivation"
"o0=0,beta<1","global_TY",10,0.2,0,0.4,0.5,0.4,0.0222222222222222,0.888888888888889,TRUE,"low_only",0.411111111111111,TRUE,"exclusion",0.888888888888889,NA,NA,NA,"2026-08-04","Goal 3 PBE-UD boundary rederivation"
"o0=0,beta<1","global_TY",10,0.2,0,0.4,0.5,0.5,0.0222222222222222,0.888888888888889,TRUE,"high_participation",0.422222222222222,TRUE,"exclusion",0.888888888888889,NA,NA,NA,"2026-08-04","Goal 3 PBE-UD boundary rederivation"
"o0=0,beta<1","global_TY",10,0.2,0,0.4,0.9,0.4,0.0222222222222222,0.888888888888889,TRUE,"low_only",0.0822222222222222,TRUE,"exclusion",0.888888888888889,NA,NA,NA,"2026-08-04","Goal 3 PBE-UD boundary rederivation"
"o0=0,beta<1","global_TY",10,0.2,0,0.4,0.9,0.5,0.0222222222222222,0.888888888888889,TRUE,"high_participation",0.422222222222222,TRUE,"exclusion",0.888888888888889,NA,NA,NA,"2026-08-04","Goal 3 PBE-UD boundary rederivation"
"o0=0,beta<1","global_TY",10,0.2,0,0.8,0.1,0.8,0.0222222222222222,0.888888888888889,TRUE,"low_only",0.74,TRUE,"exclusion",0.888888888888889,NA,NA,NA,"2026-08-04","Goal 3 PBE-UD boundary rederivation"
"o0=0,beta<1","global_TY",10,0.2,0,0.8,0.1,0.9,0.0222222222222222,0.888888888888889,TRUE,"low_only",0.74,TRUE,"exclusion",0.888888888888889,NA,NA,NA,"2026-08-04","Goal 3 PBE-UD boundary rederivation"
"o0=0,beta<1","global_TY",10,0.2,0,0.8,0.5,0.8,0.0222222222222222,0.888888888888889,TRUE,"low_only",0.411111111111111,TRUE,"exclusion",0.888888888888889,NA,NA,NA,"2026-08-04","Goal 3 PBE-UD boundary rederivation"
"o0=0,beta<1","global_TY",10,0.2,0,0.8,0.5,0.9,0.0222222222222222,0.888888888888889,TRUE,"low_only",0.411111111111111,TRUE,"exclusion",0.888888888888889,NA,NA,NA,"2026-08-04","Goal 3 PBE-UD boundary rederivation"
"o0=0,beta<1","global_TY",10,0.2,0,0.8,0.9,0.8,0.0222222222222222,0.888888888888889,TRUE,"low_only",0.0822222222222222,TRUE,"exclusion",0.888888888888889,NA,NA,NA,"2026-08-04","Goal 3 PBE-UD boundary rederivation"
"o0=0,beta<1","global_TY",10,0.2,0,0.8,0.9,0.9,0.0222222222222222,0.888888888888889,TRUE,"low_only+high_participation",0.0822222222222222,TRUE,"exclusion",0.888888888888889,NA,NA,NA,"2026-08-04","Goal 3 PBE-UD boundary rederivation"
"o0=0,beta<1","global_TY",10,0.6,0,0.1,0.1,0.1,0.0666666666666667,0.666666666666667,TRUE,"low_only",0.42,TRUE,"exclusion+low_only",0.666666666666667,NA,NA,NA,"2026-08-04","Goal 3 PBE-UD boundary rederivation"
"o0=0,beta<1","global_TY",10,0.6,0,0.1,0.1,0.2,0.0666666666666667,0.666666666666667,TRUE,"low_only",0.42,TRUE,"exclusion+low_only",0.666666666666667,NA,NA,NA,"2026-08-04","Goal 3 PBE-UD boundary rederivation"
"o0=0,beta<1","global_TY",10,0.6,0,0.1,0.5,0.1,0.0666666666666667,0.666666666666667,TRUE,"low_only",0.233333333333333,TRUE,"exclusion",0.666666666666667,NA,NA,NA,"2026-08-04","Goal 3 PBE-UD boundary rederivation"
"o0=0,beta<1","global_TY",10,0.6,0,0.1,0.5,0.2,0.0666666666666667,0.666666666666667,TRUE,"high_participation",0.366666666666667,TRUE,"exclusion",0.666666666666667,NA,NA,NA,"2026-08-04","Goal 3 PBE-UD boundary rederivation"
"o0=0,beta<1","global_TY",10,0.6,0,0.1,0.9,0.1,0.0666666666666667,0.666666666666667,TRUE,"low_only",0.0466666666666667,TRUE,"exclusion",0.666666666666667,NA,NA,NA,"2026-08-04","Goal 3 PBE-UD boundary rederivation"
"o0=0,beta<1","global_TY",10,0.6,0,0.1,0.9,0.2,0.0666666666666667,0.666666666666667,TRUE,"high_participation",0.366666666666667,TRUE,"exclusion",0.666666666666667,NA,NA,NA,"2026-08-04","Goal 3 PBE-UD boundary rederivation"
"o0=0,beta<1","global_TY",10,0.6,0,0.4,0.1,0.4,0.0666666666666667,0.666666666666667,TRUE,"low_only",0.42,TRUE,"exclusion+low_only",0.666666666666667,NA,NA,NA,"2026-08-04","Goal 3 PBE-UD boundary rederivation"
"o0=0,beta<1","global_TY",10,0.6,0,0.4,0.1,0.5,0.0666666666666667,0.666666666666667,TRUE,"low_only",0.42,TRUE,"exclusion+low_only",0.666666666666667,NA,NA,NA,"2026-08-04","Goal 3 PBE-UD boundary rederivation"
"o0=0,beta<1","global_TY",10,0.6,0,0.4,0.5,0.4,0.0666666666666667,0.666666666666667,TRUE,"low_only",0.233333333333333,TRUE,"exclusion",0.666666666666667,NA,NA,NA,"2026-08-04","Goal 3 PBE-UD boundary rederivation"
"o0=0,beta<1","global_TY",10,0.6,0,0.4,0.5,0.5,0.0666666666666667,0.666666666666667,TRUE,"low_only+high_participation",0.233333333333333,TRUE,"exclusion",0.666666666666667,NA,NA,NA,"2026-08-04","Goal 3 PBE-UD boundary rederivation"
"o0=0,beta<1","global_TY",10,0.6,0,0.4,0.9,0.4,0.0666666666666667,0.666666666666667,TRUE,"low_only",0.0466666666666667,TRUE,"exclusion",0.666666666666667,NA,NA,NA,"2026-08-04","Goal 3 PBE-UD boundary rederivation"
"o0=0,beta<1","global_TY",10,0.6,0,0.4,0.9,0.5,0.0666666666666667,0.666666666666667,TRUE,"high_participation",0.0666666666666667,TRUE,"exclusion",0.666666666666667,NA,NA,NA,"2026-08-04","Goal 3 PBE-UD boundary rederivation"
"o0=0,beta<1","global_TY",10,0.6,0,0.8,0.1,0.8,0.0666666666666667,0.666666666666667,TRUE,"low_only",0.42,TRUE,"exclusion+low_only",0.666666666666667,NA,NA,NA,"2026-08-04","Goal 3 PBE-UD boundary rederivation"
"o0=0,beta<1","global_TY",10,0.6,0,0.8,0.1,0.9,0.0666666666666667,0.666666666666667,TRUE,"low_only",0.42,TRUE,"exclusion+low_only",0.666666666666667,NA,NA,NA,"2026-08-04","Goal 3 PBE-UD boundary rederivation"
"o0=0,beta<1","global_TY",10,0.6,0,0.8,0.5,0.8,0.0666666666666667,0.666666666666667,TRUE,"low_only",0.233333333333333,TRUE,"exclusion",0.666666666666667,NA,NA,NA,"2026-08-04","Goal 3 PBE-UD boundary rederivation"
"o0=0,beta<1","global_TY",10,0.6,0,0.8,0.5,0.9,0.0666666666666667,0.666666666666667,TRUE,"low_only",0.233333333333333,TRUE,"exclusion",0.666666666666667,NA,NA,NA,"2026-08-04","Goal 3 PBE-UD boundary rederivation"
"o0=0,beta<1","global_TY",10,0.6,0,0.8,0.9,0.8,0.0666666666666667,0.666666666666667,TRUE,"low_only",0.0466666666666667,TRUE,"exclusion",0.666666666666667,NA,NA,NA,"2026-08-04","Goal 3 PBE-UD boundary rederivation"
"o0=0,beta<1","global_TY",10,0.6,0,0.8,0.9,0.9,0.0666666666666667,0.666666666666667,TRUE,"low_only+high_participation",0.0466666666666667,TRUE,"exclusion",0.666666666666667,NA,NA,NA,"2026-08-04","Goal 3 PBE-UD boundary rederivation"
"o0=0,beta<1","global_TY",10,0.9,0,0.1,0.1,0.1,0.1,0.5,TRUE,"low_only",0.18,TRUE,"low_only",0.55,NA,NA,NA,"2026-08-04","Goal 3 PBE-UD boundary rederivation"
"o0=0,beta<1","global_TY",10,0.9,0,0.1,0.1,0.2,0.1,0.5,TRUE,"low_only",0.18,TRUE,"low_only",0.55,NA,NA,NA,"2026-08-04","Goal 3 PBE-UD boundary rederivation"
"o0=0,beta<1","global_TY",10,0.9,0,0.1,0.5,0.1,0.1,0.5,TRUE,"low_only",0.1,TRUE,"exclusion",0.5,NA,NA,NA,"2026-08-04","Goal 3 PBE-UD boundary rederivation"
"o0=0,beta<1","global_TY",10,0.9,0,0.1,0.5,0.2,0.1,0.5,TRUE,"low_only+high_participation",0.1,TRUE,"exclusion",0.5,NA,NA,NA,"2026-08-04","Goal 3 PBE-UD boundary rederivation"
"o0=0,beta<1","global_TY",10,0.9,0,0.1,0.9,0.1,0.1,0.5,TRUE,"low_only",0.02,TRUE,"exclusion",0.5,NA,NA,NA,"2026-08-04","Goal 3 PBE-UD boundary rederivation"
"o0=0,beta<1","global_TY",10,0.9,0,0.1,0.9,0.2,0.1,0.5,TRUE,"high_participation",0.1,TRUE,"exclusion",0.5,NA,NA,NA,"2026-08-04","Goal 3 PBE-UD boundary rederivation"
"o0=0,beta<1","global_TY",10,0.9,0,0.4,0.1,0.4,0.1,0.5,TRUE,"low_only",0.18,TRUE,"low_only",0.55,NA,NA,NA,"2026-08-04","Goal 3 PBE-UD boundary rederivation"
"o0=0,beta<1","global_TY",10,0.9,0,0.4,0.1,0.5,0.1,0.5,TRUE,"low_only",0.18,TRUE,"low_only",0.55,NA,NA,NA,"2026-08-04","Goal 3 PBE-UD boundary rederivation"
"o0=0,beta<1","global_TY",10,0.9,0,0.4,0.5,0.4,0.1,0.5,TRUE,"low_only",0.1,TRUE,"exclusion",0.5,NA,NA,NA,"2026-08-04","Goal 3 PBE-UD boundary rederivation"
"o0=0,beta<1","global_TY",10,0.9,0,0.4,0.5,0.5,0.1,0.5,TRUE,"low_only+high_participation",0.1,TRUE,"exclusion",0.5,NA,NA,NA,"2026-08-04","Goal 3 PBE-UD boundary rederivation"
"o0=0,beta<1","global_TY",10,0.9,0,0.4,0.9,0.4,0.1,0.5,TRUE,"low_only",0.02,TRUE,"exclusion",0.5,NA,NA,NA,"2026-08-04","Goal 3 PBE-UD boundary rederivation"
"o0=0,beta<1","global_TY",10,0.9,0,0.4,0.9,0.5,0.1,0.5,TRUE,"low_only+high_participation",0.02,TRUE,"exclusion",0.5,NA,NA,NA,"2026-08-04","Goal 3 PBE-UD boundary rederivation"
"o0=0,beta<1","global_TY",10,0.9,0,0.8,0.1,0.8,0.1,0.5,TRUE,"low_only",0.18,TRUE,"low_only",0.55,NA,NA,NA,"2026-08-04","Goal 3 PBE-UD boundary rederivation"
"o0=0,beta<1","global_TY",10,0.9,0,0.8,0.1,0.9,0.1,0.5,TRUE,"low_only",0.18,TRUE,"low_only",0.55,NA,NA,NA,"2026-08-04","Goal 3 PBE-UD boundary rederivation"
"o0=0,beta<1","global_TY",10,0.9,0,0.8,0.5,0.8,0.1,0.5,TRUE,"low_only",0.1,TRUE,"exclusion",0.5,NA,NA,NA,"2026-08-04","Goal 3 PBE-UD boundary rederivation"
"o0=0,beta<1","global_TY",10,0.9,0,0.8,0.5,0.9,0.1,0.5,TRUE,"low_only",0.1,TRUE,"exclusion",0.5,NA,NA,NA,"2026-08-04","Goal 3 PBE-UD boundary rederivation"
"o0=0,beta<1","global_TY",10,0.9,0,0.8,0.9,0.8,0.1,0.5,TRUE,"low_only",0.02,TRUE,"exclusion",0.5,NA,NA,NA,"2026-08-04","Goal 3 PBE-UD boundary rederivation"
"o0=0,beta<1","global_TY",10,0.9,0,0.8,0.9,0.9,0.1,0.5,TRUE,"low_only+high_participation",0.02,TRUE,"exclusion",0.5,NA,NA,NA,"2026-08-04","Goal 3 PBE-UD boundary rederivation"
"beta=1,cap","cap_formula_A=1.00_lambda1=0.00_waste=0.000",3,1,0.05,0.4,0.1,0.4,0.5,0.5,NA,NA,NA,NA,"low_only",0.905,1,0,0,"2026-08-04","Goal 3 PBE-UD boundary rederivation"
"beta=1,cap","cap_formula_A=1.00_lambda1=0.50_waste=0.000",3,1,0.05,0.4,0.1,0.4,0.5,0.5,NA,NA,NA,NA,"low_only",0.905,1,0.5,0,"2026-08-04","Goal 3 PBE-UD boundary rederivation"
"beta=1,cap","cap_formula_A=1.00_lambda1=0.90_waste=0.000",3,1,0.05,0.4,0.1,0.4,0.5,0.5,NA,NA,NA,NA,"low_only",0.905,1,0.9,0,"2026-08-04","Goal 3 PBE-UD boundary rederivation"
"beta=1,cap","global_TY_cap",3,1,0.05,0.4,0.1,0.4,0.5,0.5,NA,NA,NA,TRUE,"low_only",0.905,1,1,0,"2026-08-04","Goal 3 PBE-UD boundary rederivation"
"beta=1,cap","cap_formula_A=1.00_lambda1=0.00_waste=0.000",3,1,0.05,0.4,0.5,0.4,0.5,0.5,NA,NA,NA,NA,"low_only",0.725,1,0,0,"2026-08-04","Goal 3 PBE-UD boundary rederivation"
"beta=1,cap","cap_formula_A=1.00_lambda1=0.50_waste=0.000",3,1,0.05,0.4,0.5,0.4,0.5,0.5,NA,NA,NA,NA,"low_only",0.725,1,0.5,0,"2026-08-04","Goal 3 PBE-UD boundary rederivation"
"beta=1,cap","cap_formula_A=1.00_lambda1=0.90_waste=0.000",3,1,0.05,0.4,0.5,0.4,0.5,0.5,NA,NA,NA,NA,"low_only",0.725,1,0.9,0,"2026-08-04","Goal 3 PBE-UD boundary rederivation"
"beta=1,cap","global_TY_cap",3,1,0.05,0.4,0.5,0.4,0.5,0.5,NA,NA,NA,TRUE,"low_only",0.725,1,1,0,"2026-08-04","Goal 3 PBE-UD boundary rederivation"
"beta=1,cap","cap_formula_A=1.00_lambda1=0.00_waste=0.000",3,1,0.05,0.4,0.9,0.4,0.5,0.5,NA,NA,NA,NA,"low_only",0.545,1,0,0,"2026-08-04","Goal 3 PBE-UD boundary rederivation"
"beta=1,cap","cap_formula_A=1.00_lambda1=0.50_waste=0.000",3,1,0.05,0.4,0.9,0.4,0.5,0.5,NA,NA,NA,NA,"cap_actual",0.555,1,0.5,0,"2026-08-04","Goal 3 PBE-UD boundary rederivation"
"beta=1,cap","cap_formula_A=1.00_lambda1=0.90_waste=0.000",3,1,0.05,0.4,0.9,0.4,0.5,0.5,NA,NA,NA,NA,"cap_actual",0.591,1,0.9,0,"2026-08-04","Goal 3 PBE-UD boundary rederivation"
"beta=1,cap","global_TY_cap",3,1,0.05,0.4,0.9,0.4,0.5,0.5,NA,NA,NA,TRUE,"cap_actual",0.6,1,1,0,"2026-08-04","Goal 3 PBE-UD boundary rederivation"
"beta=1,cap","cap_formula_A=1.00_lambda1=0.00_waste=0.000",3,1,0.05,0.8,0.1,0.8,0.5,0.5,NA,NA,NA,NA,"low_only",0.905,1,0,0,"2026-08-04","Goal 3 PBE-UD boundary rederivation"
"beta=1,cap","cap_formula_A=1.00_lambda1=0.50_waste=0.000",3,1,0.05,0.8,0.1,0.8,0.5,0.5,NA,NA,NA,NA,"low_only",0.905,1,0.5,0,"2026-08-04","Goal 3 PBE-UD boundary rederivation"
"beta=1,cap","cap_formula_A=1.00_lambda1=0.90_waste=0.000",3,1,0.05,0.8,0.1,0.8,0.5,0.5,NA,NA,NA,NA,"low_only",0.905,1,0.9,0,"2026-08-04","Goal 3 PBE-UD boundary rederivation"
"beta=1,cap","global_TY_cap",3,1,0.05,0.8,0.1,0.8,0.5,0.5,NA,NA,NA,TRUE,"low_only",0.905,1,1,0,"2026-08-04","Goal 3 PBE-UD boundary rederivation"
"beta=1,cap","cap_formula_A=1.00_lambda1=0.00_waste=0.000",3,1,0.05,0.8,0.5,0.8,0.5,0.5,NA,NA,NA,NA,"low_only",0.725,1,0,0,"2026-08-04","Goal 3 PBE-UD boundary rederivation"
"beta=1,cap","cap_formula_A=1.00_lambda1=0.50_waste=0.000",3,1,0.05,0.8,0.5,0.8,0.5,0.5,NA,NA,NA,NA,"low_only",0.725,1,0.5,0,"2026-08-04","Goal 3 PBE-UD boundary rederivation"
"beta=1,cap","cap_formula_A=1.00_lambda1=0.90_waste=0.000",3,1,0.05,0.8,0.5,0.8,0.5,0.5,NA,NA,NA,NA,"low_only",0.725,1,0.9,0,"2026-08-04","Goal 3 PBE-UD boundary rederivation"
"beta=1,cap","global_TY_cap",3,1,0.05,0.8,0.5,0.8,0.5,0.5,NA,NA,NA,TRUE,"low_only",0.725,1,1,0,"2026-08-04","Goal 3 PBE-UD boundary rederivation"
"beta=1,cap","cap_formula_A=1.00_lambda1=0.00_waste=0.000",3,1,0.05,0.8,0.9,0.8,0.5,0.5,NA,NA,NA,NA,"low_only",0.545,1,0,0,"2026-08-04","Goal 3 PBE-UD boundary rederivation"
"beta=1,cap","cap_formula_A=1.00_lambda1=0.50_waste=0.000",3,1,0.05,0.8,0.9,0.8,0.5,0.5,NA,NA,NA,NA,"low_only",0.545,1,0.5,0,"2026-08-04","Goal 3 PBE-UD boundary rederivation"
"beta=1,cap","cap_formula_A=1.00_lambda1=0.90_waste=0.000",3,1,0.05,0.8,0.9,0.8,0.5,0.5,NA,NA,NA,NA,"low_only",0.545,1,0.9,0,"2026-08-04","Goal 3 PBE-UD boundary rederivation"
"beta=1,cap","global_TY_cap",3,1,0.05,0.8,0.9,0.8,0.5,0.5,NA,NA,NA,TRUE,"low_only",0.545,1,1,0,"2026-08-04","Goal 3 PBE-UD boundary rederivation"
"beta=1,cap","cap_formula_A=1.00_lambda1=0.00_waste=0.000",3,1,0.2,0.4,0.1,0.4,0.5,0.5,NA,NA,NA,NA,"low_only",0.77,1,0,0,"2026-08-04","Goal 3 PBE-UD boundary rederivation"
"beta=1,cap","cap_formula_A=1.00_lambda1=0.50_waste=0.000",3,1,0.2,0.4,0.1,0.4,0.5,0.5,NA,NA,NA,NA,"low_only",0.77,1,0.5,0,"2026-08-04","Goal 3 PBE-UD boundary rederivation"
"beta=1,cap","cap_formula_A=1.00_lambda1=0.90_waste=0.000",3,1,0.2,0.4,0.1,0.4,0.5,0.5,NA,NA,NA,NA,"low_only",0.77,1,0.9,0,"2026-08-04","Goal 3 PBE-UD boundary rederivation"
"beta=1,cap","global_TY_cap",3,1,0.2,0.4,0.1,0.4,0.5,0.5,NA,NA,NA,TRUE,"low_only",0.77,1,1,0,"2026-08-04","Goal 3 PBE-UD boundary rederivation"
"beta=1,cap","cap_formula_A=1.00_lambda1=0.00_waste=0.000",3,1,0.2,0.4,0.5,0.4,0.5,0.5,NA,NA,NA,NA,"low_only",0.65,1,0,0,"2026-08-04","Goal 3 PBE-UD boundary rederivation"
"beta=1,cap","cap_formula_A=1.00_lambda1=0.50_waste=0.000",3,1,0.2,0.4,0.5,0.4,0.5,0.5,NA,NA,NA,NA,"low_only",0.65,1,0.5,0,"2026-08-04","Goal 3 PBE-UD boundary rederivation"
"beta=1,cap","cap_formula_A=1.00_lambda1=0.90_waste=0.000",3,1,0.2,0.4,0.5,0.4,0.5,0.5,NA,NA,NA,NA,"low_only",0.65,1,0.9,0,"2026-08-04","Goal 3 PBE-UD boundary rederivation"
"beta=1,cap","global_TY_cap",3,1,0.2,0.4,0.5,0.4,0.5,0.5,NA,NA,NA,TRUE,"low_only",0.65,1,1,0,"2026-08-04","Goal 3 PBE-UD boundary rederivation"
"beta=1,cap","cap_formula_A=1.00_lambda1=0.00_waste=0.000",3,1,0.2,0.4,0.9,0.4,0.5,0.5,NA,NA,NA,NA,"low_only",0.53,1,0,0,"2026-08-04","Goal 3 PBE-UD boundary rederivation"
"beta=1,cap","cap_formula_A=1.00_lambda1=0.50_waste=0.000",3,1,0.2,0.4,0.9,0.4,0.5,0.5,NA,NA,NA,NA,"cap_actual",0.555,1,0.5,0,"2026-08-04","Goal 3 PBE-UD boundary rederivation"
"beta=1,cap","cap_formula_A=1.00_lambda1=0.90_waste=0.000",3,1,0.2,0.4,0.9,0.4,0.5,0.5,NA,NA,NA,NA,"cap_actual",0.591,1,0.9,0,"2026-08-04","Goal 3 PBE-UD boundary rederivation"
"beta=1,cap","global_TY_cap",3,1,0.2,0.4,0.9,0.4,0.5,0.5,NA,NA,NA,TRUE,"cap_actual",0.6,1,1,0,"2026-08-04","Goal 3 PBE-UD boundary rederivation"
"beta=1,cap","cap_formula_A=1.00_lambda1=0.00_waste=0.000",3,1,0.2,0.8,0.1,0.8,0.5,0.5,NA,NA,NA,NA,"low_only",0.77,1,0,0,"2026-08-04","Goal 3 PBE-UD boundary rederivation"
"beta=1,cap","cap_formula_A=1.00_lambda1=0.50_waste=0.000",3,1,0.2,0.8,0.1,0.8,0.5,0.5,NA,NA,NA,NA,"low_only",0.77,1,0.5,0,"2026-08-04","Goal 3 PBE-UD boundary rederivation"
"beta=1,cap","cap_formula_A=1.00_lambda1=0.90_waste=0.000",3,1,0.2,0.8,0.1,0.8,0.5,0.5,NA,NA,NA,NA,"low_only",0.77,1,0.9,0,"2026-08-04","Goal 3 PBE-UD boundary rederivation"
"beta=1,cap","global_TY_cap",3,1,0.2,0.8,0.1,0.8,0.5,0.5,NA,NA,NA,TRUE,"low_only",0.77,1,1,0,"2026-08-04","Goal 3 PBE-UD boundary rederivation"
"beta=1,cap","cap_formula_A=1.00_lambda1=0.00_waste=0.000",3,1,0.2,0.8,0.5,0.8,0.5,0.5,NA,NA,NA,NA,"low_only",0.65,1,0,0,"2026-08-04","Goal 3 PBE-UD boundary rederivation"
"beta=1,cap","cap_formula_A=1.00_lambda1=0.50_waste=0.000",3,1,0.2,0.8,0.5,0.8,0.5,0.5,NA,NA,NA,NA,"low_only",0.65,1,0.5,0,"2026-08-04","Goal 3 PBE-UD boundary rederivation"
"beta=1,cap","cap_formula_A=1.00_lambda1=0.90_waste=0.000",3,1,0.2,0.8,0.5,0.8,0.5,0.5,NA,NA,NA,NA,"low_only",0.65,1,0.9,0,"2026-08-04","Goal 3 PBE-UD boundary rederivation"
"beta=1,cap","global_TY_cap",3,1,0.2,0.8,0.5,0.8,0.5,0.5,NA,NA,NA,TRUE,"low_only",0.65,1,1,0,"2026-08-04","Goal 3 PBE-UD boundary rederivation"
"beta=1,cap","cap_formula_A=1.00_lambda1=0.00_waste=0.000",3,1,0.2,0.8,0.9,0.8,0.5,0.5,NA,NA,NA,NA,"low_only",0.53,1,0,0,"2026-08-04","Goal 3 PBE-UD boundary rederivation"
"beta=1,cap","cap_formula_A=1.00_lambda1=0.50_waste=0.000",3,1,0.2,0.8,0.9,0.8,0.5,0.5,NA,NA,NA,NA,"low_only",0.53,1,0.5,0,"2026-08-04","Goal 3 PBE-UD boundary rederivation"
"beta=1,cap","cap_formula_A=1.00_lambda1=0.90_waste=0.000",3,1,0.2,0.8,0.9,0.8,0.5,0.5,NA,NA,NA,NA,"low_only",0.53,1,0.9,0,"2026-08-04","Goal 3 PBE-UD boundary rederivation"
"beta=1,cap","global_TY_cap",3,1,0.2,0.8,0.9,0.8,0.5,0.5,NA,NA,NA,TRUE,"low_only",0.53,1,1,0,"2026-08-04","Goal 3 PBE-UD boundary rederivation"
"beta=1,cap","cap_formula_A=0.00_lambda1=0.00_waste=0.000",4,1,0.05,0.4,0.1,0.4,0.333333333333333,0.333333333333333,NA,NA,NA,NA,"low_only",0.588333333333333,0,0,0,"2026-08-04","Goal 3 PBE-UD boundary rederivation"
"beta=1,cap","cap_formula_A=0.00_lambda1=0.50_waste=0.000",4,1,0.05,0.4,0.1,0.4,0.333333333333333,0.333333333333333,NA,NA,NA,NA,"low_only",0.588333333333333,0,0.5,0,"2026-08-04","Goal 3 PBE-UD boundary rederivation"
"beta=1,cap","cap_formula_A=0.00_lambda1=0.90_waste=0.000",4,1,0.05,0.4,0.1,0.4,0.333333333333333,0.333333333333333,NA,NA,NA,NA,"low_only",0.588333333333333,0,0.9,0,"2026-08-04","Goal 3 PBE-UD boundary rederivation"
"beta=1,cap","cap_formula_A=0.00_lambda1=1.00_waste=0.000",4,1,0.05,0.4,0.1,0.4,0.333333333333333,0.333333333333333,NA,NA,NA,NA,"low_only",0.588333333333333,0,1,0,"2026-08-04","Goal 3 PBE-UD boundary rederivation"
"beta=1,cap","cap_formula_A=0.25_lambda1=0.00_waste=0.000",4,1,0.05,0.4,0.1,0.4,0.333333333333333,0.333333333333333,NA,NA,NA,NA,"low_only",0.588333333333333,0.25,0,0,"2026-08-04","Goal 3 PBE-UD boundary rederivation"
"beta=1,cap","cap_formula_A=0.25_lambda1=0.50_waste=0.000",4,1,0.05,0.4,0.1,0.4,0.333333333333333,0.333333333333333,NA,NA,NA,NA,"low_only",0.588333333333333,0.25,0.5,0,"2026-08-04","Goal 3 PBE-UD boundary rederivation"
"beta=1,cap","cap_formula_A=0.25_lambda1=0.90_waste=0.000",4,1,0.05,0.4,0.1,0.4,0.333333333333333,0.333333333333333,NA,NA,NA,NA,"low_only",0.588333333333333,0.25,0.9,0,"2026-08-04","Goal 3 PBE-UD boundary rederivation"
"beta=1,cap","cap_formula_A=0.25_lambda1=1.00_waste=0.000",4,1,0.05,0.4,0.1,0.4,0.333333333333333,0.333333333333333,NA,NA,NA,NA,"low_only",0.588333333333333,0.25,1,0,"2026-08-04","Goal 3 PBE-UD boundary rederivation"
"beta=1,cap","cap_formula_A=0.75_lambda1=0.00_waste=0.000",4,1,0.05,0.4,0.1,0.4,0.333333333333333,0.333333333333333,NA,NA,NA,NA,"low_only",0.588333333333333,0.75,0,0,"2026-08-04","Goal 3 PBE-UD boundary rederivation"
"beta=1,cap","cap_formula_A=0.75_lambda1=0.50_waste=0.000",4,1,0.05,0.4,0.1,0.4,0.333333333333333,0.333333333333333,NA,NA,NA,NA,"low_only",0.588333333333333,0.75,0.5,0,"2026-08-04","Goal 3 PBE-UD boundary rederivation"
"beta=1,cap","cap_formula_A=0.75_lambda1=0.90_waste=0.000",4,1,0.05,0.4,0.1,0.4,0.333333333333333,0.333333333333333,NA,NA,NA,NA,"low_only",0.588333333333333,0.75,0.9,0,"2026-08-04","Goal 3 PBE-UD boundary rederivation"
"beta=1,cap","cap_formula_A=0.75_lambda1=1.00_waste=0.000",4,1,0.05,0.4,0.1,0.4,0.333333333333333,0.333333333333333,NA,NA,NA,NA,"low_only",0.588333333333333,0.75,1,0,"2026-08-04","Goal 3 PBE-UD boundary rederivation"
"beta=1,cap","cap_formula_A=1.00_lambda1=0.00_waste=0.000",4,1,0.05,0.4,0.1,0.4,0.333333333333333,0.333333333333333,NA,NA,NA,NA,"low_only",0.588333333333333,1,0,0,"2026-08-04","Goal 3 PBE-UD boundary rederivation"
"beta=1,cap","cap_formula_A=1.00_lambda1=0.50_waste=0.000",4,1,0.05,0.4,0.1,0.4,0.333333333333333,0.333333333333333,NA,NA,NA,NA,"low_only",0.588333333333333,1,0.5,0,"2026-08-04","Goal 3 PBE-UD boundary rederivation"
"beta=1,cap","cap_formula_A=1.00_lambda1=0.90_waste=0.000",4,1,0.05,0.4,0.1,0.4,0.333333333333333,0.333333333333333,NA,NA,NA,NA,"low_only",0.588333333333333,1,0.9,0,"2026-08-04","Goal 3 PBE-UD boundary rederivation"
"beta=1,cap","global_TY_cap",4,1,0.05,0.4,0.1,0.4,0.333333333333333,0.333333333333333,NA,NA,NA,TRUE,"low_only",0.588333333333333,1,1,0,"2026-08-04","Goal 3 PBE-UD boundary rederivation"
"beta=1,cap","cap_formula_A=0.00_lambda1=0.00_waste=0.000",4,1,0.05,0.4,0.5,0.4,0.333333333333333,0.333333333333333,NA,NA,NA,NA,"low_only",0.475,0,0,0,"2026-08-04","Goal 3 PBE-UD boundary rederivation"
"beta=1,cap","cap_formula_A=0.00_lambda1=0.50_waste=0.000",4,1,0.05,0.4,0.5,0.4,0.333333333333333,0.333333333333333,NA,NA,NA,NA,"low_only",0.475,0,0.5,0,"2026-08-04","Goal 3 PBE-UD boundary rederivation"
"beta=1,cap","cap_formula_A=0.00_lambda1=0.90_waste=0.000",4,1,0.05,0.4,0.5,0.4,0.333333333333333,0.333333333333333,NA,NA,NA,NA,"low_only",0.475,0,0.9,0,"2026-08-04","Goal 3 PBE-UD boundary rederivation"
"beta=1,cap","cap_formula_A=0.00_lambda1=1.00_waste=0.000",4,1,0.05,0.4,0.5,0.4,0.333333333333333,0.333333333333333,NA,NA,NA,NA,"low_only",0.475,0,1,0,"2026-08-04","Goal 3 PBE-UD boundary rederivation"
"beta=1,cap","cap_formula_A=0.25_lambda1=0.00_waste=0.000",4,1,0.05,0.4,0.5,0.4,0.333333333333333,0.333333333333333,NA,NA,NA,NA,"low_only",0.475,0.25,0,0,"2026-08-04","Goal 3 PBE-UD boundary rederivation"
"beta=1,cap","cap_formula_A=0.25_lambda1=0.50_waste=0.000",4,1,0.05,0.4,0.5,0.4,0.333333333333333,0.333333333333333,NA,NA,NA,NA,"low_only",0.475,0.25,0.5,0,"2026-08-04","Goal 3 PBE-UD boundary rederivation"
"beta=1,cap","cap_formula_A=0.25_lambda1=0.90_waste=0.000",4,1,0.05,0.4,0.5,0.4,0.333333333333333,0.333333333333333,NA,NA,NA,NA,"low_only",0.475,0.25,0.9,0,"2026-08-04","Goal 3 PBE-UD boundary rederivation"
"beta=1,cap","cap_formula_A=0.25_lambda1=1.00_waste=0.000",4,1,0.05,0.4,0.5,0.4,0.333333333333333,0.333333333333333,NA,NA,NA,NA,"low_only",0.475,0.25,1,0,"2026-08-04","Goal 3 PBE-UD boundary rederivation"
"beta=1,cap","cap_formula_A=0.75_lambda1=0.00_waste=0.000",4,1,0.05,0.4,0.5,0.4,0.333333333333333,0.333333333333333,NA,NA,NA,NA,"low_only",0.475,0.75,0,0,"2026-08-04","Goal 3 PBE-UD boundary rederivation"
"beta=1,cap","cap_formula_A=0.75_lambda1=0.50_waste=0.000",4,1,0.05,0.4,0.5,0.4,0.333333333333333,0.333333333333333,NA,NA,NA,NA,"low_only",0.475,0.75,0.5,0,"2026-08-04","Goal 3 PBE-UD boundary rederivation"
"beta=1,cap","cap_formula_A=0.75_lambda1=0.90_waste=0.000",4,1,0.05,0.4,0.5,0.4,0.333333333333333,0.333333333333333,NA,NA,NA,NA,"low_only",0.475,0.75,0.9,0,"2026-08-04","Goal 3 PBE-UD boundary rederivation"
"beta=1,cap","cap_formula_A=0.75_lambda1=1.00_waste=0.000",4,1,0.05,0.4,0.5,0.4,0.333333333333333,0.333333333333333,NA,NA,NA,NA,"low_only",0.475,0.75,1,0,"2026-08-04","Goal 3 PBE-UD boundary rederivation"
"beta=1,cap","cap_formula_A=1.00_lambda1=0.00_waste=0.000",4,1,0.05,0.4,0.5,0.4,0.333333333333333,0.333333333333333,NA,NA,NA,NA,"low_only",0.475,1,0,0,"2026-08-04","Goal 3 PBE-UD boundary rederivation"
"beta=1,cap","cap_formula_A=1.00_lambda1=0.50_waste=0.000",4,1,0.05,0.4,0.5,0.4,0.333333333333333,0.333333333333333,NA,NA,NA,NA,"low_only",0.475,1,0.5,0,"2026-08-04","Goal 3 PBE-UD boundary rederivation"
"beta=1,cap","cap_formula_A=1.00_lambda1=0.90_waste=0.000",4,1,0.05,0.4,0.5,0.4,0.333333333333333,0.333333333333333,NA,NA,NA,NA,"low_only",0.475,1,0.9,0,"2026-08-04","Goal 3 PBE-UD boundary rederivation"
"beta=1,cap","global_TY_cap",4,1,0.05,0.4,0.5,0.4,0.333333333333333,0.333333333333333,NA,NA,NA,TRUE,"low_only",0.475,1,1,0,"2026-08-04","Goal 3 PBE-UD boundary rederivation"
"beta=1,cap","cap_formula_A=0.00_lambda1=0.00_waste=0.000",4,1,0.05,0.4,0.9,0.4,0.333333333333333,0.333333333333333,NA,NA,NA,NA,"low_only",0.361666666666667,0,0,0,"2026-08-04","Goal 3 PBE-UD boundary rederivation"
"beta=1,cap","cap_formula_A=0.00_lambda1=0.50_waste=0.000",4,1,0.05,0.4,0.9,0.4,0.333333333333333,0.333333333333333,NA,NA,NA,NA,"low_only",0.361666666666667,0,0.5,0,"2026-08-04","Goal 3 PBE-UD boundary rederivation"
"beta=1,cap","cap_formula_A=0.00_lambda1=0.90_waste=0.000",4,1,0.05,0.4,0.9,0.4,0.333333333333333,0.333333333333333,NA,NA,NA,NA,"low_only",0.361666666666667,0,0.9,0,"2026-08-04","Goal 3 PBE-UD boundary rederivation"
"beta=1,cap","cap_formula_A=0.00_lambda1=1.00_waste=0.000",4,1,0.05,0.4,0.9,0.4,0.333333333333333,0.333333333333333,NA,NA,NA,NA,"low_only",0.361666666666667,0,1,0,"2026-08-04","Goal 3 PBE-UD boundary rederivation"
"beta=1,cap","cap_formula_A=0.25_lambda1=0.00_waste=0.000",4,1,0.05,0.4,0.9,0.4,0.333333333333333,0.333333333333333,NA,NA,NA,NA,"low_only",0.361666666666667,0.25,0,0,"2026-08-04","Goal 3 PBE-UD boundary rederivation"
"beta=1,cap","cap_formula_A=0.25_lambda1=0.50_waste=0.000",4,1,0.05,0.4,0.9,0.4,0.333333333333333,0.333333333333333,NA,NA,NA,NA,"low_only",0.361666666666667,0.25,0.5,0,"2026-08-04","Goal 3 PBE-UD boundary rederivation"
"beta=1,cap","cap_formula_A=0.25_lambda1=0.90_waste=0.000",4,1,0.05,0.4,0.9,0.4,0.333333333333333,0.333333333333333,NA,NA,NA,NA,"low_only",0.361666666666667,0.25,0.9,0,"2026-08-04","Goal 3 PBE-UD boundary rederivation"
"beta=1,cap","cap_formula_A=0.25_lambda1=1.00_waste=0.000",4,1,0.05,0.4,0.9,0.4,0.333333333333333,0.333333333333333,NA,NA,NA,NA,"low_only",0.361666666666667,0.25,1,0,"2026-08-04","Goal 3 PBE-UD boundary rederivation"
"beta=1,cap","cap_formula_A=0.75_lambda1=0.00_waste=0.000",4,1,0.05,0.4,0.9,0.4,0.333333333333333,0.333333333333333,NA,NA,NA,NA,"low_only",0.361666666666667,0.75,0,0,"2026-08-04","Goal 3 PBE-UD boundary rederivation"
"beta=1,cap","cap_formula_A=0.75_lambda1=0.50_waste=0.000",4,1,0.05,0.4,0.9,0.4,0.333333333333333,0.333333333333333,NA,NA,NA,NA,"low_only",0.361666666666667,0.75,0.5,0,"2026-08-04","Goal 3 PBE-UD boundary rederivation"
"beta=1,cap","cap_formula_A=0.75_lambda1=0.90_waste=0.000",4,1,0.05,0.4,0.9,0.4,0.333333333333333,0.333333333333333,NA,NA,NA,NA,"low_only",0.361666666666667,0.75,0.9,0,"2026-08-04","Goal 3 PBE-UD boundary rederivation"
"beta=1,cap","cap_formula_A=0.75_lambda1=1.00_waste=0.000",4,1,0.05,0.4,0.9,0.4,0.333333333333333,0.333333333333333,NA,NA,NA,NA,"low_only",0.361666666666667,0.75,1,0,"2026-08-04","Goal 3 PBE-UD boundary rederivation"
"beta=1,cap","cap_formula_A=1.00_lambda1=0.00_waste=0.000",4,1,0.05,0.4,0.9,0.4,0.333333333333333,0.333333333333333,NA,NA,NA,NA,"low_only",0.361666666666667,1,0,0,"2026-08-04","Goal 3 PBE-UD boundary rederivation"
"beta=1,cap","cap_formula_A=1.00_lambda1=0.50_waste=0.000",4,1,0.05,0.4,0.9,0.4,0.333333333333333,0.333333333333333,NA,NA,NA,NA,"low_only",0.361666666666667,1,0.5,0,"2026-08-04","Goal 3 PBE-UD boundary rederivation"
"beta=1,cap","cap_formula_A=1.00_lambda1=0.90_waste=0.000",4,1,0.05,0.4,0.9,0.4,0.333333333333333,0.333333333333333,NA,NA,NA,NA,"low_only",0.361666666666667,1,0.9,0,"2026-08-04","Goal 3 PBE-UD boundary rederivation"
"beta=1,cap","global_TY_cap",4,1,0.05,0.4,0.9,0.4,0.333333333333333,0.333333333333333,NA,NA,NA,TRUE,"low_only",0.361666666666667,1,1,0,"2026-08-04","Goal 3 PBE-UD boundary rederivation"
"beta=1,cap","cap_formula_A=0.00_lambda1=0.00_waste=0.000",4,1,0.05,0.8,0.1,0.8,0.333333333333333,0.333333333333333,NA,NA,NA,NA,"low_only",0.588333333333333,0,0,0,"2026-08-04","Goal 3 PBE-UD boundary rederivation"
"beta=1,cap","cap_formula_A=0.00_lambda1=0.50_waste=0.000",4,1,0.05,0.8,0.1,0.8,0.333333333333333,0.333333333333333,NA,NA,NA,NA,"low_only",0.588333333333333,0,0.5,0,"2026-08-04","Goal 3 PBE-UD boundary rederivation"
"beta=1,cap","cap_formula_A=0.00_lambda1=0.90_waste=0.000",4,1,0.05,0.8,0.1,0.8,0.333333333333333,0.333333333333333,NA,NA,NA,NA,"low_only",0.588333333333333,0,0.9,0,"2026-08-04","Goal 3 PBE-UD boundary rederivation"
"beta=1,cap","cap_formula_A=0.00_lambda1=1.00_waste=0.000",4,1,0.05,0.8,0.1,0.8,0.333333333333333,0.333333333333333,NA,NA,NA,NA,"low_only",0.588333333333333,0,1,0,"2026-08-04","Goal 3 PBE-UD boundary rederivation"
"beta=1,cap","cap_formula_A=0.25_lambda1=0.00_waste=0.000",4,1,0.05,0.8,0.1,0.8,0.333333333333333,0.333333333333333,NA,NA,NA,NA,"low_only",0.588333333333333,0.25,0,0,"2026-08-04","Goal 3 PBE-UD boundary rederivation"
"beta=1,cap","cap_formula_A=0.25_lambda1=0.50_waste=0.000",4,1,0.05,0.8,0.1,0.8,0.333333333333333,0.333333333333333,NA,NA,NA,NA,"low_only",0.588333333333333,0.25,0.5,0,"2026-08-04","Goal 3 PBE-UD boundary rederivation"
"beta=1,cap","cap_formula_A=0.25_lambda1=0.90_waste=0.000",4,1,0.05,0.8,0.1,0.8,0.333333333333333,0.333333333333333,NA,NA,NA,NA,"low_only",0.588333333333333,0.25,0.9,0,"2026-08-04","Goal 3 PBE-UD boundary rederivation"
"beta=1,cap","cap_formula_A=0.25_lambda1=1.00_waste=0.000",4,1,0.05,0.8,0.1,0.8,0.333333333333333,0.333333333333333,NA,NA,NA,NA,"low_only",0.588333333333333,0.25,1,0,"2026-08-04","Goal 3 PBE-UD boundary rederivation"
"beta=1,cap","cap_formula_A=0.75_lambda1=0.00_waste=0.000",4,1,0.05,0.8,0.1,0.8,0.333333333333333,0.333333333333333,NA,NA,NA,NA,"low_only",0.588333333333333,0.75,0,0,"2026-08-04","Goal 3 PBE-UD boundary rederivation"
"beta=1,cap","cap_formula_A=0.75_lambda1=0.50_waste=0.000",4,1,0.05,0.8,0.1,0.8,0.333333333333333,0.333333333333333,NA,NA,NA,NA,"low_only",0.588333333333333,0.75,0.5,0,"2026-08-04","Goal 3 PBE-UD boundary rederivation"
"beta=1,cap","cap_formula_A=0.75_lambda1=0.90_waste=0.000",4,1,0.05,0.8,0.1,0.8,0.333333333333333,0.333333333333333,NA,NA,NA,NA,"low_only",0.588333333333333,0.75,0.9,0,"2026-08-04","Goal 3 PBE-UD boundary rederivation"
"beta=1,cap","cap_formula_A=0.75_lambda1=1.00_waste=0.000",4,1,0.05,0.8,0.1,0.8,0.333333333333333,0.333333333333333,NA,NA,NA,NA,"low_only",0.588333333333333,0.75,1,0,"2026-08-04","Goal 3 PBE-UD boundary rederivation"
"beta=1,cap","cap_formula_A=1.00_lambda1=0.00_waste=0.000",4,1,0.05,0.8,0.1,0.8,0.333333333333333,0.333333333333333,NA,NA,NA,NA,"low_only",0.588333333333333,1,0,0,"2026-08-04","Goal 3 PBE-UD boundary rederivation"
"beta=1,cap","cap_formula_A=1.00_lambda1=0.50_waste=0.000",4,1,0.05,0.8,0.1,0.8,0.333333333333333,0.333333333333333,NA,NA,NA,NA,"low_only",0.588333333333333,1,0.5,0,"2026-08-04","Goal 3 PBE-UD boundary rederivation"
"beta=1,cap","cap_formula_A=1.00_lambda1=0.90_waste=0.000",4,1,0.05,0.8,0.1,0.8,0.333333333333333,0.333333333333333,NA,NA,NA,NA,"low_only",0.588333333333333,1,0.9,0,"2026-08-04","Goal 3 PBE-UD boundary rederivation"
"beta=1,cap","global_TY_cap",4,1,0.05,0.8,0.1,0.8,0.333333333333333,0.333333333333333,NA,NA,NA,TRUE,"low_only",0.588333333333333,1,1,0,"2026-08-04","Goal 3 PBE-UD boundary rederivation"
"beta=1,cap","cap_formula_A=0.00_lambda1=0.00_waste=0.000",4,1,0.05,0.8,0.5,0.8,0.333333333333333,0.333333333333333,NA,NA,NA,NA,"low_only",0.475,0,0,0,"2026-08-04","Goal 3 PBE-UD boundary rederivation"
"beta=1,cap","cap_formula_A=0.00_lambda1=0.50_waste=0.000",4,1,0.05,0.8,0.5,0.8,0.333333333333333,0.333333333333333,NA,NA,NA,NA,"low_only",0.475,0,0.5,0,"2026-08-04","Goal 3 PBE-UD boundary rederivation"
"beta=1,cap","cap_formula_A=0.00_lambda1=0.90_waste=0.000",4,1,0.05,0.8,0.5,0.8,0.333333333333333,0.333333333333333,NA,NA,NA,NA,"low_only",0.475,0,0.9,0,"2026-08-04","Goal 3 PBE-UD boundary rederivation"
"beta=1,cap","cap_formula_A=0.00_lambda1=1.00_waste=0.000",4,1,0.05,0.8,0.5,0.8,0.333333333333333,0.333333333333333,NA,NA,NA,NA,"low_only",0.475,0,1,0,"2026-08-04","Goal 3 PBE-UD boundary rederivation"
"beta=1,cap","cap_formula_A=0.25_lambda1=0.00_waste=0.000",4,1,0.05,0.8,0.5,0.8,0.333333333333333,0.333333333333333,NA,NA,NA,NA,"low_only",0.475,0.25,0,0,"2026-08-04","Goal 3 PBE-UD boundary rederivation"
"beta=1,cap","cap_formula_A=0.25_lambda1=0.50_waste=0.000",4,1,0.05,0.8,0.5,0.8,0.333333333333333,0.333333333333333,NA,NA,NA,NA,"low_only",0.475,0.25,0.5,0,"2026-08-04","Goal 3 PBE-UD boundary rederivation"
"beta=1,cap","cap_formula_A=0.25_lambda1=0.90_waste=0.000",4,1,0.05,0.8,0.5,0.8,0.333333333333333,0.333333333333333,NA,NA,NA,NA,"low_only",0.475,0.25,0.9,0,"2026-08-04","Goal 3 PBE-UD boundary rederivation"
"beta=1,cap","cap_formula_A=0.25_lambda1=1.00_waste=0.000",4,1,0.05,0.8,0.5,0.8,0.333333333333333,0.333333333333333,NA,NA,NA,NA,"low_only",0.475,0.25,1,0,"2026-08-04","Goal 3 PBE-UD boundary rederivation"
"beta=1,cap","cap_formula_A=0.75_lambda1=0.00_waste=0.000",4,1,0.05,0.8,0.5,0.8,0.333333333333333,0.333333333333333,NA,NA,NA,NA,"low_only",0.475,0.75,0,0,"2026-08-04","Goal 3 PBE-UD boundary rederivation"
"beta=1,cap","cap_formula_A=0.75_lambda1=0.50_waste=0.000",4,1,0.05,0.8,0.5,0.8,0.333333333333333,0.333333333333333,NA,NA,NA,NA,"low_only",0.475,0.75,0.5,0,"2026-08-04","Goal 3 PBE-UD boundary rederivation"
"beta=1,cap","cap_formula_A=0.75_lambda1=0.90_waste=0.000",4,1,0.05,0.8,0.5,0.8,0.333333333333333,0.333333333333333,NA,NA,NA,NA,"low_only",0.475,0.75,0.9,0,"2026-08-04","Goal 3 PBE-UD boundary rederivation"
"beta=1,cap","cap_formula_A=0.75_lambda1=1.00_waste=0.000",4,1,0.05,0.8,0.5,0.8,0.333333333333333,0.333333333333333,NA,NA,NA,NA,"low_only",0.475,0.75,1,0,"2026-08-04","Goal 3 PBE-UD boundary rederivation"
"beta=1,cap","cap_formula_A=1.00_lambda1=0.00_waste=0.000",4,1,0.05,0.8,0.5,0.8,0.333333333333333,0.333333333333333,NA,NA,NA,NA,"low_only",0.475,1,0,0,"2026-08-04","Goal 3 PBE-UD boundary rederivation"
"beta=1,cap","cap_formula_A=1.00_lambda1=0.50_waste=0.000",4,1,0.05,0.8,0.5,0.8,0.333333333333333,0.333333333333333,NA,NA,NA,NA,"low_only",0.475,1,0.5,0,"2026-08-04","Goal 3 PBE-UD boundary rederivation"
"beta=1,cap","cap_formula_A=1.00_lambda1=0.90_waste=0.000",4,1,0.05,0.8,0.5,0.8,0.333333333333333,0.333333333333333,NA,NA,NA,NA,"low_only",0.475,1,0.9,0,"2026-08-04","Goal 3 PBE-UD boundary rederivation"
"beta=1,cap","global_TY_cap",4,1,0.05,0.8,0.5,0.8,0.333333333333333,0.333333333333333,NA,NA,NA,TRUE,"low_only",0.475,1,1,0,"2026-08-04","Goal 3 PBE-UD boundary rederivation"
"beta=1,cap","cap_formula_A=0.00_lambda1=0.00_waste=0.000",4,1,0.05,0.8,0.9,0.8,0.333333333333333,0.333333333333333,NA,NA,NA,NA,"low_only",0.361666666666667,0,0,0,"2026-08-04","Goal 3 PBE-UD boundary rederivation"
"beta=1,cap","cap_formula_A=0.00_lambda1=0.50_waste=0.000",4,1,0.05,0.8,0.9,0.8,0.333333333333333,0.333333333333333,NA,NA,NA,NA,"low_only",0.361666666666667,0,0.5,0,"2026-08-04","Goal 3 PBE-UD boundary rederivation"
"beta=1,cap","cap_formula_A=0.00_lambda1=0.90_waste=0.000",4,1,0.05,0.8,0.9,0.8,0.333333333333333,0.333333333333333,NA,NA,NA,NA,"low_only",0.361666666666667,0,0.9,0,"2026-08-04","Goal 3 PBE-UD boundary rederivation"
"beta=1,cap","cap_formula_A=0.00_lambda1=1.00_waste=0.000",4,1,0.05,0.8,0.9,0.8,0.333333333333333,0.333333333333333,NA,NA,NA,NA,"low_only",0.361666666666667,0,1,0,"2026-08-04","Goal 3 PBE-UD boundary rederivation"
"beta=1,cap","cap_formula_A=0.25_lambda1=0.00_waste=0.000",4,1,0.05,0.8,0.9,0.8,0.333333333333333,0.333333333333333,NA,NA,NA,NA,"low_only",0.361666666666667,0.25,0,0,"2026-08-04","Goal 3 PBE-UD boundary rederivation"
"beta=1,cap","cap_formula_A=0.25_lambda1=0.50_waste=0.000",4,1,0.05,0.8,0.9,0.8,0.333333333333333,0.333333333333333,NA,NA,NA,NA,"low_only",0.361666666666667,0.25,0.5,0,"2026-08-04","Goal 3 PBE-UD boundary rederivation"
"beta=1,cap","cap_formula_A=0.25_lambda1=0.90_waste=0.000",4,1,0.05,0.8,0.9,0.8,0.333333333333333,0.333333333333333,NA,NA,NA,NA,"low_only",0.361666666666667,0.25,0.9,0,"2026-08-04","Goal 3 PBE-UD boundary rederivation"
"beta=1,cap","cap_formula_A=0.25_lambda1=1.00_waste=0.000",4,1,0.05,0.8,0.9,0.8,0.333333333333333,0.333333333333333,NA,NA,NA,NA,"low_only",0.361666666666667,0.25,1,0,"2026-08-04","Goal 3 PBE-UD boundary rederivation"
"beta=1,cap","cap_formula_A=0.75_lambda1=0.00_waste=0.000",4,1,0.05,0.8,0.9,0.8,0.333333333333333,0.333333333333333,NA,NA,NA,NA,"low_only",0.361666666666667,0.75,0,0,"2026-08-04","Goal 3 PBE-UD boundary rederivation"
"beta=1,cap","cap_formula_A=0.75_lambda1=0.50_waste=0.000",4,1,0.05,0.8,0.9,0.8,0.333333333333333,0.333333333333333,NA,NA,NA,NA,"low_only",0.361666666666667,0.75,0.5,0,"2026-08-04","Goal 3 PBE-UD boundary rederivation"
"beta=1,cap","cap_formula_A=0.75_lambda1=0.90_waste=0.000",4,1,0.05,0.8,0.9,0.8,0.333333333333333,0.333333333333333,NA,NA,NA,NA,"low_only",0.361666666666667,0.75,0.9,0,"2026-08-04","Goal 3 PBE-UD boundary rederivation"
"beta=1,cap","cap_formula_A=0.75_lambda1=1.00_waste=0.000",4,1,0.05,0.8,0.9,0.8,0.333333333333333,0.333333333333333,NA,NA,NA,NA,"low_only",0.361666666666667,0.75,1,0,"2026-08-04","Goal 3 PBE-UD boundary rederivation"
"beta=1,cap","cap_formula_A=1.00_lambda1=0.00_waste=0.000",4,1,0.05,0.8,0.9,0.8,0.333333333333333,0.333333333333333,NA,NA,NA,NA,"low_only",0.361666666666667,1,0,0,"2026-08-04","Goal 3 PBE-UD boundary rederivation"
"beta=1,cap","cap_formula_A=1.00_lambda1=0.50_waste=0.000",4,1,0.05,0.8,0.9,0.8,0.333333333333333,0.333333333333333,NA,NA,NA,NA,"low_only",0.361666666666667,1,0.5,0,"2026-08-04","Goal 3 PBE-UD boundary rederivation"
"beta=1,cap","cap_formula_A=1.00_lambda1=0.90_waste=0.000",4,1,0.05,0.8,0.9,0.8,0.333333333333333,0.333333333333333,NA,NA,NA,NA,"low_only",0.361666666666667,1,0.9,0,"2026-08-04","Goal 3 PBE-UD boundary rederivation"
"beta=1,cap","global_TY_cap",4,1,0.05,0.8,0.9,0.8,0.333333333333333,0.333333333333333,NA,NA,NA,TRUE,"low_only",0.361666666666667,1,1,0,"2026-08-04","Goal 3 PBE-UD boundary rederivation"
"beta=1,cap","cap_formula_A=0.00_lambda1=0.00_waste=0.000",4,1,0.2,0.4,0.1,0.4,0.333333333333333,0.333333333333333,NA,NA,NA,NA,"low_only",0.453333333333333,0,0,0,"2026-08-04","Goal 3 PBE-UD boundary rederivation"
"beta=1,cap","cap_formula_A=0.00_lambda1=0.50_waste=0.000",4,1,0.2,0.4,0.1,0.4,0.333333333333333,0.333333333333333,NA,NA,NA,NA,"low_only",0.453333333333333,0,0.5,0,"2026-08-04","Goal 3 PBE-UD boundary rederivation"
"beta=1,cap","cap_formula_A=0.00_lambda1=0.90_waste=0.000",4,1,0.2,0.4,0.1,0.4,0.333333333333333,0.333333333333333,NA,NA,NA,NA,"low_only",0.453333333333333,0,0.9,0,"2026-08-04","Goal 3 PBE-UD boundary rederivation"
"beta=1,cap","cap_formula_A=0.00_lambda1=1.00_waste=0.000",4,1,0.2,0.4,0.1,0.4,0.333333333333333,0.333333333333333,NA,NA,NA,NA,"low_only",0.453333333333333,0,1,0,"2026-08-04","Goal 3 PBE-UD boundary rederivation"
"beta=1,cap","cap_formula_A=0.25_lambda1=0.00_waste=0.000",4,1,0.2,0.4,0.1,0.4,0.333333333333333,0.333333333333333,NA,NA,NA,NA,"low_only",0.453333333333333,0.25,0,0,"2026-08-04","Goal 3 PBE-UD boundary rederivation"
"beta=1,cap","cap_formula_A=0.25_lambda1=0.50_waste=0.000",4,1,0.2,0.4,0.1,0.4,0.333333333333333,0.333333333333333,NA,NA,NA,NA,"low_only",0.453333333333333,0.25,0.5,0,"2026-08-04","Goal 3 PBE-UD boundary rederivation"
"beta=1,cap","cap_formula_A=0.25_lambda1=0.90_waste=0.000",4,1,0.2,0.4,0.1,0.4,0.333333333333333,0.333333333333333,NA,NA,NA,NA,"low_only",0.453333333333333,0.25,0.9,0,"2026-08-04","Goal 3 PBE-UD boundary rederivation"
"beta=1,cap","cap_formula_A=0.25_lambda1=1.00_waste=0.000",4,1,0.2,0.4,0.1,0.4,0.333333333333333,0.333333333333333,NA,NA,NA,NA,"low_only",0.453333333333333,0.25,1,0,"2026-08-04","Goal 3 PBE-UD boundary rederivation"
"beta=1,cap","cap_formula_A=0.75_lambda1=0.00_waste=0.000",4,1,0.2,0.4,0.1,0.4,0.333333333333333,0.333333333333333,NA,NA,NA,NA,"low_only",0.453333333333333,0.75,0,0,"2026-08-04","Goal 3 PBE-UD boundary rederivation"
"beta=1,cap","cap_formula_A=0.75_lambda1=0.50_waste=0.000",4,1,0.2,0.4,0.1,0.4,0.333333333333333,0.333333333333333,NA,NA,NA,NA,"low_only",0.453333333333333,0.75,0.5,0,"2026-08-04","Goal 3 PBE-UD boundary rederivation"
"beta=1,cap","cap_formula_A=0.75_lambda1=0.90_waste=0.000",4,1,0.2,0.4,0.1,0.4,0.333333333333333,0.333333333333333,NA,NA,NA,NA,"low_only",0.453333333333333,0.75,0.9,0,"2026-08-04","Goal 3 PBE-UD boundary rederivation"
"beta=1,cap","cap_formula_A=0.75_lambda1=1.00_waste=0.000",4,1,0.2,0.4,0.1,0.4,0.333333333333333,0.333333333333333,NA,NA,NA,NA,"low_only",0.453333333333333,0.75,1,0,"2026-08-04","Goal 3 PBE-UD boundary rederivation"
"beta=1,cap","cap_formula_A=1.00_lambda1=0.00_waste=0.000",4,1,0.2,0.4,0.1,0.4,0.333333333333333,0.333333333333333,NA,NA,NA,NA,"low_only",0.453333333333333,1,0,0,"2026-08-04","Goal 3 PBE-UD boundary rederivation"
"beta=1,cap","cap_formula_A=1.00_lambda1=0.50_waste=0.000",4,1,0.2,0.4,0.1,0.4,0.333333333333333,0.333333333333333,NA,NA,NA,NA,"low_only",0.453333333333333,1,0.5,0,"2026-08-04","Goal 3 PBE-UD boundary rederivation"
"beta=1,cap","cap_formula_A=1.00_lambda1=0.90_waste=0.000",4,1,0.2,0.4,0.1,0.4,0.333333333333333,0.333333333333333,NA,NA,NA,NA,"low_only",0.453333333333333,1,0.9,0,"2026-08-04","Goal 3 PBE-UD boundary rederivation"
"beta=1,cap","global_TY_cap",4,1,0.2,0.4,0.1,0.4,0.333333333333333,0.333333333333333,NA,NA,NA,TRUE,"low_only",0.453333333333333,1,1,0,"2026-08-04","Goal 3 PBE-UD boundary rederivation"
"beta=1,cap","cap_formula_A=0.00_lambda1=0.00_waste=0.000",4,1,0.2,0.4,0.5,0.4,0.333333333333333,0.333333333333333,NA,NA,NA,NA,"low_only",0.4,0,0,0,"2026-08-04","Goal 3 PBE-UD boundary rederivation"
"beta=1,cap","cap_formula_A=0.00_lambda1=0.50_waste=0.000",4,1,0.2,0.4,0.5,0.4,0.333333333333333,0.333333333333333,NA,NA,NA,NA,"low_only",0.4,0,0.5,0,"2026-08-04","Goal 3 PBE-UD boundary rederivation"
"beta=1,cap","cap_formula_A=0.00_lambda1=0.90_waste=0.000",4,1,0.2,0.4,0.5,0.4,0.333333333333333,0.333333333333333,NA,NA,NA,NA,"low_only",0.4,0,0.9,0,"2026-08-04","Goal 3 PBE-UD boundary rederivation"
"beta=1,cap","cap_formula_A=0.00_lambda1=1.00_waste=0.000",4,1,0.2,0.4,0.5,0.4,0.333333333333333,0.333333333333333,NA,NA,NA,NA,"low_only",0.4,0,1,0,"2026-08-04","Goal 3 PBE-UD boundary rederivation"
"beta=1,cap","cap_formula_A=0.25_lambda1=0.00_waste=0.000",4,1,0.2,0.4,0.5,0.4,0.333333333333333,0.333333333333333,NA,NA,NA,NA,"low_only",0.4,0.25,0,0,"2026-08-04","Goal 3 PBE-UD boundary rederivation"
"beta=1,cap","cap_formula_A=0.25_lambda1=0.50_waste=0.000",4,1,0.2,0.4,0.5,0.4,0.333333333333333,0.333333333333333,NA,NA,NA,NA,"low_only",0.4,0.25,0.5,0,"2026-08-04","Goal 3 PBE-UD boundary rederivation"
"beta=1,cap","cap_formula_A=0.25_lambda1=0.90_waste=0.000",4,1,0.2,0.4,0.5,0.4,0.333333333333333,0.333333333333333,NA,NA,NA,NA,"low_only",0.4,0.25,0.9,0,"2026-08-04","Goal 3 PBE-UD boundary rederivation"
"beta=1,cap","cap_formula_A=0.25_lambda1=1.00_waste=0.000",4,1,0.2,0.4,0.5,0.4,0.333333333333333,0.333333333333333,NA,NA,NA,NA,"low_only",0.4,0.25,1,0,"2026-08-04","Goal 3 PBE-UD boundary rederivation"
"beta=1,cap","cap_formula_A=0.75_lambda1=0.00_waste=0.000",4,1,0.2,0.4,0.5,0.4,0.333333333333333,0.333333333333333,NA,NA,NA,NA,"low_only",0.4,0.75,0,0,"2026-08-04","Goal 3 PBE-UD boundary rederivation"
"beta=1,cap","cap_formula_A=0.75_lambda1=0.50_waste=0.000",4,1,0.2,0.4,0.5,0.4,0.333333333333333,0.333333333333333,NA,NA,NA,NA,"low_only",0.4,0.75,0.5,0,"2026-08-04","Goal 3 PBE-UD boundary rederivation"
"beta=1,cap","cap_formula_A=0.75_lambda1=0.90_waste=0.000",4,1,0.2,0.4,0.5,0.4,0.333333333333333,0.333333333333333,NA,NA,NA,NA,"low_only",0.4,0.75,0.9,0,"2026-08-04","Goal 3 PBE-UD boundary rederivation"
"beta=1,cap","cap_formula_A=0.75_lambda1=1.00_waste=0.000",4,1,0.2,0.4,0.5,0.4,0.333333333333333,0.333333333333333,NA,NA,NA,NA,"low_only",0.4,0.75,1,0,"2026-08-04","Goal 3 PBE-UD boundary rederivation"
"beta=1,cap","cap_formula_A=1.00_lambda1=0.00_waste=0.000",4,1,0.2,0.4,0.5,0.4,0.333333333333333,0.333333333333333,NA,NA,NA,NA,"low_only",0.4,1,0,0,"2026-08-04","Goal 3 PBE-UD boundary rederivation"
"beta=1,cap","cap_formula_A=1.00_lambda1=0.50_waste=0.000",4,1,0.2,0.4,0.5,0.4,0.333333333333333,0.333333333333333,NA,NA,NA,NA,"low_only",0.4,1,0.5,0,"2026-08-04","Goal 3 PBE-UD boundary rederivation"
"beta=1,cap","cap_formula_A=1.00_lambda1=0.90_waste=0.000",4,1,0.2,0.4,0.5,0.4,0.333333333333333,0.333333333333333,NA,NA,NA,NA,"low_only",0.4,1,0.9,0,"2026-08-04","Goal 3 PBE-UD boundary rederivation"
"beta=1,cap","global_TY_cap",4,1,0.2,0.4,0.5,0.4,0.333333333333333,0.333333333333333,NA,NA,NA,TRUE,"low_only",0.4,1,1,0,"2026-08-04","Goal 3 PBE-UD boundary rederivation"
"beta=1,cap","cap_formula_A=0.00_lambda1=0.00_waste=0.000",4,1,0.2,0.4,0.9,0.4,0.333333333333333,0.333333333333333,NA,NA,NA,NA,"low_only",0.346666666666667,0,0,0,"2026-08-04","Goal 3 PBE-UD boundary rederivation"
"beta=1,cap","cap_formula_A=0.00_lambda1=0.50_waste=0.000",4,1,0.2,0.4,0.9,0.4,0.333333333333333,0.333333333333333,NA,NA,NA,NA,"low_only",0.346666666666667,0,0.5,0,"2026-08-04","Goal 3 PBE-UD boundary rederivation"
"beta=1,cap","cap_formula_A=0.00_lambda1=0.90_waste=0.000",4,1,0.2,0.4,0.9,0.4,0.333333333333333,0.333333333333333,NA,NA,NA,NA,"low_only",0.346666666666667,0,0.9,0,"2026-08-04","Goal 3 PBE-UD boundary rederivation"
"beta=1,cap","cap_formula_A=0.00_lambda1=1.00_waste=0.000",4,1,0.2,0.4,0.9,0.4,0.333333333333333,0.333333333333333,NA,NA,NA,NA,"low_only",0.346666666666667,0,1,0,"2026-08-04","Goal 3 PBE-UD boundary rederivation"
"beta=1,cap","cap_formula_A=0.25_lambda1=0.00_waste=0.000",4,1,0.2,0.4,0.9,0.4,0.333333333333333,0.333333333333333,NA,NA,NA,NA,"low_only",0.346666666666667,0.25,0,0,"2026-08-04","Goal 3 PBE-UD boundary rederivation"
"beta=1,cap","cap_formula_A=0.25_lambda1=0.50_waste=0.000",4,1,0.2,0.4,0.9,0.4,0.333333333333333,0.333333333333333,NA,NA,NA,NA,"low_only",0.346666666666667,0.25,0.5,0,"2026-08-04","Goal 3 PBE-UD boundary rederivation"
"beta=1,cap","cap_formula_A=0.25_lambda1=0.90_waste=0.000",4,1,0.2,0.4,0.9,0.4,0.333333333333333,0.333333333333333,NA,NA,NA,NA,"low_only",0.346666666666667,0.25,0.9,0,"2026-08-04","Goal 3 PBE-UD boundary rederivation"
"beta=1,cap","cap_formula_A=0.25_lambda1=1.00_waste=0.000",4,1,0.2,0.4,0.9,0.4,0.333333333333333,0.333333333333333,NA,NA,NA,NA,"low_only",0.346666666666667,0.25,1,0,"2026-08-04","Goal 3 PBE-UD boundary rederivation"
"beta=1,cap","cap_formula_A=0.75_lambda1=0.00_waste=0.000",4,1,0.2,0.4,0.9,0.4,0.333333333333333,0.333333333333333,NA,NA,NA,NA,"low_only",0.346666666666667,0.75,0,0,"2026-08-04","Goal 3 PBE-UD boundary rederivation"
"beta=1,cap","cap_formula_A=0.75_lambda1=0.50_waste=0.000",4,1,0.2,0.4,0.9,0.4,0.333333333333333,0.333333333333333,NA,NA,NA,NA,"low_only",0.346666666666667,0.75,0.5,0,"2026-08-04","Goal 3 PBE-UD boundary rederivation"
"beta=1,cap","cap_formula_A=0.75_lambda1=0.90_waste=0.000",4,1,0.2,0.4,0.9,0.4,0.333333333333333,0.333333333333333,NA,NA,NA,NA,"low_only",0.346666666666667,0.75,0.9,0,"2026-08-04","Goal 3 PBE-UD boundary rederivation"
"beta=1,cap","cap_formula_A=0.75_lambda1=1.00_waste=0.000",4,1,0.2,0.4,0.9,0.4,0.333333333333333,0.333333333333333,NA,NA,NA,NA,"low_only",0.346666666666667,0.75,1,0,"2026-08-04","Goal 3 PBE-UD boundary rederivation"
"beta=1,cap","cap_formula_A=1.00_lambda1=0.00_waste=0.000",4,1,0.2,0.4,0.9,0.4,0.333333333333333,0.333333333333333,NA,NA,NA,NA,"low_only",0.346666666666667,1,0,0,"2026-08-04","Goal 3 PBE-UD boundary rederivation"
"beta=1,cap","cap_formula_A=1.00_lambda1=0.50_waste=0.000",4,1,0.2,0.4,0.9,0.4,0.333333333333333,0.333333333333333,NA,NA,NA,NA,"low_only",0.346666666666667,1,0.5,0,"2026-08-04","Goal 3 PBE-UD boundary rederivation"
"beta=1,cap","cap_formula_A=1.00_lambda1=0.90_waste=0.000",4,1,0.2,0.4,0.9,0.4,0.333333333333333,0.333333333333333,NA,NA,NA,NA,"low_only",0.346666666666667,1,0.9,0,"2026-08-04","Goal 3 PBE-UD boundary rederivation"
"beta=1,cap","global_TY_cap",4,1,0.2,0.4,0.9,0.4,0.333333333333333,0.333333333333333,NA,NA,NA,TRUE,"low_only",0.346666666666667,1,1,0,"2026-08-04","Goal 3 PBE-UD boundary rederivation"
"beta=1,cap","cap_formula_A=0.00_lambda1=0.00_waste=0.000",4,1,0.2,0.8,0.1,0.8,0.333333333333333,0.333333333333333,NA,NA,NA,NA,"low_only",0.453333333333333,0,0,0,"2026-08-04","Goal 3 PBE-UD boundary rederivation"
"beta=1,cap","cap_formula_A=0.00_lambda1=0.50_waste=0.000",4,1,0.2,0.8,0.1,0.8,0.333333333333333,0.333333333333333,NA,NA,NA,NA,"low_only",0.453333333333333,0,0.5,0,"2026-08-04","Goal 3 PBE-UD boundary rederivation"
"beta=1,cap","cap_formula_A=0.00_lambda1=0.90_waste=0.000",4,1,0.2,0.8,0.1,0.8,0.333333333333333,0.333333333333333,NA,NA,NA,NA,"low_only",0.453333333333333,0,0.9,0,"2026-08-04","Goal 3 PBE-UD boundary rederivation"
"beta=1,cap","cap_formula_A=0.00_lambda1=1.00_waste=0.000",4,1,0.2,0.8,0.1,0.8,0.333333333333333,0.333333333333333,NA,NA,NA,NA,"low_only",0.453333333333333,0,1,0,"2026-08-04","Goal 3 PBE-UD boundary rederivation"
"beta=1,cap","cap_formula_A=0.25_lambda1=0.00_waste=0.000",4,1,0.2,0.8,0.1,0.8,0.333333333333333,0.333333333333333,NA,NA,NA,NA,"low_only",0.453333333333333,0.25,0,0,"2026-08-04","Goal 3 PBE-UD boundary rederivation"
"beta=1,cap","cap_formula_A=0.25_lambda1=0.50_waste=0.000",4,1,0.2,0.8,0.1,0.8,0.333333333333333,0.333333333333333,NA,NA,NA,NA,"low_only",0.453333333333333,0.25,0.5,0,"2026-08-04","Goal 3 PBE-UD boundary rederivation"
"beta=1,cap","cap_formula_A=0.25_lambda1=0.90_waste=0.000",4,1,0.2,0.8,0.1,0.8,0.333333333333333,0.333333333333333,NA,NA,NA,NA,"low_only",0.453333333333333,0.25,0.9,0,"2026-08-04","Goal 3 PBE-UD boundary rederivation"
"beta=1,cap","cap_formula_A=0.25_lambda1=1.00_waste=0.000",4,1,0.2,0.8,0.1,0.8,0.333333333333333,0.333333333333333,NA,NA,NA,NA,"low_only",0.453333333333333,0.25,1,0,"2026-08-04","Goal 3 PBE-UD boundary rederivation"
"beta=1,cap","cap_formula_A=0.75_lambda1=0.00_waste=0.000",4,1,0.2,0.8,0.1,0.8,0.333333333333333,0.333333333333333,NA,NA,NA,NA,"low_only",0.453333333333333,0.75,0,0,"2026-08-04","Goal 3 PBE-UD boundary rederivation"
"beta=1,cap","cap_formula_A=0.75_lambda1=0.50_waste=0.000",4,1,0.2,0.8,0.1,0.8,0.333333333333333,0.333333333333333,NA,NA,NA,NA,"low_only",0.453333333333333,0.75,0.5,0,"2026-08-04","Goal 3 PBE-UD boundary rederivation"
"beta=1,cap","cap_formula_A=0.75_lambda1=0.90_waste=0.000",4,1,0.2,0.8,0.1,0.8,0.333333333333333,0.333333333333333,NA,NA,NA,NA,"low_only",0.453333333333333,0.75,0.9,0,"2026-08-04","Goal 3 PBE-UD boundary rederivation"
"beta=1,cap","cap_formula_A=0.75_lambda1=1.00_waste=0.000",4,1,0.2,0.8,0.1,0.8,0.333333333333333,0.333333333333333,NA,NA,NA,NA,"low_only",0.453333333333333,0.75,1,0,"2026-08-04","Goal 3 PBE-UD boundary rederivation"
"beta=1,cap","cap_formula_A=1.00_lambda1=0.00_waste=0.000",4,1,0.2,0.8,0.1,0.8,0.333333333333333,0.333333333333333,NA,NA,NA,NA,"low_only",0.453333333333333,1,0,0,"2026-08-04","Goal 3 PBE-UD boundary rederivation"
"beta=1,cap","cap_formula_A=1.00_lambda1=0.50_waste=0.000",4,1,0.2,0.8,0.1,0.8,0.333333333333333,0.333333333333333,NA,NA,NA,NA,"low_only",0.453333333333333,1,0.5,0,"2026-08-04","Goal 3 PBE-UD boundary rederivation"
"beta=1,cap","cap_formula_A=1.00_lambda1=0.90_waste=0.000",4,1,0.2,0.8,0.1,0.8,0.333333333333333,0.333333333333333,NA,NA,NA,NA,"low_only",0.453333333333333,1,0.9,0,"2026-08-04","Goal 3 PBE-UD boundary rederivation"
"beta=1,cap","global_TY_cap",4,1,0.2,0.8,0.1,0.8,0.333333333333333,0.333333333333333,NA,NA,NA,TRUE,"low_only",0.453333333333333,1,1,0,"2026-08-04","Goal 3 PBE-UD boundary rederivation"
"beta=1,cap","cap_formula_A=0.00_lambda1=0.00_waste=0.000",4,1,0.2,0.8,0.5,0.8,0.333333333333333,0.333333333333333,NA,NA,NA,NA,"low_only",0.4,0,0,0,"2026-08-04","Goal 3 PBE-UD boundary rederivation"
"beta=1,cap","cap_formula_A=0.00_lambda1=0.50_waste=0.000",4,1,0.2,0.8,0.5,0.8,0.333333333333333,0.333333333333333,NA,NA,NA,NA,"low_only",0.4,0,0.5,0,"2026-08-04","Goal 3 PBE-UD boundary rederivation"
"beta=1,cap","cap_formula_A=0.00_lambda1=0.90_waste=0.000",4,1,0.2,0.8,0.5,0.8,0.333333333333333,0.333333333333333,NA,NA,NA,NA,"low_only",0.4,0,0.9,0,"2026-08-04","Goal 3 PBE-UD boundary rederivation"
"beta=1,cap","cap_formula_A=0.00_lambda1=1.00_waste=0.000",4,1,0.2,0.8,0.5,0.8,0.333333333333333,0.333333333333333,NA,NA,NA,NA,"low_only",0.4,0,1,0,"2026-08-04","Goal 3 PBE-UD boundary rederivation"
"beta=1,cap","cap_formula_A=0.25_lambda1=0.00_waste=0.000",4,1,0.2,0.8,0.5,0.8,0.333333333333333,0.333333333333333,NA,NA,NA,NA,"low_only",0.4,0.25,0,0,"2026-08-04","Goal 3 PBE-UD boundary rederivation"
"beta=1,cap","cap_formula_A=0.25_lambda1=0.50_waste=0.000",4,1,0.2,0.8,0.5,0.8,0.333333333333333,0.333333333333333,NA,NA,NA,NA,"low_only",0.4,0.25,0.5,0,"2026-08-04","Goal 3 PBE-UD boundary rederivation"
"beta=1,cap","cap_formula_A=0.25_lambda1=0.90_waste=0.000",4,1,0.2,0.8,0.5,0.8,0.333333333333333,0.333333333333333,NA,NA,NA,NA,"low_only",0.4,0.25,0.9,0,"2026-08-04","Goal 3 PBE-UD boundary rederivation"
"beta=1,cap","cap_formula_A=0.25_lambda1=1.00_waste=0.000",4,1,0.2,0.8,0.5,0.8,0.333333333333333,0.333333333333333,NA,NA,NA,NA,"low_only",0.4,0.25,1,0,"2026-08-04","Goal 3 PBE-UD boundary rederivation"
"beta=1,cap","cap_formula_A=0.75_lambda1=0.00_waste=0.000",4,1,0.2,0.8,0.5,0.8,0.333333333333333,0.333333333333333,NA,NA,NA,NA,"low_only",0.4,0.75,0,0,"2026-08-04","Goal 3 PBE-UD boundary rederivation"
"beta=1,cap","cap_formula_A=0.75_lambda1=0.50_waste=0.000",4,1,0.2,0.8,0.5,0.8,0.333333333333333,0.333333333333333,NA,NA,NA,NA,"low_only",0.4,0.75,0.5,0,"2026-08-04","Goal 3 PBE-UD boundary rederivation"
"beta=1,cap","cap_formula_A=0.75_lambda1=0.90_waste=0.000",4,1,0.2,0.8,0.5,0.8,0.333333333333333,0.333333333333333,NA,NA,NA,NA,"low_only",0.4,0.75,0.9,0,"2026-08-04","Goal 3 PBE-UD boundary rederivation"
"beta=1,cap","cap_formula_A=0.75_lambda1=1.00_waste=0.000",4,1,0.2,0.8,0.5,0.8,0.333333333333333,0.333333333333333,NA,NA,NA,NA,"low_only",0.4,0.75,1,0,"2026-08-04","Goal 3 PBE-UD boundary rederivation"
"beta=1,cap","cap_formula_A=1.00_lambda1=0.00_waste=0.000",4,1,0.2,0.8,0.5,0.8,0.333333333333333,0.333333333333333,NA,NA,NA,NA,"low_only",0.4,1,0,0,"2026-08-04","Goal 3 PBE-UD boundary rederivation"
"beta=1,cap","cap_formula_A=1.00_lambda1=0.50_waste=0.000",4,1,0.2,0.8,0.5,0.8,0.333333333333333,0.333333333333333,NA,NA,NA,NA,"low_only",0.4,1,0.5,0,"2026-08-04","Goal 3 PBE-UD boundary rederivation"
"beta=1,cap","cap_formula_A=1.00_lambda1=0.90_waste=0.000",4,1,0.2,0.8,0.5,0.8,0.333333333333333,0.333333333333333,NA,NA,NA,NA,"low_only",0.4,1,0.9,0,"2026-08-04","Goal 3 PBE-UD boundary rederivation"
"beta=1,cap","global_TY_cap",4,1,0.2,0.8,0.5,0.8,0.333333333333333,0.333333333333333,NA,NA,NA,TRUE,"low_only",0.4,1,1,0,"2026-08-04","Goal 3 PBE-UD boundary rederivation"
"beta=1,cap","cap_formula_A=0.00_lambda1=0.00_waste=0.000",4,1,0.2,0.8,0.9,0.8,0.333333333333333,0.333333333333333,NA,NA,NA,NA,"low_only",0.346666666666667,0,0,0,"2026-08-04","Goal 3 PBE-UD boundary rederivation"
"beta=1,cap","cap_formula_A=0.00_lambda1=0.50_waste=0.000",4,1,0.2,0.8,0.9,0.8,0.333333333333333,0.333333333333333,NA,NA,NA,NA,"low_only",0.346666666666667,0,0.5,0,"2026-08-04","Goal 3 PBE-UD boundary rederivation"
"beta=1,cap","cap_formula_A=0.00_lambda1=0.90_waste=0.000",4,1,0.2,0.8,0.9,0.8,0.333333333333333,0.333333333333333,NA,NA,NA,NA,"low_only",0.346666666666667,0,0.9,0,"2026-08-04","Goal 3 PBE-UD boundary rederivation"
"beta=1,cap","cap_formula_A=0.00_lambda1=1.00_waste=0.000",4,1,0.2,0.8,0.9,0.8,0.333333333333333,0.333333333333333,NA,NA,NA,NA,"low_only",0.346666666666667,0,1,0,"2026-08-04","Goal 3 PBE-UD boundary rederivation"
"beta=1,cap","cap_formula_A=0.25_lambda1=0.00_waste=0.000",4,1,0.2,0.8,0.9,0.8,0.333333333333333,0.333333333333333,NA,NA,NA,NA,"low_only",0.346666666666667,0.25,0,0,"2026-08-04","Goal 3 PBE-UD boundary rederivation"
"beta=1,cap","cap_formula_A=0.25_lambda1=0.50_waste=0.000",4,1,0.2,0.8,0.9,0.8,0.333333333333333,0.333333333333333,NA,NA,NA,NA,"low_only",0.346666666666667,0.25,0.5,0,"2026-08-04","Goal 3 PBE-UD boundary rederivation"
"beta=1,cap","cap_formula_A=0.25_lambda1=0.90_waste=0.000",4,1,0.2,0.8,0.9,0.8,0.333333333333333,0.333333333333333,NA,NA,NA,NA,"low_only",0.346666666666667,0.25,0.9,0,"2026-08-04","Goal 3 PBE-UD boundary rederivation"
"beta=1,cap","cap_formula_A=0.25_lambda1=1.00_waste=0.000",4,1,0.2,0.8,0.9,0.8,0.333333333333333,0.333333333333333,NA,NA,NA,NA,"low_only",0.346666666666667,0.25,1,0,"2026-08-04","Goal 3 PBE-UD boundary rederivation"
"beta=1,cap","cap_formula_A=0.75_lambda1=0.00_waste=0.000",4,1,0.2,0.8,0.9,0.8,0.333333333333333,0.333333333333333,NA,NA,NA,NA,"low_only",0.346666666666667,0.75,0,0,"2026-08-04","Goal 3 PBE-UD boundary rederivation"
"beta=1,cap","cap_formula_A=0.75_lambda1=0.50_waste=0.000",4,1,0.2,0.8,0.9,0.8,0.333333333333333,0.333333333333333,NA,NA,NA,NA,"low_only",0.346666666666667,0.75,0.5,0,"2026-08-04","Goal 3 PBE-UD boundary rederivation"
"beta=1,cap","cap_formula_A=0.75_lambda1=0.90_waste=0.000",4,1,0.2,0.8,0.9,0.8,0.333333333333333,0.333333333333333,NA,NA,NA,NA,"low_only",0.346666666666667,0.75,0.9,0,"2026-08-04","Goal 3 PBE-UD boundary rederivation"
"beta=1,cap","cap_formula_A=0.75_lambda1=1.00_waste=0.000",4,1,0.2,0.8,0.9,0.8,0.333333333333333,0.333333333333333,NA,NA,NA,NA,"low_only",0.346666666666667,0.75,1,0,"2026-08-04","Goal 3 PBE-UD boundary rederivation"
"beta=1,cap","cap_formula_A=1.00_lambda1=0.00_waste=0.000",4,1,0.2,0.8,0.9,0.8,0.333333333333333,0.333333333333333,NA,NA,NA,NA,"low_only",0.346666666666667,1,0,0,"2026-08-04","Goal 3 PBE-UD boundary rederivation"
"beta=1,cap","cap_formula_A=1.00_lambda1=0.50_waste=0.000",4,1,0.2,0.8,0.9,0.8,0.333333333333333,0.333333333333333,NA,NA,NA,NA,"low_only",0.346666666666667,1,0.5,0,"2026-08-04","Goal 3 PBE-UD boundary rederivation"
"beta=1,cap","cap_formula_A=1.00_lambda1=0.90_waste=0.000",4,1,0.2,0.8,0.9,0.8,0.333333333333333,0.333333333333333,NA,NA,NA,NA,"low_only",0.346666666666667,1,0.9,0,"2026-08-04","Goal 3 PBE-UD boundary rederivation"
"beta=1,cap","global_TY_cap",4,1,0.2,0.8,0.9,0.8,0.333333333333333,0.333333333333333,NA,NA,NA,TRUE,"low_only",0.346666666666667,1,1,0,"2026-08-04","Goal 3 PBE-UD boundary rederivation"
"beta=1,cap","cap_formula_A=0.00_lambda1=0.00_waste=0.000",5,1,0.05,0.4,0.1,0.4,0.25,0.5,NA,NA,NA,NA,"low_only",0.655,0,0,0,"2026-08-04","Goal 3 PBE-UD boundary rederivation"
"beta=1,cap","cap_formula_A=0.00_lambda1=0.50_waste=0.000",5,1,0.05,0.4,0.1,0.4,0.25,0.5,NA,NA,NA,NA,"low_only",0.655,0,0.5,0,"2026-08-04","Goal 3 PBE-UD boundary rederivation"
"beta=1,cap","cap_formula_A=0.00_lambda1=0.90_waste=0.000",5,1,0.05,0.4,0.1,0.4,0.25,0.5,NA,NA,NA,NA,"low_only",0.655,0,0.9,0,"2026-08-04","Goal 3 PBE-UD boundary rederivation"
"beta=1,cap","cap_formula_A=0.00_lambda1=1.00_waste=0.000",5,1,0.05,0.4,0.1,0.4,0.25,0.5,NA,NA,NA,NA,"low_only",0.655,0,1,0,"2026-08-04","Goal 3 PBE-UD boundary rederivation"
"beta=1,cap","cap_formula_A=0.25_lambda1=0.00_waste=0.000",5,1,0.05,0.4,0.1,0.4,0.25,0.5,NA,NA,NA,NA,"low_only",0.655,0.25,0,0,"2026-08-04","Goal 3 PBE-UD boundary rederivation"
"beta=1,cap","cap_formula_A=0.25_lambda1=0.50_waste=0.000",5,1,0.05,0.4,0.1,0.4,0.25,0.5,NA,NA,NA,NA,"low_only",0.655,0.25,0.5,0,"2026-08-04","Goal 3 PBE-UD boundary rederivation"
"beta=1,cap","cap_formula_A=0.25_lambda1=0.90_waste=0.000",5,1,0.05,0.4,0.1,0.4,0.25,0.5,NA,NA,NA,NA,"low_only",0.655,0.25,0.9,0,"2026-08-04","Goal 3 PBE-UD boundary rederivation"
"beta=1,cap","cap_formula_A=0.25_lambda1=1.00_waste=0.000",5,1,0.05,0.4,0.1,0.4,0.25,0.5,NA,NA,NA,NA,"low_only",0.655,0.25,1,0,"2026-08-04","Goal 3 PBE-UD boundary rederivation"
"beta=1,cap","cap_formula_A=0.75_lambda1=0.00_waste=0.000",5,1,0.05,0.4,0.1,0.4,0.25,0.5,NA,NA,NA,NA,"low_only",0.655,0.75,0,0,"2026-08-04","Goal 3 PBE-UD boundary rederivation"
"beta=1,cap","cap_formula_A=0.75_lambda1=0.50_waste=0.000",5,1,0.05,0.4,0.1,0.4,0.25,0.5,NA,NA,NA,NA,"low_only",0.655,0.75,0.5,0,"2026-08-04","Goal 3 PBE-UD boundary rederivation"
"beta=1,cap","cap_formula_A=0.75_lambda1=0.90_waste=0.000",5,1,0.05,0.4,0.1,0.4,0.25,0.5,NA,NA,NA,NA,"low_only",0.655,0.75,0.9,0,"2026-08-04","Goal 3 PBE-UD boundary rederivation"
"beta=1,cap","cap_formula_A=0.75_lambda1=1.00_waste=0.000",5,1,0.05,0.4,0.1,0.4,0.25,0.5,NA,NA,NA,NA,"low_only",0.655,0.75,1,0,"2026-08-04","Goal 3 PBE-UD boundary rederivation"
"beta=1,cap","cap_formula_A=1.00_lambda1=0.00_waste=0.000",5,1,0.05,0.4,0.1,0.4,0.25,0.5,NA,NA,NA,NA,"low_only",0.655,1,0,0,"2026-08-04","Goal 3 PBE-UD boundary rederivation"
"beta=1,cap","cap_formula_A=1.00_lambda1=0.50_waste=0.000",5,1,0.05,0.4,0.1,0.4,0.25,0.5,NA,NA,NA,NA,"low_only",0.655,1,0.5,0,"2026-08-04","Goal 3 PBE-UD boundary rederivation"
"beta=1,cap","cap_formula_A=1.00_lambda1=0.90_waste=0.000",5,1,0.05,0.4,0.1,0.4,0.25,0.5,NA,NA,NA,NA,"low_only",0.655,1,0.9,0,"2026-08-04","Goal 3 PBE-UD boundary rederivation"
"beta=1,cap","global_TY_cap",5,1,0.05,0.4,0.1,0.4,0.25,0.5,NA,NA,NA,TRUE,"low_only",0.655,1,1,0,"2026-08-04","Goal 3 PBE-UD boundary rederivation"
"beta=1,cap","cap_formula_A=0.00_lambda1=0.00_waste=0.000",5,1,0.05,0.4,0.5,0.4,0.25,0.5,NA,NA,NA,NA,"exclusion",0.5,0,0,0,"2026-08-04","Goal 3 PBE-UD boundary rederivation"
"beta=1,cap","cap_formula_A=0.00_lambda1=0.50_waste=0.000",5,1,0.05,0.4,0.5,0.4,0.25,0.5,NA,NA,NA,NA,"exclusion",0.5,0,0.5,0,"2026-08-04","Goal 3 PBE-UD boundary rederivation"
"beta=1,cap","cap_formula_A=0.00_lambda1=0.90_waste=0.000",5,1,0.05,0.4,0.5,0.4,0.25,0.5,NA,NA,NA,NA,"exclusion",0.5,0,0.9,0,"2026-08-04","Goal 3 PBE-UD boundary rederivation"
"beta=1,cap","cap_formula_A=0.00_lambda1=1.00_waste=0.000",5,1,0.05,0.4,0.5,0.4,0.25,0.5,NA,NA,NA,NA,"exclusion",0.5,0,1,0,"2026-08-04","Goal 3 PBE-UD boundary rederivation"
"beta=1,cap","cap_formula_A=0.25_lambda1=0.00_waste=0.000",5,1,0.05,0.4,0.5,0.4,0.25,0.5,NA,NA,NA,NA,"exclusion",0.5,0.25,0,0,"2026-08-04","Goal 3 PBE-UD boundary rederivation"
"beta=1,cap","cap_formula_A=0.25_lambda1=0.50_waste=0.000",5,1,0.05,0.4,0.5,0.4,0.25,0.5,NA,NA,NA,NA,"exclusion",0.5,0.25,0.5,0,"2026-08-04","Goal 3 PBE-UD boundary rederivation"
"beta=1,cap","cap_formula_A=0.25_lambda1=0.90_waste=0.000",5,1,0.05,0.4,0.5,0.4,0.25,0.5,NA,NA,NA,NA,"exclusion",0.5,0.25,0.9,0,"2026-08-04","Goal 3 PBE-UD boundary rederivation"
"beta=1,cap","cap_formula_A=0.25_lambda1=1.00_waste=0.000",5,1,0.05,0.4,0.5,0.4,0.25,0.5,NA,NA,NA,NA,"exclusion",0.5,0.25,1,0,"2026-08-04","Goal 3 PBE-UD boundary rederivation"
"beta=1,cap","cap_formula_A=0.75_lambda1=0.00_waste=0.000",5,1,0.05,0.4,0.5,0.4,0.25,0.5,NA,NA,NA,NA,"exclusion",0.5,0.75,0,0,"2026-08-04","Goal 3 PBE-UD boundary rederivation"
"beta=1,cap","cap_formula_A=0.75_lambda1=0.50_waste=0.000",5,1,0.05,0.4,0.5,0.4,0.25,0.5,NA,NA,NA,NA,"exclusion",0.5,0.75,0.5,0,"2026-08-04","Goal 3 PBE-UD boundary rederivation"
"beta=1,cap","cap_formula_A=0.75_lambda1=0.90_waste=0.000",5,1,0.05,0.4,0.5,0.4,0.25,0.5,NA,NA,NA,NA,"exclusion",0.5,0.75,0.9,0,"2026-08-04","Goal 3 PBE-UD boundary rederivation"
"beta=1,cap","cap_formula_A=0.75_lambda1=1.00_waste=0.000",5,1,0.05,0.4,0.5,0.4,0.25,0.5,NA,NA,NA,NA,"exclusion",0.5,0.75,1,0,"2026-08-04","Goal 3 PBE-UD boundary rederivation"
"beta=1,cap","cap_formula_A=1.00_lambda1=0.00_waste=0.000",5,1,0.05,0.4,0.5,0.4,0.25,0.5,NA,NA,NA,NA,"exclusion",0.5,1,0,0,"2026-08-04","Goal 3 PBE-UD boundary rederivation"
"beta=1,cap","cap_formula_A=1.00_lambda1=0.50_waste=0.000",5,1,0.05,0.4,0.5,0.4,0.25,0.5,NA,NA,NA,NA,"exclusion",0.5,1,0.5,0,"2026-08-04","Goal 3 PBE-UD boundary rederivation"
"beta=1,cap","cap_formula_A=1.00_lambda1=0.90_waste=0.000",5,1,0.05,0.4,0.5,0.4,0.25,0.5,NA,NA,NA,NA,"exclusion",0.5,1,0.9,0,"2026-08-04","Goal 3 PBE-UD boundary rederivation"
"beta=1,cap","global_TY_cap",5,1,0.05,0.4,0.5,0.4,0.25,0.5,NA,NA,NA,TRUE,"exclusion",0.5,1,1,0,"2026-08-04","Goal 3 PBE-UD boundary rederivation"
"beta=1,cap","cap_formula_A=0.00_lambda1=0.00_waste=0.000",5,1,0.05,0.4,0.9,0.4,0.25,0.5,NA,NA,NA,NA,"exclusion",0.5,0,0,0,"2026-08-04","Goal 3 PBE-UD boundary rederivation"
"beta=1,cap","cap_formula_A=0.00_lambda1=0.50_waste=0.000",5,1,0.05,0.4,0.9,0.4,0.25,0.5,NA,NA,NA,NA,"exclusion",0.5,0,0.5,0,"2026-08-04","Goal 3 PBE-UD boundary rederivation"
"beta=1,cap","cap_formula_A=0.00_lambda1=0.90_waste=0.000",5,1,0.05,0.4,0.9,0.4,0.25,0.5,NA,NA,NA,NA,"exclusion",0.5,0,0.9,0,"2026-08-04","Goal 3 PBE-UD boundary rederivation"
"beta=1,cap","cap_formula_A=0.00_lambda1=1.00_waste=0.000",5,1,0.05,0.4,0.9,0.4,0.25,0.5,NA,NA,NA,NA,"exclusion",0.5,0,1,0,"2026-08-04","Goal 3 PBE-UD boundary rederivation"
"beta=1,cap","cap_formula_A=0.25_lambda1=0.00_waste=0.000",5,1,0.05,0.4,0.9,0.4,0.25,0.5,NA,NA,NA,NA,"exclusion",0.5,0.25,0,0,"2026-08-04","Goal 3 PBE-UD boundary rederivation"
"beta=1,cap","cap_formula_A=0.25_lambda1=0.50_waste=0.000",5,1,0.05,0.4,0.9,0.4,0.25,0.5,NA,NA,NA,NA,"exclusion",0.5,0.25,0.5,0,"2026-08-04","Goal 3 PBE-UD boundary rederivation"
"beta=1,cap","cap_formula_A=0.25_lambda1=0.90_waste=0.000",5,1,0.05,0.4,0.9,0.4,0.25,0.5,NA,NA,NA,NA,"exclusion",0.5,0.25,0.9,0,"2026-08-04","Goal 3 PBE-UD boundary rederivation"
"beta=1,cap","cap_formula_A=0.25_lambda1=1.00_waste=0.000",5,1,0.05,0.4,0.9,0.4,0.25,0.5,NA,NA,NA,NA,"exclusion",0.5,0.25,1,0,"2026-08-04","Goal 3 PBE-UD boundary rederivation"
"beta=1,cap","cap_formula_A=0.75_lambda1=0.00_waste=0.000",5,1,0.05,0.4,0.9,0.4,0.25,0.5,NA,NA,NA,NA,"exclusion",0.5,0.75,0,0,"2026-08-04","Goal 3 PBE-UD boundary rederivation"
"beta=1,cap","cap_formula_A=0.75_lambda1=0.50_waste=0.000",5,1,0.05,0.4,0.9,0.4,0.25,0.5,NA,NA,NA,NA,"exclusion",0.5,0.75,0.5,0,"2026-08-04","Goal 3 PBE-UD boundary rederivation"
"beta=1,cap","cap_formula_A=0.75_lambda1=0.90_waste=0.000",5,1,0.05,0.4,0.9,0.4,0.25,0.5,NA,NA,NA,NA,"exclusion",0.5,0.75,0.9,0,"2026-08-04","Goal 3 PBE-UD boundary rederivation"
"beta=1,cap","cap_formula_A=0.75_lambda1=1.00_waste=0.000",5,1,0.05,0.4,0.9,0.4,0.25,0.5,NA,NA,NA,NA,"exclusion",0.5,0.75,1,0,"2026-08-04","Goal 3 PBE-UD boundary rederivation"
"beta=1,cap","cap_formula_A=1.00_lambda1=0.00_waste=0.000",5,1,0.05,0.4,0.9,0.4,0.25,0.5,NA,NA,NA,NA,"exclusion",0.5,1,0,0,"2026-08-04","Goal 3 PBE-UD boundary rederivation"
"beta=1,cap","cap_formula_A=1.00_lambda1=0.50_waste=0.000",5,1,0.05,0.4,0.9,0.4,0.25,0.5,NA,NA,NA,NA,"exclusion",0.5,1,0.5,0,"2026-08-04","Goal 3 PBE-UD boundary rederivation"
"beta=1,cap","cap_formula_A=1.00_lambda1=0.90_waste=0.000",5,1,0.05,0.4,0.9,0.4,0.25,0.5,NA,NA,NA,NA,"exclusion",0.5,1,0.9,0,"2026-08-04","Goal 3 PBE-UD boundary rederivation"
"beta=1,cap","global_TY_cap",5,1,0.05,0.4,0.9,0.4,0.25,0.5,NA,NA,NA,TRUE,"exclusion",0.5,1,1,0,"2026-08-04","Goal 3 PBE-UD boundary rederivation"
"beta=1,cap","cap_formula_A=0.00_lambda1=0.00_waste=0.000",5,1,0.05,0.8,0.1,0.8,0.25,0.5,NA,NA,NA,NA,"low_only",0.655,0,0,0,"2026-08-04","Goal 3 PBE-UD boundary rederivation"
"beta=1,cap","cap_formula_A=0.00_lambda1=0.50_waste=0.000",5,1,0.05,0.8,0.1,0.8,0.25,0.5,NA,NA,NA,NA,"low_only",0.655,0,0.5,0,"2026-08-04","Goal 3 PBE-UD boundary rederivation"
"beta=1,cap","cap_formula_A=0.00_lambda1=0.90_waste=0.000",5,1,0.05,0.8,0.1,0.8,0.25,0.5,NA,NA,NA,NA,"low_only",0.655,0,0.9,0,"2026-08-04","Goal 3 PBE-UD boundary rederivation"
"beta=1,cap","cap_formula_A=0.00_lambda1=1.00_waste=0.000",5,1,0.05,0.8,0.1,0.8,0.25,0.5,NA,NA,NA,NA,"low_only",0.655,0,1,0,"2026-08-04","Goal 3 PBE-UD boundary rederivation"
"beta=1,cap","cap_formula_A=0.25_lambda1=0.00_waste=0.000",5,1,0.05,0.8,0.1,0.8,0.25,0.5,NA,NA,NA,NA,"low_only",0.655,0.25,0,0,"2026-08-04","Goal 3 PBE-UD boundary rederivation"
"beta=1,cap","cap_formula_A=0.25_lambda1=0.50_waste=0.000",5,1,0.05,0.8,0.1,0.8,0.25,0.5,NA,NA,NA,NA,"low_only",0.655,0.25,0.5,0,"2026-08-04","Goal 3 PBE-UD boundary rederivation"
"beta=1,cap","cap_formula_A=0.25_lambda1=0.90_waste=0.000",5,1,0.05,0.8,0.1,0.8,0.25,0.5,NA,NA,NA,NA,"low_only",0.655,0.25,0.9,0,"2026-08-04","Goal 3 PBE-UD boundary rederivation"
"beta=1,cap","cap_formula_A=0.25_lambda1=1.00_waste=0.000",5,1,0.05,0.8,0.1,0.8,0.25,0.5,NA,NA,NA,NA,"low_only",0.655,0.25,1,0,"2026-08-04","Goal 3 PBE-UD boundary rederivation"
"beta=1,cap","cap_formula_A=0.75_lambda1=0.00_waste=0.000",5,1,0.05,0.8,0.1,0.8,0.25,0.5,NA,NA,NA,NA,"low_only",0.655,0.75,0,0,"2026-08-04","Goal 3 PBE-UD boundary rederivation"
"beta=1,cap","cap_formula_A=0.75_lambda1=0.50_waste=0.000",5,1,0.05,0.8,0.1,0.8,0.25,0.5,NA,NA,NA,NA,"low_only",0.655,0.75,0.5,0,"2026-08-04","Goal 3 PBE-UD boundary rederivation"
"beta=1,cap","cap_formula_A=0.75_lambda1=0.90_waste=0.000",5,1,0.05,0.8,0.1,0.8,0.25,0.5,NA,NA,NA,NA,"low_only",0.655,0.75,0.9,0,"2026-08-04","Goal 3 PBE-UD boundary rederivation"
"beta=1,cap","cap_formula_A=0.75_lambda1=1.00_waste=0.000",5,1,0.05,0.8,0.1,0.8,0.25,0.5,NA,NA,NA,NA,"low_only",0.655,0.75,1,0,"2026-08-04","Goal 3 PBE-UD boundary rederivation"
"beta=1,cap","cap_formula_A=1.00_lambda1=0.00_waste=0.000",5,1,0.05,0.8,0.1,0.8,0.25,0.5,NA,NA,NA,NA,"low_only",0.655,1,0,0,"2026-08-04","Goal 3 PBE-UD boundary rederivation"
"beta=1,cap","cap_formula_A=1.00_lambda1=0.50_waste=0.000",5,1,0.05,0.8,0.1,0.8,0.25,0.5,NA,NA,NA,NA,"low_only",0.655,1,0.5,0,"2026-08-04","Goal 3 PBE-UD boundary rederivation"
"beta=1,cap","cap_formula_A=1.00_lambda1=0.90_waste=0.000",5,1,0.05,0.8,0.1,0.8,0.25,0.5,NA,NA,NA,NA,"low_only",0.655,1,0.9,0,"2026-08-04","Goal 3 PBE-UD boundary rederivation"
"beta=1,cap","global_TY_cap",5,1,0.05,0.8,0.1,0.8,0.25,0.5,NA,NA,NA,TRUE,"low_only",0.655,1,1,0,"2026-08-04","Goal 3 PBE-UD boundary rederivation"
"beta=1,cap","cap_formula_A=0.00_lambda1=0.00_waste=0.000",5,1,0.05,0.8,0.5,0.8,0.25,0.5,NA,NA,NA,NA,"exclusion",0.5,0,0,0,"2026-08-04","Goal 3 PBE-UD boundary rederivation"
"beta=1,cap","cap_formula_A=0.00_lambda1=0.50_waste=0.000",5,1,0.05,0.8,0.5,0.8,0.25,0.5,NA,NA,NA,NA,"exclusion",0.5,0,0.5,0,"2026-08-04","Goal 3 PBE-UD boundary rederivation"
"beta=1,cap","cap_formula_A=0.00_lambda1=0.90_waste=0.000",5,1,0.05,0.8,0.5,0.8,0.25,0.5,NA,NA,NA,NA,"exclusion",0.5,0,0.9,0,"2026-08-04","Goal 3 PBE-UD boundary rederivation"
"beta=1,cap","cap_formula_A=0.00_lambda1=1.00_waste=0.000",5,1,0.05,0.8,0.5,0.8,0.25,0.5,NA,NA,NA,NA,"exclusion",0.5,0,1,0,"2026-08-04","Goal 3 PBE-UD boundary rederivation"
"beta=1,cap","cap_formula_A=0.25_lambda1=0.00_waste=0.000",5,1,0.05,0.8,0.5,0.8,0.25,0.5,NA,NA,NA,NA,"exclusion",0.5,0.25,0,0,"2026-08-04","Goal 3 PBE-UD boundary rederivation"
"beta=1,cap","cap_formula_A=0.25_lambda1=0.50_waste=0.000",5,1,0.05,0.8,0.5,0.8,0.25,0.5,NA,NA,NA,NA,"exclusion",0.5,0.25,0.5,0,"2026-08-04","Goal 3 PBE-UD boundary rederivation"
"beta=1,cap","cap_formula_A=0.25_lambda1=0.90_waste=0.000",5,1,0.05,0.8,0.5,0.8,0.25,0.5,NA,NA,NA,NA,"exclusion",0.5,0.25,0.9,0,"2026-08-04","Goal 3 PBE-UD boundary rederivation"
"beta=1,cap","cap_formula_A=0.25_lambda1=1.00_waste=0.000",5,1,0.05,0.8,0.5,0.8,0.25,0.5,NA,NA,NA,NA,"exclusion",0.5,0.25,1,0,"2026-08-04","Goal 3 PBE-UD boundary rederivation"
"beta=1,cap","cap_formula_A=0.75_lambda1=0.00_waste=0.000",5,1,0.05,0.8,0.5,0.8,0.25,0.5,NA,NA,NA,NA,"exclusion",0.5,0.75,0,0,"2026-08-04","Goal 3 PBE-UD boundary rederivation"
"beta=1,cap","cap_formula_A=0.75_lambda1=0.50_waste=0.000",5,1,0.05,0.8,0.5,0.8,0.25,0.5,NA,NA,NA,NA,"exclusion",0.5,0.75,0.5,0,"2026-08-04","Goal 3 PBE-UD boundary rederivation"
"beta=1,cap","cap_formula_A=0.75_lambda1=0.90_waste=0.000",5,1,0.05,0.8,0.5,0.8,0.25,0.5,NA,NA,NA,NA,"exclusion",0.5,0.75,0.9,0,"2026-08-04","Goal 3 PBE-UD boundary rederivation"
"beta=1,cap","cap_formula_A=0.75_lambda1=1.00_waste=0.000",5,1,0.05,0.8,0.5,0.8,0.25,0.5,NA,NA,NA,NA,"exclusion",0.5,0.75,1,0,"2026-08-04","Goal 3 PBE-UD boundary rederivation"
"beta=1,cap","cap_formula_A=1.00_lambda1=0.00_waste=0.000",5,1,0.05,0.8,0.5,0.8,0.25,0.5,NA,NA,NA,NA,"exclusion",0.5,1,0,0,"2026-08-04","Goal 3 PBE-UD boundary rederivation"
"beta=1,cap","cap_formula_A=1.00_lambda1=0.50_waste=0.000",5,1,0.05,0.8,0.5,0.8,0.25,0.5,NA,NA,NA,NA,"exclusion",0.5,1,0.5,0,"2026-08-04","Goal 3 PBE-UD boundary rederivation"
"beta=1,cap","cap_formula_A=1.00_lambda1=0.90_waste=0.000",5,1,0.05,0.8,0.5,0.8,0.25,0.5,NA,NA,NA,NA,"exclusion",0.5,1,0.9,0,"2026-08-04","Goal 3 PBE-UD boundary rederivation"
"beta=1,cap","global_TY_cap",5,1,0.05,0.8,0.5,0.8,0.25,0.5,NA,NA,NA,TRUE,"exclusion",0.5,1,1,0,"2026-08-04","Goal 3 PBE-UD boundary rederivation"
"beta=1,cap","cap_formula_A=0.00_lambda1=0.00_waste=0.000",5,1,0.05,0.8,0.9,0.8,0.25,0.5,NA,NA,NA,NA,"exclusion",0.5,0,0,0,"2026-08-04","Goal 3 PBE-UD boundary rederivation"
"beta=1,cap","cap_formula_A=0.00_lambda1=0.50_waste=0.000",5,1,0.05,0.8,0.9,0.8,0.25,0.5,NA,NA,NA,NA,"exclusion",0.5,0,0.5,0,"2026-08-04","Goal 3 PBE-UD boundary rederivation"
"beta=1,cap","cap_formula_A=0.00_lambda1=0.90_waste=0.000",5,1,0.05,0.8,0.9,0.8,0.25,0.5,NA,NA,NA,NA,"exclusion",0.5,0,0.9,0,"2026-08-04","Goal 3 PBE-UD boundary rederivation"
"beta=1,cap","cap_formula_A=0.00_lambda1=1.00_waste=0.000",5,1,0.05,0.8,0.9,0.8,0.25,0.5,NA,NA,NA,NA,"exclusion",0.5,0,1,0,"2026-08-04","Goal 3 PBE-UD boundary rederivation"
"beta=1,cap","cap_formula_A=0.25_lambda1=0.00_waste=0.000",5,1,0.05,0.8,0.9,0.8,0.25,0.5,NA,NA,NA,NA,"exclusion",0.5,0.25,0,0,"2026-08-04","Goal 3 PBE-UD boundary rederivation"
"beta=1,cap","cap_formula_A=0.25_lambda1=0.50_waste=0.000",5,1,0.05,0.8,0.9,0.8,0.25,0.5,NA,NA,NA,NA,"exclusion",0.5,0.25,0.5,0,"2026-08-04","Goal 3 PBE-UD boundary rederivation"
"beta=1,cap","cap_formula_A=0.25_lambda1=0.90_waste=0.000",5,1,0.05,0.8,0.9,0.8,0.25,0.5,NA,NA,NA,NA,"exclusion",0.5,0.25,0.9,0,"2026-08-04","Goal 3 PBE-UD boundary rederivation"
"beta=1,cap","cap_formula_A=0.25_lambda1=1.00_waste=0.000",5,1,0.05,0.8,0.9,0.8,0.25,0.5,NA,NA,NA,NA,"exclusion",0.5,0.25,1,0,"2026-08-04","Goal 3 PBE-UD boundary rederivation"
"beta=1,cap","cap_formula_A=0.75_lambda1=0.00_waste=0.000",5,1,0.05,0.8,0.9,0.8,0.25,0.5,NA,NA,NA,NA,"exclusion",0.5,0.75,0,0,"2026-08-04","Goal 3 PBE-UD boundary rederivation"
"beta=1,cap","cap_formula_A=0.75_lambda1=0.50_waste=0.000",5,1,0.05,0.8,0.9,0.8,0.25,0.5,NA,NA,NA,NA,"exclusion",0.5,0.75,0.5,0,"2026-08-04","Goal 3 PBE-UD boundary rederivation"
"beta=1,cap","cap_formula_A=0.75_lambda1=0.90_waste=0.000",5,1,0.05,0.8,0.9,0.8,0.25,0.5,NA,NA,NA,NA,"exclusion",0.5,0.75,0.9,0,"2026-08-04","Goal 3 PBE-UD boundary rederivation"
"beta=1,cap","cap_formula_A=0.75_lambda1=1.00_waste=0.000",5,1,0.05,0.8,0.9,0.8,0.25,0.5,NA,NA,NA,NA,"exclusion",0.5,0.75,1,0,"2026-08-04","Goal 3 PBE-UD boundary rederivation"
"beta=1,cap","cap_formula_A=1.00_lambda1=0.00_waste=0.000",5,1,0.05,0.8,0.9,0.8,0.25,0.5,NA,NA,NA,NA,"exclusion",0.5,1,0,0,"2026-08-04","Goal 3 PBE-UD boundary rederivation"
"beta=1,cap","cap_formula_A=1.00_lambda1=0.50_waste=0.000",5,1,0.05,0.8,0.9,0.8,0.25,0.5,NA,NA,NA,NA,"exclusion",0.5,1,0.5,0,"2026-08-04","Goal 3 PBE-UD boundary rederivation"
"beta=1,cap","cap_formula_A=1.00_lambda1=0.90_waste=0.000",5,1,0.05,0.8,0.9,0.8,0.25,0.5,NA,NA,NA,NA,"exclusion",0.5,1,0.9,0,"2026-08-04","Goal 3 PBE-UD boundary rederivation"
"beta=1,cap","global_TY_cap",5,1,0.05,0.8,0.9,0.8,0.25,0.5,NA,NA,NA,TRUE,"exclusion",0.5,1,1,0,"2026-08-04","Goal 3 PBE-UD boundary rederivation"
"beta=1,cap","cap_formula_A=0.00_lambda1=0.00_waste=0.000",5,1,0.2,0.4,0.1,0.4,0.25,0.5,NA,NA,NA,NA,"low_only",0.52,0,0,0,"2026-08-04","Goal 3 PBE-UD boundary rederivation"
"beta=1,cap","cap_formula_A=0.00_lambda1=0.50_waste=0.000",5,1,0.2,0.4,0.1,0.4,0.25,0.5,NA,NA,NA,NA,"low_only",0.52,0,0.5,0,"2026-08-04","Goal 3 PBE-UD boundary rederivation"
"beta=1,cap","cap_formula_A=0.00_lambda1=0.90_waste=0.000",5,1,0.2,0.4,0.1,0.4,0.25,0.5,NA,NA,NA,NA,"low_only",0.52,0,0.9,0,"2026-08-04","Goal 3 PBE-UD boundary rederivation"
"beta=1,cap","cap_formula_A=0.00_lambda1=1.00_waste=0.000",5,1,0.2,0.4,0.1,0.4,0.25,0.5,NA,NA,NA,NA,"low_only",0.52,0,1,0,"2026-08-04","Goal 3 PBE-UD boundary rederivation"
"beta=1,cap","cap_formula_A=0.25_lambda1=0.00_waste=0.000",5,1,0.2,0.4,0.1,0.4,0.25,0.5,NA,NA,NA,NA,"low_only",0.52,0.25,0,0,"2026-08-04","Goal 3 PBE-UD boundary rederivation"
"beta=1,cap","cap_formula_A=0.25_lambda1=0.50_waste=0.000",5,1,0.2,0.4,0.1,0.4,0.25,0.5,NA,NA,NA,NA,"low_only",0.52,0.25,0.5,0,"2026-08-04","Goal 3 PBE-UD boundary rederivation"
"beta=1,cap","cap_formula_A=0.25_lambda1=0.90_waste=0.000",5,1,0.2,0.4,0.1,0.4,0.25,0.5,NA,NA,NA,NA,"low_only",0.52,0.25,0.9,0,"2026-08-04","Goal 3 PBE-UD boundary rederivation"
"beta=1,cap","cap_formula_A=0.25_lambda1=1.00_waste=0.000",5,1,0.2,0.4,0.1,0.4,0.25,0.5,NA,NA,NA,NA,"low_only",0.52,0.25,1,0,"2026-08-04","Goal 3 PBE-UD boundary rederivation"
"beta=1,cap","cap_formula_A=0.75_lambda1=0.00_waste=0.000",5,1,0.2,0.4,0.1,0.4,0.25,0.5,NA,NA,NA,NA,"low_only",0.52,0.75,0,0,"2026-08-04","Goal 3 PBE-UD boundary rederivation"
"beta=1,cap","cap_formula_A=0.75_lambda1=0.50_waste=0.000",5,1,0.2,0.4,0.1,0.4,0.25,0.5,NA,NA,NA,NA,"low_only",0.52,0.75,0.5,0,"2026-08-04","Goal 3 PBE-UD boundary rederivation"
"beta=1,cap","cap_formula_A=0.75_lambda1=0.90_waste=0.000",5,1,0.2,0.4,0.1,0.4,0.25,0.5,NA,NA,NA,NA,"low_only",0.52,0.75,0.9,0,"2026-08-04","Goal 3 PBE-UD boundary rederivation"
"beta=1,cap","cap_formula_A=0.75_lambda1=1.00_waste=0.000",5,1,0.2,0.4,0.1,0.4,0.25,0.5,NA,NA,NA,NA,"low_only",0.52,0.75,1,0,"2026-08-04","Goal 3 PBE-UD boundary rederivation"
"beta=1,cap","cap_formula_A=1.00_lambda1=0.00_waste=0.000",5,1,0.2,0.4,0.1,0.4,0.25,0.5,NA,NA,NA,NA,"low_only",0.52,1,0,0,"2026-08-04","Goal 3 PBE-UD boundary rederivation"
"beta=1,cap","cap_formula_A=1.00_lambda1=0.50_waste=0.000",5,1,0.2,0.4,0.1,0.4,0.25,0.5,NA,NA,NA,NA,"low_only",0.52,1,0.5,0,"2026-08-04","Goal 3 PBE-UD boundary rederivation"
"beta=1,cap","cap_formula_A=1.00_lambda1=0.90_waste=0.000",5,1,0.2,0.4,0.1,0.4,0.25,0.5,NA,NA,NA,NA,"low_only",0.52,1,0.9,0,"2026-08-04","Goal 3 PBE-UD boundary rederivation"
"beta=1,cap","global_TY_cap",5,1,0.2,0.4,0.1,0.4,0.25,0.5,NA,NA,NA,TRUE,"low_only",0.52,1,1,0,"2026-08-04","Goal 3 PBE-UD boundary rederivation"
"beta=1,cap","cap_formula_A=0.00_lambda1=0.00_waste=0.000",5,1,0.2,0.4,0.5,0.4,0.25,0.5,NA,NA,NA,NA,"exclusion",0.5,0,0,0,"2026-08-04","Goal 3 PBE-UD boundary rederivation"
"beta=1,cap","cap_formula_A=0.00_lambda1=0.50_waste=0.000",5,1,0.2,0.4,0.5,0.4,0.25,0.5,NA,NA,NA,NA,"exclusion",0.5,0,0.5,0,"2026-08-04","Goal 3 PBE-UD boundary rederivation"
"beta=1,cap","cap_formula_A=0.00_lambda1=0.90_waste=0.000",5,1,0.2,0.4,0.5,0.4,0.25,0.5,NA,NA,NA,NA,"exclusion",0.5,0,0.9,0,"2026-08-04","Goal 3 PBE-UD boundary rederivation"
"beta=1,cap","cap_formula_A=0.00_lambda1=1.00_waste=0.000",5,1,0.2,0.4,0.5,0.4,0.25,0.5,NA,NA,NA,NA,"exclusion",0.5,0,1,0,"2026-08-04","Goal 3 PBE-UD boundary rederivation"
"beta=1,cap","cap_formula_A=0.25_lambda1=0.00_waste=0.000",5,1,0.2,0.4,0.5,0.4,0.25,0.5,NA,NA,NA,NA,"exclusion",0.5,0.25,0,0,"2026-08-04","Goal 3 PBE-UD boundary rederivation"
"beta=1,cap","cap_formula_A=0.25_lambda1=0.50_waste=0.000",5,1,0.2,0.4,0.5,0.4,0.25,0.5,NA,NA,NA,NA,"exclusion",0.5,0.25,0.5,0,"2026-08-04","Goal 3 PBE-UD boundary rederivation"
"beta=1,cap","cap_formula_A=0.25_lambda1=0.90_waste=0.000",5,1,0.2,0.4,0.5,0.4,0.25,0.5,NA,NA,NA,NA,"exclusion",0.5,0.25,0.9,0,"2026-08-04","Goal 3 PBE-UD boundary rederivation"
"beta=1,cap","cap_formula_A=0.25_lambda1=1.00_waste=0.000",5,1,0.2,0.4,0.5,0.4,0.25,0.5,NA,NA,NA,NA,"exclusion",0.5,0.25,1,0,"2026-08-04","Goal 3 PBE-UD boundary rederivation"
"beta=1,cap","cap_formula_A=0.75_lambda1=0.00_waste=0.000",5,1,0.2,0.4,0.5,0.4,0.25,0.5,NA,NA,NA,NA,"exclusion",0.5,0.75,0,0,"2026-08-04","Goal 3 PBE-UD boundary rederivation"
"beta=1,cap","cap_formula_A=0.75_lambda1=0.50_waste=0.000",5,1,0.2,0.4,0.5,0.4,0.25,0.5,NA,NA,NA,NA,"exclusion",0.5,0.75,0.5,0,"2026-08-04","Goal 3 PBE-UD boundary rederivation"
"beta=1,cap","cap_formula_A=0.75_lambda1=0.90_waste=0.000",5,1,0.2,0.4,0.5,0.4,0.25,0.5,NA,NA,NA,NA,"exclusion",0.5,0.75,0.9,0,"2026-08-04","Goal 3 PBE-UD boundary rederivation"
"beta=1,cap","cap_formula_A=0.75_lambda1=1.00_waste=0.000",5,1,0.2,0.4,0.5,0.4,0.25,0.5,NA,NA,NA,NA,"exclusion",0.5,0.75,1,0,"2026-08-04","Goal 3 PBE-UD boundary rederivation"
"beta=1,cap","cap_formula_A=1.00_lambda1=0.00_waste=0.000",5,1,0.2,0.4,0.5,0.4,0.25,0.5,NA,NA,NA,NA,"exclusion",0.5,1,0,0,"2026-08-04","Goal 3 PBE-UD boundary rederivation"
"beta=1,cap","cap_formula_A=1.00_lambda1=0.50_waste=0.000",5,1,0.2,0.4,0.5,0.4,0.25,0.5,NA,NA,NA,NA,"exclusion",0.5,1,0.5,0,"2026-08-04","Goal 3 PBE-UD boundary rederivation"
"beta=1,cap","cap_formula_A=1.00_lambda1=0.90_waste=0.000",5,1,0.2,0.4,0.5,0.4,0.25,0.5,NA,NA,NA,NA,"exclusion",0.5,1,0.9,0,"2026-08-04","Goal 3 PBE-UD boundary rederivation"
"beta=1,cap","global_TY_cap",5,1,0.2,0.4,0.5,0.4,0.25,0.5,NA,NA,NA,TRUE,"exclusion",0.5,1,1,0,"2026-08-04","Goal 3 PBE-UD boundary rederivation"
"beta=1,cap","cap_formula_A=0.00_lambda1=0.00_waste=0.000",5,1,0.2,0.4,0.9,0.4,0.25,0.5,NA,NA,NA,NA,"exclusion",0.5,0,0,0,"2026-08-04","Goal 3 PBE-UD boundary rederivation"
"beta=1,cap","cap_formula_A=0.00_lambda1=0.50_waste=0.000",5,1,0.2,0.4,0.9,0.4,0.25,0.5,NA,NA,NA,NA,"exclusion",0.5,0,0.5,0,"2026-08-04","Goal 3 PBE-UD boundary rederivation"
"beta=1,cap","cap_formula_A=0.00_lambda1=0.90_waste=0.000",5,1,0.2,0.4,0.9,0.4,0.25,0.5,NA,NA,NA,NA,"exclusion",0.5,0,0.9,0,"2026-08-04","Goal 3 PBE-UD boundary rederivation"
"beta=1,cap","cap_formula_A=0.00_lambda1=1.00_waste=0.000",5,1,0.2,0.4,0.9,0.4,0.25,0.5,NA,NA,NA,NA,"exclusion",0.5,0,1,0,"2026-08-04","Goal 3 PBE-UD boundary rederivation"
"beta=1,cap","cap_formula_A=0.25_lambda1=0.00_waste=0.000",5,1,0.2,0.4,0.9,0.4,0.25,0.5,NA,NA,NA,NA,"exclusion",0.5,0.25,0,0,"2026-08-04","Goal 3 PBE-UD boundary rederivation"
"beta=1,cap","cap_formula_A=0.25_lambda1=0.50_waste=0.000",5,1,0.2,0.4,0.9,0.4,0.25,0.5,NA,NA,NA,NA,"exclusion",0.5,0.25,0.5,0,"2026-08-04","Goal 3 PBE-UD boundary rederivation"
"beta=1,cap","cap_formula_A=0.25_lambda1=0.90_waste=0.000",5,1,0.2,0.4,0.9,0.4,0.25,0.5,NA,NA,NA,NA,"exclusion",0.5,0.25,0.9,0,"2026-08-04","Goal 3 PBE-UD boundary rederivation"
"beta=1,cap","cap_formula_A=0.25_lambda1=1.00_waste=0.000",5,1,0.2,0.4,0.9,0.4,0.25,0.5,NA,NA,NA,NA,"exclusion",0.5,0.25,1,0,"2026-08-04","Goal 3 PBE-UD boundary rederivation"
"beta=1,cap","cap_formula_A=0.75_lambda1=0.00_waste=0.000",5,1,0.2,0.4,0.9,0.4,0.25,0.5,NA,NA,NA,NA,"exclusion",0.5,0.75,0,0,"2026-08-04","Goal 3 PBE-UD boundary rederivation"
"beta=1,cap","cap_formula_A=0.75_lambda1=0.50_waste=0.000",5,1,0.2,0.4,0.9,0.4,0.25,0.5,NA,NA,NA,NA,"exclusion",0.5,0.75,0.5,0,"2026-08-04","Goal 3 PBE-UD boundary rederivation"
"beta=1,cap","cap_formula_A=0.75_lambda1=0.90_waste=0.000",5,1,0.2,0.4,0.9,0.4,0.25,0.5,NA,NA,NA,NA,"exclusion",0.5,0.75,0.9,0,"2026-08-04","Goal 3 PBE-UD boundary rederivation"
"beta=1,cap","cap_formula_A=0.75_lambda1=1.00_waste=0.000",5,1,0.2,0.4,0.9,0.4,0.25,0.5,NA,NA,NA,NA,"exclusion",0.5,0.75,1,0,"2026-08-04","Goal 3 PBE-UD boundary rederivation"
"beta=1,cap","cap_formula_A=1.00_lambda1=0.00_waste=0.000",5,1,0.2,0.4,0.9,0.4,0.25,0.5,NA,NA,NA,NA,"exclusion",0.5,1,0,0,"2026-08-04","Goal 3 PBE-UD boundary rederivation"
"beta=1,cap","cap_formula_A=1.00_lambda1=0.50_waste=0.000",5,1,0.2,0.4,0.9,0.4,0.25,0.5,NA,NA,NA,NA,"exclusion",0.5,1,0.5,0,"2026-08-04","Goal 3 PBE-UD boundary rederivation"
"beta=1,cap","cap_formula_A=1.00_lambda1=0.90_waste=0.000",5,1,0.2,0.4,0.9,0.4,0.25,0.5,NA,NA,NA,NA,"exclusion",0.5,1,0.9,0,"2026-08-04","Goal 3 PBE-UD boundary rederivation"
"beta=1,cap","global_TY_cap",5,1,0.2,0.4,0.9,0.4,0.25,0.5,NA,NA,NA,TRUE,"exclusion",0.5,1,1,0,"2026-08-04","Goal 3 PBE-UD boundary rederivation"
"beta=1,cap","cap_formula_A=0.00_lambda1=0.00_waste=0.000",5,1,0.2,0.8,0.1,0.8,0.25,0.5,NA,NA,NA,NA,"low_only",0.52,0,0,0,"2026-08-04","Goal 3 PBE-UD boundary rederivation"
"beta=1,cap","cap_formula_A=0.00_lambda1=0.50_waste=0.000",5,1,0.2,0.8,0.1,0.8,0.25,0.5,NA,NA,NA,NA,"low_only",0.52,0,0.5,0,"2026-08-04","Goal 3 PBE-UD boundary rederivation"
"beta=1,cap","cap_formula_A=0.00_lambda1=0.90_waste=0.000",5,1,0.2,0.8,0.1,0.8,0.25,0.5,NA,NA,NA,NA,"low_only",0.52,0,0.9,0,"2026-08-04","Goal 3 PBE-UD boundary rederivation"
"beta=1,cap","cap_formula_A=0.00_lambda1=1.00_waste=0.000",5,1,0.2,0.8,0.1,0.8,0.25,0.5,NA,NA,NA,NA,"low_only",0.52,0,1,0,"2026-08-04","Goal 3 PBE-UD boundary rederivation"
"beta=1,cap","cap_formula_A=0.25_lambda1=0.00_waste=0.000",5,1,0.2,0.8,0.1,0.8,0.25,0.5,NA,NA,NA,NA,"low_only",0.52,0.25,0,0,"2026-08-04","Goal 3 PBE-UD boundary rederivation"
"beta=1,cap","cap_formula_A=0.25_lambda1=0.50_waste=0.000",5,1,0.2,0.8,0.1,0.8,0.25,0.5,NA,NA,NA,NA,"low_only",0.52,0.25,0.5,0,"2026-08-04","Goal 3 PBE-UD boundary rederivation"
"beta=1,cap","cap_formula_A=0.25_lambda1=0.90_waste=0.000",5,1,0.2,0.8,0.1,0.8,0.25,0.5,NA,NA,NA,NA,"low_only",0.52,0.25,0.9,0,"2026-08-04","Goal 3 PBE-UD boundary rederivation"
"beta=1,cap","cap_formula_A=0.25_lambda1=1.00_waste=0.000",5,1,0.2,0.8,0.1,0.8,0.25,0.5,NA,NA,NA,NA,"low_only",0.52,0.25,1,0,"2026-08-04","Goal 3 PBE-UD boundary rederivation"
"beta=1,cap","cap_formula_A=0.75_lambda1=0.00_waste=0.000",5,1,0.2,0.8,0.1,0.8,0.25,0.5,NA,NA,NA,NA,"low_only",0.52,0.75,0,0,"2026-08-04","Goal 3 PBE-UD boundary rederivation"
"beta=1,cap","cap_formula_A=0.75_lambda1=0.50_waste=0.000",5,1,0.2,0.8,0.1,0.8,0.25,0.5,NA,NA,NA,NA,"low_only",0.52,0.75,0.5,0,"2026-08-04","Goal 3 PBE-UD boundary rederivation"
"beta=1,cap","cap_formula_A=0.75_lambda1=0.90_waste=0.000",5,1,0.2,0.8,0.1,0.8,0.25,0.5,NA,NA,NA,NA,"low_only",0.52,0.75,0.9,0,"2026-08-04","Goal 3 PBE-UD boundary rederivation"
"beta=1,cap","cap_formula_A=0.75_lambda1=1.00_waste=0.000",5,1,0.2,0.8,0.1,0.8,0.25,0.5,NA,NA,NA,NA,"low_only",0.52,0.75,1,0,"2026-08-04","Goal 3 PBE-UD boundary rederivation"
"beta=1,cap","cap_formula_A=1.00_lambda1=0.00_waste=0.000",5,1,0.2,0.8,0.1,0.8,0.25,0.5,NA,NA,NA,NA,"low_only",0.52,1,0,0,"2026-08-04","Goal 3 PBE-UD boundary rederivation"
"beta=1,cap","cap_formula_A=1.00_lambda1=0.50_waste=0.000",5,1,0.2,0.8,0.1,0.8,0.25,0.5,NA,NA,NA,NA,"low_only",0.52,1,0.5,0,"2026-08-04","Goal 3 PBE-UD boundary rederivation"
"beta=1,cap","cap_formula_A=1.00_lambda1=0.90_waste=0.000",5,1,0.2,0.8,0.1,0.8,0.25,0.5,NA,NA,NA,NA,"low_only",0.52,1,0.9,0,"2026-08-04","Goal 3 PBE-UD boundary rederivation"
"beta=1,cap","global_TY_cap",5,1,0.2,0.8,0.1,0.8,0.25,0.5,NA,NA,NA,TRUE,"low_only",0.52,1,1,0,"2026-08-04","Goal 3 PBE-UD boundary rederivation"
"beta=1,cap","cap_formula_A=0.00_lambda1=0.00_waste=0.000",5,1,0.2,0.8,0.5,0.8,0.25,0.5,NA,NA,NA,NA,"exclusion",0.5,0,0,0,"2026-08-04","Goal 3 PBE-UD boundary rederivation"
"beta=1,cap","cap_formula_A=0.00_lambda1=0.50_waste=0.000",5,1,0.2,0.8,0.5,0.8,0.25,0.5,NA,NA,NA,NA,"exclusion",0.5,0,0.5,0,"2026-08-04","Goal 3 PBE-UD boundary rederivation"
"beta=1,cap","cap_formula_A=0.00_lambda1=0.90_waste=0.000",5,1,0.2,0.8,0.5,0.8,0.25,0.5,NA,NA,NA,NA,"exclusion",0.5,0,0.9,0,"2026-08-04","Goal 3 PBE-UD boundary rederivation"
"beta=1,cap","cap_formula_A=0.00_lambda1=1.00_waste=0.000",5,1,0.2,0.8,0.5,0.8,0.25,0.5,NA,NA,NA,NA,"exclusion",0.5,0,1,0,"2026-08-04","Goal 3 PBE-UD boundary rederivation"
"beta=1,cap","cap_formula_A=0.25_lambda1=0.00_waste=0.000",5,1,0.2,0.8,0.5,0.8,0.25,0.5,NA,NA,NA,NA,"exclusion",0.5,0.25,0,0,"2026-08-04","Goal 3 PBE-UD boundary rederivation"
"beta=1,cap","cap_formula_A=0.25_lambda1=0.50_waste=0.000",5,1,0.2,0.8,0.5,0.8,0.25,0.5,NA,NA,NA,NA,"exclusion",0.5,0.25,0.5,0,"2026-08-04","Goal 3 PBE-UD boundary rederivation"
"beta=1,cap","cap_formula_A=0.25_lambda1=0.90_waste=0.000",5,1,0.2,0.8,0.5,0.8,0.25,0.5,NA,NA,NA,NA,"exclusion",0.5,0.25,0.9,0,"2026-08-04","Goal 3 PBE-UD boundary rederivation"
"beta=1,cap","cap_formula_A=0.25_lambda1=1.00_waste=0.000",5,1,0.2,0.8,0.5,0.8,0.25,0.5,NA,NA,NA,NA,"exclusion",0.5,0.25,1,0,"2026-08-04","Goal 3 PBE-UD boundary rederivation"
"beta=1,cap","cap_formula_A=0.75_lambda1=0.00_waste=0.000",5,1,0.2,0.8,0.5,0.8,0.25,0.5,NA,NA,NA,NA,"exclusion",0.5,0.75,0,0,"2026-08-04","Goal 3 PBE-UD boundary rederivation"
"beta=1,cap","cap_formula_A=0.75_lambda1=0.50_waste=0.000",5,1,0.2,0.8,0.5,0.8,0.25,0.5,NA,NA,NA,NA,"exclusion",0.5,0.75,0.5,0,"2026-08-04","Goal 3 PBE-UD boundary rederivation"
"beta=1,cap","cap_formula_A=0.75_lambda1=0.90_waste=0.000",5,1,0.2,0.8,0.5,0.8,0.25,0.5,NA,NA,NA,NA,"exclusion",0.5,0.75,0.9,0,"2026-08-04","Goal 3 PBE-UD boundary rederivation"
"beta=1,cap","cap_formula_A=0.75_lambda1=1.00_waste=0.000",5,1,0.2,0.8,0.5,0.8,0.25,0.5,NA,NA,NA,NA,"exclusion",0.5,0.75,1,0,"2026-08-04","Goal 3 PBE-UD boundary rederivation"
"beta=1,cap","cap_formula_A=1.00_lambda1=0.00_waste=0.000",5,1,0.2,0.8,0.5,0.8,0.25,0.5,NA,NA,NA,NA,"exclusion",0.5,1,0,0,"2026-08-04","Goal 3 PBE-UD boundary rederivation"
"beta=1,cap","cap_formula_A=1.00_lambda1=0.50_waste=0.000",5,1,0.2,0.8,0.5,0.8,0.25,0.5,NA,NA,NA,NA,"exclusion",0.5,1,0.5,0,"2026-08-04","Goal 3 PBE-UD boundary rederivation"
"beta=1,cap","cap_formula_A=1.00_lambda1=0.90_waste=0.000",5,1,0.2,0.8,0.5,0.8,0.25,0.5,NA,NA,NA,NA,"exclusion",0.5,1,0.9,0,"2026-08-04","Goal 3 PBE-UD boundary rederivation"
"beta=1,cap","global_TY_cap",5,1,0.2,0.8,0.5,0.8,0.25,0.5,NA,NA,NA,TRUE,"exclusion",0.5,1,1,0,"2026-08-04","Goal 3 PBE-UD boundary rederivation"
"beta=1,cap","cap_formula_A=0.00_lambda1=0.00_waste=0.000",5,1,0.2,0.8,0.9,0.8,0.25,0.5,NA,NA,NA,NA,"exclusion",0.5,0,0,0,"2026-08-04","Goal 3 PBE-UD boundary rederivation"
"beta=1,cap","cap_formula_A=0.00_lambda1=0.50_waste=0.000",5,1,0.2,0.8,0.9,0.8,0.25,0.5,NA,NA,NA,NA,"exclusion",0.5,0,0.5,0,"2026-08-04","Goal 3 PBE-UD boundary rederivation"
"beta=1,cap","cap_formula_A=0.00_lambda1=0.90_waste=0.000",5,1,0.2,0.8,0.9,0.8,0.25,0.5,NA,NA,NA,NA,"exclusion",0.5,0,0.9,0,"2026-08-04","Goal 3 PBE-UD boundary rederivation"
"beta=1,cap","cap_formula_A=0.00_lambda1=1.00_waste=0.000",5,1,0.2,0.8,0.9,0.8,0.25,0.5,NA,NA,NA,NA,"exclusion",0.5,0,1,0,"2026-08-04","Goal 3 PBE-UD boundary rederivation"
"beta=1,cap","cap_formula_A=0.25_lambda1=0.00_waste=0.000",5,1,0.2,0.8,0.9,0.8,0.25,0.5,NA,NA,NA,NA,"exclusion",0.5,0.25,0,0,"2026-08-04","Goal 3 PBE-UD boundary rederivation"
"beta=1,cap","cap_formula_A=0.25_lambda1=0.50_waste=0.000",5,1,0.2,0.8,0.9,0.8,0.25,0.5,NA,NA,NA,NA,"exclusion",0.5,0.25,0.5,0,"2026-08-04","Goal 3 PBE-UD boundary rederivation"
"beta=1,cap","cap_formula_A=0.25_lambda1=0.90_waste=0.000",5,1,0.2,0.8,0.9,0.8,0.25,0.5,NA,NA,NA,NA,"exclusion",0.5,0.25,0.9,0,"2026-08-04","Goal 3 PBE-UD boundary rederivation"
"beta=1,cap","cap_formula_A=0.25_lambda1=1.00_waste=0.000",5,1,0.2,0.8,0.9,0.8,0.25,0.5,NA,NA,NA,NA,"exclusion",0.5,0.25,1,0,"2026-08-04","Goal 3 PBE-UD boundary rederivation"
"beta=1,cap","cap_formula_A=0.75_lambda1=0.00_waste=0.000",5,1,0.2,0.8,0.9,0.8,0.25,0.5,NA,NA,NA,NA,"exclusion",0.5,0.75,0,0,"2026-08-04","Goal 3 PBE-UD boundary rederivation"
"beta=1,cap","cap_formula_A=0.75_lambda1=0.50_waste=0.000",5,1,0.2,0.8,0.9,0.8,0.25,0.5,NA,NA,NA,NA,"exclusion",0.5,0.75,0.5,0,"2026-08-04","Goal 3 PBE-UD boundary rederivation"
"beta=1,cap","cap_formula_A=0.75_lambda1=0.90_waste=0.000",5,1,0.2,0.8,0.9,0.8,0.25,0.5,NA,NA,NA,NA,"exclusion",0.5,0.75,0.9,0,"2026-08-04","Goal 3 PBE-UD boundary rederivation"
"beta=1,cap","cap_formula_A=0.75_lambda1=1.00_waste=0.000",5,1,0.2,0.8,0.9,0.8,0.25,0.5,NA,NA,NA,NA,"exclusion",0.5,0.75,1,0,"2026-08-04","Goal 3 PBE-UD boundary rederivation"
"beta=1,cap","cap_formula_A=1.00_lambda1=0.00_waste=0.000",5,1,0.2,0.8,0.9,0.8,0.25,0.5,NA,NA,NA,NA,"exclusion",0.5,1,0,0,"2026-08-04","Goal 3 PBE-UD boundary rederivation"
"beta=1,cap","cap_formula_A=1.00_lambda1=0.50_waste=0.000",5,1,0.2,0.8,0.9,0.8,0.25,0.5,NA,NA,NA,NA,"exclusion",0.5,1,0.5,0,"2026-08-04","Goal 3 PBE-UD boundary rederivation"
"beta=1,cap","cap_formula_A=1.00_lambda1=0.90_waste=0.000",5,1,0.2,0.8,0.9,0.8,0.25,0.5,NA,NA,NA,NA,"exclusion",0.5,1,0.9,0,"2026-08-04","Goal 3 PBE-UD boundary rederivation"
"beta=1,cap","global_TY_cap",5,1,0.2,0.8,0.9,0.8,0.25,0.5,NA,NA,NA,TRUE,"exclusion",0.5,1,1,0,"2026-08-04","Goal 3 PBE-UD boundary rederivation"
"beta=1,cap","cap_formula_A=0.00_lambda1=0.00_waste=0.000",6,1,0.05,0.4,0.1,0.4,0.2,0.4,NA,NA,NA,NA,"low_only",0.515,0,0,0,"2026-08-04","Goal 3 PBE-UD boundary rederivation"
"beta=1,cap","cap_formula_A=0.00_lambda1=0.50_waste=0.000",6,1,0.05,0.4,0.1,0.4,0.2,0.4,NA,NA,NA,NA,"low_only",0.515,0,0.5,0,"2026-08-04","Goal 3 PBE-UD boundary rederivation"
"beta=1,cap","cap_formula_A=0.00_lambda1=0.90_waste=0.000",6,1,0.05,0.4,0.1,0.4,0.2,0.4,NA,NA,NA,NA,"low_only",0.515,0,0.9,0,"2026-08-04","Goal 3 PBE-UD boundary rederivation"
"beta=1,cap","cap_formula_A=0.00_lambda1=1.00_waste=0.000",6,1,0.05,0.4,0.1,0.4,0.2,0.4,NA,NA,NA,NA,"low_only",0.515,0,1,0,"2026-08-04","Goal 3 PBE-UD boundary rederivation"
"beta=1,cap","cap_formula_A=0.25_lambda1=0.00_waste=0.000",6,1,0.05,0.4,0.1,0.4,0.2,0.4,NA,NA,NA,NA,"low_only",0.515,0.25,0,0,"2026-08-04","Goal 3 PBE-UD boundary rederivation"
"beta=1,cap","cap_formula_A=0.25_lambda1=0.50_waste=0.000",6,1,0.05,0.4,0.1,0.4,0.2,0.4,NA,NA,NA,NA,"low_only",0.515,0.25,0.5,0,"2026-08-04","Goal 3 PBE-UD boundary rederivation"
"beta=1,cap","cap_formula_A=0.25_lambda1=0.90_waste=0.000",6,1,0.05,0.4,0.1,0.4,0.2,0.4,NA,NA,NA,NA,"low_only",0.515,0.25,0.9,0,"2026-08-04","Goal 3 PBE-UD boundary rederivation"
"beta=1,cap","cap_formula_A=0.25_lambda1=1.00_waste=0.000",6,1,0.05,0.4,0.1,0.4,0.2,0.4,NA,NA,NA,NA,"low_only",0.515,0.25,1,0,"2026-08-04","Goal 3 PBE-UD boundary rederivation"
"beta=1,cap","cap_formula_A=0.75_lambda1=0.00_waste=0.000",6,1,0.05,0.4,0.1,0.4,0.2,0.4,NA,NA,NA,NA,"low_only",0.515,0.75,0,0,"2026-08-04","Goal 3 PBE-UD boundary rederivation"
"beta=1,cap","cap_formula_A=0.75_lambda1=0.50_waste=0.000",6,1,0.05,0.4,0.1,0.4,0.2,0.4,NA,NA,NA,NA,"low_only",0.515,0.75,0.5,0,"2026-08-04","Goal 3 PBE-UD boundary rederivation"
"beta=1,cap","cap_formula_A=0.75_lambda1=0.90_waste=0.000",6,1,0.05,0.4,0.1,0.4,0.2,0.4,NA,NA,NA,NA,"low_only",0.515,0.75,0.9,0,"2026-08-04","Goal 3 PBE-UD boundary rederivation"
"beta=1,cap","cap_formula_A=0.75_lambda1=1.00_waste=0.000",6,1,0.05,0.4,0.1,0.4,0.2,0.4,NA,NA,NA,NA,"low_only",0.515,0.75,1,0,"2026-08-04","Goal 3 PBE-UD boundary rederivation"
"beta=1,cap","cap_formula_A=1.00_lambda1=0.00_waste=0.000",6,1,0.05,0.4,0.1,0.4,0.2,0.4,NA,NA,NA,NA,"low_only",0.515,1,0,0,"2026-08-04","Goal 3 PBE-UD boundary rederivation"
"beta=1,cap","cap_formula_A=1.00_lambda1=0.50_waste=0.000",6,1,0.05,0.4,0.1,0.4,0.2,0.4,NA,NA,NA,NA,"low_only",0.515,1,0.5,0,"2026-08-04","Goal 3 PBE-UD boundary rederivation"
"beta=1,cap","cap_formula_A=1.00_lambda1=0.90_waste=0.000",6,1,0.05,0.4,0.1,0.4,0.2,0.4,NA,NA,NA,NA,"low_only",0.515,1,0.9,0,"2026-08-04","Goal 3 PBE-UD boundary rederivation"
"beta=1,cap","global_TY_cap",6,1,0.05,0.4,0.1,0.4,0.2,0.4,NA,NA,NA,TRUE,"low_only",0.515,1,1,0,"2026-08-04","Goal 3 PBE-UD boundary rederivation"
"beta=1,cap","cap_formula_A=0.00_lambda1=0.00_waste=0.000",6,1,0.05,0.4,0.5,0.4,0.2,0.4,NA,NA,NA,NA,"exclusion",0.4,0,0,0,"2026-08-04","Goal 3 PBE-UD boundary rederivation"
"beta=1,cap","cap_formula_A=0.00_lambda1=0.50_waste=0.000",6,1,0.05,0.4,0.5,0.4,0.2,0.4,NA,NA,NA,NA,"exclusion",0.4,0,0.5,0,"2026-08-04","Goal 3 PBE-UD boundary rederivation"
"beta=1,cap","cap_formula_A=0.00_lambda1=0.90_waste=0.000",6,1,0.05,0.4,0.5,0.4,0.2,0.4,NA,NA,NA,NA,"exclusion",0.4,0,0.9,0,"2026-08-04","Goal 3 PBE-UD boundary rederivation"
"beta=1,cap","cap_formula_A=0.00_lambda1=1.00_waste=0.000",6,1,0.05,0.4,0.5,0.4,0.2,0.4,NA,NA,NA,NA,"exclusion",0.4,0,1,0,"2026-08-04","Goal 3 PBE-UD boundary rederivation"
"beta=1,cap","cap_formula_A=0.25_lambda1=0.00_waste=0.000",6,1,0.05,0.4,0.5,0.4,0.2,0.4,NA,NA,NA,NA,"exclusion",0.4,0.25,0,0,"2026-08-04","Goal 3 PBE-UD boundary rederivation"
"beta=1,cap","cap_formula_A=0.25_lambda1=0.50_waste=0.000",6,1,0.05,0.4,0.5,0.4,0.2,0.4,NA,NA,NA,NA,"exclusion",0.4,0.25,0.5,0,"2026-08-04","Goal 3 PBE-UD boundary rederivation"
"beta=1,cap","cap_formula_A=0.25_lambda1=0.90_waste=0.000",6,1,0.05,0.4,0.5,0.4,0.2,0.4,NA,NA,NA,NA,"exclusion",0.4,0.25,0.9,0,"2026-08-04","Goal 3 PBE-UD boundary rederivation"
"beta=1,cap","cap_formula_A=0.25_lambda1=1.00_waste=0.000",6,1,0.05,0.4,0.5,0.4,0.2,0.4,NA,NA,NA,NA,"exclusion",0.4,0.25,1,0,"2026-08-04","Goal 3 PBE-UD boundary rederivation"
"beta=1,cap","cap_formula_A=0.75_lambda1=0.00_waste=0.000",6,1,0.05,0.4,0.5,0.4,0.2,0.4,NA,NA,NA,NA,"exclusion",0.4,0.75,0,0,"2026-08-04","Goal 3 PBE-UD boundary rederivation"
"beta=1,cap","cap_formula_A=0.75_lambda1=0.50_waste=0.000",6,1,0.05,0.4,0.5,0.4,0.2,0.4,NA,NA,NA,NA,"exclusion",0.4,0.75,0.5,0,"2026-08-04","Goal 3 PBE-UD boundary rederivation"
"beta=1,cap","cap_formula_A=0.75_lambda1=0.90_waste=0.000",6,1,0.05,0.4,0.5,0.4,0.2,0.4,NA,NA,NA,NA,"exclusion",0.4,0.75,0.9,0,"2026-08-04","Goal 3 PBE-UD boundary rederivation"
"beta=1,cap","cap_formula_A=0.75_lambda1=1.00_waste=0.000",6,1,0.05,0.4,0.5,0.4,0.2,0.4,NA,NA,NA,NA,"exclusion",0.4,0.75,1,0,"2026-08-04","Goal 3 PBE-UD boundary rederivation"
"beta=1,cap","cap_formula_A=1.00_lambda1=0.00_waste=0.000",6,1,0.05,0.4,0.5,0.4,0.2,0.4,NA,NA,NA,NA,"exclusion",0.4,1,0,0,"2026-08-04","Goal 3 PBE-UD boundary rederivation"
"beta=1,cap","cap_formula_A=1.00_lambda1=0.50_waste=0.000",6,1,0.05,0.4,0.5,0.4,0.2,0.4,NA,NA,NA,NA,"exclusion",0.4,1,0.5,0,"2026-08-04","Goal 3 PBE-UD boundary rederivation"
"beta=1,cap","cap_formula_A=1.00_lambda1=0.90_waste=0.000",6,1,0.05,0.4,0.5,0.4,0.2,0.4,NA,NA,NA,NA,"exclusion",0.4,1,0.9,0,"2026-08-04","Goal 3 PBE-UD boundary rederivation"
"beta=1,cap","global_TY_cap",6,1,0.05,0.4,0.5,0.4,0.2,0.4,NA,NA,NA,TRUE,"exclusion",0.4,1,1,0,"2026-08-04","Goal 3 PBE-UD boundary rederivation"
"beta=1,cap","cap_formula_A=0.00_lambda1=0.00_waste=0.000",6,1,0.05,0.4,0.9,0.4,0.2,0.4,NA,NA,NA,NA,"exclusion",0.4,0,0,0,"2026-08-04","Goal 3 PBE-UD boundary rederivation"
"beta=1,cap","cap_formula_A=0.00_lambda1=0.50_waste=0.000",6,1,0.05,0.4,0.9,0.4,0.2,0.4,NA,NA,NA,NA,"exclusion",0.4,0,0.5,0,"2026-08-04","Goal 3 PBE-UD boundary rederivation"
"beta=1,cap","cap_formula_A=0.00_lambda1=0.90_waste=0.000",6,1,0.05,0.4,0.9,0.4,0.2,0.4,NA,NA,NA,NA,"exclusion",0.4,0,0.9,0,"2026-08-04","Goal 3 PBE-UD boundary rederivation"
"beta=1,cap","cap_formula_A=0.00_lambda1=1.00_waste=0.000",6,1,0.05,0.4,0.9,0.4,0.2,0.4,NA,NA,NA,NA,"exclusion",0.4,0,1,0,"2026-08-04","Goal 3 PBE-UD boundary rederivation"
"beta=1,cap","cap_formula_A=0.25_lambda1=0.00_waste=0.000",6,1,0.05,0.4,0.9,0.4,0.2,0.4,NA,NA,NA,NA,"exclusion",0.4,0.25,0,0,"2026-08-04","Goal 3 PBE-UD boundary rederivation"
"beta=1,cap","cap_formula_A=0.25_lambda1=0.50_waste=0.000",6,1,0.05,0.4,0.9,0.4,0.2,0.4,NA,NA,NA,NA,"exclusion",0.4,0.25,0.5,0,"2026-08-04","Goal 3 PBE-UD boundary rederivation"
"beta=1,cap","cap_formula_A=0.25_lambda1=0.90_waste=0.000",6,1,0.05,0.4,0.9,0.4,0.2,0.4,NA,NA,NA,NA,"exclusion",0.4,0.25,0.9,0,"2026-08-04","Goal 3 PBE-UD boundary rederivation"
"beta=1,cap","cap_formula_A=0.25_lambda1=1.00_waste=0.000",6,1,0.05,0.4,0.9,0.4,0.2,0.4,NA,NA,NA,NA,"exclusion",0.4,0.25,1,0,"2026-08-04","Goal 3 PBE-UD boundary rederivation"
"beta=1,cap","cap_formula_A=0.75_lambda1=0.00_waste=0.000",6,1,0.05,0.4,0.9,0.4,0.2,0.4,NA,NA,NA,NA,"exclusion",0.4,0.75,0,0,"2026-08-04","Goal 3 PBE-UD boundary rederivation"
"beta=1,cap","cap_formula_A=0.75_lambda1=0.50_waste=0.000",6,1,0.05,0.4,0.9,0.4,0.2,0.4,NA,NA,NA,NA,"exclusion",0.4,0.75,0.5,0,"2026-08-04","Goal 3 PBE-UD boundary rederivation"
"beta=1,cap","cap_formula_A=0.75_lambda1=0.90_waste=0.000",6,1,0.05,0.4,0.9,0.4,0.2,0.4,NA,NA,NA,NA,"exclusion",0.4,0.75,0.9,0,"2026-08-04","Goal 3 PBE-UD boundary rederivation"
"beta=1,cap","cap_formula_A=0.75_lambda1=1.00_waste=0.000",6,1,0.05,0.4,0.9,0.4,0.2,0.4,NA,NA,NA,NA,"exclusion",0.4,0.75,1,0,"2026-08-04","Goal 3 PBE-UD boundary rederivation"
"beta=1,cap","cap_formula_A=1.00_lambda1=0.00_waste=0.000",6,1,0.05,0.4,0.9,0.4,0.2,0.4,NA,NA,NA,NA,"exclusion",0.4,1,0,0,"2026-08-04","Goal 3 PBE-UD boundary rederivation"
"beta=1,cap","cap_formula_A=1.00_lambda1=0.50_waste=0.000",6,1,0.05,0.4,0.9,0.4,0.2,0.4,NA,NA,NA,NA,"exclusion",0.4,1,0.5,0,"2026-08-04","Goal 3 PBE-UD boundary rederivation"
"beta=1,cap","cap_formula_A=1.00_lambda1=0.90_waste=0.000",6,1,0.05,0.4,0.9,0.4,0.2,0.4,NA,NA,NA,NA,"exclusion",0.4,1,0.9,0,"2026-08-04","Goal 3 PBE-UD boundary rederivation"
"beta=1,cap","global_TY_cap",6,1,0.05,0.4,0.9,0.4,0.2,0.4,NA,NA,NA,TRUE,"exclusion",0.4,1,1,0,"2026-08-04","Goal 3 PBE-UD boundary rederivation"
"beta=1,cap","cap_formula_A=0.00_lambda1=0.00_waste=0.000",6,1,0.05,0.8,0.1,0.8,0.2,0.4,NA,NA,NA,NA,"low_only",0.515,0,0,0,"2026-08-04","Goal 3 PBE-UD boundary rederivation"
"beta=1,cap","cap_formula_A=0.00_lambda1=0.50_waste=0.000",6,1,0.05,0.8,0.1,0.8,0.2,0.4,NA,NA,NA,NA,"low_only",0.515,0,0.5,0,"2026-08-04","Goal 3 PBE-UD boundary rederivation"
"beta=1,cap","cap_formula_A=0.00_lambda1=0.90_waste=0.000",6,1,0.05,0.8,0.1,0.8,0.2,0.4,NA,NA,NA,NA,"low_only",0.515,0,0.9,0,"2026-08-04","Goal 3 PBE-UD boundary rederivation"
"beta=1,cap","cap_formula_A=0.00_lambda1=1.00_waste=0.000",6,1,0.05,0.8,0.1,0.8,0.2,0.4,NA,NA,NA,NA,"low_only",0.515,0,1,0,"2026-08-04","Goal 3 PBE-UD boundary rederivation"
"beta=1,cap","cap_formula_A=0.25_lambda1=0.00_waste=0.000",6,1,0.05,0.8,0.1,0.8,0.2,0.4,NA,NA,NA,NA,"low_only",0.515,0.25,0,0,"2026-08-04","Goal 3 PBE-UD boundary rederivation"
"beta=1,cap","cap_formula_A=0.25_lambda1=0.50_waste=0.000",6,1,0.05,0.8,0.1,0.8,0.2,0.4,NA,NA,NA,NA,"low_only",0.515,0.25,0.5,0,"2026-08-04","Goal 3 PBE-UD boundary rederivation"
"beta=1,cap","cap_formula_A=0.25_lambda1=0.90_waste=0.000",6,1,0.05,0.8,0.1,0.8,0.2,0.4,NA,NA,NA,NA,"low_only",0.515,0.25,0.9,0,"2026-08-04","Goal 3 PBE-UD boundary rederivation"
"beta=1,cap","cap_formula_A=0.25_lambda1=1.00_waste=0.000",6,1,0.05,0.8,0.1,0.8,0.2,0.4,NA,NA,NA,NA,"low_only",0.515,0.25,1,0,"2026-08-04","Goal 3 PBE-UD boundary rederivation"
"beta=1,cap","cap_formula_A=0.75_lambda1=0.00_waste=0.000",6,1,0.05,0.8,0.1,0.8,0.2,0.4,NA,NA,NA,NA,"low_only",0.515,0.75,0,0,"2026-08-04","Goal 3 PBE-UD boundary rederivation"
"beta=1,cap","cap_formula_A=0.75_lambda1=0.50_waste=0.000",6,1,0.05,0.8,0.1,0.8,0.2,0.4,NA,NA,NA,NA,"low_only",0.515,0.75,0.5,0,"2026-08-04","Goal 3 PBE-UD boundary rederivation"
"beta=1,cap","cap_formula_A=0.75_lambda1=0.90_waste=0.000",6,1,0.05,0.8,0.1,0.8,0.2,0.4,NA,NA,NA,NA,"low_only",0.515,0.75,0.9,0,"2026-08-04","Goal 3 PBE-UD boundary rederivation"
"beta=1,cap","cap_formula_A=0.75_lambda1=1.00_waste=0.000",6,1,0.05,0.8,0.1,0.8,0.2,0.4,NA,NA,NA,NA,"low_only",0.515,0.75,1,0,"2026-08-04","Goal 3 PBE-UD boundary rederivation"
"beta=1,cap","cap_formula_A=1.00_lambda1=0.00_waste=0.000",6,1,0.05,0.8,0.1,0.8,0.2,0.4,NA,NA,NA,NA,"low_only",0.515,1,0,0,"2026-08-04","Goal 3 PBE-UD boundary rederivation"
"beta=1,cap","cap_formula_A=1.00_lambda1=0.50_waste=0.000",6,1,0.05,0.8,0.1,0.8,0.2,0.4,NA,NA,NA,NA,"low_only",0.515,1,0.5,0,"2026-08-04","Goal 3 PBE-UD boundary rederivation"
"beta=1,cap","cap_formula_A=1.00_lambda1=0.90_waste=0.000",6,1,0.05,0.8,0.1,0.8,0.2,0.4,NA,NA,NA,NA,"low_only",0.515,1,0.9,0,"2026-08-04","Goal 3 PBE-UD boundary rederivation"
"beta=1,cap","global_TY_cap",6,1,0.05,0.8,0.1,0.8,0.2,0.4,NA,NA,NA,TRUE,"low_only",0.515,1,1,0,"2026-08-04","Goal 3 PBE-UD boundary rederivation"
"beta=1,cap","cap_formula_A=0.00_lambda1=0.00_waste=0.000",6,1,0.05,0.8,0.5,0.8,0.2,0.4,NA,NA,NA,NA,"exclusion",0.4,0,0,0,"2026-08-04","Goal 3 PBE-UD boundary rederivation"
"beta=1,cap","cap_formula_A=0.00_lambda1=0.50_waste=0.000",6,1,0.05,0.8,0.5,0.8,0.2,0.4,NA,NA,NA,NA,"exclusion",0.4,0,0.5,0,"2026-08-04","Goal 3 PBE-UD boundary rederivation"
"beta=1,cap","cap_formula_A=0.00_lambda1=0.90_waste=0.000",6,1,0.05,0.8,0.5,0.8,0.2,0.4,NA,NA,NA,NA,"exclusion",0.4,0,0.9,0,"2026-08-04","Goal 3 PBE-UD boundary rederivation"
"beta=1,cap","cap_formula_A=0.00_lambda1=1.00_waste=0.000",6,1,0.05,0.8,0.5,0.8,0.2,0.4,NA,NA,NA,NA,"exclusion",0.4,0,1,0,"2026-08-04","Goal 3 PBE-UD boundary rederivation"
"beta=1,cap","cap_formula_A=0.25_lambda1=0.00_waste=0.000",6,1,0.05,0.8,0.5,0.8,0.2,0.4,NA,NA,NA,NA,"exclusion",0.4,0.25,0,0,"2026-08-04","Goal 3 PBE-UD boundary rederivation"
"beta=1,cap","cap_formula_A=0.25_lambda1=0.50_waste=0.000",6,1,0.05,0.8,0.5,0.8,0.2,0.4,NA,NA,NA,NA,"exclusion",0.4,0.25,0.5,0,"2026-08-04","Goal 3 PBE-UD boundary rederivation"
"beta=1,cap","cap_formula_A=0.25_lambda1=0.90_waste=0.000",6,1,0.05,0.8,0.5,0.8,0.2,0.4,NA,NA,NA,NA,"exclusion",0.4,0.25,0.9,0,"2026-08-04","Goal 3 PBE-UD boundary rederivation"
"beta=1,cap","cap_formula_A=0.25_lambda1=1.00_waste=0.000",6,1,0.05,0.8,0.5,0.8,0.2,0.4,NA,NA,NA,NA,"exclusion",0.4,0.25,1,0,"2026-08-04","Goal 3 PBE-UD boundary rederivation"
"beta=1,cap","cap_formula_A=0.75_lambda1=0.00_waste=0.000",6,1,0.05,0.8,0.5,0.8,0.2,0.4,NA,NA,NA,NA,"exclusion",0.4,0.75,0,0,"2026-08-04","Goal 3 PBE-UD boundary rederivation"
"beta=1,cap","cap_formula_A=0.75_lambda1=0.50_waste=0.000",6,1,0.05,0.8,0.5,0.8,0.2,0.4,NA,NA,NA,NA,"exclusion",0.4,0.75,0.5,0,"2026-08-04","Goal 3 PBE-UD boundary rederivation"
"beta=1,cap","cap_formula_A=0.75_lambda1=0.90_waste=0.000",6,1,0.05,0.8,0.5,0.8,0.2,0.4,NA,NA,NA,NA,"exclusion",0.4,0.75,0.9,0,"2026-08-04","Goal 3 PBE-UD boundary rederivation"
"beta=1,cap","cap_formula_A=0.75_lambda1=1.00_waste=0.000",6,1,0.05,0.8,0.5,0.8,0.2,0.4,NA,NA,NA,NA,"exclusion",0.4,0.75,1,0,"2026-08-04","Goal 3 PBE-UD boundary rederivation"
"beta=1,cap","cap_formula_A=1.00_lambda1=0.00_waste=0.000",6,1,0.05,0.8,0.5,0.8,0.2,0.4,NA,NA,NA,NA,"exclusion",0.4,1,0,0,"2026-08-04","Goal 3 PBE-UD boundary rederivation"
"beta=1,cap","cap_formula_A=1.00_lambda1=0.50_waste=0.000",6,1,0.05,0.8,0.5,0.8,0.2,0.4,NA,NA,NA,NA,"exclusion",0.4,1,0.5,0,"2026-08-04","Goal 3 PBE-UD boundary rederivation"
"beta=1,cap","cap_formula_A=1.00_lambda1=0.90_waste=0.000",6,1,0.05,0.8,0.5,0.8,0.2,0.4,NA,NA,NA,NA,"exclusion",0.4,1,0.9,0,"2026-08-04","Goal 3 PBE-UD boundary rederivation"
"beta=1,cap","global_TY_cap",6,1,0.05,0.8,0.5,0.8,0.2,0.4,NA,NA,NA,TRUE,"exclusion",0.4,1,1,0,"2026-08-04","Goal 3 PBE-UD boundary rederivation"
"beta=1,cap","cap_formula_A=0.00_lambda1=0.00_waste=0.000",6,1,0.05,0.8,0.9,0.8,0.2,0.4,NA,NA,NA,NA,"exclusion",0.4,0,0,0,"2026-08-04","Goal 3 PBE-UD boundary rederivation"
"beta=1,cap","cap_formula_A=0.00_lambda1=0.50_waste=0.000",6,1,0.05,0.8,0.9,0.8,0.2,0.4,NA,NA,NA,NA,"exclusion",0.4,0,0.5,0,"2026-08-04","Goal 3 PBE-UD boundary rederivation"
"beta=1,cap","cap_formula_A=0.00_lambda1=0.90_waste=0.000",6,1,0.05,0.8,0.9,0.8,0.2,0.4,NA,NA,NA,NA,"exclusion",0.4,0,0.9,0,"2026-08-04","Goal 3 PBE-UD boundary rederivation"
"beta=1,cap","cap_formula_A=0.00_lambda1=1.00_waste=0.000",6,1,0.05,0.8,0.9,0.8,0.2,0.4,NA,NA,NA,NA,"exclusion",0.4,0,1,0,"2026-08-04","Goal 3 PBE-UD boundary rederivation"
"beta=1,cap","cap_formula_A=0.25_lambda1=0.00_waste=0.000",6,1,0.05,0.8,0.9,0.8,0.2,0.4,NA,NA,NA,NA,"exclusion",0.4,0.25,0,0,"2026-08-04","Goal 3 PBE-UD boundary rederivation"
"beta=1,cap","cap_formula_A=0.25_lambda1=0.50_waste=0.000",6,1,0.05,0.8,0.9,0.8,0.2,0.4,NA,NA,NA,NA,"exclusion",0.4,0.25,0.5,0,"2026-08-04","Goal 3 PBE-UD boundary rederivation"
"beta=1,cap","cap_formula_A=0.25_lambda1=0.90_waste=0.000",6,1,0.05,0.8,0.9,0.8,0.2,0.4,NA,NA,NA,NA,"exclusion",0.4,0.25,0.9,0,"2026-08-04","Goal 3 PBE-UD boundary rederivation"
"beta=1,cap","cap_formula_A=0.25_lambda1=1.00_waste=0.000",6,1,0.05,0.8,0.9,0.8,0.2,0.4,NA,NA,NA,NA,"exclusion",0.4,0.25,1,0,"2026-08-04","Goal 3 PBE-UD boundary rederivation"
"beta=1,cap","cap_formula_A=0.75_lambda1=0.00_waste=0.000",6,1,0.05,0.8,0.9,0.8,0.2,0.4,NA,NA,NA,NA,"exclusion",0.4,0.75,0,0,"2026-08-04","Goal 3 PBE-UD boundary rederivation"
"beta=1,cap","cap_formula_A=0.75_lambda1=0.50_waste=0.000",6,1,0.05,0.8,0.9,0.8,0.2,0.4,NA,NA,NA,NA,"exclusion",0.4,0.75,0.5,0,"2026-08-04","Goal 3 PBE-UD boundary rederivation"
"beta=1,cap","cap_formula_A=0.75_lambda1=0.90_waste=0.000",6,1,0.05,0.8,0.9,0.8,0.2,0.4,NA,NA,NA,NA,"exclusion",0.4,0.75,0.9,0,"2026-08-04","Goal 3 PBE-UD boundary rederivation"
"beta=1,cap","cap_formula_A=0.75_lambda1=1.00_waste=0.000",6,1,0.05,0.8,0.9,0.8,0.2,0.4,NA,NA,NA,NA,"exclusion",0.4,0.75,1,0,"2026-08-04","Goal 3 PBE-UD boundary rederivation"
"beta=1,cap","cap_formula_A=1.00_lambda1=0.00_waste=0.000",6,1,0.05,0.8,0.9,0.8,0.2,0.4,NA,NA,NA,NA,"exclusion",0.4,1,0,0,"2026-08-04","Goal 3 PBE-UD boundary rederivation"
"beta=1,cap","cap_formula_A=1.00_lambda1=0.50_waste=0.000",6,1,0.05,0.8,0.9,0.8,0.2,0.4,NA,NA,NA,NA,"exclusion",0.4,1,0.5,0,"2026-08-04","Goal 3 PBE-UD boundary rederivation"
"beta=1,cap","cap_formula_A=1.00_lambda1=0.90_waste=0.000",6,1,0.05,0.8,0.9,0.8,0.2,0.4,NA,NA,NA,NA,"exclusion",0.4,1,0.9,0,"2026-08-04","Goal 3 PBE-UD boundary rederivation"
"beta=1,cap","global_TY_cap",6,1,0.05,0.8,0.9,0.8,0.2,0.4,NA,NA,NA,TRUE,"exclusion",0.4,1,1,0,"2026-08-04","Goal 3 PBE-UD boundary rederivation"
"beta=1,cap","cap_formula_A=0.00_lambda1=0.00_waste=0.000",6,1,0.2,0.4,0.1,0.4,0.2,0.4,NA,NA,NA,NA,"exclusion",0.4,0,0,0,"2026-08-04","Goal 3 PBE-UD boundary rederivation"
"beta=1,cap","cap_formula_A=0.00_lambda1=0.50_waste=0.000",6,1,0.2,0.4,0.1,0.4,0.2,0.4,NA,NA,NA,NA,"exclusion",0.4,0,0.5,0,"2026-08-04","Goal 3 PBE-UD boundary rederivation"
"beta=1,cap","cap_formula_A=0.00_lambda1=0.90_waste=0.000",6,1,0.2,0.4,0.1,0.4,0.2,0.4,NA,NA,NA,NA,"exclusion",0.4,0,0.9,0,"2026-08-04","Goal 3 PBE-UD boundary rederivation"
"beta=1,cap","cap_formula_A=0.00_lambda1=1.00_waste=0.000",6,1,0.2,0.4,0.1,0.4,0.2,0.4,NA,NA,NA,NA,"exclusion",0.4,0,1,0,"2026-08-04","Goal 3 PBE-UD boundary rederivation"
"beta=1,cap","cap_formula_A=0.25_lambda1=0.00_waste=0.000",6,1,0.2,0.4,0.1,0.4,0.2,0.4,NA,NA,NA,NA,"exclusion",0.4,0.25,0,0,"2026-08-04","Goal 3 PBE-UD boundary rederivation"
"beta=1,cap","cap_formula_A=0.25_lambda1=0.50_waste=0.000",6,1,0.2,0.4,0.1,0.4,0.2,0.4,NA,NA,NA,NA,"exclusion",0.4,0.25,0.5,0,"2026-08-04","Goal 3 PBE-UD boundary rederivation"
"beta=1,cap","cap_formula_A=0.25_lambda1=0.90_waste=0.000",6,1,0.2,0.4,0.1,0.4,0.2,0.4,NA,NA,NA,NA,"exclusion",0.4,0.25,0.9,0,"2026-08-04","Goal 3 PBE-UD boundary rederivation"
"beta=1,cap","cap_formula_A=0.25_lambda1=1.00_waste=0.000",6,1,0.2,0.4,0.1,0.4,0.2,0.4,NA,NA,NA,NA,"exclusion",0.4,0.25,1,0,"2026-08-04","Goal 3 PBE-UD boundary rederivation"
"beta=1,cap","cap_formula_A=0.75_lambda1=0.00_waste=0.000",6,1,0.2,0.4,0.1,0.4,0.2,0.4,NA,NA,NA,NA,"exclusion",0.4,0.75,0,0,"2026-08-04","Goal 3 PBE-UD boundary rederivation"
"beta=1,cap","cap_formula_A=0.75_lambda1=0.50_waste=0.000",6,1,0.2,0.4,0.1,0.4,0.2,0.4,NA,NA,NA,NA,"exclusion",0.4,0.75,0.5,0,"2026-08-04","Goal 3 PBE-UD boundary rederivation"
"beta=1,cap","cap_formula_A=0.75_lambda1=0.90_waste=0.000",6,1,0.2,0.4,0.1,0.4,0.2,0.4,NA,NA,NA,NA,"exclusion",0.4,0.75,0.9,0,"2026-08-04","Goal 3 PBE-UD boundary rederivation"
"beta=1,cap","cap_formula_A=0.75_lambda1=1.00_waste=0.000",6,1,0.2,0.4,0.1,0.4,0.2,0.4,NA,NA,NA,NA,"exclusion",0.4,0.75,1,0,"2026-08-04","Goal 3 PBE-UD boundary rederivation"
"beta=1,cap","cap_formula_A=1.00_lambda1=0.00_waste=0.000",6,1,0.2,0.4,0.1,0.4,0.2,0.4,NA,NA,NA,NA,"exclusion",0.4,1,0,0,"2026-08-04","Goal 3 PBE-UD boundary rederivation"
"beta=1,cap","cap_formula_A=1.00_lambda1=0.50_waste=0.000",6,1,0.2,0.4,0.1,0.4,0.2,0.4,NA,NA,NA,NA,"exclusion",0.4,1,0.5,0,"2026-08-04","Goal 3 PBE-UD boundary rederivation"
"beta=1,cap","cap_formula_A=1.00_lambda1=0.90_waste=0.000",6,1,0.2,0.4,0.1,0.4,0.2,0.4,NA,NA,NA,NA,"exclusion",0.4,1,0.9,0,"2026-08-04","Goal 3 PBE-UD boundary rederivation"
"beta=1,cap","global_TY_cap",6,1,0.2,0.4,0.1,0.4,0.2,0.4,NA,NA,NA,TRUE,"exclusion",0.4,1,1,0,"2026-08-04","Goal 3 PBE-UD boundary rederivation"
"beta=1,cap","cap_formula_A=0.00_lambda1=0.00_waste=0.000",6,1,0.2,0.4,0.5,0.4,0.2,0.4,NA,NA,NA,NA,"exclusion",0.4,0,0,0,"2026-08-04","Goal 3 PBE-UD boundary rederivation"
"beta=1,cap","cap_formula_A=0.00_lambda1=0.50_waste=0.000",6,1,0.2,0.4,0.5,0.4,0.2,0.4,NA,NA,NA,NA,"exclusion",0.4,0,0.5,0,"2026-08-04","Goal 3 PBE-UD boundary rederivation"
"beta=1,cap","cap_formula_A=0.00_lambda1=0.90_waste=0.000",6,1,0.2,0.4,0.5,0.4,0.2,0.4,NA,NA,NA,NA,"exclusion",0.4,0,0.9,0,"2026-08-04","Goal 3 PBE-UD boundary rederivation"
"beta=1,cap","cap_formula_A=0.00_lambda1=1.00_waste=0.000",6,1,0.2,0.4,0.5,0.4,0.2,0.4,NA,NA,NA,NA,"exclusion",0.4,0,1,0,"2026-08-04","Goal 3 PBE-UD boundary rederivation"
"beta=1,cap","cap_formula_A=0.25_lambda1=0.00_waste=0.000",6,1,0.2,0.4,0.5,0.4,0.2,0.4,NA,NA,NA,NA,"exclusion",0.4,0.25,0,0,"2026-08-04","Goal 3 PBE-UD boundary rederivation"
"beta=1,cap","cap_formula_A=0.25_lambda1=0.50_waste=0.000",6,1,0.2,0.4,0.5,0.4,0.2,0.4,NA,NA,NA,NA,"exclusion",0.4,0.25,0.5,0,"2026-08-04","Goal 3 PBE-UD boundary rederivation"
"beta=1,cap","cap_formula_A=0.25_lambda1=0.90_waste=0.000",6,1,0.2,0.4,0.5,0.4,0.2,0.4,NA,NA,NA,NA,"exclusion",0.4,0.25,0.9,0,"2026-08-04","Goal 3 PBE-UD boundary rederivation"
"beta=1,cap","cap_formula_A=0.25_lambda1=1.00_waste=0.000",6,1,0.2,0.4,0.5,0.4,0.2,0.4,NA,NA,NA,NA,"exclusion",0.4,0.25,1,0,"2026-08-04","Goal 3 PBE-UD boundary rederivation"
"beta=1,cap","cap_formula_A=0.75_lambda1=0.00_waste=0.000",6,1,0.2,0.4,0.5,0.4,0.2,0.4,NA,NA,NA,NA,"exclusion",0.4,0.75,0,0,"2026-08-04","Goal 3 PBE-UD boundary rederivation"
"beta=1,cap","cap_formula_A=0.75_lambda1=0.50_waste=0.000",6,1,0.2,0.4,0.5,0.4,0.2,0.4,NA,NA,NA,NA,"exclusion",0.4,0.75,0.5,0,"2026-08-04","Goal 3 PBE-UD boundary rederivation"
"beta=1,cap","cap_formula_A=0.75_lambda1=0.90_waste=0.000",6,1,0.2,0.4,0.5,0.4,0.2,0.4,NA,NA,NA,NA,"exclusion",0.4,0.75,0.9,0,"2026-08-04","Goal 3 PBE-UD boundary rederivation"
"beta=1,cap","cap_formula_A=0.75_lambda1=1.00_waste=0.000",6,1,0.2,0.4,0.5,0.4,0.2,0.4,NA,NA,NA,NA,"exclusion",0.4,0.75,1,0,"2026-08-04","Goal 3 PBE-UD boundary rederivation"
"beta=1,cap","cap_formula_A=1.00_lambda1=0.00_waste=0.000",6,1,0.2,0.4,0.5,0.4,0.2,0.4,NA,NA,NA,NA,"exclusion",0.4,1,0,0,"2026-08-04","Goal 3 PBE-UD boundary rederivation"
"beta=1,cap","cap_formula_A=1.00_lambda1=0.50_waste=0.000",6,1,0.2,0.4,0.5,0.4,0.2,0.4,NA,NA,NA,NA,"exclusion",0.4,1,0.5,0,"2026-08-04","Goal 3 PBE-UD boundary rederivation"
"beta=1,cap","cap_formula_A=1.00_lambda1=0.90_waste=0.000",6,1,0.2,0.4,0.5,0.4,0.2,0.4,NA,NA,NA,NA,"exclusion",0.4,1,0.9,0,"2026-08-04","Goal 3 PBE-UD boundary rederivation"
"beta=1,cap","global_TY_cap",6,1,0.2,0.4,0.5,0.4,0.2,0.4,NA,NA,NA,TRUE,"exclusion",0.4,1,1,0,"2026-08-04","Goal 3 PBE-UD boundary rederivation"
"beta=1,cap","cap_formula_A=0.00_lambda1=0.00_waste=0.000",6,1,0.2,0.4,0.9,0.4,0.2,0.4,NA,NA,NA,NA,"exclusion",0.4,0,0,0,"2026-08-04","Goal 3 PBE-UD boundary rederivation"
"beta=1,cap","cap_formula_A=0.00_lambda1=0.50_waste=0.000",6,1,0.2,0.4,0.9,0.4,0.2,0.4,NA,NA,NA,NA,"exclusion",0.4,0,0.5,0,"2026-08-04","Goal 3 PBE-UD boundary rederivation"
"beta=1,cap","cap_formula_A=0.00_lambda1=0.90_waste=0.000",6,1,0.2,0.4,0.9,0.4,0.2,0.4,NA,NA,NA,NA,"exclusion",0.4,0,0.9,0,"2026-08-04","Goal 3 PBE-UD boundary rederivation"
"beta=1,cap","cap_formula_A=0.00_lambda1=1.00_waste=0.000",6,1,0.2,0.4,0.9,0.4,0.2,0.4,NA,NA,NA,NA,"exclusion",0.4,0,1,0,"2026-08-04","Goal 3 PBE-UD boundary rederivation"
"beta=1,cap","cap_formula_A=0.25_lambda1=0.00_waste=0.000",6,1,0.2,0.4,0.9,0.4,0.2,0.4,NA,NA,NA,NA,"exclusion",0.4,0.25,0,0,"2026-08-04","Goal 3 PBE-UD boundary rederivation"
"beta=1,cap","cap_formula_A=0.25_lambda1=0.50_waste=0.000",6,1,0.2,0.4,0.9,0.4,0.2,0.4,NA,NA,NA,NA,"exclusion",0.4,0.25,0.5,0,"2026-08-04","Goal 3 PBE-UD boundary rederivation"
"beta=1,cap","cap_formula_A=0.25_lambda1=0.90_waste=0.000",6,1,0.2,0.4,0.9,0.4,0.2,0.4,NA,NA,NA,NA,"exclusion",0.4,0.25,0.9,0,"2026-08-04","Goal 3 PBE-UD boundary rederivation"
"beta=1,cap","cap_formula_A=0.25_lambda1=1.00_waste=0.000",6,1,0.2,0.4,0.9,0.4,0.2,0.4,NA,NA,NA,NA,"exclusion",0.4,0.25,1,0,"2026-08-04","Goal 3 PBE-UD boundary rederivation"
"beta=1,cap","cap_formula_A=0.75_lambda1=0.00_waste=0.000",6,1,0.2,0.4,0.9,0.4,0.2,0.4,NA,NA,NA,NA,"exclusion",0.4,0.75,0,0,"2026-08-04","Goal 3 PBE-UD boundary rederivation"
"beta=1,cap","cap_formula_A=0.75_lambda1=0.50_waste=0.000",6,1,0.2,0.4,0.9,0.4,0.2,0.4,NA,NA,NA,NA,"exclusion",0.4,0.75,0.5,0,"2026-08-04","Goal 3 PBE-UD boundary rederivation"
"beta=1,cap","cap_formula_A=0.75_lambda1=0.90_waste=0.000",6,1,0.2,0.4,0.9,0.4,0.2,0.4,NA,NA,NA,NA,"exclusion",0.4,0.75,0.9,0,"2026-08-04","Goal 3 PBE-UD boundary rederivation"
"beta=1,cap","cap_formula_A=0.75_lambda1=1.00_waste=0.000",6,1,0.2,0.4,0.9,0.4,0.2,0.4,NA,NA,NA,NA,"exclusion",0.4,0.75,1,0,"2026-08-04","Goal 3 PBE-UD boundary rederivation"
"beta=1,cap","cap_formula_A=1.00_lambda1=0.00_waste=0.000",6,1,0.2,0.4,0.9,0.4,0.2,0.4,NA,NA,NA,NA,"exclusion",0.4,1,0,0,"2026-08-04","Goal 3 PBE-UD boundary rederivation"
"beta=1,cap","cap_formula_A=1.00_lambda1=0.50_waste=0.000",6,1,0.2,0.4,0.9,0.4,0.2,0.4,NA,NA,NA,NA,"exclusion",0.4,1,0.5,0,"2026-08-04","Goal 3 PBE-UD boundary rederivation"
"beta=1,cap","cap_formula_A=1.00_lambda1=0.90_waste=0.000",6,1,0.2,0.4,0.9,0.4,0.2,0.4,NA,NA,NA,NA,"exclusion",0.4,1,0.9,0,"2026-08-04","Goal 3 PBE-UD boundary rederivation"
"beta=1,cap","global_TY_cap",6,1,0.2,0.4,0.9,0.4,0.2,0.4,NA,NA,NA,TRUE,"exclusion",0.4,1,1,0,"2026-08-04","Goal 3 PBE-UD boundary rederivation"
"beta=1,cap","cap_formula_A=0.00_lambda1=0.00_waste=0.000",6,1,0.2,0.8,0.1,0.8,0.2,0.4,NA,NA,NA,NA,"exclusion",0.4,0,0,0,"2026-08-04","Goal 3 PBE-UD boundary rederivation"
"beta=1,cap","cap_formula_A=0.00_lambda1=0.50_waste=0.000",6,1,0.2,0.8,0.1,0.8,0.2,0.4,NA,NA,NA,NA,"exclusion",0.4,0,0.5,0,"2026-08-04","Goal 3 PBE-UD boundary rederivation"
"beta=1,cap","cap_formula_A=0.00_lambda1=0.90_waste=0.000",6,1,0.2,0.8,0.1,0.8,0.2,0.4,NA,NA,NA,NA,"exclusion",0.4,0,0.9,0,"2026-08-04","Goal 3 PBE-UD boundary rederivation"
"beta=1,cap","cap_formula_A=0.00_lambda1=1.00_waste=0.000",6,1,0.2,0.8,0.1,0.8,0.2,0.4,NA,NA,NA,NA,"exclusion",0.4,0,1,0,"2026-08-04","Goal 3 PBE-UD boundary rederivation"
"beta=1,cap","cap_formula_A=0.25_lambda1=0.00_waste=0.000",6,1,0.2,0.8,0.1,0.8,0.2,0.4,NA,NA,NA,NA,"exclusion",0.4,0.25,0,0,"2026-08-04","Goal 3 PBE-UD boundary rederivation"
"beta=1,cap","cap_formula_A=0.25_lambda1=0.50_waste=0.000",6,1,0.2,0.8,0.1,0.8,0.2,0.4,NA,NA,NA,NA,"exclusion",0.4,0.25,0.5,0,"2026-08-04","Goal 3 PBE-UD boundary rederivation"
"beta=1,cap","cap_formula_A=0.25_lambda1=0.90_waste=0.000",6,1,0.2,0.8,0.1,0.8,0.2,0.4,NA,NA,NA,NA,"exclusion",0.4,0.25,0.9,0,"2026-08-04","Goal 3 PBE-UD boundary rederivation"
"beta=1,cap","cap_formula_A=0.25_lambda1=1.00_waste=0.000",6,1,0.2,0.8,0.1,0.8,0.2,0.4,NA,NA,NA,NA,"exclusion",0.4,0.25,1,0,"2026-08-04","Goal 3 PBE-UD boundary rederivation"
"beta=1,cap","cap_formula_A=0.75_lambda1=0.00_waste=0.000",6,1,0.2,0.8,0.1,0.8,0.2,0.4,NA,NA,NA,NA,"exclusion",0.4,0.75,0,0,"2026-08-04","Goal 3 PBE-UD boundary rederivation"
"beta=1,cap","cap_formula_A=0.75_lambda1=0.50_waste=0.000",6,1,0.2,0.8,0.1,0.8,0.2,0.4,NA,NA,NA,NA,"exclusion",0.4,0.75,0.5,0,"2026-08-04","Goal 3 PBE-UD boundary rederivation"
"beta=1,cap","cap_formula_A=0.75_lambda1=0.90_waste=0.000",6,1,0.2,0.8,0.1,0.8,0.2,0.4,NA,NA,NA,NA,"exclusion",0.4,0.75,0.9,0,"2026-08-04","Goal 3 PBE-UD boundary rederivation"
"beta=1,cap","cap_formula_A=0.75_lambda1=1.00_waste=0.000",6,1,0.2,0.8,0.1,0.8,0.2,0.4,NA,NA,NA,NA,"exclusion",0.4,0.75,1,0,"2026-08-04","Goal 3 PBE-UD boundary rederivation"
"beta=1,cap","cap_formula_A=1.00_lambda1=0.00_waste=0.000",6,1,0.2,0.8,0.1,0.8,0.2,0.4,NA,NA,NA,NA,"exclusion",0.4,1,0,0,"2026-08-04","Goal 3 PBE-UD boundary rederivation"
"beta=1,cap","cap_formula_A=1.00_lambda1=0.50_waste=0.000",6,1,0.2,0.8,0.1,0.8,0.2,0.4,NA,NA,NA,NA,"exclusion",0.4,1,0.5,0,"2026-08-04","Goal 3 PBE-UD boundary rederivation"
"beta=1,cap","cap_formula_A=1.00_lambda1=0.90_waste=0.000",6,1,0.2,0.8,0.1,0.8,0.2,0.4,NA,NA,NA,NA,"exclusion",0.4,1,0.9,0,"2026-08-04","Goal 3 PBE-UD boundary rederivation"
"beta=1,cap","global_TY_cap",6,1,0.2,0.8,0.1,0.8,0.2,0.4,NA,NA,NA,TRUE,"exclusion",0.4,1,1,0,"2026-08-04","Goal 3 PBE-UD boundary rederivation"
"beta=1,cap","cap_formula_A=0.00_lambda1=0.00_waste=0.000",6,1,0.2,0.8,0.5,0.8,0.2,0.4,NA,NA,NA,NA,"exclusion",0.4,0,0,0,"2026-08-04","Goal 3 PBE-UD boundary rederivation"
"beta=1,cap","cap_formula_A=0.00_lambda1=0.50_waste=0.000",6,1,0.2,0.8,0.5,0.8,0.2,0.4,NA,NA,NA,NA,"exclusion",0.4,0,0.5,0,"2026-08-04","Goal 3 PBE-UD boundary rederivation"
"beta=1,cap","cap_formula_A=0.00_lambda1=0.90_waste=0.000",6,1,0.2,0.8,0.5,0.8,0.2,0.4,NA,NA,NA,NA,"exclusion",0.4,0,0.9,0,"2026-08-04","Goal 3 PBE-UD boundary rederivation"
"beta=1,cap","cap_formula_A=0.00_lambda1=1.00_waste=0.000",6,1,0.2,0.8,0.5,0.8,0.2,0.4,NA,NA,NA,NA,"exclusion",0.4,0,1,0,"2026-08-04","Goal 3 PBE-UD boundary rederivation"
"beta=1,cap","cap_formula_A=0.25_lambda1=0.00_waste=0.000",6,1,0.2,0.8,0.5,0.8,0.2,0.4,NA,NA,NA,NA,"exclusion",0.4,0.25,0,0,"2026-08-04","Goal 3 PBE-UD boundary rederivation"
"beta=1,cap","cap_formula_A=0.25_lambda1=0.50_waste=0.000",6,1,0.2,0.8,0.5,0.8,0.2,0.4,NA,NA,NA,NA,"exclusion",0.4,0.25,0.5,0,"2026-08-04","Goal 3 PBE-UD boundary rederivation"
"beta=1,cap","cap_formula_A=0.25_lambda1=0.90_waste=0.000",6,1,0.2,0.8,0.5,0.8,0.2,0.4,NA,NA,NA,NA,"exclusion",0.4,0.25,0.9,0,"2026-08-04","Goal 3 PBE-UD boundary rederivation"
"beta=1,cap","cap_formula_A=0.25_lambda1=1.00_waste=0.000",6,1,0.2,0.8,0.5,0.8,0.2,0.4,NA,NA,NA,NA,"exclusion",0.4,0.25,1,0,"2026-08-04","Goal 3 PBE-UD boundary rederivation"
"beta=1,cap","cap_formula_A=0.75_lambda1=0.00_waste=0.000",6,1,0.2,0.8,0.5,0.8,0.2,0.4,NA,NA,NA,NA,"exclusion",0.4,0.75,0,0,"2026-08-04","Goal 3 PBE-UD boundary rederivation"
"beta=1,cap","cap_formula_A=0.75_lambda1=0.50_waste=0.000",6,1,0.2,0.8,0.5,0.8,0.2,0.4,NA,NA,NA,NA,"exclusion",0.4,0.75,0.5,0,"2026-08-04","Goal 3 PBE-UD boundary rederivation"
"beta=1,cap","cap_formula_A=0.75_lambda1=0.90_waste=0.000",6,1,0.2,0.8,0.5,0.8,0.2,0.4,NA,NA,NA,NA,"exclusion",0.4,0.75,0.9,0,"2026-08-04","Goal 3 PBE-UD boundary rederivation"
"beta=1,cap","cap_formula_A=0.75_lambda1=1.00_waste=0.000",6,1,0.2,0.8,0.5,0.8,0.2,0.4,NA,NA,NA,NA,"exclusion",0.4,0.75,1,0,"2026-08-04","Goal 3 PBE-UD boundary rederivation"
"beta=1,cap","cap_formula_A=1.00_lambda1=0.00_waste=0.000",6,1,0.2,0.8,0.5,0.8,0.2,0.4,NA,NA,NA,NA,"exclusion",0.4,1,0,0,"2026-08-04","Goal 3 PBE-UD boundary rederivation"
"beta=1,cap","cap_formula_A=1.00_lambda1=0.50_waste=0.000",6,1,0.2,0.8,0.5,0.8,0.2,0.4,NA,NA,NA,NA,"exclusion",0.4,1,0.5,0,"2026-08-04","Goal 3 PBE-UD boundary rederivation"
"beta=1,cap","cap_formula_A=1.00_lambda1=0.90_waste=0.000",6,1,0.2,0.8,0.5,0.8,0.2,0.4,NA,NA,NA,NA,"exclusion",0.4,1,0.9,0,"2026-08-04","Goal 3 PBE-UD boundary rederivation"
"beta=1,cap","global_TY_cap",6,1,0.2,0.8,0.5,0.8,0.2,0.4,NA,NA,NA,TRUE,"exclusion",0.4,1,1,0,"2026-08-04","Goal 3 PBE-UD boundary rederivation"
"beta=1,cap","cap_formula_A=0.00_lambda1=0.00_waste=0.000",6,1,0.2,0.8,0.9,0.8,0.2,0.4,NA,NA,NA,NA,"exclusion",0.4,0,0,0,"2026-08-04","Goal 3 PBE-UD boundary rederivation"
"beta=1,cap","cap_formula_A=0.00_lambda1=0.50_waste=0.000",6,1,0.2,0.8,0.9,0.8,0.2,0.4,NA,NA,NA,NA,"exclusion",0.4,0,0.5,0,"2026-08-04","Goal 3 PBE-UD boundary rederivation"
"beta=1,cap","cap_formula_A=0.00_lambda1=0.90_waste=0.000",6,1,0.2,0.8,0.9,0.8,0.2,0.4,NA,NA,NA,NA,"exclusion",0.4,0,0.9,0,"2026-08-04","Goal 3 PBE-UD boundary rederivation"
"beta=1,cap","cap_formula_A=0.00_lambda1=1.00_waste=0.000",6,1,0.2,0.8,0.9,0.8,0.2,0.4,NA,NA,NA,NA,"exclusion",0.4,0,1,0,"2026-08-04","Goal 3 PBE-UD boundary rederivation"
"beta=1,cap","cap_formula_A=0.25_lambda1=0.00_waste=0.000",6,1,0.2,0.8,0.9,0.8,0.2,0.4,NA,NA,NA,NA,"exclusion",0.4,0.25,0,0,"2026-08-04","Goal 3 PBE-UD boundary rederivation"
"beta=1,cap","cap_formula_A=0.25_lambda1=0.50_waste=0.000",6,1,0.2,0.8,0.9,0.8,0.2,0.4,NA,NA,NA,NA,"exclusion",0.4,0.25,0.5,0,"2026-08-04","Goal 3 PBE-UD boundary rederivation"
"beta=1,cap","cap_formula_A=0.25_lambda1=0.90_waste=0.000",6,1,0.2,0.8,0.9,0.8,0.2,0.4,NA,NA,NA,NA,"exclusion",0.4,0.25,0.9,0,"2026-08-04","Goal 3 PBE-UD boundary rederivation"
"beta=1,cap","cap_formula_A=0.25_lambda1=1.00_waste=0.000",6,1,0.2,0.8,0.9,0.8,0.2,0.4,NA,NA,NA,NA,"exclusion",0.4,0.25,1,0,"2026-08-04","Goal 3 PBE-UD boundary rederivation"
"beta=1,cap","cap_formula_A=0.75_lambda1=0.00_waste=0.000",6,1,0.2,0.8,0.9,0.8,0.2,0.4,NA,NA,NA,NA,"exclusion",0.4,0.75,0,0,"2026-08-04","Goal 3 PBE-UD boundary rederivation"
"beta=1,cap","cap_formula_A=0.75_lambda1=0.50_waste=0.000",6,1,0.2,0.8,0.9,0.8,0.2,0.4,NA,NA,NA,NA,"exclusion",0.4,0.75,0.5,0,"2026-08-04","Goal 3 PBE-UD boundary rederivation"
"beta=1,cap","cap_formula_A=0.75_lambda1=0.90_waste=0.000",6,1,0.2,0.8,0.9,0.8,0.2,0.4,NA,NA,NA,NA,"exclusion",0.4,0.75,0.9,0,"2026-08-04","Goal 3 PBE-UD boundary rederivation"
"beta=1,cap","cap_formula_A=0.75_lambda1=1.00_waste=0.000",6,1,0.2,0.8,0.9,0.8,0.2,0.4,NA,NA,NA,NA,"exclusion",0.4,0.75,1,0,"2026-08-04","Goal 3 PBE-UD boundary rederivation"
"beta=1,cap","cap_formula_A=1.00_lambda1=0.00_waste=0.000",6,1,0.2,0.8,0.9,0.8,0.2,0.4,NA,NA,NA,NA,"exclusion",0.4,1,0,0,"2026-08-04","Goal 3 PBE-UD boundary rederivation"
"beta=1,cap","cap_formula_A=1.00_lambda1=0.50_waste=0.000",6,1,0.2,0.8,0.9,0.8,0.2,0.4,NA,NA,NA,NA,"exclusion",0.4,1,0.5,0,"2026-08-04","Goal 3 PBE-UD boundary rederivation"
"beta=1,cap","cap_formula_A=1.00_lambda1=0.90_waste=0.000",6,1,0.2,0.8,0.9,0.8,0.2,0.4,NA,NA,NA,NA,"exclusion",0.4,1,0.9,0,"2026-08-04","Goal 3 PBE-UD boundary rederivation"
"beta=1,cap","global_TY_cap",6,1,0.2,0.8,0.9,0.8,0.2,0.4,NA,NA,NA,TRUE,"exclusion",0.4,1,1,0,"2026-08-04","Goal 3 PBE-UD boundary rederivation"
"beta=1,cap","cap_formula_A=0.00_lambda1=0.00_waste=0.000",7,1,0.05,0.4,0.1,0.4,0.166666666666667,0.5,NA,NA,NA,NA,"low_only",0.571666666666667,0,0,0,"2026-08-04","Goal 3 PBE-UD boundary rederivation"
"beta=1,cap","cap_formula_A=0.00_lambda1=0.50_waste=0.000",7,1,0.05,0.4,0.1,0.4,0.166666666666667,0.5,NA,NA,NA,NA,"low_only",0.571666666666667,0,0.5,0,"2026-08-04","Goal 3 PBE-UD boundary rederivation"
"beta=1,cap","cap_formula_A=0.00_lambda1=0.90_waste=0.000",7,1,0.05,0.4,0.1,0.4,0.166666666666667,0.5,NA,NA,NA,NA,"low_only",0.571666666666667,0,0.9,0,"2026-08-04","Goal 3 PBE-UD boundary rederivation"
"beta=1,cap","cap_formula_A=0.00_lambda1=1.00_waste=0.000",7,1,0.05,0.4,0.1,0.4,0.166666666666667,0.5,NA,NA,NA,NA,"low_only",0.571666666666667,0,1,0,"2026-08-04","Goal 3 PBE-UD boundary rederivation"
"beta=1,cap","cap_formula_A=0.25_lambda1=0.00_waste=0.000",7,1,0.05,0.4,0.1,0.4,0.166666666666667,0.5,NA,NA,NA,NA,"low_only",0.571666666666667,0.25,0,0,"2026-08-04","Goal 3 PBE-UD boundary rederivation"
"beta=1,cap","cap_formula_A=0.25_lambda1=0.50_waste=0.000",7,1,0.05,0.4,0.1,0.4,0.166666666666667,0.5,NA,NA,NA,NA,"low_only",0.571666666666667,0.25,0.5,0,"2026-08-04","Goal 3 PBE-UD boundary rederivation"
"beta=1,cap","cap_formula_A=0.25_lambda1=0.90_waste=0.000",7,1,0.05,0.4,0.1,0.4,0.166666666666667,0.5,NA,NA,NA,NA,"low_only",0.571666666666667,0.25,0.9,0,"2026-08-04","Goal 3 PBE-UD boundary rederivation"
"beta=1,cap","cap_formula_A=0.25_lambda1=1.00_waste=0.000",7,1,0.05,0.4,0.1,0.4,0.166666666666667,0.5,NA,NA,NA,NA,"low_only",0.571666666666667,0.25,1,0,"2026-08-04","Goal 3 PBE-UD boundary rederivation"
"beta=1,cap","cap_formula_A=0.75_lambda1=0.00_waste=0.000",7,1,0.05,0.4,0.1,0.4,0.166666666666667,0.5,NA,NA,NA,NA,"low_only",0.571666666666667,0.75,0,0,"2026-08-04","Goal 3 PBE-UD boundary rederivation"
"beta=1,cap","cap_formula_A=0.75_lambda1=0.50_waste=0.000",7,1,0.05,0.4,0.1,0.4,0.166666666666667,0.5,NA,NA,NA,NA,"low_only",0.571666666666667,0.75,0.5,0,"2026-08-04","Goal 3 PBE-UD boundary rederivation"
"beta=1,cap","cap_formula_A=0.75_lambda1=0.90_waste=0.000",7,1,0.05,0.4,0.1,0.4,0.166666666666667,0.5,NA,NA,NA,NA,"low_only",0.571666666666667,0.75,0.9,0,"2026-08-04","Goal 3 PBE-UD boundary rederivation"
"beta=1,cap","cap_formula_A=0.75_lambda1=1.00_waste=0.000",7,1,0.05,0.4,0.1,0.4,0.166666666666667,0.5,NA,NA,NA,NA,"low_only",0.571666666666667,0.75,1,0,"2026-08-04","Goal 3 PBE-UD boundary rederivation"
"beta=1,cap","cap_formula_A=1.00_lambda1=0.00_waste=0.000",7,1,0.05,0.4,0.1,0.4,0.166666666666667,0.5,NA,NA,NA,NA,"low_only",0.571666666666667,1,0,0,"2026-08-04","Goal 3 PBE-UD boundary rederivation"
"beta=1,cap","cap_formula_A=1.00_lambda1=0.50_waste=0.000",7,1,0.05,0.4,0.1,0.4,0.166666666666667,0.5,NA,NA,NA,NA,"low_only",0.571666666666667,1,0.5,0,"2026-08-04","Goal 3 PBE-UD boundary rederivation"
"beta=1,cap","cap_formula_A=1.00_lambda1=0.90_waste=0.000",7,1,0.05,0.4,0.1,0.4,0.166666666666667,0.5,NA,NA,NA,NA,"low_only",0.571666666666667,1,0.9,0,"2026-08-04","Goal 3 PBE-UD boundary rederivation"
"beta=1,cap","global_TY_cap",7,1,0.05,0.4,0.1,0.4,0.166666666666667,0.5,NA,NA,NA,TRUE,"low_only",0.571666666666667,1,1,0,"2026-08-04","Goal 3 PBE-UD boundary rederivation"
"beta=1,cap","cap_formula_A=0.00_lambda1=0.00_waste=0.000",7,1,0.05,0.4,0.5,0.4,0.166666666666667,0.5,NA,NA,NA,NA,"exclusion",0.5,0,0,0,"2026-08-04","Goal 3 PBE-UD boundary rederivation"
"beta=1,cap","cap_formula_A=0.00_lambda1=0.50_waste=0.000",7,1,0.05,0.4,0.5,0.4,0.166666666666667,0.5,NA,NA,NA,NA,"exclusion",0.5,0,0.5,0,"2026-08-04","Goal 3 PBE-UD boundary rederivation"
"beta=1,cap","cap_formula_A=0.00_lambda1=0.90_waste=0.000",7,1,0.05,0.4,0.5,0.4,0.166666666666667,0.5,NA,NA,NA,NA,"exclusion",0.5,0,0.9,0,"2026-08-04","Goal 3 PBE-UD boundary rederivation"
"beta=1,cap","cap_formula_A=0.00_lambda1=1.00_waste=0.000",7,1,0.05,0.4,0.5,0.4,0.166666666666667,0.5,NA,NA,NA,NA,"exclusion",0.5,0,1,0,"2026-08-04","Goal 3 PBE-UD boundary rederivation"
"beta=1,cap","cap_formula_A=0.25_lambda1=0.00_waste=0.000",7,1,0.05,0.4,0.5,0.4,0.166666666666667,0.5,NA,NA,NA,NA,"exclusion",0.5,0.25,0,0,"2026-08-04","Goal 3 PBE-UD boundary rederivation"
"beta=1,cap","cap_formula_A=0.25_lambda1=0.50_waste=0.000",7,1,0.05,0.4,0.5,0.4,0.166666666666667,0.5,NA,NA,NA,NA,"exclusion",0.5,0.25,0.5,0,"2026-08-04","Goal 3 PBE-UD boundary rederivation"
"beta=1,cap","cap_formula_A=0.25_lambda1=0.90_waste=0.000",7,1,0.05,0.4,0.5,0.4,0.166666666666667,0.5,NA,NA,NA,NA,"exclusion",0.5,0.25,0.9,0,"2026-08-04","Goal 3 PBE-UD boundary rederivation"
"beta=1,cap","cap_formula_A=0.25_lambda1=1.00_waste=0.000",7,1,0.05,0.4,0.5,0.4,0.166666666666667,0.5,NA,NA,NA,NA,"exclusion",0.5,0.25,1,0,"2026-08-04","Goal 3 PBE-UD boundary rederivation"
"beta=1,cap","cap_formula_A=0.75_lambda1=0.00_waste=0.000",7,1,0.05,0.4,0.5,0.4,0.166666666666667,0.5,NA,NA,NA,NA,"exclusion",0.5,0.75,0,0,"2026-08-04","Goal 3 PBE-UD boundary rederivation"
"beta=1,cap","cap_formula_A=0.75_lambda1=0.50_waste=0.000",7,1,0.05,0.4,0.5,0.4,0.166666666666667,0.5,NA,NA,NA,NA,"exclusion",0.5,0.75,0.5,0,"2026-08-04","Goal 3 PBE-UD boundary rederivation"
"beta=1,cap","cap_formula_A=0.75_lambda1=0.90_waste=0.000",7,1,0.05,0.4,0.5,0.4,0.166666666666667,0.5,NA,NA,NA,NA,"exclusion",0.5,0.75,0.9,0,"2026-08-04","Goal 3 PBE-UD boundary rederivation"
"beta=1,cap","cap_formula_A=0.75_lambda1=1.00_waste=0.000",7,1,0.05,0.4,0.5,0.4,0.166666666666667,0.5,NA,NA,NA,NA,"exclusion",0.5,0.75,1,0,"2026-08-04","Goal 3 PBE-UD boundary rederivation"
"beta=1,cap","cap_formula_A=1.00_lambda1=0.00_waste=0.000",7,1,0.05,0.4,0.5,0.4,0.166666666666667,0.5,NA,NA,NA,NA,"exclusion",0.5,1,0,0,"2026-08-04","Goal 3 PBE-UD boundary rederivation"
"beta=1,cap","cap_formula_A=1.00_lambda1=0.50_waste=0.000",7,1,0.05,0.4,0.5,0.4,0.166666666666667,0.5,NA,NA,NA,NA,"exclusion",0.5,1,0.5,0,"2026-08-04","Goal 3 PBE-UD boundary rederivation"
"beta=1,cap","cap_formula_A=1.00_lambda1=0.90_waste=0.000",7,1,0.05,0.4,0.5,0.4,0.166666666666667,0.5,NA,NA,NA,NA,"exclusion",0.5,1,0.9,0,"2026-08-04","Goal 3 PBE-UD boundary rederivation"
"beta=1,cap","global_TY_cap",7,1,0.05,0.4,0.5,0.4,0.166666666666667,0.5,NA,NA,NA,TRUE,"exclusion",0.5,1,1,0,"2026-08-04","Goal 3 PBE-UD boundary rederivation"
"beta=1,cap","cap_formula_A=0.00_lambda1=0.00_waste=0.000",7,1,0.05,0.4,0.9,0.4,0.166666666666667,0.5,NA,NA,NA,NA,"exclusion",0.5,0,0,0,"2026-08-04","Goal 3 PBE-UD boundary rederivation"
"beta=1,cap","cap_formula_A=0.00_lambda1=0.50_waste=0.000",7,1,0.05,0.4,0.9,0.4,0.166666666666667,0.5,NA,NA,NA,NA,"exclusion",0.5,0,0.5,0,"2026-08-04","Goal 3 PBE-UD boundary rederivation"
"beta=1,cap","cap_formula_A=0.00_lambda1=0.90_waste=0.000",7,1,0.05,0.4,0.9,0.4,0.166666666666667,0.5,NA,NA,NA,NA,"exclusion",0.5,0,0.9,0,"2026-08-04","Goal 3 PBE-UD boundary rederivation"
"beta=1,cap","cap_formula_A=0.00_lambda1=1.00_waste=0.000",7,1,0.05,0.4,0.9,0.4,0.166666666666667,0.5,NA,NA,NA,NA,"exclusion",0.5,0,1,0,"2026-08-04","Goal 3 PBE-UD boundary rederivation"
"beta=1,cap","cap_formula_A=0.25_lambda1=0.00_waste=0.000",7,1,0.05,0.4,0.9,0.4,0.166666666666667,0.5,NA,NA,NA,NA,"exclusion",0.5,0.25,0,0,"2026-08-04","Goal 3 PBE-UD boundary rederivation"
"beta=1,cap","cap_formula_A=0.25_lambda1=0.50_waste=0.000",7,1,0.05,0.4,0.9,0.4,0.166666666666667,0.5,NA,NA,NA,NA,"exclusion",0.5,0.25,0.5,0,"2026-08-04","Goal 3 PBE-UD boundary rederivation"
"beta=1,cap","cap_formula_A=0.25_lambda1=0.90_waste=0.000",7,1,0.05,0.4,0.9,0.4,0.166666666666667,0.5,NA,NA,NA,NA,"exclusion",0.5,0.25,0.9,0,"2026-08-04","Goal 3 PBE-UD boundary rederivation"
"beta=1,cap","cap_formula_A=0.25_lambda1=1.00_waste=0.000",7,1,0.05,0.4,0.9,0.4,0.166666666666667,0.5,NA,NA,NA,NA,"exclusion",0.5,0.25,1,0,"2026-08-04","Goal 3 PBE-UD boundary rederivation"
"beta=1,cap","cap_formula_A=0.75_lambda1=0.00_waste=0.000",7,1,0.05,0.4,0.9,0.4,0.166666666666667,0.5,NA,NA,NA,NA,"exclusion",0.5,0.75,0,0,"2026-08-04","Goal 3 PBE-UD boundary rederivation"
"beta=1,cap","cap_formula_A=0.75_lambda1=0.50_waste=0.000",7,1,0.05,0.4,0.9,0.4,0.166666666666667,0.5,NA,NA,NA,NA,"exclusion",0.5,0.75,0.5,0,"2026-08-04","Goal 3 PBE-UD boundary rederivation"
"beta=1,cap","cap_formula_A=0.75_lambda1=0.90_waste=0.000",7,1,0.05,0.4,0.9,0.4,0.166666666666667,0.5,NA,NA,NA,NA,"exclusion",0.5,0.75,0.9,0,"2026-08-04","Goal 3 PBE-UD boundary rederivation"
"beta=1,cap","cap_formula_A=0.75_lambda1=1.00_waste=0.000",7,1,0.05,0.4,0.9,0.4,0.166666666666667,0.5,NA,NA,NA,NA,"exclusion",0.5,0.75,1,0,"2026-08-04","Goal 3 PBE-UD boundary rederivation"
"beta=1,cap","cap_formula_A=1.00_lambda1=0.00_waste=0.000",7,1,0.05,0.4,0.9,0.4,0.166666666666667,0.5,NA,NA,NA,NA,"exclusion",0.5,1,0,0,"2026-08-04","Goal 3 PBE-UD boundary rederivation"
"beta=1,cap","cap_formula_A=1.00_lambda1=0.50_waste=0.000",7,1,0.05,0.4,0.9,0.4,0.166666666666667,0.5,NA,NA,NA,NA,"exclusion",0.5,1,0.5,0,"2026-08-04","Goal 3 PBE-UD boundary rederivation"
"beta=1,cap","cap_formula_A=1.00_lambda1=0.90_waste=0.000",7,1,0.05,0.4,0.9,0.4,0.166666666666667,0.5,NA,NA,NA,NA,"exclusion",0.5,1,0.9,0,"2026-08-04","Goal 3 PBE-UD boundary rederivation"
"beta=1,cap","global_TY_cap",7,1,0.05,0.4,0.9,0.4,0.166666666666667,0.5,NA,NA,NA,TRUE,"exclusion",0.5,1,1,0,"2026-08-04","Goal 3 PBE-UD boundary rederivation"
"beta=1,cap","cap_formula_A=0.00_lambda1=0.00_waste=0.000",7,1,0.05,0.8,0.1,0.8,0.166666666666667,0.5,NA,NA,NA,NA,"low_only",0.571666666666667,0,0,0,"2026-08-04","Goal 3 PBE-UD boundary rederivation"
"beta=1,cap","cap_formula_A=0.00_lambda1=0.50_waste=0.000",7,1,0.05,0.8,0.1,0.8,0.166666666666667,0.5,NA,NA,NA,NA,"low_only",0.571666666666667,0,0.5,0,"2026-08-04","Goal 3 PBE-UD boundary rederivation"
"beta=1,cap","cap_formula_A=0.00_lambda1=0.90_waste=0.000",7,1,0.05,0.8,0.1,0.8,0.166666666666667,0.5,NA,NA,NA,NA,"low_only",0.571666666666667,0,0.9,0,"2026-08-04","Goal 3 PBE-UD boundary rederivation"
"beta=1,cap","cap_formula_A=0.00_lambda1=1.00_waste=0.000",7,1,0.05,0.8,0.1,0.8,0.166666666666667,0.5,NA,NA,NA,NA,"low_only",0.571666666666667,0,1,0,"2026-08-04","Goal 3 PBE-UD boundary rederivation"
"beta=1,cap","cap_formula_A=0.25_lambda1=0.00_waste=0.000",7,1,0.05,0.8,0.1,0.8,0.166666666666667,0.5,NA,NA,NA,NA,"low_only",0.571666666666667,0.25,0,0,"2026-08-04","Goal 3 PBE-UD boundary rederivation"
"beta=1,cap","cap_formula_A=0.25_lambda1=0.50_waste=0.000",7,1,0.05,0.8,0.1,0.8,0.166666666666667,0.5,NA,NA,NA,NA,"low_only",0.571666666666667,0.25,0.5,0,"2026-08-04","Goal 3 PBE-UD boundary rederivation"
"beta=1,cap","cap_formula_A=0.25_lambda1=0.90_waste=0.000",7,1,0.05,0.8,0.1,0.8,0.166666666666667,0.5,NA,NA,NA,NA,"low_only",0.571666666666667,0.25,0.9,0,"2026-08-04","Goal 3 PBE-UD boundary rederivation"
"beta=1,cap","cap_formula_A=0.25_lambda1=1.00_waste=0.000",7,1,0.05,0.8,0.1,0.8,0.166666666666667,0.5,NA,NA,NA,NA,"low_only",0.571666666666667,0.25,1,0,"2026-08-04","Goal 3 PBE-UD boundary rederivation"
"beta=1,cap","cap_formula_A=0.75_lambda1=0.00_waste=0.000",7,1,0.05,0.8,0.1,0.8,0.166666666666667,0.5,NA,NA,NA,NA,"low_only",0.571666666666667,0.75,0,0,"2026-08-04","Goal 3 PBE-UD boundary rederivation"
"beta=1,cap","cap_formula_A=0.75_lambda1=0.50_waste=0.000",7,1,0.05,0.8,0.1,0.8,0.166666666666667,0.5,NA,NA,NA,NA,"low_only",0.571666666666667,0.75,0.5,0,"2026-08-04","Goal 3 PBE-UD boundary rederivation"
"beta=1,cap","cap_formula_A=0.75_lambda1=0.90_waste=0.000",7,1,0.05,0.8,0.1,0.8,0.166666666666667,0.5,NA,NA,NA,NA,"low_only",0.571666666666667,0.75,0.9,0,"2026-08-04","Goal 3 PBE-UD boundary rederivation"
"beta=1,cap","cap_formula_A=0.75_lambda1=1.00_waste=0.000",7,1,0.05,0.8,0.1,0.8,0.166666666666667,0.5,NA,NA,NA,NA,"low_only",0.571666666666667,0.75,1,0,"2026-08-04","Goal 3 PBE-UD boundary rederivation"
"beta=1,cap","cap_formula_A=1.00_lambda1=0.00_waste=0.000",7,1,0.05,0.8,0.1,0.8,0.166666666666667,0.5,NA,NA,NA,NA,"low_only",0.571666666666667,1,0,0,"2026-08-04","Goal 3 PBE-UD boundary rederivation"
"beta=1,cap","cap_formula_A=1.00_lambda1=0.50_waste=0.000",7,1,0.05,0.8,0.1,0.8,0.166666666666667,0.5,NA,NA,NA,NA,"low_only",0.571666666666667,1,0.5,0,"2026-08-04","Goal 3 PBE-UD boundary rederivation"
"beta=1,cap","cap_formula_A=1.00_lambda1=0.90_waste=0.000",7,1,0.05,0.8,0.1,0.8,0.166666666666667,0.5,NA,NA,NA,NA,"low_only",0.571666666666667,1,0.9,0,"2026-08-04","Goal 3 PBE-UD boundary rederivation"
"beta=1,cap","global_TY_cap",7,1,0.05,0.8,0.1,0.8,0.166666666666667,0.5,NA,NA,NA,TRUE,"low_only",0.571666666666667,1,1,0,"2026-08-04","Goal 3 PBE-UD boundary rederivation"
"beta=1,cap","cap_formula_A=0.00_lambda1=0.00_waste=0.000",7,1,0.05,0.8,0.5,0.8,0.166666666666667,0.5,NA,NA,NA,NA,"exclusion",0.5,0,0,0,"2026-08-04","Goal 3 PBE-UD boundary rederivation"
"beta=1,cap","cap_formula_A=0.00_lambda1=0.50_waste=0.000",7,1,0.05,0.8,0.5,0.8,0.166666666666667,0.5,NA,NA,NA,NA,"exclusion",0.5,0,0.5,0,"2026-08-04","Goal 3 PBE-UD boundary rederivation"
"beta=1,cap","cap_formula_A=0.00_lambda1=0.90_waste=0.000",7,1,0.05,0.8,0.5,0.8,0.166666666666667,0.5,NA,NA,NA,NA,"exclusion",0.5,0,0.9,0,"2026-08-04","Goal 3 PBE-UD boundary rederivation"
"beta=1,cap","cap_formula_A=0.00_lambda1=1.00_waste=0.000",7,1,0.05,0.8,0.5,0.8,0.166666666666667,0.5,NA,NA,NA,NA,"exclusion",0.5,0,1,0,"2026-08-04","Goal 3 PBE-UD boundary rederivation"
"beta=1,cap","cap_formula_A=0.25_lambda1=0.00_waste=0.000",7,1,0.05,0.8,0.5,0.8,0.166666666666667,0.5,NA,NA,NA,NA,"exclusion",0.5,0.25,0,0,"2026-08-04","Goal 3 PBE-UD boundary rederivation"
"beta=1,cap","cap_formula_A=0.25_lambda1=0.50_waste=0.000",7,1,0.05,0.8,0.5,0.8,0.166666666666667,0.5,NA,NA,NA,NA,"exclusion",0.5,0.25,0.5,0,"2026-08-04","Goal 3 PBE-UD boundary rederivation"
"beta=1,cap","cap_formula_A=0.25_lambda1=0.90_waste=0.000",7,1,0.05,0.8,0.5,0.8,0.166666666666667,0.5,NA,NA,NA,NA,"exclusion",0.5,0.25,0.9,0,"2026-08-04","Goal 3 PBE-UD boundary rederivation"
"beta=1,cap","cap_formula_A=0.25_lambda1=1.00_waste=0.000",7,1,0.05,0.8,0.5,0.8,0.166666666666667,0.5,NA,NA,NA,NA,"exclusion",0.5,0.25,1,0,"2026-08-04","Goal 3 PBE-UD boundary rederivation"
"beta=1,cap","cap_formula_A=0.75_lambda1=0.00_waste=0.000",7,1,0.05,0.8,0.5,0.8,0.166666666666667,0.5,NA,NA,NA,NA,"exclusion",0.5,0.75,0,0,"2026-08-04","Goal 3 PBE-UD boundary rederivation"
"beta=1,cap","cap_formula_A=0.75_lambda1=0.50_waste=0.000",7,1,0.05,0.8,0.5,0.8,0.166666666666667,0.5,NA,NA,NA,NA,"exclusion",0.5,0.75,0.5,0,"2026-08-04","Goal 3 PBE-UD boundary rederivation"
"beta=1,cap","cap_formula_A=0.75_lambda1=0.90_waste=0.000",7,1,0.05,0.8,0.5,0.8,0.166666666666667,0.5,NA,NA,NA,NA,"exclusion",0.5,0.75,0.9,0,"2026-08-04","Goal 3 PBE-UD boundary rederivation"
"beta=1,cap","cap_formula_A=0.75_lambda1=1.00_waste=0.000",7,1,0.05,0.8,0.5,0.8,0.166666666666667,0.5,NA,NA,NA,NA,"exclusion",0.5,0.75,1,0,"2026-08-04","Goal 3 PBE-UD boundary rederivation"
"beta=1,cap","cap_formula_A=1.00_lambda1=0.00_waste=0.000",7,1,0.05,0.8,0.5,0.8,0.166666666666667,0.5,NA,NA,NA,NA,"exclusion",0.5,1,0,0,"2026-08-04","Goal 3 PBE-UD boundary rederivation"
"beta=1,cap","cap_formula_A=1.00_lambda1=0.50_waste=0.000",7,1,0.05,0.8,0.5,0.8,0.166666666666667,0.5,NA,NA,NA,NA,"exclusion",0.5,1,0.5,0,"2026-08-04","Goal 3 PBE-UD boundary rederivation"
"beta=1,cap","cap_formula_A=1.00_lambda1=0.90_waste=0.000",7,1,0.05,0.8,0.5,0.8,0.166666666666667,0.5,NA,NA,NA,NA,"exclusion",0.5,1,0.9,0,"2026-08-04","Goal 3 PBE-UD boundary rederivation"
"beta=1,cap","global_TY_cap",7,1,0.05,0.8,0.5,0.8,0.166666666666667,0.5,NA,NA,NA,TRUE,"exclusion",0.5,1,1,0,"2026-08-04","Goal 3 PBE-UD boundary rederivation"
"beta=1,cap","cap_formula_A=0.00_lambda1=0.00_waste=0.000",7,1,0.05,0.8,0.9,0.8,0.166666666666667,0.5,NA,NA,NA,NA,"exclusion",0.5,0,0,0,"2026-08-04","Goal 3 PBE-UD boundary rederivation"
"beta=1,cap","cap_formula_A=0.00_lambda1=0.50_waste=0.000",7,1,0.05,0.8,0.9,0.8,0.166666666666667,0.5,NA,NA,NA,NA,"exclusion",0.5,0,0.5,0,"2026-08-04","Goal 3 PBE-UD boundary rederivation"
"beta=1,cap","cap_formula_A=0.00_lambda1=0.90_waste=0.000",7,1,0.05,0.8,0.9,0.8,0.166666666666667,0.5,NA,NA,NA,NA,"exclusion",0.5,0,0.9,0,"2026-08-04","Goal 3 PBE-UD boundary rederivation"
"beta=1,cap","cap_formula_A=0.00_lambda1=1.00_waste=0.000",7,1,0.05,0.8,0.9,0.8,0.166666666666667,0.5,NA,NA,NA,NA,"exclusion",0.5,0,1,0,"2026-08-04","Goal 3 PBE-UD boundary rederivation"
"beta=1,cap","cap_formula_A=0.25_lambda1=0.00_waste=0.000",7,1,0.05,0.8,0.9,0.8,0.166666666666667,0.5,NA,NA,NA,NA,"exclusion",0.5,0.25,0,0,"2026-08-04","Goal 3 PBE-UD boundary rederivation"
"beta=1,cap","cap_formula_A=0.25_lambda1=0.50_waste=0.000",7,1,0.05,0.8,0.9,0.8,0.166666666666667,0.5,NA,NA,NA,NA,"exclusion",0.5,0.25,0.5,0,"2026-08-04","Goal 3 PBE-UD boundary rederivation"
"beta=1,cap","cap_formula_A=0.25_lambda1=0.90_waste=0.000",7,1,0.05,0.8,0.9,0.8,0.166666666666667,0.5,NA,NA,NA,NA,"exclusion",0.5,0.25,0.9,0,"2026-08-04","Goal 3 PBE-UD boundary rederivation"
"beta=1,cap","cap_formula_A=0.25_lambda1=1.00_waste=0.000",7,1,0.05,0.8,0.9,0.8,0.166666666666667,0.5,NA,NA,NA,NA,"exclusion",0.5,0.25,1,0,"2026-08-04","Goal 3 PBE-UD boundary rederivation"
"beta=1,cap","cap_formula_A=0.75_lambda1=0.00_waste=0.000",7,1,0.05,0.8,0.9,0.8,0.166666666666667,0.5,NA,NA,NA,NA,"exclusion",0.5,0.75,0,0,"2026-08-04","Goal 3 PBE-UD boundary rederivation"
"beta=1,cap","cap_formula_A=0.75_lambda1=0.50_waste=0.000",7,1,0.05,0.8,0.9,0.8,0.166666666666667,0.5,NA,NA,NA,NA,"exclusion",0.5,0.75,0.5,0,"2026-08-04","Goal 3 PBE-UD boundary rederivation"
"beta=1,cap","cap_formula_A=0.75_lambda1=0.90_waste=0.000",7,1,0.05,0.8,0.9,0.8,0.166666666666667,0.5,NA,NA,NA,NA,"exclusion",0.5,0.75,0.9,0,"2026-08-04","Goal 3 PBE-UD boundary rederivation"
"beta=1,cap","cap_formula_A=0.75_lambda1=1.00_waste=0.000",7,1,0.05,0.8,0.9,0.8,0.166666666666667,0.5,NA,NA,NA,NA,"exclusion",0.5,0.75,1,0,"2026-08-04","Goal 3 PBE-UD boundary rederivation"
"beta=1,cap","cap_formula_A=1.00_lambda1=0.00_waste=0.000",7,1,0.05,0.8,0.9,0.8,0.166666666666667,0.5,NA,NA,NA,NA,"exclusion",0.5,1,0,0,"2026-08-04","Goal 3 PBE-UD boundary rederivation"
"beta=1,cap","cap_formula_A=1.00_lambda1=0.50_waste=0.000",7,1,0.05,0.8,0.9,0.8,0.166666666666667,0.5,NA,NA,NA,NA,"exclusion",0.5,1,0.5,0,"2026-08-04","Goal 3 PBE-UD boundary rederivation"
"beta=1,cap","cap_formula_A=1.00_lambda1=0.90_waste=0.000",7,1,0.05,0.8,0.9,0.8,0.166666666666667,0.5,NA,NA,NA,NA,"exclusion",0.5,1,0.9,0,"2026-08-04","Goal 3 PBE-UD boundary rederivation"
"beta=1,cap","global_TY_cap",7,1,0.05,0.8,0.9,0.8,0.166666666666667,0.5,NA,NA,NA,TRUE,"exclusion",0.5,1,1,0,"2026-08-04","Goal 3 PBE-UD boundary rederivation"
"beta=1,cap","cap_formula_A=0.00_lambda1=0.00_waste=0.000",7,1,0.2,0.4,0.1,0.4,0.166666666666667,0.5,NA,NA,NA,NA,"exclusion",0.5,0,0,0,"2026-08-04","Goal 3 PBE-UD boundary rederivation"
"beta=1,cap","cap_formula_A=0.00_lambda1=0.50_waste=0.000",7,1,0.2,0.4,0.1,0.4,0.166666666666667,0.5,NA,NA,NA,NA,"exclusion",0.5,0,0.5,0,"2026-08-04","Goal 3 PBE-UD boundary rederivation"
"beta=1,cap","cap_formula_A=0.00_lambda1=0.90_waste=0.000",7,1,0.2,0.4,0.1,0.4,0.166666666666667,0.5,NA,NA,NA,NA,"exclusion",0.5,0,0.9,0,"2026-08-04","Goal 3 PBE-UD boundary rederivation"
"beta=1,cap","cap_formula_A=0.00_lambda1=1.00_waste=0.000",7,1,0.2,0.4,0.1,0.4,0.166666666666667,0.5,NA,NA,NA,NA,"exclusion",0.5,0,1,0,"2026-08-04","Goal 3 PBE-UD boundary rederivation"
"beta=1,cap","cap_formula_A=0.25_lambda1=0.00_waste=0.000",7,1,0.2,0.4,0.1,0.4,0.166666666666667,0.5,NA,NA,NA,NA,"exclusion",0.5,0.25,0,0,"2026-08-04","Goal 3 PBE-UD boundary rederivation"
"beta=1,cap","cap_formula_A=0.25_lambda1=0.50_waste=0.000",7,1,0.2,0.4,0.1,0.4,0.166666666666667,0.5,NA,NA,NA,NA,"exclusion",0.5,0.25,0.5,0,"2026-08-04","Goal 3 PBE-UD boundary rederivation"
"beta=1,cap","cap_formula_A=0.25_lambda1=0.90_waste=0.000",7,1,0.2,0.4,0.1,0.4,0.166666666666667,0.5,NA,NA,NA,NA,"exclusion",0.5,0.25,0.9,0,"2026-08-04","Goal 3 PBE-UD boundary rederivation"
"beta=1,cap","cap_formula_A=0.25_lambda1=1.00_waste=0.000",7,1,0.2,0.4,0.1,0.4,0.166666666666667,0.5,NA,NA,NA,NA,"exclusion",0.5,0.25,1,0,"2026-08-04","Goal 3 PBE-UD boundary rederivation"
"beta=1,cap","cap_formula_A=0.75_lambda1=0.00_waste=0.000",7,1,0.2,0.4,0.1,0.4,0.166666666666667,0.5,NA,NA,NA,NA,"exclusion",0.5,0.75,0,0,"2026-08-04","Goal 3 PBE-UD boundary rederivation"
"beta=1,cap","cap_formula_A=0.75_lambda1=0.50_waste=0.000",7,1,0.2,0.4,0.1,0.4,0.166666666666667,0.5,NA,NA,NA,NA,"exclusion",0.5,0.75,0.5,0,"2026-08-04","Goal 3 PBE-UD boundary rederivation"
"beta=1,cap","cap_formula_A=0.75_lambda1=0.90_waste=0.000",7,1,0.2,0.4,0.1,0.4,0.166666666666667,0.5,NA,NA,NA,NA,"exclusion",0.5,0.75,0.9,0,"2026-08-04","Goal 3 PBE-UD boundary rederivation"
"beta=1,cap","cap_formula_A=0.75_lambda1=1.00_waste=0.000",7,1,0.2,0.4,0.1,0.4,0.166666666666667,0.5,NA,NA,NA,NA,"exclusion",0.5,0.75,1,0,"2026-08-04","Goal 3 PBE-UD boundary rederivation"
"beta=1,cap","cap_formula_A=1.00_lambda1=0.00_waste=0.000",7,1,0.2,0.4,0.1,0.4,0.166666666666667,0.5,NA,NA,NA,NA,"exclusion",0.5,1,0,0,"2026-08-04","Goal 3 PBE-UD boundary rederivation"
"beta=1,cap","cap_formula_A=1.00_lambda1=0.50_waste=0.000",7,1,0.2,0.4,0.1,0.4,0.166666666666667,0.5,NA,NA,NA,NA,"exclusion",0.5,1,0.5,0,"2026-08-04","Goal 3 PBE-UD boundary rederivation"
"beta=1,cap","cap_formula_A=1.00_lambda1=0.90_waste=0.000",7,1,0.2,0.4,0.1,0.4,0.166666666666667,0.5,NA,NA,NA,NA,"exclusion",0.5,1,0.9,0,"2026-08-04","Goal 3 PBE-UD boundary rederivation"
"beta=1,cap","global_TY_cap",7,1,0.2,0.4,0.1,0.4,0.166666666666667,0.5,NA,NA,NA,TRUE,"exclusion",0.5,1,1,0,"2026-08-04","Goal 3 PBE-UD boundary rederivation"
"beta=1,cap","cap_formula_A=0.00_lambda1=0.00_waste=0.000",7,1,0.2,0.4,0.5,0.4,0.166666666666667,0.5,NA,NA,NA,NA,"exclusion",0.5,0,0,0,"2026-08-04","Goal 3 PBE-UD boundary rederivation"
"beta=1,cap","cap_formula_A=0.00_lambda1=0.50_waste=0.000",7,1,0.2,0.4,0.5,0.4,0.166666666666667,0.5,NA,NA,NA,NA,"exclusion",0.5,0,0.5,0,"2026-08-04","Goal 3 PBE-UD boundary rederivation"
"beta=1,cap","cap_formula_A=0.00_lambda1=0.90_waste=0.000",7,1,0.2,0.4,0.5,0.4,0.166666666666667,0.5,NA,NA,NA,NA,"exclusion",0.5,0,0.9,0,"2026-08-04","Goal 3 PBE-UD boundary rederivation"
"beta=1,cap","cap_formula_A=0.00_lambda1=1.00_waste=0.000",7,1,0.2,0.4,0.5,0.4,0.166666666666667,0.5,NA,NA,NA,NA,"exclusion",0.5,0,1,0,"2026-08-04","Goal 3 PBE-UD boundary rederivation"
"beta=1,cap","cap_formula_A=0.25_lambda1=0.00_waste=0.000",7,1,0.2,0.4,0.5,0.4,0.166666666666667,0.5,NA,NA,NA,NA,"exclusion",0.5,0.25,0,0,"2026-08-04","Goal 3 PBE-UD boundary rederivation"
"beta=1,cap","cap_formula_A=0.25_lambda1=0.50_waste=0.000",7,1,0.2,0.4,0.5,0.4,0.166666666666667,0.5,NA,NA,NA,NA,"exclusion",0.5,0.25,0.5,0,"2026-08-04","Goal 3 PBE-UD boundary rederivation"
"beta=1,cap","cap_formula_A=0.25_lambda1=0.90_waste=0.000",7,1,0.2,0.4,0.5,0.4,0.166666666666667,0.5,NA,NA,NA,NA,"exclusion",0.5,0.25,0.9,0,"2026-08-04","Goal 3 PBE-UD boundary rederivation"
"beta=1,cap","cap_formula_A=0.25_lambda1=1.00_waste=0.000",7,1,0.2,0.4,0.5,0.4,0.166666666666667,0.5,NA,NA,NA,NA,"exclusion",0.5,0.25,1,0,"2026-08-04","Goal 3 PBE-UD boundary rederivation"
"beta=1,cap","cap_formula_A=0.75_lambda1=0.00_waste=0.000",7,1,0.2,0.4,0.5,0.4,0.166666666666667,0.5,NA,NA,NA,NA,"exclusion",0.5,0.75,0,0,"2026-08-04","Goal 3 PBE-UD boundary rederivation"
"beta=1,cap","cap_formula_A=0.75_lambda1=0.50_waste=0.000",7,1,0.2,0.4,0.5,0.4,0.166666666666667,0.5,NA,NA,NA,NA,"exclusion",0.5,0.75,0.5,0,"2026-08-04","Goal 3 PBE-UD boundary rederivation"
"beta=1,cap","cap_formula_A=0.75_lambda1=0.90_waste=0.000",7,1,0.2,0.4,0.5,0.4,0.166666666666667,0.5,NA,NA,NA,NA,"exclusion",0.5,0.75,0.9,0,"2026-08-04","Goal 3 PBE-UD boundary rederivation"
"beta=1,cap","cap_formula_A=0.75_lambda1=1.00_waste=0.000",7,1,0.2,0.4,0.5,0.4,0.166666666666667,0.5,NA,NA,NA,NA,"exclusion",0.5,0.75,1,0,"2026-08-04","Goal 3 PBE-UD boundary rederivation"
"beta=1,cap","cap_formula_A=1.00_lambda1=0.00_waste=0.000",7,1,0.2,0.4,0.5,0.4,0.166666666666667,0.5,NA,NA,NA,NA,"exclusion",0.5,1,0,0,"2026-08-04","Goal 3 PBE-UD boundary rederivation"
"beta=1,cap","cap_formula_A=1.00_lambda1=0.50_waste=0.000",7,1,0.2,0.4,0.5,0.4,0.166666666666667,0.5,NA,NA,NA,NA,"exclusion",0.5,1,0.5,0,"2026-08-04","Goal 3 PBE-UD boundary rederivation"
"beta=1,cap","cap_formula_A=1.00_lambda1=0.90_waste=0.000",7,1,0.2,0.4,0.5,0.4,0.166666666666667,0.5,NA,NA,NA,NA,"exclusion",0.5,1,0.9,0,"2026-08-04","Goal 3 PBE-UD boundary rederivation"
"beta=1,cap","global_TY_cap",7,1,0.2,0.4,0.5,0.4,0.166666666666667,0.5,NA,NA,NA,TRUE,"exclusion",0.5,1,1,0,"2026-08-04","Goal 3 PBE-UD boundary rederivation"
"beta=1,cap","cap_formula_A=0.00_lambda1=0.00_waste=0.000",7,1,0.2,0.4,0.9,0.4,0.166666666666667,0.5,NA,NA,NA,NA,"exclusion",0.5,0,0,0,"2026-08-04","Goal 3 PBE-UD boundary rederivation"
"beta=1,cap","cap_formula_A=0.00_lambda1=0.50_waste=0.000",7,1,0.2,0.4,0.9,0.4,0.166666666666667,0.5,NA,NA,NA,NA,"exclusion",0.5,0,0.5,0,"2026-08-04","Goal 3 PBE-UD boundary rederivation"
"beta=1,cap","cap_formula_A=0.00_lambda1=0.90_waste=0.000",7,1,0.2,0.4,0.9,0.4,0.166666666666667,0.5,NA,NA,NA,NA,"exclusion",0.5,0,0.9,0,"2026-08-04","Goal 3 PBE-UD boundary rederivation"
"beta=1,cap","cap_formula_A=0.00_lambda1=1.00_waste=0.000",7,1,0.2,0.4,0.9,0.4,0.166666666666667,0.5,NA,NA,NA,NA,"exclusion",0.5,0,1,0,"2026-08-04","Goal 3 PBE-UD boundary rederivation"
"beta=1,cap","cap_formula_A=0.25_lambda1=0.00_waste=0.000",7,1,0.2,0.4,0.9,0.4,0.166666666666667,0.5,NA,NA,NA,NA,"exclusion",0.5,0.25,0,0,"2026-08-04","Goal 3 PBE-UD boundary rederivation"
"beta=1,cap","cap_formula_A=0.25_lambda1=0.50_waste=0.000",7,1,0.2,0.4,0.9,0.4,0.166666666666667,0.5,NA,NA,NA,NA,"exclusion",0.5,0.25,0.5,0,"2026-08-04","Goal 3 PBE-UD boundary rederivation"
"beta=1,cap","cap_formula_A=0.25_lambda1=0.90_waste=0.000",7,1,0.2,0.4,0.9,0.4,0.166666666666667,0.5,NA,NA,NA,NA,"exclusion",0.5,0.25,0.9,0,"2026-08-04","Goal 3 PBE-UD boundary rederivation"
"beta=1,cap","cap_formula_A=0.25_lambda1=1.00_waste=0.000",7,1,0.2,0.4,0.9,0.4,0.166666666666667,0.5,NA,NA,NA,NA,"exclusion",0.5,0.25,1,0,"2026-08-04","Goal 3 PBE-UD boundary rederivation"
"beta=1,cap","cap_formula_A=0.75_lambda1=0.00_waste=0.000",7,1,0.2,0.4,0.9,0.4,0.166666666666667,0.5,NA,NA,NA,NA,"exclusion",0.5,0.75,0,0,"2026-08-04","Goal 3 PBE-UD boundary rederivation"
"beta=1,cap","cap_formula_A=0.75_lambda1=0.50_waste=0.000",7,1,0.2,0.4,0.9,0.4,0.166666666666667,0.5,NA,NA,NA,NA,"exclusion",0.5,0.75,0.5,0,"2026-08-04","Goal 3 PBE-UD boundary rederivation"
"beta=1,cap","cap_formula_A=0.75_lambda1=0.90_waste=0.000",7,1,0.2,0.4,0.9,0.4,0.166666666666667,0.5,NA,NA,NA,NA,"exclusion",0.5,0.75,0.9,0,"2026-08-04","Goal 3 PBE-UD boundary rederivation"
"beta=1,cap","cap_formula_A=0.75_lambda1=1.00_waste=0.000",7,1,0.2,0.4,0.9,0.4,0.166666666666667,0.5,NA,NA,NA,NA,"exclusion",0.5,0.75,1,0,"2026-08-04","Goal 3 PBE-UD boundary rederivation"
"beta=1,cap","cap_formula_A=1.00_lambda1=0.00_waste=0.000",7,1,0.2,0.4,0.9,0.4,0.166666666666667,0.5,NA,NA,NA,NA,"exclusion",0.5,1,0,0,"2026-08-04","Goal 3 PBE-UD boundary rederivation"
"beta=1,cap","cap_formula_A=1.00_lambda1=0.50_waste=0.000",7,1,0.2,0.4,0.9,0.4,0.166666666666667,0.5,NA,NA,NA,NA,"exclusion",0.5,1,0.5,0,"2026-08-04","Goal 3 PBE-UD boundary rederivation"
"beta=1,cap","cap_formula_A=1.00_lambda1=0.90_waste=0.000",7,1,0.2,0.4,0.9,0.4,0.166666666666667,0.5,NA,NA,NA,NA,"exclusion",0.5,1,0.9,0,"2026-08-04","Goal 3 PBE-UD boundary rederivation"
"beta=1,cap","global_TY_cap",7,1,0.2,0.4,0.9,0.4,0.166666666666667,0.5,NA,NA,NA,TRUE,"exclusion",0.5,1,1,0,"2026-08-04","Goal 3 PBE-UD boundary rederivation"
"beta=1,cap","cap_formula_A=0.00_lambda1=0.00_waste=0.000",7,1,0.2,0.8,0.1,0.8,0.166666666666667,0.5,NA,NA,NA,NA,"exclusion",0.5,0,0,0,"2026-08-04","Goal 3 PBE-UD boundary rederivation"
"beta=1,cap","cap_formula_A=0.00_lambda1=0.50_waste=0.000",7,1,0.2,0.8,0.1,0.8,0.166666666666667,0.5,NA,NA,NA,NA,"exclusion",0.5,0,0.5,0,"2026-08-04","Goal 3 PBE-UD boundary rederivation"
"beta=1,cap","cap_formula_A=0.00_lambda1=0.90_waste=0.000",7,1,0.2,0.8,0.1,0.8,0.166666666666667,0.5,NA,NA,NA,NA,"exclusion",0.5,0,0.9,0,"2026-08-04","Goal 3 PBE-UD boundary rederivation"
"beta=1,cap","cap_formula_A=0.00_lambda1=1.00_waste=0.000",7,1,0.2,0.8,0.1,0.8,0.166666666666667,0.5,NA,NA,NA,NA,"exclusion",0.5,0,1,0,"2026-08-04","Goal 3 PBE-UD boundary rederivation"
"beta=1,cap","cap_formula_A=0.25_lambda1=0.00_waste=0.000",7,1,0.2,0.8,0.1,0.8,0.166666666666667,0.5,NA,NA,NA,NA,"exclusion",0.5,0.25,0,0,"2026-08-04","Goal 3 PBE-UD boundary rederivation"
"beta=1,cap","cap_formula_A=0.25_lambda1=0.50_waste=0.000",7,1,0.2,0.8,0.1,0.8,0.166666666666667,0.5,NA,NA,NA,NA,"exclusion",0.5,0.25,0.5,0,"2026-08-04","Goal 3 PBE-UD boundary rederivation"
"beta=1,cap","cap_formula_A=0.25_lambda1=0.90_waste=0.000",7,1,0.2,0.8,0.1,0.8,0.166666666666667,0.5,NA,NA,NA,NA,"exclusion",0.5,0.25,0.9,0,"2026-08-04","Goal 3 PBE-UD boundary rederivation"
"beta=1,cap","cap_formula_A=0.25_lambda1=1.00_waste=0.000",7,1,0.2,0.8,0.1,0.8,0.166666666666667,0.5,NA,NA,NA,NA,"exclusion",0.5,0.25,1,0,"2026-08-04","Goal 3 PBE-UD boundary rederivation"
"beta=1,cap","cap_formula_A=0.75_lambda1=0.00_waste=0.000",7,1,0.2,0.8,0.1,0.8,0.166666666666667,0.5,NA,NA,NA,NA,"exclusion",0.5,0.75,0,0,"2026-08-04","Goal 3 PBE-UD boundary rederivation"
"beta=1,cap","cap_formula_A=0.75_lambda1=0.50_waste=0.000",7,1,0.2,0.8,0.1,0.8,0.166666666666667,0.5,NA,NA,NA,NA,"exclusion",0.5,0.75,0.5,0,"2026-08-04","Goal 3 PBE-UD boundary rederivation"
"beta=1,cap","cap_formula_A=0.75_lambda1=0.90_waste=0.000",7,1,0.2,0.8,0.1,0.8,0.166666666666667,0.5,NA,NA,NA,NA,"exclusion",0.5,0.75,0.9,0,"2026-08-04","Goal 3 PBE-UD boundary rederivation"
"beta=1,cap","cap_formula_A=0.75_lambda1=1.00_waste=0.000",7,1,0.2,0.8,0.1,0.8,0.166666666666667,0.5,NA,NA,NA,NA,"exclusion",0.5,0.75,1,0,"2026-08-04","Goal 3 PBE-UD boundary rederivation"
"beta=1,cap","cap_formula_A=1.00_lambda1=0.00_waste=0.000",7,1,0.2,0.8,0.1,0.8,0.166666666666667,0.5,NA,NA,NA,NA,"exclusion",0.5,1,0,0,"2026-08-04","Goal 3 PBE-UD boundary rederivation"
"beta=1,cap","cap_formula_A=1.00_lambda1=0.50_waste=0.000",7,1,0.2,0.8,0.1,0.8,0.166666666666667,0.5,NA,NA,NA,NA,"exclusion",0.5,1,0.5,0,"2026-08-04","Goal 3 PBE-UD boundary rederivation"
"beta=1,cap","cap_formula_A=1.00_lambda1=0.90_waste=0.000",7,1,0.2,0.8,0.1,0.8,0.166666666666667,0.5,NA,NA,NA,NA,"exclusion",0.5,1,0.9,0,"2026-08-04","Goal 3 PBE-UD boundary rederivation"
"beta=1,cap","global_TY_cap",7,1,0.2,0.8,0.1,0.8,0.166666666666667,0.5,NA,NA,NA,TRUE,"exclusion",0.5,1,1,0,"2026-08-04","Goal 3 PBE-UD boundary rederivation"
"beta=1,cap","cap_formula_A=0.00_lambda1=0.00_waste=0.000",7,1,0.2,0.8,0.5,0.8,0.166666666666667,0.5,NA,NA,NA,NA,"exclusion",0.5,0,0,0,"2026-08-04","Goal 3 PBE-UD boundary rederivation"
"beta=1,cap","cap_formula_A=0.00_lambda1=0.50_waste=0.000",7,1,0.2,0.8,0.5,0.8,0.166666666666667,0.5,NA,NA,NA,NA,"exclusion",0.5,0,0.5,0,"2026-08-04","Goal 3 PBE-UD boundary rederivation"
"beta=1,cap","cap_formula_A=0.00_lambda1=0.90_waste=0.000",7,1,0.2,0.8,0.5,0.8,0.166666666666667,0.5,NA,NA,NA,NA,"exclusion",0.5,0,0.9,0,"2026-08-04","Goal 3 PBE-UD boundary rederivation"
"beta=1,cap","cap_formula_A=0.00_lambda1=1.00_waste=0.000",7,1,0.2,0.8,0.5,0.8,0.166666666666667,0.5,NA,NA,NA,NA,"exclusion",0.5,0,1,0,"2026-08-04","Goal 3 PBE-UD boundary rederivation"
"beta=1,cap","cap_formula_A=0.25_lambda1=0.00_waste=0.000",7,1,0.2,0.8,0.5,0.8,0.166666666666667,0.5,NA,NA,NA,NA,"exclusion",0.5,0.25,0,0,"2026-08-04","Goal 3 PBE-UD boundary rederivation"
"beta=1,cap","cap_formula_A=0.25_lambda1=0.50_waste=0.000",7,1,0.2,0.8,0.5,0.8,0.166666666666667,0.5,NA,NA,NA,NA,"exclusion",0.5,0.25,0.5,0,"2026-08-04","Goal 3 PBE-UD boundary rederivation"
"beta=1,cap","cap_formula_A=0.25_lambda1=0.90_waste=0.000",7,1,0.2,0.8,0.5,0.8,0.166666666666667,0.5,NA,NA,NA,NA,"exclusion",0.5,0.25,0.9,0,"2026-08-04","Goal 3 PBE-UD boundary rederivation"
"beta=1,cap","cap_formula_A=0.25_lambda1=1.00_waste=0.000",7,1,0.2,0.8,0.5,0.8,0.166666666666667,0.5,NA,NA,NA,NA,"exclusion",0.5,0.25,1,0,"2026-08-04","Goal 3 PBE-UD boundary rederivation"
"beta=1,cap","cap_formula_A=0.75_lambda1=0.00_waste=0.000",7,1,0.2,0.8,0.5,0.8,0.166666666666667,0.5,NA,NA,NA,NA,"exclusion",0.5,0.75,0,0,"2026-08-04","Goal 3 PBE-UD boundary rederivation"
"beta=1,cap","cap_formula_A=0.75_lambda1=0.50_waste=0.000",7,1,0.2,0.8,0.5,0.8,0.166666666666667,0.5,NA,NA,NA,NA,"exclusion",0.5,0.75,0.5,0,"2026-08-04","Goal 3 PBE-UD boundary rederivation"
"beta=1,cap","cap_formula_A=0.75_lambda1=0.90_waste=0.000",7,1,0.2,0.8,0.5,0.8,0.166666666666667,0.5,NA,NA,NA,NA,"exclusion",0.5,0.75,0.9,0,"2026-08-04","Goal 3 PBE-UD boundary rederivation"
"beta=1,cap","cap_formula_A=0.75_lambda1=1.00_waste=0.000",7,1,0.2,0.8,0.5,0.8,0.166666666666667,0.5,NA,NA,NA,NA,"exclusion",0.5,0.75,1,0,"2026-08-04","Goal 3 PBE-UD boundary rederivation"
"beta=1,cap","cap_formula_A=1.00_lambda1=0.00_waste=0.000",7,1,0.2,0.8,0.5,0.8,0.166666666666667,0.5,NA,NA,NA,NA,"exclusion",0.5,1,0,0,"2026-08-04","Goal 3 PBE-UD boundary rederivation"
"beta=1,cap","cap_formula_A=1.00_lambda1=0.50_waste=0.000",7,1,0.2,0.8,0.5,0.8,0.166666666666667,0.5,NA,NA,NA,NA,"exclusion",0.5,1,0.5,0,"2026-08-04","Goal 3 PBE-UD boundary rederivation"
"beta=1,cap","cap_formula_A=1.00_lambda1=0.90_waste=0.000",7,1,0.2,0.8,0.5,0.8,0.166666666666667,0.5,NA,NA,NA,NA,"exclusion",0.5,1,0.9,0,"2026-08-04","Goal 3 PBE-UD boundary rederivation"
"beta=1,cap","global_TY_cap",7,1,0.2,0.8,0.5,0.8,0.166666666666667,0.5,NA,NA,NA,TRUE,"exclusion",0.5,1,1,0,"2026-08-04","Goal 3 PBE-UD boundary rederivation"
"beta=1,cap","cap_formula_A=0.00_lambda1=0.00_waste=0.000",7,1,0.2,0.8,0.9,0.8,0.166666666666667,0.5,NA,NA,NA,NA,"exclusion",0.5,0,0,0,"2026-08-04","Goal 3 PBE-UD boundary rederivation"
"beta=1,cap","cap_formula_A=0.00_lambda1=0.50_waste=0.000",7,1,0.2,0.8,0.9,0.8,0.166666666666667,0.5,NA,NA,NA,NA,"exclusion",0.5,0,0.5,0,"2026-08-04","Goal 3 PBE-UD boundary rederivation"
"beta=1,cap","cap_formula_A=0.00_lambda1=0.90_waste=0.000",7,1,0.2,0.8,0.9,0.8,0.166666666666667,0.5,NA,NA,NA,NA,"exclusion",0.5,0,0.9,0,"2026-08-04","Goal 3 PBE-UD boundary rederivation"
"beta=1,cap","cap_formula_A=0.00_lambda1=1.00_waste=0.000",7,1,0.2,0.8,0.9,0.8,0.166666666666667,0.5,NA,NA,NA,NA,"exclusion",0.5,0,1,0,"2026-08-04","Goal 3 PBE-UD boundary rederivation"
"beta=1,cap","cap_formula_A=0.25_lambda1=0.00_waste=0.000",7,1,0.2,0.8,0.9,0.8,0.166666666666667,0.5,NA,NA,NA,NA,"exclusion",0.5,0.25,0,0,"2026-08-04","Goal 3 PBE-UD boundary rederivation"
"beta=1,cap","cap_formula_A=0.25_lambda1=0.50_waste=0.000",7,1,0.2,0.8,0.9,0.8,0.166666666666667,0.5,NA,NA,NA,NA,"exclusion",0.5,0.25,0.5,0,"2026-08-04","Goal 3 PBE-UD boundary rederivation"
"beta=1,cap","cap_formula_A=0.25_lambda1=0.90_waste=0.000",7,1,0.2,0.8,0.9,0.8,0.166666666666667,0.5,NA,NA,NA,NA,"exclusion",0.5,0.25,0.9,0,"2026-08-04","Goal 3 PBE-UD boundary rederivation"
"beta=1,cap","cap_formula_A=0.25_lambda1=1.00_waste=0.000",7,1,0.2,0.8,0.9,0.8,0.166666666666667,0.5,NA,NA,NA,NA,"exclusion",0.5,0.25,1,0,"2026-08-04","Goal 3 PBE-UD boundary rederivation"
"beta=1,cap","cap_formula_A=0.75_lambda1=0.00_waste=0.000",7,1,0.2,0.8,0.9,0.8,0.166666666666667,0.5,NA,NA,NA,NA,"exclusion",0.5,0.75,0,0,"2026-08-04","Goal 3 PBE-UD boundary rederivation"
"beta=1,cap","cap_formula_A=0.75_lambda1=0.50_waste=0.000",7,1,0.2,0.8,0.9,0.8,0.166666666666667,0.5,NA,NA,NA,NA,"exclusion",0.5,0.75,0.5,0,"2026-08-04","Goal 3 PBE-UD boundary rederivation"
"beta=1,cap","cap_formula_A=0.75_lambda1=0.90_waste=0.000",7,1,0.2,0.8,0.9,0.8,0.166666666666667,0.5,NA,NA,NA,NA,"exclusion",0.5,0.75,0.9,0,"2026-08-04","Goal 3 PBE-UD boundary rederivation"
"beta=1,cap","cap_formula_A=0.75_lambda1=1.00_waste=0.000",7,1,0.2,0.8,0.9,0.8,0.166666666666667,0.5,NA,NA,NA,NA,"exclusion",0.5,0.75,1,0,"2026-08-04","Goal 3 PBE-UD boundary rederivation"
"beta=1,cap","cap_formula_A=1.00_lambda1=0.00_waste=0.000",7,1,0.2,0.8,0.9,0.8,0.166666666666667,0.5,NA,NA,NA,NA,"exclusion",0.5,1,0,0,"2026-08-04","Goal 3 PBE-UD boundary rederivation"
"beta=1,cap","cap_formula_A=1.00_lambda1=0.50_waste=0.000",7,1,0.2,0.8,0.9,0.8,0.166666666666667,0.5,NA,NA,NA,NA,"exclusion",0.5,1,0.5,0,"2026-08-04","Goal 3 PBE-UD boundary rederivation"
"beta=1,cap","cap_formula_A=1.00_lambda1=0.90_waste=0.000",7,1,0.2,0.8,0.9,0.8,0.166666666666667,0.5,NA,NA,NA,NA,"exclusion",0.5,1,0.9,0,"2026-08-04","Goal 3 PBE-UD boundary rederivation"
"beta=1,cap","global_TY_cap",7,1,0.2,0.8,0.9,0.8,0.166666666666667,0.5,NA,NA,NA,TRUE,"exclusion",0.5,1,1,0,"2026-08-04","Goal 3 PBE-UD boundary rederivation"
"beta=1,cap","cap_formula_A=0.00_lambda1=0.00_waste=0.000",8,1,0.05,0.4,0.1,0.4,0.142857142857143,0.428571428571429,NA,NA,NA,NA,"low_only",0.483571428571429,0,0,0,"2026-08-04","Goal 3 PBE-UD boundary rederivation"
"beta=1,cap","cap_formula_A=0.00_lambda1=0.50_waste=0.000",8,1,0.05,0.4,0.1,0.4,0.142857142857143,0.428571428571429,NA,NA,NA,NA,"low_only",0.483571428571429,0,0.5,0,"2026-08-04","Goal 3 PBE-UD boundary rederivation"
"beta=1,cap","cap_formula_A=0.00_lambda1=0.90_waste=0.000",8,1,0.05,0.4,0.1,0.4,0.142857142857143,0.428571428571429,NA,NA,NA,NA,"low_only",0.483571428571429,0,0.9,0,"2026-08-04","Goal 3 PBE-UD boundary rederivation"
"beta=1,cap","cap_formula_A=0.00_lambda1=1.00_waste=0.000",8,1,0.05,0.4,0.1,0.4,0.142857142857143,0.428571428571429,NA,NA,NA,NA,"low_only",0.483571428571429,0,1,0,"2026-08-04","Goal 3 PBE-UD boundary rederivation"
"beta=1,cap","cap_formula_A=0.25_lambda1=0.00_waste=0.000",8,1,0.05,0.4,0.1,0.4,0.142857142857143,0.428571428571429,NA,NA,NA,NA,"low_only",0.483571428571429,0.25,0,0,"2026-08-04","Goal 3 PBE-UD boundary rederivation"
"beta=1,cap","cap_formula_A=0.25_lambda1=0.50_waste=0.000",8,1,0.05,0.4,0.1,0.4,0.142857142857143,0.428571428571429,NA,NA,NA,NA,"low_only",0.483571428571429,0.25,0.5,0,"2026-08-04","Goal 3 PBE-UD boundary rederivation"
"beta=1,cap","cap_formula_A=0.25_lambda1=0.90_waste=0.000",8,1,0.05,0.4,0.1,0.4,0.142857142857143,0.428571428571429,NA,NA,NA,NA,"low_only",0.483571428571429,0.25,0.9,0,"2026-08-04","Goal 3 PBE-UD boundary rederivation"
"beta=1,cap","cap_formula_A=0.25_lambda1=1.00_waste=0.000",8,1,0.05,0.4,0.1,0.4,0.142857142857143,0.428571428571429,NA,NA,NA,NA,"low_only",0.483571428571429,0.25,1,0,"2026-08-04","Goal 3 PBE-UD boundary rederivation"
"beta=1,cap","cap_formula_A=0.75_lambda1=0.00_waste=0.000",8,1,0.05,0.4,0.1,0.4,0.142857142857143,0.428571428571429,NA,NA,NA,NA,"low_only",0.483571428571429,0.75,0,0,"2026-08-04","Goal 3 PBE-UD boundary rederivation"
"beta=1,cap","cap_formula_A=0.75_lambda1=0.50_waste=0.000",8,1,0.05,0.4,0.1,0.4,0.142857142857143,0.428571428571429,NA,NA,NA,NA,"low_only",0.483571428571429,0.75,0.5,0,"2026-08-04","Goal 3 PBE-UD boundary rederivation"
"beta=1,cap","cap_formula_A=0.75_lambda1=0.90_waste=0.000",8,1,0.05,0.4,0.1,0.4,0.142857142857143,0.428571428571429,NA,NA,NA,NA,"low_only",0.483571428571429,0.75,0.9,0,"2026-08-04","Goal 3 PBE-UD boundary rederivation"
"beta=1,cap","cap_formula_A=0.75_lambda1=1.00_waste=0.000",8,1,0.05,0.4,0.1,0.4,0.142857142857143,0.428571428571429,NA,NA,NA,NA,"low_only",0.483571428571429,0.75,1,0,"2026-08-04","Goal 3 PBE-UD boundary rederivation"
"beta=1,cap","cap_formula_A=1.00_lambda1=0.00_waste=0.000",8,1,0.05,0.4,0.1,0.4,0.142857142857143,0.428571428571429,NA,NA,NA,NA,"low_only",0.483571428571429,1,0,0,"2026-08-04","Goal 3 PBE-UD boundary rederivation"
"beta=1,cap","cap_formula_A=1.00_lambda1=0.50_waste=0.000",8,1,0.05,0.4,0.1,0.4,0.142857142857143,0.428571428571429,NA,NA,NA,NA,"low_only",0.483571428571429,1,0.5,0,"2026-08-04","Goal 3 PBE-UD boundary rederivation"
"beta=1,cap","cap_formula_A=1.00_lambda1=0.90_waste=0.000",8,1,0.05,0.4,0.1,0.4,0.142857142857143,0.428571428571429,NA,NA,NA,NA,"low_only",0.483571428571429,1,0.9,0,"2026-08-04","Goal 3 PBE-UD boundary rederivation"
"beta=1,cap","global_TY_cap",8,1,0.05,0.4,0.1,0.4,0.142857142857143,0.428571428571429,NA,NA,NA,TRUE,"low_only",0.483571428571429,1,1,0,"2026-08-04","Goal 3 PBE-UD boundary rederivation"
"beta=1,cap","cap_formula_A=0.00_lambda1=0.00_waste=0.000",8,1,0.05,0.4,0.5,0.4,0.142857142857143,0.428571428571429,NA,NA,NA,NA,"exclusion",0.428571428571429,0,0,0,"2026-08-04","Goal 3 PBE-UD boundary rederivation"
"beta=1,cap","cap_formula_A=0.00_lambda1=0.50_waste=0.000",8,1,0.05,0.4,0.5,0.4,0.142857142857143,0.428571428571429,NA,NA,NA,NA,"exclusion",0.428571428571429,0,0.5,0,"2026-08-04","Goal 3 PBE-UD boundary rederivation"
"beta=1,cap","cap_formula_A=0.00_lambda1=0.90_waste=0.000",8,1,0.05,0.4,0.5,0.4,0.142857142857143,0.428571428571429,NA,NA,NA,NA,"exclusion",0.428571428571429,0,0.9,0,"2026-08-04","Goal 3 PBE-UD boundary rederivation"
"beta=1,cap","cap_formula_A=0.00_lambda1=1.00_waste=0.000",8,1,0.05,0.4,0.5,0.4,0.142857142857143,0.428571428571429,NA,NA,NA,NA,"exclusion",0.428571428571429,0,1,0,"2026-08-04","Goal 3 PBE-UD boundary rederivation"
"beta=1,cap","cap_formula_A=0.25_lambda1=0.00_waste=0.000",8,1,0.05,0.4,0.5,0.4,0.142857142857143,0.428571428571429,NA,NA,NA,NA,"exclusion",0.428571428571429,0.25,0,0,"2026-08-04","Goal 3 PBE-UD boundary rederivation"
"beta=1,cap","cap_formula_A=0.25_lambda1=0.50_waste=0.000",8,1,0.05,0.4,0.5,0.4,0.142857142857143,0.428571428571429,NA,NA,NA,NA,"exclusion",0.428571428571429,0.25,0.5,0,"2026-08-04","Goal 3 PBE-UD boundary rederivation"
"beta=1,cap","cap_formula_A=0.25_lambda1=0.90_waste=0.000",8,1,0.05,0.4,0.5,0.4,0.142857142857143,0.428571428571429,NA,NA,NA,NA,"exclusion",0.428571428571429,0.25,0.9,0,"2026-08-04","Goal 3 PBE-UD boundary rederivation"
"beta=1,cap","cap_formula_A=0.25_lambda1=1.00_waste=0.000",8,1,0.05,0.4,0.5,0.4,0.142857142857143,0.428571428571429,NA,NA,NA,NA,"exclusion",0.428571428571429,0.25,1,0,"2026-08-04","Goal 3 PBE-UD boundary rederivation"
"beta=1,cap","cap_formula_A=0.75_lambda1=0.00_waste=0.000",8,1,0.05,0.4,0.5,0.4,0.142857142857143,0.428571428571429,NA,NA,NA,NA,"exclusion",0.428571428571429,0.75,0,0,"2026-08-04","Goal 3 PBE-UD boundary rederivation"
"beta=1,cap","cap_formula_A=0.75_lambda1=0.50_waste=0.000",8,1,0.05,0.4,0.5,0.4,0.142857142857143,0.428571428571429,NA,NA,NA,NA,"exclusion",0.428571428571429,0.75,0.5,0,"2026-08-04","Goal 3 PBE-UD boundary rederivation"
"beta=1,cap","cap_formula_A=0.75_lambda1=0.90_waste=0.000",8,1,0.05,0.4,0.5,0.4,0.142857142857143,0.428571428571429,NA,NA,NA,NA,"exclusion",0.428571428571429,0.75,0.9,0,"2026-08-04","Goal 3 PBE-UD boundary rederivation"
"beta=1,cap","cap_formula_A=0.75_lambda1=1.00_waste=0.000",8,1,0.05,0.4,0.5,0.4,0.142857142857143,0.428571428571429,NA,NA,NA,NA,"exclusion",0.428571428571429,0.75,1,0,"2026-08-04","Goal 3 PBE-UD boundary rederivation"
"beta=1,cap","cap_formula_A=1.00_lambda1=0.00_waste=0.000",8,1,0.05,0.4,0.5,0.4,0.142857142857143,0.428571428571429,NA,NA,NA,NA,"exclusion",0.428571428571429,1,0,0,"2026-08-04","Goal 3 PBE-UD boundary rederivation"
"beta=1,cap","cap_formula_A=1.00_lambda1=0.50_waste=0.000",8,1,0.05,0.4,0.5,0.4,0.142857142857143,0.428571428571429,NA,NA,NA,NA,"exclusion",0.428571428571429,1,0.5,0,"2026-08-04","Goal 3 PBE-UD boundary rederivation"
"beta=1,cap","cap_formula_A=1.00_lambda1=0.90_waste=0.000",8,1,0.05,0.4,0.5,0.4,0.142857142857143,0.428571428571429,NA,NA,NA,NA,"exclusion",0.428571428571429,1,0.9,0,"2026-08-04","Goal 3 PBE-UD boundary rederivation"
"beta=1,cap","global_TY_cap",8,1,0.05,0.4,0.5,0.4,0.142857142857143,0.428571428571429,NA,NA,NA,TRUE,"exclusion",0.428571428571429,1,1,0,"2026-08-04","Goal 3 PBE-UD boundary rederivation"
"beta=1,cap","cap_formula_A=0.00_lambda1=0.00_waste=0.000",8,1,0.05,0.4,0.9,0.4,0.142857142857143,0.428571428571429,NA,NA,NA,NA,"exclusion",0.428571428571429,0,0,0,"2026-08-04","Goal 3 PBE-UD boundary rederivation"
"beta=1,cap","cap_formula_A=0.00_lambda1=0.50_waste=0.000",8,1,0.05,0.4,0.9,0.4,0.142857142857143,0.428571428571429,NA,NA,NA,NA,"exclusion",0.428571428571429,0,0.5,0,"2026-08-04","Goal 3 PBE-UD boundary rederivation"
"beta=1,cap","cap_formula_A=0.00_lambda1=0.90_waste=0.000",8,1,0.05,0.4,0.9,0.4,0.142857142857143,0.428571428571429,NA,NA,NA,NA,"exclusion",0.428571428571429,0,0.9,0,"2026-08-04","Goal 3 PBE-UD boundary rederivation"
"beta=1,cap","cap_formula_A=0.00_lambda1=1.00_waste=0.000",8,1,0.05,0.4,0.9,0.4,0.142857142857143,0.428571428571429,NA,NA,NA,NA,"exclusion",0.428571428571429,0,1,0,"2026-08-04","Goal 3 PBE-UD boundary rederivation"
"beta=1,cap","cap_formula_A=0.25_lambda1=0.00_waste=0.000",8,1,0.05,0.4,0.9,0.4,0.142857142857143,0.428571428571429,NA,NA,NA,NA,"exclusion",0.428571428571429,0.25,0,0,"2026-08-04","Goal 3 PBE-UD boundary rederivation"
"beta=1,cap","cap_formula_A=0.25_lambda1=0.50_waste=0.000",8,1,0.05,0.4,0.9,0.4,0.142857142857143,0.428571428571429,NA,NA,NA,NA,"exclusion",0.428571428571429,0.25,0.5,0,"2026-08-04","Goal 3 PBE-UD boundary rederivation"
"beta=1,cap","cap_formula_A=0.25_lambda1=0.90_waste=0.000",8,1,0.05,0.4,0.9,0.4,0.142857142857143,0.428571428571429,NA,NA,NA,NA,"exclusion",0.428571428571429,0.25,0.9,0,"2026-08-04","Goal 3 PBE-UD boundary rederivation"
"beta=1,cap","cap_formula_A=0.25_lambda1=1.00_waste=0.000",8,1,0.05,0.4,0.9,0.4,0.142857142857143,0.428571428571429,NA,NA,NA,NA,"exclusion",0.428571428571429,0.25,1,0,"2026-08-04","Goal 3 PBE-UD boundary rederivation"
"beta=1,cap","cap_formula_A=0.75_lambda1=0.00_waste=0.000",8,1,0.05,0.4,0.9,0.4,0.142857142857143,0.428571428571429,NA,NA,NA,NA,"exclusion",0.428571428571429,0.75,0,0,"2026-08-04","Goal 3 PBE-UD boundary rederivation"
"beta=1,cap","cap_formula_A=0.75_lambda1=0.50_waste=0.000",8,1,0.05,0.4,0.9,0.4,0.142857142857143,0.428571428571429,NA,NA,NA,NA,"exclusion",0.428571428571429,0.75,0.5,0,"2026-08-04","Goal 3 PBE-UD boundary rederivation"
"beta=1,cap","cap_formula_A=0.75_lambda1=0.90_waste=0.000",8,1,0.05,0.4,0.9,0.4,0.142857142857143,0.428571428571429,NA,NA,NA,NA,"exclusion",0.428571428571429,0.75,0.9,0,"2026-08-04","Goal 3 PBE-UD boundary rederivation"
"beta=1,cap","cap_formula_A=0.75_lambda1=1.00_waste=0.000",8,1,0.05,0.4,0.9,0.4,0.142857142857143,0.428571428571429,NA,NA,NA,NA,"exclusion",0.428571428571429,0.75,1,0,"2026-08-04","Goal 3 PBE-UD boundary rederivation"
"beta=1,cap","cap_formula_A=1.00_lambda1=0.00_waste=0.000",8,1,0.05,0.4,0.9,0.4,0.142857142857143,0.428571428571429,NA,NA,NA,NA,"exclusion",0.428571428571429,1,0,0,"2026-08-04","Goal 3 PBE-UD boundary rederivation"
"beta=1,cap","cap_formula_A=1.00_lambda1=0.50_waste=0.000",8,1,0.05,0.4,0.9,0.4,0.142857142857143,0.428571428571429,NA,NA,NA,NA,"exclusion",0.428571428571429,1,0.5,0,"2026-08-04","Goal 3 PBE-UD boundary rederivation"
"beta=1,cap","cap_formula_A=1.00_lambda1=0.90_waste=0.000",8,1,0.05,0.4,0.9,0.4,0.142857142857143,0.428571428571429,NA,NA,NA,NA,"exclusion",0.428571428571429,1,0.9,0,"2026-08-04","Goal 3 PBE-UD boundary rederivation"
"beta=1,cap","global_TY_cap",8,1,0.05,0.4,0.9,0.4,0.142857142857143,0.428571428571429,NA,NA,NA,TRUE,"exclusion",0.428571428571429,1,1,0,"2026-08-04","Goal 3 PBE-UD boundary rederivation"
"beta=1,cap","cap_formula_A=0.00_lambda1=0.00_waste=0.000",8,1,0.05,0.8,0.1,0.8,0.142857142857143,0.428571428571429,NA,NA,NA,NA,"low_only",0.483571428571429,0,0,0,"2026-08-04","Goal 3 PBE-UD boundary rederivation"
"beta=1,cap","cap_formula_A=0.00_lambda1=0.50_waste=0.000",8,1,0.05,0.8,0.1,0.8,0.142857142857143,0.428571428571429,NA,NA,NA,NA,"low_only",0.483571428571429,0,0.5,0,"2026-08-04","Goal 3 PBE-UD boundary rederivation"
"beta=1,cap","cap_formula_A=0.00_lambda1=0.90_waste=0.000",8,1,0.05,0.8,0.1,0.8,0.142857142857143,0.428571428571429,NA,NA,NA,NA,"low_only",0.483571428571429,0,0.9,0,"2026-08-04","Goal 3 PBE-UD boundary rederivation"
"beta=1,cap","cap_formula_A=0.00_lambda1=1.00_waste=0.000",8,1,0.05,0.8,0.1,0.8,0.142857142857143,0.428571428571429,NA,NA,NA,NA,"low_only",0.483571428571429,0,1,0,"2026-08-04","Goal 3 PBE-UD boundary rederivation"
"beta=1,cap","cap_formula_A=0.25_lambda1=0.00_waste=0.000",8,1,0.05,0.8,0.1,0.8,0.142857142857143,0.428571428571429,NA,NA,NA,NA,"low_only",0.483571428571429,0.25,0,0,"2026-08-04","Goal 3 PBE-UD boundary rederivation"
"beta=1,cap","cap_formula_A=0.25_lambda1=0.50_waste=0.000",8,1,0.05,0.8,0.1,0.8,0.142857142857143,0.428571428571429,NA,NA,NA,NA,"low_only",0.483571428571429,0.25,0.5,0,"2026-08-04","Goal 3 PBE-UD boundary rederivation"
"beta=1,cap","cap_formula_A=0.25_lambda1=0.90_waste=0.000",8,1,0.05,0.8,0.1,0.8,0.142857142857143,0.428571428571429,NA,NA,NA,NA,"low_only",0.483571428571429,0.25,0.9,0,"2026-08-04","Goal 3 PBE-UD boundary rederivation"
"beta=1,cap","cap_formula_A=0.25_lambda1=1.00_waste=0.000",8,1,0.05,0.8,0.1,0.8,0.142857142857143,0.428571428571429,NA,NA,NA,NA,"low_only",0.483571428571429,0.25,1,0,"2026-08-04","Goal 3 PBE-UD boundary rederivation"
"beta=1,cap","cap_formula_A=0.75_lambda1=0.00_waste=0.000",8,1,0.05,0.8,0.1,0.8,0.142857142857143,0.428571428571429,NA,NA,NA,NA,"low_only",0.483571428571429,0.75,0,0,"2026-08-04","Goal 3 PBE-UD boundary rederivation"
"beta=1,cap","cap_formula_A=0.75_lambda1=0.50_waste=0.000",8,1,0.05,0.8,0.1,0.8,0.142857142857143,0.428571428571429,NA,NA,NA,NA,"low_only",0.483571428571429,0.75,0.5,0,"2026-08-04","Goal 3 PBE-UD boundary rederivation"
"beta=1,cap","cap_formula_A=0.75_lambda1=0.90_waste=0.000",8,1,0.05,0.8,0.1,0.8,0.142857142857143,0.428571428571429,NA,NA,NA,NA,"low_only",0.483571428571429,0.75,0.9,0,"2026-08-04","Goal 3 PBE-UD boundary rederivation"
"beta=1,cap","cap_formula_A=0.75_lambda1=1.00_waste=0.000",8,1,0.05,0.8,0.1,0.8,0.142857142857143,0.428571428571429,NA,NA,NA,NA,"low_only",0.483571428571429,0.75,1,0,"2026-08-04","Goal 3 PBE-UD boundary rederivation"
"beta=1,cap","cap_formula_A=1.00_lambda1=0.00_waste=0.000",8,1,0.05,0.8,0.1,0.8,0.142857142857143,0.428571428571429,NA,NA,NA,NA,"low_only",0.483571428571429,1,0,0,"2026-08-04","Goal 3 PBE-UD boundary rederivation"
"beta=1,cap","cap_formula_A=1.00_lambda1=0.50_waste=0.000",8,1,0.05,0.8,0.1,0.8,0.142857142857143,0.428571428571429,NA,NA,NA,NA,"low_only",0.483571428571429,1,0.5,0,"2026-08-04","Goal 3 PBE-UD boundary rederivation"
"beta=1,cap","cap_formula_A=1.00_lambda1=0.90_waste=0.000",8,1,0.05,0.8,0.1,0.8,0.142857142857143,0.428571428571429,NA,NA,NA,NA,"low_only",0.483571428571429,1,0.9,0,"2026-08-04","Goal 3 PBE-UD boundary rederivation"
"beta=1,cap","global_TY_cap",8,1,0.05,0.8,0.1,0.8,0.142857142857143,0.428571428571429,NA,NA,NA,TRUE,"low_only",0.483571428571429,1,1,0,"2026-08-04","Goal 3 PBE-UD boundary rederivation"
"beta=1,cap","cap_formula_A=0.00_lambda1=0.00_waste=0.000",8,1,0.05,0.8,0.5,0.8,0.142857142857143,0.428571428571429,NA,NA,NA,NA,"exclusion",0.428571428571429,0,0,0,"2026-08-04","Goal 3 PBE-UD boundary rederivation"
"beta=1,cap","cap_formula_A=0.00_lambda1=0.50_waste=0.000",8,1,0.05,0.8,0.5,0.8,0.142857142857143,0.428571428571429,NA,NA,NA,NA,"exclusion",0.428571428571429,0,0.5,0,"2026-08-04","Goal 3 PBE-UD boundary rederivation"
"beta=1,cap","cap_formula_A=0.00_lambda1=0.90_waste=0.000",8,1,0.05,0.8,0.5,0.8,0.142857142857143,0.428571428571429,NA,NA,NA,NA,"exclusion",0.428571428571429,0,0.9,0,"2026-08-04","Goal 3 PBE-UD boundary rederivation"
"beta=1,cap","cap_formula_A=0.00_lambda1=1.00_waste=0.000",8,1,0.05,0.8,0.5,0.8,0.142857142857143,0.428571428571429,NA,NA,NA,NA,"exclusion",0.428571428571429,0,1,0,"2026-08-04","Goal 3 PBE-UD boundary rederivation"
"beta=1,cap","cap_formula_A=0.25_lambda1=0.00_waste=0.000",8,1,0.05,0.8,0.5,0.8,0.142857142857143,0.428571428571429,NA,NA,NA,NA,"exclusion",0.428571428571429,0.25,0,0,"2026-08-04","Goal 3 PBE-UD boundary rederivation"
"beta=1,cap","cap_formula_A=0.25_lambda1=0.50_waste=0.000",8,1,0.05,0.8,0.5,0.8,0.142857142857143,0.428571428571429,NA,NA,NA,NA,"exclusion",0.428571428571429,0.25,0.5,0,"2026-08-04","Goal 3 PBE-UD boundary rederivation"
"beta=1,cap","cap_formula_A=0.25_lambda1=0.90_waste=0.000",8,1,0.05,0.8,0.5,0.8,0.142857142857143,0.428571428571429,NA,NA,NA,NA,"exclusion",0.428571428571429,0.25,0.9,0,"2026-08-04","Goal 3 PBE-UD boundary rederivation"
"beta=1,cap","cap_formula_A=0.25_lambda1=1.00_waste=0.000",8,1,0.05,0.8,0.5,0.8,0.142857142857143,0.428571428571429,NA,NA,NA,NA,"exclusion",0.428571428571429,0.25,1,0,"2026-08-04","Goal 3 PBE-UD boundary rederivation"
"beta=1,cap","cap_formula_A=0.75_lambda1=0.00_waste=0.000",8,1,0.05,0.8,0.5,0.8,0.142857142857143,0.428571428571429,NA,NA,NA,NA,"exclusion",0.428571428571429,0.75,0,0,"2026-08-04","Goal 3 PBE-UD boundary rederivation"
"beta=1,cap","cap_formula_A=0.75_lambda1=0.50_waste=0.000",8,1,0.05,0.8,0.5,0.8,0.142857142857143,0.428571428571429,NA,NA,NA,NA,"exclusion",0.428571428571429,0.75,0.5,0,"2026-08-04","Goal 3 PBE-UD boundary rederivation"
"beta=1,cap","cap_formula_A=0.75_lambda1=0.90_waste=0.000",8,1,0.05,0.8,0.5,0.8,0.142857142857143,0.428571428571429,NA,NA,NA,NA,"exclusion",0.428571428571429,0.75,0.9,0,"2026-08-04","Goal 3 PBE-UD boundary rederivation"
"beta=1,cap","cap_formula_A=0.75_lambda1=1.00_waste=0.000",8,1,0.05,0.8,0.5,0.8,0.142857142857143,0.428571428571429,NA,NA,NA,NA,"exclusion",0.428571428571429,0.75,1,0,"2026-08-04","Goal 3 PBE-UD boundary rederivation"
"beta=1,cap","cap_formula_A=1.00_lambda1=0.00_waste=0.000",8,1,0.05,0.8,0.5,0.8,0.142857142857143,0.428571428571429,NA,NA,NA,NA,"exclusion",0.428571428571429,1,0,0,"2026-08-04","Goal 3 PBE-UD boundary rederivation"
"beta=1,cap","cap_formula_A=1.00_lambda1=0.50_waste=0.000",8,1,0.05,0.8,0.5,0.8,0.142857142857143,0.428571428571429,NA,NA,NA,NA,"exclusion",0.428571428571429,1,0.5,0,"2026-08-04","Goal 3 PBE-UD boundary rederivation"
"beta=1,cap","cap_formula_A=1.00_lambda1=0.90_waste=0.000",8,1,0.05,0.8,0.5,0.8,0.142857142857143,0.428571428571429,NA,NA,NA,NA,"exclusion",0.428571428571429,1,0.9,0,"2026-08-04","Goal 3 PBE-UD boundary rederivation"
"beta=1,cap","global_TY_cap",8,1,0.05,0.8,0.5,0.8,0.142857142857143,0.428571428571429,NA,NA,NA,TRUE,"exclusion",0.428571428571429,1,1,0,"2026-08-04","Goal 3 PBE-UD boundary rederivation"
"beta=1,cap","cap_formula_A=0.00_lambda1=0.00_waste=0.000",8,1,0.05,0.8,0.9,0.8,0.142857142857143,0.428571428571429,NA,NA,NA,NA,"exclusion",0.428571428571429,0,0,0,"2026-08-04","Goal 3 PBE-UD boundary rederivation"
"beta=1,cap","cap_formula_A=0.00_lambda1=0.50_waste=0.000",8,1,0.05,0.8,0.9,0.8,0.142857142857143,0.428571428571429,NA,NA,NA,NA,"exclusion",0.428571428571429,0,0.5,0,"2026-08-04","Goal 3 PBE-UD boundary rederivation"
"beta=1,cap","cap_formula_A=0.00_lambda1=0.90_waste=0.000",8,1,0.05,0.8,0.9,0.8,0.142857142857143,0.428571428571429,NA,NA,NA,NA,"exclusion",0.428571428571429,0,0.9,0,"2026-08-04","Goal 3 PBE-UD boundary rederivation"
"beta=1,cap","cap_formula_A=0.00_lambda1=1.00_waste=0.000",8,1,0.05,0.8,0.9,0.8,0.142857142857143,0.428571428571429,NA,NA,NA,NA,"exclusion",0.428571428571429,0,1,0,"2026-08-04","Goal 3 PBE-UD boundary rederivation"
"beta=1,cap","cap_formula_A=0.25_lambda1=0.00_waste=0.000",8,1,0.05,0.8,0.9,0.8,0.142857142857143,0.428571428571429,NA,NA,NA,NA,"exclusion",0.428571428571429,0.25,0,0,"2026-08-04","Goal 3 PBE-UD boundary rederivation"
"beta=1,cap","cap_formula_A=0.25_lambda1=0.50_waste=0.000",8,1,0.05,0.8,0.9,0.8,0.142857142857143,0.428571428571429,NA,NA,NA,NA,"exclusion",0.428571428571429,0.25,0.5,0,"2026-08-04","Goal 3 PBE-UD boundary rederivation"
"beta=1,cap","cap_formula_A=0.25_lambda1=0.90_waste=0.000",8,1,0.05,0.8,0.9,0.8,0.142857142857143,0.428571428571429,NA,NA,NA,NA,"exclusion",0.428571428571429,0.25,0.9,0,"2026-08-04","Goal 3 PBE-UD boundary rederivation"
"beta=1,cap","cap_formula_A=0.25_lambda1=1.00_waste=0.000",8,1,0.05,0.8,0.9,0.8,0.142857142857143,0.428571428571429,NA,NA,NA,NA,"exclusion",0.428571428571429,0.25,1,0,"2026-08-04","Goal 3 PBE-UD boundary rederivation"
"beta=1,cap","cap_formula_A=0.75_lambda1=0.00_waste=0.000",8,1,0.05,0.8,0.9,0.8,0.142857142857143,0.428571428571429,NA,NA,NA,NA,"exclusion",0.428571428571429,0.75,0,0,"2026-08-04","Goal 3 PBE-UD boundary rederivation"
"beta=1,cap","cap_formula_A=0.75_lambda1=0.50_waste=0.000",8,1,0.05,0.8,0.9,0.8,0.142857142857143,0.428571428571429,NA,NA,NA,NA,"exclusion",0.428571428571429,0.75,0.5,0,"2026-08-04","Goal 3 PBE-UD boundary rederivation"
"beta=1,cap","cap_formula_A=0.75_lambda1=0.90_waste=0.000",8,1,0.05,0.8,0.9,0.8,0.142857142857143,0.428571428571429,NA,NA,NA,NA,"exclusion",0.428571428571429,0.75,0.9,0,"2026-08-04","Goal 3 PBE-UD boundary rederivation"
"beta=1,cap","cap_formula_A=0.75_lambda1=1.00_waste=0.000",8,1,0.05,0.8,0.9,0.8,0.142857142857143,0.428571428571429,NA,NA,NA,NA,"exclusion",0.428571428571429,0.75,1,0,"2026-08-04","Goal 3 PBE-UD boundary rederivation"
"beta=1,cap","cap_formula_A=1.00_lambda1=0.00_waste=0.000",8,1,0.05,0.8,0.9,0.8,0.142857142857143,0.428571428571429,NA,NA,NA,NA,"exclusion",0.428571428571429,1,0,0,"2026-08-04","Goal 3 PBE-UD boundary rederivation"
"beta=1,cap","cap_formula_A=1.00_lambda1=0.50_waste=0.000",8,1,0.05,0.8,0.9,0.8,0.142857142857143,0.428571428571429,NA,NA,NA,NA,"exclusion",0.428571428571429,1,0.5,0,"2026-08-04","Goal 3 PBE-UD boundary rederivation"
"beta=1,cap","cap_formula_A=1.00_lambda1=0.90_waste=0.000",8,1,0.05,0.8,0.9,0.8,0.142857142857143,0.428571428571429,NA,NA,NA,NA,"exclusion",0.428571428571429,1,0.9,0,"2026-08-04","Goal 3 PBE-UD boundary rederivation"
"beta=1,cap","global_TY_cap",8,1,0.05,0.8,0.9,0.8,0.142857142857143,0.428571428571429,NA,NA,NA,TRUE,"exclusion",0.428571428571429,1,1,0,"2026-08-04","Goal 3 PBE-UD boundary rederivation"
"beta=1,cap","cap_formula_A=0.00_lambda1=0.00_waste=0.000",8,1,0.2,0.4,0.1,0.4,0.142857142857143,0.428571428571429,NA,NA,NA,NA,"exclusion",0.428571428571429,0,0,0,"2026-08-04","Goal 3 PBE-UD boundary rederivation"
"beta=1,cap","cap_formula_A=0.00_lambda1=0.50_waste=0.000",8,1,0.2,0.4,0.1,0.4,0.142857142857143,0.428571428571429,NA,NA,NA,NA,"exclusion",0.428571428571429,0,0.5,0,"2026-08-04","Goal 3 PBE-UD boundary rederivation"
"beta=1,cap","cap_formula_A=0.00_lambda1=0.90_waste=0.000",8,1,0.2,0.4,0.1,0.4,0.142857142857143,0.428571428571429,NA,NA,NA,NA,"exclusion",0.428571428571429,0,0.9,0,"2026-08-04","Goal 3 PBE-UD boundary rederivation"
"beta=1,cap","cap_formula_A=0.00_lambda1=1.00_waste=0.000",8,1,0.2,0.4,0.1,0.4,0.142857142857143,0.428571428571429,NA,NA,NA,NA,"exclusion",0.428571428571429,0,1,0,"2026-08-04","Goal 3 PBE-UD boundary rederivation"
"beta=1,cap","cap_formula_A=0.25_lambda1=0.00_waste=0.000",8,1,0.2,0.4,0.1,0.4,0.142857142857143,0.428571428571429,NA,NA,NA,NA,"exclusion",0.428571428571429,0.25,0,0,"2026-08-04","Goal 3 PBE-UD boundary rederivation"
"beta=1,cap","cap_formula_A=0.25_lambda1=0.50_waste=0.000",8,1,0.2,0.4,0.1,0.4,0.142857142857143,0.428571428571429,NA,NA,NA,NA,"exclusion",0.428571428571429,0.25,0.5,0,"2026-08-04","Goal 3 PBE-UD boundary rederivation"
"beta=1,cap","cap_formula_A=0.25_lambda1=0.90_waste=0.000",8,1,0.2,0.4,0.1,0.4,0.142857142857143,0.428571428571429,NA,NA,NA,NA,"exclusion",0.428571428571429,0.25,0.9,0,"2026-08-04","Goal 3 PBE-UD boundary rederivation"
"beta=1,cap","cap_formula_A=0.25_lambda1=1.00_waste=0.000",8,1,0.2,0.4,0.1,0.4,0.142857142857143,0.428571428571429,NA,NA,NA,NA,"exclusion",0.428571428571429,0.25,1,0,"2026-08-04","Goal 3 PBE-UD boundary rederivation"
"beta=1,cap","cap_formula_A=0.75_lambda1=0.00_waste=0.000",8,1,0.2,0.4,0.1,0.4,0.142857142857143,0.428571428571429,NA,NA,NA,NA,"exclusion",0.428571428571429,0.75,0,0,"2026-08-04","Goal 3 PBE-UD boundary rederivation"
"beta=1,cap","cap_formula_A=0.75_lambda1=0.50_waste=0.000",8,1,0.2,0.4,0.1,0.4,0.142857142857143,0.428571428571429,NA,NA,NA,NA,"exclusion",0.428571428571429,0.75,0.5,0,"2026-08-04","Goal 3 PBE-UD boundary rederivation"
"beta=1,cap","cap_formula_A=0.75_lambda1=0.90_waste=0.000",8,1,0.2,0.4,0.1,0.4,0.142857142857143,0.428571428571429,NA,NA,NA,NA,"exclusion",0.428571428571429,0.75,0.9,0,"2026-08-04","Goal 3 PBE-UD boundary rederivation"
"beta=1,cap","cap_formula_A=0.75_lambda1=1.00_waste=0.000",8,1,0.2,0.4,0.1,0.4,0.142857142857143,0.428571428571429,NA,NA,NA,NA,"exclusion",0.428571428571429,0.75,1,0,"2026-08-04","Goal 3 PBE-UD boundary rederivation"
"beta=1,cap","cap_formula_A=1.00_lambda1=0.00_waste=0.000",8,1,0.2,0.4,0.1,0.4,0.142857142857143,0.428571428571429,NA,NA,NA,NA,"exclusion",0.428571428571429,1,0,0,"2026-08-04","Goal 3 PBE-UD boundary rederivation"
"beta=1,cap","cap_formula_A=1.00_lambda1=0.50_waste=0.000",8,1,0.2,0.4,0.1,0.4,0.142857142857143,0.428571428571429,NA,NA,NA,NA,"exclusion",0.428571428571429,1,0.5,0,"2026-08-04","Goal 3 PBE-UD boundary rederivation"
"beta=1,cap","cap_formula_A=1.00_lambda1=0.90_waste=0.000",8,1,0.2,0.4,0.1,0.4,0.142857142857143,0.428571428571429,NA,NA,NA,NA,"exclusion",0.428571428571429,1,0.9,0,"2026-08-04","Goal 3 PBE-UD boundary rederivation"
"beta=1,cap","global_TY_cap",8,1,0.2,0.4,0.1,0.4,0.142857142857143,0.428571428571429,NA,NA,NA,TRUE,"exclusion",0.428571428571429,1,1,0,"2026-08-04","Goal 3 PBE-UD boundary rederivation"
"beta=1,cap","cap_formula_A=0.00_lambda1=0.00_waste=0.000",8,1,0.2,0.4,0.5,0.4,0.142857142857143,0.428571428571429,NA,NA,NA,NA,"exclusion",0.428571428571429,0,0,0,"2026-08-04","Goal 3 PBE-UD boundary rederivation"
"beta=1,cap","cap_formula_A=0.00_lambda1=0.50_waste=0.000",8,1,0.2,0.4,0.5,0.4,0.142857142857143,0.428571428571429,NA,NA,NA,NA,"exclusion",0.428571428571429,0,0.5,0,"2026-08-04","Goal 3 PBE-UD boundary rederivation"
"beta=1,cap","cap_formula_A=0.00_lambda1=0.90_waste=0.000",8,1,0.2,0.4,0.5,0.4,0.142857142857143,0.428571428571429,NA,NA,NA,NA,"exclusion",0.428571428571429,0,0.9,0,"2026-08-04","Goal 3 PBE-UD boundary rederivation"
"beta=1,cap","cap_formula_A=0.00_lambda1=1.00_waste=0.000",8,1,0.2,0.4,0.5,0.4,0.142857142857143,0.428571428571429,NA,NA,NA,NA,"exclusion",0.428571428571429,0,1,0,"2026-08-04","Goal 3 PBE-UD boundary rederivation"
"beta=1,cap","cap_formula_A=0.25_lambda1=0.00_waste=0.000",8,1,0.2,0.4,0.5,0.4,0.142857142857143,0.428571428571429,NA,NA,NA,NA,"exclusion",0.428571428571429,0.25,0,0,"2026-08-04","Goal 3 PBE-UD boundary rederivation"
"beta=1,cap","cap_formula_A=0.25_lambda1=0.50_waste=0.000",8,1,0.2,0.4,0.5,0.4,0.142857142857143,0.428571428571429,NA,NA,NA,NA,"exclusion",0.428571428571429,0.25,0.5,0,"2026-08-04","Goal 3 PBE-UD boundary rederivation"
"beta=1,cap","cap_formula_A=0.25_lambda1=0.90_waste=0.000",8,1,0.2,0.4,0.5,0.4,0.142857142857143,0.428571428571429,NA,NA,NA,NA,"exclusion",0.428571428571429,0.25,0.9,0,"2026-08-04","Goal 3 PBE-UD boundary rederivation"
"beta=1,cap","cap_formula_A=0.25_lambda1=1.00_waste=0.000",8,1,0.2,0.4,0.5,0.4,0.142857142857143,0.428571428571429,NA,NA,NA,NA,"exclusion",0.428571428571429,0.25,1,0,"2026-08-04","Goal 3 PBE-UD boundary rederivation"
"beta=1,cap","cap_formula_A=0.75_lambda1=0.00_waste=0.000",8,1,0.2,0.4,0.5,0.4,0.142857142857143,0.428571428571429,NA,NA,NA,NA,"exclusion",0.428571428571429,0.75,0,0,"2026-08-04","Goal 3 PBE-UD boundary rederivation"
"beta=1,cap","cap_formula_A=0.75_lambda1=0.50_waste=0.000",8,1,0.2,0.4,0.5,0.4,0.142857142857143,0.428571428571429,NA,NA,NA,NA,"exclusion",0.428571428571429,0.75,0.5,0,"2026-08-04","Goal 3 PBE-UD boundary rederivation"
"beta=1,cap","cap_formula_A=0.75_lambda1=0.90_waste=0.000",8,1,0.2,0.4,0.5,0.4,0.142857142857143,0.428571428571429,NA,NA,NA,NA,"exclusion",0.428571428571429,0.75,0.9,0,"2026-08-04","Goal 3 PBE-UD boundary rederivation"
"beta=1,cap","cap_formula_A=0.75_lambda1=1.00_waste=0.000",8,1,0.2,0.4,0.5,0.4,0.142857142857143,0.428571428571429,NA,NA,NA,NA,"exclusion",0.428571428571429,0.75,1,0,"2026-08-04","Goal 3 PBE-UD boundary rederivation"
"beta=1,cap","cap_formula_A=1.00_lambda1=0.00_waste=0.000",8,1,0.2,0.4,0.5,0.4,0.142857142857143,0.428571428571429,NA,NA,NA,NA,"exclusion",0.428571428571429,1,0,0,"2026-08-04","Goal 3 PBE-UD boundary rederivation"
"beta=1,cap","cap_formula_A=1.00_lambda1=0.50_waste=0.000",8,1,0.2,0.4,0.5,0.4,0.142857142857143,0.428571428571429,NA,NA,NA,NA,"exclusion",0.428571428571429,1,0.5,0,"2026-08-04","Goal 3 PBE-UD boundary rederivation"
"beta=1,cap","cap_formula_A=1.00_lambda1=0.90_waste=0.000",8,1,0.2,0.4,0.5,0.4,0.142857142857143,0.428571428571429,NA,NA,NA,NA,"exclusion",0.428571428571429,1,0.9,0,"2026-08-04","Goal 3 PBE-UD boundary rederivation"
"beta=1,cap","global_TY_cap",8,1,0.2,0.4,0.5,0.4,0.142857142857143,0.428571428571429,NA,NA,NA,TRUE,"exclusion",0.428571428571429,1,1,0,"2026-08-04","Goal 3 PBE-UD boundary rederivation"
"beta=1,cap","cap_formula_A=0.00_lambda1=0.00_waste=0.000",8,1,0.2,0.4,0.9,0.4,0.142857142857143,0.428571428571429,NA,NA,NA,NA,"exclusion",0.428571428571429,0,0,0,"2026-08-04","Goal 3 PBE-UD boundary rederivation"
"beta=1,cap","cap_formula_A=0.00_lambda1=0.50_waste=0.000",8,1,0.2,0.4,0.9,0.4,0.142857142857143,0.428571428571429,NA,NA,NA,NA,"exclusion",0.428571428571429,0,0.5,0,"2026-08-04","Goal 3 PBE-UD boundary rederivation"
"beta=1,cap","cap_formula_A=0.00_lambda1=0.90_waste=0.000",8,1,0.2,0.4,0.9,0.4,0.142857142857143,0.428571428571429,NA,NA,NA,NA,"exclusion",0.428571428571429,0,0.9,0,"2026-08-04","Goal 3 PBE-UD boundary rederivation"
"beta=1,cap","cap_formula_A=0.00_lambda1=1.00_waste=0.000",8,1,0.2,0.4,0.9,0.4,0.142857142857143,0.428571428571429,NA,NA,NA,NA,"exclusion",0.428571428571429,0,1,0,"2026-08-04","Goal 3 PBE-UD boundary rederivation"
"beta=1,cap","cap_formula_A=0.25_lambda1=0.00_waste=0.000",8,1,0.2,0.4,0.9,0.4,0.142857142857143,0.428571428571429,NA,NA,NA,NA,"exclusion",0.428571428571429,0.25,0,0,"2026-08-04","Goal 3 PBE-UD boundary rederivation"
"beta=1,cap","cap_formula_A=0.25_lambda1=0.50_waste=0.000",8,1,0.2,0.4,0.9,0.4,0.142857142857143,0.428571428571429,NA,NA,NA,NA,"exclusion",0.428571428571429,0.25,0.5,0,"2026-08-04","Goal 3 PBE-UD boundary rederivation"
"beta=1,cap","cap_formula_A=0.25_lambda1=0.90_waste=0.000",8,1,0.2,0.4,0.9,0.4,0.142857142857143,0.428571428571429,NA,NA,NA,NA,"exclusion",0.428571428571429,0.25,0.9,0,"2026-08-04","Goal 3 PBE-UD boundary rederivation"
"beta=1,cap","cap_formula_A=0.25_lambda1=1.00_waste=0.000",8,1,0.2,0.4,0.9,0.4,0.142857142857143,0.428571428571429,NA,NA,NA,NA,"exclusion",0.428571428571429,0.25,1,0,"2026-08-04","Goal 3 PBE-UD boundary rederivation"
"beta=1,cap","cap_formula_A=0.75_lambda1=0.00_waste=0.000",8,1,0.2,0.4,0.9,0.4,0.142857142857143,0.428571428571429,NA,NA,NA,NA,"exclusion",0.428571428571429,0.75,0,0,"2026-08-04","Goal 3 PBE-UD boundary rederivation"
"beta=1,cap","cap_formula_A=0.75_lambda1=0.50_waste=0.000",8,1,0.2,0.4,0.9,0.4,0.142857142857143,0.428571428571429,NA,NA,NA,NA,"exclusion",0.428571428571429,0.75,0.5,0,"2026-08-04","Goal 3 PBE-UD boundary rederivation"
"beta=1,cap","cap_formula_A=0.75_lambda1=0.90_waste=0.000",8,1,0.2,0.4,0.9,0.4,0.142857142857143,0.428571428571429,NA,NA,NA,NA,"exclusion",0.428571428571429,0.75,0.9,0,"2026-08-04","Goal 3 PBE-UD boundary rederivation"
"beta=1,cap","cap_formula_A=0.75_lambda1=1.00_waste=0.000",8,1,0.2,0.4,0.9,0.4,0.142857142857143,0.428571428571429,NA,NA,NA,NA,"exclusion",0.428571428571429,0.75,1,0,"2026-08-04","Goal 3 PBE-UD boundary rederivation"
"beta=1,cap","cap_formula_A=1.00_lambda1=0.00_waste=0.000",8,1,0.2,0.4,0.9,0.4,0.142857142857143,0.428571428571429,NA,NA,NA,NA,"exclusion",0.428571428571429,1,0,0,"2026-08-04","Goal 3 PBE-UD boundary rederivation"
"beta=1,cap","cap_formula_A=1.00_lambda1=0.50_waste=0.000",8,1,0.2,0.4,0.9,0.4,0.142857142857143,0.428571428571429,NA,NA,NA,NA,"exclusion",0.428571428571429,1,0.5,0,"2026-08-04","Goal 3 PBE-UD boundary rederivation"
"beta=1,cap","cap_formula_A=1.00_lambda1=0.90_waste=0.000",8,1,0.2,0.4,0.9,0.4,0.142857142857143,0.428571428571429,NA,NA,NA,NA,"exclusion",0.428571428571429,1,0.9,0,"2026-08-04","Goal 3 PBE-UD boundary rederivation"
"beta=1,cap","global_TY_cap",8,1,0.2,0.4,0.9,0.4,0.142857142857143,0.428571428571429,NA,NA,NA,TRUE,"exclusion",0.428571428571429,1,1,0,"2026-08-04","Goal 3 PBE-UD boundary rederivation"
"beta=1,cap","cap_formula_A=0.00_lambda1=0.00_waste=0.000",8,1,0.2,0.8,0.1,0.8,0.142857142857143,0.428571428571429,NA,NA,NA,NA,"exclusion",0.428571428571429,0,0,0,"2026-08-04","Goal 3 PBE-UD boundary rederivation"
"beta=1,cap","cap_formula_A=0.00_lambda1=0.50_waste=0.000",8,1,0.2,0.8,0.1,0.8,0.142857142857143,0.428571428571429,NA,NA,NA,NA,"exclusion",0.428571428571429,0,0.5,0,"2026-08-04","Goal 3 PBE-UD boundary rederivation"
"beta=1,cap","cap_formula_A=0.00_lambda1=0.90_waste=0.000",8,1,0.2,0.8,0.1,0.8,0.142857142857143,0.428571428571429,NA,NA,NA,NA,"exclusion",0.428571428571429,0,0.9,0,"2026-08-04","Goal 3 PBE-UD boundary rederivation"
"beta=1,cap","cap_formula_A=0.00_lambda1=1.00_waste=0.000",8,1,0.2,0.8,0.1,0.8,0.142857142857143,0.428571428571429,NA,NA,NA,NA,"exclusion",0.428571428571429,0,1,0,"2026-08-04","Goal 3 PBE-UD boundary rederivation"
"beta=1,cap","cap_formula_A=0.25_lambda1=0.00_waste=0.000",8,1,0.2,0.8,0.1,0.8,0.142857142857143,0.428571428571429,NA,NA,NA,NA,"exclusion",0.428571428571429,0.25,0,0,"2026-08-04","Goal 3 PBE-UD boundary rederivation"
"beta=1,cap","cap_formula_A=0.25_lambda1=0.50_waste=0.000",8,1,0.2,0.8,0.1,0.8,0.142857142857143,0.428571428571429,NA,NA,NA,NA,"exclusion",0.428571428571429,0.25,0.5,0,"2026-08-04","Goal 3 PBE-UD boundary rederivation"
"beta=1,cap","cap_formula_A=0.25_lambda1=0.90_waste=0.000",8,1,0.2,0.8,0.1,0.8,0.142857142857143,0.428571428571429,NA,NA,NA,NA,"exclusion",0.428571428571429,0.25,0.9,0,"2026-08-04","Goal 3 PBE-UD boundary rederivation"
"beta=1,cap","cap_formula_A=0.25_lambda1=1.00_waste=0.000",8,1,0.2,0.8,0.1,0.8,0.142857142857143,0.428571428571429,NA,NA,NA,NA,"exclusion",0.428571428571429,0.25,1,0,"2026-08-04","Goal 3 PBE-UD boundary rederivation"
"beta=1,cap","cap_formula_A=0.75_lambda1=0.00_waste=0.000",8,1,0.2,0.8,0.1,0.8,0.142857142857143,0.428571428571429,NA,NA,NA,NA,"exclusion",0.428571428571429,0.75,0,0,"2026-08-04","Goal 3 PBE-UD boundary rederivation"
"beta=1,cap","cap_formula_A=0.75_lambda1=0.50_waste=0.000",8,1,0.2,0.8,0.1,0.8,0.142857142857143,0.428571428571429,NA,NA,NA,NA,"exclusion",0.428571428571429,0.75,0.5,0,"2026-08-04","Goal 3 PBE-UD boundary rederivation"
"beta=1,cap","cap_formula_A=0.75_lambda1=0.90_waste=0.000",8,1,0.2,0.8,0.1,0.8,0.142857142857143,0.428571428571429,NA,NA,NA,NA,"exclusion",0.428571428571429,0.75,0.9,0,"2026-08-04","Goal 3 PBE-UD boundary rederivation"
"beta=1,cap","cap_formula_A=0.75_lambda1=1.00_waste=0.000",8,1,0.2,0.8,0.1,0.8,0.142857142857143,0.428571428571429,NA,NA,NA,NA,"exclusion",0.428571428571429,0.75,1,0,"2026-08-04","Goal 3 PBE-UD boundary rederivation"
"beta=1,cap","cap_formula_A=1.00_lambda1=0.00_waste=0.000",8,1,0.2,0.8,0.1,0.8,0.142857142857143,0.428571428571429,NA,NA,NA,NA,"exclusion",0.428571428571429,1,0,0,"2026-08-04","Goal 3 PBE-UD boundary rederivation"
"beta=1,cap","cap_formula_A=1.00_lambda1=0.50_waste=0.000",8,1,0.2,0.8,0.1,0.8,0.142857142857143,0.428571428571429,NA,NA,NA,NA,"exclusion",0.428571428571429,1,0.5,0,"2026-08-04","Goal 3 PBE-UD boundary rederivation"
"beta=1,cap","cap_formula_A=1.00_lambda1=0.90_waste=0.000",8,1,0.2,0.8,0.1,0.8,0.142857142857143,0.428571428571429,NA,NA,NA,NA,"exclusion",0.428571428571429,1,0.9,0,"2026-08-04","Goal 3 PBE-UD boundary rederivation"
"beta=1,cap","global_TY_cap",8,1,0.2,0.8,0.1,0.8,0.142857142857143,0.428571428571429,NA,NA,NA,TRUE,"exclusion",0.428571428571429,1,1,0,"2026-08-04","Goal 3 PBE-UD boundary rederivation"
"beta=1,cap","cap_formula_A=0.00_lambda1=0.00_waste=0.000",8,1,0.2,0.8,0.5,0.8,0.142857142857143,0.428571428571429,NA,NA,NA,NA,"exclusion",0.428571428571429,0,0,0,"2026-08-04","Goal 3 PBE-UD boundary rederivation"
"beta=1,cap","cap_formula_A=0.00_lambda1=0.50_waste=0.000",8,1,0.2,0.8,0.5,0.8,0.142857142857143,0.428571428571429,NA,NA,NA,NA,"exclusion",0.428571428571429,0,0.5,0,"2026-08-04","Goal 3 PBE-UD boundary rederivation"
"beta=1,cap","cap_formula_A=0.00_lambda1=0.90_waste=0.000",8,1,0.2,0.8,0.5,0.8,0.142857142857143,0.428571428571429,NA,NA,NA,NA,"exclusion",0.428571428571429,0,0.9,0,"2026-08-04","Goal 3 PBE-UD boundary rederivation"
"beta=1,cap","cap_formula_A=0.00_lambda1=1.00_waste=0.000",8,1,0.2,0.8,0.5,0.8,0.142857142857143,0.428571428571429,NA,NA,NA,NA,"exclusion",0.428571428571429,0,1,0,"2026-08-04","Goal 3 PBE-UD boundary rederivation"
"beta=1,cap","cap_formula_A=0.25_lambda1=0.00_waste=0.000",8,1,0.2,0.8,0.5,0.8,0.142857142857143,0.428571428571429,NA,NA,NA,NA,"exclusion",0.428571428571429,0.25,0,0,"2026-08-04","Goal 3 PBE-UD boundary rederivation"
"beta=1,cap","cap_formula_A=0.25_lambda1=0.50_waste=0.000",8,1,0.2,0.8,0.5,0.8,0.142857142857143,0.428571428571429,NA,NA,NA,NA,"exclusion",0.428571428571429,0.25,0.5,0,"2026-08-04","Goal 3 PBE-UD boundary rederivation"
"beta=1,cap","cap_formula_A=0.25_lambda1=0.90_waste=0.000",8,1,0.2,0.8,0.5,0.8,0.142857142857143,0.428571428571429,NA,NA,NA,NA,"exclusion",0.428571428571429,0.25,0.9,0,"2026-08-04","Goal 3 PBE-UD boundary rederivation"
"beta=1,cap","cap_formula_A=0.25_lambda1=1.00_waste=0.000",8,1,0.2,0.8,0.5,0.8,0.142857142857143,0.428571428571429,NA,NA,NA,NA,"exclusion",0.428571428571429,0.25,1,0,"2026-08-04","Goal 3 PBE-UD boundary rederivation"
"beta=1,cap","cap_formula_A=0.75_lambda1=0.00_waste=0.000",8,1,0.2,0.8,0.5,0.8,0.142857142857143,0.428571428571429,NA,NA,NA,NA,"exclusion",0.428571428571429,0.75,0,0,"2026-08-04","Goal 3 PBE-UD boundary rederivation"
"beta=1,cap","cap_formula_A=0.75_lambda1=0.50_waste=0.000",8,1,0.2,0.8,0.5,0.8,0.142857142857143,0.428571428571429,NA,NA,NA,NA,"exclusion",0.428571428571429,0.75,0.5,0,"2026-08-04","Goal 3 PBE-UD boundary rederivation"
"beta=1,cap","cap_formula_A=0.75_lambda1=0.90_waste=0.000",8,1,0.2,0.8,0.5,0.8,0.142857142857143,0.428571428571429,NA,NA,NA,NA,"exclusion",0.428571428571429,0.75,0.9,0,"2026-08-04","Goal 3 PBE-UD boundary rederivation"
"beta=1,cap","cap_formula_A=0.75_lambda1=1.00_waste=0.000",8,1,0.2,0.8,0.5,0.8,0.142857142857143,0.428571428571429,NA,NA,NA,NA,"exclusion",0.428571428571429,0.75,1,0,"2026-08-04","Goal 3 PBE-UD boundary rederivation"
"beta=1,cap","cap_formula_A=1.00_lambda1=0.00_waste=0.000",8,1,0.2,0.8,0.5,0.8,0.142857142857143,0.428571428571429,NA,NA,NA,NA,"exclusion",0.428571428571429,1,0,0,"2026-08-04","Goal 3 PBE-UD boundary rederivation"
"beta=1,cap","cap_formula_A=1.00_lambda1=0.50_waste=0.000",8,1,0.2,0.8,0.5,0.8,0.142857142857143,0.428571428571429,NA,NA,NA,NA,"exclusion",0.428571428571429,1,0.5,0,"2026-08-04","Goal 3 PBE-UD boundary rederivation"
"beta=1,cap","cap_formula_A=1.00_lambda1=0.90_waste=0.000",8,1,0.2,0.8,0.5,0.8,0.142857142857143,0.428571428571429,NA,NA,NA,NA,"exclusion",0.428571428571429,1,0.9,0,"2026-08-04","Goal 3 PBE-UD boundary rederivation"
"beta=1,cap","global_TY_cap",8,1,0.2,0.8,0.5,0.8,0.142857142857143,0.428571428571429,NA,NA,NA,TRUE,"exclusion",0.428571428571429,1,1,0,"2026-08-04","Goal 3 PBE-UD boundary rederivation"
"beta=1,cap","cap_formula_A=0.00_lambda1=0.00_waste=0.000",8,1,0.2,0.8,0.9,0.8,0.142857142857143,0.428571428571429,NA,NA,NA,NA,"exclusion",0.428571428571429,0,0,0,"2026-08-04","Goal 3 PBE-UD boundary rederivation"
"beta=1,cap","cap_formula_A=0.00_lambda1=0.50_waste=0.000",8,1,0.2,0.8,0.9,0.8,0.142857142857143,0.428571428571429,NA,NA,NA,NA,"exclusion",0.428571428571429,0,0.5,0,"2026-08-04","Goal 3 PBE-UD boundary rederivation"
"beta=1,cap","cap_formula_A=0.00_lambda1=0.90_waste=0.000",8,1,0.2,0.8,0.9,0.8,0.142857142857143,0.428571428571429,NA,NA,NA,NA,"exclusion",0.428571428571429,0,0.9,0,"2026-08-04","Goal 3 PBE-UD boundary rederivation"
"beta=1,cap","cap_formula_A=0.00_lambda1=1.00_waste=0.000",8,1,0.2,0.8,0.9,0.8,0.142857142857143,0.428571428571429,NA,NA,NA,NA,"exclusion",0.428571428571429,0,1,0,"2026-08-04","Goal 3 PBE-UD boundary rederivation"
"beta=1,cap","cap_formula_A=0.25_lambda1=0.00_waste=0.000",8,1,0.2,0.8,0.9,0.8,0.142857142857143,0.428571428571429,NA,NA,NA,NA,"exclusion",0.428571428571429,0.25,0,0,"2026-08-04","Goal 3 PBE-UD boundary rederivation"
"beta=1,cap","cap_formula_A=0.25_lambda1=0.50_waste=0.000",8,1,0.2,0.8,0.9,0.8,0.142857142857143,0.428571428571429,NA,NA,NA,NA,"exclusion",0.428571428571429,0.25,0.5,0,"2026-08-04","Goal 3 PBE-UD boundary rederivation"
"beta=1,cap","cap_formula_A=0.25_lambda1=0.90_waste=0.000",8,1,0.2,0.8,0.9,0.8,0.142857142857143,0.428571428571429,NA,NA,NA,NA,"exclusion",0.428571428571429,0.25,0.9,0,"2026-08-04","Goal 3 PBE-UD boundary rederivation"
"beta=1,cap","cap_formula_A=0.25_lambda1=1.00_waste=0.000",8,1,0.2,0.8,0.9,0.8,0.142857142857143,0.428571428571429,NA,NA,NA,NA,"exclusion",0.428571428571429,0.25,1,0,"2026-08-04","Goal 3 PBE-UD boundary rederivation"
"beta=1,cap","cap_formula_A=0.75_lambda1=0.00_waste=0.000",8,1,0.2,0.8,0.9,0.8,0.142857142857143,0.428571428571429,NA,NA,NA,NA,"exclusion",0.428571428571429,0.75,0,0,"2026-08-04","Goal 3 PBE-UD boundary rederivation"
"beta=1,cap","cap_formula_A=0.75_lambda1=0.50_waste=0.000",8,1,0.2,0.8,0.9,0.8,0.142857142857143,0.428571428571429,NA,NA,NA,NA,"exclusion",0.428571428571429,0.75,0.5,0,"2026-08-04","Goal 3 PBE-UD boundary rederivation"
"beta=1,cap","cap_formula_A=0.75_lambda1=0.90_waste=0.000",8,1,0.2,0.8,0.9,0.8,0.142857142857143,0.428571428571429,NA,NA,NA,NA,"exclusion",0.428571428571429,0.75,0.9,0,"2026-08-04","Goal 3 PBE-UD boundary rederivation"
"beta=1,cap","cap_formula_A=0.75_lambda1=1.00_waste=0.000",8,1,0.2,0.8,0.9,0.8,0.142857142857143,0.428571428571429,NA,NA,NA,NA,"exclusion",0.428571428571429,0.75,1,0,"2026-08-04","Goal 3 PBE-UD boundary rederivation"
"beta=1,cap","cap_formula_A=1.00_lambda1=0.00_waste=0.000",8,1,0.2,0.8,0.9,0.8,0.142857142857143,0.428571428571429,NA,NA,NA,NA,"exclusion",0.428571428571429,1,0,0,"2026-08-04","Goal 3 PBE-UD boundary rederivation"
"beta=1,cap","cap_formula_A=1.00_lambda1=0.50_waste=0.000",8,1,0.2,0.8,0.9,0.8,0.142857142857143,0.428571428571429,NA,NA,NA,NA,"exclusion",0.428571428571429,1,0.5,0,"2026-08-04","Goal 3 PBE-UD boundary rederivation"
"beta=1,cap","cap_formula_A=1.00_lambda1=0.90_waste=0.000",8,1,0.2,0.8,0.9,0.8,0.142857142857143,0.428571428571429,NA,NA,NA,NA,"exclusion",0.428571428571429,1,0.9,0,"2026-08-04","Goal 3 PBE-UD boundary rederivation"
"beta=1,cap","global_TY_cap",8,1,0.2,0.8,0.9,0.8,0.142857142857143,0.428571428571429,NA,NA,NA,TRUE,"exclusion",0.428571428571429,1,1,0,"2026-08-04","Goal 3 PBE-UD boundary rederivation"
"beta=1,cap","cap_formula_A=0.00_lambda1=0.00_waste=0.000",9,1,0.05,0.4,0.1,0.4,0.125,0.5,NA,NA,NA,NA,"low_only",0.53,0,0,0,"2026-08-04","Goal 3 PBE-UD boundary rederivation"
"beta=1,cap","cap_formula_A=0.00_lambda1=0.50_waste=0.000",9,1,0.05,0.4,0.1,0.4,0.125,0.5,NA,NA,NA,NA,"low_only",0.53,0,0.5,0,"2026-08-04","Goal 3 PBE-UD boundary rederivation"
"beta=1,cap","cap_formula_A=0.00_lambda1=0.90_waste=0.000",9,1,0.05,0.4,0.1,0.4,0.125,0.5,NA,NA,NA,NA,"low_only",0.53,0,0.9,0,"2026-08-04","Goal 3 PBE-UD boundary rederivation"
"beta=1,cap","cap_formula_A=0.00_lambda1=1.00_waste=0.000",9,1,0.05,0.4,0.1,0.4,0.125,0.5,NA,NA,NA,NA,"low_only",0.53,0,1,0,"2026-08-04","Goal 3 PBE-UD boundary rederivation"
"beta=1,cap","cap_formula_A=0.25_lambda1=0.00_waste=0.000",9,1,0.05,0.4,0.1,0.4,0.125,0.5,NA,NA,NA,NA,"low_only",0.53,0.25,0,0,"2026-08-04","Goal 3 PBE-UD boundary rederivation"
"beta=1,cap","cap_formula_A=0.25_lambda1=0.50_waste=0.000",9,1,0.05,0.4,0.1,0.4,0.125,0.5,NA,NA,NA,NA,"low_only",0.53,0.25,0.5,0,"2026-08-04","Goal 3 PBE-UD boundary rederivation"
"beta=1,cap","cap_formula_A=0.25_lambda1=0.90_waste=0.000",9,1,0.05,0.4,0.1,0.4,0.125,0.5,NA,NA,NA,NA,"low_only",0.53,0.25,0.9,0,"2026-08-04","Goal 3 PBE-UD boundary rederivation"
"beta=1,cap","cap_formula_A=0.25_lambda1=1.00_waste=0.000",9,1,0.05,0.4,0.1,0.4,0.125,0.5,NA,NA,NA,NA,"low_only",0.53,0.25,1,0,"2026-08-04","Goal 3 PBE-UD boundary rederivation"
"beta=1,cap","cap_formula_A=0.75_lambda1=0.00_waste=0.000",9,1,0.05,0.4,0.1,0.4,0.125,0.5,NA,NA,NA,NA,"low_only",0.53,0.75,0,0,"2026-08-04","Goal 3 PBE-UD boundary rederivation"
"beta=1,cap","cap_formula_A=0.75_lambda1=0.50_waste=0.000",9,1,0.05,0.4,0.1,0.4,0.125,0.5,NA,NA,NA,NA,"low_only",0.53,0.75,0.5,0,"2026-08-04","Goal 3 PBE-UD boundary rederivation"
"beta=1,cap","cap_formula_A=0.75_lambda1=0.90_waste=0.000",9,1,0.05,0.4,0.1,0.4,0.125,0.5,NA,NA,NA,NA,"low_only",0.53,0.75,0.9,0,"2026-08-04","Goal 3 PBE-UD boundary rederivation"
"beta=1,cap","cap_formula_A=0.75_lambda1=1.00_waste=0.000",9,1,0.05,0.4,0.1,0.4,0.125,0.5,NA,NA,NA,NA,"low_only",0.53,0.75,1,0,"2026-08-04","Goal 3 PBE-UD boundary rederivation"
"beta=1,cap","cap_formula_A=1.00_lambda1=0.00_waste=0.000",9,1,0.05,0.4,0.1,0.4,0.125,0.5,NA,NA,NA,NA,"low_only",0.53,1,0,0,"2026-08-04","Goal 3 PBE-UD boundary rederivation"
"beta=1,cap","cap_formula_A=1.00_lambda1=0.50_waste=0.000",9,1,0.05,0.4,0.1,0.4,0.125,0.5,NA,NA,NA,NA,"low_only",0.53,1,0.5,0,"2026-08-04","Goal 3 PBE-UD boundary rederivation"
"beta=1,cap","cap_formula_A=1.00_lambda1=0.90_waste=0.000",9,1,0.05,0.4,0.1,0.4,0.125,0.5,NA,NA,NA,NA,"low_only",0.53,1,0.9,0,"2026-08-04","Goal 3 PBE-UD boundary rederivation"
"beta=1,cap","global_TY_cap",9,1,0.05,0.4,0.1,0.4,0.125,0.5,NA,NA,NA,TRUE,"low_only",0.53,1,1,0,"2026-08-04","Goal 3 PBE-UD boundary rederivation"
"beta=1,cap","cap_formula_A=0.00_lambda1=0.00_waste=0.000",9,1,0.05,0.4,0.5,0.4,0.125,0.5,NA,NA,NA,NA,"exclusion",0.5,0,0,0,"2026-08-04","Goal 3 PBE-UD boundary rederivation"
"beta=1,cap","cap_formula_A=0.00_lambda1=0.50_waste=0.000",9,1,0.05,0.4,0.5,0.4,0.125,0.5,NA,NA,NA,NA,"exclusion",0.5,0,0.5,0,"2026-08-04","Goal 3 PBE-UD boundary rederivation"
"beta=1,cap","cap_formula_A=0.00_lambda1=0.90_waste=0.000",9,1,0.05,0.4,0.5,0.4,0.125,0.5,NA,NA,NA,NA,"exclusion",0.5,0,0.9,0,"2026-08-04","Goal 3 PBE-UD boundary rederivation"
"beta=1,cap","cap_formula_A=0.00_lambda1=1.00_waste=0.000",9,1,0.05,0.4,0.5,0.4,0.125,0.5,NA,NA,NA,NA,"exclusion",0.5,0,1,0,"2026-08-04","Goal 3 PBE-UD boundary rederivation"
"beta=1,cap","cap_formula_A=0.25_lambda1=0.00_waste=0.000",9,1,0.05,0.4,0.5,0.4,0.125,0.5,NA,NA,NA,NA,"exclusion",0.5,0.25,0,0,"2026-08-04","Goal 3 PBE-UD boundary rederivation"
"beta=1,cap","cap_formula_A=0.25_lambda1=0.50_waste=0.000",9,1,0.05,0.4,0.5,0.4,0.125,0.5,NA,NA,NA,NA,"exclusion",0.5,0.25,0.5,0,"2026-08-04","Goal 3 PBE-UD boundary rederivation"
"beta=1,cap","cap_formula_A=0.25_lambda1=0.90_waste=0.000",9,1,0.05,0.4,0.5,0.4,0.125,0.5,NA,NA,NA,NA,"exclusion",0.5,0.25,0.9,0,"2026-08-04","Goal 3 PBE-UD boundary rederivation"
"beta=1,cap","cap_formula_A=0.25_lambda1=1.00_waste=0.000",9,1,0.05,0.4,0.5,0.4,0.125,0.5,NA,NA,NA,NA,"exclusion",0.5,0.25,1,0,"2026-08-04","Goal 3 PBE-UD boundary rederivation"
"beta=1,cap","cap_formula_A=0.75_lambda1=0.00_waste=0.000",9,1,0.05,0.4,0.5,0.4,0.125,0.5,NA,NA,NA,NA,"exclusion",0.5,0.75,0,0,"2026-08-04","Goal 3 PBE-UD boundary rederivation"
"beta=1,cap","cap_formula_A=0.75_lambda1=0.50_waste=0.000",9,1,0.05,0.4,0.5,0.4,0.125,0.5,NA,NA,NA,NA,"exclusion",0.5,0.75,0.5,0,"2026-08-04","Goal 3 PBE-UD boundary rederivation"
"beta=1,cap","cap_formula_A=0.75_lambda1=0.90_waste=0.000",9,1,0.05,0.4,0.5,0.4,0.125,0.5,NA,NA,NA,NA,"exclusion",0.5,0.75,0.9,0,"2026-08-04","Goal 3 PBE-UD boundary rederivation"
"beta=1,cap","cap_formula_A=0.75_lambda1=1.00_waste=0.000",9,1,0.05,0.4,0.5,0.4,0.125,0.5,NA,NA,NA,NA,"exclusion",0.5,0.75,1,0,"2026-08-04","Goal 3 PBE-UD boundary rederivation"
"beta=1,cap","cap_formula_A=1.00_lambda1=0.00_waste=0.000",9,1,0.05,0.4,0.5,0.4,0.125,0.5,NA,NA,NA,NA,"exclusion",0.5,1,0,0,"2026-08-04","Goal 3 PBE-UD boundary rederivation"
"beta=1,cap","cap_formula_A=1.00_lambda1=0.50_waste=0.000",9,1,0.05,0.4,0.5,0.4,0.125,0.5,NA,NA,NA,NA,"exclusion",0.5,1,0.5,0,"2026-08-04","Goal 3 PBE-UD boundary rederivation"
"beta=1,cap","cap_formula_A=1.00_lambda1=0.90_waste=0.000",9,1,0.05,0.4,0.5,0.4,0.125,0.5,NA,NA,NA,NA,"exclusion",0.5,1,0.9,0,"2026-08-04","Goal 3 PBE-UD boundary rederivation"
"beta=1,cap","global_TY_cap",9,1,0.05,0.4,0.5,0.4,0.125,0.5,NA,NA,NA,TRUE,"exclusion",0.5,1,1,0,"2026-08-04","Goal 3 PBE-UD boundary rederivation"
"beta=1,cap","cap_formula_A=0.00_lambda1=0.00_waste=0.000",9,1,0.05,0.4,0.9,0.4,0.125,0.5,NA,NA,NA,NA,"exclusion",0.5,0,0,0,"2026-08-04","Goal 3 PBE-UD boundary rederivation"
"beta=1,cap","cap_formula_A=0.00_lambda1=0.50_waste=0.000",9,1,0.05,0.4,0.9,0.4,0.125,0.5,NA,NA,NA,NA,"exclusion",0.5,0,0.5,0,"2026-08-04","Goal 3 PBE-UD boundary rederivation"
"beta=1,cap","cap_formula_A=0.00_lambda1=0.90_waste=0.000",9,1,0.05,0.4,0.9,0.4,0.125,0.5,NA,NA,NA,NA,"exclusion",0.5,0,0.9,0,"2026-08-04","Goal 3 PBE-UD boundary rederivation"
"beta=1,cap","cap_formula_A=0.00_lambda1=1.00_waste=0.000",9,1,0.05,0.4,0.9,0.4,0.125,0.5,NA,NA,NA,NA,"exclusion",0.5,0,1,0,"2026-08-04","Goal 3 PBE-UD boundary rederivation"
"beta=1,cap","cap_formula_A=0.25_lambda1=0.00_waste=0.000",9,1,0.05,0.4,0.9,0.4,0.125,0.5,NA,NA,NA,NA,"exclusion",0.5,0.25,0,0,"2026-08-04","Goal 3 PBE-UD boundary rederivation"
"beta=1,cap","cap_formula_A=0.25_lambda1=0.50_waste=0.000",9,1,0.05,0.4,0.9,0.4,0.125,0.5,NA,NA,NA,NA,"exclusion",0.5,0.25,0.5,0,"2026-08-04","Goal 3 PBE-UD boundary rederivation"
"beta=1,cap","cap_formula_A=0.25_lambda1=0.90_waste=0.000",9,1,0.05,0.4,0.9,0.4,0.125,0.5,NA,NA,NA,NA,"exclusion",0.5,0.25,0.9,0,"2026-08-04","Goal 3 PBE-UD boundary rederivation"
"beta=1,cap","cap_formula_A=0.25_lambda1=1.00_waste=0.000",9,1,0.05,0.4,0.9,0.4,0.125,0.5,NA,NA,NA,NA,"exclusion",0.5,0.25,1,0,"2026-08-04","Goal 3 PBE-UD boundary rederivation"
"beta=1,cap","cap_formula_A=0.75_lambda1=0.00_waste=0.000",9,1,0.05,0.4,0.9,0.4,0.125,0.5,NA,NA,NA,NA,"exclusion",0.5,0.75,0,0,"2026-08-04","Goal 3 PBE-UD boundary rederivation"
"beta=1,cap","cap_formula_A=0.75_lambda1=0.50_waste=0.000",9,1,0.05,0.4,0.9,0.4,0.125,0.5,NA,NA,NA,NA,"exclusion",0.5,0.75,0.5,0,"2026-08-04","Goal 3 PBE-UD boundary rederivation"
"beta=1,cap","cap_formula_A=0.75_lambda1=0.90_waste=0.000",9,1,0.05,0.4,0.9,0.4,0.125,0.5,NA,NA,NA,NA,"exclusion",0.5,0.75,0.9,0,"2026-08-04","Goal 3 PBE-UD boundary rederivation"
"beta=1,cap","cap_formula_A=0.75_lambda1=1.00_waste=0.000",9,1,0.05,0.4,0.9,0.4,0.125,0.5,NA,NA,NA,NA,"exclusion",0.5,0.75,1,0,"2026-08-04","Goal 3 PBE-UD boundary rederivation"
"beta=1,cap","cap_formula_A=1.00_lambda1=0.00_waste=0.000",9,1,0.05,0.4,0.9,0.4,0.125,0.5,NA,NA,NA,NA,"exclusion",0.5,1,0,0,"2026-08-04","Goal 3 PBE-UD boundary rederivation"
"beta=1,cap","cap_formula_A=1.00_lambda1=0.50_waste=0.000",9,1,0.05,0.4,0.9,0.4,0.125,0.5,NA,NA,NA,NA,"exclusion",0.5,1,0.5,0,"2026-08-04","Goal 3 PBE-UD boundary rederivation"
"beta=1,cap","cap_formula_A=1.00_lambda1=0.90_waste=0.000",9,1,0.05,0.4,0.9,0.4,0.125,0.5,NA,NA,NA,NA,"exclusion",0.5,1,0.9,0,"2026-08-04","Goal 3 PBE-UD boundary rederivation"
"beta=1,cap","global_TY_cap",9,1,0.05,0.4,0.9,0.4,0.125,0.5,NA,NA,NA,TRUE,"exclusion",0.5,1,1,0,"2026-08-04","Goal 3 PBE-UD boundary rederivation"
"beta=1,cap","cap_formula_A=0.00_lambda1=0.00_waste=0.000",9,1,0.05,0.8,0.1,0.8,0.125,0.5,NA,NA,NA,NA,"low_only",0.53,0,0,0,"2026-08-04","Goal 3 PBE-UD boundary rederivation"
"beta=1,cap","cap_formula_A=0.00_lambda1=0.50_waste=0.000",9,1,0.05,0.8,0.1,0.8,0.125,0.5,NA,NA,NA,NA,"low_only",0.53,0,0.5,0,"2026-08-04","Goal 3 PBE-UD boundary rederivation"
"beta=1,cap","cap_formula_A=0.00_lambda1=0.90_waste=0.000",9,1,0.05,0.8,0.1,0.8,0.125,0.5,NA,NA,NA,NA,"low_only",0.53,0,0.9,0,"2026-08-04","Goal 3 PBE-UD boundary rederivation"
"beta=1,cap","cap_formula_A=0.00_lambda1=1.00_waste=0.000",9,1,0.05,0.8,0.1,0.8,0.125,0.5,NA,NA,NA,NA,"low_only",0.53,0,1,0,"2026-08-04","Goal 3 PBE-UD boundary rederivation"
"beta=1,cap","cap_formula_A=0.25_lambda1=0.00_waste=0.000",9,1,0.05,0.8,0.1,0.8,0.125,0.5,NA,NA,NA,NA,"low_only",0.53,0.25,0,0,"2026-08-04","Goal 3 PBE-UD boundary rederivation"
"beta=1,cap","cap_formula_A=0.25_lambda1=0.50_waste=0.000",9,1,0.05,0.8,0.1,0.8,0.125,0.5,NA,NA,NA,NA,"low_only",0.53,0.25,0.5,0,"2026-08-04","Goal 3 PBE-UD boundary rederivation"
"beta=1,cap","cap_formula_A=0.25_lambda1=0.90_waste=0.000",9,1,0.05,0.8,0.1,0.8,0.125,0.5,NA,NA,NA,NA,"low_only",0.53,0.25,0.9,0,"2026-08-04","Goal 3 PBE-UD boundary rederivation"
"beta=1,cap","cap_formula_A=0.25_lambda1=1.00_waste=0.000",9,1,0.05,0.8,0.1,0.8,0.125,0.5,NA,NA,NA,NA,"low_only",0.53,0.25,1,0,"2026-08-04","Goal 3 PBE-UD boundary rederivation"
"beta=1,cap","cap_formula_A=0.75_lambda1=0.00_waste=0.000",9,1,0.05,0.8,0.1,0.8,0.125,0.5,NA,NA,NA,NA,"low_only",0.53,0.75,0,0,"2026-08-04","Goal 3 PBE-UD boundary rederivation"
"beta=1,cap","cap_formula_A=0.75_lambda1=0.50_waste=0.000",9,1,0.05,0.8,0.1,0.8,0.125,0.5,NA,NA,NA,NA,"low_only",0.53,0.75,0.5,0,"2026-08-04","Goal 3 PBE-UD boundary rederivation"
"beta=1,cap","cap_formula_A=0.75_lambda1=0.90_waste=0.000",9,1,0.05,0.8,0.1,0.8,0.125,0.5,NA,NA,NA,NA,"low_only",0.53,0.75,0.9,0,"2026-08-04","Goal 3 PBE-UD boundary rederivation"
"beta=1,cap","cap_formula_A=0.75_lambda1=1.00_waste=0.000",9,1,0.05,0.8,0.1,0.8,0.125,0.5,NA,NA,NA,NA,"low_only",0.53,0.75,1,0,"2026-08-04","Goal 3 PBE-UD boundary rederivation"
"beta=1,cap","cap_formula_A=1.00_lambda1=0.00_waste=0.000",9,1,0.05,0.8,0.1,0.8,0.125,0.5,NA,NA,NA,NA,"low_only",0.53,1,0,0,"2026-08-04","Goal 3 PBE-UD boundary rederivation"
"beta=1,cap","cap_formula_A=1.00_lambda1=0.50_waste=0.000",9,1,0.05,0.8,0.1,0.8,0.125,0.5,NA,NA,NA,NA,"low_only",0.53,1,0.5,0,"2026-08-04","Goal 3 PBE-UD boundary rederivation"
"beta=1,cap","cap_formula_A=1.00_lambda1=0.90_waste=0.000",9,1,0.05,0.8,0.1,0.8,0.125,0.5,NA,NA,NA,NA,"low_only",0.53,1,0.9,0,"2026-08-04","Goal 3 PBE-UD boundary rederivation"
"beta=1,cap","global_TY_cap",9,1,0.05,0.8,0.1,0.8,0.125,0.5,NA,NA,NA,TRUE,"low_only",0.53,1,1,0,"2026-08-04","Goal 3 PBE-UD boundary rederivation"
"beta=1,cap","cap_formula_A=0.00_lambda1=0.00_waste=0.000",9,1,0.05,0.8,0.5,0.8,0.125,0.5,NA,NA,NA,NA,"exclusion",0.5,0,0,0,"2026-08-04","Goal 3 PBE-UD boundary rederivation"
"beta=1,cap","cap_formula_A=0.00_lambda1=0.50_waste=0.000",9,1,0.05,0.8,0.5,0.8,0.125,0.5,NA,NA,NA,NA,"exclusion",0.5,0,0.5,0,"2026-08-04","Goal 3 PBE-UD boundary rederivation"
"beta=1,cap","cap_formula_A=0.00_lambda1=0.90_waste=0.000",9,1,0.05,0.8,0.5,0.8,0.125,0.5,NA,NA,NA,NA,"exclusion",0.5,0,0.9,0,"2026-08-04","Goal 3 PBE-UD boundary rederivation"
"beta=1,cap","cap_formula_A=0.00_lambda1=1.00_waste=0.000",9,1,0.05,0.8,0.5,0.8,0.125,0.5,NA,NA,NA,NA,"exclusion",0.5,0,1,0,"2026-08-04","Goal 3 PBE-UD boundary rederivation"
"beta=1,cap","cap_formula_A=0.25_lambda1=0.00_waste=0.000",9,1,0.05,0.8,0.5,0.8,0.125,0.5,NA,NA,NA,NA,"exclusion",0.5,0.25,0,0,"2026-08-04","Goal 3 PBE-UD boundary rederivation"
"beta=1,cap","cap_formula_A=0.25_lambda1=0.50_waste=0.000",9,1,0.05,0.8,0.5,0.8,0.125,0.5,NA,NA,NA,NA,"exclusion",0.5,0.25,0.5,0,"2026-08-04","Goal 3 PBE-UD boundary rederivation"
"beta=1,cap","cap_formula_A=0.25_lambda1=0.90_waste=0.000",9,1,0.05,0.8,0.5,0.8,0.125,0.5,NA,NA,NA,NA,"exclusion",0.5,0.25,0.9,0,"2026-08-04","Goal 3 PBE-UD boundary rederivation"
"beta=1,cap","cap_formula_A=0.25_lambda1=1.00_waste=0.000",9,1,0.05,0.8,0.5,0.8,0.125,0.5,NA,NA,NA,NA,"exclusion",0.5,0.25,1,0,"2026-08-04","Goal 3 PBE-UD boundary rederivation"
"beta=1,cap","cap_formula_A=0.75_lambda1=0.00_waste=0.000",9,1,0.05,0.8,0.5,0.8,0.125,0.5,NA,NA,NA,NA,"exclusion",0.5,0.75,0,0,"2026-08-04","Goal 3 PBE-UD boundary rederivation"
"beta=1,cap","cap_formula_A=0.75_lambda1=0.50_waste=0.000",9,1,0.05,0.8,0.5,0.8,0.125,0.5,NA,NA,NA,NA,"exclusion",0.5,0.75,0.5,0,"2026-08-04","Goal 3 PBE-UD boundary rederivation"
"beta=1,cap","cap_formula_A=0.75_lambda1=0.90_waste=0.000",9,1,0.05,0.8,0.5,0.8,0.125,0.5,NA,NA,NA,NA,"exclusion",0.5,0.75,0.9,0,"2026-08-04","Goal 3 PBE-UD boundary rederivation"
"beta=1,cap","cap_formula_A=0.75_lambda1=1.00_waste=0.000",9,1,0.05,0.8,0.5,0.8,0.125,0.5,NA,NA,NA,NA,"exclusion",0.5,0.75,1,0,"2026-08-04","Goal 3 PBE-UD boundary rederivation"
"beta=1,cap","cap_formula_A=1.00_lambda1=0.00_waste=0.000",9,1,0.05,0.8,0.5,0.8,0.125,0.5,NA,NA,NA,NA,"exclusion",0.5,1,0,0,"2026-08-04","Goal 3 PBE-UD boundary rederivation"
"beta=1,cap","cap_formula_A=1.00_lambda1=0.50_waste=0.000",9,1,0.05,0.8,0.5,0.8,0.125,0.5,NA,NA,NA,NA,"exclusion",0.5,1,0.5,0,"2026-08-04","Goal 3 PBE-UD boundary rederivation"
"beta=1,cap","cap_formula_A=1.00_lambda1=0.90_waste=0.000",9,1,0.05,0.8,0.5,0.8,0.125,0.5,NA,NA,NA,NA,"exclusion",0.5,1,0.9,0,"2026-08-04","Goal 3 PBE-UD boundary rederivation"
"beta=1,cap","global_TY_cap",9,1,0.05,0.8,0.5,0.8,0.125,0.5,NA,NA,NA,TRUE,"exclusion",0.5,1,1,0,"2026-08-04","Goal 3 PBE-UD boundary rederivation"
"beta=1,cap","cap_formula_A=0.00_lambda1=0.00_waste=0.000",9,1,0.05,0.8,0.9,0.8,0.125,0.5,NA,NA,NA,NA,"exclusion",0.5,0,0,0,"2026-08-04","Goal 3 PBE-UD boundary rederivation"
"beta=1,cap","cap_formula_A=0.00_lambda1=0.50_waste=0.000",9,1,0.05,0.8,0.9,0.8,0.125,0.5,NA,NA,NA,NA,"exclusion",0.5,0,0.5,0,"2026-08-04","Goal 3 PBE-UD boundary rederivation"
"beta=1,cap","cap_formula_A=0.00_lambda1=0.90_waste=0.000",9,1,0.05,0.8,0.9,0.8,0.125,0.5,NA,NA,NA,NA,"exclusion",0.5,0,0.9,0,"2026-08-04","Goal 3 PBE-UD boundary rederivation"
"beta=1,cap","cap_formula_A=0.00_lambda1=1.00_waste=0.000",9,1,0.05,0.8,0.9,0.8,0.125,0.5,NA,NA,NA,NA,"exclusion",0.5,0,1,0,"2026-08-04","Goal 3 PBE-UD boundary rederivation"
"beta=1,cap","cap_formula_A=0.25_lambda1=0.00_waste=0.000",9,1,0.05,0.8,0.9,0.8,0.125,0.5,NA,NA,NA,NA,"exclusion",0.5,0.25,0,0,"2026-08-04","Goal 3 PBE-UD boundary rederivation"
"beta=1,cap","cap_formula_A=0.25_lambda1=0.50_waste=0.000",9,1,0.05,0.8,0.9,0.8,0.125,0.5,NA,NA,NA,NA,"exclusion",0.5,0.25,0.5,0,"2026-08-04","Goal 3 PBE-UD boundary rederivation"
"beta=1,cap","cap_formula_A=0.25_lambda1=0.90_waste=0.000",9,1,0.05,0.8,0.9,0.8,0.125,0.5,NA,NA,NA,NA,"exclusion",0.5,0.25,0.9,0,"2026-08-04","Goal 3 PBE-UD boundary rederivation"
"beta=1,cap","cap_formula_A=0.25_lambda1=1.00_waste=0.000",9,1,0.05,0.8,0.9,0.8,0.125,0.5,NA,NA,NA,NA,"exclusion",0.5,0.25,1,0,"2026-08-04","Goal 3 PBE-UD boundary rederivation"
"beta=1,cap","cap_formula_A=0.75_lambda1=0.00_waste=0.000",9,1,0.05,0.8,0.9,0.8,0.125,0.5,NA,NA,NA,NA,"exclusion",0.5,0.75,0,0,"2026-08-04","Goal 3 PBE-UD boundary rederivation"
"beta=1,cap","cap_formula_A=0.75_lambda1=0.50_waste=0.000",9,1,0.05,0.8,0.9,0.8,0.125,0.5,NA,NA,NA,NA,"exclusion",0.5,0.75,0.5,0,"2026-08-04","Goal 3 PBE-UD boundary rederivation"
"beta=1,cap","cap_formula_A=0.75_lambda1=0.90_waste=0.000",9,1,0.05,0.8,0.9,0.8,0.125,0.5,NA,NA,NA,NA,"exclusion",0.5,0.75,0.9,0,"2026-08-04","Goal 3 PBE-UD boundary rederivation"
"beta=1,cap","cap_formula_A=0.75_lambda1=1.00_waste=0.000",9,1,0.05,0.8,0.9,0.8,0.125,0.5,NA,NA,NA,NA,"exclusion",0.5,0.75,1,0,"2026-08-04","Goal 3 PBE-UD boundary rederivation"
"beta=1,cap","cap_formula_A=1.00_lambda1=0.00_waste=0.000",9,1,0.05,0.8,0.9,0.8,0.125,0.5,NA,NA,NA,NA,"exclusion",0.5,1,0,0,"2026-08-04","Goal 3 PBE-UD boundary rederivation"
"beta=1,cap","cap_formula_A=1.00_lambda1=0.50_waste=0.000",9,1,0.05,0.8,0.9,0.8,0.125,0.5,NA,NA,NA,NA,"exclusion",0.5,1,0.5,0,"2026-08-04","Goal 3 PBE-UD boundary rederivation"
"beta=1,cap","cap_formula_A=1.00_lambda1=0.90_waste=0.000",9,1,0.05,0.8,0.9,0.8,0.125,0.5,NA,NA,NA,NA,"exclusion",0.5,1,0.9,0,"2026-08-04","Goal 3 PBE-UD boundary rederivation"
"beta=1,cap","global_TY_cap",9,1,0.05,0.8,0.9,0.8,0.125,0.5,NA,NA,NA,TRUE,"exclusion",0.5,1,1,0,"2026-08-04","Goal 3 PBE-UD boundary rederivation"
"beta=1,cap","cap_formula_A=0.00_lambda1=0.00_waste=0.000",9,1,0.2,0.4,0.1,0.4,0.125,0.5,NA,NA,NA,NA,"exclusion",0.5,0,0,0,"2026-08-04","Goal 3 PBE-UD boundary rederivation"
"beta=1,cap","cap_formula_A=0.00_lambda1=0.50_waste=0.000",9,1,0.2,0.4,0.1,0.4,0.125,0.5,NA,NA,NA,NA,"exclusion",0.5,0,0.5,0,"2026-08-04","Goal 3 PBE-UD boundary rederivation"
"beta=1,cap","cap_formula_A=0.00_lambda1=0.90_waste=0.000",9,1,0.2,0.4,0.1,0.4,0.125,0.5,NA,NA,NA,NA,"exclusion",0.5,0,0.9,0,"2026-08-04","Goal 3 PBE-UD boundary rederivation"
"beta=1,cap","cap_formula_A=0.00_lambda1=1.00_waste=0.000",9,1,0.2,0.4,0.1,0.4,0.125,0.5,NA,NA,NA,NA,"exclusion",0.5,0,1,0,"2026-08-04","Goal 3 PBE-UD boundary rederivation"
"beta=1,cap","cap_formula_A=0.25_lambda1=0.00_waste=0.000",9,1,0.2,0.4,0.1,0.4,0.125,0.5,NA,NA,NA,NA,"exclusion",0.5,0.25,0,0,"2026-08-04","Goal 3 PBE-UD boundary rederivation"
"beta=1,cap","cap_formula_A=0.25_lambda1=0.50_waste=0.000",9,1,0.2,0.4,0.1,0.4,0.125,0.5,NA,NA,NA,NA,"exclusion",0.5,0.25,0.5,0,"2026-08-04","Goal 3 PBE-UD boundary rederivation"
"beta=1,cap","cap_formula_A=0.25_lambda1=0.90_waste=0.000",9,1,0.2,0.4,0.1,0.4,0.125,0.5,NA,NA,NA,NA,"exclusion",0.5,0.25,0.9,0,"2026-08-04","Goal 3 PBE-UD boundary rederivation"
"beta=1,cap","cap_formula_A=0.25_lambda1=1.00_waste=0.000",9,1,0.2,0.4,0.1,0.4,0.125,0.5,NA,NA,NA,NA,"exclusion",0.5,0.25,1,0,"2026-08-04","Goal 3 PBE-UD boundary rederivation"
"beta=1,cap","cap_formula_A=0.75_lambda1=0.00_waste=0.000",9,1,0.2,0.4,0.1,0.4,0.125,0.5,NA,NA,NA,NA,"exclusion",0.5,0.75,0,0,"2026-08-04","Goal 3 PBE-UD boundary rederivation"
"beta=1,cap","cap_formula_A=0.75_lambda1=0.50_waste=0.000",9,1,0.2,0.4,0.1,0.4,0.125,0.5,NA,NA,NA,NA,"exclusion",0.5,0.75,0.5,0,"2026-08-04","Goal 3 PBE-UD boundary rederivation"
"beta=1,cap","cap_formula_A=0.75_lambda1=0.90_waste=0.000",9,1,0.2,0.4,0.1,0.4,0.125,0.5,NA,NA,NA,NA,"exclusion",0.5,0.75,0.9,0,"2026-08-04","Goal 3 PBE-UD boundary rederivation"
"beta=1,cap","cap_formula_A=0.75_lambda1=1.00_waste=0.000",9,1,0.2,0.4,0.1,0.4,0.125,0.5,NA,NA,NA,NA,"exclusion",0.5,0.75,1,0,"2026-08-04","Goal 3 PBE-UD boundary rederivation"
"beta=1,cap","cap_formula_A=1.00_lambda1=0.00_waste=0.000",9,1,0.2,0.4,0.1,0.4,0.125,0.5,NA,NA,NA,NA,"exclusion",0.5,1,0,0,"2026-08-04","Goal 3 PBE-UD boundary rederivation"
"beta=1,cap","cap_formula_A=1.00_lambda1=0.50_waste=0.000",9,1,0.2,0.4,0.1,0.4,0.125,0.5,NA,NA,NA,NA,"exclusion",0.5,1,0.5,0,"2026-08-04","Goal 3 PBE-UD boundary rederivation"
"beta=1,cap","cap_formula_A=1.00_lambda1=0.90_waste=0.000",9,1,0.2,0.4,0.1,0.4,0.125,0.5,NA,NA,NA,NA,"exclusion",0.5,1,0.9,0,"2026-08-04","Goal 3 PBE-UD boundary rederivation"
"beta=1,cap","global_TY_cap",9,1,0.2,0.4,0.1,0.4,0.125,0.5,NA,NA,NA,TRUE,"exclusion",0.5,1,1,0,"2026-08-04","Goal 3 PBE-UD boundary rederivation"
"beta=1,cap","cap_formula_A=0.00_lambda1=0.00_waste=0.000",9,1,0.2,0.4,0.5,0.4,0.125,0.5,NA,NA,NA,NA,"exclusion",0.5,0,0,0,"2026-08-04","Goal 3 PBE-UD boundary rederivation"
"beta=1,cap","cap_formula_A=0.00_lambda1=0.50_waste=0.000",9,1,0.2,0.4,0.5,0.4,0.125,0.5,NA,NA,NA,NA,"exclusion",0.5,0,0.5,0,"2026-08-04","Goal 3 PBE-UD boundary rederivation"
"beta=1,cap","cap_formula_A=0.00_lambda1=0.90_waste=0.000",9,1,0.2,0.4,0.5,0.4,0.125,0.5,NA,NA,NA,NA,"exclusion",0.5,0,0.9,0,"2026-08-04","Goal 3 PBE-UD boundary rederivation"
"beta=1,cap","cap_formula_A=0.00_lambda1=1.00_waste=0.000",9,1,0.2,0.4,0.5,0.4,0.125,0.5,NA,NA,NA,NA,"exclusion",0.5,0,1,0,"2026-08-04","Goal 3 PBE-UD boundary rederivation"
"beta=1,cap","cap_formula_A=0.25_lambda1=0.00_waste=0.000",9,1,0.2,0.4,0.5,0.4,0.125,0.5,NA,NA,NA,NA,"exclusion",0.5,0.25,0,0,"2026-08-04","Goal 3 PBE-UD boundary rederivation"
"beta=1,cap","cap_formula_A=0.25_lambda1=0.50_waste=0.000",9,1,0.2,0.4,0.5,0.4,0.125,0.5,NA,NA,NA,NA,"exclusion",0.5,0.25,0.5,0,"2026-08-04","Goal 3 PBE-UD boundary rederivation"
"beta=1,cap","cap_formula_A=0.25_lambda1=0.90_waste=0.000",9,1,0.2,0.4,0.5,0.4,0.125,0.5,NA,NA,NA,NA,"exclusion",0.5,0.25,0.9,0,"2026-08-04","Goal 3 PBE-UD boundary rederivation"
"beta=1,cap","cap_formula_A=0.25_lambda1=1.00_waste=0.000",9,1,0.2,0.4,0.5,0.4,0.125,0.5,NA,NA,NA,NA,"exclusion",0.5,0.25,1,0,"2026-08-04","Goal 3 PBE-UD boundary rederivation"
"beta=1,cap","cap_formula_A=0.75_lambda1=0.00_waste=0.000",9,1,0.2,0.4,0.5,0.4,0.125,0.5,NA,NA,NA,NA,"exclusion",0.5,0.75,0,0,"2026-08-04","Goal 3 PBE-UD boundary rederivation"
"beta=1,cap","cap_formula_A=0.75_lambda1=0.50_waste=0.000",9,1,0.2,0.4,0.5,0.4,0.125,0.5,NA,NA,NA,NA,"exclusion",0.5,0.75,0.5,0,"2026-08-04","Goal 3 PBE-UD boundary rederivation"
"beta=1,cap","cap_formula_A=0.75_lambda1=0.90_waste=0.000",9,1,0.2,0.4,0.5,0.4,0.125,0.5,NA,NA,NA,NA,"exclusion",0.5,0.75,0.9,0,"2026-08-04","Goal 3 PBE-UD boundary rederivation"
"beta=1,cap","cap_formula_A=0.75_lambda1=1.00_waste=0.000",9,1,0.2,0.4,0.5,0.4,0.125,0.5,NA,NA,NA,NA,"exclusion",0.5,0.75,1,0,"2026-08-04","Goal 3 PBE-UD boundary rederivation"
"beta=1,cap","cap_formula_A=1.00_lambda1=0.00_waste=0.000",9,1,0.2,0.4,0.5,0.4,0.125,0.5,NA,NA,NA,NA,"exclusion",0.5,1,0,0,"2026-08-04","Goal 3 PBE-UD boundary rederivation"
"beta=1,cap","cap_formula_A=1.00_lambda1=0.50_waste=0.000",9,1,0.2,0.4,0.5,0.4,0.125,0.5,NA,NA,NA,NA,"exclusion",0.5,1,0.5,0,"2026-08-04","Goal 3 PBE-UD boundary rederivation"
"beta=1,cap","cap_formula_A=1.00_lambda1=0.90_waste=0.000",9,1,0.2,0.4,0.5,0.4,0.125,0.5,NA,NA,NA,NA,"exclusion",0.5,1,0.9,0,"2026-08-04","Goal 3 PBE-UD boundary rederivation"
"beta=1,cap","global_TY_cap",9,1,0.2,0.4,0.5,0.4,0.125,0.5,NA,NA,NA,TRUE,"exclusion",0.5,1,1,0,"2026-08-04","Goal 3 PBE-UD boundary rederivation"
"beta=1,cap","cap_formula_A=0.00_lambda1=0.00_waste=0.000",9,1,0.2,0.4,0.9,0.4,0.125,0.5,NA,NA,NA,NA,"exclusion",0.5,0,0,0,"2026-08-04","Goal 3 PBE-UD boundary rederivation"
"beta=1,cap","cap_formula_A=0.00_lambda1=0.50_waste=0.000",9,1,0.2,0.4,0.9,0.4,0.125,0.5,NA,NA,NA,NA,"exclusion",0.5,0,0.5,0,"2026-08-04","Goal 3 PBE-UD boundary rederivation"
"beta=1,cap","cap_formula_A=0.00_lambda1=0.90_waste=0.000",9,1,0.2,0.4,0.9,0.4,0.125,0.5,NA,NA,NA,NA,"exclusion",0.5,0,0.9,0,"2026-08-04","Goal 3 PBE-UD boundary rederivation"
"beta=1,cap","cap_formula_A=0.00_lambda1=1.00_waste=0.000",9,1,0.2,0.4,0.9,0.4,0.125,0.5,NA,NA,NA,NA,"exclusion",0.5,0,1,0,"2026-08-04","Goal 3 PBE-UD boundary rederivation"
"beta=1,cap","cap_formula_A=0.25_lambda1=0.00_waste=0.000",9,1,0.2,0.4,0.9,0.4,0.125,0.5,NA,NA,NA,NA,"exclusion",0.5,0.25,0,0,"2026-08-04","Goal 3 PBE-UD boundary rederivation"
"beta=1,cap","cap_formula_A=0.25_lambda1=0.50_waste=0.000",9,1,0.2,0.4,0.9,0.4,0.125,0.5,NA,NA,NA,NA,"exclusion",0.5,0.25,0.5,0,"2026-08-04","Goal 3 PBE-UD boundary rederivation"
"beta=1,cap","cap_formula_A=0.25_lambda1=0.90_waste=0.000",9,1,0.2,0.4,0.9,0.4,0.125,0.5,NA,NA,NA,NA,"exclusion",0.5,0.25,0.9,0,"2026-08-04","Goal 3 PBE-UD boundary rederivation"
"beta=1,cap","cap_formula_A=0.25_lambda1=1.00_waste=0.000",9,1,0.2,0.4,0.9,0.4,0.125,0.5,NA,NA,NA,NA,"exclusion",0.5,0.25,1,0,"2026-08-04","Goal 3 PBE-UD boundary rederivation"
"beta=1,cap","cap_formula_A=0.75_lambda1=0.00_waste=0.000",9,1,0.2,0.4,0.9,0.4,0.125,0.5,NA,NA,NA,NA,"exclusion",0.5,0.75,0,0,"2026-08-04","Goal 3 PBE-UD boundary rederivation"
"beta=1,cap","cap_formula_A=0.75_lambda1=0.50_waste=0.000",9,1,0.2,0.4,0.9,0.4,0.125,0.5,NA,NA,NA,NA,"exclusion",0.5,0.75,0.5,0,"2026-08-04","Goal 3 PBE-UD boundary rederivation"
"beta=1,cap","cap_formula_A=0.75_lambda1=0.90_waste=0.000",9,1,0.2,0.4,0.9,0.4,0.125,0.5,NA,NA,NA,NA,"exclusion",0.5,0.75,0.9,0,"2026-08-04","Goal 3 PBE-UD boundary rederivation"
"beta=1,cap","cap_formula_A=0.75_lambda1=1.00_waste=0.000",9,1,0.2,0.4,0.9,0.4,0.125,0.5,NA,NA,NA,NA,"exclusion",0.5,0.75,1,0,"2026-08-04","Goal 3 PBE-UD boundary rederivation"
"beta=1,cap","cap_formula_A=1.00_lambda1=0.00_waste=0.000",9,1,0.2,0.4,0.9,0.4,0.125,0.5,NA,NA,NA,NA,"exclusion",0.5,1,0,0,"2026-08-04","Goal 3 PBE-UD boundary rederivation"
"beta=1,cap","cap_formula_A=1.00_lambda1=0.50_waste=0.000",9,1,0.2,0.4,0.9,0.4,0.125,0.5,NA,NA,NA,NA,"exclusion",0.5,1,0.5,0,"2026-08-04","Goal 3 PBE-UD boundary rederivation"
"beta=1,cap","cap_formula_A=1.00_lambda1=0.90_waste=0.000",9,1,0.2,0.4,0.9,0.4,0.125,0.5,NA,NA,NA,NA,"exclusion",0.5,1,0.9,0,"2026-08-04","Goal 3 PBE-UD boundary rederivation"
"beta=1,cap","global_TY_cap",9,1,0.2,0.4,0.9,0.4,0.125,0.5,NA,NA,NA,TRUE,"exclusion",0.5,1,1,0,"2026-08-04","Goal 3 PBE-UD boundary rederivation"
"beta=1,cap","cap_formula_A=0.00_lambda1=0.00_waste=0.000",9,1,0.2,0.8,0.1,0.8,0.125,0.5,NA,NA,NA,NA,"exclusion",0.5,0,0,0,"2026-08-04","Goal 3 PBE-UD boundary rederivation"
"beta=1,cap","cap_formula_A=0.00_lambda1=0.50_waste=0.000",9,1,0.2,0.8,0.1,0.8,0.125,0.5,NA,NA,NA,NA,"exclusion",0.5,0,0.5,0,"2026-08-04","Goal 3 PBE-UD boundary rederivation"
"beta=1,cap","cap_formula_A=0.00_lambda1=0.90_waste=0.000",9,1,0.2,0.8,0.1,0.8,0.125,0.5,NA,NA,NA,NA,"exclusion",0.5,0,0.9,0,"2026-08-04","Goal 3 PBE-UD boundary rederivation"
"beta=1,cap","cap_formula_A=0.00_lambda1=1.00_waste=0.000",9,1,0.2,0.8,0.1,0.8,0.125,0.5,NA,NA,NA,NA,"exclusion",0.5,0,1,0,"2026-08-04","Goal 3 PBE-UD boundary rederivation"
"beta=1,cap","cap_formula_A=0.25_lambda1=0.00_waste=0.000",9,1,0.2,0.8,0.1,0.8,0.125,0.5,NA,NA,NA,NA,"exclusion",0.5,0.25,0,0,"2026-08-04","Goal 3 PBE-UD boundary rederivation"
"beta=1,cap","cap_formula_A=0.25_lambda1=0.50_waste=0.000",9,1,0.2,0.8,0.1,0.8,0.125,0.5,NA,NA,NA,NA,"exclusion",0.5,0.25,0.5,0,"2026-08-04","Goal 3 PBE-UD boundary rederivation"
"beta=1,cap","cap_formula_A=0.25_lambda1=0.90_waste=0.000",9,1,0.2,0.8,0.1,0.8,0.125,0.5,NA,NA,NA,NA,"exclusion",0.5,0.25,0.9,0,"2026-08-04","Goal 3 PBE-UD boundary rederivation"
"beta=1,cap","cap_formula_A=0.25_lambda1=1.00_waste=0.000",9,1,0.2,0.8,0.1,0.8,0.125,0.5,NA,NA,NA,NA,"exclusion",0.5,0.25,1,0,"2026-08-04","Goal 3 PBE-UD boundary rederivation"
"beta=1,cap","cap_formula_A=0.75_lambda1=0.00_waste=0.000",9,1,0.2,0.8,0.1,0.8,0.125,0.5,NA,NA,NA,NA,"exclusion",0.5,0.75,0,0,"2026-08-04","Goal 3 PBE-UD boundary rederivation"
"beta=1,cap","cap_formula_A=0.75_lambda1=0.50_waste=0.000",9,1,0.2,0.8,0.1,0.8,0.125,0.5,NA,NA,NA,NA,"exclusion",0.5,0.75,0.5,0,"2026-08-04","Goal 3 PBE-UD boundary rederivation"
"beta=1,cap","cap_formula_A=0.75_lambda1=0.90_waste=0.000",9,1,0.2,0.8,0.1,0.8,0.125,0.5,NA,NA,NA,NA,"exclusion",0.5,0.75,0.9,0,"2026-08-04","Goal 3 PBE-UD boundary rederivation"
"beta=1,cap","cap_formula_A=0.75_lambda1=1.00_waste=0.000",9,1,0.2,0.8,0.1,0.8,0.125,0.5,NA,NA,NA,NA,"exclusion",0.5,0.75,1,0,"2026-08-04","Goal 3 PBE-UD boundary rederivation"
"beta=1,cap","cap_formula_A=1.00_lambda1=0.00_waste=0.000",9,1,0.2,0.8,0.1,0.8,0.125,0.5,NA,NA,NA,NA,"exclusion",0.5,1,0,0,"2026-08-04","Goal 3 PBE-UD boundary rederivation"
"beta=1,cap","cap_formula_A=1.00_lambda1=0.50_waste=0.000",9,1,0.2,0.8,0.1,0.8,0.125,0.5,NA,NA,NA,NA,"exclusion",0.5,1,0.5,0,"2026-08-04","Goal 3 PBE-UD boundary rederivation"
"beta=1,cap","cap_formula_A=1.00_lambda1=0.90_waste=0.000",9,1,0.2,0.8,0.1,0.8,0.125,0.5,NA,NA,NA,NA,"exclusion",0.5,1,0.9,0,"2026-08-04","Goal 3 PBE-UD boundary rederivation"
"beta=1,cap","global_TY_cap",9,1,0.2,0.8,0.1,0.8,0.125,0.5,NA,NA,NA,TRUE,"exclusion",0.5,1,1,0,"2026-08-04","Goal 3 PBE-UD boundary rederivation"
"beta=1,cap","cap_formula_A=0.00_lambda1=0.00_waste=0.000",9,1,0.2,0.8,0.5,0.8,0.125,0.5,NA,NA,NA,NA,"exclusion",0.5,0,0,0,"2026-08-04","Goal 3 PBE-UD boundary rederivation"
"beta=1,cap","cap_formula_A=0.00_lambda1=0.50_waste=0.000",9,1,0.2,0.8,0.5,0.8,0.125,0.5,NA,NA,NA,NA,"exclusion",0.5,0,0.5,0,"2026-08-04","Goal 3 PBE-UD boundary rederivation"
"beta=1,cap","cap_formula_A=0.00_lambda1=0.90_waste=0.000",9,1,0.2,0.8,0.5,0.8,0.125,0.5,NA,NA,NA,NA,"exclusion",0.5,0,0.9,0,"2026-08-04","Goal 3 PBE-UD boundary rederivation"
"beta=1,cap","cap_formula_A=0.00_lambda1=1.00_waste=0.000",9,1,0.2,0.8,0.5,0.8,0.125,0.5,NA,NA,NA,NA,"exclusion",0.5,0,1,0,"2026-08-04","Goal 3 PBE-UD boundary rederivation"
"beta=1,cap","cap_formula_A=0.25_lambda1=0.00_waste=0.000",9,1,0.2,0.8,0.5,0.8,0.125,0.5,NA,NA,NA,NA,"exclusion",0.5,0.25,0,0,"2026-08-04","Goal 3 PBE-UD boundary rederivation"
"beta=1,cap","cap_formula_A=0.25_lambda1=0.50_waste=0.000",9,1,0.2,0.8,0.5,0.8,0.125,0.5,NA,NA,NA,NA,"exclusion",0.5,0.25,0.5,0,"2026-08-04","Goal 3 PBE-UD boundary rederivation"
"beta=1,cap","cap_formula_A=0.25_lambda1=0.90_waste=0.000",9,1,0.2,0.8,0.5,0.8,0.125,0.5,NA,NA,NA,NA,"exclusion",0.5,0.25,0.9,0,"2026-08-04","Goal 3 PBE-UD boundary rederivation"
"beta=1,cap","cap_formula_A=0.25_lambda1=1.00_waste=0.000",9,1,0.2,0.8,0.5,0.8,0.125,0.5,NA,NA,NA,NA,"exclusion",0.5,0.25,1,0,"2026-08-04","Goal 3 PBE-UD boundary rederivation"
"beta=1,cap","cap_formula_A=0.75_lambda1=0.00_waste=0.000",9,1,0.2,0.8,0.5,0.8,0.125,0.5,NA,NA,NA,NA,"exclusion",0.5,0.75,0,0,"2026-08-04","Goal 3 PBE-UD boundary rederivation"
"beta=1,cap","cap_formula_A=0.75_lambda1=0.50_waste=0.000",9,1,0.2,0.8,0.5,0.8,0.125,0.5,NA,NA,NA,NA,"exclusion",0.5,0.75,0.5,0,"2026-08-04","Goal 3 PBE-UD boundary rederivation"
"beta=1,cap","cap_formula_A=0.75_lambda1=0.90_waste=0.000",9,1,0.2,0.8,0.5,0.8,0.125,0.5,NA,NA,NA,NA,"exclusion",0.5,0.75,0.9,0,"2026-08-04","Goal 3 PBE-UD boundary rederivation"
"beta=1,cap","cap_formula_A=0.75_lambda1=1.00_waste=0.000",9,1,0.2,0.8,0.5,0.8,0.125,0.5,NA,NA,NA,NA,"exclusion",0.5,0.75,1,0,"2026-08-04","Goal 3 PBE-UD boundary rederivation"
"beta=1,cap","cap_formula_A=1.00_lambda1=0.00_waste=0.000",9,1,0.2,0.8,0.5,0.8,0.125,0.5,NA,NA,NA,NA,"exclusion",0.5,1,0,0,"2026-08-04","Goal 3 PBE-UD boundary rederivation"
"beta=1,cap","cap_formula_A=1.00_lambda1=0.50_waste=0.000",9,1,0.2,0.8,0.5,0.8,0.125,0.5,NA,NA,NA,NA,"exclusion",0.5,1,0.5,0,"2026-08-04","Goal 3 PBE-UD boundary rederivation"
"beta=1,cap","cap_formula_A=1.00_lambda1=0.90_waste=0.000",9,1,0.2,0.8,0.5,0.8,0.125,0.5,NA,NA,NA,NA,"exclusion",0.5,1,0.9,0,"2026-08-04","Goal 3 PBE-UD boundary rederivation"
"beta=1,cap","global_TY_cap",9,1,0.2,0.8,0.5,0.8,0.125,0.5,NA,NA,NA,TRUE,"exclusion",0.5,1,1,0,"2026-08-04","Goal 3 PBE-UD boundary rederivation"
"beta=1,cap","cap_formula_A=0.00_lambda1=0.00_waste=0.000",9,1,0.2,0.8,0.9,0.8,0.125,0.5,NA,NA,NA,NA,"exclusion",0.5,0,0,0,"2026-08-04","Goal 3 PBE-UD boundary rederivation"
"beta=1,cap","cap_formula_A=0.00_lambda1=0.50_waste=0.000",9,1,0.2,0.8,0.9,0.8,0.125,0.5,NA,NA,NA,NA,"exclusion",0.5,0,0.5,0,"2026-08-04","Goal 3 PBE-UD boundary rederivation"
"beta=1,cap","cap_formula_A=0.00_lambda1=0.90_waste=0.000",9,1,0.2,0.8,0.9,0.8,0.125,0.5,NA,NA,NA,NA,"exclusion",0.5,0,0.9,0,"2026-08-04","Goal 3 PBE-UD boundary rederivation"
"beta=1,cap","cap_formula_A=0.00_lambda1=1.00_waste=0.000",9,1,0.2,0.8,0.9,0.8,0.125,0.5,NA,NA,NA,NA,"exclusion",0.5,0,1,0,"2026-08-04","Goal 3 PBE-UD boundary rederivation"
"beta=1,cap","cap_formula_A=0.25_lambda1=0.00_waste=0.000",9,1,0.2,0.8,0.9,0.8,0.125,0.5,NA,NA,NA,NA,"exclusion",0.5,0.25,0,0,"2026-08-04","Goal 3 PBE-UD boundary rederivation"
"beta=1,cap","cap_formula_A=0.25_lambda1=0.50_waste=0.000",9,1,0.2,0.8,0.9,0.8,0.125,0.5,NA,NA,NA,NA,"exclusion",0.5,0.25,0.5,0,"2026-08-04","Goal 3 PBE-UD boundary rederivation"
"beta=1,cap","cap_formula_A=0.25_lambda1=0.90_waste=0.000",9,1,0.2,0.8,0.9,0.8,0.125,0.5,NA,NA,NA,NA,"exclusion",0.5,0.25,0.9,0,"2026-08-04","Goal 3 PBE-UD boundary rederivation"
"beta=1,cap","cap_formula_A=0.25_lambda1=1.00_waste=0.000",9,1,0.2,0.8,0.9,0.8,0.125,0.5,NA,NA,NA,NA,"exclusion",0.5,0.25,1,0,"2026-08-04","Goal 3 PBE-UD boundary rederivation"
"beta=1,cap","cap_formula_A=0.75_lambda1=0.00_waste=0.000",9,1,0.2,0.8,0.9,0.8,0.125,0.5,NA,NA,NA,NA,"exclusion",0.5,0.75,0,0,"2026-08-04","Goal 3 PBE-UD boundary rederivation"
"beta=1,cap","cap_formula_A=0.75_lambda1=0.50_waste=0.000",9,1,0.2,0.8,0.9,0.8,0.125,0.5,NA,NA,NA,NA,"exclusion",0.5,0.75,0.5,0,"2026-08-04","Goal 3 PBE-UD boundary rederivation"
"beta=1,cap","cap_formula_A=0.75_lambda1=0.90_waste=0.000",9,1,0.2,0.8,0.9,0.8,0.125,0.5,NA,NA,NA,NA,"exclusion",0.5,0.75,0.9,0,"2026-08-04","Goal 3 PBE-UD boundary rederivation"
"beta=1,cap","cap_formula_A=0.75_lambda1=1.00_waste=0.000",9,1,0.2,0.8,0.9,0.8,0.125,0.5,NA,NA,NA,NA,"exclusion",0.5,0.75,1,0,"2026-08-04","Goal 3 PBE-UD boundary rederivation"
"beta=1,cap","cap_formula_A=1.00_lambda1=0.00_waste=0.000",9,1,0.2,0.8,0.9,0.8,0.125,0.5,NA,NA,NA,NA,"exclusion",0.5,1,0,0,"2026-08-04","Goal 3 PBE-UD boundary rederivation"
"beta=1,cap","cap_formula_A=1.00_lambda1=0.50_waste=0.000",9,1,0.2,0.8,0.9,0.8,0.125,0.5,NA,NA,NA,NA,"exclusion",0.5,1,0.5,0,"2026-08-04","Goal 3 PBE-UD boundary rederivation"
"beta=1,cap","cap_formula_A=1.00_lambda1=0.90_waste=0.000",9,1,0.2,0.8,0.9,0.8,0.125,0.5,NA,NA,NA,NA,"exclusion",0.5,1,0.9,0,"2026-08-04","Goal 3 PBE-UD boundary rederivation"
"beta=1,cap","global_TY_cap",9,1,0.2,0.8,0.9,0.8,0.125,0.5,NA,NA,NA,TRUE,"exclusion",0.5,1,1,0,"2026-08-04","Goal 3 PBE-UD boundary rederivation"
"beta=1,cap","cap_formula_A=0.00_lambda1=0.00_waste=0.000",10,1,0.05,0.4,0.1,0.4,0.111111111111111,0.444444444444444,NA,NA,NA,NA,"low_only",0.466111111111111,0,0,0,"2026-08-04","Goal 3 PBE-UD boundary rederivation"
"beta=1,cap","cap_formula_A=0.00_lambda1=0.50_waste=0.000",10,1,0.05,0.4,0.1,0.4,0.111111111111111,0.444444444444444,NA,NA,NA,NA,"low_only",0.466111111111111,0,0.5,0,"2026-08-04","Goal 3 PBE-UD boundary rederivation"
"beta=1,cap","cap_formula_A=0.00_lambda1=0.90_waste=0.000",10,1,0.05,0.4,0.1,0.4,0.111111111111111,0.444444444444444,NA,NA,NA,NA,"low_only",0.466111111111111,0,0.9,0,"2026-08-04","Goal 3 PBE-UD boundary rederivation"
"beta=1,cap","cap_formula_A=0.00_lambda1=1.00_waste=0.000",10,1,0.05,0.4,0.1,0.4,0.111111111111111,0.444444444444444,NA,NA,NA,NA,"low_only",0.466111111111111,0,1,0,"2026-08-04","Goal 3 PBE-UD boundary rederivation"
"beta=1,cap","cap_formula_A=0.25_lambda1=0.00_waste=0.000",10,1,0.05,0.4,0.1,0.4,0.111111111111111,0.444444444444444,NA,NA,NA,NA,"low_only",0.466111111111111,0.25,0,0,"2026-08-04","Goal 3 PBE-UD boundary rederivation"
"beta=1,cap","cap_formula_A=0.25_lambda1=0.50_waste=0.000",10,1,0.05,0.4,0.1,0.4,0.111111111111111,0.444444444444444,NA,NA,NA,NA,"low_only",0.466111111111111,0.25,0.5,0,"2026-08-04","Goal 3 PBE-UD boundary rederivation"
"beta=1,cap","cap_formula_A=0.25_lambda1=0.90_waste=0.000",10,1,0.05,0.4,0.1,0.4,0.111111111111111,0.444444444444444,NA,NA,NA,NA,"low_only",0.466111111111111,0.25,0.9,0,"2026-08-04","Goal 3 PBE-UD boundary rederivation"
"beta=1,cap","cap_formula_A=0.25_lambda1=1.00_waste=0.000",10,1,0.05,0.4,0.1,0.4,0.111111111111111,0.444444444444444,NA,NA,NA,NA,"low_only",0.466111111111111,0.25,1,0,"2026-08-04","Goal 3 PBE-UD boundary rederivation"
"beta=1,cap","cap_formula_A=0.75_lambda1=0.00_waste=0.000",10,1,0.05,0.4,0.1,0.4,0.111111111111111,0.444444444444444,NA,NA,NA,NA,"low_only",0.466111111111111,0.75,0,0,"2026-08-04","Goal 3 PBE-UD boundary rederivation"
"beta=1,cap","cap_formula_A=0.75_lambda1=0.50_waste=0.000",10,1,0.05,0.4,0.1,0.4,0.111111111111111,0.444444444444444,NA,NA,NA,NA,"low_only",0.466111111111111,0.75,0.5,0,"2026-08-04","Goal 3 PBE-UD boundary rederivation"
"beta=1,cap","cap_formula_A=0.75_lambda1=0.90_waste=0.000",10,1,0.05,0.4,0.1,0.4,0.111111111111111,0.444444444444444,NA,NA,NA,NA,"low_only",0.466111111111111,0.75,0.9,0,"2026-08-04","Goal 3 PBE-UD boundary rederivation"
"beta=1,cap","cap_formula_A=0.75_lambda1=1.00_waste=0.000",10,1,0.05,0.4,0.1,0.4,0.111111111111111,0.444444444444444,NA,NA,NA,NA,"low_only",0.466111111111111,0.75,1,0,"2026-08-04","Goal 3 PBE-UD boundary rederivation"
"beta=1,cap","cap_formula_A=1.00_lambda1=0.00_waste=0.000",10,1,0.05,0.4,0.1,0.4,0.111111111111111,0.444444444444444,NA,NA,NA,NA,"low_only",0.466111111111111,1,0,0,"2026-08-04","Goal 3 PBE-UD boundary rederivation"
"beta=1,cap","cap_formula_A=1.00_lambda1=0.50_waste=0.000",10,1,0.05,0.4,0.1,0.4,0.111111111111111,0.444444444444444,NA,NA,NA,NA,"low_only",0.466111111111111,1,0.5,0,"2026-08-04","Goal 3 PBE-UD boundary rederivation"
"beta=1,cap","cap_formula_A=1.00_lambda1=0.90_waste=0.000",10,1,0.05,0.4,0.1,0.4,0.111111111111111,0.444444444444444,NA,NA,NA,NA,"low_only",0.466111111111111,1,0.9,0,"2026-08-04","Goal 3 PBE-UD boundary rederivation"
"beta=1,cap","global_TY_cap",10,1,0.05,0.4,0.1,0.4,0.111111111111111,0.444444444444444,NA,NA,NA,TRUE,"low_only",0.466111111111111,1,1,0,"2026-08-04","Goal 3 PBE-UD boundary rederivation"
"beta=1,cap","cap_formula_A=0.00_lambda1=0.00_waste=0.000",10,1,0.05,0.4,0.5,0.4,0.111111111111111,0.444444444444444,NA,NA,NA,NA,"exclusion",0.444444444444444,0,0,0,"2026-08-04","Goal 3 PBE-UD boundary rederivation"
"beta=1,cap","cap_formula_A=0.00_lambda1=0.50_waste=0.000",10,1,0.05,0.4,0.5,0.4,0.111111111111111,0.444444444444444,NA,NA,NA,NA,"exclusion",0.444444444444444,0,0.5,0,"2026-08-04","Goal 3 PBE-UD boundary rederivation"
"beta=1,cap","cap_formula_A=0.00_lambda1=0.90_waste=0.000",10,1,0.05,0.4,0.5,0.4,0.111111111111111,0.444444444444444,NA,NA,NA,NA,"exclusion",0.444444444444444,0,0.9,0,"2026-08-04","Goal 3 PBE-UD boundary rederivation"
"beta=1,cap","cap_formula_A=0.00_lambda1=1.00_waste=0.000",10,1,0.05,0.4,0.5,0.4,0.111111111111111,0.444444444444444,NA,NA,NA,NA,"exclusion",0.444444444444444,0,1,0,"2026-08-04","Goal 3 PBE-UD boundary rederivation"
"beta=1,cap","cap_formula_A=0.25_lambda1=0.00_waste=0.000",10,1,0.05,0.4,0.5,0.4,0.111111111111111,0.444444444444444,NA,NA,NA,NA,"exclusion",0.444444444444444,0.25,0,0,"2026-08-04","Goal 3 PBE-UD boundary rederivation"
"beta=1,cap","cap_formula_A=0.25_lambda1=0.50_waste=0.000",10,1,0.05,0.4,0.5,0.4,0.111111111111111,0.444444444444444,NA,NA,NA,NA,"exclusion",0.444444444444444,0.25,0.5,0,"2026-08-04","Goal 3 PBE-UD boundary rederivation"
"beta=1,cap","cap_formula_A=0.25_lambda1=0.90_waste=0.000",10,1,0.05,0.4,0.5,0.4,0.111111111111111,0.444444444444444,NA,NA,NA,NA,"exclusion",0.444444444444444,0.25,0.9,0,"2026-08-04","Goal 3 PBE-UD boundary rederivation"
"beta=1,cap","cap_formula_A=0.25_lambda1=1.00_waste=0.000",10,1,0.05,0.4,0.5,0.4,0.111111111111111,0.444444444444444,NA,NA,NA,NA,"exclusion",0.444444444444444,0.25,1,0,"2026-08-04","Goal 3 PBE-UD boundary rederivation"
"beta=1,cap","cap_formula_A=0.75_lambda1=0.00_waste=0.000",10,1,0.05,0.4,0.5,0.4,0.111111111111111,0.444444444444444,NA,NA,NA,NA,"exclusion",0.444444444444444,0.75,0,0,"2026-08-04","Goal 3 PBE-UD boundary rederivation"
"beta=1,cap","cap_formula_A=0.75_lambda1=0.50_waste=0.000",10,1,0.05,0.4,0.5,0.4,0.111111111111111,0.444444444444444,NA,NA,NA,NA,"exclusion",0.444444444444444,0.75,0.5,0,"2026-08-04","Goal 3 PBE-UD boundary rederivation"
"beta=1,cap","cap_formula_A=0.75_lambda1=0.90_waste=0.000",10,1,0.05,0.4,0.5,0.4,0.111111111111111,0.444444444444444,NA,NA,NA,NA,"exclusion",0.444444444444444,0.75,0.9,0,"2026-08-04","Goal 3 PBE-UD boundary rederivation"
"beta=1,cap","cap_formula_A=0.75_lambda1=1.00_waste=0.000",10,1,0.05,0.4,0.5,0.4,0.111111111111111,0.444444444444444,NA,NA,NA,NA,"exclusion",0.444444444444444,0.75,1,0,"2026-08-04","Goal 3 PBE-UD boundary rederivation"
"beta=1,cap","cap_formula_A=1.00_lambda1=0.00_waste=0.000",10,1,0.05,0.4,0.5,0.4,0.111111111111111,0.444444444444444,NA,NA,NA,NA,"exclusion",0.444444444444444,1,0,0,"2026-08-04","Goal 3 PBE-UD boundary rederivation"
"beta=1,cap","cap_formula_A=1.00_lambda1=0.50_waste=0.000",10,1,0.05,0.4,0.5,0.4,0.111111111111111,0.444444444444444,NA,NA,NA,NA,"exclusion",0.444444444444444,1,0.5,0,"2026-08-04","Goal 3 PBE-UD boundary rederivation"
"beta=1,cap","cap_formula_A=1.00_lambda1=0.90_waste=0.000",10,1,0.05,0.4,0.5,0.4,0.111111111111111,0.444444444444444,NA,NA,NA,NA,"exclusion",0.444444444444444,1,0.9,0,"2026-08-04","Goal 3 PBE-UD boundary rederivation"
"beta=1,cap","global_TY_cap",10,1,0.05,0.4,0.5,0.4,0.111111111111111,0.444444444444444,NA,NA,NA,TRUE,"exclusion",0.444444444444444,1,1,0,"2026-08-04","Goal 3 PBE-UD boundary rederivation"
"beta=1,cap","cap_formula_A=0.00_lambda1=0.00_waste=0.000",10,1,0.05,0.4,0.9,0.4,0.111111111111111,0.444444444444444,NA,NA,NA,NA,"exclusion",0.444444444444444,0,0,0,"2026-08-04","Goal 3 PBE-UD boundary rederivation"
"beta=1,cap","cap_formula_A=0.00_lambda1=0.50_waste=0.000",10,1,0.05,0.4,0.9,0.4,0.111111111111111,0.444444444444444,NA,NA,NA,NA,"exclusion",0.444444444444444,0,0.5,0,"2026-08-04","Goal 3 PBE-UD boundary rederivation"
"beta=1,cap","cap_formula_A=0.00_lambda1=0.90_waste=0.000",10,1,0.05,0.4,0.9,0.4,0.111111111111111,0.444444444444444,NA,NA,NA,NA,"exclusion",0.444444444444444,0,0.9,0,"2026-08-04","Goal 3 PBE-UD boundary rederivation"
"beta=1,cap","cap_formula_A=0.00_lambda1=1.00_waste=0.000",10,1,0.05,0.4,0.9,0.4,0.111111111111111,0.444444444444444,NA,NA,NA,NA,"exclusion",0.444444444444444,0,1,0,"2026-08-04","Goal 3 PBE-UD boundary rederivation"
"beta=1,cap","cap_formula_A=0.25_lambda1=0.00_waste=0.000",10,1,0.05,0.4,0.9,0.4,0.111111111111111,0.444444444444444,NA,NA,NA,NA,"exclusion",0.444444444444444,0.25,0,0,"2026-08-04","Goal 3 PBE-UD boundary rederivation"
"beta=1,cap","cap_formula_A=0.25_lambda1=0.50_waste=0.000",10,1,0.05,0.4,0.9,0.4,0.111111111111111,0.444444444444444,NA,NA,NA,NA,"exclusion",0.444444444444444,0.25,0.5,0,"2026-08-04","Goal 3 PBE-UD boundary rederivation"
"beta=1,cap","cap_formula_A=0.25_lambda1=0.90_waste=0.000",10,1,0.05,0.4,0.9,0.4,0.111111111111111,0.444444444444444,NA,NA,NA,NA,"exclusion",0.444444444444444,0.25,0.9,0,"2026-08-04","Goal 3 PBE-UD boundary rederivation"
"beta=1,cap","cap_formula_A=0.25_lambda1=1.00_waste=0.000",10,1,0.05,0.4,0.9,0.4,0.111111111111111,0.444444444444444,NA,NA,NA,NA,"exclusion",0.444444444444444,0.25,1,0,"2026-08-04","Goal 3 PBE-UD boundary rederivation"
"beta=1,cap","cap_formula_A=0.75_lambda1=0.00_waste=0.000",10,1,0.05,0.4,0.9,0.4,0.111111111111111,0.444444444444444,NA,NA,NA,NA,"exclusion",0.444444444444444,0.75,0,0,"2026-08-04","Goal 3 PBE-UD boundary rederivation"
"beta=1,cap","cap_formula_A=0.75_lambda1=0.50_waste=0.000",10,1,0.05,0.4,0.9,0.4,0.111111111111111,0.444444444444444,NA,NA,NA,NA,"exclusion",0.444444444444444,0.75,0.5,0,"2026-08-04","Goal 3 PBE-UD boundary rederivation"
"beta=1,cap","cap_formula_A=0.75_lambda1=0.90_waste=0.000",10,1,0.05,0.4,0.9,0.4,0.111111111111111,0.444444444444444,NA,NA,NA,NA,"exclusion",0.444444444444444,0.75,0.9,0,"2026-08-04","Goal 3 PBE-UD boundary rederivation"
"beta=1,cap","cap_formula_A=0.75_lambda1=1.00_waste=0.000",10,1,0.05,0.4,0.9,0.4,0.111111111111111,0.444444444444444,NA,NA,NA,NA,"exclusion",0.444444444444444,0.75,1,0,"2026-08-04","Goal 3 PBE-UD boundary rederivation"
"beta=1,cap","cap_formula_A=1.00_lambda1=0.00_waste=0.000",10,1,0.05,0.4,0.9,0.4,0.111111111111111,0.444444444444444,NA,NA,NA,NA,"exclusion",0.444444444444444,1,0,0,"2026-08-04","Goal 3 PBE-UD boundary rederivation"
"beta=1,cap","cap_formula_A=1.00_lambda1=0.50_waste=0.000",10,1,0.05,0.4,0.9,0.4,0.111111111111111,0.444444444444444,NA,NA,NA,NA,"exclusion",0.444444444444444,1,0.5,0,"2026-08-04","Goal 3 PBE-UD boundary rederivation"
"beta=1,cap","cap_formula_A=1.00_lambda1=0.90_waste=0.000",10,1,0.05,0.4,0.9,0.4,0.111111111111111,0.444444444444444,NA,NA,NA,NA,"exclusion",0.444444444444444,1,0.9,0,"2026-08-04","Goal 3 PBE-UD boundary rederivation"
"beta=1,cap","global_TY_cap",10,1,0.05,0.4,0.9,0.4,0.111111111111111,0.444444444444444,NA,NA,NA,TRUE,"exclusion",0.444444444444444,1,1,0,"2026-08-04","Goal 3 PBE-UD boundary rederivation"
"beta=1,cap","cap_formula_A=0.00_lambda1=0.00_waste=0.000",10,1,0.05,0.8,0.1,0.8,0.111111111111111,0.444444444444444,NA,NA,NA,NA,"low_only",0.466111111111111,0,0,0,"2026-08-04","Goal 3 PBE-UD boundary rederivation"
"beta=1,cap","cap_formula_A=0.00_lambda1=0.50_waste=0.000",10,1,0.05,0.8,0.1,0.8,0.111111111111111,0.444444444444444,NA,NA,NA,NA,"low_only",0.466111111111111,0,0.5,0,"2026-08-04","Goal 3 PBE-UD boundary rederivation"
"beta=1,cap","cap_formula_A=0.00_lambda1=0.90_waste=0.000",10,1,0.05,0.8,0.1,0.8,0.111111111111111,0.444444444444444,NA,NA,NA,NA,"low_only",0.466111111111111,0,0.9,0,"2026-08-04","Goal 3 PBE-UD boundary rederivation"
"beta=1,cap","cap_formula_A=0.00_lambda1=1.00_waste=0.000",10,1,0.05,0.8,0.1,0.8,0.111111111111111,0.444444444444444,NA,NA,NA,NA,"low_only",0.466111111111111,0,1,0,"2026-08-04","Goal 3 PBE-UD boundary rederivation"
"beta=1,cap","cap_formula_A=0.25_lambda1=0.00_waste=0.000",10,1,0.05,0.8,0.1,0.8,0.111111111111111,0.444444444444444,NA,NA,NA,NA,"low_only",0.466111111111111,0.25,0,0,"2026-08-04","Goal 3 PBE-UD boundary rederivation"
"beta=1,cap","cap_formula_A=0.25_lambda1=0.50_waste=0.000",10,1,0.05,0.8,0.1,0.8,0.111111111111111,0.444444444444444,NA,NA,NA,NA,"low_only",0.466111111111111,0.25,0.5,0,"2026-08-04","Goal 3 PBE-UD boundary rederivation"
"beta=1,cap","cap_formula_A=0.25_lambda1=0.90_waste=0.000",10,1,0.05,0.8,0.1,0.8,0.111111111111111,0.444444444444444,NA,NA,NA,NA,"low_only",0.466111111111111,0.25,0.9,0,"2026-08-04","Goal 3 PBE-UD boundary rederivation"
"beta=1,cap","cap_formula_A=0.25_lambda1=1.00_waste=0.000",10,1,0.05,0.8,0.1,0.8,0.111111111111111,0.444444444444444,NA,NA,NA,NA,"low_only",0.466111111111111,0.25,1,0,"2026-08-04","Goal 3 PBE-UD boundary rederivation"
"beta=1,cap","cap_formula_A=0.75_lambda1=0.00_waste=0.000",10,1,0.05,0.8,0.1,0.8,0.111111111111111,0.444444444444444,NA,NA,NA,NA,"low_only",0.466111111111111,0.75,0,0,"2026-08-04","Goal 3 PBE-UD boundary rederivation"
"beta=1,cap","cap_formula_A=0.75_lambda1=0.50_waste=0.000",10,1,0.05,0.8,0.1,0.8,0.111111111111111,0.444444444444444,NA,NA,NA,NA,"low_only",0.466111111111111,0.75,0.5,0,"2026-08-04","Goal 3 PBE-UD boundary rederivation"
"beta=1,cap","cap_formula_A=0.75_lambda1=0.90_waste=0.000",10,1,0.05,0.8,0.1,0.8,0.111111111111111,0.444444444444444,NA,NA,NA,NA,"low_only",0.466111111111111,0.75,0.9,0,"2026-08-04","Goal 3 PBE-UD boundary rederivation"
"beta=1,cap","cap_formula_A=0.75_lambda1=1.00_waste=0.000",10,1,0.05,0.8,0.1,0.8,0.111111111111111,0.444444444444444,NA,NA,NA,NA,"low_only",0.466111111111111,0.75,1,0,"2026-08-04","Goal 3 PBE-UD boundary rederivation"
"beta=1,cap","cap_formula_A=1.00_lambda1=0.00_waste=0.000",10,1,0.05,0.8,0.1,0.8,0.111111111111111,0.444444444444444,NA,NA,NA,NA,"low_only",0.466111111111111,1,0,0,"2026-08-04","Goal 3 PBE-UD boundary rederivation"
"beta=1,cap","cap_formula_A=1.00_lambda1=0.50_waste=0.000",10,1,0.05,0.8,0.1,0.8,0.111111111111111,0.444444444444444,NA,NA,NA,NA,"low_only",0.466111111111111,1,0.5,0,"2026-08-04","Goal 3 PBE-UD boundary rederivation"
"beta=1,cap","cap_formula_A=1.00_lambda1=0.90_waste=0.000",10,1,0.05,0.8,0.1,0.8,0.111111111111111,0.444444444444444,NA,NA,NA,NA,"low_only",0.466111111111111,1,0.9,0,"2026-08-04","Goal 3 PBE-UD boundary rederivation"
"beta=1,cap","global_TY_cap",10,1,0.05,0.8,0.1,0.8,0.111111111111111,0.444444444444444,NA,NA,NA,TRUE,"low_only",0.466111111111111,1,1,0,"2026-08-04","Goal 3 PBE-UD boundary rederivation"
"beta=1,cap","cap_formula_A=0.00_lambda1=0.00_waste=0.000",10,1,0.05,0.8,0.5,0.8,0.111111111111111,0.444444444444444,NA,NA,NA,NA,"exclusion",0.444444444444444,0,0,0,"2026-08-04","Goal 3 PBE-UD boundary rederivation"
"beta=1,cap","cap_formula_A=0.00_lambda1=0.50_waste=0.000",10,1,0.05,0.8,0.5,0.8,0.111111111111111,0.444444444444444,NA,NA,NA,NA,"exclusion",0.444444444444444,0,0.5,0,"2026-08-04","Goal 3 PBE-UD boundary rederivation"
"beta=1,cap","cap_formula_A=0.00_lambda1=0.90_waste=0.000",10,1,0.05,0.8,0.5,0.8,0.111111111111111,0.444444444444444,NA,NA,NA,NA,"exclusion",0.444444444444444,0,0.9,0,"2026-08-04","Goal 3 PBE-UD boundary rederivation"
"beta=1,cap","cap_formula_A=0.00_lambda1=1.00_waste=0.000",10,1,0.05,0.8,0.5,0.8,0.111111111111111,0.444444444444444,NA,NA,NA,NA,"exclusion",0.444444444444444,0,1,0,"2026-08-04","Goal 3 PBE-UD boundary rederivation"
"beta=1,cap","cap_formula_A=0.25_lambda1=0.00_waste=0.000",10,1,0.05,0.8,0.5,0.8,0.111111111111111,0.444444444444444,NA,NA,NA,NA,"exclusion",0.444444444444444,0.25,0,0,"2026-08-04","Goal 3 PBE-UD boundary rederivation"
"beta=1,cap","cap_formula_A=0.25_lambda1=0.50_waste=0.000",10,1,0.05,0.8,0.5,0.8,0.111111111111111,0.444444444444444,NA,NA,NA,NA,"exclusion",0.444444444444444,0.25,0.5,0,"2026-08-04","Goal 3 PBE-UD boundary rederivation"
"beta=1,cap","cap_formula_A=0.25_lambda1=0.90_waste=0.000",10,1,0.05,0.8,0.5,0.8,0.111111111111111,0.444444444444444,NA,NA,NA,NA,"exclusion",0.444444444444444,0.25,0.9,0,"2026-08-04","Goal 3 PBE-UD boundary rederivation"
"beta=1,cap","cap_formula_A=0.25_lambda1=1.00_waste=0.000",10,1,0.05,0.8,0.5,0.8,0.111111111111111,0.444444444444444,NA,NA,NA,NA,"exclusion",0.444444444444444,0.25,1,0,"2026-08-04","Goal 3 PBE-UD boundary rederivation"
"beta=1,cap","cap_formula_A=0.75_lambda1=0.00_waste=0.000",10,1,0.05,0.8,0.5,0.8,0.111111111111111,0.444444444444444,NA,NA,NA,NA,"exclusion",0.444444444444444,0.75,0,0,"2026-08-04","Goal 3 PBE-UD boundary rederivation"
"beta=1,cap","cap_formula_A=0.75_lambda1=0.50_waste=0.000",10,1,0.05,0.8,0.5,0.8,0.111111111111111,0.444444444444444,NA,NA,NA,NA,"exclusion",0.444444444444444,0.75,0.5,0,"2026-08-04","Goal 3 PBE-UD boundary rederivation"
"beta=1,cap","cap_formula_A=0.75_lambda1=0.90_waste=0.000",10,1,0.05,0.8,0.5,0.8,0.111111111111111,0.444444444444444,NA,NA,NA,NA,"exclusion",0.444444444444444,0.75,0.9,0,"2026-08-04","Goal 3 PBE-UD boundary rederivation"
"beta=1,cap","cap_formula_A=0.75_lambda1=1.00_waste=0.000",10,1,0.05,0.8,0.5,0.8,0.111111111111111,0.444444444444444,NA,NA,NA,NA,"exclusion",0.444444444444444,0.75,1,0,"2026-08-04","Goal 3 PBE-UD boundary rederivation"
"beta=1,cap","cap_formula_A=1.00_lambda1=0.00_waste=0.000",10,1,0.05,0.8,0.5,0.8,0.111111111111111,0.444444444444444,NA,NA,NA,NA,"exclusion",0.444444444444444,1,0,0,"2026-08-04","Goal 3 PBE-UD boundary rederivation"
"beta=1,cap","cap_formula_A=1.00_lambda1=0.50_waste=0.000",10,1,0.05,0.8,0.5,0.8,0.111111111111111,0.444444444444444,NA,NA,NA,NA,"exclusion",0.444444444444444,1,0.5,0,"2026-08-04","Goal 3 PBE-UD boundary rederivation"
"beta=1,cap","cap_formula_A=1.00_lambda1=0.90_waste=0.000",10,1,0.05,0.8,0.5,0.8,0.111111111111111,0.444444444444444,NA,NA,NA,NA,"exclusion",0.444444444444444,1,0.9,0,"2026-08-04","Goal 3 PBE-UD boundary rederivation"
"beta=1,cap","global_TY_cap",10,1,0.05,0.8,0.5,0.8,0.111111111111111,0.444444444444444,NA,NA,NA,TRUE,"exclusion",0.444444444444444,1,1,0,"2026-08-04","Goal 3 PBE-UD boundary rederivation"
"beta=1,cap","cap_formula_A=0.00_lambda1=0.00_waste=0.000",10,1,0.05,0.8,0.9,0.8,0.111111111111111,0.444444444444444,NA,NA,NA,NA,"exclusion",0.444444444444444,0,0,0,"2026-08-04","Goal 3 PBE-UD boundary rederivation"
"beta=1,cap","cap_formula_A=0.00_lambda1=0.50_waste=0.000",10,1,0.05,0.8,0.9,0.8,0.111111111111111,0.444444444444444,NA,NA,NA,NA,"exclusion",0.444444444444444,0,0.5,0,"2026-08-04","Goal 3 PBE-UD boundary rederivation"
"beta=1,cap","cap_formula_A=0.00_lambda1=0.90_waste=0.000",10,1,0.05,0.8,0.9,0.8,0.111111111111111,0.444444444444444,NA,NA,NA,NA,"exclusion",0.444444444444444,0,0.9,0,"2026-08-04","Goal 3 PBE-UD boundary rederivation"
"beta=1,cap","cap_formula_A=0.00_lambda1=1.00_waste=0.000",10,1,0.05,0.8,0.9,0.8,0.111111111111111,0.444444444444444,NA,NA,NA,NA,"exclusion",0.444444444444444,0,1,0,"2026-08-04","Goal 3 PBE-UD boundary rederivation"
"beta=1,cap","cap_formula_A=0.25_lambda1=0.00_waste=0.000",10,1,0.05,0.8,0.9,0.8,0.111111111111111,0.444444444444444,NA,NA,NA,NA,"exclusion",0.444444444444444,0.25,0,0,"2026-08-04","Goal 3 PBE-UD boundary rederivation"
"beta=1,cap","cap_formula_A=0.25_lambda1=0.50_waste=0.000",10,1,0.05,0.8,0.9,0.8,0.111111111111111,0.444444444444444,NA,NA,NA,NA,"exclusion",0.444444444444444,0.25,0.5,0,"2026-08-04","Goal 3 PBE-UD boundary rederivation"
"beta=1,cap","cap_formula_A=0.25_lambda1=0.90_waste=0.000",10,1,0.05,0.8,0.9,0.8,0.111111111111111,0.444444444444444,NA,NA,NA,NA,"exclusion",0.444444444444444,0.25,0.9,0,"2026-08-04","Goal 3 PBE-UD boundary rederivation"
"beta=1,cap","cap_formula_A=0.25_lambda1=1.00_waste=0.000",10,1,0.05,0.8,0.9,0.8,0.111111111111111,0.444444444444444,NA,NA,NA,NA,"exclusion",0.444444444444444,0.25,1,0,"2026-08-04","Goal 3 PBE-UD boundary rederivation"
"beta=1,cap","cap_formula_A=0.75_lambda1=0.00_waste=0.000",10,1,0.05,0.8,0.9,0.8,0.111111111111111,0.444444444444444,NA,NA,NA,NA,"exclusion",0.444444444444444,0.75,0,0,"2026-08-04","Goal 3 PBE-UD boundary rederivation"
"beta=1,cap","cap_formula_A=0.75_lambda1=0.50_waste=0.000",10,1,0.05,0.8,0.9,0.8,0.111111111111111,0.444444444444444,NA,NA,NA,NA,"exclusion",0.444444444444444,0.75,0.5,0,"2026-08-04","Goal 3 PBE-UD boundary rederivation"
"beta=1,cap","cap_formula_A=0.75_lambda1=0.90_waste=0.000",10,1,0.05,0.8,0.9,0.8,0.111111111111111,0.444444444444444,NA,NA,NA,NA,"exclusion",0.444444444444444,0.75,0.9,0,"2026-08-04","Goal 3 PBE-UD boundary rederivation"
"beta=1,cap","cap_formula_A=0.75_lambda1=1.00_waste=0.000",10,1,0.05,0.8,0.9,0.8,0.111111111111111,0.444444444444444,NA,NA,NA,NA,"exclusion",0.444444444444444,0.75,1,0,"2026-08-04","Goal 3 PBE-UD boundary rederivation"
"beta=1,cap","cap_formula_A=1.00_lambda1=0.00_waste=0.000",10,1,0.05,0.8,0.9,0.8,0.111111111111111,0.444444444444444,NA,NA,NA,NA,"exclusion",0.444444444444444,1,0,0,"2026-08-04","Goal 3 PBE-UD boundary rederivation"
"beta=1,cap","cap_formula_A=1.00_lambda1=0.50_waste=0.000",10,1,0.05,0.8,0.9,0.8,0.111111111111111,0.444444444444444,NA,NA,NA,NA,"exclusion",0.444444444444444,1,0.5,0,"2026-08-04","Goal 3 PBE-UD boundary rederivation"
"beta=1,cap","cap_formula_A=1.00_lambda1=0.90_waste=0.000",10,1,0.05,0.8,0.9,0.8,0.111111111111111,0.444444444444444,NA,NA,NA,NA,"exclusion",0.444444444444444,1,0.9,0,"2026-08-04","Goal 3 PBE-UD boundary rederivation"
"beta=1,cap","global_TY_cap",10,1,0.05,0.8,0.9,0.8,0.111111111111111,0.444444444444444,NA,NA,NA,TRUE,"exclusion",0.444444444444444,1,1,0,"2026-08-04","Goal 3 PBE-UD boundary rederivation"
"beta=1,cap","cap_formula_A=0.00_lambda1=0.00_waste=0.000",10,1,0.2,0.4,0.1,0.4,0.111111111111111,0.444444444444444,NA,NA,NA,NA,"exclusion",0.444444444444444,0,0,0,"2026-08-04","Goal 3 PBE-UD boundary rederivation"
"beta=1,cap","cap_formula_A=0.00_lambda1=0.50_waste=0.000",10,1,0.2,0.4,0.1,0.4,0.111111111111111,0.444444444444444,NA,NA,NA,NA,"exclusion",0.444444444444444,0,0.5,0,"2026-08-04","Goal 3 PBE-UD boundary rederivation"
"beta=1,cap","cap_formula_A=0.00_lambda1=0.90_waste=0.000",10,1,0.2,0.4,0.1,0.4,0.111111111111111,0.444444444444444,NA,NA,NA,NA,"exclusion",0.444444444444444,0,0.9,0,"2026-08-04","Goal 3 PBE-UD boundary rederivation"
"beta=1,cap","cap_formula_A=0.00_lambda1=1.00_waste=0.000",10,1,0.2,0.4,0.1,0.4,0.111111111111111,0.444444444444444,NA,NA,NA,NA,"exclusion",0.444444444444444,0,1,0,"2026-08-04","Goal 3 PBE-UD boundary rederivation"
"beta=1,cap","cap_formula_A=0.25_lambda1=0.00_waste=0.000",10,1,0.2,0.4,0.1,0.4,0.111111111111111,0.444444444444444,NA,NA,NA,NA,"exclusion",0.444444444444444,0.25,0,0,"2026-08-04","Goal 3 PBE-UD boundary rederivation"
"beta=1,cap","cap_formula_A=0.25_lambda1=0.50_waste=0.000",10,1,0.2,0.4,0.1,0.4,0.111111111111111,0.444444444444444,NA,NA,NA,NA,"exclusion",0.444444444444444,0.25,0.5,0,"2026-08-04","Goal 3 PBE-UD boundary rederivation"
"beta=1,cap","cap_formula_A=0.25_lambda1=0.90_waste=0.000",10,1,0.2,0.4,0.1,0.4,0.111111111111111,0.444444444444444,NA,NA,NA,NA,"exclusion",0.444444444444444,0.25,0.9,0,"2026-08-04","Goal 3 PBE-UD boundary rederivation"
"beta=1,cap","cap_formula_A=0.25_lambda1=1.00_waste=0.000",10,1,0.2,0.4,0.1,0.4,0.111111111111111,0.444444444444444,NA,NA,NA,NA,"exclusion",0.444444444444444,0.25,1,0,"2026-08-04","Goal 3 PBE-UD boundary rederivation"
"beta=1,cap","cap_formula_A=0.75_lambda1=0.00_waste=0.000",10,1,0.2,0.4,0.1,0.4,0.111111111111111,0.444444444444444,NA,NA,NA,NA,"exclusion",0.444444444444444,0.75,0,0,"2026-08-04","Goal 3 PBE-UD boundary rederivation"
"beta=1,cap","cap_formula_A=0.75_lambda1=0.50_waste=0.000",10,1,0.2,0.4,0.1,0.4,0.111111111111111,0.444444444444444,NA,NA,NA,NA,"exclusion",0.444444444444444,0.75,0.5,0,"2026-08-04","Goal 3 PBE-UD boundary rederivation"
"beta=1,cap","cap_formula_A=0.75_lambda1=0.90_waste=0.000",10,1,0.2,0.4,0.1,0.4,0.111111111111111,0.444444444444444,NA,NA,NA,NA,"exclusion",0.444444444444444,0.75,0.9,0,"2026-08-04","Goal 3 PBE-UD boundary rederivation"
"beta=1,cap","cap_formula_A=0.75_lambda1=1.00_waste=0.000",10,1,0.2,0.4,0.1,0.4,0.111111111111111,0.444444444444444,NA,NA,NA,NA,"exclusion",0.444444444444444,0.75,1,0,"2026-08-04","Goal 3 PBE-UD boundary rederivation"
"beta=1,cap","cap_formula_A=1.00_lambda1=0.00_waste=0.000",10,1,0.2,0.4,0.1,0.4,0.111111111111111,0.444444444444444,NA,NA,NA,NA,"exclusion",0.444444444444444,1,0,0,"2026-08-04","Goal 3 PBE-UD boundary rederivation"
"beta=1,cap","cap_formula_A=1.00_lambda1=0.50_waste=0.000",10,1,0.2,0.4,0.1,0.4,0.111111111111111,0.444444444444444,NA,NA,NA,NA,"exclusion",0.444444444444444,1,0.5,0,"2026-08-04","Goal 3 PBE-UD boundary rederivation"
"beta=1,cap","cap_formula_A=1.00_lambda1=0.90_waste=0.000",10,1,0.2,0.4,0.1,0.4,0.111111111111111,0.444444444444444,NA,NA,NA,NA,"exclusion",0.444444444444444,1,0.9,0,"2026-08-04","Goal 3 PBE-UD boundary rederivation"
"beta=1,cap","global_TY_cap",10,1,0.2,0.4,0.1,0.4,0.111111111111111,0.444444444444444,NA,NA,NA,TRUE,"exclusion",0.444444444444444,1,1,0,"2026-08-04","Goal 3 PBE-UD boundary rederivation"
"beta=1,cap","cap_formula_A=0.00_lambda1=0.00_waste=0.000",10,1,0.2,0.4,0.5,0.4,0.111111111111111,0.444444444444444,NA,NA,NA,NA,"exclusion",0.444444444444444,0,0,0,"2026-08-04","Goal 3 PBE-UD boundary rederivation"
"beta=1,cap","cap_formula_A=0.00_lambda1=0.50_waste=0.000",10,1,0.2,0.4,0.5,0.4,0.111111111111111,0.444444444444444,NA,NA,NA,NA,"exclusion",0.444444444444444,0,0.5,0,"2026-08-04","Goal 3 PBE-UD boundary rederivation"
"beta=1,cap","cap_formula_A=0.00_lambda1=0.90_waste=0.000",10,1,0.2,0.4,0.5,0.4,0.111111111111111,0.444444444444444,NA,NA,NA,NA,"exclusion",0.444444444444444,0,0.9,0,"2026-08-04","Goal 3 PBE-UD boundary rederivation"
"beta=1,cap","cap_formula_A=0.00_lambda1=1.00_waste=0.000",10,1,0.2,0.4,0.5,0.4,0.111111111111111,0.444444444444444,NA,NA,NA,NA,"exclusion",0.444444444444444,0,1,0,"2026-08-04","Goal 3 PBE-UD boundary rederivation"
"beta=1,cap","cap_formula_A=0.25_lambda1=0.00_waste=0.000",10,1,0.2,0.4,0.5,0.4,0.111111111111111,0.444444444444444,NA,NA,NA,NA,"exclusion",0.444444444444444,0.25,0,0,"2026-08-04","Goal 3 PBE-UD boundary rederivation"
"beta=1,cap","cap_formula_A=0.25_lambda1=0.50_waste=0.000",10,1,0.2,0.4,0.5,0.4,0.111111111111111,0.444444444444444,NA,NA,NA,NA,"exclusion",0.444444444444444,0.25,0.5,0,"2026-08-04","Goal 3 PBE-UD boundary rederivation"
"beta=1,cap","cap_formula_A=0.25_lambda1=0.90_waste=0.000",10,1,0.2,0.4,0.5,0.4,0.111111111111111,0.444444444444444,NA,NA,NA,NA,"exclusion",0.444444444444444,0.25,0.9,0,"2026-08-04","Goal 3 PBE-UD boundary rederivation"
"beta=1,cap","cap_formula_A=0.25_lambda1=1.00_waste=0.000",10,1,0.2,0.4,0.5,0.4,0.111111111111111,0.444444444444444,NA,NA,NA,NA,"exclusion",0.444444444444444,0.25,1,0,"2026-08-04","Goal 3 PBE-UD boundary rederivation"
"beta=1,cap","cap_formula_A=0.75_lambda1=0.00_waste=0.000",10,1,0.2,0.4,0.5,0.4,0.111111111111111,0.444444444444444,NA,NA,NA,NA,"exclusion",0.444444444444444,0.75,0,0,"2026-08-04","Goal 3 PBE-UD boundary rederivation"
"beta=1,cap","cap_formula_A=0.75_lambda1=0.50_waste=0.000",10,1,0.2,0.4,0.5,0.4,0.111111111111111,0.444444444444444,NA,NA,NA,NA,"exclusion",0.444444444444444,0.75,0.5,0,"2026-08-04","Goal 3 PBE-UD boundary rederivation"
"beta=1,cap","cap_formula_A=0.75_lambda1=0.90_waste=0.000",10,1,0.2,0.4,0.5,0.4,0.111111111111111,0.444444444444444,NA,NA,NA,NA,"exclusion",0.444444444444444,0.75,0.9,0,"2026-08-04","Goal 3 PBE-UD boundary rederivation"
"beta=1,cap","cap_formula_A=0.75_lambda1=1.00_waste=0.000",10,1,0.2,0.4,0.5,0.4,0.111111111111111,0.444444444444444,NA,NA,NA,NA,"exclusion",0.444444444444444,0.75,1,0,"2026-08-04","Goal 3 PBE-UD boundary rederivation"
"beta=1,cap","cap_formula_A=1.00_lambda1=0.00_waste=0.000",10,1,0.2,0.4,0.5,0.4,0.111111111111111,0.444444444444444,NA,NA,NA,NA,"exclusion",0.444444444444444,1,0,0,"2026-08-04","Goal 3 PBE-UD boundary rederivation"
"beta=1,cap","cap_formula_A=1.00_lambda1=0.50_waste=0.000",10,1,0.2,0.4,0.5,0.4,0.111111111111111,0.444444444444444,NA,NA,NA,NA,"exclusion",0.444444444444444,1,0.5,0,"2026-08-04","Goal 3 PBE-UD boundary rederivation"
"beta=1,cap","cap_formula_A=1.00_lambda1=0.90_waste=0.000",10,1,0.2,0.4,0.5,0.4,0.111111111111111,0.444444444444444,NA,NA,NA,NA,"exclusion",0.444444444444444,1,0.9,0,"2026-08-04","Goal 3 PBE-UD boundary rederivation"
"beta=1,cap","global_TY_cap",10,1,0.2,0.4,0.5,0.4,0.111111111111111,0.444444444444444,NA,NA,NA,TRUE,"exclusion",0.444444444444444,1,1,0,"2026-08-04","Goal 3 PBE-UD boundary rederivation"
"beta=1,cap","cap_formula_A=0.00_lambda1=0.00_waste=0.000",10,1,0.2,0.4,0.9,0.4,0.111111111111111,0.444444444444444,NA,NA,NA,NA,"exclusion",0.444444444444444,0,0,0,"2026-08-04","Goal 3 PBE-UD boundary rederivation"
"beta=1,cap","cap_formula_A=0.00_lambda1=0.50_waste=0.000",10,1,0.2,0.4,0.9,0.4,0.111111111111111,0.444444444444444,NA,NA,NA,NA,"exclusion",0.444444444444444,0,0.5,0,"2026-08-04","Goal 3 PBE-UD boundary rederivation"
"beta=1,cap","cap_formula_A=0.00_lambda1=0.90_waste=0.000",10,1,0.2,0.4,0.9,0.4,0.111111111111111,0.444444444444444,NA,NA,NA,NA,"exclusion",0.444444444444444,0,0.9,0,"2026-08-04","Goal 3 PBE-UD boundary rederivation"
"beta=1,cap","cap_formula_A=0.00_lambda1=1.00_waste=0.000",10,1,0.2,0.4,0.9,0.4,0.111111111111111,0.444444444444444,NA,NA,NA,NA,"exclusion",0.444444444444444,0,1,0,"2026-08-04","Goal 3 PBE-UD boundary rederivation"
"beta=1,cap","cap_formula_A=0.25_lambda1=0.00_waste=0.000",10,1,0.2,0.4,0.9,0.4,0.111111111111111,0.444444444444444,NA,NA,NA,NA,"exclusion",0.444444444444444,0.25,0,0,"2026-08-04","Goal 3 PBE-UD boundary rederivation"
"beta=1,cap","cap_formula_A=0.25_lambda1=0.50_waste=0.000",10,1,0.2,0.4,0.9,0.4,0.111111111111111,0.444444444444444,NA,NA,NA,NA,"exclusion",0.444444444444444,0.25,0.5,0,"2026-08-04","Goal 3 PBE-UD boundary rederivation"
"beta=1,cap","cap_formula_A=0.25_lambda1=0.90_waste=0.000",10,1,0.2,0.4,0.9,0.4,0.111111111111111,0.444444444444444,NA,NA,NA,NA,"exclusion",0.444444444444444,0.25,0.9,0,"2026-08-04","Goal 3 PBE-UD boundary rederivation"
"beta=1,cap","cap_formula_A=0.25_lambda1=1.00_waste=0.000",10,1,0.2,0.4,0.9,0.4,0.111111111111111,0.444444444444444,NA,NA,NA,NA,"exclusion",0.444444444444444,0.25,1,0,"2026-08-04","Goal 3 PBE-UD boundary rederivation"
"beta=1,cap","cap_formula_A=0.75_lambda1=0.00_waste=0.000",10,1,0.2,0.4,0.9,0.4,0.111111111111111,0.444444444444444,NA,NA,NA,NA,"exclusion",0.444444444444444,0.75,0,0,"2026-08-04","Goal 3 PBE-UD boundary rederivation"
"beta=1,cap","cap_formula_A=0.75_lambda1=0.50_waste=0.000",10,1,0.2,0.4,0.9,0.4,0.111111111111111,0.444444444444444,NA,NA,NA,NA,"exclusion",0.444444444444444,0.75,0.5,0,"2026-08-04","Goal 3 PBE-UD boundary rederivation"
"beta=1,cap","cap_formula_A=0.75_lambda1=0.90_waste=0.000",10,1,0.2,0.4,0.9,0.4,0.111111111111111,0.444444444444444,NA,NA,NA,NA,"exclusion",0.444444444444444,0.75,0.9,0,"2026-08-04","Goal 3 PBE-UD boundary rederivation"
"beta=1,cap","cap_formula_A=0.75_lambda1=1.00_waste=0.000",10,1,0.2,0.4,0.9,0.4,0.111111111111111,0.444444444444444,NA,NA,NA,NA,"exclusion",0.444444444444444,0.75,1,0,"2026-08-04","Goal 3 PBE-UD boundary rederivation"
"beta=1,cap","cap_formula_A=1.00_lambda1=0.00_waste=0.000",10,1,0.2,0.4,0.9,0.4,0.111111111111111,0.444444444444444,NA,NA,NA,NA,"exclusion",0.444444444444444,1,0,0,"2026-08-04","Goal 3 PBE-UD boundary rederivation"
"beta=1,cap","cap_formula_A=1.00_lambda1=0.50_waste=0.000",10,1,0.2,0.4,0.9,0.4,0.111111111111111,0.444444444444444,NA,NA,NA,NA,"exclusion",0.444444444444444,1,0.5,0,"2026-08-04","Goal 3 PBE-UD boundary rederivation"
"beta=1,cap","cap_formula_A=1.00_lambda1=0.90_waste=0.000",10,1,0.2,0.4,0.9,0.4,0.111111111111111,0.444444444444444,NA,NA,NA,NA,"exclusion",0.444444444444444,1,0.9,0,"2026-08-04","Goal 3 PBE-UD boundary rederivation"
"beta=1,cap","global_TY_cap",10,1,0.2,0.4,0.9,0.4,0.111111111111111,0.444444444444444,NA,NA,NA,TRUE,"exclusion",0.444444444444444,1,1,0,"2026-08-04","Goal 3 PBE-UD boundary rederivation"
"beta=1,cap","cap_formula_A=0.00_lambda1=0.00_waste=0.000",10,1,0.2,0.8,0.1,0.8,0.111111111111111,0.444444444444444,NA,NA,NA,NA,"exclusion",0.444444444444444,0,0,0,"2026-08-04","Goal 3 PBE-UD boundary rederivation"
"beta=1,cap","cap_formula_A=0.00_lambda1=0.50_waste=0.000",10,1,0.2,0.8,0.1,0.8,0.111111111111111,0.444444444444444,NA,NA,NA,NA,"exclusion",0.444444444444444,0,0.5,0,"2026-08-04","Goal 3 PBE-UD boundary rederivation"
"beta=1,cap","cap_formula_A=0.00_lambda1=0.90_waste=0.000",10,1,0.2,0.8,0.1,0.8,0.111111111111111,0.444444444444444,NA,NA,NA,NA,"exclusion",0.444444444444444,0,0.9,0,"2026-08-04","Goal 3 PBE-UD boundary rederivation"
"beta=1,cap","cap_formula_A=0.00_lambda1=1.00_waste=0.000",10,1,0.2,0.8,0.1,0.8,0.111111111111111,0.444444444444444,NA,NA,NA,NA,"exclusion",0.444444444444444,0,1,0,"2026-08-04","Goal 3 PBE-UD boundary rederivation"
"beta=1,cap","cap_formula_A=0.25_lambda1=0.00_waste=0.000",10,1,0.2,0.8,0.1,0.8,0.111111111111111,0.444444444444444,NA,NA,NA,NA,"exclusion",0.444444444444444,0.25,0,0,"2026-08-04","Goal 3 PBE-UD boundary rederivation"
"beta=1,cap","cap_formula_A=0.25_lambda1=0.50_waste=0.000",10,1,0.2,0.8,0.1,0.8,0.111111111111111,0.444444444444444,NA,NA,NA,NA,"exclusion",0.444444444444444,0.25,0.5,0,"2026-08-04","Goal 3 PBE-UD boundary rederivation"
"beta=1,cap","cap_formula_A=0.25_lambda1=0.90_waste=0.000",10,1,0.2,0.8,0.1,0.8,0.111111111111111,0.444444444444444,NA,NA,NA,NA,"exclusion",0.444444444444444,0.25,0.9,0,"2026-08-04","Goal 3 PBE-UD boundary rederivation"
"beta=1,cap","cap_formula_A=0.25_lambda1=1.00_waste=0.000",10,1,0.2,0.8,0.1,0.8,0.111111111111111,0.444444444444444,NA,NA,NA,NA,"exclusion",0.444444444444444,0.25,1,0,"2026-08-04","Goal 3 PBE-UD boundary rederivation"
"beta=1,cap","cap_formula_A=0.75_lambda1=0.00_waste=0.000",10,1,0.2,0.8,0.1,0.8,0.111111111111111,0.444444444444444,NA,NA,NA,NA,"exclusion",0.444444444444444,0.75,0,0,"2026-08-04","Goal 3 PBE-UD boundary rederivation"
"beta=1,cap","cap_formula_A=0.75_lambda1=0.50_waste=0.000",10,1,0.2,0.8,0.1,0.8,0.111111111111111,0.444444444444444,NA,NA,NA,NA,"exclusion",0.444444444444444,0.75,0.5,0,"2026-08-04","Goal 3 PBE-UD boundary rederivation"
"beta=1,cap","cap_formula_A=0.75_lambda1=0.90_waste=0.000",10,1,0.2,0.8,0.1,0.8,0.111111111111111,0.444444444444444,NA,NA,NA,NA,"exclusion",0.444444444444444,0.75,0.9,0,"2026-08-04","Goal 3 PBE-UD boundary rederivation"
"beta=1,cap","cap_formula_A=0.75_lambda1=1.00_waste=0.000",10,1,0.2,0.8,0.1,0.8,0.111111111111111,0.444444444444444,NA,NA,NA,NA,"exclusion",0.444444444444444,0.75,1,0,"2026-08-04","Goal 3 PBE-UD boundary rederivation"
"beta=1,cap","cap_formula_A=1.00_lambda1=0.00_waste=0.000",10,1,0.2,0.8,0.1,0.8,0.111111111111111,0.444444444444444,NA,NA,NA,NA,"exclusion",0.444444444444444,1,0,0,"2026-08-04","Goal 3 PBE-UD boundary rederivation"
"beta=1,cap","cap_formula_A=1.00_lambda1=0.50_waste=0.000",10,1,0.2,0.8,0.1,0.8,0.111111111111111,0.444444444444444,NA,NA,NA,NA,"exclusion",0.444444444444444,1,0.5,0,"2026-08-04","Goal 3 PBE-UD boundary rederivation"
"beta=1,cap","cap_formula_A=1.00_lambda1=0.90_waste=0.000",10,1,0.2,0.8,0.1,0.8,0.111111111111111,0.444444444444444,NA,NA,NA,NA,"exclusion",0.444444444444444,1,0.9,0,"2026-08-04","Goal 3 PBE-UD boundary rederivation"
"beta=1,cap","global_TY_cap",10,1,0.2,0.8,0.1,0.8,0.111111111111111,0.444444444444444,NA,NA,NA,TRUE,"exclusion",0.444444444444444,1,1,0,"2026-08-04","Goal 3 PBE-UD boundary rederivation"
"beta=1,cap","cap_formula_A=0.00_lambda1=0.00_waste=0.000",10,1,0.2,0.8,0.5,0.8,0.111111111111111,0.444444444444444,NA,NA,NA,NA,"exclusion",0.444444444444444,0,0,0,"2026-08-04","Goal 3 PBE-UD boundary rederivation"
"beta=1,cap","cap_formula_A=0.00_lambda1=0.50_waste=0.000",10,1,0.2,0.8,0.5,0.8,0.111111111111111,0.444444444444444,NA,NA,NA,NA,"exclusion",0.444444444444444,0,0.5,0,"2026-08-04","Goal 3 PBE-UD boundary rederivation"
"beta=1,cap","cap_formula_A=0.00_lambda1=0.90_waste=0.000",10,1,0.2,0.8,0.5,0.8,0.111111111111111,0.444444444444444,NA,NA,NA,NA,"exclusion",0.444444444444444,0,0.9,0,"2026-08-04","Goal 3 PBE-UD boundary rederivation"
"beta=1,cap","cap_formula_A=0.00_lambda1=1.00_waste=0.000",10,1,0.2,0.8,0.5,0.8,0.111111111111111,0.444444444444444,NA,NA,NA,NA,"exclusion",0.444444444444444,0,1,0,"2026-08-04","Goal 3 PBE-UD boundary rederivation"
"beta=1,cap","cap_formula_A=0.25_lambda1=0.00_waste=0.000",10,1,0.2,0.8,0.5,0.8,0.111111111111111,0.444444444444444,NA,NA,NA,NA,"exclusion",0.444444444444444,0.25,0,0,"2026-08-04","Goal 3 PBE-UD boundary rederivation"
"beta=1,cap","cap_formula_A=0.25_lambda1=0.50_waste=0.000",10,1,0.2,0.8,0.5,0.8,0.111111111111111,0.444444444444444,NA,NA,NA,NA,"exclusion",0.444444444444444,0.25,0.5,0,"2026-08-04","Goal 3 PBE-UD boundary rederivation"
"beta=1,cap","cap_formula_A=0.25_lambda1=0.90_waste=0.000",10,1,0.2,0.8,0.5,0.8,0.111111111111111,0.444444444444444,NA,NA,NA,NA,"exclusion",0.444444444444444,0.25,0.9,0,"2026-08-04","Goal 3 PBE-UD boundary rederivation"
"beta=1,cap","cap_formula_A=0.25_lambda1=1.00_waste=0.000",10,1,0.2,0.8,0.5,0.8,0.111111111111111,0.444444444444444,NA,NA,NA,NA,"exclusion",0.444444444444444,0.25,1,0,"2026-08-04","Goal 3 PBE-UD boundary rederivation"
"beta=1,cap","cap_formula_A=0.75_lambda1=0.00_waste=0.000",10,1,0.2,0.8,0.5,0.8,0.111111111111111,0.444444444444444,NA,NA,NA,NA,"exclusion",0.444444444444444,0.75,0,0,"2026-08-04","Goal 3 PBE-UD boundary rederivation"
"beta=1,cap","cap_formula_A=0.75_lambda1=0.50_waste=0.000",10,1,0.2,0.8,0.5,0.8,0.111111111111111,0.444444444444444,NA,NA,NA,NA,"exclusion",0.444444444444444,0.75,0.5,0,"2026-08-04","Goal 3 PBE-UD boundary rederivation"
"beta=1,cap","cap_formula_A=0.75_lambda1=0.90_waste=0.000",10,1,0.2,0.8,0.5,0.8,0.111111111111111,0.444444444444444,NA,NA,NA,NA,"exclusion",0.444444444444444,0.75,0.9,0,"2026-08-04","Goal 3 PBE-UD boundary rederivation"
"beta=1,cap","cap_formula_A=0.75_lambda1=1.00_waste=0.000",10,1,0.2,0.8,0.5,0.8,0.111111111111111,0.444444444444444,NA,NA,NA,NA,"exclusion",0.444444444444444,0.75,1,0,"2026-08-04","Goal 3 PBE-UD boundary rederivation"
"beta=1,cap","cap_formula_A=1.00_lambda1=0.00_waste=0.000",10,1,0.2,0.8,0.5,0.8,0.111111111111111,0.444444444444444,NA,NA,NA,NA,"exclusion",0.444444444444444,1,0,0,"2026-08-04","Goal 3 PBE-UD boundary rederivation"
"beta=1,cap","cap_formula_A=1.00_lambda1=0.50_waste=0.000",10,1,0.2,0.8,0.5,0.8,0.111111111111111,0.444444444444444,NA,NA,NA,NA,"exclusion",0.444444444444444,1,0.5,0,"2026-08-04","Goal 3 PBE-UD boundary rederivation"
"beta=1,cap","cap_formula_A=1.00_lambda1=0.90_waste=0.000",10,1,0.2,0.8,0.5,0.8,0.111111111111111,0.444444444444444,NA,NA,NA,NA,"exclusion",0.444444444444444,1,0.9,0,"2026-08-04","Goal 3 PBE-UD boundary rederivation"
"beta=1,cap","global_TY_cap",10,1,0.2,0.8,0.5,0.8,0.111111111111111,0.444444444444444,NA,NA,NA,TRUE,"exclusion",0.444444444444444,1,1,0,"2026-08-04","Goal 3 PBE-UD boundary rederivation"
"beta=1,cap","cap_formula_A=0.00_lambda1=0.00_waste=0.000",10,1,0.2,0.8,0.9,0.8,0.111111111111111,0.444444444444444,NA,NA,NA,NA,"exclusion",0.444444444444444,0,0,0,"2026-08-04","Goal 3 PBE-UD boundary rederivation"
"beta=1,cap","cap_formula_A=0.00_lambda1=0.50_waste=0.000",10,1,0.2,0.8,0.9,0.8,0.111111111111111,0.444444444444444,NA,NA,NA,NA,"exclusion",0.444444444444444,0,0.5,0,"2026-08-04","Goal 3 PBE-UD boundary rederivation"
"beta=1,cap","cap_formula_A=0.00_lambda1=0.90_waste=0.000",10,1,0.2,0.8,0.9,0.8,0.111111111111111,0.444444444444444,NA,NA,NA,NA,"exclusion",0.444444444444444,0,0.9,0,"2026-08-04","Goal 3 PBE-UD boundary rederivation"
"beta=1,cap","cap_formula_A=0.00_lambda1=1.00_waste=0.000",10,1,0.2,0.8,0.9,0.8,0.111111111111111,0.444444444444444,NA,NA,NA,NA,"exclusion",0.444444444444444,0,1,0,"2026-08-04","Goal 3 PBE-UD boundary rederivation"
"beta=1,cap","cap_formula_A=0.25_lambda1=0.00_waste=0.000",10,1,0.2,0.8,0.9,0.8,0.111111111111111,0.444444444444444,NA,NA,NA,NA,"exclusion",0.444444444444444,0.25,0,0,"2026-08-04","Goal 3 PBE-UD boundary rederivation"
"beta=1,cap","cap_formula_A=0.25_lambda1=0.50_waste=0.000",10,1,0.2,0.8,0.9,0.8,0.111111111111111,0.444444444444444,NA,NA,NA,NA,"exclusion",0.444444444444444,0.25,0.5,0,"2026-08-04","Goal 3 PBE-UD boundary rederivation"
"beta=1,cap","cap_formula_A=0.25_lambda1=0.90_waste=0.000",10,1,0.2,0.8,0.9,0.8,0.111111111111111,0.444444444444444,NA,NA,NA,NA,"exclusion",0.444444444444444,0.25,0.9,0,"2026-08-04","Goal 3 PBE-UD boundary rederivation"
"beta=1,cap","cap_formula_A=0.25_lambda1=1.00_waste=0.000",10,1,0.2,0.8,0.9,0.8,0.111111111111111,0.444444444444444,NA,NA,NA,NA,"exclusion",0.444444444444444,0.25,1,0,"2026-08-04","Goal 3 PBE-UD boundary rederivation"
"beta=1,cap","cap_formula_A=0.75_lambda1=0.00_waste=0.000",10,1,0.2,0.8,0.9,0.8,0.111111111111111,0.444444444444444,NA,NA,NA,NA,"exclusion",0.444444444444444,0.75,0,0,"2026-08-04","Goal 3 PBE-UD boundary rederivation"
"beta=1,cap","cap_formula_A=0.75_lambda1=0.50_waste=0.000",10,1,0.2,0.8,0.9,0.8,0.111111111111111,0.444444444444444,NA,NA,NA,NA,"exclusion",0.444444444444444,0.75,0.5,0,"2026-08-04","Goal 3 PBE-UD boundary rederivation"
"beta=1,cap","cap_formula_A=0.75_lambda1=0.90_waste=0.000",10,1,0.2,0.8,0.9,0.8,0.111111111111111,0.444444444444444,NA,NA,NA,NA,"exclusion",0.444444444444444,0.75,0.9,0,"2026-08-04","Goal 3 PBE-UD boundary rederivation"
"beta=1,cap","cap_formula_A=0.75_lambda1=1.00_waste=0.000",10,1,0.2,0.8,0.9,0.8,0.111111111111111,0.444444444444444,NA,NA,NA,NA,"exclusion",0.444444444444444,0.75,1,0,"2026-08-04","Goal 3 PBE-UD boundary rederivation"
"beta=1,cap","cap_formula_A=1.00_lambda1=0.00_waste=0.000",10,1,0.2,0.8,0.9,0.8,0.111111111111111,0.444444444444444,NA,NA,NA,NA,"exclusion",0.444444444444444,1,0,0,"2026-08-04","Goal 3 PBE-UD boundary rederivation"
"beta=1,cap","cap_formula_A=1.00_lambda1=0.50_waste=0.000",10,1,0.2,0.8,0.9,0.8,0.111111111111111,0.444444444444444,NA,NA,NA,NA,"exclusion",0.444444444444444,1,0.5,0,"2026-08-04","Goal 3 PBE-UD boundary rederivation"
"beta=1,cap","cap_formula_A=1.00_lambda1=0.90_waste=0.000",10,1,0.2,0.8,0.9,0.8,0.111111111111111,0.444444444444444,NA,NA,NA,NA,"exclusion",0.444444444444444,1,0.9,0,"2026-08-04","Goal 3 PBE-UD boundary rederivation"
"beta=1,cap","global_TY_cap",10,1,0.2,0.8,0.9,0.8,0.111111111111111,0.444444444444444,NA,NA,NA,TRUE,"exclusion",0.444444444444444,1,1,0,"2026-08-04","Goal 3 PBE-UD boundary rederivation"
"beta=1,cap","cap_formula_A=1.00_lambda1=0.90_waste=0.020",4,1,0.1,0.2,0.5,0.2,0.333333333333333,0.333333333333333,NA,NA,NA,NA,"low_only",0.45,1,0.9,0.02,"2026-08-04","Goal 3 PBE-UD boundary rederivation"
"beta=1","global_TY",3,1,0,0.4,0.1,0.9,0.5,0.5,TRUE,"low_only+delay",0.45,TRUE,"low_only",0.95,1,1,0,"2026-08-04","Goal 3 PBE-UD boundary rederivation"
"beta=1","global_TY",3,1,0,0.4,0.5,0.9,0.5,0.5,TRUE,"pooling+delay",0.3,TRUE,"low_only",0.75,1,1,0,"2026-08-04","Goal 3 PBE-UD boundary rederivation"
"beta=1","global_TY",3,1,0,0.4,0.9,0.9,0.5,0.5,TRUE,"pooling+delay",0.3,TRUE,"pooling",0.6,1,1,0,"2026-08-04","Goal 3 PBE-UD boundary rederivation"
"beta=1","global_TY",3,1,0,0.8,0.1,0.9,0.5,0.5,TRUE,"low_only+delay",0.45,TRUE,"low_only",0.95,1,1,0,"2026-08-04","Goal 3 PBE-UD boundary rederivation"
"beta=1","global_TY",3,1,0,0.8,0.5,0.9,0.5,0.5,TRUE,"low_only+delay",0.25,TRUE,"low_only",0.75,1,1,0,"2026-08-04","Goal 3 PBE-UD boundary rederivation"
"beta=1","global_TY",3,1,0,0.8,0.9,0.9,0.5,0.5,TRUE,"pooling+delay",0.1,TRUE,"low_only",0.55,1,1,0,"2026-08-04","Goal 3 PBE-UD boundary rederivation"
"beta=1","global_TY",3,1,0,1,0.1,1,0.5,0.5,TRUE,"low_only+delay",0.45,TRUE,"low_only",0.95,1,1,0,"2026-08-04","Goal 3 PBE-UD boundary rederivation"
"beta=1","global_TY",3,1,0,1,0.5,1,0.5,0.5,TRUE,"low_only+delay",0.25,TRUE,"low_only",0.75,1,1,0,"2026-08-04","Goal 3 PBE-UD boundary rederivation"
"beta=1","global_TY",3,1,0,1,0.9,1,0.5,0.5,TRUE,"low_only+delay",0.05,TRUE,"low_only",0.55,1,1,0,"2026-08-04","Goal 3 PBE-UD boundary rederivation"
"beta=1","global_TY",3,1,0.05,0.4,0.1,0.9,0.5,0.5,TRUE,"low_only+delay",0.4275,TRUE,"low_only",0.905,1,1,0,"2026-08-04","Goal 3 PBE-UD boundary rederivation"
"beta=1","global_TY",3,1,0.05,0.4,0.5,0.9,0.5,0.5,TRUE,"pooling+delay",0.3,TRUE,"low_only",0.725,1,1,0,"2026-08-04","Goal 3 PBE-UD boundary rederivation"
"beta=1","global_TY",3,1,0.05,0.4,0.9,0.9,0.5,0.5,TRUE,"pooling+delay",0.3,TRUE,"pooling",0.6,1,1,0,"2026-08-04","Goal 3 PBE-UD boundary rederivation"
"beta=1","global_TY",3,1,0.05,0.8,0.1,0.9,0.5,0.5,TRUE,"low_only+delay",0.4275,TRUE,"low_only",0.905,1,1,0,"2026-08-04","Goal 3 PBE-UD boundary rederivation"
"beta=1","global_TY",3,1,0.05,0.8,0.5,0.9,0.5,0.5,TRUE,"low_only+delay",0.2375,TRUE,"low_only",0.725,1,1,0,"2026-08-04","Goal 3 PBE-UD boundary rederivation"
"beta=1","global_TY",3,1,0.05,0.8,0.9,0.9,0.5,0.5,TRUE,"pooling+delay",0.1,TRUE,"low_only",0.545,1,1,0,"2026-08-04","Goal 3 PBE-UD boundary rederivation"
"beta=1","global_TY",3,1,0.05,1,0.1,1,0.5,0.5,TRUE,"low_only+delay",0.4275,TRUE,"low_only",0.905,1,1,0,"2026-08-04","Goal 3 PBE-UD boundary rederivation"
"beta=1","global_TY",3,1,0.05,1,0.5,1,0.5,0.5,TRUE,"low_only+delay",0.2375,TRUE,"low_only",0.725,1,1,0,"2026-08-04","Goal 3 PBE-UD boundary rederivation"
"beta=1","global_TY",3,1,0.05,1,0.9,1,0.5,0.5,TRUE,"low_only+delay",0.0475,TRUE,"low_only",0.545,1,1,0,"2026-08-04","Goal 3 PBE-UD boundary rederivation"
"beta=1","global_TY",3,1,0.2,0.4,0.1,0.9,0.5,0.5,TRUE,"low_only+delay",0.36,TRUE,"low_only",0.77,1,1,0,"2026-08-04","Goal 3 PBE-UD boundary rederivation"
"beta=1","global_TY",3,1,0.2,0.4,0.5,0.9,0.5,0.5,TRUE,"pooling+delay",0.3,TRUE,"low_only",0.65,1,1,0,"2026-08-04","Goal 3 PBE-UD boundary rederivation"
"beta=1","global_TY",3,1,0.2,0.4,0.9,0.9,0.5,0.5,TRUE,"pooling+delay",0.3,TRUE,"pooling",0.6,1,1,0,"2026-08-04","Goal 3 PBE-UD boundary rederivation"
"beta=1","global_TY",3,1,0.2,0.8,0.1,0.9,0.5,0.5,TRUE,"low_only+delay",0.36,TRUE,"low_only",0.77,1,1,0,"2026-08-04","Goal 3 PBE-UD boundary rederivation"
"beta=1","global_TY",3,1,0.2,0.8,0.5,0.9,0.5,0.5,TRUE,"low_only+delay",0.2,TRUE,"low_only",0.65,1,1,0,"2026-08-04","Goal 3 PBE-UD boundary rederivation"
"beta=1","global_TY",3,1,0.2,0.8,0.9,0.9,0.5,0.5,TRUE,"pooling+delay",0.1,TRUE,"low_only",0.53,1,1,0,"2026-08-04","Goal 3 PBE-UD boundary rederivation"
"beta=1","global_TY",3,1,0.2,1,0.1,1,0.5,0.5,TRUE,"low_only+delay",0.36,TRUE,"low_only",0.77,1,1,0,"2026-08-04","Goal 3 PBE-UD boundary rederivation"
"beta=1","global_TY",3,1,0.2,1,0.5,1,0.5,0.5,TRUE,"low_only+delay",0.2,TRUE,"low_only",0.65,1,1,0,"2026-08-04","Goal 3 PBE-UD boundary rederivation"
"beta=1","global_TY",3,1,0.2,1,0.9,1,0.5,0.5,TRUE,"low_only+delay",0.04,TRUE,"low_only",0.53,1,1,0,"2026-08-04","Goal 3 PBE-UD boundary rederivation"
"beta=1","global_TY",4,1,0,0.4,0.1,0.9,0.333333333333333,0.333333333333333,TRUE,"low_only+delay",0.3,TRUE,"low_only",0.633333333333333,1,1,0,"2026-08-04","Goal 3 PBE-UD boundary rederivation"
"beta=1","global_TY",4,1,0,0.4,0.5,0.9,0.333333333333333,0.333333333333333,TRUE,"pooling+delay",0.2,TRUE,"low_only",0.5,1,1,0,"2026-08-04","Goal 3 PBE-UD boundary rederivation"
"beta=1","global_TY",4,1,0,0.4,0.9,0.9,0.333333333333333,0.333333333333333,TRUE,"pooling+delay",0.2,TRUE,"low_only",0.366666666666667,1,1,0,"2026-08-04","Goal 3 PBE-UD boundary rederivation"
"beta=1","global_TY",4,1,0,0.8,0.1,0.9,0.333333333333333,0.333333333333333,TRUE,"low_only+delay",0.3,TRUE,"low_only",0.633333333333333,1,1,0,"2026-08-04","Goal 3 PBE-UD boundary rederivation"
"beta=1","global_TY",4,1,0,0.8,0.5,0.9,0.333333333333333,0.333333333333333,TRUE,"low_only+delay",0.166666666666667,TRUE,"low_only",0.5,1,1,0,"2026-08-04","Goal 3 PBE-UD boundary rederivation"
"beta=1","global_TY",4,1,0,0.8,0.9,0.9,0.333333333333333,0.333333333333333,TRUE,"pooling+delay",0.0666666666666667,TRUE,"low_only",0.366666666666667,1,1,0,"2026-08-04","Goal 3 PBE-UD boundary rederivation"
"beta=1","global_TY",4,1,0,1,0.1,1,0.333333333333333,0.333333333333333,TRUE,"low_only+delay",0.3,TRUE,"low_only",0.633333333333333,1,1,0,"2026-08-04","Goal 3 PBE-UD boundary rederivation"
"beta=1","global_TY",4,1,0,1,0.5,1,0.333333333333333,0.333333333333333,TRUE,"low_only+delay",0.166666666666667,TRUE,"low_only",0.5,1,1,0,"2026-08-04","Goal 3 PBE-UD boundary rederivation"
"beta=1","global_TY",4,1,0,1,0.9,1,0.333333333333333,0.333333333333333,TRUE,"low_only+delay",0.0333333333333333,TRUE,"low_only",0.366666666666667,1,1,0,"2026-08-04","Goal 3 PBE-UD boundary rederivation"
"beta=1","global_TY",4,1,0.05,0.4,0.1,0.9,0.333333333333333,0.333333333333333,TRUE,"low_only+delay",0.285,TRUE,"low_only",0.588333333333333,1,1,0,"2026-08-04","Goal 3 PBE-UD boundary rederivation"
"beta=1","global_TY",4,1,0.05,0.4,0.5,0.9,0.333333333333333,0.333333333333333,TRUE,"pooling+delay",0.2,TRUE,"low_only",0.475,1,1,0,"2026-08-04","Goal 3 PBE-UD boundary rederivation"
"beta=1","global_TY",4,1,0.05,0.4,0.9,0.9,0.333333333333333,0.333333333333333,TRUE,"pooling+delay",0.2,TRUE,"low_only",0.361666666666667,1,1,0,"2026-08-04","Goal 3 PBE-UD boundary rederivation"
"beta=1","global_TY",4,1,0.05,0.8,0.1,0.9,0.333333333333333,0.333333333333333,TRUE,"low_only+delay",0.285,TRUE,"low_only",0.588333333333333,1,1,0,"2026-08-04","Goal 3 PBE-UD boundary rederivation"
"beta=1","global_TY",4,1,0.05,0.8,0.5,0.9,0.333333333333333,0.333333333333333,TRUE,"low_only+delay",0.158333333333333,TRUE,"low_only",0.475,1,1,0,"2026-08-04","Goal 3 PBE-UD boundary rederivation"
"beta=1","global_TY",4,1,0.05,0.8,0.9,0.9,0.333333333333333,0.333333333333333,TRUE,"pooling+delay",0.0666666666666667,TRUE,"low_only",0.361666666666667,1,1,0,"2026-08-04","Goal 3 PBE-UD boundary rederivation"
"beta=1","global_TY",4,1,0.05,1,0.1,1,0.333333333333333,0.333333333333333,TRUE,"low_only+delay",0.285,TRUE,"low_only",0.588333333333333,1,1,0,"2026-08-04","Goal 3 PBE-UD boundary rederivation"
"beta=1","global_TY",4,1,0.05,1,0.5,1,0.333333333333333,0.333333333333333,TRUE,"low_only+delay",0.158333333333333,TRUE,"low_only",0.475,1,1,0,"2026-08-04","Goal 3 PBE-UD boundary rederivation"
"beta=1","global_TY",4,1,0.05,1,0.9,1,0.333333333333333,0.333333333333333,TRUE,"low_only+delay",0.0316666666666667,TRUE,"low_only",0.361666666666667,1,1,0,"2026-08-04","Goal 3 PBE-UD boundary rederivation"
"beta=1","global_TY",4,1,0.2,0.4,0.1,0.9,0.333333333333333,0.333333333333333,TRUE,"low_only+delay",0.24,TRUE,"low_only",0.453333333333333,1,1,0,"2026-08-04","Goal 3 PBE-UD boundary rederivation"
"beta=1","global_TY",4,1,0.2,0.4,0.5,0.9,0.333333333333333,0.333333333333333,TRUE,"pooling+delay",0.2,TRUE,"low_only",0.4,1,1,0,"2026-08-04","Goal 3 PBE-UD boundary rederivation"
"beta=1","global_TY",4,1,0.2,0.4,0.9,0.9,0.333333333333333,0.333333333333333,TRUE,"pooling+delay",0.2,TRUE,"low_only",0.346666666666667,1,1,0,"2026-08-04","Goal 3 PBE-UD boundary rederivation"
"beta=1","global_TY",4,1,0.2,0.8,0.1,0.9,0.333333333333333,0.333333333333333,TRUE,"low_only+delay",0.24,TRUE,"low_only",0.453333333333333,1,1,0,"2026-08-04","Goal 3 PBE-UD boundary rederivation"
"beta=1","global_TY",4,1,0.2,0.8,0.5,0.9,0.333333333333333,0.333333333333333,TRUE,"low_only+delay",0.133333333333333,TRUE,"low_only",0.4,1,1,0,"2026-08-04","Goal 3 PBE-UD boundary rederivation"
"beta=1","global_TY",4,1,0.2,0.8,0.9,0.9,0.333333333333333,0.333333333333333,TRUE,"pooling+delay",0.0666666666666667,TRUE,"low_only",0.346666666666667,1,1,0,"2026-08-04","Goal 3 PBE-UD boundary rederivation"
"beta=1","global_TY",4,1,0.2,1,0.1,1,0.333333333333333,0.333333333333333,TRUE,"low_only+delay",0.24,TRUE,"low_only",0.453333333333333,1,1,0,"2026-08-04","Goal 3 PBE-UD boundary rederivation"
"beta=1","global_TY",4,1,0.2,1,0.5,1,0.333333333333333,0.333333333333333,TRUE,"low_only+delay",0.133333333333333,TRUE,"low_only",0.4,1,1,0,"2026-08-04","Goal 3 PBE-UD boundary rederivation"
"beta=1","global_TY",4,1,0.2,1,0.9,1,0.333333333333333,0.333333333333333,TRUE,"low_only+delay",0.0266666666666667,TRUE,"low_only",0.346666666666667,1,1,0,"2026-08-04","Goal 3 PBE-UD boundary rederivation"
"beta=1","global_TY",5,1,0,0.4,0.1,0.9,0.25,0.5,TRUE,"low_only+delay",0.225,TRUE,"low_only",0.7,1,1,0,"2026-08-04","Goal 3 PBE-UD boundary rederivation"
"beta=1","global_TY",5,1,0,0.4,0.5,0.9,0.25,0.5,TRUE,"pooling+delay",0.15,TRUE,"exclusion+low_only+oversized",0.5,1,1,0,"2026-08-04","Goal 3 PBE-UD boundary rederivation"
"beta=1","global_TY",5,1,0,0.4,0.9,0.9,0.25,0.5,TRUE,"pooling+delay",0.15,TRUE,"exclusion+oversized",0.5,1,1,0,"2026-08-04","Goal 3 PBE-UD boundary rederivation"
"beta=1","global_TY",5,1,0,0.8,0.1,0.9,0.25,0.5,TRUE,"low_only+delay",0.225,TRUE,"low_only",0.7,1,1,0,"2026-08-04","Goal 3 PBE-UD boundary rederivation"
"beta=1","global_TY",5,1,0,0.8,0.5,0.9,0.25,0.5,TRUE,"low_only+delay",0.125,TRUE,"exclusion+low_only+oversized",0.5,1,1,0,"2026-08-04","Goal 3 PBE-UD boundary rederivation"
"beta=1","global_TY",5,1,0,0.8,0.9,0.9,0.25,0.5,TRUE,"pooling+delay",0.05,TRUE,"exclusion+oversized",0.5,1,1,0,"2026-08-04","Goal 3 PBE-UD boundary rederivation"
"beta=1","global_TY",5,1,0,1,0.1,1,0.25,0.5,TRUE,"low_only+delay",0.225,TRUE,"low_only",0.7,1,1,0,"2026-08-04","Goal 3 PBE-UD boundary rederivation"
"beta=1","global_TY",5,1,0,1,0.5,1,0.25,0.5,TRUE,"low_only+delay",0.125,TRUE,"exclusion+low_only+oversized",0.5,1,1,0,"2026-08-04","Goal 3 PBE-UD boundary rederivation"
"beta=1","global_TY",5,1,0,1,0.9,1,0.25,0.5,TRUE,"low_only+delay",0.025,TRUE,"exclusion+oversized",0.5,1,1,0,"2026-08-04","Goal 3 PBE-UD boundary rederivation"
"beta=1","global_TY",5,1,0.05,0.4,0.1,0.9,0.25,0.5,TRUE,"low_only+delay",0.21375,TRUE,"low_only",0.655,1,1,0,"2026-08-04","Goal 3 PBE-UD boundary rederivation"
"beta=1","global_TY",5,1,0.05,0.4,0.5,0.9,0.25,0.5,TRUE,"pooling+delay",0.15,TRUE,"exclusion",0.5,1,1,0,"2026-08-04","Goal 3 PBE-UD boundary rederivation"
"beta=1","global_TY",5,1,0.05,0.4,0.9,0.9,0.25,0.5,TRUE,"pooling+delay",0.15,TRUE,"exclusion",0.5,1,1,0,"2026-08-04","Goal 3 PBE-UD boundary rederivation"
"beta=1","global_TY",5,1,0.05,0.8,0.1,0.9,0.25,0.5,TRUE,"low_only+delay",0.21375,TRUE,"low_only",0.655,1,1,0,"2026-08-04","Goal 3 PBE-UD boundary rederivation"
"beta=1","global_TY",5,1,0.05,0.8,0.5,0.9,0.25,0.5,TRUE,"low_only+delay",0.11875,TRUE,"exclusion",0.5,1,1,0,"2026-08-04","Goal 3 PBE-UD boundary rederivation"
"beta=1","global_TY",5,1,0.05,0.8,0.9,0.9,0.25,0.5,TRUE,"pooling+delay",0.05,TRUE,"exclusion",0.5,1,1,0,"2026-08-04","Goal 3 PBE-UD boundary rederivation"
"beta=1","global_TY",5,1,0.05,1,0.1,1,0.25,0.5,TRUE,"low_only+delay",0.21375,TRUE,"low_only",0.655,1,1,0,"2026-08-04","Goal 3 PBE-UD boundary rederivation"
"beta=1","global_TY",5,1,0.05,1,0.5,1,0.25,0.5,TRUE,"low_only+delay",0.11875,TRUE,"exclusion",0.5,1,1,0,"2026-08-04","Goal 3 PBE-UD boundary rederivation"
"beta=1","global_TY",5,1,0.05,1,0.9,1,0.25,0.5,TRUE,"low_only+delay",0.02375,TRUE,"exclusion",0.5,1,1,0,"2026-08-04","Goal 3 PBE-UD boundary rederivation"
"beta=1","global_TY",5,1,0.2,0.4,0.1,0.9,0.25,0.5,TRUE,"low_only+delay",0.18,TRUE,"low_only",0.52,1,1,0,"2026-08-04","Goal 3 PBE-UD boundary rederivation"
"beta=1","global_TY",5,1,0.2,0.4,0.5,0.9,0.25,0.5,TRUE,"pooling+delay",0.15,TRUE,"exclusion",0.5,1,1,0,"2026-08-04","Goal 3 PBE-UD boundary rederivation"
"beta=1","global_TY",5,1,0.2,0.4,0.9,0.9,0.25,0.5,TRUE,"pooling+delay",0.15,TRUE,"exclusion",0.5,1,1,0,"2026-08-04","Goal 3 PBE-UD boundary rederivation"
"beta=1","global_TY",5,1,0.2,0.8,0.1,0.9,0.25,0.5,TRUE,"low_only+delay",0.18,TRUE,"low_only",0.52,1,1,0,"2026-08-04","Goal 3 PBE-UD boundary rederivation"
"beta=1","global_TY",5,1,0.2,0.8,0.5,0.9,0.25,0.5,TRUE,"low_only+delay",0.1,TRUE,"exclusion",0.5,1,1,0,"2026-08-04","Goal 3 PBE-UD boundary rederivation"
"beta=1","global_TY",5,1,0.2,0.8,0.9,0.9,0.25,0.5,TRUE,"pooling+delay",0.05,TRUE,"exclusion",0.5,1,1,0,"2026-08-04","Goal 3 PBE-UD boundary rederivation"
"beta=1","global_TY",5,1,0.2,1,0.1,1,0.25,0.5,TRUE,"low_only+delay",0.18,TRUE,"low_only",0.52,1,1,0,"2026-08-04","Goal 3 PBE-UD boundary rederivation"
"beta=1","global_TY",5,1,0.2,1,0.5,1,0.25,0.5,TRUE,"low_only+delay",0.1,TRUE,"exclusion",0.5,1,1,0,"2026-08-04","Goal 3 PBE-UD boundary rederivation"
"beta=1","global_TY",5,1,0.2,1,0.9,1,0.25,0.5,TRUE,"low_only+delay",0.02,TRUE,"exclusion",0.5,1,1,0,"2026-08-04","Goal 3 PBE-UD boundary rederivation"
"beta=1","global_TY",6,1,0,0.4,0.1,0.9,0.2,0.4,TRUE,"low_only+delay",0.18,TRUE,"low_only",0.56,1,1,0,"2026-08-04","Goal 3 PBE-UD boundary rederivation"
"beta=1","global_TY",6,1,0,0.4,0.5,0.9,0.2,0.4,TRUE,"pooling+delay",0.12,TRUE,"exclusion+low_only+oversized",0.4,1,1,0,"2026-08-04","Goal 3 PBE-UD boundary rederivation"
"beta=1","global_TY",6,1,0,0.4,0.9,0.9,0.2,0.4,TRUE,"pooling+delay",0.12,TRUE,"exclusion+oversized",0.4,1,1,0,"2026-08-04","Goal 3 PBE-UD boundary rederivation"
"beta=1","global_TY",6,1,0,0.8,0.1,0.9,0.2,0.4,TRUE,"low_only+delay",0.18,TRUE,"low_only",0.56,1,1,0,"2026-08-04","Goal 3 PBE-UD boundary rederivation"
"beta=1","global_TY",6,1,0,0.8,0.5,0.9,0.2,0.4,TRUE,"low_only+delay",0.1,TRUE,"exclusion+low_only+oversized",0.4,1,1,0,"2026-08-04","Goal 3 PBE-UD boundary rederivation"
"beta=1","global_TY",6,1,0,0.8,0.9,0.9,0.2,0.4,TRUE,"pooling+delay",0.04,TRUE,"exclusion+oversized",0.4,1,1,0,"2026-08-04","Goal 3 PBE-UD boundary rederivation"
"beta=1","global_TY",6,1,0,1,0.1,1,0.2,0.4,TRUE,"low_only+delay",0.18,TRUE,"low_only",0.56,1,1,0,"2026-08-04","Goal 3 PBE-UD boundary rederivation"
"beta=1","global_TY",6,1,0,1,0.5,1,0.2,0.4,TRUE,"low_only+delay",0.1,TRUE,"exclusion+low_only+oversized",0.4,1,1,0,"2026-08-04","Goal 3 PBE-UD boundary rederivation"
"beta=1","global_TY",6,1,0,1,0.9,1,0.2,0.4,TRUE,"low_only+delay",0.02,TRUE,"exclusion+oversized",0.4,1,1,0,"2026-08-04","Goal 3 PBE-UD boundary rederivation"
"beta=1","global_TY",6,1,0.05,0.4,0.1,0.9,0.2,0.4,TRUE,"low_only+delay",0.171,TRUE,"low_only",0.515,1,1,0,"2026-08-04","Goal 3 PBE-UD boundary rederivation"
"beta=1","global_TY",6,1,0.05,0.4,0.5,0.9,0.2,0.4,TRUE,"pooling+delay",0.12,TRUE,"exclusion",0.4,1,1,0,"2026-08-04","Goal 3 PBE-UD boundary rederivation"
"beta=1","global_TY",6,1,0.05,0.4,0.9,0.9,0.2,0.4,TRUE,"pooling+delay",0.12,TRUE,"exclusion",0.4,1,1,0,"2026-08-04","Goal 3 PBE-UD boundary rederivation"
"beta=1","global_TY",6,1,0.05,0.8,0.1,0.9,0.2,0.4,TRUE,"low_only+delay",0.171,TRUE,"low_only",0.515,1,1,0,"2026-08-04","Goal 3 PBE-UD boundary rederivation"
"beta=1","global_TY",6,1,0.05,0.8,0.5,0.9,0.2,0.4,TRUE,"low_only+delay",0.095,TRUE,"exclusion",0.4,1,1,0,"2026-08-04","Goal 3 PBE-UD boundary rederivation"
"beta=1","global_TY",6,1,0.05,0.8,0.9,0.9,0.2,0.4,TRUE,"pooling+delay",0.04,TRUE,"exclusion",0.4,1,1,0,"2026-08-04","Goal 3 PBE-UD boundary rederivation"
"beta=1","global_TY",6,1,0.05,1,0.1,1,0.2,0.4,TRUE,"low_only+delay",0.171,TRUE,"low_only",0.515,1,1,0,"2026-08-04","Goal 3 PBE-UD boundary rederivation"
"beta=1","global_TY",6,1,0.05,1,0.5,1,0.2,0.4,TRUE,"low_only+delay",0.095,TRUE,"exclusion",0.4,1,1,0,"2026-08-04","Goal 3 PBE-UD boundary rederivation"
"beta=1","global_TY",6,1,0.05,1,0.9,1,0.2,0.4,TRUE,"low_only+delay",0.019,TRUE,"exclusion",0.4,1,1,0,"2026-08-04","Goal 3 PBE-UD boundary rederivation"
"beta=1","global_TY",6,1,0.2,0.4,0.1,0.9,0.2,0.4,TRUE,"low_only+delay",0.144,TRUE,"exclusion",0.4,1,1,0,"2026-08-04","Goal 3 PBE-UD boundary rederivation"
"beta=1","global_TY",6,1,0.2,0.4,0.5,0.9,0.2,0.4,TRUE,"pooling+delay",0.12,TRUE,"exclusion",0.4,1,1,0,"2026-08-04","Goal 3 PBE-UD boundary rederivation"
"beta=1","global_TY",6,1,0.2,0.4,0.9,0.9,0.2,0.4,TRUE,"pooling+delay",0.12,TRUE,"exclusion",0.4,1,1,0,"2026-08-04","Goal 3 PBE-UD boundary rederivation"
"beta=1","global_TY",6,1,0.2,0.8,0.1,0.9,0.2,0.4,TRUE,"low_only+delay",0.144,TRUE,"exclusion",0.4,1,1,0,"2026-08-04","Goal 3 PBE-UD boundary rederivation"
"beta=1","global_TY",6,1,0.2,0.8,0.5,0.9,0.2,0.4,TRUE,"low_only+delay",0.08,TRUE,"exclusion",0.4,1,1,0,"2026-08-04","Goal 3 PBE-UD boundary rederivation"
"beta=1","global_TY",6,1,0.2,0.8,0.9,0.9,0.2,0.4,TRUE,"pooling+delay",0.04,TRUE,"exclusion",0.4,1,1,0,"2026-08-04","Goal 3 PBE-UD boundary rederivation"
"beta=1","global_TY",6,1,0.2,1,0.1,1,0.2,0.4,TRUE,"low_only+delay",0.144,TRUE,"exclusion",0.4,1,1,0,"2026-08-04","Goal 3 PBE-UD boundary rederivation"
"beta=1","global_TY",6,1,0.2,1,0.5,1,0.2,0.4,TRUE,"low_only+delay",0.08,TRUE,"exclusion",0.4,1,1,0,"2026-08-04","Goal 3 PBE-UD boundary rederivation"
"beta=1","global_TY",6,1,0.2,1,0.9,1,0.2,0.4,TRUE,"low_only+delay",0.016,TRUE,"exclusion",0.4,1,1,0,"2026-08-04","Goal 3 PBE-UD boundary rederivation"
"beta=1","global_TY",7,1,0,0.4,0.1,0.9,0.166666666666667,0.5,TRUE,"low_only+delay",0.15,TRUE,"low_only",0.616666666666667,1,1,0,"2026-08-04","Goal 3 PBE-UD boundary rederivation"
"beta=1","global_TY",7,1,0,0.4,0.5,0.9,0.166666666666667,0.5,TRUE,"pooling+delay",0.1,TRUE,"exclusion+oversized",0.5,1,1,0,"2026-08-04","Goal 3 PBE-UD boundary rederivation"
"beta=1","global_TY",7,1,0,0.4,0.9,0.9,0.166666666666667,0.5,TRUE,"pooling+delay",0.1,TRUE,"exclusion+oversized",0.5,1,1,0,"2026-08-04","Goal 3 PBE-UD boundary rederivation"
"beta=1","global_TY",7,1,0,0.8,0.1,0.9,0.166666666666667,0.5,TRUE,"low_only+delay",0.15,TRUE,"low_only",0.616666666666667,1,1,0,"2026-08-04","Goal 3 PBE-UD boundary rederivation"
"beta=1","global_TY",7,1,0,0.8,0.5,0.9,0.166666666666667,0.5,TRUE,"low_only+delay",0.0833333333333333,TRUE,"exclusion+oversized",0.5,1,1,0,"2026-08-04","Goal 3 PBE-UD boundary rederivation"
"beta=1","global_TY",7,1,0,0.8,0.9,0.9,0.166666666666667,0.5,TRUE,"pooling+delay",0.0333333333333333,TRUE,"exclusion+oversized",0.5,1,1,0,"2026-08-04","Goal 3 PBE-UD boundary rederivation"
"beta=1","global_TY",7,1,0,1,0.1,1,0.166666666666667,0.5,TRUE,"low_only+delay",0.15,TRUE,"low_only",0.616666666666667,1,1,0,"2026-08-04","Goal 3 PBE-UD boundary rederivation"
"beta=1","global_TY",7,1,0,1,0.5,1,0.166666666666667,0.5,TRUE,"low_only+delay",0.0833333333333333,TRUE,"exclusion+oversized",0.5,1,1,0,"2026-08-04","Goal 3 PBE-UD boundary rederivation"
"beta=1","global_TY",7,1,0,1,0.9,1,0.166666666666667,0.5,TRUE,"low_only+delay",0.0166666666666667,TRUE,"exclusion+oversized",0.5,1,1,0,"2026-08-04","Goal 3 PBE-UD boundary rederivation"
"beta=1","global_TY",7,1,0.05,0.4,0.1,0.9,0.166666666666667,0.5,TRUE,"low_only+delay",0.1425,TRUE,"low_only",0.571666666666667,1,1,0,"2026-08-04","Goal 3 PBE-UD boundary rederivation"
"beta=1","global_TY",7,1,0.05,0.4,0.5,0.9,0.166666666666667,0.5,TRUE,"pooling+delay",0.1,TRUE,"exclusion",0.5,1,1,0,"2026-08-04","Goal 3 PBE-UD boundary rederivation"
"beta=1","global_TY",7,1,0.05,0.4,0.9,0.9,0.166666666666667,0.5,TRUE,"pooling+delay",0.1,TRUE,"exclusion",0.5,1,1,0,"2026-08-04","Goal 3 PBE-UD boundary rederivation"
"beta=1","global_TY",7,1,0.05,0.8,0.1,0.9,0.166666666666667,0.5,TRUE,"low_only+delay",0.1425,TRUE,"low_only",0.571666666666667,1,1,0,"2026-08-04","Goal 3 PBE-UD boundary rederivation"
"beta=1","global_TY",7,1,0.05,0.8,0.5,0.9,0.166666666666667,0.5,TRUE,"low_only+delay",0.0791666666666667,TRUE,"exclusion",0.5,1,1,0,"2026-08-04","Goal 3 PBE-UD boundary rederivation"
"beta=1","global_TY",7,1,0.05,0.8,0.9,0.9,0.166666666666667,0.5,TRUE,"pooling+delay",0.0333333333333333,TRUE,"exclusion",0.5,1,1,0,"2026-08-04","Goal 3 PBE-UD boundary rederivation"
"beta=1","global_TY",7,1,0.05,1,0.1,1,0.166666666666667,0.5,TRUE,"low_only+delay",0.1425,TRUE,"low_only",0.571666666666667,1,1,0,"2026-08-04","Goal 3 PBE-UD boundary rederivation"
"beta=1","global_TY",7,1,0.05,1,0.5,1,0.166666666666667,0.5,TRUE,"low_only+delay",0.0791666666666667,TRUE,"exclusion",0.5,1,1,0,"2026-08-04","Goal 3 PBE-UD boundary rederivation"
"beta=1","global_TY",7,1,0.05,1,0.9,1,0.166666666666667,0.5,TRUE,"low_only+delay",0.0158333333333333,TRUE,"exclusion",0.5,1,1,0,"2026-08-04","Goal 3 PBE-UD boundary rederivation"
"beta=1","global_TY",7,1,0.2,0.4,0.1,0.9,0.166666666666667,0.5,TRUE,"low_only+delay",0.12,TRUE,"exclusion",0.5,1,1,0,"2026-08-04","Goal 3 PBE-UD boundary rederivation"
"beta=1","global_TY",7,1,0.2,0.4,0.5,0.9,0.166666666666667,0.5,TRUE,"pooling+delay",0.1,TRUE,"exclusion",0.5,1,1,0,"2026-08-04","Goal 3 PBE-UD boundary rederivation"
"beta=1","global_TY",7,1,0.2,0.4,0.9,0.9,0.166666666666667,0.5,TRUE,"pooling+delay",0.1,TRUE,"exclusion",0.5,1,1,0,"2026-08-04","Goal 3 PBE-UD boundary rederivation"
"beta=1","global_TY",7,1,0.2,0.8,0.1,0.9,0.166666666666667,0.5,TRUE,"low_only+delay",0.12,TRUE,"exclusion",0.5,1,1,0,"2026-08-04","Goal 3 PBE-UD boundary rederivation"
"beta=1","global_TY",7,1,0.2,0.8,0.5,0.9,0.166666666666667,0.5,TRUE,"low_only+delay",0.0666666666666667,TRUE,"exclusion",0.5,1,1,0,"2026-08-04","Goal 3 PBE-UD boundary rederivation"
"beta=1","global_TY",7,1,0.2,0.8,0.9,0.9,0.166666666666667,0.5,TRUE,"pooling+delay",0.0333333333333333,TRUE,"exclusion",0.5,1,1,0,"2026-08-04","Goal 3 PBE-UD boundary rederivation"
"beta=1","global_TY",7,1,0.2,1,0.1,1,0.166666666666667,0.5,TRUE,"low_only+delay",0.12,TRUE,"exclusion",0.5,1,1,0,"2026-08-04","Goal 3 PBE-UD boundary rederivation"
"beta=1","global_TY",7,1,0.2,1,0.5,1,0.166666666666667,0.5,TRUE,"low_only+delay",0.0666666666666667,TRUE,"exclusion",0.5,1,1,0,"2026-08-04","Goal 3 PBE-UD boundary rederivation"
"beta=1","global_TY",7,1,0.2,1,0.9,1,0.166666666666667,0.5,TRUE,"low_only+delay",0.0133333333333333,TRUE,"exclusion",0.5,1,1,0,"2026-08-04","Goal 3 PBE-UD boundary rederivation"
"beta=1","global_TY",8,1,0,0.4,0.1,0.9,0.142857142857143,0.428571428571429,TRUE,"low_only+delay",0.128571428571429,TRUE,"low_only",0.528571428571428,1,1,0,"2026-08-04","Goal 3 PBE-UD boundary rederivation"
"beta=1","global_TY",8,1,0,0.4,0.5,0.9,0.142857142857143,0.428571428571429,TRUE,"pooling+delay",0.0857142857142857,TRUE,"exclusion+oversized",0.428571428571429,1,1,0,"2026-08-04","Goal 3 PBE-UD boundary rederivation"
"beta=1","global_TY",8,1,0,0.4,0.9,0.9,0.142857142857143,0.428571428571429,TRUE,"pooling+delay",0.0857142857142857,TRUE,"exclusion+oversized",0.428571428571429,1,1,0,"2026-08-04","Goal 3 PBE-UD boundary rederivation"
"beta=1","global_TY",8,1,0,0.8,0.1,0.9,0.142857142857143,0.428571428571429,TRUE,"low_only+delay",0.128571428571429,TRUE,"low_only",0.528571428571428,1,1,0,"2026-08-04","Goal 3 PBE-UD boundary rederivation"
"beta=1","global_TY",8,1,0,0.8,0.5,0.9,0.142857142857143,0.428571428571429,TRUE,"low_only+delay",0.0714285714285714,TRUE,"exclusion+oversized",0.428571428571429,1,1,0,"2026-08-04","Goal 3 PBE-UD boundary rederivation"
"beta=1","global_TY",8,1,0,0.8,0.9,0.9,0.142857142857143,0.428571428571429,TRUE,"pooling+delay",0.0285714285714286,TRUE,"exclusion+oversized",0.428571428571429,1,1,0,"2026-08-04","Goal 3 PBE-UD boundary rederivation"
"beta=1","global_TY",8,1,0,1,0.1,1,0.142857142857143,0.428571428571429,TRUE,"low_only+delay",0.128571428571429,TRUE,"low_only",0.528571428571428,1,1,0,"2026-08-04","Goal 3 PBE-UD boundary rederivation"
"beta=1","global_TY",8,1,0,1,0.5,1,0.142857142857143,0.428571428571429,TRUE,"low_only+delay",0.0714285714285714,TRUE,"exclusion+oversized",0.428571428571429,1,1,0,"2026-08-04","Goal 3 PBE-UD boundary rederivation"
"beta=1","global_TY",8,1,0,1,0.9,1,0.142857142857143,0.428571428571429,TRUE,"low_only+delay",0.0142857142857143,TRUE,"exclusion+oversized",0.428571428571429,1,1,0,"2026-08-04","Goal 3 PBE-UD boundary rederivation"
"beta=1","global_TY",8,1,0.05,0.4,0.1,0.9,0.142857142857143,0.428571428571429,TRUE,"low_only+delay",0.122142857142857,TRUE,"low_only",0.483571428571429,1,1,0,"2026-08-04","Goal 3 PBE-UD boundary rederivation"
"beta=1","global_TY",8,1,0.05,0.4,0.5,0.9,0.142857142857143,0.428571428571429,TRUE,"pooling+delay",0.0857142857142857,TRUE,"exclusion",0.428571428571429,1,1,0,"2026-08-04","Goal 3 PBE-UD boundary rederivation"
"beta=1","global_TY",8,1,0.05,0.4,0.9,0.9,0.142857142857143,0.428571428571429,TRUE,"pooling+delay",0.0857142857142857,TRUE,"exclusion",0.428571428571429,1,1,0,"2026-08-04","Goal 3 PBE-UD boundary rederivation"
"beta=1","global_TY",8,1,0.05,0.8,0.1,0.9,0.142857142857143,0.428571428571429,TRUE,"low_only+delay",0.122142857142857,TRUE,"low_only",0.483571428571429,1,1,0,"2026-08-04","Goal 3 PBE-UD boundary rederivation"
"beta=1","global_TY",8,1,0.05,0.8,0.5,0.9,0.142857142857143,0.428571428571429,TRUE,"low_only+delay",0.0678571428571429,TRUE,"exclusion",0.428571428571429,1,1,0,"2026-08-04","Goal 3 PBE-UD boundary rederivation"
"beta=1","global_TY",8,1,0.05,0.8,0.9,0.9,0.142857142857143,0.428571428571429,TRUE,"pooling+delay",0.0285714285714286,TRUE,"exclusion",0.428571428571429,1,1,0,"2026-08-04","Goal 3 PBE-UD boundary rederivation"
"beta=1","global_TY",8,1,0.05,1,0.1,1,0.142857142857143,0.428571428571429,TRUE,"low_only+delay",0.122142857142857,TRUE,"low_only",0.483571428571429,1,1,0,"2026-08-04","Goal 3 PBE-UD boundary rederivation"
"beta=1","global_TY",8,1,0.05,1,0.5,1,0.142857142857143,0.428571428571429,TRUE,"low_only+delay",0.0678571428571429,TRUE,"exclusion",0.428571428571429,1,1,0,"2026-08-04","Goal 3 PBE-UD boundary rederivation"
"beta=1","global_TY",8,1,0.05,1,0.9,1,0.142857142857143,0.428571428571429,TRUE,"low_only+delay",0.0135714285714286,TRUE,"exclusion",0.428571428571429,1,1,0,"2026-08-04","Goal 3 PBE-UD boundary rederivation"
"beta=1","global_TY",8,1,0.2,0.4,0.1,0.9,0.142857142857143,0.428571428571429,TRUE,"low_only+delay",0.102857142857143,TRUE,"exclusion",0.428571428571429,1,1,0,"2026-08-04","Goal 3 PBE-UD boundary rederivation"
"beta=1","global_TY",8,1,0.2,0.4,0.5,0.9,0.142857142857143,0.428571428571429,TRUE,"pooling+delay",0.0857142857142857,TRUE,"exclusion",0.428571428571429,1,1,0,"2026-08-04","Goal 3 PBE-UD boundary rederivation"
"beta=1","global_TY",8,1,0.2,0.4,0.9,0.9,0.142857142857143,0.428571428571429,TRUE,"pooling+delay",0.0857142857142857,TRUE,"exclusion",0.428571428571429,1,1,0,"2026-08-04","Goal 3 PBE-UD boundary rederivation"
"beta=1","global_TY",8,1,0.2,0.8,0.1,0.9,0.142857142857143,0.428571428571429,TRUE,"low_only+delay",0.102857142857143,TRUE,"exclusion",0.428571428571429,1,1,0,"2026-08-04","Goal 3 PBE-UD boundary rederivation"
"beta=1","global_TY",8,1,0.2,0.8,0.5,0.9,0.142857142857143,0.428571428571429,TRUE,"low_only+delay",0.0571428571428571,TRUE,"exclusion",0.428571428571429,1,1,0,"2026-08-04","Goal 3 PBE-UD boundary rederivation"
"beta=1","global_TY",8,1,0.2,0.8,0.9,0.9,0.142857142857143,0.428571428571429,TRUE,"pooling+delay",0.0285714285714286,TRUE,"exclusion",0.428571428571429,1,1,0,"2026-08-04","Goal 3 PBE-UD boundary rederivation"
"beta=1","global_TY",8,1,0.2,1,0.1,1,0.142857142857143,0.428571428571429,TRUE,"low_only+delay",0.102857142857143,TRUE,"exclusion",0.428571428571429,1,1,0,"2026-08-04","Goal 3 PBE-UD boundary rederivation"
"beta=1","global_TY",8,1,0.2,1,0.5,1,0.142857142857143,0.428571428571429,TRUE,"low_only+delay",0.0571428571428571,TRUE,"exclusion",0.428571428571429,1,1,0,"2026-08-04","Goal 3 PBE-UD boundary rederivation"
"beta=1","global_TY",8,1,0.2,1,0.9,1,0.142857142857143,0.428571428571429,TRUE,"low_only+delay",0.0114285714285714,TRUE,"exclusion",0.428571428571429,1,1,0,"2026-08-04","Goal 3 PBE-UD boundary rederivation"
"beta=1","global_TY",9,1,0,0.4,0.1,0.9,0.125,0.5,TRUE,"low_only+delay",0.1125,TRUE,"low_only",0.575,1,1,0,"2026-08-04","Goal 3 PBE-UD boundary rederivation"
"beta=1","global_TY",9,1,0,0.4,0.5,0.9,0.125,0.5,TRUE,"pooling+delay",0.075,TRUE,"exclusion+oversized",0.5,1,1,0,"2026-08-04","Goal 3 PBE-UD boundary rederivation"
"beta=1","global_TY",9,1,0,0.4,0.9,0.9,0.125,0.5,TRUE,"pooling+delay",0.075,TRUE,"exclusion+oversized",0.5,1,1,0,"2026-08-04","Goal 3 PBE-UD boundary rederivation"
"beta=1","global_TY",9,1,0,0.8,0.1,0.9,0.125,0.5,TRUE,"low_only+delay",0.1125,TRUE,"low_only",0.575,1,1,0,"2026-08-04","Goal 3 PBE-UD boundary rederivation"
"beta=1","global_TY",9,1,0,0.8,0.5,0.9,0.125,0.5,TRUE,"low_only+delay",0.0625,TRUE,"exclusion+oversized",0.5,1,1,0,"2026-08-04","Goal 3 PBE-UD boundary rederivation"
"beta=1","global_TY",9,1,0,0.8,0.9,0.9,0.125,0.5,TRUE,"pooling+delay",0.025,TRUE,"exclusion+oversized",0.5,1,1,0,"2026-08-04","Goal 3 PBE-UD boundary rederivation"
"beta=1","global_TY",9,1,0,1,0.1,1,0.125,0.5,TRUE,"low_only+delay",0.1125,TRUE,"low_only",0.575,1,1,0,"2026-08-04","Goal 3 PBE-UD boundary rederivation"
"beta=1","global_TY",9,1,0,1,0.5,1,0.125,0.5,TRUE,"low_only+delay",0.0625,TRUE,"exclusion+oversized",0.5,1,1,0,"2026-08-04","Goal 3 PBE-UD boundary rederivation"
"beta=1","global_TY",9,1,0,1,0.9,1,0.125,0.5,TRUE,"low_only+delay",0.0125,TRUE,"exclusion+oversized",0.5,1,1,0,"2026-08-04","Goal 3 PBE-UD boundary rederivation"
"beta=1","global_TY",9,1,0.05,0.4,0.1,0.9,0.125,0.5,TRUE,"low_only+delay",0.106875,TRUE,"low_only",0.53,1,1,0,"2026-08-04","Goal 3 PBE-UD boundary rederivation"
"beta=1","global_TY",9,1,0.05,0.4,0.5,0.9,0.125,0.5,TRUE,"pooling+delay",0.075,TRUE,"exclusion",0.5,1,1,0,"2026-08-04","Goal 3 PBE-UD boundary rederivation"
"beta=1","global_TY",9,1,0.05,0.4,0.9,0.9,0.125,0.5,TRUE,"pooling+delay",0.075,TRUE,"exclusion",0.5,1,1,0,"2026-08-04","Goal 3 PBE-UD boundary rederivation"
"beta=1","global_TY",9,1,0.05,0.8,0.1,0.9,0.125,0.5,TRUE,"low_only+delay",0.106875,TRUE,"low_only",0.53,1,1,0,"2026-08-04","Goal 3 PBE-UD boundary rederivation"
"beta=1","global_TY",9,1,0.05,0.8,0.5,0.9,0.125,0.5,TRUE,"low_only+delay",0.059375,TRUE,"exclusion",0.5,1,1,0,"2026-08-04","Goal 3 PBE-UD boundary rederivation"
"beta=1","global_TY",9,1,0.05,0.8,0.9,0.9,0.125,0.5,TRUE,"pooling+delay",0.025,TRUE,"exclusion",0.5,1,1,0,"2026-08-04","Goal 3 PBE-UD boundary rederivation"
"beta=1","global_TY",9,1,0.05,1,0.1,1,0.125,0.5,TRUE,"low_only+delay",0.106875,TRUE,"low_only",0.53,1,1,0,"2026-08-04","Goal 3 PBE-UD boundary rederivation"
"beta=1","global_TY",9,1,0.05,1,0.5,1,0.125,0.5,TRUE,"low_only+delay",0.059375,TRUE,"exclusion",0.5,1,1,0,"2026-08-04","Goal 3 PBE-UD boundary rederivation"
"beta=1","global_TY",9,1,0.05,1,0.9,1,0.125,0.5,TRUE,"low_only+delay",0.011875,TRUE,"exclusion",0.5,1,1,0,"2026-08-04","Goal 3 PBE-UD boundary rederivation"
"beta=1","global_TY",9,1,0.2,0.4,0.1,0.9,0.125,0.5,TRUE,"low_only+delay",0.09,TRUE,"exclusion",0.5,1,1,0,"2026-08-04","Goal 3 PBE-UD boundary rederivation"
"beta=1","global_TY",9,1,0.2,0.4,0.5,0.9,0.125,0.5,TRUE,"pooling+delay",0.075,TRUE,"exclusion",0.5,1,1,0,"2026-08-04","Goal 3 PBE-UD boundary rederivation"
"beta=1","global_TY",9,1,0.2,0.4,0.9,0.9,0.125,0.5,TRUE,"pooling+delay",0.075,TRUE,"exclusion",0.5,1,1,0,"2026-08-04","Goal 3 PBE-UD boundary rederivation"
"beta=1","global_TY",9,1,0.2,0.8,0.1,0.9,0.125,0.5,TRUE,"low_only+delay",0.09,TRUE,"exclusion",0.5,1,1,0,"2026-08-04","Goal 3 PBE-UD boundary rederivation"
"beta=1","global_TY",9,1,0.2,0.8,0.5,0.9,0.125,0.5,TRUE,"low_only+delay",0.05,TRUE,"exclusion",0.5,1,1,0,"2026-08-04","Goal 3 PBE-UD boundary rederivation"
"beta=1","global_TY",9,1,0.2,0.8,0.9,0.9,0.125,0.5,TRUE,"pooling+delay",0.025,TRUE,"exclusion",0.5,1,1,0,"2026-08-04","Goal 3 PBE-UD boundary rederivation"
"beta=1","global_TY",9,1,0.2,1,0.1,1,0.125,0.5,TRUE,"low_only+delay",0.09,TRUE,"exclusion",0.5,1,1,0,"2026-08-04","Goal 3 PBE-UD boundary rederivation"
"beta=1","global_TY",9,1,0.2,1,0.5,1,0.125,0.5,TRUE,"low_only+delay",0.05,TRUE,"exclusion",0.5,1,1,0,"2026-08-04","Goal 3 PBE-UD boundary rederivation"
"beta=1","global_TY",9,1,0.2,1,0.9,1,0.125,0.5,TRUE,"low_only+delay",0.01,TRUE,"exclusion",0.5,1,1,0,"2026-08-04","Goal 3 PBE-UD boundary rederivation"
"beta=1","global_TY",10,1,0,0.4,0.1,0.9,0.111111111111111,0.444444444444444,TRUE,"low_only+delay",0.1,TRUE,"low_only",0.511111111111111,1,1,0,"2026-08-04","Goal 3 PBE-UD boundary rederivation"
"beta=1","global_TY",10,1,0,0.4,0.5,0.9,0.111111111111111,0.444444444444444,TRUE,"pooling+delay",0.0666666666666667,TRUE,"exclusion+oversized",0.444444444444444,1,1,0,"2026-08-04","Goal 3 PBE-UD boundary rederivation"
"beta=1","global_TY",10,1,0,0.4,0.9,0.9,0.111111111111111,0.444444444444444,TRUE,"pooling+delay",0.0666666666666667,TRUE,"exclusion+oversized",0.444444444444444,1,1,0,"2026-08-04","Goal 3 PBE-UD boundary rederivation"
"beta=1","global_TY",10,1,0,0.8,0.1,0.9,0.111111111111111,0.444444444444444,TRUE,"low_only+delay",0.1,TRUE,"low_only",0.511111111111111,1,1,0,"2026-08-04","Goal 3 PBE-UD boundary rederivation"
"beta=1","global_TY",10,1,0,0.8,0.5,0.9,0.111111111111111,0.444444444444444,TRUE,"low_only+delay",0.0555555555555556,TRUE,"exclusion+oversized",0.444444444444444,1,1,0,"2026-08-04","Goal 3 PBE-UD boundary rederivation"
"beta=1","global_TY",10,1,0,0.8,0.9,0.9,0.111111111111111,0.444444444444444,TRUE,"pooling+delay",0.0222222222222222,TRUE,"exclusion+oversized",0.444444444444444,1,1,0,"2026-08-04","Goal 3 PBE-UD boundary rederivation"
"beta=1","global_TY",10,1,0,1,0.1,1,0.111111111111111,0.444444444444444,TRUE,"low_only+delay",0.1,TRUE,"low_only",0.511111111111111,1,1,0,"2026-08-04","Goal 3 PBE-UD boundary rederivation"
"beta=1","global_TY",10,1,0,1,0.5,1,0.111111111111111,0.444444444444444,TRUE,"low_only+delay",0.0555555555555556,TRUE,"exclusion+oversized",0.444444444444444,1,1,0,"2026-08-04","Goal 3 PBE-UD boundary rederivation"
"beta=1","global_TY",10,1,0,1,0.9,1,0.111111111111111,0.444444444444444,TRUE,"low_only+delay",0.0111111111111111,TRUE,"exclusion+oversized",0.444444444444444,1,1,0,"2026-08-04","Goal 3 PBE-UD boundary rederivation"
"beta=1","global_TY",10,1,0.05,0.4,0.1,0.9,0.111111111111111,0.444444444444444,TRUE,"low_only+delay",0.095,TRUE,"low_only",0.466111111111111,1,1,0,"2026-08-04","Goal 3 PBE-UD boundary rederivation"
"beta=1","global_TY",10,1,0.05,0.4,0.5,0.9,0.111111111111111,0.444444444444444,TRUE,"pooling+delay",0.0666666666666667,TRUE,"exclusion",0.444444444444444,1,1,0,"2026-08-04","Goal 3 PBE-UD boundary rederivation"
"beta=1","global_TY",10,1,0.05,0.4,0.9,0.9,0.111111111111111,0.444444444444444,TRUE,"pooling+delay",0.0666666666666667,TRUE,"exclusion",0.444444444444444,1,1,0,"2026-08-04","Goal 3 PBE-UD boundary rederivation"
"beta=1","global_TY",10,1,0.05,0.8,0.1,0.9,0.111111111111111,0.444444444444444,TRUE,"low_only+delay",0.095,TRUE,"low_only",0.466111111111111,1,1,0,"2026-08-04","Goal 3 PBE-UD boundary rederivation"
"beta=1","global_TY",10,1,0.05,0.8,0.5,0.9,0.111111111111111,0.444444444444444,TRUE,"low_only+delay",0.0527777777777778,TRUE,"exclusion",0.444444444444444,1,1,0,"2026-08-04","Goal 3 PBE-UD boundary rederivation"
"beta=1","global_TY",10,1,0.05,0.8,0.9,0.9,0.111111111111111,0.444444444444444,TRUE,"pooling+delay",0.0222222222222222,TRUE,"exclusion",0.444444444444444,1,1,0,"2026-08-04","Goal 3 PBE-UD boundary rederivation"
"beta=1","global_TY",10,1,0.05,1,0.1,1,0.111111111111111,0.444444444444444,TRUE,"low_only+delay",0.095,TRUE,"low_only",0.466111111111111,1,1,0,"2026-08-04","Goal 3 PBE-UD boundary rederivation"
"beta=1","global_TY",10,1,0.05,1,0.5,1,0.111111111111111,0.444444444444444,TRUE,"low_only+delay",0.0527777777777778,TRUE,"exclusion",0.444444444444444,1,1,0,"2026-08-04","Goal 3 PBE-UD boundary rederivation"
"beta=1","global_TY",10,1,0.05,1,0.9,1,0.111111111111111,0.444444444444444,TRUE,"low_only+delay",0.0105555555555556,TRUE,"exclusion",0.444444444444444,1,1,0,"2026-08-04","Goal 3 PBE-UD boundary rederivation"
"beta=1","global_TY",10,1,0.2,0.4,0.1,0.9,0.111111111111111,0.444444444444444,TRUE,"low_only+delay",0.08,TRUE,"exclusion",0.444444444444444,1,1,0,"2026-08-04","Goal 3 PBE-UD boundary rederivation"
"beta=1","global_TY",10,1,0.2,0.4,0.5,0.9,0.111111111111111,0.444444444444444,TRUE,"pooling+delay",0.0666666666666667,TRUE,"exclusion",0.444444444444444,1,1,0,"2026-08-04","Goal 3 PBE-UD boundary rederivation"
"beta=1","global_TY",10,1,0.2,0.4,0.9,0.9,0.111111111111111,0.444444444444444,TRUE,"pooling+delay",0.0666666666666667,TRUE,"exclusion",0.444444444444444,1,1,0,"2026-08-04","Goal 3 PBE-UD boundary rederivation"
"beta=1","global_TY",10,1,0.2,0.8,0.1,0.9,0.111111111111111,0.444444444444444,TRUE,"low_only+delay",0.08,TRUE,"exclusion",0.444444444444444,1,1,0,"2026-08-04","Goal 3 PBE-UD boundary rederivation"
"beta=1","global_TY",10,1,0.2,0.8,0.5,0.9,0.111111111111111,0.444444444444444,TRUE,"low_only+delay",0.0444444444444444,TRUE,"exclusion",0.444444444444444,1,1,0,"2026-08-04","Goal 3 PBE-UD boundary rederivation"
"beta=1","global_TY",10,1,0.2,0.8,0.9,0.9,0.111111111111111,0.444444444444444,TRUE,"pooling+delay",0.0222222222222222,TRUE,"exclusion",0.444444444444444,1,1,0,"2026-08-04","Goal 3 PBE-UD boundary rederivation"
"beta=1","global_TY",10,1,0.2,1,0.1,1,0.111111111111111,0.444444444444444,TRUE,"low_only+delay",0.08,TRUE,"exclusion",0.444444444444444,1,1,0,"2026-08-04","Goal 3 PBE-UD boundary rederivation"
"beta=1","global_TY",10,1,0.2,1,0.5,1,0.111111111111111,0.444444444444444,TRUE,"low_only+delay",0.0444444444444444,TRUE,"exclusion",0.444444444444444,1,1,0,"2026-08-04","Goal 3 PBE-UD boundary rederivation"
"beta=1","global_TY",10,1,0.2,1,0.9,1,0.111111111111111,0.444444444444444,TRUE,"low_only+delay",0.00888888888888889,TRUE,"exclusion",0.444444444444444,1,1,0,"2026-08-04","Goal 3 PBE-UD boundary rederivation"
"o1=1,beta<1","global_TY",3,0.2,0,1,0.1,1,0.1,0.9,TRUE,"low_only",0.81,TRUE,"low_only",0.91,NA,NA,NA,"2026-08-04","Goal 3 PBE-UD boundary rederivation"
"o1=1,beta<1","global_TY",3,0.2,0,1,0.5,1,0.1,0.9,TRUE,"low_only",0.45,TRUE,"exclusion",0.9,NA,NA,NA,"2026-08-04","Goal 3 PBE-UD boundary rederivation"
"o1=1,beta<1","global_TY",3,0.2,0,1,0.9,1,0.1,0.9,TRUE,"low_only",0.09,TRUE,"exclusion",0.9,NA,NA,NA,"2026-08-04","Goal 3 PBE-UD boundary rederivation"
"o1=1,beta<1","global_TY",3,0.2,0.05,1,0.1,1,0.1,0.9,FALSE,"empty",NA,TRUE,"exclusion",0.9,NA,NA,NA,"2026-08-04","Goal 3 PBE-UD boundary rederivation"
"o1=1,beta<1","global_TY",3,0.2,0.05,1,0.5,1,0.1,0.9,FALSE,"empty",NA,TRUE,"exclusion",0.9,NA,NA,NA,"2026-08-04","Goal 3 PBE-UD boundary rederivation"
"o1=1,beta<1","global_TY",3,0.2,0.05,1,0.9,1,0.1,0.9,FALSE,"empty",NA,TRUE,"exclusion",0.9,NA,NA,NA,"2026-08-04","Goal 3 PBE-UD boundary rederivation"
"o1=1,beta<1","global_TY",3,0.2,0.3,1,0.1,1,0.1,0.9,FALSE,"empty",NA,TRUE,"exclusion",0.9,NA,NA,NA,"2026-08-04","Goal 3 PBE-UD boundary rederivation"
"o1=1,beta<1","global_TY",3,0.2,0.3,1,0.5,1,0.1,0.9,FALSE,"empty",NA,TRUE,"exclusion",0.9,NA,NA,NA,"2026-08-04","Goal 3 PBE-UD boundary rederivation"
"o1=1,beta<1","global_TY",3,0.2,0.3,1,0.9,1,0.1,0.9,FALSE,"empty",NA,TRUE,"exclusion",0.9,NA,NA,NA,"2026-08-04","Goal 3 PBE-UD boundary rederivation"
"o1=1,beta<1","global_TY",3,0.6,0,1,0.1,1,0.3,0.7,TRUE,"low_only",0.63,TRUE,"low_only",0.93,NA,NA,NA,"2026-08-04","Goal 3 PBE-UD boundary rederivation"
"o1=1,beta<1","global_TY",3,0.6,0,1,0.5,1,0.3,0.7,TRUE,"low_only",0.35,TRUE,"exclusion",0.7,NA,NA,NA,"2026-08-04","Goal 3 PBE-UD boundary rederivation"
"o1=1,beta<1","global_TY",3,0.6,0,1,0.9,1,0.3,0.7,TRUE,"low_only",0.07,TRUE,"exclusion",0.7,NA,NA,NA,"2026-08-04","Goal 3 PBE-UD boundary rederivation"
"o1=1,beta<1","global_TY",3,0.6,0.05,1,0.1,1,0.3,0.7,FALSE,"empty",NA,TRUE,"low_only",0.885,NA,NA,NA,"2026-08-04","Goal 3 PBE-UD boundary rederivation"
"o1=1,beta<1","global_TY",3,0.6,0.05,1,0.5,1,0.3,0.7,FALSE,"empty",NA,TRUE,"exclusion",0.7,NA,NA,NA,"2026-08-04","Goal 3 PBE-UD boundary rederivation"
"o1=1,beta<1","global_TY",3,0.6,0.05,1,0.9,1,0.3,0.7,FALSE,"empty",NA,TRUE,"exclusion",0.7,NA,NA,NA,"2026-08-04","Goal 3 PBE-UD boundary rederivation"
"o1=1,beta<1","global_TY",3,0.6,0.3,1,0.1,1,0.3,0.7,FALSE,"empty",NA,TRUE,"exclusion",0.7,NA,NA,NA,"2026-08-04","Goal 3 PBE-UD boundary rederivation"
"o1=1,beta<1","global_TY",3,0.6,0.3,1,0.5,1,0.3,0.7,FALSE,"empty",NA,TRUE,"exclusion",0.7,NA,NA,NA,"2026-08-04","Goal 3 PBE-UD boundary rederivation"
"o1=1,beta<1","global_TY",3,0.6,0.3,1,0.9,1,0.3,0.7,FALSE,"empty",NA,TRUE,"exclusion",0.7,NA,NA,NA,"2026-08-04","Goal 3 PBE-UD boundary rederivation"
"o1=1,beta<1","global_TY",3,0.9,0,1,0.1,1,0.45,0.55,TRUE,"low_only",0.495,TRUE,"low_only",0.945,NA,NA,NA,"2026-08-04","Goal 3 PBE-UD boundary rederivation"
"o1=1,beta<1","global_TY",3,0.9,0,1,0.5,1,0.45,0.55,TRUE,"low_only",0.275,TRUE,"low_only",0.725,NA,NA,NA,"2026-08-04","Goal 3 PBE-UD boundary rederivation"
"o1=1,beta<1","global_TY",3,0.9,0,1,0.9,1,0.45,0.55,TRUE,"low_only",0.055,TRUE,"exclusion",0.55,NA,NA,NA,"2026-08-04","Goal 3 PBE-UD boundary rederivation"
"o1=1,beta<1","global_TY",3,0.9,0.05,1,0.1,1,0.45,0.55,FALSE,"empty",NA,TRUE,"low_only",0.9,NA,NA,NA,"2026-08-04","Goal 3 PBE-UD boundary rederivation"
"o1=1,beta<1","global_TY",3,0.9,0.05,1,0.5,1,0.45,0.55,FALSE,"empty",NA,TRUE,"low_only",0.7,NA,NA,NA,"2026-08-04","Goal 3 PBE-UD boundary rederivation"
"o1=1,beta<1","global_TY",3,0.9,0.05,1,0.9,1,0.45,0.55,FALSE,"empty",NA,TRUE,"exclusion",0.55,NA,NA,NA,"2026-08-04","Goal 3 PBE-UD boundary rederivation"
"o1=1,beta<1","global_TY",3,0.9,0.3,1,0.1,1,0.45,0.55,FALSE,"empty",NA,TRUE,"low_only",0.675,NA,NA,NA,"2026-08-04","Goal 3 PBE-UD boundary rederivation"
"o1=1,beta<1","global_TY",3,0.9,0.3,1,0.5,1,0.45,0.55,FALSE,"empty",NA,TRUE,"low_only",0.575,NA,NA,NA,"2026-08-04","Goal 3 PBE-UD boundary rederivation"
"o1=1,beta<1","global_TY",3,0.9,0.3,1,0.9,1,0.45,0.55,FALSE,"empty",NA,TRUE,"exclusion",0.55,NA,NA,NA,"2026-08-04","Goal 3 PBE-UD boundary rederivation"
"o1=1,beta<1","global_TY",4,0.2,0,1,0.1,1,0.0666666666666667,0.866666666666667,TRUE,"low_only",0.78,TRUE,"exclusion",0.866666666666667,NA,NA,NA,"2026-08-04","Goal 3 PBE-UD boundary rederivation"
"o1=1,beta<1","global_TY",4,0.2,0,1,0.5,1,0.0666666666666667,0.866666666666667,TRUE,"low_only",0.433333333333333,TRUE,"exclusion",0.866666666666667,NA,NA,NA,"2026-08-04","Goal 3 PBE-UD boundary rederivation"
"o1=1,beta<1","global_TY",4,0.2,0,1,0.9,1,0.0666666666666667,0.866666666666667,TRUE,"low_only",0.0866666666666667,TRUE,"exclusion",0.866666666666667,NA,NA,NA,"2026-08-04","Goal 3 PBE-UD boundary rederivation"
"o1=1,beta<1","global_TY",4,0.2,0.05,1,0.1,1,0.0666666666666667,0.866666666666667,FALSE,"empty",NA,TRUE,"exclusion",0.866666666666667,NA,NA,NA,"2026-08-04","Goal 3 PBE-UD boundary rederivation"
"o1=1,beta<1","global_TY",4,0.2,0.05,1,0.5,1,0.0666666666666667,0.866666666666667,FALSE,"empty",NA,TRUE,"exclusion",0.866666666666667,NA,NA,NA,"2026-08-04","Goal 3 PBE-UD boundary rederivation"
"o1=1,beta<1","global_TY",4,0.2,0.05,1,0.9,1,0.0666666666666667,0.866666666666667,FALSE,"empty",NA,TRUE,"exclusion",0.866666666666667,NA,NA,NA,"2026-08-04","Goal 3 PBE-UD boundary rederivation"
"o1=1,beta<1","global_TY",4,0.2,0.3,1,0.1,1,0.0666666666666667,0.866666666666667,FALSE,"empty",NA,TRUE,"exclusion",0.866666666666667,NA,NA,NA,"2026-08-04","Goal 3 PBE-UD boundary rederivation"
"o1=1,beta<1","global_TY",4,0.2,0.3,1,0.5,1,0.0666666666666667,0.866666666666667,FALSE,"empty",NA,TRUE,"exclusion",0.866666666666667,NA,NA,NA,"2026-08-04","Goal 3 PBE-UD boundary rederivation"
"o1=1,beta<1","global_TY",4,0.2,0.3,1,0.9,1,0.0666666666666667,0.866666666666667,FALSE,"empty",NA,TRUE,"exclusion",0.866666666666667,NA,NA,NA,"2026-08-04","Goal 3 PBE-UD boundary rederivation"
"o1=1,beta<1","global_TY",4,0.6,0,1,0.1,1,0.2,0.6,TRUE,"low_only",0.54,FALSE,"empty",NA,NA,NA,NA,"2026-08-04","Goal 3 PBE-UD boundary rederivation"
"o1=1,beta<1","global_TY",4,0.6,0,1,0.5,1,0.2,0.6,TRUE,"low_only",0.3,TRUE,"exclusion",0.6,NA,NA,NA,"2026-08-04","Goal 3 PBE-UD boundary rederivation"
"o1=1,beta<1","global_TY",4,0.6,0,1,0.9,1,0.2,0.6,TRUE,"low_only",0.06,TRUE,"exclusion",0.6,NA,NA,NA,"2026-08-04","Goal 3 PBE-UD boundary rederivation"
"o1=1,beta<1","global_TY",4,0.6,0.05,1,0.1,1,0.2,0.6,FALSE,"empty",NA,FALSE,"empty",NA,NA,NA,NA,"2026-08-04","Goal 3 PBE-UD boundary rederivation"
"o1=1,beta<1","global_TY",4,0.6,0.05,1,0.5,1,0.2,0.6,FALSE,"empty",NA,TRUE,"exclusion",0.6,NA,NA,NA,"2026-08-04","Goal 3 PBE-UD boundary rederivation"
"o1=1,beta<1","global_TY",4,0.6,0.05,1,0.9,1,0.2,0.6,FALSE,"empty",NA,TRUE,"exclusion",0.6,NA,NA,NA,"2026-08-04","Goal 3 PBE-UD boundary rederivation"
"o1=1,beta<1","global_TY",4,0.6,0.3,1,0.1,1,0.2,0.6,FALSE,"empty",NA,TRUE,"exclusion",0.6,NA,NA,NA,"2026-08-04","Goal 3 PBE-UD boundary rederivation"
"o1=1,beta<1","global_TY",4,0.6,0.3,1,0.5,1,0.2,0.6,FALSE,"empty",NA,TRUE,"exclusion",0.6,NA,NA,NA,"2026-08-04","Goal 3 PBE-UD boundary rederivation"
"o1=1,beta<1","global_TY",4,0.6,0.3,1,0.9,1,0.2,0.6,FALSE,"empty",NA,TRUE,"exclusion",0.6,NA,NA,NA,"2026-08-04","Goal 3 PBE-UD boundary rederivation"
"o1=1,beta<1","global_TY",4,0.9,0,1,0.1,1,0.3,0.4,TRUE,"low_only",0.36,FALSE,"empty",NA,NA,NA,NA,"2026-08-04","Goal 3 PBE-UD boundary rederivation"
"o1=1,beta<1","global_TY",4,0.9,0,1,0.5,1,0.3,0.4,TRUE,"low_only",0.2,FALSE,"empty",NA,NA,NA,NA,"2026-08-04","Goal 3 PBE-UD boundary rederivation"
"o1=1,beta<1","global_TY",4,0.9,0,1,0.9,1,0.3,0.4,TRUE,"low_only",0.04,TRUE,"exclusion",0.4,NA,NA,NA,"2026-08-04","Goal 3 PBE-UD boundary rederivation"
"o1=1,beta<1","global_TY",4,0.9,0.05,1,0.1,1,0.3,0.4,FALSE,"empty",NA,FALSE,"empty",NA,NA,NA,NA,"2026-08-04","Goal 3 PBE-UD boundary rederivation"
"o1=1,beta<1","global_TY",4,0.9,0.05,1,0.5,1,0.3,0.4,FALSE,"empty",NA,FALSE,"empty",NA,NA,NA,NA,"2026-08-04","Goal 3 PBE-UD boundary rederivation"
"o1=1,beta<1","global_TY",4,0.9,0.05,1,0.9,1,0.3,0.4,FALSE,"empty",NA,TRUE,"exclusion",0.4,NA,NA,NA,"2026-08-04","Goal 3 PBE-UD boundary rederivation"
"o1=1,beta<1","global_TY",4,0.9,0.3,1,0.1,1,0.3,0.4,FALSE,"empty",NA,TRUE,"exclusion",0.4,NA,NA,NA,"2026-08-04","Goal 3 PBE-UD boundary rederivation"
"o1=1,beta<1","global_TY",4,0.9,0.3,1,0.5,1,0.3,0.4,FALSE,"empty",NA,TRUE,"exclusion",0.4,NA,NA,NA,"2026-08-04","Goal 3 PBE-UD boundary rederivation"
"o1=1,beta<1","global_TY",4,0.9,0.3,1,0.9,1,0.3,0.4,FALSE,"empty",NA,TRUE,"exclusion",0.4,NA,NA,NA,"2026-08-04","Goal 3 PBE-UD boundary rederivation"
"o1=1,beta<1","global_TY",5,0.2,0,1,0.1,1,0.05,0.9,TRUE,"low_only",0.765,TRUE,"exclusion",0.9,NA,NA,NA,"2026-08-04","Goal 3 PBE-UD boundary rederivation"
"o1=1,beta<1","global_TY",5,0.2,0,1,0.5,1,0.05,0.9,TRUE,"low_only",0.425,TRUE,"exclusion",0.9,NA,NA,NA,"2026-08-04","Goal 3 PBE-UD boundary rederivation"
"o1=1,beta<1","global_TY",5,0.2,0,1,0.9,1,0.05,0.9,TRUE,"low_only",0.085,TRUE,"exclusion",0.9,NA,NA,NA,"2026-08-04","Goal 3 PBE-UD boundary rederivation"
"o1=1,beta<1","global_TY",5,0.2,0.05,1,0.1,1,0.05,0.9,FALSE,"empty",NA,TRUE,"exclusion",0.9,NA,NA,NA,"2026-08-04","Goal 3 PBE-UD boundary rederivation"
"o1=1,beta<1","global_TY",5,0.2,0.05,1,0.5,1,0.05,0.9,FALSE,"empty",NA,TRUE,"exclusion",0.9,NA,NA,NA,"2026-08-04","Goal 3 PBE-UD boundary rederivation"
"o1=1,beta<1","global_TY",5,0.2,0.05,1,0.9,1,0.05,0.9,FALSE,"empty",NA,TRUE,"exclusion",0.9,NA,NA,NA,"2026-08-04","Goal 3 PBE-UD boundary rederivation"
"o1=1,beta<1","global_TY",5,0.2,0.3,1,0.1,1,0.05,0.9,FALSE,"empty",NA,TRUE,"exclusion",0.9,NA,NA,NA,"2026-08-04","Goal 3 PBE-UD boundary rederivation"
"o1=1,beta<1","global_TY",5,0.2,0.3,1,0.5,1,0.05,0.9,FALSE,"empty",NA,TRUE,"exclusion",0.9,NA,NA,NA,"2026-08-04","Goal 3 PBE-UD boundary rederivation"
"o1=1,beta<1","global_TY",5,0.2,0.3,1,0.9,1,0.05,0.9,FALSE,"empty",NA,TRUE,"exclusion",0.9,NA,NA,NA,"2026-08-04","Goal 3 PBE-UD boundary rederivation"
"o1=1,beta<1","global_TY",5,0.6,0,1,0.1,1,0.15,0.7,TRUE,"low_only",0.495,FALSE,"empty",NA,NA,NA,NA,"2026-08-04","Goal 3 PBE-UD boundary rederivation"
"o1=1,beta<1","global_TY",5,0.6,0,1,0.5,1,0.15,0.7,TRUE,"low_only",0.275,TRUE,"exclusion",0.7,NA,NA,NA,"2026-08-04","Goal 3 PBE-UD boundary rederivation"
"o1=1,beta<1","global_TY",5,0.6,0,1,0.9,1,0.15,0.7,TRUE,"low_only",0.055,TRUE,"exclusion",0.7,NA,NA,NA,"2026-08-04","Goal 3 PBE-UD boundary rederivation"
"o1=1,beta<1","global_TY",5,0.6,0.05,1,0.1,1,0.15,0.7,FALSE,"empty",NA,FALSE,"empty",NA,NA,NA,NA,"2026-08-04","Goal 3 PBE-UD boundary rederivation"
"o1=1,beta<1","global_TY",5,0.6,0.05,1,0.5,1,0.15,0.7,FALSE,"empty",NA,TRUE,"exclusion",0.7,NA,NA,NA,"2026-08-04","Goal 3 PBE-UD boundary rederivation"
"o1=1,beta<1","global_TY",5,0.6,0.05,1,0.9,1,0.15,0.7,FALSE,"empty",NA,TRUE,"exclusion",0.7,NA,NA,NA,"2026-08-04","Goal 3 PBE-UD boundary rederivation"
"o1=1,beta<1","global_TY",5,0.6,0.3,1,0.1,1,0.15,0.7,FALSE,"empty",NA,TRUE,"exclusion",0.7,NA,NA,NA,"2026-08-04","Goal 3 PBE-UD boundary rederivation"
"o1=1,beta<1","global_TY",5,0.6,0.3,1,0.5,1,0.15,0.7,FALSE,"empty",NA,TRUE,"exclusion",0.7,NA,NA,NA,"2026-08-04","Goal 3 PBE-UD boundary rederivation"
"o1=1,beta<1","global_TY",5,0.6,0.3,1,0.9,1,0.15,0.7,FALSE,"empty",NA,TRUE,"exclusion",0.7,NA,NA,NA,"2026-08-04","Goal 3 PBE-UD boundary rederivation"
"o1=1,beta<1","global_TY",5,0.9,0,1,0.1,1,0.225,0.55,TRUE,"low_only",0.2925,FALSE,"empty",NA,NA,NA,NA,"2026-08-04","Goal 3 PBE-UD boundary rederivation"
"o1=1,beta<1","global_TY",5,0.9,0,1,0.5,1,0.225,0.55,TRUE,"low_only",0.1625,TRUE,"exclusion",0.55,NA,NA,NA,"2026-08-04","Goal 3 PBE-UD boundary rederivation"
"o1=1,beta<1","global_TY",5,0.9,0,1,0.9,1,0.225,0.55,TRUE,"low_only",0.0325,TRUE,"exclusion",0.55,NA,NA,NA,"2026-08-04","Goal 3 PBE-UD boundary rederivation"
"o1=1,beta<1","global_TY",5,0.9,0.05,1,0.1,1,0.225,0.55,FALSE,"empty",NA,FALSE,"empty",NA,NA,NA,NA,"2026-08-04","Goal 3 PBE-UD boundary rederivation"
"o1=1,beta<1","global_TY",5,0.9,0.05,1,0.5,1,0.225,0.55,FALSE,"empty",NA,TRUE,"exclusion",0.55,NA,NA,NA,"2026-08-04","Goal 3 PBE-UD boundary rederivation"
"o1=1,beta<1","global_TY",5,0.9,0.05,1,0.9,1,0.225,0.55,FALSE,"empty",NA,TRUE,"exclusion",0.55,NA,NA,NA,"2026-08-04","Goal 3 PBE-UD boundary rederivation"
"o1=1,beta<1","global_TY",5,0.9,0.3,1,0.1,1,0.225,0.55,FALSE,"empty",NA,TRUE,"exclusion",0.55,NA,NA,NA,"2026-08-04","Goal 3 PBE-UD boundary rederivation"
"o1=1,beta<1","global_TY",5,0.9,0.3,1,0.5,1,0.225,0.55,FALSE,"empty",NA,TRUE,"exclusion",0.55,NA,NA,NA,"2026-08-04","Goal 3 PBE-UD boundary rederivation"
"o1=1,beta<1","global_TY",5,0.9,0.3,1,0.9,1,0.225,0.55,FALSE,"empty",NA,TRUE,"exclusion",0.55,NA,NA,NA,"2026-08-04","Goal 3 PBE-UD boundary rederivation"
"o1=1,beta<1","global_TY",6,0.2,0,1,0.1,1,0.04,0.88,TRUE,"low_only",0.756,TRUE,"exclusion",0.88,NA,NA,NA,"2026-08-04","Goal 3 PBE-UD boundary rederivation"
"o1=1,beta<1","global_TY",6,0.2,0,1,0.5,1,0.04,0.88,TRUE,"low_only",0.42,TRUE,"exclusion",0.88,NA,NA,NA,"2026-08-04","Goal 3 PBE-UD boundary rederivation"
"o1=1,beta<1","global_TY",6,0.2,0,1,0.9,1,0.04,0.88,TRUE,"low_only",0.084,TRUE,"exclusion",0.88,NA,NA,NA,"2026-08-04","Goal 3 PBE-UD boundary rederivation"
"o1=1,beta<1","global_TY",6,0.2,0.05,1,0.1,1,0.04,0.88,FALSE,"empty",NA,TRUE,"exclusion",0.88,NA,NA,NA,"2026-08-04","Goal 3 PBE-UD boundary rederivation"
"o1=1,beta<1","global_TY",6,0.2,0.05,1,0.5,1,0.04,0.88,FALSE,"empty",NA,TRUE,"exclusion",0.88,NA,NA,NA,"2026-08-04","Goal 3 PBE-UD boundary rederivation"
"o1=1,beta<1","global_TY",6,0.2,0.05,1,0.9,1,0.04,0.88,FALSE,"empty",NA,TRUE,"exclusion",0.88,NA,NA,NA,"2026-08-04","Goal 3 PBE-UD boundary rederivation"
"o1=1,beta<1","global_TY",6,0.2,0.3,1,0.1,1,0.04,0.88,FALSE,"empty",NA,TRUE,"exclusion",0.88,NA,NA,NA,"2026-08-04","Goal 3 PBE-UD boundary rederivation"
"o1=1,beta<1","global_TY",6,0.2,0.3,1,0.5,1,0.04,0.88,FALSE,"empty",NA,TRUE,"exclusion",0.88,NA,NA,NA,"2026-08-04","Goal 3 PBE-UD boundary rederivation"
"o1=1,beta<1","global_TY",6,0.2,0.3,1,0.9,1,0.04,0.88,FALSE,"empty",NA,TRUE,"exclusion",0.88,NA,NA,NA,"2026-08-04","Goal 3 PBE-UD boundary rederivation"
"o1=1,beta<1","global_TY",6,0.6,0,1,0.1,1,0.12,0.64,TRUE,"low_only",0.468,FALSE,"empty",NA,NA,NA,NA,"2026-08-04","Goal 3 PBE-UD boundary rederivation"
"o1=1,beta<1","global_TY",6,0.6,0,1,0.5,1,0.12,0.64,TRUE,"low_only",0.26,TRUE,"exclusion",0.64,NA,NA,NA,"2026-08-04","Goal 3 PBE-UD boundary rederivation"
"o1=1,beta<1","global_TY",6,0.6,0,1,0.9,1,0.12,0.64,TRUE,"low_only",0.052,TRUE,"exclusion",0.64,NA,NA,NA,"2026-08-04","Goal 3 PBE-UD boundary rederivation"
"o1=1,beta<1","global_TY",6,0.6,0.05,1,0.1,1,0.12,0.64,FALSE,"empty",NA,FALSE,"empty",NA,NA,NA,NA,"2026-08-04","Goal 3 PBE-UD boundary rederivation"
"o1=1,beta<1","global_TY",6,0.6,0.05,1,0.5,1,0.12,0.64,FALSE,"empty",NA,TRUE,"exclusion",0.64,NA,NA,NA,"2026-08-04","Goal 3 PBE-UD boundary rederivation"
"o1=1,beta<1","global_TY",6,0.6,0.05,1,0.9,1,0.12,0.64,FALSE,"empty",NA,TRUE,"exclusion",0.64,NA,NA,NA,"2026-08-04","Goal 3 PBE-UD boundary rederivation"
"o1=1,beta<1","global_TY",6,0.6,0.3,1,0.1,1,0.12,0.64,FALSE,"empty",NA,TRUE,"exclusion",0.64,NA,NA,NA,"2026-08-04","Goal 3 PBE-UD boundary rederivation"
"o1=1,beta<1","global_TY",6,0.6,0.3,1,0.5,1,0.12,0.64,FALSE,"empty",NA,TRUE,"exclusion",0.64,NA,NA,NA,"2026-08-04","Goal 3 PBE-UD boundary rederivation"
"o1=1,beta<1","global_TY",6,0.6,0.3,1,0.9,1,0.12,0.64,FALSE,"empty",NA,TRUE,"exclusion",0.64,NA,NA,NA,"2026-08-04","Goal 3 PBE-UD boundary rederivation"
"o1=1,beta<1","global_TY",6,0.9,0,1,0.1,1,0.18,0.46,TRUE,"low_only",0.252,FALSE,"empty",NA,NA,NA,NA,"2026-08-04","Goal 3 PBE-UD boundary rederivation"
"o1=1,beta<1","global_TY",6,0.9,0,1,0.5,1,0.18,0.46,TRUE,"low_only",0.14,TRUE,"exclusion",0.46,NA,NA,NA,"2026-08-04","Goal 3 PBE-UD boundary rederivation"
"o1=1,beta<1","global_TY",6,0.9,0,1,0.9,1,0.18,0.46,TRUE,"low_only",0.028,TRUE,"exclusion",0.46,NA,NA,NA,"2026-08-04","Goal 3 PBE-UD boundary rederivation"
"o1=1,beta<1","global_TY",6,0.9,0.05,1,0.1,1,0.18,0.46,FALSE,"empty",NA,FALSE,"empty",NA,NA,NA,NA,"2026-08-04","Goal 3 PBE-UD boundary rederivation"
"o1=1,beta<1","global_TY",6,0.9,0.05,1,0.5,1,0.18,0.46,FALSE,"empty",NA,TRUE,"exclusion",0.46,NA,NA,NA,"2026-08-04","Goal 3 PBE-UD boundary rederivation"
"o1=1,beta<1","global_TY",6,0.9,0.05,1,0.9,1,0.18,0.46,FALSE,"empty",NA,TRUE,"exclusion",0.46,NA,NA,NA,"2026-08-04","Goal 3 PBE-UD boundary rederivation"
"o1=1,beta<1","global_TY",6,0.9,0.3,1,0.1,1,0.18,0.46,FALSE,"empty",NA,TRUE,"exclusion",0.46,NA,NA,NA,"2026-08-04","Goal 3 PBE-UD boundary rederivation"
"o1=1,beta<1","global_TY",6,0.9,0.3,1,0.5,1,0.18,0.46,FALSE,"empty",NA,TRUE,"exclusion",0.46,NA,NA,NA,"2026-08-04","Goal 3 PBE-UD boundary rederivation"
"o1=1,beta<1","global_TY",6,0.9,0.3,1,0.9,1,0.18,0.46,FALSE,"empty",NA,TRUE,"exclusion",0.46,NA,NA,NA,"2026-08-04","Goal 3 PBE-UD boundary rederivation"
"o1=1,beta<1","global_TY",7,0.2,0,1,0.1,1,0.0333333333333333,0.9,TRUE,"low_only",0.75,TRUE,"exclusion",0.9,NA,NA,NA,"2026-08-04","Goal 3 PBE-UD boundary rederivation"
"o1=1,beta<1","global_TY",7,0.2,0,1,0.5,1,0.0333333333333333,0.9,TRUE,"low_only",0.416666666666667,TRUE,"exclusion",0.9,NA,NA,NA,"2026-08-04","Goal 3 PBE-UD boundary rederivation"
"o1=1,beta<1","global_TY",7,0.2,0,1,0.9,1,0.0333333333333333,0.9,TRUE,"low_only",0.0833333333333333,TRUE,"exclusion",0.9,NA,NA,NA,"2026-08-04","Goal 3 PBE-UD boundary rederivation"
"o1=1,beta<1","global_TY",7,0.2,0.05,1,0.1,1,0.0333333333333333,0.9,FALSE,"empty",NA,TRUE,"exclusion",0.9,NA,NA,NA,"2026-08-04","Goal 3 PBE-UD boundary rederivation"
"o1=1,beta<1","global_TY",7,0.2,0.05,1,0.5,1,0.0333333333333333,0.9,FALSE,"empty",NA,TRUE,"exclusion",0.9,NA,NA,NA,"2026-08-04","Goal 3 PBE-UD boundary rederivation"
"o1=1,beta<1","global_TY",7,0.2,0.05,1,0.9,1,0.0333333333333333,0.9,FALSE,"empty",NA,TRUE,"exclusion",0.9,NA,NA,NA,"2026-08-04","Goal 3 PBE-UD boundary rederivation"
"o1=1,beta<1","global_TY",7,0.2,0.3,1,0.1,1,0.0333333333333333,0.9,FALSE,"empty",NA,TRUE,"exclusion",0.9,NA,NA,NA,"2026-08-04","Goal 3 PBE-UD boundary rederivation"
"o1=1,beta<1","global_TY",7,0.2,0.3,1,0.5,1,0.0333333333333333,0.9,FALSE,"empty",NA,TRUE,"exclusion",0.9,NA,NA,NA,"2026-08-04","Goal 3 PBE-UD boundary rederivation"
"o1=1,beta<1","global_TY",7,0.2,0.3,1,0.9,1,0.0333333333333333,0.9,FALSE,"empty",NA,TRUE,"exclusion",0.9,NA,NA,NA,"2026-08-04","Goal 3 PBE-UD boundary rederivation"
"o1=1,beta<1","global_TY",7,0.6,0,1,0.1,1,0.1,0.7,TRUE,"low_only",0.45,FALSE,"empty",NA,NA,NA,NA,"2026-08-04","Goal 3 PBE-UD boundary rederivation"
"o1=1,beta<1","global_TY",7,0.6,0,1,0.5,1,0.1,0.7,TRUE,"low_only",0.25,TRUE,"exclusion",0.7,NA,NA,NA,"2026-08-04","Goal 3 PBE-UD boundary rederivation"
"o1=1,beta<1","global_TY",7,0.6,0,1,0.9,1,0.1,0.7,TRUE,"low_only",0.05,TRUE,"exclusion",0.7,NA,NA,NA,"2026-08-04","Goal 3 PBE-UD boundary rederivation"
"o1=1,beta<1","global_TY",7,0.6,0.05,1,0.1,1,0.1,0.7,FALSE,"empty",NA,TRUE,"exclusion",0.7,NA,NA,NA,"2026-08-04","Goal 3 PBE-UD boundary rederivation"
"o1=1,beta<1","global_TY",7,0.6,0.05,1,0.5,1,0.1,0.7,FALSE,"empty",NA,TRUE,"exclusion",0.7,NA,NA,NA,"2026-08-04","Goal 3 PBE-UD boundary rederivation"
"o1=1,beta<1","global_TY",7,0.6,0.05,1,0.9,1,0.1,0.7,FALSE,"empty",NA,TRUE,"exclusion",0.7,NA,NA,NA,"2026-08-04","Goal 3 PBE-UD boundary rederivation"
"o1=1,beta<1","global_TY",7,0.6,0.3,1,0.1,1,0.1,0.7,FALSE,"empty",NA,TRUE,"exclusion",0.7,NA,NA,NA,"2026-08-04","Goal 3 PBE-UD boundary rederivation"
"o1=1,beta<1","global_TY",7,0.6,0.3,1,0.5,1,0.1,0.7,FALSE,"empty",NA,TRUE,"exclusion",0.7,NA,NA,NA,"2026-08-04","Goal 3 PBE-UD boundary rederivation"
"o1=1,beta<1","global_TY",7,0.6,0.3,1,0.9,1,0.1,0.7,FALSE,"empty",NA,TRUE,"exclusion",0.7,NA,NA,NA,"2026-08-04","Goal 3 PBE-UD boundary rederivation"
"o1=1,beta<1","global_TY",7,0.9,0,1,0.1,1,0.15,0.55,TRUE,"low_only",0.225,FALSE,"empty",NA,NA,NA,NA,"2026-08-04","Goal 3 PBE-UD boundary rederivation"
"o1=1,beta<1","global_TY",7,0.9,0,1,0.5,1,0.15,0.55,TRUE,"low_only",0.125,TRUE,"exclusion",0.55,NA,NA,NA,"2026-08-04","Goal 3 PBE-UD boundary rederivation"
"o1=1,beta<1","global_TY",7,0.9,0,1,0.9,1,0.15,0.55,TRUE,"low_only",0.025,TRUE,"exclusion",0.55,NA,NA,NA,"2026-08-04","Goal 3 PBE-UD boundary rederivation"
"o1=1,beta<1","global_TY",7,0.9,0.05,1,0.1,1,0.15,0.55,FALSE,"empty",NA,FALSE,"empty",NA,NA,NA,NA,"2026-08-04","Goal 3 PBE-UD boundary rederivation"
"o1=1,beta<1","global_TY",7,0.9,0.05,1,0.5,1,0.15,0.55,FALSE,"empty",NA,TRUE,"exclusion",0.55,NA,NA,NA,"2026-08-04","Goal 3 PBE-UD boundary rederivation"
"o1=1,beta<1","global_TY",7,0.9,0.05,1,0.9,1,0.15,0.55,FALSE,"empty",NA,TRUE,"exclusion",0.55,NA,NA,NA,"2026-08-04","Goal 3 PBE-UD boundary rederivation"
"o1=1,beta<1","global_TY",7,0.9,0.3,1,0.1,1,0.15,0.55,FALSE,"empty",NA,TRUE,"exclusion",0.55,NA,NA,NA,"2026-08-04","Goal 3 PBE-UD boundary rederivation"
"o1=1,beta<1","global_TY",7,0.9,0.3,1,0.5,1,0.15,0.55,FALSE,"empty",NA,TRUE,"exclusion",0.55,NA,NA,NA,"2026-08-04","Goal 3 PBE-UD boundary rederivation"
"o1=1,beta<1","global_TY",7,0.9,0.3,1,0.9,1,0.15,0.55,FALSE,"empty",NA,TRUE,"exclusion",0.55,NA,NA,NA,"2026-08-04","Goal 3 PBE-UD boundary rederivation"
"o1=1,beta<1","global_TY",8,0.2,0,1,0.1,1,0.0285714285714286,0.885714285714286,TRUE,"low_only",0.745714285714286,TRUE,"exclusion",0.885714285714286,NA,NA,NA,"2026-08-04","Goal 3 PBE-UD boundary rederivation"
"o1=1,beta<1","global_TY",8,0.2,0,1,0.5,1,0.0285714285714286,0.885714285714286,TRUE,"low_only",0.414285714285714,TRUE,"exclusion",0.885714285714286,NA,NA,NA,"2026-08-04","Goal 3 PBE-UD boundary rederivation"
"o1=1,beta<1","global_TY",8,0.2,0,1,0.9,1,0.0285714285714286,0.885714285714286,TRUE,"low_only",0.0828571428571428,TRUE,"exclusion",0.885714285714286,NA,NA,NA,"2026-08-04","Goal 3 PBE-UD boundary rederivation"
"o1=1,beta<1","global_TY",8,0.2,0.05,1,0.1,1,0.0285714285714286,0.885714285714286,FALSE,"empty",NA,TRUE,"exclusion",0.885714285714286,NA,NA,NA,"2026-08-04","Goal 3 PBE-UD boundary rederivation"
"o1=1,beta<1","global_TY",8,0.2,0.05,1,0.5,1,0.0285714285714286,0.885714285714286,FALSE,"empty",NA,TRUE,"exclusion",0.885714285714286,NA,NA,NA,"2026-08-04","Goal 3 PBE-UD boundary rederivation"
"o1=1,beta<1","global_TY",8,0.2,0.05,1,0.9,1,0.0285714285714286,0.885714285714286,FALSE,"empty",NA,TRUE,"exclusion",0.885714285714286,NA,NA,NA,"2026-08-04","Goal 3 PBE-UD boundary rederivation"
"o1=1,beta<1","global_TY",8,0.2,0.3,1,0.1,1,0.0285714285714286,0.885714285714286,FALSE,"empty",NA,TRUE,"exclusion",0.885714285714286,NA,NA,NA,"2026-08-04","Goal 3 PBE-UD boundary rederivation"
"o1=1,beta<1","global_TY",8,0.2,0.3,1,0.5,1,0.0285714285714286,0.885714285714286,FALSE,"empty",NA,TRUE,"exclusion",0.885714285714286,NA,NA,NA,"2026-08-04","Goal 3 PBE-UD boundary rederivation"
"o1=1,beta<1","global_TY",8,0.2,0.3,1,0.9,1,0.0285714285714286,0.885714285714286,FALSE,"empty",NA,TRUE,"exclusion",0.885714285714286,NA,NA,NA,"2026-08-04","Goal 3 PBE-UD boundary rederivation"
"o1=1,beta<1","global_TY",8,0.6,0,1,0.1,1,0.0857142857142857,0.657142857142857,TRUE,"low_only",0.437142857142857,FALSE,"empty",NA,NA,NA,NA,"2026-08-04","Goal 3 PBE-UD boundary rederivation"
"o1=1,beta<1","global_TY",8,0.6,0,1,0.5,1,0.0857142857142857,0.657142857142857,TRUE,"low_only",0.242857142857143,TRUE,"exclusion",0.657142857142857,NA,NA,NA,"2026-08-04","Goal 3 PBE-UD boundary rederivation"
"o1=1,beta<1","global_TY",8,0.6,0,1,0.9,1,0.0857142857142857,0.657142857142857,TRUE,"low_only",0.0485714285714286,TRUE,"exclusion",0.657142857142857,NA,NA,NA,"2026-08-04","Goal 3 PBE-UD boundary rederivation"
"o1=1,beta<1","global_TY",8,0.6,0.05,1,0.1,1,0.0857142857142857,0.657142857142857,FALSE,"empty",NA,TRUE,"exclusion",0.657142857142857,NA,NA,NA,"2026-08-04","Goal 3 PBE-UD boundary rederivation"
"o1=1,beta<1","global_TY",8,0.6,0.05,1,0.5,1,0.0857142857142857,0.657142857142857,FALSE,"empty",NA,TRUE,"exclusion",0.657142857142857,NA,NA,NA,"2026-08-04","Goal 3 PBE-UD boundary rederivation"
"o1=1,beta<1","global_TY",8,0.6,0.05,1,0.9,1,0.0857142857142857,0.657142857142857,FALSE,"empty",NA,TRUE,"exclusion",0.657142857142857,NA,NA,NA,"2026-08-04","Goal 3 PBE-UD boundary rederivation"
"o1=1,beta<1","global_TY",8,0.6,0.3,1,0.1,1,0.0857142857142857,0.657142857142857,FALSE,"empty",NA,TRUE,"exclusion",0.657142857142857,NA,NA,NA,"2026-08-04","Goal 3 PBE-UD boundary rederivation"
"o1=1,beta<1","global_TY",8,0.6,0.3,1,0.5,1,0.0857142857142857,0.657142857142857,FALSE,"empty",NA,TRUE,"exclusion",0.657142857142857,NA,NA,NA,"2026-08-04","Goal 3 PBE-UD boundary rederivation"
"o1=1,beta<1","global_TY",8,0.6,0.3,1,0.9,1,0.0857142857142857,0.657142857142857,FALSE,"empty",NA,TRUE,"exclusion",0.657142857142857,NA,NA,NA,"2026-08-04","Goal 3 PBE-UD boundary rederivation"
"o1=1,beta<1","global_TY",8,0.9,0,1,0.1,1,0.128571428571429,0.485714285714286,TRUE,"low_only",0.205714285714286,FALSE,"empty",NA,NA,NA,NA,"2026-08-04","Goal 3 PBE-UD boundary rederivation"
"o1=1,beta<1","global_TY",8,0.9,0,1,0.5,1,0.128571428571429,0.485714285714286,TRUE,"low_only",0.114285714285714,TRUE,"exclusion",0.485714285714286,NA,NA,NA,"2026-08-04","Goal 3 PBE-UD boundary rederivation"
"o1=1,beta<1","global_TY",8,0.9,0,1,0.9,1,0.128571428571429,0.485714285714286,TRUE,"low_only",0.0228571428571429,TRUE,"exclusion",0.485714285714286,NA,NA,NA,"2026-08-04","Goal 3 PBE-UD boundary rederivation"
"o1=1,beta<1","global_TY",8,0.9,0.05,1,0.1,1,0.128571428571429,0.485714285714286,FALSE,"empty",NA,FALSE,"empty",NA,NA,NA,NA,"2026-08-04","Goal 3 PBE-UD boundary rederivation"
"o1=1,beta<1","global_TY",8,0.9,0.05,1,0.5,1,0.128571428571429,0.485714285714286,FALSE,"empty",NA,TRUE,"exclusion",0.485714285714286,NA,NA,NA,"2026-08-04","Goal 3 PBE-UD boundary rederivation"
"o1=1,beta<1","global_TY",8,0.9,0.05,1,0.9,1,0.128571428571429,0.485714285714286,FALSE,"empty",NA,TRUE,"exclusion",0.485714285714286,NA,NA,NA,"2026-08-04","Goal 3 PBE-UD boundary rederivation"
"o1=1,beta<1","global_TY",8,0.9,0.3,1,0.1,1,0.128571428571429,0.485714285714286,FALSE,"empty",NA,TRUE,"exclusion",0.485714285714286,NA,NA,NA,"2026-08-04","Goal 3 PBE-UD boundary rederivation"
"o1=1,beta<1","global_TY",8,0.9,0.3,1,0.5,1,0.128571428571429,0.485714285714286,FALSE,"empty",NA,TRUE,"exclusion",0.485714285714286,NA,NA,NA,"2026-08-04","Goal 3 PBE-UD boundary rederivation"
"o1=1,beta<1","global_TY",8,0.9,0.3,1,0.9,1,0.128571428571429,0.485714285714286,FALSE,"empty",NA,TRUE,"exclusion",0.485714285714286,NA,NA,NA,"2026-08-04","Goal 3 PBE-UD boundary rederivation"
"o1=1,beta<1","global_TY",9,0.2,0,1,0.1,1,0.025,0.9,TRUE,"low_only",0.7425,TRUE,"exclusion",0.9,NA,NA,NA,"2026-08-04","Goal 3 PBE-UD boundary rederivation"
"o1=1,beta<1","global_TY",9,0.2,0,1,0.5,1,0.025,0.9,TRUE,"low_only",0.4125,TRUE,"exclusion",0.9,NA,NA,NA,"2026-08-04","Goal 3 PBE-UD boundary rederivation"
"o1=1,beta<1","global_TY",9,0.2,0,1,0.9,1,0.025,0.9,TRUE,"low_only",0.0825,TRUE,"exclusion",0.9,NA,NA,NA,"2026-08-04","Goal 3 PBE-UD boundary rederivation"
"o1=1,beta<1","global_TY",9,0.2,0.05,1,0.1,1,0.025,0.9,FALSE,"empty",NA,TRUE,"exclusion",0.9,NA,NA,NA,"2026-08-04","Goal 3 PBE-UD boundary rederivation"
"o1=1,beta<1","global_TY",9,0.2,0.05,1,0.5,1,0.025,0.9,FALSE,"empty",NA,TRUE,"exclusion",0.9,NA,NA,NA,"2026-08-04","Goal 3 PBE-UD boundary rederivation"
"o1=1,beta<1","global_TY",9,0.2,0.05,1,0.9,1,0.025,0.9,FALSE,"empty",NA,TRUE,"exclusion",0.9,NA,NA,NA,"2026-08-04","Goal 3 PBE-UD boundary rederivation"
"o1=1,beta<1","global_TY",9,0.2,0.3,1,0.1,1,0.025,0.9,FALSE,"empty",NA,TRUE,"exclusion",0.9,NA,NA,NA,"2026-08-04","Goal 3 PBE-UD boundary rederivation"
"o1=1,beta<1","global_TY",9,0.2,0.3,1,0.5,1,0.025,0.9,FALSE,"empty",NA,TRUE,"exclusion",0.9,NA,NA,NA,"2026-08-04","Goal 3 PBE-UD boundary rederivation"
"o1=1,beta<1","global_TY",9,0.2,0.3,1,0.9,1,0.025,0.9,FALSE,"empty",NA,TRUE,"exclusion",0.9,NA,NA,NA,"2026-08-04","Goal 3 PBE-UD boundary rederivation"
"o1=1,beta<1","global_TY",9,0.6,0,1,0.1,1,0.075,0.7,TRUE,"low_only",0.4275,FALSE,"empty",NA,NA,NA,NA,"2026-08-04","Goal 3 PBE-UD boundary rederivation"
"o1=1,beta<1","global_TY",9,0.6,0,1,0.5,1,0.075,0.7,TRUE,"low_only",0.2375,TRUE,"exclusion",0.7,NA,NA,NA,"2026-08-04","Goal 3 PBE-UD boundary rederivation"
"o1=1,beta<1","global_TY",9,0.6,0,1,0.9,1,0.075,0.7,TRUE,"low_only",0.0475,TRUE,"exclusion",0.7,NA,NA,NA,"2026-08-04","Goal 3 PBE-UD boundary rederivation"
"o1=1,beta<1","global_TY",9,0.6,0.05,1,0.1,1,0.075,0.7,FALSE,"empty",NA,TRUE,"exclusion",0.7,NA,NA,NA,"2026-08-04","Goal 3 PBE-UD boundary rederivation"
"o1=1,beta<1","global_TY",9,0.6,0.05,1,0.5,1,0.075,0.7,FALSE,"empty",NA,TRUE,"exclusion",0.7,NA,NA,NA,"2026-08-04","Goal 3 PBE-UD boundary rederivation"
"o1=1,beta<1","global_TY",9,0.6,0.05,1,0.9,1,0.075,0.7,FALSE,"empty",NA,TRUE,"exclusion",0.7,NA,NA,NA,"2026-08-04","Goal 3 PBE-UD boundary rederivation"
"o1=1,beta<1","global_TY",9,0.6,0.3,1,0.1,1,0.075,0.7,FALSE,"empty",NA,TRUE,"exclusion",0.7,NA,NA,NA,"2026-08-04","Goal 3 PBE-UD boundary rederivation"
"o1=1,beta<1","global_TY",9,0.6,0.3,1,0.5,1,0.075,0.7,FALSE,"empty",NA,TRUE,"exclusion",0.7,NA,NA,NA,"2026-08-04","Goal 3 PBE-UD boundary rederivation"
"o1=1,beta<1","global_TY",9,0.6,0.3,1,0.9,1,0.075,0.7,FALSE,"empty",NA,TRUE,"exclusion",0.7,NA,NA,NA,"2026-08-04","Goal 3 PBE-UD boundary rederivation"
"o1=1,beta<1","global_TY",9,0.9,0,1,0.1,1,0.1125,0.55,TRUE,"low_only",0.19125,FALSE,"empty",NA,NA,NA,NA,"2026-08-04","Goal 3 PBE-UD boundary rederivation"
"o1=1,beta<1","global_TY",9,0.9,0,1,0.5,1,0.1125,0.55,TRUE,"low_only",0.10625,TRUE,"exclusion",0.55,NA,NA,NA,"2026-08-04","Goal 3 PBE-UD boundary rederivation"
"o1=1,beta<1","global_TY",9,0.9,0,1,0.9,1,0.1125,0.55,TRUE,"low_only",0.02125,TRUE,"exclusion",0.55,NA,NA,NA,"2026-08-04","Goal 3 PBE-UD boundary rederivation"
"o1=1,beta<1","global_TY",9,0.9,0.05,1,0.1,1,0.1125,0.55,FALSE,"empty",NA,FALSE,"empty",NA,NA,NA,NA,"2026-08-04","Goal 3 PBE-UD boundary rederivation"
"o1=1,beta<1","global_TY",9,0.9,0.05,1,0.5,1,0.1125,0.55,FALSE,"empty",NA,TRUE,"exclusion",0.55,NA,NA,NA,"2026-08-04","Goal 3 PBE-UD boundary rederivation"
"o1=1,beta<1","global_TY",9,0.9,0.05,1,0.9,1,0.1125,0.55,FALSE,"empty",NA,TRUE,"exclusion",0.55,NA,NA,NA,"2026-08-04","Goal 3 PBE-UD boundary rederivation"
"o1=1,beta<1","global_TY",9,0.9,0.3,1,0.1,1,0.1125,0.55,FALSE,"empty",NA,TRUE,"exclusion",0.55,NA,NA,NA,"2026-08-04","Goal 3 PBE-UD boundary rederivation"
"o1=1,beta<1","global_TY",9,0.9,0.3,1,0.5,1,0.1125,0.55,FALSE,"empty",NA,TRUE,"exclusion",0.55,NA,NA,NA,"2026-08-04","Goal 3 PBE-UD boundary rederivation"
"o1=1,beta<1","global_TY",9,0.9,0.3,1,0.9,1,0.1125,0.55,FALSE,"empty",NA,TRUE,"exclusion",0.55,NA,NA,NA,"2026-08-04","Goal 3 PBE-UD boundary rederivation"
"o1=1,beta<1","global_TY",10,0.2,0,1,0.1,1,0.0222222222222222,0.888888888888889,TRUE,"low_only",0.74,TRUE,"exclusion",0.888888888888889,NA,NA,NA,"2026-08-04","Goal 3 PBE-UD boundary rederivation"
"o1=1,beta<1","global_TY",10,0.2,0,1,0.5,1,0.0222222222222222,0.888888888888889,TRUE,"low_only",0.411111111111111,TRUE,"exclusion",0.888888888888889,NA,NA,NA,"2026-08-04","Goal 3 PBE-UD boundary rederivation"
"o1=1,beta<1","global_TY",10,0.2,0,1,0.9,1,0.0222222222222222,0.888888888888889,TRUE,"low_only",0.0822222222222222,TRUE,"exclusion",0.888888888888889,NA,NA,NA,"2026-08-04","Goal 3 PBE-UD boundary rederivation"
"o1=1,beta<1","global_TY",10,0.2,0.05,1,0.1,1,0.0222222222222222,0.888888888888889,FALSE,"empty",NA,TRUE,"exclusion",0.888888888888889,NA,NA,NA,"2026-08-04","Goal 3 PBE-UD boundary rederivation"
"o1=1,beta<1","global_TY",10,0.2,0.05,1,0.5,1,0.0222222222222222,0.888888888888889,FALSE,"empty",NA,TRUE,"exclusion",0.888888888888889,NA,NA,NA,"2026-08-04","Goal 3 PBE-UD boundary rederivation"
"o1=1,beta<1","global_TY",10,0.2,0.05,1,0.9,1,0.0222222222222222,0.888888888888889,FALSE,"empty",NA,TRUE,"exclusion",0.888888888888889,NA,NA,NA,"2026-08-04","Goal 3 PBE-UD boundary rederivation"
"o1=1,beta<1","global_TY",10,0.2,0.3,1,0.1,1,0.0222222222222222,0.888888888888889,FALSE,"empty",NA,TRUE,"exclusion",0.888888888888889,NA,NA,NA,"2026-08-04","Goal 3 PBE-UD boundary rederivation"
"o1=1,beta<1","global_TY",10,0.2,0.3,1,0.5,1,0.0222222222222222,0.888888888888889,FALSE,"empty",NA,TRUE,"exclusion",0.888888888888889,NA,NA,NA,"2026-08-04","Goal 3 PBE-UD boundary rederivation"
"o1=1,beta<1","global_TY",10,0.2,0.3,1,0.9,1,0.0222222222222222,0.888888888888889,FALSE,"empty",NA,TRUE,"exclusion",0.888888888888889,NA,NA,NA,"2026-08-04","Goal 3 PBE-UD boundary rederivation"
"o1=1,beta<1","global_TY",10,0.6,0,1,0.1,1,0.0666666666666667,0.666666666666667,TRUE,"low_only",0.42,TRUE,"exclusion",0.666666666666667,NA,NA,NA,"2026-08-04","Goal 3 PBE-UD boundary rederivation"
"o1=1,beta<1","global_TY",10,0.6,0,1,0.5,1,0.0666666666666667,0.666666666666667,TRUE,"low_only",0.233333333333333,TRUE,"exclusion",0.666666666666667,NA,NA,NA,"2026-08-04","Goal 3 PBE-UD boundary rederivation"
"o1=1,beta<1","global_TY",10,0.6,0,1,0.9,1,0.0666666666666667,0.666666666666667,TRUE,"low_only",0.0466666666666667,TRUE,"exclusion",0.666666666666667,NA,NA,NA,"2026-08-04","Goal 3 PBE-UD boundary rederivation"
"o1=1,beta<1","global_TY",10,0.6,0.05,1,0.1,1,0.0666666666666667,0.666666666666667,FALSE,"empty",NA,TRUE,"exclusion",0.666666666666667,NA,NA,NA,"2026-08-04","Goal 3 PBE-UD boundary rederivation"
"o1=1,beta<1","global_TY",10,0.6,0.05,1,0.5,1,0.0666666666666667,0.666666666666667,FALSE,"empty",NA,TRUE,"exclusion",0.666666666666667,NA,NA,NA,"2026-08-04","Goal 3 PBE-UD boundary rederivation"
"o1=1,beta<1","global_TY",10,0.6,0.05,1,0.9,1,0.0666666666666667,0.666666666666667,FALSE,"empty",NA,TRUE,"exclusion",0.666666666666667,NA,NA,NA,"2026-08-04","Goal 3 PBE-UD boundary rederivation"
"o1=1,beta<1","global_TY",10,0.6,0.3,1,0.1,1,0.0666666666666667,0.666666666666667,FALSE,"empty",NA,TRUE,"exclusion",0.666666666666667,NA,NA,NA,"2026-08-04","Goal 3 PBE-UD boundary rederivation"
"o1=1,beta<1","global_TY",10,0.6,0.3,1,0.5,1,0.0666666666666667,0.666666666666667,FALSE,"empty",NA,TRUE,"exclusion",0.666666666666667,NA,NA,NA,"2026-08-04","Goal 3 PBE-UD boundary rederivation"
"o1=1,beta<1","global_TY",10,0.6,0.3,1,0.9,1,0.0666666666666667,0.666666666666667,FALSE,"empty",NA,TRUE,"exclusion",0.666666666666667,NA,NA,NA,"2026-08-04","Goal 3 PBE-UD boundary rederivation"
"o1=1,beta<1","global_TY",10,0.9,0,1,0.1,1,0.1,0.5,TRUE,"low_only",0.18,FALSE,"empty",NA,NA,NA,NA,"2026-08-04","Goal 3 PBE-UD boundary rederivation"
"o1=1,beta<1","global_TY",10,0.9,0,1,0.5,1,0.1,0.5,TRUE,"low_only",0.1,TRUE,"exclusion",0.5,NA,NA,NA,"2026-08-04","Goal 3 PBE-UD boundary rederivation"
"o1=1,beta<1","global_TY",10,0.9,0,1,0.9,1,0.1,0.5,TRUE,"low_only",0.02,TRUE,"exclusion",0.5,NA,NA,NA,"2026-08-04","Goal 3 PBE-UD boundary rederivation"
"o1=1,beta<1","global_TY",10,0.9,0.05,1,0.1,1,0.1,0.5,FALSE,"empty",NA,FALSE,"empty",NA,NA,NA,NA,"2026-08-04","Goal 3 PBE-UD boundary rederivation"
"o1=1,beta<1","global_TY",10,0.9,0.05,1,0.5,1,0.1,0.5,FALSE,"empty",NA,TRUE,"exclusion",0.5,NA,NA,NA,"2026-08-04","Goal 3 PBE-UD boundary rederivation"
"o1=1,beta<1","global_TY",10,0.9,0.05,1,0.9,1,0.1,0.5,FALSE,"empty",NA,TRUE,"exclusion",0.5,NA,NA,NA,"2026-08-04","Goal 3 PBE-UD boundary rederivation"
"o1=1,beta<1","global_TY",10,0.9,0.3,1,0.1,1,0.1,0.5,FALSE,"empty",NA,TRUE,"exclusion",0.5,NA,NA,NA,"2026-08-04","Goal 3 PBE-UD boundary rederivation"
"o1=1,beta<1","global_TY",10,0.9,0.3,1,0.5,1,0.1,0.5,FALSE,"empty",NA,TRUE,"exclusion",0.5,NA,NA,NA,"2026-08-04","Goal 3 PBE-UD boundary rederivation"
"o1=1,beta<1","global_TY",10,0.9,0.3,1,0.9,1,0.1,0.5,FALSE,"empty",NA,TRUE,"exclusion",0.5,NA,NA,NA,"2026-08-04","Goal 3 PBE-UD boundary rederivation"
