"N","m","q","k","r","beta","o0","o1","mu","bar_y","c","M_E","M_B_sup","M_C_sup","M_pool_threat","M_exists_TY","M_value_TY","M_class_TY","U_D","U_P","U_delta","U_S_mu","U_K_low","U_K_pool","U_K","U_TY_limit","U_exists_TY","U_eta_upper","checked_on","source"
3,2,2,1,0,0.2,0.05,0.3,0.1,0.3,0.1,0.9,0.865,0.7,FALSE,TRUE,0.9,"exclusion",0.95,0.7,0.1,0.855,0.7695,0.605,0.7695,0.6145,FALSE,0,"2026-08-04","Goal 3 PBE-UD analytical rederivation"
4,3,3,2,1,0.2,0.05,0.3,0.1,0.3,0.0666666666666667,0.866666666666667,0.801666666666667,0.633333333333333,FALSE,TRUE,0.866666666666667,"exclusion",0.95,0.7,0.133333333333333,0.855,0.741,0.573333333333333,0.741,0.586,FALSE,0,"2026-08-04","Goal 3 PBE-UD analytical rederivation"
5,4,3,2,1,0.2,0.05,0.3,0.1,0.3,0.05,0.9,0.815,0.65,FALSE,TRUE,0.9,"exclusion",0.95,0.7,0.15,0.855,0.72675,0.5575,0.72675,0.57175,FALSE,0,"2026-08-04","Goal 3 PBE-UD analytical rederivation"
6,5,4,3,2,0.2,0.05,0.3,0.1,0.3,0.04,0.88,0.787,0.62,FALSE,TRUE,0.88,"exclusion",0.95,0.7,0.16,0.855,0.7182,0.548,0.7182,0.5632,FALSE,0,"2026-08-04","Goal 3 PBE-UD analytical rederivation"
7,6,4,3,2,0.2,0.05,0.3,0.1,0.3,0.0333333333333333,0.9,0.798333333333333,0.633333333333333,FALSE,TRUE,0.9,"exclusion",0.95,0.7,0.166666666666667,0.855,0.7125,0.541666666666667,0.7125,0.5575,FALSE,0,"2026-08-04","Goal 3 PBE-UD analytical rederivation"
8,7,5,4,3,0.2,0.05,0.3,0.1,0.3,0.0285714285714286,0.885714285714286,0.780714285714286,0.614285714285714,FALSE,TRUE,0.885714285714286,"exclusion",0.95,0.7,0.171428571428571,0.855,0.708428571428571,0.537142857142857,0.708428571428571,0.553428571428571,FALSE,0,"2026-08-04","Goal 3 PBE-UD analytical rederivation"
9,8,5,4,3,0.2,0.05,0.3,0.1,0.3,0.025,0.9,0.79,0.625,FALSE,TRUE,0.9,"exclusion",0.95,0.7,0.175,0.855,0.705375,0.53375,0.705375,0.550375,FALSE,0,"2026-08-04","Goal 3 PBE-UD analytical rederivation"
10,9,6,5,4,0.2,0.05,0.3,0.1,0.3,0.0222222222222222,0.888888888888889,0.777222222222222,0.611111111111111,FALSE,TRUE,0.888888888888889,"exclusion",0.95,0.7,0.177777777777778,0.855,0.703,0.531111111111111,0.703,0.548,FALSE,0,"2026-08-04","Goal 3 PBE-UD analytical rederivation"
3,2,2,1,0,0.5,0.05,0.3,0.1,0.3,0.25,0.75,0.88,0.7,FALSE,TRUE,0.88,"low_only",0.95,0.7,0.25,0.855,0.64125,0.4625,0.64125,0.48625,FALSE,0,"2026-08-04","Goal 3 PBE-UD analytical rederivation"
4,3,3,2,1,0.5,0.05,0.3,0.1,0.3,0.166666666666667,0.666666666666667,0.721666666666667,0.533333333333333,FALSE,FALSE,NA,"empty",0.95,0.7,0.333333333333333,0.855,0.57,0.383333333333333,0.57,0.415,FALSE,0,"2026-08-04","Goal 3 PBE-UD analytical rederivation"
5,4,3,2,1,0.5,0.05,0.3,0.1,0.3,0.125,0.75,0.755,0.575,FALSE,FALSE,NA,"empty",0.95,0.7,0.375,0.855,0.534375,0.34375,0.534375,0.379375,FALSE,0,"2026-08-04","Goal 3 PBE-UD analytical rederivation"
6,5,4,3,2,0.5,0.05,0.3,0.1,0.3,0.1,0.7,0.685,0.5,FALSE,TRUE,0.7,"exclusion",0.95,0.7,0.4,0.855,0.513,0.32,0.513,0.358,FALSE,0,"2026-08-04","Goal 3 PBE-UD analytical rederivation"
7,6,4,3,2,0.5,0.05,0.3,0.1,0.3,0.0833333333333333,0.75,0.713333333333333,0.533333333333333,FALSE,TRUE,0.75,"exclusion",0.95,0.7,0.416666666666667,0.855,0.49875,0.304166666666667,0.49875,0.34375,FALSE,0,"2026-08-04","Goal 3 PBE-UD analytical rederivation"
8,7,5,4,3,0.5,0.05,0.3,0.1,0.3,0.0714285714285714,0.714285714285714,0.669285714285714,0.485714285714286,FALSE,TRUE,0.714285714285714,"exclusion",0.95,0.7,0.428571428571429,0.855,0.488571428571428,0.292857142857143,0.488571428571428,0.333571428571429,FALSE,0,"2026-08-04","Goal 3 PBE-UD analytical rederivation"
9,8,5,4,3,0.5,0.05,0.3,0.1,0.3,0.0625,0.75,0.6925,0.5125,FALSE,TRUE,0.75,"exclusion",0.95,0.7,0.4375,0.855,0.4809375,0.284375,0.4809375,0.3259375,FALSE,0,"2026-08-04","Goal 3 PBE-UD analytical rederivation"
10,9,6,5,4,0.5,0.05,0.3,0.1,0.3,0.0555555555555556,0.722222222222222,0.660555555555556,0.477777777777778,FALSE,TRUE,0.722222222222222,"exclusion",0.95,0.7,0.444444444444444,0.855,0.475,0.277777777777778,0.475,0.32,FALSE,0,"2026-08-04","Goal 3 PBE-UD analytical rederivation"
3,2,2,1,0,0.9,0.05,0.3,0.1,0.3,0.45,0.55,0.9,0.7,FALSE,TRUE,0.9,"low_only",0.95,0.7,0.45,0.855,0.47025,0.2725,0.47025,0.31525,FALSE,0,"2026-08-04","Goal 3 PBE-UD analytical rederivation"
4,3,3,2,1,0.9,0.05,0.3,0.1,0.3,0.3,0.4,0.615,0.4,FALSE,FALSE,NA,"empty",0.95,0.7,0.6,0.855,0.342,0.13,0.342,0.187,FALSE,0,"2026-08-04","Goal 3 PBE-UD analytical rederivation"
5,4,3,2,1,0.9,0.05,0.3,0.1,0.3,0.225,0.55,0.675,0.475,FALSE,FALSE,NA,"empty",0.95,0.7,0.675,0.855,0.277875,0.05875,0.277875,0.122875,FALSE,0,"2026-08-04","Goal 3 PBE-UD analytical rederivation"
6,5,4,3,2,0.9,0.05,0.3,0.1,0.3,0.18,0.46,0.549,0.34,FALSE,FALSE,NA,"empty",0.95,0.7,0.72,0.855,0.2394,0.016,0.2394,0.0844,FALSE,0,"2026-08-04","Goal 3 PBE-UD analytical rederivation"
7,6,4,3,2,0.9,0.05,0.3,0.1,0.3,0.15,0.55,0.6,0.4,FALSE,FALSE,NA,"empty",0.95,0.7,0.75,0.855,0.21375,-0.0125,0.21375,0.05875,FALSE,0,"2026-08-04","Goal 3 PBE-UD analytical rederivation"
8,7,5,4,3,0.9,0.05,0.3,0.1,0.3,0.128571428571429,0.485714285714286,0.520714285714286,0.314285714285714,FALSE,FALSE,NA,"empty",0.95,0.7,0.771428571428571,0.855,0.195428571428571,-0.0328571428571429,0.195428571428571,0.0404285714285714,FALSE,0,"2026-08-04","Goal 3 PBE-UD analytical rederivation"
9,8,5,4,3,0.9,0.05,0.3,0.1,0.3,0.1125,0.55,0.5625,0.3625,FALSE,FALSE,NA,"empty",0.95,0.7,0.7875,0.855,0.1816875,-0.048125,0.1816875,0.0266875,FALSE,0,"2026-08-04","Goal 3 PBE-UD analytical rederivation"
10,9,6,5,4,0.9,0.05,0.3,0.1,0.3,0.1,0.5,0.505,0.3,FALSE,FALSE,NA,"empty",0.95,0.7,0.8,0.855,0.171,-0.06,0.171,0.0159999999999999,FALSE,0,"2026-08-04","Goal 3 PBE-UD analytical rederivation"
3,2,2,1,0,0.2,0.2,0.3,0.1,0.3,0.1,0.9,0.73,0.7,FALSE,TRUE,0.9,"exclusion",0.8,0.7,0.1,0.72,0.648,0.62,0.648,0.628,FALSE,0,"2026-08-04","Goal 3 PBE-UD analytical rederivation"
4,3,3,2,1,0.2,0.2,0.3,0.1,0.3,0.0666666666666667,0.866666666666667,0.666666666666667,0.633333333333333,FALSE,TRUE,0.866666666666667,"exclusion",0.8,0.7,0.133333333333333,0.72,0.624,0.593333333333333,0.624,0.604,FALSE,0,"2026-08-04","Goal 3 PBE-UD analytical rederivation"
5,4,3,2,1,0.2,0.2,0.3,0.1,0.3,0.05,0.9,0.68,0.65,FALSE,TRUE,0.9,"exclusion",0.8,0.7,0.15,0.72,0.612,0.58,0.612,0.592,FALSE,0,"2026-08-04","Goal 3 PBE-UD analytical rederivation"
6,5,4,3,2,0.2,0.2,0.3,0.1,0.3,0.04,0.88,0.652,0.62,FALSE,TRUE,0.88,"exclusion",0.8,0.7,0.16,0.72,0.6048,0.572,0.6048,0.5848,FALSE,0,"2026-08-04","Goal 3 PBE-UD analytical rederivation"
7,6,4,3,2,0.2,0.2,0.3,0.1,0.3,0.0333333333333333,0.9,0.663333333333333,0.633333333333333,FALSE,TRUE,0.9,"exclusion",0.8,0.7,0.166666666666667,0.72,0.6,0.566666666666667,0.6,0.58,FALSE,0,"2026-08-04","Goal 3 PBE-UD analytical rederivation"
8,7,5,4,3,0.2,0.2,0.3,0.1,0.3,0.0285714285714286,0.885714285714286,0.645714285714286,0.614285714285714,FALSE,TRUE,0.885714285714286,"exclusion",0.8,0.7,0.171428571428571,0.72,0.596571428571429,0.562857142857143,0.596571428571429,0.576571428571429,FALSE,0,"2026-08-04","Goal 3 PBE-UD analytical rederivation"
9,8,5,4,3,0.2,0.2,0.3,0.1,0.3,0.025,0.9,0.655,0.625,FALSE,TRUE,0.9,"exclusion",0.8,0.7,0.175,0.72,0.594,0.56,0.594,0.574,FALSE,0,"2026-08-04","Goal 3 PBE-UD analytical rederivation"
10,9,6,5,4,0.2,0.2,0.3,0.1,0.3,0.0222222222222222,0.888888888888889,0.642222222222222,0.611111111111111,FALSE,TRUE,0.888888888888889,"exclusion",0.8,0.7,0.177777777777778,0.72,0.592,0.557777777777778,0.592,0.572,FALSE,0,"2026-08-04","Goal 3 PBE-UD analytical rederivation"
3,2,2,1,0,0.5,0.2,0.3,0.1,0.3,0.25,0.75,0.745,0.7,FALSE,TRUE,0.75,"exclusion",0.8,0.7,0.25,0.72,0.54,0.5,0.54,0.52,FALSE,0,"2026-08-04","Goal 3 PBE-UD analytical rederivation"
4,3,3,2,1,0.5,0.2,0.3,0.1,0.3,0.166666666666667,0.666666666666667,0.586666666666667,0.533333333333333,FALSE,TRUE,0.666666666666667,"exclusion",0.8,0.7,0.333333333333333,0.72,0.48,0.433333333333333,0.48,0.46,FALSE,0,"2026-08-04","Goal 3 PBE-UD analytical rederivation"
5,4,3,2,1,0.5,0.2,0.3,0.1,0.3,0.125,0.75,0.62,0.575,FALSE,TRUE,0.75,"exclusion",0.8,0.7,0.375,0.72,0.45,0.4,0.45,0.43,FALSE,0,"2026-08-04","Goal 3 PBE-UD analytical rederivation"
6,5,4,3,2,0.5,0.2,0.3,0.1,0.3,0.1,0.7,0.55,0.5,FALSE,TRUE,0.7,"exclusion",0.8,0.7,0.4,0.72,0.432,0.38,0.432,0.412,FALSE,0,"2026-08-04","Goal 3 PBE-UD analytical rederivation"
7,6,4,3,2,0.5,0.2,0.3,0.1,0.3,0.0833333333333333,0.75,0.578333333333333,0.533333333333333,FALSE,TRUE,0.75,"exclusion",0.8,0.7,0.416666666666667,0.72,0.42,0.366666666666667,0.42,0.4,FALSE,0,"2026-08-04","Goal 3 PBE-UD analytical rederivation"
8,7,5,4,3,0.5,0.2,0.3,0.1,0.3,0.0714285714285714,0.714285714285714,0.534285714285714,0.485714285714286,FALSE,TRUE,0.714285714285714,"exclusion",0.8,0.7,0.428571428571429,0.72,0.411428571428571,0.357142857142857,0.411428571428571,0.391428571428571,FALSE,0,"2026-08-04","Goal 3 PBE-UD analytical rederivation"
9,8,5,4,3,0.5,0.2,0.3,0.1,0.3,0.0625,0.75,0.5575,0.5125,FALSE,TRUE,0.75,"exclusion",0.8,0.7,0.4375,0.72,0.405,0.35,0.405,0.385,FALSE,0,"2026-08-04","Goal 3 PBE-UD analytical rederivation"
10,9,6,5,4,0.5,0.2,0.3,0.1,0.3,0.0555555555555556,0.722222222222222,0.525555555555556,0.477777777777778,FALSE,TRUE,0.722222222222222,"exclusion",0.8,0.7,0.444444444444444,0.72,0.4,0.344444444444444,0.4,0.38,FALSE,0,"2026-08-04","Goal 3 PBE-UD analytical rederivation"
3,2,2,1,0,0.9,0.2,0.3,0.1,0.3,0.45,0.55,0.765,0.7,FALSE,TRUE,0.765,"low_only",0.8,0.7,0.45,0.72,0.396,0.34,0.396,0.376,FALSE,0,"2026-08-04","Goal 3 PBE-UD analytical rederivation"
4,3,3,2,1,0.9,0.2,0.3,0.1,0.3,0.3,0.4,0.48,0.4,FALSE,FALSE,NA,"empty",0.8,0.7,0.6,0.72,0.288,0.22,0.288,0.268,FALSE,0,"2026-08-04","Goal 3 PBE-UD analytical rederivation"
5,4,3,2,1,0.9,0.2,0.3,0.1,0.3,0.225,0.55,0.54,0.475,FALSE,TRUE,0.55,"exclusion",0.8,0.7,0.675,0.72,0.234,0.16,0.234,0.214,FALSE,0,"2026-08-04","Goal 3 PBE-UD analytical rederivation"
6,5,4,3,2,0.9,0.2,0.3,0.1,0.3,0.18,0.46,0.414,0.34,FALSE,TRUE,0.46,"exclusion",0.8,0.7,0.72,0.72,0.2016,0.124,0.2016,0.1816,FALSE,0,"2026-08-04","Goal 3 PBE-UD analytical rederivation"
7,6,4,3,2,0.9,0.2,0.3,0.1,0.3,0.15,0.55,0.465,0.4,FALSE,TRUE,0.55,"exclusion",0.8,0.7,0.75,0.72,0.18,0.0999999999999999,0.18,0.16,FALSE,0,"2026-08-04","Goal 3 PBE-UD analytical rederivation"
8,7,5,4,3,0.9,0.2,0.3,0.1,0.3,0.128571428571429,0.485714285714286,0.385714285714286,0.314285714285714,FALSE,TRUE,0.485714285714286,"exclusion",0.8,0.7,0.771428571428571,0.72,0.164571428571429,0.0828571428571427,0.164571428571429,0.144571428571428,FALSE,0,"2026-08-04","Goal 3 PBE-UD analytical rederivation"
9,8,5,4,3,0.9,0.2,0.3,0.1,0.3,0.1125,0.55,0.4275,0.3625,FALSE,TRUE,0.55,"exclusion",0.8,0.7,0.7875,0.72,0.153,0.07,0.153,0.133,FALSE,0,"2026-08-04","Goal 3 PBE-UD analytical rederivation"
10,9,6,5,4,0.9,0.2,0.3,0.1,0.3,0.1,0.5,0.37,0.3,FALSE,TRUE,0.5,"exclusion",0.8,0.7,0.8,0.72,0.144,0.0599999999999998,0.144,0.124,FALSE,0,"2026-08-04","Goal 3 PBE-UD analytical rederivation"
3,2,2,1,0,0.2,0.05,0.6,0.1,0.6,0.1,0.9,0.865,0.4,FALSE,TRUE,0.9,"exclusion",0.95,0.4,0.1,0.855,0.7695,0.305,0.7695,0.3145,FALSE,0,"2026-08-04","Goal 3 PBE-UD analytical rederivation"
4,3,3,2,1,0.2,0.05,0.6,0.1,0.6,0.0666666666666667,0.866666666666667,0.801666666666667,0.333333333333333,FALSE,TRUE,0.866666666666667,"exclusion",0.95,0.4,0.133333333333333,0.855,0.741,0.273333333333333,0.741,0.286,FALSE,0,"2026-08-04","Goal 3 PBE-UD analytical rederivation"
5,4,3,2,1,0.2,0.05,0.6,0.1,0.6,0.05,0.9,0.815,0.35,FALSE,TRUE,0.9,"exclusion",0.95,0.4,0.15,0.855,0.72675,0.2575,0.72675,0.27175,FALSE,0,"2026-08-04","Goal 3 PBE-UD analytical rederivation"
6,5,4,3,2,0.2,0.05,0.6,0.1,0.6,0.04,0.88,0.787,0.32,FALSE,TRUE,0.88,"exclusion",0.95,0.4,0.16,0.855,0.7182,0.248,0.7182,0.2632,FALSE,0,"2026-08-04","Goal 3 PBE-UD analytical rederivation"
7,6,4,3,2,0.2,0.05,0.6,0.1,0.6,0.0333333333333333,0.9,0.798333333333333,0.333333333333333,FALSE,TRUE,0.9,"exclusion",0.95,0.4,0.166666666666667,0.855,0.7125,0.241666666666667,0.7125,0.2575,FALSE,0,"2026-08-04","Goal 3 PBE-UD analytical rederivation"
8,7,5,4,3,0.2,0.05,0.6,0.1,0.6,0.0285714285714286,0.885714285714286,0.780714285714286,0.314285714285714,FALSE,TRUE,0.885714285714286,"exclusion",0.95,0.4,0.171428571428571,0.855,0.708428571428571,0.237142857142857,0.708428571428571,0.253428571428571,FALSE,0,"2026-08-04","Goal 3 PBE-UD analytical rederivation"
9,8,5,4,3,0.2,0.05,0.6,0.1,0.6,0.025,0.9,0.79,0.325,FALSE,TRUE,0.9,"exclusion",0.95,0.4,0.175,0.855,0.705375,0.23375,0.705375,0.250375,FALSE,0,"2026-08-04","Goal 3 PBE-UD analytical rederivation"
10,9,6,5,4,0.2,0.05,0.6,0.1,0.6,0.0222222222222222,0.888888888888889,0.777222222222222,0.311111111111111,FALSE,TRUE,0.888888888888889,"exclusion",0.95,0.4,0.177777777777778,0.855,0.703,0.231111111111111,0.703,0.248,FALSE,0,"2026-08-04","Goal 3 PBE-UD analytical rederivation"
3,2,2,1,0,0.5,0.05,0.6,0.1,0.6,0.25,0.75,0.88,0.4,FALSE,TRUE,0.88,"low_only",0.95,0.4,0.25,0.855,0.64125,0.1625,0.64125,0.18625,FALSE,0,"2026-08-04","Goal 3 PBE-UD analytical rederivation"
4,3,3,2,1,0.5,0.05,0.6,0.1,0.6,0.166666666666667,0.666666666666667,0.721666666666667,0.233333333333333,FALSE,FALSE,NA,"empty",0.95,0.4,0.333333333333333,0.855,0.57,0.0833333333333334,0.57,0.115,FALSE,0,"2026-08-04","Goal 3 PBE-UD analytical rederivation"
5,4,3,2,1,0.5,0.05,0.6,0.1,0.6,0.125,0.75,0.755,0.275,FALSE,FALSE,NA,"empty",0.95,0.4,0.375,0.855,0.534375,0.0437500000000001,0.534375,0.079375,FALSE,0,"2026-08-04","Goal 3 PBE-UD analytical rederivation"
6,5,4,3,2,0.5,0.05,0.6,0.1,0.6,0.1,0.7,0.685,0.2,FALSE,TRUE,0.7,"exclusion",0.95,0.4,0.4,0.855,0.513,0.02,0.513,0.058,FALSE,0,"2026-08-04","Goal 3 PBE-UD analytical rederivation"
7,6,4,3,2,0.5,0.05,0.6,0.1,0.6,0.0833333333333333,0.75,0.713333333333333,0.233333333333333,FALSE,TRUE,0.75,"exclusion",0.95,0.4,0.416666666666667,0.855,0.49875,0.00416666666666671,0.49875,0.04375,FALSE,0,"2026-08-04","Goal 3 PBE-UD analytical rederivation"
8,7,5,4,3,0.5,0.05,0.6,0.1,0.6,0.0714285714285714,0.714285714285714,0.669285714285714,0.185714285714286,FALSE,TRUE,0.714285714285714,"exclusion",0.95,0.4,0.428571428571429,0.855,0.488571428571428,-0.00714285714285706,0.488571428571428,0.0335714285714286,FALSE,0,"2026-08-04","Goal 3 PBE-UD analytical rederivation"
9,8,5,4,3,0.5,0.05,0.6,0.1,0.6,0.0625,0.75,0.6925,0.2125,FALSE,TRUE,0.75,"exclusion",0.95,0.4,0.4375,0.855,0.4809375,-0.0156249999999999,0.4809375,0.0259375000000001,FALSE,0,"2026-08-04","Goal 3 PBE-UD analytical rederivation"
10,9,6,5,4,0.5,0.05,0.6,0.1,0.6,0.0555555555555556,0.722222222222222,0.660555555555556,0.177777777777778,FALSE,TRUE,0.722222222222222,"exclusion",0.95,0.4,0.444444444444444,0.855,0.475,-0.0222222222222221,0.475,0.0200000000000001,FALSE,0,"2026-08-04","Goal 3 PBE-UD analytical rederivation"
3,2,2,1,0,0.9,0.05,0.6,0.1,0.6,0.45,0.55,0.9,0.4,FALSE,TRUE,0.9,"low_only",0.95,0.4,0.45,0.855,0.47025,-0.0275,0.47025,0.01525,FALSE,0,"2026-08-04","Goal 3 PBE-UD analytical rederivation"
4,3,3,2,1,0.9,0.05,0.6,0.1,0.6,0.3,0.4,0.615,0.1,FALSE,FALSE,NA,"empty",0.95,0.4,0.6,0.855,0.342,-0.17,0.342,-0.113,FALSE,0,"2026-08-04","Goal 3 PBE-UD analytical rederivation"
5,4,3,2,1,0.9,0.05,0.6,0.1,0.6,0.225,0.55,0.675,0.175,FALSE,FALSE,NA,"empty",0.95,0.4,0.675,0.855,0.277875,-0.24125,0.277875,-0.177125,FALSE,0,"2026-08-04","Goal 3 PBE-UD analytical rederivation"
6,5,4,3,2,0.9,0.05,0.6,0.1,0.6,0.18,0.46,0.549,0.04,FALSE,FALSE,NA,"empty",0.95,0.4,0.72,0.855,0.2394,-0.284,0.2394,-0.2156,FALSE,0,"2026-08-04","Goal 3 PBE-UD analytical rederivation"
7,6,4,3,2,0.9,0.05,0.6,0.1,0.6,0.15,0.55,0.6,0.1,FALSE,FALSE,NA,"empty",0.95,0.4,0.75,0.855,0.21375,-0.3125,0.21375,-0.24125,FALSE,0,"2026-08-04","Goal 3 PBE-UD analytical rederivation"
8,7,5,4,3,0.9,0.05,0.6,0.1,0.6,0.128571428571429,0.485714285714286,0.520714285714286,0.0142857142857142,FALSE,FALSE,NA,"empty",0.95,0.4,0.771428571428571,0.855,0.195428571428571,-0.332857142857143,0.195428571428571,-0.259571428571429,FALSE,0,"2026-08-04","Goal 3 PBE-UD analytical rederivation"
9,8,5,4,3,0.9,0.05,0.6,0.1,0.6,0.1125,0.55,0.5625,0.0625,FALSE,FALSE,NA,"empty",0.95,0.4,0.7875,0.855,0.1816875,-0.348125,0.1816875,-0.2733125,FALSE,0,"2026-08-04","Goal 3 PBE-UD analytical rederivation"
10,9,6,5,4,0.9,0.05,0.6,0.1,0.6,0.1,0.5,0.505,0,FALSE,FALSE,NA,"empty",0.95,0.4,0.8,0.855,0.171,-0.36,0.171,-0.284,FALSE,0,"2026-08-04","Goal 3 PBE-UD analytical rederivation"
3,2,2,1,0,0.2,0.2,0.6,0.1,0.6,0.1,0.9,0.73,0.4,FALSE,TRUE,0.9,"exclusion",0.8,0.4,0.1,0.72,0.648,0.32,0.648,0.328,FALSE,0,"2026-08-04","Goal 3 PBE-UD analytical rederivation"
4,3,3,2,1,0.2,0.2,0.6,0.1,0.6,0.0666666666666667,0.866666666666667,0.666666666666667,0.333333333333333,FALSE,TRUE,0.866666666666667,"exclusion",0.8,0.4,0.133333333333333,0.72,0.624,0.293333333333333,0.624,0.304,FALSE,0,"2026-08-04","Goal 3 PBE-UD analytical rederivation"
5,4,3,2,1,0.2,0.2,0.6,0.1,0.6,0.05,0.9,0.68,0.35,FALSE,TRUE,0.9,"exclusion",0.8,0.4,0.15,0.72,0.612,0.28,0.612,0.292,FALSE,0,"2026-08-04","Goal 3 PBE-UD analytical rederivation"
6,5,4,3,2,0.2,0.2,0.6,0.1,0.6,0.04,0.88,0.652,0.32,FALSE,TRUE,0.88,"exclusion",0.8,0.4,0.16,0.72,0.6048,0.272,0.6048,0.2848,FALSE,0,"2026-08-04","Goal 3 PBE-UD analytical rederivation"
7,6,4,3,2,0.2,0.2,0.6,0.1,0.6,0.0333333333333333,0.9,0.663333333333333,0.333333333333333,FALSE,TRUE,0.9,"exclusion",0.8,0.4,0.166666666666667,0.72,0.6,0.266666666666667,0.6,0.28,FALSE,0,"2026-08-04","Goal 3 PBE-UD analytical rederivation"
8,7,5,4,3,0.2,0.2,0.6,0.1,0.6,0.0285714285714286,0.885714285714286,0.645714285714286,0.314285714285714,FALSE,TRUE,0.885714285714286,"exclusion",0.8,0.4,0.171428571428571,0.72,0.596571428571429,0.262857142857143,0.596571428571429,0.276571428571429,FALSE,0,"2026-08-04","Goal 3 PBE-UD analytical rederivation"
9,8,5,4,3,0.2,0.2,0.6,0.1,0.6,0.025,0.9,0.655,0.325,FALSE,TRUE,0.9,"exclusion",0.8,0.4,0.175,0.72,0.594,0.26,0.594,0.274,FALSE,0,"2026-08-04","Goal 3 PBE-UD analytical rederivation"
10,9,6,5,4,0.2,0.2,0.6,0.1,0.6,0.0222222222222222,0.888888888888889,0.642222222222222,0.311111111111111,FALSE,TRUE,0.888888888888889,"exclusion",0.8,0.4,0.177777777777778,0.72,0.592,0.257777777777778,0.592,0.272,FALSE,0,"2026-08-04","Goal 3 PBE-UD analytical rederivation"
3,2,2,1,0,0.5,0.2,0.6,0.1,0.6,0.25,0.75,0.745,0.4,FALSE,TRUE,0.75,"exclusion",0.8,0.4,0.25,0.72,0.54,0.2,0.54,0.22,FALSE,0,"2026-08-04","Goal 3 PBE-UD analytical rederivation"
4,3,3,2,1,0.5,0.2,0.6,0.1,0.6,0.166666666666667,0.666666666666667,0.586666666666667,0.233333333333333,FALSE,TRUE,0.666666666666667,"exclusion",0.8,0.4,0.333333333333333,0.72,0.48,0.133333333333333,0.48,0.16,FALSE,0,"2026-08-04","Goal 3 PBE-UD analytical rederivation"
5,4,3,2,1,0.5,0.2,0.6,0.1,0.6,0.125,0.75,0.62,0.275,FALSE,TRUE,0.75,"exclusion",0.8,0.4,0.375,0.72,0.45,0.1,0.45,0.13,FALSE,0,"2026-08-04","Goal 3 PBE-UD analytical rederivation"
6,5,4,3,2,0.5,0.2,0.6,0.1,0.6,0.1,0.7,0.55,0.2,FALSE,TRUE,0.7,"exclusion",0.8,0.4,0.4,0.72,0.432,0.08,0.432,0.112,FALSE,0,"2026-08-04","Goal 3 PBE-UD analytical rederivation"
7,6,4,3,2,0.5,0.2,0.6,0.1,0.6,0.0833333333333333,0.75,0.578333333333333,0.233333333333333,FALSE,TRUE,0.75,"exclusion",0.8,0.4,0.416666666666667,0.72,0.42,0.0666666666666667,0.42,0.1,FALSE,0,"2026-08-04","Goal 3 PBE-UD analytical rederivation"
8,7,5,4,3,0.5,0.2,0.6,0.1,0.6,0.0714285714285714,0.714285714285714,0.534285714285714,0.185714285714286,FALSE,TRUE,0.714285714285714,"exclusion",0.8,0.4,0.428571428571429,0.72,0.411428571428571,0.0571428571428572,0.411428571428571,0.0914285714285714,FALSE,0,"2026-08-04","Goal 3 PBE-UD analytical rederivation"
9,8,5,4,3,0.5,0.2,0.6,0.1,0.6,0.0625,0.75,0.5575,0.2125,FALSE,TRUE,0.75,"exclusion",0.8,0.4,0.4375,0.72,0.405,0.05,0.405,0.085,FALSE,0,"2026-08-04","Goal 3 PBE-UD analytical rederivation"
10,9,6,5,4,0.5,0.2,0.6,0.1,0.6,0.0555555555555556,0.722222222222222,0.525555555555556,0.177777777777778,FALSE,TRUE,0.722222222222222,"exclusion",0.8,0.4,0.444444444444444,0.72,0.4,0.0444444444444445,0.4,0.08,FALSE,0,"2026-08-04","Goal 3 PBE-UD analytical rederivation"
3,2,2,1,0,0.9,0.2,0.6,0.1,0.6,0.45,0.55,0.765,0.4,FALSE,TRUE,0.765,"low_only",0.8,0.4,0.45,0.72,0.396,0.04,0.396,0.076,FALSE,0,"2026-08-04","Goal 3 PBE-UD analytical rederivation"
4,3,3,2,1,0.9,0.2,0.6,0.1,0.6,0.3,0.4,0.48,0.1,FALSE,FALSE,NA,"empty",0.8,0.4,0.6,0.72,0.288,-0.08,0.288,-0.032,FALSE,0,"2026-08-04","Goal 3 PBE-UD analytical rederivation"
5,4,3,2,1,0.9,0.2,0.6,0.1,0.6,0.225,0.55,0.54,0.175,FALSE,TRUE,0.55,"exclusion",0.8,0.4,0.675,0.72,0.234,-0.14,0.234,-0.0860000000000001,FALSE,0,"2026-08-04","Goal 3 PBE-UD analytical rederivation"
6,5,4,3,2,0.9,0.2,0.6,0.1,0.6,0.18,0.46,0.414,0.04,FALSE,TRUE,0.46,"exclusion",0.8,0.4,0.72,0.72,0.2016,-0.176,0.2016,-0.1184,FALSE,0,"2026-08-04","Goal 3 PBE-UD analytical rederivation"
7,6,4,3,2,0.9,0.2,0.6,0.1,0.6,0.15,0.55,0.465,0.1,FALSE,TRUE,0.55,"exclusion",0.8,0.4,0.75,0.72,0.18,-0.2,0.18,-0.14,FALSE,0,"2026-08-04","Goal 3 PBE-UD analytical rederivation"
8,7,5,4,3,0.9,0.2,0.6,0.1,0.6,0.128571428571429,0.485714285714286,0.385714285714286,0.0142857142857142,FALSE,TRUE,0.485714285714286,"exclusion",0.8,0.4,0.771428571428571,0.72,0.164571428571429,-0.217142857142857,0.164571428571429,-0.155428571428571,FALSE,0,"2026-08-04","Goal 3 PBE-UD analytical rederivation"
9,8,5,4,3,0.9,0.2,0.6,0.1,0.6,0.1125,0.55,0.4275,0.0625,FALSE,TRUE,0.55,"exclusion",0.8,0.4,0.7875,0.72,0.153,-0.23,0.153,-0.167,FALSE,0,"2026-08-04","Goal 3 PBE-UD analytical rederivation"
10,9,6,5,4,0.9,0.2,0.6,0.1,0.6,0.1,0.5,0.37,0,FALSE,TRUE,0.5,"exclusion",0.8,0.4,0.8,0.72,0.144,-0.24,0.144,-0.176,FALSE,0,"2026-08-04","Goal 3 PBE-UD analytical rederivation"
3,2,2,1,0,0.2,0.5,0.6,0.1,0.6,0.1,0.9,0.46,0.4,FALSE,TRUE,0.9,"exclusion",0.5,0.4,0.1,0.45,0.405,0.35,0.405,0.355,FALSE,0,"2026-08-04","Goal 3 PBE-UD analytical rederivation"
4,3,3,2,1,0.2,0.5,0.6,0.1,0.6,0.0666666666666667,0.866666666666667,0.396666666666667,0.333333333333333,FALSE,TRUE,0.866666666666667,"exclusion",0.5,0.4,0.133333333333333,0.45,0.39,0.333333333333333,0.39,0.34,FALSE,0,"2026-08-04","Goal 3 PBE-UD analytical rederivation"
5,4,3,2,1,0.2,0.5,0.6,0.1,0.6,0.05,0.9,0.41,0.35,FALSE,TRUE,0.9,"exclusion",0.5,0.4,0.15,0.45,0.3825,0.325,0.3825,0.3325,FALSE,0,"2026-08-04","Goal 3 PBE-UD analytical rederivation"
6,5,4,3,2,0.2,0.5,0.6,0.1,0.6,0.04,0.88,0.382,0.32,FALSE,TRUE,0.88,"exclusion",0.5,0.4,0.16,0.45,0.378,0.32,0.378,0.328,FALSE,0,"2026-08-04","Goal 3 PBE-UD analytical rederivation"
7,6,4,3,2,0.2,0.5,0.6,0.1,0.6,0.0333333333333333,0.9,0.393333333333333,0.333333333333333,FALSE,TRUE,0.9,"exclusion",0.5,0.4,0.166666666666667,0.45,0.375,0.316666666666667,0.375,0.325,FALSE,0,"2026-08-04","Goal 3 PBE-UD analytical rederivation"
8,7,5,4,3,0.2,0.5,0.6,0.1,0.6,0.0285714285714286,0.885714285714286,0.375714285714286,0.314285714285714,FALSE,TRUE,0.885714285714286,"exclusion",0.5,0.4,0.171428571428571,0.45,0.372857142857143,0.314285714285714,0.372857142857143,0.322857142857143,FALSE,0,"2026-08-04","Goal 3 PBE-UD analytical rederivation"
9,8,5,4,3,0.2,0.5,0.6,0.1,0.6,0.025,0.9,0.385,0.325,FALSE,TRUE,0.9,"exclusion",0.5,0.4,0.175,0.45,0.37125,0.3125,0.37125,0.32125,FALSE,0,"2026-08-04","Goal 3 PBE-UD analytical rederivation"
10,9,6,5,4,0.2,0.5,0.6,0.1,0.6,0.0222222222222222,0.888888888888889,0.372222222222222,0.311111111111111,FALSE,TRUE,0.888888888888889,"exclusion",0.5,0.4,0.177777777777778,0.45,0.37,0.311111111111111,0.37,0.32,FALSE,0,"2026-08-04","Goal 3 PBE-UD analytical rederivation"
3,2,2,1,0,0.5,0.5,0.6,0.1,0.6,0.25,0.75,0.475,0.4,FALSE,TRUE,0.75,"exclusion",0.5,0.4,0.25,0.45,0.3375,0.275,0.3375,0.2875,FALSE,0,"2026-08-04","Goal 3 PBE-UD analytical rederivation"
4,3,3,2,1,0.5,0.5,0.6,0.1,0.6,0.166666666666667,0.666666666666667,0.316666666666667,0.233333333333333,FALSE,TRUE,0.666666666666667,"exclusion",0.5,0.4,0.333333333333333,0.45,0.3,0.233333333333333,0.3,0.25,FALSE,0,"2026-08-04","Goal 3 PBE-UD analytical rederivation"
5,4,3,2,1,0.5,0.5,0.6,0.1,0.6,0.125,0.75,0.35,0.275,FALSE,TRUE,0.75,"exclusion",0.5,0.4,0.375,0.45,0.28125,0.2125,0.28125,0.23125,FALSE,0,"2026-08-04","Goal 3 PBE-UD analytical rederivation"
6,5,4,3,2,0.5,0.5,0.6,0.1,0.6,0.1,0.7,0.28,0.2,FALSE,TRUE,0.7,"exclusion",0.5,0.4,0.4,0.45,0.27,0.2,0.27,0.22,FALSE,0,"2026-08-04","Goal 3 PBE-UD analytical rederivation"
7,6,4,3,2,0.5,0.5,0.6,0.1,0.6,0.0833333333333333,0.75,0.308333333333333,0.233333333333333,FALSE,TRUE,0.75,"exclusion",0.5,0.4,0.416666666666667,0.45,0.2625,0.191666666666667,0.2625,0.2125,FALSE,0,"2026-08-04","Goal 3 PBE-UD analytical rederivation"
8,7,5,4,3,0.5,0.5,0.6,0.1,0.6,0.0714285714285714,0.714285714285714,0.264285714285714,0.185714285714286,FALSE,TRUE,0.714285714285714,"exclusion",0.5,0.4,0.428571428571429,0.45,0.257142857142857,0.185714285714286,0.257142857142857,0.207142857142857,FALSE,0,"2026-08-04","Goal 3 PBE-UD analytical rederivation"
9,8,5,4,3,0.5,0.5,0.6,0.1,0.6,0.0625,0.75,0.2875,0.2125,FALSE,TRUE,0.75,"exclusion",0.5,0.4,0.4375,0.45,0.253125,0.18125,0.253125,0.203125,FALSE,0,"2026-08-04","Goal 3 PBE-UD analytical rederivation"
10,9,6,5,4,0.5,0.5,0.6,0.1,0.6,0.0555555555555556,0.722222222222222,0.255555555555556,0.177777777777778,FALSE,TRUE,0.722222222222222,"exclusion",0.5,0.4,0.444444444444444,0.45,0.25,0.177777777777778,0.25,0.2,FALSE,0,"2026-08-04","Goal 3 PBE-UD analytical rederivation"
3,2,2,1,0,0.9,0.5,0.6,0.1,0.6,0.45,0.55,0.495,0.4,FALSE,TRUE,0.55,"exclusion",0.5,0.4,0.45,0.45,0.2475,0.175,0.2475,0.1975,FALSE,0,"2026-08-04","Goal 3 PBE-UD analytical rederivation"
4,3,3,2,1,0.9,0.5,0.6,0.1,0.6,0.3,0.4,0.21,0.1,FALSE,TRUE,0.4,"exclusion",0.5,0.4,0.6,0.45,0.18,0.1,0.18,0.13,FALSE,0,"2026-08-04","Goal 3 PBE-UD analytical rederivation"
5,4,3,2,1,0.9,0.5,0.6,0.1,0.6,0.225,0.55,0.27,0.175,FALSE,TRUE,0.55,"exclusion",0.5,0.4,0.675,0.45,0.14625,0.0625,0.14625,0.09625,FALSE,0,"2026-08-04","Goal 3 PBE-UD analytical rederivation"
6,5,4,3,2,0.9,0.5,0.6,0.1,0.6,0.18,0.46,0.144,0.04,FALSE,TRUE,0.46,"exclusion",0.5,0.4,0.72,0.45,0.126,0.04,0.126,0.076,FALSE,0,"2026-08-04","Goal 3 PBE-UD analytical rederivation"
7,6,4,3,2,0.9,0.5,0.6,0.1,0.6,0.15,0.55,0.195,0.1,FALSE,TRUE,0.55,"exclusion",0.5,0.4,0.75,0.45,0.1125,0.025,0.1125,0.0625,FALSE,0,"2026-08-04","Goal 3 PBE-UD analytical rederivation"
8,7,5,4,3,0.9,0.5,0.6,0.1,0.6,0.128571428571429,0.485714285714286,0.115714285714286,0.0142857142857142,FALSE,TRUE,0.485714285714286,"exclusion",0.5,0.4,0.771428571428571,0.45,0.102857142857143,0.0142857142857143,0.102857142857143,0.0528571428571429,FALSE,0,"2026-08-04","Goal 3 PBE-UD analytical rederivation"
9,8,5,4,3,0.9,0.5,0.6,0.1,0.6,0.1125,0.55,0.1575,0.0625,FALSE,TRUE,0.55,"exclusion",0.5,0.4,0.7875,0.45,0.095625,0.00625000000000003,0.095625,0.045625,FALSE,0,"2026-08-04","Goal 3 PBE-UD analytical rederivation"
10,9,6,5,4,0.9,0.5,0.6,0.1,0.6,0.1,0.5,0.1,0,FALSE,TRUE,0.5,"exclusion",0.5,0.4,0.8,0.45,0.09,0,0.09,0.04,FALSE,0,"2026-08-04","Goal 3 PBE-UD analytical rederivation"
3,2,2,1,0,0.2,0.05,0.9,0.1,0.9,0.1,0.9,0.865,0.1,FALSE,TRUE,0.9,"exclusion",0.95,0.1,0.1,0.855,0.7695,0.00499999999999998,0.7695,0.0145,FALSE,0,"2026-08-04","Goal 3 PBE-UD analytical rederivation"
4,3,3,2,1,0.2,0.05,0.9,0.1,0.9,0.0666666666666667,0.866666666666667,0.801666666666667,0.0333333333333333,FALSE,TRUE,0.866666666666667,"exclusion",0.95,0.1,0.133333333333333,0.855,0.741,-0.0266666666666667,0.741,-0.014,FALSE,0,"2026-08-04","Goal 3 PBE-UD analytical rederivation"
5,4,3,2,1,0.2,0.05,0.9,0.1,0.9,0.05,0.9,0.815,0.05,FALSE,TRUE,0.9,"exclusion",0.95,0.1,0.15,0.855,0.72675,-0.0425,0.72675,-0.02825,FALSE,0,"2026-08-04","Goal 3 PBE-UD analytical rederivation"
6,5,4,3,2,0.2,0.05,0.9,0.1,0.9,0.04,0.88,0.787,0.02,FALSE,TRUE,0.88,"exclusion",0.95,0.1,0.16,0.855,0.7182,-0.052,0.7182,-0.0368,FALSE,0,"2026-08-04","Goal 3 PBE-UD analytical rederivation"
7,6,4,3,2,0.2,0.05,0.9,0.1,0.9,0.0333333333333333,0.9,0.798333333333333,0.0333333333333333,FALSE,TRUE,0.9,"exclusion",0.95,0.1,0.166666666666667,0.855,0.7125,-0.0583333333333333,0.7125,-0.0425,FALSE,0,"2026-08-04","Goal 3 PBE-UD analytical rederivation"
8,7,5,4,3,0.2,0.05,0.9,0.1,0.9,0.0285714285714286,0.885714285714286,0.780714285714286,0.0142857142857143,FALSE,TRUE,0.885714285714286,"exclusion",0.95,0.1,0.171428571428571,0.855,0.708428571428571,-0.0628571428571429,0.708428571428571,-0.0465714285714286,FALSE,0,"2026-08-04","Goal 3 PBE-UD analytical rederivation"
9,8,5,4,3,0.2,0.05,0.9,0.1,0.9,0.025,0.9,0.79,0.025,FALSE,TRUE,0.9,"exclusion",0.95,0.1,0.175,0.855,0.705375,-0.06625,0.705375,-0.049625,FALSE,0,"2026-08-04","Goal 3 PBE-UD analytical rederivation"
10,9,6,5,4,0.2,0.05,0.9,0.1,0.9,0.0222222222222222,0.888888888888889,0.777222222222222,0.0111111111111111,FALSE,TRUE,0.888888888888889,"exclusion",0.95,0.1,0.177777777777778,0.855,0.703,-0.0688888888888889,0.703,-0.052,FALSE,0,"2026-08-04","Goal 3 PBE-UD analytical rederivation"
3,2,2,1,0,0.5,0.05,0.9,0.1,0.9,0.25,0.75,0.88,0.1,FALSE,TRUE,0.88,"low_only",0.95,0.1,0.25,0.855,0.64125,-0.1375,0.64125,-0.11375,FALSE,0,"2026-08-04","Goal 3 PBE-UD analytical rederivation"
4,3,3,2,1,0.5,0.05,0.9,0.1,0.9,0.166666666666667,0.666666666666667,0.721666666666667,-0.0666666666666667,FALSE,FALSE,NA,"empty",0.95,0.1,0.333333333333333,0.855,0.57,-0.216666666666667,0.57,-0.185,FALSE,0,"2026-08-04","Goal 3 PBE-UD analytical rederivation"
5,4,3,2,1,0.5,0.05,0.9,0.1,0.9,0.125,0.75,0.755,-0.025,FALSE,FALSE,NA,"empty",0.95,0.1,0.375,0.855,0.534375,-0.25625,0.534375,-0.220625,FALSE,0,"2026-08-04","Goal 3 PBE-UD analytical rederivation"
6,5,4,3,2,0.5,0.05,0.9,0.1,0.9,0.1,0.7,0.685,-0.1,FALSE,TRUE,0.7,"exclusion",0.95,0.1,0.4,0.855,0.513,-0.28,0.513,-0.242,FALSE,0,"2026-08-04","Goal 3 PBE-UD analytical rederivation"
7,6,4,3,2,0.5,0.05,0.9,0.1,0.9,0.0833333333333333,0.75,0.713333333333333,-0.0666666666666667,FALSE,TRUE,0.75,"exclusion",0.95,0.1,0.416666666666667,0.855,0.49875,-0.295833333333333,0.49875,-0.25625,FALSE,0,"2026-08-04","Goal 3 PBE-UD analytical rederivation"
8,7,5,4,3,0.5,0.05,0.9,0.1,0.9,0.0714285714285714,0.714285714285714,0.669285714285714,-0.114285714285714,FALSE,TRUE,0.714285714285714,"exclusion",0.95,0.1,0.428571428571429,0.855,0.488571428571428,-0.307142857142857,0.488571428571428,-0.266428571428571,FALSE,0,"2026-08-04","Goal 3 PBE-UD analytical rederivation"
9,8,5,4,3,0.5,0.05,0.9,0.1,0.9,0.0625,0.75,0.6925,-0.0875,FALSE,TRUE,0.75,"exclusion",0.95,0.1,0.4375,0.855,0.4809375,-0.315625,0.4809375,-0.2740625,FALSE,0,"2026-08-04","Goal 3 PBE-UD analytical rederivation"
10,9,6,5,4,0.5,0.05,0.9,0.1,0.9,0.0555555555555556,0.722222222222222,0.660555555555556,-0.122222222222222,FALSE,TRUE,0.722222222222222,"exclusion",0.95,0.1,0.444444444444444,0.855,0.475,-0.322222222222222,0.475,-0.28,FALSE,0,"2026-08-04","Goal 3 PBE-UD analytical rederivation"
3,2,2,1,0,0.9,0.05,0.9,0.1,0.9,0.45,0.55,0.9,0.1,FALSE,TRUE,0.9,"low_only",0.95,0.1,0.45,0.855,0.47025,-0.3275,0.47025,-0.28475,FALSE,0,"2026-08-04","Goal 3 PBE-UD analytical rederivation"
4,3,3,2,1,0.9,0.05,0.9,0.1,0.9,0.3,0.4,0.615,-0.2,FALSE,FALSE,NA,"empty",0.95,0.1,0.6,0.855,0.342,-0.47,0.342,-0.413,FALSE,0,"2026-08-04","Goal 3 PBE-UD analytical rederivation"
5,4,3,2,1,0.9,0.05,0.9,0.1,0.9,0.225,0.55,0.675,-0.125,FALSE,FALSE,NA,"empty",0.95,0.1,0.675,0.855,0.277875,-0.54125,0.277875,-0.477125,FALSE,0,"2026-08-04","Goal 3 PBE-UD analytical rederivation"
6,5,4,3,2,0.9,0.05,0.9,0.1,0.9,0.18,0.46,0.549,-0.26,FALSE,FALSE,NA,"empty",0.95,0.1,0.72,0.855,0.2394,-0.584,0.2394,-0.5156,FALSE,0,"2026-08-04","Goal 3 PBE-UD analytical rederivation"
7,6,4,3,2,0.9,0.05,0.9,0.1,0.9,0.15,0.55,0.6,-0.2,FALSE,FALSE,NA,"empty",0.95,0.1,0.75,0.855,0.21375,-0.6125,0.21375,-0.54125,FALSE,0,"2026-08-04","Goal 3 PBE-UD analytical rederivation"
8,7,5,4,3,0.9,0.05,0.9,0.1,0.9,0.128571428571429,0.485714285714286,0.520714285714286,-0.285714285714286,FALSE,FALSE,NA,"empty",0.95,0.1,0.771428571428571,0.855,0.195428571428571,-0.632857142857143,0.195428571428571,-0.559571428571429,FALSE,0,"2026-08-04","Goal 3 PBE-UD analytical rederivation"
9,8,5,4,3,0.9,0.05,0.9,0.1,0.9,0.1125,0.55,0.5625,-0.2375,FALSE,FALSE,NA,"empty",0.95,0.1,0.7875,0.855,0.1816875,-0.648125,0.1816875,-0.5733125,FALSE,0,"2026-08-04","Goal 3 PBE-UD analytical rederivation"
10,9,6,5,4,0.9,0.05,0.9,0.1,0.9,0.1,0.5,0.505,-0.3,FALSE,FALSE,NA,"empty",0.95,0.1,0.8,0.855,0.171,-0.66,0.171,-0.584,FALSE,0,"2026-08-04","Goal 3 PBE-UD analytical rederivation"
3,2,2,1,0,0.2,0.2,0.9,0.1,0.9,0.1,0.9,0.73,0.1,FALSE,TRUE,0.9,"exclusion",0.8,0.1,0.1,0.72,0.648,0.02,0.648,0.028,FALSE,0,"2026-08-04","Goal 3 PBE-UD analytical rederivation"
4,3,3,2,1,0.2,0.2,0.9,0.1,0.9,0.0666666666666667,0.866666666666667,0.666666666666667,0.0333333333333333,FALSE,TRUE,0.866666666666667,"exclusion",0.8,0.1,0.133333333333333,0.72,0.624,-0.0066666666666667,0.624,0.00399999999999996,FALSE,0,"2026-08-04","Goal 3 PBE-UD analytical rederivation"
5,4,3,2,1,0.2,0.2,0.9,0.1,0.9,0.05,0.9,0.68,0.05,FALSE,TRUE,0.9,"exclusion",0.8,0.1,0.15,0.72,0.612,-0.02,0.612,-0.00800000000000005,FALSE,0,"2026-08-04","Goal 3 PBE-UD analytical rederivation"
6,5,4,3,2,0.2,0.2,0.9,0.1,0.9,0.04,0.88,0.652,0.02,FALSE,TRUE,0.88,"exclusion",0.8,0.1,0.16,0.72,0.6048,-0.028,0.6048,-0.0152,FALSE,0,"2026-08-04","Goal 3 PBE-UD analytical rederivation"
7,6,4,3,2,0.2,0.2,0.9,0.1,0.9,0.0333333333333333,0.9,0.663333333333333,0.0333333333333333,FALSE,TRUE,0.9,"exclusion",0.8,0.1,0.166666666666667,0.72,0.6,-0.0333333333333334,0.6,-0.02,FALSE,0,"2026-08-04","Goal 3 PBE-UD analytical rederivation"
8,7,5,4,3,0.2,0.2,0.9,0.1,0.9,0.0285714285714286,0.885714285714286,0.645714285714286,0.0142857142857143,FALSE,TRUE,0.885714285714286,"exclusion",0.8,0.1,0.171428571428571,0.72,0.596571428571429,-0.0371428571428572,0.596571428571429,-0.0234285714285715,FALSE,0,"2026-08-04","Goal 3 PBE-UD analytical rederivation"
9,8,5,4,3,0.2,0.2,0.9,0.1,0.9,0.025,0.9,0.655,0.025,FALSE,TRUE,0.9,"exclusion",0.8,0.1,0.175,0.72,0.594,-0.04,0.594,-0.026,FALSE,0,"2026-08-04","Goal 3 PBE-UD analytical rederivation"
10,9,6,5,4,0.2,0.2,0.9,0.1,0.9,0.0222222222222222,0.888888888888889,0.642222222222222,0.0111111111111111,FALSE,TRUE,0.888888888888889,"exclusion",0.8,0.1,0.177777777777778,0.72,0.592,-0.0422222222222222,0.592,-0.0280000000000001,FALSE,0,"2026-08-04","Goal 3 PBE-UD analytical rederivation"
3,2,2,1,0,0.5,0.2,0.9,0.1,0.9,0.25,0.75,0.745,0.1,FALSE,TRUE,0.75,"exclusion",0.8,0.1,0.25,0.72,0.54,-0.1,0.54,-0.08,FALSE,0,"2026-08-04","Goal 3 PBE-UD analytical rederivation"
4,3,3,2,1,0.5,0.2,0.9,0.1,0.9,0.166666666666667,0.666666666666667,0.586666666666667,-0.0666666666666667,FALSE,TRUE,0.666666666666667,"exclusion",0.8,0.1,0.333333333333333,0.72,0.48,-0.166666666666667,0.48,-0.14,FALSE,0,"2026-08-04","Goal 3 PBE-UD analytical rederivation"
5,4,3,2,1,0.5,0.2,0.9,0.1,0.9,0.125,0.75,0.62,-0.025,FALSE,TRUE,0.75,"exclusion",0.8,0.1,0.375,0.72,0.45,-0.2,0.45,-0.17,FALSE,0,"2026-08-04","Goal 3 PBE-UD analytical rederivation"
6,5,4,3,2,0.5,0.2,0.9,0.1,0.9,0.1,0.7,0.55,-0.1,FALSE,TRUE,0.7,"exclusion",0.8,0.1,0.4,0.72,0.432,-0.22,0.432,-0.188,FALSE,0,"2026-08-04","Goal 3 PBE-UD analytical rederivation"
7,6,4,3,2,0.5,0.2,0.9,0.1,0.9,0.0833333333333333,0.75,0.578333333333333,-0.0666666666666667,FALSE,TRUE,0.75,"exclusion",0.8,0.1,0.416666666666667,0.72,0.42,-0.233333333333333,0.42,-0.2,FALSE,0,"2026-08-04","Goal 3 PBE-UD analytical rederivation"
8,7,5,4,3,0.5,0.2,0.9,0.1,0.9,0.0714285714285714,0.714285714285714,0.534285714285714,-0.114285714285714,FALSE,TRUE,0.714285714285714,"exclusion",0.8,0.1,0.428571428571429,0.72,0.411428571428571,-0.242857142857143,0.411428571428571,-0.208571428571429,FALSE,0,"2026-08-04","Goal 3 PBE-UD analytical rederivation"
9,8,5,4,3,0.5,0.2,0.9,0.1,0.9,0.0625,0.75,0.5575,-0.0875,FALSE,TRUE,0.75,"exclusion",0.8,0.1,0.4375,0.72,0.405,-0.25,0.405,-0.215,FALSE,0,"2026-08-04","Goal 3 PBE-UD analytical rederivation"
10,9,6,5,4,0.5,0.2,0.9,0.1,0.9,0.0555555555555556,0.722222222222222,0.525555555555556,-0.122222222222222,FALSE,TRUE,0.722222222222222,"exclusion",0.8,0.1,0.444444444444444,0.72,0.4,-0.255555555555556,0.4,-0.22,FALSE,0,"2026-08-04","Goal 3 PBE-UD analytical rederivation"
3,2,2,1,0,0.9,0.2,0.9,0.1,0.9,0.45,0.55,0.765,0.1,FALSE,TRUE,0.765,"low_only",0.8,0.1,0.45,0.72,0.396,-0.26,0.396,-0.224,FALSE,0,"2026-08-04","Goal 3 PBE-UD analytical rederivation"
4,3,3,2,1,0.9,0.2,0.9,0.1,0.9,0.3,0.4,0.48,-0.2,FALSE,FALSE,NA,"empty",0.8,0.1,0.6,0.72,0.288,-0.38,0.288,-0.332,FALSE,0,"2026-08-04","Goal 3 PBE-UD analytical rederivation"
5,4,3,2,1,0.9,0.2,0.9,0.1,0.9,0.225,0.55,0.54,-0.125,FALSE,TRUE,0.55,"exclusion",0.8,0.1,0.675,0.72,0.234,-0.44,0.234,-0.386,FALSE,0,"2026-08-04","Goal 3 PBE-UD analytical rederivation"
6,5,4,3,2,0.9,0.2,0.9,0.1,0.9,0.18,0.46,0.414,-0.26,FALSE,TRUE,0.46,"exclusion",0.8,0.1,0.72,0.72,0.2016,-0.476,0.2016,-0.4184,FALSE,0,"2026-08-04","Goal 3 PBE-UD analytical rederivation"
7,6,4,3,2,0.9,0.2,0.9,0.1,0.9,0.15,0.55,0.465,-0.2,FALSE,TRUE,0.55,"exclusion",0.8,0.1,0.75,0.72,0.18,-0.5,0.18,-0.44,FALSE,0,"2026-08-04","Goal 3 PBE-UD analytical rederivation"
8,7,5,4,3,0.9,0.2,0.9,0.1,0.9,0.128571428571429,0.485714285714286,0.385714285714286,-0.285714285714286,FALSE,TRUE,0.485714285714286,"exclusion",0.8,0.1,0.771428571428571,0.72,0.164571428571429,-0.517142857142857,0.164571428571429,-0.455428571428572,FALSE,0,"2026-08-04","Goal 3 PBE-UD analytical rederivation"
9,8,5,4,3,0.9,0.2,0.9,0.1,0.9,0.1125,0.55,0.4275,-0.2375,FALSE,TRUE,0.55,"exclusion",0.8,0.1,0.7875,0.72,0.153,-0.53,0.153,-0.467,FALSE,0,"2026-08-04","Goal 3 PBE-UD analytical rederivation"
10,9,6,5,4,0.9,0.2,0.9,0.1,0.9,0.1,0.5,0.37,-0.3,FALSE,TRUE,0.5,"exclusion",0.8,0.1,0.8,0.72,0.144,-0.54,0.144,-0.476,FALSE,0,"2026-08-04","Goal 3 PBE-UD analytical rederivation"
3,2,2,1,0,0.2,0.5,0.9,0.1,0.9,0.1,0.9,0.46,0.1,FALSE,TRUE,0.9,"exclusion",0.5,0.1,0.1,0.45,0.405,0.05,0.405,0.055,FALSE,0,"2026-08-04","Goal 3 PBE-UD analytical rederivation"
4,3,3,2,1,0.2,0.5,0.9,0.1,0.9,0.0666666666666667,0.866666666666667,0.396666666666667,0.0333333333333333,FALSE,TRUE,0.866666666666667,"exclusion",0.5,0.1,0.133333333333333,0.45,0.39,0.0333333333333333,0.39,0.04,FALSE,0,"2026-08-04","Goal 3 PBE-UD analytical rederivation"
5,4,3,2,1,0.2,0.5,0.9,0.1,0.9,0.05,0.9,0.41,0.05,FALSE,TRUE,0.9,"exclusion",0.5,0.1,0.15,0.45,0.3825,0.025,0.3825,0.0325,FALSE,0,"2026-08-04","Goal 3 PBE-UD analytical rederivation"
6,5,4,3,2,0.2,0.5,0.9,0.1,0.9,0.04,0.88,0.382,0.02,FALSE,TRUE,0.88,"exclusion",0.5,0.1,0.16,0.45,0.378,0.02,0.378,0.028,FALSE,0,"2026-08-04","Goal 3 PBE-UD analytical rederivation"
7,6,4,3,2,0.2,0.5,0.9,0.1,0.9,0.0333333333333333,0.9,0.393333333333333,0.0333333333333333,FALSE,TRUE,0.9,"exclusion",0.5,0.1,0.166666666666667,0.45,0.375,0.0166666666666666,0.375,0.025,FALSE,0,"2026-08-04","Goal 3 PBE-UD analytical rederivation"
8,7,5,4,3,0.2,0.5,0.9,0.1,0.9,0.0285714285714286,0.885714285714286,0.375714285714286,0.0142857142857143,FALSE,TRUE,0.885714285714286,"exclusion",0.5,0.1,0.171428571428571,0.45,0.372857142857143,0.0142857142857142,0.372857142857143,0.0228571428571428,FALSE,0,"2026-08-04","Goal 3 PBE-UD analytical rederivation"
9,8,5,4,3,0.2,0.5,0.9,0.1,0.9,0.025,0.9,0.385,0.025,FALSE,TRUE,0.9,"exclusion",0.5,0.1,0.175,0.45,0.37125,0.0125,0.37125,0.02125,FALSE,0,"2026-08-04","Goal 3 PBE-UD analytical rederivation"
10,9,6,5,4,0.2,0.5,0.9,0.1,0.9,0.0222222222222222,0.888888888888889,0.372222222222222,0.0111111111111111,FALSE,TRUE,0.888888888888889,"exclusion",0.5,0.1,0.177777777777778,0.45,0.37,0.0111111111111111,0.37,0.02,FALSE,0,"2026-08-04","Goal 3 PBE-UD analytical rederivation"
3,2,2,1,0,0.5,0.5,0.9,0.1,0.9,0.25,0.75,0.475,0.1,FALSE,TRUE,0.75,"exclusion",0.5,0.1,0.25,0.45,0.3375,-0.025,0.3375,-0.0125,FALSE,0,"2026-08-04","Goal 3 PBE-UD analytical rederivation"
4,3,3,2,1,0.5,0.5,0.9,0.1,0.9,0.166666666666667,0.666666666666667,0.316666666666667,-0.0666666666666667,FALSE,TRUE,0.666666666666667,"exclusion",0.5,0.1,0.333333333333333,0.45,0.3,-0.0666666666666667,0.3,-0.05,FALSE,0,"2026-08-04","Goal 3 PBE-UD analytical rederivation"
5,4,3,2,1,0.5,0.5,0.9,0.1,0.9,0.125,0.75,0.35,-0.025,FALSE,TRUE,0.75,"exclusion",0.5,0.1,0.375,0.45,0.28125,-0.0875,0.28125,-0.06875,FALSE,0,"2026-08-04","Goal 3 PBE-UD analytical rederivation"
6,5,4,3,2,0.5,0.5,0.9,0.1,0.9,0.1,0.7,0.28,-0.1,FALSE,TRUE,0.7,"exclusion",0.5,0.1,0.4,0.45,0.27,-0.1,0.27,-0.08,FALSE,0,"2026-08-04","Goal 3 PBE-UD analytical rederivation"
7,6,4,3,2,0.5,0.5,0.9,0.1,0.9,0.0833333333333333,0.75,0.308333333333333,-0.0666666666666667,FALSE,TRUE,0.75,"exclusion",0.5,0.1,0.416666666666667,0.45,0.2625,-0.108333333333333,0.2625,-0.0875,FALSE,0,"2026-08-04","Goal 3 PBE-UD analytical rederivation"
8,7,5,4,3,0.5,0.5,0.9,0.1,0.9,0.0714285714285714,0.714285714285714,0.264285714285714,-0.114285714285714,FALSE,TRUE,0.714285714285714,"exclusion",0.5,0.1,0.428571428571429,0.45,0.257142857142857,-0.114285714285714,0.257142857142857,-0.0928571428571429,FALSE,0,"2026-08-04","Goal 3 PBE-UD analytical rederivation"
9,8,5,4,3,0.5,0.5,0.9,0.1,0.9,0.0625,0.75,0.2875,-0.0875,FALSE,TRUE,0.75,"exclusion",0.5,0.1,0.4375,0.45,0.253125,-0.11875,0.253125,-0.096875,FALSE,0,"2026-08-04","Goal 3 PBE-UD analytical rederivation"
10,9,6,5,4,0.5,0.5,0.9,0.1,0.9,0.0555555555555556,0.722222222222222,0.255555555555556,-0.122222222222222,FALSE,TRUE,0.722222222222222,"exclusion",0.5,0.1,0.444444444444444,0.45,0.25,-0.122222222222222,0.25,-0.1,FALSE,0,"2026-08-04","Goal 3 PBE-UD analytical rederivation"
3,2,2,1,0,0.9,0.5,0.9,0.1,0.9,0.45,0.55,0.495,0.1,FALSE,TRUE,0.55,"exclusion",0.5,0.1,0.45,0.45,0.2475,-0.125,0.2475,-0.1025,FALSE,0,"2026-08-04","Goal 3 PBE-UD analytical rederivation"
4,3,3,2,1,0.9,0.5,0.9,0.1,0.9,0.3,0.4,0.21,-0.2,FALSE,TRUE,0.4,"exclusion",0.5,0.1,0.6,0.45,0.18,-0.2,0.18,-0.17,FALSE,0,"2026-08-04","Goal 3 PBE-UD analytical rederivation"
5,4,3,2,1,0.9,0.5,0.9,0.1,0.9,0.225,0.55,0.27,-0.125,FALSE,TRUE,0.55,"exclusion",0.5,0.1,0.675,0.45,0.14625,-0.2375,0.14625,-0.20375,FALSE,0,"2026-08-04","Goal 3 PBE-UD analytical rederivation"
6,5,4,3,2,0.9,0.5,0.9,0.1,0.9,0.18,0.46,0.144,-0.26,FALSE,TRUE,0.46,"exclusion",0.5,0.1,0.72,0.45,0.126,-0.26,0.126,-0.224,FALSE,0,"2026-08-04","Goal 3 PBE-UD analytical rederivation"
7,6,4,3,2,0.9,0.5,0.9,0.1,0.9,0.15,0.55,0.195,-0.2,FALSE,TRUE,0.55,"exclusion",0.5,0.1,0.75,0.45,0.1125,-0.275,0.1125,-0.2375,FALSE,0,"2026-08-04","Goal 3 PBE-UD analytical rederivation"
8,7,5,4,3,0.9,0.5,0.9,0.1,0.9,0.128571428571429,0.485714285714286,0.115714285714286,-0.285714285714286,FALSE,TRUE,0.485714285714286,"exclusion",0.5,0.1,0.771428571428571,0.45,0.102857142857143,-0.285714285714286,0.102857142857143,-0.247142857142857,FALSE,0,"2026-08-04","Goal 3 PBE-UD analytical rederivation"
9,8,5,4,3,0.9,0.5,0.9,0.1,0.9,0.1125,0.55,0.1575,-0.2375,FALSE,TRUE,0.55,"exclusion",0.5,0.1,0.7875,0.45,0.095625,-0.29375,0.095625,-0.254375,FALSE,0,"2026-08-04","Goal 3 PBE-UD analytical rederivation"
10,9,6,5,4,0.9,0.5,0.9,0.1,0.9,0.1,0.5,0.1,-0.3,FALSE,TRUE,0.5,"exclusion",0.5,0.1,0.8,0.45,0.09,-0.3,0.09,-0.26,FALSE,0,"2026-08-04","Goal 3 PBE-UD analytical rederivation"
3,2,2,1,0,0.2,0.05,0.3,0.5,0.3,0.1,0.9,0.525,0.7,FALSE,TRUE,0.9,"exclusion",0.95,0.7,0.1,0.7,0.4275,0.605,0.4275,0.63,FALSE,0,"2026-08-04","Goal 3 PBE-UD analytical rederivation"
4,3,3,2,1,0.2,0.05,0.3,0.5,0.3,0.0666666666666667,0.866666666666667,0.475,0.633333333333333,FALSE,TRUE,0.866666666666667,"exclusion",0.95,0.7,0.133333333333333,0.7,0.411666666666667,0.573333333333333,0.411666666666667,0.606666666666667,FALSE,0,"2026-08-04","Goal 3 PBE-UD analytical rederivation"
5,4,3,2,1,0.2,0.05,0.3,0.5,0.3,0.05,0.9,0.475,0.65,FALSE,TRUE,0.9,"exclusion",0.95,0.7,0.15,0.7,0.40375,0.5575,0.40375,0.595,FALSE,0,"2026-08-04","Goal 3 PBE-UD analytical rederivation"
6,5,4,3,2,0.2,0.05,0.3,0.5,0.3,0.04,0.88,0.455,0.62,FALSE,TRUE,0.88,"exclusion",0.95,0.7,0.16,0.7,0.399,0.548,0.399,0.588,FALSE,0,"2026-08-04","Goal 3 PBE-UD analytical rederivation"
7,6,4,3,2,0.2,0.05,0.3,0.5,0.3,0.0333333333333333,0.9,0.458333333333333,0.633333333333333,FALSE,TRUE,0.9,"exclusion",0.95,0.7,0.166666666666667,0.7,0.395833333333333,0.541666666666667,0.395833333333333,0.583333333333333,FALSE,0,"2026-08-04","Goal 3 PBE-UD analytical rederivation"
8,7,5,4,3,0.2,0.05,0.3,0.5,0.3,0.0285714285714286,0.885714285714286,0.446428571428571,0.614285714285714,FALSE,TRUE,0.885714285714286,"exclusion",0.95,0.7,0.171428571428571,0.7,0.393571428571429,0.537142857142857,0.393571428571429,0.58,FALSE,0,"2026-08-04","Goal 3 PBE-UD analytical rederivation"
9,8,5,4,3,0.2,0.05,0.3,0.5,0.3,0.025,0.9,0.45,0.625,FALSE,TRUE,0.9,"exclusion",0.95,0.7,0.175,0.7,0.391875,0.53375,0.391875,0.5775,FALSE,0,"2026-08-04","Goal 3 PBE-UD analytical rederivation"
10,9,6,5,4,0.2,0.05,0.3,0.5,0.3,0.0222222222222222,0.888888888888889,0.441666666666667,0.611111111111111,FALSE,TRUE,0.888888888888889,"exclusion",0.95,0.7,0.177777777777778,0.7,0.390555555555556,0.531111111111111,0.390555555555556,0.575555555555555,FALSE,0,"2026-08-04","Goal 3 PBE-UD analytical rederivation"
3,2,2,1,0,0.5,0.05,0.3,0.5,0.3,0.25,0.75,0.6,0.7,FALSE,TRUE,0.75,"exclusion",0.95,0.7,0.25,0.7,0.35625,0.4625,0.35625,0.525,FALSE,0,"2026-08-04","Goal 3 PBE-UD analytical rederivation"
4,3,3,2,1,0.5,0.05,0.3,0.5,0.3,0.166666666666667,0.666666666666667,0.475,0.533333333333333,FALSE,TRUE,0.666666666666667,"exclusion",0.95,0.7,0.333333333333333,0.7,0.316666666666667,0.383333333333333,0.316666666666667,0.466666666666667,FALSE,0,"2026-08-04","Goal 3 PBE-UD analytical rederivation"
5,4,3,2,1,0.5,0.05,0.3,0.5,0.3,0.125,0.75,0.475,0.575,FALSE,TRUE,0.75,"exclusion",0.95,0.7,0.375,0.7,0.296875,0.34375,0.296875,0.4375,FALSE,0,"2026-08-04","Goal 3 PBE-UD analytical rederivation"
6,5,4,3,2,0.5,0.05,0.3,0.5,0.3,0.1,0.7,0.425,0.5,FALSE,TRUE,0.7,"exclusion",0.95,0.7,0.4,0.7,0.285,0.32,0.285,0.42,FALSE,0,"2026-08-04","Goal 3 PBE-UD analytical rederivation"
7,6,4,3,2,0.5,0.05,0.3,0.5,0.3,0.0833333333333333,0.75,0.433333333333333,0.533333333333333,FALSE,TRUE,0.75,"exclusion",0.95,0.7,0.416666666666667,0.7,0.277083333333333,0.304166666666667,0.277083333333333,0.408333333333333,FALSE,0,"2026-08-04","Goal 3 PBE-UD analytical rederivation"
8,7,5,4,3,0.5,0.05,0.3,0.5,0.3,0.0714285714285714,0.714285714285714,0.403571428571429,0.485714285714286,FALSE,TRUE,0.714285714285714,"exclusion",0.95,0.7,0.428571428571429,0.7,0.271428571428571,0.292857142857143,0.271428571428571,0.4,FALSE,0,"2026-08-04","Goal 3 PBE-UD analytical rederivation"
9,8,5,4,3,0.5,0.05,0.3,0.5,0.3,0.0625,0.75,0.4125,0.5125,FALSE,TRUE,0.75,"exclusion",0.95,0.7,0.4375,0.7,0.2671875,0.284375,0.2671875,0.39375,FALSE,0,"2026-08-04","Goal 3 PBE-UD analytical rederivation"
10,9,6,5,4,0.5,0.05,0.3,0.5,0.3,0.0555555555555556,0.722222222222222,0.391666666666667,0.477777777777778,FALSE,TRUE,0.722222222222222,"exclusion",0.95,0.7,0.444444444444444,0.7,0.263888888888889,0.277777777777778,0.263888888888889,0.388888888888889,FALSE,0,"2026-08-04","Goal 3 PBE-UD analytical rederivation"
3,2,2,1,0,0.9,0.05,0.3,0.5,0.3,0.45,0.55,0.7,0.7,FALSE,TRUE,0.7,"low_only+pooling",0.95,0.7,0.45,0.7,0.26125,0.2725,0.26125,0.385,FALSE,0,"2026-08-04","Goal 3 PBE-UD analytical rederivation"
4,3,3,2,1,0.9,0.05,0.3,0.5,0.3,0.3,0.4,0.475,0.4,FALSE,FALSE,NA,"empty",0.95,0.7,0.6,0.7,0.19,0.13,0.19,0.28,FALSE,0,"2026-08-04","Goal 3 PBE-UD analytical rederivation"
5,4,3,2,1,0.9,0.05,0.3,0.5,0.3,0.225,0.55,0.475,0.475,FALSE,TRUE,0.55,"exclusion",0.95,0.7,0.675,0.7,0.154375,0.05875,0.154375,0.2275,FALSE,0,"2026-08-04","Goal 3 PBE-UD analytical rederivation"
6,5,4,3,2,0.9,0.05,0.3,0.5,0.3,0.18,0.46,0.385,0.34,FALSE,TRUE,0.46,"exclusion",0.95,0.7,0.72,0.7,0.133,0.016,0.133,0.196,FALSE,0,"2026-08-04","Goal 3 PBE-UD analytical rederivation"
7,6,4,3,2,0.9,0.05,0.3,0.5,0.3,0.15,0.55,0.4,0.4,FALSE,TRUE,0.55,"exclusion",0.95,0.7,0.75,0.7,0.11875,-0.0125,0.11875,0.175,FALSE,0,"2026-08-04","Goal 3 PBE-UD analytical rederivation"
8,7,5,4,3,0.9,0.05,0.3,0.5,0.3,0.128571428571429,0.485714285714286,0.346428571428571,0.314285714285714,FALSE,TRUE,0.485714285714286,"exclusion",0.95,0.7,0.771428571428571,0.7,0.108571428571429,-0.0328571428571429,0.108571428571429,0.16,FALSE,0,"2026-08-04","Goal 3 PBE-UD analytical rederivation"
9,8,5,4,3,0.9,0.05,0.3,0.5,0.3,0.1125,0.55,0.3625,0.3625,FALSE,TRUE,0.55,"exclusion",0.95,0.7,0.7875,0.7,0.1009375,-0.048125,0.1009375,0.14875,FALSE,0,"2026-08-04","Goal 3 PBE-UD analytical rederivation"
10,9,6,5,4,0.9,0.05,0.3,0.5,0.3,0.1,0.5,0.325,0.3,FALSE,TRUE,0.5,"exclusion",0.95,0.7,0.8,0.7,0.095,-0.06,0.095,0.14,FALSE,0,"2026-08-04","Goal 3 PBE-UD analytical rederivation"
3,2,2,1,0,0.2,0.2,0.3,0.5,0.3,0.1,0.9,0.45,0.7,FALSE,TRUE,0.9,"exclusion",0.8,0.7,0.1,0.7,0.36,0.62,0.36,0.63,FALSE,0,"2026-08-04","Goal 3 PBE-UD analytical rederivation"
4,3,3,2,1,0.2,0.2,0.3,0.5,0.3,0.0666666666666667,0.866666666666667,0.4,0.633333333333333,FALSE,TRUE,0.866666666666667,"exclusion",0.8,0.7,0.133333333333333,0.7,0.346666666666667,0.593333333333333,0.346666666666667,0.606666666666667,FALSE,0,"2026-08-04","Goal 3 PBE-UD analytical rederivation"
5,4,3,2,1,0.2,0.2,0.3,0.5,0.3,0.05,0.9,0.4,0.65,FALSE,TRUE,0.9,"exclusion",0.8,0.7,0.15,0.7,0.34,0.58,0.34,0.595,FALSE,0,"2026-08-04","Goal 3 PBE-UD analytical rederivation"
6,5,4,3,2,0.2,0.2,0.3,0.5,0.3,0.04,0.88,0.38,0.62,FALSE,TRUE,0.88,"exclusion",0.8,0.7,0.16,0.7,0.336,0.572,0.336,0.588,FALSE,0,"2026-08-04","Goal 3 PBE-UD analytical rederivation"
7,6,4,3,2,0.2,0.2,0.3,0.5,0.3,0.0333333333333333,0.9,0.383333333333333,0.633333333333333,FALSE,TRUE,0.9,"exclusion",0.8,0.7,0.166666666666667,0.7,0.333333333333333,0.566666666666667,0.333333333333333,0.583333333333333,FALSE,0,"2026-08-04","Goal 3 PBE-UD analytical rederivation"
8,7,5,4,3,0.2,0.2,0.3,0.5,0.3,0.0285714285714286,0.885714285714286,0.371428571428571,0.614285714285714,FALSE,TRUE,0.885714285714286,"exclusion",0.8,0.7,0.171428571428571,0.7,0.331428571428571,0.562857142857143,0.331428571428571,0.58,FALSE,0,"2026-08-04","Goal 3 PBE-UD analytical rederivation"
9,8,5,4,3,0.2,0.2,0.3,0.5,0.3,0.025,0.9,0.375,0.625,FALSE,TRUE,0.9,"exclusion",0.8,0.7,0.175,0.7,0.33,0.56,0.33,0.5775,FALSE,0,"2026-08-04","Goal 3 PBE-UD analytical rederivation"
10,9,6,5,4,0.2,0.2,0.3,0.5,0.3,0.0222222222222222,0.888888888888889,0.366666666666667,0.611111111111111,FALSE,TRUE,0.888888888888889,"exclusion",0.8,0.7,0.177777777777778,0.7,0.328888888888889,0.557777777777778,0.328888888888889,0.575555555555555,FALSE,0,"2026-08-04","Goal 3 PBE-UD analytical rederivation"
3,2,2,1,0,0.5,0.2,0.3,0.5,0.3,0.25,0.75,0.525,0.7,FALSE,TRUE,0.75,"exclusion",0.8,0.7,0.25,0.7,0.3,0.5,0.3,0.525,FALSE,0,"2026-08-04","Goal 3 PBE-UD analytical rederivation"
4,3,3,2,1,0.5,0.2,0.3,0.5,0.3,0.166666666666667,0.666666666666667,0.4,0.533333333333333,FALSE,TRUE,0.666666666666667,"exclusion",0.8,0.7,0.333333333333333,0.7,0.266666666666667,0.433333333333333,0.266666666666667,0.466666666666667,FALSE,0,"2026-08-04","Goal 3 PBE-UD analytical rederivation"
5,4,3,2,1,0.5,0.2,0.3,0.5,0.3,0.125,0.75,0.4,0.575,FALSE,TRUE,0.75,"exclusion",0.8,0.7,0.375,0.7,0.25,0.4,0.25,0.4375,FALSE,0,"2026-08-04","Goal 3 PBE-UD analytical rederivation"
6,5,4,3,2,0.5,0.2,0.3,0.5,0.3,0.1,0.7,0.35,0.5,FALSE,TRUE,0.7,"exclusion",0.8,0.7,0.4,0.7,0.24,0.38,0.24,0.42,FALSE,0,"2026-08-04","Goal 3 PBE-UD analytical rederivation"
7,6,4,3,2,0.5,0.2,0.3,0.5,0.3,0.0833333333333333,0.75,0.358333333333333,0.533333333333333,FALSE,TRUE,0.75,"exclusion",0.8,0.7,0.416666666666667,0.7,0.233333333333333,0.366666666666667,0.233333333333333,0.408333333333333,FALSE,0,"2026-08-04","Goal 3 PBE-UD analytical rederivation"
8,7,5,4,3,0.5,0.2,0.3,0.5,0.3,0.0714285714285714,0.714285714285714,0.328571428571429,0.485714285714286,FALSE,TRUE,0.714285714285714,"exclusion",0.8,0.7,0.428571428571429,0.7,0.228571428571429,0.357142857142857,0.228571428571429,0.4,FALSE,0,"2026-08-04","Goal 3 PBE-UD analytical rederivation"
9,8,5,4,3,0.5,0.2,0.3,0.5,0.3,0.0625,0.75,0.3375,0.5125,FALSE,TRUE,0.75,"exclusion",0.8,0.7,0.4375,0.7,0.225,0.35,0.225,0.39375,FALSE,0,"2026-08-04","Goal 3 PBE-UD analytical rederivation"
10,9,6,5,4,0.5,0.2,0.3,0.5,0.3,0.0555555555555556,0.722222222222222,0.316666666666667,0.477777777777778,FALSE,TRUE,0.722222222222222,"exclusion",0.8,0.7,0.444444444444444,0.7,0.222222222222222,0.344444444444444,0.222222222222222,0.388888888888889,FALSE,0,"2026-08-04","Goal 3 PBE-UD analytical rederivation"
3,2,2,1,0,0.9,0.2,0.3,0.5,0.3,0.45,0.55,0.625,0.7,FALSE,TRUE,0.7,"pooling",0.8,0.7,0.45,0.7,0.22,0.34,0.22,0.385,FALSE,0,"2026-08-04","Goal 3 PBE-UD analytical rederivation"
4,3,3,2,1,0.9,0.2,0.3,0.5,0.3,0.3,0.4,0.4,0.4,FALSE,TRUE,0.4,"exclusion",0.8,0.7,0.6,0.7,0.16,0.22,0.16,0.28,FALSE,0,"2026-08-04","Goal 3 PBE-UD analytical rederivation"
5,4,3,2,1,0.9,0.2,0.3,0.5,0.3,0.225,0.55,0.4,0.475,FALSE,TRUE,0.55,"exclusion",0.8,0.7,0.675,0.7,0.13,0.16,0.13,0.2275,FALSE,0,"2026-08-04","Goal 3 PBE-UD analytical rederivation"
6,5,4,3,2,0.9,0.2,0.3,0.5,0.3,0.18,0.46,0.31,0.34,FALSE,TRUE,0.46,"exclusion",0.8,0.7,0.72,0.7,0.112,0.124,0.112,0.196,FALSE,0,"2026-08-04","Goal 3 PBE-UD analytical rederivation"
7,6,4,3,2,0.9,0.2,0.3,0.5,0.3,0.15,0.55,0.325,0.4,FALSE,TRUE,0.55,"exclusion",0.8,0.7,0.75,0.7,0.1,0.0999999999999999,0.1,0.175,FALSE,0,"2026-08-04","Goal 3 PBE-UD analytical rederivation"
8,7,5,4,3,0.9,0.2,0.3,0.5,0.3,0.128571428571429,0.485714285714286,0.271428571428571,0.314285714285714,FALSE,TRUE,0.485714285714286,"exclusion",0.8,0.7,0.771428571428571,0.7,0.0914285714285714,0.0828571428571427,0.0914285714285714,0.16,FALSE,0,"2026-08-04","Goal 3 PBE-UD analytical rederivation"
9,8,5,4,3,0.9,0.2,0.3,0.5,0.3,0.1125,0.55,0.2875,0.3625,FALSE,TRUE,0.55,"exclusion",0.8,0.7,0.7875,0.7,0.085,0.07,0.085,0.14875,FALSE,0,"2026-08-04","Goal 3 PBE-UD analytical rederivation"
10,9,6,5,4,0.9,0.2,0.3,0.5,0.3,0.1,0.5,0.25,0.3,FALSE,TRUE,0.5,"exclusion",0.8,0.7,0.8,0.7,0.08,0.0599999999999998,0.08,0.14,FALSE,0,"2026-08-04","Goal 3 PBE-UD analytical rederivation"
3,2,2,1,0,0.2,0.05,0.6,0.5,0.6,0.1,0.9,0.525,0.4,FALSE,TRUE,0.9,"exclusion",0.95,0.4,0.1,0.475,0.4275,0.305,0.4275,0.3525,FALSE,0,"2026-08-04","Goal 3 PBE-UD analytical rederivation"
4,3,3,2,1,0.2,0.05,0.6,0.5,0.6,0.0666666666666667,0.866666666666667,0.475,0.333333333333333,FALSE,TRUE,0.866666666666667,"exclusion",0.95,0.4,0.133333333333333,0.475,0.411666666666667,0.273333333333333,0.411666666666667,0.336666666666667,FALSE,0,"2026-08-04","Goal 3 PBE-UD analytical rederivation"
5,4,3,2,1,0.2,0.05,0.6,0.5,0.6,0.05,0.9,0.475,0.35,FALSE,TRUE,0.9,"exclusion",0.95,0.4,0.15,0.475,0.40375,0.2575,0.40375,0.32875,FALSE,0,"2026-08-04","Goal 3 PBE-UD analytical rederivation"
6,5,4,3,2,0.2,0.05,0.6,0.5,0.6,0.04,0.88,0.455,0.32,FALSE,TRUE,0.88,"exclusion",0.95,0.4,0.16,0.475,0.399,0.248,0.399,0.324,FALSE,0,"2026-08-04","Goal 3 PBE-UD analytical rederivation"
7,6,4,3,2,0.2,0.05,0.6,0.5,0.6,0.0333333333333333,0.9,0.458333333333333,0.333333333333333,FALSE,TRUE,0.9,"exclusion",0.95,0.4,0.166666666666667,0.475,0.395833333333333,0.241666666666667,0.395833333333333,0.320833333333333,FALSE,0,"2026-08-04","Goal 3 PBE-UD analytical rederivation"
8,7,5,4,3,0.2,0.05,0.6,0.5,0.6,0.0285714285714286,0.885714285714286,0.446428571428571,0.314285714285714,FALSE,TRUE,0.885714285714286,"exclusion",0.95,0.4,0.171428571428571,0.475,0.393571428571429,0.237142857142857,0.393571428571429,0.318571428571429,FALSE,0,"2026-08-04","Goal 3 PBE-UD analytical rederivation"
9,8,5,4,3,0.2,0.05,0.6,0.5,0.6,0.025,0.9,0.45,0.325,FALSE,TRUE,0.9,"exclusion",0.95,0.4,0.175,0.475,0.391875,0.23375,0.391875,0.316875,FALSE,0,"2026-08-04","Goal 3 PBE-UD analytical rederivation"
10,9,6,5,4,0.2,0.05,0.6,0.5,0.6,0.0222222222222222,0.888888888888889,0.441666666666667,0.311111111111111,FALSE,TRUE,0.888888888888889,"exclusion",0.95,0.4,0.177777777777778,0.475,0.390555555555556,0.231111111111111,0.390555555555556,0.315555555555556,FALSE,0,"2026-08-04","Goal 3 PBE-UD analytical rederivation"
3,2,2,1,0,0.5,0.05,0.6,0.5,0.6,0.25,0.75,0.6,0.4,FALSE,TRUE,0.75,"exclusion",0.95,0.4,0.25,0.475,0.35625,0.1625,0.35625,0.28125,FALSE,0,"2026-08-04","Goal 3 PBE-UD analytical rederivation"
4,3,3,2,1,0.5,0.05,0.6,0.5,0.6,0.166666666666667,0.666666666666667,0.475,0.233333333333333,FALSE,TRUE,0.666666666666667,"exclusion",0.95,0.4,0.333333333333333,0.475,0.316666666666667,0.0833333333333334,0.316666666666667,0.241666666666667,FALSE,0,"2026-08-04","Goal 3 PBE-UD analytical rederivation"
5,4,3,2,1,0.5,0.05,0.6,0.5,0.6,0.125,0.75,0.475,0.275,FALSE,TRUE,0.75,"exclusion",0.95,0.4,0.375,0.475,0.296875,0.0437500000000001,0.296875,0.221875,FALSE,0,"2026-08-04","Goal 3 PBE-UD analytical rederivation"
6,5,4,3,2,0.5,0.05,0.6,0.5,0.6,0.1,0.7,0.425,0.2,FALSE,TRUE,0.7,"exclusion",0.95,0.4,0.4,0.475,0.285,0.02,0.285,0.21,FALSE,0,"2026-08-04","Goal 3 PBE-UD analytical rederivation"
7,6,4,3,2,0.5,0.05,0.6,0.5,0.6,0.0833333333333333,0.75,0.433333333333333,0.233333333333333,FALSE,TRUE,0.75,"exclusion",0.95,0.4,0.416666666666667,0.475,0.277083333333333,0.00416666666666671,0.277083333333333,0.202083333333333,FALSE,0,"2026-08-04","Goal 3 PBE-UD analytical rederivation"
8,7,5,4,3,0.5,0.05,0.6,0.5,0.6,0.0714285714285714,0.714285714285714,0.403571428571429,0.185714285714286,FALSE,TRUE,0.714285714285714,"exclusion",0.95,0.4,0.428571428571429,0.475,0.271428571428571,-0.00714285714285706,0.271428571428571,0.196428571428571,FALSE,0,"2026-08-04","Goal 3 PBE-UD analytical rederivation"
9,8,5,4,3,0.5,0.05,0.6,0.5,0.6,0.0625,0.75,0.4125,0.2125,FALSE,TRUE,0.75,"exclusion",0.95,0.4,0.4375,0.475,0.2671875,-0.0156249999999999,0.2671875,0.1921875,FALSE,0,"2026-08-04","Goal 3 PBE-UD analytical rederivation"
10,9,6,5,4,0.5,0.05,0.6,0.5,0.6,0.0555555555555556,0.722222222222222,0.391666666666667,0.177777777777778,FALSE,TRUE,0.722222222222222,"exclusion",0.95,0.4,0.444444444444444,0.475,0.263888888888889,-0.0222222222222221,0.263888888888889,0.188888888888889,FALSE,0,"2026-08-04","Goal 3 PBE-UD analytical rederivation"
3,2,2,1,0,0.9,0.05,0.6,0.5,0.6,0.45,0.55,0.7,0.4,FALSE,TRUE,0.7,"low_only",0.95,0.4,0.45,0.475,0.26125,-0.0275,0.26125,0.18625,FALSE,0,"2026-08-04","Goal 3 PBE-UD analytical rederivation"
4,3,3,2,1,0.9,0.05,0.6,0.5,0.6,0.3,0.4,0.475,0.1,FALSE,FALSE,NA,"empty",0.95,0.4,0.6,0.475,0.19,-0.17,0.19,0.115,FALSE,0,"2026-08-04","Goal 3 PBE-UD analytical rederivation"
5,4,3,2,1,0.9,0.05,0.6,0.5,0.6,0.225,0.55,0.475,0.175,FALSE,TRUE,0.55,"exclusion",0.95,0.4,0.675,0.475,0.154375,-0.24125,0.154375,0.079375,FALSE,0,"2026-08-04","Goal 3 PBE-UD analytical rederivation"
6,5,4,3,2,0.9,0.05,0.6,0.5,0.6,0.18,0.46,0.385,0.04,FALSE,TRUE,0.46,"exclusion",0.95,0.4,0.72,0.475,0.133,-0.284,0.133,0.058,FALSE,0,"2026-08-04","Goal 3 PBE-UD analytical rederivation"
7,6,4,3,2,0.9,0.05,0.6,0.5,0.6,0.15,0.55,0.4,0.1,FALSE,TRUE,0.55,"exclusion",0.95,0.4,0.75,0.475,0.11875,-0.3125,0.11875,0.0437500000000001,FALSE,0,"2026-08-04","Goal 3 PBE-UD analytical rederivation"
8,7,5,4,3,0.9,0.05,0.6,0.5,0.6,0.128571428571429,0.485714285714286,0.346428571428571,0.0142857142857142,FALSE,TRUE,0.485714285714286,"exclusion",0.95,0.4,0.771428571428571,0.475,0.108571428571429,-0.332857142857143,0.108571428571429,0.0335714285714286,FALSE,0,"2026-08-04","Goal 3 PBE-UD analytical rederivation"
9,8,5,4,3,0.9,0.05,0.6,0.5,0.6,0.1125,0.55,0.3625,0.0625,FALSE,TRUE,0.55,"exclusion",0.95,0.4,0.7875,0.475,0.1009375,-0.348125,0.1009375,0.0259375000000001,FALSE,0,"2026-08-04","Goal 3 PBE-UD analytical rederivation"
10,9,6,5,4,0.9,0.05,0.6,0.5,0.6,0.1,0.5,0.325,0,FALSE,TRUE,0.5,"exclusion",0.95,0.4,0.8,0.475,0.095,-0.36,0.095,0.02,FALSE,0,"2026-08-04","Goal 3 PBE-UD analytical rederivation"
3,2,2,1,0,0.2,0.2,0.6,0.5,0.6,0.1,0.9,0.45,0.4,FALSE,TRUE,0.9,"exclusion",0.8,0.4,0.1,0.4,0.36,0.32,0.36,0.36,FALSE,0,"2026-08-04","Goal 3 PBE-UD analytical rederivation"
4,3,3,2,1,0.2,0.2,0.6,0.5,0.6,0.0666666666666667,0.866666666666667,0.4,0.333333333333333,FALSE,TRUE,0.866666666666667,"exclusion",0.8,0.4,0.133333333333333,0.4,0.346666666666667,0.293333333333333,0.346666666666667,0.346666666666667,FALSE,0,"2026-08-04","Goal 3 PBE-UD analytical rederivation"
5,4,3,2,1,0.2,0.2,0.6,0.5,0.6,0.05,0.9,0.4,0.35,FALSE,TRUE,0.9,"exclusion",0.8,0.4,0.15,0.4,0.34,0.28,0.34,0.34,FALSE,0,"2026-08-04","Goal 3 PBE-UD analytical rederivation"
6,5,4,3,2,0.2,0.2,0.6,0.5,0.6,0.04,0.88,0.38,0.32,FALSE,TRUE,0.88,"exclusion",0.8,0.4,0.16,0.4,0.336,0.272,0.336,0.336,FALSE,0,"2026-08-04","Goal 3 PBE-UD analytical rederivation"
7,6,4,3,2,0.2,0.2,0.6,0.5,0.6,0.0333333333333333,0.9,0.383333333333333,0.333333333333333,FALSE,TRUE,0.9,"exclusion",0.8,0.4,0.166666666666667,0.4,0.333333333333333,0.266666666666667,0.333333333333333,0.333333333333333,FALSE,0,"2026-08-04","Goal 3 PBE-UD analytical rederivation"
8,7,5,4,3,0.2,0.2,0.6,0.5,0.6,0.0285714285714286,0.885714285714286,0.371428571428571,0.314285714285714,FALSE,TRUE,0.885714285714286,"exclusion",0.8,0.4,0.171428571428571,0.4,0.331428571428571,0.262857142857143,0.331428571428571,0.331428571428571,FALSE,0,"2026-08-04","Goal 3 PBE-UD analytical rederivation"
9,8,5,4,3,0.2,0.2,0.6,0.5,0.6,0.025,0.9,0.375,0.325,FALSE,TRUE,0.9,"exclusion",0.8,0.4,0.175,0.4,0.33,0.26,0.33,0.33,FALSE,0,"2026-08-04","Goal 3 PBE-UD analytical rederivation"
10,9,6,5,4,0.2,0.2,0.6,0.5,0.6,0.0222222222222222,0.888888888888889,0.366666666666667,0.311111111111111,FALSE,TRUE,0.888888888888889,"exclusion",0.8,0.4,0.177777777777778,0.4,0.328888888888889,0.257777777777778,0.328888888888889,0.328888888888889,FALSE,0,"2026-08-04","Goal 3 PBE-UD analytical rederivation"
3,2,2,1,0,0.5,0.2,0.6,0.5,0.6,0.25,0.75,0.525,0.4,FALSE,TRUE,0.75,"exclusion",0.8,0.4,0.25,0.4,0.3,0.2,0.3,0.3,FALSE,0,"2026-08-04","Goal 3 PBE-UD analytical rederivation"
4,3,3,2,1,0.5,0.2,0.6,0.5,0.6,0.166666666666667,0.666666666666667,0.4,0.233333333333333,FALSE,TRUE,0.666666666666667,"exclusion",0.8,0.4,0.333333333333333,0.4,0.266666666666667,0.133333333333333,0.266666666666667,0.266666666666667,FALSE,0,"2026-08-04","Goal 3 PBE-UD analytical rederivation"
5,4,3,2,1,0.5,0.2,0.6,0.5,0.6,0.125,0.75,0.4,0.275,FALSE,TRUE,0.75,"exclusion",0.8,0.4,0.375,0.4,0.25,0.1,0.25,0.25,FALSE,0,"2026-08-04","Goal 3 PBE-UD analytical rederivation"
6,5,4,3,2,0.5,0.2,0.6,0.5,0.6,0.1,0.7,0.35,0.2,FALSE,TRUE,0.7,"exclusion",0.8,0.4,0.4,0.4,0.24,0.08,0.24,0.24,FALSE,0,"2026-08-04","Goal 3 PBE-UD analytical rederivation"
7,6,4,3,2,0.5,0.2,0.6,0.5,0.6,0.0833333333333333,0.75,0.358333333333333,0.233333333333333,FALSE,TRUE,0.75,"exclusion",0.8,0.4,0.416666666666667,0.4,0.233333333333333,0.0666666666666667,0.233333333333333,0.233333333333333,FALSE,0,"2026-08-04","Goal 3 PBE-UD analytical rederivation"
8,7,5,4,3,0.5,0.2,0.6,0.5,0.6,0.0714285714285714,0.714285714285714,0.328571428571429,0.185714285714286,FALSE,TRUE,0.714285714285714,"exclusion",0.8,0.4,0.428571428571429,0.4,0.228571428571429,0.0571428571428572,0.228571428571429,0.228571428571429,FALSE,0,"2026-08-04","Goal 3 PBE-UD analytical rederivation"
9,8,5,4,3,0.5,0.2,0.6,0.5,0.6,0.0625,0.75,0.3375,0.2125,FALSE,TRUE,0.75,"exclusion",0.8,0.4,0.4375,0.4,0.225,0.05,0.225,0.225,FALSE,0,"2026-08-04","Goal 3 PBE-UD analytical rederivation"
10,9,6,5,4,0.5,0.2,0.6,0.5,0.6,0.0555555555555556,0.722222222222222,0.316666666666667,0.177777777777778,FALSE,TRUE,0.722222222222222,"exclusion",0.8,0.4,0.444444444444444,0.4,0.222222222222222,0.0444444444444445,0.222222222222222,0.222222222222222,FALSE,0,"2026-08-04","Goal 3 PBE-UD analytical rederivation"
3,2,2,1,0,0.9,0.2,0.6,0.5,0.6,0.45,0.55,0.625,0.4,FALSE,TRUE,0.625,"low_only",0.8,0.4,0.45,0.4,0.22,0.04,0.22,0.22,FALSE,0,"2026-08-04","Goal 3 PBE-UD analytical rederivation"
4,3,3,2,1,0.9,0.2,0.6,0.5,0.6,0.3,0.4,0.4,0.1,FALSE,TRUE,0.4,"exclusion",0.8,0.4,0.6,0.4,0.16,-0.08,0.16,0.16,FALSE,0,"2026-08-04","Goal 3 PBE-UD analytical rederivation"
5,4,3,2,1,0.9,0.2,0.6,0.5,0.6,0.225,0.55,0.4,0.175,FALSE,TRUE,0.55,"exclusion",0.8,0.4,0.675,0.4,0.13,-0.14,0.13,0.13,FALSE,0,"2026-08-04","Goal 3 PBE-UD analytical rederivation"
6,5,4,3,2,0.9,0.2,0.6,0.5,0.6,0.18,0.46,0.31,0.04,FALSE,TRUE,0.46,"exclusion",0.8,0.4,0.72,0.4,0.112,-0.176,0.112,0.112,FALSE,0,"2026-08-04","Goal 3 PBE-UD analytical rederivation"
7,6,4,3,2,0.9,0.2,0.6,0.5,0.6,0.15,0.55,0.325,0.1,FALSE,TRUE,0.55,"exclusion",0.8,0.4,0.75,0.4,0.1,-0.2,0.1,0.1,FALSE,0,"2026-08-04","Goal 3 PBE-UD analytical rederivation"
8,7,5,4,3,0.9,0.2,0.6,0.5,0.6,0.128571428571429,0.485714285714286,0.271428571428571,0.0142857142857142,FALSE,TRUE,0.485714285714286,"exclusion",0.8,0.4,0.771428571428571,0.4,0.0914285714285714,-0.217142857142857,0.0914285714285714,0.0914285714285714,FALSE,0,"2026-08-04","Goal 3 PBE-UD analytical rederivation"
9,8,5,4,3,0.9,0.2,0.6,0.5,0.6,0.1125,0.55,0.2875,0.0625,FALSE,TRUE,0.55,"exclusion",0.8,0.4,0.7875,0.4,0.085,-0.23,0.085,0.085,FALSE,0,"2026-08-04","Goal 3 PBE-UD analytical rederivation"
10,9,6,5,4,0.9,0.2,0.6,0.5,0.6,0.1,0.5,0.25,0,FALSE,TRUE,0.5,"exclusion",0.8,0.4,0.8,0.4,0.08,-0.24,0.08,0.08,FALSE,0,"2026-08-04","Goal 3 PBE-UD analytical rederivation"
3,2,2,1,0,0.2,0.5,0.6,0.5,0.6,0.1,0.9,0.3,0.4,FALSE,TRUE,0.9,"exclusion",0.5,0.4,0.1,0.4,0.225,0.35,0.225,0.36,FALSE,0,"2026-08-04","Goal 3 PBE-UD analytical rederivation"
4,3,3,2,1,0.2,0.5,0.6,0.5,0.6,0.0666666666666667,0.866666666666667,0.25,0.333333333333333,FALSE,TRUE,0.866666666666667,"exclusion",0.5,0.4,0.133333333333333,0.4,0.216666666666667,0.333333333333333,0.216666666666667,0.346666666666667,FALSE,0,"2026-08-04","Goal 3 PBE-UD analytical rederivation"
5,4,3,2,1,0.2,0.5,0.6,0.5,0.6,0.05,0.9,0.25,0.35,FALSE,TRUE,0.9,"exclusion",0.5,0.4,0.15,0.4,0.2125,0.325,0.2125,0.34,FALSE,0,"2026-08-04","Goal 3 PBE-UD analytical rederivation"
6,5,4,3,2,0.2,0.5,0.6,0.5,0.6,0.04,0.88,0.23,0.32,FALSE,TRUE,0.88,"exclusion",0.5,0.4,0.16,0.4,0.21,0.32,0.21,0.336,FALSE,0,"2026-08-04","Goal 3 PBE-UD analytical rederivation"
7,6,4,3,2,0.2,0.5,0.6,0.5,0.6,0.0333333333333333,0.9,0.233333333333333,0.333333333333333,FALSE,TRUE,0.9,"exclusion",0.5,0.4,0.166666666666667,0.4,0.208333333333333,0.316666666666667,0.208333333333333,0.333333333333333,FALSE,0,"2026-08-04","Goal 3 PBE-UD analytical rederivation"
8,7,5,4,3,0.2,0.5,0.6,0.5,0.6,0.0285714285714286,0.885714285714286,0.221428571428571,0.314285714285714,FALSE,TRUE,0.885714285714286,"exclusion",0.5,0.4,0.171428571428571,0.4,0.207142857142857,0.314285714285714,0.207142857142857,0.331428571428571,FALSE,0,"2026-08-04","Goal 3 PBE-UD analytical rederivation"
9,8,5,4,3,0.2,0.5,0.6,0.5,0.6,0.025,0.9,0.225,0.325,FALSE,TRUE,0.9,"exclusion",0.5,0.4,0.175,0.4,0.20625,0.3125,0.20625,0.33,FALSE,0,"2026-08-04","Goal 3 PBE-UD analytical rederivation"
10,9,6,5,4,0.2,0.5,0.6,0.5,0.6,0.0222222222222222,0.888888888888889,0.216666666666667,0.311111111111111,FALSE,TRUE,0.888888888888889,"exclusion",0.5,0.4,0.177777777777778,0.4,0.205555555555556,0.311111111111111,0.205555555555556,0.328888888888889,FALSE,0,"2026-08-04","Goal 3 PBE-UD analytical rederivation"
3,2,2,1,0,0.5,0.5,0.6,0.5,0.6,0.25,0.75,0.375,0.4,FALSE,TRUE,0.75,"exclusion",0.5,0.4,0.25,0.4,0.1875,0.275,0.1875,0.3,FALSE,0,"2026-08-04","Goal 3 PBE-UD analytical rederivation"
4,3,3,2,1,0.5,0.5,0.6,0.5,0.6,0.166666666666667,0.666666666666667,0.25,0.233333333333333,FALSE,TRUE,0.666666666666667,"exclusion",0.5,0.4,0.333333333333333,0.4,0.166666666666667,0.233333333333333,0.166666666666667,0.266666666666667,FALSE,0,"2026-08-04","Goal 3 PBE-UD analytical rederivation"
5,4,3,2,1,0.5,0.5,0.6,0.5,0.6,0.125,0.75,0.25,0.275,FALSE,TRUE,0.75,"exclusion",0.5,0.4,0.375,0.4,0.15625,0.2125,0.15625,0.25,FALSE,0,"2026-08-04","Goal 3 PBE-UD analytical rederivation"
6,5,4,3,2,0.5,0.5,0.6,0.5,0.6,0.1,0.7,0.2,0.2,FALSE,TRUE,0.7,"exclusion",0.5,0.4,0.4,0.4,0.15,0.2,0.15,0.24,FALSE,0,"2026-08-04","Goal 3 PBE-UD analytical rederivation"
7,6,4,3,2,0.5,0.5,0.6,0.5,0.6,0.0833333333333333,0.75,0.208333333333333,0.233333333333333,FALSE,TRUE,0.75,"exclusion",0.5,0.4,0.416666666666667,0.4,0.145833333333333,0.191666666666667,0.145833333333333,0.233333333333333,FALSE,0,"2026-08-04","Goal 3 PBE-UD analytical rederivation"
8,7,5,4,3,0.5,0.5,0.6,0.5,0.6,0.0714285714285714,0.714285714285714,0.178571428571429,0.185714285714286,FALSE,TRUE,0.714285714285714,"exclusion",0.5,0.4,0.428571428571429,0.4,0.142857142857143,0.185714285714286,0.142857142857143,0.228571428571429,FALSE,0,"2026-08-04","Goal 3 PBE-UD analytical rederivation"
9,8,5,4,3,0.5,0.5,0.6,0.5,0.6,0.0625,0.75,0.1875,0.2125,FALSE,TRUE,0.75,"exclusion",0.5,0.4,0.4375,0.4,0.140625,0.18125,0.140625,0.225,FALSE,0,"2026-08-04","Goal 3 PBE-UD analytical rederivation"
10,9,6,5,4,0.5,0.5,0.6,0.5,0.6,0.0555555555555556,0.722222222222222,0.166666666666667,0.177777777777778,FALSE,TRUE,0.722222222222222,"exclusion",0.5,0.4,0.444444444444444,0.4,0.138888888888889,0.177777777777778,0.138888888888889,0.222222222222222,FALSE,0,"2026-08-04","Goal 3 PBE-UD analytical rederivation"
3,2,2,1,0,0.9,0.5,0.6,0.5,0.6,0.45,0.55,0.475,0.4,FALSE,TRUE,0.55,"exclusion",0.5,0.4,0.45,0.4,0.1375,0.175,0.1375,0.22,FALSE,0,"2026-08-04","Goal 3 PBE-UD analytical rederivation"
4,3,3,2,1,0.9,0.5,0.6,0.5,0.6,0.3,0.4,0.25,0.1,FALSE,TRUE,0.4,"exclusion",0.5,0.4,0.6,0.4,0.1,0.1,0.1,0.16,FALSE,0,"2026-08-04","Goal 3 PBE-UD analytical rederivation"
5,4,3,2,1,0.9,0.5,0.6,0.5,0.6,0.225,0.55,0.25,0.175,FALSE,TRUE,0.55,"exclusion",0.5,0.4,0.675,0.4,0.08125,0.0625,0.08125,0.13,FALSE,0,"2026-08-04","Goal 3 PBE-UD analytical rederivation"
6,5,4,3,2,0.9,0.5,0.6,0.5,0.6,0.18,0.46,0.16,0.04,FALSE,TRUE,0.46,"exclusion",0.5,0.4,0.72,0.4,0.07,0.04,0.07,0.112,FALSE,0,"2026-08-04","Goal 3 PBE-UD analytical rederivation"
7,6,4,3,2,0.9,0.5,0.6,0.5,0.6,0.15,0.55,0.175,0.1,FALSE,TRUE,0.55,"exclusion",0.5,0.4,0.75,0.4,0.0625,0.025,0.0625,0.1,FALSE,0,"2026-08-04","Goal 3 PBE-UD analytical rederivation"
8,7,5,4,3,0.9,0.5,0.6,0.5,0.6,0.128571428571429,0.485714285714286,0.121428571428571,0.0142857142857142,FALSE,TRUE,0.485714285714286,"exclusion",0.5,0.4,0.771428571428571,0.4,0.0571428571428571,0.0142857142857143,0.0571428571428571,0.0914285714285714,FALSE,0,"2026-08-04","Goal 3 PBE-UD analytical rederivation"
9,8,5,4,3,0.9,0.5,0.6,0.5,0.6,0.1125,0.55,0.1375,0.0625,FALSE,TRUE,0.55,"exclusion",0.5,0.4,0.7875,0.4,0.053125,0.00625000000000003,0.053125,0.085,FALSE,0,"2026-08-04","Goal 3 PBE-UD analytical rederivation"
10,9,6,5,4,0.9,0.5,0.6,0.5,0.6,0.1,0.5,0.1,0,FALSE,TRUE,0.5,"exclusion",0.5,0.4,0.8,0.4,0.05,0,0.05,0.08,FALSE,0,"2026-08-04","Goal 3 PBE-UD analytical rederivation"
3,2,2,1,0,0.2,0.05,0.9,0.5,0.9,0.1,0.9,0.525,0.1,FALSE,TRUE,0.9,"exclusion",0.95,0.1,0.1,0.475,0.4275,0.00499999999999998,0.4275,0.0525,FALSE,0,"2026-08-04","Goal 3 PBE-UD analytical rederivation"
4,3,3,2,1,0.2,0.05,0.9,0.5,0.9,0.0666666666666667,0.866666666666667,0.475,0.0333333333333333,FALSE,TRUE,0.866666666666667,"exclusion",0.95,0.1,0.133333333333333,0.475,0.411666666666667,-0.0266666666666667,0.411666666666667,0.0366666666666667,FALSE,0,"2026-08-04","Goal 3 PBE-UD analytical rederivation"
5,4,3,2,1,0.2,0.05,0.9,0.5,0.9,0.05,0.9,0.475,0.05,FALSE,TRUE,0.9,"exclusion",0.95,0.1,0.15,0.475,0.40375,-0.0425,0.40375,0.02875,FALSE,0,"2026-08-04","Goal 3 PBE-UD analytical rederivation"
6,5,4,3,2,0.2,0.05,0.9,0.5,0.9,0.04,0.88,0.455,0.02,FALSE,TRUE,0.88,"exclusion",0.95,0.1,0.16,0.475,0.399,-0.052,0.399,0.024,FALSE,0,"2026-08-04","Goal 3 PBE-UD analytical rederivation"
7,6,4,3,2,0.2,0.05,0.9,0.5,0.9,0.0333333333333333,0.9,0.458333333333333,0.0333333333333333,FALSE,TRUE,0.9,"exclusion",0.95,0.1,0.166666666666667,0.475,0.395833333333333,-0.0583333333333333,0.395833333333333,0.0208333333333333,FALSE,0,"2026-08-04","Goal 3 PBE-UD analytical rederivation"
8,7,5,4,3,0.2,0.05,0.9,0.5,0.9,0.0285714285714286,0.885714285714286,0.446428571428571,0.0142857142857143,FALSE,TRUE,0.885714285714286,"exclusion",0.95,0.1,0.171428571428571,0.475,0.393571428571429,-0.0628571428571429,0.393571428571429,0.0185714285714285,FALSE,0,"2026-08-04","Goal 3 PBE-UD analytical rederivation"
9,8,5,4,3,0.2,0.05,0.9,0.5,0.9,0.025,0.9,0.45,0.025,FALSE,TRUE,0.9,"exclusion",0.95,0.1,0.175,0.475,0.391875,-0.06625,0.391875,0.016875,FALSE,0,"2026-08-04","Goal 3 PBE-UD analytical rederivation"
10,9,6,5,4,0.2,0.05,0.9,0.5,0.9,0.0222222222222222,0.888888888888889,0.441666666666667,0.0111111111111111,FALSE,TRUE,0.888888888888889,"exclusion",0.95,0.1,0.177777777777778,0.475,0.390555555555556,-0.0688888888888889,0.390555555555556,0.0155555555555555,FALSE,0,"2026-08-04","Goal 3 PBE-UD analytical rederivation"
3,2,2,1,0,0.5,0.05,0.9,0.5,0.9,0.25,0.75,0.6,0.1,FALSE,TRUE,0.75,"exclusion",0.95,0.1,0.25,0.475,0.35625,-0.1375,0.35625,-0.01875,FALSE,0,"2026-08-04","Goal 3 PBE-UD analytical rederivation"
4,3,3,2,1,0.5,0.05,0.9,0.5,0.9,0.166666666666667,0.666666666666667,0.475,-0.0666666666666667,FALSE,TRUE,0.666666666666667,"exclusion",0.95,0.1,0.333333333333333,0.475,0.316666666666667,-0.216666666666667,0.316666666666667,-0.0583333333333333,FALSE,0,"2026-08-04","Goal 3 PBE-UD analytical rederivation"
5,4,3,2,1,0.5,0.05,0.9,0.5,0.9,0.125,0.75,0.475,-0.025,FALSE,TRUE,0.75,"exclusion",0.95,0.1,0.375,0.475,0.296875,-0.25625,0.296875,-0.078125,FALSE,0,"2026-08-04","Goal 3 PBE-UD analytical rederivation"
6,5,4,3,2,0.5,0.05,0.9,0.5,0.9,0.1,0.7,0.425,-0.1,FALSE,TRUE,0.7,"exclusion",0.95,0.1,0.4,0.475,0.285,-0.28,0.285,-0.09,FALSE,0,"2026-08-04","Goal 3 PBE-UD analytical rederivation"
7,6,4,3,2,0.5,0.05,0.9,0.5,0.9,0.0833333333333333,0.75,0.433333333333333,-0.0666666666666667,FALSE,TRUE,0.75,"exclusion",0.95,0.1,0.416666666666667,0.475,0.277083333333333,-0.295833333333333,0.277083333333333,-0.0979166666666667,FALSE,0,"2026-08-04","Goal 3 PBE-UD analytical rederivation"
8,7,5,4,3,0.5,0.05,0.9,0.5,0.9,0.0714285714285714,0.714285714285714,0.403571428571429,-0.114285714285714,FALSE,TRUE,0.714285714285714,"exclusion",0.95,0.1,0.428571428571429,0.475,0.271428571428571,-0.307142857142857,0.271428571428571,-0.103571428571429,FALSE,0,"2026-08-04","Goal 3 PBE-UD analytical rederivation"
9,8,5,4,3,0.5,0.05,0.9,0.5,0.9,0.0625,0.75,0.4125,-0.0875,FALSE,TRUE,0.75,"exclusion",0.95,0.1,0.4375,0.475,0.2671875,-0.315625,0.2671875,-0.1078125,FALSE,0,"2026-08-04","Goal 3 PBE-UD analytical rederivation"
10,9,6,5,4,0.5,0.05,0.9,0.5,0.9,0.0555555555555556,0.722222222222222,0.391666666666667,-0.122222222222222,FALSE,TRUE,0.722222222222222,"exclusion",0.95,0.1,0.444444444444444,0.475,0.263888888888889,-0.322222222222222,0.263888888888889,-0.111111111111111,FALSE,0,"2026-08-04","Goal 3 PBE-UD analytical rederivation"
3,2,2,1,0,0.9,0.05,0.9,0.5,0.9,0.45,0.55,0.7,0.1,FALSE,TRUE,0.7,"low_only",0.95,0.1,0.45,0.475,0.26125,-0.3275,0.26125,-0.11375,FALSE,0,"2026-08-04","Goal 3 PBE-UD analytical rederivation"
4,3,3,2,1,0.9,0.05,0.9,0.5,0.9,0.3,0.4,0.475,-0.2,FALSE,FALSE,NA,"empty",0.95,0.1,0.6,0.475,0.19,-0.47,0.19,-0.185,FALSE,0,"2026-08-04","Goal 3 PBE-UD analytical rederivation"
5,4,3,2,1,0.9,0.05,0.9,0.5,0.9,0.225,0.55,0.475,-0.125,FALSE,TRUE,0.55,"exclusion",0.95,0.1,0.675,0.475,0.154375,-0.54125,0.154375,-0.220625,FALSE,0,"2026-08-04","Goal 3 PBE-UD analytical rederivation"
6,5,4,3,2,0.9,0.05,0.9,0.5,0.9,0.18,0.46,0.385,-0.26,FALSE,TRUE,0.46,"exclusion",0.95,0.1,0.72,0.475,0.133,-0.584,0.133,-0.242,FALSE,0,"2026-08-04","Goal 3 PBE-UD analytical rederivation"
7,6,4,3,2,0.9,0.05,0.9,0.5,0.9,0.15,0.55,0.4,-0.2,FALSE,TRUE,0.55,"exclusion",0.95,0.1,0.75,0.475,0.11875,-0.6125,0.11875,-0.25625,FALSE,0,"2026-08-04","Goal 3 PBE-UD analytical rederivation"
8,7,5,4,3,0.9,0.05,0.9,0.5,0.9,0.128571428571429,0.485714285714286,0.346428571428571,-0.285714285714286,FALSE,TRUE,0.485714285714286,"exclusion",0.95,0.1,0.771428571428571,0.475,0.108571428571429,-0.632857142857143,0.108571428571429,-0.266428571428571,FALSE,0,"2026-08-04","Goal 3 PBE-UD analytical rederivation"
9,8,5,4,3,0.9,0.05,0.9,0.5,0.9,0.1125,0.55,0.3625,-0.2375,FALSE,TRUE,0.55,"exclusion",0.95,0.1,0.7875,0.475,0.1009375,-0.648125,0.1009375,-0.2740625,FALSE,0,"2026-08-04","Goal 3 PBE-UD analytical rederivation"
10,9,6,5,4,0.9,0.05,0.9,0.5,0.9,0.1,0.5,0.325,-0.3,FALSE,TRUE,0.5,"exclusion",0.95,0.1,0.8,0.475,0.095,-0.66,0.095,-0.28,FALSE,0,"2026-08-04","Goal 3 PBE-UD analytical rederivation"
3,2,2,1,0,0.2,0.2,0.9,0.5,0.9,0.1,0.9,0.45,0.1,FALSE,TRUE,0.9,"exclusion",0.8,0.1,0.1,0.4,0.36,0.02,0.36,0.06,FALSE,0,"2026-08-04","Goal 3 PBE-UD analytical rederivation"
4,3,3,2,1,0.2,0.2,0.9,0.5,0.9,0.0666666666666667,0.866666666666667,0.4,0.0333333333333333,FALSE,TRUE,0.866666666666667,"exclusion",0.8,0.1,0.133333333333333,0.4,0.346666666666667,-0.0066666666666667,0.346666666666667,0.0466666666666666,FALSE,0,"2026-08-04","Goal 3 PBE-UD analytical rederivation"
5,4,3,2,1,0.2,0.2,0.9,0.5,0.9,0.05,0.9,0.4,0.05,FALSE,TRUE,0.9,"exclusion",0.8,0.1,0.15,0.4,0.34,-0.02,0.34,0.04,FALSE,0,"2026-08-04","Goal 3 PBE-UD analytical rederivation"
6,5,4,3,2,0.2,0.2,0.9,0.5,0.9,0.04,0.88,0.38,0.02,FALSE,TRUE,0.88,"exclusion",0.8,0.1,0.16,0.4,0.336,-0.028,0.336,0.036,FALSE,0,"2026-08-04","Goal 3 PBE-UD analytical rederivation"
7,6,4,3,2,0.2,0.2,0.9,0.5,0.9,0.0333333333333333,0.9,0.383333333333333,0.0333333333333333,FALSE,TRUE,0.9,"exclusion",0.8,0.1,0.166666666666667,0.4,0.333333333333333,-0.0333333333333334,0.333333333333333,0.0333333333333333,FALSE,0,"2026-08-04","Goal 3 PBE-UD analytical rederivation"
8,7,5,4,3,0.2,0.2,0.9,0.5,0.9,0.0285714285714286,0.885714285714286,0.371428571428571,0.0142857142857143,FALSE,TRUE,0.885714285714286,"exclusion",0.8,0.1,0.171428571428571,0.4,0.331428571428571,-0.0371428571428572,0.331428571428571,0.0314285714285714,FALSE,0,"2026-08-04","Goal 3 PBE-UD analytical rederivation"
9,8,5,4,3,0.2,0.2,0.9,0.5,0.9,0.025,0.9,0.375,0.025,FALSE,TRUE,0.9,"exclusion",0.8,0.1,0.175,0.4,0.33,-0.04,0.33,0.03,FALSE,0,"2026-08-04","Goal 3 PBE-UD analytical rederivation"
10,9,6,5,4,0.2,0.2,0.9,0.5,0.9,0.0222222222222222,0.888888888888889,0.366666666666667,0.0111111111111111,FALSE,TRUE,0.888888888888889,"exclusion",0.8,0.1,0.177777777777778,0.4,0.328888888888889,-0.0422222222222222,0.328888888888889,0.0288888888888889,FALSE,0,"2026-08-04","Goal 3 PBE-UD analytical rederivation"
3,2,2,1,0,0.5,0.2,0.9,0.5,0.9,0.25,0.75,0.525,0.1,FALSE,TRUE,0.75,"exclusion",0.8,0.1,0.25,0.4,0.3,-0.1,0.3,-2.77555756156289e-17,FALSE,0,"2026-08-04","Goal 3 PBE-UD analytical rederivation"
4,3,3,2,1,0.5,0.2,0.9,0.5,0.9,0.166666666666667,0.666666666666667,0.4,-0.0666666666666667,FALSE,TRUE,0.666666666666667,"exclusion",0.8,0.1,0.333333333333333,0.4,0.266666666666667,-0.166666666666667,0.266666666666667,-0.0333333333333334,FALSE,0,"2026-08-04","Goal 3 PBE-UD analytical rederivation"
5,4,3,2,1,0.5,0.2,0.9,0.5,0.9,0.125,0.75,0.4,-0.025,FALSE,TRUE,0.75,"exclusion",0.8,0.1,0.375,0.4,0.25,-0.2,0.25,-0.05,FALSE,0,"2026-08-04","Goal 3 PBE-UD analytical rederivation"
6,5,4,3,2,0.5,0.2,0.9,0.5,0.9,0.1,0.7,0.35,-0.1,FALSE,TRUE,0.7,"exclusion",0.8,0.1,0.4,0.4,0.24,-0.22,0.24,-0.06,FALSE,0,"2026-08-04","Goal 3 PBE-UD analytical rederivation"
7,6,4,3,2,0.5,0.2,0.9,0.5,0.9,0.0833333333333333,0.75,0.358333333333333,-0.0666666666666667,FALSE,TRUE,0.75,"exclusion",0.8,0.1,0.416666666666667,0.4,0.233333333333333,-0.233333333333333,0.233333333333333,-0.0666666666666667,FALSE,0,"2026-08-04","Goal 3 PBE-UD analytical rederivation"
8,7,5,4,3,0.5,0.2,0.9,0.5,0.9,0.0714285714285714,0.714285714285714,0.328571428571429,-0.114285714285714,FALSE,TRUE,0.714285714285714,"exclusion",0.8,0.1,0.428571428571429,0.4,0.228571428571429,-0.242857142857143,0.228571428571429,-0.0714285714285715,FALSE,0,"2026-08-04","Goal 3 PBE-UD analytical rederivation"
9,8,5,4,3,0.5,0.2,0.9,0.5,0.9,0.0625,0.75,0.3375,-0.0875,FALSE,TRUE,0.75,"exclusion",0.8,0.1,0.4375,0.4,0.225,-0.25,0.225,-0.075,FALSE,0,"2026-08-04","Goal 3 PBE-UD analytical rederivation"
10,9,6,5,4,0.5,0.2,0.9,0.5,0.9,0.0555555555555556,0.722222222222222,0.316666666666667,-0.122222222222222,FALSE,TRUE,0.722222222222222,"exclusion",0.8,0.1,0.444444444444444,0.4,0.222222222222222,-0.255555555555556,0.222222222222222,-0.0777777777777778,FALSE,0,"2026-08-04","Goal 3 PBE-UD analytical rederivation"
3,2,2,1,0,0.9,0.2,0.9,0.5,0.9,0.45,0.55,0.625,0.1,FALSE,TRUE,0.625,"low_only",0.8,0.1,0.45,0.4,0.22,-0.26,0.22,-0.08,FALSE,0,"2026-08-04","Goal 3 PBE-UD analytical rederivation"
4,3,3,2,1,0.9,0.2,0.9,0.5,0.9,0.3,0.4,0.4,-0.2,FALSE,TRUE,0.4,"exclusion",0.8,0.1,0.6,0.4,0.16,-0.38,0.16,-0.14,FALSE,0,"2026-08-04","Goal 3 PBE-UD analytical rederivation"
5,4,3,2,1,0.9,0.2,0.9,0.5,0.9,0.225,0.55,0.4,-0.125,FALSE,TRUE,0.55,"exclusion",0.8,0.1,0.675,0.4,0.13,-0.44,0.13,-0.17,FALSE,0,"2026-08-04","Goal 3 PBE-UD analytical rederivation"
6,5,4,3,2,0.9,0.2,0.9,0.5,0.9,0.18,0.46,0.31,-0.26,FALSE,TRUE,0.46,"exclusion",0.8,0.1,0.72,0.4,0.112,-0.476,0.112,-0.188,FALSE,0,"2026-08-04","Goal 3 PBE-UD analytical rederivation"
7,6,4,3,2,0.9,0.2,0.9,0.5,0.9,0.15,0.55,0.325,-0.2,FALSE,TRUE,0.55,"exclusion",0.8,0.1,0.75,0.4,0.1,-0.5,0.1,-0.2,FALSE,0,"2026-08-04","Goal 3 PBE-UD analytical rederivation"
8,7,5,4,3,0.9,0.2,0.9,0.5,0.9,0.128571428571429,0.485714285714286,0.271428571428571,-0.285714285714286,FALSE,TRUE,0.485714285714286,"exclusion",0.8,0.1,0.771428571428571,0.4,0.0914285714285714,-0.517142857142857,0.0914285714285714,-0.208571428571429,FALSE,0,"2026-08-04","Goal 3 PBE-UD analytical rederivation"
9,8,5,4,3,0.9,0.2,0.9,0.5,0.9,0.1125,0.55,0.2875,-0.2375,FALSE,TRUE,0.55,"exclusion",0.8,0.1,0.7875,0.4,0.085,-0.53,0.085,-0.215,FALSE,0,"2026-08-04","Goal 3 PBE-UD analytical rederivation"
10,9,6,5,4,0.9,0.2,0.9,0.5,0.9,0.1,0.5,0.25,-0.3,FALSE,TRUE,0.5,"exclusion",0.8,0.1,0.8,0.4,0.08,-0.54,0.08,-0.22,FALSE,0,"2026-08-04","Goal 3 PBE-UD analytical rederivation"
3,2,2,1,0,0.2,0.5,0.9,0.5,0.9,0.1,0.9,0.3,0.1,FALSE,TRUE,0.9,"exclusion",0.5,0.1,0.1,0.25,0.225,0.05,0.225,0.075,FALSE,0,"2026-08-04","Goal 3 PBE-UD analytical rederivation"
4,3,3,2,1,0.2,0.5,0.9,0.5,0.9,0.0666666666666667,0.866666666666667,0.25,0.0333333333333333,FALSE,TRUE,0.866666666666667,"exclusion",0.5,0.1,0.133333333333333,0.25,0.216666666666667,0.0333333333333333,0.216666666666667,0.0666666666666667,FALSE,0,"2026-08-04","Goal 3 PBE-UD analytical rederivation"
5,4,3,2,1,0.2,0.5,0.9,0.5,0.9,0.05,0.9,0.25,0.05,FALSE,TRUE,0.9,"exclusion",0.5,0.1,0.15,0.25,0.2125,0.025,0.2125,0.0625,FALSE,0,"2026-08-04","Goal 3 PBE-UD analytical rederivation"
6,5,4,3,2,0.2,0.5,0.9,0.5,0.9,0.04,0.88,0.23,0.02,FALSE,TRUE,0.88,"exclusion",0.5,0.1,0.16,0.25,0.21,0.02,0.21,0.06,FALSE,0,"2026-08-04","Goal 3 PBE-UD analytical rederivation"
7,6,4,3,2,0.2,0.5,0.9,0.5,0.9,0.0333333333333333,0.9,0.233333333333333,0.0333333333333333,FALSE,TRUE,0.9,"exclusion",0.5,0.1,0.166666666666667,0.25,0.208333333333333,0.0166666666666666,0.208333333333333,0.0583333333333333,FALSE,0,"2026-08-04","Goal 3 PBE-UD analytical rederivation"
8,7,5,4,3,0.2,0.5,0.9,0.5,0.9,0.0285714285714286,0.885714285714286,0.221428571428571,0.0142857142857143,FALSE,TRUE,0.885714285714286,"exclusion",0.5,0.1,0.171428571428571,0.25,0.207142857142857,0.0142857142857142,0.207142857142857,0.0571428571428571,FALSE,0,"2026-08-04","Goal 3 PBE-UD analytical rederivation"
9,8,5,4,3,0.2,0.5,0.9,0.5,0.9,0.025,0.9,0.225,0.025,FALSE,TRUE,0.9,"exclusion",0.5,0.1,0.175,0.25,0.20625,0.0125,0.20625,0.05625,FALSE,0,"2026-08-04","Goal 3 PBE-UD analytical rederivation"
10,9,6,5,4,0.2,0.5,0.9,0.5,0.9,0.0222222222222222,0.888888888888889,0.216666666666667,0.0111111111111111,FALSE,TRUE,0.888888888888889,"exclusion",0.5,0.1,0.177777777777778,0.25,0.205555555555556,0.0111111111111111,0.205555555555556,0.0555555555555555,FALSE,0,"2026-08-04","Goal 3 PBE-UD analytical rederivation"
3,2,2,1,0,0.5,0.5,0.9,0.5,0.9,0.25,0.75,0.375,0.1,FALSE,TRUE,0.75,"exclusion",0.5,0.1,0.25,0.25,0.1875,-0.025,0.1875,0.0375,FALSE,0,"2026-08-04","Goal 3 PBE-UD analytical rederivation"
4,3,3,2,1,0.5,0.5,0.9,0.5,0.9,0.166666666666667,0.666666666666667,0.25,-0.0666666666666667,FALSE,TRUE,0.666666666666667,"exclusion",0.5,0.1,0.333333333333333,0.25,0.166666666666667,-0.0666666666666667,0.166666666666667,0.0166666666666666,FALSE,0,"2026-08-04","Goal 3 PBE-UD analytical rederivation"
5,4,3,2,1,0.5,0.5,0.9,0.5,0.9,0.125,0.75,0.25,-0.025,FALSE,TRUE,0.75,"exclusion",0.5,0.1,0.375,0.25,0.15625,-0.0875,0.15625,0.00624999999999998,FALSE,0,"2026-08-04","Goal 3 PBE-UD analytical rederivation"
6,5,4,3,2,0.5,0.5,0.9,0.5,0.9,0.1,0.7,0.2,-0.1,FALSE,TRUE,0.7,"exclusion",0.5,0.1,0.4,0.25,0.15,-0.1,0.15,-2.77555756156289e-17,FALSE,0,"2026-08-04","Goal 3 PBE-UD analytical rederivation"
7,6,4,3,2,0.5,0.5,0.9,0.5,0.9,0.0833333333333333,0.75,0.208333333333333,-0.0666666666666667,FALSE,TRUE,0.75,"exclusion",0.5,0.1,0.416666666666667,0.25,0.145833333333333,-0.108333333333333,0.145833333333333,-0.00416666666666669,FALSE,0,"2026-08-04","Goal 3 PBE-UD analytical rederivation"
8,7,5,4,3,0.5,0.5,0.9,0.5,0.9,0.0714285714285714,0.714285714285714,0.178571428571429,-0.114285714285714,FALSE,TRUE,0.714285714285714,"exclusion",0.5,0.1,0.428571428571429,0.25,0.142857142857143,-0.114285714285714,0.142857142857143,-0.00714285714285716,FALSE,0,"2026-08-04","Goal 3 PBE-UD analytical rederivation"
9,8,5,4,3,0.5,0.5,0.9,0.5,0.9,0.0625,0.75,0.1875,-0.0875,FALSE,TRUE,0.75,"exclusion",0.5,0.1,0.4375,0.25,0.140625,-0.11875,0.140625,-0.00937500000000002,FALSE,0,"2026-08-04","Goal 3 PBE-UD analytical rederivation"
10,9,6,5,4,0.5,0.5,0.9,0.5,0.9,0.0555555555555556,0.722222222222222,0.166666666666667,-0.122222222222222,FALSE,TRUE,0.722222222222222,"exclusion",0.5,0.1,0.444444444444444,0.25,0.138888888888889,-0.122222222222222,0.138888888888889,-0.0111111111111111,FALSE,0,"2026-08-04","Goal 3 PBE-UD analytical rederivation"
3,2,2,1,0,0.9,0.5,0.9,0.5,0.9,0.45,0.55,0.475,0.1,FALSE,TRUE,0.55,"exclusion",0.5,0.1,0.45,0.25,0.1375,-0.125,0.1375,-0.0125,FALSE,0,"2026-08-04","Goal 3 PBE-UD analytical rederivation"
4,3,3,2,1,0.9,0.5,0.9,0.5,0.9,0.3,0.4,0.25,-0.2,FALSE,TRUE,0.4,"exclusion",0.5,0.1,0.6,0.25,0.1,-0.2,0.1,-0.05,FALSE,0,"2026-08-04","Goal 3 PBE-UD analytical rederivation"
5,4,3,2,1,0.9,0.5,0.9,0.5,0.9,0.225,0.55,0.25,-0.125,FALSE,TRUE,0.55,"exclusion",0.5,0.1,0.675,0.25,0.08125,-0.2375,0.08125,-0.06875,FALSE,0,"2026-08-04","Goal 3 PBE-UD analytical rederivation"
6,5,4,3,2,0.9,0.5,0.9,0.5,0.9,0.18,0.46,0.16,-0.26,FALSE,TRUE,0.46,"exclusion",0.5,0.1,0.72,0.25,0.07,-0.26,0.07,-0.08,FALSE,0,"2026-08-04","Goal 3 PBE-UD analytical rederivation"
7,6,4,3,2,0.9,0.5,0.9,0.5,0.9,0.15,0.55,0.175,-0.2,FALSE,TRUE,0.55,"exclusion",0.5,0.1,0.75,0.25,0.0625,-0.275,0.0625,-0.0875,FALSE,0,"2026-08-04","Goal 3 PBE-UD analytical rederivation"
8,7,5,4,3,0.9,0.5,0.9,0.5,0.9,0.128571428571429,0.485714285714286,0.121428571428571,-0.285714285714286,FALSE,TRUE,0.485714285714286,"exclusion",0.5,0.1,0.771428571428571,0.25,0.0571428571428571,-0.285714285714286,0.0571428571428571,-0.0928571428571429,FALSE,0,"2026-08-04","Goal 3 PBE-UD analytical rederivation"
9,8,5,4,3,0.9,0.5,0.9,0.5,0.9,0.1125,0.55,0.1375,-0.2375,FALSE,TRUE,0.55,"exclusion",0.5,0.1,0.7875,0.25,0.053125,-0.29375,0.053125,-0.096875,FALSE,0,"2026-08-04","Goal 3 PBE-UD analytical rederivation"
10,9,6,5,4,0.9,0.5,0.9,0.5,0.9,0.1,0.5,0.1,-0.3,FALSE,TRUE,0.5,"exclusion",0.5,0.1,0.8,0.25,0.05,-0.3,0.05,-0.1,FALSE,0,"2026-08-04","Goal 3 PBE-UD analytical rederivation"
3,2,2,1,0,0.2,0.05,0.3,0.9,0.3,0.1,0.9,0.185,0.7,FALSE,TRUE,0.9,"exclusion",0.95,0.7,0.1,0.7,0.0855,0.605,0.0855,0.63,FALSE,0,"2026-08-04","Goal 3 PBE-UD analytical rederivation"
4,3,3,2,1,0.2,0.05,0.3,0.9,0.3,0.0666666666666667,0.866666666666667,0.148333333333333,0.633333333333333,FALSE,TRUE,0.866666666666667,"exclusion",0.95,0.7,0.133333333333333,0.7,0.0823333333333333,0.573333333333333,0.0823333333333333,0.606666666666667,FALSE,0,"2026-08-04","Goal 3 PBE-UD analytical rederivation"
5,4,3,2,1,0.2,0.05,0.3,0.9,0.3,0.05,0.9,0.135,0.65,FALSE,TRUE,0.9,"exclusion",0.95,0.7,0.15,0.7,0.08075,0.5575,0.08075,0.595,FALSE,0,"2026-08-04","Goal 3 PBE-UD analytical rederivation"
6,5,4,3,2,0.2,0.05,0.3,0.9,0.3,0.04,0.88,0.123,0.62,FALSE,TRUE,0.88,"exclusion",0.95,0.7,0.16,0.7,0.0798,0.548,0.0798,0.588,FALSE,0,"2026-08-04","Goal 3 PBE-UD analytical rederivation"
7,6,4,3,2,0.2,0.05,0.3,0.9,0.3,0.0333333333333333,0.9,0.118333333333333,0.633333333333333,FALSE,TRUE,0.9,"exclusion",0.95,0.7,0.166666666666667,0.7,0.0791666666666666,0.541666666666667,0.0791666666666666,0.583333333333333,FALSE,0,"2026-08-04","Goal 3 PBE-UD analytical rederivation"
8,7,5,4,3,0.2,0.05,0.3,0.9,0.3,0.0285714285714286,0.885714285714286,0.112142857142857,0.614285714285714,FALSE,TRUE,0.885714285714286,"exclusion",0.95,0.7,0.171428571428571,0.7,0.0787142857142857,0.537142857142857,0.0787142857142857,0.58,FALSE,0,"2026-08-04","Goal 3 PBE-UD analytical rederivation"
9,8,5,4,3,0.2,0.05,0.3,0.9,0.3,0.025,0.9,0.11,0.625,FALSE,TRUE,0.9,"exclusion",0.95,0.7,0.175,0.7,0.078375,0.53375,0.078375,0.5775,FALSE,0,"2026-08-04","Goal 3 PBE-UD analytical rederivation"
10,9,6,5,4,0.2,0.05,0.3,0.9,0.3,0.0222222222222222,0.888888888888889,0.106111111111111,0.611111111111111,FALSE,TRUE,0.888888888888889,"exclusion",0.95,0.7,0.177777777777778,0.7,0.0781111111111111,0.531111111111111,0.0781111111111111,0.575555555555555,FALSE,0,"2026-08-04","Goal 3 PBE-UD analytical rederivation"
3,2,2,1,0,0.5,0.05,0.3,0.9,0.3,0.25,0.75,0.32,0.7,FALSE,TRUE,0.75,"exclusion",0.95,0.7,0.25,0.7,0.07125,0.4625,0.07125,0.525,FALSE,0,"2026-08-04","Goal 3 PBE-UD analytical rederivation"
4,3,3,2,1,0.5,0.05,0.3,0.9,0.3,0.166666666666667,0.666666666666667,0.228333333333333,0.533333333333333,FALSE,TRUE,0.666666666666667,"exclusion",0.95,0.7,0.333333333333333,0.7,0.0633333333333333,0.383333333333333,0.0633333333333333,0.466666666666667,FALSE,0,"2026-08-04","Goal 3 PBE-UD analytical rederivation"
5,4,3,2,1,0.5,0.05,0.3,0.9,0.3,0.125,0.75,0.195,0.575,FALSE,TRUE,0.75,"exclusion",0.95,0.7,0.375,0.7,0.059375,0.34375,0.059375,0.4375,FALSE,0,"2026-08-04","Goal 3 PBE-UD analytical rederivation"
6,5,4,3,2,0.5,0.05,0.3,0.9,0.3,0.1,0.7,0.165,0.5,FALSE,TRUE,0.7,"exclusion",0.95,0.7,0.4,0.7,0.057,0.32,0.057,0.42,FALSE,0,"2026-08-04","Goal 3 PBE-UD analytical rederivation"
7,6,4,3,2,0.5,0.05,0.3,0.9,0.3,0.0833333333333333,0.75,0.153333333333333,0.533333333333333,FALSE,TRUE,0.75,"exclusion",0.95,0.7,0.416666666666667,0.7,0.0554166666666666,0.304166666666667,0.0554166666666666,0.408333333333333,FALSE,0,"2026-08-04","Goal 3 PBE-UD analytical rederivation"
8,7,5,4,3,0.5,0.05,0.3,0.9,0.3,0.0714285714285714,0.714285714285714,0.137857142857143,0.485714285714286,FALSE,TRUE,0.714285714285714,"exclusion",0.95,0.7,0.428571428571429,0.7,0.0542857142857143,0.292857142857143,0.0542857142857143,0.4,FALSE,0,"2026-08-04","Goal 3 PBE-UD analytical rederivation"
9,8,5,4,3,0.5,0.05,0.3,0.9,0.3,0.0625,0.75,0.1325,0.5125,FALSE,TRUE,0.75,"exclusion",0.95,0.7,0.4375,0.7,0.0534375,0.284375,0.0534375,0.39375,FALSE,0,"2026-08-04","Goal 3 PBE-UD analytical rederivation"
10,9,6,5,4,0.5,0.05,0.3,0.9,0.3,0.0555555555555556,0.722222222222222,0.122777777777778,0.477777777777778,FALSE,TRUE,0.722222222222222,"exclusion",0.95,0.7,0.444444444444444,0.7,0.0527777777777778,0.277777777777778,0.0527777777777778,0.388888888888889,FALSE,0,"2026-08-04","Goal 3 PBE-UD analytical rederivation"
3,2,2,1,0,0.9,0.05,0.3,0.9,0.3,0.45,0.55,0.5,0.7,FALSE,TRUE,0.7,"pooling",0.95,0.7,0.45,0.7,0.05225,0.2725,0.05225,0.385,FALSE,0,"2026-08-04","Goal 3 PBE-UD analytical rederivation"
4,3,3,2,1,0.9,0.05,0.3,0.9,0.3,0.3,0.4,0.335,0.4,FALSE,TRUE,0.4,"exclusion",0.95,0.7,0.6,0.7,0.038,0.13,0.038,0.28,FALSE,0,"2026-08-04","Goal 3 PBE-UD analytical rederivation"
5,4,3,2,1,0.9,0.05,0.3,0.9,0.3,0.225,0.55,0.275,0.475,FALSE,TRUE,0.55,"exclusion",0.95,0.7,0.675,0.7,0.030875,0.05875,0.030875,0.2275,FALSE,0,"2026-08-04","Goal 3 PBE-UD analytical rederivation"
6,5,4,3,2,0.9,0.05,0.3,0.9,0.3,0.18,0.46,0.221,0.34,FALSE,TRUE,0.46,"exclusion",0.95,0.7,0.72,0.7,0.0266,0.016,0.0266,0.196,FALSE,0,"2026-08-04","Goal 3 PBE-UD analytical rederivation"
7,6,4,3,2,0.9,0.05,0.3,0.9,0.3,0.15,0.55,0.2,0.4,FALSE,TRUE,0.55,"exclusion",0.95,0.7,0.75,0.7,0.02375,-0.0125,0.02375,0.175,FALSE,0,"2026-08-04","Goal 3 PBE-UD analytical rederivation"
8,7,5,4,3,0.9,0.05,0.3,0.9,0.3,0.128571428571429,0.485714285714286,0.172142857142857,0.314285714285714,FALSE,TRUE,0.485714285714286,"exclusion",0.95,0.7,0.771428571428571,0.7,0.0217142857142857,-0.0328571428571429,0.0217142857142857,0.16,FALSE,0,"2026-08-04","Goal 3 PBE-UD analytical rederivation"
9,8,5,4,3,0.9,0.05,0.3,0.9,0.3,0.1125,0.55,0.1625,0.3625,FALSE,TRUE,0.55,"exclusion",0.95,0.7,0.7875,0.7,0.0201875,-0.048125,0.0201875,0.14875,FALSE,0,"2026-08-04","Goal 3 PBE-UD analytical rederivation"
10,9,6,5,4,0.9,0.05,0.3,0.9,0.3,0.1,0.5,0.145,0.3,FALSE,TRUE,0.5,"exclusion",0.95,0.7,0.8,0.7,0.019,-0.06,0.019,0.14,FALSE,0,"2026-08-04","Goal 3 PBE-UD analytical rederivation"
3,2,2,1,0,0.2,0.2,0.3,0.9,0.3,0.1,0.9,0.17,0.7,FALSE,TRUE,0.9,"exclusion",0.8,0.7,0.1,0.7,0.072,0.62,0.072,0.63,FALSE,0,"2026-08-04","Goal 3 PBE-UD analytical rederivation"
4,3,3,2,1,0.2,0.2,0.3,0.9,0.3,0.0666666666666667,0.866666666666667,0.133333333333333,0.633333333333333,FALSE,TRUE,0.866666666666667,"exclusion",0.8,0.7,0.133333333333333,0.7,0.0693333333333333,0.593333333333333,0.0693333333333333,0.606666666666667,FALSE,0,"2026-08-04","Goal 3 PBE-UD analytical rederivation"
5,4,3,2,1,0.2,0.2,0.3,0.9,0.3,0.05,0.9,0.12,0.65,FALSE,TRUE,0.9,"exclusion",0.8,0.7,0.15,0.7,0.068,0.58,0.068,0.595,FALSE,0,"2026-08-04","Goal 3 PBE-UD analytical rederivation"
6,5,4,3,2,0.2,0.2,0.3,0.9,0.3,0.04,0.88,0.108,0.62,FALSE,TRUE,0.88,"exclusion",0.8,0.7,0.16,0.7,0.0672,0.572,0.0672,0.588,FALSE,0,"2026-08-04","Goal 3 PBE-UD analytical rederivation"
7,6,4,3,2,0.2,0.2,0.3,0.9,0.3,0.0333333333333333,0.9,0.103333333333333,0.633333333333333,FALSE,TRUE,0.9,"exclusion",0.8,0.7,0.166666666666667,0.7,0.0666666666666667,0.566666666666667,0.0666666666666667,0.583333333333333,FALSE,0,"2026-08-04","Goal 3 PBE-UD analytical rederivation"
8,7,5,4,3,0.2,0.2,0.3,0.9,0.3,0.0285714285714286,0.885714285714286,0.0971428571428571,0.614285714285714,FALSE,TRUE,0.885714285714286,"exclusion",0.8,0.7,0.171428571428571,0.7,0.0662857142857143,0.562857142857143,0.0662857142857143,0.58,FALSE,0,"2026-08-04","Goal 3 PBE-UD analytical rederivation"
9,8,5,4,3,0.2,0.2,0.3,0.9,0.3,0.025,0.9,0.095,0.625,FALSE,TRUE,0.9,"exclusion",0.8,0.7,0.175,0.7,0.066,0.56,0.066,0.5775,FALSE,0,"2026-08-04","Goal 3 PBE-UD analytical rederivation"
10,9,6,5,4,0.2,0.2,0.3,0.9,0.3,0.0222222222222222,0.888888888888889,0.0911111111111111,0.611111111111111,FALSE,TRUE,0.888888888888889,"exclusion",0.8,0.7,0.177777777777778,0.7,0.0657777777777778,0.557777777777778,0.0657777777777778,0.575555555555555,FALSE,0,"2026-08-04","Goal 3 PBE-UD analytical rederivation"
3,2,2,1,0,0.5,0.2,0.3,0.9,0.3,0.25,0.75,0.305,0.7,FALSE,TRUE,0.75,"exclusion",0.8,0.7,0.25,0.7,0.06,0.5,0.06,0.525,FALSE,0,"2026-08-04","Goal 3 PBE-UD analytical rederivation"
4,3,3,2,1,0.5,0.2,0.3,0.9,0.3,0.166666666666667,0.666666666666667,0.213333333333333,0.533333333333333,FALSE,TRUE,0.666666666666667,"exclusion",0.8,0.7,0.333333333333333,0.7,0.0533333333333333,0.433333333333333,0.0533333333333333,0.466666666666667,FALSE,0,"2026-08-04","Goal 3 PBE-UD analytical rederivation"
5,4,3,2,1,0.5,0.2,0.3,0.9,0.3,0.125,0.75,0.18,0.575,FALSE,TRUE,0.75,"exclusion",0.8,0.7,0.375,0.7,0.05,0.4,0.05,0.4375,FALSE,0,"2026-08-04","Goal 3 PBE-UD analytical rederivation"
6,5,4,3,2,0.5,0.2,0.3,0.9,0.3,0.1,0.7,0.15,0.5,FALSE,TRUE,0.7,"exclusion",0.8,0.7,0.4,0.7,0.048,0.38,0.048,0.42,FALSE,0,"2026-08-04","Goal 3 PBE-UD analytical rederivation"
7,6,4,3,2,0.5,0.2,0.3,0.9,0.3,0.0833333333333333,0.75,0.138333333333333,0.533333333333333,FALSE,TRUE,0.75,"exclusion",0.8,0.7,0.416666666666667,0.7,0.0466666666666667,0.366666666666667,0.0466666666666667,0.408333333333333,FALSE,0,"2026-08-04","Goal 3 PBE-UD analytical rederivation"
8,7,5,4,3,0.5,0.2,0.3,0.9,0.3,0.0714285714285714,0.714285714285714,0.122857142857143,0.485714285714286,FALSE,TRUE,0.714285714285714,"exclusion",0.8,0.7,0.428571428571429,0.7,0.0457142857142857,0.357142857142857,0.0457142857142857,0.4,FALSE,0,"2026-08-04","Goal 3 PBE-UD analytical rederivation"
9,8,5,4,3,0.5,0.2,0.3,0.9,0.3,0.0625,0.75,0.1175,0.5125,FALSE,TRUE,0.75,"exclusion",0.8,0.7,0.4375,0.7,0.045,0.35,0.045,0.39375,FALSE,0,"2026-08-04","Goal 3 PBE-UD analytical rederivation"
10,9,6,5,4,0.5,0.2,0.3,0.9,0.3,0.0555555555555556,0.722222222222222,0.107777777777778,0.477777777777778,FALSE,TRUE,0.722222222222222,"exclusion",0.8,0.7,0.444444444444444,0.7,0.0444444444444444,0.344444444444444,0.0444444444444444,0.388888888888889,FALSE,0,"2026-08-04","Goal 3 PBE-UD analytical rederivation"
3,2,2,1,0,0.9,0.2,0.3,0.9,0.3,0.45,0.55,0.485,0.7,FALSE,TRUE,0.7,"pooling",0.8,0.7,0.45,0.7,0.044,0.34,0.044,0.385,FALSE,0,"2026-08-04","Goal 3 PBE-UD analytical rederivation"
4,3,3,2,1,0.9,0.2,0.3,0.9,0.3,0.3,0.4,0.32,0.4,FALSE,TRUE,0.4,"exclusion",0.8,0.7,0.6,0.7,0.032,0.22,0.032,0.28,FALSE,0,"2026-08-04","Goal 3 PBE-UD analytical rederivation"
5,4,3,2,1,0.9,0.2,0.3,0.9,0.3,0.225,0.55,0.26,0.475,FALSE,TRUE,0.55,"exclusion",0.8,0.7,0.675,0.7,0.026,0.16,0.026,0.2275,FALSE,0,"2026-08-04","Goal 3 PBE-UD analytical rederivation"
6,5,4,3,2,0.9,0.2,0.3,0.9,0.3,0.18,0.46,0.206,0.34,FALSE,TRUE,0.46,"exclusion",0.8,0.7,0.72,0.7,0.0224,0.124,0.0224,0.196,FALSE,0,"2026-08-04","Goal 3 PBE-UD analytical rederivation"
7,6,4,3,2,0.9,0.2,0.3,0.9,0.3,0.15,0.55,0.185,0.4,FALSE,TRUE,0.55,"exclusion",0.8,0.7,0.75,0.7,0.02,0.0999999999999999,0.02,0.175,FALSE,0,"2026-08-04","Goal 3 PBE-UD analytical rederivation"
8,7,5,4,3,0.9,0.2,0.3,0.9,0.3,0.128571428571429,0.485714285714286,0.157142857142857,0.314285714285714,FALSE,TRUE,0.485714285714286,"exclusion",0.8,0.7,0.771428571428571,0.7,0.0182857142857143,0.0828571428571427,0.0182857142857143,0.16,FALSE,0,"2026-08-04","Goal 3 PBE-UD analytical rederivation"
9,8,5,4,3,0.9,0.2,0.3,0.9,0.3,0.1125,0.55,0.1475,0.3625,FALSE,TRUE,0.55,"exclusion",0.8,0.7,0.7875,0.7,0.017,0.07,0.017,0.14875,FALSE,0,"2026-08-04","Goal 3 PBE-UD analytical rederivation"
10,9,6,5,4,0.9,0.2,0.3,0.9,0.3,0.1,0.5,0.13,0.3,FALSE,TRUE,0.5,"exclusion",0.8,0.7,0.8,0.7,0.016,0.0599999999999998,0.016,0.14,FALSE,0,"2026-08-04","Goal 3 PBE-UD analytical rederivation"
3,2,2,1,0,0.2,0.05,0.6,0.9,0.6,0.1,0.9,0.185,0.4,FALSE,TRUE,0.9,"exclusion",0.95,0.4,0.1,0.4,0.0855,0.305,0.0855,0.36,FALSE,0,"2026-08-04","Goal 3 PBE-UD analytical rederivation"
4,3,3,2,1,0.2,0.05,0.6,0.9,0.6,0.0666666666666667,0.866666666666667,0.148333333333333,0.333333333333333,FALSE,TRUE,0.866666666666667,"exclusion",0.95,0.4,0.133333333333333,0.4,0.0823333333333333,0.273333333333333,0.0823333333333333,0.346666666666667,FALSE,0,"2026-08-04","Goal 3 PBE-UD analytical rederivation"
5,4,3,2,1,0.2,0.05,0.6,0.9,0.6,0.05,0.9,0.135,0.35,FALSE,TRUE,0.9,"exclusion",0.95,0.4,0.15,0.4,0.08075,0.2575,0.08075,0.34,FALSE,0,"2026-08-04","Goal 3 PBE-UD analytical rederivation"
6,5,4,3,2,0.2,0.05,0.6,0.9,0.6,0.04,0.88,0.123,0.32,FALSE,TRUE,0.88,"exclusion",0.95,0.4,0.16,0.4,0.0798,0.248,0.0798,0.336,FALSE,0,"2026-08-04","Goal 3 PBE-UD analytical rederivation"
7,6,4,3,2,0.2,0.05,0.6,0.9,0.6,0.0333333333333333,0.9,0.118333333333333,0.333333333333333,FALSE,TRUE,0.9,"exclusion",0.95,0.4,0.166666666666667,0.4,0.0791666666666666,0.241666666666667,0.0791666666666666,0.333333333333333,FALSE,0,"2026-08-04","Goal 3 PBE-UD analytical rederivation"
8,7,5,4,3,0.2,0.05,0.6,0.9,0.6,0.0285714285714286,0.885714285714286,0.112142857142857,0.314285714285714,FALSE,TRUE,0.885714285714286,"exclusion",0.95,0.4,0.171428571428571,0.4,0.0787142857142857,0.237142857142857,0.0787142857142857,0.331428571428571,FALSE,0,"2026-08-04","Goal 3 PBE-UD analytical rederivation"
9,8,5,4,3,0.2,0.05,0.6,0.9,0.6,0.025,0.9,0.11,0.325,FALSE,TRUE,0.9,"exclusion",0.95,0.4,0.175,0.4,0.078375,0.23375,0.078375,0.33,FALSE,0,"2026-08-04","Goal 3 PBE-UD analytical rederivation"
10,9,6,5,4,0.2,0.05,0.6,0.9,0.6,0.0222222222222222,0.888888888888889,0.106111111111111,0.311111111111111,FALSE,TRUE,0.888888888888889,"exclusion",0.95,0.4,0.177777777777778,0.4,0.0781111111111111,0.231111111111111,0.0781111111111111,0.328888888888889,FALSE,0,"2026-08-04","Goal 3 PBE-UD analytical rederivation"
3,2,2,1,0,0.5,0.05,0.6,0.9,0.6,0.25,0.75,0.32,0.4,FALSE,TRUE,0.75,"exclusion",0.95,0.4,0.25,0.4,0.07125,0.1625,0.07125,0.3,FALSE,0,"2026-08-04","Goal 3 PBE-UD analytical rederivation"
4,3,3,2,1,0.5,0.05,0.6,0.9,0.6,0.166666666666667,0.666666666666667,0.228333333333333,0.233333333333333,FALSE,TRUE,0.666666666666667,"exclusion",0.95,0.4,0.333333333333333,0.4,0.0633333333333333,0.0833333333333334,0.0633333333333333,0.266666666666667,FALSE,0,"2026-08-04","Goal 3 PBE-UD analytical rederivation"
5,4,3,2,1,0.5,0.05,0.6,0.9,0.6,0.125,0.75,0.195,0.275,FALSE,TRUE,0.75,"exclusion",0.95,0.4,0.375,0.4,0.059375,0.0437500000000001,0.059375,0.25,FALSE,0,"2026-08-04","Goal 3 PBE-UD analytical rederivation"
6,5,4,3,2,0.5,0.05,0.6,0.9,0.6,0.1,0.7,0.165,0.2,FALSE,TRUE,0.7,"exclusion",0.95,0.4,0.4,0.4,0.057,0.02,0.057,0.24,FALSE,0,"2026-08-04","Goal 3 PBE-UD analytical rederivation"
7,6,4,3,2,0.5,0.05,0.6,0.9,0.6,0.0833333333333333,0.75,0.153333333333333,0.233333333333333,FALSE,TRUE,0.75,"exclusion",0.95,0.4,0.416666666666667,0.4,0.0554166666666666,0.00416666666666671,0.0554166666666666,0.233333333333333,FALSE,0,"2026-08-04","Goal 3 PBE-UD analytical rederivation"
8,7,5,4,3,0.5,0.05,0.6,0.9,0.6,0.0714285714285714,0.714285714285714,0.137857142857143,0.185714285714286,FALSE,TRUE,0.714285714285714,"exclusion",0.95,0.4,0.428571428571429,0.4,0.0542857142857143,-0.00714285714285706,0.0542857142857143,0.228571428571429,FALSE,0,"2026-08-04","Goal 3 PBE-UD analytical rederivation"
9,8,5,4,3,0.5,0.05,0.6,0.9,0.6,0.0625,0.75,0.1325,0.2125,FALSE,TRUE,0.75,"exclusion",0.95,0.4,0.4375,0.4,0.0534375,-0.0156249999999999,0.0534375,0.225,FALSE,0,"2026-08-04","Goal 3 PBE-UD analytical rederivation"
10,9,6,5,4,0.5,0.05,0.6,0.9,0.6,0.0555555555555556,0.722222222222222,0.122777777777778,0.177777777777778,FALSE,TRUE,0.722222222222222,"exclusion",0.95,0.4,0.444444444444444,0.4,0.0527777777777778,-0.0222222222222221,0.0527777777777778,0.222222222222222,FALSE,0,"2026-08-04","Goal 3 PBE-UD analytical rederivation"
3,2,2,1,0,0.9,0.05,0.6,0.9,0.6,0.45,0.55,0.5,0.4,FALSE,TRUE,0.55,"exclusion",0.95,0.4,0.45,0.4,0.05225,-0.0275,0.05225,0.22,FALSE,0,"2026-08-04","Goal 3 PBE-UD analytical rederivation"
4,3,3,2,1,0.9,0.05,0.6,0.9,0.6,0.3,0.4,0.335,0.1,FALSE,TRUE,0.4,"exclusion",0.95,0.4,0.6,0.4,0.038,-0.17,0.038,0.16,FALSE,0,"2026-08-04","Goal 3 PBE-UD analytical rederivation"
5,4,3,2,1,0.9,0.05,0.6,0.9,0.6,0.225,0.55,0.275,0.175,FALSE,TRUE,0.55,"exclusion",0.95,0.4,0.675,0.4,0.030875,-0.24125,0.030875,0.13,FALSE,0,"2026-08-04","Goal 3 PBE-UD analytical rederivation"
6,5,4,3,2,0.9,0.05,0.6,0.9,0.6,0.18,0.46,0.221,0.04,FALSE,TRUE,0.46,"exclusion",0.95,0.4,0.72,0.4,0.0266,-0.284,0.0266,0.112,FALSE,0,"2026-08-04","Goal 3 PBE-UD analytical rederivation"
7,6,4,3,2,0.9,0.05,0.6,0.9,0.6,0.15,0.55,0.2,0.1,FALSE,TRUE,0.55,"exclusion",0.95,0.4,0.75,0.4,0.02375,-0.3125,0.02375,0.1,FALSE,0,"2026-08-04","Goal 3 PBE-UD analytical rederivation"
8,7,5,4,3,0.9,0.05,0.6,0.9,0.6,0.128571428571429,0.485714285714286,0.172142857142857,0.0142857142857142,FALSE,TRUE,0.485714285714286,"exclusion",0.95,0.4,0.771428571428571,0.4,0.0217142857142857,-0.332857142857143,0.0217142857142857,0.0914285714285714,FALSE,0,"2026-08-04","Goal 3 PBE-UD analytical rederivation"
9,8,5,4,3,0.9,0.05,0.6,0.9,0.6,0.1125,0.55,0.1625,0.0625,FALSE,TRUE,0.55,"exclusion",0.95,0.4,0.7875,0.4,0.0201875,-0.348125,0.0201875,0.085,FALSE,0,"2026-08-04","Goal 3 PBE-UD analytical rederivation"
10,9,6,5,4,0.9,0.05,0.6,0.9,0.6,0.1,0.5,0.145,0,FALSE,TRUE,0.5,"exclusion",0.95,0.4,0.8,0.4,0.019,-0.36,0.019,0.08,FALSE,0,"2026-08-04","Goal 3 PBE-UD analytical rederivation"
3,2,2,1,0,0.2,0.2,0.6,0.9,0.6,0.1,0.9,0.17,0.4,FALSE,TRUE,0.9,"exclusion",0.8,0.4,0.1,0.4,0.072,0.32,0.072,0.36,FALSE,0,"2026-08-04","Goal 3 PBE-UD analytical rederivation"
4,3,3,2,1,0.2,0.2,0.6,0.9,0.6,0.0666666666666667,0.866666666666667,0.133333333333333,0.333333333333333,FALSE,TRUE,0.866666666666667,"exclusion",0.8,0.4,0.133333333333333,0.4,0.0693333333333333,0.293333333333333,0.0693333333333333,0.346666666666667,FALSE,0,"2026-08-04","Goal 3 PBE-UD analytical rederivation"
5,4,3,2,1,0.2,0.2,0.6,0.9,0.6,0.05,0.9,0.12,0.35,FALSE,TRUE,0.9,"exclusion",0.8,0.4,0.15,0.4,0.068,0.28,0.068,0.34,FALSE,0,"2026-08-04","Goal 3 PBE-UD analytical rederivation"
6,5,4,3,2,0.2,0.2,0.6,0.9,0.6,0.04,0.88,0.108,0.32,FALSE,TRUE,0.88,"exclusion",0.8,0.4,0.16,0.4,0.0672,0.272,0.0672,0.336,FALSE,0,"2026-08-04","Goal 3 PBE-UD analytical rederivation"
7,6,4,3,2,0.2,0.2,0.6,0.9,0.6,0.0333333333333333,0.9,0.103333333333333,0.333333333333333,FALSE,TRUE,0.9,"exclusion",0.8,0.4,0.166666666666667,0.4,0.0666666666666667,0.266666666666667,0.0666666666666667,0.333333333333333,FALSE,0,"2026-08-04","Goal 3 PBE-UD analytical rederivation"
8,7,5,4,3,0.2,0.2,0.6,0.9,0.6,0.0285714285714286,0.885714285714286,0.0971428571428571,0.314285714285714,FALSE,TRUE,0.885714285714286,"exclusion",0.8,0.4,0.171428571428571,0.4,0.0662857142857143,0.262857142857143,0.0662857142857143,0.331428571428571,FALSE,0,"2026-08-04","Goal 3 PBE-UD analytical rederivation"
9,8,5,4,3,0.2,0.2,0.6,0.9,0.6,0.025,0.9,0.095,0.325,FALSE,TRUE,0.9,"exclusion",0.8,0.4,0.175,0.4,0.066,0.26,0.066,0.33,FALSE,0,"2026-08-04","Goal 3 PBE-UD analytical rederivation"
10,9,6,5,4,0.2,0.2,0.6,0.9,0.6,0.0222222222222222,0.888888888888889,0.0911111111111111,0.311111111111111,FALSE,TRUE,0.888888888888889,"exclusion",0.8,0.4,0.177777777777778,0.4,0.0657777777777778,0.257777777777778,0.0657777777777778,0.328888888888889,FALSE,0,"2026-08-04","Goal 3 PBE-UD analytical rederivation"
3,2,2,1,0,0.5,0.2,0.6,0.9,0.6,0.25,0.75,0.305,0.4,FALSE,TRUE,0.75,"exclusion",0.8,0.4,0.25,0.4,0.06,0.2,0.06,0.3,FALSE,0,"2026-08-04","Goal 3 PBE-UD analytical rederivation"
4,3,3,2,1,0.5,0.2,0.6,0.9,0.6,0.166666666666667,0.666666666666667,0.213333333333333,0.233333333333333,FALSE,TRUE,0.666666666666667,"exclusion",0.8,0.4,0.333333333333333,0.4,0.0533333333333333,0.133333333333333,0.0533333333333333,0.266666666666667,FALSE,0,"2026-08-04","Goal 3 PBE-UD analytical rederivation"
5,4,3,2,1,0.5,0.2,0.6,0.9,0.6,0.125,0.75,0.18,0.275,FALSE,TRUE,0.75,"exclusion",0.8,0.4,0.375,0.4,0.05,0.1,0.05,0.25,FALSE,0,"2026-08-04","Goal 3 PBE-UD analytical rederivation"
6,5,4,3,2,0.5,0.2,0.6,0.9,0.6,0.1,0.7,0.15,0.2,FALSE,TRUE,0.7,"exclusion",0.8,0.4,0.4,0.4,0.048,0.08,0.048,0.24,FALSE,0,"2026-08-04","Goal 3 PBE-UD analytical rederivation"
7,6,4,3,2,0.5,0.2,0.6,0.9,0.6,0.0833333333333333,0.75,0.138333333333333,0.233333333333333,FALSE,TRUE,0.75,"exclusion",0.8,0.4,0.416666666666667,0.4,0.0466666666666667,0.0666666666666667,0.0466666666666667,0.233333333333333,FALSE,0,"2026-08-04","Goal 3 PBE-UD analytical rederivation"
8,7,5,4,3,0.5,0.2,0.6,0.9,0.6,0.0714285714285714,0.714285714285714,0.122857142857143,0.185714285714286,FALSE,TRUE,0.714285714285714,"exclusion",0.8,0.4,0.428571428571429,0.4,0.0457142857142857,0.0571428571428572,0.0457142857142857,0.228571428571429,FALSE,0,"2026-08-04","Goal 3 PBE-UD analytical rederivation"
9,8,5,4,3,0.5,0.2,0.6,0.9,0.6,0.0625,0.75,0.1175,0.2125,FALSE,TRUE,0.75,"exclusion",0.8,0.4,0.4375,0.4,0.045,0.05,0.045,0.225,FALSE,0,"2026-08-04","Goal 3 PBE-UD analytical rederivation"
10,9,6,5,4,0.5,0.2,0.6,0.9,0.6,0.0555555555555556,0.722222222222222,0.107777777777778,0.177777777777778,FALSE,TRUE,0.722222222222222,"exclusion",0.8,0.4,0.444444444444444,0.4,0.0444444444444444,0.0444444444444445,0.0444444444444444,0.222222222222222,FALSE,0,"2026-08-04","Goal 3 PBE-UD analytical rederivation"
3,2,2,1,0,0.9,0.2,0.6,0.9,0.6,0.45,0.55,0.485,0.4,FALSE,TRUE,0.55,"exclusion",0.8,0.4,0.45,0.4,0.044,0.04,0.044,0.22,FALSE,0,"2026-08-04","Goal 3 PBE-UD analytical rederivation"
4,3,3,2,1,0.9,0.2,0.6,0.9,0.6,0.3,0.4,0.32,0.1,FALSE,TRUE,0.4,"exclusion",0.8,0.4,0.6,0.4,0.032,-0.08,0.032,0.16,FALSE,0,"2026-08-04","Goal 3 PBE-UD analytical rederivation"
5,4,3,2,1,0.9,0.2,0.6,0.9,0.6,0.225,0.55,0.26,0.175,FALSE,TRUE,0.55,"exclusion",0.8,0.4,0.675,0.4,0.026,-0.14,0.026,0.13,FALSE,0,"2026-08-04","Goal 3 PBE-UD analytical rederivation"
6,5,4,3,2,0.9,0.2,0.6,0.9,0.6,0.18,0.46,0.206,0.04,FALSE,TRUE,0.46,"exclusion",0.8,0.4,0.72,0.4,0.0224,-0.176,0.0224,0.112,FALSE,0,"2026-08-04","Goal 3 PBE-UD analytical rederivation"
7,6,4,3,2,0.9,0.2,0.6,0.9,0.6,0.15,0.55,0.185,0.1,FALSE,TRUE,0.55,"exclusion",0.8,0.4,0.75,0.4,0.02,-0.2,0.02,0.1,FALSE,0,"2026-08-04","Goal 3 PBE-UD analytical rederivation"
8,7,5,4,3,0.9,0.2,0.6,0.9,0.6,0.128571428571429,0.485714285714286,0.157142857142857,0.0142857142857142,FALSE,TRUE,0.485714285714286,"exclusion",0.8,0.4,0.771428571428571,0.4,0.0182857142857143,-0.217142857142857,0.0182857142857143,0.0914285714285714,FALSE,0,"2026-08-04","Goal 3 PBE-UD analytical rederivation"
9,8,5,4,3,0.9,0.2,0.6,0.9,0.6,0.1125,0.55,0.1475,0.0625,FALSE,TRUE,0.55,"exclusion",0.8,0.4,0.7875,0.4,0.017,-0.23,0.017,0.085,FALSE,0,"2026-08-04","Goal 3 PBE-UD analytical rederivation"
10,9,6,5,4,0.9,0.2,0.6,0.9,0.6,0.1,0.5,0.13,0,FALSE,TRUE,0.5,"exclusion",0.8,0.4,0.8,0.4,0.016,-0.24,0.016,0.08,FALSE,0,"2026-08-04","Goal 3 PBE-UD analytical rederivation"
3,2,2,1,0,0.2,0.5,0.6,0.9,0.6,0.1,0.9,0.14,0.4,FALSE,TRUE,0.9,"exclusion",0.5,0.4,0.1,0.4,0.045,0.35,0.045,0.36,FALSE,0,"2026-08-04","Goal 3 PBE-UD analytical rederivation"
4,3,3,2,1,0.2,0.5,0.6,0.9,0.6,0.0666666666666667,0.866666666666667,0.103333333333333,0.333333333333333,FALSE,TRUE,0.866666666666667,"exclusion",0.5,0.4,0.133333333333333,0.4,0.0433333333333333,0.333333333333333,0.0433333333333333,0.346666666666667,FALSE,0,"2026-08-04","Goal 3 PBE-UD analytical rederivation"
5,4,3,2,1,0.2,0.5,0.6,0.9,0.6,0.05,0.9,0.09,0.35,FALSE,TRUE,0.9,"exclusion",0.5,0.4,0.15,0.4,0.0425,0.325,0.0425,0.34,FALSE,0,"2026-08-04","Goal 3 PBE-UD analytical rederivation"
6,5,4,3,2,0.2,0.5,0.6,0.9,0.6,0.04,0.88,0.078,0.32,FALSE,TRUE,0.88,"exclusion",0.5,0.4,0.16,0.4,0.042,0.32,0.042,0.336,FALSE,0,"2026-08-04","Goal 3 PBE-UD analytical rederivation"
7,6,4,3,2,0.2,0.5,0.6,0.9,0.6,0.0333333333333333,0.9,0.0733333333333333,0.333333333333333,FALSE,TRUE,0.9,"exclusion",0.5,0.4,0.166666666666667,0.4,0.0416666666666667,0.316666666666667,0.0416666666666667,0.333333333333333,FALSE,0,"2026-08-04","Goal 3 PBE-UD analytical rederivation"
8,7,5,4,3,0.2,0.5,0.6,0.9,0.6,0.0285714285714286,0.885714285714286,0.0671428571428571,0.314285714285714,FALSE,TRUE,0.885714285714286,"exclusion",0.5,0.4,0.171428571428571,0.4,0.0414285714285714,0.314285714285714,0.0414285714285714,0.331428571428571,FALSE,0,"2026-08-04","Goal 3 PBE-UD analytical rederivation"
9,8,5,4,3,0.2,0.5,0.6,0.9,0.6,0.025,0.9,0.065,0.325,FALSE,TRUE,0.9,"exclusion",0.5,0.4,0.175,0.4,0.04125,0.3125,0.04125,0.33,FALSE,0,"2026-08-04","Goal 3 PBE-UD analytical rederivation"
10,9,6,5,4,0.2,0.5,0.6,0.9,0.6,0.0222222222222222,0.888888888888889,0.0611111111111111,0.311111111111111,FALSE,TRUE,0.888888888888889,"exclusion",0.5,0.4,0.177777777777778,0.4,0.0411111111111111,0.311111111111111,0.0411111111111111,0.328888888888889,FALSE,0,"2026-08-04","Goal 3 PBE-UD analytical rederivation"
3,2,2,1,0,0.5,0.5,0.6,0.9,0.6,0.25,0.75,0.275,0.4,FALSE,TRUE,0.75,"exclusion",0.5,0.4,0.25,0.4,0.0375,0.275,0.0375,0.3,FALSE,0,"2026-08-04","Goal 3 PBE-UD analytical rederivation"
4,3,3,2,1,0.5,0.5,0.6,0.9,0.6,0.166666666666667,0.666666666666667,0.183333333333333,0.233333333333333,FALSE,TRUE,0.666666666666667,"exclusion",0.5,0.4,0.333333333333333,0.4,0.0333333333333333,0.233333333333333,0.0333333333333333,0.266666666666667,FALSE,0,"2026-08-04","Goal 3 PBE-UD analytical rederivation"
5,4,3,2,1,0.5,0.5,0.6,0.9,0.6,0.125,0.75,0.15,0.275,FALSE,TRUE,0.75,"exclusion",0.5,0.4,0.375,0.4,0.03125,0.2125,0.03125,0.25,FALSE,0,"2026-08-04","Goal 3 PBE-UD analytical rederivation"
6,5,4,3,2,0.5,0.5,0.6,0.9,0.6,0.1,0.7,0.12,0.2,FALSE,TRUE,0.7,"exclusion",0.5,0.4,0.4,0.4,0.03,0.2,0.03,0.24,FALSE,0,"2026-08-04","Goal 3 PBE-UD analytical rederivation"
7,6,4,3,2,0.5,0.5,0.6,0.9,0.6,0.0833333333333333,0.75,0.108333333333333,0.233333333333333,FALSE,TRUE,0.75,"exclusion",0.5,0.4,0.416666666666667,0.4,0.0291666666666667,0.191666666666667,0.0291666666666667,0.233333333333333,FALSE,0,"2026-08-04","Goal 3 PBE-UD analytical rederivation"
8,7,5,4,3,0.5,0.5,0.6,0.9,0.6,0.0714285714285714,0.714285714285714,0.0928571428571428,0.185714285714286,FALSE,TRUE,0.714285714285714,"exclusion",0.5,0.4,0.428571428571429,0.4,0.0285714285714286,0.185714285714286,0.0285714285714286,0.228571428571429,FALSE,0,"2026-08-04","Goal 3 PBE-UD analytical rederivation"
9,8,5,4,3,0.5,0.5,0.6,0.9,0.6,0.0625,0.75,0.0875,0.2125,FALSE,TRUE,0.75,"exclusion",0.5,0.4,0.4375,0.4,0.028125,0.18125,0.028125,0.225,FALSE,0,"2026-08-04","Goal 3 PBE-UD analytical rederivation"
10,9,6,5,4,0.5,0.5,0.6,0.9,0.6,0.0555555555555556,0.722222222222222,0.0777777777777778,0.177777777777778,FALSE,TRUE,0.722222222222222,"exclusion",0.5,0.4,0.444444444444444,0.4,0.0277777777777778,0.177777777777778,0.0277777777777778,0.222222222222222,FALSE,0,"2026-08-04","Goal 3 PBE-UD analytical rederivation"
3,2,2,1,0,0.9,0.5,0.6,0.9,0.6,0.45,0.55,0.455,0.4,FALSE,TRUE,0.55,"exclusion",0.5,0.4,0.45,0.4,0.0275,0.175,0.0275,0.22,FALSE,0,"2026-08-04","Goal 3 PBE-UD analytical rederivation"
4,3,3,2,1,0.9,0.5,0.6,0.9,0.6,0.3,0.4,0.29,0.1,FALSE,TRUE,0.4,"exclusion",0.5,0.4,0.6,0.4,0.02,0.1,0.02,0.16,FALSE,0,"2026-08-04","Goal 3 PBE-UD analytical rederivation"
5,4,3,2,1,0.9,0.5,0.6,0.9,0.6,0.225,0.55,0.23,0.175,FALSE,TRUE,0.55,"exclusion",0.5,0.4,0.675,0.4,0.01625,0.0625,0.01625,0.13,FALSE,0,"2026-08-04","Goal 3 PBE-UD analytical rederivation"
6,5,4,3,2,0.9,0.5,0.6,0.9,0.6,0.18,0.46,0.176,0.04,FALSE,TRUE,0.46,"exclusion",0.5,0.4,0.72,0.4,0.014,0.04,0.014,0.112,FALSE,0,"2026-08-04","Goal 3 PBE-UD analytical rederivation"
7,6,4,3,2,0.9,0.5,0.6,0.9,0.6,0.15,0.55,0.155,0.1,FALSE,TRUE,0.55,"exclusion",0.5,0.4,0.75,0.4,0.0125,0.025,0.0125,0.1,FALSE,0,"2026-08-04","Goal 3 PBE-UD analytical rederivation"
8,7,5,4,3,0.9,0.5,0.6,0.9,0.6,0.128571428571429,0.485714285714286,0.127142857142857,0.0142857142857142,FALSE,TRUE,0.485714285714286,"exclusion",0.5,0.4,0.771428571428571,0.4,0.0114285714285714,0.0142857142857143,0.0114285714285714,0.0914285714285714,FALSE,0,"2026-08-04","Goal 3 PBE-UD analytical rederivation"
9,8,5,4,3,0.9,0.5,0.6,0.9,0.6,0.1125,0.55,0.1175,0.0625,FALSE,TRUE,0.55,"exclusion",0.5,0.4,0.7875,0.4,0.010625,0.00625000000000003,0.010625,0.085,FALSE,0,"2026-08-04","Goal 3 PBE-UD analytical rederivation"
10,9,6,5,4,0.9,0.5,0.6,0.9,0.6,0.1,0.5,0.1,0,FALSE,TRUE,0.5,"exclusion",0.5,0.4,0.8,0.4,0.01,0,0.01,0.08,FALSE,0,"2026-08-04","Goal 3 PBE-UD analytical rederivation"
3,2,2,1,0,0.2,0.05,0.9,0.9,0.9,0.1,0.9,0.185,0.1,FALSE,TRUE,0.9,"exclusion",0.95,0.1,0.1,0.1,0.0855,0.00499999999999998,0.0855,0.09,FALSE,0,"2026-08-04","Goal 3 PBE-UD analytical rederivation"
4,3,3,2,1,0.2,0.05,0.9,0.9,0.9,0.0666666666666667,0.866666666666667,0.148333333333333,0.0333333333333333,FALSE,TRUE,0.866666666666667,"exclusion",0.95,0.1,0.133333333333333,0.1,0.0823333333333333,-0.0266666666666667,0.0823333333333333,0.0866666666666666,FALSE,0,"2026-08-04","Goal 3 PBE-UD analytical rederivation"
5,4,3,2,1,0.2,0.05,0.9,0.9,0.9,0.05,0.9,0.135,0.05,FALSE,TRUE,0.9,"exclusion",0.95,0.1,0.15,0.1,0.08075,-0.0425,0.08075,0.085,FALSE,0,"2026-08-04","Goal 3 PBE-UD analytical rederivation"
6,5,4,3,2,0.2,0.05,0.9,0.9,0.9,0.04,0.88,0.123,0.02,FALSE,TRUE,0.88,"exclusion",0.95,0.1,0.16,0.1,0.0798,-0.052,0.0798,0.084,FALSE,0,"2026-08-04","Goal 3 PBE-UD analytical rederivation"
7,6,4,3,2,0.2,0.05,0.9,0.9,0.9,0.0333333333333333,0.9,0.118333333333333,0.0333333333333333,FALSE,TRUE,0.9,"exclusion",0.95,0.1,0.166666666666667,0.1,0.0791666666666666,-0.0583333333333333,0.0791666666666666,0.0833333333333333,FALSE,0,"2026-08-04","Goal 3 PBE-UD analytical rederivation"
8,7,5,4,3,0.2,0.05,0.9,0.9,0.9,0.0285714285714286,0.885714285714286,0.112142857142857,0.0142857142857143,FALSE,TRUE,0.885714285714286,"exclusion",0.95,0.1,0.171428571428571,0.1,0.0787142857142857,-0.0628571428571429,0.0787142857142857,0.0828571428571428,FALSE,0,"2026-08-04","Goal 3 PBE-UD analytical rederivation"
9,8,5,4,3,0.2,0.05,0.9,0.9,0.9,0.025,0.9,0.11,0.025,FALSE,TRUE,0.9,"exclusion",0.95,0.1,0.175,0.1,0.078375,-0.06625,0.078375,0.0825,FALSE,0,"2026-08-04","Goal 3 PBE-UD analytical rederivation"
10,9,6,5,4,0.2,0.05,0.9,0.9,0.9,0.0222222222222222,0.888888888888889,0.106111111111111,0.0111111111111111,FALSE,TRUE,0.888888888888889,"exclusion",0.95,0.1,0.177777777777778,0.1,0.0781111111111111,-0.0688888888888889,0.0781111111111111,0.0822222222222222,FALSE,0,"2026-08-04","Goal 3 PBE-UD analytical rederivation"
3,2,2,1,0,0.5,0.05,0.9,0.9,0.9,0.25,0.75,0.32,0.1,FALSE,TRUE,0.75,"exclusion",0.95,0.1,0.25,0.1,0.07125,-0.1375,0.07125,0.075,FALSE,0,"2026-08-04","Goal 3 PBE-UD analytical rederivation"
4,3,3,2,1,0.5,0.05,0.9,0.9,0.9,0.166666666666667,0.666666666666667,0.228333333333333,-0.0666666666666667,FALSE,TRUE,0.666666666666667,"exclusion",0.95,0.1,0.333333333333333,0.1,0.0633333333333333,-0.216666666666667,0.0633333333333333,0.0666666666666667,FALSE,0,"2026-08-04","Goal 3 PBE-UD analytical rederivation"
5,4,3,2,1,0.5,0.05,0.9,0.9,0.9,0.125,0.75,0.195,-0.025,FALSE,TRUE,0.75,"exclusion",0.95,0.1,0.375,0.1,0.059375,-0.25625,0.059375,0.0625,FALSE,0,"2026-08-04","Goal 3 PBE-UD analytical rederivation"
6,5,4,3,2,0.5,0.05,0.9,0.9,0.9,0.1,0.7,0.165,-0.1,FALSE,TRUE,0.7,"exclusion",0.95,0.1,0.4,0.1,0.057,-0.28,0.057,0.06,FALSE,0,"2026-08-04","Goal 3 PBE-UD analytical rederivation"
7,6,4,3,2,0.5,0.05,0.9,0.9,0.9,0.0833333333333333,0.75,0.153333333333333,-0.0666666666666667,FALSE,TRUE,0.75,"exclusion",0.95,0.1,0.416666666666667,0.1,0.0554166666666666,-0.295833333333333,0.0554166666666666,0.0583333333333333,FALSE,0,"2026-08-04","Goal 3 PBE-UD analytical rederivation"
8,7,5,4,3,0.5,0.05,0.9,0.9,0.9,0.0714285714285714,0.714285714285714,0.137857142857143,-0.114285714285714,FALSE,TRUE,0.714285714285714,"exclusion",0.95,0.1,0.428571428571429,0.1,0.0542857142857143,-0.307142857142857,0.0542857142857143,0.0571428571428571,FALSE,0,"2026-08-04","Goal 3 PBE-UD analytical rederivation"
9,8,5,4,3,0.5,0.05,0.9,0.9,0.9,0.0625,0.75,0.1325,-0.0875,FALSE,TRUE,0.75,"exclusion",0.95,0.1,0.4375,0.1,0.0534375,-0.315625,0.0534375,0.05625,FALSE,0,"2026-08-04","Goal 3 PBE-UD analytical rederivation"
10,9,6,5,4,0.5,0.05,0.9,0.9,0.9,0.0555555555555556,0.722222222222222,0.122777777777778,-0.122222222222222,FALSE,TRUE,0.722222222222222,"exclusion",0.95,0.1,0.444444444444444,0.1,0.0527777777777778,-0.322222222222222,0.0527777777777778,0.0555555555555555,FALSE,0,"2026-08-04","Goal 3 PBE-UD analytical rederivation"
3,2,2,1,0,0.9,0.05,0.9,0.9,0.9,0.45,0.55,0.5,0.1,FALSE,TRUE,0.55,"exclusion",0.95,0.1,0.45,0.1,0.05225,-0.3275,0.05225,0.055,FALSE,0,"2026-08-04","Goal 3 PBE-UD analytical rederivation"
4,3,3,2,1,0.9,0.05,0.9,0.9,0.9,0.3,0.4,0.335,-0.2,FALSE,TRUE,0.4,"exclusion",0.95,0.1,0.6,0.1,0.038,-0.47,0.038,0.04,FALSE,0,"2026-08-04","Goal 3 PBE-UD analytical rederivation"
5,4,3,2,1,0.9,0.05,0.9,0.9,0.9,0.225,0.55,0.275,-0.125,FALSE,TRUE,0.55,"exclusion",0.95,0.1,0.675,0.1,0.030875,-0.54125,0.030875,0.0325,FALSE,0,"2026-08-04","Goal 3 PBE-UD analytical rederivation"
6,5,4,3,2,0.9,0.05,0.9,0.9,0.9,0.18,0.46,0.221,-0.26,FALSE,TRUE,0.46,"exclusion",0.95,0.1,0.72,0.1,0.0266,-0.584,0.0266,0.028,FALSE,0,"2026-08-04","Goal 3 PBE-UD analytical rederivation"
7,6,4,3,2,0.9,0.05,0.9,0.9,0.9,0.15,0.55,0.2,-0.2,FALSE,TRUE,0.55,"exclusion",0.95,0.1,0.75,0.1,0.02375,-0.6125,0.02375,0.025,FALSE,0,"2026-08-04","Goal 3 PBE-UD analytical rederivation"
8,7,5,4,3,0.9,0.05,0.9,0.9,0.9,0.128571428571429,0.485714285714286,0.172142857142857,-0.285714285714286,FALSE,TRUE,0.485714285714286,"exclusion",0.95,0.1,0.771428571428571,0.1,0.0217142857142857,-0.632857142857143,0.0217142857142857,0.0228571428571429,FALSE,0,"2026-08-04","Goal 3 PBE-UD analytical rederivation"
9,8,5,4,3,0.9,0.05,0.9,0.9,0.9,0.1125,0.55,0.1625,-0.2375,FALSE,TRUE,0.55,"exclusion",0.95,0.1,0.7875,0.1,0.0201875,-0.648125,0.0201875,0.02125,FALSE,0,"2026-08-04","Goal 3 PBE-UD analytical rederivation"
10,9,6,5,4,0.9,0.05,0.9,0.9,0.9,0.1,0.5,0.145,-0.3,FALSE,TRUE,0.5,"exclusion",0.95,0.1,0.8,0.1,0.019,-0.66,0.019,0.02,FALSE,0,"2026-08-04","Goal 3 PBE-UD analytical rederivation"
3,2,2,1,0,0.2,0.2,0.9,0.9,0.9,0.1,0.9,0.17,0.1,FALSE,TRUE,0.9,"exclusion",0.8,0.1,0.1,0.1,0.072,0.02,0.072,0.09,FALSE,0,"2026-08-04","Goal 3 PBE-UD analytical rederivation"
4,3,3,2,1,0.2,0.2,0.9,0.9,0.9,0.0666666666666667,0.866666666666667,0.133333333333333,0.0333333333333333,FALSE,TRUE,0.866666666666667,"exclusion",0.8,0.1,0.133333333333333,0.1,0.0693333333333333,-0.0066666666666667,0.0693333333333333,0.0866666666666666,FALSE,0,"2026-08-04","Goal 3 PBE-UD analytical rederivation"
5,4,3,2,1,0.2,0.2,0.9,0.9,0.9,0.05,0.9,0.12,0.05,FALSE,TRUE,0.9,"exclusion",0.8,0.1,0.15,0.1,0.068,-0.02,0.068,0.085,FALSE,0,"2026-08-04","Goal 3 PBE-UD analytical rederivation"
6,5,4,3,2,0.2,0.2,0.9,0.9,0.9,0.04,0.88,0.108,0.02,FALSE,TRUE,0.88,"exclusion",0.8,0.1,0.16,0.1,0.0672,-0.028,0.0672,0.084,FALSE,0,"2026-08-04","Goal 3 PBE-UD analytical rederivation"
7,6,4,3,2,0.2,0.2,0.9,0.9,0.9,0.0333333333333333,0.9,0.103333333333333,0.0333333333333333,FALSE,TRUE,0.9,"exclusion",0.8,0.1,0.166666666666667,0.1,0.0666666666666667,-0.0333333333333334,0.0666666666666667,0.0833333333333333,FALSE,0,"2026-08-04","Goal 3 PBE-UD analytical rederivation"
8,7,5,4,3,0.2,0.2,0.9,0.9,0.9,0.0285714285714286,0.885714285714286,0.0971428571428571,0.0142857142857143,FALSE,TRUE,0.885714285714286,"exclusion",0.8,0.1,0.171428571428571,0.1,0.0662857142857143,-0.0371428571428572,0.0662857142857143,0.0828571428571428,FALSE,0,"2026-08-04","Goal 3 PBE-UD analytical rederivation"
9,8,5,4,3,0.2,0.2,0.9,0.9,0.9,0.025,0.9,0.095,0.025,FALSE,TRUE,0.9,"exclusion",0.8,0.1,0.175,0.1,0.066,-0.04,0.066,0.0825,FALSE,0,"2026-08-04","Goal 3 PBE-UD analytical rederivation"
10,9,6,5,4,0.2,0.2,0.9,0.9,0.9,0.0222222222222222,0.888888888888889,0.0911111111111111,0.0111111111111111,FALSE,TRUE,0.888888888888889,"exclusion",0.8,0.1,0.177777777777778,0.1,0.0657777777777778,-0.0422222222222222,0.0657777777777778,0.0822222222222222,FALSE,0,"2026-08-04","Goal 3 PBE-UD analytical rederivation"
3,2,2,1,0,0.5,0.2,0.9,0.9,0.9,0.25,0.75,0.305,0.1,FALSE,TRUE,0.75,"exclusion",0.8,0.1,0.25,0.1,0.06,-0.1,0.06,0.075,FALSE,0,"2026-08-04","Goal 3 PBE-UD analytical rederivation"
4,3,3,2,1,0.5,0.2,0.9,0.9,0.9,0.166666666666667,0.666666666666667,0.213333333333333,-0.0666666666666667,FALSE,TRUE,0.666666666666667,"exclusion",0.8,0.1,0.333333333333333,0.1,0.0533333333333333,-0.166666666666667,0.0533333333333333,0.0666666666666667,FALSE,0,"2026-08-04","Goal 3 PBE-UD analytical rederivation"
5,4,3,2,1,0.5,0.2,0.9,0.9,0.9,0.125,0.75,0.18,-0.025,FALSE,TRUE,0.75,"exclusion",0.8,0.1,0.375,0.1,0.05,-0.2,0.05,0.0625,FALSE,0,"2026-08-04","Goal 3 PBE-UD analytical rederivation"
6,5,4,3,2,0.5,0.2,0.9,0.9,0.9,0.1,0.7,0.15,-0.1,FALSE,TRUE,0.7,"exclusion",0.8,0.1,0.4,0.1,0.048,-0.22,0.048,0.06,FALSE,0,"2026-08-04","Goal 3 PBE-UD analytical rederivation"
7,6,4,3,2,0.5,0.2,0.9,0.9,0.9,0.0833333333333333,0.75,0.138333333333333,-0.0666666666666667,FALSE,TRUE,0.75,"exclusion",0.8,0.1,0.416666666666667,0.1,0.0466666666666667,-0.233333333333333,0.0466666666666667,0.0583333333333333,FALSE,0,"2026-08-04","Goal 3 PBE-UD analytical rederivation"
8,7,5,4,3,0.5,0.2,0.9,0.9,0.9,0.0714285714285714,0.714285714285714,0.122857142857143,-0.114285714285714,FALSE,TRUE,0.714285714285714,"exclusion",0.8,0.1,0.428571428571429,0.1,0.0457142857142857,-0.242857142857143,0.0457142857142857,0.0571428571428571,FALSE,0,"2026-08-04","Goal 3 PBE-UD analytical rederivation"
9,8,5,4,3,0.5,0.2,0.9,0.9,0.9,0.0625,0.75,0.1175,-0.0875,FALSE,TRUE,0.75,"exclusion",0.8,0.1,0.4375,0.1,0.045,-0.25,0.045,0.05625,FALSE,0,"2026-08-04","Goal 3 PBE-UD analytical rederivation"
10,9,6,5,4,0.5,0.2,0.9,0.9,0.9,0.0555555555555556,0.722222222222222,0.107777777777778,-0.122222222222222,FALSE,TRUE,0.722222222222222,"exclusion",0.8,0.1,0.444444444444444,0.1,0.0444444444444444,-0.255555555555556,0.0444444444444444,0.0555555555555555,FALSE,0,"2026-08-04","Goal 3 PBE-UD analytical rederivation"
3,2,2,1,0,0.9,0.2,0.9,0.9,0.9,0.45,0.55,0.485,0.1,FALSE,TRUE,0.55,"exclusion",0.8,0.1,0.45,0.1,0.044,-0.26,0.044,0.055,FALSE,0,"2026-08-04","Goal 3 PBE-UD analytical rederivation"
4,3,3,2,1,0.9,0.2,0.9,0.9,0.9,0.3,0.4,0.32,-0.2,FALSE,TRUE,0.4,"exclusion",0.8,0.1,0.6,0.1,0.032,-0.38,0.032,0.04,FALSE,0,"2026-08-04","Goal 3 PBE-UD analytical rederivation"
5,4,3,2,1,0.9,0.2,0.9,0.9,0.9,0.225,0.55,0.26,-0.125,FALSE,TRUE,0.55,"exclusion",0.8,0.1,0.675,0.1,0.026,-0.44,0.026,0.0325,FALSE,0,"2026-08-04","Goal 3 PBE-UD analytical rederivation"
6,5,4,3,2,0.9,0.2,0.9,0.9,0.9,0.18,0.46,0.206,-0.26,FALSE,TRUE,0.46,"exclusion",0.8,0.1,0.72,0.1,0.0224,-0.476,0.0224,0.028,FALSE,0,"2026-08-04","Goal 3 PBE-UD analytical rederivation"
7,6,4,3,2,0.9,0.2,0.9,0.9,0.9,0.15,0.55,0.185,-0.2,FALSE,TRUE,0.55,"exclusion",0.8,0.1,0.75,0.1,0.02,-0.5,0.02,0.025,FALSE,0,"2026-08-04","Goal 3 PBE-UD analytical rederivation"
8,7,5,4,3,0.9,0.2,0.9,0.9,0.9,0.128571428571429,0.485714285714286,0.157142857142857,-0.285714285714286,FALSE,TRUE,0.485714285714286,"exclusion",0.8,0.1,0.771428571428571,0.1,0.0182857142857143,-0.517142857142857,0.0182857142857143,0.0228571428571429,FALSE,0,"2026-08-04","Goal 3 PBE-UD analytical rederivation"
9,8,5,4,3,0.9,0.2,0.9,0.9,0.9,0.1125,0.55,0.1475,-0.2375,FALSE,TRUE,0.55,"exclusion",0.8,0.1,0.7875,0.1,0.017,-0.53,0.017,0.02125,FALSE,0,"2026-08-04","Goal 3 PBE-UD analytical rederivation"
10,9,6,5,4,0.9,0.2,0.9,0.9,0.9,0.1,0.5,0.13,-0.3,FALSE,TRUE,0.5,"exclusion",0.8,0.1,0.8,0.1,0.016,-0.54,0.016,0.02,FALSE,0,"2026-08-04","Goal 3 PBE-UD analytical rederivation"
3,2,2,1,0,0.2,0.5,0.9,0.9,0.9,0.1,0.9,0.14,0.1,FALSE,TRUE,0.9,"exclusion",0.5,0.1,0.1,0.1,0.045,0.05,0.045,0.09,FALSE,0,"2026-08-04","Goal 3 PBE-UD analytical rederivation"
4,3,3,2,1,0.2,0.5,0.9,0.9,0.9,0.0666666666666667,0.866666666666667,0.103333333333333,0.0333333333333333,FALSE,TRUE,0.866666666666667,"exclusion",0.5,0.1,0.133333333333333,0.1,0.0433333333333333,0.0333333333333333,0.0433333333333333,0.0866666666666666,FALSE,0,"2026-08-04","Goal 3 PBE-UD analytical rederivation"
5,4,3,2,1,0.2,0.5,0.9,0.9,0.9,0.05,0.9,0.09,0.05,FALSE,TRUE,0.9,"exclusion",0.5,0.1,0.15,0.1,0.0425,0.025,0.0425,0.085,FALSE,0,"2026-08-04","Goal 3 PBE-UD analytical rederivation"
6,5,4,3,2,0.2,0.5,0.9,0.9,0.9,0.04,0.88,0.078,0.02,FALSE,TRUE,0.88,"exclusion",0.5,0.1,0.16,0.1,0.042,0.02,0.042,0.084,FALSE,0,"2026-08-04","Goal 3 PBE-UD analytical rederivation"
7,6,4,3,2,0.2,0.5,0.9,0.9,0.9,0.0333333333333333,0.9,0.0733333333333333,0.0333333333333333,FALSE,TRUE,0.9,"exclusion",0.5,0.1,0.166666666666667,0.1,0.0416666666666667,0.0166666666666666,0.0416666666666667,0.0833333333333333,FALSE,0,"2026-08-04","Goal 3 PBE-UD analytical rederivation"
8,7,5,4,3,0.2,0.5,0.9,0.9,0.9,0.0285714285714286,0.885714285714286,0.0671428571428571,0.0142857142857143,FALSE,TRUE,0.885714285714286,"exclusion",0.5,0.1,0.171428571428571,0.1,0.0414285714285714,0.0142857142857142,0.0414285714285714,0.0828571428571428,FALSE,0,"2026-08-04","Goal 3 PBE-UD analytical rederivation"
9,8,5,4,3,0.2,0.5,0.9,0.9,0.9,0.025,0.9,0.065,0.025,FALSE,TRUE,0.9,"exclusion",0.5,0.1,0.175,0.1,0.04125,0.0125,0.04125,0.0825,FALSE,0,"2026-08-04","Goal 3 PBE-UD analytical rederivation"
10,9,6,5,4,0.2,0.5,0.9,0.9,0.9,0.0222222222222222,0.888888888888889,0.0611111111111111,0.0111111111111111,FALSE,TRUE,0.888888888888889,"exclusion",0.5,0.1,0.177777777777778,0.1,0.0411111111111111,0.0111111111111111,0.0411111111111111,0.0822222222222222,FALSE,0,"2026-08-04","Goal 3 PBE-UD analytical rederivation"
3,2,2,1,0,0.5,0.5,0.9,0.9,0.9,0.25,0.75,0.275,0.1,FALSE,TRUE,0.75,"exclusion",0.5,0.1,0.25,0.1,0.0375,-0.025,0.0375,0.075,FALSE,0,"2026-08-04","Goal 3 PBE-UD analytical rederivation"
4,3,3,2,1,0.5,0.5,0.9,0.9,0.9,0.166666666666667,0.666666666666667,0.183333333333333,-0.0666666666666667,FALSE,TRUE,0.666666666666667,"exclusion",0.5,0.1,0.333333333333333,0.1,0.0333333333333333,-0.0666666666666667,0.0333333333333333,0.0666666666666667,FALSE,0,"2026-08-04","Goal 3 PBE-UD analytical rederivation"
5,4,3,2,1,0.5,0.5,0.9,0.9,0.9,0.125,0.75,0.15,-0.025,FALSE,TRUE,0.75,"exclusion",0.5,0.1,0.375,0.1,0.03125,-0.0875,0.03125,0.0625,FALSE,0,"2026-08-04","Goal 3 PBE-UD analytical rederivation"
6,5,4,3,2,0.5,0.5,0.9,0.9,0.9,0.1,0.7,0.12,-0.1,FALSE,TRUE,0.7,"exclusion",0.5,0.1,0.4,0.1,0.03,-0.1,0.03,0.06,FALSE,0,"2026-08-04","Goal 3 PBE-UD analytical rederivation"
7,6,4,3,2,0.5,0.5,0.9,0.9,0.9,0.0833333333333333,0.75,0.108333333333333,-0.0666666666666667,FALSE,TRUE,0.75,"exclusion",0.5,0.1,0.416666666666667,0.1,0.0291666666666667,-0.108333333333333,0.0291666666666667,0.0583333333333333,FALSE,0,"2026-08-04","Goal 3 PBE-UD analytical rederivation"
8,7,5,4,3,0.5,0.5,0.9,0.9,0.9,0.0714285714285714,0.714285714285714,0.0928571428571428,-0.114285714285714,FALSE,TRUE,0.714285714285714,"exclusion",0.5,0.1,0.428571428571429,0.1,0.0285714285714286,-0.114285714285714,0.0285714285714286,0.0571428571428571,FALSE,0,"2026-08-04","Goal 3 PBE-UD analytical rederivation"
9,8,5,4,3,0.5,0.5,0.9,0.9,0.9,0.0625,0.75,0.0875,-0.0875,FALSE,TRUE,0.75,"exclusion",0.5,0.1,0.4375,0.1,0.028125,-0.11875,0.028125,0.05625,FALSE,0,"2026-08-04","Goal 3 PBE-UD analytical rederivation"
10,9,6,5,4,0.5,0.5,0.9,0.9,0.9,0.0555555555555556,0.722222222222222,0.0777777777777778,-0.122222222222222,FALSE,TRUE,0.722222222222222,"exclusion",0.5,0.1,0.444444444444444,0.1,0.0277777777777778,-0.122222222222222,0.0277777777777778,0.0555555555555555,FALSE,0,"2026-08-04","Goal 3 PBE-UD analytical rederivation"
3,2,2,1,0,0.9,0.5,0.9,0.9,0.9,0.45,0.55,0.455,0.1,FALSE,TRUE,0.55,"exclusion",0.5,0.1,0.45,0.1,0.0275,-0.125,0.0275,0.055,FALSE,0,"2026-08-04","Goal 3 PBE-UD analytical rederivation"
4,3,3,2,1,0.9,0.5,0.9,0.9,0.9,0.3,0.4,0.29,-0.2,FALSE,TRUE,0.4,"exclusion",0.5,0.1,0.6,0.1,0.02,-0.2,0.02,0.04,FALSE,0,"2026-08-04","Goal 3 PBE-UD analytical rederivation"
5,4,3,2,1,0.9,0.5,0.9,0.9,0.9,0.225,0.55,0.23,-0.125,FALSE,TRUE,0.55,"exclusion",0.5,0.1,0.675,0.1,0.01625,-0.2375,0.01625,0.0325,FALSE,0,"2026-08-04","Goal 3 PBE-UD analytical rederivation"
6,5,4,3,2,0.9,0.5,0.9,0.9,0.9,0.18,0.46,0.176,-0.26,FALSE,TRUE,0.46,"exclusion",0.5,0.1,0.72,0.1,0.014,-0.26,0.014,0.028,FALSE,0,"2026-08-04","Goal 3 PBE-UD analytical rederivation"
7,6,4,3,2,0.9,0.5,0.9,0.9,0.9,0.15,0.55,0.155,-0.2,FALSE,TRUE,0.55,"exclusion",0.5,0.1,0.75,0.1,0.0125,-0.275,0.0125,0.025,FALSE,0,"2026-08-04","Goal 3 PBE-UD analytical rederivation"
8,7,5,4,3,0.9,0.5,0.9,0.9,0.9,0.128571428571429,0.485714285714286,0.127142857142857,-0.285714285714286,FALSE,TRUE,0.485714285714286,"exclusion",0.5,0.1,0.771428571428571,0.1,0.0114285714285714,-0.285714285714286,0.0114285714285714,0.0228571428571429,FALSE,0,"2026-08-04","Goal 3 PBE-UD analytical rederivation"
9,8,5,4,3,0.9,0.5,0.9,0.9,0.9,0.1125,0.55,0.1175,-0.2375,FALSE,TRUE,0.55,"exclusion",0.5,0.1,0.7875,0.1,0.010625,-0.29375,0.010625,0.02125,FALSE,0,"2026-08-04","Goal 3 PBE-UD analytical rederivation"
10,9,6,5,4,0.9,0.5,0.9,0.9,0.9,0.1,0.5,0.1,-0.3,FALSE,TRUE,0.5,"exclusion",0.5,0.1,0.8,0.1,0.01,-0.3,0.01,0.02,FALSE,0,"2026-08-04","Goal 3 PBE-UD analytical rederivation"
3,2,2,1,0,0.2,0.05,0.3,0.1,0.35,0.1,0.9,0.865,0.7,TRUE,TRUE,0.9,"exclusion",0.95,0.7,0.1,0.855,0.7695,0.605,0.7695,0.6145,FALSE,0,"2026-08-04","Goal 3 PBE-UD analytical rederivation"
4,3,3,2,1,0.2,0.05,0.3,0.1,0.35,0.0666666666666667,0.866666666666667,0.801666666666667,0.633333333333333,TRUE,TRUE,0.866666666666667,"exclusion",0.95,0.7,0.133333333333333,0.855,0.741,0.573333333333333,0.741,0.586,FALSE,0,"2026-08-04","Goal 3 PBE-UD analytical rederivation"
5,4,3,2,1,0.2,0.05,0.3,0.1,0.35,0.05,0.9,0.815,0.65,TRUE,TRUE,0.9,"exclusion",0.95,0.7,0.15,0.855,0.72675,0.5575,0.72675,0.57175,FALSE,0,"2026-08-04","Goal 3 PBE-UD analytical rederivation"
6,5,4,3,2,0.2,0.05,0.3,0.1,0.35,0.04,0.88,0.787,0.62,TRUE,TRUE,0.88,"exclusion",0.95,0.7,0.16,0.855,0.7182,0.548,0.7182,0.5632,FALSE,0,"2026-08-04","Goal 3 PBE-UD analytical rederivation"
7,6,4,3,2,0.2,0.05,0.3,0.1,0.35,0.0333333333333333,0.9,0.798333333333333,0.633333333333333,TRUE,TRUE,0.9,"exclusion",0.95,0.7,0.166666666666667,0.855,0.7125,0.541666666666667,0.7125,0.5575,FALSE,0,"2026-08-04","Goal 3 PBE-UD analytical rederivation"
8,7,5,4,3,0.2,0.05,0.3,0.1,0.35,0.0285714285714286,0.885714285714286,0.780714285714286,0.614285714285714,TRUE,TRUE,0.885714285714286,"exclusion",0.95,0.7,0.171428571428571,0.855,0.708428571428571,0.537142857142857,0.708428571428571,0.553428571428571,FALSE,0,"2026-08-04","Goal 3 PBE-UD analytical rederivation"
9,8,5,4,3,0.2,0.05,0.3,0.1,0.35,0.025,0.9,0.79,0.625,TRUE,TRUE,0.9,"exclusion",0.95,0.7,0.175,0.855,0.705375,0.53375,0.705375,0.550375,FALSE,0,"2026-08-04","Goal 3 PBE-UD analytical rederivation"
10,9,6,5,4,0.2,0.05,0.3,0.1,0.35,0.0222222222222222,0.888888888888889,0.777222222222222,0.611111111111111,TRUE,TRUE,0.888888888888889,"exclusion",0.95,0.7,0.177777777777778,0.855,0.703,0.531111111111111,0.703,0.548,FALSE,0,"2026-08-04","Goal 3 PBE-UD analytical rederivation"
3,2,2,1,0,0.5,0.05,0.3,0.1,0.35,0.25,0.75,0.88,0.7,TRUE,TRUE,0.88,"low_only",0.95,0.7,0.25,0.855,0.64125,0.4625,0.64125,0.48625,FALSE,0,"2026-08-04","Goal 3 PBE-UD analytical rederivation"
4,3,3,2,1,0.5,0.05,0.3,0.1,0.35,0.166666666666667,0.666666666666667,0.721666666666667,0.533333333333333,TRUE,FALSE,NA,"empty",0.95,0.7,0.333333333333333,0.855,0.57,0.383333333333333,0.57,0.415,FALSE,0,"2026-08-04","Goal 3 PBE-UD analytical rederivation"
5,4,3,2,1,0.5,0.05,0.3,0.1,0.35,0.125,0.75,0.755,0.575,TRUE,FALSE,NA,"empty",0.95,0.7,0.375,0.855,0.534375,0.34375,0.534375,0.379375,FALSE,0,"2026-08-04","Goal 3 PBE-UD analytical rederivation"
6,5,4,3,2,0.5,0.05,0.3,0.1,0.35,0.1,0.7,0.685,0.5,TRUE,TRUE,0.7,"exclusion",0.95,0.7,0.4,0.855,0.513,0.32,0.513,0.358,FALSE,0,"2026-08-04","Goal 3 PBE-UD analytical rederivation"
7,6,4,3,2,0.5,0.05,0.3,0.1,0.35,0.0833333333333333,0.75,0.713333333333333,0.533333333333333,TRUE,TRUE,0.75,"exclusion",0.95,0.7,0.416666666666667,0.855,0.49875,0.304166666666667,0.49875,0.34375,FALSE,0,"2026-08-04","Goal 3 PBE-UD analytical rederivation"
8,7,5,4,3,0.5,0.05,0.3,0.1,0.35,0.0714285714285714,0.714285714285714,0.669285714285714,0.485714285714286,TRUE,TRUE,0.714285714285714,"exclusion",0.95,0.7,0.428571428571429,0.855,0.488571428571428,0.292857142857143,0.488571428571428,0.333571428571429,FALSE,0,"2026-08-04","Goal 3 PBE-UD analytical rederivation"
9,8,5,4,3,0.5,0.05,0.3,0.1,0.35,0.0625,0.75,0.6925,0.5125,TRUE,TRUE,0.75,"exclusion",0.95,0.7,0.4375,0.855,0.4809375,0.284375,0.4809375,0.3259375,FALSE,0,"2026-08-04","Goal 3 PBE-UD analytical rederivation"
10,9,6,5,4,0.5,0.05,0.3,0.1,0.35,0.0555555555555556,0.722222222222222,0.660555555555556,0.477777777777778,TRUE,TRUE,0.722222222222222,"exclusion",0.95,0.7,0.444444444444444,0.855,0.475,0.277777777777778,0.475,0.32,FALSE,0,"2026-08-04","Goal 3 PBE-UD analytical rederivation"
3,2,2,1,0,0.9,0.05,0.3,0.1,0.35,0.45,0.55,0.9,0.7,TRUE,TRUE,0.9,"low_only",0.95,0.7,0.45,0.855,0.47025,0.2725,0.47025,0.31525,FALSE,0,"2026-08-04","Goal 3 PBE-UD analytical rederivation"
4,3,3,2,1,0.9,0.05,0.3,0.1,0.35,0.3,0.4,0.615,0.4,TRUE,FALSE,NA,"empty",0.95,0.7,0.6,0.855,0.342,0.13,0.342,0.187,FALSE,0,"2026-08-04","Goal 3 PBE-UD analytical rederivation"
5,4,3,2,1,0.9,0.05,0.3,0.1,0.35,0.225,0.55,0.675,0.475,TRUE,FALSE,NA,"empty",0.95,0.7,0.675,0.855,0.277875,0.05875,0.277875,0.122875,FALSE,0,"2026-08-04","Goal 3 PBE-UD analytical rederivation"
6,5,4,3,2,0.9,0.05,0.3,0.1,0.35,0.18,0.46,0.549,0.34,TRUE,FALSE,NA,"empty",0.95,0.7,0.72,0.855,0.2394,0.016,0.2394,0.0844,FALSE,0,"2026-08-04","Goal 3 PBE-UD analytical rederivation"
7,6,4,3,2,0.9,0.05,0.3,0.1,0.35,0.15,0.55,0.6,0.4,TRUE,FALSE,NA,"empty",0.95,0.7,0.75,0.855,0.21375,-0.0125,0.21375,0.05875,FALSE,0,"2026-08-04","Goal 3 PBE-UD analytical rederivation"
8,7,5,4,3,0.9,0.05,0.3,0.1,0.35,0.128571428571429,0.485714285714286,0.520714285714286,0.314285714285714,TRUE,FALSE,NA,"empty",0.95,0.7,0.771428571428571,0.855,0.195428571428571,-0.0328571428571429,0.195428571428571,0.0404285714285714,FALSE,0,"2026-08-04","Goal 3 PBE-UD analytical rederivation"
9,8,5,4,3,0.9,0.05,0.3,0.1,0.35,0.1125,0.55,0.5625,0.3625,TRUE,FALSE,NA,"empty",0.95,0.7,0.7875,0.855,0.1816875,-0.048125,0.1816875,0.0266875,FALSE,0,"2026-08-04","Goal 3 PBE-UD analytical rederivation"
10,9,6,5,4,0.9,0.05,0.3,0.1,0.35,0.1,0.5,0.505,0.3,TRUE,FALSE,NA,"empty",0.95,0.7,0.8,0.855,0.171,-0.06,0.171,0.0159999999999999,FALSE,0,"2026-08-04","Goal 3 PBE-UD analytical rederivation"
3,2,2,1,0,0.2,0.2,0.3,0.1,0.35,0.1,0.9,0.73,0.7,TRUE,TRUE,0.9,"exclusion",0.8,0.7,0.1,0.72,0.648,0.62,0.648,0.628,FALSE,0,"2026-08-04","Goal 3 PBE-UD analytical rederivation"
4,3,3,2,1,0.2,0.2,0.3,0.1,0.35,0.0666666666666667,0.866666666666667,0.666666666666667,0.633333333333333,TRUE,TRUE,0.866666666666667,"exclusion",0.8,0.7,0.133333333333333,0.72,0.624,0.593333333333333,0.624,0.604,FALSE,0,"2026-08-04","Goal 3 PBE-UD analytical rederivation"
5,4,3,2,1,0.2,0.2,0.3,0.1,0.35,0.05,0.9,0.68,0.65,TRUE,TRUE,0.9,"exclusion",0.8,0.7,0.15,0.72,0.612,0.58,0.612,0.592,FALSE,0,"2026-08-04","Goal 3 PBE-UD analytical rederivation"
6,5,4,3,2,0.2,0.2,0.3,0.1,0.35,0.04,0.88,0.652,0.62,TRUE,TRUE,0.88,"exclusion",0.8,0.7,0.16,0.72,0.6048,0.572,0.6048,0.5848,FALSE,0,"2026-08-04","Goal 3 PBE-UD analytical rederivation"
7,6,4,3,2,0.2,0.2,0.3,0.1,0.35,0.0333333333333333,0.9,0.663333333333333,0.633333333333333,TRUE,TRUE,0.9,"exclusion",0.8,0.7,0.166666666666667,0.72,0.6,0.566666666666667,0.6,0.58,FALSE,0,"2026-08-04","Goal 3 PBE-UD analytical rederivation"
8,7,5,4,3,0.2,0.2,0.3,0.1,0.35,0.0285714285714286,0.885714285714286,0.645714285714286,0.614285714285714,TRUE,TRUE,0.885714285714286,"exclusion",0.8,0.7,0.171428571428571,0.72,0.596571428571429,0.562857142857143,0.596571428571429,0.576571428571429,FALSE,0,"2026-08-04","Goal 3 PBE-UD analytical rederivation"
9,8,5,4,3,0.2,0.2,0.3,0.1,0.35,0.025,0.9,0.655,0.625,TRUE,TRUE,0.9,"exclusion",0.8,0.7,0.175,0.72,0.594,0.56,0.594,0.574,FALSE,0,"2026-08-04","Goal 3 PBE-UD analytical rederivation"
10,9,6,5,4,0.2,0.2,0.3,0.1,0.35,0.0222222222222222,0.888888888888889,0.642222222222222,0.611111111111111,TRUE,TRUE,0.888888888888889,"exclusion",0.8,0.7,0.177777777777778,0.72,0.592,0.557777777777778,0.592,0.572,FALSE,0,"2026-08-04","Goal 3 PBE-UD analytical rederivation"
3,2,2,1,0,0.5,0.2,0.3,0.1,0.35,0.25,0.75,0.745,0.7,TRUE,TRUE,0.75,"exclusion",0.8,0.7,0.25,0.72,0.54,0.5,0.54,0.52,FALSE,0,"2026-08-04","Goal 3 PBE-UD analytical rederivation"
4,3,3,2,1,0.5,0.2,0.3,0.1,0.35,0.166666666666667,0.666666666666667,0.586666666666667,0.533333333333333,TRUE,TRUE,0.666666666666667,"exclusion",0.8,0.7,0.333333333333333,0.72,0.48,0.433333333333333,0.48,0.46,FALSE,0,"2026-08-04","Goal 3 PBE-UD analytical rederivation"
5,4,3,2,1,0.5,0.2,0.3,0.1,0.35,0.125,0.75,0.62,0.575,TRUE,TRUE,0.75,"exclusion",0.8,0.7,0.375,0.72,0.45,0.4,0.45,0.43,FALSE,0,"2026-08-04","Goal 3 PBE-UD analytical rederivation"
6,5,4,3,2,0.5,0.2,0.3,0.1,0.35,0.1,0.7,0.55,0.5,TRUE,TRUE,0.7,"exclusion",0.8,0.7,0.4,0.72,0.432,0.38,0.432,0.412,FALSE,0,"2026-08-04","Goal 3 PBE-UD analytical rederivation"
7,6,4,3,2,0.5,0.2,0.3,0.1,0.35,0.0833333333333333,0.75,0.578333333333333,0.533333333333333,TRUE,TRUE,0.75,"exclusion",0.8,0.7,0.416666666666667,0.72,0.42,0.366666666666667,0.42,0.4,FALSE,0,"2026-08-04","Goal 3 PBE-UD analytical rederivation"
8,7,5,4,3,0.5,0.2,0.3,0.1,0.35,0.0714285714285714,0.714285714285714,0.534285714285714,0.485714285714286,TRUE,TRUE,0.714285714285714,"exclusion",0.8,0.7,0.428571428571429,0.72,0.411428571428571,0.357142857142857,0.411428571428571,0.391428571428571,FALSE,0,"2026-08-04","Goal 3 PBE-UD analytical rederivation"
9,8,5,4,3,0.5,0.2,0.3,0.1,0.35,0.0625,0.75,0.5575,0.5125,TRUE,TRUE,0.75,"exclusion",0.8,0.7,0.4375,0.72,0.405,0.35,0.405,0.385,FALSE,0,"2026-08-04","Goal 3 PBE-UD analytical rederivation"
10,9,6,5,4,0.5,0.2,0.3,0.1,0.35,0.0555555555555556,0.722222222222222,0.525555555555556,0.477777777777778,TRUE,TRUE,0.722222222222222,"exclusion",0.8,0.7,0.444444444444444,0.72,0.4,0.344444444444444,0.4,0.38,FALSE,0,"2026-08-04","Goal 3 PBE-UD analytical rederivation"
3,2,2,1,0,0.9,0.2,0.3,0.1,0.35,0.45,0.55,0.765,0.7,TRUE,TRUE,0.765,"low_only",0.8,0.7,0.45,0.72,0.396,0.34,0.396,0.376,FALSE,0,"2026-08-04","Goal 3 PBE-UD analytical rederivation"
4,3,3,2,1,0.9,0.2,0.3,0.1,0.35,0.3,0.4,0.48,0.4,TRUE,FALSE,NA,"empty",0.8,0.7,0.6,0.72,0.288,0.22,0.288,0.268,FALSE,0,"2026-08-04","Goal 3 PBE-UD analytical rederivation"
5,4,3,2,1,0.9,0.2,0.3,0.1,0.35,0.225,0.55,0.54,0.475,TRUE,TRUE,0.55,"exclusion",0.8,0.7,0.675,0.72,0.234,0.16,0.234,0.214,FALSE,0,"2026-08-04","Goal 3 PBE-UD analytical rederivation"
6,5,4,3,2,0.9,0.2,0.3,0.1,0.35,0.18,0.46,0.414,0.34,TRUE,TRUE,0.46,"exclusion",0.8,0.7,0.72,0.72,0.2016,0.124,0.2016,0.1816,FALSE,0,"2026-08-04","Goal 3 PBE-UD analytical rederivation"
7,6,4,3,2,0.9,0.2,0.3,0.1,0.35,0.15,0.55,0.465,0.4,TRUE,TRUE,0.55,"exclusion",0.8,0.7,0.75,0.72,0.18,0.0999999999999999,0.18,0.16,FALSE,0,"2026-08-04","Goal 3 PBE-UD analytical rederivation"
8,7,5,4,3,0.9,0.2,0.3,0.1,0.35,0.128571428571429,0.485714285714286,0.385714285714286,0.314285714285714,TRUE,TRUE,0.485714285714286,"exclusion",0.8,0.7,0.771428571428571,0.72,0.164571428571429,0.0828571428571427,0.164571428571429,0.144571428571428,FALSE,0,"2026-08-04","Goal 3 PBE-UD analytical rederivation"
9,8,5,4,3,0.9,0.2,0.3,0.1,0.35,0.1125,0.55,0.4275,0.3625,TRUE,TRUE,0.55,"exclusion",0.8,0.7,0.7875,0.72,0.153,0.07,0.153,0.133,FALSE,0,"2026-08-04","Goal 3 PBE-UD analytical rederivation"
10,9,6,5,4,0.9,0.2,0.3,0.1,0.35,0.1,0.5,0.37,0.3,TRUE,TRUE,0.5,"exclusion",0.8,0.7,0.8,0.72,0.144,0.0599999999999998,0.144,0.124,FALSE,0,"2026-08-04","Goal 3 PBE-UD analytical rederivation"
3,2,2,1,0,0.2,0.05,0.6,0.1,0.65,0.1,0.9,0.865,0.4,TRUE,TRUE,0.9,"exclusion",0.95,0.4,0.1,0.855,0.7695,0.305,0.7695,0.3145,FALSE,0,"2026-08-04","Goal 3 PBE-UD analytical rederivation"
4,3,3,2,1,0.2,0.05,0.6,0.1,0.65,0.0666666666666667,0.866666666666667,0.801666666666667,0.333333333333333,TRUE,TRUE,0.866666666666667,"exclusion",0.95,0.4,0.133333333333333,0.855,0.741,0.273333333333333,0.741,0.286,FALSE,0,"2026-08-04","Goal 3 PBE-UD analytical rederivation"
5,4,3,2,1,0.2,0.05,0.6,0.1,0.65,0.05,0.9,0.815,0.35,TRUE,TRUE,0.9,"exclusion",0.95,0.4,0.15,0.855,0.72675,0.2575,0.72675,0.27175,FALSE,0,"2026-08-04","Goal 3 PBE-UD analytical rederivation"
6,5,4,3,2,0.2,0.05,0.6,0.1,0.65,0.04,0.88,0.787,0.32,TRUE,TRUE,0.88,"exclusion",0.95,0.4,0.16,0.855,0.7182,0.248,0.7182,0.2632,FALSE,0,"2026-08-04","Goal 3 PBE-UD analytical rederivation"
7,6,4,3,2,0.2,0.05,0.6,0.1,0.65,0.0333333333333333,0.9,0.798333333333333,0.333333333333333,TRUE,TRUE,0.9,"exclusion",0.95,0.4,0.166666666666667,0.855,0.7125,0.241666666666667,0.7125,0.2575,FALSE,0,"2026-08-04","Goal 3 PBE-UD analytical rederivation"
8,7,5,4,3,0.2,0.05,0.6,0.1,0.65,0.0285714285714286,0.885714285714286,0.780714285714286,0.314285714285714,TRUE,TRUE,0.885714285714286,"exclusion",0.95,0.4,0.171428571428571,0.855,0.708428571428571,0.237142857142857,0.708428571428571,0.253428571428571,FALSE,0,"2026-08-04","Goal 3 PBE-UD analytical rederivation"
9,8,5,4,3,0.2,0.05,0.6,0.1,0.65,0.025,0.9,0.79,0.325,TRUE,TRUE,0.9,"exclusion",0.95,0.4,0.175,0.855,0.705375,0.23375,0.705375,0.250375,FALSE,0,"2026-08-04","Goal 3 PBE-UD analytical rederivation"
10,9,6,5,4,0.2,0.05,0.6,0.1,0.65,0.0222222222222222,0.888888888888889,0.777222222222222,0.311111111111111,TRUE,TRUE,0.888888888888889,"exclusion",0.95,0.4,0.177777777777778,0.855,0.703,0.231111111111111,0.703,0.248,FALSE,0,"2026-08-04","Goal 3 PBE-UD analytical rederivation"
3,2,2,1,0,0.5,0.05,0.6,0.1,0.65,0.25,0.75,0.88,0.4,TRUE,TRUE,0.88,"low_only",0.95,0.4,0.25,0.855,0.64125,0.1625,0.64125,0.18625,FALSE,0,"2026-08-04","Goal 3 PBE-UD analytical rederivation"
4,3,3,2,1,0.5,0.05,0.6,0.1,0.65,0.166666666666667,0.666666666666667,0.721666666666667,0.233333333333333,TRUE,FALSE,NA,"empty",0.95,0.4,0.333333333333333,0.855,0.57,0.0833333333333334,0.57,0.115,FALSE,0,"2026-08-04","Goal 3 PBE-UD analytical rederivation"
5,4,3,2,1,0.5,0.05,0.6,0.1,0.65,0.125,0.75,0.755,0.275,TRUE,FALSE,NA,"empty",0.95,0.4,0.375,0.855,0.534375,0.0437500000000001,0.534375,0.079375,FALSE,0,"2026-08-04","Goal 3 PBE-UD analytical rederivation"
6,5,4,3,2,0.5,0.05,0.6,0.1,0.65,0.1,0.7,0.685,0.2,TRUE,TRUE,0.7,"exclusion",0.95,0.4,0.4,0.855,0.513,0.02,0.513,0.058,FALSE,0,"2026-08-04","Goal 3 PBE-UD analytical rederivation"
7,6,4,3,2,0.5,0.05,0.6,0.1,0.65,0.0833333333333333,0.75,0.713333333333333,0.233333333333333,TRUE,TRUE,0.75,"exclusion",0.95,0.4,0.416666666666667,0.855,0.49875,0.00416666666666671,0.49875,0.04375,FALSE,0,"2026-08-04","Goal 3 PBE-UD analytical rederivation"
8,7,5,4,3,0.5,0.05,0.6,0.1,0.65,0.0714285714285714,0.714285714285714,0.669285714285714,0.185714285714286,TRUE,TRUE,0.714285714285714,"exclusion",0.95,0.4,0.428571428571429,0.855,0.488571428571428,-0.00714285714285706,0.488571428571428,0.0335714285714286,FALSE,0,"2026-08-04","Goal 3 PBE-UD analytical rederivation"
9,8,5,4,3,0.5,0.05,0.6,0.1,0.65,0.0625,0.75,0.6925,0.2125,TRUE,TRUE,0.75,"exclusion",0.95,0.4,0.4375,0.855,0.4809375,-0.0156249999999999,0.4809375,0.0259375000000001,FALSE,0,"2026-08-04","Goal 3 PBE-UD analytical rederivation"
10,9,6,5,4,0.5,0.05,0.6,0.1,0.65,0.0555555555555556,0.722222222222222,0.660555555555556,0.177777777777778,TRUE,TRUE,0.722222222222222,"exclusion",0.95,0.4,0.444444444444444,0.855,0.475,-0.0222222222222221,0.475,0.0200000000000001,FALSE,0,"2026-08-04","Goal 3 PBE-UD analytical rederivation"
3,2,2,1,0,0.9,0.05,0.6,0.1,0.65,0.45,0.55,0.9,0.4,TRUE,TRUE,0.9,"low_only",0.95,0.4,0.45,0.855,0.47025,-0.0275,0.47025,0.01525,FALSE,0,"2026-08-04","Goal 3 PBE-UD analytical rederivation"
4,3,3,2,1,0.9,0.05,0.6,0.1,0.65,0.3,0.4,0.615,0.1,TRUE,FALSE,NA,"empty",0.95,0.4,0.6,0.855,0.342,-0.17,0.342,-0.113,FALSE,0,"2026-08-04","Goal 3 PBE-UD analytical rederivation"
5,4,3,2,1,0.9,0.05,0.6,0.1,0.65,0.225,0.55,0.675,0.175,TRUE,FALSE,NA,"empty",0.95,0.4,0.675,0.855,0.277875,-0.24125,0.277875,-0.177125,FALSE,0,"2026-08-04","Goal 3 PBE-UD analytical rederivation"
6,5,4,3,2,0.9,0.05,0.6,0.1,0.65,0.18,0.46,0.549,0.04,TRUE,FALSE,NA,"empty",0.95,0.4,0.72,0.855,0.2394,-0.284,0.2394,-0.2156,FALSE,0,"2026-08-04","Goal 3 PBE-UD analytical rederivation"
7,6,4,3,2,0.9,0.05,0.6,0.1,0.65,0.15,0.55,0.6,0.1,TRUE,FALSE,NA,"empty",0.95,0.4,0.75,0.855,0.21375,-0.3125,0.21375,-0.24125,FALSE,0,"2026-08-04","Goal 3 PBE-UD analytical rederivation"
8,7,5,4,3,0.9,0.05,0.6,0.1,0.65,0.128571428571429,0.485714285714286,0.520714285714286,0.0142857142857142,TRUE,FALSE,NA,"empty",0.95,0.4,0.771428571428571,0.855,0.195428571428571,-0.332857142857143,0.195428571428571,-0.259571428571429,FALSE,0,"2026-08-04","Goal 3 PBE-UD analytical rederivation"
9,8,5,4,3,0.9,0.05,0.6,0.1,0.65,0.1125,0.55,0.5625,0.0625,TRUE,FALSE,NA,"empty",0.95,0.4,0.7875,0.855,0.1816875,-0.348125,0.1816875,-0.2733125,FALSE,0,"2026-08-04","Goal 3 PBE-UD analytical rederivation"
10,9,6,5,4,0.9,0.05,0.6,0.1,0.65,0.1,0.5,0.505,0,TRUE,FALSE,NA,"empty",0.95,0.4,0.8,0.855,0.171,-0.36,0.171,-0.284,FALSE,0,"2026-08-04","Goal 3 PBE-UD analytical rederivation"
3,2,2,1,0,0.2,0.2,0.6,0.1,0.65,0.1,0.9,0.73,0.4,TRUE,TRUE,0.9,"exclusion",0.8,0.4,0.1,0.72,0.648,0.32,0.648,0.328,FALSE,0,"2026-08-04","Goal 3 PBE-UD analytical rederivation"
4,3,3,2,1,0.2,0.2,0.6,0.1,0.65,0.0666666666666667,0.866666666666667,0.666666666666667,0.333333333333333,TRUE,TRUE,0.866666666666667,"exclusion",0.8,0.4,0.133333333333333,0.72,0.624,0.293333333333333,0.624,0.304,FALSE,0,"2026-08-04","Goal 3 PBE-UD analytical rederivation"
5,4,3,2,1,0.2,0.2,0.6,0.1,0.65,0.05,0.9,0.68,0.35,TRUE,TRUE,0.9,"exclusion",0.8,0.4,0.15,0.72,0.612,0.28,0.612,0.292,FALSE,0,"2026-08-04","Goal 3 PBE-UD analytical rederivation"
6,5,4,3,2,0.2,0.2,0.6,0.1,0.65,0.04,0.88,0.652,0.32,TRUE,TRUE,0.88,"exclusion",0.8,0.4,0.16,0.72,0.6048,0.272,0.6048,0.2848,FALSE,0,"2026-08-04","Goal 3 PBE-UD analytical rederivation"
7,6,4,3,2,0.2,0.2,0.6,0.1,0.65,0.0333333333333333,0.9,0.663333333333333,0.333333333333333,TRUE,TRUE,0.9,"exclusion",0.8,0.4,0.166666666666667,0.72,0.6,0.266666666666667,0.6,0.28,FALSE,0,"2026-08-04","Goal 3 PBE-UD analytical rederivation"
8,7,5,4,3,0.2,0.2,0.6,0.1,0.65,0.0285714285714286,0.885714285714286,0.645714285714286,0.314285714285714,TRUE,TRUE,0.885714285714286,"exclusion",0.8,0.4,0.171428571428571,0.72,0.596571428571429,0.262857142857143,0.596571428571429,0.276571428571429,FALSE,0,"2026-08-04","Goal 3 PBE-UD analytical rederivation"
9,8,5,4,3,0.2,0.2,0.6,0.1,0.65,0.025,0.9,0.655,0.325,TRUE,TRUE,0.9,"exclusion",0.8,0.4,0.175,0.72,0.594,0.26,0.594,0.274,FALSE,0,"2026-08-04","Goal 3 PBE-UD analytical rederivation"
10,9,6,5,4,0.2,0.2,0.6,0.1,0.65,0.0222222222222222,0.888888888888889,0.642222222222222,0.311111111111111,TRUE,TRUE,0.888888888888889,"exclusion",0.8,0.4,0.177777777777778,0.72,0.592,0.257777777777778,0.592,0.272,FALSE,0,"2026-08-04","Goal 3 PBE-UD analytical rederivation"
3,2,2,1,0,0.5,0.2,0.6,0.1,0.65,0.25,0.75,0.745,0.4,TRUE,TRUE,0.75,"exclusion",0.8,0.4,0.25,0.72,0.54,0.2,0.54,0.22,FALSE,0,"2026-08-04","Goal 3 PBE-UD analytical rederivation"
4,3,3,2,1,0.5,0.2,0.6,0.1,0.65,0.166666666666667,0.666666666666667,0.586666666666667,0.233333333333333,TRUE,TRUE,0.666666666666667,"exclusion",0.8,0.4,0.333333333333333,0.72,0.48,0.133333333333333,0.48,0.16,FALSE,0,"2026-08-04","Goal 3 PBE-UD analytical rederivation"
5,4,3,2,1,0.5,0.2,0.6,0.1,0.65,0.125,0.75,0.62,0.275,TRUE,TRUE,0.75,"exclusion",0.8,0.4,0.375,0.72,0.45,0.1,0.45,0.13,FALSE,0,"2026-08-04","Goal 3 PBE-UD analytical rederivation"
6,5,4,3,2,0.5,0.2,0.6,0.1,0.65,0.1,0.7,0.55,0.2,TRUE,TRUE,0.7,"exclusion",0.8,0.4,0.4,0.72,0.432,0.08,0.432,0.112,FALSE,0,"2026-08-04","Goal 3 PBE-UD analytical rederivation"
7,6,4,3,2,0.5,0.2,0.6,0.1,0.65,0.0833333333333333,0.75,0.578333333333333,0.233333333333333,TRUE,TRUE,0.75,"exclusion",0.8,0.4,0.416666666666667,0.72,0.42,0.0666666666666667,0.42,0.1,FALSE,0,"2026-08-04","Goal 3 PBE-UD analytical rederivation"
8,7,5,4,3,0.5,0.2,0.6,0.1,0.65,0.0714285714285714,0.714285714285714,0.534285714285714,0.185714285714286,TRUE,TRUE,0.714285714285714,"exclusion",0.8,0.4,0.428571428571429,0.72,0.411428571428571,0.0571428571428572,0.411428571428571,0.0914285714285714,FALSE,0,"2026-08-04","Goal 3 PBE-UD analytical rederivation"
9,8,5,4,3,0.5,0.2,0.6,0.1,0.65,0.0625,0.75,0.5575,0.2125,TRUE,TRUE,0.75,"exclusion",0.8,0.4,0.4375,0.72,0.405,0.05,0.405,0.085,FALSE,0,"2026-08-04","Goal 3 PBE-UD analytical rederivation"
10,9,6,5,4,0.5,0.2,0.6,0.1,0.65,0.0555555555555556,0.722222222222222,0.525555555555556,0.177777777777778,TRUE,TRUE,0.722222222222222,"exclusion",0.8,0.4,0.444444444444444,0.72,0.4,0.0444444444444445,0.4,0.08,FALSE,0,"2026-08-04","Goal 3 PBE-UD analytical rederivation"
3,2,2,1,0,0.9,0.2,0.6,0.1,0.65,0.45,0.55,0.765,0.4,TRUE,TRUE,0.765,"low_only",0.8,0.4,0.45,0.72,0.396,0.04,0.396,0.076,FALSE,0,"2026-08-04","Goal 3 PBE-UD analytical rederivation"
4,3,3,2,1,0.9,0.2,0.6,0.1,0.65,0.3,0.4,0.48,0.1,TRUE,FALSE,NA,"empty",0.8,0.4,0.6,0.72,0.288,-0.08,0.288,-0.032,FALSE,0,"2026-08-04","Goal 3 PBE-UD analytical rederivation"
5,4,3,2,1,0.9,0.2,0.6,0.1,0.65,0.225,0.55,0.54,0.175,TRUE,TRUE,0.55,"exclusion",0.8,0.4,0.675,0.72,0.234,-0.14,0.234,-0.0860000000000001,FALSE,0,"2026-08-04","Goal 3 PBE-UD analytical rederivation"
6,5,4,3,2,0.9,0.2,0.6,0.1,0.65,0.18,0.46,0.414,0.04,TRUE,TRUE,0.46,"exclusion",0.8,0.4,0.72,0.72,0.2016,-0.176,0.2016,-0.1184,FALSE,0,"2026-08-04","Goal 3 PBE-UD analytical rederivation"
7,6,4,3,2,0.9,0.2,0.6,0.1,0.65,0.15,0.55,0.465,0.1,TRUE,TRUE,0.55,"exclusion",0.8,0.4,0.75,0.72,0.18,-0.2,0.18,-0.14,FALSE,0,"2026-08-04","Goal 3 PBE-UD analytical rederivation"
8,7,5,4,3,0.9,0.2,0.6,0.1,0.65,0.128571428571429,0.485714285714286,0.385714285714286,0.0142857142857142,TRUE,TRUE,0.485714285714286,"exclusion",0.8,0.4,0.771428571428571,0.72,0.164571428571429,-0.217142857142857,0.164571428571429,-0.155428571428571,FALSE,0,"2026-08-04","Goal 3 PBE-UD analytical rederivation"
9,8,5,4,3,0.9,0.2,0.6,0.1,0.65,0.1125,0.55,0.4275,0.0625,TRUE,TRUE,0.55,"exclusion",0.8,0.4,0.7875,0.72,0.153,-0.23,0.153,-0.167,FALSE,0,"2026-08-04","Goal 3 PBE-UD analytical rederivation"
10,9,6,5,4,0.9,0.2,0.6,0.1,0.65,0.1,0.5,0.37,0,TRUE,TRUE,0.5,"exclusion",0.8,0.4,0.8,0.72,0.144,-0.24,0.144,-0.176,FALSE,0,"2026-08-04","Goal 3 PBE-UD analytical rederivation"
3,2,2,1,0,0.2,0.5,0.6,0.1,0.65,0.1,0.9,0.46,0.4,TRUE,TRUE,0.9,"exclusion",0.5,0.4,0.1,0.45,0.405,0.35,0.405,0.355,FALSE,0,"2026-08-04","Goal 3 PBE-UD analytical rederivation"
4,3,3,2,1,0.2,0.5,0.6,0.1,0.65,0.0666666666666667,0.866666666666667,0.396666666666667,0.333333333333333,TRUE,TRUE,0.866666666666667,"exclusion",0.5,0.4,0.133333333333333,0.45,0.39,0.333333333333333,0.39,0.34,FALSE,0,"2026-08-04","Goal 3 PBE-UD analytical rederivation"
5,4,3,2,1,0.2,0.5,0.6,0.1,0.65,0.05,0.9,0.41,0.35,TRUE,TRUE,0.9,"exclusion",0.5,0.4,0.15,0.45,0.3825,0.325,0.3825,0.3325,FALSE,0,"2026-08-04","Goal 3 PBE-UD analytical rederivation"
6,5,4,3,2,0.2,0.5,0.6,0.1,0.65,0.04,0.88,0.382,0.32,TRUE,TRUE,0.88,"exclusion",0.5,0.4,0.16,0.45,0.378,0.32,0.378,0.328,FALSE,0,"2026-08-04","Goal 3 PBE-UD analytical rederivation"
7,6,4,3,2,0.2,0.5,0.6,0.1,0.65,0.0333333333333333,0.9,0.393333333333333,0.333333333333333,TRUE,TRUE,0.9,"exclusion",0.5,0.4,0.166666666666667,0.45,0.375,0.316666666666667,0.375,0.325,FALSE,0,"2026-08-04","Goal 3 PBE-UD analytical rederivation"
8,7,5,4,3,0.2,0.5,0.6,0.1,0.65,0.0285714285714286,0.885714285714286,0.375714285714286,0.314285714285714,TRUE,TRUE,0.885714285714286,"exclusion",0.5,0.4,0.171428571428571,0.45,0.372857142857143,0.314285714285714,0.372857142857143,0.322857142857143,FALSE,0,"2026-08-04","Goal 3 PBE-UD analytical rederivation"
9,8,5,4,3,0.2,0.5,0.6,0.1,0.65,0.025,0.9,0.385,0.325,TRUE,TRUE,0.9,"exclusion",0.5,0.4,0.175,0.45,0.37125,0.3125,0.37125,0.32125,FALSE,0,"2026-08-04","Goal 3 PBE-UD analytical rederivation"
10,9,6,5,4,0.2,0.5,0.6,0.1,0.65,0.0222222222222222,0.888888888888889,0.372222222222222,0.311111111111111,TRUE,TRUE,0.888888888888889,"exclusion",0.5,0.4,0.177777777777778,0.45,0.37,0.311111111111111,0.37,0.32,FALSE,0,"2026-08-04","Goal 3 PBE-UD analytical rederivation"
3,2,2,1,0,0.5,0.5,0.6,0.1,0.65,0.25,0.75,0.475,0.4,TRUE,TRUE,0.75,"exclusion",0.5,0.4,0.25,0.45,0.3375,0.275,0.3375,0.2875,FALSE,0,"2026-08-04","Goal 3 PBE-UD analytical rederivation"
4,3,3,2,1,0.5,0.5,0.6,0.1,0.65,0.166666666666667,0.666666666666667,0.316666666666667,0.233333333333333,TRUE,TRUE,0.666666666666667,"exclusion",0.5,0.4,0.333333333333333,0.45,0.3,0.233333333333333,0.3,0.25,FALSE,0,"2026-08-04","Goal 3 PBE-UD analytical rederivation"
5,4,3,2,1,0.5,0.5,0.6,0.1,0.65,0.125,0.75,0.35,0.275,TRUE,TRUE,0.75,"exclusion",0.5,0.4,0.375,0.45,0.28125,0.2125,0.28125,0.23125,FALSE,0,"2026-08-04","Goal 3 PBE-UD analytical rederivation"
6,5,4,3,2,0.5,0.5,0.6,0.1,0.65,0.1,0.7,0.28,0.2,TRUE,TRUE,0.7,"exclusion",0.5,0.4,0.4,0.45,0.27,0.2,0.27,0.22,FALSE,0,"2026-08-04","Goal 3 PBE-UD analytical rederivation"
7,6,4,3,2,0.5,0.5,0.6,0.1,0.65,0.0833333333333333,0.75,0.308333333333333,0.233333333333333,TRUE,TRUE,0.75,"exclusion",0.5,0.4,0.416666666666667,0.45,0.2625,0.191666666666667,0.2625,0.2125,FALSE,0,"2026-08-04","Goal 3 PBE-UD analytical rederivation"
8,7,5,4,3,0.5,0.5,0.6,0.1,0.65,0.0714285714285714,0.714285714285714,0.264285714285714,0.185714285714286,TRUE,TRUE,0.714285714285714,"exclusion",0.5,0.4,0.428571428571429,0.45,0.257142857142857,0.185714285714286,0.257142857142857,0.207142857142857,FALSE,0,"2026-08-04","Goal 3 PBE-UD analytical rederivation"
9,8,5,4,3,0.5,0.5,0.6,0.1,0.65,0.0625,0.75,0.2875,0.2125,TRUE,TRUE,0.75,"exclusion",0.5,0.4,0.4375,0.45,0.253125,0.18125,0.253125,0.203125,FALSE,0,"2026-08-04","Goal 3 PBE-UD analytical rederivation"
10,9,6,5,4,0.5,0.5,0.6,0.1,0.65,0.0555555555555556,0.722222222222222,0.255555555555556,0.177777777777778,TRUE,TRUE,0.722222222222222,"exclusion",0.5,0.4,0.444444444444444,0.45,0.25,0.177777777777778,0.25,0.2,FALSE,0,"2026-08-04","Goal 3 PBE-UD analytical rederivation"
3,2,2,1,0,0.9,0.5,0.6,0.1,0.65,0.45,0.55,0.495,0.4,TRUE,TRUE,0.55,"exclusion",0.5,0.4,0.45,0.45,0.2475,0.175,0.2475,0.1975,FALSE,0,"2026-08-04","Goal 3 PBE-UD analytical rederivation"
4,3,3,2,1,0.9,0.5,0.6,0.1,0.65,0.3,0.4,0.21,0.1,TRUE,TRUE,0.4,"exclusion",0.5,0.4,0.6,0.45,0.18,0.1,0.18,0.13,FALSE,0,"2026-08-04","Goal 3 PBE-UD analytical rederivation"
5,4,3,2,1,0.9,0.5,0.6,0.1,0.65,0.225,0.55,0.27,0.175,TRUE,TRUE,0.55,"exclusion",0.5,0.4,0.675,0.45,0.14625,0.0625,0.14625,0.09625,FALSE,0,"2026-08-04","Goal 3 PBE-UD analytical rederivation"
6,5,4,3,2,0.9,0.5,0.6,0.1,0.65,0.18,0.46,0.144,0.04,TRUE,TRUE,0.46,"exclusion",0.5,0.4,0.72,0.45,0.126,0.04,0.126,0.076,FALSE,0,"2026-08-04","Goal 3 PBE-UD analytical rederivation"
7,6,4,3,2,0.9,0.5,0.6,0.1,0.65,0.15,0.55,0.195,0.1,TRUE,TRUE,0.55,"exclusion",0.5,0.4,0.75,0.45,0.1125,0.025,0.1125,0.0625,FALSE,0,"2026-08-04","Goal 3 PBE-UD analytical rederivation"
8,7,5,4,3,0.9,0.5,0.6,0.1,0.65,0.128571428571429,0.485714285714286,0.115714285714286,0.0142857142857142,TRUE,TRUE,0.485714285714286,"exclusion",0.5,0.4,0.771428571428571,0.45,0.102857142857143,0.0142857142857143,0.102857142857143,0.0528571428571429,FALSE,0,"2026-08-04","Goal 3 PBE-UD analytical rederivation"
9,8,5,4,3,0.9,0.5,0.6,0.1,0.65,0.1125,0.55,0.1575,0.0625,TRUE,TRUE,0.55,"exclusion",0.5,0.4,0.7875,0.45,0.095625,0.00625000000000003,0.095625,0.045625,FALSE,0,"2026-08-04","Goal 3 PBE-UD analytical rederivation"
10,9,6,5,4,0.9,0.5,0.6,0.1,0.65,0.1,0.5,0.1,0,TRUE,TRUE,0.5,"exclusion",0.5,0.4,0.8,0.45,0.09,0,0.09,0.04,FALSE,0,"2026-08-04","Goal 3 PBE-UD analytical rederivation"
3,2,2,1,0,0.2,0.05,0.9,0.1,0.95,0.1,0.9,0.865,0.1,TRUE,TRUE,0.9,"exclusion",0.95,0.1,0.1,0.855,0.7695,0.00499999999999998,0.7695,0.0145,FALSE,0,"2026-08-04","Goal 3 PBE-UD analytical rederivation"
4,3,3,2,1,0.2,0.05,0.9,0.1,0.95,0.0666666666666667,0.866666666666667,0.801666666666667,0.0333333333333333,TRUE,TRUE,0.866666666666667,"exclusion",0.95,0.1,0.133333333333333,0.855,0.741,-0.0266666666666667,0.741,-0.014,FALSE,0,"2026-08-04","Goal 3 PBE-UD analytical rederivation"
5,4,3,2,1,0.2,0.05,0.9,0.1,0.95,0.05,0.9,0.815,0.05,TRUE,TRUE,0.9,"exclusion",0.95,0.1,0.15,0.855,0.72675,-0.0425,0.72675,-0.02825,FALSE,0,"2026-08-04","Goal 3 PBE-UD analytical rederivation"
6,5,4,3,2,0.2,0.05,0.9,0.1,0.95,0.04,0.88,0.787,0.02,TRUE,TRUE,0.88,"exclusion",0.95,0.1,0.16,0.855,0.7182,-0.052,0.7182,-0.0368,FALSE,0,"2026-08-04","Goal 3 PBE-UD analytical rederivation"
7,6,4,3,2,0.2,0.05,0.9,0.1,0.95,0.0333333333333333,0.9,0.798333333333333,0.0333333333333333,TRUE,TRUE,0.9,"exclusion",0.95,0.1,0.166666666666667,0.855,0.7125,-0.0583333333333333,0.7125,-0.0425,FALSE,0,"2026-08-04","Goal 3 PBE-UD analytical rederivation"
8,7,5,4,3,0.2,0.05,0.9,0.1,0.95,0.0285714285714286,0.885714285714286,0.780714285714286,0.0142857142857143,TRUE,TRUE,0.885714285714286,"exclusion",0.95,0.1,0.171428571428571,0.855,0.708428571428571,-0.0628571428571429,0.708428571428571,-0.0465714285714286,FALSE,0,"2026-08-04","Goal 3 PBE-UD analytical rederivation"
9,8,5,4,3,0.2,0.05,0.9,0.1,0.95,0.025,0.9,0.79,0.025,TRUE,TRUE,0.9,"exclusion",0.95,0.1,0.175,0.855,0.705375,-0.06625,0.705375,-0.049625,FALSE,0,"2026-08-04","Goal 3 PBE-UD analytical rederivation"
10,9,6,5,4,0.2,0.05,0.9,0.1,0.95,0.0222222222222222,0.888888888888889,0.777222222222222,0.0111111111111111,TRUE,TRUE,0.888888888888889,"exclusion",0.95,0.1,0.177777777777778,0.855,0.703,-0.0688888888888889,0.703,-0.052,FALSE,0,"2026-08-04","Goal 3 PBE-UD analytical rederivation"
3,2,2,1,0,0.5,0.05,0.9,0.1,0.95,0.25,0.75,0.88,0.1,TRUE,TRUE,0.88,"low_only",0.95,0.1,0.25,0.855,0.64125,-0.1375,0.64125,-0.11375,FALSE,0,"2026-08-04","Goal 3 PBE-UD analytical rederivation"
4,3,3,2,1,0.5,0.05,0.9,0.1,0.95,0.166666666666667,0.666666666666667,0.721666666666667,-0.0666666666666667,TRUE,FALSE,NA,"empty",0.95,0.1,0.333333333333333,0.855,0.57,-0.216666666666667,0.57,-0.185,FALSE,0,"2026-08-04","Goal 3 PBE-UD analytical rederivation"
5,4,3,2,1,0.5,0.05,0.9,0.1,0.95,0.125,0.75,0.755,-0.025,TRUE,FALSE,NA,"empty",0.95,0.1,0.375,0.855,0.534375,-0.25625,0.534375,-0.220625,FALSE,0,"2026-08-04","Goal 3 PBE-UD analytical rederivation"
6,5,4,3,2,0.5,0.05,0.9,0.1,0.95,0.1,0.7,0.685,-0.1,TRUE,TRUE,0.7,"exclusion",0.95,0.1,0.4,0.855,0.513,-0.28,0.513,-0.242,FALSE,0,"2026-08-04","Goal 3 PBE-UD analytical rederivation"
7,6,4,3,2,0.5,0.05,0.9,0.1,0.95,0.0833333333333333,0.75,0.713333333333333,-0.0666666666666667,TRUE,TRUE,0.75,"exclusion",0.95,0.1,0.416666666666667,0.855,0.49875,-0.295833333333333,0.49875,-0.25625,FALSE,0,"2026-08-04","Goal 3 PBE-UD analytical rederivation"
8,7,5,4,3,0.5,0.05,0.9,0.1,0.95,0.0714285714285714,0.714285714285714,0.669285714285714,-0.114285714285714,TRUE,TRUE,0.714285714285714,"exclusion",0.95,0.1,0.428571428571429,0.855,0.488571428571428,-0.307142857142857,0.488571428571428,-0.266428571428571,FALSE,0,"2026-08-04","Goal 3 PBE-UD analytical rederivation"
9,8,5,4,3,0.5,0.05,0.9,0.1,0.95,0.0625,0.75,0.6925,-0.0875,TRUE,TRUE,0.75,"exclusion",0.95,0.1,0.4375,0.855,0.4809375,-0.315625,0.4809375,-0.2740625,FALSE,0,"2026-08-04","Goal 3 PBE-UD analytical rederivation"
10,9,6,5,4,0.5,0.05,0.9,0.1,0.95,0.0555555555555556,0.722222222222222,0.660555555555556,-0.122222222222222,TRUE,TRUE,0.722222222222222,"exclusion",0.95,0.1,0.444444444444444,0.855,0.475,-0.322222222222222,0.475,-0.28,FALSE,0,"2026-08-04","Goal 3 PBE-UD analytical rederivation"
3,2,2,1,0,0.9,0.05,0.9,0.1,0.95,0.45,0.55,0.9,0.1,TRUE,TRUE,0.9,"low_only",0.95,0.1,0.45,0.855,0.47025,-0.3275,0.47025,-0.28475,FALSE,0,"2026-08-04","Goal 3 PBE-UD analytical rederivation"
4,3,3,2,1,0.9,0.05,0.9,0.1,0.95,0.3,0.4,0.615,-0.2,TRUE,FALSE,NA,"empty",0.95,0.1,0.6,0.855,0.342,-0.47,0.342,-0.413,FALSE,0,"2026-08-04","Goal 3 PBE-UD analytical rederivation"
5,4,3,2,1,0.9,0.05,0.9,0.1,0.95,0.225,0.55,0.675,-0.125,TRUE,FALSE,NA,"empty",0.95,0.1,0.675,0.855,0.277875,-0.54125,0.277875,-0.477125,FALSE,0,"2026-08-04","Goal 3 PBE-UD analytical rederivation"
6,5,4,3,2,0.9,0.05,0.9,0.1,0.95,0.18,0.46,0.549,-0.26,TRUE,FALSE,NA,"empty",0.95,0.1,0.72,0.855,0.2394,-0.584,0.2394,-0.5156,FALSE,0,"2026-08-04","Goal 3 PBE-UD analytical rederivation"
7,6,4,3,2,0.9,0.05,0.9,0.1,0.95,0.15,0.55,0.6,-0.2,TRUE,FALSE,NA,"empty",0.95,0.1,0.75,0.855,0.21375,-0.6125,0.21375,-0.54125,FALSE,0,"2026-08-04","Goal 3 PBE-UD analytical rederivation"
8,7,5,4,3,0.9,0.05,0.9,0.1,0.95,0.128571428571429,0.485714285714286,0.520714285714286,-0.285714285714286,TRUE,FALSE,NA,"empty",0.95,0.1,0.771428571428571,0.855,0.195428571428571,-0.632857142857143,0.195428571428571,-0.559571428571429,FALSE,0,"2026-08-04","Goal 3 PBE-UD analytical rederivation"
9,8,5,4,3,0.9,0.05,0.9,0.1,0.95,0.1125,0.55,0.5625,-0.2375,TRUE,FALSE,NA,"empty",0.95,0.1,0.7875,0.855,0.1816875,-0.648125,0.1816875,-0.5733125,FALSE,0,"2026-08-04","Goal 3 PBE-UD analytical rederivation"
10,9,6,5,4,0.9,0.05,0.9,0.1,0.95,0.1,0.5,0.505,-0.3,TRUE,FALSE,NA,"empty",0.95,0.1,0.8,0.855,0.171,-0.66,0.171,-0.584,FALSE,0,"2026-08-04","Goal 3 PBE-UD analytical rederivation"
3,2,2,1,0,0.2,0.2,0.9,0.1,0.95,0.1,0.9,0.73,0.1,TRUE,TRUE,0.9,"exclusion",0.8,0.1,0.1,0.72,0.648,0.02,0.648,0.028,FALSE,0,"2026-08-04","Goal 3 PBE-UD analytical rederivation"
4,3,3,2,1,0.2,0.2,0.9,0.1,0.95,0.0666666666666667,0.866666666666667,0.666666666666667,0.0333333333333333,TRUE,TRUE,0.866666666666667,"exclusion",0.8,0.1,0.133333333333333,0.72,0.624,-0.0066666666666667,0.624,0.00399999999999996,FALSE,0,"2026-08-04","Goal 3 PBE-UD analytical rederivation"
5,4,3,2,1,0.2,0.2,0.9,0.1,0.95,0.05,0.9,0.68,0.05,TRUE,TRUE,0.9,"exclusion",0.8,0.1,0.15,0.72,0.612,-0.02,0.612,-0.00800000000000005,FALSE,0,"2026-08-04","Goal 3 PBE-UD analytical rederivation"
6,5,4,3,2,0.2,0.2,0.9,0.1,0.95,0.04,0.88,0.652,0.02,TRUE,TRUE,0.88,"exclusion",0.8,0.1,0.16,0.72,0.6048,-0.028,0.6048,-0.0152,FALSE,0,"2026-08-04","Goal 3 PBE-UD analytical rederivation"
7,6,4,3,2,0.2,0.2,0.9,0.1,0.95,0.0333333333333333,0.9,0.663333333333333,0.0333333333333333,TRUE,TRUE,0.9,"exclusion",0.8,0.1,0.166666666666667,0.72,0.6,-0.0333333333333334,0.6,-0.02,FALSE,0,"2026-08-04","Goal 3 PBE-UD analytical rederivation"
8,7,5,4,3,0.2,0.2,0.9,0.1,0.95,0.0285714285714286,0.885714285714286,0.645714285714286,0.0142857142857143,TRUE,TRUE,0.885714285714286,"exclusion",0.8,0.1,0.171428571428571,0.72,0.596571428571429,-0.0371428571428572,0.596571428571429,-0.0234285714285715,FALSE,0,"2026-08-04","Goal 3 PBE-UD analytical rederivation"
9,8,5,4,3,0.2,0.2,0.9,0.1,0.95,0.025,0.9,0.655,0.025,TRUE,TRUE,0.9,"exclusion",0.8,0.1,0.175,0.72,0.594,-0.04,0.594,-0.026,FALSE,0,"2026-08-04","Goal 3 PBE-UD analytical rederivation"
10,9,6,5,4,0.2,0.2,0.9,0.1,0.95,0.0222222222222222,0.888888888888889,0.642222222222222,0.0111111111111111,TRUE,TRUE,0.888888888888889,"exclusion",0.8,0.1,0.177777777777778,0.72,0.592,-0.0422222222222222,0.592,-0.0280000000000001,FALSE,0,"2026-08-04","Goal 3 PBE-UD analytical rederivation"
3,2,2,1,0,0.5,0.2,0.9,0.1,0.95,0.25,0.75,0.745,0.1,TRUE,TRUE,0.75,"exclusion",0.8,0.1,0.25,0.72,0.54,-0.1,0.54,-0.08,FALSE,0,"2026-08-04","Goal 3 PBE-UD analytical rederivation"
4,3,3,2,1,0.5,0.2,0.9,0.1,0.95,0.166666666666667,0.666666666666667,0.586666666666667,-0.0666666666666667,TRUE,TRUE,0.666666666666667,"exclusion",0.8,0.1,0.333333333333333,0.72,0.48,-0.166666666666667,0.48,-0.14,FALSE,0,"2026-08-04","Goal 3 PBE-UD analytical rederivation"
5,4,3,2,1,0.5,0.2,0.9,0.1,0.95,0.125,0.75,0.62,-0.025,TRUE,TRUE,0.75,"exclusion",0.8,0.1,0.375,0.72,0.45,-0.2,0.45,-0.17,FALSE,0,"2026-08-04","Goal 3 PBE-UD analytical rederivation"
6,5,4,3,2,0.5,0.2,0.9,0.1,0.95,0.1,0.7,0.55,-0.1,TRUE,TRUE,0.7,"exclusion",0.8,0.1,0.4,0.72,0.432,-0.22,0.432,-0.188,FALSE,0,"2026-08-04","Goal 3 PBE-UD analytical rederivation"
7,6,4,3,2,0.5,0.2,0.9,0.1,0.95,0.0833333333333333,0.75,0.578333333333333,-0.0666666666666667,TRUE,TRUE,0.75,"exclusion",0.8,0.1,0.416666666666667,0.72,0.42,-0.233333333333333,0.42,-0.2,FALSE,0,"2026-08-04","Goal 3 PBE-UD analytical rederivation"
8,7,5,4,3,0.5,0.2,0.9,0.1,0.95,0.0714285714285714,0.714285714285714,0.534285714285714,-0.114285714285714,TRUE,TRUE,0.714285714285714,"exclusion",0.8,0.1,0.428571428571429,0.72,0.411428571428571,-0.242857142857143,0.411428571428571,-0.208571428571429,FALSE,0,"2026-08-04","Goal 3 PBE-UD analytical rederivation"
9,8,5,4,3,0.5,0.2,0.9,0.1,0.95,0.0625,0.75,0.5575,-0.0875,TRUE,TRUE,0.75,"exclusion",0.8,0.1,0.4375,0.72,0.405,-0.25,0.405,-0.215,FALSE,0,"2026-08-04","Goal 3 PBE-UD analytical rederivation"
10,9,6,5,4,0.5,0.2,0.9,0.1,0.95,0.0555555555555556,0.722222222222222,0.525555555555556,-0.122222222222222,TRUE,TRUE,0.722222222222222,"exclusion",0.8,0.1,0.444444444444444,0.72,0.4,-0.255555555555556,0.4,-0.22,FALSE,0,"2026-08-04","Goal 3 PBE-UD analytical rederivation"
3,2,2,1,0,0.9,0.2,0.9,0.1,0.95,0.45,0.55,0.765,0.1,TRUE,TRUE,0.765,"low_only",0.8,0.1,0.45,0.72,0.396,-0.26,0.396,-0.224,FALSE,0,"2026-08-04","Goal 3 PBE-UD analytical rederivation"
4,3,3,2,1,0.9,0.2,0.9,0.1,0.95,0.3,0.4,0.48,-0.2,TRUE,FALSE,NA,"empty",0.8,0.1,0.6,0.72,0.288,-0.38,0.288,-0.332,FALSE,0,"2026-08-04","Goal 3 PBE-UD analytical rederivation"
5,4,3,2,1,0.9,0.2,0.9,0.1,0.95,0.225,0.55,0.54,-0.125,TRUE,TRUE,0.55,"exclusion",0.8,0.1,0.675,0.72,0.234,-0.44,0.234,-0.386,FALSE,0,"2026-08-04","Goal 3 PBE-UD analytical rederivation"
6,5,4,3,2,0.9,0.2,0.9,0.1,0.95,0.18,0.46,0.414,-0.26,TRUE,TRUE,0.46,"exclusion",0.8,0.1,0.72,0.72,0.2016,-0.476,0.2016,-0.4184,FALSE,0,"2026-08-04","Goal 3 PBE-UD analytical rederivation"
7,6,4,3,2,0.9,0.2,0.9,0.1,0.95,0.15,0.55,0.465,-0.2,TRUE,TRUE,0.55,"exclusion",0.8,0.1,0.75,0.72,0.18,-0.5,0.18,-0.44,FALSE,0,"2026-08-04","Goal 3 PBE-UD analytical rederivation"
8,7,5,4,3,0.9,0.2,0.9,0.1,0.95,0.128571428571429,0.485714285714286,0.385714285714286,-0.285714285714286,TRUE,TRUE,0.485714285714286,"exclusion",0.8,0.1,0.771428571428571,0.72,0.164571428571429,-0.517142857142857,0.164571428571429,-0.455428571428572,FALSE,0,"2026-08-04","Goal 3 PBE-UD analytical rederivation"
9,8,5,4,3,0.9,0.2,0.9,0.1,0.95,0.1125,0.55,0.4275,-0.2375,TRUE,TRUE,0.55,"exclusion",0.8,0.1,0.7875,0.72,0.153,-0.53,0.153,-0.467,FALSE,0,"2026-08-04","Goal 3 PBE-UD analytical rederivation"
10,9,6,5,4,0.9,0.2,0.9,0.1,0.95,0.1,0.5,0.37,-0.3,TRUE,TRUE,0.5,"exclusion",0.8,0.1,0.8,0.72,0.144,-0.54,0.144,-0.476,FALSE,0,"2026-08-04","Goal 3 PBE-UD analytical rederivation"
3,2,2,1,0,0.2,0.5,0.9,0.1,0.95,0.1,0.9,0.46,0.1,TRUE,TRUE,0.9,"exclusion",0.5,0.1,0.1,0.45,0.405,0.05,0.405,0.055,FALSE,0,"2026-08-04","Goal 3 PBE-UD analytical rederivation"
4,3,3,2,1,0.2,0.5,0.9,0.1,0.95,0.0666666666666667,0.866666666666667,0.396666666666667,0.0333333333333333,TRUE,TRUE,0.866666666666667,"exclusion",0.5,0.1,0.133333333333333,0.45,0.39,0.0333333333333333,0.39,0.04,FALSE,0,"2026-08-04","Goal 3 PBE-UD analytical rederivation"
5,4,3,2,1,0.2,0.5,0.9,0.1,0.95,0.05,0.9,0.41,0.05,TRUE,TRUE,0.9,"exclusion",0.5,0.1,0.15,0.45,0.3825,0.025,0.3825,0.0325,FALSE,0,"2026-08-04","Goal 3 PBE-UD analytical rederivation"
6,5,4,3,2,0.2,0.5,0.9,0.1,0.95,0.04,0.88,0.382,0.02,TRUE,TRUE,0.88,"exclusion",0.5,0.1,0.16,0.45,0.378,0.02,0.378,0.028,FALSE,0,"2026-08-04","Goal 3 PBE-UD analytical rederivation"
7,6,4,3,2,0.2,0.5,0.9,0.1,0.95,0.0333333333333333,0.9,0.393333333333333,0.0333333333333333,TRUE,TRUE,0.9,"exclusion",0.5,0.1,0.166666666666667,0.45,0.375,0.0166666666666666,0.375,0.025,FALSE,0,"2026-08-04","Goal 3 PBE-UD analytical rederivation"
8,7,5,4,3,0.2,0.5,0.9,0.1,0.95,0.0285714285714286,0.885714285714286,0.375714285714286,0.0142857142857143,TRUE,TRUE,0.885714285714286,"exclusion",0.5,0.1,0.171428571428571,0.45,0.372857142857143,0.0142857142857142,0.372857142857143,0.0228571428571428,FALSE,0,"2026-08-04","Goal 3 PBE-UD analytical rederivation"
9,8,5,4,3,0.2,0.5,0.9,0.1,0.95,0.025,0.9,0.385,0.025,TRUE,TRUE,0.9,"exclusion",0.5,0.1,0.175,0.45,0.37125,0.0125,0.37125,0.02125,FALSE,0,"2026-08-04","Goal 3 PBE-UD analytical rederivation"
10,9,6,5,4,0.2,0.5,0.9,0.1,0.95,0.0222222222222222,0.888888888888889,0.372222222222222,0.0111111111111111,TRUE,TRUE,0.888888888888889,"exclusion",0.5,0.1,0.177777777777778,0.45,0.37,0.0111111111111111,0.37,0.02,FALSE,0,"2026-08-04","Goal 3 PBE-UD analytical rederivation"
3,2,2,1,0,0.5,0.5,0.9,0.1,0.95,0.25,0.75,0.475,0.1,TRUE,TRUE,0.75,"exclusion",0.5,0.1,0.25,0.45,0.3375,-0.025,0.3375,-0.0125,FALSE,0,"2026-08-04","Goal 3 PBE-UD analytical rederivation"
4,3,3,2,1,0.5,0.5,0.9,0.1,0.95,0.166666666666667,0.666666666666667,0.316666666666667,-0.0666666666666667,TRUE,TRUE,0.666666666666667,"exclusion",0.5,0.1,0.333333333333333,0.45,0.3,-0.0666666666666667,0.3,-0.05,FALSE,0,"2026-08-04","Goal 3 PBE-UD analytical rederivation"
5,4,3,2,1,0.5,0.5,0.9,0.1,0.95,0.125,0.75,0.35,-0.025,TRUE,TRUE,0.75,"exclusion",0.5,0.1,0.375,0.45,0.28125,-0.0875,0.28125,-0.06875,FALSE,0,"2026-08-04","Goal 3 PBE-UD analytical rederivation"
6,5,4,3,2,0.5,0.5,0.9,0.1,0.95,0.1,0.7,0.28,-0.1,TRUE,TRUE,0.7,"exclusion",0.5,0.1,0.4,0.45,0.27,-0.1,0.27,-0.08,FALSE,0,"2026-08-04","Goal 3 PBE-UD analytical rederivation"
7,6,4,3,2,0.5,0.5,0.9,0.1,0.95,0.0833333333333333,0.75,0.308333333333333,-0.0666666666666667,TRUE,TRUE,0.75,"exclusion",0.5,0.1,0.416666666666667,0.45,0.2625,-0.108333333333333,0.2625,-0.0875,FALSE,0,"2026-08-04","Goal 3 PBE-UD analytical rederivation"
8,7,5,4,3,0.5,0.5,0.9,0.1,0.95,0.0714285714285714,0.714285714285714,0.264285714285714,-0.114285714285714,TRUE,TRUE,0.714285714285714,"exclusion",0.5,0.1,0.428571428571429,0.45,0.257142857142857,-0.114285714285714,0.257142857142857,-0.0928571428571429,FALSE,0,"2026-08-04","Goal 3 PBE-UD analytical rederivation"
9,8,5,4,3,0.5,0.5,0.9,0.1,0.95,0.0625,0.75,0.2875,-0.0875,TRUE,TRUE,0.75,"exclusion",0.5,0.1,0.4375,0.45,0.253125,-0.11875,0.253125,-0.096875,FALSE,0,"2026-08-04","Goal 3 PBE-UD analytical rederivation"
10,9,6,5,4,0.5,0.5,0.9,0.1,0.95,0.0555555555555556,0.722222222222222,0.255555555555556,-0.122222222222222,TRUE,TRUE,0.722222222222222,"exclusion",0.5,0.1,0.444444444444444,0.45,0.25,-0.122222222222222,0.25,-0.1,FALSE,0,"2026-08-04","Goal 3 PBE-UD analytical rederivation"
3,2,2,1,0,0.9,0.5,0.9,0.1,0.95,0.45,0.55,0.495,0.1,TRUE,TRUE,0.55,"exclusion",0.5,0.1,0.45,0.45,0.2475,-0.125,0.2475,-0.1025,FALSE,0,"2026-08-04","Goal 3 PBE-UD analytical rederivation"
4,3,3,2,1,0.9,0.5,0.9,0.1,0.95,0.3,0.4,0.21,-0.2,TRUE,TRUE,0.4,"exclusion",0.5,0.1,0.6,0.45,0.18,-0.2,0.18,-0.17,FALSE,0,"2026-08-04","Goal 3 PBE-UD analytical rederivation"
5,4,3,2,1,0.9,0.5,0.9,0.1,0.95,0.225,0.55,0.27,-0.125,TRUE,TRUE,0.55,"exclusion",0.5,0.1,0.675,0.45,0.14625,-0.2375,0.14625,-0.20375,FALSE,0,"2026-08-04","Goal 3 PBE-UD analytical rederivation"
6,5,4,3,2,0.9,0.5,0.9,0.1,0.95,0.18,0.46,0.144,-0.26,TRUE,TRUE,0.46,"exclusion",0.5,0.1,0.72,0.45,0.126,-0.26,0.126,-0.224,FALSE,0,"2026-08-04","Goal 3 PBE-UD analytical rederivation"
7,6,4,3,2,0.9,0.5,0.9,0.1,0.95,0.15,0.55,0.195,-0.2,TRUE,TRUE,0.55,"exclusion",0.5,0.1,0.75,0.45,0.1125,-0.275,0.1125,-0.2375,FALSE,0,"2026-08-04","Goal 3 PBE-UD analytical rederivation"
8,7,5,4,3,0.9,0.5,0.9,0.1,0.95,0.128571428571429,0.485714285714286,0.115714285714286,-0.285714285714286,TRUE,TRUE,0.485714285714286,"exclusion",0.5,0.1,0.771428571428571,0.45,0.102857142857143,-0.285714285714286,0.102857142857143,-0.247142857142857,FALSE,0,"2026-08-04","Goal 3 PBE-UD analytical rederivation"
9,8,5,4,3,0.9,0.5,0.9,0.1,0.95,0.1125,0.55,0.1575,-0.2375,TRUE,TRUE,0.55,"exclusion",0.5,0.1,0.7875,0.45,0.095625,-0.29375,0.095625,-0.254375,FALSE,0,"2026-08-04","Goal 3 PBE-UD analytical rederivation"
10,9,6,5,4,0.9,0.5,0.9,0.1,0.95,0.1,0.5,0.1,-0.3,TRUE,TRUE,0.5,"exclusion",0.5,0.1,0.8,0.45,0.09,-0.3,0.09,-0.26,FALSE,0,"2026-08-04","Goal 3 PBE-UD analytical rederivation"
3,2,2,1,0,0.2,0.05,0.3,0.5,0.35,0.1,0.9,0.525,0.7,TRUE,TRUE,0.9,"exclusion",0.95,0.7,0.1,0.7,0.4275,0.605,0.605,0.63,TRUE,0.025,"2026-08-04","Goal 3 PBE-UD analytical rederivation"
4,3,3,2,1,0.2,0.05,0.3,0.5,0.35,0.0666666666666667,0.866666666666667,0.475,0.633333333333333,TRUE,TRUE,0.866666666666667,"exclusion",0.95,0.7,0.133333333333333,0.7,0.411666666666667,0.573333333333333,0.573333333333333,0.606666666666667,TRUE,0.0333333333333334,"2026-08-04","Goal 3 PBE-UD analytical rederivation"
5,4,3,2,1,0.2,0.05,0.3,0.5,0.35,0.05,0.9,0.475,0.65,TRUE,TRUE,0.9,"exclusion",0.95,0.7,0.15,0.7,0.40375,0.5575,0.5575,0.595,TRUE,0.0375000000000001,"2026-08-04","Goal 3 PBE-UD analytical rederivation"
6,5,4,3,2,0.2,0.05,0.3,0.5,0.35,0.04,0.88,0.455,0.62,TRUE,TRUE,0.88,"exclusion",0.95,0.7,0.16,0.7,0.399,0.548,0.548,0.588,TRUE,0.04,"2026-08-04","Goal 3 PBE-UD analytical rederivation"
7,6,4,3,2,0.2,0.05,0.3,0.5,0.35,0.0333333333333333,0.9,0.458333333333333,0.633333333333333,TRUE,TRUE,0.9,"exclusion",0.95,0.7,0.166666666666667,0.7,0.395833333333333,0.541666666666667,0.541666666666667,0.583333333333333,TRUE,0.0416666666666666,"2026-08-04","Goal 3 PBE-UD analytical rederivation"
8,7,5,4,3,0.2,0.05,0.3,0.5,0.35,0.0285714285714286,0.885714285714286,0.446428571428571,0.614285714285714,TRUE,TRUE,0.885714285714286,"exclusion",0.95,0.7,0.171428571428571,0.7,0.393571428571429,0.537142857142857,0.537142857142857,0.58,TRUE,0.0428571428571428,"2026-08-04","Goal 3 PBE-UD analytical rederivation"
9,8,5,4,3,0.2,0.05,0.3,0.5,0.35,0.025,0.9,0.45,0.625,TRUE,TRUE,0.9,"exclusion",0.95,0.7,0.175,0.7,0.391875,0.53375,0.53375,0.5775,TRUE,0.04375,"2026-08-04","Goal 3 PBE-UD analytical rederivation"
10,9,6,5,4,0.2,0.05,0.3,0.5,0.35,0.0222222222222222,0.888888888888889,0.441666666666667,0.611111111111111,TRUE,TRUE,0.888888888888889,"exclusion",0.95,0.7,0.177777777777778,0.7,0.390555555555556,0.531111111111111,0.531111111111111,0.575555555555555,TRUE,0.0444444444444444,"2026-08-04","Goal 3 PBE-UD analytical rederivation"
3,2,2,1,0,0.5,0.05,0.3,0.5,0.35,0.25,0.75,0.6,0.7,TRUE,TRUE,0.75,"exclusion",0.95,0.7,0.25,0.7,0.35625,0.4625,0.4625,0.525,TRUE,0.05,"2026-08-04","Goal 3 PBE-UD analytical rederivation"
4,3,3,2,1,0.5,0.05,0.3,0.5,0.35,0.166666666666667,0.666666666666667,0.475,0.533333333333333,TRUE,TRUE,0.666666666666667,"exclusion",0.95,0.7,0.333333333333333,0.7,0.316666666666667,0.383333333333333,0.383333333333333,0.466666666666667,TRUE,0.05,"2026-08-04","Goal 3 PBE-UD analytical rederivation"
5,4,3,2,1,0.5,0.05,0.3,0.5,0.35,0.125,0.75,0.475,0.575,TRUE,TRUE,0.75,"exclusion",0.95,0.7,0.375,0.7,0.296875,0.34375,0.34375,0.4375,TRUE,0.05,"2026-08-04","Goal 3 PBE-UD analytical rederivation"
6,5,4,3,2,0.5,0.05,0.3,0.5,0.35,0.1,0.7,0.425,0.5,TRUE,TRUE,0.7,"exclusion",0.95,0.7,0.4,0.7,0.285,0.32,0.32,0.42,TRUE,0.05,"2026-08-04","Goal 3 PBE-UD analytical rederivation"
7,6,4,3,2,0.5,0.05,0.3,0.5,0.35,0.0833333333333333,0.75,0.433333333333333,0.533333333333333,TRUE,TRUE,0.75,"exclusion",0.95,0.7,0.416666666666667,0.7,0.277083333333333,0.304166666666667,0.304166666666667,0.408333333333333,TRUE,0.05,"2026-08-04","Goal 3 PBE-UD analytical rederivation"
8,7,5,4,3,0.5,0.05,0.3,0.5,0.35,0.0714285714285714,0.714285714285714,0.403571428571429,0.485714285714286,TRUE,TRUE,0.714285714285714,"exclusion",0.95,0.7,0.428571428571429,0.7,0.271428571428571,0.292857142857143,0.292857142857143,0.4,TRUE,0.05,"2026-08-04","Goal 3 PBE-UD analytical rederivation"
9,8,5,4,3,0.5,0.05,0.3,0.5,0.35,0.0625,0.75,0.4125,0.5125,TRUE,TRUE,0.75,"exclusion",0.95,0.7,0.4375,0.7,0.2671875,0.284375,0.284375,0.39375,TRUE,0.05,"2026-08-04","Goal 3 PBE-UD analytical rederivation"
10,9,6,5,4,0.5,0.05,0.3,0.5,0.35,0.0555555555555556,0.722222222222222,0.391666666666667,0.477777777777778,TRUE,TRUE,0.722222222222222,"exclusion",0.95,0.7,0.444444444444444,0.7,0.263888888888889,0.277777777777778,0.277777777777778,0.388888888888889,TRUE,0.05,"2026-08-04","Goal 3 PBE-UD analytical rederivation"
3,2,2,1,0,0.9,0.05,0.3,0.5,0.35,0.45,0.55,0.7,0.7,TRUE,TRUE,0.7,"low_only+pooling",0.95,0.7,0.45,0.7,0.26125,0.2725,0.2725,0.385,TRUE,0.05,"2026-08-04","Goal 3 PBE-UD analytical rederivation"
4,3,3,2,1,0.9,0.05,0.3,0.5,0.35,0.3,0.4,0.475,0.4,TRUE,FALSE,NA,"empty",0.95,0.7,0.6,0.7,0.19,0.13,0.19,0.28,TRUE,0.05,"2026-08-04","Goal 3 PBE-UD analytical rederivation"
5,4,3,2,1,0.9,0.05,0.3,0.5,0.35,0.225,0.55,0.475,0.475,TRUE,TRUE,0.55,"exclusion",0.95,0.7,0.675,0.7,0.154375,0.05875,0.154375,0.2275,TRUE,0.05,"2026-08-04","Goal 3 PBE-UD analytical rederivation"
6,5,4,3,2,0.9,0.05,0.3,0.5,0.35,0.18,0.46,0.385,0.34,TRUE,TRUE,0.46,"exclusion",0.95,0.7,0.72,0.7,0.133,0.016,0.133,0.196,TRUE,0.05,"2026-08-04","Goal 3 PBE-UD analytical rederivation"
7,6,4,3,2,0.9,0.05,0.3,0.5,0.35,0.15,0.55,0.4,0.4,TRUE,TRUE,0.55,"exclusion",0.95,0.7,0.75,0.7,0.11875,-0.0125,0.11875,0.175,TRUE,0.05,"2026-08-04","Goal 3 PBE-UD analytical rederivation"
8,7,5,4,3,0.9,0.05,0.3,0.5,0.35,0.128571428571429,0.485714285714286,0.346428571428571,0.314285714285714,TRUE,TRUE,0.485714285714286,"exclusion",0.95,0.7,0.771428571428571,0.7,0.108571428571429,-0.0328571428571429,0.108571428571429,0.16,TRUE,0.05,"2026-08-04","Goal 3 PBE-UD analytical rederivation"
9,8,5,4,3,0.9,0.05,0.3,0.5,0.35,0.1125,0.55,0.3625,0.3625,TRUE,TRUE,0.55,"exclusion",0.95,0.7,0.7875,0.7,0.1009375,-0.048125,0.1009375,0.14875,TRUE,0.0478125,"2026-08-04","Goal 3 PBE-UD analytical rederivation"
10,9,6,5,4,0.9,0.05,0.3,0.5,0.35,0.1,0.5,0.325,0.3,TRUE,TRUE,0.5,"exclusion",0.95,0.7,0.8,0.7,0.095,-0.06,0.095,0.14,TRUE,0.045,"2026-08-04","Goal 3 PBE-UD analytical rederivation"
3,2,2,1,0,0.2,0.2,0.3,0.5,0.35,0.1,0.9,0.45,0.7,TRUE,TRUE,0.9,"exclusion",0.8,0.7,0.1,0.7,0.36,0.62,0.62,0.63,TRUE,0.0100000000000001,"2026-08-04","Goal 3 PBE-UD analytical rederivation"
4,3,3,2,1,0.2,0.2,0.3,0.5,0.35,0.0666666666666667,0.866666666666667,0.4,0.633333333333333,TRUE,TRUE,0.866666666666667,"exclusion",0.8,0.7,0.133333333333333,0.7,0.346666666666667,0.593333333333333,0.593333333333333,0.606666666666667,TRUE,0.0133333333333334,"2026-08-04","Goal 3 PBE-UD analytical rederivation"
5,4,3,2,1,0.2,0.2,0.3,0.5,0.35,0.05,0.9,0.4,0.65,TRUE,TRUE,0.9,"exclusion",0.8,0.7,0.15,0.7,0.34,0.58,0.58,0.595,TRUE,0.015,"2026-08-04","Goal 3 PBE-UD analytical rederivation"
6,5,4,3,2,0.2,0.2,0.3,0.5,0.35,0.04,0.88,0.38,0.62,TRUE,TRUE,0.88,"exclusion",0.8,0.7,0.16,0.7,0.336,0.572,0.572,0.588,TRUE,0.016,"2026-08-04","Goal 3 PBE-UD analytical rederivation"
7,6,4,3,2,0.2,0.2,0.3,0.5,0.35,0.0333333333333333,0.9,0.383333333333333,0.633333333333333,TRUE,TRUE,0.9,"exclusion",0.8,0.7,0.166666666666667,0.7,0.333333333333333,0.566666666666667,0.566666666666667,0.583333333333333,TRUE,0.0166666666666666,"2026-08-04","Goal 3 PBE-UD analytical rederivation"
8,7,5,4,3,0.2,0.2,0.3,0.5,0.35,0.0285714285714286,0.885714285714286,0.371428571428571,0.614285714285714,TRUE,TRUE,0.885714285714286,"exclusion",0.8,0.7,0.171428571428571,0.7,0.331428571428571,0.562857142857143,0.562857142857143,0.58,TRUE,0.0171428571428572,"2026-08-04","Goal 3 PBE-UD analytical rederivation"
9,8,5,4,3,0.2,0.2,0.3,0.5,0.35,0.025,0.9,0.375,0.625,TRUE,TRUE,0.9,"exclusion",0.8,0.7,0.175,0.7,0.33,0.56,0.56,0.5775,TRUE,0.0175,"2026-08-04","Goal 3 PBE-UD analytical rederivation"
10,9,6,5,4,0.2,0.2,0.3,0.5,0.35,0.0222222222222222,0.888888888888889,0.366666666666667,0.611111111111111,TRUE,TRUE,0.888888888888889,"exclusion",0.8,0.7,0.177777777777778,0.7,0.328888888888889,0.557777777777778,0.557777777777778,0.575555555555555,TRUE,0.0177777777777778,"2026-08-04","Goal 3 PBE-UD analytical rederivation"
3,2,2,1,0,0.5,0.2,0.3,0.5,0.35,0.25,0.75,0.525,0.7,TRUE,TRUE,0.75,"exclusion",0.8,0.7,0.25,0.7,0.3,0.5,0.5,0.525,TRUE,0.025,"2026-08-04","Goal 3 PBE-UD analytical rederivation"
4,3,3,2,1,0.5,0.2,0.3,0.5,0.35,0.166666666666667,0.666666666666667,0.4,0.533333333333333,TRUE,TRUE,0.666666666666667,"exclusion",0.8,0.7,0.333333333333333,0.7,0.266666666666667,0.433333333333333,0.433333333333333,0.466666666666667,TRUE,0.0333333333333334,"2026-08-04","Goal 3 PBE-UD analytical rederivation"
5,4,3,2,1,0.5,0.2,0.3,0.5,0.35,0.125,0.75,0.4,0.575,TRUE,TRUE,0.75,"exclusion",0.8,0.7,0.375,0.7,0.25,0.4,0.4,0.4375,TRUE,0.0375000000000001,"2026-08-04","Goal 3 PBE-UD analytical rederivation"
6,5,4,3,2,0.5,0.2,0.3,0.5,0.35,0.1,0.7,0.35,0.5,TRUE,TRUE,0.7,"exclusion",0.8,0.7,0.4,0.7,0.24,0.38,0.38,0.42,TRUE,0.0400000000000001,"2026-08-04","Goal 3 PBE-UD analytical rederivation"
7,6,4,3,2,0.5,0.2,0.3,0.5,0.35,0.0833333333333333,0.75,0.358333333333333,0.533333333333333,TRUE,TRUE,0.75,"exclusion",0.8,0.7,0.416666666666667,0.7,0.233333333333333,0.366666666666667,0.366666666666667,0.408333333333333,TRUE,0.0416666666666667,"2026-08-04","Goal 3 PBE-UD analytical rederivation"
8,7,5,4,3,0.5,0.2,0.3,0.5,0.35,0.0714285714285714,0.714285714285714,0.328571428571429,0.485714285714286,TRUE,TRUE,0.714285714285714,"exclusion",0.8,0.7,0.428571428571429,0.7,0.228571428571429,0.357142857142857,0.357142857142857,0.4,TRUE,0.0428571428571429,"2026-08-04","Goal 3 PBE-UD analytical rederivation"
9,8,5,4,3,0.5,0.2,0.3,0.5,0.35,0.0625,0.75,0.3375,0.5125,TRUE,TRUE,0.75,"exclusion",0.8,0.7,0.4375,0.7,0.225,0.35,0.35,0.39375,TRUE,0.0437500000000001,"2026-08-04","Goal 3 PBE-UD analytical rederivation"
10,9,6,5,4,0.5,0.2,0.3,0.5,0.35,0.0555555555555556,0.722222222222222,0.316666666666667,0.477777777777778,TRUE,TRUE,0.722222222222222,"exclusion",0.8,0.7,0.444444444444444,0.7,0.222222222222222,0.344444444444444,0.344444444444444,0.388888888888889,TRUE,0.0444444444444445,"2026-08-04","Goal 3 PBE-UD analytical rederivation"
3,2,2,1,0,0.9,0.2,0.3,0.5,0.35,0.45,0.55,0.625,0.7,TRUE,TRUE,0.7,"pooling",0.8,0.7,0.45,0.7,0.22,0.34,0.34,0.385,TRUE,0.045,"2026-08-04","Goal 3 PBE-UD analytical rederivation"
4,3,3,2,1,0.9,0.2,0.3,0.5,0.35,0.3,0.4,0.4,0.4,TRUE,TRUE,0.4,"exclusion",0.8,0.7,0.6,0.7,0.16,0.22,0.22,0.28,TRUE,0.05,"2026-08-04","Goal 3 PBE-UD analytical rederivation"
5,4,3,2,1,0.9,0.2,0.3,0.5,0.35,0.225,0.55,0.4,0.475,TRUE,TRUE,0.55,"exclusion",0.8,0.7,0.675,0.7,0.13,0.16,0.16,0.2275,TRUE,0.05,"2026-08-04","Goal 3 PBE-UD analytical rederivation"
6,5,4,3,2,0.9,0.2,0.3,0.5,0.35,0.18,0.46,0.31,0.34,TRUE,TRUE,0.46,"exclusion",0.8,0.7,0.72,0.7,0.112,0.124,0.124,0.196,TRUE,0.05,"2026-08-04","Goal 3 PBE-UD analytical rederivation"
7,6,4,3,2,0.9,0.2,0.3,0.5,0.35,0.15,0.55,0.325,0.4,TRUE,TRUE,0.55,"exclusion",0.8,0.7,0.75,0.7,0.1,0.0999999999999999,0.1,0.175,TRUE,0.05,"2026-08-04","Goal 3 PBE-UD analytical rederivation"
8,7,5,4,3,0.9,0.2,0.3,0.5,0.35,0.128571428571429,0.485714285714286,0.271428571428571,0.314285714285714,TRUE,TRUE,0.485714285714286,"exclusion",0.8,0.7,0.771428571428571,0.7,0.0914285714285714,0.0828571428571427,0.0914285714285714,0.16,TRUE,0.05,"2026-08-04","Goal 3 PBE-UD analytical rederivation"
9,8,5,4,3,0.9,0.2,0.3,0.5,0.35,0.1125,0.55,0.2875,0.3625,TRUE,TRUE,0.55,"exclusion",0.8,0.7,0.7875,0.7,0.085,0.07,0.085,0.14875,TRUE,0.05,"2026-08-04","Goal 3 PBE-UD analytical rederivation"
10,9,6,5,4,0.9,0.2,0.3,0.5,0.35,0.1,0.5,0.25,0.3,TRUE,TRUE,0.5,"exclusion",0.8,0.7,0.8,0.7,0.08,0.0599999999999998,0.08,0.14,TRUE,0.05,"2026-08-04","Goal 3 PBE-UD analytical rederivation"
3,2,2,1,0,0.2,0.05,0.6,0.5,0.65,0.1,0.9,0.525,0.4,TRUE,TRUE,0.9,"exclusion",0.95,0.4,0.1,0.475,0.4275,0.305,0.4275,0.3525,FALSE,0,"2026-08-04","Goal 3 PBE-UD analytical rederivation"
4,3,3,2,1,0.2,0.05,0.6,0.5,0.65,0.0666666666666667,0.866666666666667,0.475,0.333333333333333,TRUE,TRUE,0.866666666666667,"exclusion",0.95,0.4,0.133333333333333,0.475,0.411666666666667,0.273333333333333,0.411666666666667,0.336666666666667,FALSE,0,"2026-08-04","Goal 3 PBE-UD analytical rederivation"
5,4,3,2,1,0.2,0.05,0.6,0.5,0.65,0.05,0.9,0.475,0.35,TRUE,TRUE,0.9,"exclusion",0.95,0.4,0.15,0.475,0.40375,0.2575,0.40375,0.32875,FALSE,0,"2026-08-04","Goal 3 PBE-UD analytical rederivation"
6,5,4,3,2,0.2,0.05,0.6,0.5,0.65,0.04,0.88,0.455,0.32,TRUE,TRUE,0.88,"exclusion",0.95,0.4,0.16,0.475,0.399,0.248,0.399,0.324,FALSE,0,"2026-08-04","Goal 3 PBE-UD analytical rederivation"
7,6,4,3,2,0.2,0.05,0.6,0.5,0.65,0.0333333333333333,0.9,0.458333333333333,0.333333333333333,TRUE,TRUE,0.9,"exclusion",0.95,0.4,0.166666666666667,0.475,0.395833333333333,0.241666666666667,0.395833333333333,0.320833333333333,FALSE,0,"2026-08-04","Goal 3 PBE-UD analytical rederivation"
8,7,5,4,3,0.2,0.05,0.6,0.5,0.65,0.0285714285714286,0.885714285714286,0.446428571428571,0.314285714285714,TRUE,TRUE,0.885714285714286,"exclusion",0.95,0.4,0.171428571428571,0.475,0.393571428571429,0.237142857142857,0.393571428571429,0.318571428571429,FALSE,0,"2026-08-04","Goal 3 PBE-UD analytical rederivation"
9,8,5,4,3,0.2,0.05,0.6,0.5,0.65,0.025,0.9,0.45,0.325,TRUE,TRUE,0.9,"exclusion",0.95,0.4,0.175,0.475,0.391875,0.23375,0.391875,0.316875,FALSE,0,"2026-08-04","Goal 3 PBE-UD analytical rederivation"
10,9,6,5,4,0.2,0.05,0.6,0.5,0.65,0.0222222222222222,0.888888888888889,0.441666666666667,0.311111111111111,TRUE,TRUE,0.888888888888889,"exclusion",0.95,0.4,0.177777777777778,0.475,0.390555555555556,0.231111111111111,0.390555555555556,0.315555555555556,FALSE,0,"2026-08-04","Goal 3 PBE-UD analytical rederivation"
3,2,2,1,0,0.5,0.05,0.6,0.5,0.65,0.25,0.75,0.6,0.4,TRUE,TRUE,0.75,"exclusion",0.95,0.4,0.25,0.475,0.35625,0.1625,0.35625,0.28125,FALSE,0,"2026-08-04","Goal 3 PBE-UD analytical rederivation"
4,3,3,2,1,0.5,0.05,0.6,0.5,0.65,0.166666666666667,0.666666666666667,0.475,0.233333333333333,TRUE,TRUE,0.666666666666667,"exclusion",0.95,0.4,0.333333333333333,0.475,0.316666666666667,0.0833333333333334,0.316666666666667,0.241666666666667,FALSE,0,"2026-08-04","Goal 3 PBE-UD analytical rederivation"
5,4,3,2,1,0.5,0.05,0.6,0.5,0.65,0.125,0.75,0.475,0.275,TRUE,TRUE,0.75,"exclusion",0.95,0.4,0.375,0.475,0.296875,0.0437500000000001,0.296875,0.221875,FALSE,0,"2026-08-04","Goal 3 PBE-UD analytical rederivation"
6,5,4,3,2,0.5,0.05,0.6,0.5,0.65,0.1,0.7,0.425,0.2,TRUE,TRUE,0.7,"exclusion",0.95,0.4,0.4,0.475,0.285,0.02,0.285,0.21,FALSE,0,"2026-08-04","Goal 3 PBE-UD analytical rederivation"
7,6,4,3,2,0.5,0.05,0.6,0.5,0.65,0.0833333333333333,0.75,0.433333333333333,0.233333333333333,TRUE,TRUE,0.75,"exclusion",0.95,0.4,0.416666666666667,0.475,0.277083333333333,0.00416666666666671,0.277083333333333,0.202083333333333,FALSE,0,"2026-08-04","Goal 3 PBE-UD analytical rederivation"
8,7,5,4,3,0.5,0.05,0.6,0.5,0.65,0.0714285714285714,0.714285714285714,0.403571428571429,0.185714285714286,TRUE,TRUE,0.714285714285714,"exclusion",0.95,0.4,0.428571428571429,0.475,0.271428571428571,-0.00714285714285706,0.271428571428571,0.196428571428571,FALSE,0,"2026-08-04","Goal 3 PBE-UD analytical rederivation"
9,8,5,4,3,0.5,0.05,0.6,0.5,0.65,0.0625,0.75,0.4125,0.2125,TRUE,TRUE,0.75,"exclusion",0.95,0.4,0.4375,0.475,0.2671875,-0.0156249999999999,0.2671875,0.1921875,FALSE,0,"2026-08-04","Goal 3 PBE-UD analytical rederivation"
10,9,6,5,4,0.5,0.05,0.6,0.5,0.65,0.0555555555555556,0.722222222222222,0.391666666666667,0.177777777777778,TRUE,TRUE,0.722222222222222,"exclusion",0.95,0.4,0.444444444444444,0.475,0.263888888888889,-0.0222222222222221,0.263888888888889,0.188888888888889,FALSE,0,"2026-08-04","Goal 3 PBE-UD analytical rederivation"
3,2,2,1,0,0.9,0.05,0.6,0.5,0.65,0.45,0.55,0.7,0.4,TRUE,TRUE,0.7,"low_only",0.95,0.4,0.45,0.475,0.26125,-0.0275,0.26125,0.18625,FALSE,0,"2026-08-04","Goal 3 PBE-UD analytical rederivation"
4,3,3,2,1,0.9,0.05,0.6,0.5,0.65,0.3,0.4,0.475,0.1,TRUE,FALSE,NA,"empty",0.95,0.4,0.6,0.475,0.19,-0.17,0.19,0.115,FALSE,0,"2026-08-04","Goal 3 PBE-UD analytical rederivation"
5,4,3,2,1,0.9,0.05,0.6,0.5,0.65,0.225,0.55,0.475,0.175,TRUE,TRUE,0.55,"exclusion",0.95,0.4,0.675,0.475,0.154375,-0.24125,0.154375,0.079375,FALSE,0,"2026-08-04","Goal 3 PBE-UD analytical rederivation"
6,5,4,3,2,0.9,0.05,0.6,0.5,0.65,0.18,0.46,0.385,0.04,TRUE,TRUE,0.46,"exclusion",0.95,0.4,0.72,0.475,0.133,-0.284,0.133,0.058,FALSE,0,"2026-08-04","Goal 3 PBE-UD analytical rederivation"
7,6,4,3,2,0.9,0.05,0.6,0.5,0.65,0.15,0.55,0.4,0.1,TRUE,TRUE,0.55,"exclusion",0.95,0.4,0.75,0.475,0.11875,-0.3125,0.11875,0.0437500000000001,FALSE,0,"2026-08-04","Goal 3 PBE-UD analytical rederivation"
8,7,5,4,3,0.9,0.05,0.6,0.5,0.65,0.128571428571429,0.485714285714286,0.346428571428571,0.0142857142857142,TRUE,TRUE,0.485714285714286,"exclusion",0.95,0.4,0.771428571428571,0.475,0.108571428571429,-0.332857142857143,0.108571428571429,0.0335714285714286,FALSE,0,"2026-08-04","Goal 3 PBE-UD analytical rederivation"
9,8,5,4,3,0.9,0.05,0.6,0.5,0.65,0.1125,0.55,0.3625,0.0625,TRUE,TRUE,0.55,"exclusion",0.95,0.4,0.7875,0.475,0.1009375,-0.348125,0.1009375,0.0259375000000001,FALSE,0,"2026-08-04","Goal 3 PBE-UD analytical rederivation"
10,9,6,5,4,0.9,0.05,0.6,0.5,0.65,0.1,0.5,0.325,0,TRUE,TRUE,0.5,"exclusion",0.95,0.4,0.8,0.475,0.095,-0.36,0.095,0.02,FALSE,0,"2026-08-04","Goal 3 PBE-UD analytical rederivation"
3,2,2,1,0,0.2,0.2,0.6,0.5,0.65,0.1,0.9,0.45,0.4,TRUE,TRUE,0.9,"exclusion",0.8,0.4,0.1,0.4,0.36,0.32,0.36,0.36,FALSE,0,"2026-08-04","Goal 3 PBE-UD analytical rederivation"
4,3,3,2,1,0.2,0.2,0.6,0.5,0.65,0.0666666666666667,0.866666666666667,0.4,0.333333333333333,TRUE,TRUE,0.866666666666667,"exclusion",0.8,0.4,0.133333333333333,0.4,0.346666666666667,0.293333333333333,0.346666666666667,0.346666666666667,FALSE,0,"2026-08-04","Goal 3 PBE-UD analytical rederivation"
5,4,3,2,1,0.2,0.2,0.6,0.5,0.65,0.05,0.9,0.4,0.35,TRUE,TRUE,0.9,"exclusion",0.8,0.4,0.15,0.4,0.34,0.28,0.34,0.34,FALSE,0,"2026-08-04","Goal 3 PBE-UD analytical rederivation"
6,5,4,3,2,0.2,0.2,0.6,0.5,0.65,0.04,0.88,0.38,0.32,TRUE,TRUE,0.88,"exclusion",0.8,0.4,0.16,0.4,0.336,0.272,0.336,0.336,FALSE,0,"2026-08-04","Goal 3 PBE-UD analytical rederivation"
7,6,4,3,2,0.2,0.2,0.6,0.5,0.65,0.0333333333333333,0.9,0.383333333333333,0.333333333333333,TRUE,TRUE,0.9,"exclusion",0.8,0.4,0.166666666666667,0.4,0.333333333333333,0.266666666666667,0.333333333333333,0.333333333333333,FALSE,0,"2026-08-04","Goal 3 PBE-UD analytical rederivation"
8,7,5,4,3,0.2,0.2,0.6,0.5,0.65,0.0285714285714286,0.885714285714286,0.371428571428571,0.314285714285714,TRUE,TRUE,0.885714285714286,"exclusion",0.8,0.4,0.171428571428571,0.4,0.331428571428571,0.262857142857143,0.331428571428571,0.331428571428571,FALSE,0,"2026-08-04","Goal 3 PBE-UD analytical rederivation"
9,8,5,4,3,0.2,0.2,0.6,0.5,0.65,0.025,0.9,0.375,0.325,TRUE,TRUE,0.9,"exclusion",0.8,0.4,0.175,0.4,0.33,0.26,0.33,0.33,FALSE,0,"2026-08-04","Goal 3 PBE-UD analytical rederivation"
10,9,6,5,4,0.2,0.2,0.6,0.5,0.65,0.0222222222222222,0.888888888888889,0.366666666666667,0.311111111111111,TRUE,TRUE,0.888888888888889,"exclusion",0.8,0.4,0.177777777777778,0.4,0.328888888888889,0.257777777777778,0.328888888888889,0.328888888888889,FALSE,0,"2026-08-04","Goal 3 PBE-UD analytical rederivation"
3,2,2,1,0,0.5,0.2,0.6,0.5,0.65,0.25,0.75,0.525,0.4,TRUE,TRUE,0.75,"exclusion",0.8,0.4,0.25,0.4,0.3,0.2,0.3,0.3,FALSE,0,"2026-08-04","Goal 3 PBE-UD analytical rederivation"
4,3,3,2,1,0.5,0.2,0.6,0.5,0.65,0.166666666666667,0.666666666666667,0.4,0.233333333333333,TRUE,TRUE,0.666666666666667,"exclusion",0.8,0.4,0.333333333333333,0.4,0.266666666666667,0.133333333333333,0.266666666666667,0.266666666666667,FALSE,0,"2026-08-04","Goal 3 PBE-UD analytical rederivation"
5,4,3,2,1,0.5,0.2,0.6,0.5,0.65,0.125,0.75,0.4,0.275,TRUE,TRUE,0.75,"exclusion",0.8,0.4,0.375,0.4,0.25,0.1,0.25,0.25,FALSE,0,"2026-08-04","Goal 3 PBE-UD analytical rederivation"
6,5,4,3,2,0.5,0.2,0.6,0.5,0.65,0.1,0.7,0.35,0.2,TRUE,TRUE,0.7,"exclusion",0.8,0.4,0.4,0.4,0.24,0.08,0.24,0.24,FALSE,0,"2026-08-04","Goal 3 PBE-UD analytical rederivation"
7,6,4,3,2,0.5,0.2,0.6,0.5,0.65,0.0833333333333333,0.75,0.358333333333333,0.233333333333333,TRUE,TRUE,0.75,"exclusion",0.8,0.4,0.416666666666667,0.4,0.233333333333333,0.0666666666666667,0.233333333333333,0.233333333333333,FALSE,0,"2026-08-04","Goal 3 PBE-UD analytical rederivation"
8,7,5,4,3,0.5,0.2,0.6,0.5,0.65,0.0714285714285714,0.714285714285714,0.328571428571429,0.185714285714286,TRUE,TRUE,0.714285714285714,"exclusion",0.8,0.4,0.428571428571429,0.4,0.228571428571429,0.0571428571428572,0.228571428571429,0.228571428571429,FALSE,0,"2026-08-04","Goal 3 PBE-UD analytical rederivation"
9,8,5,4,3,0.5,0.2,0.6,0.5,0.65,0.0625,0.75,0.3375,0.2125,TRUE,TRUE,0.75,"exclusion",0.8,0.4,0.4375,0.4,0.225,0.05,0.225,0.225,FALSE,0,"2026-08-04","Goal 3 PBE-UD analytical rederivation"
10,9,6,5,4,0.5,0.2,0.6,0.5,0.65,0.0555555555555556,0.722222222222222,0.316666666666667,0.177777777777778,TRUE,TRUE,0.722222222222222,"exclusion",0.8,0.4,0.444444444444444,0.4,0.222222222222222,0.0444444444444445,0.222222222222222,0.222222222222222,FALSE,0,"2026-08-04","Goal 3 PBE-UD analytical rederivation"
3,2,2,1,0,0.9,0.2,0.6,0.5,0.65,0.45,0.55,0.625,0.4,TRUE,TRUE,0.625,"low_only",0.8,0.4,0.45,0.4,0.22,0.04,0.22,0.22,FALSE,0,"2026-08-04","Goal 3 PBE-UD analytical rederivation"
4,3,3,2,1,0.9,0.2,0.6,0.5,0.65,0.3,0.4,0.4,0.1,TRUE,TRUE,0.4,"exclusion",0.8,0.4,0.6,0.4,0.16,-0.08,0.16,0.16,FALSE,0,"2026-08-04","Goal 3 PBE-UD analytical rederivation"
5,4,3,2,1,0.9,0.2,0.6,0.5,0.65,0.225,0.55,0.4,0.175,TRUE,TRUE,0.55,"exclusion",0.8,0.4,0.675,0.4,0.13,-0.14,0.13,0.13,FALSE,0,"2026-08-04","Goal 3 PBE-UD analytical rederivation"
6,5,4,3,2,0.9,0.2,0.6,0.5,0.65,0.18,0.46,0.31,0.04,TRUE,TRUE,0.46,"exclusion",0.8,0.4,0.72,0.4,0.112,-0.176,0.112,0.112,FALSE,0,"2026-08-04","Goal 3 PBE-UD analytical rederivation"
7,6,4,3,2,0.9,0.2,0.6,0.5,0.65,0.15,0.55,0.325,0.1,TRUE,TRUE,0.55,"exclusion",0.8,0.4,0.75,0.4,0.1,-0.2,0.1,0.1,FALSE,0,"2026-08-04","Goal 3 PBE-UD analytical rederivation"
8,7,5,4,3,0.9,0.2,0.6,0.5,0.65,0.128571428571429,0.485714285714286,0.271428571428571,0.0142857142857142,TRUE,TRUE,0.485714285714286,"exclusion",0.8,0.4,0.771428571428571,0.4,0.0914285714285714,-0.217142857142857,0.0914285714285714,0.0914285714285714,FALSE,0,"2026-08-04","Goal 3 PBE-UD analytical rederivation"
9,8,5,4,3,0.9,0.2,0.6,0.5,0.65,0.1125,0.55,0.2875,0.0625,TRUE,TRUE,0.55,"exclusion",0.8,0.4,0.7875,0.4,0.085,-0.23,0.085,0.085,FALSE,0,"2026-08-04","Goal 3 PBE-UD analytical rederivation"
10,9,6,5,4,0.9,0.2,0.6,0.5,0.65,0.1,0.5,0.25,0,TRUE,TRUE,0.5,"exclusion",0.8,0.4,0.8,0.4,0.08,-0.24,0.08,0.08,FALSE,0,"2026-08-04","Goal 3 PBE-UD analytical rederivation"
3,2,2,1,0,0.2,0.5,0.6,0.5,0.65,0.1,0.9,0.3,0.4,TRUE,TRUE,0.9,"exclusion",0.5,0.4,0.1,0.4,0.225,0.35,0.35,0.36,TRUE,0.00999999999999995,"2026-08-04","Goal 3 PBE-UD analytical rederivation"
4,3,3,2,1,0.2,0.5,0.6,0.5,0.65,0.0666666666666667,0.866666666666667,0.25,0.333333333333333,TRUE,TRUE,0.866666666666667,"exclusion",0.5,0.4,0.133333333333333,0.4,0.216666666666667,0.333333333333333,0.333333333333333,0.346666666666667,TRUE,0.0133333333333333,"2026-08-04","Goal 3 PBE-UD analytical rederivation"
5,4,3,2,1,0.2,0.5,0.6,0.5,0.65,0.05,0.9,0.25,0.35,TRUE,TRUE,0.9,"exclusion",0.5,0.4,0.15,0.4,0.2125,0.325,0.325,0.34,TRUE,0.015,"2026-08-04","Goal 3 PBE-UD analytical rederivation"
6,5,4,3,2,0.2,0.5,0.6,0.5,0.65,0.04,0.88,0.23,0.32,TRUE,TRUE,0.88,"exclusion",0.5,0.4,0.16,0.4,0.21,0.32,0.32,0.336,TRUE,0.016,"2026-08-04","Goal 3 PBE-UD analytical rederivation"
7,6,4,3,2,0.2,0.5,0.6,0.5,0.65,0.0333333333333333,0.9,0.233333333333333,0.333333333333333,TRUE,TRUE,0.9,"exclusion",0.5,0.4,0.166666666666667,0.4,0.208333333333333,0.316666666666667,0.316666666666667,0.333333333333333,TRUE,0.0166666666666667,"2026-08-04","Goal 3 PBE-UD analytical rederivation"
8,7,5,4,3,0.2,0.5,0.6,0.5,0.65,0.0285714285714286,0.885714285714286,0.221428571428571,0.314285714285714,TRUE,TRUE,0.885714285714286,"exclusion",0.5,0.4,0.171428571428571,0.4,0.207142857142857,0.314285714285714,0.314285714285714,0.331428571428571,TRUE,0.0171428571428571,"2026-08-04","Goal 3 PBE-UD analytical rederivation"
9,8,5,4,3,0.2,0.5,0.6,0.5,0.65,0.025,0.9,0.225,0.325,TRUE,TRUE,0.9,"exclusion",0.5,0.4,0.175,0.4,0.20625,0.3125,0.3125,0.33,TRUE,0.0175,"2026-08-04","Goal 3 PBE-UD analytical rederivation"
10,9,6,5,4,0.2,0.5,0.6,0.5,0.65,0.0222222222222222,0.888888888888889,0.216666666666667,0.311111111111111,TRUE,TRUE,0.888888888888889,"exclusion",0.5,0.4,0.177777777777778,0.4,0.205555555555556,0.311111111111111,0.311111111111111,0.328888888888889,TRUE,0.0177777777777778,"2026-08-04","Goal 3 PBE-UD analytical rederivation"
3,2,2,1,0,0.5,0.5,0.6,0.5,0.65,0.25,0.75,0.375,0.4,TRUE,TRUE,0.75,"exclusion",0.5,0.4,0.25,0.4,0.1875,0.275,0.275,0.3,TRUE,0.025,"2026-08-04","Goal 3 PBE-UD analytical rederivation"
4,3,3,2,1,0.5,0.5,0.6,0.5,0.65,0.166666666666667,0.666666666666667,0.25,0.233333333333333,TRUE,TRUE,0.666666666666667,"exclusion",0.5,0.4,0.333333333333333,0.4,0.166666666666667,0.233333333333333,0.233333333333333,0.266666666666667,TRUE,0.0333333333333334,"2026-08-04","Goal 3 PBE-UD analytical rederivation"
5,4,3,2,1,0.5,0.5,0.6,0.5,0.65,0.125,0.75,0.25,0.275,TRUE,TRUE,0.75,"exclusion",0.5,0.4,0.375,0.4,0.15625,0.2125,0.2125,0.25,TRUE,0.0375,"2026-08-04","Goal 3 PBE-UD analytical rederivation"
6,5,4,3,2,0.5,0.5,0.6,0.5,0.65,0.1,0.7,0.2,0.2,TRUE,TRUE,0.7,"exclusion",0.5,0.4,0.4,0.4,0.15,0.2,0.2,0.24,TRUE,0.04,"2026-08-04","Goal 3 PBE-UD analytical rederivation"
7,6,4,3,2,0.5,0.5,0.6,0.5,0.65,0.0833333333333333,0.75,0.208333333333333,0.233333333333333,TRUE,TRUE,0.75,"exclusion",0.5,0.4,0.416666666666667,0.4,0.145833333333333,0.191666666666667,0.191666666666667,0.233333333333333,TRUE,0.0416666666666667,"2026-08-04","Goal 3 PBE-UD analytical rederivation"
8,7,5,4,3,0.5,0.5,0.6,0.5,0.65,0.0714285714285714,0.714285714285714,0.178571428571429,0.185714285714286,TRUE,TRUE,0.714285714285714,"exclusion",0.5,0.4,0.428571428571429,0.4,0.142857142857143,0.185714285714286,0.185714285714286,0.228571428571429,TRUE,0.0428571428571428,"2026-08-04","Goal 3 PBE-UD analytical rederivation"
9,8,5,4,3,0.5,0.5,0.6,0.5,0.65,0.0625,0.75,0.1875,0.2125,TRUE,TRUE,0.75,"exclusion",0.5,0.4,0.4375,0.4,0.140625,0.18125,0.18125,0.225,TRUE,0.04375,"2026-08-04","Goal 3 PBE-UD analytical rederivation"
10,9,6,5,4,0.5,0.5,0.6,0.5,0.65,0.0555555555555556,0.722222222222222,0.166666666666667,0.177777777777778,TRUE,TRUE,0.722222222222222,"exclusion",0.5,0.4,0.444444444444444,0.4,0.138888888888889,0.177777777777778,0.177777777777778,0.222222222222222,TRUE,0.0444444444444444,"2026-08-04","Goal 3 PBE-UD analytical rederivation"
3,2,2,1,0,0.9,0.5,0.6,0.5,0.65,0.45,0.55,0.475,0.4,TRUE,TRUE,0.55,"exclusion",0.5,0.4,0.45,0.4,0.1375,0.175,0.175,0.22,TRUE,0.045,"2026-08-04","Goal 3 PBE-UD analytical rederivation"
4,3,3,2,1,0.9,0.5,0.6,0.5,0.65,0.3,0.4,0.25,0.1,TRUE,TRUE,0.4,"exclusion",0.5,0.4,0.6,0.4,0.1,0.1,0.1,0.16,TRUE,0.05,"2026-08-04","Goal 3 PBE-UD analytical rederivation"
5,4,3,2,1,0.9,0.5,0.6,0.5,0.65,0.225,0.55,0.25,0.175,TRUE,TRUE,0.55,"exclusion",0.5,0.4,0.675,0.4,0.08125,0.0625,0.08125,0.13,TRUE,0.04875,"2026-08-04","Goal 3 PBE-UD analytical rederivation"
6,5,4,3,2,0.9,0.5,0.6,0.5,0.65,0.18,0.46,0.16,0.04,TRUE,TRUE,0.46,"exclusion",0.5,0.4,0.72,0.4,0.07,0.04,0.07,0.112,TRUE,0.042,"2026-08-04","Goal 3 PBE-UD analytical rederivation"
7,6,4,3,2,0.9,0.5,0.6,0.5,0.65,0.15,0.55,0.175,0.1,TRUE,TRUE,0.55,"exclusion",0.5,0.4,0.75,0.4,0.0625,0.025,0.0625,0.1,TRUE,0.0375,"2026-08-04","Goal 3 PBE-UD analytical rederivation"
8,7,5,4,3,0.9,0.5,0.6,0.5,0.65,0.128571428571429,0.485714285714286,0.121428571428571,0.0142857142857142,TRUE,TRUE,0.485714285714286,"exclusion",0.5,0.4,0.771428571428571,0.4,0.0571428571428571,0.0142857142857143,0.0571428571428571,0.0914285714285714,TRUE,0.0342857142857143,"2026-08-04","Goal 3 PBE-UD analytical rederivation"
9,8,5,4,3,0.9,0.5,0.6,0.5,0.65,0.1125,0.55,0.1375,0.0625,TRUE,TRUE,0.55,"exclusion",0.5,0.4,0.7875,0.4,0.053125,0.00625000000000003,0.053125,0.085,TRUE,0.031875,"2026-08-04","Goal 3 PBE-UD analytical rederivation"
10,9,6,5,4,0.9,0.5,0.6,0.5,0.65,0.1,0.5,0.1,0,TRUE,TRUE,0.5,"exclusion",0.5,0.4,0.8,0.4,0.05,0,0.05,0.08,TRUE,0.03,"2026-08-04","Goal 3 PBE-UD analytical rederivation"
3,2,2,1,0,0.2,0.05,0.9,0.5,0.95,0.1,0.9,0.525,0.1,TRUE,TRUE,0.9,"exclusion",0.95,0.1,0.1,0.475,0.4275,0.00499999999999998,0.4275,0.0525,FALSE,0,"2026-08-04","Goal 3 PBE-UD analytical rederivation"
4,3,3,2,1,0.2,0.05,0.9,0.5,0.95,0.0666666666666667,0.866666666666667,0.475,0.0333333333333333,TRUE,TRUE,0.866666666666667,"exclusion",0.95,0.1,0.133333333333333,0.475,0.411666666666667,-0.0266666666666667,0.411666666666667,0.0366666666666667,FALSE,0,"2026-08-04","Goal 3 PBE-UD analytical rederivation"
5,4,3,2,1,0.2,0.05,0.9,0.5,0.95,0.05,0.9,0.475,0.05,TRUE,TRUE,0.9,"exclusion",0.95,0.1,0.15,0.475,0.40375,-0.0425,0.40375,0.02875,FALSE,0,"2026-08-04","Goal 3 PBE-UD analytical rederivation"
6,5,4,3,2,0.2,0.05,0.9,0.5,0.95,0.04,0.88,0.455,0.02,TRUE,TRUE,0.88,"exclusion",0.95,0.1,0.16,0.475,0.399,-0.052,0.399,0.024,FALSE,0,"2026-08-04","Goal 3 PBE-UD analytical rederivation"
7,6,4,3,2,0.2,0.05,0.9,0.5,0.95,0.0333333333333333,0.9,0.458333333333333,0.0333333333333333,TRUE,TRUE,0.9,"exclusion",0.95,0.1,0.166666666666667,0.475,0.395833333333333,-0.0583333333333333,0.395833333333333,0.0208333333333333,FALSE,0,"2026-08-04","Goal 3 PBE-UD analytical rederivation"
8,7,5,4,3,0.2,0.05,0.9,0.5,0.95,0.0285714285714286,0.885714285714286,0.446428571428571,0.0142857142857143,TRUE,TRUE,0.885714285714286,"exclusion",0.95,0.1,0.171428571428571,0.475,0.393571428571429,-0.0628571428571429,0.393571428571429,0.0185714285714285,FALSE,0,"2026-08-04","Goal 3 PBE-UD analytical rederivation"
9,8,5,4,3,0.2,0.05,0.9,0.5,0.95,0.025,0.9,0.45,0.025,TRUE,TRUE,0.9,"exclusion",0.95,0.1,0.175,0.475,0.391875,-0.06625,0.391875,0.016875,FALSE,0,"2026-08-04","Goal 3 PBE-UD analytical rederivation"
10,9,6,5,4,0.2,0.05,0.9,0.5,0.95,0.0222222222222222,0.888888888888889,0.441666666666667,0.0111111111111111,TRUE,TRUE,0.888888888888889,"exclusion",0.95,0.1,0.177777777777778,0.475,0.390555555555556,-0.0688888888888889,0.390555555555556,0.0155555555555555,FALSE,0,"2026-08-04","Goal 3 PBE-UD analytical rederivation"
3,2,2,1,0,0.5,0.05,0.9,0.5,0.95,0.25,0.75,0.6,0.1,TRUE,TRUE,0.75,"exclusion",0.95,0.1,0.25,0.475,0.35625,-0.1375,0.35625,-0.01875,FALSE,0,"2026-08-04","Goal 3 PBE-UD analytical rederivation"
4,3,3,2,1,0.5,0.05,0.9,0.5,0.95,0.166666666666667,0.666666666666667,0.475,-0.0666666666666667,TRUE,TRUE,0.666666666666667,"exclusion",0.95,0.1,0.333333333333333,0.475,0.316666666666667,-0.216666666666667,0.316666666666667,-0.0583333333333333,FALSE,0,"2026-08-04","Goal 3 PBE-UD analytical rederivation"
5,4,3,2,1,0.5,0.05,0.9,0.5,0.95,0.125,0.75,0.475,-0.025,TRUE,TRUE,0.75,"exclusion",0.95,0.1,0.375,0.475,0.296875,-0.25625,0.296875,-0.078125,FALSE,0,"2026-08-04","Goal 3 PBE-UD analytical rederivation"
6,5,4,3,2,0.5,0.05,0.9,0.5,0.95,0.1,0.7,0.425,-0.1,TRUE,TRUE,0.7,"exclusion",0.95,0.1,0.4,0.475,0.285,-0.28,0.285,-0.09,FALSE,0,"2026-08-04","Goal 3 PBE-UD analytical rederivation"
7,6,4,3,2,0.5,0.05,0.9,0.5,0.95,0.0833333333333333,0.75,0.433333333333333,-0.0666666666666667,TRUE,TRUE,0.75,"exclusion",0.95,0.1,0.416666666666667,0.475,0.277083333333333,-0.295833333333333,0.277083333333333,-0.0979166666666667,FALSE,0,"2026-08-04","Goal 3 PBE-UD analytical rederivation"
8,7,5,4,3,0.5,0.05,0.9,0.5,0.95,0.0714285714285714,0.714285714285714,0.403571428571429,-0.114285714285714,TRUE,TRUE,0.714285714285714,"exclusion",0.95,0.1,0.428571428571429,0.475,0.271428571428571,-0.307142857142857,0.271428571428571,-0.103571428571429,FALSE,0,"2026-08-04","Goal 3 PBE-UD analytical rederivation"
9,8,5,4,3,0.5,0.05,0.9,0.5,0.95,0.0625,0.75,0.4125,-0.0875,TRUE,TRUE,0.75,"exclusion",0.95,0.1,0.4375,0.475,0.2671875,-0.315625,0.2671875,-0.1078125,FALSE,0,"2026-08-04","Goal 3 PBE-UD analytical rederivation"
10,9,6,5,4,0.5,0.05,0.9,0.5,0.95,0.0555555555555556,0.722222222222222,0.391666666666667,-0.122222222222222,TRUE,TRUE,0.722222222222222,"exclusion",0.95,0.1,0.444444444444444,0.475,0.263888888888889,-0.322222222222222,0.263888888888889,-0.111111111111111,FALSE,0,"2026-08-04","Goal 3 PBE-UD analytical rederivation"
3,2,2,1,0,0.9,0.05,0.9,0.5,0.95,0.45,0.55,0.7,0.1,TRUE,TRUE,0.7,"low_only",0.95,0.1,0.45,0.475,0.26125,-0.3275,0.26125,-0.11375,FALSE,0,"2026-08-04","Goal 3 PBE-UD analytical rederivation"
4,3,3,2,1,0.9,0.05,0.9,0.5,0.95,0.3,0.4,0.475,-0.2,TRUE,FALSE,NA,"empty",0.95,0.1,0.6,0.475,0.19,-0.47,0.19,-0.185,FALSE,0,"2026-08-04","Goal 3 PBE-UD analytical rederivation"
5,4,3,2,1,0.9,0.05,0.9,0.5,0.95,0.225,0.55,0.475,-0.125,TRUE,TRUE,0.55,"exclusion",0.95,0.1,0.675,0.475,0.154375,-0.54125,0.154375,-0.220625,FALSE,0,"2026-08-04","Goal 3 PBE-UD analytical rederivation"
6,5,4,3,2,0.9,0.05,0.9,0.5,0.95,0.18,0.46,0.385,-0.26,TRUE,TRUE,0.46,"exclusion",0.95,0.1,0.72,0.475,0.133,-0.584,0.133,-0.242,FALSE,0,"2026-08-04","Goal 3 PBE-UD analytical rederivation"
7,6,4,3,2,0.9,0.05,0.9,0.5,0.95,0.15,0.55,0.4,-0.2,TRUE,TRUE,0.55,"exclusion",0.95,0.1,0.75,0.475,0.11875,-0.6125,0.11875,-0.25625,FALSE,0,"2026-08-04","Goal 3 PBE-UD analytical rederivation"
8,7,5,4,3,0.9,0.05,0.9,0.5,0.95,0.128571428571429,0.485714285714286,0.346428571428571,-0.285714285714286,TRUE,TRUE,0.485714285714286,"exclusion",0.95,0.1,0.771428571428571,0.475,0.108571428571429,-0.632857142857143,0.108571428571429,-0.266428571428571,FALSE,0,"2026-08-04","Goal 3 PBE-UD analytical rederivation"
9,8,5,4,3,0.9,0.05,0.9,0.5,0.95,0.1125,0.55,0.3625,-0.2375,TRUE,TRUE,0.55,"exclusion",0.95,0.1,0.7875,0.475,0.1009375,-0.648125,0.1009375,-0.2740625,FALSE,0,"2026-08-04","Goal 3 PBE-UD analytical rederivation"
10,9,6,5,4,0.9,0.05,0.9,0.5,0.95,0.1,0.5,0.325,-0.3,TRUE,TRUE,0.5,"exclusion",0.95,0.1,0.8,0.475,0.095,-0.66,0.095,-0.28,FALSE,0,"2026-08-04","Goal 3 PBE-UD analytical rederivation"
3,2,2,1,0,0.2,0.2,0.9,0.5,0.95,0.1,0.9,0.45,0.1,TRUE,TRUE,0.9,"exclusion",0.8,0.1,0.1,0.4,0.36,0.02,0.36,0.06,FALSE,0,"2026-08-04","Goal 3 PBE-UD analytical rederivation"
4,3,3,2,1,0.2,0.2,0.9,0.5,0.95,0.0666666666666667,0.866666666666667,0.4,0.0333333333333333,TRUE,TRUE,0.866666666666667,"exclusion",0.8,0.1,0.133333333333333,0.4,0.346666666666667,-0.0066666666666667,0.346666666666667,0.0466666666666666,FALSE,0,"2026-08-04","Goal 3 PBE-UD analytical rederivation"
5,4,3,2,1,0.2,0.2,0.9,0.5,0.95,0.05,0.9,0.4,0.05,TRUE,TRUE,0.9,"exclusion",0.8,0.1,0.15,0.4,0.34,-0.02,0.34,0.04,FALSE,0,"2026-08-04","Goal 3 PBE-UD analytical rederivation"
6,5,4,3,2,0.2,0.2,0.9,0.5,0.95,0.04,0.88,0.38,0.02,TRUE,TRUE,0.88,"exclusion",0.8,0.1,0.16,0.4,0.336,-0.028,0.336,0.036,FALSE,0,"2026-08-04","Goal 3 PBE-UD analytical rederivation"
7,6,4,3,2,0.2,0.2,0.9,0.5,0.95,0.0333333333333333,0.9,0.383333333333333,0.0333333333333333,TRUE,TRUE,0.9,"exclusion",0.8,0.1,0.166666666666667,0.4,0.333333333333333,-0.0333333333333334,0.333333333333333,0.0333333333333333,FALSE,0,"2026-08-04","Goal 3 PBE-UD analytical rederivation"
8,7,5,4,3,0.2,0.2,0.9,0.5,0.95,0.0285714285714286,0.885714285714286,0.371428571428571,0.0142857142857143,TRUE,TRUE,0.885714285714286,"exclusion",0.8,0.1,0.171428571428571,0.4,0.331428571428571,-0.0371428571428572,0.331428571428571,0.0314285714285714,FALSE,0,"2026-08-04","Goal 3 PBE-UD analytical rederivation"
9,8,5,4,3,0.2,0.2,0.9,0.5,0.95,0.025,0.9,0.375,0.025,TRUE,TRUE,0.9,"exclusion",0.8,0.1,0.175,0.4,0.33,-0.04,0.33,0.03,FALSE,0,"2026-08-04","Goal 3 PBE-UD analytical rederivation"
10,9,6,5,4,0.2,0.2,0.9,0.5,0.95,0.0222222222222222,0.888888888888889,0.366666666666667,0.0111111111111111,TRUE,TRUE,0.888888888888889,"exclusion",0.8,0.1,0.177777777777778,0.4,0.328888888888889,-0.0422222222222222,0.328888888888889,0.0288888888888889,FALSE,0,"2026-08-04","Goal 3 PBE-UD analytical rederivation"
3,2,2,1,0,0.5,0.2,0.9,0.5,0.95,0.25,0.75,0.525,0.1,TRUE,TRUE,0.75,"exclusion",0.8,0.1,0.25,0.4,0.3,-0.1,0.3,-2.77555756156289e-17,FALSE,0,"2026-08-04","Goal 3 PBE-UD analytical rederivation"
4,3,3,2,1,0.5,0.2,0.9,0.5,0.95,0.166666666666667,0.666666666666667,0.4,-0.0666666666666667,TRUE,TRUE,0.666666666666667,"exclusion",0.8,0.1,0.333333333333333,0.4,0.266666666666667,-0.166666666666667,0.266666666666667,-0.0333333333333334,FALSE,0,"2026-08-04","Goal 3 PBE-UD analytical rederivation"
5,4,3,2,1,0.5,0.2,0.9,0.5,0.95,0.125,0.75,0.4,-0.025,TRUE,TRUE,0.75,"exclusion",0.8,0.1,0.375,0.4,0.25,-0.2,0.25,-0.05,FALSE,0,"2026-08-04","Goal 3 PBE-UD analytical rederivation"
6,5,4,3,2,0.5,0.2,0.9,0.5,0.95,0.1,0.7,0.35,-0.1,TRUE,TRUE,0.7,"exclusion",0.8,0.1,0.4,0.4,0.24,-0.22,0.24,-0.06,FALSE,0,"2026-08-04","Goal 3 PBE-UD analytical rederivation"
7,6,4,3,2,0.5,0.2,0.9,0.5,0.95,0.0833333333333333,0.75,0.358333333333333,-0.0666666666666667,TRUE,TRUE,0.75,"exclusion",0.8,0.1,0.416666666666667,0.4,0.233333333333333,-0.233333333333333,0.233333333333333,-0.0666666666666667,FALSE,0,"2026-08-04","Goal 3 PBE-UD analytical rederivation"
8,7,5,4,3,0.5,0.2,0.9,0.5,0.95,0.0714285714285714,0.714285714285714,0.328571428571429,-0.114285714285714,TRUE,TRUE,0.714285714285714,"exclusion",0.8,0.1,0.428571428571429,0.4,0.228571428571429,-0.242857142857143,0.228571428571429,-0.0714285714285715,FALSE,0,"2026-08-04","Goal 3 PBE-UD analytical rederivation"
9,8,5,4,3,0.5,0.2,0.9,0.5,0.95,0.0625,0.75,0.3375,-0.0875,TRUE,TRUE,0.75,"exclusion",0.8,0.1,0.4375,0.4,0.225,-0.25,0.225,-0.075,FALSE,0,"2026-08-04","Goal 3 PBE-UD analytical rederivation"
10,9,6,5,4,0.5,0.2,0.9,0.5,0.95,0.0555555555555556,0.722222222222222,0.316666666666667,-0.122222222222222,TRUE,TRUE,0.722222222222222,"exclusion",0.8,0.1,0.444444444444444,0.4,0.222222222222222,-0.255555555555556,0.222222222222222,-0.0777777777777778,FALSE,0,"2026-08-04","Goal 3 PBE-UD analytical rederivation"
3,2,2,1,0,0.9,0.2,0.9,0.5,0.95,0.45,0.55,0.625,0.1,TRUE,TRUE,0.625,"low_only",0.8,0.1,0.45,0.4,0.22,-0.26,0.22,-0.08,FALSE,0,"2026-08-04","Goal 3 PBE-UD analytical rederivation"
4,3,3,2,1,0.9,0.2,0.9,0.5,0.95,0.3,0.4,0.4,-0.2,TRUE,TRUE,0.4,"exclusion",0.8,0.1,0.6,0.4,0.16,-0.38,0.16,-0.14,FALSE,0,"2026-08-04","Goal 3 PBE-UD analytical rederivation"
5,4,3,2,1,0.9,0.2,0.9,0.5,0.95,0.225,0.55,0.4,-0.125,TRUE,TRUE,0.55,"exclusion",0.8,0.1,0.675,0.4,0.13,-0.44,0.13,-0.17,FALSE,0,"2026-08-04","Goal 3 PBE-UD analytical rederivation"
6,5,4,3,2,0.9,0.2,0.9,0.5,0.95,0.18,0.46,0.31,-0.26,TRUE,TRUE,0.46,"exclusion",0.8,0.1,0.72,0.4,0.112,-0.476,0.112,-0.188,FALSE,0,"2026-08-04","Goal 3 PBE-UD analytical rederivation"
7,6,4,3,2,0.9,0.2,0.9,0.5,0.95,0.15,0.55,0.325,-0.2,TRUE,TRUE,0.55,"exclusion",0.8,0.1,0.75,0.4,0.1,-0.5,0.1,-0.2,FALSE,0,"2026-08-04","Goal 3 PBE-UD analytical rederivation"
8,7,5,4,3,0.9,0.2,0.9,0.5,0.95,0.128571428571429,0.485714285714286,0.271428571428571,-0.285714285714286,TRUE,TRUE,0.485714285714286,"exclusion",0.8,0.1,0.771428571428571,0.4,0.0914285714285714,-0.517142857142857,0.0914285714285714,-0.208571428571429,FALSE,0,"2026-08-04","Goal 3 PBE-UD analytical rederivation"
9,8,5,4,3,0.9,0.2,0.9,0.5,0.95,0.1125,0.55,0.2875,-0.2375,TRUE,TRUE,0.55,"exclusion",0.8,0.1,0.7875,0.4,0.085,-0.53,0.085,-0.215,FALSE,0,"2026-08-04","Goal 3 PBE-UD analytical rederivation"
10,9,6,5,4,0.9,0.2,0.9,0.5,0.95,0.1,0.5,0.25,-0.3,TRUE,TRUE,0.5,"exclusion",0.8,0.1,0.8,0.4,0.08,-0.54,0.08,-0.22,FALSE,0,"2026-08-04","Goal 3 PBE-UD analytical rederivation"
3,2,2,1,0,0.2,0.5,0.9,0.5,0.95,0.1,0.9,0.3,0.1,TRUE,TRUE,0.9,"exclusion",0.5,0.1,0.1,0.25,0.225,0.05,0.225,0.075,FALSE,0,"2026-08-04","Goal 3 PBE-UD analytical rederivation"
4,3,3,2,1,0.2,0.5,0.9,0.5,0.95,0.0666666666666667,0.866666666666667,0.25,0.0333333333333333,TRUE,TRUE,0.866666666666667,"exclusion",0.5,0.1,0.133333333333333,0.25,0.216666666666667,0.0333333333333333,0.216666666666667,0.0666666666666667,FALSE,0,"2026-08-04","Goal 3 PBE-UD analytical rederivation"
5,4,3,2,1,0.2,0.5,0.9,0.5,0.95,0.05,0.9,0.25,0.05,TRUE,TRUE,0.9,"exclusion",0.5,0.1,0.15,0.25,0.2125,0.025,0.2125,0.0625,FALSE,0,"2026-08-04","Goal 3 PBE-UD analytical rederivation"
6,5,4,3,2,0.2,0.5,0.9,0.5,0.95,0.04,0.88,0.23,0.02,TRUE,TRUE,0.88,"exclusion",0.5,0.1,0.16,0.25,0.21,0.02,0.21,0.06,FALSE,0,"2026-08-04","Goal 3 PBE-UD analytical rederivation"
7,6,4,3,2,0.2,0.5,0.9,0.5,0.95,0.0333333333333333,0.9,0.233333333333333,0.0333333333333333,TRUE,TRUE,0.9,"exclusion",0.5,0.1,0.166666666666667,0.25,0.208333333333333,0.0166666666666666,0.208333333333333,0.0583333333333333,FALSE,0,"2026-08-04","Goal 3 PBE-UD analytical rederivation"
8,7,5,4,3,0.2,0.5,0.9,0.5,0.95,0.0285714285714286,0.885714285714286,0.221428571428571,0.0142857142857143,TRUE,TRUE,0.885714285714286,"exclusion",0.5,0.1,0.171428571428571,0.25,0.207142857142857,0.0142857142857142,0.207142857142857,0.0571428571428571,FALSE,0,"2026-08-04","Goal 3 PBE-UD analytical rederivation"
9,8,5,4,3,0.2,0.5,0.9,0.5,0.95,0.025,0.9,0.225,0.025,TRUE,TRUE,0.9,"exclusion",0.5,0.1,0.175,0.25,0.20625,0.0125,0.20625,0.05625,FALSE,0,"2026-08-04","Goal 3 PBE-UD analytical rederivation"
10,9,6,5,4,0.2,0.5,0.9,0.5,0.95,0.0222222222222222,0.888888888888889,0.216666666666667,0.0111111111111111,TRUE,TRUE,0.888888888888889,"exclusion",0.5,0.1,0.177777777777778,0.25,0.205555555555556,0.0111111111111111,0.205555555555556,0.0555555555555555,FALSE,0,"2026-08-04","Goal 3 PBE-UD analytical rederivation"
3,2,2,1,0,0.5,0.5,0.9,0.5,0.95,0.25,0.75,0.375,0.1,TRUE,TRUE,0.75,"exclusion",0.5,0.1,0.25,0.25,0.1875,-0.025,0.1875,0.0375,FALSE,0,"2026-08-04","Goal 3 PBE-UD analytical rederivation"
4,3,3,2,1,0.5,0.5,0.9,0.5,0.95,0.166666666666667,0.666666666666667,0.25,-0.0666666666666667,TRUE,TRUE,0.666666666666667,"exclusion",0.5,0.1,0.333333333333333,0.25,0.166666666666667,-0.0666666666666667,0.166666666666667,0.0166666666666666,FALSE,0,"2026-08-04","Goal 3 PBE-UD analytical rederivation"
5,4,3,2,1,0.5,0.5,0.9,0.5,0.95,0.125,0.75,0.25,-0.025,TRUE,TRUE,0.75,"exclusion",0.5,0.1,0.375,0.25,0.15625,-0.0875,0.15625,0.00624999999999998,FALSE,0,"2026-08-04","Goal 3 PBE-UD analytical rederivation"
6,5,4,3,2,0.5,0.5,0.9,0.5,0.95,0.1,0.7,0.2,-0.1,TRUE,TRUE,0.7,"exclusion",0.5,0.1,0.4,0.25,0.15,-0.1,0.15,-2.77555756156289e-17,FALSE,0,"2026-08-04","Goal 3 PBE-UD analytical rederivation"
7,6,4,3,2,0.5,0.5,0.9,0.5,0.95,0.0833333333333333,0.75,0.208333333333333,-0.0666666666666667,TRUE,TRUE,0.75,"exclusion",0.5,0.1,0.416666666666667,0.25,0.145833333333333,-0.108333333333333,0.145833333333333,-0.00416666666666669,FALSE,0,"2026-08-04","Goal 3 PBE-UD analytical rederivation"
8,7,5,4,3,0.5,0.5,0.9,0.5,0.95,0.0714285714285714,0.714285714285714,0.178571428571429,-0.114285714285714,TRUE,TRUE,0.714285714285714,"exclusion",0.5,0.1,0.428571428571429,0.25,0.142857142857143,-0.114285714285714,0.142857142857143,-0.00714285714285716,FALSE,0,"2026-08-04","Goal 3 PBE-UD analytical rederivation"
9,8,5,4,3,0.5,0.5,0.9,0.5,0.95,0.0625,0.75,0.1875,-0.0875,TRUE,TRUE,0.75,"exclusion",0.5,0.1,0.4375,0.25,0.140625,-0.11875,0.140625,-0.00937500000000002,FALSE,0,"2026-08-04","Goal 3 PBE-UD analytical rederivation"
10,9,6,5,4,0.5,0.5,0.9,0.5,0.95,0.0555555555555556,0.722222222222222,0.166666666666667,-0.122222222222222,TRUE,TRUE,0.722222222222222,"exclusion",0.5,0.1,0.444444444444444,0.25,0.138888888888889,-0.122222222222222,0.138888888888889,-0.0111111111111111,FALSE,0,"2026-08-04","Goal 3 PBE-UD analytical rederivation"
3,2,2,1,0,0.9,0.5,0.9,0.5,0.95,0.45,0.55,0.475,0.1,TRUE,TRUE,0.55,"exclusion",0.5,0.1,0.45,0.25,0.1375,-0.125,0.1375,-0.0125,FALSE,0,"2026-08-04","Goal 3 PBE-UD analytical rederivation"
4,3,3,2,1,0.9,0.5,0.9,0.5,0.95,0.3,0.4,0.25,-0.2,TRUE,TRUE,0.4,"exclusion",0.5,0.1,0.6,0.25,0.1,-0.2,0.1,-0.05,FALSE,0,"2026-08-04","Goal 3 PBE-UD analytical rederivation"
5,4,3,2,1,0.9,0.5,0.9,0.5,0.95,0.225,0.55,0.25,-0.125,TRUE,TRUE,0.55,"exclusion",0.5,0.1,0.675,0.25,0.08125,-0.2375,0.08125,-0.06875,FALSE,0,"2026-08-04","Goal 3 PBE-UD analytical rederivation"
6,5,4,3,2,0.9,0.5,0.9,0.5,0.95,0.18,0.46,0.16,-0.26,TRUE,TRUE,0.46,"exclusion",0.5,0.1,0.72,0.25,0.07,-0.26,0.07,-0.08,FALSE,0,"2026-08-04","Goal 3 PBE-UD analytical rederivation"
7,6,4,3,2,0.9,0.5,0.9,0.5,0.95,0.15,0.55,0.175,-0.2,TRUE,TRUE,0.55,"exclusion",0.5,0.1,0.75,0.25,0.0625,-0.275,0.0625,-0.0875,FALSE,0,"2026-08-04","Goal 3 PBE-UD analytical rederivation"
8,7,5,4,3,0.9,0.5,0.9,0.5,0.95,0.128571428571429,0.485714285714286,0.121428571428571,-0.285714285714286,TRUE,TRUE,0.485714285714286,"exclusion",0.5,0.1,0.771428571428571,0.25,0.0571428571428571,-0.285714285714286,0.0571428571428571,-0.0928571428571429,FALSE,0,"2026-08-04","Goal 3 PBE-UD analytical rederivation"
9,8,5,4,3,0.9,0.5,0.9,0.5,0.95,0.1125,0.55,0.1375,-0.2375,TRUE,TRUE,0.55,"exclusion",0.5,0.1,0.7875,0.25,0.053125,-0.29375,0.053125,-0.096875,FALSE,0,"2026-08-04","Goal 3 PBE-UD analytical rederivation"
10,9,6,5,4,0.9,0.5,0.9,0.5,0.95,0.1,0.5,0.1,-0.3,TRUE,TRUE,0.5,"exclusion",0.5,0.1,0.8,0.25,0.05,-0.3,0.05,-0.1,FALSE,0,"2026-08-04","Goal 3 PBE-UD analytical rederivation"
3,2,2,1,0,0.2,0.05,0.3,0.9,0.35,0.1,0.9,0.185,0.7,TRUE,TRUE,0.9,"exclusion",0.95,0.7,0.1,0.7,0.0855,0.605,0.605,0.63,TRUE,0.025,"2026-08-04","Goal 3 PBE-UD analytical rederivation"
4,3,3,2,1,0.2,0.05,0.3,0.9,0.35,0.0666666666666667,0.866666666666667,0.148333333333333,0.633333333333333,TRUE,TRUE,0.866666666666667,"exclusion",0.95,0.7,0.133333333333333,0.7,0.0823333333333333,0.573333333333333,0.573333333333333,0.606666666666667,TRUE,0.0333333333333334,"2026-08-04","Goal 3 PBE-UD analytical rederivation"
5,4,3,2,1,0.2,0.05,0.3,0.9,0.35,0.05,0.9,0.135,0.65,TRUE,TRUE,0.9,"exclusion",0.95,0.7,0.15,0.7,0.08075,0.5575,0.5575,0.595,TRUE,0.0375000000000001,"2026-08-04","Goal 3 PBE-UD analytical rederivation"
6,5,4,3,2,0.2,0.05,0.3,0.9,0.35,0.04,0.88,0.123,0.62,TRUE,TRUE,0.88,"exclusion",0.95,0.7,0.16,0.7,0.0798,0.548,0.548,0.588,TRUE,0.04,"2026-08-04","Goal 3 PBE-UD analytical rederivation"
7,6,4,3,2,0.2,0.05,0.3,0.9,0.35,0.0333333333333333,0.9,0.118333333333333,0.633333333333333,TRUE,TRUE,0.9,"exclusion",0.95,0.7,0.166666666666667,0.7,0.0791666666666666,0.541666666666667,0.541666666666667,0.583333333333333,TRUE,0.0416666666666666,"2026-08-04","Goal 3 PBE-UD analytical rederivation"
8,7,5,4,3,0.2,0.05,0.3,0.9,0.35,0.0285714285714286,0.885714285714286,0.112142857142857,0.614285714285714,TRUE,TRUE,0.885714285714286,"exclusion",0.95,0.7,0.171428571428571,0.7,0.0787142857142857,0.537142857142857,0.537142857142857,0.58,TRUE,0.0428571428571428,"2026-08-04","Goal 3 PBE-UD analytical rederivation"
9,8,5,4,3,0.2,0.05,0.3,0.9,0.35,0.025,0.9,0.11,0.625,TRUE,TRUE,0.9,"exclusion",0.95,0.7,0.175,0.7,0.078375,0.53375,0.53375,0.5775,TRUE,0.04375,"2026-08-04","Goal 3 PBE-UD analytical rederivation"
10,9,6,5,4,0.2,0.05,0.3,0.9,0.35,0.0222222222222222,0.888888888888889,0.106111111111111,0.611111111111111,TRUE,TRUE,0.888888888888889,"exclusion",0.95,0.7,0.177777777777778,0.7,0.0781111111111111,0.531111111111111,0.531111111111111,0.575555555555555,TRUE,0.0444444444444444,"2026-08-04","Goal 3 PBE-UD analytical rederivation"
3,2,2,1,0,0.5,0.05,0.3,0.9,0.35,0.25,0.75,0.32,0.7,TRUE,TRUE,0.75,"exclusion",0.95,0.7,0.25,0.7,0.07125,0.4625,0.4625,0.525,TRUE,0.05,"2026-08-04","Goal 3 PBE-UD analytical rederivation"
4,3,3,2,1,0.5,0.05,0.3,0.9,0.35,0.166666666666667,0.666666666666667,0.228333333333333,0.533333333333333,TRUE,TRUE,0.666666666666667,"exclusion",0.95,0.7,0.333333333333333,0.7,0.0633333333333333,0.383333333333333,0.383333333333333,0.466666666666667,TRUE,0.05,"2026-08-04","Goal 3 PBE-UD analytical rederivation"
5,4,3,2,1,0.5,0.05,0.3,0.9,0.35,0.125,0.75,0.195,0.575,TRUE,TRUE,0.75,"exclusion",0.95,0.7,0.375,0.7,0.059375,0.34375,0.34375,0.4375,TRUE,0.05,"2026-08-04","Goal 3 PBE-UD analytical rederivation"
6,5,4,3,2,0.5,0.05,0.3,0.9,0.35,0.1,0.7,0.165,0.5,TRUE,TRUE,0.7,"exclusion",0.95,0.7,0.4,0.7,0.057,0.32,0.32,0.42,TRUE,0.05,"2026-08-04","Goal 3 PBE-UD analytical rederivation"
7,6,4,3,2,0.5,0.05,0.3,0.9,0.35,0.0833333333333333,0.75,0.153333333333333,0.533333333333333,TRUE,TRUE,0.75,"exclusion",0.95,0.7,0.416666666666667,0.7,0.0554166666666666,0.304166666666667,0.304166666666667,0.408333333333333,TRUE,0.05,"2026-08-04","Goal 3 PBE-UD analytical rederivation"
8,7,5,4,3,0.5,0.05,0.3,0.9,0.35,0.0714285714285714,0.714285714285714,0.137857142857143,0.485714285714286,TRUE,TRUE,0.714285714285714,"exclusion",0.95,0.7,0.428571428571429,0.7,0.0542857142857143,0.292857142857143,0.292857142857143,0.4,TRUE,0.05,"2026-08-04","Goal 3 PBE-UD analytical rederivation"
9,8,5,4,3,0.5,0.05,0.3,0.9,0.35,0.0625,0.75,0.1325,0.5125,TRUE,TRUE,0.75,"exclusion",0.95,0.7,0.4375,0.7,0.0534375,0.284375,0.284375,0.39375,TRUE,0.05,"2026-08-04","Goal 3 PBE-UD analytical rederivation"
10,9,6,5,4,0.5,0.05,0.3,0.9,0.35,0.0555555555555556,0.722222222222222,0.122777777777778,0.477777777777778,TRUE,TRUE,0.722222222222222,"exclusion",0.95,0.7,0.444444444444444,0.7,0.0527777777777778,0.277777777777778,0.277777777777778,0.388888888888889,TRUE,0.05,"2026-08-04","Goal 3 PBE-UD analytical rederivation"
3,2,2,1,0,0.9,0.05,0.3,0.9,0.35,0.45,0.55,0.5,0.7,TRUE,TRUE,0.7,"pooling",0.95,0.7,0.45,0.7,0.05225,0.2725,0.2725,0.385,TRUE,0.05,"2026-08-04","Goal 3 PBE-UD analytical rederivation"
4,3,3,2,1,0.9,0.05,0.3,0.9,0.35,0.3,0.4,0.335,0.4,TRUE,TRUE,0.4,"exclusion",0.95,0.7,0.6,0.7,0.038,0.13,0.13,0.28,TRUE,0.05,"2026-08-04","Goal 3 PBE-UD analytical rederivation"
5,4,3,2,1,0.9,0.05,0.3,0.9,0.35,0.225,0.55,0.275,0.475,TRUE,TRUE,0.55,"exclusion",0.95,0.7,0.675,0.7,0.030875,0.05875,0.05875,0.2275,TRUE,0.05,"2026-08-04","Goal 3 PBE-UD analytical rederivation"
6,5,4,3,2,0.9,0.05,0.3,0.9,0.35,0.18,0.46,0.221,0.34,TRUE,TRUE,0.46,"exclusion",0.95,0.7,0.72,0.7,0.0266,0.016,0.0266,0.196,TRUE,0.05,"2026-08-04","Goal 3 PBE-UD analytical rederivation"
7,6,4,3,2,0.9,0.05,0.3,0.9,0.35,0.15,0.55,0.2,0.4,TRUE,TRUE,0.55,"exclusion",0.95,0.7,0.75,0.7,0.02375,-0.0125,0.02375,0.175,TRUE,0.05,"2026-08-04","Goal 3 PBE-UD analytical rederivation"
8,7,5,4,3,0.9,0.05,0.3,0.9,0.35,0.128571428571429,0.485714285714286,0.172142857142857,0.314285714285714,TRUE,TRUE,0.485714285714286,"exclusion",0.95,0.7,0.771428571428571,0.7,0.0217142857142857,-0.0328571428571429,0.0217142857142857,0.16,TRUE,0.05,"2026-08-04","Goal 3 PBE-UD analytical rederivation"
9,8,5,4,3,0.9,0.05,0.3,0.9,0.35,0.1125,0.55,0.1625,0.3625,TRUE,TRUE,0.55,"exclusion",0.95,0.7,0.7875,0.7,0.0201875,-0.048125,0.0201875,0.14875,TRUE,0.05,"2026-08-04","Goal 3 PBE-UD analytical rederivation"
10,9,6,5,4,0.9,0.05,0.3,0.9,0.35,0.1,0.5,0.145,0.3,TRUE,TRUE,0.5,"exclusion",0.95,0.7,0.8,0.7,0.019,-0.06,0.019,0.14,TRUE,0.05,"2026-08-04","Goal 3 PBE-UD analytical rederivation"
3,2,2,1,0,0.2,0.2,0.3,0.9,0.35,0.1,0.9,0.17,0.7,TRUE,TRUE,0.9,"exclusion",0.8,0.7,0.1,0.7,0.072,0.62,0.62,0.63,TRUE,0.0100000000000001,"2026-08-04","Goal 3 PBE-UD analytical rederivation"
4,3,3,2,1,0.2,0.2,0.3,0.9,0.35,0.0666666666666667,0.866666666666667,0.133333333333333,0.633333333333333,TRUE,TRUE,0.866666666666667,"exclusion",0.8,0.7,0.133333333333333,0.7,0.0693333333333333,0.593333333333333,0.593333333333333,0.606666666666667,TRUE,0.0133333333333334,"2026-08-04","Goal 3 PBE-UD analytical rederivation"
5,4,3,2,1,0.2,0.2,0.3,0.9,0.35,0.05,0.9,0.12,0.65,TRUE,TRUE,0.9,"exclusion",0.8,0.7,0.15,0.7,0.068,0.58,0.58,0.595,TRUE,0.015,"2026-08-04","Goal 3 PBE-UD analytical rederivation"
6,5,4,3,2,0.2,0.2,0.3,0.9,0.35,0.04,0.88,0.108,0.62,TRUE,TRUE,0.88,"exclusion",0.8,0.7,0.16,0.7,0.0672,0.572,0.572,0.588,TRUE,0.016,"2026-08-04","Goal 3 PBE-UD analytical rederivation"
7,6,4,3,2,0.2,0.2,0.3,0.9,0.35,0.0333333333333333,0.9,0.103333333333333,0.633333333333333,TRUE,TRUE,0.9,"exclusion",0.8,0.7,0.166666666666667,0.7,0.0666666666666667,0.566666666666667,0.566666666666667,0.583333333333333,TRUE,0.0166666666666666,"2026-08-04","Goal 3 PBE-UD analytical rederivation"
8,7,5,4,3,0.2,0.2,0.3,0.9,0.35,0.0285714285714286,0.885714285714286,0.0971428571428571,0.614285714285714,TRUE,TRUE,0.885714285714286,"exclusion",0.8,0.7,0.171428571428571,0.7,0.0662857142857143,0.562857142857143,0.562857142857143,0.58,TRUE,0.0171428571428572,"2026-08-04","Goal 3 PBE-UD analytical rederivation"
9,8,5,4,3,0.2,0.2,0.3,0.9,0.35,0.025,0.9,0.095,0.625,TRUE,TRUE,0.9,"exclusion",0.8,0.7,0.175,0.7,0.066,0.56,0.56,0.5775,TRUE,0.0175,"2026-08-04","Goal 3 PBE-UD analytical rederivation"
10,9,6,5,4,0.2,0.2,0.3,0.9,0.35,0.0222222222222222,0.888888888888889,0.0911111111111111,0.611111111111111,TRUE,TRUE,0.888888888888889,"exclusion",0.8,0.7,0.177777777777778,0.7,0.0657777777777778,0.557777777777778,0.557777777777778,0.575555555555555,TRUE,0.0177777777777778,"2026-08-04","Goal 3 PBE-UD analytical rederivation"
3,2,2,1,0,0.5,0.2,0.3,0.9,0.35,0.25,0.75,0.305,0.7,TRUE,TRUE,0.75,"exclusion",0.8,0.7,0.25,0.7,0.06,0.5,0.5,0.525,TRUE,0.025,"2026-08-04","Goal 3 PBE-UD analytical rederivation"
4,3,3,2,1,0.5,0.2,0.3,0.9,0.35,0.166666666666667,0.666666666666667,0.213333333333333,0.533333333333333,TRUE,TRUE,0.666666666666667,"exclusion",0.8,0.7,0.333333333333333,0.7,0.0533333333333333,0.433333333333333,0.433333333333333,0.466666666666667,TRUE,0.0333333333333334,"2026-08-04","Goal 3 PBE-UD analytical rederivation"
5,4,3,2,1,0.5,0.2,0.3,0.9,0.35,0.125,0.75,0.18,0.575,TRUE,TRUE,0.75,"exclusion",0.8,0.7,0.375,0.7,0.05,0.4,0.4,0.4375,TRUE,0.0375000000000001,"2026-08-04","Goal 3 PBE-UD analytical rederivation"
6,5,4,3,2,0.5,0.2,0.3,0.9,0.35,0.1,0.7,0.15,0.5,TRUE,TRUE,0.7,"exclusion",0.8,0.7,0.4,0.7,0.048,0.38,0.38,0.42,TRUE,0.0400000000000001,"2026-08-04","Goal 3 PBE-UD analytical rederivation"
7,6,4,3,2,0.5,0.2,0.3,0.9,0.35,0.0833333333333333,0.75,0.138333333333333,0.533333333333333,TRUE,TRUE,0.75,"exclusion",0.8,0.7,0.416666666666667,0.7,0.0466666666666667,0.366666666666667,0.366666666666667,0.408333333333333,TRUE,0.0416666666666667,"2026-08-04","Goal 3 PBE-UD analytical rederivation"
8,7,5,4,3,0.5,0.2,0.3,0.9,0.35,0.0714285714285714,0.714285714285714,0.122857142857143,0.485714285714286,TRUE,TRUE,0.714285714285714,"exclusion",0.8,0.7,0.428571428571429,0.7,0.0457142857142857,0.357142857142857,0.357142857142857,0.4,TRUE,0.0428571428571429,"2026-08-04","Goal 3 PBE-UD analytical rederivation"
9,8,5,4,3,0.5,0.2,0.3,0.9,0.35,0.0625,0.75,0.1175,0.5125,TRUE,TRUE,0.75,"exclusion",0.8,0.7,0.4375,0.7,0.045,0.35,0.35,0.39375,TRUE,0.0437500000000001,"2026-08-04","Goal 3 PBE-UD analytical rederivation"
10,9,6,5,4,0.5,0.2,0.3,0.9,0.35,0.0555555555555556,0.722222222222222,0.107777777777778,0.477777777777778,TRUE,TRUE,0.722222222222222,"exclusion",0.8,0.7,0.444444444444444,0.7,0.0444444444444444,0.344444444444444,0.344444444444444,0.388888888888889,TRUE,0.0444444444444445,"2026-08-04","Goal 3 PBE-UD analytical rederivation"
3,2,2,1,0,0.9,0.2,0.3,0.9,0.35,0.45,0.55,0.485,0.7,TRUE,TRUE,0.7,"pooling",0.8,0.7,0.45,0.7,0.044,0.34,0.34,0.385,TRUE,0.045,"2026-08-04","Goal 3 PBE-UD analytical rederivation"
4,3,3,2,1,0.9,0.2,0.3,0.9,0.35,0.3,0.4,0.32,0.4,TRUE,TRUE,0.4,"exclusion",0.8,0.7,0.6,0.7,0.032,0.22,0.22,0.28,TRUE,0.05,"2026-08-04","Goal 3 PBE-UD analytical rederivation"
5,4,3,2,1,0.9,0.2,0.3,0.9,0.35,0.225,0.55,0.26,0.475,TRUE,TRUE,0.55,"exclusion",0.8,0.7,0.675,0.7,0.026,0.16,0.16,0.2275,TRUE,0.05,"2026-08-04","Goal 3 PBE-UD analytical rederivation"
6,5,4,3,2,0.9,0.2,0.3,0.9,0.35,0.18,0.46,0.206,0.34,TRUE,TRUE,0.46,"exclusion",0.8,0.7,0.72,0.7,0.0224,0.124,0.124,0.196,TRUE,0.05,"2026-08-04","Goal 3 PBE-UD analytical rederivation"
7,6,4,3,2,0.9,0.2,0.3,0.9,0.35,0.15,0.55,0.185,0.4,TRUE,TRUE,0.55,"exclusion",0.8,0.7,0.75,0.7,0.02,0.0999999999999999,0.0999999999999999,0.175,TRUE,0.05,"2026-08-04","Goal 3 PBE-UD analytical rederivation"
8,7,5,4,3,0.9,0.2,0.3,0.9,0.35,0.128571428571429,0.485714285714286,0.157142857142857,0.314285714285714,TRUE,TRUE,0.485714285714286,"exclusion",0.8,0.7,0.771428571428571,0.7,0.0182857142857143,0.0828571428571427,0.0828571428571427,0.16,TRUE,0.05,"2026-08-04","Goal 3 PBE-UD analytical rederivation"
9,8,5,4,3,0.9,0.2,0.3,0.9,0.35,0.1125,0.55,0.1475,0.3625,TRUE,TRUE,0.55,"exclusion",0.8,0.7,0.7875,0.7,0.017,0.07,0.07,0.14875,TRUE,0.05,"2026-08-04","Goal 3 PBE-UD analytical rederivation"
10,9,6,5,4,0.9,0.2,0.3,0.9,0.35,0.1,0.5,0.13,0.3,TRUE,TRUE,0.5,"exclusion",0.8,0.7,0.8,0.7,0.016,0.0599999999999998,0.0599999999999998,0.14,TRUE,0.05,"2026-08-04","Goal 3 PBE-UD analytical rederivation"
3,2,2,1,0,0.2,0.05,0.6,0.9,0.65,0.1,0.9,0.185,0.4,TRUE,TRUE,0.9,"exclusion",0.95,0.4,0.1,0.4,0.0855,0.305,0.305,0.36,TRUE,0.05,"2026-08-04","Goal 3 PBE-UD analytical rederivation"
4,3,3,2,1,0.2,0.05,0.6,0.9,0.65,0.0666666666666667,0.866666666666667,0.148333333333333,0.333333333333333,TRUE,TRUE,0.866666666666667,"exclusion",0.95,0.4,0.133333333333333,0.4,0.0823333333333333,0.273333333333333,0.273333333333333,0.346666666666667,TRUE,0.05,"2026-08-04","Goal 3 PBE-UD analytical rederivation"
5,4,3,2,1,0.2,0.05,0.6,0.9,0.65,0.05,0.9,0.135,0.35,TRUE,TRUE,0.9,"exclusion",0.95,0.4,0.15,0.4,0.08075,0.2575,0.2575,0.34,TRUE,0.05,"2026-08-04","Goal 3 PBE-UD analytical rederivation"
6,5,4,3,2,0.2,0.05,0.6,0.9,0.65,0.04,0.88,0.123,0.32,TRUE,TRUE,0.88,"exclusion",0.95,0.4,0.16,0.4,0.0798,0.248,0.248,0.336,TRUE,0.05,"2026-08-04","Goal 3 PBE-UD analytical rederivation"
7,6,4,3,2,0.2,0.05,0.6,0.9,0.65,0.0333333333333333,0.9,0.118333333333333,0.333333333333333,TRUE,TRUE,0.9,"exclusion",0.95,0.4,0.166666666666667,0.4,0.0791666666666666,0.241666666666667,0.241666666666667,0.333333333333333,TRUE,0.05,"2026-08-04","Goal 3 PBE-UD analytical rederivation"
8,7,5,4,3,0.2,0.05,0.6,0.9,0.65,0.0285714285714286,0.885714285714286,0.112142857142857,0.314285714285714,TRUE,TRUE,0.885714285714286,"exclusion",0.95,0.4,0.171428571428571,0.4,0.0787142857142857,0.237142857142857,0.237142857142857,0.331428571428571,TRUE,0.05,"2026-08-04","Goal 3 PBE-UD analytical rederivation"
9,8,5,4,3,0.2,0.05,0.6,0.9,0.65,0.025,0.9,0.11,0.325,TRUE,TRUE,0.9,"exclusion",0.95,0.4,0.175,0.4,0.078375,0.23375,0.23375,0.33,TRUE,0.05,"2026-08-04","Goal 3 PBE-UD analytical rederivation"
10,9,6,5,4,0.2,0.05,0.6,0.9,0.65,0.0222222222222222,0.888888888888889,0.106111111111111,0.311111111111111,TRUE,TRUE,0.888888888888889,"exclusion",0.95,0.4,0.177777777777778,0.4,0.0781111111111111,0.231111111111111,0.231111111111111,0.328888888888889,TRUE,0.05,"2026-08-04","Goal 3 PBE-UD analytical rederivation"
3,2,2,1,0,0.5,0.05,0.6,0.9,0.65,0.25,0.75,0.32,0.4,TRUE,TRUE,0.75,"exclusion",0.95,0.4,0.25,0.4,0.07125,0.1625,0.1625,0.3,TRUE,0.05,"2026-08-04","Goal 3 PBE-UD analytical rederivation"
4,3,3,2,1,0.5,0.05,0.6,0.9,0.65,0.166666666666667,0.666666666666667,0.228333333333333,0.233333333333333,TRUE,TRUE,0.666666666666667,"exclusion",0.95,0.4,0.333333333333333,0.4,0.0633333333333333,0.0833333333333334,0.0833333333333334,0.266666666666667,TRUE,0.05,"2026-08-04","Goal 3 PBE-UD analytical rederivation"
5,4,3,2,1,0.5,0.05,0.6,0.9,0.65,0.125,0.75,0.195,0.275,TRUE,TRUE,0.75,"exclusion",0.95,0.4,0.375,0.4,0.059375,0.0437500000000001,0.059375,0.25,TRUE,0.05,"2026-08-04","Goal 3 PBE-UD analytical rederivation"
6,5,4,3,2,0.5,0.05,0.6,0.9,0.65,0.1,0.7,0.165,0.2,TRUE,TRUE,0.7,"exclusion",0.95,0.4,0.4,0.4,0.057,0.02,0.057,0.24,TRUE,0.05,"2026-08-04","Goal 3 PBE-UD analytical rederivation"
7,6,4,3,2,0.5,0.05,0.6,0.9,0.65,0.0833333333333333,0.75,0.153333333333333,0.233333333333333,TRUE,TRUE,0.75,"exclusion",0.95,0.4,0.416666666666667,0.4,0.0554166666666666,0.00416666666666671,0.0554166666666666,0.233333333333333,TRUE,0.05,"2026-08-04","Goal 3 PBE-UD analytical rederivation"
8,7,5,4,3,0.5,0.05,0.6,0.9,0.65,0.0714285714285714,0.714285714285714,0.137857142857143,0.185714285714286,TRUE,TRUE,0.714285714285714,"exclusion",0.95,0.4,0.428571428571429,0.4,0.0542857142857143,-0.00714285714285706,0.0542857142857143,0.228571428571429,TRUE,0.05,"2026-08-04","Goal 3 PBE-UD analytical rederivation"
9,8,5,4,3,0.5,0.05,0.6,0.9,0.65,0.0625,0.75,0.1325,0.2125,TRUE,TRUE,0.75,"exclusion",0.95,0.4,0.4375,0.4,0.0534375,-0.0156249999999999,0.0534375,0.225,TRUE,0.05,"2026-08-04","Goal 3 PBE-UD analytical rederivation"
10,9,6,5,4,0.5,0.05,0.6,0.9,0.65,0.0555555555555556,0.722222222222222,0.122777777777778,0.177777777777778,TRUE,TRUE,0.722222222222222,"exclusion",0.95,0.4,0.444444444444444,0.4,0.0527777777777778,-0.0222222222222221,0.0527777777777778,0.222222222222222,TRUE,0.05,"2026-08-04","Goal 3 PBE-UD analytical rederivation"
3,2,2,1,0,0.9,0.05,0.6,0.9,0.65,0.45,0.55,0.5,0.4,TRUE,TRUE,0.55,"exclusion",0.95,0.4,0.45,0.4,0.05225,-0.0275,0.05225,0.22,TRUE,0.05,"2026-08-04","Goal 3 PBE-UD analytical rederivation"
4,3,3,2,1,0.9,0.05,0.6,0.9,0.65,0.3,0.4,0.335,0.1,TRUE,TRUE,0.4,"exclusion",0.95,0.4,0.6,0.4,0.038,-0.17,0.038,0.16,TRUE,0.05,"2026-08-04","Goal 3 PBE-UD analytical rederivation"
5,4,3,2,1,0.9,0.05,0.6,0.9,0.65,0.225,0.55,0.275,0.175,TRUE,TRUE,0.55,"exclusion",0.95,0.4,0.675,0.4,0.030875,-0.24125,0.030875,0.13,TRUE,0.05,"2026-08-04","Goal 3 PBE-UD analytical rederivation"
6,5,4,3,2,0.9,0.05,0.6,0.9,0.65,0.18,0.46,0.221,0.04,TRUE,TRUE,0.46,"exclusion",0.95,0.4,0.72,0.4,0.0266,-0.284,0.0266,0.112,TRUE,0.05,"2026-08-04","Goal 3 PBE-UD analytical rederivation"
7,6,4,3,2,0.9,0.05,0.6,0.9,0.65,0.15,0.55,0.2,0.1,TRUE,TRUE,0.55,"exclusion",0.95,0.4,0.75,0.4,0.02375,-0.3125,0.02375,0.1,TRUE,0.05,"2026-08-04","Goal 3 PBE-UD analytical rederivation"
8,7,5,4,3,0.9,0.05,0.6,0.9,0.65,0.128571428571429,0.485714285714286,0.172142857142857,0.0142857142857142,TRUE,TRUE,0.485714285714286,"exclusion",0.95,0.4,0.771428571428571,0.4,0.0217142857142857,-0.332857142857143,0.0217142857142857,0.0914285714285714,TRUE,0.05,"2026-08-04","Goal 3 PBE-UD analytical rederivation"
9,8,5,4,3,0.9,0.05,0.6,0.9,0.65,0.1125,0.55,0.1625,0.0625,TRUE,TRUE,0.55,"exclusion",0.95,0.4,0.7875,0.4,0.0201875,-0.348125,0.0201875,0.085,TRUE,0.05,"2026-08-04","Goal 3 PBE-UD analytical rederivation"
10,9,6,5,4,0.9,0.05,0.6,0.9,0.65,0.1,0.5,0.145,0,TRUE,TRUE,0.5,"exclusion",0.95,0.4,0.8,0.4,0.019,-0.36,0.019,0.08,TRUE,0.05,"2026-08-04","Goal 3 PBE-UD analytical rederivation"
3,2,2,1,0,0.2,0.2,0.6,0.9,0.65,0.1,0.9,0.17,0.4,TRUE,TRUE,0.9,"exclusion",0.8,0.4,0.1,0.4,0.072,0.32,0.32,0.36,TRUE,0.04,"2026-08-04","Goal 3 PBE-UD analytical rederivation"
4,3,3,2,1,0.2,0.2,0.6,0.9,0.65,0.0666666666666667,0.866666666666667,0.133333333333333,0.333333333333333,TRUE,TRUE,0.866666666666667,"exclusion",0.8,0.4,0.133333333333333,0.4,0.0693333333333333,0.293333333333333,0.293333333333333,0.346666666666667,TRUE,0.05,"2026-08-04","Goal 3 PBE-UD analytical rederivation"
5,4,3,2,1,0.2,0.2,0.6,0.9,0.65,0.05,0.9,0.12,0.35,TRUE,TRUE,0.9,"exclusion",0.8,0.4,0.15,0.4,0.068,0.28,0.28,0.34,TRUE,0.05,"2026-08-04","Goal 3 PBE-UD analytical rederivation"
6,5,4,3,2,0.2,0.2,0.6,0.9,0.65,0.04,0.88,0.108,0.32,TRUE,TRUE,0.88,"exclusion",0.8,0.4,0.16,0.4,0.0672,0.272,0.272,0.336,TRUE,0.05,"2026-08-04","Goal 3 PBE-UD analytical rederivation"
7,6,4,3,2,0.2,0.2,0.6,0.9,0.65,0.0333333333333333,0.9,0.103333333333333,0.333333333333333,TRUE,TRUE,0.9,"exclusion",0.8,0.4,0.166666666666667,0.4,0.0666666666666667,0.266666666666667,0.266666666666667,0.333333333333333,TRUE,0.05,"2026-08-04","Goal 3 PBE-UD analytical rederivation"
8,7,5,4,3,0.2,0.2,0.6,0.9,0.65,0.0285714285714286,0.885714285714286,0.0971428571428571,0.314285714285714,TRUE,TRUE,0.885714285714286,"exclusion",0.8,0.4,0.171428571428571,0.4,0.0662857142857143,0.262857142857143,0.262857142857143,0.331428571428571,TRUE,0.05,"2026-08-04","Goal 3 PBE-UD analytical rederivation"
9,8,5,4,3,0.2,0.2,0.6,0.9,0.65,0.025,0.9,0.095,0.325,TRUE,TRUE,0.9,"exclusion",0.8,0.4,0.175,0.4,0.066,0.26,0.26,0.33,TRUE,0.05,"2026-08-04","Goal 3 PBE-UD analytical rederivation"
10,9,6,5,4,0.2,0.2,0.6,0.9,0.65,0.0222222222222222,0.888888888888889,0.0911111111111111,0.311111111111111,TRUE,TRUE,0.888888888888889,"exclusion",0.8,0.4,0.177777777777778,0.4,0.0657777777777778,0.257777777777778,0.257777777777778,0.328888888888889,TRUE,0.05,"2026-08-04","Goal 3 PBE-UD analytical rederivation"
3,2,2,1,0,0.5,0.2,0.6,0.9,0.65,0.25,0.75,0.305,0.4,TRUE,TRUE,0.75,"exclusion",0.8,0.4,0.25,0.4,0.06,0.2,0.2,0.3,TRUE,0.05,"2026-08-04","Goal 3 PBE-UD analytical rederivation"
4,3,3,2,1,0.5,0.2,0.6,0.9,0.65,0.166666666666667,0.666666666666667,0.213333333333333,0.233333333333333,TRUE,TRUE,0.666666666666667,"exclusion",0.8,0.4,0.333333333333333,0.4,0.0533333333333333,0.133333333333333,0.133333333333333,0.266666666666667,TRUE,0.05,"2026-08-04","Goal 3 PBE-UD analytical rederivation"
5,4,3,2,1,0.5,0.2,0.6,0.9,0.65,0.125,0.75,0.18,0.275,TRUE,TRUE,0.75,"exclusion",0.8,0.4,0.375,0.4,0.05,0.1,0.1,0.25,TRUE,0.05,"2026-08-04","Goal 3 PBE-UD analytical rederivation"
6,5,4,3,2,0.5,0.2,0.6,0.9,0.65,0.1,0.7,0.15,0.2,TRUE,TRUE,0.7,"exclusion",0.8,0.4,0.4,0.4,0.048,0.08,0.08,0.24,TRUE,0.05,"2026-08-04","Goal 3 PBE-UD analytical rederivation"
7,6,4,3,2,0.5,0.2,0.6,0.9,0.65,0.0833333333333333,0.75,0.138333333333333,0.233333333333333,TRUE,TRUE,0.75,"exclusion",0.8,0.4,0.416666666666667,0.4,0.0466666666666667,0.0666666666666667,0.0666666666666667,0.233333333333333,TRUE,0.05,"2026-08-04","Goal 3 PBE-UD analytical rederivation"
8,7,5,4,3,0.5,0.2,0.6,0.9,0.65,0.0714285714285714,0.714285714285714,0.122857142857143,0.185714285714286,TRUE,TRUE,0.714285714285714,"exclusion",0.8,0.4,0.428571428571429,0.4,0.0457142857142857,0.0571428571428572,0.0571428571428572,0.228571428571429,TRUE,0.05,"2026-08-04","Goal 3 PBE-UD analytical rederivation"
9,8,5,4,3,0.5,0.2,0.6,0.9,0.65,0.0625,0.75,0.1175,0.2125,TRUE,TRUE,0.75,"exclusion",0.8,0.4,0.4375,0.4,0.045,0.05,0.05,0.225,TRUE,0.05,"2026-08-04","Goal 3 PBE-UD analytical rederivation"
10,9,6,5,4,0.5,0.2,0.6,0.9,0.65,0.0555555555555556,0.722222222222222,0.107777777777778,0.177777777777778,TRUE,TRUE,0.722222222222222,"exclusion",0.8,0.4,0.444444444444444,0.4,0.0444444444444444,0.0444444444444445,0.0444444444444445,0.222222222222222,TRUE,0.05,"2026-08-04","Goal 3 PBE-UD analytical rederivation"
3,2,2,1,0,0.9,0.2,0.6,0.9,0.65,0.45,0.55,0.485,0.4,TRUE,TRUE,0.55,"exclusion",0.8,0.4,0.45,0.4,0.044,0.04,0.044,0.22,TRUE,0.05,"2026-08-04","Goal 3 PBE-UD analytical rederivation"
4,3,3,2,1,0.9,0.2,0.6,0.9,0.65,0.3,0.4,0.32,0.1,TRUE,TRUE,0.4,"exclusion",0.8,0.4,0.6,0.4,0.032,-0.08,0.032,0.16,TRUE,0.05,"2026-08-04","Goal 3 PBE-UD analytical rederivation"
5,4,3,2,1,0.9,0.2,0.6,0.9,0.65,0.225,0.55,0.26,0.175,TRUE,TRUE,0.55,"exclusion",0.8,0.4,0.675,0.4,0.026,-0.14,0.026,0.13,TRUE,0.05,"2026-08-04","Goal 3 PBE-UD analytical rederivation"
6,5,4,3,2,0.9,0.2,0.6,0.9,0.65,0.18,0.46,0.206,0.04,TRUE,TRUE,0.46,"exclusion",0.8,0.4,0.72,0.4,0.0224,-0.176,0.0224,0.112,TRUE,0.05,"2026-08-04","Goal 3 PBE-UD analytical rederivation"
7,6,4,3,2,0.9,0.2,0.6,0.9,0.65,0.15,0.55,0.185,0.1,TRUE,TRUE,0.55,"exclusion",0.8,0.4,0.75,0.4,0.02,-0.2,0.02,0.1,TRUE,0.05,"2026-08-04","Goal 3 PBE-UD analytical rederivation"
8,7,5,4,3,0.9,0.2,0.6,0.9,0.65,0.128571428571429,0.485714285714286,0.157142857142857,0.0142857142857142,TRUE,TRUE,0.485714285714286,"exclusion",0.8,0.4,0.771428571428571,0.4,0.0182857142857143,-0.217142857142857,0.0182857142857143,0.0914285714285714,TRUE,0.05,"2026-08-04","Goal 3 PBE-UD analytical rederivation"
9,8,5,4,3,0.9,0.2,0.6,0.9,0.65,0.1125,0.55,0.1475,0.0625,TRUE,TRUE,0.55,"exclusion",0.8,0.4,0.7875,0.4,0.017,-0.23,0.017,0.085,TRUE,0.05,"2026-08-04","Goal 3 PBE-UD analytical rederivation"
10,9,6,5,4,0.9,0.2,0.6,0.9,0.65,0.1,0.5,0.13,0,TRUE,TRUE,0.5,"exclusion",0.8,0.4,0.8,0.4,0.016,-0.24,0.016,0.08,TRUE,0.05,"2026-08-04","Goal 3 PBE-UD analytical rederivation"
3,2,2,1,0,0.2,0.5,0.6,0.9,0.65,0.1,0.9,0.14,0.4,TRUE,TRUE,0.9,"exclusion",0.5,0.4,0.1,0.4,0.045,0.35,0.35,0.36,TRUE,0.00999999999999995,"2026-08-04","Goal 3 PBE-UD analytical rederivation"
4,3,3,2,1,0.2,0.5,0.6,0.9,0.65,0.0666666666666667,0.866666666666667,0.103333333333333,0.333333333333333,TRUE,TRUE,0.866666666666667,"exclusion",0.5,0.4,0.133333333333333,0.4,0.0433333333333333,0.333333333333333,0.333333333333333,0.346666666666667,TRUE,0.0133333333333333,"2026-08-04","Goal 3 PBE-UD analytical rederivation"
5,4,3,2,1,0.2,0.5,0.6,0.9,0.65,0.05,0.9,0.09,0.35,TRUE,TRUE,0.9,"exclusion",0.5,0.4,0.15,0.4,0.0425,0.325,0.325,0.34,TRUE,0.015,"2026-08-04","Goal 3 PBE-UD analytical rederivation"
6,5,4,3,2,0.2,0.5,0.6,0.9,0.65,0.04,0.88,0.078,0.32,TRUE,TRUE,0.88,"exclusion",0.5,0.4,0.16,0.4,0.042,0.32,0.32,0.336,TRUE,0.016,"2026-08-04","Goal 3 PBE-UD analytical rederivation"
7,6,4,3,2,0.2,0.5,0.6,0.9,0.65,0.0333333333333333,0.9,0.0733333333333333,0.333333333333333,TRUE,TRUE,0.9,"exclusion",0.5,0.4,0.166666666666667,0.4,0.0416666666666667,0.316666666666667,0.316666666666667,0.333333333333333,TRUE,0.0166666666666667,"2026-08-04","Goal 3 PBE-UD analytical rederivation"
8,7,5,4,3,0.2,0.5,0.6,0.9,0.65,0.0285714285714286,0.885714285714286,0.0671428571428571,0.314285714285714,TRUE,TRUE,0.885714285714286,"exclusion",0.5,0.4,0.171428571428571,0.4,0.0414285714285714,0.314285714285714,0.314285714285714,0.331428571428571,TRUE,0.0171428571428571,"2026-08-04","Goal 3 PBE-UD analytical rederivation"
9,8,5,4,3,0.2,0.5,0.6,0.9,0.65,0.025,0.9,0.065,0.325,TRUE,TRUE,0.9,"exclusion",0.5,0.4,0.175,0.4,0.04125,0.3125,0.3125,0.33,TRUE,0.0175,"2026-08-04","Goal 3 PBE-UD analytical rederivation"
10,9,6,5,4,0.2,0.5,0.6,0.9,0.65,0.0222222222222222,0.888888888888889,0.0611111111111111,0.311111111111111,TRUE,TRUE,0.888888888888889,"exclusion",0.5,0.4,0.177777777777778,0.4,0.0411111111111111,0.311111111111111,0.311111111111111,0.328888888888889,TRUE,0.0177777777777778,"2026-08-04","Goal 3 PBE-UD analytical rederivation"
3,2,2,1,0,0.5,0.5,0.6,0.9,0.65,0.25,0.75,0.275,0.4,TRUE,TRUE,0.75,"exclusion",0.5,0.4,0.25,0.4,0.0375,0.275,0.275,0.3,TRUE,0.025,"2026-08-04","Goal 3 PBE-UD analytical rederivation"
4,3,3,2,1,0.5,0.5,0.6,0.9,0.65,0.166666666666667,0.666666666666667,0.183333333333333,0.233333333333333,TRUE,TRUE,0.666666666666667,"exclusion",0.5,0.4,0.333333333333333,0.4,0.0333333333333333,0.233333333333333,0.233333333333333,0.266666666666667,TRUE,0.0333333333333334,"2026-08-04","Goal 3 PBE-UD analytical rederivation"
5,4,3,2,1,0.5,0.5,0.6,0.9,0.65,0.125,0.75,0.15,0.275,TRUE,TRUE,0.75,"exclusion",0.5,0.4,0.375,0.4,0.03125,0.2125,0.2125,0.25,TRUE,0.0375,"2026-08-04","Goal 3 PBE-UD analytical rederivation"
6,5,4,3,2,0.5,0.5,0.6,0.9,0.65,0.1,0.7,0.12,0.2,TRUE,TRUE,0.7,"exclusion",0.5,0.4,0.4,0.4,0.03,0.2,0.2,0.24,TRUE,0.04,"2026-08-04","Goal 3 PBE-UD analytical rederivation"
7,6,4,3,2,0.5,0.5,0.6,0.9,0.65,0.0833333333333333,0.75,0.108333333333333,0.233333333333333,TRUE,TRUE,0.75,"exclusion",0.5,0.4,0.416666666666667,0.4,0.0291666666666667,0.191666666666667,0.191666666666667,0.233333333333333,TRUE,0.0416666666666667,"2026-08-04","Goal 3 PBE-UD analytical rederivation"
8,7,5,4,3,0.5,0.5,0.6,0.9,0.65,0.0714285714285714,0.714285714285714,0.0928571428571428,0.185714285714286,TRUE,TRUE,0.714285714285714,"exclusion",0.5,0.4,0.428571428571429,0.4,0.0285714285714286,0.185714285714286,0.185714285714286,0.228571428571429,TRUE,0.0428571428571428,"2026-08-04","Goal 3 PBE-UD analytical rederivation"
9,8,5,4,3,0.5,0.5,0.6,0.9,0.65,0.0625,0.75,0.0875,0.2125,TRUE,TRUE,0.75,"exclusion",0.5,0.4,0.4375,0.4,0.028125,0.18125,0.18125,0.225,TRUE,0.04375,"2026-08-04","Goal 3 PBE-UD analytical rederivation"
10,9,6,5,4,0.5,0.5,0.6,0.9,0.65,0.0555555555555556,0.722222222222222,0.0777777777777778,0.177777777777778,TRUE,TRUE,0.722222222222222,"exclusion",0.5,0.4,0.444444444444444,0.4,0.0277777777777778,0.177777777777778,0.177777777777778,0.222222222222222,TRUE,0.0444444444444444,"2026-08-04","Goal 3 PBE-UD analytical rederivation"
3,2,2,1,0,0.9,0.5,0.6,0.9,0.65,0.45,0.55,0.455,0.4,TRUE,TRUE,0.55,"exclusion",0.5,0.4,0.45,0.4,0.0275,0.175,0.175,0.22,TRUE,0.045,"2026-08-04","Goal 3 PBE-UD analytical rederivation"
4,3,3,2,1,0.9,0.5,0.6,0.9,0.65,0.3,0.4,0.29,0.1,TRUE,TRUE,0.4,"exclusion",0.5,0.4,0.6,0.4,0.02,0.1,0.1,0.16,TRUE,0.05,"2026-08-04","Goal 3 PBE-UD analytical rederivation"
5,4,3,2,1,0.9,0.5,0.6,0.9,0.65,0.225,0.55,0.23,0.175,TRUE,TRUE,0.55,"exclusion",0.5,0.4,0.675,0.4,0.01625,0.0625,0.0625,0.13,TRUE,0.05,"2026-08-04","Goal 3 PBE-UD analytical rederivation"
6,5,4,3,2,0.9,0.5,0.6,0.9,0.65,0.18,0.46,0.176,0.04,TRUE,TRUE,0.46,"exclusion",0.5,0.4,0.72,0.4,0.014,0.04,0.04,0.112,TRUE,0.05,"2026-08-04","Goal 3 PBE-UD analytical rederivation"
7,6,4,3,2,0.9,0.5,0.6,0.9,0.65,0.15,0.55,0.155,0.1,TRUE,TRUE,0.55,"exclusion",0.5,0.4,0.75,0.4,0.0125,0.025,0.025,0.1,TRUE,0.05,"2026-08-04","Goal 3 PBE-UD analytical rederivation"
8,7,5,4,3,0.9,0.5,0.6,0.9,0.65,0.128571428571429,0.485714285714286,0.127142857142857,0.0142857142857142,TRUE,TRUE,0.485714285714286,"exclusion",0.5,0.4,0.771428571428571,0.4,0.0114285714285714,0.0142857142857143,0.0142857142857143,0.0914285714285714,TRUE,0.05,"2026-08-04","Goal 3 PBE-UD analytical rederivation"
9,8,5,4,3,0.9,0.5,0.6,0.9,0.65,0.1125,0.55,0.1175,0.0625,TRUE,TRUE,0.55,"exclusion",0.5,0.4,0.7875,0.4,0.010625,0.00625000000000003,0.010625,0.085,TRUE,0.05,"2026-08-04","Goal 3 PBE-UD analytical rederivation"
10,9,6,5,4,0.9,0.5,0.6,0.9,0.65,0.1,0.5,0.1,0,TRUE,TRUE,0.5,"exclusion",0.5,0.4,0.8,0.4,0.01,0,0.01,0.08,TRUE,0.05,"2026-08-04","Goal 3 PBE-UD analytical rederivation"
3,2,2,1,0,0.2,0.05,0.9,0.9,0.95,0.1,0.9,0.185,0.1,TRUE,TRUE,0.9,"exclusion",0.95,0.1,0.1,0.1,0.0855,0.00499999999999998,0.0855,0.09,TRUE,0.0045,"2026-08-04","Goal 3 PBE-UD analytical rederivation"
4,3,3,2,1,0.2,0.05,0.9,0.9,0.95,0.0666666666666667,0.866666666666667,0.148333333333333,0.0333333333333333,TRUE,TRUE,0.866666666666667,"exclusion",0.95,0.1,0.133333333333333,0.1,0.0823333333333333,-0.0266666666666667,0.0823333333333333,0.0866666666666666,TRUE,0.00433333333333333,"2026-08-04","Goal 3 PBE-UD analytical rederivation"
5,4,3,2,1,0.2,0.05,0.9,0.9,0.95,0.05,0.9,0.135,0.05,TRUE,TRUE,0.9,"exclusion",0.95,0.1,0.15,0.1,0.08075,-0.0425,0.08075,0.085,TRUE,0.00425,"2026-08-04","Goal 3 PBE-UD analytical rederivation"
6,5,4,3,2,0.2,0.05,0.9,0.9,0.95,0.04,0.88,0.123,0.02,TRUE,TRUE,0.88,"exclusion",0.95,0.1,0.16,0.1,0.0798,-0.052,0.0798,0.084,TRUE,0.00420000000000001,"2026-08-04","Goal 3 PBE-UD analytical rederivation"
7,6,4,3,2,0.2,0.05,0.9,0.9,0.95,0.0333333333333333,0.9,0.118333333333333,0.0333333333333333,TRUE,TRUE,0.9,"exclusion",0.95,0.1,0.166666666666667,0.1,0.0791666666666666,-0.0583333333333333,0.0791666666666666,0.0833333333333333,TRUE,0.00416666666666667,"2026-08-04","Goal 3 PBE-UD analytical rederivation"
8,7,5,4,3,0.2,0.05,0.9,0.9,0.95,0.0285714285714286,0.885714285714286,0.112142857142857,0.0142857142857143,TRUE,TRUE,0.885714285714286,"exclusion",0.95,0.1,0.171428571428571,0.1,0.0787142857142857,-0.0628571428571429,0.0787142857142857,0.0828571428571428,TRUE,0.00414285714285714,"2026-08-04","Goal 3 PBE-UD analytical rederivation"
9,8,5,4,3,0.2,0.05,0.9,0.9,0.95,0.025,0.9,0.11,0.025,TRUE,TRUE,0.9,"exclusion",0.95,0.1,0.175,0.1,0.078375,-0.06625,0.078375,0.0825,TRUE,0.004125,"2026-08-04","Goal 3 PBE-UD analytical rederivation"
10,9,6,5,4,0.2,0.05,0.9,0.9,0.95,0.0222222222222222,0.888888888888889,0.106111111111111,0.0111111111111111,TRUE,TRUE,0.888888888888889,"exclusion",0.95,0.1,0.177777777777778,0.1,0.0781111111111111,-0.0688888888888889,0.0781111111111111,0.0822222222222222,TRUE,0.00411111111111111,"2026-08-04","Goal 3 PBE-UD analytical rederivation"
3,2,2,1,0,0.5,0.05,0.9,0.9,0.95,0.25,0.75,0.32,0.1,TRUE,TRUE,0.75,"exclusion",0.95,0.1,0.25,0.1,0.07125,-0.1375,0.07125,0.075,TRUE,0.00375,"2026-08-04","Goal 3 PBE-UD analytical rederivation"
4,3,3,2,1,0.5,0.05,0.9,0.9,0.95,0.166666666666667,0.666666666666667,0.228333333333333,-0.0666666666666667,TRUE,TRUE,0.666666666666667,"exclusion",0.95,0.1,0.333333333333333,0.1,0.0633333333333333,-0.216666666666667,0.0633333333333333,0.0666666666666667,TRUE,0.00333333333333333,"2026-08-04","Goal 3 PBE-UD analytical rederivation"
5,4,3,2,1,0.5,0.05,0.9,0.9,0.95,0.125,0.75,0.195,-0.025,TRUE,TRUE,0.75,"exclusion",0.95,0.1,0.375,0.1,0.059375,-0.25625,0.059375,0.0625,TRUE,0.003125,"2026-08-04","Goal 3 PBE-UD analytical rederivation"
6,5,4,3,2,0.5,0.05,0.9,0.9,0.95,0.1,0.7,0.165,-0.1,TRUE,TRUE,0.7,"exclusion",0.95,0.1,0.4,0.1,0.057,-0.28,0.057,0.06,TRUE,0.003,"2026-08-04","Goal 3 PBE-UD analytical rederivation"
7,6,4,3,2,0.5,0.05,0.9,0.9,0.95,0.0833333333333333,0.75,0.153333333333333,-0.0666666666666667,TRUE,TRUE,0.75,"exclusion",0.95,0.1,0.416666666666667,0.1,0.0554166666666666,-0.295833333333333,0.0554166666666666,0.0583333333333333,TRUE,0.00291666666666668,"2026-08-04","Goal 3 PBE-UD analytical rederivation"
8,7,5,4,3,0.5,0.05,0.9,0.9,0.95,0.0714285714285714,0.714285714285714,0.137857142857143,-0.114285714285714,TRUE,TRUE,0.714285714285714,"exclusion",0.95,0.1,0.428571428571429,0.1,0.0542857142857143,-0.307142857142857,0.0542857142857143,0.0571428571428571,TRUE,0.00285714285714286,"2026-08-04","Goal 3 PBE-UD analytical rederivation"
9,8,5,4,3,0.5,0.05,0.9,0.9,0.95,0.0625,0.75,0.1325,-0.0875,TRUE,TRUE,0.75,"exclusion",0.95,0.1,0.4375,0.1,0.0534375,-0.315625,0.0534375,0.05625,TRUE,0.0028125,"2026-08-04","Goal 3 PBE-UD analytical rederivation"
10,9,6,5,4,0.5,0.05,0.9,0.9,0.95,0.0555555555555556,0.722222222222222,0.122777777777778,-0.122222222222222,TRUE,TRUE,0.722222222222222,"exclusion",0.95,0.1,0.444444444444444,0.1,0.0527777777777778,-0.322222222222222,0.0527777777777778,0.0555555555555555,TRUE,0.00277777777777778,"2026-08-04","Goal 3 PBE-UD analytical rederivation"
3,2,2,1,0,0.9,0.05,0.9,0.9,0.95,0.45,0.55,0.5,0.1,TRUE,TRUE,0.55,"exclusion",0.95,0.1,0.45,0.1,0.05225,-0.3275,0.05225,0.055,TRUE,0.00275,"2026-08-04","Goal 3 PBE-UD analytical rederivation"
4,3,3,2,1,0.9,0.05,0.9,0.9,0.95,0.3,0.4,0.335,-0.2,TRUE,TRUE,0.4,"exclusion",0.95,0.1,0.6,0.1,0.038,-0.47,0.038,0.04,TRUE,0.002,"2026-08-04","Goal 3 PBE-UD analytical rederivation"
5,4,3,2,1,0.9,0.05,0.9,0.9,0.95,0.225,0.55,0.275,-0.125,TRUE,TRUE,0.55,"exclusion",0.95,0.1,0.675,0.1,0.030875,-0.54125,0.030875,0.0325,TRUE,0.001625,"2026-08-04","Goal 3 PBE-UD analytical rederivation"
6,5,4,3,2,0.9,0.05,0.9,0.9,0.95,0.18,0.46,0.221,-0.26,TRUE,TRUE,0.46,"exclusion",0.95,0.1,0.72,0.1,0.0266,-0.584,0.0266,0.028,TRUE,0.0014,"2026-08-04","Goal 3 PBE-UD analytical rederivation"
7,6,4,3,2,0.9,0.05,0.9,0.9,0.95,0.15,0.55,0.2,-0.2,TRUE,TRUE,0.55,"exclusion",0.95,0.1,0.75,0.1,0.02375,-0.6125,0.02375,0.025,TRUE,0.00125,"2026-08-04","Goal 3 PBE-UD analytical rederivation"
8,7,5,4,3,0.9,0.05,0.9,0.9,0.95,0.128571428571429,0.485714285714286,0.172142857142857,-0.285714285714286,TRUE,TRUE,0.485714285714286,"exclusion",0.95,0.1,0.771428571428571,0.1,0.0217142857142857,-0.632857142857143,0.0217142857142857,0.0228571428571429,TRUE,0.00114285714285715,"2026-08-04","Goal 3 PBE-UD analytical rederivation"
9,8,5,4,3,0.9,0.05,0.9,0.9,0.95,0.1125,0.55,0.1625,-0.2375,TRUE,TRUE,0.55,"exclusion",0.95,0.1,0.7875,0.1,0.0201875,-0.648125,0.0201875,0.02125,TRUE,0.00106249999999999,"2026-08-04","Goal 3 PBE-UD analytical rederivation"
10,9,6,5,4,0.9,0.05,0.9,0.9,0.95,0.1,0.5,0.145,-0.3,TRUE,TRUE,0.5,"exclusion",0.95,0.1,0.8,0.1,0.019,-0.66,0.019,0.02,TRUE,0.001,"2026-08-04","Goal 3 PBE-UD analytical rederivation"
3,2,2,1,0,0.2,0.2,0.9,0.9,0.95,0.1,0.9,0.17,0.1,TRUE,TRUE,0.9,"exclusion",0.8,0.1,0.1,0.1,0.072,0.02,0.072,0.09,TRUE,0.018,"2026-08-04","Goal 3 PBE-UD analytical rederivation"
4,3,3,2,1,0.2,0.2,0.9,0.9,0.95,0.0666666666666667,0.866666666666667,0.133333333333333,0.0333333333333333,TRUE,TRUE,0.866666666666667,"exclusion",0.8,0.1,0.133333333333333,0.1,0.0693333333333333,-0.0066666666666667,0.0693333333333333,0.0866666666666666,TRUE,0.0173333333333333,"2026-08-04","Goal 3 PBE-UD analytical rederivation"
5,4,3,2,1,0.2,0.2,0.9,0.9,0.95,0.05,0.9,0.12,0.05,TRUE,TRUE,0.9,"exclusion",0.8,0.1,0.15,0.1,0.068,-0.02,0.068,0.085,TRUE,0.017,"2026-08-04","Goal 3 PBE-UD analytical rederivation"
6,5,4,3,2,0.2,0.2,0.9,0.9,0.95,0.04,0.88,0.108,0.02,TRUE,TRUE,0.88,"exclusion",0.8,0.1,0.16,0.1,0.0672,-0.028,0.0672,0.084,TRUE,0.0168,"2026-08-04","Goal 3 PBE-UD analytical rederivation"
7,6,4,3,2,0.2,0.2,0.9,0.9,0.95,0.0333333333333333,0.9,0.103333333333333,0.0333333333333333,TRUE,TRUE,0.9,"exclusion",0.8,0.1,0.166666666666667,0.1,0.0666666666666667,-0.0333333333333334,0.0666666666666667,0.0833333333333333,TRUE,0.0166666666666667,"2026-08-04","Goal 3 PBE-UD analytical rederivation"
8,7,5,4,3,0.2,0.2,0.9,0.9,0.95,0.0285714285714286,0.885714285714286,0.0971428571428571,0.0142857142857143,TRUE,TRUE,0.885714285714286,"exclusion",0.8,0.1,0.171428571428571,0.1,0.0662857142857143,-0.0371428571428572,0.0662857142857143,0.0828571428571428,TRUE,0.0165714285714286,"2026-08-04","Goal 3 PBE-UD analytical rederivation"
9,8,5,4,3,0.2,0.2,0.9,0.9,0.95,0.025,0.9,0.095,0.025,TRUE,TRUE,0.9,"exclusion",0.8,0.1,0.175,0.1,0.066,-0.04,0.066,0.0825,TRUE,0.0165,"2026-08-04","Goal 3 PBE-UD analytical rederivation"
10,9,6,5,4,0.2,0.2,0.9,0.9,0.95,0.0222222222222222,0.888888888888889,0.0911111111111111,0.0111111111111111,TRUE,TRUE,0.888888888888889,"exclusion",0.8,0.1,0.177777777777778,0.1,0.0657777777777778,-0.0422222222222222,0.0657777777777778,0.0822222222222222,TRUE,0.0164444444444444,"2026-08-04","Goal 3 PBE-UD analytical rederivation"
3,2,2,1,0,0.5,0.2,0.9,0.9,0.95,0.25,0.75,0.305,0.1,TRUE,TRUE,0.75,"exclusion",0.8,0.1,0.25,0.1,0.06,-0.1,0.06,0.075,TRUE,0.015,"2026-08-04","Goal 3 PBE-UD analytical rederivation"
4,3,3,2,1,0.5,0.2,0.9,0.9,0.95,0.166666666666667,0.666666666666667,0.213333333333333,-0.0666666666666667,TRUE,TRUE,0.666666666666667,"exclusion",0.8,0.1,0.333333333333333,0.1,0.0533333333333333,-0.166666666666667,0.0533333333333333,0.0666666666666667,TRUE,0.0133333333333333,"2026-08-04","Goal 3 PBE-UD analytical rederivation"
5,4,3,2,1,0.5,0.2,0.9,0.9,0.95,0.125,0.75,0.18,-0.025,TRUE,TRUE,0.75,"exclusion",0.8,0.1,0.375,0.1,0.05,-0.2,0.05,0.0625,TRUE,0.0125,"2026-08-04","Goal 3 PBE-UD analytical rederivation"
6,5,4,3,2,0.5,0.2,0.9,0.9,0.95,0.1,0.7,0.15,-0.1,TRUE,TRUE,0.7,"exclusion",0.8,0.1,0.4,0.1,0.048,-0.22,0.048,0.06,TRUE,0.012,"2026-08-04","Goal 3 PBE-UD analytical rederivation"
7,6,4,3,2,0.5,0.2,0.9,0.9,0.95,0.0833333333333333,0.75,0.138333333333333,-0.0666666666666667,TRUE,TRUE,0.75,"exclusion",0.8,0.1,0.416666666666667,0.1,0.0466666666666667,-0.233333333333333,0.0466666666666667,0.0583333333333333,TRUE,0.0116666666666667,"2026-08-04","Goal 3 PBE-UD analytical rederivation"
8,7,5,4,3,0.5,0.2,0.9,0.9,0.95,0.0714285714285714,0.714285714285714,0.122857142857143,-0.114285714285714,TRUE,TRUE,0.714285714285714,"exclusion",0.8,0.1,0.428571428571429,0.1,0.0457142857142857,-0.242857142857143,0.0457142857142857,0.0571428571428571,TRUE,0.0114285714285714,"2026-08-04","Goal 3 PBE-UD analytical rederivation"
9,8,5,4,3,0.5,0.2,0.9,0.9,0.95,0.0625,0.75,0.1175,-0.0875,TRUE,TRUE,0.75,"exclusion",0.8,0.1,0.4375,0.1,0.045,-0.25,0.045,0.05625,TRUE,0.01125,"2026-08-04","Goal 3 PBE-UD analytical rederivation"
10,9,6,5,4,0.5,0.2,0.9,0.9,0.95,0.0555555555555556,0.722222222222222,0.107777777777778,-0.122222222222222,TRUE,TRUE,0.722222222222222,"exclusion",0.8,0.1,0.444444444444444,0.1,0.0444444444444444,-0.255555555555556,0.0444444444444444,0.0555555555555555,TRUE,0.0111111111111111,"2026-08-04","Goal 3 PBE-UD analytical rederivation"
3,2,2,1,0,0.9,0.2,0.9,0.9,0.95,0.45,0.55,0.485,0.1,TRUE,TRUE,0.55,"exclusion",0.8,0.1,0.45,0.1,0.044,-0.26,0.044,0.055,TRUE,0.011,"2026-08-04","Goal 3 PBE-UD analytical rederivation"
4,3,3,2,1,0.9,0.2,0.9,0.9,0.95,0.3,0.4,0.32,-0.2,TRUE,TRUE,0.4,"exclusion",0.8,0.1,0.6,0.1,0.032,-0.38,0.032,0.04,TRUE,0.008,"2026-08-04","Goal 3 PBE-UD analytical rederivation"
5,4,3,2,1,0.9,0.2,0.9,0.9,0.95,0.225,0.55,0.26,-0.125,TRUE,TRUE,0.55,"exclusion",0.8,0.1,0.675,0.1,0.026,-0.44,0.026,0.0325,TRUE,0.0065,"2026-08-04","Goal 3 PBE-UD analytical rederivation"
6,5,4,3,2,0.9,0.2,0.9,0.9,0.95,0.18,0.46,0.206,-0.26,TRUE,TRUE,0.46,"exclusion",0.8,0.1,0.72,0.1,0.0224,-0.476,0.0224,0.028,TRUE,0.0056,"2026-08-04","Goal 3 PBE-UD analytical rederivation"
7,6,4,3,2,0.9,0.2,0.9,0.9,0.95,0.15,0.55,0.185,-0.2,TRUE,TRUE,0.55,"exclusion",0.8,0.1,0.75,0.1,0.02,-0.5,0.02,0.025,TRUE,0.005,"2026-08-04","Goal 3 PBE-UD analytical rederivation"
8,7,5,4,3,0.9,0.2,0.9,0.9,0.95,0.128571428571429,0.485714285714286,0.157142857142857,-0.285714285714286,TRUE,TRUE,0.485714285714286,"exclusion",0.8,0.1,0.771428571428571,0.1,0.0182857142857143,-0.517142857142857,0.0182857142857143,0.0228571428571429,TRUE,0.00457142857142857,"2026-08-04","Goal 3 PBE-UD analytical rederivation"
9,8,5,4,3,0.9,0.2,0.9,0.9,0.95,0.1125,0.55,0.1475,-0.2375,TRUE,TRUE,0.55,"exclusion",0.8,0.1,0.7875,0.1,0.017,-0.53,0.017,0.02125,TRUE,0.00424999999999999,"2026-08-04","Goal 3 PBE-UD analytical rederivation"
10,9,6,5,4,0.9,0.2,0.9,0.9,0.95,0.1,0.5,0.13,-0.3,TRUE,TRUE,0.5,"exclusion",0.8,0.1,0.8,0.1,0.016,-0.54,0.016,0.02,TRUE,0.004,"2026-08-04","Goal 3 PBE-UD analytical rederivation"
3,2,2,1,0,0.2,0.5,0.9,0.9,0.95,0.1,0.9,0.14,0.1,TRUE,TRUE,0.9,"exclusion",0.5,0.1,0.1,0.1,0.045,0.05,0.05,0.09,TRUE,0.04,"2026-08-04","Goal 3 PBE-UD analytical rederivation"
4,3,3,2,1,0.2,0.5,0.9,0.9,0.95,0.0666666666666667,0.866666666666667,0.103333333333333,0.0333333333333333,TRUE,TRUE,0.866666666666667,"exclusion",0.5,0.1,0.133333333333333,0.1,0.0433333333333333,0.0333333333333333,0.0433333333333333,0.0866666666666666,TRUE,0.0433333333333333,"2026-08-04","Goal 3 PBE-UD analytical rederivation"
5,4,3,2,1,0.2,0.5,0.9,0.9,0.95,0.05,0.9,0.09,0.05,TRUE,TRUE,0.9,"exclusion",0.5,0.1,0.15,0.1,0.0425,0.025,0.0425,0.085,TRUE,0.0425,"2026-08-04","Goal 3 PBE-UD analytical rederivation"
6,5,4,3,2,0.2,0.5,0.9,0.9,0.95,0.04,0.88,0.078,0.02,TRUE,TRUE,0.88,"exclusion",0.5,0.1,0.16,0.1,0.042,0.02,0.042,0.084,TRUE,0.042,"2026-08-04","Goal 3 PBE-UD analytical rederivation"
7,6,4,3,2,0.2,0.5,0.9,0.9,0.95,0.0333333333333333,0.9,0.0733333333333333,0.0333333333333333,TRUE,TRUE,0.9,"exclusion",0.5,0.1,0.166666666666667,0.1,0.0416666666666667,0.0166666666666666,0.0416666666666667,0.0833333333333333,TRUE,0.0416666666666667,"2026-08-04","Goal 3 PBE-UD analytical rederivation"
8,7,5,4,3,0.2,0.5,0.9,0.9,0.95,0.0285714285714286,0.885714285714286,0.0671428571428571,0.0142857142857143,TRUE,TRUE,0.885714285714286,"exclusion",0.5,0.1,0.171428571428571,0.1,0.0414285714285714,0.0142857142857142,0.0414285714285714,0.0828571428571428,TRUE,0.0414285714285714,"2026-08-04","Goal 3 PBE-UD analytical rederivation"
9,8,5,4,3,0.2,0.5,0.9,0.9,0.95,0.025,0.9,0.065,0.025,TRUE,TRUE,0.9,"exclusion",0.5,0.1,0.175,0.1,0.04125,0.0125,0.04125,0.0825,TRUE,0.04125,"2026-08-04","Goal 3 PBE-UD analytical rederivation"
10,9,6,5,4,0.2,0.5,0.9,0.9,0.95,0.0222222222222222,0.888888888888889,0.0611111111111111,0.0111111111111111,TRUE,TRUE,0.888888888888889,"exclusion",0.5,0.1,0.177777777777778,0.1,0.0411111111111111,0.0111111111111111,0.0411111111111111,0.0822222222222222,TRUE,0.0411111111111111,"2026-08-04","Goal 3 PBE-UD analytical rederivation"
3,2,2,1,0,0.5,0.5,0.9,0.9,0.95,0.25,0.75,0.275,0.1,TRUE,TRUE,0.75,"exclusion",0.5,0.1,0.25,0.1,0.0375,-0.025,0.0375,0.075,TRUE,0.0375,"2026-08-04","Goal 3 PBE-UD analytical rederivation"
4,3,3,2,1,0.5,0.5,0.9,0.9,0.95,0.166666666666667,0.666666666666667,0.183333333333333,-0.0666666666666667,TRUE,TRUE,0.666666666666667,"exclusion",0.5,0.1,0.333333333333333,0.1,0.0333333333333333,-0.0666666666666667,0.0333333333333333,0.0666666666666667,TRUE,0.0333333333333333,"2026-08-04","Goal 3 PBE-UD analytical rederivation"
5,4,3,2,1,0.5,0.5,0.9,0.9,0.95,0.125,0.75,0.15,-0.025,TRUE,TRUE,0.75,"exclusion",0.5,0.1,0.375,0.1,0.03125,-0.0875,0.03125,0.0625,TRUE,0.03125,"2026-08-04","Goal 3 PBE-UD analytical rederivation"
6,5,4,3,2,0.5,0.5,0.9,0.9,0.95,0.1,0.7,0.12,-0.1,TRUE,TRUE,0.7,"exclusion",0.5,0.1,0.4,0.1,0.03,-0.1,0.03,0.06,TRUE,0.03,"2026-08-04","Goal 3 PBE-UD analytical rederivation"
7,6,4,3,2,0.5,0.5,0.9,0.9,0.95,0.0833333333333333,0.75,0.108333333333333,-0.0666666666666667,TRUE,TRUE,0.75,"exclusion",0.5,0.1,0.416666666666667,0.1,0.0291666666666667,-0.108333333333333,0.0291666666666667,0.0583333333333333,TRUE,0.0291666666666667,"2026-08-04","Goal 3 PBE-UD analytical rederivation"
8,7,5,4,3,0.5,0.5,0.9,0.9,0.95,0.0714285714285714,0.714285714285714,0.0928571428571428,-0.114285714285714,TRUE,TRUE,0.714285714285714,"exclusion",0.5,0.1,0.428571428571429,0.1,0.0285714285714286,-0.114285714285714,0.0285714285714286,0.0571428571428571,TRUE,0.0285714285714286,"2026-08-04","Goal 3 PBE-UD analytical rederivation"
9,8,5,4,3,0.5,0.5,0.9,0.9,0.95,0.0625,0.75,0.0875,-0.0875,TRUE,TRUE,0.75,"exclusion",0.5,0.1,0.4375,0.1,0.028125,-0.11875,0.028125,0.05625,TRUE,0.028125,"2026-08-04","Goal 3 PBE-UD analytical rederivation"
10,9,6,5,4,0.5,0.5,0.9,0.9,0.95,0.0555555555555556,0.722222222222222,0.0777777777777778,-0.122222222222222,TRUE,TRUE,0.722222222222222,"exclusion",0.5,0.1,0.444444444444444,0.1,0.0277777777777778,-0.122222222222222,0.0277777777777778,0.0555555555555555,TRUE,0.0277777777777778,"2026-08-04","Goal 3 PBE-UD analytical rederivation"
3,2,2,1,0,0.9,0.5,0.9,0.9,0.95,0.45,0.55,0.455,0.1,TRUE,TRUE,0.55,"exclusion",0.5,0.1,0.45,0.1,0.0275,-0.125,0.0275,0.055,TRUE,0.0275,"2026-08-04","Goal 3 PBE-UD analytical rederivation"
4,3,3,2,1,0.9,0.5,0.9,0.9,0.95,0.3,0.4,0.29,-0.2,TRUE,TRUE,0.4,"exclusion",0.5,0.1,0.6,0.1,0.02,-0.2,0.02,0.04,TRUE,0.02,"2026-08-04","Goal 3 PBE-UD analytical rederivation"
5,4,3,2,1,0.9,0.5,0.9,0.9,0.95,0.225,0.55,0.23,-0.125,TRUE,TRUE,0.55,"exclusion",0.5,0.1,0.675,0.1,0.01625,-0.2375,0.01625,0.0325,TRUE,0.01625,"2026-08-04","Goal 3 PBE-UD analytical rederivation"
6,5,4,3,2,0.9,0.5,0.9,0.9,0.95,0.18,0.46,0.176,-0.26,TRUE,TRUE,0.46,"exclusion",0.5,0.1,0.72,0.1,0.014,-0.26,0.014,0.028,TRUE,0.014,"2026-08-04","Goal 3 PBE-UD analytical rederivation"
7,6,4,3,2,0.9,0.5,0.9,0.9,0.95,0.15,0.55,0.155,-0.2,TRUE,TRUE,0.55,"exclusion",0.5,0.1,0.75,0.1,0.0125,-0.275,0.0125,0.025,TRUE,0.0125,"2026-08-04","Goal 3 PBE-UD analytical rederivation"
8,7,5,4,3,0.9,0.5,0.9,0.9,0.95,0.128571428571429,0.485714285714286,0.127142857142857,-0.285714285714286,TRUE,TRUE,0.485714285714286,"exclusion",0.5,0.1,0.771428571428571,0.1,0.0114285714285714,-0.285714285714286,0.0114285714285714,0.0228571428571429,TRUE,0.0114285714285714,"2026-08-04","Goal 3 PBE-UD analytical rederivation"
9,8,5,4,3,0.9,0.5,0.9,0.9,0.95,0.1125,0.55,0.1175,-0.2375,TRUE,TRUE,0.55,"exclusion",0.5,0.1,0.7875,0.1,0.010625,-0.29375,0.010625,0.02125,TRUE,0.010625,"2026-08-04","Goal 3 PBE-UD analytical rederivation"
10,9,6,5,4,0.9,0.5,0.9,0.9,0.95,0.1,0.5,0.1,-0.3,TRUE,TRUE,0.5,"exclusion",0.5,0.1,0.8,0.1,0.01,-0.3,0.01,0.02,TRUE,0.01,"2026-08-04","Goal 3 PBE-UD analytical rederivation"
